volt_V,accelerator_pedal_pct,payload_kg,motor_rpm,charger_connected,min_single_volt_V,hvac_active,soc_pct,max_single_volt_V,avg_speed_kmh,current_A,nominal_capacity_Ah,vehicle_name,regenerative_braking_Ah,timestamp_s,brake_pedal_pct,id_segment,min_temp_C,mileage_km,id,actual_max_capacity_Ah,label,max_temp_C,gear_position,car_model,car_id
394.793,45.0,41.55,850.0,0,3.795,1,67.66,3.815,12.5,85.4,185.0,EV_107,0.0,760,0.0,DR862144_7,51.78,78797.27,DR862144,176.27,0.0,52.21,D,SimuProB-2,EV_107
394.238,0.0,41.55,300.0,0,3.797,1,67.66,3.817,4.2,-25.6,185.0,EV_107,0.008,770,35.0,DR862144_7,51.81,78797.29,DR862144,176.27,0.0,52.25,D,SimuProB-2,EV_107
395.039,25.0,41.55,550.0,0,3.799,1,67.66,3.819,8.0,12.8,185.0,EV_107,0.0,780,0.0,DR862144_7,51.84,78797.31,DR862144,176.27,0.0,52.28,D,SimuProB-2,EV_107
394.054,35.0,41.55,1250.0,0,3.792,1,67.64,3.814,18.5,45.2,185.0,EV_107,0.0,790,0.0,DR862144_7,51.88,78797.36,DR862144,176.27,0.0,52.35,D,SimuProB-2,EV_107
394.728,0.0,41.55,400.0,0,3.802,1,67.64,3.822,6.0,-32.5,185.0,EV_107,0.015,800,65.0,DR862144_7,51.95,78797.38,DR862144,176.27,0.0,52.42,D,SimuProB-2,EV_107
394.811,55.0,41.55,1500.0,0,3.796,1,67.63,3.816,22.0,65.8,185.0,EV_107,0.0,810,0.0,DR862144_7,52.02,78797.44,DR862144,176.27,0.0,52.5,D,SimuProB-2,EV_107
391.48,45.0,41.55,2150.0,0,3.788,1,67.61,3.808,32.5,85.4,185.0,EV_107,0.0,820,0.0,DR862144_7,52.14,78797.53,DR862144,176.27,0.0,52.62,D,SimuProB-2,EV_107
389.925,50.0,41.55,2520.0,0,3.784,1,67.6,3.812,38.0,92.1,185.0,EV_107,0.0,830,0.0,DR862144_7,52.28,78797.64,DR862144,176.27,0.0,52.75,D,SimuProB-2,EV_107
393.995,0.0,41.55,800.0,0,3.805,1,67.6,3.825,12.0,-28.5,185.0,EV_107,0.012,840,45.0,DR862144_7,52.35,78797.67,DR862144,176.27,0.0,52.82,D,SimuProB-2,EV_107
387.606,60.0,41.55,3000.0,0,3.782,1,67.57,3.805,45.0,105.2,185.0,EV_107,0.0,850,0.0,DR862144_7,52.48,78797.79,DR862144,176.27,0.0,52.95,D,SimuProB-2,EV_107
389.936,0.0,41.55,1200.0,0,3.808,1,67.57,3.828,18.0,-35.8,185.0,EV_107,0.022,860,55.0,DR862144_7,52.62,78797.85,DR862144,176.27,0.0,53.08,D,SimuProB-2,EV_107
395.762,5.0,41.55,120.0,0,3.812,1,67.56,3.832,2.0,4.5,185.0,EV_107,0.0,870,10.0,DR862144_7,52.7,78797.85,DR862144,176.27,0.0,53.15,D,SimuProB-2,EV_107
385.419,75.0,41.55,3850.0,0,3.78,1,67.55,3.808,55.0,115.3,185.0,EV_107,0.0,880,0.0,DR862144_7,52.78,78798.0,DR862144,176.27,0.0,53.22,D,SimuProB-2,EV_107
398.212,0.0,41.55,1000.0,0,3.815,1,67.54,3.835,15.0,-38.5,185.0,EV_107,0.025,890,60.0,DR862144_7,52.82,78798.04,DR862144,176.27,0.0,53.25,D,SimuProB-2,EV_107
388.542,45.0,41.55,2100.0,0,3.79,1,67.53,3.815,32.0,85.6,185.0,EV_107,0.0,900,0.0,DR862144_7,52.9,78798.13,DR862144,176.27,0.0,53.35,D,SimuProB-2,EV_107
372.345,65.0,41.55,3200.0,0,3.78,1,67.51,3.81,48.0,145.2,185.0,EV_107,0.0,910,0.0,DR862144_7,52.98,78798.26,DR862144,176.27,0.0,53.42,D,SimuProB-2,EV_107
395.689,0.0,41.55,800.0,0,3.818,1,67.49,3.838,12.0,-28.5,185.0,EV_107,0.024,920,65.0,DR862144_7,53.05,78798.3,DR862144,176.27,0.0,53.48,D,SimuProB-2,EV_107
382.846,40.0,41.55,1850.0,0,3.785,1,67.47,3.812,28.0,95.4,185.0,EV_107,0.0,930,0.0,DR862144_7,53.12,78798.37,DR862144,176.27,0.0,53.55,D,SimuProB-2,EV_107
390.109,35.0,41.55,1450.0,0,3.795,1,67.44,3.822,22.0,75.3,185.0,EV_107,0.0,940,0.0,DR862144_7,53.25,78798.43,DR862144,176.27,0.0,53.68,D,SimuProB-2,EV_107
385.4,55.0,41.55,2450.0,0,3.801,1,67.44,3.828,38.0,110.5,185.0,EV_107,0.0,950,0.0,DR862144_7,53.32,78798.54,DR862144,176.27,0.0,53.75,D,SimuProB-2,EV_107
375.664,70.0,41.55,3400.0,0,3.805,1,67.41,3.835,52.0,155.2,185.0,EV_107,0.0,960,0.0,DR862144_7,53.42,78798.68,DR862144,176.27,0.0,53.85,D,SimuProB-2,EV_107
378.09,60.0,41.55,2950.0,0,3.812,1,67.4,3.842,45.0,125.4,185.0,EV_107,0.0,970,0.0,DR862144_7,53.55,78798.8,DR862144,176.27,0.0,53.92,D,SimuProB-2,EV_107
388.29,0.0,41.55,1150.0,0,3.825,1,67.37,3.855,18.0,-32.8,185.0,EV_107,0.022,980,55.0,DR862144_7,53.58,78798.85,DR862144,176.27,0.0,53.95,D,SimuProB-2,EV_107
397.186,5.0,41.55,500.0,0,3.815,1,67.36,3.835,8.0,5.2,185.0,EV_107,0.0,990,15.0,DR862144_7,53.62,78798.88,DR862144,176.27,0.0,53.98,D,SimuProB-2,EV_107
382.863,30.0,41.55,1400.0,0,3.82,1,67.35,3.845,22.0,45.2,185.0,EV_107,0.0,1000,0.0,DR862144_7,53.65,78798.94,DR862144,176.27,0.0,54.01,D,SimuProB-2,EV_107
376.432,45.0,41.55,2200.0,0,3.818,1,67.33,3.85,35.0,95.6,185.0,EV_107,0.0,1010,0.0,DR862144_7,53.7,78799.04,DR862144,176.27,0.0,54.08,D,SimuProB-2,EV_107
368.238,65.0,41.55,3300.0,0,3.808,1,67.3,3.858,50.0,145.3,185.0,EV_107,0.0,1020,0.0,DR862144_7,53.78,78799.18,DR862144,176.27,0.0,54.18,D,SimuProB-2,EV_107
372.896,55.0,41.55,3000.0,0,3.815,1,67.27,3.862,45.0,110.5,185.0,EV_107,0.0,1030,0.0,DR862144_7,53.82,78799.3,DR862144,176.27,0.0,54.25,D,SimuProB-2,EV_107
391.126,0.0,41.55,900.0,0,3.832,1,67.26,3.868,15.0,-25.4,185.0,EV_107,0.025,1040,60.0,DR862144_7,53.88,78799.35,DR862144,176.27,0.0,54.32,D,SimuProB-2,EV_107
398.846,15.0,41.55,700.0,0,3.822,1,67.26,3.845,12.0,12.8,185.0,EV_107,0.0,1050,5.0,DR862144_7,53.92,78799.38,DR862144,176.27,0.0,54.38,D,SimuProB-2,EV_107
373.918,30.0,41.55,1600.0,0,3.825,1,67.23,3.852,25.0,45.2,185.0,EV_107,0.0,1060,0.0,DR862144_7,53.95,78799.45,DR862144,176.27,0.0,54.45,D,SimuProB-2,EV_107
362.434,60.0,41.55,2700.0,0,3.812,1,67.23,3.865,42.0,135.6,185.0,EV_107,0.0,1070,0.0,DR862144_7,54.05,78799.57,DR862144,176.27,0.0,54.58,D,SimuProB-2,EV_107
385.63,0.0,41.55,1100.0,0,3.835,1,67.23,3.858,18.0,-18.5,185.0,EV_107,0.022,1080,45.0,DR862144_7,54.1,78799.62,DR862144,176.27,0.0,54.62,D,SimuProB-2,EV_107
405.447,10.0,41.55,750.0,0,3.828,1,67.21,3.845,12.0,8.5,185.0,EV_107,0.0,1090,0.0,DR862144_7,54.15,78799.65,DR862144,176.27,0.0,54.68,D,SimuProB-2,EV_107
388.041,35.0,41.55,2000.0,0,3.83,1,67.2,3.855,32.0,55.3,185.0,EV_107,0.0,1100,0.0,DR862144_7,54.2,78799.74,DR862144,176.27,0.0,54.75,D,SimuProB-2,EV_107
366.224,65.0,41.55,3200.0,0,3.815,1,67.18,3.87,48.0,142.7,185.0,EV_107,0.0,1110,0.0,DR862144_7,54.32,78799.88,DR862144,176.27,0.0,54.88,D,SimuProB-2,EV_107
345.293,75.0,41.55,3800.0,0,3.798,1,67.13,3.885,55.0,185.4,185.0,EV_107,0.0,1120,0.0,DR862144_7,54.52,78800.03,DR862144,176.27,0.0,55.05,D,SimuProB-2,EV_107
372.962,0.0,41.55,1050.0,0,3.835,1,67.13,3.872,15.0,-35.2,185.0,EV_107,0.028,1130,65.0,DR862144_7,54.68,78800.07,DR862144,176.27,0.0,55.12,D,SimuProB-2,EV_107
398.829,0.0,41.55,0.0,0,3.842,1,67.12,3.855,0.0,5.8,185.0,EV_107,0.0,1140,85.0,DR862144_7,54.75,78800.07,DR862144,176.27,0.0,55.18,D,SimuProB-2,EV_107
392.417,25.0,41.55,550.0,0,3.845,1,67.1,3.868,12.5,42.5,185.0,EV_107,0.0,1150,0.0,DR862144_7,54.78,78800.1,DR862144,176.27,0.0,55.22,D,SimuProB-2,EV_107
385.216,45.0,41.55,1650.0,0,3.838,1,67.1,3.875,28.0,68.2,185.0,EV_107,0.0,1160,0.0,DR862144_7,54.82,78800.18,DR862144,176.27,0.0,55.28,D,SimuProB-2,EV_107
396.034,0.0,41.55,200.0,0,3.855,1,67.1,3.88,5.0,-12.4,185.0,EV_107,0.015,1170,15.0,DR862144_7,54.85,78800.2,DR862144,176.27,0.0,55.3,D,SimuProB-2,EV_107
394.955,20.0,41.55,900.0,0,3.848,1,67.09,3.878,18.0,12.5,185.0,EV_107,0.0,1180,0.0,DR862144_7,54.9,78800.25,DR862144,176.27,0.0,55.35,D,SimuProB-2,EV_107
390.433,40.0,41.55,2200.0,0,3.842,1,67.07,3.882,35.0,55.8,185.0,EV_107,0.0,1190,0.0,DR862144_7,54.98,78800.35,DR862144,176.27,0.0,55.42,D,SimuProB-2,EV_107
402.252,0.0,41.55,350.0,0,3.865,1,67.06,3.89,8.0,-28.5,185.0,EV_107,0.022,1200,55.0,DR862144_7,55.02,78800.37,DR862144,176.27,0.0,55.45,D,SimuProB-2,EV_107
392.352,30.0,41.55,1500.0,0,3.845,1,67.04,3.885,25.0,45.3,185.0,EV_107,0.0,1210,0.0,DR862144_7,55.08,78800.44,DR862144,176.27,0.0,55.52,D,SimuProB-2,EV_107
388.092,55.0,41.55,2800.0,0,3.84,1,67.03,3.89,42.0,62.8,185.0,EV_107,0.0,1220,0.0,DR862144_7,55.15,78800.56,DR862144,176.27,0.0,55.6,D,SimuProB-2,EV_107
398.971,0.0,41.55,700.0,0,3.86,1,67.01,3.895,12.0,-18.5,185.0,EV_107,0.018,1230,45.0,DR862144_7,55.2,78800.59,DR862144,176.27,0.0,55.65,D,SimuProB-2,EV_107
414.872,35.0,41.55,3200.0,0,3.87,1,66.99,3.905,48.0,18.5,185.0,EV_107,0.0,1240,0.0,DR862144_7,55.28,78800.72,DR862144,176.27,0.0,55.72,D,SimuProB-2,EV_107
385.449,65.0,41.55,1400.0,0,3.835,1,66.98,3.91,22.0,110.4,185.0,EV_107,0.0,1250,0.0,DR862144_7,55.35,78800.78,DR862144,176.27,0.0,55.85,D,SimuProB-2,EV_107
408.506,0.0,41.55,200.0,0,3.875,1,66.97,3.915,5.0,-32.1,185.0,EV_107,0.025,1260,60.0,DR862144_7,55.4,78800.8,DR862144,176.27,0.0,55.9,D,SimuProB-2,EV_107
378.653,70.0,41.55,2400.0,0,3.83,1,66.93,3.912,38.0,145.2,185.0,EV_107,0.0,1270,0.0,DR862144_7,55.55,78800.91,DR862144,176.27,0.0,56.05,D,SimuProB-2,EV_107
405.071,0.0,41.55,900.0,0,3.865,1,66.92,3.918,15.0,-28.5,185.0,EV_107,0.022,0,55.0,DR862144_8,55.6,78800.95,DR862144,176.27,0.0,56.1,D,SimuProB-2,EV_107
392.695,40.0,41.55,1600.0,0,3.85,1,66.91,3.908,25.0,45.8,185.0,EV_107,0.0,10,0.0,DR862144_8,55.65,78801.02,DR862144,176.27,0.0,56.18,D,SimuProB-2,EV_107
396.545,35.0,41.55,2050.0,0,3.855,1,66.9,3.91,32.0,55.0,185.0,EV_107,0.0,20,0.0,DR862144_8,55.72,78801.11,DR862144,176.27,0.0,56.25,D,SimuProB-2,EV_107
388.138,55.0,41.55,2900.0,0,3.845,1,66.88,3.915,45.0,85.5,185.0,EV_107,0.0,30,0.0,DR862144_8,55.8,78801.23,DR862144,176.27,0.0,56.35,D,SimuProB-2,EV_107
404.947,0.0,41.55,750.0,0,3.87,1,66.87,3.92,12.0,-35.0,185.0,EV_107,0.028,40,75.0,DR862144_8,55.88,78801.27,DR862144,176.27,0.0,56.45,D,SimuProB-2,EV_107
394.047,45.0,41.55,2400.0,0,3.862,1,66.85,3.922,38.0,62.3,185.0,EV_107,0.0,50,0.0,DR862144_8,55.95,78801.38,DR862144,176.27,0.0,56.52,D,SimuProB-2,EV_107
390.593,50.0,41.55,3400.0,0,3.858,1,66.82,3.925,52.0,78.5,185.0,EV_107,0.0,60,0.0,DR862144_8,56.08,78801.52,DR862144,176.27,0.0,56.65,D,SimuProB-2,EV_107
401.494,0.0,41.55,1400.0,0,3.875,1,66.82,3.928,22.0,-22.4,185.0,EV_107,0.018,70,45.0,DR862144_8,56.15,78801.58,DR862144,176.27,0.0,56.72,D,SimuProB-2,EV_107
385.736,65.0,41.55,3850.0,0,3.855,1,66.79,3.93,58.0,110.5,185.0,EV_107,0.0,80,0.0,DR862144_8,56.22,78801.74,DR862144,176.27,0.0,56.78,D,SimuProB-2,EV_107
395.371,25.0,41.55,2200.0,0,3.88,1,66.79,3.932,35.0,15.2,185.0,EV_107,0.0,90,0.0,DR862144_8,56.28,78801.84,DR862144,176.27,0.0,56.84,D,SimuProB-2,EV_107
382.485,0.0,41.55,500.0,0,3.86,1,66.78,3.935,8.0,-38.0,185.0,EV_107,0.025,100,85.0,DR862144_8,56.35,78801.86,DR862144,176.27,0.0,56.9,D,SimuProB-2,EV_107
378.442,45.0,41.55,2000.0,0,3.862,1,66.73,3.938,32.0,95.0,185.0,EV_107,0.0,110,0.0,DR862144_8,56.42,78801.95,DR862144,176.27,0.0,56.98,D,SimuProB-2,EV_107
404.781,35.0,41.55,3100.0,0,3.885,1,66.72,3.942,48.0,12.0,185.0,EV_107,0.0,120,0.0,DR862144_8,56.48,78802.08,DR862144,176.27,0.0,57.02,D,SimuProB-2,EV_107
388.227,30.0,41.55,1800.0,0,3.87,1,66.7,3.94,28.0,65.0,185.0,EV_107,0.0,130,0.0,DR862144_8,56.55,78802.16,DR862144,176.27,0.0,57.1,D,SimuProB-2,EV_107
375.458,65.0,41.55,2800.0,0,3.855,1,66.67,3.945,42.0,145.0,185.0,EV_107,0.0,140,0.0,DR862144_8,56.62,78802.28,DR862144,176.27,0.0,57.18,D,SimuProB-2,EV_107
388.365,0.0,41.55,1200.0,0,3.875,1,66.67,3.948,18.0,-32.0,185.0,EV_107,0.022,150,60.0,DR862144_8,56.7,78802.33,DR862144,176.27,0.0,57.25,D,SimuProB-2,EV_107
391.552,15.0,41.55,800.0,0,3.888,1,66.65,3.946,12.0,25.0,185.0,EV_107,0.0,160,0.0,DR862144_8,56.75,78802.36,DR862144,176.27,0.0,57.3,D,SimuProB-2,EV_107
398.64,25.0,41.55,1400.0,0,3.89,1,66.62,3.948,22.0,45.0,185.0,EV_107,0.0,170,0.0,DR862144_8,56.8,78802.42,DR862144,176.27,0.0,57.35,D,SimuProB-2,EV_107
385.488,55.0,41.55,2200.0,0,3.875,1,66.6,3.95,35.0,95.0,185.0,EV_107,0.0,180,0.0,DR862144_8,56.88,78802.52,DR862144,176.27,0.0,57.42,D,SimuProB-2,EV_107
395.68,0.0,41.55,950.0,0,3.895,1,66.57,3.952,15.0,-15.0,185.0,EV_107,0.015,190,45.0,DR862144_8,56.92,78802.56,DR862144,176.27,0.0,57.48,D,SimuProB-2,EV_107
382.01,65.0,41.55,3100.0,0,3.87,1,66.53,3.955,48.0,110.0,185.0,EV_107,0.0,200,0.0,DR862144_8,57.0,78802.69,DR862144,176.27,0.0,57.55,D,SimuProB-2,EV_107
389.741,0.0,41.55,1600.0,0,3.885,1,66.53,3.96,25.0,-25.0,185.0,EV_107,0.018,210,55.0,DR862144_8,57.05,78802.76,DR862144,176.27,0.0,57.6,D,SimuProB-2,EV_107
387.638,40.0,41.55,2000.0,0,3.88,1,66.52,3.958,32.0,65.0,185.0,EV_107,0.0,220,0.0,DR862144_8,57.1,78802.85,DR862144,176.27,0.0,57.68,D,SimuProB-2,EV_107
384.627,50.0,41.55,2700.0,0,3.878,1,66.52,3.958,42.0,85.0,185.0,EV_107,0.0,230,0.0,DR862144_8,57.15,78802.97,DR862144,176.27,0.0,57.75,D,SimuProB-2,EV_107
378.353,75.0,41.55,3400.0,0,3.865,1,66.49,3.962,52.0,145.0,185.0,EV_107,0.0,240,0.0,DR862144_8,57.2,78803.11,DR862144,176.27,0.0,57.82,D,SimuProB-2,EV_107
385.661,0.0,41.55,2450.0,0,3.882,1,66.48,3.96,38.0,-30.0,185.0,EV_107,0.022,250,60.0,DR862144_8,57.25,78803.22,DR862144,176.27,0.0,57.88,D,SimuProB-2,EV_107
392.057,55.0,41.55,3100.0,0,3.89,1,66.48,3.962,48.0,45.0,185.0,EV_107,0.0,260,0.0,DR862144_8,57.32,78803.35,DR862144,176.27,0.0,57.95,D,SimuProB-2,EV_107
388.573,0.0,41.55,2250.0,0,3.895,1,66.47,3.96,35.0,-35.0,185.0,EV_107,0.025,270,75.0,DR862144_8,57.4,78803.45,DR862144,176.27,0.0,58.02,D,SimuProB-2,EV_107
390.06,35.0,41.55,2600.0,0,3.885,1,66.46,3.958,40.0,30.0,185.0,EV_107,0.0,280,0.0,DR862144_8,57.45,78803.56,DR862144,176.27,0.0,58.1,D,SimuProB-2,EV_107
389.582,65.0,41.55,3800.0,0,3.888,1,66.43,3.965,55.0,85.0,185.0,EV_107,0.0,290,0.0,DR862144_8,57.55,78803.71,DR862144,176.27,0.0,58.25,D,SimuProB-2,EV_107
393.475,40.0,41.55,2800.0,0,3.892,1,66.42,3.964,42.0,40.0,185.0,EV_107,0.0,300,0.0,DR862144_8,57.68,78803.83,DR862144,176.27,0.0,58.38,D,SimuProB-2,EV_107
386.454,0.0,41.55,1000.0,0,3.89,1,66.41,3.968,15.0,-25.0,185.0,EV_107,0.018,310,55.0,DR862144_8,57.75,78803.87,DR862144,176.27,0.0,58.5,D,SimuProB-2,EV_107
384.396,25.0,41.55,1600.0,0,3.885,1,66.39,3.962,25.0,45.0,185.0,EV_107,0.0,320,10.0,DR862144_8,57.82,78803.94,DR862144,176.27,0.0,58.58,D,SimuProB-2,EV_107
391.876,15.0,41.55,2100.0,0,3.89,1,66.38,3.965,32.0,12.0,185.0,EV_107,0.0,330,0.0,DR862144_8,57.88,78804.03,DR862144,176.27,0.0,58.65,D,SimuProB-2,EV_107
387.092,55.0,41.55,3200.0,0,3.882,1,66.38,3.96,48.0,65.0,185.0,EV_107,0.0,340,0.0,DR862144_8,57.95,78804.16,DR862144,176.27,0.0,58.75,D,SimuProB-2,EV_107
382.61,65.0,41.55,3600.0,0,3.875,1,66.35,3.965,55.0,120.0,185.0,EV_107,0.0,350,0.0,DR862144_8,58.02,78804.31,DR862144,176.27,0.0,58.85,D,SimuProB-2,EV_107
388.941,0.0,41.55,2400.0,0,3.88,1,66.35,3.968,38.0,-35.0,185.0,EV_107,0.025,360,60.0,DR862144_8,58.08,78804.42,DR862144,176.27,0.0,58.92,D,SimuProB-2,EV_107
394.808,20.0,41.55,1800.0,0,3.888,1,66.33,3.962,28.0,18.0,185.0,EV_107,0.0,370,0.0,DR862144_8,58.12,78804.5,DR862144,176.27,0.0,58.98,D,SimuProB-2,EV_107
391.063,30.0,41.55,2200.0,0,3.885,1,66.3,3.961,35.0,45.0,185.0,EV_107,0.0,380,0.0,DR862144_8,58.18,78804.6,DR862144,176.27,0.0,59.05,D,SimuProB-2,EV_107
385.091,45.0,41.55,2650.0,0,3.878,1,66.29,3.964,42.0,85.0,185.0,EV_107,0.0,390,0.0,DR862144_8,58.25,78804.71,DR862144,176.27,0.0,59.12,D,SimuProB-2,EV_107
393.729,0.0,41.55,1100.0,0,3.882,1,66.28,3.969,18.0,-28.0,185.0,EV_107,0.018,400,45.0,DR862144_8,58.3,78804.76,DR862144,176.27,0.0,59.18,D,SimuProB-2,EV_107
387.673,55.0,41.55,3050.0,0,3.881,1,66.26,3.965,48.0,62.0,185.0,EV_107,0.0,410,0.0,DR862144_8,58.36,78804.89,DR862144,176.27,0.0,59.24,D,SimuProB-2,EV_107
391.699,0.0,41.55,1550.0,0,3.883,1,66.24,3.967,25.0,-22.0,185.0,EV_107,0.015,420,35.0,DR862144_8,58.41,78804.96,DR862144,176.27,0.0,59.28,D,SimuProB-2,EV_107
395.826,10.0,41.55,500.0,0,3.885,1,66.23,3.968,8.0,12.0,185.0,EV_107,0.0,430,5.0,DR862144_8,58.45,78804.98,DR862144,176.27,0.0,59.32,D,SimuProB-2,EV_107
387.771,48.0,41.55,2850.0,0,3.882,1,66.2,3.966,45.0,65.0,185.0,EV_107,0.0,440,0.0,DR862144_8,58.48,78805.1,DR862144,176.27,0.0,59.35,D,SimuProB-2,EV_107
390.225,0.0,41.55,750.0,0,3.884,1,66.2,3.969,12.0,-32.0,185.0,EV_107,0.021,450,55.0,DR862144_8,58.52,78805.14,DR862144,176.27,0.0,59.38,D,SimuProB-2,EV_107
396.868,5.0,41.55,150.0,0,3.886,1,66.2,3.97,3.0,5.0,185.0,EV_107,0.0,460,2.0,DR862144_8,58.55,78805.15,DR862144,176.27,0.0,59.4,D,SimuProB-2,EV_107
392.67,35.0,41.55,1400.0,0,3.885,1,66.17,3.972,22.0,45.0,185.0,EV_107,0.0,470,0.0,DR862144_8,58.57,78805.21,DR862144,176.27,0.0,59.42,D,SimuProB-2,EV_107
384.889,55.0,41.55,2400.0,0,3.881,1,66.16,3.974,38.0,75.0,185.0,EV_107,0.0,480,0.0,DR862144_8,58.61,78805.32,DR862144,176.27,0.0,59.46,D,SimuProB-2,EV_107
395.289,0.0,41.55,950.0,0,3.887,1,66.16,3.975,15.0,-18.0,185.0,EV_107,0.012,490,45.0,DR862144_8,58.64,78805.36,DR862144,176.27,0.0,59.49,D,SimuProB-2,EV_107
396.537,15.0,41.55,600.0,0,3.888,1,66.14,3.976,10.0,12.0,185.0,EV_107,0.0,500,5.0,DR862144_8,58.67,78805.39,DR862144,176.27,0.0,59.52,D,SimuProB-2,EV_107
388.459,45.0,41.55,1750.0,0,3.879,1,66.13,3.978,28.0,65.0,185.0,EV_107,0.0,510,0.0,DR862144_8,58.8,78805.47,DR862144,176.27,0.0,59.65,D,SimuProB-2,EV_107
400.337,0.0,41.55,700.0,0,3.892,1,66.13,3.98,12.0,-25.0,185.0,EV_107,0.015,520,60.0,DR862144_8,58.83,78805.5,DR862144,176.27,0.0,59.68,D,SimuProB-2,EV_107
381.739,60.0,41.55,2650.0,0,3.875,1,66.1,3.982,42.0,85.0,185.0,EV_107,0.0,530,0.0,DR862144_8,58.92,78805.62,DR862144,176.27,0.0,59.78,D,SimuProB-2,EV_107
375.329,75.0,41.55,3600.0,0,3.868,1,66.09,3.985,55.0,110.0,185.0,EV_107,0.0,540,0.0,DR862144_8,59.05,78805.77,DR862144,176.27,0.0,59.9,D,SimuProB-2,EV_107
388.3,0.0,41.55,1500.0,0,3.895,1,66.09,3.988,25.0,-32.0,185.0,EV_107,0.022,550,70.0,DR862144_8,59.1,78805.84,DR862144,176.27,0.0,59.95,D,SimuProB-2,EV_107
392.098,35.0,41.55,1900.0,0,3.9,1,66.07,3.99,30.0,45.0,185.0,EV_107,0.0,560,0.0,DR862144_8,59.15,78805.92,DR862144,176.27,0.0,59.98,D,SimuProB-2,EV_107
369.969,70.0,41.55,3200.0,0,3.86,1,66.06,3.995,50.0,125.0,185.0,EV_107,0.0,570,0.0,DR862144_8,59.25,78806.06,DR862144,176.27,0.0,60.1,D,SimuProB-2,EV_107
385.158,0.0,41.55,1350.0,0,3.89,1,66.04,3.985,22.0,-28.0,185.0,EV_107,0.025,580,55.0,DR862144_8,59.3,78806.12,DR862144,176.27,0.0,60.15,D,SimuProB-2,EV_107
372.922,60.0,41.55,2850.0,0,3.875,1,66.01,3.982,45.0,95.0,185.0,EV_107,0.0,590,0.0,DR862144_8,59.35,78806.24,DR862144,176.27,0.0,60.2,D,SimuProB-2,EV_107
360.433,78.0,41.55,3500.0,0,3.86,1,66.0,3.99,55.0,145.0,185.0,EV_107,0.0,600,0.0,DR862144_8,59.45,78806.4,DR862144,176.27,0.0,60.3,D,SimuProB-2,EV_107
382.12,0.0,41.55,1200.0,0,3.89,1,65.98,3.985,20.0,-25.0,185.0,EV_107,0.02,610,65.0,DR862144_8,59.5,78806.45,DR862144,176.27,0.0,60.4,D,SimuProB-2,EV_107
355.463,80.0,41.55,3900.0,0,3.84,1,65.94,3.985,62.0,160.0,185.0,EV_107,0.0,620,0.0,DR862144_8,59.55,78806.62,DR862144,176.27,0.0,60.5,D,SimuProB-2,EV_107
380.971,0.0,41.55,800.0,0,3.92,1,65.92,3.99,15.0,-35.0,185.0,EV_107,0.028,630,75.0,DR862144_8,59.6,78806.66,DR862144,176.27,0.0,60.6,D,SimuProB-2,EV_107
369.721,55.0,41.55,2400.0,0,3.86,1,65.88,3.98,38.0,110.0,185.0,EV_107,0.0,640,0.0,DR862144_8,59.65,78806.77,DR862144,176.27,0.0,60.7,D,SimuProB-2,EV_107
365.448,45.0,41.55,2600.0,0,3.88,1,65.85,3.98,42.0,95.0,185.0,EV_107,0.0,650,0.0,DR862144_8,59.7,78806.89,DR862144,176.27,0.0,60.8,D,SimuProB-2,EV_107
358.951,65.0,41.55,3100.0,0,3.85,1,65.82,3.99,50.0,130.0,185.0,EV_107,0.0,660,0.0,DR862144_8,59.8,78807.03,DR862144,176.27,0.0,60.95,D,SimuProB-2,EV_107
385.109,0.0,41.55,1100.0,0,3.94,1,65.8,3.995,18.0,-38.0,185.0,EV_107,0.032,670,80.0,DR862144_8,59.85,78807.08,DR862144,176.27,0.0,61.0,D,SimuProB-2,EV_107
395.212,20.0,41.55,1350.0,0,3.91,1,65.79,3.96,22.0,25.0,185.0,EV_107,0.0,680,0.0,DR862144_8,59.9,78807.14,DR862144,176.27,0.0,61.1,D,SimuProB-2,EV_107
382.63,45.0,41.55,2200.0,0,3.89,1,65.77,3.97,35.0,85.0,185.0,EV_107,0.0,690,0.0,DR862144_8,60.0,78807.24,DR862144,176.27,0.0,61.25,D,SimuProB-2,EV_107
392.871,0.0,41.55,700.0,0,3.93,1,65.77,3.98,12.0,-28.0,185.0,EV_107,0.025,700,65.0,DR862144_8,60.1,78807.27,DR862144,176.27,0.0,61.3,D,SimuProB-2,EV_107
388.062,30.0,41.55,1750.0,0,3.915,1,65.74,3.975,28.0,45.0,185.0,EV_107,0.0,710,0.0,DR862144_8,60.15,78807.35,DR862144,176.27,0.0,61.35,D,SimuProB-2,EV_107
375.378,60.0,41.55,2800.0,0,3.88,1,65.74,3.98,42.0,110.0,185.0,EV_107,0.0,720,0.0,DR862144_8,60.25,78807.46,DR862144,176.27,0.0,61.5,D,SimuProB-2,EV_107
390.401,0.0,41.55,600.0,0,3.94,1,65.73,3.985,10.0,-22.0,185.0,EV_107,0.028,730,55.0,DR862144_8,60.3,78807.49,DR862144,176.27,0.0,61.55,D,SimuProB-2,EV_107
398.574,15.0,41.55,750.0,0,3.96,1,65.71,3.99,12.0,15.0,185.0,EV_107,0.0,740,0.0,DR862144_8,60.35,78807.52,DR862144,176.27,0.0,61.6,D,SimuProB-2,EV_107
385.04,50.0,41.55,2400.0,0,3.92,1,65.71,3.985,38.0,75.0,185.0,EV_107,0.0,750,0.0,DR862144_8,60.4,78807.63,DR862144,176.27,0.0,61.65,D,SimuProB-2,EV_107
395.351,0.0,41.55,950.0,0,3.97,1,65.69,4.0,15.0,-35.0,185.0,EV_107,0.032,760,45.0,DR862144_8,60.45,78807.67,DR862144,176.27,0.0,61.7,D,SimuProB-2,EV_107
378.343,65.0,41.55,3000.0,0,3.93,1,65.67,3.99,45.0,125.0,185.0,EV_107,0.0,770,0.0,DR862144_8,60.48,78807.79,DR862144,176.27,0.0,61.72,D,SimuProB-2,EV_107
392.422,0.0,41.55,1100.0,0,3.96,1,65.65,3.995,18.0,-25.0,185.0,EV_107,0.025,780,60.0,DR862144_8,60.5,78807.85,DR862144,176.27,0.0,61.75,D,SimuProB-2,EV_107
381.639,45.0,41.55,2000.0,0,3.94,1,65.63,3.985,32.0,85.0,185.0,EV_107,0.0,790,0.0,DR862144_8,60.52,78807.93,DR862144,176.27,0.0,61.8,D,SimuProB-2,EV_107
390.381,30.0,41.55,1400.0,0,3.94,1,65.62,3.98,22.0,45.0,185.0,EV_107,0.0,800,5.0,DR862144_8,60.53,78807.99,DR862144,176.27,0.0,61.82,D,SimuProB-2,EV_107
388.976,35.0,41.55,1750.0,0,3.93,1,65.61,3.99,28.0,60.0,185.0,EV_107,0.0,810,0.0,DR862144_8,60.55,78808.07,DR862144,176.27,0.0,61.85,D,SimuProB-2,EV_107
394.468,0.0,41.55,750.0,0,3.98,1,65.6,4.01,12.0,-30.0,185.0,EV_107,0.028,820,55.0,DR862144_8,60.57,78808.1,DR862144,176.27,0.0,61.88,D,SimuProB-2,EV_107
386.071,50.0,41.55,2400.0,0,3.95,1,65.58,4.005,38.0,75.0,185.0,EV_107,0.0,830,0.0,DR862144_8,60.58,78808.21,DR862144,176.27,0.0,61.9,D,SimuProB-2,EV_107
389.134,25.0,41.55,1550.0,0,3.945,1,65.58,4.0,25.0,40.0,185.0,EV_107,0.0,840,10.0,DR862144_8,60.6,78808.27,DR862144,176.27,0.0,61.93,D,SimuProB-2,EV_107
382.569,60.0,41.55,3000.0,0,3.935,1,65.56,3.99,45.0,95.0,185.0,EV_107,0.0,850,0.0,DR862144_8,60.62,78808.4,DR862144,176.27,0.0,61.96,D,SimuProB-2,EV_107
387.156,30.0,41.55,1850.0,0,3.948,1,65.54,4.002,30.0,55.0,185.0,EV_107,0.0,860,0.0,DR862144_8,60.63,78808.48,DR862144,176.27,0.0,61.97,D,SimuProB-2,EV_107
378.02,65.0,41.55,3200.0,0,3.925,1,65.54,3.995,48.0,110.0,185.0,EV_107,0.0,870,0.0,DR862144_8,60.72,78808.62,DR862144,176.27,0.0,62.05,D,SimuProB-2,EV_107
386.07,0.0,41.55,1200.0,0,3.99,1,65.52,4.01,20.0,-25.0,185.0,EV_107,0.015,880,45.0,DR862144_8,60.74,78808.67,DR862144,176.27,0.0,62.07,D,SimuProB-2,EV_107
383.339,45.0,41.55,2400.0,0,3.935,1,65.5,3.998,38.0,85.0,185.0,EV_107,0.0,890,0.0,DR862144_8,60.8,78808.78,DR862144,176.27,0.0,62.1,D,SimuProB-2,EV_107
388.353,0.0,41.55,750.0,0,3.995,1,65.46,4.015,12.0,-35.0,185.0,EV_107,0.025,900,65.0,DR862144_8,60.82,78808.81,DR862144,176.27,0.0,62.12,D,SimuProB-2,EV_107
392.395,35.0,41.55,1100.0,0,3.94,1,65.46,4.005,18.0,30.0,185.0,EV_107,0.0,910,5.0,DR862144_8,60.84,78808.86,DR862144,176.27,0.0,62.14,D,SimuProB-2,EV_107
388.509,55.0,41.55,2000.0,0,3.932,1,65.45,4.002,32.0,95.0,185.0,EV_107,0.0,920,0.0,DR862144_8,60.86,78808.95,DR862144,176.27,0.0,62.16,D,SimuProB-2,EV_107
374.91,70.0,41.55,2900.0,0,3.915,1,65.41,4.008,45.0,145.0,185.0,EV_107,0.0,930,0.0,DR862144_8,60.89,78809.07,DR862144,176.27,0.0,62.19,D,SimuProB-2,EV_107
381.13,0.0,41.55,600.0,0,3.998,1,65.41,4.02,10.0,-38.0,185.0,EV_107,0.028,940,75.0,DR862144_8,60.92,78809.1,DR862144,176.27,0.0,62.22,D,SimuProB-2,EV_107
385.288,30.0,41.55,1400.0,0,3.945,1,65.4,4.01,22.0,45.0,185.0,EV_107,0.0,950,0.0,DR862144_8,60.94,78809.16,DR862144,176.27,0.0,62.24,D,SimuProB-2,EV_107
378.067,65.0,41.55,2650.0,0,3.925,1,65.37,4.025,42.0,110.0,185.0,EV_107,0.0,960,0.0,DR862144_8,60.98,78809.28,DR862144,176.27,0.0,62.28,D,SimuProB-2,EV_107
390.519,0.0,41.55,750.0,0,4.005,1,65.36,4.04,12.0,-25.0,185.0,EV_107,0.022,970,50.0,DR862144_8,61.0,78809.31,DR862144,176.27,0.0,62.3,D,SimuProB-2,EV_107
376.788,75.0,41.55,3100.0,0,3.92,1,65.34,4.02,48.0,130.0,185.0,EV_107,0.0,980,0.0,DR862144_8,61.05,78809.44,DR862144,176.27,0.0,62.35,D,SimuProB-2,EV_107
382.834,0.0,41.55,900.0,0,4.01,1,65.33,4.04,15.0,-35.0,185.0,EV_107,0.03,990,60.0,DR862144_8,61.08,78809.49,DR862144,176.27,0.0,62.38,D,SimuProB-2,EV_107
388.494,25.0,41.55,2200.0,0,3.96,1,65.33,4.03,35.0,12.0,185.0,EV_107,0.0,1000,0.0,DR862144_8,61.1,78809.58,DR862144,176.27,0.0,62.4,D,SimuProB-2,EV_107
374.057,55.0,41.55,2850.0,0,3.915,1,65.31,4.015,45.0,95.0,185.0,EV_107,0.0,1010,0.0,DR862144_8,61.18,78809.71,DR862144,176.27,0.0,62.48,D,SimuProB-2,EV_107
391.11,0.0,41.55,600.0,0,4.01,1,65.31,4.045,10.0,-28.0,185.0,EV_107,0.025,1020,55.0,DR862144_8,61.22,78809.73,DR862144,176.27,0.0,62.52,D,SimuProB-2,EV_107
377.624,60.0,41.55,2700.0,0,3.93,1,65.31,4.03,42.0,115.0,185.0,EV_107,0.0,1030,0.0,DR862144_8,61.35,78809.85,DR862144,176.27,0.0,62.65,D,SimuProB-2,EV_107
385.35,35.0,41.55,2050.0,0,3.95,1,65.3,4.02,32.0,65.0,185.0,EV_107,0.0,1040,0.0,DR862144_8,61.42,78809.94,DR862144,176.27,0.0,62.72,D,SimuProB-2,EV_107
372.017,75.0,41.55,3600.0,0,3.92,1,65.29,4.04,55.0,130.0,185.0,EV_107,0.0,1050,0.0,DR862144_8,61.55,78810.09,DR862144,176.27,0.0,62.85,D,SimuProB-2,EV_107
394.925,0.0,41.55,750.0,0,4.02,1,65.28,4.05,12.0,-38.0,185.0,EV_107,0.028,1060,70.0,DR862144_8,61.62,78810.13,DR862144,176.27,0.0,62.92,D,SimuProB-2,EV_107
380.507,55.0,41.55,3000.0,0,3.94,1,65.27,4.03,45.0,85.0,185.0,EV_107,0.0,1070,0.0,DR862144_8,61.65,78810.26,DR862144,176.27,0.0,62.95,D,SimuProB-2,EV_107
368.414,80.0,41.55,3800.0,0,3.91,1,65.25,4.06,58.0,145.0,185.0,EV_107,0.0,1080,0.0,DR862144_8,61.78,78810.42,DR862144,176.27,0.0,63.08,D,SimuProB-2,EV_107
392.648,0.0,41.55,900.0,0,4.03,1,65.23,4.08,15.0,-35.0,185.0,EV_107,0.026,1090,65.0,DR862144_8,61.85,78810.46,DR862144,176.27,0.0,63.15,D,SimuProB-2,EV_107
375.596,60.0,41.55,3200.0,0,3.93,1,65.22,4.05,48.0,95.0,185.0,EV_107,0.0,1100,0.0,DR862144_8,61.92,78810.59,DR862144,176.27,0.0,63.22,D,SimuProB-2,EV_107
365.156,80.0,41.55,3400.0,0,3.89,1,65.18,4.07,52.0,155.0,185.0,EV_107,0.0,1110,0.0,DR862144_8,62.05,78810.74,DR862144,176.27,0.0,63.35,D,SimuProB-2,EV_107
388.298,0.0,41.55,1600.0,0,4.01,1,65.17,4.06,25.0,-25.0,185.0,EV_107,0.022,1120,45.0,DR862144_8,62.1,78810.81,DR862144,176.27,0.0,63.4,D,SimuProB-2,EV_107
362.401,75.0,41.55,2800.0,0,3.88,1,65.13,4.08,42.0,165.0,185.0,EV_107,0.0,1130,0.0,DR862144_8,62.2,78810.93,DR862144,176.27,0.0,63.5,D,SimuProB-2,EV_107
370.557,0.0,41.55,1200.0,0,4.02,1,65.13,4.09,18.0,-30.0,185.0,EV_107,0.024,1140,55.0,DR862144_8,62.3,78810.98,DR862144,176.27,0.0,63.6,D,SimuProB-2,EV_107
390.303,0.0,41.55,0.0,0,4.06,1,65.13,4.1,0.0,5.0,185.0,EV_107,0.0,1150,100.0,DR862144_8,62.35,78810.98,DR862144,176.27,0.0,63.65,D,SimuProB-2,EV_107
392.489,15.0,41.55,500.0,0,4.07,1,65.11,4.11,8.5,12.5,185.0,EV_107,0.0,1160,0.0,DR862144_8,62.4,78811.0,DR862144,176.27,0.0,63.7,D,SimuProB-2,EV_107
385.135,35.0,41.55,1400.0,0,4.05,1,65.11,4.12,22.0,45.0,185.0,EV_107,0.0,1170,0.0,DR862144_8,62.45,78811.06,DR862144,176.27,0.0,63.75,D,SimuProB-2,EV_107
389.625,0.0,41.55,600.0,0,4.08,1,65.11,4.13,10.0,-18.0,185.0,EV_107,0.015,1180,40.0,DR862144_8,62.5,78811.09,DR862144,176.27,0.0,63.8,D,SimuProB-2,EV_107
391.72,25.0,41.55,1800.0,0,4.06,1,65.07,4.13,28.0,25.0,185.0,EV_107,0.0,1190,0.0,DR862144_8,62.55,78811.17,DR862144,176.27,0.0,63.85,D,SimuProB-2,EV_107
386.559,55.0,41.55,2800.0,0,4.04,1,65.06,4.14,42.0,65.0,185.0,EV_107,0.0,1200,0.0,DR862144_8,62.6,78811.28,DR862144,176.27,0.0,63.95,D,SimuProB-2,EV_107
387.949,0.0,41.55,1600.0,0,4.07,1,65.03,4.15,25.0,-22.0,185.0,EV_107,0.018,1210,60.0,DR862144_8,62.65,78811.35,DR862144,176.27,0.0,64.0,D,SimuProB-2,EV_107
383.382,65.0,41.55,3200.0,0,4.03,1,65.01,4.15,48.0,85.0,185.0,EV_107,0.0,1220,0.0,DR862144_8,62.7,78811.48,DR862144,176.27,0.0,64.1,D,SimuProB-2,EV_107
390.002,0.0,41.55,1200.0,0,4.06,1,64.98,4.14,20.0,-35.0,185.0,EV_107,0.022,1230,75.0,DR862144_8,62.75,78811.54,DR862144,176.27,0.0,64.15,D,SimuProB-2,EV_107
394.032,5.0,41.55,300.0,0,4.05,1,64.98,4.12,5.0,5.0,185.0,EV_107,0.0,1240,10.0,DR862144_8,62.8,78811.55,DR862144,176.27,0.0,64.2,D,SimuProB-2,EV_107
391.68,35.0,41.55,1100.0,0,4.05,1,64.97,4.13,18.0,45.0,185.0,EV_107,0.0,1250,0.0,DR862144_8,62.85,78811.6,DR862144,176.27,0.0,64.25,D,SimuProB-2,EV_107
385.413,60.0,41.55,2400.0,0,4.02,1,64.94,4.15,38.0,110.0,185.0,EV_107,0.0,1260,0.0,DR862144_8,62.95,78811.71,DR862144,176.27,0.0,64.35,D,SimuProB-2,EV_107
393.137,0.0,41.55,600.0,0,4.06,1,64.92,4.14,10.0,-25.0,185.0,EV_107,0.019,1270,45.0,DR862144_8,63.0,78811.73,DR862144,176.27,0.0,64.4,D,SimuProB-2,EV_107
375.047,65.0,41.55,3200.0,0,4.05,1,64.87,4.18,75.0,120.0,185.0,EV_107,0.0,0,0.0,DR862144_9,63.2,78811.94,DR862144,176.27,0.0,64.6,D,SimuProB-2,EV_107
382.42,25.0,41.55,3800.0,0,4.06,1,64.85,4.17,85.0,45.0,185.0,EV_107,0.0,10,0.0,DR862144_9,63.3,78812.17,DR862144,176.27,0.0,64.7,D,SimuProB-2,EV_107
387.705,35.0,41.55,4300.0,0,4.05,1,64.82,4.16,95.0,65.0,185.0,EV_107,0.0,20,0.0,DR862144_9,63.4,78812.44,DR862144,176.27,0.0,64.8,D,SimuProB-2,EV_107
383.521,45.0,41.55,4500.0,0,4.04,1,64.77,4.16,100.0,75.0,185.0,EV_107,0.0,30,0.0,DR862144_9,63.55,78812.72,DR862144,176.27,0.0,64.95,D,SimuProB-2,EV_107
376.983,75.0,41.55,5100.0,0,4.03,1,64.75,4.18,112.0,135.0,185.0,EV_107,0.0,40,0.0,DR862144_9,63.8,78813.03,DR862144,176.27,0.0,65.0,D,SimuProB-2,EV_107
388.058,20.0,41.55,4900.0,0,4.05,1,64.71,4.17,108.0,40.0,185.0,EV_107,0.0,50,0.0,DR862144_9,63.9,78813.33,DR862144,176.27,0.0,65.0,D,SimuProB-2,EV_107
378.753,80.0,41.55,5200.0,0,4.025,1,64.68,4.175,115.0,110.0,185.0,EV_107,0.0,60,0.0,DR862144_9,64.1,78813.65,DR862144,176.27,0.0,65.0,D,SimuProB-2,EV_107
385.276,25.0,41.55,4750.0,0,4.04,1,64.63,4.17,105.0,55.0,185.0,EV_107,0.0,70,0.0,DR862144_9,64.25,78813.94,DR862144,176.27,0.0,65.0,D,SimuProB-2,EV_107
384.992,30.0,41.55,4880.0,0,4.045,1,64.62,4.165,108.0,60.0,185.0,EV_107,0.0,80,0.0,DR862144_9,64.4,78814.24,DR862144,176.27,0.0,65.0,D,SimuProB-2,EV_107
375.414,85.0,41.55,5350.0,0,4.04,1,64.55,4.16,118.0,145.0,185.0,EV_107,0.0,90,0.0,DR862144_9,64.6,78814.57,DR862144,176.27,0.0,65.0,D,SimuProB-2,EV_107
382.433,22.0,41.55,4980.0,0,4.045,1,64.51,4.155,110.0,50.0,185.0,EV_107,0.0,100,0.0,DR862144_9,64.7,78814.87,DR862144,176.27,0.0,65.0,D,SimuProB-2,EV_107
370.54,0.0,41.55,4600.0,0,4.03,1,64.5,4.16,102.0,-45.0,185.0,EV_107,0.05,110,15.0,DR862144_9,64.8,78815.16,DR862144,176.27,0.0,65.0,D,SimuProB-2,EV_107
372.581,28.0,41.55,4750.0,0,4.035,1,64.41,4.162,105.0,75.0,185.0,EV_107,0.0,120,0.0,DR862144_9,64.85,78815.45,DR862144,176.27,0.0,65.0,D,SimuProB-2,EV_107
373.532,20.0,41.55,4500.0,0,4.038,1,64.37,4.158,100.0,62.0,185.0,EV_107,0.0,130,0.0,DR862144_9,64.9,78815.73,DR862144,176.27,0.0,65.0,D,SimuProB-2,EV_107
371.465,35.0,41.55,4880.0,0,4.032,1,64.31,4.165,108.0,85.0,185.0,EV_107,0.0,140,0.0,DR862144_9,65.0,78816.03,DR862144,176.27,0.0,65.0,D,SimuProB-2,EV_107
370.149,38.0,41.55,5040.0,0,4.028,1,64.24,4.168,112.0,92.0,185.0,EV_107,0.0,150,0.0,DR862144_9,65.0,78816.34,DR862144,176.27,0.0,65.0,D,SimuProB-2,EV_107
371.485,24.0,41.55,4725.0,0,4.035,1,64.22,4.165,105.0,65.0,185.0,EV_107,0.0,160,0.0,DR862144_9,65.0,78816.63,DR862144,176.27,0.0,65.0,D,SimuProB-2,EV_107
369.716,45.0,41.55,5175.0,0,4.02,1,64.16,4.17,115.0,105.0,185.0,EV_107,0.0,170,0.0,DR862144_9,65.0,78816.95,DR862144,176.27,0.0,65.0,D,SimuProB-2,EV_107
367.879,55.0,41.55,5332.0,0,4.015,1,64.11,4.172,118.5,145.0,185.0,EV_107,0.0,180,0.0,DR862144_9,65.0,78817.28,DR862144,176.27,0.0,65.0,D,SimuProB-2,EV_107
370.748,28.0,41.55,5040.0,0,4.03,1,64.09,4.169,112.0,75.0,185.0,EV_107,0.0,190,0.0,DR862144_9,65.0,78817.59,DR862144,176.27,0.0,65.0,D,SimuProB-2,EV_107
371.786,22.0,41.55,4770.0,0,4.035,1,64.05,4.165,106.0,55.0,185.0,EV_107,0.0,200,0.0,DR862144_9,65.0,78817.88,DR862144,176.27,0.0,65.0,D,SimuProB-2,EV_107
371.951,20.0,41.55,4657.0,0,4.032,1,64.01,4.168,103.5,52.0,185.0,EV_107,0.0,210,0.0,DR862144_9,65.0,78818.17,DR862144,176.27,0.0,65.0,D,SimuProB-2,EV_107
372.815,18.0,41.55,4500.0,0,4.038,1,63.98,4.165,100.0,48.0,185.0,EV_107,0.0,220,0.0,DR862144_9,65.0,78818.45,DR862144,176.27,0.0,65.0,D,SimuProB-2,EV_107
373.678,16.0,41.55,4410.0,0,4.04,1,63.95,4.162,98.0,45.0,185.0,EV_107,0.0,230,0.0,DR862144_9,65.0,78818.72,DR862144,176.27,0.0,65.0,D,SimuProB-2,EV_107
374.035,15.0,41.55,4342.0,0,4.042,1,63.92,4.16,96.5,42.0,185.0,EV_107,0.0,240,0.0,DR862144_9,65.0,78818.99,DR862144,176.27,0.0,65.0,D,SimuProB-2,EV_107
375.191,14.0,41.55,4275.0,0,4.045,1,63.88,4.158,95.0,38.0,185.0,EV_107,0.0,250,0.0,DR862144_9,65.0,78819.25,DR862144,176.27,0.0,65.0,D,SimuProB-2,EV_107
373.645,16.0,41.55,4365.0,0,4.043,1,63.86,4.16,97.0,40.0,185.0,EV_107,0.0,260,0.0,DR862144_9,65.0,78819.52,DR862144,176.27,0.0,65.0,D,SimuProB-2,EV_107
373.279,15.5,41.55,4320.0,0,4.041,1,63.83,4.161,96.0,44.5,185.0,EV_107,0.0,270,0.0,DR862144_9,65.0,78819.79,DR862144,176.27,0.0,65.0,D,SimuProB-2,EV_107
374.583,14.5,41.55,4252.0,0,4.044,1,63.82,4.163,94.5,41.0,185.0,EV_107,0.0,280,0.0,DR862144_9,65.0,78820.05,DR862144,176.27,0.0,65.0,D,SimuProB-2,EV_107
372.146,17.0,41.55,4387.0,0,4.039,1,63.79,4.159,97.5,48.2,185.0,EV_107,0.0,290,0.0,DR862144_9,65.0,78820.32,DR862144,176.27,0.0,65.0,D,SimuProB-2,EV_107
372.191,18.0,41.55,4432.0,0,4.035,1,63.75,4.155,98.5,50.5,185.0,EV_107,0.0,300,0.0,DR862144_9,65.0,78820.59,DR862144,176.27,0.0,65.0,D,SimuProB-2,EV_107
372.629,15.0,41.55,4320.0,0,4.037,1,63.73,4.157,96.0,42.0,185.0,EV_107,0.0,310,0.0,DR862144_9,65.0,78820.86,DR862144,176.27,0.0,65.0,D,SimuProB-2,EV_107
372.991,14.0,41.55,4230.0,0,4.04,1,63.68,4.16,94.0,39.0,185.0,EV_107,0.0,320,0.0,DR862144_9,65.0,78821.12,DR862144,176.27,0.0,65.0,D,SimuProB-2,EV_107
373.441,14.2,41.55,4239.0,0,4.042,1,63.62,4.162,94.2,38.5,185.0,EV_107,0.0,330,0.0,DR862144_9,64.92,78821.38,DR862144,176.27,0.0,65.0,D,SimuProB-2,EV_107
372.759,15.5,41.55,4275.0,0,4.04,1,63.59,4.16,95.0,40.0,185.0,EV_107,0.0,340,0.0,DR862144_9,64.95,78821.65,DR862144,176.27,0.0,65.0,D,SimuProB-2,EV_107
373.299,12.0,41.55,4162.0,0,4.045,1,63.56,4.165,92.5,36.0,185.0,EV_107,0.0,350,0.0,DR862144_9,64.98,78821.9,DR862144,176.27,0.0,65.0,D,SimuProB-2,EV_107
371.903,14.5,41.55,4185.0,0,4.043,1,63.52,4.163,93.0,45.0,185.0,EV_107,0.0,360,0.0,DR862144_9,65.0,78822.16,DR862144,176.27,0.0,65.0,D,SimuProB-2,EV_107
371.986,18.0,41.55,4300.0,0,4.048,1,63.5,4.168,95.5,52.0,185.0,EV_107,0.0,370,0.0,DR862144_9,65.0,78822.42,DR862144,176.27,0.0,65.0,D,SimuProB-2,EV_107
371.316,15.0,41.55,4232.0,0,4.045,1,63.5,4.17,94.0,48.0,185.0,EV_107,0.0,380,0.0,DR862144_9,65.0,78822.68,DR862144,176.27,0.0,65.0,D,SimuProB-2,EV_107
371.97,16.0,41.55,4275.0,0,4.042,1,63.49,4.172,95.0,55.0,185.0,EV_107,0.0,390,0.0,DR862144_9,65.0,78822.94,DR862144,176.27,0.0,65.0,D,SimuProB-2,EV_107
370.974,22.0,41.55,4390.0,0,4.038,1,63.46,4.175,97.5,68.0,185.0,EV_107,0.0,400,0.0,DR862144_9,65.0,78823.21,DR862144,176.27,0.0,65.0,D,SimuProB-2,EV_107
371.452,14.0,41.55,4232.0,0,4.04,1,63.45,4.17,94.0,42.0,185.0,EV_107,0.0,410,0.0,DR862144_9,65.0,78823.48,DR862144,176.27,0.0,65.0,D,SimuProB-2,EV_107
370.702,25.0,41.55,4432.0,0,4.035,1,63.42,4.178,98.5,72.0,185.0,EV_107,0.0,420,0.0,DR862144_9,65.0,78823.75,DR862144,176.27,0.0,65.0,D,SimuProB-2,EV_107
371.421,16.0,41.55,4275.0,0,4.042,1,63.41,4.175,95.0,45.0,185.0,EV_107,0.0,430,0.0,DR862144_9,65.0,78824.02,DR862144,176.27,0.0,65.0,D,SimuProB-2,EV_107
370.644,19.0,41.55,4345.0,0,4.038,1,63.39,4.172,96.5,58.0,185.0,EV_107,0.0,440,0.0,DR862144_9,65.0,78824.29,DR862144,176.27,0.0,65.0,D,SimuProB-2,EV_107
370.996,28.0,41.55,4455.0,0,4.035,1,63.37,4.175,99.0,75.0,185.0,EV_107,0.0,450,0.0,DR862144_9,65.0,78824.56,DR862144,176.27,0.0,65.0,D,SimuProB-2,EV_107
370.106,35.0,41.55,4567.0,0,4.032,1,63.37,4.178,101.5,82.0,185.0,EV_107,0.0,460,0.0,DR862144_9,65.0,78824.85,DR862144,176.27,0.0,65.0,D,SimuProB-2,EV_107
371.483,18.0,41.55,4365.0,0,4.04,1,63.34,4.175,97.0,55.0,185.0,EV_107,0.0,470,0.0,DR862144_9,65.0,78825.12,DR862144,176.27,0.0,65.0,D,SimuProB-2,EV_107
369.806,38.0,41.55,4612.0,0,4.03,1,63.33,4.175,102.5,85.0,185.0,EV_107,0.0,480,0.0,DR862144_9,65.0,78825.4,DR862144,176.27,0.0,65.0,D,SimuProB-2,EV_107
370.847,22.0,41.55,4410.0,0,4.032,1,63.32,4.176,98.0,62.0,185.0,EV_107,0.0,490,0.0,DR862144_9,65.0,78825.68,DR862144,176.27,0.0,65.0,D,SimuProB-2,EV_107
369.517,42.0,41.55,4725.0,0,4.028,1,63.3,4.178,105.0,95.0,185.0,EV_107,0.0,500,0.0,DR862144_9,65.0,78825.97,DR862144,176.27,0.0,65.0,D,SimuProB-2,EV_107
367.793,55.0,41.55,4860.0,0,4.025,1,63.28,4.179,108.0,110.5,185.0,EV_107,0.0,510,0.0,DR862144_9,65.0,78826.27,DR862144,176.27,0.0,65.0,D,SimuProB-2,EV_107
369.524,28.0,41.55,4702.0,0,4.029,1,63.26,4.177,104.5,75.0,185.0,EV_107,0.0,520,0.0,DR862144_9,65.0,78826.56,DR862144,176.27,0.0,65.0,D,SimuProB-2,EV_107
368.144,65.0,41.55,5040.0,0,4.022,1,63.26,4.18,112.0,135.0,185.0,EV_107,0.0,530,0.0,DR862144_9,65.0,78826.87,DR862144,176.27,0.0,65.0,D,SimuProB-2,EV_107
367.27,45.0,41.55,4972.0,0,4.021,1,63.23,4.178,110.5,125.0,185.0,EV_107,0.0,540,0.0,DR862144_9,65.0,78827.18,DR862144,176.27,0.0,65.0,D,SimuProB-2,EV_107
368.857,25.0,41.55,4590.0,0,4.024,1,63.23,4.177,102.0,85.0,185.0,EV_107,0.0,550,0.0,DR862144_9,65.0,78827.46,DR862144,176.27,0.0,65.0,D,SimuProB-2,EV_107
369.509,0.0,41.55,4275.0,0,4.03,1,63.22,4.179,95.0,-15.0,185.0,EV_107,0.04,560,8.0,DR862144_9,65.0,78827.72,DR862144,176.27,0.0,65.0,D,SimuProB-2,EV_107
368.057,30.0,41.55,4635.0,0,4.023,1,63.21,4.176,103.0,95.0,185.0,EV_107,0.0,570,0.0,DR862144_9,65.0,78828.01,DR862144,176.27,0.0,65.0,D,SimuProB-2,EV_107
366.79,55.0,41.55,4882.0,0,4.02,1,63.2,4.178,108.5,140.0,185.0,EV_107,0.0,580,0.0,DR862144_9,65.0,78828.31,DR862144,176.27,0.0,65.0,D,SimuProB-2,EV_107
368.285,0.0,41.55,4410.0,0,4.028,1,63.19,4.179,98.0,-20.0,185.0,EV_107,0.05,590,12.0,DR862144_9,65.0,78828.58,DR862144,176.27,0.0,65.0,D,SimuProB-2,EV_107
367.087,28.0,41.55,4567.0,0,4.021,1,63.17,4.175,101.5,105.0,185.0,EV_107,0.0,600,0.0,DR862144_9,65.0,78828.86,DR862144,176.27,0.0,65.0,D,SimuProB-2,EV_107
369.243,0.0,41.55,4320.0,0,4.026,1,63.17,4.178,96.0,-18.0,185.0,EV_107,0.04,610,10.0,DR862144_9,65.0,78829.13,DR862144,176.27,0.0,65.0,D,SimuProB-2,EV_107
366.676,52.0,41.55,4815.0,0,4.019,1,63.14,4.177,107.0,135.0,185.0,EV_107,0.0,620,0.0,DR862144_9,65.0,78829.43,DR862144,176.27,0.0,65.0,D,SimuProB-2,EV_107
365.171,60.0,41.55,4950.0,0,4.018,1,63.11,4.176,110.0,145.0,185.0,EV_107,0.0,630,0.0,DR862144_9,65.0,78829.74,DR862144,176.27,0.0,65.0,D,SimuProB-2,EV_107
368.286,0.0,41.55,4590.0,0,4.025,1,63.11,4.178,102.0,-15.0,185.0,EV_107,0.04,640,8.0,DR862144_9,65.0,78830.02,DR862144,176.27,0.0,65.0,D,SimuProB-2,EV_107
365.609,48.0,41.55,4792.0,0,4.02,1,63.09,4.177,106.5,125.0,185.0,EV_107,0.0,650,0.0,DR862144_9,65.0,78830.31,DR862144,176.27,0.0,65.0,D,SimuProB-2,EV_107
364.071,50.0,41.55,4860.0,0,4.018,1,63.07,4.176,108.0,130.0,185.0,EV_107,0.0,660,0.0,DR862144_9,65.0,78830.61,DR862144,176.27,0.0,65.0,D,SimuProB-2,EV_107
361.849,65.0,41.55,5062.0,0,4.017,1,63.04,4.175,112.5,148.0,185.0,EV_107,0.0,670,0.0,DR862144_9,65.0,78830.92,DR862144,176.27,0.0,65.0,D,SimuProB-2,EV_107
364.854,0.0,41.55,4725.0,0,4.021,1,63.04,4.177,105.0,-12.0,185.0,EV_107,0.04,680,12.0,DR862144_9,65.0,78831.21,DR862144,176.27,0.0,65.0,D,SimuProB-2,EV_107
361.847,58.0,41.55,4972.0,0,4.016,1,63.0,4.175,110.5,142.0,185.0,EV_107,0.0,690,0.0,DR862144_9,65.0,78831.52,DR862144,176.27,0.0,65.0,D,SimuProB-2,EV_107
359.035,85.0,41.55,5310.0,0,4.015,1,62.93,4.174,118.0,165.0,185.0,EV_107,0.0,700,0.0,DR862144_9,65.0,78831.84,DR862144,176.27,0.0,65.0,D,SimuProB-2,EV_107
361.742,45.0,41.55,4860.0,0,4.018,1,62.9,4.176,108.0,110.0,185.0,EV_107,0.0,710,0.0,DR862144_9,65.0,78832.14,DR862144,176.27,0.0,65.0,D,SimuProB-2,EV_107
360.519,52.0,41.55,5094.0,0,4.014,1,62.87,4.173,113.2,135.5,185.0,EV_107,0.0,720,0.0,DR862144_9,65.0,78832.45,DR862144,176.27,0.0,65.0,D,SimuProB-2,EV_107
362.219,38.0,41.55,4806.0,0,4.019,1,62.84,4.176,106.8,105.2,185.0,EV_107,0.0,730,0.0,DR862144_9,65.0,78832.75,DR862144,176.27,0.0,65.0,D,SimuProB-2,EV_107
359.374,82.0,41.55,5288.0,0,4.013,1,62.78,4.172,117.5,168.3,185.0,EV_107,0.0,740,0.0,DR862144_9,65.0,78833.08,DR862144,176.27,0.0,65.0,D,SimuProB-2,EV_107
358.446,88.0,41.55,5378.0,0,4.011,1,62.74,4.171,119.5,175.0,185.0,EV_107,0.0,750,0.0,DR862144_9,65.0,78833.41,DR862144,176.27,0.0,65.0,D,SimuProB-2,EV_107
361.259,42.0,41.55,4905.0,0,4.016,1,62.72,4.175,109.0,115.0,185.0,EV_107,0.0,760,0.0,DR862144_9,65.0,78833.71,DR862144,176.27,0.0,65.0,D,SimuProB-2,EV_107
359.412,78.0,41.55,5175.0,0,4.012,1,62.7,4.173,115.0,155.0,185.0,EV_107,0.0,770,0.0,DR862144_9,65.0,78834.03,DR862144,176.27,0.0,65.0,D,SimuProB-2,EV_107
357.718,72.0,41.55,5094.0,0,4.01,1,62.67,4.17,113.2,162.5,185.0,EV_107,0.0,780,0.0,DR862144_9,65.0,78834.34,DR862144,176.27,0.0,65.0,D,SimuProB-2,EV_107
360.68,35.0,41.55,4703.0,0,4.015,1,62.65,4.174,104.5,98.4,185.0,EV_107,0.0,790,0.0,DR862144_9,65.0,78834.63,DR862144,176.27,0.0,65.0,D,SimuProB-2,EV_107
357.568,68.0,41.55,5076.0,0,4.008,1,62.63,4.168,112.8,145.2,185.0,EV_107,0.0,800,0.0,DR862144_9,65.0,78834.95,DR862144,176.27,0.0,65.0,D,SimuProB-2,EV_107
356.331,75.0,41.55,5153.0,0,4.005,1,62.6,4.165,114.5,158.3,185.0,EV_107,0.0,810,0.0,DR862144_9,65.0,78835.27,DR862144,176.27,0.0,65.0,D,SimuProB-2,EV_107
358.658,38.0,41.55,4779.0,0,4.01,1,62.57,4.17,106.2,105.6,185.0,EV_107,0.0,820,0.0,DR862144_9,65.0,78835.56,DR862144,176.27,0.0,65.0,D,SimuProB-2,EV_107
356.113,82.0,41.55,5310.0,0,4.002,1,62.53,4.162,118.0,165.4,185.0,EV_107,0.0,830,0.0,DR862144_9,65.0,78835.89,DR862144,176.27,0.0,65.0,D,SimuProB-2,EV_107
354.762,85.0,41.55,5364.0,0,4.0,1,62.49,4.16,119.2,168.5,185.0,EV_107,0.0,840,0.0,DR862144_9,65.0,78836.22,DR862144,176.27,0.0,65.0,D,SimuProB-2,EV_107
359.767,42.0,41.55,4973.0,0,4.005,1,62.45,4.165,110.5,115.3,185.0,EV_107,0.0,850,0.0,DR862144_9,65.0,78836.53,DR862144,176.27,0.0,65.0,D,SimuProB-2,EV_107
354.702,80.0,41.55,5301.0,0,3.998,1,62.41,4.158,117.8,175.6,185.0,EV_107,0.0,860,0.0,DR862144_9,65.0,78836.86,DR862144,176.27,0.0,65.0,D,SimuProB-2,EV_107
353.137,75.0,41.55,5243.0,0,3.995,1,62.37,4.155,116.5,162.4,185.0,EV_107,0.0,870,0.0,DR862144_9,65.0,78837.18,DR862144,176.27,0.0,65.0,D,SimuProB-2,EV_107
351.808,88.0,41.55,5391.0,0,3.992,1,62.33,4.152,119.8,178.9,185.0,EV_107,0.0,880,0.0,DR862144_9,65.0,78837.52,DR862144,176.27,0.0,65.0,D,SimuProB-2,EV_107
356.839,45.0,41.55,4869.0,0,3.998,1,62.29,4.158,108.2,125.6,185.0,EV_107,0.0,890,0.0,DR862144_9,65.0,78837.82,DR862144,176.27,0.0,65.0,D,SimuProB-2,EV_107
355.902,38.0,41.55,4738.0,0,4.001,1,62.23,4.16,105.3,118.5,185.0,EV_107,0.0,900,0.0,DR862144_9,65.0,78838.11,DR862144,176.27,0.0,65.0,D,SimuProB-2,EV_107
353.667,52.0,41.55,5073.0,0,3.997,1,62.19,4.157,112.6,132.7,185.0,EV_107,0.0,910,0.0,DR862144_9,65.0,78838.43,DR862144,176.27,0.0,65.0,D,SimuProB-2,EV_107
352.305,78.0,41.55,5356.0,0,3.993,1,62.14,4.153,118.9,155.8,185.0,EV_107,0.0,920,0.0,DR862144_9,65.0,78838.76,DR862144,176.27,0.0,65.0,D,SimuProB-2,EV_107
351.006,85.0,41.55,5472.0,0,3.989,1,62.1,4.149,121.5,168.2,185.0,EV_107,0.0,930,0.0,DR862144_9,65.0,78839.1,DR862144,176.27,0.0,65.0,D,SimuProB-2,EV_107
354.055,60.0,41.55,5184.0,0,3.995,1,62.04,4.155,115.2,142.5,185.0,EV_107,0.0,940,0.0,DR862144_9,65.0,78839.42,DR862144,176.27,0.0,65.0,D,SimuProB-2,EV_107
356.389,42.0,41.55,4882.0,0,4.002,1,62.02,4.162,108.5,105.3,185.0,EV_107,0.0,950,0.0,DR862144_9,65.0,78839.72,DR862144,176.27,0.0,65.0,D,SimuProB-2,EV_107
357.94,35.0,41.55,4734.0,0,4.005,1,61.99,4.165,105.2,92.4,185.0,EV_107,0.0,960,0.0,DR862144_9,65.0,78840.01,DR862144,176.27,0.0,65.0,D,SimuProB-2,EV_107
356.483,45.0,41.55,4865.0,0,4.0,1,61.98,4.159,108.1,115.6,185.0,EV_107,0.0,970,0.0,DR862144_9,65.0,78840.31,DR862144,176.27,0.0,65.0,D,SimuProB-2,EV_107
354.596,62.0,41.55,5058.0,0,3.994,1,61.96,4.152,112.4,138.9,185.0,EV_107,0.0,980,0.0,DR862144_9,65.0,78840.62,DR862144,176.27,0.0,65.0,D,SimuProB-2,EV_107
353.633,65.0,41.55,5152.0,0,3.988,1,61.91,4.158,114.5,145.8,185.0,EV_107,0.0,990,0.0,DR862144_9,65.0,78840.94,DR862144,176.27,0.0,65.0,D,SimuProB-2,EV_107
354.852,40.0,41.55,4806.0,0,4.001,1,61.9,4.164,106.8,102.4,185.0,EV_107,0.0,1000,0.0,DR862144_9,65.0,78841.23,DR862144,176.27,0.0,65.0,D,SimuProB-2,EV_107
357.158,32.0,41.55,4603.0,0,4.008,1,61.87,4.168,102.3,88.5,185.0,EV_107,0.0,1010,0.0,DR862144_9,65.0,78841.52,DR862144,176.27,0.0,65.0,D,SimuProB-2,EV_107
355.027,28.0,41.55,4522.0,0,4.005,1,61.84,4.165,100.5,95.3,185.0,EV_107,0.0,1020,0.0,DR862144_9,65.0,78841.8,DR862144,176.27,0.0,65.0,D,SimuProB-2,EV_107
356.458,22.0,41.55,4329.0,0,4.012,1,61.82,4.172,96.2,82.1,185.0,EV_107,0.0,1030,0.0,DR862144_9,65.0,78842.07,DR862144,176.27,0.0,65.0,D,SimuProB-2,EV_107
358.263,18.0,41.55,4131.0,0,4.018,1,61.82,4.178,91.8,65.4,185.0,EV_107,0.0,1040,0.0,DR862144_9,65.0,78842.32,DR862144,176.27,0.0,65.0,D,SimuProB-2,EV_107
358.009,16.0,41.55,4207.0,0,4.015,1,61.82,4.175,93.5,58.2,185.0,EV_107,0.0,1050,0.0,DR862144_9,65.0,78842.58,DR862144,176.27,0.0,65.0,D,SimuProB-2,EV_107
355.853,24.0,41.55,4401.0,0,4.009,1,61.8,4.17,97.8,72.5,185.0,EV_107,0.0,1060,0.0,DR862144_9,65.0,78842.85,DR862144,176.27,0.0,65.0,D,SimuProB-2,EV_107
354.151,34.0,41.55,4608.0,0,4.006,1,61.8,4.168,102.4,85.9,185.0,EV_107,0.0,1070,0.0,DR862144_9,65.0,78843.14,DR862144,176.27,0.0,65.0,D,SimuProB-2,EV_107
357.506,14.0,41.55,3982.0,0,4.011,1,61.77,4.171,88.5,55.3,185.0,EV_107,0.0,1080,0.0,DR862144_9,65.0,78843.39,DR862144,176.27,0.0,65.0,D,SimuProB-2,EV_107
359.457,11.0,41.55,3834.0,0,4.008,1,61.77,4.169,85.2,42.8,185.0,EV_107,0.0,1090,0.0,DR862144_9,65.0,78843.62,DR862144,176.27,0.0,65.0,D,SimuProB-2,EV_107
358.894,21.0,41.55,4126.0,0,4.013,1,61.76,4.173,91.7,68.4,185.0,EV_107,0.0,1100,0.0,DR862144_9,65.0,78843.88,DR862144,176.27,0.0,65.0,D,SimuProB-2,EV_107
358.125,26.0,41.55,4207.0,0,4.012,1,61.74,4.172,93.5,74.5,185.0,EV_107,0.0,1110,0.0,DR862144_9,65.0,78844.14,DR862144,176.27,0.0,65.0,D,SimuProB-2,EV_107
356.001,32.0,41.55,4419.0,0,4.01,1,61.74,4.174,98.2,88.2,185.0,EV_107,0.0,1120,0.0,DR862144_9,65.0,78844.41,DR862144,176.27,0.0,65.0,D,SimuProB-2,EV_107
355.329,38.0,41.55,4626.0,0,4.008,1,61.72,4.175,102.8,95.6,185.0,EV_107,0.0,1130,0.0,DR862144_9,65.0,78844.7,DR862144,176.27,0.0,65.0,D,SimuProB-2,EV_107
353.97,45.0,41.55,4792.0,0,4.006,1,61.71,4.176,106.5,112.4,185.0,EV_107,0.0,1140,0.0,DR862144_9,65.0,78845.0,DR862144,176.27,0.0,65.0,D,SimuProB-2,EV_107
350.842,62.0,41.55,5053.0,0,4.004,1,61.67,4.178,112.3,135.8,185.0,EV_107,0.0,1150,0.0,DR862144_9,65.0,78845.31,DR862144,176.27,0.0,65.0,D,SimuProB-2,EV_107
352.543,35.0,41.55,4864.0,0,4.007,1,61.67,4.177,108.1,98.5,185.0,EV_107,0.0,1160,0.0,DR862144_9,65.0,78845.61,DR862144,176.27,0.0,65.0,D,SimuProB-2,EV_107
351.297,38.0,41.55,4923.0,0,4.006,1,61.65,4.177,109.4,105.3,185.0,EV_107,0.0,1170,0.0,DR862144_9,65.0,78845.91,DR862144,176.27,0.0,65.0,D,SimuProB-2,EV_107
349.029,55.0,41.55,5166.0,0,4.005,1,61.65,4.178,114.8,128.7,185.0,EV_107,0.0,1180,0.0,DR862144_9,65.0,78846.23,DR862144,176.27,0.0,65.0,D,SimuProB-2,EV_107
350.948,32.0,41.55,4779.0,0,4.007,1,61.64,4.177,106.2,92.1,185.0,EV_107,0.0,1190,0.0,DR862144_9,65.0,78846.53,DR862144,176.27,0.0,65.0,D,SimuProB-2,EV_107
348.698,68.0,41.55,5332.0,0,4.003,1,61.62,4.179,118.5,142.3,185.0,EV_107,0.0,1200,0.0,DR862144_9,65.0,78846.86,DR862144,176.27,0.0,65.0,D,SimuProB-2,EV_107
352.03,28.0,41.55,4689.0,0,4.006,1,61.62,4.178,104.2,88.4,185.0,EV_107,0.0,1210,0.0,DR862144_9,65.0,78847.15,DR862144,176.27,0.0,65.0,D,SimuProB-2,EV_107
349.271,58.0,41.55,5211.0,0,4.002,1,61.6,4.179,115.8,125.6,185.0,EV_107,0.0,1220,0.0,DR862144_9,65.0,78847.47,DR862144,176.27,0.0,65.0,D,SimuProB-2,EV_107
347.399,62.0,41.55,5291.0,0,4.001,1,61.58,4.178,117.5,135.2,185.0,EV_107,0.0,1230,0.0,DR862144_9,65.0,78847.8,DR862144,176.27,0.0,65.0,D,SimuProB-2,EV_107
351.359,25.0,41.55,4612.0,0,4.006,1,61.58,4.177,102.5,85.5,185.0,EV_107,0.0,1240,0.0,DR862144_9,65.0,78848.08,DR862144,176.27,0.0,65.0,D,SimuProB-2,EV_107
346.49,72.0,41.55,5368.0,0,3.999,1,61.56,4.18,119.2,148.5,185.0,EV_107,0.0,1250,0.0,DR862144_9,65.0,78848.41,DR862144,176.27,0.0,65.0,D,SimuProB-2,EV_107
345.351,45.0,41.55,5152.0,0,3.995,1,61.52,4.175,114.5,155.3,185.0,EV_107,0.0,1260,0.0,DR862144_9,65.0,78848.73,DR862144,176.27,0.0,65.0,D,SimuProB-2,EV_107
348.618,22.0,41.55,4419.0,0,4.005,1,61.5,4.178,98.2,92.1,185.0,EV_107,0.0,1270,0.0,DR862144_9,65.0,78849.0,DR862144,176.27,0.0,65.0,D,SimuProB-2,EV_107
342.813,75.0,41.55,5350.0,0,3.992,1,61.47,4.182,118.9,162.4,185.0,EV_107,0.0,0,0.0,DR862144_10,65.0,78849.33,DR862144,176.27,0.0,65.0,D,SimuProB-2,EV_107
338.369,68.0,41.55,5287.0,0,3.99,1,61.44,4.185,117.5,165.8,185.0,EV_107,0.0,10,0.0,DR862144_10,65.0,78849.66,DR862144,176.27,0.0,65.0,D,SimuProB-2,EV_107
341.106,35.0,41.55,4761.0,0,4.002,1,61.43,4.18,105.8,115.3,185.0,EV_107,0.0,20,0.0,DR862144_10,65.0,78849.95,DR862144,176.27,0.0,65.0,D,SimuProB-2,EV_107
344.964,0.0,41.55,4329.0,0,4.008,1,61.43,4.183,96.2,-25.4,185.0,EV_107,0.04,30,12.0,DR862144_10,65.0,78850.22,DR862144,176.27,0.0,65.0,D,SimuProB-2,EV_107
342.415,28.0,41.55,4311.0,0,4.01,1,61.4,4.175,95.8,85.2,185.0,EV_107,0.0,40,0.0,DR862144_10,65.0,78850.49,DR862144,176.27,0.0,65.0,D,SimuProB-2,EV_107
345.048,20.0,41.55,4342.0,0,4.015,1,61.4,4.178,96.5,65.5,185.0,EV_107,0.0,50,0.0,DR862144_10,65.0,78850.75,DR862144,176.27,0.0,65.0,D,SimuProB-2,EV_107
343.79,32.0,41.55,4374.0,0,4.005,1,61.38,4.18,97.2,78.3,185.0,EV_107,0.0,60,0.0,DR862144_10,65.0,78851.02,DR862144,176.27,0.0,65.0,D,SimuProB-2,EV_107
341.96,38.0,41.55,4428.0,0,4.003,1,61.37,4.182,98.4,92.1,185.0,EV_107,0.0,70,0.0,DR862144_10,65.0,78851.29,DR862144,176.27,0.0,65.0,D,SimuProB-2,EV_107
339.693,45.0,41.55,4554.0,0,4.001,1,61.35,4.185,101.2,105.6,185.0,EV_107,0.0,80,0.0,DR862144_10,65.0,78851.57,DR862144,176.27,0.0,65.0,D,SimuProB-2,EV_107
341.829,30.0,41.55,4401.0,0,4.012,1,61.34,4.179,97.8,75.4,185.0,EV_107,0.0,90,0.0,DR862144_10,65.0,78851.85,DR862144,176.27,0.0,65.0,D,SimuProB-2,EV_107
340.959,35.0,41.55,4460.0,0,4.008,1,61.31,4.18,99.1,85.2,185.0,EV_107,0.0,100,0.0,DR862144_10,65.0,78852.13,DR862144,176.27,0.0,65.0,D,SimuProB-2,EV_107
339.039,48.0,41.55,4626.0,0,4.002,1,61.28,4.184,102.8,98.5,185.0,EV_107,0.0,110,0.0,DR862144_10,65.0,78852.41,DR862144,176.27,0.0,65.0,D,SimuProB-2,EV_107
342.446,18.0,41.55,4298.0,0,4.014,1,61.28,4.178,95.5,60.2,185.0,EV_107,0.0,120,0.0,DR862144_10,65.0,78852.68,DR862144,176.27,0.0,65.0,D,SimuProB-2,EV_107
339.969,32.0,41.55,4428.0,0,4.005,1,61.26,4.182,98.4,82.3,185.0,EV_107,0.0,130,0.0,DR862144_10,65.0,78852.95,DR862144,176.27,0.0,65.0,D,SimuProB-2,EV_107
341.216,22.0,41.55,4329.0,0,4.011,1,61.24,4.179,96.2,65.8,185.0,EV_107,0.0,140,0.0,DR862144_10,65.0,78853.22,DR862144,176.27,0.0,65.0,D,SimuProB-2,EV_107
339.942,48.0,41.55,4658.0,0,4.003,1,61.24,4.185,103.5,92.1,185.0,EV_107,0.0,150,0.0,DR862144_10,65.0,78853.51,DR862144,176.27,0.0,65.0,D,SimuProB-2,EV_107
338.249,45.0,41.55,4689.0,0,4.001,1,61.22,4.186,104.2,95.2,185.0,EV_107,0.0,160,0.0,DR862144_10,65.0,78853.8,DR862144,176.27,0.0,65.0,D,SimuProB-2,EV_107
343.53,16.0,41.55,4221.0,0,4.015,1,61.21,4.175,93.8,58.5,185.0,EV_107,0.0,170,0.0,DR862144_10,65.0,78854.06,DR862144,176.27,0.0,65.0,D,SimuProB-2,EV_107
340.346,38.0,41.55,4568.0,0,4.006,1,61.2,4.181,101.5,72.4,185.0,EV_107,0.0,180,0.0,DR862144_10,65.0,78854.34,DR862144,176.27,0.0,65.0,D,SimuProB-2,EV_107
337.728,55.0,41.55,4890.0,0,3.998,1,61.19,4.183,108.5,105.4,185.0,EV_107,0.0,190,0.0,DR862144_10,65.0,78854.64,DR862144,176.27,0.0,65.0,D,SimuProB-2,EV_107
336.302,72.0,41.55,5145.0,0,3.991,1,61.16,4.189,114.2,128.7,185.0,EV_107,0.0,200,0.0,DR862144_10,65.0,78854.96,DR862144,176.27,0.0,65.0,D,SimuProB-2,EV_107
338.496,35.0,41.55,4630.0,0,4.002,1,61.15,4.185,102.8,85.3,185.0,EV_107,0.0,210,0.0,DR862144_10,65.0,78855.24,DR862144,176.27,0.0,65.0,D,SimuProB-2,EV_107
337.298,42.0,41.55,4800.0,0,4.005,1,61.14,4.182,106.5,95.2,185.0,EV_107,0.0,220,0.0,DR862144_10,65.0,78855.54,DR862144,176.27,0.0,65.0,D,SimuProB-2,EV_107
335.518,58.0,41.55,5060.0,0,3.995,1,61.13,4.188,112.3,110.5,185.0,EV_107,0.0,230,0.0,DR862144_10,65.0,78855.85,DR862144,176.27,0.0,65.0,D,SimuProB-2,EV_107
339.114,28.0,41.55,4430.0,0,4.008,1,61.12,4.184,98.4,75.6,185.0,EV_107,0.0,240,0.0,DR862144_10,65.0,78856.12,DR862144,176.27,0.0,65.0,D,SimuProB-2,EV_107
338.004,52.0,41.55,4890.0,0,3.998,1,61.1,4.186,108.5,105.4,185.0,EV_107,0.0,250,0.0,DR862144_10,65.0,78856.42,DR862144,176.27,0.0,65.0,D,SimuProB-2,EV_107
334.778,85.0,41.55,5320.0,0,3.992,1,61.1,4.189,118.0,135.2,185.0,EV_107,0.0,260,0.0,DR862144_10,65.0,78856.75,DR862144,176.27,0.0,65.0,D,SimuProB-2,EV_107
336.026,40.0,41.55,4730.0,0,4.001,1,61.07,4.187,105.0,92.8,185.0,EV_107,0.0,270,0.0,DR862144_10,65.0,78857.04,DR862144,176.27,0.0,65.0,D,SimuProB-2,EV_107
337.485,35.0,41.55,4610.0,0,4.003,1,61.05,4.186,102.5,85.2,185.0,EV_107,0.0,280,0.0,DR862144_10,65.0,78857.32,DR862144,176.27,0.0,65.0,D,SimuProB-2,EV_107
342.539,0.0,41.55,4410.0,0,4.005,1,61.05,4.192,98.0,-45.5,185.0,EV_107,0.04,290,12.0,DR862144_10,65.0,78857.6,DR862144,176.27,0.0,65.0,D,SimuProB-2,EV_107
338.993,42.0,41.55,4730.0,0,4.0,1,61.05,4.188,105.0,78.5,185.0,EV_107,0.0,300,0.0,DR862144_10,65.0,78857.89,DR862144,176.27,0.0,65.0,D,SimuProB-2,EV_107
338.763,45.0,41.55,4850.0,0,3.998,1,61.03,4.187,107.5,82.4,185.0,EV_107,0.0,310,0.0,DR862144_10,65.0,78858.19,DR862144,176.27,0.0,65.0,D,SimuProB-2,EV_107
340.39,38.0,41.55,4700.0,0,4.002,1,61.02,4.186,104.0,75.6,185.0,EV_107,0.0,320,0.0,DR862144_10,65.0,78858.48,DR862144,176.27,0.0,65.0,D,SimuProB-2,EV_107
338.771,55.0,41.55,5060.0,0,3.995,1,61.0,4.189,112.0,88.9,185.0,EV_107,0.0,330,0.0,DR862144_10,65.0,78858.79,DR862144,176.27,0.0,65.0,D,SimuProB-2,EV_107
337.424,52.0,41.55,4980.0,0,3.992,1,60.96,4.188,110.2,92.3,185.0,EV_107,0.0,340,0.0,DR862144_10,65.0,78859.1,DR862144,176.27,0.0,65.0,D,SimuProB-2,EV_107
339.284,48.0,41.55,4900.0,0,4.001,1,60.94,4.19,108.5,85.1,185.0,EV_107,0.0,350,0.0,DR862144_10,65.0,78859.4,DR862144,176.27,0.0,65.0,D,SimuProB-2,EV_107
341.669,0.0,41.55,4610.0,0,4.008,1,60.94,4.195,102.0,-15.4,185.0,EV_107,0.05,360,15.0,DR862144_10,65.0,78859.68,DR862144,176.27,0.0,65.0,D,SimuProB-2,EV_107
340.54,42.0,41.55,4750.0,0,3.998,1,60.89,4.182,105.0,72.5,185.0,EV_107,0.0,370,0.0,DR862144_10,65.0,78859.97,DR862144,176.27,0.0,65.0,D,SimuProB-2,EV_107
338.779,48.0,41.55,4890.0,0,3.995,1,60.88,4.185,108.0,82.3,185.0,EV_107,0.0,380,0.0,DR862144_10,65.0,78860.27,DR862144,176.27,0.0,65.0,D,SimuProB-2,EV_107
337.031,58.0,41.55,5110.0,0,3.99,1,60.84,4.188,113.0,95.6,185.0,EV_107,0.0,390,0.0,DR862144_10,65.0,78860.59,DR862144,176.27,0.0,65.0,D,SimuProB-2,EV_107
336.458,65.0,41.55,5330.0,0,3.985,1,60.76,4.192,118.0,105.5,185.0,EV_107,0.0,400,0.0,DR862144_10,65.0,78860.92,DR862144,176.27,0.0,65.0,D,SimuProB-2,EV_107
334.137,60.0,41.55,5260.0,0,3.978,1,60.7,4.195,116.5,115.2,185.0,EV_107,0.0,410,0.0,DR862144_10,65.0,78861.24,DR862144,176.27,0.0,65.0,D,SimuProB-2,EV_107
338.145,0.0,41.55,4610.0,0,3.982,1,60.69,4.198,102.0,25.4,185.0,EV_107,0.06,420,30.0,DR862144_10,65.0,78861.52,DR862144,176.27,0.0,65.0,D,SimuProB-2,EV_107
336.911,45.0,41.55,4860.0,0,3.985,1,60.64,4.2,107.5,88.5,185.0,EV_107,0.0,430,0.0,DR862144_10,65.0,78861.82,DR862144,176.27,0.0,65.0,D,SimuProB-2,EV_107
335.248,62.0,41.55,5200.0,0,3.98,1,60.63,4.205,115.0,112.4,185.0,EV_107,0.0,440,0.0,DR862144_10,65.0,78862.14,DR862144,176.27,0.0,65.0,D,SimuProB-2,EV_107
334.403,55.0,41.55,5060.0,0,3.975,1,60.59,4.208,112.0,105.8,185.0,EV_107,0.0,450,0.0,DR862144_10,65.0,78862.45,DR862144,176.27,0.0,65.0,D,SimuProB-2,EV_107
336.005,65.0,41.55,5340.0,0,3.972,1,60.58,4.21,118.2,118.5,185.0,EV_107,0.0,460,0.0,DR862144_10,65.0,78862.78,DR862144,176.27,0.0,65.0,D,SimuProB-2,EV_107
334.117,70.0,41.55,5400.0,0,3.968,1,60.55,4.212,119.5,125.3,185.0,EV_107,0.0,470,0.0,DR862144_10,65.0,78863.11,DR862144,176.27,0.0,65.0,D,SimuProB-2,EV_107
335.74,40.0,41.55,4990.0,0,3.975,1,60.55,4.215,110.5,95.2,185.0,EV_107,0.0,480,0.0,DR862144_10,65.0,78863.42,DR862144,176.27,0.0,65.0,D,SimuProB-2,EV_107
333.897,78.0,41.55,5500.0,0,3.965,1,60.51,4.218,121.5,135.6,185.0,EV_107,0.0,490,0.0,DR862144_10,65.0,78863.76,DR862144,176.27,0.0,65.0,D,SimuProB-2,EV_107
336.737,30.0,41.55,4750.0,0,3.97,1,60.48,4.22,105.0,88.4,185.0,EV_107,0.0,500,15.0,DR862144_10,65.0,78864.05,DR862144,176.27,0.0,65.0,D,SimuProB-2,EV_107
335.423,58.0,41.55,5250.0,0,3.962,1,60.44,4.222,116.0,102.5,185.0,EV_107,0.0,510,0.0,DR862144_10,65.0,78864.37,DR862144,176.27,0.0,65.0,D,SimuProB-2,EV_107
333.343,82.0,41.55,5600.0,0,3.96,1,60.39,4.225,123.5,138.2,185.0,EV_107,0.0,520,0.0,DR862144_10,65.0,78864.71,DR862144,176.27,0.0,65.0,D,SimuProB-2,EV_107
335.521,35.0,41.55,4900.0,0,3.965,1,60.37,4.228,108.0,92.5,185.0,EV_107,0.0,530,12.0,DR862144_10,65.0,78865.01,DR862144,176.27,0.0,65.0,D,SimuProB-2,EV_107
334.792,65.0,41.55,5200.0,0,3.962,1,60.34,4.23,114.5,115.4,185.0,EV_107,0.0,540,0.0,DR862144_10,65.0,78865.33,DR862144,176.27,0.0,65.0,D,SimuProB-2,EV_107
333.289,45.0,41.55,5080.0,0,3.964,1,60.29,4.232,112.0,128.5,185.0,EV_107,0.0,550,0.0,DR862144_10,65.0,78865.64,DR862144,176.27,0.0,65.0,D,SimuProB-2,EV_107
336.794,0.0,41.55,4450.0,0,3.966,1,60.24,4.234,98.0,-15.2,185.0,EV_107,0.05,560,18.0,DR862144_10,65.0,78865.91,DR862144,176.27,0.0,65.0,D,SimuProB-2,EV_107
334.166,38.0,41.55,4760.0,0,3.963,1,60.21,4.231,105.0,95.8,185.0,EV_107,0.0,570,0.0,DR862144_10,65.0,78866.21,DR862144,176.27,0.0,65.0,D,SimuProB-2,EV_107
333.953,42.0,41.55,4850.0,0,3.965,1,60.18,4.23,107.5,105.2,185.0,EV_107,0.0,580,0.0,DR862144_10,65.0,78866.51,DR862144,176.27,0.0,65.0,D,SimuProB-2,EV_107
332.793,55.0,41.55,5060.0,0,3.963,1,60.14,4.233,112.0,118.5,185.0,EV_107,0.0,590,0.0,DR862144_10,65.0,78866.82,DR862144,176.27,0.0,65.0,D,SimuProB-2,EV_107
334.318,0.0,41.55,4540.0,0,3.964,1,60.1,4.235,100.5,-25.4,185.0,EV_107,0.06,600,32.0,DR862144_10,65.0,78867.1,DR862144,176.27,0.0,65.0,D,SimuProB-2,EV_107
348.729,28.0,41.55,4610.0,0,3.968,1,60.07,4.232,102.0,65.0,185.0,EV_107,0.0,610,0.0,DR862144_10,65.0,78867.38,DR862144,176.27,0.0,65.0,D,SimuProB-2,EV_107
346.574,45.0,41.55,4910.0,0,3.962,1,60.04,4.235,108.5,85.5,185.0,EV_107,0.0,620,0.0,DR862144_10,65.0,78867.68,DR862144,176.27,0.0,65.0,D,SimuProB-2,EV_107
349.014,0.0,41.55,4700.0,0,3.97,1,59.99,4.238,104.0,-18.5,185.0,EV_107,0.04,630,12.0,DR862144_10,65.0,78867.97,DR862144,176.27,0.0,65.0,D,SimuProB-2,EV_107
344.834,52.0,41.55,5140.0,0,3.965,1,59.92,4.234,113.5,105.3,185.0,EV_107,0.0,640,0.0,DR862144_10,65.0,78868.29,DR862144,176.27,0.0,65.0,D,SimuProB-2,EV_107
347.92,0.0,41.55,4900.0,0,3.967,1,59.89,4.236,108.0,-22.1,185.0,EV_107,0.05,650,18.0,DR862144_10,65.0,78868.59,DR862144,176.27,0.0,65.0,D,SimuProB-2,EV_107
344.957,68.0,41.55,5340.0,0,3.961,1,59.83,4.231,118.0,125.8,185.0,EV_107,0.0,660,0.0,DR862144_10,65.0,78868.91,DR862144,176.27,0.0,65.0,D,SimuProB-2,EV_107
340.592,75.0,41.55,5530.0,0,3.955,1,59.73,4.228,122.5,145.2,185.0,EV_107,0.0,670,0.0,DR862144_10,65.0,78869.25,DR862144,176.27,0.0,65.0,D,SimuProB-2,EV_107
343.554,40.0,41.55,5240.0,0,3.96,1,59.71,4.232,116.0,98.4,185.0,EV_107,0.0,680,0.0,DR862144_10,65.0,78869.57,DR862144,176.27,0.0,65.0,D,SimuProB-2,EV_107
345.459,0.0,41.55,4950.0,0,3.958,1,59.67,4.23,109.5,-15.3,185.0,EV_107,0.06,690,8.0,DR862144_10,65.0,78869.88,DR862144,176.27,0.0,65.0,D,SimuProB-2,EV_107
341.919,45.0,41.55,5110.0,0,3.959,1,59.62,4.231,113.2,85.4,185.0,EV_107,0.0,700,0.0,DR862144_10,65.0,78870.19,DR862144,176.27,0.0,65.0,D,SimuProB-2,EV_107
338.776,62.0,41.55,5410.0,0,3.956,1,59.59,4.229,119.8,112.6,185.0,EV_107,0.0,710,0.0,DR862144_10,65.0,78870.53,DR862144,176.27,0.0,65.0,D,SimuProB-2,EV_107
344.704,0.0,41.55,4720.0,0,3.962,1,59.57,4.233,104.5,-28.5,185.0,EV_107,0.07,720,12.0,DR862144_10,65.0,78870.82,DR862144,176.27,0.0,65.0,D,SimuProB-2,EV_107
342.189,42.0,41.55,5080.0,0,3.958,1,59.54,4.231,112.4,88.5,185.0,EV_107,0.0,730,0.0,DR862144_10,65.0,78871.13,DR862144,176.27,0.0,65.0,D,SimuProB-2,EV_107
337.964,68.0,41.55,5360.0,0,3.954,1,59.5,4.228,118.5,125.2,185.0,EV_107,0.0,740,0.0,DR862144_10,65.0,78871.46,DR862144,176.27,0.0,65.0,D,SimuProB-2,EV_107
340.986,0.0,41.55,4900.0,0,3.96,1,59.48,4.23,108.2,-18.4,185.0,EV_107,0.05,750,10.0,DR862144_10,65.0,78871.76,DR862144,176.27,0.0,65.0,D,SimuProB-2,EV_107
337.392,72.0,41.55,5230.0,0,3.955,1,59.42,4.23,115.6,135.4,185.0,EV_107,0.0,760,0.0,DR862144_10,65.0,78872.08,DR862144,176.27,0.0,65.0,D,SimuProB-2,EV_107
336.188,78.0,41.55,5380.0,0,3.952,1,59.38,4.228,118.9,148.2,185.0,EV_107,0.0,770,0.0,DR862144_10,65.0,78872.41,DR862144,176.27,0.0,65.0,D,SimuProB-2,EV_107
341.553,0.0,41.55,4760.0,0,3.96,1,59.35,4.232,105.2,-22.6,185.0,EV_107,0.06,780,15.0,DR862144_10,65.0,78872.7,DR862144,176.27,0.0,65.0,D,SimuProB-2,EV_107
337.24,75.0,41.55,5290.0,0,3.953,1,59.34,4.229,116.8,132.5,185.0,EV_107,0.0,790,0.0,DR862144_10,65.0,78873.02,DR862144,176.27,0.0,65.0,D,SimuProB-2,EV_107
336.609,82.0,41.55,5450.0,0,3.951,1,59.32,4.231,120.5,155.8,185.0,EV_107,0.0,800,0.0,DR862144_10,65.0,78873.36,DR862144,176.27,0.0,65.0,D,SimuProB-2,EV_107
341.008,0.0,41.55,4950.0,0,3.962,1,59.3,4.233,109.4,-25.3,185.0,EV_107,0.07,810,12.0,DR862144_10,65.0,78873.66,DR862144,176.27,0.0,65.0,D,SimuProB-2,EV_107
336.667,85.0,41.55,5500.0,0,3.955,1,59.27,4.23,121.5,145.3,185.0,EV_107,0.0,820,0.0,DR862144_10,65.0,78874.0,DR862144,176.27,0.0,65.0,D,SimuProB-2,EV_107
342.378,0.0,41.55,4890.0,0,3.965,1,59.24,4.235,108.2,-18.5,185.0,EV_107,0.05,830,18.0,DR862144_10,65.0,78874.3,DR862144,176.27,0.0,65.0,D,SimuProB-2,EV_107
336.173,90.0,41.55,5600.0,0,3.95,1,59.2,4.228,123.8,160.2,185.0,EV_107,0.0,840,0.0,DR862144_10,65.0,78874.64,DR862144,176.27,0.0,65.0,D,SimuProB-2,EV_107
336.579,75.0,41.55,5350.0,0,3.952,1,59.15,4.229,118.5,148.5,185.0,EV_107,0.0,850,0.0,DR862144_10,65.0,78874.97,DR862144,176.27,0.0,65.0,D,SimuProB-2,EV_107
341.838,0.0,41.55,4750.0,0,3.958,1,59.12,4.232,105.0,-22.0,185.0,EV_107,0.06,860,15.0,DR862144_10,65.0,78875.26,DR862144,176.27,0.0,65.0,D,SimuProB-2,EV_107
337.285,80.0,41.55,5400.0,0,3.954,1,59.08,4.23,120.0,152.0,185.0,EV_107,0.0,870,0.0,DR862144_10,65.0,78875.59,DR862144,176.27,0.0,65.0,D,SimuProB-2,EV_107
334.712,78.0,41.55,5380.0,0,3.95,1,59.04,4.225,119.5,145.0,185.0,EV_107,0.0,880,0.0,DR862144_10,65.0,78875.92,DR862144,176.27,0.0,65.0,D,SimuProB-2,EV_107
339.79,0.0,41.55,4800.0,0,3.955,1,59.01,4.23,106.5,-25.0,185.0,EV_107,0.06,890,12.0,DR862144_10,65.0,78876.22,DR862144,176.27,0.0,65.0,D,SimuProB-2,EV_107
335.61,85.0,41.55,5500.0,0,3.952,1,58.97,4.228,122.0,155.0,185.0,EV_107,0.0,900,0.0,DR862144_10,65.0,78876.56,DR862144,176.27,0.0,65.0,D,SimuProB-2,EV_107
332.852,75.0,41.55,5340.0,0,3.951,1,58.92,4.226,118.5,148.5,185.0,EV_107,0.0,910,0.0,DR862144_10,65.0,78876.89,DR862144,176.27,0.0,65.0,D,SimuProB-2,EV_107
336.531,0.0,41.55,4870.0,0,3.953,1,58.88,4.229,108.0,-18.2,185.0,EV_107,0.05,920,10.0,DR862144_10,65.0,78877.19,DR862144,176.27,0.0,65.0,D,SimuProB-2,EV_107
332.183,82.0,41.55,5370.0,0,3.949,1,58.83,4.227,119.0,162.0,185.0,EV_107,0.0,930,0.0,DR862144_10,65.0,78877.52,DR862144,176.27,0.0,65.0,D,SimuProB-2,EV_107
335.426,70.0,41.55,5180.0,0,3.95,1,58.78,4.225,115.0,145.2,185.0,EV_107,0.0,940,0.0,DR862144_10,65.0,78877.84,DR862144,176.27,0.0,65.0,D,SimuProB-2,EV_107
333.477,80.0,41.55,5380.0,0,3.948,1,58.73,4.228,119.5,158.5,185.0,EV_107,0.0,950,0.0,DR862144_10,65.0,78878.17,DR862144,176.27,0.0,65.0,D,SimuProB-2,EV_107
336.834,0.0,41.55,4730.0,0,3.955,1,58.69,4.23,105.0,-22.5,185.0,EV_107,0.05,960,8.0,DR862144_10,65.0,78878.46,DR862144,176.27,0.0,65.0,D,SimuProB-2,EV_107
334.549,75.0,41.55,5290.0,0,3.951,1,58.64,4.226,117.5,148.5,185.0,EV_107,0.0,970,0.0,DR862144_10,65.0,78878.79,DR862144,176.27,0.0,65.0,D,SimuProB-2,EV_107
332.443,88.0,41.55,5450.0,0,3.947,1,58.58,4.228,121.0,165.3,185.0,EV_107,0.0,980,0.0,DR862144_10,65.0,78879.12,DR862144,176.27,0.0,65.0,D,SimuProB-2,EV_107
331.778,92.0,41.55,5560.0,0,3.945,1,58.53,4.225,123.5,172.8,185.0,EV_107,0.0,990,0.0,DR862144_10,65.0,78879.47,DR862144,176.27,0.0,65.0,D,SimuProB-2,EV_107
331.182,90.0,41.55,5490.0,0,3.942,1,58.47,4.223,122.0,178.5,185.0,EV_107,0.0,1000,0.0,DR862144_10,65.0,78879.81,DR862144,176.27,0.0,65.0,D,SimuProB-2,EV_107
330.777,85.0,41.55,5420.0,0,3.94,1,58.41,4.221,120.5,182.1,185.0,EV_107,0.0,1010,0.0,DR862144_10,65.0,78880.14,DR862144,176.27,0.0,65.0,D,SimuProB-2,EV_107
332.205,0.0,41.55,5040.0,0,3.944,1,58.39,4.224,112.0,-15.4,185.0,EV_107,0.04,1020,12.0,DR862144_10,65.0,78880.45,DR862144,176.27,0.0,65.0,D,SimuProB-2,EV_107
330.07,82.0,41.55,5240.0,0,3.938,1,58.32,4.219,116.5,175.2,185.0,EV_107,0.0,1030,0.0,DR862144_10,65.0,78880.77,DR862144,176.27,0.0,65.0,D,SimuProB-2,EV_107
329.539,86.0,41.55,5310.0,0,3.935,1,58.26,4.217,118.0,180.5,185.0,EV_107,0.0,1040,0.0,DR862144_10,65.0,78881.1,DR862144,176.27,0.0,65.0,D,SimuProB-2,EV_107
329.036,89.0,41.55,5370.0,0,3.933,1,58.19,4.215,119.5,184.8,185.0,EV_107,0.0,1050,0.0,DR862144_10,65.0,78881.43,DR862144,176.27,0.0,65.0,D,SimuProB-2,EV_107
329.008,90.0,41.55,5445.0,0,3.931,1,58.12,4.213,121.0,188.4,185.0,EV_107,0.0,1060,0.0,DR862144_10,65.0,78881.77,DR862144,176.27,0.0,65.0,D,SimuProB-2,EV_107
327.482,88.0,41.55,5409.0,0,3.929,1,58.03,4.211,120.2,192.6,185.0,EV_107,0.0,1070,0.0,DR862144_10,65.0,78882.1,DR862144,176.27,0.0,65.0,D,SimuProB-2,EV_107
328.58,84.0,41.55,5346.0,0,3.932,1,57.97,4.214,118.8,185.9,185.0,EV_107,0.0,1080,0.0,DR862144_10,65.0,78882.43,DR862144,176.27,0.0,65.0,D,SimuProB-2,EV_107
327.857,87.0,41.55,5378.0,0,3.93,1,57.88,4.212,119.5,190.2,185.0,EV_107,0.0,1090,0.0,DR862144_10,65.0,78882.76,DR862144,176.27,0.0,65.0,D,SimuProB-2,EV_107
328.76,82.0,41.55,5275.0,0,3.933,1,57.82,4.215,117.2,182.5,185.0,EV_107,0.0,1100,0.0,DR862144_10,65.0,78883.09,DR862144,176.27,0.0,65.0,D,SimuProB-2,EV_107
326.269,91.0,41.55,5436.0,0,3.927,1,57.72,4.209,120.8,195.8,185.0,EV_107,0.0,1110,0.0,DR862144_10,65.0,78883.42,DR862144,176.27,0.0,65.0,D,SimuProB-2,EV_107
324.639,92.0,41.55,5468.0,0,3.922,1,57.62,4.205,121.5,198.5,185.0,EV_107,0.0,1120,0.0,DR862144_10,65.0,78883.76,DR862144,176.27,0.0,65.0,D,SimuProB-2,EV_107
327.197,85.0,41.55,5391.0,0,3.928,1,57.55,4.21,119.8,188.2,185.0,EV_107,0.0,1130,0.0,DR862144_10,65.0,78884.09,DR862144,176.27,0.0,65.0,D,SimuProB-2,EV_107
326.978,89.0,41.55,5441.0,0,3.925,1,57.46,4.207,120.9,193.1,185.0,EV_107,0.0,1140,0.0,DR862144_10,65.0,78884.43,DR862144,176.27,0.0,65.0,D,SimuProB-2,EV_107
325.234,86.0,41.55,5332.0,0,3.926,1,57.35,4.208,118.5,196.4,185.0,EV_107,0.0,1150,0.0,DR862144_10,65.0,78884.76,DR862144,176.27,0.0,65.0,D,SimuProB-2,EV_107
327.5,0.0,41.55,4734.0,0,3.931,1,57.28,4.212,105.2,-45.2,185.0,EV_107,0.05,1160,35.0,DR862144_10,65.0,78885.05,DR862144,176.27,0.0,65.0,D,SimuProB-2,EV_107
329.864,0.0,41.55,4158.0,0,3.937,1,57.19,4.218,92.4,-55.8,185.0,EV_107,0.08,1170,45.0,DR862144_10,65.0,78885.31,DR862144,176.27,0.0,65.0,D,SimuProB-2,EV_107
335.535,35.0,41.55,4284.0,0,3.942,1,57.1,4.221,95.2,72.5,185.0,EV_107,0.0,1180,0.0,DR862144_10,65.0,78885.57,DR862144,176.27,0.0,65.0,D,SimuProB-2,EV_107
338.26,55.0,41.55,4613.0,0,3.948,1,57.03,4.225,102.5,85.3,185.0,EV_107,0.0,1190,0.0,DR862144_10,65.0,78885.86,DR862144,176.27,0.0,65.0,D,SimuProB-2,EV_107
341.039,65.0,41.55,4870.0,0,3.952,1,56.94,4.229,108.2,98.7,185.0,EV_107,0.0,1200,0.0,DR862144_10,65.0,78886.16,DR862144,176.27,0.0,65.0,D,SimuProB-2,EV_107
340.628,75.0,41.55,5058.0,0,3.956,1,56.84,4.232,112.4,105.2,185.0,EV_107,0.0,1210,0.0,DR862144_10,65.0,78886.47,DR862144,176.27,0.0,65.0,D,SimuProB-2,EV_107
340.122,85.0,41.55,5314.0,0,3.959,1,56.77,4.235,118.1,115.6,185.0,EV_107,0.0,1220,0.0,DR862144_10,65.0,78886.8,DR862144,176.27,0.0,65.0,D,SimuProB-2,EV_107
341.725,45.0,41.55,5197.0,0,3.962,1,56.69,4.238,115.5,88.4,185.0,EV_107,0.0,1230,0.0,DR862144_10,65.0,78887.12,DR862144,176.27,0.0,65.0,D,SimuProB-2,EV_107
344.615,48.0,41.55,5076.0,0,3.965,1,56.61,4.241,112.8,95.2,185.0,EV_107,0.0,1240,0.0,DR862144_10,65.0,78887.43,DR862144,176.27,0.0,65.0,D,SimuProB-2,EV_107
342.307,35.0,41.55,4738.0,0,3.968,1,56.52,4.244,105.3,102.5,185.0,EV_107,0.0,1250,0.0,DR862144_10,65.0,78887.73,DR862144,176.27,0.0,65.0,D,SimuProB-2,EV_107
345.033,0.0,41.55,4441.0,0,3.971,1,56.45,4.247,98.7,-15.4,185.0,EV_107,0.05,1260,12.0,DR862144_10,65.0,78888.0,DR862144,176.27,0.0,65.0,D,SimuProB-2,EV_107
348.298,0.0,41.55,4342.0,0,3.974,1,56.38,4.25,96.5,-8.5,185.0,EV_107,0.06,1270,8.0,DR862144_10,65.0,78888.27,DR862144,176.27,0.0,65.0,D,SimuProB-2,EV_107
352.023,42.0,41.55,4592.0,0,3.977,1,56.28,4.253,102.1,45.2,185.0,EV_107,0.0,0,0.0,DR862144_11,65.0,78888.55,DR862144,176.27,0.0,65.0,D,SimuProB-2,EV_107
357.306,55.0,41.55,4875.0,0,3.98,1,56.21,4.256,108.4,78.9,185.0,EV_107,0.0,10,0.0,DR862144_11,65.0,78888.85,DR862144,176.27,0.0,65.0,D,SimuProB-2,EV_107
353.868,62.0,41.55,5063.0,0,3.982,1,56.11,4.258,112.5,95.2,185.0,EV_107,0.0,20,0.0,DR862144_11,65.0,78889.16,DR862144,176.27,0.0,65.0,D,SimuProB-2,EV_107
350.527,75.0,41.55,5229.0,0,3.985,1,56.01,4.26,116.2,115.8,185.0,EV_107,0.0,30,0.0,DR862144_11,65.0,78889.49,DR862144,176.27,0.0,65.0,D,SimuProB-2,EV_107
356.045,48.0,41.55,4941.0,0,3.988,1,55.97,4.262,109.8,72.4,185.0,EV_107,0.0,40,0.0,DR862144_11,65.0,78889.79,DR862144,176.27,0.0,65.0,D,SimuProB-2,EV_107
350.955,78.0,41.55,5332.0,0,3.991,1,55.87,4.265,118.5,105.3,185.0,EV_107,0.0,50,0.0,DR862144_11,65.0,78890.12,DR862144,176.27,0.0,65.0,D,SimuProB-2,EV_107
354.743,45.0,41.55,5138.0,0,3.99,1,55.82,4.264,114.2,68.5,185.0,EV_107,0.0,60,0.0,DR862144_11,65.0,78890.44,DR862144,176.27,0.0,65.0,D,SimuProB-2,EV_107
353.311,52.0,41.55,5255.0,0,3.992,1,55.75,4.266,116.8,82.1,185.0,EV_107,0.0,70,0.0,DR862144_11,65.0,78890.76,DR862144,176.27,0.0,65.0,D,SimuProB-2,EV_107
351.361,55.0,41.55,5287.0,0,3.993,1,55.69,4.263,117.5,95.5,185.0,EV_107,0.0,80,0.0,DR862144_11,65.0,78891.09,DR862144,176.27,0.0,65.0,D,SimuProB-2,EV_107
356.469,42.0,41.55,5013.0,0,3.994,1,55.65,4.265,111.4,62.3,185.0,EV_107,0.0,90,0.0,DR862144_11,65.0,78891.4,DR862144,176.27,0.0,65.0,D,SimuProB-2,EV_107
349.795,82.0,41.55,5366.0,0,3.995,1,55.57,4.268,119.2,128.4,185.0,EV_107,0.0,100,0.0,DR862144_11,65.0,78891.73,DR862144,176.27,0.0,65.0,D,SimuProB-2,EV_107
351.512,85.0,41.55,5334.0,0,3.997,1,55.48,4.271,118.5,135.2,185.0,EV_107,0.0,110,0.0,DR862144_11,65.0,78892.06,DR862144,176.27,0.0,65.0,D,SimuProB-2,EV_107
353.679,58.0,41.55,5190.0,0,3.995,1,55.44,4.269,115.3,92.4,185.0,EV_107,0.0,120,0.0,DR862144_11,65.0,78892.38,DR862144,176.27,0.0,65.0,D,SimuProB-2,EV_107
355.426,50.0,41.55,5122.0,0,3.996,1,55.39,4.268,113.8,78.9,185.0,EV_107,0.0,130,0.0,DR862144_11,65.0,78892.7,DR862144,176.27,0.0,65.0,D,SimuProB-2,EV_107
352.557,48.0,41.55,5064.0,0,3.992,1,55.32,4.265,112.5,85.2,185.0,EV_107,0.0,140,0.0,DR862144_11,65.0,78893.01,DR862144,176.27,0.0,65.0,D,SimuProB-2,EV_107
354.37,40.0,41.55,4961.0,0,3.99,1,55.27,4.262,110.2,68.5,185.0,EV_107,0.0,150,0.0,DR862144_11,65.0,78893.32,DR862144,176.27,0.0,65.0,D,SimuProB-2,EV_107
356.475,35.0,41.55,4862.0,0,3.988,1,55.22,4.26,108.0,55.8,185.0,EV_107,0.0,160,0.0,DR862144_11,65.0,78893.62,DR862144,176.27,0.0,65.0,D,SimuProB-2,EV_107
355.083,38.0,41.55,4930.0,0,3.986,1,55.17,4.258,109.5,62.3,185.0,EV_107,0.0,170,0.0,DR862144_11,65.0,78893.92,DR862144,176.27,0.0,65.0,D,SimuProB-2,EV_107
352.189,55.0,41.55,5142.0,0,3.983,1,55.09,4.261,114.2,88.7,185.0,EV_107,0.0,180,0.0,DR862144_11,65.0,78894.24,DR862144,176.27,0.0,65.0,D,SimuProB-2,EV_107
355.012,42.0,41.55,5034.0,0,3.991,1,55.06,4.264,111.8,71.4,185.0,EV_107,0.0,190,0.0,DR862144_11,65.0,78894.55,DR862144,176.27,0.0,65.0,D,SimuProB-2,EV_107
355.94,36.0,41.55,4975.0,0,3.985,1,55.0,4.26,110.5,58.2,185.0,EV_107,0.0,200,0.0,DR862144_11,64.9,78894.86,DR862144,176.27,0.0,65.0,D,SimuProB-2,EV_107
355.335,44.0,41.55,5056.0,0,3.982,1,54.94,4.258,112.3,65.1,185.0,EV_107,0.0,210,0.0,DR862144_11,65.0,78895.17,DR862144,176.27,0.0,65.0,D,SimuProB-2,EV_107
356.335,32.0,41.55,4944.0,0,3.988,1,54.91,4.262,109.8,52.4,185.0,EV_107,0.0,220,0.0,DR862144_11,65.0,78895.47,DR862144,176.27,0.0,65.0,D,SimuProB-2,EV_107
354.441,38.0,41.55,5020.0,0,3.984,1,54.85,4.259,111.5,62.3,185.0,EV_107,0.0,230,0.0,DR862144_11,65.0,78895.78,DR862144,176.27,0.0,65.0,D,SimuProB-2,EV_107
354.105,48.0,41.55,5124.0,0,3.98,1,54.76,4.263,113.8,75.6,185.0,EV_107,0.0,240,0.0,DR862144_11,65.0,78896.1,DR862144,176.27,0.0,65.0,D,SimuProB-2,EV_107
354.472,35.0,41.55,4962.0,0,3.986,1,54.7,4.26,110.2,68.1,185.0,EV_107,0.0,250,0.0,DR862144_11,65.0,78896.4,DR862144,176.27,0.0,65.0,D,SimuProB-2,EV_107
353.413,52.0,41.55,5155.0,0,3.981,1,54.64,4.265,114.5,82.5,185.0,EV_107,0.0,260,0.0,DR862144_11,65.0,78896.72,DR862144,176.27,0.0,65.0,D,SimuProB-2,EV_107
352.718,75.0,41.55,5322.0,0,3.975,1,54.55,4.27,118.2,145.2,185.0,EV_107,0.0,270,0.0,DR862144_11,65.0,78897.05,DR862144,176.27,0.0,65.0,D,SimuProB-2,EV_107
353.696,30.0,41.55,5180.0,0,3.983,1,54.48,4.268,115.0,55.8,185.0,EV_107,0.0,280,0.0,DR862144_11,65.0,78897.37,DR862144,176.27,0.0,65.0,D,SimuProB-2,EV_107
353.921,32.0,41.55,5022.0,0,3.988,1,54.4,4.272,111.5,62.4,185.0,EV_107,0.0,290,0.0,DR862144_11,65.0,78897.68,DR862144,176.27,0.0,65.0,D,SimuProB-2,EV_107
353.049,72.0,41.55,5391.0,0,3.978,1,54.32,4.275,119.8,135.6,185.0,EV_107,0.0,300,0.0,DR862144_11,65.0,78898.01,DR862144,176.27,0.0,65.0,D,SimuProB-2,EV_107
354.257,30.0,41.55,5088.0,0,3.991,1,54.25,4.278,113.0,58.2,185.0,EV_107,0.0,310,0.0,DR862144_11,65.0,78898.33,DR862144,176.27,0.0,65.0,D,SimuProB-2,EV_107
353.497,73.0,41.55,5340.0,0,3.982,1,54.16,4.274,118.5,142.5,185.0,EV_107,0.0,320,0.0,DR862144_11,65.0,78898.66,DR862144,176.27,0.0,65.0,D,SimuProB-2,EV_107
354.426,31.0,41.55,5068.0,0,3.986,1,54.09,4.276,112.5,60.8,185.0,EV_107,0.0,330,0.0,DR862144_11,65.0,78898.97,DR862144,176.27,0.0,65.0,D,SimuProB-2,EV_107
354.187,29.0,41.55,4955.0,0,3.99,1,54.02,4.279,110.0,58.5,185.0,EV_107,0.0,340,0.0,DR862144_11,65.0,78899.28,DR862144,176.27,0.0,65.0,D,SimuProB-2,EV_107
351.683,65.0,41.55,5184.0,0,3.985,1,53.94,4.272,115.2,125.4,185.0,EV_107,0.0,350,0.0,DR862144_11,65.0,78899.6,DR862144,176.27,0.0,65.0,D,SimuProB-2,EV_107
354.051,35.0,41.55,5017.0,0,3.988,1,53.86,4.275,111.5,62.1,185.0,EV_107,0.0,360,0.0,DR862144_11,65.0,78899.91,DR862144,176.27,0.0,65.0,D,SimuProB-2,EV_107
352.164,70.0,41.55,5320.0,0,3.98,1,53.78,4.27,118.0,138.2,185.0,EV_107,0.0,370,0.0,DR862144_11,65.0,78900.24,DR862144,176.27,0.0,65.0,D,SimuProB-2,EV_107
350.094,75.0,41.55,5387.0,0,3.982,1,53.68,4.275,119.5,145.3,185.0,EV_107,0.0,380,0.0,DR862144_11,65.0,78900.57,DR862144,176.27,0.0,65.0,D,SimuProB-2,EV_107
352.822,32.0,41.55,5085.0,0,3.986,1,53.62,4.278,113.0,65.4,185.0,EV_107,0.0,390,0.0,DR862144_11,65.0,78900.89,DR862144,176.27,0.0,65.0,D,SimuProB-2,EV_107
354.699,25.0,41.55,4882.0,0,3.99,1,53.54,4.28,108.5,52.1,185.0,EV_107,0.0,400,0.0,DR862144_11,65.0,78901.19,DR862144,176.27,0.0,65.0,D,SimuProB-2,EV_107
353.583,38.0,41.55,5139.0,0,3.988,1,53.48,4.279,114.2,78.5,185.0,EV_107,0.0,410,0.0,DR862144_11,65.0,78901.51,DR862144,176.27,0.0,65.0,D,SimuProB-2,EV_107
351.095,72.0,41.55,5436.0,0,3.978,1,53.38,4.276,120.8,142.6,185.0,EV_107,0.0,420,0.0,DR862144_11,65.0,78901.84,DR862144,176.27,0.0,65.0,D,SimuProB-2,EV_107
353.625,0.0,41.55,4927.0,0,3.991,1,53.32,4.281,109.5,-18.5,185.0,EV_107,0.05,430,15.0,DR862144_11,65.0,78902.15,DR862144,176.27,0.0,65.0,D,SimuProB-2,EV_107
350.714,68.0,41.55,5332.0,0,3.975,1,53.27,4.275,118.5,135.4,185.0,EV_107,0.0,440,0.0,DR862144_11,65.0,78902.48,DR862144,176.27,0.0,65.0,D,SimuProB-2,EV_107
356.573,22.0,41.55,5040.0,0,3.992,1,53.25,4.282,112.0,45.2,185.0,EV_107,0.0,450,0.0,DR862144_11,65.0,78902.79,DR862144,176.27,0.0,65.0,D,SimuProB-2,EV_107
354.707,35.0,41.55,5211.0,0,3.989,1,53.21,4.28,115.8,58.7,185.0,EV_107,0.0,460,0.0,DR862144_11,65.0,78903.11,DR862144,176.27,0.0,65.0,D,SimuProB-2,EV_107
351.927,78.0,41.55,5508.0,0,3.995,1,53.15,4.285,122.4,148.3,185.0,EV_107,0.0,470,0.0,DR862144_11,65.0,78903.45,DR862144,176.27,0.0,65.0,D,SimuProB-2,EV_107
348.875,65.0,41.55,5315.0,0,3.988,1,53.05,4.292,118.1,165.1,185.0,EV_107,0.0,480,0.0,DR862144_11,65.0,78903.78,DR862144,176.27,0.0,65.0,D,SimuProB-2,EV_107
354.942,0.0,41.55,4752.0,0,4.001,1,53.04,4.298,105.6,-22.4,185.0,EV_107,0.06,490,20.0,DR862144_11,65.0,78904.07,DR862144,176.27,0.0,65.0,D,SimuProB-2,EV_107
352.344,25.0,41.55,4959.0,0,4.005,1,53.0,4.295,110.2,52.3,185.0,EV_107,0.0,500,0.0,DR862144_11,65.0,78904.38,DR862144,176.27,0.0,65.0,D,SimuProB-2,EV_107
351.087,32.0,41.55,5153.0,0,4.002,1,52.94,4.298,114.5,68.5,185.0,EV_107,0.0,510,0.0,DR862144_11,65.0,78904.69,DR862144,176.27,0.0,65.0,D,SimuProB-2,EV_107
353.488,0.0,41.55,4874.0,0,4.01,1,52.93,4.301,108.3,-15.2,185.0,EV_107,0.05,520,12.0,DR862144_11,65.0,78905.0,DR862144,176.27,0.0,65.0,D,SimuProB-2,EV_107
350.047,38.0,41.55,5063.0,0,4.008,1,52.86,4.302,112.5,75.4,185.0,EV_107,0.0,530,0.0,DR862144_11,65.0,78905.31,DR862144,176.27,0.0,65.0,D,SimuProB-2,EV_107
349.016,55.0,41.55,5256.0,0,4.005,1,52.78,4.299,116.8,145.2,185.0,EV_107,0.0,540,0.0,DR862144_11,65.0,78905.64,DR862144,176.27,0.0,65.0,D,SimuProB-2,EV_107
352.076,0.0,41.55,4914.0,0,4.012,1,52.77,4.305,109.2,-18.5,185.0,EV_107,0.06,550,15.0,DR862144_11,65.0,78905.94,DR862144,176.27,0.0,65.0,D,SimuProB-2,EV_107
349.854,35.0,41.55,5094.0,0,4.006,1,52.72,4.301,113.2,82.3,185.0,EV_107,0.0,560,0.0,DR862144_11,65.0,78906.25,DR862144,176.27,0.0,65.0,D,SimuProB-2,EV_107
347.797,52.0,41.55,5333.0,0,4.009,1,52.66,4.304,118.5,138.7,185.0,EV_107,0.0,570,0.0,DR862144_11,65.0,78906.58,DR862144,176.27,0.0,65.0,D,SimuProB-2,EV_107
351.542,0.0,41.55,5013.0,0,4.011,1,52.66,4.306,111.4,-12.4,185.0,EV_107,0.04,580,10.0,DR862144_11,65.0,78906.89,DR862144,176.27,0.0,65.0,D,SimuProB-2,EV_107
348.27,48.0,41.55,5139.0,0,4.008,1,52.63,4.302,114.2,125.4,185.0,EV_107,0.0,590,0.0,DR862144_11,65.0,78907.21,DR862144,176.27,0.0,65.0,D,SimuProB-2,EV_107
347.126,62.0,41.55,5391.0,0,4.01,1,52.62,4.305,119.8,158.9,185.0,EV_107,0.0,600,0.0,DR862144_11,65.0,78907.54,DR862144,176.27,0.0,65.0,D,SimuProB-2,EV_107
350.597,0.0,41.55,5063.0,0,4.014,1,52.62,4.308,112.5,-15.2,185.0,EV_107,0.05,610,12.0,DR862144_11,65.0,78907.85,DR862144,176.27,0.0,65.0,D,SimuProB-2,EV_107
346.912,68.0,41.55,5467.0,0,4.007,1,52.6,4.301,121.5,165.2,185.0,EV_107,0.0,620,0.0,DR862144_11,65.0,78908.19,DR862144,176.27,0.0,65.0,D,SimuProB-2,EV_107
348.711,0.0,41.55,5178.0,0,4.012,1,52.6,4.305,115.0,-8.5,185.0,EV_107,0.03,630,8.0,DR862144_11,65.0,78908.51,DR862144,176.27,0.0,65.0,D,SimuProB-2,EV_107
347.217,55.0,41.55,5313.0,0,4.009,1,52.59,4.303,118.0,142.3,185.0,EV_107,0.0,640,0.0,DR862144_11,65.0,78908.83,DR862144,176.27,0.0,65.0,D,SimuProB-2,EV_107
348.618,58.0,41.55,5415.0,0,4.01,1,52.57,4.304,120.2,145.6,185.0,EV_107,0.0,650,0.0,DR862144_11,65.0,78909.16,DR862144,176.27,0.0,65.0,D,SimuProB-2,EV_107
351.298,0.0,41.55,5158.0,0,4.013,1,52.55,4.306,114.5,-18.4,185.0,EV_107,0.06,660,10.0,DR862144_11,65.0,78909.48,DR862144,176.27,0.0,65.0,D,SimuProB-2,EV_107
347.854,70.0,41.55,5490.0,0,4.008,1,52.55,4.302,122.0,160.5,185.0,EV_107,0.0,670,0.0,DR862144_11,65.0,78909.82,DR862144,176.27,0.0,65.0,D,SimuProB-2,EV_107
346.69,62.0,41.55,5382.0,0,4.007,1,52.52,4.301,119.5,155.2,185.0,EV_107,0.0,680,0.0,DR862144_11,65.0,78910.15,DR862144,176.27,0.0,65.0,D,SimuProB-2,EV_107
346.012,68.0,41.55,5485.0,0,4.006,1,52.51,4.302,121.8,168.7,185.0,EV_107,0.0,690,0.0,DR862144_11,65.0,78910.49,DR862144,176.27,0.0,65.0,D,SimuProB-2,EV_107
347.215,0.0,41.55,5230.0,0,4.008,1,52.49,4.304,116.2,-12.3,185.0,EV_107,0.04,700,12.0,DR862144_11,65.0,78910.81,DR862144,176.27,0.0,65.0,D,SimuProB-2,EV_107
344.049,65.0,41.55,5330.0,0,4.005,1,52.46,4.3,118.5,162.5,185.0,EV_107,0.0,710,0.0,DR862144_11,65.0,78911.14,DR862144,176.27,0.0,65.0,D,SimuProB-2,EV_107
343.742,72.0,41.55,5420.0,0,4.004,1,52.45,4.299,120.5,170.2,185.0,EV_107,0.0,720,0.0,DR862144_11,65.0,78911.47,DR862144,176.27,0.0,65.0,D,SimuProB-2,EV_107
344.934,0.0,41.55,5180.0,0,4.007,1,52.42,4.303,115.0,-15.5,185.0,EV_107,0.05,730,15.0,DR862144_11,65.0,78911.79,DR862144,176.27,0.0,65.0,D,SimuProB-2,EV_107
341.237,78.0,41.55,5510.0,0,4.002,1,52.4,4.305,122.5,185.4,185.0,EV_107,0.0,740,0.0,DR862144_11,65.0,78912.13,DR862144,176.27,0.0,65.0,D,SimuProB-2,EV_107
343.116,55.0,41.55,5265.0,0,4.005,1,52.39,4.302,117.0,142.1,185.0,EV_107,0.0,750,0.0,DR862144_11,65.0,78912.46,DR862144,176.27,0.0,65.0,D,SimuProB-2,EV_107
345.875,0.0,41.55,4970.0,0,4.009,1,52.39,4.306,110.5,-18.2,185.0,EV_107,0.06,760,22.0,DR862144_11,65.0,78912.76,DR862144,176.27,0.0,65.0,D,SimuProB-2,EV_107
342.695,45.0,41.55,5180.0,0,4.006,1,52.38,4.304,115.0,135.0,185.0,EV_107,0.0,770,0.0,DR862144_11,65.0,78913.08,DR862144,176.27,0.0,65.0,D,SimuProB-2,EV_107
346.006,0.0,41.55,5040.0,0,4.01,1,52.35,4.307,112.0,-12.5,185.0,EV_107,0.04,780,18.0,DR862144_11,65.0,78913.39,DR862144,176.27,0.0,65.0,D,SimuProB-2,EV_107
342.137,65.0,41.55,5310.0,0,4.003,1,52.35,4.309,118.0,165.0,185.0,EV_107,0.0,790,0.0,DR862144_11,65.0,78913.72,DR862144,176.27,0.0,65.0,D,SimuProB-2,EV_107
338.146,75.0,41.55,5400.0,0,4.001,1,52.31,4.315,120.0,175.0,185.0,EV_107,0.0,800,0.0,DR862144_11,65.0,78914.05,DR862144,176.27,0.0,65.0,D,SimuProB-2,EV_107
343.712,0.0,41.55,5085.0,0,4.008,1,52.3,4.312,113.0,-25.5,185.0,EV_107,0.08,810,30.0,DR862144_11,65.0,78914.37,DR862144,176.27,0.0,65.0,D,SimuProB-2,EV_107
340.181,50.0,41.55,5242.0,0,4.002,1,52.29,4.318,116.5,155.0,185.0,EV_107,0.0,820,0.0,DR862144_11,65.0,78914.69,DR862144,176.27,0.0,65.0,D,SimuProB-2,EV_107
337.51,45.0,41.55,5175.0,0,4.005,1,52.27,4.312,115.0,148.2,185.0,EV_107,0.0,830,0.0,DR862144_11,65.0,78915.01,DR862144,176.27,0.0,65.0,D,SimuProB-2,EV_107
338.922,35.0,41.55,4995.0,0,4.008,1,52.27,4.314,111.0,135.5,185.0,EV_107,0.0,840,0.0,DR862144_11,65.0,78915.32,DR862144,176.27,0.0,65.0,D,SimuProB-2,EV_107
336.394,60.0,41.55,5287.0,0,4.003,1,52.26,4.316,117.5,158.4,185.0,EV_107,0.0,850,0.0,DR862144_11,65.0,78915.64,DR862144,176.27,0.0,65.0,D,SimuProB-2,EV_107
335.063,65.0,41.55,5320.0,0,4.0,1,52.24,4.32,118.0,165.0,185.0,EV_107,0.0,860,0.0,DR862144_11,65.0,78915.97,DR862144,176.27,0.0,65.0,D,SimuProB-2,EV_107
335.989,40.0,41.55,5162.0,0,4.005,1,52.23,4.315,114.5,142.0,185.0,EV_107,0.0,870,0.0,DR862144_11,65.0,78916.29,DR862144,176.27,0.0,65.0,D,SimuProB-2,EV_107
333.255,70.0,41.55,5377.0,0,3.995,1,52.21,4.325,119.5,172.0,185.0,EV_107,0.0,880,0.0,DR862144_11,65.0,78916.62,DR862144,176.27,0.0,65.0,D,SimuProB-2,EV_107
334.281,45.0,41.55,5224.0,0,4.002,1,52.2,4.322,116.0,148.5,185.0,EV_107,0.0,890,0.0,DR862144_11,65.0,78916.94,DR862144,176.27,0.0,65.0,D,SimuProB-2,EV_107
333.337,55.0,41.55,5336.0,0,3.998,1,52.19,4.328,118.5,162.3,185.0,EV_107,0.0,900,0.0,DR862144_11,65.0,78917.27,DR862144,176.27,0.0,65.0,D,SimuProB-2,EV_107
335.28,38.0,41.55,5085.0,0,4.006,1,52.18,4.318,113.0,138.2,185.0,EV_107,0.0,910,0.0,DR862144_11,65.0,78917.59,DR862144,176.27,0.0,65.0,D,SimuProB-2,EV_107
331.793,42.0,41.55,5189.0,0,4.0,1,52.15,4.33,115.2,155.4,185.0,EV_107,0.0,920,0.0,DR862144_11,65.0,78917.91,DR862144,176.27,0.0,65.0,D,SimuProB-2,EV_107
333.729,35.0,41.55,5081.0,0,4.005,1,52.15,4.325,112.8,140.1,185.0,EV_107,0.0,930,0.0,DR862144_11,65.0,78918.22,DR862144,176.27,0.0,65.0,D,SimuProB-2,EV_107
331.208,58.0,41.55,5292.0,0,3.998,1,52.13,4.335,117.5,168.7,185.0,EV_107,0.0,940,0.0,DR862144_11,65.0,78918.55,DR862144,176.27,0.0,65.0,D,SimuProB-2,EV_107
332.269,40.0,41.55,5143.0,0,4.002,1,52.11,4.332,114.3,145.6,185.0,EV_107,0.0,950,0.0,DR862144_11,65.0,78918.87,DR862144,176.27,0.0,65.0,D,SimuProB-2,EV_107
329.872,62.0,41.55,5360.0,0,3.995,1,52.1,4.34,119.1,172.4,185.0,EV_107,0.0,960,0.0,DR862144_11,65.0,78919.2,DR862144,176.27,0.0,65.0,D,SimuProB-2,EV_107
335.261,28.0,41.55,4882.0,0,4.01,1,52.09,4.315,108.5,125.8,185.0,EV_107,0.0,970,0.0,DR862144_11,65.0,78919.5,DR862144,176.27,0.0,65.0,D,SimuProB-2,EV_107
334.576,38.0,41.55,5094.0,0,4.008,1,52.06,4.33,113.2,138.5,185.0,EV_107,0.0,980,0.0,DR862144_11,65.0,78919.81,DR862144,176.27,0.0,65.0,D,SimuProB-2,EV_107
330.737,55.0,41.55,5256.0,0,4.002,1,52.04,4.338,116.8,165.2,185.0,EV_107,0.0,990,0.0,DR862144_11,65.0,78920.14,DR862144,176.27,0.0,65.0,D,SimuProB-2,EV_107
336.664,32.0,41.55,4927.0,0,4.012,1,52.02,4.32,109.5,120.4,185.0,EV_107,0.0,1000,0.0,DR862144_11,65.0,78920.44,DR862144,176.27,0.0,65.0,D,SimuProB-2,EV_107
334.994,35.0,41.55,5062.0,0,4.005,1,51.98,4.325,112.5,142.3,185.0,EV_107,0.0,1010,0.0,DR862144_11,65.0,78920.75,DR862144,176.27,0.0,65.0,D,SimuProB-2,EV_107
331.675,68.0,41.55,5319.0,0,4.001,1,51.98,4.345,118.2,178.5,185.0,EV_107,0.0,1020,0.0,DR862144_11,65.0,78921.08,DR862144,176.27,0.0,65.0,D,SimuProB-2,EV_107
336.33,22.0,41.55,4788.0,0,4.015,1,51.97,4.318,106.4,115.2,185.0,EV_107,0.0,1030,0.0,DR862144_11,65.0,78921.38,DR862144,176.27,0.0,65.0,D,SimuProB-2,EV_107
333.749,28.0,41.55,4869.0,0,4.008,1,51.93,4.322,108.2,135.4,185.0,EV_107,0.0,1040,0.0,DR862144_11,65.0,78921.68,DR862144,176.27,0.0,65.0,D,SimuProB-2,EV_107
338.084,18.0,41.55,4612.0,0,4.018,1,51.93,4.315,102.5,105.8,185.0,EV_107,0.0,1050,0.0,DR862144_11,65.0,78921.97,DR862144,176.27,0.0,65.0,D,SimuProB-2,EV_107
335.431,30.0,41.55,4968.0,0,4.01,1,51.92,4.328,110.4,128.6,185.0,EV_107,0.0,1060,0.0,DR862144_11,65.0,78922.27,DR862144,176.27,0.0,65.0,D,SimuProB-2,EV_107
331.891,35.0,41.55,5202.0,0,4.005,1,51.91,4.325,115.6,142.3,185.0,EV_107,0.0,1070,0.0,DR862144_11,65.0,78922.59,DR862144,176.27,0.0,65.0,D,SimuProB-2,EV_107
337.394,16.0,41.55,4671.0,0,4.012,1,51.89,4.319,103.8,108.5,185.0,EV_107,0.0,1080,0.0,DR862144_11,65.0,78922.88,DR862144,176.27,0.0,65.0,D,SimuProB-2,EV_107
334.093,26.0,41.55,4914.0,0,4.009,1,51.89,4.331,109.2,138.7,185.0,EV_107,0.0,1090,0.0,DR862144_11,65.0,78923.18,DR862144,176.27,0.0,65.0,D,SimuProB-2,EV_107
332.319,22.0,41.55,4738.0,0,4.011,1,51.88,4.322,105.3,115.2,185.0,EV_107,0.0,1100,0.0,DR862144_11,65.0,78923.47,DR862144,176.27,0.0,65.0,D,SimuProB-2,EV_107
336.52,15.0,41.55,4536.0,0,4.015,1,51.85,4.318,100.8,98.5,185.0,EV_107,0.0,1110,0.0,DR862144_11,65.0,78923.75,DR862144,176.27,0.0,65.0,D,SimuProB-2,EV_107
333.641,28.0,41.55,4882.0,0,4.008,1,51.85,4.326,108.5,125.4,185.0,EV_107,0.0,1120,0.0,DR862144_11,65.0,78924.05,DR862144,176.27,0.0,65.0,D,SimuProB-2,EV_107
334.97,24.0,41.55,4779.0,0,4.01,1,51.82,4.325,106.2,118.3,185.0,EV_107,0.0,1130,0.0,DR862144_11,65.0,78924.35,DR862144,176.27,0.0,65.0,D,SimuProB-2,EV_107
336.76,18.0,41.55,4567.0,0,4.014,1,51.78,4.32,101.5,95.2,185.0,EV_107,0.0,1140,0.0,DR862144_11,65.0,78924.63,DR862144,176.27,0.0,65.0,D,SimuProB-2,EV_107
332.236,32.0,41.55,5076.0,0,4.005,1,51.76,4.335,112.8,142.6,185.0,EV_107,0.0,1150,0.0,DR862144_11,65.0,78924.94,DR862144,176.27,0.0,65.0,D,SimuProB-2,EV_107
331.12,30.0,41.55,5017.0,0,4.002,1,51.71,4.332,111.5,135.2,185.0,EV_107,0.0,1160,0.0,DR862144_11,65.0,78925.25,DR862144,176.27,0.0,65.0,D,SimuProB-2,EV_107
335.32,22.0,41.55,4689.0,0,4.008,1,51.69,4.328,104.2,105.8,185.0,EV_107,0.0,1170,0.0,DR862144_11,65.0,78925.54,DR862144,176.27,0.0,65.0,D,SimuProB-2,EV_107
333.86,29.0,41.55,4972.0,0,4.004,1,51.63,4.334,110.5,128.5,185.0,EV_107,0.0,1180,0.0,DR862144_11,65.0,78925.85,DR862144,176.27,0.0,65.0,D,SimuProB-2,EV_107
336.493,24.0,41.55,4779.0,0,4.006,1,51.6,4.33,106.2,98.4,185.0,EV_107,0.0,1190,0.0,DR862144_11,65.0,78926.15,DR862144,176.27,0.0,65.0,D,SimuProB-2,EV_107
331.622,35.0,41.55,5121.0,0,4.003,1,51.57,4.338,113.8,145.3,185.0,EV_107,0.0,1200,0.0,DR862144_11,65.0,78926.46,DR862144,176.27,0.0,65.0,D,SimuProB-2,EV_107
334.556,26.0,41.55,4882.0,0,4.009,1,51.54,4.331,108.5,112.6,185.0,EV_107,0.0,1210,0.0,DR862144_11,65.0,78926.76,DR862144,176.27,0.0,65.0,D,SimuProB-2,EV_107
329.692,32.0,41.55,5013.0,0,4.005,1,51.51,4.335,111.4,135.2,185.0,EV_107,0.0,1220,0.0,DR862144_11,65.0,78927.07,DR862144,176.27,0.0,65.0,D,SimuProB-2,EV_107
332.858,25.0,41.55,4851.0,0,4.007,1,51.48,4.332,107.8,108.5,185.0,EV_107,0.0,1230,0.0,DR862144_11,65.0,78927.37,DR862144,176.27,0.0,65.0,D,SimuProB-2,EV_107
329.728,34.0,41.55,5080.0,0,4.002,1,51.43,4.339,112.9,142.7,185.0,EV_107,0.0,1240,0.0,DR862144_11,65.0,78927.68,DR862144,176.27,0.0,65.0,D,SimuProB-2,EV_107
333.63,36.0,41.55,5139.0,0,4.006,1,51.42,4.334,114.2,128.4,185.0,EV_107,0.0,1250,0.0,DR862144_11,65.0,78928.0,DR862144,176.27,0.0,65.0,D,SimuProB-2,EV_107
330.216,42.0,41.55,5243.0,0,4.001,1,51.39,4.34,116.5,152.1,185.0,EV_107,0.0,1260,0.0,DR862144_11,65.0,78928.32,DR862144,176.27,0.0,65.0,D,SimuProB-2,EV_107
334.481,22.0,41.55,4739.0,0,4.008,1,51.39,4.33,105.3,98.5,185.0,EV_107,0.0,1270,0.0,DR862144_11,65.0,78928.61,DR862144,176.27,0.0,65.0,D,SimuProB-2,EV_107
338.347,35.0,41.55,1850.0,0,3.98,1,51.37,4.12,28.5,45.2,185.0,EV_107,0.0,0,0.0,DR862144_12,40.1,78928.69,DR862144,176.27,0.0,42.5,D,SimuProB-2,EV_107
368.531,0.0,41.55,780.0,0,3.99,1,51.36,4.14,12.0,-28.4,185.0,EV_107,0.018,10,65.0,DR862144_12,40.2,78928.72,DR862144,176.27,0.0,42.7,D,SimuProB-2,EV_107
379.219,40.0,41.55,1450.0,0,3.97,1,51.36,4.11,22.4,55.8,185.0,EV_107,0.0,20,0.0,DR862144_12,40.3,78928.78,DR862144,176.27,0.0,42.9,D,SimuProB-2,EV_107
374.619,45.0,41.55,2100.0,0,3.98,1,51.32,4.13,32.0,85.3,185.0,EV_107,0.0,30,0.0,DR862144_12,40.4,78928.87,DR862144,176.27,0.0,43.0,D,SimuProB-2,EV_107
370.937,60.0,41.55,2750.0,0,3.97,1,51.3,4.14,42.0,110.5,185.0,EV_107,0.0,40,0.0,DR862144_12,40.5,78928.99,DR862144,176.27,0.0,43.2,D,SimuProB-2,EV_107
378.553,0.0,41.55,1180.0,0,4.01,1,51.3,4.15,18.0,-35.2,185.0,EV_107,0.025,50,55.0,DR862144_12,40.4,78929.04,DR862144,176.27,0.0,43.1,D,SimuProB-2,EV_107
387.894,35.0,41.55,1850.0,0,3.96,1,51.28,4.12,28.5,45.6,185.0,EV_107,0.0,60,0.0,DR862144_12,40.6,78929.12,DR862144,176.27,0.0,43.3,D,SimuProB-2,EV_107
365.227,65.0,41.55,3100.0,0,3.95,1,51.26,4.15,48.2,135.4,185.0,EV_107,0.0,70,0.0,DR862144_12,40.8,78929.25,DR862144,176.27,0.0,43.5,D,SimuProB-2,EV_107
373.026,0.0,41.55,950.0,0,4.0,1,51.26,4.14,15.0,-22.1,185.0,EV_107,0.022,80,45.0,DR862144_12,40.7,78929.29,DR862144,176.27,0.0,43.4,D,SimuProB-2,EV_107
361.748,70.0,41.55,3400.0,0,3.92,1,51.23,4.15,52.0,145.2,185.0,EV_107,0.0,90,0.0,DR862144_12,40.9,78929.43,DR862144,176.27,0.0,43.6,D,SimuProB-2,EV_107
375.521,0.0,41.55,750.0,0,3.98,1,51.23,4.14,12.0,-38.5,185.0,EV_107,0.028,100,65.0,DR862144_12,40.8,78929.47,DR862144,176.27,0.0,43.5,D,SimuProB-2,EV_107
382.145,15.0,41.55,320.0,0,3.99,1,51.22,4.13,5.0,12.5,185.0,EV_107,0.0,110,5.0,DR862144_12,41.0,78929.48,DR862144,176.27,0.0,43.7,D,SimuProB-2,EV_107
368.816,35.0,41.55,1850.0,0,3.96,1,51.21,4.14,28.4,85.3,185.0,EV_107,0.0,120,0.0,DR862144_12,41.1,78929.56,DR862144,176.27,0.0,43.8,D,SimuProB-2,EV_107
358.539,55.0,41.55,2520.0,0,3.91,1,51.2,4.15,38.7,110.2,185.0,EV_107,0.0,130,0.0,DR862144_12,41.2,78929.67,DR862144,176.27,0.0,43.9,D,SimuProB-2,EV_107
374.097,0.0,41.55,1200.0,0,4.02,1,51.2,4.14,18.5,-32.8,185.0,EV_107,0.025,140,55.0,DR862144_12,41.1,78929.72,DR862144,176.27,0.0,43.8,D,SimuProB-2,EV_107
384.821,25.0,41.55,2100.0,0,3.99,1,51.19,4.13,32.5,15.4,185.0,EV_107,0.0,150,0.0,DR862144_12,41.3,78929.81,DR862144,176.27,0.0,44.0,D,SimuProB-2,EV_107
362.587,65.0,41.55,3600.0,0,3.9,1,51.18,4.15,52.0,145.6,185.0,EV_107,0.0,160,0.0,DR862144_12,41.5,78929.95,DR862144,176.27,0.0,44.2,D,SimuProB-2,EV_107
395.812,0.0,41.55,1600.0,0,4.05,1,51.16,4.14,25.0,-28.5,185.0,EV_107,0.022,170,45.0,DR862144_12,41.4,78930.02,DR862144,176.27,0.0,44.1,D,SimuProB-2,EV_107
370.793,45.0,41.55,1950.0,0,3.98,1,51.14,4.14,30.2,85.3,185.0,EV_107,0.0,180,0.0,DR862144_12,41.6,78930.1,DR862144,176.27,0.0,44.3,D,SimuProB-2,EV_107
365.321,60.0,41.55,2800.0,0,3.95,1,51.09,4.15,42.8,120.5,185.0,EV_107,0.0,190,0.0,DR862144_12,41.7,78930.22,DR862144,176.27,0.0,44.4,D,SimuProB-2,EV_107
389.392,0.0,41.55,950.0,0,4.04,1,51.09,4.14,15.0,-35.2,185.0,EV_107,0.028,200,65.0,DR862144_12,41.8,78930.26,DR862144,176.27,0.0,44.5,D,SimuProB-2,EV_107
368.226,50.0,41.55,2250.0,0,3.96,1,51.07,4.15,35.0,95.2,185.0,EV_107,0.0,210,0.0,DR862144_12,41.9,78930.36,DR862144,176.27,0.0,44.6,D,SimuProB-2,EV_107
392.084,0.0,41.55,1150.0,0,4.08,1,51.06,4.14,18.0,-25.4,185.0,EV_107,0.025,220,55.0,DR862144_12,41.9,78930.41,DR862144,176.27,0.0,44.6,D,SimuProB-2,EV_107
365.221,65.0,41.55,2900.0,0,3.92,1,51.06,4.15,45.0,130.5,185.0,EV_107,0.0,230,0.0,DR862144_12,42.0,78930.53,DR862144,176.27,0.0,44.7,D,SimuProB-2,EV_107
384.752,0.0,41.55,720.0,0,4.05,1,51.03,4.14,12.0,-38.5,185.0,EV_107,0.031,240,75.0,DR862144_12,42.0,78930.56,DR862144,176.27,0.0,44.7,D,SimuProB-2,EV_107
362.147,65.0,41.55,2400.0,0,3.94,1,51.03,4.15,38.0,145.2,185.0,EV_107,0.0,250,0.0,DR862144_12,42.1,78930.67,DR862144,176.27,0.0,44.8,D,SimuProB-2,EV_107
370.547,35.0,41.55,1550.0,0,3.97,1,51.01,4.14,25.0,85.3,185.0,EV_107,0.0,260,10.0,DR862144_12,42.2,78930.74,DR862144,176.27,0.0,44.9,D,SimuProB-2,EV_107
389.963,45.0,41.55,2000.0,0,3.96,1,51.0,4.14,32.0,105.2,185.0,EV_107,0.0,270,0.0,DR862144_12,42.3,78930.83,DR862144,176.27,0.0,45.0,D,SimuProB-2,EV_107
361.104,75.0,41.55,3100.0,0,3.91,1,50.99,4.15,48.0,165.4,185.0,EV_107,0.0,280,0.0,DR862144_12,42.4,78930.96,DR862144,176.27,0.0,45.1,D,SimuProB-2,EV_107
378.812,0.0,41.55,900.0,0,4.04,1,50.97,4.13,15.0,-32.1,185.0,EV_107,0.028,290,60.0,DR862144_12,42.4,78931.0,DR862144,176.27,0.0,45.1,D,SimuProB-2,EV_107
364.354,55.0,41.55,2650.0,0,3.95,1,50.96,4.15,42.0,130.5,185.0,EV_107,0.0,300,0.0,DR862144_12,42.5,78931.12,DR862144,176.27,0.0,45.2,D,SimuProB-2,EV_107
385.711,25.0,41.55,1400.0,0,4.02,1,50.95,4.14,22.0,65.8,185.0,EV_107,0.0,310,15.0,DR862144_12,42.5,78931.18,DR862144,176.27,0.0,45.2,D,SimuProB-2,EV_107
358.477,0.0,41.55,500.0,0,4.08,1,50.93,4.12,8.0,-38.5,185.0,EV_107,0.032,320,85.0,DR862144_12,42.6,78931.2,DR862144,176.27,0.0,45.3,D,SimuProB-2,EV_107
392.053,15.0,41.55,1100.0,0,4.05,1,50.92,4.14,18.0,22.5,185.0,EV_107,0.0,330,0.0,DR862144_12,42.65,78931.25,DR862144,176.27,0.0,45.35,D,SimuProB-2,EV_107
355.122,65.0,41.55,2200.0,0,3.92,1,50.91,4.15,35.0,145.3,185.0,EV_107,0.0,340,0.0,DR862144_12,42.7,78931.35,DR862144,176.27,0.0,45.5,D,SimuProB-2,EV_107
389.088,0.0,41.55,750.0,0,4.06,1,50.9,4.13,12.0,-28.4,185.0,EV_107,0.025,350,45.0,DR862144_12,42.75,78931.38,DR862144,176.27,0.0,45.55,D,SimuProB-2,EV_107
368.377,45.0,41.55,1750.0,0,3.98,1,50.87,4.14,28.0,95.4,185.0,EV_107,0.0,360,0.0,DR862144_12,42.8,78931.46,DR862144,176.27,0.0,45.6,D,SimuProB-2,EV_107
381.793,0.0,41.55,620.0,0,4.05,1,50.86,4.13,10.0,-35.2,185.0,EV_107,0.028,370,65.0,DR862144_12,42.85,78931.49,DR862144,176.27,0.0,45.65,D,SimuProB-2,EV_107
378.919,30.0,41.55,1250.0,0,4.01,1,50.86,4.13,20.0,55.6,185.0,EV_107,0.0,380,0.0,DR862144_12,42.9,78931.54,DR862144,176.27,0.0,45.7,D,SimuProB-2,EV_107
372.727,40.0,41.55,2000.0,0,3.96,1,50.84,4.12,32.0,85.2,185.0,EV_107,0.0,390,0.0,DR862144_12,42.93,78931.63,DR862144,176.27,0.0,45.73,D,SimuProB-2,EV_107
365.636,60.0,41.55,2800.0,0,3.94,1,50.84,4.14,45.0,120.5,185.0,EV_107,0.0,400,0.0,DR862144_12,42.98,78931.75,DR862144,176.27,0.0,45.78,D,SimuProB-2,EV_107
380.11,0.0,41.55,1100.0,0,4.04,1,50.84,4.13,18.0,-32.8,185.0,EV_107,0.027,410,55.0,DR862144_12,43.01,78931.8,DR862144,176.27,0.0,45.8,D,SimuProB-2,EV_107
374.897,25.0,41.55,1560.0,0,4.02,1,50.84,4.135,25.0,45.2,185.0,EV_107,0.0,420,0.0,DR862144_12,43.05,78931.87,DR862144,176.27,0.0,45.85,D,SimuProB-2,EV_107
368.007,55.0,41.55,2620.0,0,3.98,1,50.83,4.14,42.0,95.8,185.0,EV_107,0.0,430,0.0,DR862144_12,43.12,78931.99,DR862144,176.27,0.0,45.92,D,SimuProB-2,EV_107
385.93,0.0,41.55,750.0,0,4.05,1,50.83,4.13,12.0,-28.5,185.0,EV_107,0.025,440,45.0,DR862144_12,43.15,78932.02,DR862144,176.27,0.0,45.95,D,SimuProB-2,EV_107
366.195,65.0,41.55,2960.0,0,3.97,1,50.81,4.135,48.0,105.3,185.0,EV_107,0.0,450,0.0,DR862144_12,43.25,78932.15,DR862144,176.27,0.0,46.05,D,SimuProB-2,EV_107
377.931,0.0,41.55,480.0,0,4.08,1,50.81,4.12,8.0,-38.2,185.0,EV_107,0.032,460,65.0,DR862144_12,43.3,78932.18,DR862144,176.27,0.0,46.12,D,SimuProB-2,EV_107
371.542,35.0,41.55,1360.0,0,4.01,1,50.81,4.13,22.0,55.4,185.0,EV_107,0.0,470,0.0,DR862144_12,43.38,78932.24,DR862144,176.27,0.0,46.2,D,SimuProB-2,EV_107
369.451,30.0,41.55,1730.0,0,3.995,1,50.79,4.125,28.0,45.2,185.0,EV_107,0.0,480,0.0,DR862144_12,43.42,78932.32,DR862144,176.27,0.0,46.25,D,SimuProB-2,EV_107
375.524,0.0,41.55,310.0,0,4.06,1,50.79,4.115,5.0,-22.1,185.0,EV_107,0.028,490,55.0,DR862144_12,43.48,78932.33,DR862144,176.27,0.0,46.3,D,SimuProB-2,EV_107
372.975,15.0,41.55,620.0,0,4.0,1,50.79,4.12,10.0,12.5,185.0,EV_107,0.0,500,5.0,DR862144_12,43.55,78932.36,DR862144,176.27,0.0,46.38,D,SimuProB-2,EV_107
378.419,20.0,41.55,740.0,0,4.05,1,50.76,4.11,12.0,4.5,185.0,EV_107,0.0,510,0.0,DR862144_12,43.6,78932.39,DR862144,176.27,0.0,46.42,D,SimuProB-2,EV_107
372.102,38.0,41.55,1550.0,0,4.02,1,50.76,4.13,25.0,52.3,185.0,EV_107,0.0,520,0.0,DR862144_12,43.65,78932.46,DR862144,176.27,0.0,46.5,D,SimuProB-2,EV_107
376.247,0.0,41.55,490.0,0,4.09,1,50.76,4.14,8.0,-28.5,185.0,EV_107,0.025,530,70.0,DR862144_12,43.7,78932.49,DR862144,176.27,0.0,46.55,D,SimuProB-2,EV_107
374.826,45.0,41.55,2000.0,0,4.015,1,50.74,4.135,32.0,65.2,185.0,EV_107,0.0,540,0.0,DR862144_12,43.82,78932.58,DR862144,176.27,0.0,46.68,D,SimuProB-2,EV_107
370.791,60.0,41.55,3100.0,0,3.995,1,50.72,4.142,48.0,85.4,185.0,EV_107,0.0,550,0.0,DR862144_12,43.98,78932.71,DR862144,176.27,0.0,46.85,D,SimuProB-2,EV_107
377.141,0.0,41.55,930.0,0,4.095,1,50.72,4.148,15.0,-32.8,185.0,EV_107,0.029,560,45.0,DR862144_12,44.05,78932.75,DR862144,176.27,0.0,46.92,D,SimuProB-2,EV_107
368.089,70.0,41.55,3600.0,0,3.985,1,50.7,4.145,55.0,110.5,185.0,EV_107,0.0,570,0.0,DR862144_12,44.2,78932.9,DR862144,176.27,0.0,47.05,D,SimuProB-2,EV_107
379.425,0.0,41.55,1200.0,0,4.105,1,50.7,4.15,22.0,-38.2,185.0,EV_107,0.032,580,65.0,DR862144_12,44.35,78932.96,DR862144,176.27,0.0,47.12,D,SimuProB-2,EV_107
372.669,35.0,41.55,1700.0,0,4.02,1,50.69,4.138,28.0,45.8,185.0,EV_107,0.0,590,0.0,DR862144_12,44.5,78933.04,DR862144,176.27,0.0,47.25,D,SimuProB-2,EV_107
362.24,65.0,41.55,2700.0,0,3.965,1,50.67,4.148,42.0,125.0,185.0,EV_107,0.0,600,0.0,DR862144_12,44.75,78933.16,DR862144,176.27,0.0,47.45,D,SimuProB-2,EV_107
358.23,45.0,41.55,2250.0,0,3.98,1,50.66,4.145,35.0,95.0,185.0,EV_107,0.0,610,0.0,DR862144_12,44.9,78933.25,DR862144,176.27,0.0,47.6,D,SimuProB-2,EV_107
376.981,0.0,41.55,300.0,0,4.08,1,50.65,4.15,10.0,-28.0,185.0,EV_107,0.025,620,55.0,DR862144_12,45.0,78933.28,DR862144,176.27,0.0,47.7,D,SimuProB-2,EV_107
368.858,30.0,41.55,1500.0,0,4.015,1,50.63,4.142,25.0,65.0,185.0,EV_107,0.0,630,0.0,DR862144_12,45.08,78933.35,DR862144,176.27,0.0,47.78,D,SimuProB-2,EV_107
355.731,70.0,41.55,3000.0,0,3.95,1,50.62,4.148,45.0,135.0,185.0,EV_107,0.0,640,0.0,DR862144_12,45.15,78933.47,DR862144,176.27,0.0,47.92,D,SimuProB-2,EV_107
373.867,0.0,41.55,200.0,0,4.09,1,50.6,4.15,8.0,-32.5,185.0,EV_107,0.028,650,45.0,DR862144_12,45.2,78933.5,DR862144,176.27,0.0,48.0,D,SimuProB-2,EV_107
352.235,75.0,41.55,3500.0,0,3.92,1,50.58,4.149,50.0,145.0,185.0,EV_107,0.0,660,0.0,DR862144_12,45.25,78933.64,DR862144,176.27,0.0,48.08,D,SimuProB-2,EV_107
378.058,0.0,41.55,150.0,0,4.1,1,50.56,4.15,5.0,-35.0,185.0,EV_107,0.032,670,60.0,DR862144_12,45.28,78933.65,DR862144,176.27,0.0,48.12,D,SimuProB-2,EV_107
365.502,25.0,41.55,1100.0,0,4.02,1,50.53,4.14,20.0,55.0,185.0,EV_107,0.0,680,0.0,DR862144_12,45.35,78933.71,DR862144,176.27,0.0,48.18,D,SimuProB-2,EV_107
370.304,15.0,41.55,800.0,0,4.06,1,50.52,4.145,15.0,35.0,185.0,EV_107,0.0,690,5.0,DR862144_12,45.42,78933.75,DR862144,176.27,0.0,48.22,D,SimuProB-2,EV_107
348.663,0.0,41.55,100.0,0,4.12,1,50.51,4.15,2.0,-28.0,185.0,EV_107,0.025,700,55.0,DR862144_12,45.48,78933.76,DR862144,176.27,0.0,48.26,D,SimuProB-2,EV_107
363.254,20.0,41.55,650.0,0,4.04,1,50.5,4.14,12.0,45.0,185.0,EV_107,0.0,710,0.0,DR862144_12,45.55,78933.79,DR862144,176.27,0.0,48.3,D,SimuProB-2,EV_107
372.157,22.0,41.55,950.0,0,4.065,1,50.47,4.142,18.0,42.5,185.0,EV_107,0.0,720,0.0,DR862144_12,45.62,78933.84,DR862144,176.27,0.0,48.35,D,SimuProB-2,EV_107
368.146,0.0,41.55,200.0,0,4.115,1,50.47,4.148,4.5,-32.0,185.0,EV_107,0.028,730,65.0,DR862144_12,45.68,78933.85,DR862144,176.27,0.0,48.38,D,SimuProB-2,EV_107
374.305,18.0,41.55,750.0,0,4.055,1,50.47,4.14,14.0,38.0,185.0,EV_107,0.0,740,0.0,DR862144_12,45.75,78933.89,DR862144,176.27,0.0,48.42,D,SimuProB-2,EV_107
378.428,25.0,41.55,1100.0,0,4.058,1,50.44,4.145,22.0,48.5,185.0,EV_107,0.0,750,0.0,DR862144_12,45.8,78933.95,DR862144,176.27,0.0,48.5,D,SimuProB-2,EV_107
374.817,0.0,41.55,400.0,0,4.11,1,50.43,4.142,8.5,-22.0,185.0,EV_107,0.022,760,45.0,DR862144_12,45.85,78933.97,DR862144,176.27,0.0,48.55,D,SimuProB-2,EV_107
379.464,15.0,41.55,800.0,0,4.06,1,50.42,4.14,16.0,35.0,185.0,EV_107,0.0,770,0.0,DR862144_12,45.9,78934.02,DR862144,176.27,0.0,48.6,D,SimuProB-2,EV_107
372.994,28.0,41.55,1350.0,0,4.055,1,50.4,4.142,25.0,45.0,185.0,EV_107,0.0,780,0.0,DR862144_12,45.95,78934.09,DR862144,176.27,0.0,48.65,D,SimuProB-2,EV_107
364.748,45.0,41.55,2600.0,0,4.048,1,50.39,4.145,42.0,85.0,185.0,EV_107,0.0,790,0.0,DR862144_12,46.02,78934.21,DR862144,176.27,0.0,48.72,D,SimuProB-2,EV_107
376.744,0.0,41.55,700.0,0,4.112,1,50.38,4.14,15.0,-18.0,185.0,EV_107,0.015,800,35.0,DR862144_12,46.08,78934.25,DR862144,176.27,0.0,48.78,D,SimuProB-2,EV_107
368.775,35.0,41.55,1600.0,0,4.045,1,50.35,4.138,32.0,55.0,185.0,EV_107,0.0,810,0.0,DR862144_12,46.15,78934.34,DR862144,176.27,0.0,48.85,D,SimuProB-2,EV_107
377.784,10.0,41.55,900.0,0,4.115,1,50.35,4.135,18.0,12.0,185.0,EV_107,0.005,820,15.0,DR862144_12,46.2,78934.39,DR862144,176.27,0.0,48.9,D,SimuProB-2,EV_107
365.108,40.0,41.55,2200.0,0,4.05,1,50.33,4.14,38.0,65.0,185.0,EV_107,0.0,830,0.0,DR862144_12,46.25,78934.49,DR862144,176.27,0.0,48.95,D,SimuProB-2,EV_107
358.674,75.0,41.55,3400.0,0,4.032,1,50.31,4.148,55.0,145.0,185.0,EV_107,0.0,840,0.0,DR862144_12,46.35,78934.64,DR862144,176.27,0.0,49.05,D,SimuProB-2,EV_107
371.816,0.0,41.55,1500.0,0,4.125,1,50.29,4.15,30.0,-35.0,185.0,EV_107,0.025,850,65.0,DR862144_12,46.4,78934.73,DR862144,176.27,0.0,49.1,D,SimuProB-2,EV_107
366.883,60.0,41.55,2800.0,0,4.04,1,50.28,4.146,45.0,95.0,185.0,EV_107,0.0,860,0.0,DR862144_12,46.48,78934.85,DR862144,176.27,0.0,49.18,D,SimuProB-2,EV_107
372.398,25.0,41.55,1400.0,0,4.11,1,50.27,4.14,25.0,35.0,185.0,EV_107,0.0,870,0.0,DR862144_12,46.55,78934.92,DR862144,176.27,0.0,49.25,D,SimuProB-2,EV_107
354.774,55.0,41.55,650.0,0,4.02,1,50.26,4.15,12.0,155.0,185.0,EV_107,0.0,880,10.0,DR862144_12,46.65,78934.95,DR862144,176.27,0.0,49.35,D,SimuProB-2,EV_107
369.166,0.0,41.55,280.0,0,4.1,1,50.24,4.145,5.0,-25.0,185.0,EV_107,0.018,890,85.0,DR862144_12,46.7,78934.97,DR862144,176.27,0.0,49.4,D,SimuProB-2,EV_107
365.874,35.0,41.55,900.0,0,4.105,1,50.2,4.135,18.0,45.0,185.0,EV_107,0.0,900,0.0,DR862144_12,46.8,78935.02,DR862144,176.27,0.0,49.5,D,SimuProB-2,EV_107
358.326,55.0,41.55,2200.0,0,4.06,1,50.19,4.148,38.0,110.0,185.0,EV_107,0.0,910,0.0,DR862144_12,46.92,78935.13,DR862144,176.27,0.0,49.62,D,SimuProB-2,EV_107
371.329,0.0,41.55,400.0,0,4.095,1,50.19,4.145,8.0,-30.0,185.0,EV_107,0.022,920,70.0,DR862144_12,47.0,78935.15,DR862144,176.27,0.0,49.7,D,SimuProB-2,EV_107
356.093,60.0,41.55,2650.0,0,4.045,1,50.16,4.142,42.0,135.0,185.0,EV_107,0.0,930,0.0,DR862144_12,47.1,78935.27,DR862144,176.27,0.0,49.78,D,SimuProB-2,EV_107
378.995,0.0,41.55,250.0,0,4.11,1,50.16,4.15,5.0,-35.0,185.0,EV_107,0.025,940,80.0,DR862144_12,47.18,78935.28,DR862144,176.27,0.0,49.85,D,SimuProB-2,EV_107
360.153,40.0,41.55,1100.0,0,4.09,1,50.14,4.138,22.0,55.0,185.0,EV_107,0.0,950,0.0,DR862144_12,47.25,78935.34,DR862144,176.27,0.0,49.92,D,SimuProB-2,EV_107
350.509,65.0,41.55,2850.0,0,4.05,1,50.09,4.14,45.0,145.0,185.0,EV_107,0.0,960,0.0,DR862144_12,47.35,78935.46,DR862144,176.27,0.0,50.0,D,SimuProB-2,EV_107
368.365,0.0,41.55,600.0,0,4.1,1,50.09,4.145,12.0,-25.0,185.0,EV_107,0.02,970,45.0,DR862144_12,47.4,78935.5,DR862144,176.27,0.0,50.05,D,SimuProB-2,EV_107
354.573,50.0,41.55,2000.0,0,4.07,1,50.08,4.135,32.0,95.0,185.0,EV_107,0.0,980,0.0,DR862144_12,47.5,78935.59,DR862144,176.27,0.0,50.1,D,SimuProB-2,EV_107
362.876,25.0,41.55,900.0,0,4.08,1,50.06,4.13,18.0,35.0,185.0,EV_107,0.0,990,0.0,DR862144_12,47.55,78935.64,DR862144,176.27,0.0,50.15,D,SimuProB-2,EV_107
372.541,5.0,41.55,400.0,0,4.09,1,50.03,4.11,8.0,8.5,185.0,EV_107,0.0,1000,10.0,DR862144_12,47.6,78935.66,DR862144,176.27,0.0,50.2,D,SimuProB-2,EV_107
376.806,0.0,41.55,200.0,0,4.08,1,50.03,4.1,4.0,5.0,185.0,EV_107,0.0,1010,20.0,DR862144_12,47.62,78935.67,DR862144,176.27,0.0,50.22,D,SimuProB-2,EV_107
378.814,35.0,41.55,800.0,0,4.09,1,50.0,4.12,15.0,45.0,185.0,EV_107,0.0,1020,0.0,DR862144_12,47.75,78935.71,DR862144,176.27,0.0,50.35,D,SimuProB-2,EV_107
371.461,60.0,41.55,2200.0,0,4.08,1,49.97,4.13,35.0,85.0,185.0,EV_107,0.0,1030,0.0,DR862144_12,47.85,78935.81,DR862144,176.27,0.0,50.5,D,SimuProB-2,EV_107
365.86,0.0,41.55,500.0,0,4.1,1,49.95,4.14,10.0,-35.0,185.0,EV_107,0.025,1040,85.0,DR862144_12,47.88,78935.84,DR862144,176.27,0.0,50.55,D,SimuProB-2,EV_107
373.829,45.0,41.55,1800.0,0,4.07,1,49.93,4.12,30.0,55.0,185.0,EV_107,0.0,1050,0.0,DR862144_12,47.95,78935.92,DR862144,176.27,0.0,50.62,D,SimuProB-2,EV_107
368.307,75.0,41.55,3200.0,0,4.06,1,49.89,4.14,48.0,95.0,185.0,EV_107,0.0,1060,0.0,DR862144_12,48.05,78936.06,DR862144,176.27,0.0,50.75,D,SimuProB-2,EV_107
378.227,0.0,41.55,250.0,0,4.09,1,49.89,4.11,5.0,12.0,185.0,EV_107,0.0,1070,15.0,DR862144_12,48.08,78936.07,DR862144,176.27,0.0,50.78,D,SimuProB-2,EV_107
370.236,35.0,41.55,1500.0,0,4.06,1,49.86,4.11,25.0,45.0,185.0,EV_107,0.0,1080,0.0,DR862144_12,48.15,78936.14,DR862144,176.27,0.0,50.85,D,SimuProB-2,EV_107
362.851,70.0,41.55,2800.0,0,4.05,1,49.84,4.14,45.0,110.0,185.0,EV_107,0.0,1090,0.0,DR862144_12,48.22,78936.26,DR862144,176.27,0.0,50.92,D,SimuProB-2,EV_107
374.127,0.0,41.55,800.0,0,4.1,1,49.83,4.15,15.0,-25.0,185.0,EV_107,0.015,1100,60.0,DR862144_12,48.28,78936.31,DR862144,176.27,0.0,50.98,D,SimuProB-2,EV_107
366.839,50.0,41.55,2200.0,0,4.06,1,49.8,4.13,35.0,65.0,185.0,EV_107,0.0,1110,0.0,DR862144_12,48.32,78936.41,DR862144,176.27,0.0,51.02,D,SimuProB-2,EV_107
376.301,0.0,41.55,400.0,0,4.11,1,49.79,4.15,8.0,-18.0,185.0,EV_107,0.018,1120,45.0,DR862144_12,48.35,78936.43,DR862144,176.27,0.0,51.05,D,SimuProB-2,EV_107
368.901,60.0,41.55,1900.0,0,4.07,1,49.79,4.14,30.0,85.0,185.0,EV_107,0.0,1130,0.0,DR862144_12,48.4,78936.51,DR862144,176.27,0.0,51.1,D,SimuProB-2,EV_107
372.119,0.0,41.55,0.0,0,4.102,1,49.78,4.148,0.0,-12.0,185.0,EV_107,0.012,1140,100.0,DR862144_12,48.42,78936.51,DR862144,176.27,0.0,51.12,D,SimuProB-2,EV_107
368.557,65.0,41.55,1500.0,0,4.065,1,49.78,4.142,25.0,95.0,185.0,EV_107,0.0,1150,0.0,DR862144_12,48.46,78936.58,DR862144,176.27,0.0,51.16,D,SimuProB-2,EV_107
364.934,75.0,41.55,2600.0,0,4.058,1,49.78,4.145,40.0,125.0,185.0,EV_107,0.0,1160,0.0,DR862144_12,48.5,78936.69,DR862144,176.27,0.0,51.2,D,SimuProB-2,EV_107
378.344,35.0,41.55,900.0,0,4.105,1,49.76,4.15,15.0,12.5,185.0,EV_107,0.0,1170,0.0,DR862144_12,48.55,78936.73,DR862144,176.27,0.0,51.25,D,SimuProB-2,EV_107
365.367,78.0,41.55,3200.0,0,4.06,1,49.76,4.15,45.0,145.0,185.0,EV_107,0.0,1180,0.0,DR862144_12,48.65,78936.86,DR862144,176.27,0.0,51.35,D,SimuProB-2,EV_107
376.722,0.0,41.55,1800.0,0,4.1,1,49.74,4.148,28.0,-35.0,185.0,EV_107,0.025,1190,15.0,DR862144_12,48.7,78936.93,DR862144,176.27,0.0,51.4,D,SimuProB-2,EV_107
365.89,60.0,41.55,2200.0,0,4.062,1,49.74,4.146,35.0,110.0,185.0,EV_107,0.0,1200,0.0,DR862144_12,48.75,78937.03,DR862144,176.27,0.0,51.45,D,SimuProB-2,EV_107
375.041,0.0,41.55,1100.0,0,4.108,1,49.73,4.15,18.0,-25.0,185.0,EV_107,0.022,1210,45.0,DR862144_12,48.8,78937.08,DR862144,176.27,0.0,51.5,D,SimuProB-2,EV_107
367.703,50.0,41.55,1700.0,0,4.068,1,49.73,4.144,28.0,85.0,185.0,EV_107,0.0,1220,0.0,DR862144_12,48.85,78937.15,DR862144,176.27,0.0,51.55,D,SimuProB-2,EV_107
363.086,72.0,41.55,2800.0,0,4.06,1,49.69,4.148,42.0,135.0,185.0,EV_107,0.0,1230,0.0,DR862144_12,48.95,78937.27,DR862144,176.27,0.0,51.65,D,SimuProB-2,EV_107
378.128,0.0,41.55,750.0,0,4.112,1,49.69,4.15,12.0,-38.0,185.0,EV_107,0.028,1240,55.0,DR862144_12,49.0,78937.3,DR862144,176.27,0.0,51.72,D,SimuProB-2,EV_107
364.738,80.0,41.55,2400.0,0,4.055,1,49.66,4.15,38.0,155.0,185.0,EV_107,0.0,1250,0.0,DR862144_12,49.1,78937.41,DR862144,176.27,0.0,51.85,D,SimuProB-2,EV_107
363.658,65.0,41.55,3000.0,0,4.062,1,49.63,4.148,45.0,145.0,185.0,EV_107,0.0,1260,0.0,DR862144_12,49.2,78937.54,DR862144,176.27,0.0,51.95,D,SimuProB-2,EV_107
360.141,75.0,41.55,3800.0,0,4.058,1,49.59,4.15,52.0,165.0,185.0,EV_107,0.0,1270,0.0,DR862144_12,49.3,78937.68,DR862144,176.27,0.0,52.05,D,SimuProB-2,EV_107
368.446,0.0,41.55,950.0,0,4.11,1,49.57,4.15,15.0,-35.0,185.0,EV_107,0.025,0,60.0,DR862144_13,49.35,78937.72,DR862144,176.27,0.0,52.1,D,SimuProB-2,EV_107
376.256,60.0,41.55,2750.0,0,4.065,1,49.55,4.145,42.0,120.0,185.0,EV_107,0.0,10,0.0,DR862144_13,49.4,78937.84,DR862144,176.27,0.0,52.15,D,SimuProB-2,EV_107
373.062,70.0,41.55,3200.0,0,4.068,1,49.52,4.142,48.0,135.0,185.0,EV_107,0.0,20,0.0,DR862144_13,49.5,78937.97,DR862144,176.27,0.0,52.25,D,SimuProB-2,EV_107
381.706,0.0,41.55,1900.0,0,4.125,1,49.52,4.148,30.0,-25.0,185.0,EV_107,0.015,30,45.0,DR862144_13,49.55,78938.05,DR862144,176.27,0.0,52.3,D,SimuProB-2,EV_107
372.769,72.0,41.55,3350.0,0,4.065,1,49.47,4.14,50.0,145.0,185.0,EV_107,0.0,40,0.0,DR862144_13,49.6,78938.19,DR862144,176.27,0.0,52.35,D,SimuProB-2,EV_107
365.611,65.0,41.55,3000.0,0,4.055,1,49.43,4.15,45.0,175.0,185.0,EV_107,0.0,50,0.0,DR862144_13,49.75,78938.31,DR862144,176.27,0.0,52.5,D,SimuProB-2,EV_107
376.055,0.0,41.55,1100.0,0,4.115,1,49.43,4.15,18.0,-30.0,185.0,EV_107,0.02,60,55.0,DR862144_13,49.8,78938.36,DR862144,176.27,0.0,52.55,D,SimuProB-2,EV_107
368.506,55.0,41.55,2400.0,0,4.062,1,49.39,4.145,38.0,120.0,185.0,EV_107,0.0,70,0.0,DR862144_13,49.85,78938.47,DR862144,176.27,0.0,52.62,D,SimuProB-2,EV_107
357.701,75.0,41.55,3500.0,0,4.058,1,49.34,4.15,52.0,165.0,185.0,EV_107,0.0,80,0.0,DR862144_13,49.9,78938.61,DR862144,176.27,0.0,52.7,D,SimuProB-2,EV_107
371.218,0.0,41.55,1400.0,0,4.11,1,49.34,4.148,22.0,-35.0,185.0,EV_107,0.022,90,60.0,DR862144_13,49.95,78938.67,DR862144,176.27,0.0,52.75,D,SimuProB-2,EV_107
352.292,60.0,41.55,3200.0,0,4.045,1,49.28,4.14,48.0,145.0,185.0,EV_107,0.0,100,0.0,DR862144_13,50.05,78938.8,DR862144,176.27,0.0,52.85,D,SimuProB-2,EV_107
359.903,0.0,41.55,950.0,0,4.105,1,49.28,4.145,15.0,-25.0,185.0,EV_107,0.018,110,45.0,DR862144_13,50.1,78938.85,DR862144,176.27,0.0,52.9,D,SimuProB-2,EV_107
369.177,45.0,41.55,2200.0,0,4.06,1,49.27,4.14,35.0,95.0,185.0,EV_107,0.0,120,0.0,DR862144_13,50.18,78938.94,DR862144,176.27,0.0,52.98,D,SimuProB-2,EV_107
363.814,25.0,41.55,1100.0,0,4.055,1,49.25,4.135,18.0,45.0,185.0,EV_107,0.0,130,0.0,DR862144_13,50.2,78938.99,DR862144,176.27,0.0,53.02,D,SimuProB-2,EV_107
355.174,0.0,41.55,300.0,0,4.1,1,49.24,4.14,5.0,-32.0,185.0,EV_107,0.025,140,55.0,DR862144_13,50.23,78939.0,DR862144,176.27,0.0,53.05,D,SimuProB-2,EV_107
365.465,15.0,41.55,750.0,0,4.065,1,49.24,4.13,12.0,15.0,185.0,EV_107,0.0,150,0.0,DR862144_13,50.25,78939.04,DR862144,176.27,0.0,53.08,D,SimuProB-2,EV_107
372.096,35.0,41.55,1750.0,0,4.06,1,49.21,4.13,28.0,65.0,185.0,EV_107,0.0,160,0.0,DR862144_13,50.29,78939.12,DR862144,176.27,0.0,53.12,D,SimuProB-2,EV_107
368.463,55.0,41.55,2600.0,0,4.055,1,49.21,4.135,42.0,85.0,185.0,EV_107,0.0,170,0.0,DR862144_13,50.35,78939.23,DR862144,176.27,0.0,53.2,D,SimuProB-2,EV_107
364.324,40.0,41.55,2000.0,0,4.06,1,49.21,4.13,32.0,55.0,185.0,EV_107,0.0,180,0.0,DR862144_13,50.42,78939.32,DR862144,176.27,0.0,53.28,D,SimuProB-2,EV_107
361.747,65.0,41.55,3100.0,0,4.05,1,49.19,4.13,48.0,92.5,185.0,EV_107,0.0,190,0.0,DR862144_13,50.48,78939.45,DR862144,176.27,0.0,53.33,D,SimuProB-2,EV_107
358.333,50.0,41.55,2250.0,0,4.04,1,49.17,4.135,35.0,110.0,185.0,EV_107,0.0,200,0.0,DR862144_13,50.54,78939.55,DR862144,176.27,0.0,53.38,D,SimuProB-2,EV_107
352.841,5.0,41.55,500.0,0,4.07,1,49.17,4.12,8.0,45.0,185.0,EV_107,0.012,210,25.0,DR862144_13,50.58,78939.57,DR862144,176.27,0.0,53.42,D,SimuProB-2,EV_107
363.304,15.0,41.55,950.0,0,4.07,1,49.16,4.125,15.0,25.0,185.0,EV_107,0.0,220,10.0,DR862144_13,50.65,78939.61,DR862144,176.27,0.0,53.48,D,SimuProB-2,EV_107
360.849,30.0,41.55,1600.0,0,4.065,1,49.14,4.13,25.0,60.0,185.0,EV_107,0.0,230,0.0,DR862144_13,50.7,78939.68,DR862144,176.27,0.0,53.55,D,SimuProB-2,EV_107
355.222,0.0,41.55,300.0,0,4.05,1,49.13,4.14,5.0,-35.0,185.0,EV_107,0.015,240,65.0,DR862144_13,50.75,78939.7,DR862144,176.27,0.0,53.6,D,SimuProB-2,EV_107
361.531,25.0,41.55,1780.0,0,4.068,1,49.12,4.132,28.0,45.0,185.0,EV_107,0.0,250,0.0,DR862144_13,50.82,78939.78,DR862144,176.27,0.0,53.65,D,SimuProB-2,EV_107
357.31,45.0,41.55,2700.0,0,4.06,1,49.12,4.14,42.0,85.0,185.0,EV_107,0.0,260,0.0,DR862144_13,50.9,78939.89,DR862144,176.27,0.0,53.72,D,SimuProB-2,EV_107
364.073,0.0,41.55,1400.0,0,4.075,1,49.12,4.145,22.0,-28.0,185.0,EV_107,0.018,270,35.0,DR862144_13,50.95,78939.96,DR862144,176.27,0.0,53.76,D,SimuProB-2,EV_107
358.16,55.0,41.55,3100.0,0,4.062,1,49.1,4.142,48.0,95.0,185.0,EV_107,0.0,280,0.0,DR862144_13,51.0,78940.09,DR862144,176.27,0.0,53.8,D,SimuProB-2,EV_107
362.822,0.0,41.55,1250.0,0,4.078,1,49.08,4.148,20.0,-32.0,185.0,EV_107,0.02,290,55.0,DR862144_13,51.02,78940.15,DR862144,176.27,0.0,53.82,D,SimuProB-2,EV_107
365.376,15.0,41.55,750.0,0,4.065,1,49.08,4.135,12.0,30.0,185.0,EV_107,0.0,300,5.0,DR862144_13,51.05,78940.18,DR862144,176.27,0.0,53.85,D,SimuProB-2,EV_107
367.567,25.0,41.55,1550.0,0,4.068,1,49.06,4.138,25.0,12.0,185.0,EV_107,0.0,310,0.0,DR862144_13,51.1,78940.25,DR862144,176.27,0.0,53.9,D,SimuProB-2,EV_107
360.099,40.0,41.55,2500.0,0,4.075,1,49.05,4.145,40.0,65.0,185.0,EV_107,0.0,320,0.0,DR862144_13,51.15,78940.36,DR862144,176.27,0.0,53.95,D,SimuProB-2,EV_107
364.714,0.0,41.55,1100.0,0,4.08,1,49.05,4.15,18.0,-35.0,185.0,EV_107,0.022,330,60.0,DR862144_13,51.2,78940.41,DR862144,176.27,0.0,54.0,D,SimuProB-2,EV_107
368.859,30.0,41.55,2150.0,0,4.072,1,49.03,4.142,35.0,22.0,185.0,EV_107,0.0,340,0.0,DR862144_13,51.3,78940.51,DR862144,176.27,0.0,54.1,D,SimuProB-2,EV_107
361.85,55.0,41.55,3100.0,0,4.078,1,49.03,4.148,50.0,85.0,185.0,EV_107,0.0,350,0.0,DR862144_13,51.5,78940.65,DR862144,176.27,0.0,54.3,D,SimuProB-2,EV_107
357.908,65.0,41.55,3600.0,0,4.08,1,49.03,4.15,58.0,110.0,185.0,EV_107,0.0,360,0.0,DR862144_13,51.8,78940.81,DR862144,176.27,0.0,54.6,D,SimuProB-2,EV_107
352.748,70.0,41.55,3900.0,0,4.075,1,49.02,4.15,62.0,125.0,185.0,EV_107,0.0,370,0.0,DR862144_13,52.0,78940.98,DR862144,176.27,0.0,54.8,D,SimuProB-2,EV_107
347.769,60.0,41.55,3450.0,0,4.07,1,49.0,4.148,55.0,140.0,185.0,EV_107,0.0,380,0.0,DR862144_13,52.3,78941.13,DR862144,176.27,0.0,55.1,D,SimuProB-2,EV_107
365.106,0.0,41.55,1550.0,0,4.085,1,49.0,4.15,25.0,-25.0,185.0,EV_107,0.018,390,45.0,DR862144_13,52.4,78941.2,DR862144,176.27,0.0,55.2,D,SimuProB-2,EV_107
349.84,35.0,41.55,2100.0,0,4.075,1,48.98,4.145,35.0,45.0,185.0,EV_107,0.0,400,0.0,DR862144_13,52.5,78941.3,DR862144,176.27,0.0,55.3,D,SimuProB-2,EV_107
358.201,10.0,41.55,1200.0,0,4.08,1,48.96,4.14,20.0,15.0,185.0,EV_107,0.012,410,25.0,DR862144_13,52.6,78941.35,DR862144,176.27,0.0,55.4,D,SimuProB-2,EV_107
362.321,5.0,41.55,300.0,0,4.085,1,48.96,4.135,5.0,8.0,185.0,EV_107,0.005,420,15.0,DR862144_13,52.7,78941.37,DR862144,176.27,0.0,55.5,D,SimuProB-2,EV_107
360.085,25.0,41.55,1100.0,0,4.08,1,48.93,4.13,18.0,25.0,185.0,EV_107,0.0,430,0.0,DR862144_13,52.8,78941.42,DR862144,176.27,0.0,55.6,D,SimuProB-2,EV_107
348.474,65.0,41.55,2600.0,0,4.07,1,48.9,4.145,42.0,85.0,185.0,EV_107,0.0,440,0.0,DR862144_13,52.9,78941.54,DR862144,176.27,0.0,55.7,D,SimuProB-2,EV_107
354.806,0.0,41.55,900.0,0,4.09,1,48.89,4.15,15.0,-30.0,185.0,EV_107,0.022,450,60.0,DR862144_13,53.0,78941.58,DR862144,176.27,0.0,55.8,D,SimuProB-2,EV_107
368.803,35.0,41.55,2000.0,0,4.08,1,48.86,4.14,32.0,45.0,185.0,EV_107,0.0,460,0.0,DR862144_13,53.1,78941.67,DR862144,176.27,0.0,55.9,D,SimuProB-2,EV_107
374.731,20.0,41.55,1750.0,0,4.08,1,48.84,4.13,28.0,22.0,185.0,EV_107,0.0,470,0.0,DR862144_13,53.2,78941.75,DR862144,176.27,0.0,56.0,D,SimuProB-2,EV_107
352.465,0.0,41.55,750.0,0,4.09,1,48.81,4.15,12.0,-35.0,185.0,EV_107,0.025,480,55.0,DR862144_13,53.3,78941.78,DR862144,176.27,0.0,56.1,D,SimuProB-2,EV_107
363.271,30.0,41.55,1560.0,0,4.075,1,48.81,4.135,25.0,55.0,185.0,EV_107,0.0,490,0.0,DR862144_13,53.5,78941.85,DR862144,176.27,0.0,56.3,D,SimuProB-2,EV_107
351.199,0.0,41.55,500.0,0,4.092,1,48.8,4.148,8.0,-25.0,185.0,EV_107,0.018,500,45.0,DR862144_13,53.6,78941.87,DR862144,176.27,0.0,56.4,D,SimuProB-2,EV_107
371.423,22.0,41.55,1375.0,0,4.082,1,48.79,4.128,22.0,18.0,185.0,EV_107,0.0,510,0.0,DR862144_13,53.7,78941.93,DR862144,176.27,0.0,56.5,D,SimuProB-2,EV_107
354.906,25.0,41.55,1875.0,0,4.07,1,48.77,4.14,30.0,45.0,185.0,EV_107,0.0,520,0.0,DR862144_13,53.8,78942.01,DR862144,176.27,0.0,56.6,D,SimuProB-2,EV_107
368.067,15.0,41.55,1250.0,0,4.08,1,48.76,4.13,20.0,12.0,185.0,EV_107,0.0,530,0.0,DR862144_13,53.9,78942.07,DR862144,176.27,0.0,56.7,D,SimuProB-2,EV_107
348.562,0.0,41.55,312.0,0,4.1,1,48.74,4.15,5.0,-30.0,185.0,EV_107,0.022,540,60.0,DR862144_13,54.0,78942.08,DR862144,176.27,0.0,56.8,D,SimuProB-2,EV_107
364.701,35.0,41.55,1562.0,0,4.085,1,48.72,4.135,25.0,28.0,185.0,EV_107,0.0,550,0.0,DR862144_13,54.0,78942.15,DR862144,176.27,0.0,56.8,D,SimuProB-2,EV_107
342.621,0.0,41.55,125.0,0,4.11,1,48.72,4.145,2.0,-35.0,185.0,EV_107,0.025,560,70.0,DR862144_13,54.1,78942.15,DR862144,176.27,0.0,56.9,D,SimuProB-2,EV_107
376.21,10.0,41.55,625.0,0,4.09,1,48.69,4.13,10.0,5.0,185.0,EV_107,0.0,570,0.0,DR862144_13,54.1,78942.18,DR862144,176.27,0.0,56.9,D,SimuProB-2,EV_107
382.335,40.0,41.55,2187.0,0,4.09,1,48.67,4.13,35.0,45.0,185.0,EV_107,0.0,580,0.0,DR862144_13,54.2,78942.28,DR862144,176.27,0.0,57.0,D,SimuProB-2,EV_107
369.713,0.0,41.55,750.0,0,4.11,1,48.67,4.14,12.0,-38.0,185.0,EV_107,0.028,590,55.0,DR862144_13,54.3,78942.31,DR862144,176.27,0.0,57.1,D,SimuProB-2,EV_107
395.828,25.0,41.55,1375.0,0,4.09,1,48.64,4.13,22.0,15.0,185.0,EV_107,0.0,600,0.0,DR862144_13,54.4,78942.37,DR862144,176.27,0.0,57.2,D,SimuProB-2,EV_107
372.623,55.0,41.55,2812.0,0,4.09,1,48.62,4.14,45.0,65.0,185.0,EV_107,0.0,610,0.0,DR862144_13,54.5,78942.49,DR862144,176.27,0.0,57.3,D,SimuProB-2,EV_107
365.189,65.0,41.55,3250.0,0,4.08,1,48.59,4.15,52.0,85.0,185.0,EV_107,0.0,620,0.0,DR862144_13,54.6,78942.64,DR862144,176.27,0.0,57.5,D,SimuProB-2,EV_107
380.149,0.0,41.55,1125.0,0,4.1,1,48.55,4.14,18.0,-32.0,185.0,EV_107,0.022,630,60.0,DR862144_13,54.7,78942.69,DR862144,176.27,0.0,57.6,D,SimuProB-2,EV_107
362.001,70.0,41.55,3625.0,0,4.08,1,48.53,4.15,58.0,95.0,185.0,EV_107,0.0,640,0.0,DR862144_13,54.9,78942.85,DR862144,176.27,0.0,57.8,D,SimuProB-2,EV_107
378.085,0.0,41.55,1750.0,0,4.11,1,48.5,4.14,28.0,-25.0,185.0,EV_107,0.018,650,45.0,DR862144_13,55.0,78942.93,DR862144,176.27,0.0,57.9,D,SimuProB-2,EV_107
392.532,15.0,41.55,1125.0,0,4.1,1,48.5,4.13,18.0,12.0,185.0,EV_107,0.0,660,5.0,DR862144_13,55.1,78942.98,DR862144,176.27,0.0,58.0,D,SimuProB-2,EV_107
368.167,60.0,41.55,2812.0,0,4.08,1,48.46,4.15,45.0,110.0,185.0,EV_107,0.0,670,0.0,DR862144_13,55.2,78943.1,DR862144,176.27,0.0,58.1,D,SimuProB-2,EV_107
355.536,75.0,41.55,2000.0,0,4.07,1,48.43,4.15,32.0,180.0,185.0,EV_107,0.0,680,0.0,DR862144_13,55.3,78943.19,DR862144,176.27,0.0,58.2,D,SimuProB-2,EV_107
376.021,0.0,41.55,937.0,0,4.1,1,48.41,4.14,15.0,-35.0,185.0,EV_107,0.025,690,55.0,DR862144_13,55.4,78943.24,DR862144,176.27,0.0,58.3,D,SimuProB-2,EV_107
395.689,35.0,41.55,2187.0,0,4.1,1,48.37,4.14,35.0,45.0,185.0,EV_107,0.0,700,0.0,DR862144_13,55.5,78943.34,DR862144,176.27,0.0,58.4,D,SimuProB-2,EV_107
372.516,65.0,41.55,3250.0,0,4.08,1,48.36,4.15,52.0,140.0,185.0,EV_107,0.0,710,0.0,DR862144_13,55.7,78943.48,DR862144,176.27,0.0,58.6,D,SimuProB-2,EV_107
365.11,0.0,41.55,1562.0,0,4.11,1,48.33,4.14,25.0,-28.0,185.0,EV_107,0.022,720,40.0,DR862144_13,55.8,78943.55,DR862144,176.27,0.0,58.7,D,SimuProB-2,EV_107
377.984,30.0,41.55,1750.0,0,4.11,1,48.32,4.14,28.0,65.0,185.0,EV_107,0.0,730,0.0,DR862144_13,55.9,78943.63,DR862144,176.27,0.0,58.8,D,SimuProB-2,EV_107
351.62,60.0,41.55,3000.0,0,4.08,1,48.29,4.15,48.0,155.0,185.0,EV_107,0.0,740,0.0,DR862144_13,56.0,78943.76,DR862144,176.27,0.0,59.0,D,SimuProB-2,EV_107
349.052,0.0,41.55,1125.0,0,4.1,1,48.26,4.14,18.0,-32.0,185.0,EV_107,0.028,750,65.0,DR862144_13,56.1,78943.81,DR862144,176.27,0.0,59.1,D,SimuProB-2,EV_107
368.43,40.0,41.55,2187.0,0,4.09,1,48.21,4.14,35.0,85.0,185.0,EV_107,0.0,760,0.0,DR862144_13,56.2,78943.91,DR862144,176.27,0.0,59.2,D,SimuProB-2,EV_107
360.12,55.0,41.55,2812.0,0,4.08,1,48.17,4.15,45.0,130.0,185.0,EV_107,0.0,770,0.0,DR862144_13,56.3,78944.03,DR862144,176.27,0.0,59.4,D,SimuProB-2,EV_107
355.456,0.0,41.55,1375.0,0,4.1,1,48.14,4.14,22.0,-25.0,185.0,EV_107,0.025,780,35.0,DR862144_13,56.4,78944.09,DR862144,176.27,0.0,59.5,D,SimuProB-2,EV_107
352.075,65.0,41.55,3437.0,0,4.07,1,48.11,4.15,55.0,165.0,185.0,EV_107,0.0,790,0.0,DR862144_13,56.5,78944.24,DR862144,176.27,0.0,59.6,D,SimuProB-2,EV_107
362.837,0.0,41.55,1562.0,0,4.11,1,48.09,4.15,25.0,-35.0,185.0,EV_107,0.032,800,55.0,DR862144_13,56.6,78944.31,DR862144,176.27,0.0,59.6,D,SimuProB-2,EV_107
354.993,45.0,41.55,2375.0,0,4.09,1,48.08,4.14,38.0,110.0,185.0,EV_107,0.0,810,0.0,DR862144_13,56.7,78944.42,DR862144,176.27,0.0,59.7,D,SimuProB-2,EV_107
361.451,30.0,41.55,1750.0,0,4.08,1,48.05,4.14,28.0,18.0,185.0,EV_107,0.0,820,0.0,DR862144_13,56.75,78944.5,DR862144,176.27,0.0,59.75,D,SimuProB-2,EV_107
356.58,0.0,41.55,750.0,0,4.11,1,48.05,4.15,12.0,-32.0,185.0,EV_107,0.028,830,65.0,DR862144_13,56.8,78944.53,DR862144,176.27,0.0,59.8,D,SimuProB-2,EV_107
366.084,0.0,41.55,0.0,0,4.09,1,48.05,4.15,0.0,0.5,185.0,EV_107,0.0,840,100.0,DR862144_13,56.85,78944.53,DR862144,176.27,0.0,59.85,D,SimuProB-2,EV_107
357.903,35.0,41.55,900.0,0,4.1,1,48.03,4.15,18.0,45.0,185.0,EV_107,0.0,850,0.0,DR862144_13,56.9,78944.58,DR862144,176.27,0.0,59.9,D,SimuProB-2,EV_107
352.878,55.0,41.55,2000.0,0,4.09,1,48.03,4.15,32.0,85.0,185.0,EV_107,0.0,860,0.0,DR862144_13,57.0,78944.67,DR862144,176.27,0.0,60.0,D,SimuProB-2,EV_107
359.772,0.0,41.55,500.0,0,4.11,1,48.03,4.15,10.0,-25.0,185.0,EV_107,0.025,870,45.0,DR862144_13,57.05,78944.7,DR862144,176.27,0.0,60.05,D,SimuProB-2,EV_107
351.021,60.0,41.55,2640.0,0,4.08,1,48.02,4.14,42.0,95.0,185.0,EV_107,0.0,880,0.0,DR862144_13,57.1,78944.82,DR862144,176.27,0.0,60.1,D,SimuProB-2,EV_107
382.483,0.0,41.55,125.0,0,4.13,1,48.0,4.15,5.0,-35.0,185.0,EV_107,0.026,890,75.0,DR862144_13,57.1,78944.83,DR862144,176.27,0.0,60.1,D,SimuProB-2,EV_107
374.413,25.0,41.55,375.0,0,4.12,1,48.0,4.15,15.0,12.0,185.0,EV_107,0.0,900,0.0,DR862144_13,57.15,78944.87,DR862144,176.27,0.0,60.15,D,SimuProB-2,EV_107
380.443,35.0,41.55,1800.0,0,4.1,1,47.97,4.15,28.0,45.0,185.0,EV_107,0.0,910,0.0,DR862144_13,57.22,78944.95,DR862144,176.27,0.0,60.22,D,SimuProB-2,EV_107
368.627,65.0,41.55,3000.0,0,4.07,1,47.95,4.15,48.0,110.0,185.0,EV_107,0.0,920,0.0,DR862144_13,57.35,78945.08,DR862144,176.27,0.0,60.35,D,SimuProB-2,EV_107
355.496,0.0,41.55,250.0,0,4.12,1,47.94,4.15,8.0,-38.0,185.0,EV_107,0.028,930,60.0,DR862144_13,57.38,78945.1,DR862144,176.27,0.0,60.38,D,SimuProB-2,EV_107
365.453,55.0,41.55,2625.0,0,4.08,1,47.91,4.14,42.0,85.0,185.0,EV_107,0.0,940,0.0,DR862144_13,57.45,78945.22,DR862144,176.27,0.0,60.45,D,SimuProB-2,EV_107
378.194,0.0,41.55,375.0,0,4.13,1,47.9,4.15,12.0,-25.0,185.0,EV_107,0.018,950,55.0,DR862144_13,57.48,78945.25,DR862144,176.27,0.0,60.48,D,SimuProB-2,EV_107
372.511,40.0,41.55,1562.0,0,4.1,1,47.89,4.14,25.0,65.0,185.0,EV_107,0.0,960,0.0,DR862144_13,57.52,78945.32,DR862144,176.27,0.0,60.52,D,SimuProB-2,EV_107
362.767,50.0,41.55,2187.0,0,4.08,1,47.87,4.14,35.0,95.0,185.0,EV_107,0.0,970,0.0,DR862144_13,57.55,78945.42,DR862144,176.27,0.0,60.55,D,SimuProB-2,EV_107
357.868,0.0,41.55,625.0,0,4.12,1,47.85,4.15,10.0,-32.0,185.0,EV_107,0.025,980,45.0,DR862144_13,57.57,78945.45,DR862144,176.27,0.0,60.57,D,SimuProB-2,EV_107
371.046,45.0,41.55,1750.0,0,4.09,1,47.84,4.14,28.0,75.0,185.0,EV_107,0.0,990,0.0,DR862144_13,57.6,78945.52,DR862144,176.27,0.0,60.6,D,SimuProB-2,EV_107
354.868,52.0,41.55,2375.0,0,4.07,1,47.82,4.14,38.0,88.5,185.0,EV_107,0.0,1000,0.0,DR862144_13,57.68,78945.63,DR862144,176.27,0.0,60.68,D,SimuProB-2,EV_107
368.57,0.0,41.55,937.0,0,4.13,1,47.81,4.15,15.0,-38.0,185.0,EV_107,0.028,1010,65.0,DR862144_13,57.75,78945.67,DR862144,176.27,0.0,60.75,D,SimuProB-2,EV_107
377.002,30.0,41.55,1375.0,0,4.11,1,47.81,4.14,22.0,12.5,185.0,EV_107,0.0,1020,0.0,DR862144_13,57.78,78945.73,DR862144,176.27,0.0,60.78,D,SimuProB-2,EV_107
379.088,35.0,41.55,2000.0,0,4.11,1,47.79,4.14,32.0,45.0,185.0,EV_107,0.0,1030,0.0,DR862144_13,57.95,78945.82,DR862144,176.27,0.0,60.95,D,SimuProB-2,EV_107
365.579,65.0,41.55,3000.0,0,4.08,1,47.78,4.15,48.0,95.0,185.0,EV_107,0.0,1040,0.0,DR862144_13,58.15,78945.95,DR862144,176.27,0.0,61.15,D,SimuProB-2,EV_107
373.112,0.0,41.55,1562.0,0,4.13,1,47.78,4.15,25.0,-35.0,185.0,EV_107,0.022,1050,55.0,DR862144_13,58.28,78946.02,DR862144,176.27,0.0,61.28,D,SimuProB-2,EV_107
362.234,75.0,41.55,3437.0,0,4.07,1,47.73,4.15,55.0,115.0,185.0,EV_107,0.0,1060,0.0,DR862144_13,58.35,78946.17,DR862144,176.27,0.0,61.35,D,SimuProB-2,EV_107
358.797,80.0,41.55,3875.0,0,4.05,1,47.69,4.15,62.0,145.0,185.0,EV_107,0.0,1070,0.0,DR862144_13,58.48,78946.35,DR862144,176.27,0.0,61.48,D,SimuProB-2,EV_107
395.571,0.0,41.55,2187.0,0,4.13,1,47.69,4.15,35.0,-32.0,185.0,EV_107,0.025,1080,60.0,DR862144_13,58.5,78946.44,DR862144,176.27,0.0,61.5,D,SimuProB-2,EV_107
368.155,55.0,41.55,2812.0,0,4.09,1,47.67,4.15,45.0,85.0,185.0,EV_107,0.0,1090,0.0,DR862144_13,58.55,78946.57,DR862144,176.27,0.0,61.55,D,SimuProB-2,EV_107
371.755,30.0,41.55,1875.0,0,4.12,1,47.66,4.15,30.0,45.0,185.0,EV_107,0.0,1100,0.0,DR862144_13,58.6,78946.65,DR862144,176.27,0.0,61.6,D,SimuProB-2,EV_107
360.546,78.0,41.55,3750.0,0,4.06,1,47.63,4.15,60.0,130.0,185.0,EV_107,0.0,1110,0.0,DR862144_13,58.75,78946.82,DR862144,176.27,0.0,61.75,D,SimuProB-2,EV_107
352.374,75.0,41.55,3437.0,0,4.05,1,47.61,4.15,55.0,140.0,185.0,EV_107,0.0,1120,0.0,DR862144_13,58.8,78946.97,DR862144,176.27,0.0,61.8,D,SimuProB-2,EV_107
365.649,0.0,41.55,312.0,0,4.14,1,47.59,4.15,5.0,12.0,185.0,EV_107,0.028,1130,15.0,DR862144_13,58.85,78946.99,DR862144,176.27,0.0,61.85,D,SimuProB-2,EV_107
378.94,40.0,41.55,1750.0,0,4.1,1,47.58,4.15,28.0,55.0,185.0,EV_107,0.0,1140,0.0,DR862144_13,58.9,78947.06,DR862144,176.27,0.0,61.9,D,SimuProB-2,EV_107
375.133,35.0,41.55,2000.0,0,4.11,1,47.56,4.14,32.0,65.0,185.0,EV_107,0.0,1150,0.0,DR862144_13,58.92,78947.15,DR862144,176.27,0.0,61.92,D,SimuProB-2,EV_107
368.082,55.0,41.55,2812.0,0,4.09,1,47.55,4.15,45.0,95.0,185.0,EV_107,0.0,1160,0.0,DR862144_13,58.96,78947.27,DR862144,176.27,0.0,61.98,D,SimuProB-2,EV_107
371.98,0.0,41.55,937.0,0,4.13,1,47.53,4.15,15.0,-25.0,185.0,EV_107,0.015,1170,65.0,DR862144_13,58.98,78947.32,DR862144,176.27,0.0,62.0,D,SimuProB-2,EV_107
382.258,15.0,41.55,750.0,0,4.12,1,47.52,4.15,12.0,18.0,185.0,EV_107,0.005,1180,10.0,DR862144_13,59.05,78947.35,DR862144,176.27,0.0,62.05,D,SimuProB-2,EV_107
365.947,45.0,41.55,2375.0,0,4.08,1,47.5,4.15,38.0,85.0,185.0,EV_107,0.0,1190,0.0,DR862144_13,59.1,78947.46,DR862144,176.27,0.0,62.1,D,SimuProB-2,EV_107
377.023,0.0,41.55,500.0,0,4.13,1,47.49,4.15,8.0,-30.0,185.0,EV_107,0.022,1200,75.0,DR862144_13,59.15,78947.48,DR862144,176.27,0.0,62.15,D,SimuProB-2,EV_107
375.266,35.0,41.55,1562.0,0,4.1,1,47.47,4.14,25.0,45.0,185.0,EV_107,0.0,1210,0.0,DR862144_13,59.2,78947.55,DR862144,176.27,0.0,62.2,D,SimuProB-2,EV_107
361.863,65.0,41.55,3000.0,0,4.07,1,47.47,4.15,48.0,110.0,185.0,EV_107,0.0,1220,0.0,DR862144_13,59.3,78947.68,DR862144,176.27,0.0,62.3,D,SimuProB-2,EV_107
380.119,0.0,41.55,625.0,0,4.12,1,47.45,4.15,10.0,-35.0,185.0,EV_107,0.025,1230,80.0,DR862144_13,59.35,78947.71,DR862144,176.27,0.0,62.35,D,SimuProB-2,EV_107
358.022,75.0,41.55,3750.0,0,4.05,1,47.42,4.15,60.0,135.0,185.0,EV_107,0.0,1240,0.0,DR862144_13,59.5,78947.88,DR862144,176.27,0.0,62.5,D,SimuProB-2,EV_107
372.563,0.0,41.55,2187.0,0,4.11,1,47.4,4.15,35.0,-25.0,185.0,EV_107,0.018,1250,45.0,DR862144_13,59.55,78947.97,DR862144,176.27,0.0,62.55,D,SimuProB-2,EV_107
368.71,50.0,41.55,2625.0,0,4.09,1,47.39,4.14,42.0,65.0,185.0,EV_107,0.0,1260,0.0,DR862144_13,59.6,78948.09,DR862144,176.27,0.0,62.6,D,SimuProB-2,EV_107
363.586,60.0,41.55,2500.0,0,4.03,1,47.35,4.15,40.0,155.0,185.0,EV_107,0.0,1270,0.0,DR862144_13,59.7,78948.2,DR862144,176.27,0.0,62.7,D,SimuProB-2,EV_107
344.895,80.0,41.55,3437.0,0,3.98,1,47.31,4.15,55.0,190.0,185.0,EV_107,0.0,0,0.0,DR862144_14,59.85,78948.35,DR862144,176.27,0.0,62.85,D,SimuProB-2,EV_107
352.007,0.0,41.55,937.0,0,4.1,1,47.3,4.15,15.0,-38.0,185.0,EV_107,0.022,10,85.0,DR862144_14,59.9,78948.4,DR862144,176.27,0.0,62.9,D,SimuProB-2,EV_107
360.219,45.0,41.55,2187.0,0,4.05,1,47.28,4.12,35.0,85.0,185.0,EV_107,0.0,20,0.0,DR862144_14,60.05,78948.5,DR862144,176.27,0.0,63.05,D,SimuProB-2,EV_107
355.509,65.0,41.55,3000.0,0,4.02,1,47.25,4.15,48.0,140.0,185.0,EV_107,0.0,30,0.0,DR862144_14,60.2,78948.63,DR862144,176.27,0.0,63.2,D,SimuProB-2,EV_107
365.965,0.0,41.55,1562.0,0,4.09,1,47.24,4.14,25.0,-18.0,185.0,EV_107,0.015,40,60.0,DR862144_14,60.3,78948.7,DR862144,176.27,0.0,63.3,D,SimuProB-2,EV_107
372.122,25.0,41.55,1875.0,0,4.08,1,47.21,4.13,30.0,45.0,185.0,EV_107,0.0,50,0.0,DR862144_14,60.35,78948.78,DR862144,176.27,0.0,63.35,D,SimuProB-2,EV_107
348.431,75.0,41.55,3125.0,0,3.95,1,47.2,4.15,50.0,185.0,185.0,EV_107,0.0,60,0.0,DR862144_14,60.5,78948.92,DR862144,176.27,0.0,63.5,D,SimuProB-2,EV_107
358.817,0.0,41.55,1125.0,0,4.07,1,47.19,4.14,18.0,-25.0,185.0,EV_107,0.018,70,70.0,DR862144_14,60.55,78948.97,DR862144,176.27,0.0,63.55,D,SimuProB-2,EV_107
385.276,40.0,41.55,2187.0,0,4.05,1,47.17,4.12,35.0,65.0,185.0,EV_107,0.0,80,0.0,DR862144_14,60.65,78949.07,DR862144,176.27,0.0,63.65,D,SimuProB-2,EV_107
342.893,78.0,41.55,3437.0,0,3.92,1,47.15,4.15,55.0,195.0,185.0,EV_107,0.0,90,0.0,DR862144_14,60.8,78949.22,DR862144,176.27,0.0,63.8,D,SimuProB-2,EV_107
352.469,0.0,41.55,750.0,0,4.08,1,47.12,4.14,12.0,-35.0,185.0,EV_107,0.022,100,85.0,DR862144_14,60.9,78949.25,DR862144,176.27,0.0,63.9,D,SimuProB-2,EV_107
375.179,30.0,41.55,1750.0,0,4.04,1,47.09,4.13,28.0,45.0,185.0,EV_107,0.0,110,0.0,DR862144_14,60.95,78949.33,DR862144,176.27,0.0,63.95,D,SimuProB-2,EV_107
345.589,65.0,41.55,3000.0,0,3.93,1,47.09,4.15,48.0,160.0,185.0,EV_107,0.0,120,0.0,DR862144_14,61.05,78949.46,DR862144,176.27,0.0,64.05,D,SimuProB-2,EV_107
360.029,0.0,41.55,937.0,0,4.06,1,47.08,4.14,15.0,-20.0,185.0,EV_107,0.015,130,45.0,DR862144_14,61.1,78949.5,DR862144,176.27,0.0,64.1,D,SimuProB-2,EV_107
385.43,45.0,41.55,2375.0,0,4.05,1,47.06,4.14,38.0,65.0,185.0,EV_107,0.0,140,0.0,DR862144_14,61.12,78949.61,DR862144,176.27,0.0,64.12,D,SimuProB-2,EV_107
371.707,60.0,41.55,3250.0,0,3.98,1,47.04,4.15,52.0,140.0,185.0,EV_107,0.0,150,0.0,DR862144_14,61.16,78949.75,DR862144,176.27,0.0,64.18,D,SimuProB-2,EV_107
365.715,15.0,41.55,1375.0,0,4.02,1,47.03,4.13,22.0,25.0,185.0,EV_107,0.0,160,5.0,DR862144_14,61.18,78949.81,DR862144,176.27,0.0,64.2,D,SimuProB-2,EV_107
389.872,0.0,41.55,312.0,0,4.05,1,47.02,4.12,5.0,-35.0,185.0,EV_107,0.025,170,85.0,DR862144_14,61.25,78949.82,DR862144,176.27,0.0,64.25,D,SimuProB-2,EV_107
392.853,35.0,41.55,1125.0,0,4.06,1,47.01,4.14,18.0,45.0,185.0,EV_107,0.0,180,0.0,DR862144_14,61.3,78949.87,DR862144,176.27,0.0,64.3,D,SimuProB-2,EV_107
378.959,55.0,41.55,2625.0,0,3.98,1,46.99,4.15,42.0,120.0,185.0,EV_107,0.0,190,0.0,DR862144_14,61.35,78949.99,DR862144,176.27,0.0,64.35,D,SimuProB-2,EV_107
383.081,45.0,41.55,2187.0,0,4.04,1,46.97,4.14,35.0,75.0,185.0,EV_107,0.0,200,0.0,DR862144_14,61.38,78950.09,DR862144,176.27,0.0,64.38,D,SimuProB-2,EV_107
376.06,65.0,41.55,3125.0,0,4.01,1,46.95,4.15,50.0,130.0,185.0,EV_107,0.0,210,0.0,DR862144_14,61.42,78950.23,DR862144,176.27,0.0,64.42,D,SimuProB-2,EV_107
390.584,0.0,41.55,1562.0,0,4.06,1,46.94,4.13,25.0,-28.0,185.0,EV_107,0.022,220,45.0,DR862144_14,61.45,78950.3,DR862144,176.27,0.0,64.45,D,SimuProB-2,EV_107
372.178,70.0,41.55,3437.0,0,3.99,1,46.92,4.15,55.0,145.0,185.0,EV_107,0.0,230,0.0,DR862144_14,61.5,78950.45,DR862144,176.27,0.0,64.5,D,SimuProB-2,EV_107
368.554,78.0,41.55,3875.0,0,3.97,1,46.89,4.15,62.0,180.0,185.0,EV_107,0.0,240,0.0,DR862144_14,61.6,78950.62,DR862144,176.27,0.0,64.6,D,SimuProB-2,EV_107
375.761,40.0,41.55,3000.0,0,4.05,1,46.89,4.14,48.0,65.0,185.0,EV_107,0.0,250,0.0,DR862144_14,61.7,78950.76,DR862144,176.27,0.0,64.7,D,SimuProB-2,EV_107
371.738,72.0,41.55,3625.0,0,3.98,1,46.87,4.15,58.0,155.0,185.0,EV_107,0.0,260,0.0,DR862144_14,61.8,78950.92,DR862144,176.27,0.0,64.8,D,SimuProB-2,EV_107
365.167,80.0,41.55,3937.0,0,3.95,1,46.84,4.15,63.0,190.0,185.0,EV_107,0.0,270,0.0,DR862144_14,61.9,78951.1,DR862144,176.27,0.0,64.9,D,SimuProB-2,EV_107
378.467,0.0,41.55,1875.0,0,4.02,1,46.83,4.14,30.0,-35.0,185.0,EV_107,0.025,280,55.0,DR862144_14,62.0,78951.18,DR862144,176.27,0.0,65.0,D,SimuProB-2,EV_107
361.985,45.0,41.55,2625.0,0,3.96,1,46.81,4.15,42.0,145.0,185.0,EV_107,0.0,290,0.0,DR862144_14,62.1,78951.3,DR862144,176.27,0.0,65.0,D,SimuProB-2,EV_107
366.614,0.0,41.55,1250.0,0,4.01,1,46.81,4.14,20.0,-28.0,185.0,EV_107,0.02,300,45.0,DR862144_14,62.1,78951.35,DR862144,176.27,0.0,65.0,D,SimuProB-2,EV_107
372.72,15.0,41.55,500.0,0,4.06,1,46.8,4.12,8.0,12.0,185.0,EV_107,0.0,310,5.0,DR862144_14,62.2,78951.37,DR862144,176.27,0.0,65.0,D,SimuProB-2,EV_107
368.798,35.0,41.55,1125.0,0,4.03,1,46.8,4.13,18.0,45.0,185.0,EV_107,0.0,320,0.0,DR862144_14,62.3,78951.42,DR862144,176.27,0.0,65.0,D,SimuProB-2,EV_107
364.243,60.0,41.55,2187.0,0,3.98,1,46.78,4.15,35.0,125.0,185.0,EV_107,0.0,330,0.0,DR862144_14,62.4,78951.52,DR862144,176.27,0.0,65.0,D,SimuProB-2,EV_107
360.047,75.0,41.55,3250.0,0,3.95,1,46.78,4.15,52.0,185.0,185.0,EV_107,0.0,340,0.0,DR862144_14,62.6,78951.66,DR862144,176.27,0.0,65.0,D,SimuProB-2,EV_107
365.334,50.0,41.55,2625.0,0,3.99,1,46.77,4.14,42.0,85.0,185.0,EV_107,0.0,350,0.0,DR862144_14,62.7,78951.78,DR862144,176.27,0.0,65.0,D,SimuProB-2,EV_107
373.411,10.0,41.55,750.0,0,4.04,1,46.76,4.13,12.0,15.0,185.0,EV_107,0.01,360,15.0,DR862144_14,62.8,78951.81,DR862144,176.27,0.0,65.0,D,SimuProB-2,EV_107
361.589,55.0,41.55,1875.0,0,4.0,1,46.74,4.15,30.0,140.0,185.0,EV_107,0.0,370,0.0,DR862144_14,62.9,78951.89,DR862144,176.27,0.0,65.0,D,SimuProB-2,EV_107
355.454,70.0,41.55,3000.0,0,3.96,1,46.73,4.15,48.0,165.0,185.0,EV_107,0.0,380,0.0,DR862144_14,63.0,78952.02,DR862144,176.27,0.0,65.0,D,SimuProB-2,EV_107
358.879,0.0,41.55,1560.0,0,4.02,1,46.71,4.14,25.0,-35.0,185.0,EV_107,0.02,390,65.0,DR862144_14,63.1,78952.09,DR862144,176.27,0.0,65.0,D,SimuProB-2,EV_107
363.241,25.0,41.55,1125.0,0,4.05,1,46.71,4.13,18.0,45.0,185.0,EV_107,0.0,400,10.0,DR862144_14,63.2,78952.14,DR862144,176.27,0.0,65.0,D,SimuProB-2,EV_107
368.621,45.0,41.55,1750.0,0,4.03,1,46.68,4.14,28.0,85.0,185.0,EV_107,0.0,410,0.0,DR862144_14,63.2,78952.22,DR862144,176.27,0.0,65.0,D,SimuProB-2,EV_107
372.583,15.0,41.55,938.0,0,4.06,1,46.67,4.13,15.0,25.0,185.0,EV_107,0.0,420,5.0,DR862144_14,63.2,78952.26,DR862144,176.27,0.0,65.0,D,SimuProB-2,EV_107
359.167,60.0,41.55,2375.0,0,3.98,1,46.64,4.15,38.0,150.0,185.0,EV_107,0.0,430,0.0,DR862144_14,63.3,78952.37,DR862144,176.27,0.0,65.0,D,SimuProB-2,EV_107
382.834,10.0,41.55,450.0,0,4.05,1,46.63,4.13,12.0,12.0,185.0,EV_107,0.0,440,0.0,DR862144_14,63.3,78952.4,DR862144,176.27,0.0,65.0,D,SimuProB-2,EV_107
378.218,0.0,41.55,150.0,0,4.04,1,46.61,4.14,5.0,-25.0,185.0,EV_107,0.01,450,15.0,DR862144_14,63.3,78952.42,DR862144,176.27,0.0,65.0,D,SimuProB-2,EV_107
375.513,35.0,41.55,950.0,0,4.03,1,46.59,4.15,22.0,65.0,185.0,EV_107,0.0,460,0.0,DR862144_14,63.4,78952.48,DR862144,176.27,0.0,65.0,D,SimuProB-2,EV_107
368.366,45.0,41.55,1850.0,0,4.02,1,46.57,4.14,32.0,85.0,185.0,EV_107,0.0,470,0.0,DR862144_14,63.4,78952.57,DR862144,176.27,0.0,63.5,D,SimuProB-2,EV_107
374.047,20.0,41.55,750.0,0,4.06,1,46.56,4.13,18.0,35.0,185.0,EV_107,0.0,480,5.0,DR862144_14,63.4,78952.62,DR862144,176.27,0.0,63.6,D,SimuProB-2,EV_107
371.485,30.0,41.55,1100.0,0,4.03,1,46.53,4.15,25.0,60.0,185.0,EV_107,0.0,490,0.0,DR862144_14,63.5,78952.69,DR862144,176.27,0.0,63.7,D,SimuProB-2,EV_107
366.961,38.0,41.55,1650.0,0,4.02,1,46.5,4.14,30.0,75.0,185.0,EV_107,0.0,500,0.0,DR862144_14,63.5,78952.77,DR862144,176.27,0.0,63.8,D,SimuProB-2,EV_107
376.407,0.0,41.55,550.0,0,4.04,1,46.49,4.15,12.0,-28.0,185.0,EV_107,0.02,510,55.0,DR862144_14,63.5,78952.81,DR862144,176.27,0.0,63.8,D,SimuProB-2,EV_107
377.905,25.0,41.55,700.0,0,4.03,1,46.47,4.14,15.0,45.0,185.0,EV_107,0.0,520,0.0,DR862144_14,63.6,78952.85,DR862144,176.27,0.0,63.9,D,SimuProB-2,EV_107
375.436,22.0,41.55,850.0,0,4.03,1,46.45,4.14,18.0,42.0,185.0,EV_107,0.0,530,0.0,DR862144_14,63.7,78952.9,DR862144,176.27,0.0,64.0,D,SimuProB-2,EV_107
372.393,28.0,41.55,1050.0,0,4.02,1,46.42,4.15,22.0,55.0,185.0,EV_107,0.0,540,0.0,DR862144_14,63.8,78952.96,DR862144,176.27,0.0,64.1,D,SimuProB-2,EV_107
378.249,0.0,41.55,350.0,0,4.04,1,46.4,4.15,8.0,-15.0,185.0,EV_107,0.01,550,45.0,DR862144_14,63.8,78952.98,DR862144,176.27,0.0,64.1,D,SimuProB-2,EV_107
373.922,32.0,41.55,1250.0,0,4.01,1,46.36,4.15,25.0,62.0,185.0,EV_107,0.0,560,0.0,DR862144_14,63.9,78953.05,DR862144,176.27,0.0,64.3,D,SimuProB-2,EV_107
369.955,45.0,41.55,1650.0,0,3.99,1,46.33,4.15,32.0,85.0,185.0,EV_107,0.0,570,0.0,DR862144_14,64.0,78953.14,DR862144,176.27,0.0,64.5,D,SimuProB-2,EV_107
376.601,0.0,41.55,900.0,0,4.05,1,46.32,4.15,18.0,-25.0,185.0,EV_107,0.025,580,35.0,DR862144_14,64.1,78953.19,DR862144,176.27,0.0,64.6,D,SimuProB-2,EV_107
371.506,35.0,41.55,1400.0,0,4.0,1,46.28,4.15,28.0,72.5,185.0,EV_107,0.0,590,0.0,DR862144_14,64.2,78953.27,DR862144,176.27,0.0,64.8,D,SimuProB-2,EV_107
374.326,0.0,41.55,600.0,0,4.06,1,46.28,4.15,12.0,-32.0,185.0,EV_107,0.015,600,55.0,DR862144_14,64.3,78953.3,DR862144,176.27,0.0,64.9,D,SimuProB-2,EV_107
370.382,48.0,41.55,1750.0,0,3.98,1,46.26,4.15,35.0,88.0,185.0,EV_107,0.0,610,0.0,DR862144_14,64.4,78953.4,DR862144,176.27,0.0,65.0,D,SimuProB-2,EV_107
367.734,65.0,41.55,2100.0,0,3.95,1,46.22,4.15,42.0,110.5,185.0,EV_107,0.0,620,0.0,DR862144_14,64.6,78953.52,DR862144,176.27,0.0,65.0,D,SimuProB-2,EV_107
378.497,0.0,41.55,750.0,0,4.08,1,46.22,4.15,15.0,-38.0,185.0,EV_107,0.028,630,60.0,DR862144_14,64.7,78953.56,DR862144,176.27,0.0,65.0,D,SimuProB-2,EV_107
372.367,30.0,41.55,1100.0,0,4.01,1,46.22,4.14,22.0,45.0,185.0,EV_107,0.0,640,0.0,DR862144_14,64.8,78953.62,DR862144,176.27,0.0,65.0,D,SimuProB-2,EV_107
369.982,45.0,41.55,1600.0,0,3.99,1,46.21,4.15,32.0,75.0,185.0,EV_107,0.0,650,0.0,DR862144_14,64.9,78953.71,DR862144,176.27,0.0,65.0,D,SimuProB-2,EV_107
362.256,72.0,41.55,2400.0,0,3.92,1,46.18,4.15,48.0,135.0,185.0,EV_107,0.0,660,0.0,DR862144_14,65.0,78953.84,DR862144,176.27,0.0,65.0,D,SimuProB-2,EV_107
375.662,0.0,41.55,500.0,0,4.05,1,46.18,4.15,10.0,-28.0,185.0,EV_107,0.022,670,65.0,DR862144_14,65.0,78953.87,DR862144,176.27,0.0,65.0,D,SimuProB-2,EV_107
374.915,0.0,41.55,250.0,0,4.06,1,46.17,4.15,5.0,-32.0,185.0,EV_107,0.025,680,55.0,DR862144_14,65.0,78953.88,DR862144,176.27,0.0,65.0,D,SimuProB-2,EV_107
371.11,35.0,41.55,900.0,0,4.02,1,46.16,4.15,18.0,65.0,185.0,EV_107,0.0,690,0.0,DR862144_14,65.0,78953.93,DR862144,176.27,0.0,65.0,D,SimuProB-2,EV_107
368.531,45.0,41.55,1400.0,0,4.0,1,46.14,4.15,28.0,85.0,185.0,EV_107,0.0,700,0.0,DR862144_14,65.0,78954.01,DR862144,176.27,0.0,65.0,D,SimuProB-2,EV_107
367.598,48.0,41.55,1600.0,0,3.98,1,46.1,4.14,32.0,92.5,185.0,EV_107,0.0,710,0.0,DR862144_14,65.0,78954.1,DR862144,176.27,0.0,65.0,D,SimuProB-2,EV_107
378.416,0.0,41.55,600.0,0,4.08,1,46.1,4.15,12.0,-15.2,185.0,EV_107,0.018,720,45.0,DR862144_14,65.0,78954.13,DR862144,176.27,0.0,65.0,D,SimuProB-2,EV_107
382.159,15.0,41.55,400.0,0,4.05,1,46.1,4.13,8.0,12.5,185.0,EV_107,0.0,730,5.0,DR862144_14,65.0,78954.15,DR862144,176.27,0.0,65.0,D,SimuProB-2,EV_107
380.633,25.0,41.55,750.0,0,4.06,1,46.08,4.14,15.0,25.0,185.0,EV_107,0.0,740,0.0,DR862144_14,65.0,78954.19,DR862144,176.27,0.0,65.0,D,SimuProB-2,EV_107
374.796,40.0,41.55,1250.0,0,4.01,1,46.07,4.15,25.0,55.0,185.0,EV_107,0.0,750,0.0,DR862144_14,65.0,78954.26,DR862144,176.27,0.0,65.0,D,SimuProB-2,EV_107
381.359,0.0,41.55,400.0,0,4.1,1,46.07,4.15,8.0,-22.5,185.0,EV_107,0.025,760,55.0,DR862144_14,65.0,78954.28,DR862144,176.27,0.0,65.0,D,SimuProB-2,EV_107
376.167,30.0,41.55,1100.0,0,4.07,1,46.05,4.15,22.0,42.0,185.0,EV_107,0.0,770,0.0,DR862144_14,65.0,78954.34,DR862144,176.27,0.0,65.0,D,SimuProB-2,EV_107
370.109,55.0,41.55,1900.0,0,4.03,1,46.03,4.15,38.0,85.0,185.0,EV_107,0.0,780,0.0,DR862144_14,65.0,78954.45,DR862144,176.27,0.0,65.0,D,SimuProB-2,EV_107
373.598,0.0,41.55,500.0,0,4.12,1,46.01,4.15,10.0,-35.0,185.0,EV_107,0.028,790,60.0,DR862144_14,65.0,78954.47,DR862144,176.27,0.0,65.0,D,SimuProB-2,EV_107
382.31,0.0,41.55,0.0,0,4.1,1,46.0,4.14,0.0,-15.0,185.0,EV_107,0.0,800,100.0,DR862144_14,39.2,78954.47,DR862144,176.27,0.0,41.5,D,SimuProB-2,EV_107
378.022,45.0,41.55,600.0,0,4.02,1,45.98,4.15,12.0,65.0,185.0,EV_107,0.0,810,0.0,DR862144_14,39.3,78954.5,DR862144,176.27,0.0,41.6,D,SimuProB-2,EV_107
384.921,0.0,41.55,250.0,0,4.11,1,45.95,4.15,5.0,-25.0,185.0,EV_107,0.02,820,30.0,DR862144_14,39.4,78954.52,DR862144,176.27,0.0,41.7,D,SimuProB-2,EV_107
372.52,35.0,41.55,750.0,0,4.05,1,45.93,4.15,15.0,45.0,185.0,EV_107,0.0,830,0.0,DR862144_14,39.5,78954.56,DR862144,176.27,0.0,41.8,D,SimuProB-2,EV_107
368.398,65.0,41.55,1250.0,0,3.98,1,45.92,4.14,25.0,110.0,185.0,EV_107,0.0,840,0.0,DR862144_14,39.8,78954.63,DR862144,176.27,0.0,42.1,D,SimuProB-2,EV_107
390.906,0.0,41.55,400.0,0,4.1,1,45.89,4.15,8.0,-20.0,185.0,EV_107,0.015,850,45.0,DR862144_14,40.0,78954.65,DR862144,176.27,0.0,42.3,D,SimuProB-2,EV_107
375.478,40.0,41.55,900.0,0,4.08,1,45.87,4.15,18.0,55.0,185.0,EV_107,0.0,860,0.0,DR862144_14,40.1,78954.7,DR862144,176.27,0.0,42.4,D,SimuProB-2,EV_107
362.584,70.0,41.55,1600.0,0,3.95,1,45.85,4.15,32.0,125.0,185.0,EV_107,0.0,870,0.0,DR862144_14,40.2,78954.79,DR862144,176.27,0.0,42.5,D,SimuProB-2,EV_107
365.501,0.0,41.55,600.0,0,4.12,1,45.84,4.15,12.0,-35.0,185.0,EV_107,0.025,880,60.0,DR862144_14,40.3,78954.82,DR862144,176.27,0.0,42.6,D,SimuProB-2,EV_107
372.447,35.0,41.55,1100.0,0,4.05,1,45.8,4.14,22.0,45.0,185.0,EV_107,0.0,890,0.0,DR862144_14,40.4,78954.88,DR862144,176.27,0.0,42.7,D,SimuProB-2,EV_107
359.819,60.0,41.55,1750.0,0,3.98,1,45.79,4.15,35.0,95.0,185.0,EV_107,0.0,900,0.0,DR862144_14,40.5,78954.98,DR862144,176.27,0.0,42.9,D,SimuProB-2,EV_107
368.508,0.0,41.55,750.0,0,4.11,1,45.78,4.15,15.0,-25.0,185.0,EV_107,0.02,910,50.0,DR862144_14,40.6,78955.02,DR862144,176.27,0.0,43.0,D,SimuProB-2,EV_107
360.764,55.0,41.55,1900.0,0,3.97,1,45.76,4.15,38.0,85.0,185.0,EV_107,0.0,920,0.0,DR862144_14,40.7,78955.13,DR862144,176.27,0.0,43.1,D,SimuProB-2,EV_107
378.597,0.0,41.55,500.0,0,4.1,1,45.76,4.15,10.0,-18.0,185.0,EV_107,0.018,930,45.0,DR862144_14,40.8,78955.15,DR862144,176.27,0.0,43.1,D,SimuProB-2,EV_107
364.03,40.0,41.55,1250.0,0,3.99,1,45.75,4.14,25.0,65.0,185.0,EV_107,0.0,940,0.0,DR862144_14,40.9,78955.22,DR862144,176.27,0.0,43.2,D,SimuProB-2,EV_107
355.745,70.0,41.55,2100.0,0,3.95,1,45.73,4.15,42.0,110.0,185.0,EV_107,0.0,950,0.0,DR862144_14,41.0,78955.34,DR862144,176.27,0.0,43.3,D,SimuProB-2,EV_107
362.076,0.0,41.55,900.0,0,4.08,1,45.7,4.15,18.0,-35.0,185.0,EV_107,0.025,960,85.0,DR862144_14,41.1,78955.39,DR862144,176.27,0.0,43.4,D,SimuProB-2,EV_107
369.934,15.0,41.55,250.0,0,4.12,1,45.7,4.15,5.0,12.5,185.0,EV_107,0.0,970,5.0,DR862144_14,41.2,78955.4,DR862144,176.27,0.0,43.5,D,SimuProB-2,EV_107
373.773,35.0,41.55,900.0,0,4.11,1,45.68,4.15,18.0,28.5,185.0,EV_107,0.0,980,0.0,DR862144_14,41.3,78955.45,DR862144,176.27,0.0,43.6,D,SimuProB-2,EV_107
368.859,55.0,41.55,1600.0,0,4.09,1,45.66,4.15,32.0,55.2,185.0,EV_107,0.0,990,0.0,DR862144_14,41.4,78955.54,DR862144,176.27,0.0,43.7,D,SimuProB-2,EV_107
380.25,0.0,41.55,250.0,0,4.13,1,45.66,4.15,5.0,-25.0,185.0,EV_107,0.022,1000,65.0,DR862144_14,41.5,78955.55,DR862144,176.27,0.0,43.8,D,SimuProB-2,EV_107
375.266,45.0,41.55,1750.0,0,4.1,1,45.63,4.14,35.0,42.0,185.0,EV_107,0.0,1010,0.0,DR862144_14,41.8,78955.65,DR862144,176.27,0.0,44.1,D,SimuProB-2,EV_107
378.216,25.0,41.55,1100.0,0,4.12,1,45.6,4.14,22.0,18.5,185.0,EV_107,0.0,1020,0.0,DR862144_14,42.0,78955.71,DR862144,176.27,0.0,44.3,D,SimuProB-2,EV_107
365.414,0.0,41.55,250.0,0,4.14,1,45.6,4.15,5.0,-32.0,185.0,EV_107,0.028,1030,75.0,DR862144_14,42.1,78955.72,DR862144,176.27,0.0,44.4,D,SimuProB-2,EV_107
372.004,35.0,41.55,1250.0,0,4.09,1,45.57,4.15,25.0,65.0,185.0,EV_107,0.0,1040,0.0,DR862144_14,42.2,78955.79,DR862144,176.27,0.0,44.5,D,SimuProB-2,EV_107
362.278,65.0,41.55,2250.0,0,4.07,1,45.56,4.15,45.0,110.0,185.0,EV_107,0.0,1050,0.0,DR862144_14,42.4,78955.91,DR862144,176.27,0.0,44.7,D,SimuProB-2,EV_107
376.53,0.0,41.55,500.0,0,4.14,1,45.55,4.15,10.0,-35.0,185.0,EV_107,0.03,1060,85.0,DR862144_14,42.5,78955.94,DR862144,176.27,0.0,44.8,D,SimuProB-2,EV_107
358.838,70.0,41.55,3100.0,0,4.06,1,45.53,4.15,55.0,145.0,185.0,EV_107,0.0,1070,0.0,DR862144_14,42.6,78956.09,DR862144,176.27,0.0,44.9,D,SimuProB-2,EV_107
360.011,0.0,41.55,1800.0,0,4.13,1,45.53,4.15,35.0,-25.0,185.0,EV_107,0.02,1080,45.0,DR862144_14,42.7,78956.19,DR862144,176.27,0.0,45.0,D,SimuProB-2,EV_107
376.091,15.0,41.55,600.0,0,4.12,1,45.52,4.14,12.0,12.0,185.0,EV_107,0.0,1090,5.0,DR862144_14,42.8,78956.22,DR862144,176.27,0.0,45.1,D,SimuProB-2,EV_107
398.63,35.0,41.55,1600.0,0,4.1,1,45.51,4.14,32.0,55.0,185.0,EV_107,0.0,1100,0.0,DR862144_14,42.9,78956.31,DR862144,176.27,0.0,45.2,D,SimuProB-2,EV_107
364.82,60.0,41.55,2600.0,0,4.05,1,45.49,4.15,48.0,130.0,185.0,EV_107,0.0,1110,0.0,DR862144_14,43.1,78956.44,DR862144,176.27,0.0,45.4,D,SimuProB-2,EV_107
390.197,0.0,41.55,1250.0,0,4.12,1,45.48,4.15,25.0,-20.0,185.0,EV_107,0.02,1120,50.0,DR862144_14,43.2,78956.51,DR862144,176.27,0.0,45.5,D,SimuProB-2,EV_107
375.006,30.0,41.55,2000.0,0,4.11,1,45.47,4.14,38.0,45.0,185.0,EV_107,0.0,1130,0.0,DR862144_14,43.3,78956.62,DR862144,176.27,0.0,45.6,D,SimuProB-2,EV_107
368.066,55.0,41.55,3100.0,0,4.08,1,45.47,4.15,52.0,95.0,185.0,EV_107,0.0,1140,0.0,DR862144_14,43.4,78956.76,DR862144,176.27,0.0,45.7,D,SimuProB-2,EV_107
385.354,0.0,41.55,750.0,0,4.13,1,45.46,4.15,15.0,-35.0,185.0,EV_107,0.025,1150,60.0,DR862144_14,43.5,78956.8,DR862144,176.27,0.0,45.8,D,SimuProB-2,EV_107
378.696,0.0,41.55,1400.0,0,4.13,1,45.45,4.15,28.0,-15.0,185.0,EV_107,0.02,1160,40.0,DR862144_14,43.5,78956.88,DR862144,176.27,0.0,45.8,D,SimuProB-2,EV_107
392.432,45.0,41.55,2200.0,0,4.1,1,45.43,4.14,42.0,55.0,185.0,EV_107,0.0,1170,0.0,DR862144_14,43.6,78956.99,DR862144,176.27,0.0,45.9,D,SimuProB-2,EV_107
370.972,70.0,41.55,3800.0,0,4.07,1,45.42,4.15,58.0,110.0,185.0,EV_107,0.0,1180,0.0,DR862144_14,43.7,78957.16,DR862144,176.27,0.0,46.0,D,SimuProB-2,EV_107
382.61,50.0,41.55,2800.0,0,4.09,1,45.41,4.15,48.0,65.0,185.0,EV_107,0.0,1190,0.0,DR862144_14,43.8,78957.29,DR862144,176.27,0.0,46.1,D,SimuProB-2,EV_107
375.535,75.0,41.55,4200.0,0,4.06,1,45.38,4.15,62.0,125.0,185.0,EV_107,0.0,1200,0.0,DR862144_14,43.9,78957.47,DR862144,176.27,0.0,46.2,D,SimuProB-2,EV_107
365.857,35.0,41.55,1600.0,0,4.05,1,45.35,4.15,30.0,140.0,185.0,EV_107,0.02,1210,15.0,DR862144_14,44.0,78957.55,DR862144,176.27,0.0,46.3,D,SimuProB-2,EV_107
394.809,40.0,41.55,2400.0,0,4.08,1,45.34,4.14,45.0,12.5,185.0,EV_107,0.0,1220,0.0,DR862144_14,44.0,78957.68,DR862144,176.27,0.0,46.3,D,SimuProB-2,EV_107
377.824,55.0,41.55,3100.0,0,4.08,1,45.34,4.15,52.0,85.0,185.0,EV_107,0.0,1230,0.0,DR862144_14,44.1,78957.82,DR862144,176.27,0.0,46.4,D,SimuProB-2,EV_107
388.476,0.0,41.55,800.0,0,4.1,1,45.34,4.14,15.0,-25.0,185.0,EV_107,0.025,1240,60.0,DR862144_14,44.1,78957.86,DR862144,176.27,0.0,46.4,D,SimuProB-2,EV_107
372.168,60.0,41.55,3600.0,0,4.08,1,45.31,4.15,55.0,95.0,185.0,EV_107,0.0,1250,0.0,DR862144_14,44.2,78958.01,DR862144,176.27,0.0,46.5,D,SimuProB-2,EV_107
362.44,70.0,41.55,4000.0,0,4.05,1,45.3,4.15,60.0,135.0,185.0,EV_107,0.0,1260,0.0,DR862144_14,44.3,78958.18,DR862144,176.27,0.0,46.6,D,SimuProB-2,EV_107
385.357,0.0,41.55,1500.0,0,4.11,1,45.29,4.15,25.0,-35.0,185.0,EV_107,0.028,1270,75.0,DR862144_14,44.3,78958.25,DR862144,176.27,0.0,46.6,D,SimuProB-2,EV_107
390.615,35.0,41.55,2800.0,0,4.1,1,45.28,4.16,70.0,45.0,185.0,EV_107,0.0,0,0.0,DR862144_15,44.4,78958.44,DR862144,176.27,0.0,46.7,D,SimuProB-2,EV_107
382.799,45.0,41.55,3400.0,0,4.09,1,45.25,4.15,85.0,75.0,185.0,EV_107,0.0,10,0.0,DR862144_15,44.6,78958.68,DR862144,176.27,0.0,46.9,D,SimuProB-2,EV_107
369.043,65.0,41.55,3800.0,0,4.07,1,45.22,4.14,95.0,110.0,185.0,EV_107,0.0,20,0.0,DR862144_15,44.8,78958.94,DR862144,176.27,0.0,47.1,D,SimuProB-2,EV_107
362.769,75.0,41.55,4200.0,0,4.06,1,45.17,4.14,105.0,130.0,185.0,EV_107,0.0,30,0.0,DR862144_15,45.0,78959.23,DR862144,176.27,0.0,47.3,D,SimuProB-2,EV_107
370.52,60.0,41.55,4000.0,0,4.07,1,45.15,4.13,100.0,115.0,185.0,EV_107,0.0,40,0.0,DR862144_15,45.2,78959.51,DR862144,176.27,0.0,47.5,D,SimuProB-2,EV_107
375.342,45.0,41.55,3800.0,0,4.08,1,45.12,4.13,95.0,95.0,185.0,EV_107,0.0,50,0.0,DR862144_15,45.3,78959.77,DR862144,176.27,0.0,47.6,D,SimuProB-2,EV_107
371.973,55.0,41.55,3920.0,0,4.08,1,45.09,4.13,98.0,105.0,185.0,EV_107,0.0,60,0.0,DR862144_15,45.5,78960.04,DR862144,176.27,0.0,47.8,D,SimuProB-2,EV_107
368.007,70.0,41.55,4320.0,0,4.06,1,45.05,4.12,108.0,125.0,185.0,EV_107,0.0,70,0.0,DR862144_15,45.8,78960.34,DR862144,176.27,0.0,48.1,D,SimuProB-2,EV_107
374.869,0.0,41.55,3680.0,0,4.08,1,45.05,4.13,92.0,-25.0,185.0,EV_107,0.05,80,15.0,DR862144_15,45.9,78960.6,DR862144,176.27,0.0,48.2,D,SimuProB-2,EV_107
365.377,85.0,41.55,4600.0,0,4.05,1,45.03,4.13,115.0,145.0,185.0,EV_107,0.0,90,0.0,DR862144_15,46.1,78960.92,DR862144,176.27,0.0,48.4,D,SimuProB-2,EV_107
372.854,40.0,41.55,4080.0,0,4.08,1,45.0,4.14,102.0,85.0,185.0,EV_107,0.0,100,0.0,DR862144_15,46.2,78961.2,DR862144,176.27,0.0,48.6,D,SimuProB-2,EV_107
369.436,65.0,41.55,4400.0,0,4.07,1,44.98,4.13,110.0,110.0,185.0,EV_107,0.0,110,0.0,DR862144_15,46.4,78961.51,DR862144,176.27,0.0,48.9,D,SimuProB-2,EV_107
364.311,55.0,41.55,4200.0,0,4.06,1,44.95,4.12,105.0,135.0,185.0,EV_107,0.0,120,0.0,DR862144_15,46.6,78961.8,DR862144,176.27,0.0,49.1,D,SimuProB-2,EV_107
361.889,75.0,41.55,4480.0,0,4.07,1,44.92,4.14,112.0,155.0,185.0,EV_107,0.0,130,0.0,DR862144_15,46.8,78962.11,DR862144,176.27,0.0,49.3,D,SimuProB-2,EV_107
367.143,35.0,41.55,3920.0,0,4.08,1,44.89,4.13,98.0,95.0,185.0,EV_107,0.0,140,0.0,DR862144_15,47.0,78962.38,DR862144,176.27,0.0,49.5,D,SimuProB-2,EV_107
363.842,38.0,41.55,4000.0,0,4.07,1,44.86,4.14,100.0,105.0,185.0,EV_107,0.0,150,0.0,DR862144_15,47.1,78962.66,DR862144,176.27,0.0,49.6,D,SimuProB-2,EV_107
359.922,70.0,41.55,4320.0,0,4.06,1,44.82,4.15,108.0,140.0,185.0,EV_107,0.0,160,0.0,DR862144_15,47.3,78962.96,DR862144,176.27,0.0,49.8,D,SimuProB-2,EV_107
365.572,0.0,41.55,3800.0,0,4.08,1,44.8,4.14,95.0,-15.0,185.0,EV_107,0.05,170,12.0,DR862144_15,47.4,78963.22,DR862144,176.27,0.0,49.9,D,SimuProB-2,EV_107
362.373,40.0,41.55,4000.0,0,4.07,1,44.75,4.14,100.0,110.0,185.0,EV_107,0.0,180,0.0,DR862144_15,47.4,78963.5,DR862144,176.27,0.0,49.9,D,SimuProB-2,EV_107
358.068,80.0,41.55,4400.0,0,4.06,1,44.72,4.15,110.0,165.0,185.0,EV_107,0.0,190,0.0,DR862144_15,47.5,78963.8,DR862144,176.27,0.0,50.0,D,SimuProB-2,EV_107
366.473,0.0,41.55,3920.0,0,4.08,1,44.69,4.14,98.0,-25.0,185.0,EV_107,0.06,200,15.0,DR862144_15,47.6,78964.08,DR862144,176.27,0.0,50.1,D,SimuProB-2,EV_107
360.617,65.0,41.55,4200.0,0,4.06,1,44.63,4.15,105.0,135.0,185.0,EV_107,0.0,210,0.0,DR862144_15,47.7,78964.37,DR862144,176.27,0.0,50.2,D,SimuProB-2,EV_107
367.12,0.0,41.55,3840.0,0,4.08,1,44.59,4.14,96.0,-18.0,185.0,EV_107,0.05,220,10.0,DR862144_15,47.8,78964.64,DR862144,176.27,0.0,50.3,D,SimuProB-2,EV_107
361.896,45.0,41.55,4080.0,0,4.07,1,44.55,4.15,102.0,115.0,185.0,EV_107,0.0,230,0.0,DR862144_15,47.9,78964.92,DR862144,176.27,0.0,50.4,D,SimuProB-2,EV_107
359.103,55.0,41.55,4320.0,0,4.07,1,44.52,4.15,108.0,145.0,185.0,EV_107,0.0,240,0.0,DR862144_15,48.0,78965.22,DR862144,176.27,0.0,50.5,D,SimuProB-2,EV_107
366.582,0.0,41.55,3800.0,0,4.08,1,44.47,4.14,95.0,-22.0,185.0,EV_107,0.05,250,12.0,DR862144_15,48.1,78965.48,DR862144,176.27,0.0,50.6,D,SimuProB-2,EV_107
362.223,50.0,41.55,4120.0,0,4.06,1,44.46,4.15,103.0,130.0,185.0,EV_107,0.0,260,0.0,DR862144_15,48.2,78965.77,DR862144,176.27,0.0,50.7,D,SimuProB-2,EV_107
358.873,65.0,41.55,4480.0,0,4.06,1,44.41,4.16,112.0,155.0,185.0,EV_107,0.0,270,0.0,DR862144_15,48.4,78966.08,DR862144,176.27,0.0,50.9,D,SimuProB-2,EV_107
363.3,0.0,41.55,4000.0,0,4.09,1,44.41,4.15,100.0,-15.0,185.0,EV_107,0.04,280,8.0,DR862144_15,48.5,78966.36,DR862144,176.27,0.0,51.0,D,SimuProB-2,EV_107
360.87,48.0,41.55,4280.0,0,4.07,1,44.38,4.15,107.0,125.0,185.0,EV_107,0.0,290,0.0,DR862144_15,48.7,78966.66,DR862144,176.27,0.0,51.2,D,SimuProB-2,EV_107
355.796,55.0,41.55,4400.0,0,4.05,1,44.34,4.14,110.0,145.0,185.0,EV_107,0.0,300,0.0,DR862144_15,48.9,78966.97,DR862144,176.27,0.0,51.4,D,SimuProB-2,EV_107
361.693,0.0,41.55,3920.0,0,4.1,1,44.33,4.16,98.0,-25.0,185.0,EV_107,0.06,310,15.0,DR862144_15,49.0,78967.24,DR862144,176.27,0.0,51.5,D,SimuProB-2,EV_107
358.906,45.0,41.55,4200.0,0,4.07,1,44.28,4.15,105.0,115.0,185.0,EV_107,0.0,320,0.0,DR862144_15,49.2,78967.53,DR862144,176.27,0.0,51.7,D,SimuProB-2,EV_107
355.864,52.0,41.55,4480.0,0,4.06,1,44.22,4.15,112.0,135.0,185.0,EV_107,0.0,330,0.0,DR862144_15,49.4,78967.84,DR862144,176.27,0.0,51.9,D,SimuProB-2,EV_107
359.791,0.0,41.55,4120.0,0,4.11,1,44.21,4.16,103.0,-18.0,185.0,EV_107,0.05,340,12.0,DR862144_15,49.5,78968.13,DR862144,176.27,0.0,52.0,D,SimuProB-2,EV_107
354.52,56.0,41.55,4440.0,0,4.05,1,44.17,4.14,111.0,142.0,185.0,EV_107,0.0,350,0.0,DR862144_15,49.7,78968.44,DR862144,176.27,0.0,52.2,D,SimuProB-2,EV_107
352.55,58.0,41.55,4560.0,0,4.04,1,44.11,4.13,114.0,148.0,185.0,EV_107,0.0,360,0.0,DR862144_15,50.0,78968.76,DR862144,176.27,0.0,52.5,D,SimuProB-2,EV_107
356.538,0.0,41.55,4240.0,0,4.1,1,44.11,4.15,106.0,-15.0,185.0,EV_107,0.04,370,8.0,DR862144_15,50.1,78969.05,DR862144,176.27,0.0,52.6,D,SimuProB-2,EV_107
350.422,62.0,41.55,4720.0,0,4.03,1,44.03,4.12,118.0,155.0,185.0,EV_107,0.0,380,0.0,DR862144_15,50.5,78969.38,DR862144,176.27,0.0,53.0,D,SimuProB-2,EV_107
354.265,52.0,41.55,4480.0,0,4.04,1,43.98,4.13,112.0,145.0,185.0,EV_107,0.0,390,0.0,DR862144_15,50.7,78969.69,DR862144,176.27,0.0,53.2,D,SimuProB-2,EV_107
348.814,68.0,41.55,4800.0,0,4.02,1,43.91,4.11,120.0,165.0,185.0,EV_107,0.0,400,0.0,DR862144_15,51.0,78970.02,DR862144,176.27,0.0,53.5,D,SimuProB-2,EV_107
351.175,0.0,41.55,4600.0,0,4.09,1,43.91,4.14,115.0,-22.0,185.0,EV_107,0.06,410,10.0,DR862144_15,51.1,78970.34,DR862144,176.27,0.0,53.6,D,SimuProB-2,EV_107
349.436,65.0,41.55,4680.0,0,4.03,1,43.84,4.12,117.0,152.0,185.0,EV_107,0.0,420,0.0,DR862144_15,51.3,78970.66,DR862144,176.27,0.0,53.8,D,SimuProB-2,EV_107
348.189,72.0,41.55,4840.0,0,4.01,1,43.77,4.1,121.0,168.0,185.0,EV_107,0.0,430,0.0,DR862144_15,51.6,78971.0,DR862144,176.27,0.0,54.1,D,SimuProB-2,EV_107
350.158,48.0,41.55,4560.0,0,4.05,1,43.71,4.13,114.0,135.0,185.0,EV_107,0.0,440,0.0,DR862144_15,51.8,78971.32,DR862144,176.27,0.0,54.3,D,SimuProB-2,EV_107
347.343,70.0,41.55,4760.0,0,4.0,1,43.61,4.1,119.0,172.0,185.0,EV_107,0.0,450,0.0,DR862144_15,52.0,78971.65,DR862144,176.27,0.0,54.5,D,SimuProB-2,EV_107
349.291,55.0,41.55,4640.0,0,4.04,1,43.54,4.12,116.0,145.0,185.0,EV_107,0.0,460,0.0,DR862144_15,52.2,78971.97,DR862144,176.27,0.0,54.7,D,SimuProB-2,EV_107
346.706,75.0,41.55,4800.0,0,3.99,1,43.45,4.09,120.0,180.0,185.0,EV_107,0.0,470,0.0,DR862144_15,52.4,78972.31,DR862144,176.27,0.0,54.9,D,SimuProB-2,EV_107
345.594,60.0,41.55,4720.0,0,4.02,1,43.38,4.11,118.0,155.0,185.0,EV_107,0.0,480,0.0,DR862144_15,52.6,78972.64,DR862144,176.27,0.0,55.1,D,SimuProB-2,EV_107
343.448,70.0,41.55,4800.0,0,4.01,1,43.3,4.1,120.0,175.0,185.0,EV_107,0.0,490,0.0,DR862144_15,52.8,78972.97,DR862144,176.27,0.0,55.3,D,SimuProB-2,EV_107
346.797,45.0,41.55,4600.0,0,4.05,1,43.23,4.13,115.0,130.0,185.0,EV_107,0.0,500,0.0,DR862144_15,53.0,78973.29,DR862144,176.27,0.0,55.5,D,SimuProB-2,EV_107
348.897,50.0,41.55,4640.0,0,4.04,1,43.14,4.12,116.0,140.0,185.0,EV_107,0.0,510,0.0,DR862144_15,53.2,78973.61,DR862144,176.27,0.0,55.7,D,SimuProB-2,EV_107
344.405,65.0,41.55,4760.0,0,4.03,1,43.06,4.14,119.0,165.0,185.0,EV_107,0.0,520,0.0,DR862144_15,53.4,78973.94,DR862144,176.27,0.0,55.9,D,SimuProB-2,EV_107
345.626,48.0,41.55,4600.0,0,4.05,1,43.0,4.13,115.0,135.0,185.0,EV_107,0.0,530,0.0,DR862144_15,53.6,78974.26,DR862144,176.27,0.0,56.1,D,SimuProB-2,EV_107
346.665,42.0,41.55,4480.0,0,4.03,1,42.91,4.11,112.0,120.0,185.0,EV_107,0.0,540,0.0,DR862144_15,53.8,78974.57,DR862144,176.27,0.0,56.3,D,SimuProB-2,EV_107
348.361,38.0,41.55,4320.0,0,4.04,1,42.86,4.12,108.0,110.0,185.0,EV_107,0.0,550,0.0,DR862144_15,54.0,78974.87,DR862144,176.27,0.0,56.5,D,SimuProB-2,EV_107
345.421,52.0,41.55,4560.0,0,4.02,1,42.78,4.13,114.0,135.0,185.0,EV_107,0.0,560,0.0,DR862144_15,54.2,78975.19,DR862144,176.27,0.0,56.7,D,SimuProB-2,EV_107
346.373,45.0,41.55,4640.0,0,4.03,1,42.72,4.13,116.0,128.0,185.0,EV_107,0.0,570,0.0,DR862144_15,54.4,78975.51,DR862144,176.27,0.0,56.9,D,SimuProB-2,EV_107
345.007,55.0,41.55,4720.0,0,4.02,1,42.64,4.14,118.0,142.0,185.0,EV_107,0.0,580,0.0,DR862144_15,54.6,78975.84,DR862144,176.27,0.0,57.1,D,SimuProB-2,EV_107
346.426,42.0,41.55,4600.0,0,4.04,1,42.59,4.13,115.0,125.0,185.0,EV_107,0.0,590,0.0,DR862144_15,54.8,78976.16,DR862144,176.27,0.0,57.3,D,SimuProB-2,EV_107
343.567,62.0,41.55,4780.0,0,4.01,1,42.52,4.14,119.5,148.5,185.0,EV_107,0.0,600,0.0,DR862144_15,55.0,78976.49,DR862144,176.27,0.0,57.5,D,SimuProB-2,EV_107
347.435,35.0,41.55,4480.0,0,4.05,1,42.46,4.13,112.0,95.2,185.0,EV_107,0.0,610,0.0,DR862144_15,55.2,78976.8,DR862144,176.27,0.0,57.7,D,SimuProB-2,EV_107
349.004,28.0,41.55,4260.0,0,4.06,1,42.45,4.12,106.5,78.4,185.0,EV_107,0.0,620,0.0,DR862144_15,55.4,78977.1,DR862144,176.27,0.0,57.9,D,SimuProB-2,EV_107
347.9,30.0,41.55,4328.0,0,4.06,1,42.43,4.12,108.2,82.5,185.0,EV_107,0.0,630,0.0,DR862144_15,55.5,78977.4,DR862144,176.27,0.0,58.0,D,SimuProB-2,EV_107
345.42,45.0,41.55,4538.0,0,4.04,1,42.41,4.13,113.5,115.0,185.0,EV_107,0.0,640,0.0,DR862144_15,55.7,78977.72,DR862144,176.27,0.0,58.2,D,SimuProB-2,EV_107
343.78,52.0,41.55,4670.0,0,4.02,1,42.4,4.14,116.8,138.0,185.0,EV_107,0.0,650,0.0,DR862144_15,55.9,78978.04,DR862144,176.27,0.0,58.4,D,SimuProB-2,EV_107
341.945,58.0,41.55,4780.0,0,4.01,1,42.37,4.14,119.5,145.0,185.0,EV_107,0.0,660,0.0,DR862144_15,56.1,78978.37,DR862144,176.27,0.0,58.6,D,SimuProB-2,EV_107
342.176,55.0,41.55,4728.0,0,4.01,1,42.36,4.14,118.2,142.5,185.0,EV_107,0.0,670,0.0,DR862144_15,56.3,78978.7,DR862144,176.27,0.0,58.8,D,SimuProB-2,EV_107
344.16,42.0,41.55,4560.0,0,4.02,1,42.36,4.13,114.0,110.0,185.0,EV_107,0.0,680,0.0,DR862144_15,56.4,78979.02,DR862144,176.27,0.0,58.9,D,SimuProB-2,EV_107
343.42,48.0,41.55,4620.0,0,4.01,1,42.35,4.14,115.5,125.0,185.0,EV_107,0.0,690,0.0,DR862144_15,56.5,78979.34,DR862144,176.27,0.0,59.0,D,SimuProB-2,EV_107
342.182,50.0,41.55,4680.0,0,4.01,1,42.33,4.14,117.0,135.0,185.0,EV_107,0.0,700,0.0,DR862144_15,56.7,78979.67,DR862144,176.27,0.0,59.2,D,SimuProB-2,EV_107
344.996,40.0,41.55,4500.0,0,4.02,1,42.33,4.13,112.5,105.0,185.0,EV_107,0.0,710,0.0,DR862144_15,56.8,78979.98,DR862144,176.27,0.0,59.3,D,SimuProB-2,EV_107
344.987,35.0,41.55,4400.0,0,4.02,1,42.3,4.13,110.0,98.5,185.0,EV_107,0.0,720,0.0,DR862144_15,57.0,78980.29,DR862144,176.27,0.0,59.5,D,SimuProB-2,EV_107
346.997,28.0,41.55,4200.0,0,4.03,1,42.3,4.12,105.0,85.2,185.0,EV_107,0.0,730,0.0,DR862144_15,57.2,78980.58,DR862144,176.27,0.0,59.7,D,SimuProB-2,EV_107
347.789,22.0,41.55,4000.0,0,4.04,1,42.3,4.11,100.0,72.0,185.0,EV_107,0.0,740,0.0,DR862144_15,57.4,78980.86,DR862144,176.27,0.0,59.9,D,SimuProB-2,EV_107
348.145,20.0,41.55,3928.0,0,4.05,1,42.27,4.1,98.2,68.5,185.0,EV_107,0.0,750,0.0,DR862144_15,57.6,78981.13,DR862144,176.27,0.0,60.1,D,SimuProB-2,EV_107
350.064,18.0,41.55,3860.0,0,4.05,1,42.27,4.1,96.5,62.0,185.0,EV_107,0.0,760,0.0,DR862144_15,57.7,78981.4,DR862144,176.27,0.0,60.2,D,SimuProB-2,EV_107
352.219,16.0,41.55,3800.0,0,4.06,1,42.26,4.09,95.0,58.5,185.0,EV_107,0.0,770,0.0,DR862144_15,57.8,78981.66,DR862144,176.27,0.0,60.4,D,SimuProB-2,EV_107
353.942,15.0,41.55,3780.0,0,4.06,1,42.25,4.09,94.5,55.0,185.0,EV_107,0.0,780,0.0,DR862144_15,57.9,78981.92,DR862144,176.27,0.0,60.5,D,SimuProB-2,EV_107
353.762,14.0,41.55,3760.0,0,4.06,1,42.24,4.08,94.0,52.0,185.0,EV_107,0.0,790,0.0,DR862144_15,58.0,78982.18,DR862144,176.27,0.0,60.6,D,SimuProB-2,EV_107
354.254,16.0,41.55,3800.0,0,4.06,1,42.23,4.09,95.0,58.0,185.0,EV_107,0.0,800,0.0,DR862144_15,58.1,78982.45,DR862144,176.27,0.0,60.7,D,SimuProB-2,EV_107
353.581,17.0,41.55,3820.0,0,4.06,1,42.22,4.09,95.5,56.5,185.0,EV_107,0.0,810,0.0,DR862144_15,58.2,78982.72,DR862144,176.27,0.0,60.8,D,SimuProB-2,EV_107
354.31,15.0,41.55,3792.0,0,4.06,1,42.21,4.09,94.8,54.0,185.0,EV_107,0.0,820,0.0,DR862144_15,58.3,78982.98,DR862144,176.27,0.0,60.9,D,SimuProB-2,EV_107
355.126,14.0,41.55,3740.0,0,4.06,1,42.19,4.09,93.5,51.0,185.0,EV_107,0.0,830,0.0,DR862144_15,58.4,78983.24,DR862144,176.27,0.0,61.0,D,SimuProB-2,EV_107
354.444,15.0,41.55,3768.0,0,4.06,1,42.15,4.09,94.2,55.2,185.0,EV_107,0.0,840,0.0,DR862144_15,58.5,78983.5,DR862144,176.27,0.0,61.1,D,SimuProB-2,EV_107
353.525,18.0,41.55,3860.0,0,4.06,1,42.14,4.09,96.5,62.5,185.0,EV_107,0.0,850,0.0,DR862144_15,58.6,78983.77,DR862144,176.27,0.0,61.3,D,SimuProB-2,EV_107
354.365,16.0,41.55,3800.0,0,4.06,1,42.12,4.09,95.0,58.0,185.0,EV_107,0.0,860,0.0,DR862144_15,58.7,78984.03,DR862144,176.27,0.0,61.4,D,SimuProB-2,EV_107
354.215,17.0,41.55,3820.0,0,4.06,1,42.1,4.09,95.5,60.5,185.0,EV_107,0.0,870,0.0,DR862144_15,58.9,78984.3,DR862144,176.27,0.0,61.6,D,SimuProB-2,EV_107
353.36,22.0,41.55,3928.0,0,4.06,1,42.08,4.1,98.2,68.2,185.0,EV_107,0.0,880,0.0,DR862144_15,59.1,78984.57,DR862144,176.27,0.0,61.8,D,SimuProB-2,EV_107
354.583,16.0,41.55,3840.0,0,4.06,1,42.07,4.09,96.0,56.0,185.0,EV_107,0.0,890,0.0,DR862144_15,59.2,78984.83,DR862144,176.27,0.0,61.9,D,SimuProB-2,EV_107
353.394,18.5,41.55,3872.0,0,4.06,1,42.04,4.1,96.8,64.3,185.0,EV_107,0.0,900,0.0,DR862144_15,59.3,78985.1,DR862144,176.27,0.0,62.0,D,SimuProB-2,EV_107
353.789,16.2,41.55,3808.0,0,4.06,1,42.04,4.09,95.2,59.8,185.0,EV_107,0.0,910,0.0,DR862144_15,59.4,78985.36,DR862144,176.27,0.0,62.1,D,SimuProB-2,EV_107
353.391,23.0,41.55,3940.0,0,4.06,1,42.02,4.1,98.5,71.5,185.0,EV_107,0.0,920,0.0,DR862144_15,59.6,78985.64,DR862144,176.27,0.0,62.3,D,SimuProB-2,EV_107
353.588,19.5,41.55,3900.0,0,4.065,1,42.02,4.1,97.5,62.5,185.0,EV_107,0.0,930,0.0,DR862144_15,59.7,78985.91,DR862144,176.27,0.0,62.4,D,SimuProB-2,EV_107
354.442,17.0,41.55,3832.0,0,4.06,1,42.01,4.095,95.8,58.3,185.0,EV_107,0.0,940,0.0,DR862144_15,59.8,78986.18,DR862144,176.27,0.0,62.5,D,SimuProB-2,EV_107
353.396,24.5,41.55,3964.0,0,4.062,1,42.0,4.1,99.1,65.1,185.0,EV_107,0.0,950,0.0,DR862144_15,59.9,78986.45,DR862144,176.27,0.0,62.6,D,SimuProB-2,EV_107
353.301,18.5,41.55,3856.0,0,4.063,1,41.98,4.098,96.4,68.2,185.0,EV_107,0.0,960,0.0,DR862144_15,60.0,78986.72,DR862144,176.27,0.0,62.7,D,SimuProB-2,EV_107
351.737,28.4,41.55,4092.0,0,4.058,1,41.98,4.102,102.3,74.8,185.0,EV_107,0.0,970,0.0,DR862144_15,60.2,78987.0,DR862144,176.27,0.0,62.9,D,SimuProB-2,EV_107
354.119,0.0,41.55,3780.0,0,4.068,1,41.97,4.105,94.5,-45.3,185.0,EV_107,0.045,980,12.5,DR862144_15,60.3,78987.26,DR862144,176.27,0.0,63.0,D,SimuProB-2,EV_107
351.247,22.0,41.55,3928.0,0,4.061,1,41.96,4.104,98.2,72.5,185.0,EV_107,0.0,990,0.0,DR862144_15,60.4,78987.53,DR862144,176.27,0.0,63.1,D,SimuProB-2,EV_107
351.147,32.0,41.55,4180.0,0,4.055,1,41.94,4.108,104.5,81.3,185.0,EV_107,0.0,1000,0.0,DR862144_15,60.6,78987.82,DR862144,176.27,0.0,63.3,D,SimuProB-2,EV_107
352.18,0.0,41.55,3872.0,0,4.065,1,41.92,4.109,96.8,-38.6,185.0,EV_107,0.038,1010,10.5,DR862144_15,60.7,78988.09,DR862144,176.27,0.0,63.4,D,SimuProB-2,EV_107
350.971,25.0,41.55,4008.0,0,4.052,1,41.9,4.11,100.2,78.5,185.0,EV_107,0.0,1020,0.0,DR862144_15,60.8,78988.37,DR862144,176.27,0.0,63.5,D,SimuProB-2,EV_107
349.777,45.0,41.55,4340.0,0,4.048,1,41.87,4.115,108.5,95.2,185.0,EV_107,0.0,1030,0.0,DR862144_15,61.0,78988.67,DR862144,176.27,0.0,63.7,D,SimuProB-2,EV_107
353.007,0.0,41.55,3960.0,0,4.062,1,41.85,4.118,99.0,-42.1,185.0,EV_107,0.042,1040,8.5,DR862144_15,61.1,78988.94,DR862144,176.27,0.0,63.8,D,SimuProB-2,EV_107
348.196,55.0,41.55,4248.0,0,4.045,1,41.82,4.122,106.2,110.5,185.0,EV_107,0.0,1050,0.0,DR862144_15,61.2,78989.24,DR862144,176.27,0.0,63.9,D,SimuProB-2,EV_107
346.885,75.0,41.55,4500.0,0,4.038,1,41.8,4.125,112.5,135.8,185.0,EV_107,0.0,1060,0.0,DR862144_15,61.4,78989.55,DR862144,176.27,0.0,64.1,D,SimuProB-2,EV_107
349.817,0.0,41.55,4040.0,0,4.068,1,41.78,4.128,101.0,-45.2,185.0,EV_107,0.045,1070,15.0,DR862144_15,61.5,78989.83,DR862144,176.27,0.0,64.2,D,SimuProB-2,EV_107
345.483,68.0,41.55,4568.0,0,4.035,1,41.74,4.12,114.2,128.5,185.0,EV_107,0.0,1080,0.0,DR862144_15,61.6,78990.15,DR862144,176.27,0.0,64.3,D,SimuProB-2,EV_107
347.11,0.0,41.55,4232.0,0,4.06,1,41.73,4.124,105.8,-38.4,185.0,EV_107,0.038,1090,12.0,DR862144_15,61.7,78990.44,DR862144,176.27,0.0,64.4,D,SimuProB-2,EV_107
344.521,82.0,41.55,4740.0,0,4.03,1,41.71,4.126,118.5,142.1,185.0,EV_107,0.0,1100,0.0,DR862144_15,61.9,78990.77,DR862144,176.27,0.0,64.6,D,SimuProB-2,EV_107
341.932,88.0,41.55,4792.0,0,4.025,1,41.69,4.128,119.8,155.3,185.0,EV_107,0.0,1110,0.0,DR862144_15,62.1,78991.1,DR862144,176.27,0.0,64.8,D,SimuProB-2,EV_107
349.348,0.0,41.55,4336.0,0,4.072,1,41.67,4.131,108.4,-52.4,185.0,EV_107,0.052,1120,18.0,DR862144_15,62.2,78991.4,DR862144,176.27,0.0,64.9,D,SimuProB-2,EV_107
343.035,78.0,41.55,4660.0,0,4.028,1,41.67,4.127,116.5,148.7,185.0,EV_107,0.0,1130,0.0,DR862144_15,62.4,78991.73,DR862144,176.27,0.0,65.0,D,SimuProB-2,EV_107
346.502,75.0,41.55,4492.0,0,4.032,1,41.65,4.129,112.3,135.2,185.0,EV_107,0.0,1140,0.0,DR862144_15,62.5,78992.04,DR862144,176.27,0.0,65.0,D,SimuProB-2,EV_107
344.024,80.0,41.55,4700.0,0,4.028,1,41.61,4.132,117.5,145.8,185.0,EV_107,0.0,1150,0.0,DR862144_15,62.7,78992.37,DR862144,176.27,0.0,65.0,D,SimuProB-2,EV_107
348.472,0.0,41.55,4248.0,0,4.075,1,41.61,4.135,106.2,-45.6,185.0,EV_107,0.045,1160,15.0,DR862144_15,62.8,78992.66,DR862144,176.27,0.0,65.0,D,SimuProB-2,EV_107
341.847,85.0,41.55,4792.0,0,4.025,1,41.56,4.138,119.8,155.2,185.0,EV_107,0.0,1170,0.0,DR862144_15,63.0,78992.99,DR862144,176.27,0.0,65.0,D,SimuProB-2,EV_107
346.309,65.0,41.55,4420.0,0,4.03,1,41.53,4.135,110.5,130.5,185.0,EV_107,0.0,1180,0.0,DR862144_15,63.2,78993.3,DR862144,176.27,0.0,65.0,D,SimuProB-2,EV_107
352.556,0.0,41.55,4008.0,0,4.08,1,41.53,4.14,100.2,-48.3,185.0,EV_107,0.048,1190,22.0,DR862144_15,63.3,78993.58,DR862144,176.27,0.0,65.0,D,SimuProB-2,EV_107
341.995,70.0,41.55,4492.0,0,4.026,1,41.49,4.136,112.3,142.5,185.0,EV_107,0.0,1200,0.0,DR862144_15,63.4,78993.89,DR862144,176.27,0.0,65.0,D,SimuProB-2,EV_107
339.386,85.0,41.55,4744.0,0,4.022,1,41.46,4.139,118.6,165.4,185.0,EV_107,0.0,1210,0.0,DR862144_15,63.5,78994.22,DR862144,176.27,0.0,65.0,D,SimuProB-2,EV_107
346.249,0.0,41.55,4180.0,0,4.085,1,41.46,4.142,104.5,-52.1,185.0,EV_107,0.052,1220,25.0,DR862144_15,63.6,78994.51,DR862144,176.27,0.0,65.0,D,SimuProB-2,EV_107
338.207,75.0,41.55,4648.0,0,4.02,1,41.44,4.14,116.2,155.8,185.0,EV_107,0.0,1230,0.0,DR862144_15,63.8,78994.83,DR862144,176.27,0.0,65.0,D,SimuProB-2,EV_107
348.78,0.0,41.55,4112.0,0,4.09,1,41.44,4.145,102.8,-45.2,185.0,EV_107,0.045,1240,28.0,DR862144_15,63.9,78995.12,DR862144,176.27,0.0,65.0,D,SimuProB-2,EV_107
342.536,68.0,41.55,4460.0,0,4.025,1,41.42,4.138,111.5,138.5,185.0,EV_107,0.0,1250,0.0,DR862144_15,64.0,78995.43,DR862144,176.27,0.0,65.0,D,SimuProB-2,EV_107
338.356,72.0,41.55,4620.0,0,4.025,1,41.38,4.14,115.5,142.0,185.0,EV_107,0.0,1260,0.0,DR862144_15,64.1,78995.75,DR862144,176.27,0.0,65.0,D,SimuProB-2,EV_107
347.51,0.0,41.55,4080.0,0,4.09,1,41.38,4.145,102.0,-48.5,185.0,EV_107,0.048,1270,30.0,DR862144_15,64.2,78996.03,DR862144,176.27,0.0,65.0,D,SimuProB-2,EV_107
339.05,88.0,41.55,4760.0,0,4.02,1,41.37,4.14,119.0,158.0,185.0,EV_107,0.0,0,0.0,DR862144_16,64.3,78996.36,DR862144,176.27,0.0,65.0,D,SimuProB-2,EV_107
329.506,85.0,41.55,4740.0,0,4.01,1,41.34,4.135,118.5,165.2,185.0,EV_107,0.0,10,0.0,DR862144_16,64.5,78996.69,DR862144,176.27,0.0,65.0,D,SimuProB-2,EV_107
343.253,0.0,41.55,4480.0,0,4.085,1,41.34,4.142,112.0,-25.4,185.0,EV_107,0.022,20,12.0,DR862144_16,64.6,78997.0,DR862144,176.27,0.0,65.0,D,SimuProB-2,EV_107
335.464,92.0,41.55,4800.0,0,4.015,1,41.31,4.138,120.0,148.6,185.0,EV_107,0.0,30,0.0,DR862144_16,64.7,78997.33,DR862144,176.27,0.0,65.0,D,SimuProB-2,EV_107
330.936,86.0,41.55,4720.0,0,4.018,1,41.26,4.139,118.0,155.3,185.0,EV_107,0.0,40,0.0,DR862144_16,64.8,78997.66,DR862144,176.27,0.0,65.0,D,SimuProB-2,EV_107
333.759,75.0,41.55,4600.0,0,4.022,1,41.25,4.141,115.0,142.1,185.0,EV_107,0.0,50,0.0,DR862144_16,64.9,78997.98,DR862144,176.27,0.0,65.0,D,SimuProB-2,EV_107
328.94,90.0,41.55,4800.0,0,4.012,1,41.19,4.136,120.0,168.5,185.0,EV_107,0.0,60,0.0,DR862144_16,65.0,78998.31,DR862144,176.27,0.0,65.0,D,SimuProB-2,EV_107
331.448,78.0,41.55,4700.0,0,4.02,1,41.16,4.14,117.5,145.3,185.0,EV_107,0.0,70,0.0,DR862144_16,65.0,78998.64,DR862144,176.27,0.0,65.0,D,SimuProB-2,EV_107
333.787,65.0,41.55,4560.0,0,4.025,1,41.16,4.142,114.0,130.5,185.0,EV_107,0.0,80,0.0,DR862144_16,65.0,78998.95,DR862144,176.27,0.0,65.0,D,SimuProB-2,EV_107
332.847,72.0,41.55,4640.0,0,4.021,1,41.15,4.141,116.0,138.2,185.0,EV_107,0.0,90,0.0,DR862144_16,65.0,78999.28,DR862144,176.27,0.0,65.0,D,SimuProB-2,EV_107
327.687,70.0,41.55,4600.0,0,4.023,1,41.13,4.145,115.0,155.0,185.0,EV_107,0.0,100,0.0,DR862144_16,65.0,78999.6,DR862144,176.27,0.0,65.0,D,SimuProB-2,EV_107
325.403,82.0,41.55,4720.0,0,4.018,1,41.1,4.148,118.0,162.0,185.0,EV_107,0.0,110,0.0,DR862144_16,65.0,78999.93,DR862144,176.27,0.0,65.0,D,SimuProB-2,EV_107
329.339,68.0,41.55,4520.0,0,4.02,1,41.09,4.142,113.0,140.0,185.0,EV_107,0.0,120,0.0,DR862144_16,65.0,79000.24,DR862144,176.27,0.0,65.0,D,SimuProB-2,EV_107
327.268,62.0,41.55,4480.0,0,4.021,1,41.07,4.143,112.0,145.0,185.0,EV_107,0.0,130,0.0,DR862144_16,65.0,79000.55,DR862144,176.27,0.0,65.0,D,SimuProB-2,EV_107
326.788,55.0,41.55,4320.0,0,4.019,1,41.05,4.14,108.0,135.0,185.0,EV_107,0.0,140,0.0,DR862144_16,65.0,79000.85,DR862144,176.27,0.0,65.0,D,SimuProB-2,EV_107
328.586,0.0,41.55,4080.0,0,4.024,1,41.05,4.145,102.0,-15.0,185.0,EV_107,0.03,150,12.0,DR862144_16,65.0,79001.13,DR862144,176.27,0.0,65.0,D,SimuProB-2,EV_107
328.021,58.0,41.55,4240.0,0,4.022,1,41.04,4.144,106.0,148.0,185.0,EV_107,0.0,160,0.0,DR862144_16,65.0,79001.42,DR862144,176.27,0.0,65.0,D,SimuProB-2,EV_107
326.644,65.0,41.55,4400.0,0,4.025,1,41.03,4.146,110.0,155.0,185.0,EV_107,0.0,170,0.0,DR862144_16,65.0,79001.73,DR862144,176.27,0.0,65.0,D,SimuProB-2,EV_107
327.899,0.0,41.55,4160.0,0,4.027,1,41.01,4.148,104.0,-25.0,185.0,EV_107,0.04,180,15.0,DR862144_16,65.0,79002.02,DR862144,176.27,0.0,65.0,D,SimuProB-2,EV_107
325.727,72.0,41.55,4480.0,0,4.029,1,40.99,4.149,112.0,162.0,185.0,EV_107,0.0,190,0.0,DR862144_16,65.0,79002.33,DR862144,176.27,0.0,65.0,D,SimuProB-2,EV_107
327.527,50.0,41.55,4320.0,0,4.03,1,40.98,4.15,108.0,140.0,185.0,EV_107,0.0,200,0.0,DR862144_16,65.0,79002.63,DR862144,176.27,0.0,65.0,D,SimuProB-2,EV_107
326.597,78.0,41.55,4560.0,0,4.031,1,40.97,4.151,114.0,158.0,185.0,EV_107,0.0,210,0.0,DR862144_16,65.0,79002.95,DR862144,176.27,0.0,65.0,D,SimuProB-2,EV_107
325.494,80.0,41.55,4640.0,0,4.033,1,40.95,4.153,116.0,165.0,185.0,EV_107,0.0,220,0.0,DR862144_16,65.0,79003.27,DR862144,176.27,0.0,65.0,D,SimuProB-2,EV_107
327.155,55.0,41.55,4520.0,0,4.032,1,40.92,4.152,113.0,135.0,185.0,EV_107,0.0,230,0.0,DR862144_16,65.0,79003.59,DR862144,176.27,0.0,65.0,D,SimuProB-2,EV_107
326.062,68.0,41.55,4600.0,0,4.034,1,40.89,4.154,115.0,148.0,185.0,EV_107,0.0,240,0.0,DR862144_16,65.0,79003.91,DR862144,176.27,0.0,65.0,D,SimuProB-2,EV_107
325.373,75.0,41.55,4680.0,0,4.035,1,40.86,4.155,117.0,152.0,185.0,EV_107,0.0,250,0.0,DR862144_16,65.0,79004.24,DR862144,176.27,0.0,65.0,D,SimuProB-2,EV_107
324.282,85.0,41.55,4760.0,0,4.038,1,40.82,4.158,119.0,175.0,185.0,EV_107,0.0,260,0.0,DR862144_16,65.0,79004.57,DR862144,176.27,0.0,65.0,D,SimuProB-2,EV_107
326.851,45.0,41.55,4480.0,0,4.036,1,40.79,4.156,112.0,125.0,185.0,EV_107,0.0,270,0.0,DR862144_16,65.0,79004.88,DR862144,176.27,0.0,65.0,D,SimuProB-2,EV_107
327.031,35.0,41.55,4400.0,0,4.034,1,40.75,4.154,110.0,110.0,185.0,EV_107,0.0,280,0.0,DR862144_16,65.0,79005.19,DR862144,176.27,0.0,65.0,D,SimuProB-2,EV_107
328.614,25.0,41.55,4200.0,0,4.032,1,40.72,4.152,105.0,95.0,185.0,EV_107,0.0,290,0.0,DR862144_16,65.0,79005.48,DR862144,176.27,0.0,65.0,D,SimuProB-2,EV_107
328.563,20.0,41.55,4080.0,0,4.03,1,40.7,4.15,102.0,85.0,185.0,EV_107,0.0,300,0.0,DR862144_16,65.0,79005.76,DR862144,176.27,0.0,65.0,D,SimuProB-2,EV_107
327.999,18.0,41.55,4040.0,0,4.029,1,40.69,4.149,101.0,82.0,185.0,EV_107,0.0,310,0.0,DR862144_16,65.0,79006.04,DR862144,176.27,0.0,65.0,D,SimuProB-2,EV_107
329.187,16.0,41.55,4020.0,0,4.03,1,40.69,4.15,100.5,80.0,185.0,EV_107,0.0,320,0.0,DR862144_16,65.0,79006.32,DR862144,176.27,0.0,65.0,D,SimuProB-2,EV_107
328.428,22.0,41.55,4120.0,0,4.028,1,40.67,4.148,103.0,88.0,185.0,EV_107,0.0,330,0.0,DR862144_16,65.0,79006.61,DR862144,176.27,0.0,65.0,D,SimuProB-2,EV_107
327.507,24.0,41.55,4168.0,0,4.027,1,40.65,4.147,104.2,92.0,185.0,EV_107,0.0,340,0.0,DR862144_16,65.0,79006.9,DR862144,176.27,0.0,65.0,D,SimuProB-2,EV_107
329.143,0.0,41.55,3940.0,0,4.032,1,40.65,4.152,98.5,-15.0,185.0,EV_107,0.04,350,12.0,DR862144_16,65.0,79007.17,DR862144,176.27,0.0,65.0,D,SimuProB-2,EV_107
327.947,65.0,41.55,4340.0,0,4.025,1,40.64,4.155,108.5,105.0,185.0,EV_107,0.0,360,0.0,DR862144_16,65.0,79007.47,DR862144,176.27,0.0,65.0,D,SimuProB-2,EV_107
327.61,75.0,41.55,4420.0,0,4.022,1,40.62,4.158,110.5,115.0,185.0,EV_107,0.0,370,0.0,DR862144_16,65.0,79007.78,DR862144,176.27,0.0,65.0,D,SimuProB-2,EV_107
326.98,88.0,41.55,4608.0,0,4.018,1,40.6,4.16,115.2,135.0,185.0,EV_107,0.0,380,0.0,DR862144_16,65.0,79008.1,DR862144,176.27,0.0,65.0,D,SimuProB-2,EV_107
327.796,0.0,41.55,4100.0,0,4.035,1,40.6,4.155,102.5,-18.0,185.0,EV_107,0.05,390,15.0,DR862144_16,65.0,79008.38,DR862144,176.27,0.0,65.0,D,SimuProB-2,EV_107
325.631,72.0,41.55,4496.0,0,4.028,1,40.59,4.152,112.4,125.0,185.0,EV_107,0.0,400,0.0,DR862144_16,65.0,79008.69,DR862144,176.27,0.0,65.0,D,SimuProB-2,EV_107
324.886,85.0,41.55,4744.0,0,4.015,1,40.57,4.161,118.6,142.0,185.0,EV_107,0.0,410,0.0,DR862144_16,65.0,79009.02,DR862144,176.27,0.0,65.0,D,SimuProB-2,EV_107
326.458,0.0,41.55,4272.0,0,4.038,1,40.55,4.148,106.8,-22.0,185.0,EV_107,0.06,420,18.0,DR862144_16,65.0,79009.32,DR862144,176.27,0.0,65.0,D,SimuProB-2,EV_107
323.653,92.0,41.55,4780.0,0,4.012,1,40.53,4.165,119.5,148.0,185.0,EV_107,0.0,430,0.0,DR862144_16,65.0,79009.65,DR862144,176.27,0.0,65.0,D,SimuProB-2,EV_107
327.8,0.0,41.55,4328.0,0,4.032,1,40.53,4.158,108.2,-15.0,185.0,EV_107,0.04,440,12.0,DR862144_16,65.0,79009.95,DR862144,176.27,0.0,65.0,D,SimuProB-2,EV_107
324.847,78.0,41.55,4592.0,0,4.025,1,40.52,4.162,114.8,132.0,185.0,EV_107,0.0,450,0.0,DR862144_16,65.0,79010.27,DR862144,176.27,0.0,65.0,D,SimuProB-2,EV_107
322.001,90.0,41.55,4792.0,0,4.01,1,40.51,4.168,119.8,155.0,185.0,EV_107,0.0,460,0.0,DR862144_16,65.0,79010.6,DR862144,176.27,0.0,65.0,D,SimuProB-2,EV_107
326.81,0.0,41.55,4300.0,0,4.035,1,40.49,4.155,107.5,-18.0,185.0,EV_107,0.05,470,15.0,DR862144_16,65.0,79010.9,DR862144,176.27,0.0,65.0,D,SimuProB-2,EV_107
323.738,88.0,41.55,4728.0,0,4.015,1,40.49,4.165,118.2,145.0,185.0,EV_107,0.0,480,0.0,DR862144_16,65.0,79011.23,DR862144,176.27,0.0,65.0,D,SimuProB-2,EV_107
330.967,0.0,41.55,4220.0,0,4.038,1,40.48,4.16,105.5,-12.0,185.0,EV_107,0.04,490,10.0,DR862144_16,65.0,79011.52,DR862144,176.27,0.0,65.0,D,SimuProB-2,EV_107
324.565,85.0,41.55,4600.0,0,4.012,1,40.46,4.164,115.0,140.0,185.0,EV_107,0.0,500,0.0,DR862144_16,65.0,79011.84,DR862144,176.27,0.0,65.0,D,SimuProB-2,EV_107
321.854,92.0,41.55,4800.0,0,4.005,1,40.46,4.17,120.0,160.0,185.0,EV_107,0.0,510,0.0,DR862144_16,65.0,79012.18,DR862144,176.27,0.0,65.0,D,SimuProB-2,EV_107
328.464,0.0,41.55,4080.0,0,4.03,1,40.45,4.16,102.0,-15.0,185.0,EV_107,0.04,520,8.0,DR862144_16,65.0,79012.46,DR862144,176.27,0.0,65.0,D,SimuProB-2,EV_107
323.919,80.0,41.55,4500.0,0,4.01,1,40.44,4.165,112.5,135.0,185.0,EV_107,0.0,530,0.0,DR862144_16,65.0,79012.78,DR862144,176.27,0.0,65.0,D,SimuProB-2,EV_107
321.672,90.0,41.55,4760.0,0,3.995,1,40.42,4.17,119.0,155.0,185.0,EV_107,0.0,540,0.0,DR862144_16,65.0,79013.11,DR862144,176.27,0.0,65.0,D,SimuProB-2,EV_107
318.734,94.0,41.55,4880.0,0,3.992,1,40.41,4.172,122.0,165.0,185.0,EV_107,0.0,550,0.0,DR862144_16,65.0,79013.45,DR862144,176.27,0.0,65.0,D,SimuProB-2,EV_107
321.916,0.0,41.55,4320.0,0,4.015,1,40.4,4.168,108.0,-20.0,185.0,EV_107,0.05,560,10.0,DR862144_16,65.0,79013.75,DR862144,176.27,0.0,65.0,D,SimuProB-2,EV_107
325.893,82.0,41.55,4640.0,0,4.012,1,40.39,4.169,116.0,145.0,185.0,EV_107,0.0,570,0.0,DR862144_16,65.0,79014.07,DR862144,176.27,0.0,65.0,D,SimuProB-2,EV_107
322.191,75.0,41.55,4600.0,0,4.013,1,40.36,4.169,115.0,148.0,185.0,EV_107,0.0,580,0.0,DR862144_16,65.0,79014.39,DR862144,176.27,0.0,65.0,D,SimuProB-2,EV_107
320.124,85.0,41.55,4720.0,0,4.01,1,40.36,4.17,118.0,152.0,185.0,EV_107,0.0,590,0.0,DR862144_16,65.0,79014.72,DR862144,176.27,0.0,65.0,D,SimuProB-2,EV_107
324.039,0.0,41.55,4200.0,0,4.014,1,40.34,4.168,105.0,-15.0,185.0,EV_107,0.06,600,15.0,DR862144_16,65.0,79015.01,DR862144,176.27,0.0,65.0,D,SimuProB-2,EV_107
323.213,70.0,41.55,4480.0,0,4.012,1,40.3,4.167,112.0,135.0,185.0,EV_107,0.0,610,0.0,DR862144_16,65.0,79015.32,DR862144,176.27,0.0,65.0,D,SimuProB-2,EV_107
318.182,90.0,41.55,4800.0,0,4.008,1,40.28,4.172,120.0,165.0,185.0,EV_107,0.0,620,0.0,DR862144_16,65.0,79015.65,DR862144,176.27,0.0,65.0,D,SimuProB-2,EV_107
321.409,65.0,41.55,4560.0,0,4.011,1,40.28,4.17,114.0,110.0,185.0,EV_107,0.0,630,0.0,DR862144_16,65.0,79015.97,DR862144,176.27,0.0,65.0,D,SimuProB-2,EV_107
316.372,82.0,41.55,4720.0,0,4.005,1,40.26,4.165,118.0,158.0,185.0,EV_107,0.0,640,0.0,DR862144_16,65.0,79016.3,DR862144,176.27,0.0,65.0,D,SimuProB-2,EV_107
321.059,55.0,41.55,4400.0,0,4.012,1,40.24,4.168,110.0,95.0,185.0,EV_107,0.0,650,0.0,DR862144_16,65.0,79016.6,DR862144,176.27,0.0,65.0,D,SimuProB-2,EV_107
314.965,88.0,41.55,4760.0,0,4.002,1,40.23,4.171,119.0,168.0,185.0,EV_107,0.0,660,0.0,DR862144_16,65.0,79016.93,DR862144,176.27,0.0,65.0,D,SimuProB-2,EV_107
318.077,78.0,41.55,4660.0,0,4.005,1,40.2,4.175,116.5,145.0,185.0,EV_107,0.0,670,0.0,DR862144_16,65.0,79017.25,DR862144,176.27,0.0,65.0,D,SimuProB-2,EV_107
315.241,92.0,41.55,4800.0,0,4.001,1,40.19,4.178,120.0,172.0,185.0,EV_107,0.0,680,0.0,DR862144_16,65.0,79017.59,DR862144,176.27,0.0,65.0,D,SimuProB-2,EV_107
320.331,60.0,41.55,4480.0,0,4.01,1,40.19,4.172,112.0,105.0,185.0,EV_107,0.0,690,0.0,DR862144_16,65.0,79017.9,DR862144,176.27,0.0,65.0,D,SimuProB-2,EV_107
317.243,82.0,41.55,4740.0,0,4.003,1,40.17,4.176,118.5,135.0,185.0,EV_107,0.0,700,0.0,DR862144_16,65.0,79018.23,DR862144,176.27,0.0,65.0,D,SimuProB-2,EV_107
313.066,75.0,41.55,4600.0,0,3.999,1,40.16,4.179,115.0,162.0,185.0,EV_107,0.0,710,0.0,DR862144_16,65.0,79018.55,DR862144,176.27,0.0,65.0,D,SimuProB-2,EV_107
319.376,58.0,41.55,4320.0,0,4.008,1,40.16,4.174,108.0,98.0,185.0,EV_107,0.0,720,0.0,DR862144_16,65.0,79018.85,DR862144,176.27,0.0,65.0,D,SimuProB-2,EV_107
317.29,64.0,41.55,4448.0,0,4.005,1,40.15,4.173,111.2,118.0,185.0,EV_107,0.0,730,0.0,DR862144_16,65.0,79019.16,DR862144,176.27,0.0,65.0,D,SimuProB-2,EV_107
314.378,78.0,41.55,4672.0,0,4.001,1,40.13,4.177,116.8,142.0,185.0,EV_107,0.0,740,0.0,DR862144_16,65.0,79019.48,DR862144,176.27,0.0,65.0,D,SimuProB-2,EV_107
318.588,56.0,41.55,4380.0,0,4.009,1,40.12,4.175,109.5,102.0,185.0,EV_107,0.0,750,0.0,DR862144_16,65.0,79019.79,DR862144,176.27,0.0,65.0,D,SimuProB-2,EV_107
316.737,62.0,41.55,4540.0,0,4.003,1,40.11,4.176,113.5,128.5,185.0,EV_107,0.0,760,0.0,DR862144_16,65.0,79020.11,DR862144,176.27,0.0,65.0,D,SimuProB-2,EV_107
314.856,82.0,41.55,4728.0,0,4.0,1,40.08,4.178,118.2,155.2,185.0,EV_107,0.0,770,0.0,DR862144_16,65.0,79020.43,DR862144,176.27,0.0,65.0,D,SimuProB-2,EV_107
318.927,48.0,41.55,4272.0,0,4.01,1,40.08,4.175,106.8,95.4,185.0,EV_107,0.0,780,0.0,DR862144_16,65.0,79020.73,DR862144,176.27,0.0,65.0,D,SimuProB-2,EV_107
315.489,60.0,41.55,4496.0,0,4.002,1,40.05,4.177,112.4,138.5,185.0,EV_107,0.0,790,0.0,DR862144_16,65.0,79021.04,DR862144,176.27,0.0,65.0,D,SimuProB-2,EV_107
319.7,45.0,41.55,4168.0,0,4.008,1,40.05,4.176,104.2,98.2,185.0,EV_107,0.0,800,0.0,DR862144_16,65.0,79021.33,DR862144,176.27,0.0,65.0,D,SimuProB-2,EV_107
317.062,75.0,41.55,4632.0,0,4.001,1,40.03,4.178,115.8,145.0,185.0,EV_107,0.0,810,0.0,DR862144_16,65.0,79021.65,DR862144,176.27,0.0,65.0,D,SimuProB-2,EV_107
316.33,52.0,41.55,4340.0,0,4.005,1,40.01,4.174,108.5,105.5,185.0,EV_107,0.0,820,0.0,DR862144_16,65.0,79021.95,DR862144,176.27,0.0,65.0,D,SimuProB-2,EV_107
318.279,35.0,41.55,4032.0,0,4.012,1,40.0,4.175,100.8,75.2,185.0,EV_107,0.0,830,0.0,DR862144_16,65.0,79022.23,DR862144,176.27,0.0,65.0,D,SimuProB-2,EV_107
314.211,85.0,41.55,4648.0,0,3.998,1,39.98,4.178,116.2,165.8,185.0,EV_107,0.0,840,0.0,DR862144_16,65.0,79022.55,DR862144,176.27,0.0,65.0,D,SimuProB-2,EV_107
315.099,68.0,41.55,4500.0,0,4.002,1,39.93,4.177,112.5,135.2,185.0,EV_107,0.0,850,0.0,DR862144_16,65.0,79022.86,DR862144,176.27,0.0,65.0,D,SimuProB-2,EV_107
314.27,82.0,41.55,4732.0,0,3.996,1,39.9,4.179,118.3,158.4,185.0,EV_107,0.0,860,0.0,DR862144_16,65.0,79023.19,DR862144,176.27,0.0,65.0,D,SimuProB-2,EV_107
316.509,42.0,41.55,4272.0,0,4.009,1,39.89,4.176,106.8,95.6,185.0,EV_107,0.0,870,0.0,DR862144_16,65.0,79023.49,DR862144,176.27,0.0,65.0,D,SimuProB-2,EV_107
315.181,72.0,41.55,4616.0,0,3.998,1,39.84,4.178,115.4,142.5,185.0,EV_107,0.0,880,0.0,DR862144_16,44.2,79023.81,DR862144,176.27,0.0,46.8,D,SimuProB-2,EV_107
315.735,48.0,41.55,4328.0,0,4.005,1,39.82,4.176,108.2,105.3,185.0,EV_107,0.0,890,0.0,DR862144_16,44.5,79024.11,DR862144,176.27,0.0,47.1,D,SimuProB-2,EV_107
315.186,62.0,41.55,4512.0,0,4.001,1,39.8,4.179,112.8,128.7,185.0,EV_107,0.0,900,0.0,DR862144_16,44.8,79024.42,DR862144,176.27,0.0,47.4,D,SimuProB-2,EV_107
313.532,68.0,41.55,4580.0,0,3.999,1,39.76,4.182,114.5,135.2,185.0,EV_107,0.0,910,0.0,DR862144_16,45.1,79024.74,DR862144,176.27,0.0,47.7,D,SimuProB-2,EV_107
315.735,45.0,41.55,4284.0,0,4.008,1,39.76,4.175,107.1,98.5,185.0,EV_107,0.0,920,0.0,DR862144_16,45.3,79025.04,DR862144,176.27,0.0,47.9,D,SimuProB-2,EV_107
314.957,78.0,41.55,4688.0,0,3.997,1,39.74,4.18,117.2,148.9,185.0,EV_107,0.0,930,0.0,DR862144_16,45.6,79025.36,DR862144,176.27,0.0,48.3,D,SimuProB-2,EV_107
313.001,82.0,41.55,4740.0,0,3.995,1,39.72,4.184,118.5,162.4,185.0,EV_107,0.0,940,0.0,DR862144_16,45.8,79025.69,DR862144,176.27,0.0,48.5,D,SimuProB-2,EV_107
316.317,42.0,41.55,4412.0,0,4.006,1,39.71,4.181,110.3,95.2,185.0,EV_107,0.0,950,0.0,DR862144_16,46.0,79026.0,DR862144,176.27,0.0,48.7,D,SimuProB-2,EV_107
313.397,75.0,41.55,4672.0,0,3.998,1,39.68,4.183,116.8,145.6,185.0,EV_107,0.0,960,0.0,DR862144_16,46.3,79026.32,DR862144,176.27,0.0,49.0,D,SimuProB-2,EV_107
314.567,65.0,41.55,4580.0,0,4.001,1,39.65,4.182,114.5,138.2,185.0,EV_107,0.0,970,0.0,DR862144_16,46.5,79026.64,DR862144,176.27,0.0,49.2,D,SimuProB-2,EV_107
317.175,35.0,41.55,4328.0,0,4.005,1,39.61,4.179,108.2,88.4,185.0,EV_107,0.0,980,0.0,DR862144_16,46.7,79026.94,DR862144,176.27,0.0,49.4,D,SimuProB-2,EV_107
314.844,72.0,41.55,4632.0,0,3.999,1,39.61,4.185,115.8,142.7,185.0,EV_107,0.0,990,0.0,DR862144_16,46.9,79027.26,DR862144,176.27,0.0,49.6,D,SimuProB-2,EV_107
312.504,78.0,41.55,4700.0,0,3.997,1,39.58,4.186,117.5,152.3,185.0,EV_107,0.0,1000,0.0,DR862144_16,47.2,79027.59,DR862144,176.27,0.0,49.9,D,SimuProB-2,EV_107
314.853,48.0,41.55,4512.0,0,4.002,1,39.56,4.184,112.8,105.6,185.0,EV_107,0.0,1010,0.0,DR862144_16,47.5,79027.9,DR862144,176.27,0.0,50.1,D,SimuProB-2,EV_107
312.61,70.0,41.55,4648.0,0,4.0,1,39.53,4.187,116.2,135.4,185.0,EV_107,0.0,1020,0.0,DR862144_16,47.8,79028.22,DR862144,176.27,0.0,50.4,D,SimuProB-2,EV_107
311.102,85.0,41.55,4796.0,0,3.995,1,39.49,4.19,119.4,168.5,185.0,EV_107,0.0,1030,0.0,DR862144_16,48.1,79028.55,DR862144,176.27,0.0,50.7,D,SimuProB-2,EV_107
313.484,45.0,41.55,4480.0,0,4.005,1,39.47,4.188,111.5,110.2,185.0,EV_107,0.0,1040,0.0,DR862144_16,48.3,79028.86,DR862144,176.27,0.0,50.9,D,SimuProB-2,EV_107
315.225,38.0,41.55,4292.0,0,4.01,1,39.45,4.185,106.8,95.3,185.0,EV_107,0.0,1050,0.0,DR862144_16,48.5,79029.16,DR862144,176.27,0.0,51.1,D,SimuProB-2,EV_107
314.465,32.0,41.55,4112.0,0,4.008,1,39.41,4.182,102.4,88.5,185.0,EV_107,0.0,1060,0.0,DR862144_16,48.7,79029.44,DR862144,176.27,0.0,51.3,D,SimuProB-2,EV_107
316.731,25.0,41.55,3876.0,0,4.012,1,39.4,4.18,96.5,72.1,185.0,EV_107,0.0,1070,0.0,DR862144_16,48.9,79029.71,DR862144,176.27,0.0,51.4,D,SimuProB-2,EV_107
318.094,18.0,41.55,3544.0,0,4.015,1,39.37,4.178,88.2,55.8,185.0,EV_107,0.0,1080,0.0,DR862144_16,49.0,79029.96,DR862144,176.27,0.0,51.5,D,SimuProB-2,EV_107
319.603,15.0,41.55,3432.0,0,4.018,1,39.34,4.175,85.4,48.2,185.0,EV_107,0.0,1090,0.0,DR862144_16,49.1,79030.2,DR862144,176.27,0.0,51.6,D,SimuProB-2,EV_107
319.773,14.0,41.55,3300.0,0,4.02,1,39.31,4.172,82.1,42.5,185.0,EV_107,0.0,1100,0.0,DR862144_16,49.2,79030.43,DR862144,176.27,0.0,51.7,D,SimuProB-2,EV_107
318.742,16.0,41.55,3396.0,0,4.015,1,39.28,4.17,84.5,52.1,185.0,EV_107,0.0,1110,0.0,DR862144_16,49.3,79030.66,DR862144,176.27,0.0,51.8,D,SimuProB-2,EV_107
321.603,15.0,41.55,3344.0,0,4.012,1,39.23,4.168,83.2,45.3,185.0,EV_107,0.0,1120,0.0,DR862144_16,49.4,79030.89,DR862144,176.27,0.0,51.9,D,SimuProB-2,EV_107
322.235,12.0,41.55,3234.0,0,4.009,1,39.22,4.165,80.5,38.7,185.0,EV_107,0.0,1130,0.0,DR862144_16,49.5,79031.11,DR862144,176.27,0.0,52.0,D,SimuProB-2,EV_107
323.2,11.0,41.55,3168.0,0,4.006,1,39.19,4.162,78.9,35.2,185.0,EV_107,0.0,1140,0.0,DR862144_16,49.6,79031.33,DR862144,176.27,0.0,52.1,D,SimuProB-2,EV_107
322.905,12.5,41.55,3192.0,0,4.004,1,39.16,4.16,79.5,36.8,185.0,EV_107,0.0,1150,0.0,DR862144_16,49.7,79031.55,DR862144,176.27,0.0,52.2,D,SimuProB-2,EV_107
322.672,11.0,41.55,3140.0,0,4.002,1,39.13,4.158,78.2,34.5,185.0,EV_107,0.0,1160,0.0,DR862144_16,49.8,79031.77,DR862144,176.27,0.0,52.3,D,SimuProB-2,EV_107
322.247,14.0,41.55,3252.0,0,3.998,1,39.09,4.155,81.0,41.2,185.0,EV_107,0.0,1170,0.0,DR862144_16,49.9,79031.99,DR862144,176.27,0.0,52.4,D,SimuProB-2,EV_107
321.611,14.5,41.55,3260.0,0,3.995,1,39.05,4.152,81.2,42.5,185.0,EV_107,0.0,1180,0.0,DR862144_16,50.0,79032.22,DR862144,176.27,0.0,52.5,D,SimuProB-2,EV_107
321.567,16.0,41.55,3312.0,0,3.99,1,39.01,4.148,82.5,45.8,185.0,EV_107,0.0,1190,0.0,DR862144_16,50.2,79032.44,DR862144,176.27,0.0,52.7,D,SimuProB-2,EV_107
321.184,13.0,41.55,3244.0,0,3.988,1,38.95,4.145,80.8,39.2,185.0,EV_107,0.0,1200,0.0,DR862144_16,50.3,79032.67,DR862144,176.27,0.0,52.8,D,SimuProB-2,EV_107
321.233,14.0,41.55,3276.0,0,3.985,1,38.89,4.142,81.5,40.5,185.0,EV_107,0.0,1210,0.0,DR862144_16,50.4,79032.9,DR862144,176.27,0.0,52.9,D,SimuProB-2,EV_107
322.583,12.5,41.55,3224.0,0,3.982,1,38.84,4.14,80.2,38.2,185.0,EV_107,0.0,1220,0.0,DR862144_16,50.5,79033.12,DR862144,176.27,0.0,53.0,D,SimuProB-2,EV_107
322.18,16.5,41.55,3334.0,0,3.98,1,38.8,4.138,83.0,43.1,185.0,EV_107,0.0,1230,0.0,DR862144_16,50.6,79033.35,DR862144,176.27,0.0,53.2,D,SimuProB-2,EV_107
321.254,14.5,41.55,3294.0,0,3.978,1,38.74,4.136,82.0,41.2,185.0,EV_107,0.0,1240,0.0,DR862144_16,50.7,79033.58,DR862144,176.27,0.0,53.3,D,SimuProB-2,EV_107
320.906,22.0,41.55,3434.0,0,3.975,1,38.68,4.134,85.5,48.5,185.0,EV_107,0.0,1250,0.0,DR862144_16,50.8,79033.82,DR862144,176.27,0.0,53.4,D,SimuProB-2,EV_107
321.425,15.0,41.55,3334.0,0,3.972,1,38.62,4.132,83.0,42.0,185.0,EV_107,0.0,1260,0.0,DR862144_16,50.9,79034.05,DR862144,176.27,0.0,53.5,D,SimuProB-2,EV_107
321.086,17.0,41.55,3394.0,0,3.97,1,38.56,4.13,84.5,44.5,185.0,EV_107,0.0,1270,0.0,DR862144_16,51.0,79034.28,DR862144,176.27,0.0,53.6,D,SimuProB-2,EV_107
320.153,24.0,41.55,3502.0,0,3.968,1,38.48,4.128,87.2,52.3,185.0,EV_107,0.0,0,0.0,DR862144_17,51.2,79034.53,DR862144,176.27,0.0,53.8,D,SimuProB-2,EV_107
320.564,32.0,41.55,3619.0,0,3.965,1,38.41,4.125,90.1,58.7,185.0,EV_107,0.0,10,0.0,DR862144_17,51.4,79034.78,DR862144,176.27,0.0,54.0,D,SimuProB-2,EV_107
319.588,38.0,41.55,3755.0,0,3.962,1,38.33,4.122,93.5,65.4,185.0,EV_107,0.0,20,0.0,DR862144_17,51.6,79035.04,DR862144,176.27,0.0,54.2,D,SimuProB-2,EV_107
320.082,30.0,41.55,3687.0,0,3.96,1,38.25,4.12,91.8,55.1,185.0,EV_107,0.0,30,0.0,DR862144_17,51.8,79035.29,DR862144,176.27,0.0,54.4,D,SimuProB-2,EV_107
319.165,42.0,41.55,3824.0,0,3.958,1,38.16,4.118,95.2,72.3,185.0,EV_107,0.0,40,0.0,DR862144_17,52.0,79035.56,DR862144,176.27,0.0,54.6,D,SimuProB-2,EV_107
318.442,45.0,41.55,3888.0,0,3.956,1,38.07,4.116,96.8,78.5,185.0,EV_107,0.0,50,0.0,DR862144_17,52.2,79035.83,DR862144,176.27,0.0,54.8,D,SimuProB-2,EV_107
318.075,52.0,41.55,3996.0,0,3.954,1,37.96,4.114,99.5,85.2,185.0,EV_107,0.0,60,0.0,DR862144_17,52.4,79036.11,DR862144,176.27,0.0,55.0,D,SimuProB-2,EV_107
317.866,58.0,41.55,4112.0,0,3.952,1,37.89,4.112,102.4,92.1,185.0,EV_107,0.0,70,0.0,DR862144_17,52.6,79036.39,DR862144,176.27,0.0,55.2,D,SimuProB-2,EV_107
317.49,62.0,41.55,4184.0,0,3.95,1,37.78,4.11,104.2,98.5,185.0,EV_107,0.0,80,0.0,DR862144_17,52.8,79036.68,DR862144,176.27,0.0,55.4,D,SimuProB-2,EV_107
318.237,0.0,41.55,3950.0,0,3.955,1,37.74,4.115,98.5,-45.2,185.0,EV_107,0.05,90,35.0,DR862144_17,52.9,79036.95,DR862144,176.27,0.0,55.5,D,SimuProB-2,EV_107
317.482,48.0,41.55,4088.0,0,3.952,1,37.68,4.112,101.8,65.4,185.0,EV_107,0.0,100,0.0,DR862144_17,53.0,79037.24,DR862144,176.27,0.0,55.6,D,SimuProB-2,EV_107
316.691,55.0,41.55,4158.0,0,3.956,1,37.61,4.118,103.5,88.5,185.0,EV_107,0.0,110,0.0,DR862144_17,53.2,79037.53,DR862144,176.27,0.0,55.8,D,SimuProB-2,EV_107
316.483,60.0,41.55,4246.0,0,3.958,1,37.53,4.12,105.8,95.3,185.0,EV_107,0.0,120,0.0,DR862144_17,53.4,79037.82,DR862144,176.27,0.0,56.0,D,SimuProB-2,EV_107
318.034,0.0,41.55,3984.0,0,3.96,1,37.5,4.122,99.2,-35.8,185.0,EV_107,0.06,130,25.0,DR862144_17,53.5,79038.1,DR862144,176.27,0.0,56.1,D,SimuProB-2,EV_107
316.93,42.0,41.55,4112.0,0,3.962,1,37.45,4.125,102.4,52.3,185.0,EV_107,0.0,140,0.0,DR862144_17,53.7,79038.38,DR862144,176.27,0.0,56.3,D,SimuProB-2,EV_107
316.176,65.0,41.55,4352.0,0,3.965,1,37.39,4.128,108.2,85.6,185.0,EV_107,0.0,150,0.0,DR862144_17,54.0,79038.69,DR862144,176.27,0.0,56.6,D,SimuProB-2,EV_107
316.604,38.0,41.55,4204.0,0,3.968,1,37.36,4.13,104.5,45.1,185.0,EV_107,0.0,160,0.0,DR862144_17,54.2,79038.98,DR862144,176.27,0.0,56.8,D,SimuProB-2,EV_107
317.148,48.0,41.55,4290.0,0,3.97,1,37.33,4.132,106.8,68.4,185.0,EV_107,0.0,170,0.0,DR862144_17,54.3,79039.28,DR862144,176.27,0.0,56.9,D,SimuProB-2,EV_107
317.774,0.0,41.55,4080.0,0,3.973,1,37.3,4.135,101.5,-28.5,185.0,EV_107,0.04,180,15.0,DR862144_17,54.4,79039.56,DR862144,176.27,0.0,57.0,D,SimuProB-2,EV_107
316.632,72.0,41.55,4515.0,0,3.975,1,37.26,4.138,112.3,92.1,185.0,EV_107,0.0,190,0.0,DR862144_17,54.6,79039.87,DR862144,176.27,0.0,57.2,D,SimuProB-2,EV_107
315.2,75.0,41.55,4615.0,0,3.972,1,37.16,4.142,114.8,145.5,185.0,EV_107,0.0,200,0.0,DR862144_17,54.9,79040.19,DR862144,176.27,0.0,57.5,D,SimuProB-2,EV_107
316.381,40.0,41.55,4400.0,0,3.976,1,37.14,4.145,109.5,62.3,185.0,EV_107,0.0,210,0.0,DR862144_17,55.0,79040.49,DR862144,176.27,0.0,57.6,D,SimuProB-2,EV_107
315.583,55.0,41.55,4468.0,0,3.974,1,37.09,4.148,111.2,88.7,185.0,EV_107,0.0,220,0.0,DR862144_17,55.2,79040.8,DR862144,176.27,0.0,57.8,D,SimuProB-2,EV_107
315.152,65.0,41.55,4560.0,0,3.978,1,37.05,4.151,113.5,125.4,185.0,EV_107,0.0,230,0.0,DR862144_17,55.5,79041.12,DR862144,176.27,0.0,58.1,D,SimuProB-2,EV_107
313.221,85.0,41.55,4750.0,0,3.97,1,36.97,4.155,118.2,165.2,185.0,EV_107,0.0,240,0.0,DR862144_17,55.9,79041.44,DR862144,176.27,0.0,58.5,D,SimuProB-2,EV_107
315.732,45.0,41.55,4440.0,0,3.975,1,36.96,4.158,110.5,75.6,185.0,EV_107,0.0,250,0.0,DR862144_17,56.2,79041.75,DR862144,176.27,0.0,58.7,D,SimuProB-2,EV_107
314.436,60.0,41.55,4610.0,0,3.98,1,36.9,4.16,114.8,95.2,185.0,EV_107,0.0,260,0.0,DR862144_17,56.5,79042.07,DR862144,176.27,0.0,58.9,D,SimuProB-2,EV_107
315.619,50.0,41.55,4515.0,0,3.982,1,36.85,4.162,112.4,82.5,185.0,EV_107,0.0,270,0.0,DR862144_17,56.7,79042.38,DR862144,176.27,0.0,59.0,D,SimuProB-2,EV_107
314.184,70.0,41.55,4723.0,0,3.985,1,36.8,4.165,117.6,105.8,185.0,EV_107,0.0,280,0.0,DR862144_17,56.9,79042.71,DR862144,176.27,0.0,59.2,D,SimuProB-2,EV_107
313.552,78.0,41.55,4800.0,0,3.987,1,36.73,4.167,119.5,110.5,185.0,EV_107,0.0,290,0.0,DR862144_17,57.1,79043.04,DR862144,176.27,0.0,59.4,D,SimuProB-2,EV_107
315.067,35.0,41.55,4350.0,0,3.99,1,36.72,4.17,108.2,70.2,185.0,EV_107,0.0,300,0.0,DR862144_17,57.2,79043.34,DR862144,176.27,0.0,59.5,D,SimuProB-2,EV_107
315.157,62.0,41.55,4630.0,0,3.992,1,36.68,4.172,115.3,92.4,185.0,EV_107,0.0,310,0.0,DR862144_17,57.4,79043.66,DR862144,176.27,0.0,59.7,D,SimuProB-2,EV_107
315.163,65.0,41.55,4665.0,0,3.994,1,36.63,4.174,116.2,98.5,185.0,EV_107,0.0,320,0.0,DR862144_17,57.6,79043.98,DR862144,176.27,0.0,59.9,D,SimuProB-2,EV_107
313.733,82.0,41.55,4815.0,0,3.995,1,36.59,4.176,119.8,125.3,185.0,EV_107,0.0,330,0.0,DR862144_17,57.8,79044.32,DR862144,176.27,0.0,60.1,D,SimuProB-2,EV_107
315.174,40.0,41.55,4400.0,0,3.996,1,36.57,4.178,109.5,75.8,185.0,EV_107,0.0,340,0.0,DR862144_17,57.9,79044.62,DR862144,176.27,0.0,60.2,D,SimuProB-2,EV_107
315.452,32.0,41.55,4360.0,0,4.0,1,36.54,4.18,108.5,62.5,185.0,EV_107,0.0,350,0.0,DR862144_17,58.0,79044.92,DR862144,176.27,0.0,60.3,D,SimuProB-2,EV_107
315.184,38.0,41.55,4470.0,0,4.002,1,36.5,4.182,111.2,68.1,185.0,EV_107,0.0,360,0.0,DR862144_17,58.1,79045.23,DR862144,176.27,0.0,60.4,D,SimuProB-2,EV_107
314.979,45.0,41.55,4575.0,0,4.004,1,36.48,4.184,113.8,72.3,185.0,EV_107,0.0,370,0.0,DR862144_17,58.2,79045.55,DR862144,176.27,0.0,60.5,D,SimuProB-2,EV_107
314.803,42.0,41.55,4600.0,0,4.005,1,36.46,4.185,114.5,70.2,185.0,EV_107,0.0,380,0.0,DR862144_17,58.3,79045.87,DR862144,176.27,0.0,60.6,D,SimuProB-2,EV_107
314.628,38.0,41.55,4500.0,0,4.006,1,36.44,4.186,112.0,65.5,185.0,EV_107,0.0,390,0.0,DR862144_17,58.4,79046.18,DR862144,176.27,0.0,60.7,D,SimuProB-2,EV_107
314.451,55.0,41.55,4670.0,0,4.007,1,36.42,4.187,116.2,78.4,185.0,EV_107,0.0,400,0.0,DR862144_17,58.5,79046.5,DR862144,176.27,0.0,60.8,D,SimuProB-2,EV_107
314.248,58.0,41.55,4720.0,0,4.008,1,36.39,4.188,117.5,82.5,185.0,EV_107,0.0,410,0.0,DR862144_17,58.6,79046.83,DR862144,176.27,0.0,60.9,D,SimuProB-2,EV_107
314.311,40.0,41.55,4610.0,0,4.009,1,36.37,4.189,114.8,62.1,185.0,EV_107,0.0,420,0.0,DR862144_17,58.7,79047.15,DR862144,176.27,0.0,61.0,D,SimuProB-2,EV_107
313.968,62.0,41.55,4750.0,0,4.01,1,36.34,4.19,118.2,95.3,185.0,EV_107,0.0,430,0.0,DR862144_17,58.8,79047.47,DR862144,176.27,0.0,61.1,D,SimuProB-2,EV_107
313.28,68.0,41.55,4800.0,0,4.012,1,36.31,4.192,120.0,105.2,185.0,EV_107,0.0,440,0.0,DR862144_17,59.0,79047.8,DR862144,176.27,0.0,61.3,D,SimuProB-2,EV_107
313.274,65.0,41.55,4780.0,0,4.014,1,36.28,4.193,119.5,118.5,185.0,EV_107,0.0,450,0.0,DR862144_17,59.2,79048.14,DR862144,176.27,0.0,61.5,D,SimuProB-2,EV_107
313.205,72.0,41.55,4750.0,0,4.016,1,36.23,4.195,118.8,135.8,185.0,EV_107,0.0,460,0.0,DR862144_17,59.5,79048.47,DR862144,176.27,0.0,61.8,D,SimuProB-2,EV_107
313.292,75.0,41.55,4710.0,0,4.018,1,36.16,4.197,117.5,142.3,185.0,EV_107,0.0,470,0.0,DR862144_17,59.8,79048.8,DR862144,176.27,0.0,62.1,D,SimuProB-2,EV_107
312.818,70.0,41.55,4660.0,0,4.017,1,36.11,4.196,116.2,138.7,185.0,EV_107,0.0,480,0.0,DR862144_17,60.0,79049.12,DR862144,176.27,0.0,62.3,D,SimuProB-2,EV_107
313.537,68.0,41.55,4610.0,0,4.015,1,36.05,4.194,115.0,132.1,185.0,EV_107,0.0,490,0.0,DR862144_17,60.2,79049.44,DR862144,176.27,0.0,62.5,D,SimuProB-2,EV_107
312.409,78.0,41.55,4680.0,0,4.014,1,35.99,4.195,117.2,155.2,185.0,EV_107,0.0,500,0.0,DR862144_17,60.5,79049.77,DR862144,176.27,0.0,62.8,D,SimuProB-2,EV_107
312.216,82.0,41.55,4730.0,0,4.012,1,35.92,4.198,118.5,168.5,185.0,EV_107,0.0,510,0.0,DR862144_17,60.9,79050.09,DR862144,176.27,0.0,63.2,D,SimuProB-2,EV_107
312.164,68.0,41.55,4640.0,0,4.016,1,35.86,4.196,116.0,145.0,185.0,EV_107,0.0,520,0.0,DR862144_17,61.2,79050.42,DR862144,176.27,0.0,63.5,D,SimuProB-2,EV_107
312.251,65.0,41.55,4630.0,0,4.015,1,35.8,4.197,115.5,142.3,185.0,EV_107,0.0,530,0.0,DR862144_17,61.5,79050.74,DR862144,176.27,0.0,63.8,D,SimuProB-2,EV_107
311.495,80.0,41.55,4730.0,0,4.011,1,35.73,4.199,118.2,165.4,185.0,EV_107,0.0,540,0.0,DR862144_17,61.8,79051.07,DR862144,176.27,0.0,64.1,D,SimuProB-2,EV_107
313.097,55.0,41.55,4530.0,0,4.018,1,35.69,4.195,113.0,128.5,185.0,EV_107,0.0,550,0.0,DR862144_17,62.0,79051.38,DR862144,176.27,0.0,64.3,D,SimuProB-2,EV_107
311.383,75.0,41.55,4710.0,0,4.013,1,35.63,4.197,117.5,155.2,185.0,EV_107,0.0,560,0.0,DR862144_17,62.3,79051.71,DR862144,176.27,0.0,64.5,D,SimuProB-2,EV_107
312.733,60.0,41.55,4580.0,0,4.015,1,35.55,4.196,114.2,138.6,185.0,EV_107,0.0,570,0.0,DR862144_17,62.6,79052.02,DR862144,176.27,0.0,64.8,D,SimuProB-2,EV_107
313.183,0.0,41.55,4350.0,0,4.017,1,35.52,4.198,108.5,-18.5,185.0,EV_107,0.05,580,15.0,DR862144_17,62.8,79052.32,DR862144,176.27,0.0,65.0,D,SimuProB-2,EV_107
312.234,62.0,41.55,4470.0,0,4.014,1,35.47,4.196,111.5,142.3,185.0,EV_107,0.0,590,0.0,DR862144_17,62.9,79052.63,DR862144,176.27,0.0,65.0,D,SimuProB-2,EV_107
313.934,45.0,41.55,4210.0,0,4.016,1,35.44,4.197,105.2,115.8,185.0,EV_107,0.0,600,0.0,DR862144_17,63.0,79052.92,DR862144,176.27,0.0,65.0,D,SimuProB-2,EV_107
312.078,78.0,41.55,4680.0,0,4.012,1,35.4,4.195,116.8,148.7,185.0,EV_107,0.0,610,0.0,DR862144_17,63.2,79053.25,DR862144,176.27,0.0,65.0,D,SimuProB-2,EV_107
310.195,82.0,41.55,4740.0,0,4.01,1,35.35,4.194,118.5,155.2,185.0,EV_107,0.0,620,0.0,DR862144_17,63.4,79053.58,DR862144,176.27,0.0,65.0,D,SimuProB-2,EV_107
314.0,0.0,41.55,4410.0,0,4.014,1,35.32,4.197,110.2,-25.4,185.0,EV_107,0.06,630,12.0,DR862144_17,63.6,79053.89,DR862144,176.27,0.0,65.0,D,SimuProB-2,EV_107
310.981,75.0,41.55,4630.0,0,4.011,1,35.29,4.195,115.8,145.6,185.0,EV_107,0.0,640,0.0,DR862144_17,63.8,79054.21,DR862144,176.27,0.0,65.0,D,SimuProB-2,EV_107
311.514,65.0,41.55,4500.0,0,4.013,1,35.24,4.196,112.5,142.3,185.0,EV_107,0.0,650,0.0,DR862144_17,64.0,79054.52,DR862144,176.27,0.0,65.0,D,SimuProB-2,EV_107
312.846,0.0,41.55,4320.0,0,4.015,1,35.22,4.198,108.0,-18.5,185.0,EV_107,0.05,660,8.0,DR862144_17,64.2,79054.82,DR862144,176.27,0.0,65.0,D,SimuProB-2,EV_107
312.321,72.0,41.55,4570.0,0,4.012,1,35.2,4.195,114.2,138.9,185.0,EV_107,0.0,670,0.0,DR862144_17,64.5,79055.14,DR862144,176.27,0.0,65.0,D,SimuProB-2,EV_107
309.356,78.0,41.55,4660.0,0,4.01,1,35.15,4.196,116.5,148.2,185.0,EV_107,0.0,680,0.0,DR862144_17,64.7,79055.46,DR862144,176.27,0.0,65.0,D,SimuProB-2,EV_107
310.106,68.0,41.55,4520.0,0,4.012,1,35.14,4.197,113.0,140.5,185.0,EV_107,0.0,690,0.0,DR862144_17,64.9,79055.78,DR862144,176.27,0.0,65.0,D,SimuProB-2,EV_107
310.526,0.0,41.55,4200.0,0,4.014,1,35.11,4.198,105.0,-15.2,185.0,EV_107,0.04,700,15.0,DR862144_17,65.0,79056.07,DR862144,176.27,0.0,65.0,D,SimuProB-2,EV_107
311.055,55.0,41.55,4340.0,0,4.011,1,35.09,4.196,108.5,115.4,185.0,EV_107,0.0,710,0.0,DR862144_17,65.0,79056.37,DR862144,176.27,0.0,65.0,D,SimuProB-2,EV_107
309.316,75.0,41.55,4512.0,0,4.008,1,35.07,4.198,112.8,155.2,185.0,EV_107,0.0,720,0.0,DR862144_17,65.0,79056.68,DR862144,176.27,0.0,65.0,D,SimuProB-2,EV_107
309.72,60.0,41.55,4248.0,0,4.01,1,35.06,4.197,106.2,125.6,185.0,EV_107,0.0,730,0.0,DR862144_17,65.0,79056.98,DR862144,176.27,0.0,65.0,D,SimuProB-2,EV_107
310.51,65.0,41.55,4340.0,0,4.009,1,35.03,4.197,108.5,145.0,185.0,EV_107,0.0,740,0.0,DR862144_17,65.0,79057.28,DR862144,176.27,0.0,65.0,D,SimuProB-2,EV_107
311.498,0.0,41.55,4100.0,0,4.012,1,35.0,4.198,102.5,-22.5,185.0,EV_107,0.05,750,10.0,DR862144_17,65.0,79057.57,DR862144,176.27,0.0,65.0,D,SimuProB-2,EV_107
310.561,62.0,41.55,4400.0,0,4.01,1,34.98,4.197,110.0,135.8,185.0,EV_107,0.0,760,0.0,DR862144_17,65.0,79057.87,DR862144,176.27,0.0,65.0,D,SimuProB-2,EV_107
309.003,68.0,41.55,4540.0,0,4.008,1,34.95,4.198,113.5,142.5,185.0,EV_107,0.0,770,0.0,DR862144_17,65.0,79058.19,DR862144,176.27,0.0,65.0,D,SimuProB-2,EV_107
309.618,55.0,41.55,4320.0,0,4.009,1,34.93,4.197,108.0,128.4,185.0,EV_107,0.0,780,0.0,DR862144_17,65.0,79058.49,DR862144,176.27,0.0,65.0,D,SimuProB-2,EV_107
308.085,72.0,41.55,4608.0,0,4.007,1,34.9,4.199,115.2,148.9,185.0,EV_107,0.0,790,0.0,DR862144_17,65.0,79058.81,DR862144,176.27,0.0,65.0,D,SimuProB-2,EV_107
307.324,75.0,41.55,4672.0,0,4.006,1,34.86,4.198,116.8,155.2,185.0,EV_107,0.0,800,0.0,DR862144_17,65.0,79059.13,DR862144,176.27,0.0,65.0,D,SimuProB-2,EV_107
307.318,78.0,41.55,4740.0,0,4.005,1,34.83,4.199,118.5,162.5,185.0,EV_107,0.0,810,0.0,DR862144_17,65.0,79059.46,DR862144,176.27,0.0,65.0,D,SimuProB-2,EV_107
306.029,70.0,41.55,4688.0,0,4.004,1,34.81,4.197,117.2,158.1,185.0,EV_107,0.0,820,0.0,DR862144_17,65.0,79059.79,DR862144,176.27,0.0,65.0,D,SimuProB-2,EV_107
305.465,65.0,41.55,4500.0,0,4.003,1,34.78,4.196,112.5,145.3,185.0,EV_107,0.0,830,0.0,DR862144_17,65.0,79060.1,DR862144,176.27,0.0,65.0,D,SimuProB-2,EV_107
304.382,68.0,41.55,4560.0,0,4.002,1,34.73,4.195,114.0,152.7,185.0,EV_107,0.0,840,0.0,DR862144_17,65.0,79060.42,DR862144,176.27,0.0,65.0,D,SimuProB-2,EV_107
304.322,60.0,41.55,4380.0,0,4.001,1,34.71,4.194,109.5,138.2,185.0,EV_107,0.0,850,0.0,DR862144_17,65.0,79060.72,DR862144,176.27,0.0,65.0,D,SimuProB-2,EV_107
303.602,55.0,41.55,4328.0,0,4.0,1,34.68,4.193,108.2,142.5,185.0,EV_107,0.0,860,0.0,DR862144_17,65.0,79061.02,DR862144,176.27,0.0,65.0,D,SimuProB-2,EV_107
305.245,45.0,41.55,4180.0,0,3.999,1,34.67,4.192,104.5,125.3,185.0,EV_107,0.0,870,0.0,DR862144_17,65.0,79061.31,DR862144,176.27,0.0,65.0,D,SimuProB-2,EV_107
306.708,40.0,41.55,4072.0,0,3.998,1,34.65,4.191,101.8,98.7,185.0,EV_107,0.0,880,0.0,DR862144_17,65.0,79061.59,DR862144,176.27,0.0,65.0,D,SimuProB-2,EV_107
306.997,42.0,41.55,4128.0,0,3.997,1,34.63,4.19,103.2,105.4,185.0,EV_107,0.0,890,0.0,DR862144_17,65.0,79061.88,DR862144,176.27,0.0,65.0,D,SimuProB-2,EV_107
306.216,50.0,41.55,4260.0,0,3.996,1,34.61,4.189,106.5,118.6,185.0,EV_107,0.0,900,0.0,DR862144_17,65.0,79062.17,DR862144,176.27,0.0,65.0,D,SimuProB-2,EV_107
306.451,38.0,41.55,4112.0,0,3.995,1,34.57,4.188,102.8,95.3,185.0,EV_107,0.0,910,0.0,DR862144_17,65.0,79062.46,DR862144,176.27,0.0,65.0,D,SimuProB-2,EV_107
305.727,48.0,41.55,4200.0,0,3.994,1,34.53,4.187,105.0,110.5,185.0,EV_107,0.0,920,0.0,DR862144_17,65.0,79062.75,DR862144,176.27,0.0,65.0,D,SimuProB-2,EV_107
305.846,42.0,41.55,4060.0,0,3.993,1,34.51,4.186,101.5,102.2,185.0,EV_107,0.0,930,0.0,DR862144_17,65.0,79063.03,DR862144,176.27,0.0,65.0,D,SimuProB-2,EV_107
305.335,55.0,41.55,4328.0,0,3.992,1,34.48,4.185,108.2,135.8,185.0,EV_107,0.0,940,0.0,DR862144_17,65.0,79063.33,DR862144,176.27,0.0,65.0,D,SimuProB-2,EV_107
304.404,58.0,41.55,4380.0,0,3.991,1,34.44,4.184,109.5,145.2,185.0,EV_107,0.0,950,0.0,DR862144_17,65.0,79063.63,DR862144,176.27,0.0,65.0,D,SimuProB-2,EV_107
304.303,65.0,41.55,4512.0,0,3.99,1,34.38,4.183,112.8,168.5,185.0,EV_107,0.0,960,0.0,DR862144_17,65.0,79063.95,DR862144,176.27,0.0,65.0,D,SimuProB-2,EV_107
304.909,45.0,41.55,4288.0,0,3.989,1,34.35,4.182,107.2,130.4,185.0,EV_107,0.0,970,0.0,DR862144_17,65.0,79064.25,DR862144,176.27,0.0,65.0,D,SimuProB-2,EV_107
304.568,52.0,41.55,4420.0,0,3.989,1,34.3,4.182,110.5,148.5,185.0,EV_107,0.0,980,0.0,DR862144_17,65.0,79064.56,DR862144,176.27,0.0,65.0,D,SimuProB-2,EV_107
303.676,68.0,41.55,4568.0,0,3.988,1,34.24,4.181,114.2,162.3,185.0,EV_107,0.0,990,0.0,DR862144_17,65.0,79064.87,DR862144,176.27,0.0,65.0,D,SimuProB-2,EV_107
304.731,38.0,41.55,4272.0,0,3.988,1,34.22,4.181,106.8,115.6,185.0,EV_107,0.0,1000,0.0,DR862144_17,65.0,79065.17,DR862144,176.27,0.0,65.0,D,SimuProB-2,EV_107
305.276,28.0,41.55,4100.0,0,3.987,1,34.19,4.18,102.5,95.4,185.0,EV_107,0.0,1010,0.0,DR862144_17,65.0,79065.45,DR862144,176.27,0.0,65.0,D,SimuProB-2,EV_107
304.483,58.0,41.55,4452.0,0,3.986,1,34.14,4.181,111.3,142.8,185.0,EV_107,0.0,1020,0.0,DR862144_17,65.0,79065.76,DR862144,176.27,0.0,65.0,D,SimuProB-2,EV_107
305.048,42.0,41.55,4232.0,0,3.987,1,34.12,4.181,105.8,118.2,185.0,EV_107,0.0,1030,0.0,DR862144_17,65.0,79066.06,DR862144,176.27,0.0,65.0,D,SimuProB-2,EV_107
304.882,45.0,41.55,4300.0,0,3.986,1,34.09,4.181,107.5,125.4,185.0,EV_107,0.0,1040,0.0,DR862144_17,65.0,79066.36,DR862144,176.27,0.0,65.0,D,SimuProB-2,EV_107
304.37,62.0,41.55,4512.0,0,3.985,1,34.05,4.181,112.8,158.7,185.0,EV_107,0.0,1050,0.0,DR862144_17,65.0,79066.67,DR862144,176.27,0.0,65.0,D,SimuProB-2,EV_107
304.849,35.0,41.55,4168.0,0,3.986,1,34.04,4.181,104.2,108.9,185.0,EV_107,0.0,1060,0.0,DR862144_17,65.0,79066.96,DR862144,176.27,0.0,65.0,D,SimuProB-2,EV_107
304.092,48.0,41.55,4340.0,0,3.985,1,34.02,4.181,108.5,135.6,185.0,EV_107,0.0,1070,0.0,DR862144_17,65.0,79067.26,DR862144,176.27,0.0,65.0,D,SimuProB-2,EV_107
303.507,65.0,41.55,4608.0,0,3.984,1,34.02,4.181,115.2,165.2,185.0,EV_107,0.0,1080,0.0,DR862144_17,65.0,79067.58,DR862144,176.27,0.0,65.0,D,SimuProB-2,EV_107
304.588,32.0,41.55,4112.0,0,3.986,1,33.99,4.181,102.8,98.4,185.0,EV_107,0.0,1090,0.0,DR862144_17,65.0,79067.87,DR862144,176.27,0.0,65.0,D,SimuProB-2,EV_107
302.759,72.0,41.55,4740.0,0,3.983,1,33.99,4.181,118.5,172.4,185.0,EV_107,0.0,1100,0.0,DR862144_17,65.0,79068.2,DR862144,176.27,0.0,65.0,D,SimuProB-2,EV_107
302.696,78.0,41.55,4848.0,0,3.982,1,33.99,4.181,121.2,185.6,185.0,EV_107,0.0,1110,0.0,DR862144_17,65.0,79068.54,DR862144,176.27,0.0,65.0,D,SimuProB-2,EV_107
302.752,55.0,41.55,4672.0,0,3.984,1,33.99,4.181,116.8,145.2,185.0,EV_107,0.0,1120,0.0,DR862144_17,65.0,79068.86,DR862144,176.27,0.0,65.0,D,SimuProB-2,EV_107
304.292,45.0,41.55,4336.0,0,3.985,1,33.98,4.182,108.4,110.5,185.0,EV_107,0.0,1130,0.0,DR862144_17,65.0,79069.16,DR862144,176.27,0.0,65.0,D,SimuProB-2,EV_107
303.708,38.0,41.55,4184.0,0,3.986,1,33.95,4.183,104.6,95.2,185.0,EV_107,0.0,1140,0.0,DR862144_17,65.0,79069.45,DR862144,176.27,0.0,65.0,D,SimuProB-2,EV_107
304.782,28.0,41.55,3928.0,0,3.987,1,33.95,4.184,98.2,72.8,185.0,EV_107,0.0,1150,0.0,DR862144_17,65.0,79069.72,DR862144,176.27,0.0,65.0,D,SimuProB-2,EV_107
305.473,22.0,41.55,3780.0,0,3.988,1,33.94,4.185,94.5,65.4,185.0,EV_107,0.0,1160,0.0,DR862144_17,65.0,79069.98,DR862144,176.27,0.0,65.0,D,SimuProB-2,EV_107
305.276,18.0,41.55,3648.0,0,3.989,1,33.91,4.186,91.2,58.2,185.0,EV_107,0.0,1170,0.0,DR862144_17,65.0,79070.24,DR862144,176.27,0.0,65.0,D,SimuProB-2,EV_107
306.17,15.0,41.55,3552.0,0,3.99,1,33.9,4.186,88.8,55.1,185.0,EV_107,0.0,1180,0.0,DR862144_17,65.0,79070.48,DR862144,176.27,0.0,65.0,D,SimuProB-2,EV_107
306.113,14.0,41.55,3460.0,0,3.991,1,33.89,4.187,86.5,52.4,185.0,EV_107,0.0,1190,0.0,DR862144_17,65.0,79070.72,DR862144,176.27,0.0,65.0,D,SimuProB-2,EV_107
305.975,12.0,41.55,3368.0,0,3.992,1,33.87,4.188,84.2,48.9,185.0,EV_107,0.0,1200,0.0,DR862144_17,65.0,79070.95,DR862144,176.27,0.0,65.0,D,SimuProB-2,EV_107
306.233,10.0,41.55,3284.0,0,3.993,1,33.85,4.189,82.1,45.5,185.0,EV_107,0.0,1210,0.0,DR862144_17,65.0,79071.18,DR862144,176.27,0.0,65.0,D,SimuProB-2,EV_107
306.082,9.5,41.55,3220.0,0,3.994,1,33.83,4.19,80.5,42.1,185.0,EV_107,0.0,1220,0.0,DR862144_17,65.0,79071.4,DR862144,176.27,0.0,65.0,D,SimuProB-2,EV_107
306.689,8.2,41.55,3152.0,0,3.995,1,33.79,4.191,78.8,38.5,185.0,EV_107,0.0,1230,0.0,DR862144_17,65.0,79071.62,DR862144,176.27,0.0,65.0,D,SimuProB-2,EV_107
306.662,7.5,41.55,3088.0,0,3.996,1,33.77,4.192,77.2,35.2,185.0,EV_107,0.0,1240,0.0,DR862144_17,65.0,79071.84,DR862144,176.27,0.0,65.0,D,SimuProB-2,EV_107
306.564,10.5,41.55,3180.0,0,3.996,1,33.72,4.192,79.5,36.8,185.0,EV_107,0.0,1250,0.0,DR862144_17,65.0,79072.06,DR862144,176.27,0.0,65.0,D,SimuProB-2,EV_107
306.675,6.0,41.55,3000.0,0,3.997,1,33.69,4.193,75.0,32.1,185.0,EV_107,0.0,1260,0.0,DR862144_17,65.0,79072.27,DR862144,176.27,0.0,65.0,D,SimuProB-2,EV_107
307.356,5.0,41.55,2808.0,0,3.997,1,33.68,4.193,70.2,28.5,185.0,EV_107,0.0,1270,0.0,DR862144_17,65.0,79072.46,DR862144,176.27,0.0,65.0,D,SimuProB-2,EV_107
305.542,25.0,41.55,2200.0,0,3.995,1,33.64,4.194,55.0,45.2,185.0,EV_107,0.0,0,0.0,DR862144_18,65.0,79072.61,DR862144,176.27,0.0,65.0,D,SimuProB-2,EV_107
304.561,45.0,41.55,1680.0,0,3.992,1,33.61,4.195,42.0,85.6,185.0,EV_107,0.0,10,0.0,DR862144_18,65.0,79072.73,DR862144,176.27,0.0,65.0,D,SimuProB-2,EV_107
308.248,0.0,41.55,1120.0,0,3.998,1,33.61,4.196,28.0,-12.5,185.0,EV_107,0.012,20,15.0,DR862144_18,65.0,79072.81,DR862144,176.27,0.0,65.0,D,SimuProB-2,EV_107
318.63,55.0,41.55,1800.0,0,3.925,1,33.57,4.118,45.0,95.2,185.0,EV_107,0.0,30,0.0,DR862144_18,38.1,79072.93,DR862144,176.27,0.0,42.5,D,SimuProB-2,EV_107
309.444,75.0,41.55,1280.0,0,3.895,1,33.54,4.132,32.0,145.6,185.0,EV_107,0.0,40,0.0,DR862144_18,38.4,79073.02,DR862144,176.27,0.0,42.8,D,SimuProB-2,EV_107
315.693,0.0,41.55,480.0,0,3.91,1,33.54,4.145,12.0,-25.3,185.0,EV_107,0.015,50,65.0,DR862144_18,38.5,79073.06,DR862144,176.27,0.0,42.9,D,SimuProB-2,EV_107
302.246,70.0,41.55,1000.0,0,3.902,1,33.52,4.138,25.0,165.4,185.0,EV_107,0.0,60,0.0,DR862144_18,38.7,79073.13,DR862144,176.27,0.0,43.1,D,SimuProB-2,EV_107
312.471,0.0,41.55,320.0,0,3.915,1,33.51,4.15,8.0,-32.8,185.0,EV_107,0.018,70,55.0,DR862144_18,38.6,79073.15,DR862144,176.27,0.0,43.0,D,SimuProB-2,EV_107
317.241,25.0,41.55,600.0,0,3.93,1,33.5,4.125,15.0,12.5,185.0,EV_107,0.0,80,0.0,DR862144_18,38.8,79073.19,DR862144,176.27,0.0,43.2,D,SimuProB-2,EV_107
308.802,45.0,41.55,1120.0,0,3.925,1,33.48,4.135,28.0,85.2,185.0,EV_107,0.0,90,0.0,DR862144_18,38.9,79073.27,DR862144,176.27,0.0,43.3,D,SimuProB-2,EV_107
313.948,0.0,41.55,400.0,0,3.935,1,33.47,4.148,10.0,-38.5,185.0,EV_107,0.022,100,75.0,DR862144_18,39.0,79073.3,DR862144,176.27,0.0,43.4,D,SimuProB-2,EV_107
311.169,65.0,41.55,1400.0,0,3.918,1,33.47,4.142,35.0,135.6,185.0,EV_107,0.0,110,0.0,DR862144_18,39.1,79073.39,DR862144,176.27,0.0,43.6,D,SimuProB-2,EV_107
324.903,35.0,41.55,1680.0,0,3.92,1,33.46,4.13,42.0,65.0,185.0,EV_107,0.0,120,0.0,DR862144_18,39.2,79073.51,DR862144,176.27,0.0,43.7,D,SimuProB-2,EV_107
305.045,0.0,41.55,600.0,0,3.9,1,33.46,4.145,15.0,-42.0,185.0,EV_107,0.025,130,85.0,DR862144_18,39.3,79073.55,DR862144,176.27,0.0,43.8,D,SimuProB-2,EV_107
310.691,0.0,41.55,0.0,0,3.91,1,33.45,4.12,0.0,8.5,185.0,EV_107,0.0,140,100.0,DR862144_18,39.4,79073.55,DR862144,176.27,0.0,43.9,D,SimuProB-2,EV_107
316.807,8.0,41.55,120.0,0,3.915,1,33.44,4.125,5.2,12.4,185.0,EV_107,0.0,150,5.0,DR862144_18,39.5,79073.56,DR862144,176.27,0.0,44.0,D,SimuProB-2,EV_107
312.821,25.0,41.55,620.0,0,3.905,1,33.44,4.138,18.5,45.2,185.0,EV_107,0.0,160,0.0,DR862144_18,39.6,79073.62,DR862144,176.27,0.0,44.1,D,SimuProB-2,EV_107
318.175,0.0,41.55,250.0,0,3.91,1,33.44,4.14,8.0,-28.5,185.0,EV_107,0.018,170,45.0,DR862144_18,39.7,79073.64,DR862144,176.27,0.0,44.2,D,SimuProB-2,EV_107
314.68,35.0,41.55,1800.0,0,3.905,1,33.42,4.14,28.0,55.0,185.0,EV_107,0.0,180,0.0,DR862144_18,39.8,79073.72,DR862144,176.27,0.0,44.3,D,SimuProB-2,EV_107
308.345,0.0,41.55,450.0,0,3.915,1,33.42,4.145,12.0,-35.0,185.0,EV_107,0.022,190,60.0,DR862144_18,39.9,79073.75,DR862144,176.27,0.0,44.4,D,SimuProB-2,EV_107
311.334,15.0,41.55,850.0,0,3.91,1,33.42,4.135,18.0,22.0,185.0,EV_107,0.0,200,0.0,DR862144_18,40.0,79073.8,DR862144,176.27,0.0,44.5,D,SimuProB-2,EV_107
316.565,45.0,41.55,2100.0,0,3.908,1,33.39,4.142,32.0,65.0,185.0,EV_107,0.0,210,0.0,DR862144_18,40.1,79073.89,DR862144,176.27,0.0,44.6,D,SimuProB-2,EV_107
309.332,0.0,41.55,350.0,0,3.92,1,33.39,4.148,10.0,-38.0,185.0,EV_107,0.025,220,75.0,DR862144_18,40.2,79073.92,DR862144,176.27,0.0,44.7,D,SimuProB-2,EV_107
314.187,20.0,41.55,1000.0,0,3.912,1,33.39,4.139,15.0,30.0,185.0,EV_107,0.0,230,0.0,DR862144_18,40.3,79073.96,DR862144,176.27,0.0,44.8,D,SimuProB-2,EV_107
317.766,35.0,41.55,1800.0,0,3.909,1,33.38,4.141,28.0,55.0,185.0,EV_107,0.0,240,0.0,DR862144_18,40.4,79074.04,DR862144,176.27,0.0,44.9,D,SimuProB-2,EV_107
306.418,0.0,41.55,250.0,0,3.922,1,33.38,4.149,8.0,-42.0,185.0,EV_107,0.028,250,85.0,DR862144_18,40.5,79074.06,DR862144,176.27,0.0,45.0,D,SimuProB-2,EV_107
316.233,0.0,41.55,150.0,0,3.911,1,33.35,4.138,5.0,12.0,185.0,EV_107,0.0,260,5.0,DR862144_18,40.6,79074.07,DR862144,176.27,0.0,45.1,D,SimuProB-2,EV_107
398.382,25.0,41.55,1400.0,0,3.915,1,33.32,4.142,22.0,45.0,185.0,EV_107,0.0,270,0.0,DR862144_18,40.7,79074.13,DR862144,176.27,0.0,45.2,D,SimuProB-2,EV_107
392.597,45.0,41.55,2400.0,0,3.905,1,33.31,4.145,38.0,85.0,185.0,EV_107,0.0,280,0.0,DR862144_18,40.8,79074.24,DR862144,176.27,0.0,45.3,D,SimuProB-2,EV_107
404.73,0.0,41.55,500.0,0,3.925,1,33.31,4.148,12.0,-25.0,185.0,EV_107,0.015,290,35.0,DR862144_18,40.9,79074.27,DR862144,176.27,0.0,45.4,D,SimuProB-2,EV_107
396.486,40.0,41.55,2200.0,0,3.91,1,33.27,4.14,35.0,75.0,185.0,EV_107,0.0,300,0.0,DR862144_18,40.95,79074.37,DR862144,176.27,0.0,45.45,D,SimuProB-2,EV_107
382.274,55.0,41.55,2800.0,0,3.89,1,33.27,4.15,42.0,110.0,185.0,EV_107,0.0,310,0.0,DR862144_18,41.1,79074.48,DR862144,176.27,0.0,45.6,D,SimuProB-2,EV_107
408.043,0.0,41.55,800.0,0,3.93,1,33.27,4.16,18.0,-35.0,185.0,EV_107,0.025,320,65.0,DR862144_18,41.15,79074.53,DR862144,176.27,0.0,45.65,D,SimuProB-2,EV_107
378.201,65.0,41.55,3800.0,0,3.88,1,33.26,4.15,52.0,120.0,185.0,EV_107,0.0,330,0.0,DR862144_18,41.2,79074.67,DR862144,176.27,0.0,45.7,D,SimuProB-2,EV_107
395.479,0.0,41.55,1200.0,0,3.92,1,33.24,4.15,25.0,-30.0,185.0,EV_107,0.018,340,45.0,DR862144_18,41.25,79074.74,DR862144,176.27,0.0,45.75,D,SimuProB-2,EV_107
380.468,50.0,41.55,2500.0,0,3.89,1,33.24,4.14,38.0,95.0,185.0,EV_107,0.0,350,0.0,DR862144_18,41.3,79074.85,DR862144,176.27,0.0,45.8,D,SimuProB-2,EV_107
371.905,70.0,41.55,3200.0,0,3.85,1,33.22,4.14,48.0,135.0,185.0,EV_107,0.0,360,0.0,DR862144_18,41.45,79074.98,DR862144,176.27,0.0,45.95,D,SimuProB-2,EV_107
388.749,0.0,41.55,900.0,0,3.88,1,33.21,4.13,22.0,-25.0,185.0,EV_107,0.022,370,55.0,DR862144_18,41.5,79075.04,DR862144,176.27,0.0,46.0,D,SimuProB-2,EV_107
375.943,60.0,41.55,3000.0,0,3.86,1,33.2,4.14,45.0,115.0,185.0,EV_107,0.0,380,0.0,DR862144_18,41.65,79075.17,DR862144,176.27,0.0,46.15,D,SimuProB-2,EV_107
364.701,75.0,41.55,3500.0,0,3.82,1,33.17,4.12,52.0,145.0,185.0,EV_107,0.0,390,0.0,DR862144_18,41.8,79075.31,DR862144,176.27,0.0,46.3,D,SimuProB-2,EV_107
392.551,0.0,41.55,1600.0,0,3.9,1,33.17,4.14,30.0,-20.0,185.0,EV_107,0.015,400,60.0,DR862144_18,41.9,79075.4,DR862144,176.27,0.0,46.4,D,SimuProB-2,EV_107
372.614,45.0,41.55,2200.0,0,3.87,1,33.16,4.13,35.0,85.0,185.0,EV_107,0.0,410,0.0,DR862144_18,42.0,79075.49,DR862144,176.27,0.0,46.5,D,SimuProB-2,EV_107
378.619,35.0,41.55,2400.0,0,3.89,1,33.14,4.12,38.0,45.0,185.0,EV_107,0.0,420,0.0,DR862144_18,42.05,79075.6,DR862144,176.27,0.0,46.55,D,SimuProB-2,EV_107
370.439,50.0,41.55,2700.0,0,3.86,1,33.13,4.13,42.0,95.0,185.0,EV_107,0.0,430,0.0,DR862144_18,42.15,79075.71,DR862144,176.27,0.0,46.65,D,SimuProB-2,EV_107
385.429,0.0,41.55,1500.0,0,3.91,1,33.13,4.14,25.0,-18.0,185.0,EV_107,0.018,440,45.0,DR862144_18,42.2,79075.78,DR862144,176.27,0.0,46.7,D,SimuProB-2,EV_107
367.944,60.0,41.55,3100.0,0,3.85,1,33.1,4.14,48.0,110.0,185.0,EV_107,0.0,450,0.0,DR862144_18,42.3,79075.91,DR862144,176.27,0.0,46.8,D,SimuProB-2,EV_107
375.006,0.0,41.55,1800.0,0,3.92,1,33.1,4.15,32.0,-25.0,185.0,EV_107,0.022,460,45.0,DR862144_18,42.35,79076.0,DR862144,176.27,0.0,46.85,D,SimuProB-2,EV_107
371.354,40.0,41.55,2300.0,0,3.88,1,33.08,4.13,36.0,75.0,185.0,EV_107,0.0,470,0.0,DR862144_18,42.4,79076.1,DR862144,176.27,0.0,46.9,D,SimuProB-2,EV_107
368.139,65.0,41.55,3600.0,0,3.82,1,33.06,4.14,52.0,125.0,185.0,EV_107,0.0,480,0.0,DR862144_18,42.5,79076.24,DR862144,176.27,0.0,47.0,D,SimuProB-2,EV_107
361.827,70.0,41.55,4100.0,0,3.79,1,33.02,4.15,58.0,140.0,185.0,EV_107,0.0,490,0.0,DR862144_18,42.6,79076.41,DR862144,176.27,0.0,47.15,D,SimuProB-2,EV_107
372.698,0.0,41.55,2600.0,0,3.9,1,33.02,4.15,42.0,-35.0,185.0,EV_107,0.028,500,55.0,DR862144_18,42.6,79076.52,DR862144,176.27,0.0,47.15,D,SimuProB-2,EV_107
385.604,15.0,41.55,700.0,0,3.85,1,32.97,4.12,12.0,15.0,185.0,EV_107,0.005,510,20.0,DR862144_18,42.7,79076.55,DR862144,176.27,0.0,47.25,D,SimuProB-2,EV_107
377.74,35.0,41.55,1600.0,0,3.82,1,32.96,4.11,28.0,65.0,185.0,EV_107,0.0,520,0.0,DR862144_18,42.75,79076.63,DR862144,176.27,0.0,47.3,D,SimuProB-2,EV_107
369.564,50.0,41.55,2800.0,0,3.78,1,32.93,4.13,45.0,95.0,185.0,EV_107,0.0,530,0.0,DR862144_18,42.85,79076.76,DR862144,176.27,0.0,47.4,D,SimuProB-2,EV_107
375.17,25.0,41.55,1800.0,0,3.88,1,32.91,4.14,32.0,55.0,185.0,EV_107,0.0,540,0.0,DR862144_18,42.9,79076.85,DR862144,176.27,0.0,47.5,D,SimuProB-2,EV_107
368.392,60.0,41.55,3500.0,0,3.76,1,32.87,4.15,52.0,110.0,185.0,EV_107,0.0,550,0.0,DR862144_18,43.0,79076.99,DR862144,176.27,0.0,47.65,D,SimuProB-2,EV_107
382.58,0.0,41.55,1400.0,0,3.92,1,32.87,4.15,25.0,-25.0,185.0,EV_107,0.015,560,45.0,DR862144_18,43.1,79077.06,DR862144,176.27,0.0,47.7,D,SimuProB-2,EV_107
363.734,65.0,41.55,3900.0,0,3.75,1,32.85,4.15,58.0,125.0,185.0,EV_107,0.0,570,0.0,DR862144_18,43.15,79077.22,DR862144,176.27,0.0,47.75,D,SimuProB-2,EV_107
370.795,20.0,41.55,1700.0,0,3.9,1,32.83,4.14,30.0,45.0,185.0,EV_107,0.0,580,10.0,DR862144_18,43.2,79077.3,DR862144,176.27,0.0,47.8,D,SimuProB-2,EV_107
359.045,55.0,41.55,2900.0,0,3.72,1,32.81,4.15,48.0,140.0,185.0,EV_107,0.0,590,0.0,DR862144_18,43.3,79077.44,DR862144,176.27,0.0,47.9,D,SimuProB-2,EV_107
361.975,50.0,41.55,2800.0,0,3.7,1,32.78,4.15,45.0,135.0,185.0,EV_107,0.0,600,0.0,DR862144_18,43.35,79077.57,DR862144,176.27,0.0,48.0,D,SimuProB-2,EV_107
385.665,0.0,41.55,800.0,0,4.05,1,32.78,4.15,15.0,-35.0,185.0,EV_107,0.022,610,65.0,DR862144_18,43.4,79077.61,DR862144,176.27,0.0,48.05,D,SimuProB-2,EV_107
369.864,30.0,41.55,1600.0,0,3.85,1,32.76,4.15,32.0,85.0,185.0,EV_107,0.0,620,0.0,DR862144_18,43.45,79077.7,DR862144,176.27,0.0,48.1,D,SimuProB-2,EV_107
355.551,65.0,41.55,3100.0,0,3.65,1,32.72,4.15,52.0,160.0,185.0,EV_107,0.0,630,0.0,DR862144_18,43.5,79077.84,DR862144,176.27,0.0,48.2,D,SimuProB-2,EV_107
382.628,0.0,41.55,1100.0,0,4.08,1,32.72,4.15,20.0,-25.0,185.0,EV_107,0.018,640,70.0,DR862144_18,43.55,79077.9,DR862144,176.27,0.0,48.25,D,SimuProB-2,EV_107
368.331,35.0,41.55,1900.0,0,3.88,1,32.71,4.15,35.0,95.0,185.0,EV_107,0.0,650,0.0,DR862144_18,43.6,79078.0,DR862144,176.27,0.0,48.35,D,SimuProB-2,EV_107
378.107,25.0,41.55,1500.0,0,3.95,1,32.7,4.14,28.0,45.0,185.0,EV_107,0.0,660,0.0,DR862144_18,43.65,79078.08,DR862144,176.27,0.0,48.4,D,SimuProB-2,EV_107
365.231,0.0,41.55,600.0,0,4.02,1,32.69,4.13,12.0,-30.0,185.0,EV_107,0.025,670,55.0,DR862144_18,43.7,79078.11,DR862144,176.27,0.0,48.45,D,SimuProB-2,EV_107
371.945,10.0,41.55,400.0,0,4.0,1,32.69,4.12,8.0,15.0,185.0,EV_107,0.0,680,5.0,DR862144_18,43.75,79078.13,DR862144,176.27,0.0,48.5,D,SimuProB-2,EV_107
376.464,20.0,41.55,750.0,0,4.01,1,32.68,4.12,15.0,35.0,185.0,EV_107,0.0,690,0.0,DR862144_18,43.8,79078.17,DR862144,176.27,0.0,48.55,D,SimuProB-2,EV_107
380.627,30.0,41.55,1300.0,0,3.98,1,32.67,4.13,25.0,55.0,185.0,EV_107,0.0,700,0.0,DR862144_18,43.85,79078.24,DR862144,176.27,0.0,48.6,D,SimuProB-2,EV_107
369.947,0.0,41.55,500.0,0,4.05,1,32.66,4.14,10.0,-20.0,185.0,EV_107,0.015,710,45.0,DR862144_18,43.9,79078.27,DR862144,176.27,0.0,48.65,D,SimuProB-2,EV_107
372.445,25.0,41.55,1000.0,0,4.0,1,32.66,4.12,20.0,45.0,185.0,EV_107,0.0,720,0.0,DR862144_18,43.95,79078.33,DR862144,176.27,0.0,48.7,D,SimuProB-2,EV_107
385.713,55.0,41.55,2200.0,0,3.98,1,32.65,4.13,35.0,85.0,185.0,EV_107,0.0,730,0.0,DR862144_18,44.0,79078.42,DR862144,176.27,0.0,48.75,D,SimuProB-2,EV_107
368.759,0.0,41.55,750.0,0,4.06,1,32.65,4.14,15.0,-35.0,185.0,EV_107,0.028,740,60.0,DR862144_18,44.05,79078.46,DR862144,176.27,0.0,48.8,D,SimuProB-2,EV_107
378.029,45.0,41.55,2800.0,0,3.99,1,32.62,4.12,42.0,65.0,185.0,EV_107,0.0,750,0.0,DR862144_18,44.1,79078.58,DR862144,176.27,0.0,48.9,D,SimuProB-2,EV_107
365.857,0.0,41.55,600.0,0,4.07,1,32.62,4.14,12.0,-40.0,185.0,EV_107,0.032,760,75.0,DR862144_18,44.15,79078.61,DR862144,176.27,0.0,48.95,D,SimuProB-2,EV_107
375.185,15.0,41.55,400.0,0,4.02,1,32.62,4.13,8.0,15.0,185.0,EV_107,0.0,770,5.0,DR862144_18,44.2,79078.63,DR862144,176.27,0.0,49.0,D,SimuProB-2,EV_107
372.81,35.0,41.55,1800.0,0,3.99,1,32.6,4.13,28.0,45.0,185.0,EV_107,0.0,780,0.0,DR862144_18,44.25,79078.71,DR862144,176.27,0.0,49.05,D,SimuProB-2,EV_107
364.541,0.0,41.55,500.0,0,4.08,1,32.6,4.15,10.0,-38.0,185.0,EV_107,0.031,790,70.0,DR862144_18,44.3,79078.74,DR862144,176.27,0.0,49.1,D,SimuProB-2,EV_107
379.367,25.0,41.55,1100.0,0,4.01,1,32.6,4.13,18.0,12.0,185.0,EV_107,0.0,800,0.0,DR862144_18,44.35,79078.79,DR862144,176.27,0.0,49.15,D,SimuProB-2,EV_107
368.6,30.0,41.55,1500.0,0,4.05,1,32.59,4.14,25.0,32.0,185.0,EV_107,0.0,810,0.0,DR862144_18,44.4,79078.86,DR862144,176.27,0.0,49.2,D,SimuProB-2,EV_107
357.912,55.0,41.55,2800.0,0,4.08,1,32.56,4.15,45.0,85.0,185.0,EV_107,0.0,820,0.0,DR862144_18,44.55,79078.98,DR862144,176.27,0.0,49.35,D,SimuProB-2,EV_107
362.34,0.0,41.55,1700.0,0,4.1,1,32.55,4.15,28.0,-35.0,185.0,EV_107,0.028,830,60.0,DR862144_18,44.6,79079.06,DR862144,176.27,0.0,49.4,D,SimuProB-2,EV_107
358.791,50.0,41.55,2600.0,0,4.07,1,32.52,4.15,42.0,75.0,185.0,EV_107,0.0,840,0.0,DR862144_18,44.7,79079.18,DR862144,176.27,0.0,49.5,D,SimuProB-2,EV_107
371.715,20.0,41.55,1900.0,0,4.08,1,32.5,4.14,30.0,45.0,185.0,EV_107,0.0,850,0.0,DR862144_18,44.8,79079.26,DR862144,176.27,0.0,49.6,D,SimuProB-2,EV_107
344.882,0.0,41.55,750.0,0,4.11,1,32.5,4.13,12.0,-25.0,185.0,EV_107,0.025,860,85.0,DR862144_18,44.85,79079.29,DR862144,176.27,0.0,49.65,D,SimuProB-2,EV_107
378.133,45.0,41.55,2200.0,0,4.08,1,32.5,4.15,35.0,15.0,185.0,EV_107,0.0,870,0.0,DR862144_18,44.9,79079.39,DR862144,176.27,0.0,49.7,D,SimuProB-2,EV_107
342.362,0.0,41.55,1100.0,0,4.11,1,32.48,4.15,18.0,-30.0,185.0,EV_107,0.03,880,75.0,DR862144_18,44.95,79079.44,DR862144,176.27,0.0,49.75,D,SimuProB-2,EV_107
368.752,50.0,41.55,2400.0,0,4.07,1,32.48,4.15,38.0,65.0,185.0,EV_107,0.0,890,0.0,DR862144_18,45.0,79079.54,DR862144,176.27,0.0,49.8,D,SimuProB-2,EV_107
376.414,25.0,41.55,2300.0,0,4.07,1,32.46,4.14,36.0,42.0,185.0,EV_107,0.0,900,0.0,DR862144_18,45.1,79079.64,DR862144,176.27,0.0,49.9,D,SimuProB-2,EV_107
341.672,0.0,41.55,900.0,0,4.1,1,32.45,4.14,14.0,-35.0,185.0,EV_107,0.028,910,60.0,DR862144_18,45.15,79079.68,DR862144,176.27,0.0,50.0,D,SimuProB-2,EV_107
372.683,35.0,41.55,2650.0,0,4.08,1,32.44,4.15,42.0,55.0,185.0,EV_107,0.0,920,0.0,DR862144_18,45.2,79079.8,DR862144,176.27,0.0,50.1,D,SimuProB-2,EV_107
381.769,45.0,41.55,2800.0,0,4.06,1,32.42,4.14,45.0,35.0,185.0,EV_107,0.0,930,0.0,DR862144_18,45.3,79079.93,DR862144,176.27,0.0,50.2,D,SimuProB-2,EV_107
365.031,0.0,41.55,750.0,0,4.12,1,32.42,4.15,12.0,-38.0,185.0,EV_107,0.03,940,65.0,DR862144_18,45.4,79079.96,DR862144,176.27,0.0,50.3,D,SimuProB-2,EV_107
378.593,30.0,41.55,2000.0,0,4.07,1,32.41,4.15,32.0,48.0,185.0,EV_107,0.0,950,0.0,DR862144_18,45.5,79080.05,DR862144,176.27,0.0,50.4,D,SimuProB-2,EV_107
368.246,15.0,41.55,1150.0,0,4.08,1,32.4,4.13,18.0,12.5,185.0,EV_107,0.0,960,0.0,DR862144_18,45.6,79080.1,DR862144,176.27,0.0,50.5,D,SimuProB-2,EV_107
355.603,45.0,41.55,2400.0,0,4.05,1,32.38,4.15,38.0,75.0,185.0,EV_107,0.0,970,0.0,DR862144_18,45.7,79080.21,DR862144,176.27,0.0,50.6,D,SimuProB-2,EV_107
361.675,0.0,41.55,650.0,0,4.11,1,32.38,4.14,10.0,-28.0,185.0,EV_107,0.025,980,55.0,DR862144_18,45.8,79080.23,DR862144,176.27,0.0,50.7,D,SimuProB-2,EV_107
371.891,35.0,41.55,1800.0,0,4.1,1,32.37,4.15,28.0,42.0,185.0,EV_107,0.0,990,0.0,DR862144_18,45.9,79080.31,DR862144,176.27,0.0,50.8,D,SimuProB-2,EV_107
364.932,60.0,41.55,2900.0,0,4.06,1,32.35,4.15,45.0,85.0,185.0,EV_107,0.0,1000,0.0,DR862144_18,46.0,79080.43,DR862144,176.27,0.0,50.9,D,SimuProB-2,EV_107
370.93,0.0,41.55,950.0,0,4.11,1,32.33,4.14,15.0,-22.0,185.0,EV_107,0.028,1010,45.0,DR862144_18,46.1,79080.47,DR862144,176.27,0.0,51.0,D,SimuProB-2,EV_107
358.394,65.0,41.55,3600.0,0,4.05,1,32.31,4.15,52.0,95.0,185.0,EV_107,0.0,1020,0.0,DR862144_18,46.2,79080.61,DR862144,176.27,0.0,51.1,D,SimuProB-2,EV_107
347.934,15.0,41.55,1200.0,0,4.02,1,32.28,4.15,20.0,160.0,185.0,EV_107,0.0,1030,25.0,DR862144_18,46.3,79080.67,DR862144,176.27,0.0,51.2,D,SimuProB-2,EV_107
338.552,5.0,41.55,300.0,0,3.98,1,32.26,4.15,5.0,180.0,185.0,EV_107,0.0,1040,10.0,DR862144_18,46.4,79080.68,DR862144,176.27,0.0,51.3,D,SimuProB-2,EV_107
334.912,45.0,41.55,2400.0,0,3.95,1,32.23,4.15,35.0,145.0,185.0,EV_107,0.0,1050,0.0,DR862144_18,46.5,79080.78,DR862144,176.27,0.0,51.4,D,SimuProB-2,EV_107
342.079,0.0,41.55,600.0,0,4.1,1,32.22,4.14,10.0,-35.0,185.0,EV_107,0.025,1060,65.0,DR862144_18,46.6,79080.8,DR862144,176.27,0.0,51.5,D,SimuProB-2,EV_107
339.829,35.0,41.55,1700.0,0,4.04,1,32.2,4.15,25.0,120.0,185.0,EV_107,0.0,1070,0.0,DR862144_18,46.7,79080.87,DR862144,176.27,0.0,51.6,D,SimuProB-2,EV_107
338.256,40.0,41.55,2000.0,0,4.03,1,32.18,4.15,30.0,115.0,185.0,EV_107,0.0,1080,0.0,DR862144_18,46.8,79080.95,DR862144,176.27,0.0,51.7,D,SimuProB-2,EV_107
336.259,10.0,41.55,1000.0,0,3.99,1,32.17,4.15,15.0,130.0,185.0,EV_107,0.0,1090,45.0,DR862144_18,46.9,79080.99,DR862144,176.27,0.0,51.8,D,SimuProB-2,EV_107
345.275,0.0,41.55,350.0,0,4.08,1,32.15,4.14,5.0,-25.0,185.0,EV_107,0.02,1100,55.0,DR862144_18,47.0,79081.01,DR862144,176.27,0.0,51.9,D,SimuProB-2,EV_107
334.529,25.0,41.55,1500.0,0,4.02,1,32.14,4.13,22.0,95.0,185.0,EV_107,0.0,1110,0.0,DR862144_18,47.1,79081.07,DR862144,176.27,0.0,52.0,D,SimuProB-2,EV_107
348.568,0.0,41.55,550.0,0,4.11,1,32.11,4.14,8.0,-32.0,185.0,EV_107,0.028,1120,60.0,DR862144_18,47.2,79081.09,DR862144,176.27,0.0,52.1,D,SimuProB-2,EV_107
332.494,50.0,41.55,2300.0,0,4.0,1,32.11,4.15,35.0,140.0,185.0,EV_107,0.0,1130,0.0,DR862144_18,47.3,79081.19,DR862144,176.27,0.0,52.2,D,SimuProB-2,EV_107
346.934,0.0,41.55,650.0,0,4.1,1,32.08,4.14,10.0,-28.0,185.0,EV_107,0.025,1140,65.0,DR862144_18,47.4,79081.22,DR862144,176.27,0.0,52.3,D,SimuProB-2,EV_107
337.705,35.0,41.55,1600.0,0,4.03,1,32.06,4.15,25.0,115.0,185.0,EV_107,0.0,1150,0.0,DR862144_18,47.5,79081.29,DR862144,176.27,0.0,52.4,D,SimuProB-2,EV_107
342.59,20.0,41.55,2100.0,0,4.06,1,32.06,4.14,32.0,45.0,185.0,EV_107,0.0,1160,0.0,DR862144_18,47.6,79081.38,DR862144,176.27,0.0,52.5,D,SimuProB-2,EV_107
368.982,35.0,41.55,2800.0,0,4.07,1,32.03,4.14,42.0,65.0,185.0,EV_107,0.0,1170,0.0,DR862144_18,47.7,79081.5,DR862144,176.27,0.0,52.6,D,SimuProB-2,EV_107
352.1,65.0,41.55,3800.0,0,4.02,1,32.01,4.15,55.0,135.0,185.0,EV_107,0.0,1180,0.0,DR862144_18,47.8,79081.65,DR862144,176.27,0.0,52.7,D,SimuProB-2,EV_107
365.652,0.0,41.55,2500.0,0,4.11,1,31.98,4.14,38.0,-38.0,185.0,EV_107,0.03,1190,45.0,DR862144_18,47.9,79081.76,DR862144,176.27,0.0,52.8,D,SimuProB-2,EV_107
340.165,25.0,41.55,1850.0,0,4.04,1,31.95,4.14,28.0,95.0,185.0,EV_107,0.0,1200,0.0,DR862144_18,48.0,79081.84,DR862144,176.27,0.0,52.9,D,SimuProB-2,EV_107
332.64,15.0,41.55,800.0,0,4.02,1,31.94,4.15,12.0,125.0,185.0,EV_107,0.0,1210,10.0,DR862144_18,48.1,79081.87,DR862144,176.27,0.0,53.0,D,SimuProB-2,EV_107
348.746,0.0,41.55,0.0,0,4.09,1,31.92,4.13,0.0,-25.0,185.0,EV_107,0.02,1220,85.0,DR862144_18,48.2,79081.87,DR862144,176.27,0.0,53.1,D,SimuProB-2,EV_107
358.172,25.0,41.55,1100.0,0,4.08,1,31.92,4.13,15.0,45.0,185.0,EV_107,0.0,1230,0.0,DR862144_18,48.3,79081.91,DR862144,176.27,0.0,53.2,D,SimuProB-2,EV_107
362.204,40.0,41.55,1900.0,0,4.07,1,31.9,4.14,28.0,60.0,185.0,EV_107,0.0,1240,0.0,DR862144_18,48.4,79081.99,DR862144,176.27,0.0,53.3,D,SimuProB-2,EV_107
354.779,55.0,41.55,2800.0,0,4.03,1,31.88,4.15,42.0,110.0,185.0,EV_107,0.0,1250,0.0,DR862144_18,48.5,79082.11,DR862144,176.27,0.0,53.5,D,SimuProB-2,EV_107
365.298,35.0,41.55,2400.0,0,4.09,1,31.85,4.14,38.0,75.0,185.0,EV_107,0.0,1260,0.0,DR862144_18,48.5,79082.22,DR862144,176.27,0.0,53.6,D,SimuProB-2,EV_107
352.424,65.0,41.55,3400.0,0,4.04,1,31.82,4.15,52.0,130.0,185.0,EV_107,0.0,1270,0.0,DR862144_18,48.6,79082.36,DR862144,176.27,0.0,53.8,D,SimuProB-2,EV_107
368.082,0.0,41.55,1600.0,0,4.11,1,31.8,4.15,25.0,-28.0,185.0,EV_107,0.02,0,60.0,DR862144_19,48.7,79082.43,DR862144,176.27,0.0,53.8,D,SimuProB-2,EV_107
382.509,25.0,41.55,1900.0,0,4.08,1,31.77,4.13,30.0,15.0,185.0,EV_107,0.0,10,0.0,DR862144_19,48.72,79082.51,DR862144,176.27,0.0,53.85,D,SimuProB-2,EV_107
360.177,50.0,41.55,2900.0,0,4.05,1,31.77,4.15,45.0,95.0,185.0,EV_107,0.0,20,0.0,DR862144_19,48.85,79082.64,DR862144,176.27,0.0,53.95,D,SimuProB-2,EV_107
351.76,0.0,41.55,950.0,0,4.1,1,31.75,4.14,15.0,-35.0,185.0,EV_107,0.03,30,75.0,DR862144_19,48.9,79082.68,DR862144,176.27,0.0,54.0,D,SimuProB-2,EV_107
374.768,35.0,41.55,2200.0,0,4.06,1,31.71,4.14,35.0,45.0,185.0,EV_107,0.0,40,0.0,DR862144_19,49.0,79082.78,DR862144,176.27,0.0,54.1,D,SimuProB-2,EV_107
365.741,60.0,41.55,3200.0,0,4.03,1,31.69,4.15,50.0,110.0,185.0,EV_107,0.0,50,0.0,DR862144_19,49.05,79082.92,DR862144,176.27,0.0,54.15,D,SimuProB-2,EV_107
358.518,70.0,41.55,3600.0,0,4.02,1,31.68,4.15,55.0,145.0,185.0,EV_107,0.0,60,0.0,DR862144_19,49.1,79083.07,DR862144,176.27,0.0,54.2,D,SimuProB-2,EV_107
362.773,45.0,41.55,2700.0,0,4.04,1,31.64,4.15,42.0,85.0,185.0,EV_107,0.0,70,0.0,DR862144_19,49.15,79083.19,DR862144,176.27,0.0,54.25,D,SimuProB-2,EV_107
355.058,65.0,41.55,4100.0,0,4.01,1,31.61,4.15,58.0,130.0,185.0,EV_107,0.0,80,0.0,DR862144_19,49.25,79083.35,DR862144,176.27,0.0,54.35,D,SimuProB-2,EV_107
368.624,0.0,41.55,150.0,0,4.08,1,31.6,4.14,5.0,12.0,185.0,EV_107,0.02,90,15.0,DR862144_19,49.28,79083.36,DR862144,176.27,0.0,54.38,D,SimuProB-2,EV_107
352.107,55.0,41.55,2400.0,0,4.02,1,31.58,4.15,38.0,95.0,185.0,EV_107,0.0,100,0.0,DR862144_19,49.32,79083.47,DR862144,176.27,0.0,54.42,D,SimuProB-2,EV_107
347.865,65.0,41.55,3300.0,0,4.0,1,31.56,4.15,52.0,125.0,185.0,EV_107,0.0,110,0.0,DR862144_19,49.38,79083.61,DR862144,176.27,0.0,54.48,D,SimuProB-2,EV_107
356.574,0.0,41.55,2000.0,0,4.08,1,31.55,4.14,32.0,-25.0,185.0,EV_107,0.015,120,25.0,DR862144_19,49.4,79083.7,DR862144,176.27,0.0,54.5,D,SimuProB-2,EV_107
362.602,35.0,41.55,1800.0,0,4.08,1,31.52,4.14,28.0,15.0,185.0,EV_107,0.0,130,0.0,DR862144_19,49.42,79083.78,DR862144,176.27,0.0,54.52,D,SimuProB-2,EV_107
351.434,60.0,41.55,3100.0,0,4.01,1,31.52,4.15,48.0,145.0,185.0,EV_107,0.0,140,0.0,DR862144_19,49.55,79083.91,DR862144,176.27,0.0,54.65,D,SimuProB-2,EV_107
358.103,0.0,41.55,1100.0,0,4.1,1,31.5,4.15,18.0,-35.0,185.0,EV_107,0.025,150,45.0,DR862144_19,49.58,79083.96,DR862144,176.27,0.0,54.68,D,SimuProB-2,EV_107
372.039,45.0,41.55,2700.0,0,4.05,1,31.49,4.14,42.0,85.0,185.0,EV_107,0.0,160,0.0,DR862144_19,49.6,79084.08,DR862144,176.27,0.0,54.7,D,SimuProB-2,EV_107
384.865,0.0,41.55,800.0,0,4.12,1,31.47,4.15,12.0,-28.0,185.0,EV_107,0.018,170,35.0,DR862144_19,49.62,79084.11,DR862144,176.27,0.0,54.72,D,SimuProB-2,EV_107
368.15,55.0,41.55,2400.0,0,4.02,1,31.47,4.14,38.0,110.0,185.0,EV_107,0.0,180,0.0,DR862144_19,49.7,79084.22,DR862144,176.27,0.0,54.85,D,SimuProB-2,EV_107
355.374,55.0,41.55,2900.0,0,4.01,1,31.44,4.14,45.0,135.0,185.0,EV_107,0.0,190,0.0,DR862144_19,49.78,79084.35,DR862144,176.27,0.0,54.92,D,SimuProB-2,EV_107
343.111,75.0,41.55,3300.0,0,3.98,1,31.43,4.15,52.0,185.0,185.0,EV_107,0.0,200,0.0,DR862144_19,49.85,79084.49,DR862144,176.27,0.0,55.05,D,SimuProB-2,EV_107
365.058,0.0,41.55,1600.0,0,4.11,1,31.4,4.15,25.0,-40.0,185.0,EV_107,0.028,210,65.0,DR862144_19,49.88,79084.56,DR862144,176.27,0.0,55.08,D,SimuProB-2,EV_107
372.157,35.0,41.55,1900.0,0,4.05,1,31.37,4.14,30.0,45.0,185.0,EV_107,0.0,220,0.0,DR862144_19,49.95,79084.64,DR862144,176.27,0.0,55.15,D,SimuProB-2,EV_107
380.192,15.0,41.55,1100.0,0,4.08,1,31.36,4.13,18.0,15.0,185.0,EV_107,0.0,230,10.0,DR862144_19,50.0,79084.69,DR862144,176.27,0.0,55.2,D,SimuProB-2,EV_107
378.482,0.0,41.55,600.0,0,4.1,1,31.35,4.15,10.0,-22.0,185.0,EV_107,0.015,240,45.0,DR862144_19,50.05,79084.72,DR862144,176.27,0.0,55.25,D,SimuProB-2,EV_107
374.801,20.0,41.55,750.0,0,4.04,1,31.33,4.12,12.0,35.0,185.0,EV_107,0.0,250,0.0,DR862144_19,50.12,79084.75,DR862144,176.27,0.0,55.32,D,SimuProB-2,EV_107
362.913,55.0,41.55,1750.0,0,3.95,1,31.3,4.15,28.0,110.0,185.0,EV_107,0.0,260,0.0,DR862144_19,50.25,79084.83,DR862144,176.27,0.0,55.45,D,SimuProB-2,EV_107
374.707,25.0,41.55,1250.0,0,4.07,1,31.29,4.14,20.0,25.0,185.0,EV_107,0.0,270,5.0,DR862144_19,50.3,79084.89,DR862144,176.27,0.0,55.5,D,SimuProB-2,EV_107
372.766,30.0,41.55,1375.0,0,4.05,1,31.28,4.14,22.0,45.0,185.0,EV_107,0.0,280,0.0,DR862144_19,50.4,79084.95,DR862144,176.27,0.0,55.6,D,SimuProB-2,EV_107
364.71,65.0,41.55,2375.0,0,3.98,1,31.26,4.15,38.0,95.0,185.0,EV_107,0.0,290,0.0,DR862144_19,50.55,79085.06,DR862144,176.27,0.0,55.75,D,SimuProB-2,EV_107
376.464,0.0,41.55,937.0,0,4.08,1,31.24,4.14,15.0,18.0,185.0,EV_107,0.012,300,25.0,DR862144_19,50.6,79085.1,DR862144,176.27,0.0,55.8,D,SimuProB-2,EV_107
378.721,15.0,41.55,1125.0,0,4.06,1,31.22,4.13,18.0,12.0,185.0,EV_107,0.0,310,0.0,DR862144_19,50.65,79085.15,DR862144,176.27,0.0,55.85,D,SimuProB-2,EV_107
368.19,50.0,41.55,2625.0,0,3.92,1,31.21,4.15,42.0,65.0,185.0,EV_107,0.0,320,0.0,DR862144_19,50.75,79085.27,DR862144,176.27,0.0,55.95,D,SimuProB-2,EV_107
381.896,0.0,41.55,750.0,0,4.09,1,31.2,4.14,12.0,-25.0,185.0,EV_107,0.018,330,65.0,DR862144_19,50.8,79085.3,DR862144,176.27,0.0,56.0,D,SimuProB-2,EV_107
374.778,35.0,41.55,1750.0,0,4.02,1,31.17,4.14,28.0,45.0,185.0,EV_107,0.0,340,0.0,DR862144_19,50.85,79085.38,DR862144,176.27,0.0,56.05,D,SimuProB-2,EV_107
369.986,60.0,41.55,3000.0,0,3.95,1,31.16,4.15,48.0,75.0,185.0,EV_107,0.0,350,0.0,DR862144_19,50.92,79085.51,DR862144,176.27,0.0,56.12,D,SimuProB-2,EV_107
379.781,0.0,41.55,1125.0,0,4.05,1,31.16,4.14,18.0,-32.0,185.0,EV_107,0.022,360,70.0,DR862144_19,50.98,79085.56,DR862144,176.27,0.0,56.18,D,SimuProB-2,EV_107
371.121,45.0,41.55,2375.0,0,4.01,1,31.13,4.14,38.0,55.0,185.0,EV_107,0.0,370,0.0,DR862144_19,51.05,79085.67,DR862144,176.27,0.0,56.25,D,SimuProB-2,EV_107
365.553,75.0,41.55,3437.0,0,3.94,1,31.11,4.15,55.0,95.0,185.0,EV_107,0.0,380,0.0,DR862144_19,51.12,79085.82,DR862144,176.27,0.0,56.32,D,SimuProB-2,EV_107
376.042,0.0,41.55,1375.0,0,4.06,1,31.11,4.13,22.0,-28.0,185.0,EV_107,0.019,390,55.0,DR862144_19,51.15,79085.88,DR862144,176.27,0.0,56.35,D,SimuProB-2,EV_107
368.104,35.0,41.55,2187.0,0,3.98,1,31.1,4.12,35.0,45.0,185.0,EV_107,0.0,400,0.0,DR862144_19,51.18,79085.98,DR862144,176.27,0.0,56.38,D,SimuProB-2,EV_107
362.538,55.0,41.55,2625.0,0,3.92,1,31.09,4.14,42.0,110.0,185.0,EV_107,0.0,410,0.0,DR862144_19,51.23,79086.09,DR862144,176.27,0.0,56.43,D,SimuProB-2,EV_107
374.441,0.0,41.55,937.0,0,4.04,1,31.08,4.13,15.0,-35.0,185.0,EV_107,0.025,420,65.0,DR862144_19,51.25,79086.14,DR862144,176.27,0.0,56.45,D,SimuProB-2,EV_107
382.111,0.0,41.55,500.0,0,4.05,1,31.07,4.14,8.0,-40.0,185.0,EV_107,0.028,430,75.0,DR862144_19,51.27,79086.16,DR862144,176.27,0.0,56.47,D,SimuProB-2,EV_107
365.607,45.0,41.55,1562.0,0,3.95,1,31.05,4.13,25.0,65.0,185.0,EV_107,0.0,440,0.0,DR862144_19,51.3,79086.23,DR862144,176.27,0.0,56.5,D,SimuProB-2,EV_107
358.216,60.0,41.55,2812.0,0,3.9,1,31.05,4.15,45.0,125.0,185.0,EV_107,0.0,450,0.0,DR862144_19,51.35,79086.36,DR862144,176.27,0.0,56.54,D,SimuProB-2,EV_107
370.924,35.0,41.55,2000.0,0,3.96,1,31.04,4.13,32.0,45.0,185.0,EV_107,0.0,460,0.0,DR862144_19,51.37,79086.45,DR862144,176.27,0.0,56.56,D,SimuProB-2,EV_107
355.683,58.0,41.55,3000.0,0,3.91,1,31.02,4.14,48.0,115.0,185.0,EV_107,0.0,470,0.0,DR862144_19,51.4,79086.58,DR862144,176.27,0.0,56.59,D,SimuProB-2,EV_107
380.296,0.0,41.55,1125.0,0,4.06,1,31.02,4.14,18.0,-30.0,185.0,EV_107,0.022,480,55.0,DR862144_19,51.42,79086.63,DR862144,176.27,0.0,56.61,D,SimuProB-2,EV_107
368.745,40.0,41.55,1750.0,0,3.98,1,31.0,4.13,28.0,55.0,185.0,EV_107,0.0,490,0.0,DR862144_19,51.44,79086.71,DR862144,176.27,0.0,56.63,D,SimuProB-2,EV_107
352.176,65.0,41.55,2625.0,0,3.88,1,30.99,4.15,42.0,140.0,185.0,EV_107,0.0,500,0.0,DR862144_19,51.46,79086.82,DR862144,176.27,0.0,56.66,D,SimuProB-2,EV_107
385.711,0.0,41.55,937.0,0,4.08,1,30.98,4.14,15.0,-35.0,185.0,EV_107,0.028,510,60.0,DR862144_19,51.48,79086.87,DR862144,176.27,0.0,56.68,D,SimuProB-2,EV_107
372.75,35.0,41.55,2000.0,0,3.99,1,30.95,4.13,32.0,45.0,185.0,EV_107,0.0,520,0.0,DR862144_19,51.5,79086.96,DR862144,176.27,0.0,56.7,D,SimuProB-2,EV_107
360.618,60.0,41.55,2812.0,0,3.9,1,30.95,4.15,45.0,120.0,185.0,EV_107,0.0,530,0.0,DR862144_19,51.52,79087.08,DR862144,176.27,0.0,56.73,D,SimuProB-2,EV_107
382.455,0.0,41.55,1250.0,0,4.07,1,30.92,4.14,20.0,-38.0,185.0,EV_107,0.03,540,70.0,DR862144_19,51.54,79087.14,DR862144,176.27,0.0,56.75,D,SimuProB-2,EV_107
350.707,75.0,41.55,3250.0,0,3.85,1,30.91,4.15,52.0,155.0,185.0,EV_107,0.0,550,0.0,DR862144_19,51.67,79087.28,DR862144,176.27,0.0,56.88,D,SimuProB-2,EV_107
376.283,0.0,41.55,1125.0,0,4.06,1,30.91,4.14,18.0,-42.0,185.0,EV_107,0.032,560,85.0,DR862144_19,51.69,79087.33,DR862144,176.27,0.0,56.9,D,SimuProB-2,EV_107
365.153,45.0,41.55,1750.0,0,3.95,1,30.9,4.15,28.0,95.0,185.0,EV_107,0.0,570,0.0,DR862144_19,51.72,79087.41,DR862144,176.27,0.0,56.93,D,SimuProB-2,EV_107
385.636,0.0,41.55,750.0,0,4.08,1,30.89,4.14,12.0,-35.0,185.0,EV_107,0.028,580,60.0,DR862144_19,51.74,79087.44,DR862144,176.27,0.0,56.95,D,SimuProB-2,EV_107
356.179,55.0,41.55,2625.0,0,3.88,1,30.88,4.15,42.0,135.0,185.0,EV_107,0.0,590,0.0,DR862144_19,51.78,79087.56,DR862144,176.27,0.0,57.0,D,SimuProB-2,EV_107
342.675,70.0,41.55,3625.0,0,3.82,1,30.87,4.15,58.0,180.0,185.0,EV_107,0.0,600,0.0,DR862144_19,51.85,79087.72,DR862144,176.27,0.0,57.12,D,SimuProB-2,EV_107
392.297,0.0,41.55,1375.0,0,4.09,1,30.87,4.14,22.0,-25.0,185.0,EV_107,0.021,610,35.0,DR862144_19,51.9,79087.78,DR862144,176.27,0.0,57.18,D,SimuProB-2,EV_107
377.725,40.0,41.55,2187.0,0,3.98,1,30.84,4.15,35.0,85.0,185.0,EV_107,0.0,620,0.0,DR862144_19,51.95,79087.88,DR862144,176.27,0.0,57.25,D,SimuProB-2,EV_107
368.595,45.0,41.55,3000.0,0,3.94,1,30.83,4.15,48.0,110.0,185.0,EV_107,0.0,630,0.0,DR862144_19,52.01,79088.01,DR862144,176.27,0.0,57.32,D,SimuProB-2,EV_107
372.349,50.0,41.55,3250.0,0,3.96,1,30.8,4.14,52.0,125.0,185.0,EV_107,0.0,640,0.0,DR862144_19,52.1,79088.15,DR862144,176.27,0.0,57.45,D,SimuProB-2,EV_107
358.338,65.0,41.55,3750.0,0,3.91,1,30.8,4.15,60.0,165.0,185.0,EV_107,0.0,650,0.0,DR862144_19,52.25,79088.32,DR862144,176.27,0.0,57.58,D,SimuProB-2,EV_107
385.458,0.0,41.55,1560.0,0,4.05,1,30.8,4.13,25.0,-32.0,185.0,EV_107,0.025,660,45.0,DR862144_19,52.3,79088.39,DR862144,176.27,0.0,57.62,D,SimuProB-2,EV_107
382.602,0.0,41.55,625.0,0,4.08,1,30.79,4.14,10.0,-18.0,185.0,EV_107,0.015,670,35.0,DR862144_19,52.35,79088.42,DR862144,176.27,0.0,57.65,D,SimuProB-2,EV_107
384.902,30.0,41.55,1375.0,0,4.06,1,30.78,4.15,22.0,45.0,185.0,EV_107,0.0,680,0.0,DR862144_19,52.38,79088.48,DR862144,176.27,0.0,57.68,D,SimuProB-2,EV_107
383.609,42.0,41.55,2375.0,0,4.05,1,30.78,4.15,38.0,65.0,185.0,EV_107,0.0,690,0.0,DR862144_19,52.42,79088.58,DR862144,176.27,0.0,57.72,D,SimuProB-2,EV_107
378.609,55.0,41.55,2812.0,0,4.02,1,30.77,4.14,45.0,85.0,185.0,EV_107,0.0,700,0.0,DR862144_19,52.48,79088.71,DR862144,176.27,0.0,57.78,D,SimuProB-2,EV_107
388.616,0.0,41.55,1250.0,0,4.09,1,30.75,4.15,20.0,-25.0,185.0,EV_107,0.02,710,50.0,DR862144_19,52.52,79088.76,DR862144,176.27,0.0,57.82,D,SimuProB-2,EV_107
380.276,25.0,41.55,937.0,0,4.04,1,30.73,4.13,15.0,40.0,185.0,EV_107,0.0,720,0.0,DR862144_19,52.56,79088.8,DR862144,176.27,0.0,57.86,D,SimuProB-2,EV_107
385.97,35.0,41.55,1750.0,0,4.05,1,30.72,4.14,28.0,55.0,185.0,EV_107,0.0,730,0.0,DR862144_19,52.68,79088.88,DR862144,176.27,0.0,57.98,D,SimuProB-2,EV_107
379.12,60.0,41.55,2625.0,0,4.01,1,30.69,4.15,42.0,95.0,185.0,EV_107,0.0,740,0.0,DR862144_19,52.75,79088.99,DR862144,176.27,0.0,58.05,D,SimuProB-2,EV_107
384.539,0.0,41.55,1125.0,0,4.08,1,30.69,4.15,18.0,-35.0,185.0,EV_107,0.02,750,65.0,DR862144_19,52.78,79089.04,DR862144,176.27,0.0,58.1,D,SimuProB-2,EV_107
376.712,75.0,41.55,3250.0,0,4.02,1,30.64,4.15,52.0,110.0,185.0,EV_107,0.0,760,0.0,DR862144_19,52.85,79089.18,DR862144,176.27,0.0,58.2,D,SimuProB-2,EV_107
382.046,0.0,41.55,1562.0,0,4.09,1,30.64,4.15,25.0,-28.0,185.0,EV_107,0.02,770,45.0,DR862144_19,52.9,79089.25,DR862144,176.27,0.0,58.25,D,SimuProB-2,EV_107
378.721,45.0,41.55,2375.0,0,4.06,1,30.64,4.14,38.0,65.0,185.0,EV_107,0.0,780,0.0,DR862144_19,52.98,79089.36,DR862144,176.27,0.0,58.35,D,SimuProB-2,EV_107
373.355,80.0,41.55,3625.0,0,4.03,1,30.63,4.15,58.0,130.0,185.0,EV_107,0.0,790,0.0,DR862144_19,53.1,79089.52,DR862144,176.27,0.0,58.5,D,SimuProB-2,EV_107
378.134,0.0,41.55,750.0,0,4.11,1,30.62,4.15,12.0,-38.0,185.0,EV_107,0.02,800,75.0,DR862144_19,53.2,79089.55,DR862144,176.27,0.0,58.65,D,SimuProB-2,EV_107
374.725,55.0,41.55,2187.0,0,4.04,1,30.61,4.15,35.0,85.0,185.0,EV_107,0.0,810,0.0,DR862144_19,53.3,79089.65,DR862144,176.27,0.0,58.8,D,SimuProB-2,EV_107
378.198,35.0,41.55,2625.0,0,4.09,1,30.6,4.15,42.0,15.0,185.0,EV_107,0.0,820,0.0,DR862144_19,53.4,79089.77,DR862144,176.27,0.0,58.9,D,SimuProB-2,EV_107
374.823,65.0,41.55,3437.0,0,4.05,1,30.58,4.15,55.0,95.0,185.0,EV_107,0.0,830,0.0,DR862144_19,53.5,79089.92,DR862144,176.27,0.0,59.0,D,SimuProB-2,EV_107
368.75,75.0,41.55,3875.0,0,4.02,1,30.57,4.15,62.0,165.0,185.0,EV_107,0.0,840,0.0,DR862144_19,53.65,79090.09,DR862144,176.27,0.0,59.15,D,SimuProB-2,EV_107
371.968,50.0,41.55,2812.0,0,4.03,1,30.54,4.15,45.0,120.0,185.0,EV_107,0.0,850,0.0,DR862144_19,53.75,79090.21,DR862144,176.27,0.0,59.25,D,SimuProB-2,EV_107
377.082,0.0,41.55,1250.0,0,4.1,1,30.54,4.15,20.0,-25.0,185.0,EV_107,0.015,860,60.0,DR862144_19,53.85,79090.27,DR862144,176.27,0.0,59.35,D,SimuProB-2,EV_107
378.864,25.0,41.55,937.0,0,4.09,1,30.53,4.15,15.0,35.0,185.0,EV_107,0.0,870,0.0,DR862144_19,53.95,79090.31,DR862144,176.27,0.0,59.45,D,SimuProB-2,EV_107
376.348,35.0,41.55,1562.0,0,4.08,1,30.52,4.14,25.0,65.0,185.0,EV_107,0.0,880,0.0,DR862144_19,54.08,79090.38,DR862144,176.27,0.0,59.58,D,SimuProB-2,EV_107
372.295,60.0,41.55,2625.0,0,4.04,1,30.49,4.15,42.0,110.0,185.0,EV_107,0.0,890,0.0,DR862144_19,54.2,79090.5,DR862144,176.27,0.0,59.7,D,SimuProB-2,EV_107
368.476,72.0,41.55,3625.0,0,4.02,1,30.49,4.15,58.0,155.0,185.0,EV_107,0.0,900,0.0,DR862144_19,54.32,79090.66,DR862144,176.27,0.0,59.82,D,SimuProB-2,EV_107
370.619,65.0,41.55,3250.0,0,4.01,1,30.46,4.15,52.0,140.0,185.0,EV_107,0.0,910,0.0,DR862144_19,54.4,79090.8,DR862144,176.27,0.0,59.9,D,SimuProB-2,EV_107
374.74,0.0,41.55,1562.0,0,4.08,1,30.46,4.14,25.0,-35.0,185.0,EV_107,0.022,920,75.0,DR862144_19,54.45,79090.87,DR862144,176.27,0.0,59.95,D,SimuProB-2,EV_107
375.964,10.0,41.55,1125.0,0,4.09,1,30.45,4.13,18.0,45.0,185.0,EV_107,0.0,930,5.0,DR862144_19,54.5,79090.92,DR862144,176.27,0.0,60.0,D,SimuProB-2,EV_107
374.269,35.0,41.55,1750.0,0,4.06,1,30.43,4.12,28.0,25.0,185.0,EV_107,0.0,940,0.0,DR862144_19,54.55,79091.0,DR862144,176.27,0.0,60.05,D,SimuProB-2,EV_107
371.174,55.0,41.55,2812.0,0,4.05,1,30.42,4.15,45.0,85.0,185.0,EV_107,0.0,950,0.0,DR862144_19,54.62,79091.12,DR862144,176.27,0.0,60.12,D,SimuProB-2,EV_107
370.046,60.0,41.55,3125.0,0,4.03,1,30.42,4.15,50.0,115.0,185.0,EV_107,0.0,960,0.0,DR862144_19,54.7,79091.26,DR862144,176.27,0.0,60.2,D,SimuProB-2,EV_107
368.055,65.0,41.55,3437.0,0,4.02,1,30.41,4.15,55.0,135.0,185.0,EV_107,0.0,970,0.0,DR862144_19,54.85,79091.41,DR862144,176.27,0.0,60.35,D,SimuProB-2,EV_107
371.926,0.0,41.55,1250.0,0,4.04,1,30.4,4.14,20.0,-30.0,185.0,EV_107,0.025,980,60.0,DR862144_19,54.9,79091.47,DR862144,176.27,0.0,60.4,D,SimuProB-2,EV_107
373.67,25.0,41.55,750.0,0,4.07,1,30.39,4.13,12.0,40.0,185.0,EV_107,0.0,990,5.0,DR862144_19,54.95,79091.5,DR862144,176.27,0.0,60.45,D,SimuProB-2,EV_107
374.099,30.0,41.55,1562.0,0,4.072,1,30.38,4.135,25.0,15.0,185.0,EV_107,0.0,1000,0.0,DR862144_19,55.02,79091.57,DR862144,176.27,0.0,60.52,D,SimuProB-2,EV_107
366.216,55.0,41.55,2375.0,0,4.045,1,30.37,4.145,38.0,95.0,185.0,EV_107,0.0,1010,0.0,DR862144_19,55.1,79091.67,DR862144,176.27,0.0,60.6,D,SimuProB-2,EV_107
369.788,0.0,41.55,937.0,0,4.055,1,30.37,4.14,15.0,-25.0,185.0,EV_107,0.022,1020,45.0,DR862144_19,55.15,79091.72,DR862144,176.27,0.0,60.65,D,SimuProB-2,EV_107
382.788,28.0,41.55,1375.0,0,4.068,1,30.35,4.138,22.0,12.0,185.0,EV_107,0.0,1030,0.0,DR862144_19,55.18,79091.78,DR862144,176.27,0.0,60.68,D,SimuProB-2,EV_107
364.817,60.0,41.55,2625.0,0,4.042,1,30.35,4.142,42.0,85.0,185.0,EV_107,0.0,1040,0.0,DR862144_19,55.25,79091.9,DR862144,176.27,0.0,60.75,D,SimuProB-2,EV_107
370.961,0.0,41.55,1125.0,0,4.05,1,30.35,4.14,18.0,-35.0,185.0,EV_107,0.028,1050,75.0,DR862144_19,55.28,79091.95,DR862144,176.27,0.0,60.78,D,SimuProB-2,EV_107
356.03,65.0,41.55,3125.0,0,4.03,1,30.3,4.14,50.0,110.0,185.0,EV_107,0.0,1060,0.0,DR862144_19,55.3,79092.09,DR862144,176.27,0.0,60.8,D,SimuProB-2,EV_107
361.882,0.0,41.55,1562.0,0,4.045,1,30.3,4.135,25.0,-30.0,185.0,EV_107,0.025,1070,50.0,DR862144_19,55.32,79092.16,DR862144,176.27,0.0,60.82,D,SimuProB-2,EV_107
368.882,40.0,41.55,2187.0,0,4.06,1,30.29,4.14,35.0,45.0,185.0,EV_107,0.0,1080,0.0,DR862144_19,55.35,79092.26,DR862144,176.27,0.0,60.85,D,SimuProB-2,EV_107
364.361,50.0,41.55,2812.0,0,4.052,1,30.28,4.138,45.0,65.0,185.0,EV_107,0.0,1090,0.0,DR862144_19,55.38,79092.38,DR862144,176.27,0.0,60.88,D,SimuProB-2,EV_107
357.856,0.0,41.55,1250.0,0,4.045,1,30.26,4.135,20.0,-25.0,185.0,EV_107,0.022,1100,45.0,DR862144_19,55.4,79092.44,DR862144,176.27,0.0,60.9,D,SimuProB-2,EV_107
362.449,30.0,41.55,1875.0,0,4.055,1,30.26,4.138,30.0,30.0,185.0,EV_107,0.0,1110,0.0,DR862144_19,55.42,79092.52,DR862144,176.27,0.0,60.92,D,SimuProB-2,EV_107
352.544,25.0,41.55,750.0,0,4.048,1,30.24,4.136,12.0,12.5,185.0,EV_107,0.0,1120,0.0,DR862144_19,55.44,79092.55,DR862144,176.27,0.0,60.94,D,SimuProB-2,EV_107
355.6,0.0,41.55,0.0,0,4.046,1,30.24,4.137,0.0,15.0,185.0,EV_107,0.028,1130,65.0,DR862144_19,55.46,79092.55,DR862144,176.27,0.0,60.96,D,SimuProB-2,EV_107
358.771,15.0,41.55,500.0,0,4.049,1,30.24,4.138,8.0,10.2,185.0,EV_107,0.0,1140,0.0,DR862144_19,55.48,79092.58,DR862144,176.27,0.0,60.98,D,SimuProB-2,EV_107
358.23,35.0,41.55,1125.0,0,4.045,1,30.22,4.139,18.0,45.0,185.0,EV_107,0.0,1150,0.0,DR862144_19,55.5,79092.63,DR862144,176.27,0.0,61.0,D,SimuProB-2,EV_107
354.996,55.0,41.55,2000.0,0,4.038,1,30.22,4.142,32.0,85.0,185.0,EV_107,0.0,1160,0.0,DR862144_19,55.55,79092.72,DR862144,176.27,0.0,61.05,D,SimuProB-2,EV_107
360.154,0.0,41.55,937.0,0,4.048,1,30.2,4.145,15.0,-22.0,185.0,EV_107,0.025,1170,40.0,DR862144_19,55.62,79092.76,DR862144,176.27,0.0,61.12,D,SimuProB-2,EV_107
357.655,40.0,41.55,1375.0,0,4.04,1,30.19,4.143,22.0,35.0,185.0,EV_107,0.0,1180,0.0,DR862144_19,55.7,79092.82,DR862144,176.27,0.0,61.2,D,SimuProB-2,EV_107
361.822,0.0,41.55,750.0,0,4.045,1,30.16,4.146,12.0,-18.0,185.0,EV_107,0.022,1190,30.0,DR862144_19,55.75,79092.85,DR862144,176.27,0.0,61.25,D,SimuProB-2,EV_107
359.512,45.0,41.55,1750.0,0,4.038,1,30.16,4.144,28.0,55.0,185.0,EV_107,0.0,1200,0.0,DR862144_19,55.8,79092.93,DR862144,176.27,0.0,61.3,D,SimuProB-2,EV_107
362.306,60.0,41.55,2625.0,0,4.042,1,30.15,4.148,42.0,75.0,185.0,EV_107,0.0,1210,0.0,DR862144_19,55.85,79093.05,DR862144,176.27,0.0,61.35,D,SimuProB-2,EV_107
359.722,0.0,41.55,1562.0,0,4.048,1,30.14,4.15,25.0,-35.0,185.0,EV_107,0.028,1220,65.0,DR862144_19,55.88,79093.12,DR862144,176.27,0.0,61.38,D,SimuProB-2,EV_107
363.401,0.0,41.55,500.0,0,4.044,1,30.14,4.147,8.0,12.0,185.0,EV_107,0.0,1230,15.0,DR862144_19,55.92,79093.14,DR862144,176.27,0.0,61.42,D,SimuProB-2,EV_107
360.065,25.0,41.55,1125.0,0,4.04,1,30.11,4.145,18.0,45.0,185.0,EV_107,0.0,1240,5.0,DR862144_19,56.05,79093.19,DR862144,176.27,0.0,61.55,D,SimuProB-2,EV_107
357.742,55.0,41.55,2187.0,0,4.035,1,30.11,4.148,35.0,85.0,185.0,EV_107,0.0,1250,0.0,DR862144_19,56.18,79093.29,DR862144,176.27,0.0,61.68,D,SimuProB-2,EV_107
361.214,0.0,41.55,312.0,0,4.042,1,30.11,4.146,5.0,10.0,185.0,EV_107,0.0,1260,10.0,DR862144_19,56.25,79093.3,DR862144,176.27,0.0,61.75,D,SimuProB-2,EV_107
365.53,15.0,41.55,600.0,0,4.048,1,30.1,4.142,12.0,5.0,185.0,EV_107,0.0,1270,0.0,DR862144_19,56.32,79093.33,DR862144,176.27,0.0,61.82,D,SimuProB-2,EV_107
358.115,45.0,41.55,1400.0,0,4.038,1,30.06,4.15,28.0,75.0,185.0,EV_107,0.0,0,0.0,DR862144_20,56.45,79093.41,DR862144,176.27,0.0,61.95,D,SimuProB-2,EV_107
362.008,0.0,41.55,500.0,0,4.055,1,30.06,4.15,10.0,-25.0,185.0,EV_107,0.015,10,55.0,DR862144_20,56.58,79093.44,DR862144,176.27,0.0,62.08,D,SimuProB-2,EV_107
365.213,25.0,41.55,900.0,0,4.058,1,30.05,4.148,18.0,12.5,185.0,EV_107,0.0,20,0.0,DR862144_20,56.62,79093.49,DR862144,176.27,0.0,62.12,D,SimuProB-2,EV_107
356.653,60.0,41.55,1800.0,0,4.045,1,30.03,4.15,32.0,95.0,185.0,EV_107,0.0,30,0.0,DR862144_20,56.75,79093.58,DR862144,176.27,0.0,62.25,D,SimuProB-2,EV_107
361.323,0.0,41.55,750.0,0,4.062,1,30.03,4.15,15.0,-32.0,185.0,EV_107,0.022,40,65.0,DR862144_20,56.88,79093.62,DR862144,176.27,0.0,62.38,D,SimuProB-2,EV_107
357.983,55.0,41.55,1750.0,0,4.042,1,30.01,4.148,35.0,85.0,185.0,EV_107,0.0,50,0.0,DR862144_20,56.9,79093.72,DR862144,176.27,0.0,62.5,D,SimuProB-2,EV_107
364.09,0.0,41.55,600.0,0,4.065,1,30.0,4.15,12.0,-35.0,185.0,EV_107,0.025,60,60.0,DR862144_20,57.0,79093.75,DR862144,176.27,0.0,62.6,D,SimuProB-2,EV_107
360.091,40.0,41.55,1250.0,0,4.05,1,29.98,4.145,25.0,65.0,185.0,EV_107,0.0,70,0.0,DR862144_20,57.1,79093.82,DR862144,176.27,0.0,62.7,D,SimuProB-2,EV_107
355.514,70.0,41.55,2500.0,0,4.03,1,29.96,4.15,45.0,110.0,185.0,EV_107,0.0,80,0.0,DR862144_20,57.15,79093.95,DR862144,176.27,0.0,62.78,D,SimuProB-2,EV_107
358.365,0.0,41.55,900.0,0,4.05,1,29.94,4.15,18.0,-25.0,185.0,EV_107,0.018,90,55.0,DR862144_20,57.2,79094.0,DR862144,176.27,0.0,62.85,D,SimuProB-2,EV_107
356.448,50.0,41.55,1500.0,0,4.04,1,29.93,4.149,30.0,75.0,185.0,EV_107,0.0,100,0.0,DR862144_20,57.25,79094.08,DR862144,176.27,0.0,62.92,D,SimuProB-2,EV_107
365.59,45.0,41.55,1750.0,0,4.055,1,29.91,4.145,35.0,55.0,185.0,EV_107,0.0,110,0.0,DR862144_20,57.3,79094.18,DR862144,176.27,0.0,63.0,D,SimuProB-2,EV_107
352.175,0.0,41.55,250.0,0,4.045,1,29.89,4.15,5.0,-38.0,185.0,EV_107,0.022,120,75.0,DR862144_20,57.35,79094.19,DR862144,176.27,0.0,63.05,D,SimuProB-2,EV_107
363.124,25.0,41.55,1100.0,0,4.06,1,29.89,4.14,22.0,12.0,185.0,EV_107,0.0,130,0.0,DR862144_20,57.4,79094.25,DR862144,176.27,0.0,63.1,D,SimuProB-2,EV_107
354.957,40.0,41.55,1400.0,0,4.03,1,29.85,4.14,28.0,65.0,185.0,EV_107,0.0,140,0.0,DR862144_20,57.48,79094.33,DR862144,176.27,0.0,63.18,D,SimuProB-2,EV_107
348.386,65.0,41.55,2100.0,0,4.01,1,29.85,4.145,42.0,95.0,185.0,EV_107,0.0,150,0.0,DR862144_20,57.55,79094.44,DR862144,176.27,0.0,63.25,D,SimuProB-2,EV_107
360.247,0.0,41.55,600.0,0,4.04,1,29.83,4.15,12.0,-32.0,185.0,EV_107,0.025,160,60.0,DR862144_20,57.6,79094.48,DR862144,176.27,0.0,63.3,D,SimuProB-2,EV_107
372.419,70.0,41.55,2800.0,0,4.02,1,29.81,4.14,48.0,85.0,185.0,EV_107,0.0,170,0.0,DR862144_20,57.65,79094.61,DR862144,176.27,0.0,63.35,D,SimuProB-2,EV_107
344.806,75.0,41.55,3200.0,0,3.98,1,29.79,4.15,55.0,110.0,185.0,EV_107,0.0,180,0.0,DR862144_20,57.72,79094.77,DR862144,176.27,0.0,63.42,D,SimuProB-2,EV_107
368.441,0.0,41.55,1400.0,0,4.05,1,29.76,4.14,25.0,-35.0,185.0,EV_107,0.028,190,55.0,DR862144_20,57.78,79094.84,DR862144,176.27,0.0,63.48,D,SimuProB-2,EV_107
352.473,78.0,41.55,3800.0,0,3.95,1,29.73,4.15,60.0,125.0,185.0,EV_107,0.0,200,0.0,DR862144_20,57.85,79095.01,DR862144,176.27,0.0,63.55,D,SimuProB-2,EV_107
345.069,80.0,41.55,4200.0,0,3.92,1,29.7,4.15,65.0,140.0,185.0,EV_107,0.0,210,0.0,DR862144_20,57.92,79095.19,DR862144,176.27,0.0,63.62,D,SimuProB-2,EV_107
355.582,0.0,41.55,2600.0,0,4.02,1,29.66,4.14,45.0,-25.0,185.0,EV_107,0.022,220,45.0,DR862144_20,57.98,79095.31,DR862144,176.27,0.0,63.68,D,SimuProB-2,EV_107
332.464,79.0,41.55,3950.0,0,3.9,1,29.61,4.15,62.0,145.0,185.0,EV_107,0.0,230,0.0,DR862144_20,58.05,79095.48,DR862144,176.27,0.0,63.75,D,SimuProB-2,EV_107
348.553,0.0,41.55,1700.0,0,4.04,1,29.59,4.14,30.0,-30.0,185.0,EV_107,0.025,240,60.0,DR862144_20,58.1,79095.57,DR862144,176.27,0.0,63.8,D,SimuProB-2,EV_107
340.22,72.0,41.55,3100.0,0,3.93,1,29.56,4.15,52.0,135.0,185.0,EV_107,0.0,250,0.0,DR862144_20,58.18,79095.71,DR862144,176.27,0.0,63.88,D,SimuProB-2,EV_107
337.982,65.0,41.55,2900.0,0,3.91,1,29.53,4.15,48.0,125.0,185.0,EV_107,0.0,260,0.0,DR862144_20,58.24,79095.84,DR862144,176.27,0.0,63.94,D,SimuProB-2,EV_107
327.989,0.0,41.55,1400.0,0,4.01,1,29.49,4.13,25.0,-35.0,185.0,EV_107,0.028,270,55.0,DR862144_20,58.3,79095.91,DR862144,176.27,0.0,64.0,D,SimuProB-2,EV_107
342.551,45.0,41.55,2200.0,0,3.94,1,29.48,4.15,38.0,95.0,185.0,EV_107,0.0,280,0.0,DR862144_20,58.36,79096.02,DR862144,176.27,0.0,64.06,D,SimuProB-2,EV_107
339.995,40.0,41.55,2450.0,0,3.95,1,29.45,4.14,42.0,85.0,185.0,EV_107,0.0,290,0.0,DR862144_20,58.42,79096.14,DR862144,176.27,0.0,64.12,D,SimuProB-2,EV_107
344.112,25.0,41.55,2100.0,0,3.98,1,29.44,4.15,35.0,15.0,185.0,EV_107,0.0,300,0.0,DR862144_20,58.48,79096.23,DR862144,176.27,0.0,64.18,D,SimuProB-2,EV_107
336.944,0.0,41.55,700.0,0,4.02,1,29.44,4.14,12.0,-38.0,185.0,EV_107,0.026,310,75.0,DR862144_20,58.54,79096.27,DR862144,176.27,0.0,64.24,D,SimuProB-2,EV_107
337.626,35.0,41.55,1650.0,0,3.96,1,29.42,4.14,28.0,65.0,185.0,EV_107,0.0,320,0.0,DR862144_20,58.58,79096.35,DR862144,176.27,0.0,64.28,D,SimuProB-2,EV_107
328.747,0.0,41.55,450.0,0,4.05,1,29.42,4.15,8.0,-25.0,185.0,EV_107,0.022,330,60.0,DR862144_20,58.62,79096.37,DR862144,176.27,0.0,64.32,D,SimuProB-2,EV_107
345.666,20.0,41.55,1900.0,0,3.97,1,29.42,4.14,32.0,12.0,185.0,EV_107,0.0,340,0.0,DR862144_20,58.65,79096.46,DR862144,176.27,0.0,64.35,D,SimuProB-2,EV_107
341.384,45.0,41.55,2800.0,0,3.95,1,29.4,4.14,42.0,75.0,185.0,EV_107,0.0,350,0.0,DR862144_20,58.72,79096.58,DR862144,176.27,0.0,64.42,D,SimuProB-2,EV_107
337.826,55.0,41.55,3300.0,0,3.93,1,29.37,4.13,48.0,85.0,185.0,EV_107,0.0,360,0.0,DR862144_20,58.78,79096.71,DR862144,176.27,0.0,64.48,D,SimuProB-2,EV_107
342.764,0.0,41.55,1100.0,0,4.04,1,29.37,4.15,18.0,-30.0,185.0,EV_107,0.025,370,45.0,DR862144_20,58.82,79096.76,DR862144,176.27,0.0,64.52,D,SimuProB-2,EV_107
344.467,30.0,41.55,1700.0,0,4.02,1,29.34,4.14,28.0,45.0,185.0,EV_107,0.0,380,0.0,DR862144_20,58.88,79096.84,DR862144,176.27,0.0,64.58,D,SimuProB-2,EV_107
348.292,5.0,41.55,700.0,0,4.06,1,29.34,4.13,12.0,5.0,185.0,EV_107,0.005,390,15.0,DR862144_20,58.91,79096.87,DR862144,176.27,0.0,64.61,D,SimuProB-2,EV_107
339.602,40.0,41.55,2400.0,0,3.94,1,29.32,4.15,38.0,95.0,185.0,EV_107,0.0,400,0.0,DR862144_20,58.99,79096.98,DR862144,176.27,0.0,64.7,D,SimuProB-2,EV_107
338.219,65.0,41.55,2800.0,0,3.92,1,29.31,4.15,42.0,105.0,185.0,EV_107,0.0,410,0.0,DR862144_20,59.05,79097.1,DR862144,176.27,0.0,64.78,D,SimuProB-2,EV_107
345.344,0.0,41.55,900.0,0,4.05,1,29.31,4.15,15.0,-25.0,185.0,EV_107,0.028,420,55.0,DR862144_20,59.1,79097.14,DR862144,176.27,0.0,64.82,D,SimuProB-2,EV_107
341.486,45.0,41.55,1900.0,0,3.95,1,29.28,4.14,30.0,75.0,185.0,EV_107,0.0,430,0.0,DR862144_20,59.22,79097.22,DR862144,176.27,0.0,64.95,D,SimuProB-2,EV_107
337.588,50.0,41.55,2200.0,0,3.93,1,29.26,4.15,35.0,90.0,185.0,EV_107,0.0,440,0.0,DR862144_20,59.35,79097.32,DR862144,176.27,0.0,65.0,D,SimuProB-2,EV_107
343.107,0.0,41.55,1100.0,0,4.04,1,29.25,4.14,18.0,-18.0,185.0,EV_107,0.015,450,45.0,DR862144_20,59.42,79097.37,DR862144,176.27,0.0,65.0,D,SimuProB-2,EV_107
340.319,35.0,41.55,1500.0,0,3.96,1,29.25,4.15,25.0,65.0,185.0,EV_107,0.0,460,0.0,DR862144_20,59.55,79097.44,DR862144,176.27,0.0,65.0,D,SimuProB-2,EV_107
338.202,25.0,41.55,1400.0,0,3.95,1,29.22,4.14,22.0,55.0,185.0,EV_107,0.0,470,0.0,DR862144_20,59.65,79097.5,DR862144,176.27,0.0,65.0,D,SimuProB-2,EV_107
335.574,45.0,41.55,2050.0,0,3.92,1,29.22,4.15,32.0,85.0,185.0,EV_107,0.0,480,0.0,DR862144_20,59.78,79097.59,DR862144,176.27,0.0,65.0,D,SimuProB-2,EV_107
341.222,0.0,41.55,750.0,0,4.03,1,29.2,4.13,12.0,-22.0,185.0,EV_107,0.022,490,60.0,DR862144_20,59.85,79097.62,DR862144,176.27,0.0,65.0,D,SimuProB-2,EV_107
333.746,55.0,41.55,2650.0,0,3.9,1,29.19,4.15,42.0,95.0,185.0,EV_107,0.0,500,0.0,DR862144_20,59.88,79097.74,DR862144,176.27,0.0,65.0,D,SimuProB-2,EV_107
338.146,0.0,41.55,1150.0,0,4.05,1,29.18,4.14,18.0,-28.0,185.0,EV_107,0.028,510,75.0,DR862144_20,59.92,79097.79,DR862144,176.27,0.0,65.0,D,SimuProB-2,EV_107
339.56,30.0,41.55,1750.0,0,4.08,1,29.17,4.13,28.0,12.0,185.0,EV_107,0.0,520,0.0,DR862144_20,59.96,79097.86,DR862144,176.27,0.0,65.0,D,SimuProB-2,EV_107
338.74,0.0,41.55,150.0,0,4.06,1,29.15,4.14,5.0,-35.0,185.0,EV_107,0.035,530,85.0,DR862144_20,60.0,79097.87,DR862144,176.27,0.0,65.0,D,SimuProB-2,EV_107
340.052,15.0,41.55,400.0,0,4.1,1,29.15,4.13,12.0,15.0,185.0,EV_107,0.0,540,5.0,DR862144_20,60.02,79097.91,DR862144,176.27,0.0,65.0,D,SimuProB-2,EV_107
336.966,40.0,41.55,2200.0,0,3.98,1,29.15,4.15,35.0,65.0,185.0,EV_107,0.0,550,0.0,DR862144_20,60.08,79098.0,DR862144,176.27,0.0,65.0,D,SimuProB-2,EV_107
375.81,55.0,41.55,2800.0,0,4.08,1,29.14,4.15,45.0,95.0,185.0,EV_107,0.0,560,0.0,DR862144_20,60.15,79098.12,DR862144,176.27,0.0,65.0,D,SimuProB-2,EV_107
367.905,70.0,41.55,3600.0,0,4.05,1,29.14,4.15,55.0,135.0,185.0,EV_107,0.0,570,0.0,DR862144_20,60.22,79098.28,DR862144,176.27,0.0,65.0,D,SimuProB-2,EV_107
351.994,0.0,41.55,600.0,0,4.02,1,29.14,4.14,15.0,-40.0,185.0,EV_107,0.04,580,80.0,DR862144_20,60.3,79098.32,DR862144,176.27,0.0,65.0,D,SimuProB-2,EV_107
348.645,35.0,41.55,1800.0,0,4.04,1,29.13,4.14,30.0,45.0,185.0,EV_107,0.0,590,0.0,DR862144_20,60.45,79098.4,DR862144,176.27,0.0,65.0,D,SimuProB-2,EV_107
342.018,50.0,41.55,2600.0,0,4.03,1,29.1,4.15,42.0,85.0,185.0,EV_107,0.0,600,0.0,DR862144_20,60.55,79098.52,DR862144,176.27,0.0,65.0,D,SimuProB-2,EV_107
366.224,0.0,41.55,900.0,0,4.08,1,29.1,4.15,18.0,-25.0,185.0,EV_107,0.02,610,45.0,DR862144_20,60.6,79098.57,DR862144,176.27,0.0,65.0,D,SimuProB-2,EV_107
346.14,55.0,41.55,3100.0,0,4.04,1,29.09,4.15,48.0,95.0,185.0,EV_107,0.0,620,0.0,DR862144_20,60.65,79098.7,DR862144,176.27,0.0,65.0,D,SimuProB-2,EV_107
362.541,0.0,41.55,1000.0,0,4.09,1,29.09,4.15,22.0,-35.0,185.0,EV_107,0.03,630,70.0,DR862144_20,60.75,79098.76,DR862144,176.27,0.0,65.0,D,SimuProB-2,EV_107
355.14,40.0,41.55,2200.0,0,4.05,1,29.07,4.14,35.0,60.0,185.0,EV_107,0.0,640,0.0,DR862144_20,60.8,79098.86,DR862144,176.27,0.0,65.0,D,SimuProB-2,EV_107
352.46,45.0,41.55,2400.0,0,4.06,1,29.05,4.14,38.0,75.0,185.0,EV_107,0.0,650,0.0,DR862144_20,61.0,79098.97,DR862144,176.27,0.0,65.0,D,SimuProB-2,EV_107
344.776,65.0,41.55,3400.0,0,4.02,1,29.02,4.15,52.0,110.0,185.0,EV_107,0.0,660,0.0,DR862144_20,61.3,79099.11,DR862144,176.27,0.0,65.0,D,SimuProB-2,EV_107
368.205,0.0,41.55,600.0,0,4.09,1,29.01,4.15,15.0,-30.0,185.0,EV_107,0.02,670,55.0,DR862144_20,61.4,79099.15,DR862144,176.27,0.0,65.0,D,SimuProB-2,EV_107
358.223,30.0,41.55,1600.0,0,4.07,1,28.99,4.15,28.0,45.0,185.0,EV_107,0.0,680,0.0,DR862144_20,61.5,79099.23,DR862144,176.27,0.0,65.0,D,SimuProB-2,EV_107
351.768,55.0,41.55,2600.0,0,4.04,1,28.99,4.15,42.0,85.0,185.0,EV_107,0.0,690,0.0,DR862144_20,61.65,79099.34,DR862144,176.27,0.0,65.0,D,SimuProB-2,EV_107
366.197,0.0,41.55,500.0,0,4.11,1,28.96,4.15,12.0,-25.0,185.0,EV_107,0.02,700,60.0,DR862144_20,61.7,79099.38,DR862144,176.27,0.0,65.0,D,SimuProB-2,EV_107
378.457,5.0,41.55,180.0,0,4.12,1,28.94,4.15,8.5,5.2,185.0,EV_107,0.0,710,15.0,DR862144_20,61.8,79099.4,DR862144,176.27,0.0,65.0,D,SimuProB-2,EV_107
361.803,35.0,41.55,1100.0,0,4.05,1,28.94,4.15,22.0,65.0,185.0,EV_107,0.0,720,0.0,DR862144_20,61.9,79099.46,DR862144,176.27,0.0,65.0,D,SimuProB-2,EV_107
355.952,50.0,41.55,2100.0,0,4.02,1,28.92,4.15,35.0,95.0,185.0,EV_107,0.0,730,0.0,DR862144_20,62.0,79099.56,DR862144,176.27,0.0,65.0,D,SimuProB-2,EV_107
352.597,65.0,41.55,3000.0,0,4.01,1,28.91,4.15,48.0,110.0,185.0,EV_107,0.0,740,0.0,DR862144_20,62.1,79099.69,DR862144,176.27,0.0,62.15,D,SimuProB-2,EV_107
368.388,0.0,41.55,600.0,0,4.1,1,28.9,4.15,15.0,-35.0,185.0,EV_107,0.025,750,55.0,DR862144_20,62.2,79099.74,DR862144,176.27,0.0,62.25,D,SimuProB-2,EV_107
377.297,10.0,41.55,150.0,0,4.13,1,28.9,4.15,6.0,12.0,185.0,EV_107,0.0,760,5.0,DR862144_20,62.25,79099.75,DR862144,176.27,0.0,62.3,D,SimuProB-2,EV_107
378.419,15.0,41.55,350.0,0,4.12,1,28.9,4.14,12.0,18.5,185.0,EV_107,0.0,770,0.0,DR862144_20,62.3,79099.78,DR862144,176.27,0.0,62.35,D,SimuProB-2,EV_107
371.83,35.0,41.55,1200.0,0,4.11,1,28.89,4.14,25.0,45.2,185.0,EV_107,0.0,780,0.0,DR862144_20,62.35,79099.85,DR862144,176.27,0.0,62.4,D,SimuProB-2,EV_107
385.112,0.0,41.55,200.0,0,4.09,1,28.89,4.13,8.0,-28.0,185.0,EV_107,0.022,790,60.0,DR862144_20,62.38,79099.88,DR862144,176.27,0.0,62.42,D,SimuProB-2,EV_107
372.761,40.0,41.55,1800.0,0,4.11,1,28.87,4.14,32.0,55.0,185.0,EV_107,0.0,800,0.0,DR862144_20,62.38,79099.97,DR862144,176.27,0.0,62.45,D,SimuProB-2,EV_107
367.913,60.0,41.55,2800.0,0,4.1,1,28.86,4.14,45.0,85.0,185.0,EV_107,0.0,810,0.0,DR862144_20,62.42,79100.09,DR862144,176.27,0.0,62.5,D,SimuProB-2,EV_107
391.854,0.0,41.55,1000.0,0,4.09,1,28.86,4.15,20.0,-38.0,185.0,EV_107,0.028,820,75.0,DR862144_20,62.45,79100.15,DR862144,176.27,0.0,62.52,D,SimuProB-2,EV_107
378.977,55.0,41.55,3200.0,0,4.1,1,28.83,4.14,50.0,65.0,185.0,EV_107,0.0,830,0.0,DR862144_20,62.5,79100.29,DR862144,176.27,0.0,62.6,D,SimuProB-2,EV_107
362.091,0.0,41.55,400.0,0,4.08,1,28.83,4.15,12.0,-40.0,185.0,EV_107,0.03,840,85.0,DR862144_20,62.55,79100.32,DR862144,176.27,0.0,62.7,D,SimuProB-2,EV_107
388.391,15.0,41.55,150.0,0,4.11,1,28.81,4.14,5.0,25.0,185.0,EV_107,0.0,850,5.0,DR862144_20,62.6,79100.34,DR862144,176.27,0.0,62.75,D,SimuProB-2,EV_107
374.899,35.0,41.55,1500.0,0,4.1,1,28.77,4.13,25.0,45.0,185.0,EV_107,0.0,860,0.0,DR862144_20,62.65,79100.41,DR862144,176.27,0.0,62.8,D,SimuProB-2,EV_107
360.617,0.0,41.55,300.0,0,4.08,1,28.77,4.15,8.0,-40.0,185.0,EV_107,0.03,870,80.0,DR862144_20,62.7,79100.43,DR862144,176.27,0.0,62.9,D,SimuProB-2,EV_107
395.489,0.0,41.55,0.0,0,4.11,1,28.77,4.14,0.0,5.0,185.0,EV_107,0.0,880,100.0,DR862144_20,62.8,79100.43,DR862144,176.27,0.0,63.0,D,SimuProB-2,EV_107
364.924,45.0,41.55,1800.0,0,4.09,1,28.74,4.14,30.0,55.0,185.0,EV_107,0.0,890,0.0,DR862144_20,62.85,79100.51,DR862144,176.27,0.0,63.05,D,SimuProB-2,EV_107
378.925,0.0,41.55,600.0,0,4.08,1,28.74,4.15,10.0,-35.0,185.0,EV_107,0.025,900,60.0,DR862144_20,62.9,79100.54,DR862144,176.27,0.0,63.1,D,SimuProB-2,EV_107
354.841,70.0,41.55,2900.0,0,4.07,1,28.7,4.14,45.0,120.0,185.0,EV_107,0.0,910,0.0,DR862144_20,63.0,79100.67,DR862144,176.27,0.0,63.2,D,SimuProB-2,EV_107
368.27,60.0,41.55,3200.0,0,4.08,1,28.66,4.14,50.0,85.0,185.0,EV_107,0.0,920,0.0,DR862144_20,63.15,79100.81,DR862144,176.27,0.0,63.35,D,SimuProB-2,EV_107
358.337,40.0,41.55,2600.0,0,4.06,1,28.65,4.15,42.0,110.0,185.0,EV_107,0.0,930,0.0,DR862144_20,63.3,79100.93,DR862144,176.27,0.0,63.5,D,SimuProB-2,EV_107
384.959,0.0,41.55,1500.0,0,4.1,1,28.65,4.15,25.0,-25.0,185.0,EV_107,0.02,940,30.0,DR862144_20,63.4,79100.99,DR862144,176.27,0.0,63.6,D,SimuProB-2,EV_107
362.581,55.0,41.55,3100.0,0,4.06,1,28.61,4.14,48.0,95.0,185.0,EV_107,0.0,950,0.0,DR862144_20,63.45,79101.12,DR862144,176.27,0.0,63.65,D,SimuProB-2,EV_107
354.621,75.0,41.55,3600.0,0,4.05,1,28.57,4.15,55.0,135.0,185.0,EV_107,0.0,960,0.0,DR862144_20,63.55,79101.28,DR862144,176.27,0.0,63.8,D,SimuProB-2,EV_107
348.658,0.0,41.55,1000.0,0,4.09,1,28.55,4.15,15.0,-38.0,185.0,EV_107,0.028,970,85.0,DR862144_20,63.6,79101.32,DR862144,176.27,0.0,63.85,D,SimuProB-2,EV_107
395.436,25.0,41.55,2400.0,0,4.05,1,28.54,4.12,38.0,15.0,185.0,EV_107,0.0,980,0.0,DR862144_20,63.65,79101.43,DR862144,176.27,0.0,63.9,D,SimuProB-2,EV_107
368.969,65.0,41.55,3300.0,0,4.04,1,28.52,4.15,52.0,125.0,185.0,EV_107,0.0,990,0.0,DR862144_20,63.75,79101.57,DR862144,176.27,0.0,64.0,D,SimuProB-2,EV_107
352.542,70.0,41.55,3800.0,0,4.03,1,28.5,4.15,60.0,140.0,185.0,EV_107,0.0,1000,0.0,DR862144_20,63.85,79101.74,DR862144,176.27,0.0,64.1,D,SimuProB-2,EV_107
341.984,55.0,41.55,2900.0,0,4.01,1,28.48,4.15,45.0,185.0,185.0,EV_107,0.0,1010,0.0,DR862144_20,63.9,79101.87,DR862144,176.27,0.0,64.2,D,SimuProB-2,EV_107
360.311,15.0,41.55,1400.0,0,4.05,1,28.46,4.14,22.0,45.0,185.0,EV_107,0.0,1020,10.0,DR862144_20,63.95,79101.93,DR862144,176.27,0.0,64.25,D,SimuProB-2,EV_107
378.758,0.0,41.55,320.0,0,4.06,1,28.45,4.13,5.0,-28.0,185.0,EV_107,0.022,1030,65.0,DR862144_20,64.0,79101.94,DR862144,176.27,0.0,64.28,D,SimuProB-2,EV_107
355.374,45.0,41.55,2200.0,0,4.01,1,28.41,4.12,35.0,85.0,185.0,EV_107,0.0,1040,0.0,DR862144_20,64.05,79102.04,DR862144,176.27,0.0,64.35,D,SimuProB-2,EV_107
348.382,55.0,41.55,2700.0,0,4.02,1,28.38,4.14,42.0,110.0,185.0,EV_107,0.0,1050,0.0,DR862144_20,64.1,79102.15,DR862144,176.27,0.0,64.42,D,SimuProB-2,EV_107
363.045,0.0,41.55,1600.0,0,4.04,1,28.35,4.15,25.0,-35.0,185.0,EV_107,0.028,1060,50.0,DR862144_20,64.15,79102.22,DR862144,176.27,0.0,64.48,D,SimuProB-2,EV_107
341.802,65.0,41.55,3400.0,0,4.03,1,28.32,4.14,52.0,125.0,185.0,EV_107,0.0,1070,0.0,DR862144_20,64.2,79102.36,DR862144,176.27,0.0,64.55,D,SimuProB-2,EV_107
368.567,0.0,41.55,1100.0,0,4.05,1,28.27,4.15,18.0,-42.0,185.0,EV_107,0.035,1080,75.0,DR862144_20,64.25,79102.41,DR862144,176.27,0.0,64.6,D,SimuProB-2,EV_107
349.922,48.0,41.55,2500.0,0,4.02,1,28.24,4.13,38.0,95.0,185.0,EV_107,0.0,1090,0.0,DR862144_20,64.3,79102.52,DR862144,176.27,0.0,64.68,D,SimuProB-2,EV_107
341.757,52.0,41.55,2900.0,0,4.02,1,28.23,4.14,45.0,115.0,185.0,EV_107,0.0,1100,0.0,DR862144_20,64.35,79102.65,DR862144,176.27,0.0,64.72,D,SimuProB-2,EV_107
365.589,0.0,41.55,950.0,0,4.04,1,28.2,4.15,15.0,-38.0,185.0,EV_107,0.032,1110,65.0,DR862144_20,64.4,79102.69,DR862144,176.27,0.0,64.76,D,SimuProB-2,EV_107
345.579,40.0,41.55,2100.0,0,4.02,1,28.19,4.13,32.0,85.0,185.0,EV_107,0.0,1120,0.0,DR862144_20,64.45,79102.78,DR862144,176.27,0.0,64.8,D,SimuProB-2,EV_107
344.72,35.0,41.55,1850.0,0,4.03,1,28.18,4.14,28.0,65.0,185.0,EV_107,0.0,1130,0.0,DR862144_20,64.5,79102.86,DR862144,176.27,0.0,64.85,D,SimuProB-2,EV_107
362.254,0.0,41.55,700.0,0,4.04,1,28.17,4.15,12.0,-18.0,185.0,EV_107,0.012,1140,45.0,DR862144_20,64.55,79102.89,DR862144,176.27,0.0,64.9,D,SimuProB-2,EV_107
346.815,38.0,41.55,1600.0,0,4.02,1,28.15,4.13,25.0,72.0,185.0,EV_107,0.0,1150,0.0,DR862144_20,64.6,79102.96,DR862144,176.27,0.0,64.95,D,SimuProB-2,EV_107
347.797,42.0,41.55,2300.0,0,4.01,1,28.14,4.12,35.0,45.0,185.0,EV_107,0.0,1160,0.0,DR862144_20,64.65,79103.06,DR862144,176.27,0.0,65.0,D,SimuProB-2,EV_107
352.566,0.0,41.55,1100.0,0,4.03,1,28.12,4.14,18.0,-12.0,185.0,EV_107,0.008,1170,30.0,DR862144_20,64.7,79103.11,DR862144,176.27,0.0,65.0,D,SimuProB-2,EV_107
344.562,30.0,41.55,1400.0,0,4.02,1,28.12,4.13,22.0,55.0,185.0,EV_107,0.0,1180,0.0,DR862144_20,64.8,79103.17,DR862144,176.27,0.0,65.0,D,SimuProB-2,EV_107
345.345,25.0,41.55,1250.0,0,4.01,1,28.09,4.12,20.0,48.0,185.0,EV_107,0.0,1190,0.0,DR862144_20,64.9,79103.23,DR862144,176.27,0.0,65.0,D,SimuProB-2,EV_107
355.475,0.0,41.55,300.0,0,4.03,1,28.09,4.14,5.0,-25.0,185.0,EV_107,0.015,1200,60.0,DR862144_20,65.0,79103.24,DR862144,176.27,0.0,65.0,D,SimuProB-2,EV_107
348.461,35.0,41.55,1900.0,0,4.02,1,28.09,4.13,30.0,65.0,185.0,EV_107,0.0,1210,0.0,DR862144_20,65.0,79103.32,DR862144,176.27,0.0,65.0,D,SimuProB-2,EV_107
338.256,45.0,41.55,2700.0,0,4.01,1,28.06,4.13,42.0,85.0,185.0,EV_107,0.0,1220,0.0,DR862144_20,65.0,79103.44,DR862144,176.27,0.0,65.0,D,SimuProB-2,EV_107
358.142,0.0,41.55,1600.0,0,4.03,1,28.05,4.14,25.0,-35.0,185.0,EV_107,0.02,1230,70.0,DR862144_20,65.0,79103.51,DR862144,176.27,0.0,65.0,D,SimuProB-2,EV_107
346.906,30.0,41.55,1750.0,0,4.02,1,28.03,4.13,28.0,52.0,185.0,EV_107,0.0,1240,0.0,DR862144_20,65.0,79103.58,DR862144,176.27,0.0,65.0,D,SimuProB-2,EV_107
351.486,25.0,41.55,2050.0,0,4.02,1,28.01,4.13,32.0,45.0,185.0,EV_107,0.0,1250,0.0,DR862144_20,41.2,79103.67,DR862144,176.27,0.0,42.1,D,SimuProB-2,EV_107
342.649,35.0,41.55,2600.0,0,4.01,1,27.99,4.14,40.0,75.0,185.0,EV_107,0.0,1260,0.0,DR862144_20,41.3,79103.78,DR862144,176.27,0.0,42.2,D,SimuProB-2,EV_107
362.11,0.0,41.55,1400.0,0,4.03,1,27.96,4.14,22.0,-28.0,185.0,EV_107,0.018,1270,55.0,DR862144_20,41.4,79103.84,DR862144,176.27,0.0,42.3,D,SimuProB-2,EV_107
325.762,0.0,41.55,0.0,1,3.32,0,27.99,3.38,0.0,-31.1,185.0,EV_107,0.0,0,0.0,RC358893_1,22.5,79103.84,RC358893,176.27,0.0,24.1,P,SimuProB-2,EV_107
327.941,0.0,41.55,0.0,1,3.34,0,28.03,3.41,0.0,-30.1,185.0,EV_107,0.0,10,0.0,RC358893_1,22.6,79103.84,RC358893,176.27,0.0,24.3,P,SimuProB-2,EV_107
331.179,0.0,41.55,0.0,1,3.36,0,28.07,3.44,0.0,-29.9,185.0,EV_107,0.0,20,0.0,RC358893_1,22.8,79103.84,RC358893,176.27,0.0,24.5,P,SimuProB-2,EV_107
333.403,0.0,41.55,0.0,1,3.38,0,28.12,3.46,0.0,-33.0,185.0,EV_107,0.0,30,0.0,RC358893_1,23.0,79103.84,RC358893,176.27,0.0,24.7,P,SimuProB-2,EV_107
336.438,0.0,41.55,0.0,1,3.4,0,28.17,3.49,0.0,-30.0,185.0,EV_107,0.0,40,0.0,RC358893_1,23.2,79103.84,RC358893,176.27,0.0,24.9,P,SimuProB-2,EV_107
338.454,0.0,41.55,0.0,1,3.42,0,28.21,3.51,0.0,-32.4,185.0,EV_107,0.0,50,0.0,RC358893_1,23.4,79103.84,RC358893,176.27,0.0,25.1,P,SimuProB-2,EV_107
340.034,0.0,41.55,0.0,1,3.44,0,28.26,3.53,0.0,-34.2,185.0,EV_107,0.0,60,0.0,RC358893_1,23.6,79103.84,RC358893,176.27,0.0,25.3,P,SimuProB-2,EV_107
341.672,0.0,41.55,0.0,1,3.46,0,28.3,3.55,0.0,-31.6,185.0,EV_107,0.0,70,0.0,RC358893_1,23.7,79103.84,RC358893,176.27,0.0,25.4,P,SimuProB-2,EV_107
343.375,0.0,41.55,0.0,1,3.48,0,28.37,3.57,0.0,-32.0,185.0,EV_107,0.0,80,0.0,RC358893_1,23.9,79103.84,RC358893,176.27,0.0,25.6,P,SimuProB-2,EV_107
344.994,0.0,41.55,0.0,1,3.5,0,28.44,3.59,0.0,-33.3,185.0,EV_107,0.0,90,0.0,RC358893_1,24.1,79103.84,RC358893,176.27,0.0,25.8,P,SimuProB-2,EV_107
346.334,0.0,41.55,0.0,1,3.51,0,28.54,3.6,0.0,-33.3,185.0,EV_107,0.0,100,0.0,RC358893_1,24.2,79103.84,RC358893,176.27,0.0,26.0,P,SimuProB-2,EV_107
347.939,0.0,41.55,0.0,1,3.53,0,28.62,3.62,0.0,-31.7,185.0,EV_107,0.0,110,0.0,RC358893_1,24.4,79103.84,RC358893,176.27,0.0,26.2,P,SimuProB-2,EV_107
350.068,0.0,41.55,0.0,1,3.55,0,28.72,3.64,0.0,-34.1,185.0,EV_107,0.0,120,0.0,RC358893_1,24.5,79103.84,RC358893,176.27,0.0,26.3,P,SimuProB-2,EV_107
351.759,0.0,41.55,0.0,1,3.57,0,28.81,3.66,0.0,-31.4,185.0,EV_107,0.0,130,0.0,RC358893_1,24.6,79103.84,RC358893,176.27,0.0,26.4,P,SimuProB-2,EV_107
352.877,0.0,41.55,0.0,1,3.59,0,28.88,3.68,0.0,-31.9,185.0,EV_107,0.0,140,0.0,RC358893_1,24.7,79103.84,RC358893,176.27,0.0,26.5,P,SimuProB-2,EV_107
354.22,0.0,41.55,0.0,1,3.61,0,28.98,3.7,0.0,-35.0,185.0,EV_107,0.0,150,0.0,RC358893_1,24.8,79103.84,RC358893,176.27,0.0,26.6,P,SimuProB-2,EV_107
355.725,0.0,41.55,0.0,1,3.63,0,29.07,3.72,0.0,-28.6,185.0,EV_107,0.0,160,0.0,RC358893_1,24.9,79103.84,RC358893,176.27,0.0,26.7,P,SimuProB-2,EV_107
356.543,0.0,41.55,0.0,1,3.65,0,29.13,3.74,0.0,-33.9,185.0,EV_107,0.0,170,0.0,RC358893_1,25.0,79103.84,RC358893,176.27,0.0,26.8,P,SimuProB-2,EV_107
356.814,0.0,41.55,0.0,1,3.66,0,29.21,3.75,0.0,-32.7,185.0,EV_107,0.0,180,0.0,RC358893_1,25.1,79103.84,RC358893,176.27,0.0,26.9,P,SimuProB-2,EV_107
358.178,0.0,41.55,0.0,1,3.67,0,29.29,3.77,0.0,-29.9,185.0,EV_107,0.0,190,0.0,RC358893_1,25.2,79103.84,RC358893,176.27,0.0,27.0,P,SimuProB-2,EV_107
358.912,0.0,41.55,0.0,1,3.69,0,29.36,3.78,0.0,-35.5,185.0,EV_107,0.0,200,0.0,RC358893_1,25.3,79103.84,RC358893,176.27,0.0,27.1,P,SimuProB-2,EV_107
359.9,0.0,41.55,0.0,1,3.71,0,29.44,3.8,0.0,-31.6,185.0,EV_107,0.0,210,0.0,RC358893_1,25.4,79103.84,RC358893,176.27,0.0,27.2,P,SimuProB-2,EV_107
360.382,0.0,41.55,0.0,1,3.72,0,29.49,3.81,0.0,-26.9,185.0,EV_107,0.0,220,0.0,RC358893_1,25.5,79103.84,RC358893,176.27,0.0,27.3,P,SimuProB-2,EV_107
361.281,0.0,41.55,0.0,1,3.74,0,29.56,3.83,0.0,-32.7,185.0,EV_107,0.0,230,0.0,RC358893_1,25.6,79103.84,RC358893,176.27,0.0,27.4,P,SimuProB-2,EV_107
361.968,0.0,41.55,0.0,1,3.76,0,29.64,3.85,0.0,-31.2,185.0,EV_107,0.0,240,0.0,RC358893_1,25.7,79103.84,RC358893,176.27,0.0,27.5,P,SimuProB-2,EV_107
363.48,0.0,41.55,0.0,1,3.77,0,29.73,3.86,0.0,-29.7,185.0,EV_107,0.0,250,0.0,RC358893_1,25.8,79103.84,RC358893,176.27,0.0,27.6,P,SimuProB-2,EV_107
364.202,0.0,41.55,0.0,1,3.79,0,29.8,3.88,0.0,-27.9,185.0,EV_107,0.0,260,0.0,RC358893_1,25.9,79103.84,RC358893,176.27,0.0,27.7,P,SimuProB-2,EV_107
365.495,0.0,41.55,0.0,1,3.8,0,29.88,3.9,0.0,-24.8,185.0,EV_107,0.0,270,0.0,RC358893_1,26.0,79103.84,RC358893,176.27,0.0,27.9,P,SimuProB-2,EV_107
365.878,0.0,41.55,0.0,1,3.82,0,29.98,3.91,0.0,-23.7,185.0,EV_107,0.0,280,0.0,RC358893_1,26.1,79103.84,RC358893,176.27,0.0,28.0,P,SimuProB-2,EV_107
366.637,0.0,41.55,0.0,1,3.83,0,30.06,3.93,0.0,-25.8,185.0,EV_107,0.0,290,0.0,RC358893_1,26.2,79103.84,RC358893,176.27,0.0,28.1,P,SimuProB-2,EV_107
367.694,0.0,41.55,0.0,1,3.85,0,30.16,3.95,0.0,-24.8,185.0,EV_107,0.0,300,0.0,RC358893_1,26.3,79103.84,RC358893,176.27,0.0,28.2,P,SimuProB-2,EV_107
368.16,0.0,41.55,0.0,1,3.87,0,30.24,3.97,0.0,-27.2,185.0,EV_107,0.0,310,0.0,RC358893_1,26.4,79103.84,RC358893,176.27,0.0,28.3,P,SimuProB-2,EV_107
368.79,0.0,41.55,0.0,1,3.89,0,30.3,3.99,0.0,-29.3,185.0,EV_107,0.0,320,0.0,RC358893_1,26.5,79103.84,RC358893,176.27,0.0,28.4,P,SimuProB-2,EV_107
369.469,0.0,41.55,0.0,1,3.9,0,30.38,4.0,0.0,-27.7,185.0,EV_107,0.0,330,0.0,RC358893_1,26.6,79103.84,RC358893,176.27,0.0,28.5,P,SimuProB-2,EV_107
369.849,0.0,41.55,0.0,1,3.92,0,30.44,4.02,0.0,-28.4,185.0,EV_107,0.0,340,0.0,RC358893_1,26.7,79103.84,RC358893,176.27,0.0,28.6,P,SimuProB-2,EV_107
370.892,0.0,41.55,0.0,1,3.94,0,30.5,4.04,0.0,-25.5,185.0,EV_107,0.0,350,0.0,RC358893_1,26.8,79103.84,RC358893,176.27,0.0,28.7,P,SimuProB-2,EV_107
371.26,0.0,41.55,0.0,1,3.96,0,30.57,4.06,0.0,-29.3,185.0,EV_107,0.0,360,0.0,RC358893_1,26.85,79103.84,RC358893,176.27,0.0,28.75,P,SimuProB-2,EV_107
372.462,0.0,41.55,0.0,1,3.98,0,30.62,4.08,0.0,-26.8,185.0,EV_107,0.0,370,0.0,RC358893_1,26.9,79103.84,RC358893,176.27,0.0,28.8,P,SimuProB-2,EV_107
372.865,0.0,41.55,0.0,1,4.0,0,30.7,4.1,0.0,-28.3,185.0,EV_107,0.0,380,0.0,RC358893_1,26.95,79103.84,RC358893,176.27,0.0,28.85,P,SimuProB-2,EV_107
373.036,0.0,41.55,0.0,1,4.02,0,30.8,4.12,0.0,-29.0,185.0,EV_107,0.0,390,0.0,RC358893_1,27.0,79103.84,RC358893,176.27,0.0,28.9,P,SimuProB-2,EV_107
374.604,0.0,41.55,0.0,1,4.04,0,30.87,4.14,0.0,-28.1,185.0,EV_107,0.0,400,0.0,RC358893_1,27.05,79103.84,RC358893,176.27,0.0,28.95,P,SimuProB-2,EV_107
374.926,0.0,41.55,0.0,1,4.06,0,30.96,4.16,0.0,-27.1,185.0,EV_107,0.0,410,0.0,RC358893_1,27.1,79103.84,RC358893,176.27,0.0,29.0,P,SimuProB-2,EV_107
374.977,0.0,41.55,0.0,1,4.07,0,31.05,4.17,0.0,-26.1,185.0,EV_107,0.0,420,0.0,RC358893_1,27.15,79103.84,RC358893,176.27,0.0,29.05,P,SimuProB-2,EV_107
375.496,0.0,41.55,0.0,1,4.08,0,31.12,4.18,0.0,-26.9,185.0,EV_107,0.0,430,0.0,RC358893_1,27.2,79103.84,RC358893,176.27,0.0,29.1,P,SimuProB-2,EV_107
375.799,0.0,41.55,0.0,1,4.09,0,31.21,4.19,0.0,-30.8,185.0,EV_107,0.0,440,0.0,RC358893_1,27.25,79103.84,RC358893,176.27,0.0,29.15,P,SimuProB-2,EV_107
375.872,0.0,41.55,0.0,1,4.1,0,31.31,4.2,0.0,-28.5,185.0,EV_107,0.0,450,0.0,RC358893_1,27.35,79103.84,RC358893,176.27,0.0,29.25,P,SimuProB-2,EV_107
376.826,0.0,41.55,0.0,1,4.11,0,31.4,4.21,0.0,-31.5,185.0,EV_107,0.0,460,0.0,RC358893_1,27.45,79103.84,RC358893,176.27,0.0,29.35,P,SimuProB-2,EV_107
376.712,0.0,41.55,0.0,1,4.12,0,31.48,4.22,0.0,-27.6,185.0,EV_107,0.0,470,0.0,RC358893_1,27.55,79103.84,RC358893,176.27,0.0,29.45,P,SimuProB-2,EV_107
376.899,0.0,41.55,0.0,1,4.127,0,31.56,4.228,0.0,-31.8,185.0,EV_107,0.0,480,0.0,RC358893_1,27.58,79103.84,RC358893,176.27,0.0,29.48,P,SimuProB-2,EV_107
377.593,0.0,41.55,0.0,1,4.133,0,31.66,4.235,0.0,-29.7,185.0,EV_107,0.0,490,0.0,RC358893_1,27.62,79103.84,RC358893,176.27,0.0,29.52,P,SimuProB-2,EV_107
377.969,0.0,41.55,0.0,1,4.141,0,31.73,4.243,0.0,-30.9,185.0,EV_107,0.0,500,0.0,RC358893_1,27.66,79103.84,RC358893,176.27,0.0,29.56,P,SimuProB-2,EV_107
378.264,0.0,41.55,0.0,1,4.149,0,31.81,4.251,0.0,-29.5,185.0,EV_107,0.0,510,0.0,RC358893_1,27.7,79103.84,RC358893,176.27,0.0,29.6,P,SimuProB-2,EV_107
378.882,0.0,41.55,0.0,1,4.156,0,31.9,4.258,0.0,-29.7,185.0,EV_107,0.0,520,0.0,RC358893_1,27.75,79103.84,RC358893,176.27,0.0,29.65,P,SimuProB-2,EV_107
379.073,0.0,41.55,0.0,1,4.163,0,31.99,4.265,0.0,-31.5,185.0,EV_107,0.0,530,0.0,RC358893_1,27.8,79103.84,RC358893,176.27,0.0,29.7,P,SimuProB-2,EV_107
379.405,0.0,41.55,0.0,1,4.17,0,32.1,4.272,0.0,-31.5,185.0,EV_107,0.0,540,0.0,RC358893_1,27.85,79103.84,RC358893,176.27,0.0,29.75,P,SimuProB-2,EV_107
379.783,0.0,41.55,0.0,1,4.177,0,32.18,4.279,0.0,-31.1,185.0,EV_107,0.0,550,0.0,RC358893_1,27.9,79103.84,RC358893,176.27,0.0,29.8,P,SimuProB-2,EV_107
380.054,0.0,41.55,0.0,1,4.184,0,32.26,4.286,0.0,-29.7,185.0,EV_107,0.0,560,0.0,RC358893_1,27.96,79103.84,RC358893,176.27,0.0,29.86,P,SimuProB-2,EV_107
380.651,0.0,41.55,0.0,1,4.191,0,32.36,4.293,0.0,-29.3,185.0,EV_107,0.0,570,0.0,RC358893_1,28.01,79103.84,RC358893,176.27,0.0,29.91,P,SimuProB-2,EV_107
380.916,0.0,41.55,0.0,1,4.198,0,32.46,4.3,0.0,-30.4,185.0,EV_107,0.0,580,0.0,RC358893_1,28.06,79103.84,RC358893,176.27,0.0,29.96,P,SimuProB-2,EV_107
381.3,0.0,41.55,0.0,1,4.205,0,32.54,4.307,0.0,-28.5,185.0,EV_107,0.0,590,0.0,RC358893_1,28.11,79103.84,RC358893,176.27,0.0,30.01,P,SimuProB-2,EV_107
381.354,0.0,41.55,0.0,1,4.213,0,32.65,4.315,0.0,-30.8,185.0,EV_107,0.0,600,0.0,RC358893_1,28.17,79103.84,RC358893,176.27,0.0,30.06,P,SimuProB-2,EV_107
381.857,0.0,41.55,0.0,1,4.221,0,32.76,4.322,0.0,-28.0,185.0,EV_107,0.0,610,0.0,RC358893_1,28.23,79103.84,RC358893,176.27,0.0,30.12,P,SimuProB-2,EV_107
382.143,0.0,41.55,0.0,1,4.229,0,32.88,4.33,0.0,-29.5,185.0,EV_107,0.0,620,0.0,RC358893_1,28.29,79103.84,RC358893,176.27,0.0,30.18,P,SimuProB-2,EV_107
382.406,0.0,41.55,0.0,1,4.237,0,33.02,4.338,0.0,-31.0,185.0,EV_107,0.0,630,0.0,RC358893_1,28.35,79103.84,RC358893,176.27,0.0,30.24,P,SimuProB-2,EV_107
382.354,0.0,41.55,0.0,1,4.245,0,33.16,4.345,0.0,-30.8,185.0,EV_107,0.0,640,0.0,RC358893_1,28.41,79103.84,RC358893,176.27,0.0,30.3,P,SimuProB-2,EV_107
383.101,0.0,41.55,0.0,1,4.253,0,33.3,4.353,0.0,-29.1,185.0,EV_107,0.0,650,0.0,RC358893_1,28.47,79103.84,RC358893,176.27,0.0,30.36,P,SimuProB-2,EV_107
382.964,0.0,41.55,0.0,1,4.261,0,33.44,4.361,0.0,-26.6,185.0,EV_107,0.0,660,0.0,RC358893_1,28.53,79103.84,RC358893,176.27,0.0,30.42,P,SimuProB-2,EV_107
383.353,0.0,41.55,0.0,1,4.269,0,33.57,4.369,0.0,-28.6,185.0,EV_107,0.0,670,0.0,RC358893_1,28.59,79103.84,RC358893,176.27,0.0,30.48,P,SimuProB-2,EV_107
384.001,0.0,41.55,0.0,1,4.277,0,33.69,4.377,0.0,-24.5,185.0,EV_107,0.0,680,0.0,RC358893_1,28.65,79103.84,RC358893,176.27,0.0,30.54,P,SimuProB-2,EV_107
384.344,0.0,41.55,0.0,1,4.282,0,33.83,4.382,0.0,-28.5,185.0,EV_107,0.0,690,0.0,RC358893_1,28.7,79103.84,RC358893,176.27,0.0,30.59,P,SimuProB-2,EV_107
385.066,0.0,41.55,0.0,1,4.289,0,33.97,4.389,0.0,-24.8,185.0,EV_107,0.0,700,0.0,RC358893_1,28.75,79103.84,RC358893,176.27,0.0,30.64,P,SimuProB-2,EV_107
385.086,0.0,41.55,0.0,1,4.295,0,34.08,4.395,0.0,-22.8,185.0,EV_107,0.0,710,0.0,RC358893_1,28.8,79103.84,RC358893,176.27,0.0,30.69,P,SimuProB-2,EV_107
385.436,0.0,41.55,0.0,1,4.302,0,34.21,4.402,0.0,-25.1,185.0,EV_107,0.0,720,0.0,RC358893_1,28.86,79103.84,RC358893,176.27,0.0,30.75,P,SimuProB-2,EV_107
385.97,0.0,41.55,0.0,1,4.309,0,34.34,4.409,0.0,-25.2,185.0,EV_107,0.0,730,0.0,RC358893_1,28.92,79103.84,RC358893,176.27,0.0,30.81,P,SimuProB-2,EV_107
387.163,0.0,41.55,0.0,1,4.316,0,34.46,4.416,0.0,-27.3,185.0,EV_107,0.0,740,0.0,RC358893_1,28.98,79103.84,RC358893,176.27,0.0,30.87,P,SimuProB-2,EV_107
387.367,0.0,41.55,0.0,1,4.323,0,34.58,4.423,0.0,-25.5,185.0,EV_107,0.0,750,0.0,RC358893_1,29.03,79103.84,RC358893,176.27,0.0,30.92,P,SimuProB-2,EV_107
387.79,0.0,41.55,0.0,1,4.331,0,34.69,4.431,0.0,-23.2,185.0,EV_107,0.0,760,0.0,RC358893_1,29.08,79103.84,RC358893,176.27,0.0,30.98,P,SimuProB-2,EV_107
387.342,0.0,41.55,0.0,1,4.339,0,34.78,4.439,0.0,-26.2,185.0,EV_107,0.0,770,0.0,RC358893_1,29.14,79103.84,RC358893,176.27,0.0,31.04,P,SimuProB-2,EV_107
387.799,0.0,41.55,0.0,1,4.346,0,34.9,4.446,0.0,-24.8,185.0,EV_107,0.0,780,0.0,RC358893_1,29.2,79103.84,RC358893,176.27,0.0,31.1,P,SimuProB-2,EV_107
388.151,0.0,41.55,0.0,1,4.353,0,35.02,4.45,0.0,-23.8,185.0,EV_107,0.0,790,0.0,RC358893_1,29.26,79103.84,RC358893,176.27,0.0,31.16,P,SimuProB-2,EV_107
388.962,0.0,41.55,0.0,1,4.36,0,35.14,4.45,0.0,-26.8,185.0,EV_107,0.0,800,0.0,RC358893_1,29.32,79103.84,RC358893,176.27,0.0,31.22,P,SimuProB-2,EV_107
389.59,0.0,41.55,0.0,1,4.364,0,35.26,4.45,0.0,-28.2,185.0,EV_107,0.0,810,0.0,RC358893_1,29.37,79103.84,RC358893,176.27,0.0,31.27,P,SimuProB-2,EV_107
390.177,0.0,41.55,0.0,1,4.369,0,35.38,4.45,0.0,-22.6,185.0,EV_107,0.0,820,0.0,RC358893_1,29.41,79103.84,RC358893,176.27,0.0,31.31,P,SimuProB-2,EV_107
390.582,0.0,41.55,0.0,1,4.374,0,35.51,4.45,0.0,-28.8,185.0,EV_107,0.0,830,0.0,RC358893_1,29.46,79103.84,RC358893,176.27,0.0,31.36,P,SimuProB-2,EV_107
390.695,0.0,41.55,0.0,1,4.378,0,35.63,4.45,0.0,-29.3,185.0,EV_107,0.0,840,0.0,RC358893_1,29.51,79103.84,RC358893,176.27,0.0,31.41,P,SimuProB-2,EV_107
391.863,0.0,41.55,0.0,1,4.382,0,35.75,4.45,0.0,-30.9,185.0,EV_107,0.0,850,0.0,RC358893_1,29.56,79103.84,RC358893,176.27,0.0,31.46,P,SimuProB-2,EV_107
391.506,0.0,41.55,0.0,1,4.386,0,35.88,4.45,0.0,-26.1,185.0,EV_107,0.0,860,0.0,RC358893_1,29.61,79103.84,RC358893,176.27,0.0,31.51,P,SimuProB-2,EV_107
391.713,0.0,41.55,0.0,1,4.391,0,36.02,4.45,0.0,-24.7,185.0,EV_107,0.0,870,0.0,RC358893_1,29.66,79103.84,RC358893,176.27,0.0,31.56,P,SimuProB-2,EV_107
393.142,0.0,41.55,0.0,1,4.396,0,36.19,4.45,0.0,-27.9,185.0,EV_107,0.0,880,0.0,RC358893_1,29.71,79103.84,RC358893,176.27,0.0,31.61,P,SimuProB-2,EV_107
393.036,0.0,41.55,0.0,1,4.401,0,36.34,4.45,0.0,-25.8,185.0,EV_107,0.0,890,0.0,RC358893_1,29.76,79103.84,RC358893,176.27,0.0,31.66,P,SimuProB-2,EV_107
393.096,0.0,41.55,0.0,1,4.405,0,36.54,4.45,0.0,-28.6,185.0,EV_107,0.0,900,0.0,RC358893_1,29.82,79103.84,RC358893,176.27,0.0,31.72,P,SimuProB-2,EV_107
393.643,0.0,41.55,0.0,1,4.408,0,36.7,4.45,0.0,-26.8,185.0,EV_107,0.0,910,0.0,RC358893_1,29.88,79103.84,RC358893,176.27,0.0,31.78,P,SimuProB-2,EV_107
393.973,0.0,41.55,0.0,1,4.412,0,36.89,4.45,0.0,-26.8,185.0,EV_107,0.0,920,0.0,RC358893_1,29.94,79103.84,RC358893,176.27,0.0,31.84,P,SimuProB-2,EV_107
394.3,0.0,41.55,0.0,1,4.415,0,37.04,4.45,0.0,-26.1,185.0,EV_107,0.0,930,0.0,RC358893_1,29.99,79103.84,RC358893,176.27,0.0,31.89,P,SimuProB-2,EV_107
394.646,0.0,41.55,0.0,1,4.419,0,37.2,4.45,0.0,-28.8,185.0,EV_107,0.0,940,0.0,RC358893_1,30.05,79103.84,RC358893,176.27,0.0,31.94,P,SimuProB-2,EV_107
394.979,0.0,41.55,0.0,1,4.423,0,37.37,4.45,0.0,-28.6,185.0,EV_107,0.0,950,0.0,RC358893_1,30.11,79103.84,RC358893,176.27,0.0,32.0,P,SimuProB-2,EV_107
395.143,0.0,41.55,0.0,1,4.426,0,37.54,4.45,0.0,-26.3,185.0,EV_107,0.0,960,0.0,RC358893_1,30.17,79103.84,RC358893,176.27,0.0,32.06,P,SimuProB-2,EV_107
395.266,0.0,41.55,0.0,1,4.429,0,37.69,4.45,0.0,-25.6,185.0,EV_107,0.0,970,0.0,RC358893_1,30.23,79103.84,RC358893,176.27,0.0,32.12,P,SimuProB-2,EV_107
395.525,0.0,41.55,0.0,1,4.433,0,37.86,4.45,0.0,-26.8,185.0,EV_107,0.0,980,0.0,RC358893_1,30.29,79103.84,RC358893,176.27,0.0,32.18,P,SimuProB-2,EV_107
395.392,0.0,41.55,0.0,1,4.436,0,38.04,4.45,0.0,-29.6,185.0,EV_107,0.0,990,0.0,RC358893_1,30.35,79103.84,RC358893,176.27,0.0,32.24,P,SimuProB-2,EV_107
396.515,0.0,41.55,0.0,1,4.439,0,38.22,4.45,0.0,-24.5,185.0,EV_107,0.0,1000,0.0,RC358893_1,30.41,79103.84,RC358893,176.27,0.0,32.3,P,SimuProB-2,EV_107
396.515,0.0,41.55,0.0,1,4.442,0,38.4,4.45,0.0,-30.1,185.0,EV_107,0.0,1010,0.0,RC358893_1,30.47,79103.84,RC358893,176.27,0.0,32.36,P,SimuProB-2,EV_107
396.929,0.0,41.55,0.0,1,4.443,0,38.6,4.45,0.0,-27.8,185.0,EV_107,0.0,1020,0.0,RC358893_1,30.52,79103.84,RC358893,176.27,0.0,32.41,P,SimuProB-2,EV_107
397.306,0.0,41.55,0.0,1,4.444,0,38.75,4.45,0.0,-24.7,185.0,EV_107,0.0,1030,0.0,RC358893_1,30.57,79103.84,RC358893,176.27,0.0,32.46,P,SimuProB-2,EV_107
397.044,0.0,41.55,0.0,1,4.445,0,38.91,4.45,0.0,-26.6,185.0,EV_107,0.0,1040,0.0,RC358893_1,30.62,79103.84,RC358893,176.27,0.0,32.51,P,SimuProB-2,EV_107
397.399,0.0,41.55,0.0,1,4.446,0,39.15,4.45,0.0,-27.2,185.0,EV_107,0.0,1050,0.0,RC358893_1,30.68,79103.84,RC358893,176.27,0.0,32.56,P,SimuProB-2,EV_107
397.602,0.0,41.55,0.0,1,4.447,0,39.38,4.45,0.0,-27.9,185.0,EV_107,0.0,1060,0.0,RC358893_1,30.73,79103.84,RC358893,176.27,0.0,32.61,P,SimuProB-2,EV_107
397.567,0.0,41.55,0.0,1,4.448,0,39.62,4.45,0.0,-24.9,185.0,EV_107,0.0,1070,0.0,RC358893_1,30.78,79103.84,RC358893,176.27,0.0,32.66,P,SimuProB-2,EV_107
397.972,0.0,41.55,0.0,1,4.448,0,39.89,4.45,0.0,-30.4,185.0,EV_107,0.0,1080,0.0,RC358893_1,30.83,79103.84,RC358893,176.27,0.0,32.71,P,SimuProB-2,EV_107
397.725,0.0,41.55,0.0,1,4.45,0,40.16,4.45,0.0,-29.6,185.0,EV_107,0.0,1090,0.0,RC358893_1,30.88,79103.84,RC358893,176.27,0.0,32.76,P,SimuProB-2,EV_107
398.447,0.0,41.55,0.0,1,4.45,0,40.43,4.45,0.0,-27.9,185.0,EV_107,0.0,1100,0.0,RC358893_1,30.93,79103.84,RC358893,176.27,0.0,32.81,P,SimuProB-2,EV_107
398.351,0.0,41.55,0.0,1,4.45,0,40.72,4.45,0.0,-30.2,185.0,EV_107,0.0,1110,0.0,RC358893_1,30.97,79103.84,RC358893,176.27,0.0,32.85,P,SimuProB-2,EV_107
398.294,0.0,41.55,0.0,1,4.45,0,40.98,4.45,0.0,-26.8,185.0,EV_107,0.0,1120,0.0,RC358893_1,31.02,79103.84,RC358893,176.27,0.0,32.9,P,SimuProB-2,EV_107
398.726,0.0,41.55,0.0,1,4.45,0,41.27,4.45,0.0,-32.5,185.0,EV_107,0.0,1130,0.0,RC358893_1,31.06,79103.84,RC358893,176.27,0.0,32.94,P,SimuProB-2,EV_107
398.739,0.0,41.55,0.0,1,4.45,0,41.37,4.45,0.0,-32.4,185.0,EV_107,0.0,1140,0.0,RC358893_1,31.1,79103.84,RC358893,176.27,0.0,32.98,P,SimuProB-2,EV_107
398.737,0.0,41.55,0.0,1,4.45,0,41.43,4.45,0.0,-33.5,185.0,EV_107,0.0,1150,0.0,RC358893_1,31.14,79103.84,RC358893,176.27,0.0,33.02,P,SimuProB-2,EV_107
399.698,0.0,41.55,0.0,1,4.45,0,41.53,4.45,0.0,-32.8,185.0,EV_107,0.0,1160,0.0,RC358893_1,31.18,79103.84,RC358893,176.27,0.0,33.06,P,SimuProB-2,EV_107
399.886,0.0,41.55,0.0,1,4.45,0,41.63,4.45,0.0,-30.5,185.0,EV_107,0.0,1170,0.0,RC358893_1,31.25,79103.84,RC358893,176.27,0.0,33.12,P,SimuProB-2,EV_107
400.154,0.0,41.55,0.0,1,4.45,0,41.76,4.45,0.0,-32.8,185.0,EV_107,0.0,1180,0.0,RC358893_1,31.32,79103.84,RC358893,176.27,0.0,33.18,P,SimuProB-2,EV_107
400.373,0.0,41.55,0.0,1,4.45,0,41.85,4.45,0.0,-35.2,185.0,EV_107,0.0,1190,0.0,RC358893_1,31.4,79103.84,RC358893,176.27,0.0,33.25,P,SimuProB-2,EV_107
400.807,0.0,41.55,0.0,1,4.45,0,41.94,4.45,0.0,-30.6,185.0,EV_107,0.0,1200,0.0,RC358893_1,31.47,79103.84,RC358893,176.27,0.0,33.32,P,SimuProB-2,EV_107
400.726,0.0,41.55,0.0,1,4.45,0,42.02,4.45,0.0,-31.1,185.0,EV_107,0.0,1210,0.0,RC358893_1,31.53,79103.84,RC358893,176.27,0.0,33.38,P,SimuProB-2,EV_107
401.213,0.0,41.55,0.0,1,4.45,0,42.1,4.45,0.0,-32.9,185.0,EV_107,0.0,1220,0.0,RC358893_1,31.59,79103.84,RC358893,176.27,0.0,33.44,P,SimuProB-2,EV_107
402.062,0.0,41.55,0.0,1,4.45,0,42.18,4.45,0.0,-31.4,185.0,EV_107,0.0,1230,0.0,RC358893_1,31.64,79103.84,RC358893,176.27,0.0,33.49,P,SimuProB-2,EV_107
401.992,0.0,41.55,0.0,1,4.45,0,42.26,4.45,0.0,-33.6,185.0,EV_107,0.0,1240,0.0,RC358893_1,31.69,79103.84,RC358893,176.27,0.0,33.54,P,SimuProB-2,EV_107
402.515,0.0,41.55,0.0,1,4.45,0,42.34,4.45,0.0,-33.2,185.0,EV_107,0.0,1250,0.0,RC358893_1,31.74,79103.84,RC358893,176.27,0.0,33.59,P,SimuProB-2,EV_107
402.707,0.0,41.55,0.0,1,4.45,0,42.42,4.45,0.0,-31.6,185.0,EV_107,0.0,1260,0.0,RC358893_1,31.79,79103.84,RC358893,176.27,0.0,33.64,P,SimuProB-2,EV_107
403.144,0.0,41.55,0.0,1,4.45,0,42.5,4.45,0.0,-31.7,185.0,EV_107,0.0,1270,0.0,RC358893_1,31.84,79103.84,RC358893,176.27,0.0,33.69,P,SimuProB-2,EV_107
403.183,0.0,41.55,0.0,1,4.45,0,42.59,4.45,0.0,-32.9,185.0,EV_107,0.0,0,0.0,RC358893_2,31.89,79103.84,RC358893,176.27,0.0,33.74,P,SimuProB-2,EV_107
403.699,0.0,41.55,0.0,1,4.45,0,42.7,4.45,0.0,-34.8,185.0,EV_107,0.0,10,0.0,RC358893_2,31.94,79103.84,RC358893,176.27,0.0,33.79,P,SimuProB-2,EV_107
403.376,0.0,41.55,0.0,1,4.45,0,42.77,4.45,0.0,-30.5,185.0,EV_107,0.0,20,0.0,RC358893_2,31.99,79103.84,RC358893,176.27,0.0,33.84,P,SimuProB-2,EV_107
403.808,0.0,41.55,0.0,1,4.45,0,42.86,4.45,0.0,-34.0,185.0,EV_107,0.0,30,0.0,RC358893_2,32.04,79103.84,RC358893,176.27,0.0,33.89,P,SimuProB-2,EV_107
403.768,0.0,41.55,0.0,1,4.44,0,42.95,4.45,0.0,-32.3,185.0,EV_107,0.0,40,0.0,RC358893_2,32.08,79103.84,RC358893,176.27,0.0,33.92,P,SimuProB-2,EV_107
404.05,0.0,41.55,0.0,1,4.45,0,43.05,4.45,0.0,-33.1,185.0,EV_107,0.0,50,0.0,RC358893_2,32.12,79103.84,RC358893,176.27,0.0,33.95,P,SimuProB-2,EV_107
405.082,0.0,41.55,0.0,1,4.45,0,43.14,4.45,0.0,-28.8,185.0,EV_107,0.0,60,0.0,RC358893_2,32.16,79103.84,RC358893,176.27,0.0,33.98,P,SimuProB-2,EV_107
405.634,0.0,41.55,0.0,1,4.44,0,43.24,4.45,0.0,-30.8,185.0,EV_107,0.0,70,0.0,RC358893_2,32.21,79103.84,RC358893,176.27,0.0,34.03,P,SimuProB-2,EV_107
405.249,0.0,41.55,0.0,1,4.44,0,43.34,4.45,0.0,-26.3,185.0,EV_107,0.0,80,0.0,RC358893_2,32.26,79103.84,RC358893,176.27,0.0,34.08,P,SimuProB-2,EV_107
406.094,0.0,41.55,0.0,1,4.45,0,43.43,4.45,0.0,-27.4,185.0,EV_107,0.0,90,0.0,RC358893_2,32.31,79103.84,RC358893,176.27,0.0,34.13,P,SimuProB-2,EV_107
406.725,0.0,41.55,0.0,1,4.44,0,43.53,4.45,0.0,-28.5,185.0,EV_107,0.0,100,0.0,RC358893_2,32.36,79103.84,RC358893,176.27,0.0,34.17,P,SimuProB-2,EV_107
407.298,0.0,41.55,0.0,1,4.44,0,43.63,4.45,0.0,-30.0,185.0,EV_107,0.0,110,0.0,RC358893_2,32.41,79103.84,RC358893,176.27,0.0,34.22,P,SimuProB-2,EV_107
407.444,0.0,41.55,0.0,1,4.45,0,43.73,4.45,0.0,-25.9,185.0,EV_107,0.0,120,0.0,RC358893_2,32.46,79103.84,RC358893,176.27,0.0,34.27,P,SimuProB-2,EV_107
407.826,0.0,41.55,0.0,1,4.44,0,43.83,4.45,0.0,-28.0,185.0,EV_107,0.0,130,0.0,RC358893_2,32.51,79103.84,RC358893,176.27,0.0,34.31,P,SimuProB-2,EV_107
407.741,0.0,41.55,0.0,1,4.44,0,43.95,4.45,0.0,-28.3,185.0,EV_107,0.0,140,0.0,RC358893_2,32.56,79103.84,RC358893,176.27,0.0,34.36,P,SimuProB-2,EV_107
408.351,0.0,41.55,0.0,1,4.44,0,44.06,4.45,0.0,-27.6,185.0,EV_107,0.0,150,0.0,RC358893_2,32.61,79103.84,RC358893,176.27,0.0,34.41,P,SimuProB-2,EV_107
408.418,0.0,41.55,0.0,1,4.44,0,44.18,4.45,0.0,-26.5,185.0,EV_107,0.0,160,0.0,RC358893_2,32.66,79103.84,RC358893,176.27,0.0,34.46,P,SimuProB-2,EV_107
409.146,0.0,41.55,0.0,1,4.44,0,44.27,4.45,0.0,-27.8,185.0,EV_107,0.0,170,0.0,RC358893_2,32.71,79103.84,RC358893,176.27,0.0,34.51,P,SimuProB-2,EV_107
409.366,0.0,41.55,0.0,1,4.44,0,44.37,4.45,0.0,-27.4,185.0,EV_107,0.0,180,0.0,RC358893_2,32.76,79103.84,RC358893,176.27,0.0,34.56,P,SimuProB-2,EV_107
409.365,0.0,41.55,0.0,1,4.44,0,44.48,4.45,0.0,-25.8,185.0,EV_107,0.0,190,0.0,RC358893_2,32.81,79103.84,RC358893,176.27,0.0,34.61,P,SimuProB-2,EV_107
409.457,0.0,41.55,0.0,1,4.44,0,44.59,4.45,0.0,-24.7,185.0,EV_107,0.0,200,0.0,RC358893_2,32.86,79103.84,RC358893,176.27,0.0,34.66,P,SimuProB-2,EV_107
410.144,0.0,41.55,0.0,1,4.44,0,44.71,4.45,0.0,-23.9,185.0,EV_107,0.0,210,0.0,RC358893_2,32.91,79103.84,RC358893,176.27,0.0,34.71,P,SimuProB-2,EV_107
410.079,0.0,41.55,0.0,1,4.44,0,44.83,4.45,0.0,-23.6,185.0,EV_107,0.0,220,0.0,RC358893_2,32.96,79103.84,RC358893,176.27,0.0,34.76,P,SimuProB-2,EV_107
410.788,0.0,41.55,0.0,1,4.44,0,44.96,4.45,0.0,-23.3,185.0,EV_107,0.0,230,0.0,RC358893_2,33.01,79103.84,RC358893,176.27,0.0,34.81,P,SimuProB-2,EV_107
411.301,0.0,41.55,0.0,1,4.44,0,45.08,4.45,0.0,-25.0,185.0,EV_107,0.0,240,0.0,RC358893_2,33.06,79103.84,RC358893,176.27,0.0,34.86,P,SimuProB-2,EV_107
412.333,0.0,41.55,0.0,1,4.44,0,45.2,4.45,0.0,-23.1,185.0,EV_107,0.0,250,0.0,RC358893_2,33.1,79103.84,RC358893,176.27,0.0,34.9,P,SimuProB-2,EV_107
411.92,0.0,41.55,0.0,1,4.44,0,45.32,4.45,0.0,-24.3,185.0,EV_107,0.0,260,0.0,RC358893_2,33.15,79103.84,RC358893,176.27,0.0,34.95,P,SimuProB-2,EV_107
412.88,0.0,41.55,0.0,1,4.44,0,45.46,4.45,0.0,-26.3,185.0,EV_107,0.0,270,0.0,RC358893_2,33.2,79103.84,RC358893,176.27,0.0,35.0,P,SimuProB-2,EV_107
413.161,0.0,41.55,0.0,1,4.44,0,45.58,4.45,0.0,-23.8,185.0,EV_107,0.0,280,0.0,RC358893_2,33.24,79103.84,RC358893,176.27,0.0,35.04,P,SimuProB-2,EV_107
414.046,0.0,41.55,0.0,1,4.44,0,45.67,4.45,0.0,-25.9,185.0,EV_107,0.0,290,0.0,RC358893_2,33.28,79103.84,RC358893,176.27,0.0,35.08,P,SimuProB-2,EV_107
414.344,0.0,41.55,0.0,1,4.44,0,45.76,4.45,0.0,-27.8,185.0,EV_107,0.0,300,0.0,RC358893_2,33.32,79103.84,RC358893,176.27,0.0,35.12,P,SimuProB-2,EV_107
414.132,0.0,41.55,0.0,1,4.44,0,45.88,4.45,0.0,-28.3,185.0,EV_107,0.0,310,0.0,RC358893_2,33.35,79103.84,RC358893,176.27,0.0,35.15,P,SimuProB-2,EV_107
415.046,0.0,41.55,0.0,1,4.45,0,46.0,4.45,0.0,-23.6,185.0,EV_107,0.0,320,0.0,RC358893_2,33.38,79103.84,RC358893,176.27,0.0,35.18,P,SimuProB-2,EV_107
415.435,0.0,41.55,0.0,1,4.45,0,46.09,4.45,0.0,-26.8,185.0,EV_107,0.0,330,0.0,RC358893_2,33.41,79103.84,RC358893,176.27,0.0,35.21,P,SimuProB-2,EV_107
415.372,0.0,41.55,0.0,1,4.45,0,46.19,4.45,0.0,-25.4,185.0,EV_107,0.0,340,0.0,RC358893_2,33.45,79103.84,RC358893,176.27,0.0,35.25,P,SimuProB-2,EV_107
415.652,0.0,41.55,0.0,1,4.45,0,46.29,4.45,0.0,-28.9,185.0,EV_107,0.0,350,0.0,RC358893_2,33.49,79103.84,RC358893,176.27,0.0,35.29,P,SimuProB-2,EV_107
416.852,0.0,41.55,0.0,1,4.45,0,46.36,4.45,0.0,-26.6,185.0,EV_107,0.0,360,0.0,RC358893_2,33.53,79103.84,RC358893,176.27,0.0,35.33,P,SimuProB-2,EV_107
417.389,0.0,41.55,0.0,1,4.45,0,46.43,4.45,0.0,-29.5,185.0,EV_107,0.0,370,0.0,RC358893_2,33.56,79103.84,RC358893,176.27,0.0,35.36,P,SimuProB-2,EV_107
417.421,0.0,41.55,0.0,1,4.45,0,46.5,4.45,0.0,-26.7,185.0,EV_107,0.0,380,0.0,RC358893_2,33.6,79103.84,RC358893,176.27,0.0,35.4,P,SimuProB-2,EV_107
418.206,0.0,41.55,0.0,1,4.45,0,46.58,4.45,0.0,-28.8,185.0,EV_107,0.0,390,0.0,RC358893_2,33.64,79103.84,RC358893,176.27,0.0,35.44,P,SimuProB-2,EV_107
419.59,0.0,41.55,0.0,1,4.44,0,46.65,4.45,0.0,-27.8,185.0,EV_107,0.0,400,0.0,RC358893_2,33.68,79103.84,RC358893,176.27,0.0,35.48,P,SimuProB-2,EV_107
419.703,0.0,41.55,0.0,1,4.44,0,46.72,4.45,0.0,-26.7,185.0,EV_107,0.0,410,0.0,RC358893_2,33.72,79103.84,RC358893,176.27,0.0,35.52,P,SimuProB-2,EV_107
420.621,0.0,41.55,0.0,1,4.45,0,46.8,4.45,0.0,-26.5,185.0,EV_107,0.0,420,0.0,RC358893_2,33.76,79103.84,RC358893,176.27,0.0,35.56,P,SimuProB-2,EV_107
421.235,0.0,41.55,0.0,1,4.45,0,46.9,4.45,0.0,-23.8,185.0,EV_107,0.0,430,0.0,RC358893_2,33.8,79103.84,RC358893,176.27,0.0,35.6,P,SimuProB-2,EV_107
421.974,0.0,41.55,0.0,1,4.45,0,46.99,4.45,0.0,-28.0,185.0,EV_107,0.0,440,0.0,RC358893_2,33.84,79103.84,RC358893,176.27,0.0,35.64,P,SimuProB-2,EV_107
422.037,0.0,41.55,0.0,1,4.45,0,47.08,4.45,0.0,-28.9,185.0,EV_107,0.0,450,0.0,RC358893_2,33.88,79103.84,RC358893,176.27,0.0,35.68,P,SimuProB-2,EV_107
421.798,0.0,41.55,0.0,1,4.45,0,47.17,4.45,0.0,-29.6,185.0,EV_107,0.0,460,0.0,RC358893_2,33.92,79103.84,RC358893,176.27,0.0,35.72,P,SimuProB-2,EV_107
422.211,0.0,41.55,0.0,1,4.45,0,47.24,4.45,0.0,-29.9,185.0,EV_107,0.0,470,0.0,RC358893_2,33.96,79103.84,RC358893,176.27,0.0,35.76,P,SimuProB-2,EV_107
422.069,0.0,41.55,0.0,1,4.45,0,47.33,4.45,0.0,-29.6,185.0,EV_107,0.0,480,0.0,RC358893_2,34.0,79103.84,RC358893,176.27,0.0,35.8,P,SimuProB-2,EV_107
422.48,0.0,41.55,0.0,1,4.45,0,47.42,4.45,0.0,-32.0,185.0,EV_107,0.0,490,0.0,RC358893_2,34.04,79103.84,RC358893,176.27,0.0,35.84,P,SimuProB-2,EV_107
422.435,0.0,41.55,0.0,1,4.45,0,47.52,4.45,0.0,-30.3,185.0,EV_107,0.0,500,0.0,RC358893_2,34.08,79103.84,RC358893,176.27,0.0,35.88,P,SimuProB-2,EV_107
423.162,0.0,41.55,0.0,1,4.45,0,47.6,4.45,0.0,-27.4,185.0,EV_107,0.0,510,0.0,RC358893_2,34.12,79103.84,RC358893,176.27,0.0,35.92,P,SimuProB-2,EV_107
423.833,0.0,41.55,0.0,1,4.45,0,47.7,4.45,0.0,-30.9,185.0,EV_107,0.0,520,0.0,RC358893_2,34.16,79103.84,RC358893,176.27,0.0,35.96,P,SimuProB-2,EV_107
423.016,0.0,41.55,0.0,1,4.45,0,47.8,4.45,0.0,-28.1,185.0,EV_107,0.0,530,0.0,RC358893_2,34.2,79103.84,RC358893,176.27,0.0,36.0,P,SimuProB-2,EV_107
424.08,0.0,41.55,0.0,1,4.45,0,47.89,4.45,0.0,-32.8,185.0,EV_107,0.0,540,0.0,RC358893_2,34.24,79103.84,RC358893,176.27,0.0,36.04,P,SimuProB-2,EV_107
424.687,0.0,41.55,0.0,1,4.448,0,47.98,4.45,0.0,-31.8,185.0,EV_107,0.0,550,0.0,RC358893_2,34.28,79103.84,RC358893,176.27,0.0,36.08,P,SimuProB-2,EV_107
424.301,0.0,41.55,0.0,1,4.45,0,48.07,4.45,0.0,-26.3,185.0,EV_107,0.0,560,0.0,RC358893_2,34.32,79103.84,RC358893,176.27,0.0,36.12,P,SimuProB-2,EV_107
424.349,0.0,41.55,0.0,1,4.45,0,48.17,4.45,0.0,-30.1,185.0,EV_107,0.0,570,0.0,RC358893_2,34.36,79103.84,RC358893,176.27,0.0,36.16,P,SimuProB-2,EV_107
425.019,0.0,41.55,0.0,1,4.449,0,48.28,4.45,0.0,-30.5,185.0,EV_107,0.0,580,0.0,RC358893_2,34.4,79103.84,RC358893,176.27,0.0,36.2,P,SimuProB-2,EV_107
425.19,0.0,41.55,0.0,1,4.448,0,48.34,4.45,0.0,-27.3,185.0,EV_107,0.0,590,0.0,RC358893_2,34.45,79103.84,RC358893,176.27,0.0,36.25,P,SimuProB-2,EV_107
425.75,0.0,41.55,0.0,1,4.447,0,48.43,4.45,0.0,-31.7,185.0,EV_107,0.0,600,0.0,RC358893_2,34.5,79103.84,RC358893,176.27,0.0,36.3,P,SimuProB-2,EV_107
426.042,0.0,41.55,0.0,1,4.446,0,48.52,4.449,0.0,-28.3,185.0,EV_107,0.0,610,0.0,RC358893_2,34.55,79103.84,RC358893,176.27,0.0,36.35,P,SimuProB-2,EV_107
426.096,0.0,41.55,0.0,1,4.445,0,48.64,4.45,0.0,-31.9,185.0,EV_107,0.0,620,0.0,RC358893_2,34.62,79103.84,RC358893,176.27,0.0,36.42,P,SimuProB-2,EV_107
427.295,0.0,41.55,0.0,1,4.444,0,48.76,4.45,0.0,-26.3,185.0,EV_107,0.0,630,0.0,RC358893_2,34.7,79103.84,RC358893,176.27,0.0,36.49,P,SimuProB-2,EV_107
427.152,0.0,41.55,0.0,1,4.443,0,48.89,4.45,0.0,-30.8,185.0,EV_107,0.0,640,0.0,RC358893_2,34.78,79103.84,RC358893,176.27,0.0,36.56,P,SimuProB-2,EV_107
427.329,0.0,41.55,0.0,1,4.442,0,49.01,4.45,0.0,-25.1,185.0,EV_107,0.0,650,0.0,RC358893_2,34.86,79103.84,RC358893,176.27,0.0,36.63,P,SimuProB-2,EV_107
427.773,0.0,41.55,0.0,1,4.441,0,49.16,4.45,0.0,-30.4,185.0,EV_107,0.0,660,0.0,RC358893_2,34.95,79103.84,RC358893,176.27,0.0,36.71,P,SimuProB-2,EV_107
427.886,0.0,41.55,0.0,1,4.439,0,49.25,4.45,0.0,-29.4,185.0,EV_107,0.0,670,0.0,RC358893_2,35.02,79103.84,RC358893,176.27,0.0,36.78,P,SimuProB-2,EV_107
428.677,0.0,41.55,0.0,1,4.438,0,49.35,4.45,0.0,-26.7,185.0,EV_107,0.0,680,0.0,RC358893_2,35.09,79103.84,RC358893,176.27,0.0,36.84,P,SimuProB-2,EV_107
428.818,0.0,41.55,0.0,1,4.436,0,49.44,4.45,0.0,-28.9,185.0,EV_107,0.0,690,0.0,RC358893_2,35.17,79103.84,RC358893,176.27,0.0,36.91,P,SimuProB-2,EV_107
429.223,0.0,41.55,0.0,1,4.435,0,49.55,4.45,0.0,-27.0,185.0,EV_107,0.0,700,0.0,RC358893_2,35.22,79103.84,RC358893,176.27,0.0,36.96,P,SimuProB-2,EV_107
429.943,0.0,41.55,0.0,1,4.433,0,49.63,4.45,0.0,-28.4,185.0,EV_107,0.0,710,0.0,RC358893_2,35.27,79103.84,RC358893,176.27,0.0,37.01,P,SimuProB-2,EV_107
429.744,0.0,41.55,0.0,1,4.431,0,49.71,4.45,0.0,-28.4,185.0,EV_107,0.0,720,0.0,RC358893_2,35.32,79103.84,RC358893,176.27,0.0,37.06,P,SimuProB-2,EV_107
430.566,0.0,41.55,0.0,1,4.43,0,49.81,4.45,0.0,-28.1,185.0,EV_107,0.0,730,0.0,RC358893_2,35.37,79103.84,RC358893,176.27,0.0,37.11,P,SimuProB-2,EV_107
430.567,0.0,41.55,0.0,1,4.429,0,49.88,4.45,0.0,-28.1,185.0,EV_107,0.0,740,0.0,RC358893_2,35.41,79103.84,RC358893,176.27,0.0,37.15,P,SimuProB-2,EV_107
430.864,0.0,41.55,0.0,1,4.428,0,49.96,4.45,0.0,-25.6,185.0,EV_107,0.0,750,0.0,RC358893_2,35.46,79103.84,RC358893,176.27,0.0,37.2,P,SimuProB-2,EV_107
430.996,0.0,41.55,0.0,1,4.428,0,50.04,4.45,0.0,-24.9,185.0,EV_107,0.0,760,0.0,RC358893_2,35.49,79103.84,RC358893,176.27,0.0,37.23,P,SimuProB-2,EV_107
431.193,0.0,41.55,0.0,1,4.427,0,50.12,4.45,0.0,-28.5,185.0,EV_107,0.0,770,0.0,RC358893_2,35.53,79103.84,RC358893,176.27,0.0,37.27,P,SimuProB-2,EV_107
431.686,0.0,41.55,0.0,1,4.426,0,50.19,4.45,0.0,-24.6,185.0,EV_107,0.0,780,0.0,RC358893_2,35.57,79103.84,RC358893,176.27,0.0,37.31,P,SimuProB-2,EV_107
431.731,0.0,41.55,0.0,1,4.425,0,50.28,4.45,0.0,-22.3,185.0,EV_107,0.0,790,0.0,RC358893_2,35.61,79103.84,RC358893,176.27,0.0,37.35,P,SimuProB-2,EV_107
432.603,0.0,41.55,0.0,1,4.424,0,50.35,4.45,0.0,-26.9,185.0,EV_107,0.0,800,0.0,RC358893_2,35.65,79103.84,RC358893,176.27,0.0,37.39,P,SimuProB-2,EV_107
432.511,0.0,41.55,0.0,1,4.423,0,50.42,4.45,0.0,-26.6,185.0,EV_107,0.0,810,0.0,RC358893_2,35.69,79103.84,RC358893,176.27,0.0,37.43,P,SimuProB-2,EV_107
433.045,0.0,41.55,0.0,1,4.422,0,50.5,4.45,0.0,-27.5,185.0,EV_107,0.0,820,0.0,RC358893_2,35.72,79103.84,RC358893,176.27,0.0,37.46,P,SimuProB-2,EV_107
432.469,0.0,41.55,0.0,1,4.421,0,50.58,4.45,0.0,-27.3,185.0,EV_107,0.0,830,0.0,RC358893_2,35.76,79103.84,RC358893,176.27,0.0,37.5,P,SimuProB-2,EV_107
432.918,0.0,41.55,0.0,1,4.42,0,50.63,4.45,0.0,-25.8,185.0,EV_107,0.0,840,0.0,RC358893_2,35.8,79103.84,RC358893,176.27,0.0,37.54,P,SimuProB-2,EV_107
433.822,0.0,41.55,0.0,1,4.422,0,50.7,4.45,0.0,-24.2,185.0,EV_107,0.0,850,0.0,RC358893_2,35.84,79103.84,RC358893,176.27,0.0,37.58,P,SimuProB-2,EV_107
433.446,0.0,41.55,0.0,1,4.424,0,50.78,4.45,0.0,-27.0,185.0,EV_107,0.0,860,0.0,RC358893_2,35.88,79103.84,RC358893,176.27,0.0,37.62,P,SimuProB-2,EV_107
434.15,0.0,41.55,0.0,1,4.426,0,50.86,4.45,0.0,-28.2,185.0,EV_107,0.0,870,0.0,RC358893_2,35.92,79103.84,RC358893,176.27,0.0,37.66,P,SimuProB-2,EV_107
433.977,0.0,41.55,0.0,1,4.428,0,50.96,4.45,0.0,-27.7,185.0,EV_107,0.0,880,0.0,RC358893_2,35.96,79103.84,RC358893,176.27,0.0,37.7,P,SimuProB-2,EV_107
435.09,0.0,41.55,0.0,1,4.43,0,51.04,4.45,0.0,-30.9,185.0,EV_107,0.0,890,0.0,RC358893_2,36.0,79103.84,RC358893,176.27,0.0,37.74,P,SimuProB-2,EV_107
435.169,0.0,41.55,0.0,1,4.432,0,51.12,4.45,0.0,-23.4,185.0,EV_107,0.0,900,0.0,RC358893_2,36.04,79103.84,RC358893,176.27,0.0,37.78,P,SimuProB-2,EV_107
435.307,0.0,41.55,0.0,1,4.434,0,51.2,4.45,0.0,-26.8,185.0,EV_107,0.0,910,0.0,RC358893_2,36.07,79103.84,RC358893,176.27,0.0,37.81,P,SimuProB-2,EV_107
435.383,0.0,41.55,0.0,1,4.436,0,51.29,4.45,0.0,-22.8,185.0,EV_107,0.0,920,0.0,RC358893_2,36.11,79103.84,RC358893,176.27,0.0,37.85,P,SimuProB-2,EV_107
435.813,0.0,41.55,0.0,1,4.438,0,51.36,4.45,0.0,-23.8,185.0,EV_107,0.0,930,0.0,RC358893_2,36.15,79103.84,RC358893,176.27,0.0,37.89,P,SimuProB-2,EV_107
435.912,0.0,41.55,0.0,1,4.44,0,51.44,4.45,0.0,-26.5,185.0,EV_107,0.0,940,0.0,RC358893_2,36.19,79103.84,RC358893,176.27,0.0,37.93,P,SimuProB-2,EV_107
436.948,0.0,41.55,0.0,1,4.442,0,51.52,4.45,0.0,-21.7,185.0,EV_107,0.0,950,0.0,RC358893_2,36.24,79103.84,RC358893,176.27,0.0,37.98,P,SimuProB-2,EV_107
437.101,0.0,41.55,0.0,1,4.444,0,51.6,4.45,0.0,-25.6,185.0,EV_107,0.0,960,0.0,RC358893_2,36.28,79103.84,RC358893,176.27,0.0,38.02,P,SimuProB-2,EV_107
437.055,0.0,41.55,0.0,1,4.445,0,51.67,4.45,0.0,-26.0,185.0,EV_107,0.0,970,0.0,RC358893_2,36.32,79103.84,RC358893,176.27,0.0,38.06,P,SimuProB-2,EV_107
437.669,0.0,41.55,0.0,1,4.447,0,51.75,4.45,0.0,-26.7,185.0,EV_107,0.0,980,0.0,RC358893_2,36.36,79103.84,RC358893,176.27,0.0,38.1,P,SimuProB-2,EV_107
438.24,0.0,41.55,0.0,1,4.449,0,51.81,4.45,0.0,-22.6,185.0,EV_107,0.0,990,0.0,RC358893_2,36.4,79103.84,RC358893,176.27,0.0,38.14,P,SimuProB-2,EV_107
438.508,0.0,41.55,0.0,1,4.45,0,51.88,4.45,0.0,-26.5,185.0,EV_107,0.0,1000,0.0,RC358893_2,36.44,79103.84,RC358893,176.27,0.0,38.18,P,SimuProB-2,EV_107
439.17,0.0,41.55,0.0,1,4.45,0,51.93,4.45,0.0,-26.1,185.0,EV_107,0.0,1010,0.0,RC358893_2,36.48,79103.84,RC358893,176.27,0.0,38.22,P,SimuProB-2,EV_107
440.178,0.0,41.55,0.0,1,4.45,0,52.0,4.45,0.0,-25.1,185.0,EV_107,0.0,1020,0.0,RC358893_2,36.52,79103.84,RC358893,176.27,0.0,38.26,P,SimuProB-2,EV_107
441.038,0.0,41.55,0.0,1,4.45,0,52.06,4.45,0.0,-28.3,185.0,EV_107,0.0,1030,0.0,RC358893_2,36.57,79103.84,RC358893,176.27,0.0,38.31,P,SimuProB-2,EV_107
441.715,0.0,41.55,0.0,1,4.45,0,52.14,4.45,0.0,-24.4,185.0,EV_107,0.0,1040,0.0,RC358893_2,36.62,79103.84,RC358893,176.27,0.0,38.36,P,SimuProB-2,EV_107
441.86,0.0,41.55,0.0,1,4.45,0,52.18,4.45,0.0,-27.1,185.0,EV_107,0.0,1050,0.0,RC358893_2,36.67,79103.84,RC358893,176.27,0.0,38.41,P,SimuProB-2,EV_107
442.568,0.0,41.55,0.0,1,4.44,0,52.24,4.45,0.0,-30.1,185.0,EV_107,0.0,1060,0.0,RC358893_2,36.69,79103.84,RC358893,176.27,0.0,38.43,P,SimuProB-2,EV_107
443.404,0.0,41.55,0.0,1,4.44,0,52.31,4.45,0.0,-24.9,185.0,EV_107,0.0,1070,0.0,RC358893_2,36.71,79103.84,RC358893,176.27,0.0,38.45,P,SimuProB-2,EV_107
443.651,0.0,41.55,0.0,1,4.44,0,52.36,4.45,0.0,-26.7,185.0,EV_107,0.0,1080,0.0,RC358893_2,36.73,79103.84,RC358893,176.27,0.0,38.47,P,SimuProB-2,EV_107
444.42,0.0,41.55,0.0,1,4.44,0,52.41,4.45,0.0,-27.4,185.0,EV_107,0.0,1090,0.0,RC358893_2,36.75,79103.84,RC358893,176.27,0.0,38.49,P,SimuProB-2,EV_107
444.1,0.0,41.55,0.0,1,4.44,0,52.45,4.45,0.0,-27.5,185.0,EV_107,0.0,1100,0.0,RC358893_2,36.77,79103.84,RC358893,176.27,0.0,38.51,P,SimuProB-2,EV_107
444.242,0.0,41.55,0.0,1,4.44,0,52.51,4.45,0.0,-27.3,185.0,EV_107,0.0,1110,0.0,RC358893_2,36.79,79103.84,RC358893,176.27,0.0,38.53,P,SimuProB-2,EV_107
444.746,0.0,41.55,0.0,1,4.44,0,52.57,4.45,0.0,-27.1,185.0,EV_107,0.0,1120,0.0,RC358893_2,36.81,79103.84,RC358893,176.27,0.0,38.55,P,SimuProB-2,EV_107
445.0,0.0,41.55,0.0,1,4.44,0,52.62,4.45,0.0,-24.1,185.0,EV_107,0.0,1130,0.0,RC358893_2,36.83,79103.84,RC358893,176.27,0.0,38.57,P,SimuProB-2,EV_107
445.0,0.0,41.55,0.0,1,4.44,0,52.67,4.45,0.0,-26.3,185.0,EV_107,0.0,1140,0.0,RC358893_2,36.85,79103.84,RC358893,176.27,0.0,38.59,P,SimuProB-2,EV_107
445.0,0.0,41.55,0.0,1,4.44,0,52.74,4.45,0.0,-28.7,185.0,EV_107,0.0,1150,0.0,RC358893_2,36.87,79103.84,RC358893,176.27,0.0,38.61,P,SimuProB-2,EV_107
445.0,0.0,41.55,0.0,1,4.44,0,52.79,4.45,0.0,-26.3,185.0,EV_107,0.0,1160,0.0,RC358893_2,36.89,79103.84,RC358893,176.27,0.0,38.63,P,SimuProB-2,EV_107
445.0,0.0,41.55,0.0,1,4.44,0,52.85,4.45,0.0,-26.8,185.0,EV_107,0.0,1170,0.0,RC358893_2,36.91,79103.84,RC358893,176.27,0.0,38.65,P,SimuProB-2,EV_107
445.0,0.0,41.55,0.0,1,4.44,0,52.94,4.45,0.0,-25.2,185.0,EV_107,0.0,1180,0.0,RC358893_2,36.95,79103.84,RC358893,176.27,0.0,38.69,P,SimuProB-2,EV_107
445.0,0.0,41.55,0.0,1,4.44,0,53.0,4.45,0.0,-29.3,185.0,EV_107,0.0,1190,0.0,RC358893_2,37.0,79103.84,RC358893,176.27,0.0,38.74,P,SimuProB-2,EV_107
445.0,0.0,41.55,0.0,1,4.44,0,53.09,4.45,0.0,-28.9,185.0,EV_107,0.0,1200,0.0,RC358893_2,37.05,79103.84,RC358893,176.27,0.0,38.78,P,SimuProB-2,EV_107
445.0,0.0,41.55,0.0,1,4.44,0,53.16,4.45,0.0,-28.0,185.0,EV_107,0.0,1210,0.0,RC358893_2,37.1,79103.84,RC358893,176.27,0.0,38.82,P,SimuProB-2,EV_107
445.0,0.0,41.55,0.0,1,4.44,0,53.24,4.45,0.0,-30.8,185.0,EV_107,0.0,1220,0.0,RC358893_2,37.15,79103.84,RC358893,176.27,0.0,38.86,P,SimuProB-2,EV_107
445.0,0.0,41.55,0.0,1,4.44,0,53.3,4.45,0.0,-26.1,185.0,EV_107,0.0,1230,0.0,RC358893_2,37.2,79103.84,RC358893,176.27,0.0,38.9,P,SimuProB-2,EV_107
444.985,0.0,41.55,0.0,1,4.442,0,53.38,4.45,0.0,-27.5,185.0,EV_107,0.0,1240,0.0,RC358893_2,37.25,79103.84,RC358893,176.27,0.0,38.95,P,SimuProB-2,EV_107
445.0,0.0,41.55,0.0,1,4.445,0,53.47,4.45,0.0,-30.5,185.0,EV_107,0.0,1250,0.0,RC358893_2,37.32,79103.84,RC358893,176.27,0.0,39.02,P,SimuProB-2,EV_107
445.0,0.0,41.55,0.0,1,4.448,0,53.55,4.45,0.0,-31.7,185.0,EV_107,0.0,1260,0.0,RC358893_2,37.38,79103.84,RC358893,176.27,0.0,39.08,P,SimuProB-2,EV_107
445.0,0.0,41.55,0.0,1,4.445,0,53.62,4.45,0.0,-29.9,185.0,EV_107,0.0,1270,0.0,RC358893_2,37.4,79103.84,RC358893,176.27,0.0,39.1,P,SimuProB-2,EV_107
444.652,0.0,41.55,0.0,1,4.445,0,53.67,4.45,0.0,-30.1,185.0,EV_107,0.0,0,0.0,RC358893_3,37.42,79103.84,RC358893,176.27,0.0,39.12,P,SimuProB-2,EV_107
445.0,0.0,41.55,0.0,1,4.445,0,53.74,4.45,0.0,-27.6,185.0,EV_107,0.0,10,0.0,RC358893_3,37.45,79103.84,RC358893,176.27,0.0,39.15,P,SimuProB-2,EV_107
445.0,0.0,41.55,0.0,1,4.444,0,53.78,4.45,0.0,-27.5,185.0,EV_107,0.0,20,0.0,RC358893_3,37.48,79103.84,RC358893,176.27,0.0,39.18,P,SimuProB-2,EV_107
444.514,0.0,41.55,0.0,1,4.445,0,53.81,4.45,0.0,-28.4,185.0,EV_107,0.0,30,0.0,RC358893_3,37.51,79103.84,RC358893,176.27,0.0,39.21,P,SimuProB-2,EV_107
445.0,0.0,41.55,0.0,1,4.445,0,53.83,4.45,0.0,-30.1,185.0,EV_107,0.0,40,0.0,RC358893_3,37.54,79103.84,RC358893,176.27,0.0,39.24,P,SimuProB-2,EV_107
445.0,0.0,41.55,0.0,1,4.45,0,53.9,4.45,0.0,-31.5,185.0,EV_107,0.0,50,0.0,RC358893_3,37.58,79103.84,RC358893,176.27,0.0,39.28,P,SimuProB-2,EV_107
445.0,0.0,41.55,0.0,1,4.45,0,53.95,4.45,0.0,-27.1,185.0,EV_107,0.0,60,0.0,RC358893_3,37.62,79103.84,RC358893,176.27,0.0,39.32,P,SimuProB-2,EV_107
445.0,0.0,41.55,0.0,1,4.45,0,54.03,4.45,0.0,-26.2,185.0,EV_107,0.0,70,0.0,RC358893_3,37.66,79103.84,RC358893,176.27,0.0,39.36,P,SimuProB-2,EV_107
445.0,0.0,41.55,0.0,1,4.447,0,54.05,4.45,0.0,-30.9,185.0,EV_107,0.0,80,0.0,RC358893_3,37.68,79103.84,RC358893,176.27,0.0,39.38,P,SimuProB-2,EV_107
445.0,0.0,41.55,0.0,1,4.45,0,54.08,4.45,0.0,-27.6,185.0,EV_107,0.0,90,0.0,RC358893_3,37.71,79103.84,RC358893,176.27,0.0,39.41,P,SimuProB-2,EV_107
445.0,0.0,41.55,0.0,1,4.45,0,54.09,4.45,0.0,-25.9,185.0,EV_107,0.0,100,0.0,RC358893_3,37.74,79103.84,RC358893,176.27,0.0,39.44,P,SimuProB-2,EV_107
445.0,0.0,41.55,0.0,1,4.448,0,54.13,4.45,0.0,-28.4,185.0,EV_107,0.0,110,0.0,RC358893_3,37.76,79103.84,RC358893,176.27,0.0,39.46,P,SimuProB-2,EV_107
445.0,0.0,41.55,0.0,1,4.45,0,54.13,4.45,0.0,-28.0,185.0,EV_107,0.0,120,0.0,RC358893_3,37.78,79103.84,RC358893,176.27,0.0,39.48,P,SimuProB-2,EV_107
445.0,0.0,41.55,0.0,1,4.447,0,54.17,4.45,0.0,-26.5,185.0,EV_107,0.0,130,0.0,RC358893_3,37.8,79103.84,RC358893,176.27,0.0,39.5,P,SimuProB-2,EV_107
445.0,0.0,41.55,0.0,1,4.448,0,54.19,4.45,0.0,-26.8,185.0,EV_107,0.0,140,0.0,RC358893_3,37.82,79103.84,RC358893,176.27,0.0,39.52,P,SimuProB-2,EV_107
444.723,0.0,41.55,0.0,1,4.447,0,54.19,4.45,0.0,-27.8,185.0,EV_107,0.0,150,0.0,RC358893_3,37.83,79103.84,RC358893,176.27,0.0,39.53,P,SimuProB-2,EV_107
445.0,0.0,41.55,0.0,1,4.449,0,54.22,4.45,0.0,-29.2,185.0,EV_107,0.0,160,0.0,RC358893_3,37.85,79103.84,RC358893,176.27,0.0,39.55,P,SimuProB-2,EV_107
444.407,0.0,41.55,0.0,1,4.448,0,54.28,4.449,0.0,-28.8,185.0,EV_107,0.0,170,0.0,RC358893_3,37.86,79103.84,RC358893,176.27,0.0,39.56,P,SimuProB-2,EV_107
445.0,0.0,41.55,0.0,1,4.449,0,54.3,4.45,0.0,-28.8,185.0,EV_107,0.0,180,0.0,RC358893_3,37.88,79103.84,RC358893,176.27,0.0,39.58,P,SimuProB-2,EV_107
445.0,0.0,41.55,0.0,1,4.45,0,54.35,4.45,0.0,-31.7,185.0,EV_107,0.0,190,0.0,RC358893_3,37.9,79103.84,RC358893,176.27,0.0,39.6,P,SimuProB-2,EV_107
445.0,0.0,41.55,0.0,1,4.449,0,54.39,4.45,0.0,-28.6,185.0,EV_107,0.0,200,0.0,RC358893_3,37.92,79103.84,RC358893,176.27,0.0,39.62,P,SimuProB-2,EV_107
445.0,0.0,41.55,0.0,1,4.45,0,54.42,4.45,0.0,-31.3,185.0,EV_107,0.0,210,0.0,RC358893_3,37.95,79103.84,RC358893,176.27,0.0,39.65,P,SimuProB-2,EV_107
445.0,0.0,41.55,0.0,1,4.45,0,54.46,4.45,0.0,-28.4,185.0,EV_107,0.0,220,0.0,RC358893_3,37.98,79103.84,RC358893,176.27,0.0,39.68,P,SimuProB-2,EV_107
445.0,0.0,41.55,0.0,1,4.449,0,54.51,4.45,0.0,-30.3,185.0,EV_107,0.0,230,0.0,RC358893_3,38.0,79103.84,RC358893,176.27,0.0,39.7,P,SimuProB-2,EV_107
444.819,0.0,41.55,0.0,1,4.449,0,54.55,4.45,0.0,-26.5,185.0,EV_107,0.0,240,0.0,RC358893_3,38.02,79103.84,RC358893,176.27,0.0,39.72,P,SimuProB-2,EV_107
445.0,0.0,41.55,0.0,1,4.45,0,54.59,4.45,0.0,-30.7,185.0,EV_107,0.0,250,0.0,RC358893_3,38.04,79103.84,RC358893,176.27,0.0,39.74,P,SimuProB-2,EV_107
445.0,0.0,41.55,0.0,1,4.448,0,54.64,4.45,0.0,-28.0,185.0,EV_107,0.0,260,0.0,RC358893_3,38.06,79103.84,RC358893,176.27,0.0,39.76,P,SimuProB-2,EV_107
445.0,0.0,41.55,0.0,1,4.45,0,54.67,4.45,0.0,-27.9,185.0,EV_107,0.0,270,0.0,RC358893_3,38.08,79103.84,RC358893,176.27,0.0,39.78,P,SimuProB-2,EV_107
445.0,0.0,41.55,0.0,1,4.45,0,54.71,4.45,0.0,-31.9,185.0,EV_107,0.0,280,0.0,RC358893_3,38.1,79103.84,RC358893,176.27,0.0,39.8,P,SimuProB-2,EV_107
444.665,0.0,41.55,0.0,1,4.449,0,54.75,4.45,0.0,-29.1,185.0,EV_107,0.0,290,0.0,RC358893_3,38.12,79103.84,RC358893,176.27,0.0,39.82,P,SimuProB-2,EV_107
445.0,0.0,41.55,0.0,1,4.45,0,54.79,4.45,0.0,-31.9,185.0,EV_107,0.0,300,0.0,RC358893_3,38.14,79103.84,RC358893,176.27,0.0,39.84,P,SimuProB-2,EV_107
444.994,0.0,41.55,0.0,1,4.449,0,54.84,4.45,0.0,-32.6,185.0,EV_107,0.0,310,0.0,RC358893_3,38.16,79103.84,RC358893,176.27,0.0,39.86,P,SimuProB-2,EV_107
444.92,0.0,41.55,0.0,1,4.449,0,54.89,4.45,0.0,-30.4,185.0,EV_107,0.0,320,0.0,RC358893_3,38.18,79103.84,RC358893,176.27,0.0,39.88,P,SimuProB-2,EV_107
445.0,0.0,41.55,0.0,1,4.45,0,54.95,4.45,0.0,-29.9,185.0,EV_107,0.0,330,0.0,RC358893_3,38.2,79103.84,RC358893,176.27,0.0,39.9,P,SimuProB-2,EV_107
445.0,0.0,41.55,0.0,1,4.45,0,55.0,4.45,0.0,-33.2,185.0,EV_107,0.0,340,0.0,RC358893_3,38.22,79103.84,RC358893,176.27,0.0,39.92,P,SimuProB-2,EV_107
445.0,0.0,41.55,0.0,1,4.449,0,55.06,4.4495,0.0,-30.6,185.0,EV_107,0.0,350,0.0,RC358893_3,38.25,79103.84,RC358893,176.27,0.0,39.95,P,SimuProB-2,EV_107
444.783,0.0,41.55,0.0,1,4.449,0,55.11,4.45,0.0,-30.9,185.0,EV_107,0.0,360,0.0,RC358893_3,38.28,79103.84,RC358893,176.27,0.0,39.98,P,SimuProB-2,EV_107
444.669,0.0,41.55,0.0,1,4.449,0,55.15,4.45,0.0,-31.3,185.0,EV_107,0.0,370,0.0,RC358893_3,38.31,79103.84,RC358893,176.27,0.0,40.01,P,SimuProB-2,EV_107
444.067,0.0,41.55,0.0,1,4.448,0,55.2,4.45,0.0,-29.7,185.0,EV_107,0.0,380,0.0,RC358893_3,38.35,79103.84,RC358893,176.27,0.0,40.05,P,SimuProB-2,EV_107
444.756,0.0,41.55,0.0,1,4.447,0,55.26,4.449,0.0,-33.2,185.0,EV_107,0.0,390,0.0,RC358893_3,38.38,79103.84,RC358893,176.27,0.0,40.08,P,SimuProB-2,EV_107
444.499,0.0,41.55,0.0,1,4.446,0,55.31,4.448,0.0,-29.2,185.0,EV_107,0.0,400,0.0,RC358893_3,38.42,79103.84,RC358893,176.27,0.0,40.12,P,SimuProB-2,EV_107
443.871,0.0,41.55,0.0,1,4.447,0,55.37,4.449,0.0,-28.9,185.0,EV_107,0.0,410,0.0,RC358893_3,38.45,79103.84,RC358893,176.27,0.0,40.15,P,SimuProB-2,EV_107
444.655,0.0,41.55,0.0,1,4.447,0,55.42,4.449,0.0,-29.1,185.0,EV_107,0.0,420,0.0,RC358893_3,38.48,79103.84,RC358893,176.27,0.0,40.18,P,SimuProB-2,EV_107
444.674,0.0,41.55,0.0,1,4.446,0,55.44,4.448,0.0,-30.2,185.0,EV_107,0.0,430,0.0,RC358893_3,38.51,79103.84,RC358893,176.27,0.0,40.21,P,SimuProB-2,EV_107
445.0,0.0,41.55,0.0,1,4.45,0,55.49,4.45,0.0,-32.3,185.0,EV_107,0.0,440,0.0,RC358893_3,38.55,79103.84,RC358893,176.27,0.0,40.25,P,SimuProB-2,EV_107
445.0,0.0,41.55,0.0,1,4.45,0,55.54,4.45,0.0,-30.8,185.0,EV_107,0.0,450,0.0,RC358893_3,38.59,79103.84,RC358893,176.27,0.0,40.29,P,SimuProB-2,EV_107
445.0,0.0,41.55,0.0,1,4.45,0,55.59,4.45,0.0,-25.7,185.0,EV_107,0.0,460,0.0,RC358893_3,38.63,79103.84,RC358893,176.27,0.0,40.33,P,SimuProB-2,EV_107
445.0,0.0,41.55,0.0,1,4.45,0,55.64,4.45,0.0,-27.5,185.0,EV_107,0.0,470,0.0,RC358893_3,38.66,79103.84,RC358893,176.27,0.0,40.36,P,SimuProB-2,EV_107
445.0,0.0,41.55,0.0,1,4.45,0,55.69,4.45,0.0,-32.4,185.0,EV_107,0.0,480,0.0,RC358893_3,38.69,79103.84,RC358893,176.27,0.0,40.39,P,SimuProB-2,EV_107
445.0,0.0,41.55,0.0,1,4.45,0,55.75,4.45,0.0,-26.6,185.0,EV_107,0.0,490,0.0,RC358893_3,38.72,79103.84,RC358893,176.27,0.0,40.42,P,SimuProB-2,EV_107
445.0,0.0,41.55,0.0,1,4.45,0,55.81,4.45,0.0,-29.2,185.0,EV_107,0.0,500,0.0,RC358893_3,38.76,79103.84,RC358893,176.27,0.0,40.46,P,SimuProB-2,EV_107
445.0,0.0,41.55,0.0,1,4.45,0,55.87,4.45,0.0,-34.0,185.0,EV_107,0.0,510,0.0,RC358893_3,38.8,79103.84,RC358893,176.27,0.0,40.5,P,SimuProB-2,EV_107
445.0,0.0,41.55,0.0,1,4.45,0,55.95,4.45,0.0,-28.0,185.0,EV_107,0.0,520,0.0,RC358893_3,38.84,79103.84,RC358893,176.27,0.0,40.54,P,SimuProB-2,EV_107
445.0,0.0,41.55,0.0,1,4.45,0,56.01,4.45,0.0,-26.6,185.0,EV_107,0.0,530,0.0,RC358893_3,38.88,79103.84,RC358893,176.27,0.0,40.58,P,SimuProB-2,EV_107
445.0,0.0,41.55,0.0,1,4.45,0,56.08,4.45,0.0,-32.2,185.0,EV_107,0.0,540,0.0,RC358893_3,38.93,79103.84,RC358893,176.27,0.0,40.63,P,SimuProB-2,EV_107
445.0,0.0,41.55,0.0,1,4.45,0,56.12,4.45,0.0,-31.1,185.0,EV_107,0.0,550,0.0,RC358893_3,38.98,79103.84,RC358893,176.27,0.0,40.68,P,SimuProB-2,EV_107
444.79,0.0,41.55,0.0,1,4.45,0,56.19,4.45,0.0,-30.5,185.0,EV_107,0.0,560,0.0,RC358893_3,39.02,79103.84,RC358893,176.27,0.0,40.72,P,SimuProB-2,EV_107
445.0,0.0,41.55,0.0,1,4.45,0,56.24,4.45,0.0,-34.0,185.0,EV_107,0.0,570,0.0,RC358893_3,39.06,79103.84,RC358893,176.27,0.0,40.76,P,SimuProB-2,EV_107
445.0,0.0,41.55,0.0,1,4.45,0,56.33,4.45,0.0,-33.1,185.0,EV_107,0.0,580,0.0,RC358893_3,39.1,79103.84,RC358893,176.27,0.0,40.8,P,SimuProB-2,EV_107
444.991,0.0,41.55,0.0,1,4.448,0,56.4,4.45,0.0,-33.4,185.0,EV_107,0.0,590,0.0,RC358893_3,39.13,79103.84,RC358893,176.27,0.0,40.83,P,SimuProB-2,EV_107
445.0,0.0,41.55,0.0,1,4.449,0,56.42,4.45,0.0,-31.1,185.0,EV_107,0.0,600,0.0,RC358893_3,39.16,79103.84,RC358893,176.27,0.0,40.87,P,SimuProB-2,EV_107
445.0,0.0,41.55,0.0,1,4.45,0,56.48,4.45,0.0,-31.8,185.0,EV_107,0.0,610,0.0,RC358893_3,39.19,79103.84,RC358893,176.27,0.0,40.91,P,SimuProB-2,EV_107
445.0,0.0,41.55,0.0,1,4.45,0,56.55,4.45,0.0,-34.4,185.0,EV_107,0.0,620,0.0,RC358893_3,39.22,79103.84,RC358893,176.27,0.0,40.93,P,SimuProB-2,EV_107
445.0,0.0,41.55,0.0,1,4.45,0,56.62,4.45,0.0,-32.1,185.0,EV_107,0.0,630,0.0,RC358893_3,39.25,79103.84,RC358893,176.27,0.0,40.96,P,SimuProB-2,EV_107
445.0,0.0,41.55,0.0,1,4.449,0,56.67,4.45,0.0,-34.4,185.0,EV_107,0.0,640,0.0,RC358893_3,39.28,79103.84,RC358893,176.27,0.0,40.98,P,SimuProB-2,EV_107
445.0,0.0,41.55,0.0,1,4.45,0,56.73,4.45,0.0,-30.9,185.0,EV_107,0.0,650,0.0,RC358893_3,39.29,79103.84,RC358893,176.27,0.0,40.99,P,SimuProB-2,EV_107
445.0,0.0,41.55,0.0,1,4.45,0,56.78,4.45,0.0,-34.4,185.0,EV_107,0.0,660,0.0,RC358893_3,39.31,79103.84,RC358893,176.27,0.0,41.01,P,SimuProB-2,EV_107
444.893,0.0,41.55,0.0,1,4.45,0,56.87,4.45,0.0,-31.4,185.0,EV_107,0.0,670,0.0,RC358893_3,39.32,79103.84,RC358893,176.27,0.0,41.02,P,SimuProB-2,EV_107
445.0,0.0,41.55,0.0,1,4.449,0,56.93,4.45,0.0,-29.5,185.0,EV_107,0.0,680,0.0,RC358893_3,39.33,79103.84,RC358893,176.27,0.0,41.03,P,SimuProB-2,EV_107
444.97,0.0,41.55,0.0,1,4.45,0,56.99,4.45,0.0,-33.3,185.0,EV_107,0.0,690,0.0,RC358893_3,39.34,79103.84,RC358893,176.27,0.0,41.04,P,SimuProB-2,EV_107
445.0,0.0,41.55,0.0,1,4.449,0,57.06,4.45,0.0,-33.1,185.0,EV_107,0.0,700,0.0,RC358893_3,39.35,79103.84,RC358893,176.27,0.0,41.05,P,SimuProB-2,EV_107
445.0,0.0,41.55,0.0,1,4.449,0,57.13,4.45,0.0,-32.6,185.0,EV_107,0.0,710,0.0,RC358893_3,39.36,79103.84,RC358893,176.27,0.0,41.06,P,SimuProB-2,EV_107
444.66,0.0,41.55,0.0,1,4.45,0,57.2,4.45,0.0,-28.2,185.0,EV_107,0.0,720,0.0,RC358893_3,39.37,79103.84,RC358893,176.27,0.0,41.07,P,SimuProB-2,EV_107
445.0,0.0,41.55,0.0,1,4.45,0,57.24,4.45,0.0,-32.2,185.0,EV_107,0.0,730,0.0,RC358893_3,39.38,79103.84,RC358893,176.27,0.0,41.08,P,SimuProB-2,EV_107
445.0,0.0,41.55,0.0,1,4.449,0,57.28,4.45,0.0,-32.1,185.0,EV_107,0.0,740,0.0,RC358893_3,39.38,79103.84,RC358893,176.27,0.0,41.08,P,SimuProB-2,EV_107
444.894,0.0,41.55,0.0,1,4.449,0,57.32,4.45,0.0,-33.4,185.0,EV_107,0.0,750,0.0,RC358893_3,39.39,79103.84,RC358893,176.27,0.0,41.09,P,SimuProB-2,EV_107
445.0,0.0,41.55,0.0,1,4.449,0,57.36,4.45,0.0,-29.1,185.0,EV_107,0.0,760,0.0,RC358893_3,39.39,79103.84,RC358893,176.27,0.0,41.09,P,SimuProB-2,EV_107
445.0,0.0,41.55,0.0,1,4.449,0,57.4,4.45,0.0,-34.0,185.0,EV_107,0.0,770,0.0,RC358893_3,39.4,79103.84,RC358893,176.27,0.0,41.11,P,SimuProB-2,EV_107
445.0,0.0,41.55,0.0,1,4.45,0,57.46,4.45,0.0,-33.2,185.0,EV_107,0.0,780,0.0,RC358893_3,39.41,79103.84,RC358893,176.27,0.0,41.12,P,SimuProB-2,EV_107
445.0,0.0,41.55,0.0,1,4.45,0,57.49,4.45,0.0,-33.3,185.0,EV_107,0.0,790,0.0,RC358893_3,39.42,79103.84,RC358893,176.27,0.0,41.13,P,SimuProB-2,EV_107
444.561,0.0,41.55,0.0,1,4.45,0,57.52,4.45,0.0,-35.0,185.0,EV_107,0.0,800,0.0,RC358893_3,39.44,79103.84,RC358893,176.27,0.0,41.15,P,SimuProB-2,EV_107
444.834,0.0,41.55,0.0,1,4.45,0,57.57,4.45,0.0,-34.4,185.0,EV_107,0.0,810,0.0,RC358893_3,39.47,79103.84,RC358893,176.27,0.0,41.18,P,SimuProB-2,EV_107
445.0,0.0,41.55,0.0,1,4.45,0,57.59,4.45,0.0,-34.6,185.0,EV_107,0.0,820,0.0,RC358893_3,39.49,79103.84,RC358893,176.27,0.0,41.2,P,SimuProB-2,EV_107
444.848,0.0,41.55,0.0,1,4.44,0,57.63,4.45,0.0,-37.1,185.0,EV_107,0.0,830,0.0,RC358893_3,39.53,79103.84,RC358893,176.27,0.0,41.24,P,SimuProB-2,EV_107
445.0,0.0,41.55,0.0,1,4.44,0,57.67,4.45,0.0,-35.6,185.0,EV_107,0.0,840,0.0,RC358893_3,39.57,79103.84,RC358893,176.27,0.0,41.28,P,SimuProB-2,EV_107
445.0,0.0,41.55,0.0,1,4.45,0,57.7,4.45,0.0,-33.7,185.0,EV_107,0.0,850,0.0,RC358893_3,39.62,79103.84,RC358893,176.27,0.0,41.33,P,SimuProB-2,EV_107
445.0,0.0,41.55,0.0,1,4.442,0,57.75,4.45,0.0,-32.5,185.0,EV_107,0.0,860,0.0,RC358893_3,39.65,79103.84,RC358893,176.27,0.0,41.35,P,SimuProB-2,EV_107
445.0,0.0,41.55,0.0,1,4.443,0,57.79,4.45,0.0,-30.2,185.0,EV_107,0.0,870,0.0,RC358893_3,39.68,79103.84,RC358893,176.27,0.0,41.38,P,SimuProB-2,EV_107
445.0,0.0,41.55,0.0,1,4.444,0,57.84,4.45,0.0,-30.7,185.0,EV_107,0.0,880,0.0,RC358893_3,39.71,79103.84,RC358893,176.27,0.0,41.41,P,SimuProB-2,EV_107
445.0,0.0,41.55,0.0,1,4.445,0,57.87,4.45,0.0,-31.0,185.0,EV_107,0.0,890,0.0,RC358893_3,39.74,79103.84,RC358893,176.27,0.0,41.44,P,SimuProB-2,EV_107
444.794,0.0,41.55,0.0,1,4.446,0,57.93,4.45,0.0,-28.9,185.0,EV_107,0.0,900,0.0,RC358893_3,39.77,79103.84,RC358893,176.27,0.0,41.47,P,SimuProB-2,EV_107
445.0,0.0,41.55,0.0,1,4.447,0,57.97,4.45,0.0,-31.6,185.0,EV_107,0.0,910,0.0,RC358893_3,39.8,79103.84,RC358893,176.27,0.0,41.5,P,SimuProB-2,EV_107
444.887,0.0,41.55,0.0,1,4.448,0,58.04,4.45,0.0,-28.1,185.0,EV_107,0.0,920,0.0,RC358893_3,39.83,79103.84,RC358893,176.27,0.0,41.53,P,SimuProB-2,EV_107
444.972,0.0,41.55,0.0,1,4.449,0,58.1,4.45,0.0,-30.1,185.0,EV_107,0.0,930,0.0,RC358893_3,39.86,79103.84,RC358893,176.27,0.0,41.56,P,SimuProB-2,EV_107
445.0,0.0,41.55,0.0,1,4.45,0,58.15,4.45,0.0,-31.2,185.0,EV_107,0.0,940,0.0,RC358893_3,39.89,79103.84,RC358893,176.27,0.0,41.59,P,SimuProB-2,EV_107
445.0,0.0,41.55,0.0,1,4.449,0,58.22,4.45,0.0,-32.5,185.0,EV_107,0.0,950,0.0,RC358893_3,39.91,79103.84,RC358893,176.27,0.0,41.61,P,SimuProB-2,EV_107
444.795,0.0,41.55,0.0,1,4.45,0,58.28,4.45,0.0,-31.0,185.0,EV_107,0.0,960,0.0,RC358893_3,39.93,79103.84,RC358893,176.27,0.0,41.63,P,SimuProB-2,EV_107
445.0,0.0,41.55,0.0,1,4.45,0,58.33,4.45,0.0,-31.8,185.0,EV_107,0.0,970,0.0,RC358893_3,39.95,79103.84,RC358893,176.27,0.0,41.65,P,SimuProB-2,EV_107
445.0,0.0,41.55,0.0,1,4.449,0,58.38,4.45,0.0,-29.0,185.0,EV_107,0.0,980,0.0,RC358893_3,39.98,79103.84,RC358893,176.27,0.0,41.68,P,SimuProB-2,EV_107
445.0,0.0,41.55,0.0,1,4.45,0,58.44,4.45,0.0,-33.7,185.0,EV_107,0.0,990,0.0,RC358893_3,40.01,79103.84,RC358893,176.27,0.0,41.71,P,SimuProB-2,EV_107
445.0,0.0,41.55,0.0,1,4.45,0,58.52,4.45,0.0,-29.6,185.0,EV_107,0.0,1000,0.0,RC358893_3,40.04,79103.84,RC358893,176.27,0.0,41.74,P,SimuProB-2,EV_107
444.886,0.0,41.55,0.0,1,4.449,0,58.59,4.45,0.0,-29.5,185.0,EV_107,0.0,1010,0.0,RC358893_3,40.05,79103.84,RC358893,176.27,0.0,41.75,P,SimuProB-2,EV_107
444.872,0.0,41.55,0.0,1,4.45,0,58.64,4.45,0.0,-29.9,185.0,EV_107,0.0,1020,0.0,RC358893_3,40.07,79103.84,RC358893,176.27,0.0,41.77,P,SimuProB-2,EV_107
445.0,0.0,41.55,0.0,1,4.45,0,58.69,4.45,0.0,-32.2,185.0,EV_107,0.0,1030,0.0,RC358893_3,40.09,79103.84,RC358893,176.27,0.0,41.79,P,SimuProB-2,EV_107
444.983,0.0,41.55,0.0,1,4.45,0,58.77,4.45,0.0,-31.7,185.0,EV_107,0.0,1040,0.0,RC358893_3,40.12,79103.84,RC358893,176.27,0.0,41.82,P,SimuProB-2,EV_107
445.0,0.0,41.55,0.0,1,4.45,0,58.82,4.45,0.0,-31.4,185.0,EV_107,0.0,1050,0.0,RC358893_3,40.15,79103.84,RC358893,176.27,0.0,41.85,P,SimuProB-2,EV_107
445.0,0.0,41.55,0.0,1,4.45,0,58.88,4.45,0.0,-34.3,185.0,EV_107,0.0,1060,0.0,RC358893_3,40.18,79103.84,RC358893,176.27,0.0,41.88,P,SimuProB-2,EV_107
444.849,0.0,41.55,0.0,1,4.445,0,58.93,4.45,0.0,-29.8,185.0,EV_107,0.0,1070,0.0,RC358893_3,40.21,79103.84,RC358893,176.27,0.0,41.91,P,SimuProB-2,EV_107
444.814,0.0,41.55,0.0,1,4.448,0,59.01,4.45,0.0,-35.0,185.0,EV_107,0.0,1080,0.0,RC358893_3,40.24,79103.84,RC358893,176.27,0.0,41.94,P,SimuProB-2,EV_107
445.0,0.0,41.55,0.0,1,4.45,0,59.06,4.45,0.0,-31.4,185.0,EV_107,0.0,1090,0.0,RC358893_3,40.27,79103.84,RC358893,176.27,0.0,41.97,P,SimuProB-2,EV_107
445.0,0.0,41.55,0.0,1,4.45,0,59.09,4.45,0.0,-28.2,185.0,EV_107,0.0,1100,0.0,RC358893_3,40.29,79103.84,RC358893,176.27,0.0,41.99,P,SimuProB-2,EV_107
445.0,0.0,41.55,0.0,1,4.45,0,59.11,4.45,0.0,-35.8,185.0,EV_107,0.0,1110,0.0,RC358893_3,40.32,79103.84,RC358893,176.27,0.0,42.02,P,SimuProB-2,EV_107
444.946,0.0,41.55,0.0,1,4.45,0,59.15,4.45,0.0,-34.2,185.0,EV_107,0.0,1120,0.0,RC358893_3,40.35,79103.84,RC358893,176.27,0.0,42.04,P,SimuProB-2,EV_107
445.0,0.0,41.55,0.0,1,4.448,0,59.2,4.449,0.0,-32.6,185.0,EV_107,0.0,1130,0.0,RC358893_3,40.37,79103.84,RC358893,176.27,0.0,42.06,P,SimuProB-2,EV_107
444.633,0.0,41.55,0.0,1,4.45,0,59.26,4.45,0.0,-35.8,185.0,EV_107,0.0,1140,0.0,RC358893_3,40.39,79103.84,RC358893,176.27,0.0,42.08,P,SimuProB-2,EV_107
444.874,0.0,41.55,0.0,1,4.449,0,59.33,4.45,0.0,-32.6,185.0,EV_107,0.0,1150,0.0,RC358893_3,40.41,79103.84,RC358893,176.27,0.0,42.1,P,SimuProB-2,EV_107
445.0,0.0,41.55,0.0,1,4.449,0,59.38,4.45,0.0,-32.2,185.0,EV_107,0.0,1160,0.0,RC358893_3,40.48,79103.84,RC358893,176.27,0.0,42.15,P,SimuProB-2,EV_107
445.0,0.0,41.55,0.0,1,4.448,0,59.44,4.45,0.0,-31.1,185.0,EV_107,0.0,1170,0.0,RC358893_3,40.52,79103.84,RC358893,176.27,0.0,42.19,P,SimuProB-2,EV_107
445.0,0.0,41.55,0.0,1,4.45,0,59.48,4.45,0.0,-34.5,185.0,EV_107,0.0,1180,0.0,RC358893_3,40.58,79103.84,RC358893,176.27,0.0,42.24,P,SimuProB-2,EV_107
445.0,0.0,41.55,0.0,1,4.449,0,59.53,4.45,0.0,-31.1,185.0,EV_107,0.0,1190,0.0,RC358893_3,40.62,79103.84,RC358893,176.27,0.0,42.28,P,SimuProB-2,EV_107
445.0,0.0,41.55,0.0,1,4.45,0,59.57,4.45,0.0,-31.1,185.0,EV_107,0.0,1200,0.0,RC358893_3,40.66,79103.84,RC358893,176.27,0.0,42.32,P,SimuProB-2,EV_107
445.0,0.0,41.55,0.0,1,4.45,0,59.6,4.45,0.0,-30.1,185.0,EV_107,0.0,1210,0.0,RC358893_3,40.7,79103.84,RC358893,176.27,0.0,42.36,P,SimuProB-2,EV_107
342.169,0.0,41.55,0.0,1,3.41,0,59.66,3.42,0.0,-28.1,185.0,EV_107,0.0,1220,0.0,RC358893_3,22.15,79103.84,RC358893,176.27,0.0,26.85,P,SimuProB-2,EV_107
343.54,0.0,41.55,0.0,1,3.43,0,59.69,3.44,0.0,-28.2,185.0,EV_107,0.0,1230,0.0,RC358893_3,22.2,79103.84,RC358893,176.27,0.0,26.9,P,SimuProB-2,EV_107
344.112,0.0,41.55,0.0,1,3.43,0,59.72,3.44,0.0,-27.6,185.0,EV_107,0.0,1240,0.0,RC358893_3,22.25,79103.84,RC358893,176.27,0.0,26.95,P,SimuProB-2,EV_107
345.04,0.0,41.55,0.0,1,3.44,0,59.77,3.45,0.0,-25.6,185.0,EV_107,0.0,1250,0.0,RC358893_3,22.31,79103.84,RC358893,176.27,0.0,27.01,P,SimuProB-2,EV_107
344.851,0.0,41.55,0.0,1,3.44,0,59.8,3.45,0.0,-29.3,185.0,EV_107,0.0,1260,0.0,RC358893_3,22.36,79103.84,RC358893,176.27,0.0,27.06,P,SimuProB-2,EV_107
345.162,0.0,41.55,0.0,1,3.45,0,59.86,3.46,0.0,-25.8,185.0,EV_107,0.0,1270,0.0,RC358893_3,22.41,79103.84,RC358893,176.27,0.0,27.11,P,SimuProB-2,EV_107
345.755,0.0,41.55,0.0,1,3.45,0,59.92,3.46,0.0,-30.5,185.0,EV_107,0.0,0,0.0,RC358893_4,22.45,79103.84,RC358893,176.27,0.0,27.15,P,SimuProB-2,EV_107
346.532,0.0,41.55,0.0,1,3.46,0,59.98,3.47,0.0,-24.3,185.0,EV_107,0.0,10,0.0,RC358893_4,22.52,79103.84,RC358893,176.27,0.0,27.22,P,SimuProB-2,EV_107
346.793,0.0,41.55,0.0,1,3.47,0,60.04,3.48,0.0,-30.4,185.0,EV_107,0.0,20,0.0,RC358893_4,22.58,79103.84,RC358893,176.27,0.0,27.28,P,SimuProB-2,EV_107
347.088,0.0,41.55,0.0,1,3.48,0,60.11,3.49,0.0,-27.9,185.0,EV_107,0.0,30,0.0,RC358893_4,22.64,79103.84,RC358893,176.27,0.0,27.34,P,SimuProB-2,EV_107
347.321,0.0,41.55,0.0,1,3.48,0,60.16,3.49,0.0,-23.9,185.0,EV_107,0.0,40,0.0,RC358893_4,22.7,79103.84,RC358893,176.27,0.0,27.4,P,SimuProB-2,EV_107
347.652,0.0,41.55,0.0,1,3.49,0,60.21,3.5,0.0,-27.5,185.0,EV_107,0.0,50,0.0,RC358893_4,22.76,79103.84,RC358893,176.27,0.0,27.46,P,SimuProB-2,EV_107
347.859,0.0,41.55,0.0,1,3.492,0,60.27,3.502,0.0,-25.6,185.0,EV_107,0.0,60,0.0,RC358893_4,22.81,79103.84,RC358893,176.27,0.0,27.51,P,SimuProB-2,EV_107
348.332,0.0,41.55,0.0,1,3.495,0,60.33,3.505,0.0,-26.2,185.0,EV_107,0.0,70,0.0,RC358893_4,22.86,79103.84,RC358893,176.27,0.0,27.56,P,SimuProB-2,EV_107
348.732,0.0,41.55,0.0,1,3.498,0,60.39,3.508,0.0,-29.5,185.0,EV_107,0.0,80,0.0,RC358893_4,22.91,79103.84,RC358893,176.27,0.0,27.61,P,SimuProB-2,EV_107
349.036,0.0,41.55,0.0,1,3.501,0,60.46,3.511,0.0,-30.4,185.0,EV_107,0.0,90,0.0,RC358893_4,22.96,79103.84,RC358893,176.27,0.0,27.66,P,SimuProB-2,EV_107
349.986,0.0,41.55,0.0,1,3.504,0,60.51,3.514,0.0,-27.1,185.0,EV_107,0.0,100,0.0,RC358893_4,23.01,79103.84,RC358893,176.27,0.0,27.71,P,SimuProB-2,EV_107
349.806,0.0,41.55,0.0,1,3.507,0,60.59,3.517,0.0,-27.9,185.0,EV_107,0.0,110,0.0,RC358893_4,23.06,79103.84,RC358893,176.27,0.0,27.76,P,SimuProB-2,EV_107
350.581,0.0,41.55,0.0,1,3.51,0,60.68,3.52,0.0,-31.3,185.0,EV_107,0.0,120,0.0,RC358893_4,23.11,79103.84,RC358893,176.27,0.0,27.81,P,SimuProB-2,EV_107
350.593,0.0,41.55,0.0,1,3.513,0,60.74,3.523,0.0,-26.0,185.0,EV_107,0.0,130,0.0,RC358893_4,23.16,79103.84,RC358893,176.27,0.0,27.86,P,SimuProB-2,EV_107
350.413,0.0,41.55,0.0,1,3.516,0,60.81,3.526,0.0,-31.9,185.0,EV_107,0.0,140,0.0,RC358893_4,23.22,79103.84,RC358893,176.27,0.0,27.92,P,SimuProB-2,EV_107
350.742,0.0,41.55,0.0,1,3.52,0,60.88,3.53,0.0,-31.0,185.0,EV_107,0.0,150,0.0,RC358893_4,23.25,79103.84,RC358893,176.27,0.0,27.95,P,SimuProB-2,EV_107
350.704,0.0,41.55,0.0,1,3.525,0,60.92,3.535,0.0,-29.3,185.0,EV_107,0.0,160,0.0,RC358893_4,23.28,79103.84,RC358893,176.27,0.0,27.98,P,SimuProB-2,EV_107
351.395,0.0,41.55,0.0,1,3.53,0,60.96,3.54,0.0,-26.2,185.0,EV_107,0.0,170,0.0,RC358893_4,23.31,79103.84,RC358893,176.27,0.0,28.01,P,SimuProB-2,EV_107
351.741,0.0,41.55,0.0,1,3.535,0,61.02,3.545,0.0,-28.2,185.0,EV_107,0.0,180,0.0,RC358893_4,23.36,79103.84,RC358893,176.27,0.0,28.06,P,SimuProB-2,EV_107
351.397,0.0,41.55,0.0,1,3.538,0,61.07,3.548,0.0,-24.1,185.0,EV_107,0.0,190,0.0,RC358893_4,23.41,79103.84,RC358893,176.27,0.0,28.11,P,SimuProB-2,EV_107
351.825,0.0,41.55,0.0,1,3.541,0,61.14,3.551,0.0,-27.0,185.0,EV_107,0.0,200,0.0,RC358893_4,23.46,79103.84,RC358893,176.27,0.0,28.16,P,SimuProB-2,EV_107
352.483,0.0,41.55,0.0,1,3.545,0,61.19,3.555,0.0,-27.9,185.0,EV_107,0.0,210,0.0,RC358893_4,23.52,79103.84,RC358893,176.27,0.0,28.22,P,SimuProB-2,EV_107
353.408,0.0,41.55,0.0,1,3.552,0,61.28,3.562,0.0,-30.8,185.0,EV_107,0.0,220,0.0,RC358893_4,23.58,79103.84,RC358893,176.27,0.0,28.28,P,SimuProB-2,EV_107
354.058,0.0,41.55,0.0,1,3.558,0,61.35,3.568,0.0,-23.8,185.0,EV_107,0.0,230,0.0,RC358893_4,23.64,79103.84,RC358893,176.27,0.0,28.34,P,SimuProB-2,EV_107
355.039,0.0,41.55,0.0,1,3.564,0,61.43,3.574,0.0,-28.8,185.0,EV_107,0.0,240,0.0,RC358893_4,23.69,79103.84,RC358893,176.27,0.0,28.39,P,SimuProB-2,EV_107
355.4,0.0,41.55,0.0,1,3.57,0,61.49,3.58,0.0,-27.0,185.0,EV_107,0.0,250,0.0,RC358893_4,23.74,79103.84,RC358893,176.27,0.0,28.44,P,SimuProB-2,EV_107
355.673,0.0,41.55,0.0,1,3.576,0,61.56,3.586,0.0,-28.1,185.0,EV_107,0.0,260,0.0,RC358893_4,23.8,79103.84,RC358893,176.27,0.0,28.5,P,SimuProB-2,EV_107
