volt_V,accelerator_pedal_pct,payload_kg,motor_rpm,charger_connected,min_single_volt_V,hvac_active,soc_pct,max_single_volt_V,avg_speed_kmh,current_A,nominal_capacity_Ah,vehicle_name,regenerative_braking_Ah,timestamp_s,brake_pedal_pct,id_segment,min_temp_C,mileage_km,id,actual_max_capacity_Ah,label,max_temp_C,gear_position,car_model,car_id
358.486,45.0,57.86,2375.0,0,3.99,1,35.4,4.15,38.0,85.0,210.0,EV_104,0.0,780,0.0,DR650597_31,48.58,45129.98,DR650597,202.74,0.0,49.52,D,SimuProA-4,EV_104
365.883,0.0,57.86,750.0,0,4.03,1,35.4,4.15,12.0,-35.0,210.0,EV_104,0.022,790,60.0,DR650597_31,48.64,45130.01,DR650597,202.74,0.0,49.58,D,SimuProA-4,EV_104
361.366,30.0,57.86,1375.0,0,4.01,1,35.4,4.15,22.0,60.0,210.0,EV_104,0.0,800,0.0,DR650597_31,48.7,45130.07,DR650597,202.74,0.0,49.65,D,SimuProA-4,EV_104
372.222,25.0,57.86,2000.0,0,4.04,1,35.38,4.15,32.0,35.0,210.0,EV_104,0.0,810,0.0,DR650597_31,48.78,45130.16,DR650597,202.74,0.0,49.72,D,SimuProA-4,EV_104
364.14,40.0,57.86,2800.0,0,4.0,1,35.38,4.15,45.0,75.0,210.0,EV_104,0.0,820,0.0,DR650597_31,48.88,45130.28,DR650597,202.74,0.0,49.85,D,SimuProA-4,EV_104
356.112,0.0,57.86,950.0,0,4.05,1,35.36,4.15,15.0,-30.0,210.0,EV_104,0.018,830,55.0,DR650597_31,48.95,45130.33,DR650597,202.74,0.0,49.92,D,SimuProA-4,EV_104
368.42,22.0,57.86,1560.0,0,4.04,1,35.36,4.13,25.0,18.0,210.0,EV_104,0.0,840,0.0,DR650597_31,49.02,45130.4,DR650597,202.74,0.0,49.98,D,SimuProA-4,EV_104
362.055,55.0,57.86,3000.0,0,4.02,1,35.34,4.14,48.0,85.0,210.0,EV_104,0.0,850,0.0,DR650597_31,49.1,45130.53,DR650597,202.74,0.0,50.05,D,SimuProA-4,EV_104
358.537,0.0,57.86,625.0,0,4.06,1,35.33,4.15,10.0,-38.0,210.0,EV_104,0.025,860,75.0,DR650597_31,49.18,45130.56,DR650597,202.74,0.0,50.12,D,SimuProA-4,EV_104
368.754,30.0,57.86,1875.0,0,4.05,1,35.31,4.14,30.0,22.0,210.0,EV_104,0.0,870,0.0,DR650597_31,49.2,45130.64,DR650597,202.74,0.0,50.15,D,SimuProA-4,EV_104
355.451,65.0,57.86,3125.0,0,4.01,1,35.31,4.15,50.0,95.0,210.0,EV_104,0.0,880,0.0,DR650597_31,49.3,45130.78,DR650597,202.74,0.0,50.25,D,SimuProA-4,EV_104
365.849,15.0,57.86,1250.0,0,4.06,1,35.31,4.13,20.0,15.0,210.0,EV_104,0.0,890,5.0,DR650597_31,49.35,45130.84,DR650597,202.74,0.0,50.3,D,SimuProA-4,EV_104
359.965,35.0,57.86,2188.0,0,4.05,1,35.28,4.14,35.0,45.0,210.0,EV_104,0.0,900,0.0,DR650597_31,49.4,45130.94,DR650597,202.74,0.0,50.35,D,SimuProA-4,EV_104
372.008,0.0,57.86,938.0,0,4.08,1,35.28,4.15,15.0,-25.0,210.0,EV_104,0.015,910,45.0,DR650597_31,49.45,45130.98,DR650597,202.74,0.0,50.4,D,SimuProA-4,EV_104
363.893,45.0,57.86,2500.0,0,4.04,1,35.26,4.14,40.0,60.0,210.0,EV_104,0.0,920,0.0,DR650597_31,49.5,45131.09,DR650597,202.74,0.0,50.5,D,SimuProA-4,EV_104
358.505,55.0,57.86,2812.0,0,4.03,1,35.22,4.14,45.0,85.0,210.0,EV_104,0.0,930,0.0,DR650597_31,49.6,45131.21,DR650597,202.74,0.0,50.6,D,SimuProA-4,EV_104
368.933,20.0,57.86,1562.0,0,4.06,1,35.22,4.13,25.0,12.0,210.0,EV_104,0.0,940,10.0,DR650597_31,49.65,45131.28,DR650597,202.74,0.0,50.65,D,SimuProA-4,EV_104
354.158,70.0,57.86,2375.0,0,4.02,1,35.2,4.15,38.0,110.0,210.0,EV_104,0.0,950,0.0,DR650597_31,49.7,45131.39,DR650597,202.74,0.0,50.75,D,SimuProA-4,EV_104
361.179,35.0,57.86,2000.0,0,4.05,1,35.17,4.14,32.0,45.0,210.0,EV_104,0.0,960,0.0,DR650597_31,49.85,45131.48,DR650597,202.74,0.0,50.85,D,SimuProA-4,EV_104
352.391,60.0,57.86,2625.0,0,4.02,1,35.17,4.15,42.0,95.0,210.0,EV_104,0.0,970,0.0,DR650597_31,50.0,45131.6,DR650597,202.74,0.0,51.0,D,SimuProA-4,EV_104
365.339,0.0,57.86,1125.0,0,4.06,1,35.15,4.13,18.0,-32.0,210.0,EV_104,0.028,980,65.0,DR650597_31,49.9,45131.65,DR650597,202.74,0.0,50.9,D,SimuProA-4,EV_104
348.103,55.0,57.86,2812.0,0,4.03,1,35.15,4.15,45.0,85.0,210.0,EV_104,0.0,990,0.0,DR650597_31,50.1,45131.78,DR650597,202.74,0.0,51.1,D,SimuProA-4,EV_104
342.399,75.0,57.86,3437.0,0,4.01,1,35.14,4.15,55.0,145.0,210.0,EV_104,0.0,1000,0.0,DR650597_31,50.25,45131.93,DR650597,202.74,0.0,51.25,D,SimuProA-4,EV_104
350.532,0.0,57.86,1562.0,0,4.05,1,35.12,4.14,25.0,-25.0,210.0,EV_104,0.025,1010,45.0,DR650597_31,50.2,45132.0,DR650597,202.74,0.0,51.2,D,SimuProA-4,EV_104
337.77,65.0,57.86,3125.0,0,4.0,1,35.11,4.15,50.0,115.0,210.0,EV_104,0.0,1020,0.0,DR650597_31,50.4,45132.14,DR650597,202.74,0.0,51.4,D,SimuProA-4,EV_104
346.497,0.0,57.86,937.0,0,4.04,1,35.08,4.14,15.0,-18.0,210.0,EV_104,0.015,1030,30.0,DR650597_31,50.5,45132.18,DR650597,202.74,0.0,51.5,D,SimuProA-4,EV_104
355.425,35.0,57.86,1875.0,0,4.05,1,35.08,4.15,30.0,45.0,210.0,EV_104,0.0,1040,0.0,DR650597_31,50.6,45132.26,DR650597,202.74,0.0,51.6,D,SimuProA-4,EV_104
351.448,30.0,57.86,2000.0,0,4.04,1,35.05,4.14,32.0,52.0,210.0,EV_104,0.0,1050,0.0,DR650597_31,50.65,45132.35,DR650597,202.74,0.0,51.65,D,SimuProA-4,EV_104
342.792,60.0,57.86,2812.0,0,4.0,1,35.02,4.15,45.0,135.0,210.0,EV_104,0.0,1060,0.0,DR650597_31,50.75,45132.47,DR650597,202.74,0.0,51.75,D,SimuProA-4,EV_104
348.19,10.0,57.86,1125.0,0,4.06,1,35.02,4.13,18.0,25.0,210.0,EV_104,0.01,1070,15.0,DR650597_31,50.8,45132.52,DR650597,202.74,0.0,51.8,D,SimuProA-4,EV_104
345.651,45.0,57.86,3450.0,0,4.03,1,35.0,4.14,52.0,85.0,210.0,EV_104,0.0,1080,0.0,DR650597_31,50.9,45132.66,DR650597,202.74,0.0,51.9,D,SimuProA-4,EV_104
362.164,0.0,57.86,1560.0,0,4.08,1,34.97,4.15,25.0,-25.0,210.0,EV_104,0.02,1090,45.0,DR650597_31,51.0,45132.73,DR650597,202.74,0.0,52.0,D,SimuProA-4,EV_104
349.795,30.0,57.86,2180.0,0,4.04,1,34.96,4.14,35.0,55.0,210.0,EV_104,0.0,1100,0.0,DR650597_31,51.1,45132.83,DR650597,202.74,0.0,52.1,D,SimuProA-4,EV_104
346.736,65.0,57.86,3600.0,0,4.01,1,34.93,4.15,55.0,145.0,210.0,EV_104,0.0,1110,0.0,DR650597_31,51.3,45132.98,DR650597,202.74,0.0,52.3,D,SimuProA-4,EV_104
341.551,0.0,57.86,650.0,0,3.98,1,34.92,4.15,10.0,180.0,210.0,EV_104,0.02,1120,85.0,DR650597_31,51.5,45133.01,DR650597,202.74,0.0,52.5,D,SimuProA-4,EV_104
348.606,5.0,57.86,350.0,0,4.07,1,34.9,4.14,5.0,12.0,210.0,EV_104,0.0,1130,10.0,DR650597_31,51.6,45133.02,DR650597,202.74,0.0,52.6,D,SimuProA-4,EV_104
368.183,35.0,57.86,2700.0,0,4.06,1,34.87,4.14,42.0,45.0,210.0,EV_104,0.0,1140,0.0,DR650597_31,51.7,45133.14,DR650597,202.74,0.0,52.7,D,SimuProA-4,EV_104
351.953,25.0,57.86,1800.0,0,4.03,1,34.87,4.15,28.0,85.0,210.0,EV_104,0.0,1150,0.0,DR650597_31,51.9,45133.21,DR650597,202.74,0.0,52.9,D,SimuProA-4,EV_104
359.325,0.0,57.86,780.0,0,4.09,1,34.85,4.15,12.0,-28.0,210.0,EV_104,0.02,1160,65.0,DR650597_31,52.0,45133.25,DR650597,202.74,0.0,53.0,D,SimuProA-4,EV_104
362.514,28.0,57.86,2400.0,0,4.07,1,34.84,4.14,38.0,35.0,210.0,EV_104,0.0,1170,0.0,DR650597_31,52.1,45133.36,DR650597,202.74,0.0,53.1,D,SimuProA-4,EV_104
345.581,45.0,57.86,3800.0,0,4.02,1,34.81,4.15,55.0,95.0,210.0,EV_104,0.0,1180,0.0,DR650597_31,52.2,45133.51,DR650597,202.74,0.0,53.2,D,SimuProA-4,EV_104
365.781,0.0,57.86,1600.0,0,4.08,1,34.8,4.15,25.0,-15.0,210.0,EV_104,0.02,1190,45.0,DR650597_31,52.2,45133.58,DR650597,202.74,0.0,53.2,D,SimuProA-4,EV_104
348.367,55.0,57.86,4200.0,0,4.01,1,34.76,4.15,60.0,110.0,210.0,EV_104,0.0,1200,0.0,DR650597_31,52.4,45133.75,DR650597,202.74,0.0,53.4,D,SimuProA-4,EV_104
356.741,0.0,57.86,2200.0,0,4.09,1,34.76,4.15,35.0,-35.0,210.0,EV_104,0.03,1210,70.0,DR650597_31,52.4,45133.84,DR650597,202.74,0.0,53.4,D,SimuProA-4,EV_104
350.294,30.0,57.86,1400.0,0,4.04,1,34.74,4.15,22.0,65.0,210.0,EV_104,0.0,1220,0.0,DR650597_31,52.5,45133.9,DR650597,202.74,0.0,53.5,D,SimuProA-4,EV_104
342.128,65.0,57.86,3100.0,0,4.0,1,34.71,4.15,45.0,145.0,210.0,EV_104,0.0,1230,0.0,DR650597_31,52.6,45134.03,DR650597,202.74,0.0,53.7,D,SimuProA-4,EV_104
367.848,0.0,57.86,800.0,0,4.1,1,34.7,4.15,12.0,-25.0,210.0,EV_104,0.025,1240,55.0,DR650597_31,52.6,45134.06,DR650597,202.74,0.0,53.7,D,SimuProA-4,EV_104
356.12,40.0,57.86,1850.0,0,4.03,1,34.68,4.15,28.0,85.0,210.0,EV_104,0.0,1250,0.0,DR650597_31,52.8,45134.14,DR650597,202.74,0.0,53.9,D,SimuProA-4,EV_104
353.584,35.0,57.86,2400.0,0,4.05,1,34.66,4.14,38.0,55.0,210.0,EV_104,0.0,1260,0.0,DR650597_31,52.9,45134.25,DR650597,202.74,0.0,54.0,D,SimuProA-4,EV_104
362.081,0.0,57.86,1000.0,0,4.11,1,34.64,4.15,15.0,-18.0,210.0,EV_104,0.015,1270,45.0,DR650597_31,53.0,45134.29,DR650597,202.74,0.0,54.1,D,SimuProA-4,EV_104
355.882,45.0,57.86,1600.0,0,4.06,1,34.63,4.15,25.0,70.0,210.0,EV_104,0.0,0,0.0,DR650597_32,53.1,45134.36,DR650597,202.74,0.0,54.2,D,SimuProA-4,EV_104
352.279,55.0,57.86,2200.0,0,4.02,1,34.59,4.15,35.0,95.0,210.0,EV_104,0.0,10,0.0,DR650597_32,53.2,45134.46,DR650597,202.74,0.0,54.3,D,SimuProA-4,EV_104
348.383,75.0,57.86,2900.0,0,3.98,1,34.58,4.15,45.0,140.0,210.0,EV_104,0.0,20,0.0,DR650597_32,53.3,45134.58,DR650597,202.74,0.0,54.4,D,SimuProA-4,EV_104
358.655,0.0,57.86,1200.0,0,4.12,1,34.56,4.15,18.0,-35.0,210.0,EV_104,0.022,30,60.0,DR650597_32,53.3,45134.63,DR650597,202.74,0.0,54.4,D,SimuProA-4,EV_104
360.618,35.0,57.86,1800.0,0,4.08,1,34.56,4.15,28.0,45.0,210.0,EV_104,0.0,40,0.0,DR650597_32,53.4,45134.71,DR650597,202.74,0.0,54.5,D,SimuProA-4,EV_104
356.527,50.0,57.86,2400.0,0,4.04,1,34.56,4.15,38.0,85.0,210.0,EV_104,0.0,50,0.0,DR650597_32,53.5,45134.81,DR650597,202.74,0.0,54.6,D,SimuProA-4,EV_104
358.933,15.0,57.86,1400.0,0,4.1,1,34.55,4.15,22.0,25.0,210.0,EV_104,0.008,60,10.0,DR650597_32,53.6,45134.87,DR650597,202.74,0.0,54.7,D,SimuProA-4,EV_104
356.145,55.0,57.86,2700.0,0,4.02,1,34.53,4.15,42.0,95.0,210.0,EV_104,0.0,70,0.0,DR650597_32,53.7,45134.99,DR650597,202.74,0.0,54.8,D,SimuProA-4,EV_104
359.976,0.0,57.86,950.0,0,4.11,1,34.53,4.15,15.0,-28.0,210.0,EV_104,0.018,80,45.0,DR650597_32,53.7,45135.03,DR650597,202.74,0.0,54.8,D,SimuProA-4,EV_104
356.969,40.0,57.86,1900.0,0,4.05,1,34.53,4.15,30.0,65.0,210.0,EV_104,0.0,90,0.0,DR650597_32,53.8,45135.11,DR650597,202.74,0.0,54.9,D,SimuProA-4,EV_104
353.928,65.0,57.86,2850.0,0,4.01,1,34.51,4.14,45.0,110.0,210.0,EV_104,0.0,100,0.0,DR650597_32,53.9,45135.24,DR650597,202.74,0.0,55.0,D,SimuProA-4,EV_104
352.44,30.0,57.86,1600.0,0,3.99,1,34.5,4.13,25.0,145.0,210.0,EV_104,0.0,110,20.0,DR650597_32,54.0,45135.3,DR650597,202.74,0.0,55.2,D,SimuProA-4,EV_104
355.647,0.0,57.86,300.0,0,4.12,1,34.49,4.15,5.0,-35.0,210.0,EV_104,0.025,120,60.0,DR650597_32,54.1,45135.32,DR650597,202.74,0.0,55.3,D,SimuProA-4,EV_104
355.136,25.0,57.86,1250.0,0,4.1,1,34.47,4.15,20.0,55.0,210.0,EV_104,0.0,130,0.0,DR650597_32,54.1,45135.38,DR650597,202.74,0.0,55.3,D,SimuProA-4,EV_104
358.53,0.0,57.86,500.0,0,4.13,1,34.47,4.15,8.0,-40.0,210.0,EV_104,0.028,140,75.0,DR650597_32,54.2,45135.4,DR650597,202.74,0.0,55.4,D,SimuProA-4,EV_104
353.292,50.0,57.86,2100.0,0,4.06,1,34.44,4.15,35.0,95.0,210.0,EV_104,0.0,150,0.0,DR650597_32,54.3,45135.49,DR650597,202.74,0.0,55.5,D,SimuProA-4,EV_104
351.776,55.0,57.86,2800.0,0,4.04,1,34.41,4.14,45.0,110.0,210.0,EV_104,0.0,160,0.0,DR650597_32,54.4,45135.61,DR650597,202.74,0.0,55.6,D,SimuProA-4,EV_104
359.889,20.0,57.86,1800.0,0,4.11,1,34.4,4.15,30.0,25.0,210.0,EV_104,0.0,170,0.0,DR650597_32,54.5,45135.7,DR650597,202.74,0.0,55.7,D,SimuProA-4,EV_104
354.418,30.0,57.86,1350.0,0,4.08,1,34.39,4.15,22.0,65.0,210.0,EV_104,0.0,180,0.0,DR650597_32,54.6,45135.76,DR650597,202.74,0.0,55.8,D,SimuProA-4,EV_104
356.122,25.0,57.86,1750.0,0,4.1,1,34.37,4.15,28.0,45.0,210.0,EV_104,0.0,190,0.0,DR650597_32,54.7,45135.84,DR650597,202.74,0.0,55.9,D,SimuProA-4,EV_104
348.032,45.0,57.86,2350.0,0,4.05,1,34.36,4.15,38.0,85.0,210.0,EV_104,0.0,200,0.0,DR650597_32,54.8,45135.94,DR650597,202.74,0.0,56.0,D,SimuProA-4,EV_104
351.838,0.0,57.86,750.0,0,4.12,1,34.35,4.14,12.0,-35.0,210.0,EV_104,0.025,210,60.0,DR650597_32,54.9,45135.98,DR650597,202.74,0.0,56.1,D,SimuProA-4,EV_104
345.6,55.0,57.86,2600.0,0,4.04,1,34.33,4.15,42.0,95.0,210.0,EV_104,0.0,220,0.0,DR650597_32,55.0,45136.1,DR650597,202.74,0.0,56.2,D,SimuProA-4,EV_104
340.076,65.0,57.86,3000.0,0,4.02,1,34.28,4.15,48.0,110.0,210.0,EV_104,0.0,230,0.0,DR650597_32,55.2,45136.23,DR650597,202.74,0.0,56.4,D,SimuProA-4,EV_104
342.548,35.0,57.86,2150.0,0,4.06,1,34.28,4.15,35.0,75.0,210.0,EV_104,0.0,240,0.0,DR650597_32,55.3,45136.33,DR650597,202.74,0.0,56.5,D,SimuProA-4,EV_104
346.166,30.0,57.86,2000.0,0,4.05,1,34.27,4.14,32.0,65.0,210.0,EV_104,0.0,250,0.0,DR650597_32,55.5,45136.42,DR650597,202.74,0.0,56.7,D,SimuProA-4,EV_104
352.23,10.0,57.86,1100.0,0,4.1,1,34.25,4.13,18.0,15.0,210.0,EV_104,0.01,260,15.0,DR650597_32,55.6,45136.47,DR650597,202.74,0.0,56.8,D,SimuProA-4,EV_104
344.359,40.0,57.86,2500.0,0,4.03,1,34.25,4.15,40.0,80.0,210.0,EV_104,0.0,270,0.0,DR650597_32,55.8,45136.58,DR650597,202.74,0.0,57.0,D,SimuProA-4,EV_104
341.782,55.0,57.86,2800.0,0,4.04,1,34.23,4.15,45.0,95.0,210.0,EV_104,0.0,280,0.0,DR650597_32,56.0,45136.71,DR650597,202.74,0.0,57.2,D,SimuProA-4,EV_104
355.895,0.0,57.86,1250.0,0,4.08,1,34.22,4.15,20.0,-25.0,210.0,EV_104,0.02,290,65.0,DR650597_32,56.2,45136.76,DR650597,202.74,0.0,57.4,D,SimuProA-4,EV_104
348.058,35.0,57.86,1850.0,0,4.05,1,34.21,4.14,30.0,60.0,210.0,EV_104,0.0,300,0.0,DR650597_32,56.3,45136.84,DR650597,202.74,0.0,57.5,D,SimuProA-4,EV_104
342.067,30.0,57.86,2200.0,0,4.04,1,34.2,4.14,35.0,75.0,210.0,EV_104,0.0,310,0.0,DR650597_32,56.4,45136.94,DR650597,202.74,0.0,57.6,D,SimuProA-4,EV_104
337.712,60.0,57.86,3200.0,0,4.01,1,34.17,4.15,50.0,110.0,210.0,EV_104,0.0,320,0.0,DR650597_32,56.5,45137.08,DR650597,202.74,0.0,57.8,D,SimuProA-4,EV_104
351.81,0.0,57.86,900.0,0,4.09,1,34.16,4.15,15.0,-35.0,210.0,EV_104,0.03,330,75.0,DR650597_32,56.6,45137.12,DR650597,202.74,0.0,57.9,D,SimuProA-4,EV_104
358.673,25.0,57.86,1550.0,0,4.07,1,34.14,4.14,25.0,45.0,210.0,EV_104,0.0,340,0.0,DR650597_32,56.7,45137.19,DR650597,202.74,0.0,57.95,D,SimuProA-4,EV_104
344.99,55.0,57.86,2800.0,0,4.03,1,34.14,4.15,45.0,95.0,210.0,EV_104,0.0,350,0.0,DR650597_32,56.8,45137.31,DR650597,202.74,0.0,58.05,D,SimuProA-4,EV_104
339.156,65.0,57.86,3400.0,0,4.0,1,34.11,4.15,55.0,115.0,210.0,EV_104,0.0,360,0.0,DR650597_32,57.0,45137.47,DR650597,202.74,0.0,58.2,D,SimuProA-4,EV_104
333.635,55.0,57.86,3300.0,0,3.99,1,34.07,4.15,52.0,125.0,210.0,EV_104,0.0,370,0.0,DR650597_32,57.1,45137.61,DR650597,202.74,0.0,58.3,D,SimuProA-4,EV_104
348.887,0.0,57.86,2200.0,0,4.08,1,34.07,4.14,35.0,-25.0,210.0,EV_104,0.02,380,60.0,DR650597_32,57.1,45137.71,DR650597,202.74,0.0,58.35,D,SimuProA-4,EV_104
357.102,5.0,57.86,600.0,0,4.09,1,34.07,4.13,10.0,12.0,210.0,EV_104,0.0,390,10.0,DR650597_32,57.2,45137.74,DR650597,202.74,0.0,58.4,D,SimuProA-4,EV_104
355.129,0.0,57.86,300.0,0,4.105,1,34.05,4.135,5.0,-15.0,210.0,EV_104,0.01,400,45.0,DR650597_32,57.25,45137.75,DR650597,202.74,0.0,58.45,D,SimuProA-4,EV_104
362.961,35.0,57.86,950.0,0,4.11,1,34.05,4.14,15.0,45.0,210.0,EV_104,0.0,410,0.0,DR650597_32,57.35,45137.8,DR650597,202.74,0.0,58.55,D,SimuProA-4,EV_104
367.669,45.0,57.86,1750.0,0,4.115,1,34.04,4.145,28.0,75.0,210.0,EV_104,0.0,420,0.0,DR650597_32,57.45,45137.87,DR650597,202.74,0.0,58.65,D,SimuProA-4,EV_104
360.377,0.0,57.86,750.0,0,4.07,1,34.01,4.13,12.0,-32.0,210.0,EV_104,0.025,430,70.0,DR650597_32,57.55,45137.9,DR650597,202.74,0.0,58.75,D,SimuProA-4,EV_104
368.092,50.0,57.86,2000.0,0,4.12,1,34.01,4.15,32.0,65.0,210.0,EV_104,0.0,440,0.0,DR650597_32,57.65,45137.99,DR650597,202.74,0.0,58.85,D,SimuProA-4,EV_104
364.889,0.0,57.86,1100.0,0,4.09,1,34.01,4.14,18.0,-28.0,210.0,EV_104,0.02,450,55.0,DR650597_32,57.75,45138.04,DR650597,202.74,0.0,58.95,D,SimuProA-4,EV_104
364.79,30.0,57.86,1500.0,0,4.115,1,34.01,4.145,25.0,42.0,210.0,EV_104,0.0,460,0.0,DR650597_32,57.85,45138.11,DR650597,202.74,0.0,59.05,D,SimuProA-4,EV_104
361.614,45.0,57.86,2200.0,0,4.11,1,33.98,4.15,35.0,55.0,210.0,EV_104,0.0,470,0.0,DR650597_32,57.95,45138.21,DR650597,202.74,0.0,59.15,D,SimuProA-4,EV_104
363.478,0.0,57.86,900.0,0,4.08,1,33.98,4.14,15.0,-25.0,210.0,EV_104,0.02,480,60.0,DR650597_32,58.05,45138.25,DR650597,202.74,0.0,59.25,D,SimuProA-4,EV_104
358.681,60.0,57.86,2500.0,0,4.1,1,33.95,4.15,40.0,75.0,210.0,EV_104,0.0,490,0.0,DR650597_32,58.1,45138.36,DR650597,202.74,0.0,59.3,D,SimuProA-4,EV_104
362.594,0.0,57.86,1300.0,0,4.07,1,33.95,4.15,22.0,-35.0,210.0,EV_104,0.03,500,65.0,DR650597_32,58.15,45138.42,DR650597,202.74,0.0,59.35,D,SimuProA-4,EV_104
365.651,10.0,57.86,300.0,0,4.11,1,33.93,4.14,5.0,12.0,210.0,EV_104,0.0,510,5.0,DR650597_32,58.18,45138.44,DR650597,202.74,0.0,59.38,D,SimuProA-4,EV_104
352.072,55.0,57.86,2400.0,0,4.08,1,33.89,4.14,38.0,68.5,210.0,EV_104,0.0,520,0.0,DR650597_32,58.22,45138.55,DR650597,202.74,0.0,59.42,D,SimuProA-4,EV_104
355.496,0.0,57.86,1100.0,0,4.09,1,33.89,4.15,18.0,-28.0,210.0,EV_104,0.025,530,55.0,DR650597_32,58.26,45138.6,DR650597,202.74,0.0,59.46,D,SimuProA-4,EV_104
358.853,35.0,57.86,1800.0,0,4.07,1,33.87,4.13,28.0,42.0,210.0,EV_104,0.0,540,0.0,DR650597_32,58.3,45138.67,DR650597,202.74,0.0,59.5,D,SimuProA-4,EV_104
353.922,60.0,57.86,2800.0,0,4.08,1,33.86,4.14,42.0,85.0,210.0,EV_104,0.0,550,0.0,DR650597_32,58.32,45138.79,DR650597,202.74,0.0,59.52,D,SimuProA-4,EV_104
348.387,0.0,57.86,900.0,0,4.1,1,33.84,4.15,15.0,-38.0,210.0,EV_104,0.028,560,75.0,DR650597_32,58.34,45138.83,DR650597,202.74,0.0,59.54,D,SimuProA-4,EV_104
351.706,15.0,57.86,500.0,0,4.1,1,33.84,4.13,8.0,15.0,210.0,EV_104,0.0,570,10.0,DR650597_32,58.36,45138.85,DR650597,202.74,0.0,59.56,D,SimuProA-4,EV_104
368.647,45.0,57.86,2100.0,0,4.08,1,33.82,4.14,32.0,65.0,210.0,EV_104,0.0,580,0.0,DR650597_32,58.4,45138.94,DR650597,202.74,0.0,59.6,D,SimuProA-4,EV_104
351.975,75.0,57.86,3600.0,0,4.07,1,33.78,4.15,55.0,110.0,210.0,EV_104,0.0,590,0.0,DR650597_32,58.5,45139.09,DR650597,202.74,0.0,59.7,D,SimuProA-4,EV_104
365.752,25.0,57.86,1400.0,0,4.09,1,33.78,4.13,22.0,25.0,210.0,EV_104,0.0,600,15.0,DR650597_32,58.6,45139.15,DR650597,202.74,0.0,59.8,D,SimuProA-4,EV_104
354.372,60.0,57.86,2800.0,0,4.06,1,33.77,4.15,42.0,85.0,210.0,EV_104,0.0,610,0.0,DR650597_32,58.7,45139.27,DR650597,202.74,0.0,59.9,D,SimuProA-4,EV_104
362.462,0.0,57.86,1600.0,0,4.09,1,33.76,4.14,25.0,-35.0,210.0,EV_104,0.025,620,65.0,DR650597_32,58.8,45139.34,DR650597,202.74,0.0,60.0,D,SimuProA-4,EV_104
350.081,30.0,57.86,800.0,0,4.08,1,33.75,4.14,12.0,45.0,210.0,EV_104,0.0,630,0.0,DR650597_32,58.9,45139.37,DR650597,202.74,0.0,60.1,D,SimuProA-4,EV_104
361.188,15.0,57.86,1200.0,0,4.09,1,33.75,4.14,18.0,22.0,210.0,EV_104,0.0,640,5.0,DR650597_32,59.0,45139.42,DR650597,202.74,0.0,60.2,D,SimuProA-4,EV_104
348.603,55.0,57.86,2200.0,0,4.06,1,33.74,4.15,35.0,95.0,210.0,EV_104,0.0,650,0.0,DR650597_32,59.1,45139.52,DR650597,202.74,0.0,60.3,D,SimuProA-4,EV_104
363.992,0.0,57.86,950.0,0,4.1,1,33.73,4.14,15.0,-28.0,210.0,EV_104,0.018,660,45.0,DR650597_32,59.2,45139.56,DR650597,202.74,0.0,60.4,D,SimuProA-4,EV_104
358.556,45.0,57.86,1800.0,0,4.07,1,33.72,4.15,30.0,75.0,210.0,EV_104,0.0,670,0.0,DR650597_32,59.3,45139.64,DR650597,202.74,0.0,60.5,D,SimuProA-4,EV_104
349.976,65.0,57.86,2700.0,0,4.05,1,33.7,4.15,42.0,110.0,210.0,EV_104,0.0,680,0.0,DR650597_32,59.4,45139.76,DR650597,202.74,0.0,60.6,D,SimuProA-4,EV_104
360.121,0.0,57.86,750.0,0,4.09,1,33.67,4.14,12.0,-38.0,210.0,EV_104,0.028,690,85.0,DR650597_32,59.5,45139.79,DR650597,202.74,0.0,60.7,D,SimuProA-4,EV_104
352.687,50.0,57.86,2400.0,0,4.06,1,33.64,4.15,38.0,85.0,210.0,EV_104,0.0,700,0.0,DR650597_32,59.6,45139.9,DR650597,202.74,0.0,60.8,D,SimuProA-4,EV_104
342.21,75.0,57.86,3300.0,0,4.04,1,33.63,4.15,52.0,140.0,210.0,EV_104,0.0,710,0.0,DR650597_32,59.7,45140.04,DR650597,202.74,0.0,60.9,D,SimuProA-4,EV_104
355.642,0.0,57.86,1600.0,0,4.08,1,33.61,4.14,25.0,-25.0,210.0,EV_104,0.015,720,35.0,DR650597_32,59.8,45140.11,DR650597,202.74,0.0,61.0,D,SimuProA-4,EV_104
368.992,55.0,57.86,3050.0,0,4.08,1,33.61,4.15,48.0,45.0,210.0,EV_104,0.0,730,0.0,DR650597_32,59.85,45140.24,DR650597,202.74,0.0,61.05,D,SimuProA-4,EV_104
358.261,0.0,57.86,950.0,0,4.1,1,33.6,4.14,15.0,-28.0,210.0,EV_104,0.02,740,65.0,DR650597_32,59.9,45140.28,DR650597,202.74,0.0,61.1,D,SimuProA-4,EV_104
346.249,70.0,57.86,2250.0,0,4.05,1,33.58,4.15,35.0,130.0,210.0,EV_104,0.0,750,0.0,DR650597_32,60.0,45140.38,DR650597,202.74,0.0,61.2,D,SimuProA-4,EV_104
336.464,65.0,57.86,2900.0,0,4.03,1,33.55,4.15,45.0,145.0,210.0,EV_104,0.0,760,0.0,DR650597_32,60.1,45140.5,DR650597,202.74,0.0,61.3,D,SimuProA-4,EV_104
328.298,78.0,57.86,3800.0,0,4.02,1,33.53,4.15,58.0,185.0,210.0,EV_104,0.0,770,0.0,DR650597_32,60.2,45140.67,DR650597,202.74,0.0,61.4,D,SimuProA-4,EV_104
348.543,0.0,57.86,750.0,0,4.11,1,33.5,4.14,12.0,-32.0,210.0,EV_104,0.022,780,75.0,DR650597_32,60.3,45140.7,DR650597,202.74,0.0,61.5,D,SimuProA-4,EV_104
385.488,35.0,57.86,2700.0,0,4.08,1,33.48,4.13,42.0,12.5,210.0,EV_104,0.0,790,0.0,DR650597_32,60.4,45140.82,DR650597,202.74,0.0,61.6,D,SimuProA-4,EV_104
342.42,60.0,57.86,3600.0,0,4.04,1,33.47,4.15,55.0,165.0,210.0,EV_104,0.0,800,0.0,DR650597_32,60.5,45140.97,DR650597,202.74,0.0,61.7,D,SimuProA-4,EV_104
340.077,0.0,57.86,1100.0,0,4.12,1,33.46,4.14,18.0,-38.0,210.0,EV_104,0.025,810,55.0,DR650597_32,60.5,45141.02,DR650597,202.74,0.0,61.7,D,SimuProA-4,EV_104
378.141,45.0,57.86,2200.0,0,4.09,1,33.44,4.14,35.0,85.0,210.0,EV_104,0.0,820,0.0,DR650597_32,60.6,45141.12,DR650597,202.74,0.0,61.8,D,SimuProA-4,EV_104
345.48,65.0,57.86,3200.0,0,4.05,1,33.43,4.15,50.0,145.0,210.0,EV_104,0.0,830,0.0,DR650597_32,60.7,45141.26,DR650597,202.74,0.0,61.9,D,SimuProA-4,EV_104
356.238,0.0,57.86,900.0,0,4.1,1,33.42,4.14,15.0,-25.0,210.0,EV_104,0.02,840,40.0,DR650597_32,60.7,45141.3,DR650597,202.74,0.0,62.0,D,SimuProA-4,EV_104
341.831,75.0,57.86,3800.0,0,4.03,1,33.39,4.15,58.0,180.0,210.0,EV_104,0.0,850,0.0,DR650597_32,60.9,45141.46,DR650597,202.74,0.0,62.3,D,SimuProA-4,EV_104
348.174,0.0,57.86,750.0,0,4.13,1,33.39,4.15,12.0,-45.0,210.0,EV_104,0.028,860,85.0,DR650597_32,61.1,45141.49,DR650597,202.74,0.0,62.5,D,SimuProA-4,EV_104
380.104,50.0,57.86,2400.0,0,4.08,1,33.38,4.14,38.0,95.0,210.0,EV_104,0.0,870,0.0,DR650597_32,61.3,45141.6,DR650597,202.74,0.0,62.7,D,SimuProA-4,EV_104
372.737,35.0,57.86,1800.0,0,4.07,1,33.35,4.14,28.0,65.0,210.0,EV_104,0.0,880,15.0,DR650597_32,61.4,45141.68,DR650597,202.74,0.0,62.8,D,SimuProA-4,EV_104
342.565,60.0,57.86,3100.0,0,4.04,1,33.35,4.15,48.0,150.0,210.0,EV_104,0.0,890,0.0,DR650597_32,61.5,45141.81,DR650597,202.74,0.0,62.9,D,SimuProA-4,EV_104
355.704,0.0,57.86,650.0,0,4.12,1,33.35,4.15,10.0,-35.0,210.0,EV_104,0.025,900,60.0,DR650597_32,61.6,45141.84,DR650597,202.74,0.0,63.0,D,SimuProA-4,EV_104
368.641,45.0,57.86,2000.0,0,4.08,1,33.33,4.14,32.0,85.0,210.0,EV_104,0.0,910,0.0,DR650597_32,61.7,45141.93,DR650597,202.74,0.0,63.1,D,SimuProA-4,EV_104
352.137,55.0,57.86,2900.0,0,4.05,1,33.33,4.15,45.0,120.0,210.0,EV_104,0.0,920,0.0,DR650597_32,61.8,45142.05,DR650597,202.74,0.0,63.3,D,SimuProA-4,EV_104
375.328,0.0,57.86,950.0,0,4.11,1,33.32,4.15,15.0,-25.0,210.0,EV_104,0.02,930,40.0,DR650597_32,61.9,45142.1,DR650597,202.74,0.0,63.4,D,SimuProA-4,EV_104
348.31,50.0,57.86,2700.0,0,4.03,1,33.3,4.15,42.0,135.0,210.0,EV_104,0.0,940,0.0,DR650597_32,62.0,45142.22,DR650597,202.74,0.0,63.6,D,SimuProA-4,EV_104
358.581,0.0,57.86,1100.0,0,4.1,1,33.28,4.15,18.0,-30.0,210.0,EV_104,0.022,950,70.0,DR650597_32,62.1,45142.27,DR650597,202.74,0.0,63.7,D,SimuProA-4,EV_104
352.418,45.0,57.86,2400.0,0,4.06,1,33.28,4.14,38.0,110.0,210.0,EV_104,0.0,960,0.0,DR650597_32,62.2,45142.37,DR650597,202.74,0.0,63.8,D,SimuProA-4,EV_104
344.845,60.0,57.86,3200.0,0,4.02,1,33.26,4.15,48.0,145.0,210.0,EV_104,0.0,970,0.0,DR650597_32,62.3,45142.5,DR650597,202.74,0.0,63.9,D,SimuProA-4,EV_104
365.666,0.0,57.86,750.0,0,4.12,1,33.26,4.15,12.0,-35.0,210.0,EV_104,0.025,980,65.0,DR650597_32,62.4,45142.54,DR650597,202.74,0.0,64.0,D,SimuProA-4,EV_104
348.777,50.0,57.86,2600.0,0,4.04,1,33.24,4.15,40.0,125.0,210.0,EV_104,0.0,990,0.0,DR650597_32,62.5,45142.65,DR650597,202.74,0.0,64.1,D,SimuProA-4,EV_104
368.893,25.0,57.86,1650.0,0,4.09,1,33.22,4.145,25.0,15.0,210.0,EV_104,0.0,1000,0.0,DR650597_32,62.52,45142.72,DR650597,202.74,0.0,64.12,D,SimuProA-4,EV_104
346.547,55.0,57.86,3000.0,0,4.03,1,33.21,4.15,45.0,135.0,210.0,EV_104,0.0,1010,0.0,DR650597_32,62.65,45142.84,DR650597,202.74,0.0,64.25,D,SimuProA-4,EV_104
352.035,0.0,57.86,600.0,0,4.11,1,33.21,4.15,10.0,-28.0,210.0,EV_104,0.021,1020,60.0,DR650597_32,62.68,45142.87,DR650597,202.74,0.0,64.28,D,SimuProA-4,EV_104
360.368,35.0,57.86,1800.0,0,4.105,1,33.2,4.148,30.0,45.0,210.0,EV_104,0.0,1030,0.0,DR650597_32,62.75,45142.95,DR650597,202.74,0.0,64.35,D,SimuProA-4,EV_104
342.06,75.0,57.86,3800.0,0,4.02,1,33.18,4.15,55.0,160.0,210.0,EV_104,0.0,1040,0.0,DR650597_32,62.88,45143.11,DR650597,202.74,0.0,64.48,D,SimuProA-4,EV_104
355.555,0.0,57.86,900.0,0,4.1,1,33.14,4.15,15.0,-38.0,210.0,EV_104,0.028,1050,70.0,DR650597_32,62.95,45143.15,DR650597,202.74,0.0,64.55,D,SimuProA-4,EV_104
378.277,25.0,57.86,2200.0,0,4.1,1,33.11,4.15,35.0,45.0,210.0,EV_104,0.0,1060,0.0,DR650597_32,62.96,45143.25,DR650597,202.74,0.0,64.56,D,SimuProA-4,EV_104
348.484,65.0,57.86,2800.0,0,4.04,1,33.09,4.15,45.0,125.0,210.0,EV_104,0.0,1070,0.0,DR650597_32,63.0,45143.37,DR650597,202.74,0.0,64.6,D,SimuProA-4,EV_104
361.782,0.0,57.86,1200.0,0,4.12,1,33.09,4.15,20.0,-15.0,210.0,EV_104,0.012,1080,45.0,DR650597_32,63.02,45143.43,DR650597,202.74,0.0,64.62,D,SimuProA-4,EV_104
358.56,45.0,57.86,3100.0,0,4.06,1,33.07,4.14,50.0,95.0,210.0,EV_104,0.0,1090,0.0,DR650597_32,63.05,45143.57,DR650597,202.74,0.0,64.64,D,SimuProA-4,EV_104
382.606,0.0,57.86,800.0,0,4.13,1,33.05,4.15,15.0,-25.0,210.0,EV_104,0.018,1100,60.0,DR650597_32,63.08,45143.61,DR650597,202.74,0.0,64.66,D,SimuProA-4,EV_104
370.469,30.0,57.86,1900.0,0,4.09,1,33.04,4.14,30.0,60.0,210.0,EV_104,0.0,1110,0.0,DR650597_32,63.12,45143.69,DR650597,202.74,0.0,64.7,D,SimuProA-4,EV_104
351.718,55.0,57.86,2650.0,0,4.05,1,33.03,4.15,42.0,110.0,210.0,EV_104,0.0,1120,0.0,DR650597_32,63.2,45143.81,DR650597,202.74,0.0,64.75,D,SimuProA-4,EV_104
345.175,70.0,57.86,3050.0,0,4.03,1,33.0,4.15,48.0,145.0,210.0,EV_104,0.0,1130,0.0,DR650597_32,63.35,45143.94,DR650597,202.74,0.0,64.88,D,SimuProA-4,EV_104
368.113,0.0,57.86,600.0,0,4.14,1,33.0,4.15,12.0,-35.0,210.0,EV_104,0.025,1140,75.0,DR650597_32,63.4,45143.97,DR650597,202.74,0.0,64.9,D,SimuProA-4,EV_104
360.974,15.0,57.86,1100.0,0,4.12,1,32.99,4.14,18.0,25.0,210.0,EV_104,0.0,1150,0.0,DR650597_32,63.55,45144.02,DR650597,202.74,0.0,65.0,D,SimuProA-4,EV_104
354.727,35.0,57.86,2000.0,0,4.1,1,32.96,4.14,32.0,55.0,210.0,EV_104,0.0,1160,0.0,DR650597_32,63.68,45144.11,DR650597,202.74,0.0,65.0,D,SimuProA-4,EV_104
347.929,65.0,57.86,2900.0,0,4.02,1,32.91,4.15,46.0,135.0,210.0,EV_104,0.0,1170,0.0,DR650597_32,63.82,45144.24,DR650597,202.74,0.0,65.0,D,SimuProA-4,EV_104
358.339,45.0,57.86,2500.0,0,4.01,1,32.84,4.13,40.0,85.0,210.0,EV_104,0.0,1180,0.0,DR650597_32,64.0,45144.35,DR650597,202.74,0.0,65.0,D,SimuProA-4,EV_104
342.37,75.0,57.86,3400.0,0,3.98,1,32.75,4.15,52.0,160.0,210.0,EV_104,0.0,1190,0.0,DR650597_32,64.2,45144.5,DR650597,202.74,0.0,65.0,D,SimuProA-4,EV_104
365.638,0.0,57.86,1300.0,0,4.13,1,32.74,4.15,22.0,-25.0,210.0,EV_104,0.02,1200,55.0,DR650597_32,64.25,45144.56,DR650597,202.74,0.0,65.0,D,SimuProA-4,EV_104
352.19,25.0,57.86,1700.0,0,4.11,1,32.71,4.14,28.0,18.5,210.0,EV_104,0.0,1210,0.0,DR650597_32,64.35,45144.64,DR650597,202.74,0.0,65.0,D,SimuProA-4,EV_104
349.016,40.0,57.86,2300.0,0,4.1,1,32.7,4.15,38.0,65.0,210.0,EV_104,0.0,1220,0.0,DR650597_32,64.48,45144.74,DR650597,202.74,0.0,65.0,D,SimuProA-4,EV_104
360.038,0.0,57.86,700.0,0,4.12,1,32.69,4.15,12.0,-32.0,210.0,EV_104,0.03,1230,85.0,DR650597_32,64.52,45144.78,DR650597,202.74,0.0,65.0,D,SimuProA-4,EV_104
341.002,55.0,57.86,2200.0,0,3.95,1,32.68,4.15,35.0,125.0,210.0,EV_104,0.0,1240,0.0,DR650597_32,64.6,45144.88,DR650597,202.74,0.0,65.0,D,SimuProA-4,EV_104
335.071,65.0,57.86,2700.0,0,3.92,1,32.66,4.15,42.0,145.0,210.0,EV_104,0.0,1250,0.0,DR650597_32,64.75,45144.99,DR650597,202.74,0.0,65.0,D,SimuProA-4,EV_104
344.967,0.0,57.86,400.0,0,4.12,1,32.65,4.15,8.0,-38.0,210.0,EV_104,0.03,1260,90.0,DR650597_32,64.9,45145.02,DR650597,202.74,0.0,65.0,D,SimuProA-4,EV_104
382.528,30.0,57.86,1600.0,0,4.1,1,32.63,4.14,25.0,45.0,210.0,EV_104,0.0,1270,0.0,DR650597_32,41.9,45145.09,DR650597,202.74,0.0,42.1,D,SimuProA-4,EV_104
372.487,45.0,57.86,2200.0,0,4.08,1,32.63,4.15,35.0,85.0,210.0,EV_104,0.0,0,0.0,DR650597_33,42.0,45145.19,DR650597,202.74,0.0,42.2,D,SimuProA-4,EV_104
348.59,0.0,57.86,950.0,0,4.13,1,32.62,4.15,15.0,-25.0,210.0,EV_104,0.025,10,35.0,DR650597_33,42.05,45145.23,DR650597,202.74,0.0,42.25,D,SimuProA-4,EV_104
365.681,40.0,57.86,1900.0,0,4.09,1,32.61,4.14,30.0,60.0,210.0,EV_104,0.0,20,0.0,DR650597_33,42.15,45145.31,DR650597,202.74,0.0,42.35,D,SimuProA-4,EV_104
358.696,0.0,57.86,750.0,0,4.12,1,32.6,4.15,12.0,-32.0,210.0,EV_104,0.028,30,65.0,DR650597_33,42.2,45145.35,DR650597,202.74,0.0,42.4,D,SimuProA-4,EV_104
378.16,35.0,57.86,1400.0,0,4.1,1,32.59,4.14,22.0,55.0,210.0,EV_104,0.0,40,0.0,DR650597_33,42.3,45145.41,DR650597,202.74,0.0,42.5,D,SimuProA-4,EV_104
354.902,30.0,57.86,1750.0,0,4.1,1,32.57,4.14,28.0,45.0,210.0,EV_104,0.0,50,0.0,DR650597_33,42.35,45145.49,DR650597,202.74,0.0,42.55,D,SimuProA-4,EV_104
368.058,42.0,57.86,2400.0,0,4.09,1,32.57,4.14,38.0,65.0,210.0,EV_104,0.0,60,0.0,DR650597_33,42.4,45145.59,DR650597,202.74,0.0,42.6,D,SimuProA-4,EV_104
374.904,0.0,57.86,1100.0,0,4.13,1,32.57,4.15,18.0,-35.0,210.0,EV_104,0.03,70,55.0,DR650597_33,42.45,45145.64,DR650597,202.74,0.0,42.65,D,SimuProA-4,EV_104
362.588,45.0,57.86,2850.0,0,4.11,1,32.54,4.15,45.0,85.0,210.0,EV_104,0.0,80,0.0,DR650597_33,42.5,45145.76,DR650597,202.74,0.0,42.7,D,SimuProA-4,EV_104
355.457,60.0,57.86,3200.0,0,4.1,1,32.54,4.15,50.0,110.0,210.0,EV_104,0.0,90,0.0,DR650597_33,42.6,45145.9,DR650597,202.74,0.0,42.8,D,SimuProA-4,EV_104
370.738,0.0,57.86,1250.0,0,4.12,1,32.54,4.15,20.0,-25.0,210.0,EV_104,0.025,100,45.0,DR650597_33,42.7,45145.96,DR650597,202.74,0.0,42.9,D,SimuProA-4,EV_104
362.366,55.0,57.86,3000.0,0,4.09,1,32.53,4.14,48.0,95.0,210.0,EV_104,0.0,110,0.0,DR650597_33,42.8,45146.09,DR650597,202.74,0.0,43.0,D,SimuProA-4,EV_104
344.943,75.0,57.86,2200.0,0,4.08,1,32.49,4.15,35.0,180.0,210.0,EV_104,0.0,120,0.0,DR650597_33,43.0,45146.19,DR650597,202.74,0.0,43.2,D,SimuProA-4,EV_104
378.604,0.0,57.86,650.0,0,4.13,1,32.49,4.15,10.0,-38.0,210.0,EV_104,0.028,130,65.0,DR650597_33,43.1,45146.22,DR650597,202.74,0.0,43.3,D,SimuProA-4,EV_104
369.818,40.0,57.86,2700.0,0,4.11,1,32.48,4.15,42.0,45.0,210.0,EV_104,0.0,140,0.0,DR650597_33,43.2,45146.34,DR650597,202.74,0.0,43.4,D,SimuProA-4,EV_104
360.328,55.0,57.86,3500.0,0,4.09,1,32.44,4.15,52.0,85.0,210.0,EV_104,0.0,150,0.0,DR650597_33,43.3,45146.48,DR650597,202.74,0.0,43.5,D,SimuProA-4,EV_104
375.156,0.0,57.86,1500.0,0,4.12,1,32.44,4.15,25.0,-20.0,210.0,EV_104,0.022,160,35.0,DR650597_33,43.4,45146.55,DR650597,202.74,0.0,43.6,D,SimuProA-4,EV_104
370.697,35.0,57.86,2400.0,0,4.1,1,32.42,4.15,38.0,65.0,210.0,EV_104,0.0,170,0.0,DR650597_33,43.5,45146.66,DR650597,202.74,0.0,43.7,D,SimuProA-4,EV_104
361.658,60.0,57.86,3200.0,0,4.08,1,32.38,4.15,48.0,95.0,210.0,EV_104,0.0,180,0.0,DR650597_33,43.6,45146.79,DR650597,202.74,0.0,43.8,D,SimuProA-4,EV_104
368.468,0.0,57.86,1350.0,0,4.12,1,32.38,4.15,22.0,-15.0,210.0,EV_104,0.018,190,45.0,DR650597_33,43.7,45146.85,DR650597,202.74,0.0,43.9,D,SimuProA-4,EV_104
362.199,58.0,57.86,3300.0,0,4.08,1,32.35,4.15,50.0,88.0,210.0,EV_104,0.0,200,0.0,DR650597_33,43.8,45146.99,DR650597,202.74,0.0,44.0,D,SimuProA-4,EV_104
358.604,70.0,57.86,3900.0,0,4.06,1,32.33,4.15,58.0,110.0,210.0,EV_104,0.0,210,0.0,DR650597_33,43.9,45147.15,DR650597,202.74,0.0,44.1,D,SimuProA-4,EV_104
372.622,0.0,57.86,2200.0,0,4.13,1,32.33,4.15,35.0,-35.0,210.0,EV_104,0.028,220,65.0,DR650597_33,44.0,45147.25,DR650597,202.74,0.0,44.2,D,SimuProA-4,EV_104
370.277,45.0,57.86,2800.0,0,4.09,1,32.31,4.14,42.0,45.0,210.0,EV_104,0.0,230,0.0,DR650597_33,44.1,45147.37,DR650597,202.74,0.0,44.3,D,SimuProA-4,EV_104
365.127,55.0,57.86,3100.0,0,4.08,1,32.3,4.15,48.0,90.0,210.0,EV_104,0.0,240,0.0,DR650597_33,44.2,45147.5,DR650597,202.74,0.0,44.4,D,SimuProA-4,EV_104
369.754,15.0,57.86,1600.0,0,4.1,1,32.27,4.13,25.0,12.0,210.0,EV_104,0.012,250,10.0,DR650597_33,44.3,45147.57,DR650597,202.74,0.0,44.5,D,SimuProA-4,EV_104
362.684,65.0,57.86,3700.0,0,4.05,1,32.24,4.15,55.0,135.0,210.0,EV_104,0.0,260,0.0,DR650597_33,44.3,45147.72,DR650597,202.74,0.0,44.6,D,SimuProA-4,EV_104
355.19,75.0,57.86,4200.0,0,3.98,1,32.18,4.15,62.0,180.0,210.0,EV_104,0.0,270,0.0,DR650597_33,44.4,45147.9,DR650597,202.74,0.0,44.7,D,SimuProA-4,EV_104
348.033,0.0,57.86,2000.0,0,4.08,1,32.18,4.12,30.0,-38.0,210.0,EV_104,0.031,280,70.0,DR650597_33,44.5,45147.98,DR650597,202.74,0.0,44.8,D,SimuProA-4,EV_104
361.998,25.0,57.86,2400.0,0,4.09,1,32.16,4.14,38.0,45.0,210.0,EV_104,0.0,290,0.0,DR650597_33,44.6,45148.09,DR650597,202.74,0.0,44.9,D,SimuProA-4,EV_104
358.145,50.0,57.86,3400.0,0,4.07,1,32.14,4.15,52.0,85.0,210.0,EV_104,0.0,300,0.0,DR650597_33,44.7,45148.23,DR650597,202.74,0.0,45.0,D,SimuProA-4,EV_104
366.651,0.0,57.86,1800.0,0,4.1,1,32.14,4.13,28.0,-25.0,210.0,EV_104,0.025,310,45.0,DR650597_33,44.8,45148.31,DR650597,202.74,0.0,45.1,D,SimuProA-4,EV_104
372.547,5.0,57.86,320.0,0,4.11,1,32.14,4.15,5.0,15.0,210.0,EV_104,0.0,320,0.0,DR650597_33,44.9,45148.32,DR650597,202.74,0.0,45.2,D,SimuProA-4,EV_104
368.197,30.0,57.86,1600.0,0,4.08,1,32.13,4.14,25.0,55.0,210.0,EV_104,0.0,330,0.0,DR650597_33,45.0,45148.39,DR650597,202.74,0.0,45.3,D,SimuProA-4,EV_104
374.37,20.0,57.86,2200.0,0,4.12,1,32.11,4.15,35.0,22.0,210.0,EV_104,0.0,340,0.0,DR650597_33,45.1,45148.49,DR650597,202.74,0.0,45.4,D,SimuProA-4,EV_104
369.105,45.0,57.86,2800.0,0,4.06,1,32.09,4.14,42.0,72.5,210.0,EV_104,0.0,350,0.0,DR650597_33,45.2,45148.61,DR650597,202.74,0.0,45.6,D,SimuProA-4,EV_104
355.057,0.0,57.86,1200.0,0,4.09,1,32.08,4.12,18.0,-35.0,210.0,EV_104,0.028,360,65.0,DR650597_33,45.3,45148.66,DR650597,202.74,0.0,45.7,D,SimuProA-4,EV_104
371.644,15.0,57.86,800.0,0,4.11,1,32.06,4.15,12.0,8.5,210.0,EV_104,0.0,370,0.0,DR650597_33,45.4,45148.69,DR650597,202.74,0.0,45.8,D,SimuProA-4,EV_104
362.418,35.0,57.86,1400.0,0,4.08,1,32.04,4.14,22.0,45.0,210.0,EV_104,0.0,380,0.0,DR650597_33,45.5,45148.75,DR650597,202.74,0.0,45.9,D,SimuProA-4,EV_104
357.883,50.0,57.86,2000.0,0,4.07,1,32.01,4.15,32.0,65.0,210.0,EV_104,0.0,390,0.0,DR650597_33,45.6,45148.84,DR650597,202.74,0.0,46.0,D,SimuProA-4,EV_104
375.612,0.0,57.86,1000.0,0,4.1,1,32.01,4.13,15.0,-25.0,210.0,EV_104,0.022,400,55.0,DR650597_33,45.7,45148.88,DR650597,202.74,0.0,46.1,D,SimuProA-4,EV_104
381.801,30.0,57.86,1800.0,0,4.1,1,31.97,4.14,28.0,12.5,210.0,EV_104,0.0,410,0.0,DR650597_33,45.8,45148.96,DR650597,202.74,0.0,46.2,D,SimuProA-4,EV_104
365.277,45.0,57.86,2800.0,0,4.08,1,31.96,4.15,42.0,55.0,210.0,EV_104,0.0,420,0.0,DR650597_33,45.9,45149.07,DR650597,202.74,0.0,46.3,D,SimuProA-4,EV_104
377.839,0.0,57.86,1100.0,0,4.09,1,31.95,4.13,18.0,-30.0,210.0,EV_104,0.025,430,60.0,DR650597_33,46.0,45149.12,DR650597,202.74,0.0,46.4,D,SimuProA-4,EV_104
368.257,35.0,57.86,2400.0,0,4.08,1,31.94,4.14,38.0,45.0,210.0,EV_104,0.0,440,0.0,DR650597_33,46.1,45149.23,DR650597,202.74,0.0,46.5,D,SimuProA-4,EV_104
351.634,65.0,57.86,3200.0,0,4.07,1,31.92,4.15,48.0,85.0,210.0,EV_104,0.0,450,0.0,DR650597_33,46.2,45149.36,DR650597,202.74,0.0,46.7,D,SimuProA-4,EV_104
375.301,0.0,57.86,750.0,0,4.1,1,31.9,4.13,12.0,-35.0,210.0,EV_104,0.028,460,80.0,DR650597_33,46.2,45149.39,DR650597,202.74,0.0,46.7,D,SimuProA-4,EV_104
353.851,50.0,57.86,2200.0,0,4.07,1,31.88,4.15,35.0,75.0,210.0,EV_104,0.0,470,0.0,DR650597_33,46.3,45149.49,DR650597,202.74,0.0,46.8,D,SimuProA-4,EV_104
361.911,15.0,57.86,950.0,0,4.09,1,31.86,4.14,15.0,25.0,210.0,EV_104,0.0,480,0.0,DR650597_33,46.4,45149.53,DR650597,202.74,0.0,46.9,D,SimuProA-4,EV_104
349.371,70.0,57.86,3000.0,0,4.07,1,31.84,4.15,45.0,90.0,210.0,EV_104,0.0,490,0.0,DR650597_33,46.5,45149.65,DR650597,202.74,0.0,47.0,D,SimuProA-4,EV_104
358.69,35.0,57.86,1600.0,0,4.08,1,31.81,4.14,25.0,45.0,210.0,EV_104,0.0,500,0.0,DR650597_33,46.55,45149.72,DR650597,202.74,0.0,47.05,D,SimuProA-4,EV_104
344.856,55.0,57.86,2400.0,0,4.05,1,31.79,4.15,38.0,110.0,210.0,EV_104,0.0,510,0.0,DR650597_33,46.6,45149.83,DR650597,202.74,0.0,47.12,D,SimuProA-4,EV_104
365.621,0.0,57.86,1100.0,0,4.1,1,31.78,4.13,18.0,-25.0,210.0,EV_104,0.022,520,45.0,DR650597_33,46.65,45149.88,DR650597,202.74,0.0,47.18,D,SimuProA-4,EV_104
352.13,40.0,57.86,1800.0,0,4.07,1,31.74,4.14,28.0,65.0,210.0,EV_104,0.0,530,0.0,DR650597_33,46.72,45149.96,DR650597,202.74,0.0,47.25,D,SimuProA-4,EV_104
363.007,15.0,57.86,700.0,0,4.08,1,31.74,4.13,12.0,35.0,210.0,EV_104,0.0,540,10.0,DR650597_33,46.78,45149.99,DR650597,202.74,0.0,47.3,D,SimuProA-4,EV_104
348.85,60.0,57.86,2700.0,0,4.06,1,31.72,4.15,42.0,85.0,210.0,EV_104,0.0,550,0.0,DR650597_33,46.85,45150.11,DR650597,202.74,0.0,47.38,D,SimuProA-4,EV_104
342.49,65.0,57.86,3300.0,0,4.04,1,31.71,4.15,52.0,95.0,210.0,EV_104,0.0,560,0.0,DR650597_33,46.92,45150.25,DR650597,202.74,0.0,47.45,D,SimuProA-4,EV_104
368.694,0.0,57.86,900.0,0,4.09,1,31.7,4.14,15.0,-30.0,210.0,EV_104,0.025,570,55.0,DR650597_33,46.98,45150.3,DR650597,202.74,0.0,47.52,D,SimuProA-4,EV_104
349.613,45.0,57.86,1600.0,0,4.05,1,31.69,4.15,25.0,70.0,210.0,EV_104,0.0,580,0.0,DR650597_33,47.05,45150.37,DR650597,202.74,0.0,47.6,D,SimuProA-4,EV_104
357.991,35.0,57.86,1800.0,0,4.07,1,31.69,4.14,28.0,45.0,210.0,EV_104,0.0,590,0.0,DR650597_33,47.1,45150.45,DR650597,202.74,0.0,47.65,D,SimuProA-4,EV_104
345.24,65.0,57.86,3000.0,0,4.05,1,31.67,4.15,48.0,110.0,210.0,EV_104,0.0,600,0.0,DR650597_33,47.15,45150.58,DR650597,202.74,0.0,47.7,D,SimuProA-4,EV_104
338.02,75.0,57.86,4100.0,0,4.04,1,31.66,4.15,62.0,140.0,210.0,EV_104,0.0,610,0.0,DR650597_33,47.2,45150.75,DR650597,202.74,0.0,47.75,D,SimuProA-4,EV_104
341.934,55.0,57.86,3200.0,0,4.06,1,31.64,4.15,50.0,95.0,210.0,EV_104,0.0,620,0.0,DR650597_33,47.25,45150.89,DR650597,202.74,0.0,47.82,D,SimuProA-4,EV_104
352.641,15.0,57.86,1300.0,0,4.08,1,31.64,4.14,20.0,35.0,210.0,EV_104,0.0,630,0.0,DR650597_33,47.3,45150.94,DR650597,202.74,0.0,47.85,D,SimuProA-4,EV_104
346.028,0.0,57.86,500.0,0,4.07,1,31.62,4.14,8.0,-25.0,210.0,EV_104,0.018,640,45.0,DR650597_33,47.33,45150.97,DR650597,202.74,0.0,47.88,D,SimuProA-4,EV_104
349.873,25.0,57.86,800.0,0,4.07,1,31.62,4.14,15.0,45.0,210.0,EV_104,0.0,650,10.0,DR650597_33,47.35,45151.01,DR650597,202.74,0.0,47.9,D,SimuProA-4,EV_104
342.825,45.0,57.86,1800.0,0,4.06,1,31.6,4.15,32.0,85.0,210.0,EV_104,0.0,660,0.0,DR650597_33,47.38,45151.1,DR650597,202.74,0.0,47.95,D,SimuProA-4,EV_104
345.845,20.0,57.86,950.0,0,4.08,1,31.6,4.14,18.0,30.0,210.0,EV_104,0.0,670,5.0,DR650597_33,47.4,45151.15,DR650597,202.74,0.0,48.0,D,SimuProA-4,EV_104
348.144,22.0,57.86,1100.0,0,4.07,1,31.58,4.14,22.0,42.0,210.0,EV_104,0.0,680,0.0,DR650597_33,47.45,45151.21,DR650597,202.74,0.0,48.05,D,SimuProA-4,EV_104
344.575,35.0,57.86,2100.0,0,4.06,1,31.58,4.15,38.0,75.0,210.0,EV_104,0.0,690,0.0,DR650597_33,47.5,45151.32,DR650597,202.74,0.0,48.12,D,SimuProA-4,EV_104
347.71,0.0,57.86,600.0,0,4.07,1,31.57,4.15,12.0,-32.0,210.0,EV_104,0.022,700,55.0,DR650597_33,47.52,45151.35,DR650597,202.74,0.0,48.15,D,SimuProA-4,EV_104
346.686,30.0,57.86,1400.0,0,4.06,1,31.55,4.14,28.0,65.0,210.0,EV_104,0.0,710,0.0,DR650597_33,47.55,45151.43,DR650597,202.74,0.0,48.2,D,SimuProA-4,EV_104
344.463,40.0,57.86,1900.0,0,4.06,1,31.53,4.15,35.0,80.0,210.0,EV_104,0.0,720,0.0,DR650597_33,47.6,45151.52,DR650597,202.74,0.0,48.3,D,SimuProA-4,EV_104
348.35,0.0,57.86,700.0,0,4.07,1,31.52,4.15,15.0,-15.0,210.0,EV_104,0.025,730,45.0,DR650597_33,47.65,45151.57,DR650597,202.74,0.0,48.35,D,SimuProA-4,EV_104
352.481,25.0,57.86,1600.0,0,4.06,1,31.49,4.14,30.0,55.0,210.0,EV_104,0.0,740,0.0,DR650597_33,47.7,45151.65,DR650597,202.74,0.0,48.45,D,SimuProA-4,EV_104
343.318,45.0,57.86,2800.0,0,4.05,1,31.49,4.15,45.0,95.0,210.0,EV_104,0.0,750,0.0,DR650597_33,47.8,45151.78,DR650597,202.74,0.0,48.55,D,SimuProA-4,EV_104
348.707,0.0,57.86,1000.0,0,4.08,1,31.49,4.15,20.0,-25.0,210.0,EV_104,0.018,760,60.0,DR650597_33,47.85,45151.83,DR650597,202.74,0.0,48.6,D,SimuProA-4,EV_104
344.238,35.0,57.86,2300.0,0,4.06,1,31.47,4.15,38.0,75.0,210.0,EV_104,0.0,770,0.0,DR650597_33,47.9,45151.94,DR650597,202.74,0.0,48.7,D,SimuProA-4,EV_104
347.2,0.0,57.86,550.0,0,4.09,1,31.45,4.15,10.0,-35.0,210.0,EV_104,0.022,780,75.0,DR650597_33,48.0,45151.96,DR650597,202.74,0.0,48.85,D,SimuProA-4,EV_104
349.943,5.0,57.86,300.0,0,4.07,1,31.45,4.14,5.0,12.0,210.0,EV_104,0.0,790,10.0,DR650597_33,48.15,45151.98,DR650597,202.74,0.0,49.0,D,SimuProA-4,EV_104
351.885,25.0,57.86,1100.0,0,4.06,1,31.43,4.13,18.0,45.0,210.0,EV_104,0.0,800,0.0,DR650597_33,48.2,45152.03,DR650597,202.74,0.0,49.1,D,SimuProA-4,EV_104
341.626,0.0,57.86,0.0,0,4.1,1,31.41,4.14,0.0,-38.0,210.0,EV_104,0.024,810,90.0,DR650597_33,48.22,45152.03,DR650597,202.74,0.0,49.15,D,SimuProA-4,EV_104
344.063,10.0,57.86,500.0,0,4.05,1,31.41,4.13,8.0,8.5,210.0,EV_104,0.0,820,5.0,DR650597_33,48.25,45152.05,DR650597,202.74,0.0,49.2,D,SimuProA-4,EV_104
353.186,35.0,57.86,1600.0,0,4.06,1,31.41,4.14,22.0,55.0,210.0,EV_104,0.0,830,0.0,DR650597_33,48.35,45152.11,DR650597,202.74,0.0,49.3,D,SimuProA-4,EV_104
358.084,20.0,57.86,2100.0,0,4.08,1,31.41,4.15,32.0,30.0,210.0,EV_104,0.0,840,0.0,DR650597_33,48.4,45152.2,DR650597,202.74,0.0,49.35,D,SimuProA-4,EV_104
349.788,0.0,57.86,1000.0,0,4.1,1,31.4,4.14,15.0,-25.0,210.0,EV_104,0.015,850,45.0,DR650597_33,48.45,45152.24,DR650597,202.74,0.0,49.3,D,SimuProA-4,EV_104
351.972,25.0,57.86,1900.0,0,4.07,1,31.4,4.14,28.0,42.0,210.0,EV_104,0.0,860,0.0,DR650597_33,48.48,45152.32,DR650597,202.74,0.0,49.32,D,SimuProA-4,EV_104
345.341,45.0,57.86,2600.0,0,4.05,1,31.4,4.15,38.0,65.0,210.0,EV_104,0.0,870,0.0,DR650597_33,48.55,45152.42,DR650597,202.74,0.0,49.45,D,SimuProA-4,EV_104
357.081,0.0,57.86,1200.0,0,4.09,1,31.37,4.14,18.0,-32.0,210.0,EV_104,0.02,880,55.0,DR650597_33,48.52,45152.47,DR650597,202.74,0.0,49.4,D,SimuProA-4,EV_104
352.582,15.0,57.86,1500.0,0,4.07,1,31.37,4.14,22.0,35.0,210.0,EV_104,0.0,890,0.0,DR650597_33,48.6,45152.53,DR650597,202.74,0.0,49.5,D,SimuProA-4,EV_104
348.585,30.0,57.86,2000.0,0,4.06,1,31.37,4.15,30.0,55.0,210.0,EV_104,0.0,900,0.0,DR650597_33,48.7,45152.61,DR650597,202.74,0.0,49.6,D,SimuProA-4,EV_104
354.594,0.0,57.86,800.0,0,4.1,1,31.35,4.14,12.0,-28.0,210.0,EV_104,0.018,910,50.0,DR650597_33,48.75,45152.65,DR650597,202.74,0.0,49.65,D,SimuProA-4,EV_104
346.12,40.0,57.86,2400.0,0,4.06,1,31.34,4.14,35.0,72.0,210.0,EV_104,0.0,920,0.0,DR650597_33,48.8,45152.75,DR650597,202.74,0.0,49.7,D,SimuProA-4,EV_104
358.227,0.0,57.86,500.0,0,4.09,1,31.34,4.13,8.0,-35.0,210.0,EV_104,0.025,930,65.0,DR650597_33,48.85,45152.77,DR650597,202.74,0.0,49.75,D,SimuProA-4,EV_104
349.509,25.0,57.86,1200.0,0,4.07,1,31.33,4.14,18.0,45.0,210.0,EV_104,0.0,940,0.0,DR650597_33,48.9,45152.82,DR650597,202.74,0.0,49.8,D,SimuProA-4,EV_104
346.694,35.0,57.86,1850.0,0,4.05,1,31.29,4.15,28.0,85.0,210.0,EV_104,0.0,950,0.0,DR650597_33,49.0,45152.9,DR650597,202.74,0.0,49.9,D,SimuProA-4,EV_104
339.97,55.0,57.86,2800.0,0,4.03,1,31.28,4.15,42.0,110.0,210.0,EV_104,0.0,960,0.0,DR650597_33,49.1,45153.01,DR650597,202.74,0.0,50.0,D,SimuProA-4,EV_104
345.778,0.0,57.86,1000.0,0,4.09,1,31.28,4.14,15.0,-25.0,210.0,EV_104,0.022,970,45.0,DR650597_33,49.15,45153.06,DR650597,202.74,0.0,50.05,D,SimuProA-4,EV_104
348.021,18.0,57.86,1500.0,0,4.08,1,31.27,4.13,22.0,12.5,210.0,EV_104,0.0,980,0.0,DR650597_33,49.2,45153.12,DR650597,202.74,0.0,50.08,D,SimuProA-4,EV_104
338.199,65.0,57.86,2400.0,0,4.02,1,31.26,4.15,38.0,145.0,210.0,EV_104,0.0,990,0.0,DR650597_33,49.3,45153.23,DR650597,202.74,0.0,50.18,D,SimuProA-4,EV_104
344.601,0.0,57.86,350.0,0,4.09,1,31.25,4.14,5.0,-38.0,210.0,EV_104,0.028,1000,75.0,DR650597_33,49.35,45153.24,DR650597,202.74,0.0,50.2,D,SimuProA-4,EV_104
340.1,35.0,57.86,1600.0,0,4.01,1,31.24,4.15,25.0,85.0,210.0,EV_104,0.0,1010,0.0,DR650597_33,49.4,45153.31,DR650597,202.74,0.0,50.25,D,SimuProA-4,EV_104
333.805,70.0,57.86,3200.0,0,3.98,1,31.2,4.15,48.0,165.0,210.0,EV_104,0.0,1020,0.0,DR650597_33,49.5,45153.44,DR650597,202.74,0.0,50.35,D,SimuProA-4,EV_104
343.021,0.0,57.86,550.0,0,4.08,1,31.2,4.14,8.0,-32.0,210.0,EV_104,0.025,1030,60.0,DR650597_33,49.55,45153.46,DR650597,202.74,0.0,50.4,D,SimuProA-4,EV_104
336.734,45.0,57.86,2200.0,0,4.0,1,31.18,4.15,35.0,120.0,210.0,EV_104,0.0,1040,0.0,DR650597_33,49.6,45153.56,DR650597,202.74,0.0,50.5,D,SimuProA-4,EV_104
330.067,75.0,57.86,3800.0,0,3.95,1,31.17,4.15,55.0,175.0,210.0,EV_104,0.0,1050,0.0,DR650597_33,49.7,45153.71,DR650597,202.74,0.0,50.65,D,SimuProA-4,EV_104
332.568,0.0,57.86,800.0,0,4.05,1,31.15,4.14,12.0,-25.0,210.0,EV_104,0.015,1060,55.0,DR650597_33,49.75,45153.74,DR650597,202.74,0.0,50.7,D,SimuProA-4,EV_104
375.658,30.0,57.86,1600.0,0,3.98,1,31.13,4.1,25.0,45.0,210.0,EV_104,0.0,1070,0.0,DR650597_33,49.8,45153.81,DR650597,202.74,0.0,50.8,D,SimuProA-4,EV_104
360.609,60.0,57.86,2700.0,0,3.95,1,31.12,4.13,42.0,130.0,210.0,EV_104,0.0,1080,0.0,DR650597_33,49.9,45153.93,DR650597,202.74,0.0,50.95,D,SimuProA-4,EV_104
370.599,0.0,57.86,950.0,0,4.06,1,31.09,4.14,15.0,-35.0,210.0,EV_104,0.028,1090,45.0,DR650597_33,49.95,45153.97,DR650597,202.74,0.0,51.0,D,SimuProA-4,EV_104
352.298,45.0,57.86,2200.0,0,3.97,1,31.07,4.13,35.0,85.0,210.0,EV_104,0.0,1100,0.0,DR650597_33,50.0,45154.07,DR650597,202.74,0.0,51.1,D,SimuProA-4,EV_104
368.161,0.0,57.86,1100.0,0,4.08,1,31.04,4.14,18.0,-15.0,210.0,EV_104,0.012,1110,35.0,DR650597_33,50.05,45154.12,DR650597,202.74,0.0,51.15,D,SimuProA-4,EV_104
348.946,55.0,57.86,2500.0,0,3.96,1,31.03,4.13,40.0,110.0,210.0,EV_104,0.0,1120,0.0,DR650597_33,50.1,45154.23,DR650597,202.74,0.0,51.25,D,SimuProA-4,EV_104
362.939,35.0,57.86,2400.0,0,3.95,1,31.01,4.14,38.0,15.0,210.0,EV_104,0.0,1130,0.0,DR650597_33,50.15,45154.34,DR650597,202.74,0.0,51.3,D,SimuProA-4,EV_104
355.498,40.0,57.86,1400.0,0,3.96,1,31.01,4.13,22.0,95.0,210.0,EV_104,0.0,1140,0.0,DR650597_33,50.2,45154.4,DR650597,202.74,0.0,51.35,D,SimuProA-4,EV_104
365.844,0.0,57.86,300.0,0,4.07,1,30.99,4.14,5.0,-25.0,210.0,EV_104,0.015,1150,60.0,DR650597_33,50.25,45154.41,DR650597,202.74,0.0,51.4,D,SimuProA-4,EV_104
374.806,25.0,57.86,800.0,0,4.02,1,30.98,4.13,12.0,35.0,210.0,EV_104,0.0,1160,0.0,DR650597_33,50.28,45154.44,DR650597,202.74,0.0,51.42,D,SimuProA-4,EV_104
360.716,45.0,57.86,1700.0,0,3.98,1,30.95,4.14,28.0,85.0,210.0,EV_104,0.0,1170,0.0,DR650597_33,50.3,45154.52,DR650597,202.74,0.0,51.45,D,SimuProA-4,EV_104
379.269,0.0,57.86,0.0,0,4.05,1,30.93,4.13,0.0,5.0,210.0,EV_104,0.0,1180,100.0,DR650597_33,50.35,45154.52,DR650597,202.74,0.0,51.48,D,SimuProA-4,EV_104
371.672,30.0,57.86,950.0,0,4.01,1,30.91,4.13,15.0,45.0,210.0,EV_104,0.0,1190,0.0,DR650597_33,50.38,45154.56,DR650597,202.74,0.0,51.5,D,SimuProA-4,EV_104
363.237,45.0,57.86,2000.0,0,3.97,1,30.9,4.14,32.0,75.0,210.0,EV_104,0.0,1200,0.0,DR650597_33,50.42,45154.65,DR650597,202.74,0.0,51.55,D,SimuProA-4,EV_104
368.175,0.0,57.86,1150.0,0,4.08,1,30.88,4.15,18.0,-20.0,210.0,EV_104,0.012,1210,45.0,DR650597_33,50.45,45154.7,DR650597,202.74,0.0,51.58,D,SimuProA-4,EV_104
362.971,65.0,57.86,2800.0,0,3.96,1,30.88,4.14,45.0,95.0,210.0,EV_104,0.0,1220,0.0,DR650597_33,50.5,45154.82,DR650597,202.74,0.0,51.65,D,SimuProA-4,EV_104
366.174,0.0,57.86,1600.0,0,4.1,1,30.88,4.15,25.0,-35.0,210.0,EV_104,0.015,1230,60.0,DR650597_33,50.53,45154.89,DR650597,202.74,0.0,51.68,D,SimuProA-4,EV_104
361.545,50.0,57.86,2200.0,0,3.97,1,30.87,4.14,35.0,80.0,210.0,EV_104,0.0,1240,0.0,DR650597_33,50.57,45154.99,DR650597,202.74,0.0,51.72,D,SimuProA-4,EV_104
358.205,60.0,57.86,3100.0,0,3.95,1,30.84,4.14,50.0,110.0,210.0,EV_104,0.0,1250,0.0,DR650597_33,50.6,45155.13,DR650597,202.74,0.0,51.75,D,SimuProA-4,EV_104
365.261,0.0,57.86,2350.0,0,4.09,1,30.84,4.15,38.0,-25.0,210.0,EV_104,0.014,1260,55.0,DR650597_33,50.62,45155.23,DR650597,202.74,0.0,51.77,D,SimuProA-4,EV_104
359.802,45.0,57.86,1750.0,0,3.97,1,30.83,4.14,28.0,85.0,210.0,EV_104,0.0,1270,0.0,DR650597_33,50.65,45155.31,DR650597,202.74,0.0,51.8,D,SimuProA-4,EV_104
370.037,0.0,57.86,0.0,1,4.11,1,30.9,4.16,0.0,-282.6,210.0,EV_104,0.0,0,0.0,RC223134_1,50.7,45155.31,RC223134,202.74,0.0,51.9,P,SimuProA-4,EV_104
374.363,0.0,57.86,0.0,1,4.12,1,30.96,4.18,0.0,-279.9,210.0,EV_104,0.0,10,0.0,RC223134_1,50.85,45155.31,RC223134,202.74,0.0,52.1,P,SimuProA-4,EV_104
378.341,0.0,57.86,0.0,1,4.13,1,31.01,4.2,0.0,-274.3,210.0,EV_104,0.0,20,0.0,RC223134_1,51.0,45155.31,RC223134,202.74,0.0,52.3,P,SimuProA-4,EV_104
381.969,0.0,57.86,0.0,1,4.14,1,31.09,4.22,0.0,-271.3,210.0,EV_104,0.0,30,0.0,RC223134_1,51.15,45155.31,RC223134,202.74,0.0,52.45,P,SimuProA-4,EV_104
386.244,0.0,57.86,0.0,1,4.16,1,31.15,4.25,0.0,-260.4,210.0,EV_104,0.0,40,0.0,RC223134_1,51.32,45155.31,RC223134,202.74,0.0,52.62,P,SimuProA-4,EV_104
390.508,0.0,57.86,0.0,1,4.19,1,31.25,4.28,0.0,-255.8,210.0,EV_104,0.0,50,0.0,RC223134_1,51.5,45155.31,RC223134,202.74,0.0,52.8,P,SimuProA-4,EV_104
393.775,0.0,57.86,0.0,1,4.22,1,31.47,4.31,0.0,-246.8,210.0,EV_104,0.0,60,0.0,RC223134_1,51.9,45155.31,RC223134,202.74,0.0,53.2,P,SimuProA-4,EV_104
398.168,0.0,57.86,0.0,1,4.26,1,31.73,4.35,0.0,-238.8,210.0,EV_104,0.0,70,0.0,RC223134_1,52.3,45155.31,RC223134,202.74,0.0,53.6,P,SimuProA-4,EV_104
403.925,0.0,57.86,0.0,1,4.3,1,32.09,4.39,0.0,-232.9,210.0,EV_104,0.0,80,0.0,RC223134_1,52.8,45155.31,RC223134,202.74,0.0,54.1,P,SimuProA-4,EV_104
409.674,0.0,57.86,0.0,1,4.34,1,32.55,4.43,0.0,-228.3,210.0,EV_104,0.0,90,0.0,RC223134_1,53.3,45155.31,RC223134,202.74,0.0,54.6,P,SimuProA-4,EV_104
415.292,0.0,57.86,0.0,1,4.38,1,33.06,4.45,0.0,-221.1,210.0,EV_104,0.0,100,0.0,RC223134_1,53.8,45155.31,RC223134,202.74,0.0,55.1,P,SimuProA-4,EV_104
420.145,0.0,57.86,0.0,1,4.42,1,33.59,4.45,0.0,-217.2,210.0,EV_104,0.0,110,0.0,RC223134_1,54.3,45155.31,RC223134,202.74,0.0,55.6,P,SimuProA-4,EV_104
424.079,0.0,57.86,0.0,1,4.45,1,34.16,4.45,0.0,-210.0,210.0,EV_104,0.0,120,0.0,RC223134_1,54.8,45155.31,RC223134,202.74,0.0,56.1,P,SimuProA-4,EV_104
429.437,0.0,57.86,0.0,1,4.45,1,34.72,4.45,0.0,-208.6,210.0,EV_104,0.0,130,0.0,RC223134_1,55.3,45155.31,RC223134,202.74,0.0,56.6,P,SimuProA-4,EV_104
434.166,0.0,57.86,0.0,1,4.45,1,35.32,4.45,0.0,-201.5,210.0,EV_104,0.0,140,0.0,RC223134_1,55.8,45155.31,RC223134,202.74,0.0,57.1,P,SimuProA-4,EV_104
438.083,0.0,57.86,0.0,1,4.45,1,35.96,4.45,0.0,-198.0,210.0,EV_104,0.0,150,0.0,RC223134_1,56.3,45155.31,RC223134,202.74,0.0,57.5,P,SimuProA-4,EV_104
440.315,0.0,57.86,0.0,1,4.45,1,36.64,4.45,0.0,-188.2,210.0,EV_104,0.0,160,0.0,RC223134_1,56.8,45155.31,RC223134,202.74,0.0,57.9,P,SimuProA-4,EV_104
442.829,0.0,57.86,0.0,1,4.45,1,37.32,4.45,0.0,-182.1,210.0,EV_104,0.0,170,0.0,RC223134_1,57.2,45155.31,RC223134,202.74,0.0,58.3,P,SimuProA-4,EV_104
442.941,0.0,57.86,0.0,1,4.42,1,37.96,4.45,0.0,-176.6,210.0,EV_104,0.0,180,0.0,RC223134_1,57.6,45155.31,RC223134,202.74,0.0,58.7,P,SimuProA-4,EV_104
443.858,0.0,57.86,0.0,1,4.43,1,38.58,4.45,0.0,-170.1,210.0,EV_104,0.0,190,0.0,RC223134_1,58.0,45155.31,RC223134,202.74,0.0,59.1,P,SimuProA-4,EV_104
444.74,0.0,57.86,0.0,1,4.44,1,39.21,4.45,0.0,-163.8,210.0,EV_104,0.0,200,0.0,RC223134_1,58.4,45155.31,RC223134,202.74,0.0,59.5,P,SimuProA-4,EV_104
445.0,0.0,57.86,0.0,1,4.45,1,39.87,4.45,0.0,-155.9,210.0,EV_104,0.0,210,0.0,RC223134_1,58.8,45155.31,RC223134,202.74,0.0,59.9,P,SimuProA-4,EV_104
445.0,0.0,57.86,0.0,1,4.45,1,40.53,4.45,0.0,-150.6,210.0,EV_104,0.0,220,0.0,RC223134_1,59.2,45155.31,RC223134,202.74,0.0,60.3,P,SimuProA-4,EV_104
445.0,0.0,57.86,0.0,1,4.45,1,41.18,4.45,0.0,-147.2,210.0,EV_104,0.0,230,0.0,RC223134_1,59.6,45155.31,RC223134,202.74,0.0,60.7,P,SimuProA-4,EV_104
445.0,0.0,57.86,0.0,1,4.45,1,41.86,4.45,0.0,-141.8,210.0,EV_104,0.0,240,0.0,RC223134_1,60.0,45155.31,RC223134,202.74,0.0,61.1,P,SimuProA-4,EV_104
444.879,0.0,57.86,0.0,1,4.45,1,42.49,4.45,0.0,-138.8,210.0,EV_104,0.0,250,0.0,RC223134_1,60.4,45155.31,RC223134,202.74,0.0,61.5,P,SimuProA-4,EV_104
444.697,0.0,57.86,0.0,1,4.45,1,43.15,4.45,0.0,-139.7,210.0,EV_104,0.0,260,0.0,RC223134_1,60.8,45155.31,RC223134,202.74,0.0,61.9,P,SimuProA-4,EV_104
444.043,0.0,57.86,0.0,1,4.443,1,43.84,4.445,0.0,-141.1,210.0,EV_104,0.0,270,0.0,RC223134_1,61.1,45155.31,RC223134,202.74,0.0,62.3,P,SimuProA-4,EV_104
444.551,0.0,57.86,0.0,1,4.441,1,44.53,4.443,0.0,-138.6,210.0,EV_104,0.0,280,0.0,RC223134_1,61.4,45155.31,RC223134,202.74,0.0,62.7,P,SimuProA-4,EV_104
443.872,0.0,57.86,0.0,1,4.44,1,45.24,4.442,0.0,-137.4,210.0,EV_104,0.0,290,0.0,RC223134_1,61.7,45155.31,RC223134,202.74,0.0,63.1,P,SimuProA-4,EV_104
444.694,0.0,57.86,0.0,1,4.445,1,45.95,4.448,0.0,-134.7,210.0,EV_104,0.0,300,0.0,RC223134_1,62.1,45155.31,RC223134,202.74,0.0,63.5,P,SimuProA-4,EV_104
445.0,0.0,57.86,0.0,1,4.448,1,46.67,4.45,0.0,-132.6,210.0,EV_104,0.0,310,0.0,RC223134_1,62.4,45155.31,RC223134,202.74,0.0,63.9,P,SimuProA-4,EV_104
445.0,0.0,57.86,0.0,1,4.45,1,47.4,4.45,0.0,-133.1,210.0,EV_104,0.0,320,0.0,RC223134_1,62.8,45155.31,RC223134,202.74,0.0,64.3,P,SimuProA-4,EV_104
444.614,0.0,57.86,0.0,1,4.449,1,48.14,4.45,0.0,-133.9,210.0,EV_104,0.0,330,0.0,RC223134_1,63.2,45155.31,RC223134,202.74,0.0,64.7,P,SimuProA-4,EV_104
445.0,0.0,57.86,0.0,1,4.449,1,48.87,4.45,0.0,-131.2,210.0,EV_104,0.0,340,0.0,RC223134_1,63.6,45155.31,RC223134,202.74,0.0,65.0,P,SimuProA-4,EV_104
444.602,0.0,57.86,0.0,1,4.449,1,49.6,4.45,0.0,-130.2,210.0,EV_104,0.0,350,0.0,RC223134_1,64.0,45155.31,RC223134,202.74,0.0,65.0,P,SimuProA-4,EV_104
444.989,0.0,57.86,0.0,1,4.449,1,50.33,4.45,0.0,-126.8,210.0,EV_104,0.0,360,0.0,RC223134_1,64.3,45155.31,RC223134,202.74,0.0,65.0,P,SimuProA-4,EV_104
444.872,0.0,57.86,0.0,1,4.449,1,51.07,4.45,0.0,-127.5,210.0,EV_104,0.0,370,0.0,RC223134_1,64.6,45155.31,RC223134,202.74,0.0,65.0,P,SimuProA-4,EV_104
445.0,0.0,57.86,0.0,1,4.448,1,51.78,4.45,0.0,-130.5,210.0,EV_104,0.0,380,0.0,RC223134_1,64.9,45155.31,RC223134,202.74,0.0,65.0,P,SimuProA-4,EV_104
444.671,0.0,57.86,0.0,1,4.448,1,52.52,4.45,0.0,-127.7,210.0,EV_104,0.0,390,0.0,RC223134_1,65.0,45155.31,RC223134,202.74,0.0,65.0,P,SimuProA-4,EV_104
444.537,0.0,57.86,0.0,1,4.448,1,53.25,4.45,0.0,-129.7,210.0,EV_104,0.0,400,0.0,RC223134_1,65.0,45155.31,RC223134,202.74,0.0,65.0,P,SimuProA-4,EV_104
445.0,0.0,57.86,0.0,1,4.448,1,53.97,4.45,0.0,-127.6,210.0,EV_104,0.0,410,0.0,RC223134_1,65.0,45155.31,RC223134,202.74,0.0,65.0,P,SimuProA-4,EV_104
444.517,0.0,57.86,0.0,1,4.449,1,54.74,4.45,0.0,-129.5,210.0,EV_104,0.0,420,0.0,RC223134_1,65.0,45155.31,RC223134,202.74,0.0,65.0,P,SimuProA-4,EV_104
444.89,0.0,57.86,0.0,1,4.449,1,55.48,4.45,0.0,-129.1,210.0,EV_104,0.0,430,0.0,RC223134_1,65.0,45155.31,RC223134,202.74,0.0,65.0,P,SimuProA-4,EV_104
444.547,0.0,57.86,0.0,1,4.449,1,56.19,4.45,0.0,-128.1,210.0,EV_104,0.0,440,0.0,RC223134_1,65.0,45155.31,RC223134,202.74,0.0,65.0,P,SimuProA-4,EV_104
445.0,0.0,57.86,0.0,1,4.448,1,56.86,4.45,0.0,-128.0,210.0,EV_104,0.0,450,0.0,RC223134_1,65.0,45155.31,RC223134,202.74,0.0,65.0,P,SimuProA-4,EV_104
445.0,0.0,57.86,0.0,1,4.448,1,57.56,4.45,0.0,-126.3,210.0,EV_104,0.0,460,0.0,RC223134_1,65.0,45155.31,RC223134,202.74,0.0,65.0,P,SimuProA-4,EV_104
445.0,0.0,57.86,0.0,1,4.449,1,58.27,4.45,0.0,-127.7,210.0,EV_104,0.0,470,0.0,RC223134_1,65.0,45155.31,RC223134,202.74,0.0,65.0,P,SimuProA-4,EV_104
445.0,0.0,57.86,0.0,1,4.448,1,58.99,4.45,0.0,-130.3,210.0,EV_104,0.0,480,0.0,RC223134_1,65.0,45155.31,RC223134,202.74,0.0,65.0,P,SimuProA-4,EV_104
445.0,0.0,57.86,0.0,1,4.449,1,59.69,4.45,0.0,-129.6,210.0,EV_104,0.0,490,0.0,RC223134_1,65.0,45155.31,RC223134,202.74,0.0,65.0,P,SimuProA-4,EV_104
445.0,0.0,57.86,0.0,1,4.448,1,60.42,4.45,0.0,-124.7,210.0,EV_104,0.0,500,0.0,RC223134_1,65.0,45155.31,RC223134,202.74,0.0,65.0,P,SimuProA-4,EV_104
444.971,0.0,57.86,0.0,1,4.449,1,61.16,4.45,0.0,-124.8,210.0,EV_104,0.0,510,0.0,RC223134_1,65.0,45155.31,RC223134,202.74,0.0,65.0,P,SimuProA-4,EV_104
444.592,0.0,57.86,0.0,1,4.45,1,61.9,4.45,0.0,-118.5,210.0,EV_104,0.0,520,0.0,RC223134_1,65.0,45155.31,RC223134,202.74,0.0,65.0,P,SimuProA-4,EV_104
445.0,0.0,57.86,0.0,1,4.45,1,62.61,4.45,0.0,-117.2,210.0,EV_104,0.0,530,0.0,RC223134_1,65.0,45155.31,RC223134,202.74,0.0,65.0,P,SimuProA-4,EV_104
444.781,0.0,57.86,0.0,1,4.449,1,63.37,4.45,0.0,-110.9,210.0,EV_104,0.0,540,0.0,RC223134_1,65.0,45155.31,RC223134,202.74,0.0,65.0,P,SimuProA-4,EV_104
445.0,0.0,57.86,0.0,1,4.448,1,64.09,4.45,0.0,-111.2,210.0,EV_104,0.0,550,0.0,RC223134_1,65.0,45155.31,RC223134,202.74,0.0,65.0,P,SimuProA-4,EV_104
444.535,0.0,57.86,0.0,1,4.449,1,64.84,4.45,0.0,-106.0,210.0,EV_104,0.0,560,0.0,RC223134_1,65.0,45155.31,RC223134,202.74,0.0,65.0,P,SimuProA-4,EV_104
445.0,0.0,57.86,0.0,1,4.448,1,65.61,4.45,0.0,-101.5,210.0,EV_104,0.0,570,0.0,RC223134_1,65.0,45155.31,RC223134,202.74,0.0,65.0,P,SimuProA-4,EV_104
445.0,0.0,57.86,0.0,1,4.449,1,66.36,4.45,0.0,-104.2,210.0,EV_104,0.0,580,0.0,RC223134_1,65.0,45155.31,RC223134,202.74,0.0,65.0,P,SimuProA-4,EV_104
444.402,0.0,57.86,0.0,1,4.448,1,67.13,4.45,0.0,-102.3,210.0,EV_104,0.0,590,0.0,RC223134_1,65.0,45155.31,RC223134,202.74,0.0,65.0,P,SimuProA-4,EV_104
444.533,0.0,57.86,0.0,1,4.448,1,67.86,4.45,0.0,-96.5,210.0,EV_104,0.0,600,0.0,RC223134_1,65.0,45155.31,RC223134,202.74,0.0,65.0,P,SimuProA-4,EV_104
445.0,0.0,57.86,0.0,1,4.449,1,68.63,4.45,0.0,-96.5,210.0,EV_104,0.0,610,0.0,RC223134_1,65.0,45155.31,RC223134,202.74,0.0,65.0,P,SimuProA-4,EV_104
445.0,0.0,57.86,0.0,1,4.448,1,69.38,4.45,0.0,-91.6,210.0,EV_104,0.0,620,0.0,RC223134_1,65.0,45155.31,RC223134,202.74,0.0,65.0,P,SimuProA-4,EV_104
445.0,0.0,57.86,0.0,1,4.448,1,70.14,4.45,0.0,-90.2,210.0,EV_104,0.0,630,0.0,RC223134_1,65.0,45155.31,RC223134,202.74,0.0,65.0,P,SimuProA-4,EV_104
444.646,0.0,57.86,0.0,1,4.448,1,70.92,4.45,0.0,-88.8,210.0,EV_104,0.0,640,0.0,RC223134_1,65.0,45155.31,RC223134,202.74,0.0,65.0,P,SimuProA-4,EV_104
444.581,0.0,57.86,0.0,1,4.448,1,71.68,4.45,0.0,-83.2,210.0,EV_104,0.0,650,0.0,RC223134_1,65.0,45155.31,RC223134,202.74,0.0,65.0,P,SimuProA-4,EV_104
444.289,0.0,57.86,0.0,1,4.443,1,72.44,4.445,0.0,-81.6,210.0,EV_104,0.0,660,0.0,RC223134_1,62.1,45155.31,RC223134,202.74,0.0,65.0,P,SimuProA-4,EV_104
444.909,0.0,57.86,0.0,1,4.442,1,73.19,4.444,0.0,-74.6,210.0,EV_104,0.0,670,0.0,RC223134_1,62.3,45155.31,RC223134,202.74,0.0,65.0,P,SimuProA-4,EV_104
444.312,0.0,57.86,0.0,1,4.441,1,73.97,4.443,0.0,-69.4,210.0,EV_104,0.0,680,0.0,RC223134_1,62.5,45155.31,RC223134,202.74,0.0,65.0,P,SimuProA-4,EV_104
444.377,0.0,57.86,0.0,1,4.44,1,74.73,4.442,0.0,-64.1,210.0,EV_104,0.0,690,0.0,RC223134_1,62.7,45155.31,RC223134,202.74,0.0,65.0,P,SimuProA-4,EV_104
443.591,0.0,57.86,0.0,1,4.439,1,75.5,4.441,0.0,-64.6,210.0,EV_104,0.0,700,0.0,RC223134_1,62.9,45155.31,RC223134,202.74,0.0,65.0,P,SimuProA-4,EV_104
443.7,0.0,57.86,0.0,1,4.438,1,76.26,4.44,0.0,-59.7,210.0,EV_104,0.0,710,0.0,RC223134_1,63.1,45155.31,RC223134,202.74,0.0,65.0,P,SimuProA-4,EV_104
443.53,0.0,57.86,0.0,1,4.436,1,77.07,4.438,0.0,-54.0,210.0,EV_104,0.0,720,0.0,RC223134_1,63.3,45155.31,RC223134,202.74,0.0,65.0,P,SimuProA-4,EV_104
443.772,0.0,57.86,0.0,1,4.437,1,77.82,4.439,0.0,-49.5,210.0,EV_104,0.0,730,0.0,RC223134_1,63.5,45155.31,RC223134,202.74,0.0,65.0,P,SimuProA-4,EV_104
444.353,0.0,57.86,0.0,1,4.439,1,78.59,4.441,0.0,-45.0,210.0,EV_104,0.0,740,0.0,RC223134_1,63.7,45155.31,RC223134,202.74,0.0,65.0,P,SimuProA-4,EV_104
444.725,0.0,57.86,0.0,1,4.44,1,79.35,4.442,0.0,-39.3,210.0,EV_104,0.0,750,0.0,RC223134_1,63.9,45155.31,RC223134,202.74,0.0,65.0,P,SimuProA-4,EV_104
444.933,0.0,57.86,0.0,1,4.441,1,80.09,4.443,0.0,-33.9,210.0,EV_104,0.0,760,0.0,RC223134_1,64.1,45155.31,RC223134,202.74,0.0,65.0,P,SimuProA-4,EV_104
444.992,0.0,57.86,0.0,1,4.442,1,80.82,4.444,0.0,-29.5,210.0,EV_104,0.0,770,0.0,RC223134_1,64.3,45155.31,RC223134,202.74,0.0,65.0,P,SimuProA-4,EV_104
445.0,0.0,57.86,0.0,1,4.448,1,81.54,4.45,0.0,-28.8,210.0,EV_104,0.0,780,0.0,RC223134_1,64.5,45155.31,RC223134,202.74,0.0,65.0,P,SimuProA-4,EV_104
444.788,0.0,57.86,0.0,1,4.448,1,82.23,4.45,0.0,-22.8,210.0,EV_104,0.0,790,0.0,RC223134_1,64.7,45155.31,RC223134,202.74,0.0,65.0,P,SimuProA-4,EV_104
444.714,0.0,57.86,0.0,1,4.449,1,82.86,4.45,0.0,-16.3,210.0,EV_104,0.0,800,0.0,RC223134_1,64.9,45155.31,RC223134,202.74,0.0,65.0,P,SimuProA-4,EV_104
444.499,0.0,57.86,0.0,1,4.449,1,83.43,4.45,0.0,-10.0,210.0,EV_104,0.0,810,0.0,RC223134_1,65.0,45155.31,RC223134,202.74,0.0,65.0,P,SimuProA-4,EV_104
444.726,0.0,57.86,0.0,1,4.45,1,83.87,4.45,0.0,-7.1,210.0,EV_104,0.0,820,0.0,RC223134_1,65.0,45155.31,RC223134,202.74,0.0,65.0,P,SimuProA-4,EV_104
444.959,0.0,57.86,0.0,1,4.45,1,84.2,4.45,0.0,-4.7,210.0,EV_104,0.0,830,0.0,RC223134_1,65.0,45155.31,RC223134,202.74,0.0,65.0,P,SimuProA-4,EV_104
445.0,0.0,57.86,0.0,1,4.45,1,84.52,4.45,0.0,-5.7,210.0,EV_104,0.0,840,0.0,RC223134_1,65.0,45155.31,RC223134,202.74,0.0,65.0,P,SimuProA-4,EV_104
445.0,0.0,57.86,0.0,1,4.45,1,84.78,4.45,0.0,-0.2,210.0,EV_104,0.0,850,0.0,RC223134_1,65.0,45155.31,RC223134,202.74,0.0,65.0,P,SimuProA-4,EV_104
444.586,0.0,57.86,0.0,1,4.449,1,84.95,4.45,0.0,1.2,210.0,EV_104,0.0,860,0.0,RC223134_1,65.0,45155.31,RC223134,202.74,0.0,65.0,P,SimuProA-4,EV_104
445.0,0.0,57.86,0.0,1,4.448,1,85.0,4.45,0.0,-0.8,210.0,EV_104,0.0,870,0.0,RC223134_1,64.5,45155.31,RC223134,202.74,0.0,64.5,P,SimuProA-4,EV_104
445.0,0.0,57.86,0.0,1,4.449,1,85.06,4.45,0.0,-0.6,210.0,EV_104,0.0,880,0.0,RC223134_1,64.0,45155.31,RC223134,202.74,0.0,64.0,P,SimuProA-4,EV_104
444.465,0.0,57.86,0.0,1,4.448,1,85.11,4.449,0.0,-0.9,210.0,EV_104,0.0,890,0.0,RC223134_1,63.5,45155.31,RC223134,202.74,0.0,63.5,P,SimuProA-4,EV_104
444.749,0.0,57.86,0.0,1,4.448,1,85.17,4.449,0.0,-2.9,210.0,EV_104,0.0,900,0.0,RC223134_1,63.0,45155.31,RC223134,202.74,0.0,63.0,P,SimuProA-4,EV_104
444.928,0.0,57.86,0.0,1,4.449,1,85.22,4.45,0.0,-0.3,210.0,EV_104,0.0,910,0.0,RC223134_1,62.5,45155.31,RC223134,202.74,0.0,62.5,P,SimuProA-4,EV_104
445.0,0.0,57.86,0.0,1,4.449,1,85.27,4.45,0.0,-1.8,210.0,EV_104,0.0,920,0.0,RC223134_1,62.0,45155.31,RC223134,202.74,0.0,62.0,P,SimuProA-4,EV_104
444.933,0.0,57.86,0.0,1,4.449,1,85.3,4.45,0.0,-1.6,210.0,EV_104,0.0,930,0.0,RC223134_1,61.7,45155.31,RC223134,202.74,0.0,61.8,P,SimuProA-4,EV_104
445.0,0.0,57.86,0.0,1,4.449,1,85.32,4.45,0.0,1.8,210.0,EV_104,0.0,940,0.0,RC223134_1,61.5,45155.31,RC223134,202.74,0.0,61.6,P,SimuProA-4,EV_104
444.71,0.0,57.86,0.0,1,4.449,1,85.34,4.45,0.0,-2.3,210.0,EV_104,0.0,950,0.0,RC223134_1,61.3,45155.31,RC223134,202.74,0.0,61.4,P,SimuProA-4,EV_104
444.398,0.0,57.86,0.0,1,4.449,1,85.37,4.45,0.0,-4.3,210.0,EV_104,0.0,960,0.0,RC223134_1,61.1,45155.31,RC223134,202.74,0.0,61.2,P,SimuProA-4,EV_104
445.0,0.0,57.86,0.0,1,4.449,1,85.39,4.45,0.0,-4.2,210.0,EV_104,0.0,970,0.0,RC223134_1,60.9,45155.31,RC223134,202.74,0.0,61.0,P,SimuProA-4,EV_104
445.0,0.0,57.86,0.0,1,4.449,1,85.41,4.45,0.0,-2.3,210.0,EV_104,0.0,980,0.0,RC223134_1,60.7,45155.31,RC223134,202.74,0.0,60.8,P,SimuProA-4,EV_104
444.932,0.0,57.86,0.0,1,4.449,1,85.44,4.45,0.0,-0.1,210.0,EV_104,0.0,990,0.0,RC223134_1,60.5,45155.31,RC223134,202.74,0.0,60.6,P,SimuProA-4,EV_104
445.0,0.0,57.86,0.0,1,4.449,1,85.45,4.45,0.0,1.8,210.0,EV_104,0.0,1000,0.0,RC223134_1,60.3,45155.31,RC223134,202.74,0.0,60.4,P,SimuProA-4,EV_104
445.0,0.0,57.86,0.0,1,4.449,1,85.48,4.45,0.0,1.7,210.0,EV_104,0.0,1010,0.0,RC223134_1,60.1,45155.31,RC223134,202.74,0.0,60.2,P,SimuProA-4,EV_104
444.979,0.0,57.86,0.0,1,4.449,1,85.49,4.45,0.0,-0.8,210.0,EV_104,0.0,1020,0.0,RC223134_1,60.0,45155.31,RC223134,202.74,0.0,60.1,P,SimuProA-4,EV_104
445.0,0.0,57.86,0.0,1,4.449,1,85.51,4.45,0.0,0.9,210.0,EV_104,0.0,1030,0.0,RC223134_1,59.9,45155.31,RC223134,202.74,0.0,60.0,P,SimuProA-4,EV_104
444.57,0.0,57.86,0.0,1,4.449,1,85.52,4.45,0.0,3.8,210.0,EV_104,0.0,1040,0.0,RC223134_1,59.8,45155.31,RC223134,202.74,0.0,59.9,P,SimuProA-4,EV_104
444.743,0.0,57.86,0.0,1,4.449,1,85.55,4.45,0.0,1.9,210.0,EV_104,0.0,1050,0.0,RC223134_1,59.7,45155.31,RC223134,202.74,0.0,59.8,P,SimuProA-4,EV_104
445.0,0.0,57.86,0.0,1,4.449,1,85.55,4.45,0.0,0.1,210.0,EV_104,0.0,1060,0.0,RC223134_1,59.5,45155.31,RC223134,202.74,0.0,59.6,P,SimuProA-4,EV_104
444.524,0.0,57.86,0.0,1,4.449,1,85.55,4.45,0.0,0.4,210.0,EV_104,0.0,1070,0.0,RC223134_1,59.4,45155.31,RC223134,202.74,0.0,59.5,P,SimuProA-4,EV_104
445.0,0.0,57.86,0.0,1,4.449,1,85.55,4.45,0.0,2.3,210.0,EV_104,0.0,1080,0.0,RC223134_1,59.3,45155.31,RC223134,202.74,0.0,59.4,P,SimuProA-4,EV_104
445.0,0.0,57.86,0.0,1,4.449,1,85.56,4.45,0.0,0.6,210.0,EV_104,0.0,1090,0.0,RC223134_1,59.2,45155.31,RC223134,202.74,0.0,59.3,P,SimuProA-4,EV_104
444.606,0.0,57.86,0.0,1,4.448,1,85.56,4.45,0.0,0.6,210.0,EV_104,0.0,1100,0.0,RC223134_1,59.1,45155.31,RC223134,202.74,0.0,59.2,P,SimuProA-4,EV_104
445.0,0.0,57.86,0.0,1,4.448,1,85.56,4.449,0.0,2.2,210.0,EV_104,0.0,1110,0.0,RC223134_1,59.0,45155.31,RC223134,202.74,0.0,59.1,P,SimuProA-4,EV_104
445.0,0.0,57.86,0.0,1,4.447,1,85.56,4.448,0.0,-2.2,210.0,EV_104,0.0,1120,0.0,RC223134_1,58.9,45155.31,RC223134,202.74,0.0,59.0,P,SimuProA-4,EV_104
445.0,0.0,57.86,0.0,1,4.446,1,85.57,4.447,0.0,1.1,210.0,EV_104,0.0,1130,0.0,RC223134_1,58.8,45155.31,RC223134,202.74,0.0,58.9,P,SimuProA-4,EV_104
445.0,0.0,57.86,0.0,1,4.445,1,85.59,4.446,0.0,-6.1,210.0,EV_104,0.0,1140,0.0,RC223134_1,58.7,45155.31,RC223134,202.74,0.0,58.8,P,SimuProA-4,EV_104
445.0,0.0,57.86,0.0,1,4.444,1,85.59,4.445,0.0,-4.4,210.0,EV_104,0.0,1150,0.0,RC223134_1,58.6,45155.31,RC223134,202.74,0.0,58.7,P,SimuProA-4,EV_104
445.0,0.0,57.86,0.0,1,4.443,1,85.6,4.444,0.0,-0.9,210.0,EV_104,0.0,1160,0.0,RC223134_1,58.5,45155.31,RC223134,202.74,0.0,58.6,P,SimuProA-4,EV_104
445.0,0.0,57.86,0.0,1,4.442,1,85.62,4.443,0.0,-1.0,210.0,EV_104,0.0,1170,0.0,RC223134_1,58.4,45155.31,RC223134,202.74,0.0,58.5,P,SimuProA-4,EV_104
444.788,0.0,57.86,0.0,1,4.441,1,85.62,4.442,0.0,0.5,210.0,EV_104,0.0,1180,0.0,RC223134_1,58.3,45155.31,RC223134,202.74,0.0,58.4,P,SimuProA-4,EV_104
444.795,0.0,57.86,0.0,1,4.44,1,85.63,4.441,0.0,-1.9,210.0,EV_104,0.0,1190,0.0,RC223134_1,58.2,45155.31,RC223134,202.74,0.0,58.3,P,SimuProA-4,EV_104
444.952,0.0,57.86,0.0,1,4.439,1,85.65,4.44,0.0,-1.7,210.0,EV_104,0.0,1200,0.0,RC223134_1,58.1,45155.31,RC223134,202.74,0.0,58.2,P,SimuProA-4,EV_104
445.0,0.0,57.86,0.0,1,4.438,1,85.65,4.439,0.0,-0.8,210.0,EV_104,0.0,1210,0.0,RC223134_1,58.1,45155.31,RC223134,202.74,0.0,58.2,P,SimuProA-4,EV_104
444.572,0.0,57.86,0.0,1,4.438,1,85.65,4.439,0.0,-2.9,210.0,EV_104,0.0,1220,0.0,RC223134_1,58.0,45155.31,RC223134,202.74,0.0,58.1,P,SimuProA-4,EV_104
444.598,0.0,57.86,0.0,1,4.436,1,85.65,4.437,0.0,-3.1,210.0,EV_104,0.0,1230,0.0,RC223134_1,57.9,45155.31,RC223134,202.74,0.0,58.0,P,SimuProA-4,EV_104
443.911,0.0,57.86,0.0,1,4.435,1,85.66,4.436,0.0,-4.4,210.0,EV_104,0.0,1240,0.0,RC223134_1,57.8,45155.31,RC223134,202.74,0.0,57.9,P,SimuProA-4,EV_104
444.28,0.0,57.86,0.0,1,4.434,1,85.66,4.435,0.0,-2.8,210.0,EV_104,0.0,1250,0.0,RC223134_1,57.7,45155.31,RC223134,202.74,0.0,57.8,P,SimuProA-4,EV_104
443.514,0.0,57.86,0.0,1,4.433,1,85.66,4.434,0.0,-5.4,210.0,EV_104,0.0,1260,0.0,RC223134_1,57.6,45155.31,RC223134,202.74,0.0,57.7,P,SimuProA-4,EV_104
443.133,0.0,57.86,0.0,1,4.431,1,85.68,4.432,0.0,-7.2,210.0,EV_104,0.0,1270,0.0,RC223134_1,57.5,45155.31,RC223134,202.74,0.0,57.6,P,SimuProA-4,EV_104
442.656,0.0,57.86,0.0,1,4.427,1,85.69,4.428,0.0,-8.9,210.0,EV_104,0.0,0,0.0,RC223134_2,57.4,45155.31,RC223134,202.74,0.0,57.5,P,SimuProA-4,EV_104
442.474,0.0,57.86,0.0,1,4.422,1,85.71,4.423,0.0,-12.4,210.0,EV_104,0.0,10,0.0,RC223134_2,57.3,45155.31,RC223134,202.74,0.0,57.4,P,SimuProA-4,EV_104
442.215,0.0,57.86,0.0,1,4.417,1,85.71,4.418,0.0,-11.5,210.0,EV_104,0.0,20,0.0,RC223134_2,57.2,45155.31,RC223134,202.74,0.0,57.3,P,SimuProA-4,EV_104
441.205,0.0,57.86,0.0,1,4.413,1,85.72,4.414,0.0,-11.7,210.0,EV_104,0.0,30,0.0,RC223134_2,57.1,45155.31,RC223134,202.74,0.0,57.2,P,SimuProA-4,EV_104
440.756,0.0,57.86,0.0,1,4.411,1,85.73,4.412,0.0,-14.6,210.0,EV_104,0.0,40,0.0,RC223134_2,57.0,45155.31,RC223134,202.74,0.0,57.1,P,SimuProA-4,EV_104
440.73,0.0,57.86,0.0,1,4.408,1,85.75,4.409,0.0,-12.0,210.0,EV_104,0.0,50,0.0,RC223134_2,56.9,45155.31,RC223134,202.74,0.0,57.0,P,SimuProA-4,EV_104
440.706,0.0,57.86,0.0,1,4.405,1,85.76,4.406,0.0,-13.0,210.0,EV_104,0.0,60,0.0,RC223134_2,56.8,45155.31,RC223134,202.74,0.0,56.9,P,SimuProA-4,EV_104
440.413,0.0,57.86,0.0,1,4.403,1,85.78,4.404,0.0,-14.9,210.0,EV_104,0.0,70,0.0,RC223134_2,56.7,45155.31,RC223134,202.74,0.0,56.8,P,SimuProA-4,EV_104
441.109,0.0,57.86,0.0,1,4.401,1,85.78,4.402,0.0,-12.3,210.0,EV_104,0.0,80,0.0,RC223134_2,56.6,45155.31,RC223134,202.74,0.0,56.7,P,SimuProA-4,EV_104
440.562,0.0,57.86,0.0,1,4.399,1,85.79,4.4,0.0,-10.8,210.0,EV_104,0.0,90,0.0,RC223134_2,56.5,45155.31,RC223134,202.74,0.0,56.6,P,SimuProA-4,EV_104
441.023,0.0,57.86,0.0,1,4.401,1,85.8,4.412,0.0,-12.1,210.0,EV_104,0.0,100,0.0,RC223134_2,56.4,45155.31,RC223134,202.74,0.0,56.5,P,SimuProA-4,EV_104
441.897,0.0,57.86,0.0,1,4.402,1,85.83,4.415,0.0,-7.8,210.0,EV_104,0.0,110,0.0,RC223134_2,56.3,45155.31,RC223134,202.74,0.0,56.4,P,SimuProA-4,EV_104
441.576,0.0,57.86,0.0,1,4.403,1,85.83,4.418,0.0,-6.8,210.0,EV_104,0.0,120,0.0,RC223134_2,56.2,45155.31,RC223134,202.74,0.0,56.3,P,SimuProA-4,EV_104
440.944,0.0,57.86,0.0,1,4.404,1,85.84,4.419,0.0,-5.9,210.0,EV_104,0.0,130,0.0,RC223134_2,56.1,45155.31,RC223134,202.74,0.0,56.2,P,SimuProA-4,EV_104
441.851,0.0,57.86,0.0,1,4.405,1,85.85,4.42,0.0,-7.2,210.0,EV_104,0.0,140,0.0,RC223134_2,56.0,45155.31,RC223134,202.74,0.0,56.1,P,SimuProA-4,EV_104
441.915,0.0,57.86,0.0,1,4.406,1,85.87,4.417,0.0,-7.0,210.0,EV_104,0.0,150,0.0,RC223134_2,55.9,45155.31,RC223134,202.74,0.0,56.0,P,SimuProA-4,EV_104
441.952,0.0,57.86,0.0,1,4.407,1,85.89,4.422,0.0,-6.3,210.0,EV_104,0.0,160,0.0,RC223134_2,55.7,45155.31,RC223134,202.74,0.0,55.8,P,SimuProA-4,EV_104
441.835,0.0,57.86,0.0,1,4.408,1,85.9,4.421,0.0,-5.8,210.0,EV_104,0.0,170,0.0,RC223134_2,55.5,45155.31,RC223134,202.74,0.0,55.6,P,SimuProA-4,EV_104
442.125,0.0,57.86,0.0,1,4.409,1,85.91,4.424,0.0,-4.2,210.0,EV_104,0.0,180,0.0,RC223134_2,55.3,45155.31,RC223134,202.74,0.0,55.4,P,SimuProA-4,EV_104
442.439,0.0,57.86,0.0,1,4.41,1,85.94,4.425,0.0,-2.9,210.0,EV_104,0.0,190,0.0,RC223134_2,55.1,45155.31,RC223134,202.74,0.0,55.2,P,SimuProA-4,EV_104
442.123,0.0,57.86,0.0,1,4.411,1,85.94,4.426,0.0,-5.7,210.0,EV_104,0.0,200,0.0,RC223134_2,54.9,45155.31,RC223134,202.74,0.0,55.0,P,SimuProA-4,EV_104
442.046,0.0,57.86,0.0,1,4.412,1,85.95,4.427,0.0,-0.7,210.0,EV_104,0.0,210,0.0,RC223134_2,54.7,45155.31,RC223134,202.74,0.0,54.8,P,SimuProA-4,EV_104
442.281,0.0,57.86,0.0,1,4.413,1,85.96,4.428,0.0,-2.3,210.0,EV_104,0.0,220,0.0,RC223134_2,54.5,45155.31,RC223134,202.74,0.0,54.6,P,SimuProA-4,EV_104
442.421,0.0,57.86,0.0,1,4.414,1,85.97,4.429,0.0,-1.7,210.0,EV_104,0.0,230,0.0,RC223134_2,54.4,45155.31,RC223134,202.74,0.0,54.5,P,SimuProA-4,EV_104
442.073,0.0,57.86,0.0,1,4.415,1,85.98,4.43,0.0,-1.9,210.0,EV_104,0.0,240,0.0,RC223134_2,54.3,45155.31,RC223134,202.74,0.0,54.4,P,SimuProA-4,EV_104
442.583,0.0,57.86,0.0,1,4.416,1,85.99,4.428,0.0,-1.2,210.0,EV_104,0.0,250,0.0,RC223134_2,54.1,45155.31,RC223134,202.74,0.0,54.2,P,SimuProA-4,EV_104
441.808,0.0,57.86,0.0,1,4.417,1,86.01,4.425,0.0,-1.6,210.0,EV_104,0.0,260,0.0,RC223134_2,53.9,45155.31,RC223134,202.74,0.0,54.0,P,SimuProA-4,EV_104
442.496,0.0,57.86,0.0,1,4.418,1,86.03,4.423,0.0,-1.6,210.0,EV_104,0.0,270,0.0,RC223134_2,53.7,45155.31,RC223134,202.74,0.0,53.8,P,SimuProA-4,EV_104
443.088,0.0,57.86,0.0,1,4.418,1,86.06,4.428,0.0,0.0,210.0,EV_104,0.0,280,0.0,RC223134_2,53.6,45155.31,RC223134,202.74,0.0,53.7,P,SimuProA-4,EV_104
442.302,0.0,57.86,0.0,1,4.418,1,86.07,4.427,0.0,-3.5,210.0,EV_104,0.0,290,0.0,RC223134_2,53.5,45155.31,RC223134,202.74,0.0,53.6,P,SimuProA-4,EV_104
443.015,0.0,57.86,0.0,1,4.419,1,86.07,4.429,0.0,-0.2,210.0,EV_104,0.0,300,0.0,RC223134_2,53.4,45155.31,RC223134,202.74,0.0,53.5,P,SimuProA-4,EV_104
442.933,0.0,57.86,0.0,1,4.42,1,86.08,4.431,0.0,-1.7,210.0,EV_104,0.0,310,0.0,RC223134_2,53.3,45155.31,RC223134,202.74,0.0,53.4,P,SimuProA-4,EV_104
442.717,0.0,57.86,0.0,1,4.421,1,86.09,4.432,0.0,-3.2,210.0,EV_104,0.0,320,0.0,RC223134_2,53.2,45155.31,RC223134,202.74,0.0,53.3,P,SimuProA-4,EV_104
443.035,0.0,57.86,0.0,1,4.422,1,86.1,4.434,0.0,-1.9,210.0,EV_104,0.0,330,0.0,RC223134_2,53.1,45155.31,RC223134,202.74,0.0,53.2,P,SimuProA-4,EV_104
443.004,0.0,57.86,0.0,1,4.422,1,86.12,4.433,0.0,-1.1,210.0,EV_104,0.0,340,0.0,RC223134_2,53.1,45155.31,RC223134,202.74,0.0,53.2,P,SimuProA-4,EV_104
442.916,0.0,57.86,0.0,1,4.423,1,86.13,4.434,0.0,0.1,210.0,EV_104,0.0,350,0.0,RC223134_2,53.0,45155.31,RC223134,202.74,0.0,53.1,P,SimuProA-4,EV_104
443.31,0.0,57.86,0.0,1,4.424,1,86.13,4.435,0.0,1.9,210.0,EV_104,0.0,360,0.0,RC223134_2,52.9,45155.31,RC223134,202.74,0.0,53.0,P,SimuProA-4,EV_104
443.086,0.0,57.86,0.0,1,4.425,1,86.14,4.436,0.0,0.1,210.0,EV_104,0.0,370,0.0,RC223134_2,52.8,45155.31,RC223134,202.74,0.0,52.9,P,SimuProA-4,EV_104
443.21,0.0,57.86,0.0,1,4.426,1,86.16,4.437,0.0,4.3,210.0,EV_104,0.0,380,0.0,RC223134_2,52.7,45155.31,RC223134,202.74,0.0,52.8,P,SimuProA-4,EV_104
443.39,0.0,57.86,0.0,1,4.427,1,86.17,4.437,0.0,-1.6,210.0,EV_104,0.0,390,0.0,RC223134_2,52.6,45155.31,RC223134,202.74,0.0,52.7,P,SimuProA-4,EV_104
443.335,0.0,57.86,0.0,1,4.428,1,86.18,4.438,0.0,1.4,210.0,EV_104,0.0,400,0.0,RC223134_2,52.5,45155.31,RC223134,202.74,0.0,52.6,P,SimuProA-4,EV_104
443.557,0.0,57.86,0.0,1,4.429,1,86.2,4.439,0.0,-0.1,210.0,EV_104,0.0,410,0.0,RC223134_2,52.4,45155.31,RC223134,202.74,0.0,52.5,P,SimuProA-4,EV_104
443.273,0.0,57.86,0.0,1,4.43,1,86.21,4.44,0.0,0.1,210.0,EV_104,0.0,420,0.0,RC223134_2,52.3,45155.31,RC223134,202.74,0.0,52.4,P,SimuProA-4,EV_104
443.695,0.0,57.86,0.0,1,4.428,1,86.24,4.439,0.0,2.1,210.0,EV_104,0.0,430,0.0,RC223134_2,52.2,45155.31,RC223134,202.74,0.0,52.3,P,SimuProA-4,EV_104
443.249,0.0,57.86,0.0,1,4.428,1,86.24,4.439,0.0,0.9,210.0,EV_104,0.0,440,0.0,RC223134_2,52.1,45155.31,RC223134,202.74,0.0,52.2,P,SimuProA-4,EV_104
443.465,0.0,57.86,0.0,1,4.428,1,86.26,4.439,0.0,-2.3,210.0,EV_104,0.0,450,0.0,RC223134_2,52.0,45155.31,RC223134,202.74,0.0,52.1,P,SimuProA-4,EV_104
442.742,0.0,57.86,0.0,1,4.431,1,86.27,4.441,0.0,-4.7,210.0,EV_104,0.0,460,0.0,RC223134_2,51.9,45155.31,RC223134,202.74,0.0,52.0,P,SimuProA-4,EV_104
443.23,0.0,57.86,0.0,1,4.432,1,86.28,4.442,0.0,0.8,210.0,EV_104,0.0,470,0.0,RC223134_2,51.8,45155.31,RC223134,202.74,0.0,51.9,P,SimuProA-4,EV_104
443.412,0.0,57.86,0.0,1,4.433,1,86.3,4.443,0.0,-2.4,210.0,EV_104,0.0,480,0.0,RC223134_2,51.7,45155.31,RC223134,202.74,0.0,51.8,P,SimuProA-4,EV_104
443.44,0.0,57.86,0.0,1,4.435,1,86.32,4.445,0.0,-4.9,210.0,EV_104,0.0,490,0.0,RC223134_2,51.6,45155.31,RC223134,202.74,0.0,51.9,P,SimuProA-4,EV_104
443.57,0.0,57.86,0.0,1,4.436,1,86.36,4.446,0.0,-5.9,210.0,EV_104,0.0,500,0.0,RC223134_2,51.5,45155.31,RC223134,202.74,0.0,51.7,P,SimuProA-4,EV_104
443.427,0.0,57.86,0.0,1,4.437,1,86.36,4.447,0.0,-9.9,210.0,EV_104,0.0,510,0.0,RC223134_2,51.4,45155.31,RC223134,202.74,0.0,51.6,P,SimuProA-4,EV_104
443.948,0.0,57.86,0.0,1,4.438,1,86.38,4.448,0.0,-13.0,210.0,EV_104,0.0,520,0.0,RC223134_2,51.3,45155.31,RC223134,202.74,0.0,51.8,P,SimuProA-4,EV_104
443.879,0.0,57.86,0.0,1,4.44,1,86.41,4.45,0.0,-16.7,210.0,EV_104,0.0,530,0.0,RC223134_2,51.2,45155.31,RC223134,202.74,0.0,51.7,P,SimuProA-4,EV_104
443.88,0.0,57.86,0.0,1,4.442,1,86.44,4.45,0.0,-21.2,210.0,EV_104,0.0,540,0.0,RC223134_2,51.1,45155.31,RC223134,202.74,0.0,51.6,P,SimuProA-4,EV_104
444.342,0.0,57.86,0.0,1,4.442,1,86.47,4.45,0.0,-24.1,210.0,EV_104,0.0,550,0.0,RC223134_2,51.1,45155.31,RC223134,202.74,0.0,51.8,P,SimuProA-4,EV_104
444.249,0.0,57.86,0.0,1,4.445,1,86.53,4.45,0.0,-29.8,210.0,EV_104,0.0,560,0.0,RC223134_2,51.2,45155.31,RC223134,202.74,0.0,51.9,P,SimuProA-4,EV_104
445.0,0.0,57.86,0.0,1,4.447,1,86.55,4.45,0.0,-36.6,210.0,EV_104,0.0,570,0.0,RC223134_2,51.3,45155.31,RC223134,202.74,0.0,52.0,P,SimuProA-4,EV_104
444.542,0.0,57.86,0.0,1,4.448,1,86.58,4.45,0.0,-41.5,210.0,EV_104,0.0,580,0.0,RC223134_2,51.5,45155.31,RC223134,202.74,0.0,52.3,P,SimuProA-4,EV_104
444.747,0.0,57.86,0.0,1,4.449,1,86.63,4.45,0.0,-48.2,210.0,EV_104,0.0,590,0.0,RC223134_2,51.6,45155.31,RC223134,202.74,0.0,52.5,P,SimuProA-4,EV_104
444.841,0.0,57.86,0.0,1,4.45,1,86.64,4.45,0.0,-52.8,210.0,EV_104,0.0,600,0.0,RC223134_2,51.8,45155.31,RC223134,202.74,0.0,52.8,P,SimuProA-4,EV_104
445.0,0.0,57.86,0.0,1,4.45,1,86.67,4.45,0.0,-58.6,210.0,EV_104,0.0,610,0.0,RC223134_2,52.0,45155.31,RC223134,202.74,0.0,53.0,P,SimuProA-4,EV_104
444.96,0.0,57.86,0.0,1,4.45,1,86.71,4.45,0.0,-66.5,210.0,EV_104,0.0,620,0.0,RC223134_2,52.2,45155.31,RC223134,202.74,0.0,53.3,P,SimuProA-4,EV_104
444.64,0.0,57.86,0.0,1,4.45,1,86.75,4.45,0.0,-72.5,210.0,EV_104,0.0,630,0.0,RC223134_2,52.5,45155.31,RC223134,202.74,0.0,53.6,P,SimuProA-4,EV_104
445.0,0.0,57.86,0.0,1,4.45,1,86.81,4.45,0.0,-76.0,210.0,EV_104,0.0,640,0.0,RC223134_2,52.8,45155.31,RC223134,202.74,0.0,53.8,P,SimuProA-4,EV_104
444.715,0.0,57.86,0.0,1,4.45,1,86.86,4.45,0.0,-87.1,210.0,EV_104,0.0,650,0.0,RC223134_2,53.0,45155.31,RC223134,202.74,0.0,54.0,P,SimuProA-4,EV_104
444.496,0.0,57.86,0.0,1,4.45,1,86.93,4.45,0.0,-91.4,210.0,EV_104,0.0,660,0.0,RC223134_2,53.2,45155.31,RC223134,202.74,0.0,54.2,P,SimuProA-4,EV_104
444.444,0.0,57.86,0.0,1,4.44,1,86.98,4.45,0.0,-95.8,210.0,EV_104,0.0,670,0.0,RC223134_2,53.5,45155.31,RC223134,202.74,0.0,54.5,P,SimuProA-4,EV_104
444.98,0.0,57.86,0.0,1,4.44,1,87.07,4.45,0.0,-107.6,210.0,EV_104,0.0,680,0.0,RC223134_2,53.7,45155.31,RC223134,202.74,0.0,54.7,P,SimuProA-4,EV_104
445.0,0.0,57.86,0.0,1,4.44,1,87.13,4.45,0.0,-112.1,210.0,EV_104,0.0,690,0.0,RC223134_2,53.9,45155.31,RC223134,202.74,0.0,54.9,P,SimuProA-4,EV_104
444.614,0.0,57.86,0.0,1,4.44,1,87.2,4.45,0.0,-113.6,210.0,EV_104,0.0,700,0.0,RC223134_2,54.1,45155.31,RC223134,202.74,0.0,55.1,P,SimuProA-4,EV_104
445.0,0.0,57.86,0.0,1,4.44,1,87.25,4.45,0.0,-122.1,210.0,EV_104,0.0,710,0.0,RC223134_2,54.3,45155.31,RC223134,202.74,0.0,55.3,P,SimuProA-4,EV_104
445.0,0.0,57.86,0.0,1,4.44,1,87.32,4.45,0.0,-128.2,210.0,EV_104,0.0,720,0.0,RC223134_2,54.5,45155.31,RC223134,202.74,0.0,55.5,P,SimuProA-4,EV_104
444.805,0.0,57.86,0.0,1,4.44,1,87.39,4.45,0.0,-124.5,210.0,EV_104,0.0,730,0.0,RC223134_2,54.8,45155.31,RC223134,202.74,0.0,55.8,P,SimuProA-4,EV_104
444.64,0.0,57.86,0.0,1,4.44,1,87.48,4.45,0.0,-121.0,210.0,EV_104,0.0,740,0.0,RC223134_2,55.1,45155.31,RC223134,202.74,0.0,56.1,P,SimuProA-4,EV_104
444.693,0.0,57.86,0.0,1,4.44,1,87.55,4.45,0.0,-116.3,210.0,EV_104,0.0,750,0.0,RC223134_2,55.4,45155.31,RC223134,202.74,0.0,56.4,P,SimuProA-4,EV_104
444.948,0.0,57.86,0.0,1,4.44,1,87.64,4.45,0.0,-110.4,210.0,EV_104,0.0,760,0.0,RC223134_2,55.7,45155.31,RC223134,202.74,0.0,56.7,P,SimuProA-4,EV_104
444.948,0.0,57.86,0.0,1,4.44,1,87.72,4.45,0.0,-110.7,210.0,EV_104,0.0,770,0.0,RC223134_2,56.0,45155.31,RC223134,202.74,0.0,57.0,P,SimuProA-4,EV_104
444.478,0.0,57.86,0.0,1,4.44,1,87.84,4.45,0.0,-101.0,210.0,EV_104,0.0,780,0.0,RC223134_2,56.3,45155.31,RC223134,202.74,0.0,57.3,P,SimuProA-4,EV_104
444.676,0.0,57.86,0.0,1,4.44,1,87.93,4.45,0.0,-97.0,210.0,EV_104,0.0,790,0.0,RC223134_2,56.6,45155.31,RC223134,202.74,0.0,57.6,P,SimuProA-4,EV_104
445.0,0.0,57.86,0.0,1,4.44,1,88.02,4.45,0.0,-81.8,210.0,EV_104,0.0,800,0.0,RC223134_2,56.9,45155.31,RC223134,202.74,0.0,57.9,P,SimuProA-4,EV_104
445.0,0.0,57.86,0.0,1,4.44,1,88.08,4.45,0.0,-70.4,210.0,EV_104,0.0,810,0.0,RC223134_2,57.2,45155.31,RC223134,202.74,0.0,58.2,P,SimuProA-4,EV_104
445.0,0.0,57.86,0.0,1,4.44,1,88.14,4.45,0.0,-65.0,210.0,EV_104,0.0,820,0.0,RC223134_2,57.4,45155.31,RC223134,202.74,0.0,58.4,P,SimuProA-4,EV_104
445.0,0.0,57.86,0.0,1,4.44,1,88.2,4.45,0.0,-58.0,210.0,EV_104,0.0,830,0.0,RC223134_2,57.6,45155.31,RC223134,202.74,0.0,58.6,P,SimuProA-4,EV_104
445.0,0.0,57.86,0.0,1,4.44,1,88.26,4.45,0.0,-52.7,210.0,EV_104,0.0,840,0.0,RC223134_2,57.7,45155.31,RC223134,202.74,0.0,58.7,P,SimuProA-4,EV_104
444.523,0.0,57.86,0.0,1,4.44,1,88.34,4.45,0.0,-46.8,210.0,EV_104,0.0,850,0.0,RC223134_2,57.9,45155.31,RC223134,202.74,0.0,58.9,P,SimuProA-4,EV_104
444.859,0.0,57.86,0.0,1,4.44,1,88.39,4.45,0.0,-40.9,210.0,EV_104,0.0,860,0.0,RC223134_2,58.1,45155.31,RC223134,202.74,0.0,59.1,P,SimuProA-4,EV_104
445.0,0.0,57.86,0.0,1,4.44,1,88.45,4.45,0.0,-35.1,210.0,EV_104,0.0,870,0.0,RC223134_2,58.2,45155.31,RC223134,202.74,0.0,59.2,P,SimuProA-4,EV_104
444.476,0.0,57.86,0.0,1,4.44,1,88.51,4.45,0.0,-32.8,210.0,EV_104,0.0,880,0.0,RC223134_2,58.3,45155.31,RC223134,202.74,0.0,59.3,P,SimuProA-4,EV_104
445.0,0.0,57.86,0.0,1,4.44,1,88.58,4.45,0.0,-26.4,210.0,EV_104,0.0,890,0.0,RC223134_2,58.4,45155.31,RC223134,202.74,0.0,59.4,P,SimuProA-4,EV_104
444.642,0.0,57.86,0.0,1,4.44,1,88.65,4.45,0.0,-20.2,210.0,EV_104,0.0,900,0.0,RC223134_2,58.5,45155.31,RC223134,202.74,0.0,59.5,P,SimuProA-4,EV_104
445.0,0.0,57.86,0.0,1,4.44,1,88.72,4.45,0.0,-14.8,210.0,EV_104,0.0,910,0.0,RC223134_2,58.6,45155.31,RC223134,202.74,0.0,59.6,P,SimuProA-4,EV_104
445.0,0.0,57.86,0.0,1,4.44,1,88.79,4.45,0.0,-7.8,210.0,EV_104,0.0,920,0.0,RC223134_2,58.7,45155.31,RC223134,202.74,0.0,59.7,P,SimuProA-4,EV_104
444.298,0.0,57.86,0.0,1,4.44,1,88.86,4.45,0.0,-5.5,210.0,EV_104,0.0,930,0.0,RC223134_2,58.8,45155.31,RC223134,202.74,0.0,59.8,P,SimuProA-4,EV_104
444.385,0.0,57.86,0.0,1,4.44,1,88.93,4.45,0.0,-6.7,210.0,EV_104,0.0,940,0.0,RC223134_2,58.9,45155.31,RC223134,202.74,0.0,59.9,P,SimuProA-4,EV_104
444.728,0.0,57.86,0.0,1,4.44,1,89.0,4.45,0.0,-2.2,210.0,EV_104,0.0,950,0.0,RC223134_2,59.0,45155.31,RC223134,202.74,0.0,60.0,P,SimuProA-4,EV_104
445.0,0.0,57.86,0.0,1,4.44,1,89.07,4.45,0.0,-2.3,210.0,EV_104,0.0,960,0.0,RC223134_2,59.1,45155.31,RC223134,202.74,0.0,60.1,P,SimuProA-4,EV_104
445.0,0.0,57.86,0.0,1,4.44,1,89.15,4.45,0.0,1.2,210.0,EV_104,0.0,970,0.0,RC223134_2,59.2,45155.31,RC223134,202.74,0.0,60.2,P,SimuProA-4,EV_104
444.594,0.0,57.86,0.0,1,4.44,1,89.21,4.45,0.0,-1.9,210.0,EV_104,0.0,980,0.0,RC223134_2,59.3,45155.31,RC223134,202.74,0.0,60.3,P,SimuProA-4,EV_104
444.965,0.0,57.86,0.0,1,4.44,1,89.28,4.45,0.0,0.4,210.0,EV_104,0.0,990,0.0,RC223134_2,59.4,45155.31,RC223134,202.74,0.0,60.4,P,SimuProA-4,EV_104
444.878,0.0,57.86,0.0,1,4.44,1,89.36,4.45,0.0,-2.1,210.0,EV_104,0.0,1000,0.0,RC223134_2,59.5,45155.31,RC223134,202.74,0.0,60.5,P,SimuProA-4,EV_104
445.0,0.0,57.86,0.0,1,4.44,1,89.43,4.45,0.0,-4.6,210.0,EV_104,0.0,1010,0.0,RC223134_2,59.6,45155.31,RC223134,202.74,0.0,60.6,P,SimuProA-4,EV_104
445.0,0.0,57.86,0.0,1,4.44,1,89.48,4.45,0.0,-1.7,210.0,EV_104,0.0,1020,0.0,RC223134_2,59.7,45155.31,RC223134,202.74,0.0,60.7,P,SimuProA-4,EV_104
445.0,0.0,57.86,0.0,1,4.44,1,89.56,4.45,0.0,-1.1,210.0,EV_104,0.0,1030,0.0,RC223134_2,59.8,45155.31,RC223134,202.74,0.0,60.8,P,SimuProA-4,EV_104
444.747,0.0,57.86,0.0,1,4.44,1,89.63,4.45,0.0,-0.6,210.0,EV_104,0.0,1040,0.0,RC223134_2,59.9,45155.31,RC223134,202.74,0.0,60.9,P,SimuProA-4,EV_104
445.0,0.0,57.86,0.0,1,4.44,1,89.67,4.45,0.0,-0.9,210.0,EV_104,0.0,1050,0.0,RC223134_2,59.9,45155.31,RC223134,202.74,0.0,60.9,P,SimuProA-4,EV_104
444.528,0.0,57.86,0.0,1,4.44,1,89.73,4.45,0.0,-1.6,210.0,EV_104,0.0,1060,0.0,RC223134_2,60.0,45155.31,RC223134,202.74,0.0,61.0,P,SimuProA-4,EV_104
445.0,0.0,57.86,0.0,1,4.44,1,89.78,4.45,0.0,1.2,210.0,EV_104,0.0,1070,0.0,RC223134_2,60.1,45155.31,RC223134,202.74,0.0,61.1,P,SimuProA-4,EV_104
444.901,0.0,57.86,0.0,1,4.44,1,89.84,4.45,0.0,-2.6,210.0,EV_104,0.0,1080,0.0,RC223134_2,60.2,45155.31,RC223134,202.74,0.0,61.1,P,SimuProA-4,EV_104
445.0,0.0,57.86,0.0,1,4.44,1,89.9,4.45,0.0,-3.0,210.0,EV_104,0.0,1090,0.0,RC223134_2,60.3,45155.31,RC223134,202.74,0.0,61.2,P,SimuProA-4,EV_104
444.931,0.0,57.86,0.0,1,4.44,1,89.95,4.45,0.0,-2.4,210.0,EV_104,0.0,1100,0.0,RC223134_2,60.4,45155.31,RC223134,202.74,0.0,61.3,P,SimuProA-4,EV_104
444.783,0.0,57.86,0.0,1,4.44,1,90.01,4.45,0.0,1.3,210.0,EV_104,0.0,1110,0.0,RC223134_2,60.3,45155.31,RC223134,202.74,0.0,61.2,P,SimuProA-4,EV_104
444.37,0.0,57.86,0.0,1,4.44,1,90.07,4.45,0.0,0.9,210.0,EV_104,0.0,1120,0.0,RC223134_2,60.5,45155.31,RC223134,202.74,0.0,61.4,P,SimuProA-4,EV_104
445.0,0.0,57.86,0.0,1,4.44,1,90.14,4.45,0.0,0.8,210.0,EV_104,0.0,1130,0.0,RC223134_2,60.6,45155.31,RC223134,202.74,0.0,61.5,P,SimuProA-4,EV_104
444.897,0.0,57.86,0.0,1,4.44,1,90.19,4.45,0.0,-0.9,210.0,EV_104,0.0,1140,0.0,RC223134_2,60.7,45155.31,RC223134,202.74,0.0,61.6,P,SimuProA-4,EV_104
445.0,0.0,57.86,0.0,1,4.44,1,90.26,4.45,0.0,0.5,210.0,EV_104,0.0,1150,0.0,RC223134_2,60.8,45155.31,RC223134,202.74,0.0,61.7,P,SimuProA-4,EV_104
444.517,0.0,57.86,0.0,1,4.44,1,90.31,4.45,0.0,-1.1,210.0,EV_104,0.0,1160,0.0,RC223134_2,60.9,45155.31,RC223134,202.74,0.0,61.8,P,SimuProA-4,EV_104
444.514,0.0,57.86,0.0,1,4.44,1,90.38,4.45,0.0,-3.6,210.0,EV_104,0.0,1170,0.0,RC223134_2,61.0,45155.31,RC223134,202.74,0.0,61.9,P,SimuProA-4,EV_104
444.205,0.0,57.86,0.0,1,4.43,1,90.46,4.45,0.0,-3.5,210.0,EV_104,0.0,1180,0.0,RC223134_2,61.1,45155.31,RC223134,202.74,0.0,62.0,P,SimuProA-4,EV_104
444.639,0.0,57.86,0.0,1,4.42,1,90.55,4.45,0.0,-8.6,210.0,EV_104,0.0,1190,0.0,RC223134_2,61.3,45155.31,RC223134,202.74,0.0,62.2,P,SimuProA-4,EV_104
444.267,0.0,57.86,0.0,1,4.41,1,90.64,4.45,0.0,-10.1,210.0,EV_104,0.0,1200,0.0,RC223134_2,61.5,45155.31,RC223134,202.74,0.0,62.4,P,SimuProA-4,EV_104
445.0,0.0,57.86,0.0,1,4.41,1,90.73,4.45,0.0,-10.5,210.0,EV_104,0.0,1210,0.0,RC223134_2,61.6,45155.31,RC223134,202.74,0.0,62.5,P,SimuProA-4,EV_104
445.0,0.0,57.86,0.0,1,4.4,1,90.82,4.45,0.0,-13.0,210.0,EV_104,0.0,1220,0.0,RC223134_2,61.8,45155.31,RC223134,202.74,0.0,62.7,P,SimuProA-4,EV_104
444.84,0.0,57.86,0.0,1,4.39,1,90.91,4.45,0.0,-12.0,210.0,EV_104,0.0,1230,0.0,RC223134_2,62.0,45155.31,RC223134,202.74,0.0,62.9,P,SimuProA-4,EV_104
445.0,0.0,57.86,0.0,1,4.38,1,91.0,4.45,0.0,-11.7,210.0,EV_104,0.0,1240,0.0,RC223134_2,62.2,45155.31,RC223134,202.74,0.0,63.1,P,SimuProA-4,EV_104
445.0,0.0,57.86,0.0,1,4.37,1,91.11,4.45,0.0,-11.2,210.0,EV_104,0.0,1250,0.0,RC223134_2,62.4,45155.31,RC223134,202.74,0.0,63.3,P,SimuProA-4,EV_104
445.0,0.0,57.86,0.0,1,4.36,1,91.2,4.45,0.0,-11.4,210.0,EV_104,0.0,1260,0.0,RC223134_2,62.6,45155.31,RC223134,202.74,0.0,63.5,P,SimuProA-4,EV_104
444.845,0.0,57.86,0.0,1,4.35,1,91.29,4.45,0.0,-10.4,210.0,EV_104,0.0,1270,0.0,RC223134_2,62.8,45155.31,RC223134,202.74,0.0,63.7,P,SimuProA-4,EV_104
445.0,0.0,57.86,0.0,1,4.34,1,91.39,4.45,0.0,-9.0,210.0,EV_104,0.0,0,0.0,RC223134_3,63.0,45155.31,RC223134,202.74,0.0,63.9,P,SimuProA-4,EV_104
444.635,0.0,57.86,0.0,1,4.33,1,91.47,4.45,0.0,-11.0,210.0,EV_104,0.0,10,0.0,RC223134_3,63.2,45155.31,RC223134,202.74,0.0,64.1,P,SimuProA-4,EV_104
444.967,0.0,57.86,0.0,1,4.33,1,91.57,4.45,0.0,-8.1,210.0,EV_104,0.0,20,0.0,RC223134_3,63.3,45155.31,RC223134,202.74,0.0,64.2,P,SimuProA-4,EV_104
444.628,0.0,57.86,0.0,1,4.33,1,91.65,4.45,0.0,-13.8,210.0,EV_104,0.0,30,0.0,RC223134_3,63.4,45155.31,RC223134,202.74,0.0,64.3,P,SimuProA-4,EV_104
444.428,0.0,57.86,0.0,1,4.33,1,91.72,4.45,0.0,-10.3,210.0,EV_104,0.0,40,0.0,RC223134_3,63.5,45155.31,RC223134,202.74,0.0,64.4,P,SimuProA-4,EV_104
445.0,0.0,57.86,0.0,1,4.32,1,91.81,4.45,0.0,-7.8,210.0,EV_104,0.0,50,0.0,RC223134_3,63.6,45155.31,RC223134,202.74,0.0,64.5,P,SimuProA-4,EV_104
444.862,0.0,57.86,0.0,1,4.31,1,91.9,4.45,0.0,-4.4,210.0,EV_104,0.0,60,0.0,RC223134_3,63.7,45155.31,RC223134,202.74,0.0,64.6,P,SimuProA-4,EV_104
444.952,0.0,57.86,0.0,1,4.31,1,91.97,4.45,0.0,-4.0,210.0,EV_104,0.0,70,0.0,RC223134_3,63.8,45155.31,RC223134,202.74,0.0,64.7,P,SimuProA-4,EV_104
444.629,0.0,57.86,0.0,1,4.31,1,92.04,4.45,0.0,-1.0,210.0,EV_104,0.0,80,0.0,RC223134_3,63.9,45155.31,RC223134,202.74,0.0,64.8,P,SimuProA-4,EV_104
444.708,0.0,57.86,0.0,1,4.32,1,92.13,4.45,0.0,-6.0,210.0,EV_104,0.0,90,0.0,RC223134_3,64.0,45155.31,RC223134,202.74,0.0,64.9,P,SimuProA-4,EV_104
445.0,0.0,57.86,0.0,1,4.32,1,92.19,4.45,0.0,-5.6,210.0,EV_104,0.0,100,0.0,RC223134_3,64.1,45155.31,RC223134,202.74,0.0,65.0,P,SimuProA-4,EV_104
444.573,0.0,57.86,0.0,1,4.32,1,92.27,4.45,0.0,-4.3,210.0,EV_104,0.0,110,0.0,RC223134_3,64.2,45155.31,RC223134,202.74,0.0,65.0,P,SimuProA-4,EV_104
444.508,0.0,57.86,0.0,1,4.33,1,92.35,4.45,0.0,-4.9,210.0,EV_104,0.0,120,0.0,RC223134_3,64.3,45155.31,RC223134,202.74,0.0,65.0,P,SimuProA-4,EV_104
445.0,0.0,57.86,0.0,1,4.32,1,92.42,4.45,0.0,-5.4,210.0,EV_104,0.0,130,0.0,RC223134_3,64.4,45155.31,RC223134,202.74,0.0,65.0,P,SimuProA-4,EV_104
445.0,0.0,57.86,0.0,1,4.33,1,92.5,4.45,0.0,-2.0,210.0,EV_104,0.0,140,0.0,RC223134_3,64.5,45155.31,RC223134,202.74,0.0,65.0,P,SimuProA-4,EV_104
444.895,0.0,57.86,0.0,1,4.33,1,92.58,4.45,0.0,-3.4,210.0,EV_104,0.0,150,0.0,RC223134_3,64.6,45155.31,RC223134,202.74,0.0,65.0,P,SimuProA-4,EV_104
444.825,0.0,57.86,0.0,1,4.33,1,92.66,4.45,0.0,-3.2,210.0,EV_104,0.0,160,0.0,RC223134_3,64.7,45155.31,RC223134,202.74,0.0,65.0,P,SimuProA-4,EV_104
444.933,0.0,57.86,0.0,1,4.33,1,92.74,4.45,0.0,-0.6,210.0,EV_104,0.0,170,0.0,RC223134_3,64.8,45155.31,RC223134,202.74,0.0,65.0,P,SimuProA-4,EV_104
445.0,0.0,57.86,0.0,1,4.33,1,92.82,4.45,0.0,-3.4,210.0,EV_104,0.0,180,0.0,RC223134_3,64.9,45155.31,RC223134,202.74,0.0,65.0,P,SimuProA-4,EV_104
445.0,0.0,57.86,0.0,1,4.33,1,92.9,4.45,0.0,0.5,210.0,EV_104,0.0,190,0.0,RC223134_3,65.0,45155.31,RC223134,202.74,0.0,65.0,P,SimuProA-4,EV_104
444.522,0.0,57.86,0.0,1,4.33,1,92.98,4.45,0.0,-3.3,210.0,EV_104,0.0,200,0.0,RC223134_3,65.0,45155.31,RC223134,202.74,0.0,65.0,P,SimuProA-4,EV_104
444.929,0.0,57.86,0.0,1,4.33,1,93.06,4.45,0.0,0.5,210.0,EV_104,0.0,210,0.0,RC223134_3,65.0,45155.31,RC223134,202.74,0.0,65.0,P,SimuProA-4,EV_104
444.977,0.0,57.86,0.0,1,4.33,1,93.14,4.45,0.0,-3.0,210.0,EV_104,0.0,220,0.0,RC223134_3,65.0,45155.31,RC223134,202.74,0.0,65.0,P,SimuProA-4,EV_104
444.921,0.0,57.86,0.0,1,4.33,1,93.22,4.45,0.0,-5.1,210.0,EV_104,0.0,230,0.0,RC223134_3,64.8,45155.31,RC223134,202.74,0.0,64.9,P,SimuProA-4,EV_104
445.0,0.0,57.86,0.0,1,4.33,1,93.3,4.45,0.0,-5.2,210.0,EV_104,0.0,240,0.0,RC223134_3,64.7,45155.31,RC223134,202.74,0.0,64.8,P,SimuProA-4,EV_104
444.98,0.0,57.86,0.0,1,4.33,1,93.38,4.45,0.0,-1.6,210.0,EV_104,0.0,250,0.0,RC223134_3,64.6,45155.31,RC223134,202.74,0.0,64.7,P,SimuProA-4,EV_104
444.653,0.0,57.86,0.0,1,4.33,1,93.47,4.45,0.0,0.7,210.0,EV_104,0.0,260,0.0,RC223134_3,64.4,45155.31,RC223134,202.74,0.0,64.5,P,SimuProA-4,EV_104
445.0,0.0,57.86,0.0,1,4.32,1,93.54,4.45,0.0,-3.1,210.0,EV_104,0.0,270,0.0,RC223134_3,64.2,45155.31,RC223134,202.74,0.0,64.3,P,SimuProA-4,EV_104
444.561,0.0,57.86,0.0,1,4.32,1,93.63,4.44,0.0,-1.8,210.0,EV_104,0.0,280,0.0,RC223134_3,64.0,45155.31,RC223134,202.74,0.0,64.1,P,SimuProA-4,EV_104
444.183,0.0,57.86,0.0,1,4.32,1,93.72,4.44,0.0,-0.3,210.0,EV_104,0.0,290,0.0,RC223134_3,63.8,45155.31,RC223134,202.74,0.0,63.9,P,SimuProA-4,EV_104
444.026,0.0,57.86,0.0,1,4.32,1,93.8,4.44,0.0,-2.3,210.0,EV_104,0.0,300,0.0,RC223134_3,63.6,45155.31,RC223134,202.74,0.0,63.7,P,SimuProA-4,EV_104
444.172,0.0,57.86,0.0,1,4.32,1,93.88,4.44,0.0,-2.0,210.0,EV_104,0.0,310,0.0,RC223134_3,63.4,45155.31,RC223134,202.74,0.0,63.5,P,SimuProA-4,EV_104
443.465,0.0,57.86,0.0,1,4.31,1,93.97,4.43,0.0,0.8,210.0,EV_104,0.0,320,0.0,RC223134_3,63.2,45155.31,RC223134,202.74,0.0,63.3,P,SimuProA-4,EV_104
443.941,0.0,57.86,0.0,1,4.31,1,94.03,4.43,0.0,-1.2,210.0,EV_104,0.0,330,0.0,RC223134_3,63.0,45155.31,RC223134,202.74,0.0,63.1,P,SimuProA-4,EV_104
443.725,0.0,57.86,0.0,1,4.31,1,94.09,4.43,0.0,-1.2,210.0,EV_104,0.0,340,0.0,RC223134_3,62.8,45155.31,RC223134,202.74,0.0,62.9,P,SimuProA-4,EV_104
444.436,0.0,57.86,0.0,1,4.31,1,94.15,4.44,0.0,-0.6,210.0,EV_104,0.0,350,0.0,RC223134_3,62.6,45155.31,RC223134,202.74,0.0,62.7,P,SimuProA-4,EV_104
444.796,0.0,57.86,0.0,1,4.32,1,94.22,4.44,0.0,-2.5,210.0,EV_104,0.0,360,0.0,RC223134_3,62.4,45155.31,RC223134,202.74,0.0,62.5,P,SimuProA-4,EV_104
445.0,0.0,57.86,0.0,1,4.32,1,94.27,4.44,0.0,-1.9,210.0,EV_104,0.0,370,0.0,RC223134_3,62.2,45155.31,RC223134,202.74,0.0,62.3,P,SimuProA-4,EV_104
445.0,0.0,57.86,0.0,1,4.33,1,94.35,4.45,0.0,0.9,210.0,EV_104,0.0,380,0.0,RC223134_3,62.0,45155.31,RC223134,202.74,0.0,62.1,P,SimuProA-4,EV_104
445.0,0.0,57.86,0.0,1,4.33,1,94.45,4.45,0.0,1.2,210.0,EV_104,0.0,390,0.0,RC223134_3,61.8,45155.31,RC223134,202.74,0.0,61.9,P,SimuProA-4,EV_104
445.0,0.0,57.86,0.0,1,4.34,1,94.59,4.45,0.0,-1.1,210.0,EV_104,0.0,400,0.0,RC223134_3,61.6,45155.31,RC223134,202.74,0.0,61.7,P,SimuProA-4,EV_104
444.698,0.0,57.86,0.0,1,4.34,1,94.75,4.45,0.0,1.4,210.0,EV_104,0.0,410,0.0,RC223134_3,61.4,45155.31,RC223134,202.74,0.0,61.5,P,SimuProA-4,EV_104
444.762,0.0,57.86,0.0,1,4.34,1,94.95,4.45,0.0,2.0,210.0,EV_104,0.0,420,0.0,RC223134_3,61.2,45155.31,RC223134,202.74,0.0,61.3,P,SimuProA-4,EV_104
445.0,0.0,57.86,0.0,1,4.34,1,95.2,4.45,0.0,-0.5,210.0,EV_104,0.0,430,0.0,RC223134_3,61.0,45155.31,RC223134,202.74,0.0,61.1,P,SimuProA-4,EV_104
445.0,0.0,57.86,0.0,1,4.34,1,95.47,4.45,0.0,1.1,210.0,EV_104,0.0,440,0.0,RC223134_3,60.8,45155.31,RC223134,202.74,0.0,60.9,P,SimuProA-4,EV_104
444.828,0.0,57.86,0.0,1,4.34,1,95.82,4.45,0.0,-1.8,210.0,EV_104,0.0,450,0.0,RC223134_3,60.6,45155.31,RC223134,202.74,0.0,60.7,P,SimuProA-4,EV_104
445.0,0.0,57.86,0.0,1,4.34,1,100.0,4.45,0.0,-1.0,210.0,EV_104,0.0,460,0.0,RC223134_3,60.4,45155.31,RC223134,202.74,0.0,60.5,P,SimuProA-4,EV_104
444.906,0.0,57.86,0.0,1,4.34,1,100.0,4.45,0.0,2.6,210.0,EV_104,0.0,470,0.0,RC223134_3,60.2,45155.31,RC223134,202.74,0.0,60.3,P,SimuProA-4,EV_104
444.856,0.0,57.86,0.0,1,4.33,1,100.0,4.44,0.0,0.7,210.0,EV_104,0.0,480,0.0,RC223134_3,60.0,45155.31,RC223134,202.74,0.0,60.1,P,SimuProA-4,EV_104
445.0,0.0,57.86,0.0,1,4.33,1,100.0,4.44,0.0,0.2,210.0,EV_104,0.0,490,0.0,RC223134_3,59.8,45155.31,RC223134,202.74,0.0,59.9,P,SimuProA-4,EV_104
444.379,0.0,57.86,0.0,1,4.33,1,100.0,4.44,0.0,-1.0,210.0,EV_104,0.0,500,0.0,RC223134_3,59.6,45155.31,RC223134,202.74,0.0,59.7,P,SimuProA-4,EV_104
445.0,0.0,57.86,0.0,1,4.33,1,100.0,4.44,0.0,-2.3,210.0,EV_104,0.0,510,0.0,RC223134_3,59.4,45155.31,RC223134,202.74,0.0,59.5,P,SimuProA-4,EV_104
445.0,0.0,57.86,0.0,1,4.33,1,100.0,4.44,0.0,-0.8,210.0,EV_104,0.0,520,0.0,RC223134_3,59.2,45155.31,RC223134,202.74,0.0,59.3,P,SimuProA-4,EV_104
445.0,0.0,57.86,0.0,1,4.33,1,100.0,4.44,0.0,-2.9,210.0,EV_104,0.0,530,0.0,RC223134_3,59.0,45155.31,RC223134,202.74,0.0,59.1,P,SimuProA-4,EV_104
445.0,0.0,57.86,0.0,1,4.33,1,100.0,4.44,0.0,2.7,210.0,EV_104,0.0,540,0.0,RC223134_3,58.8,45155.31,RC223134,202.74,0.0,58.9,P,SimuProA-4,EV_104
444.877,0.0,57.86,0.0,1,4.33,1,100.0,4.44,0.0,-3.2,210.0,EV_104,0.0,550,0.0,RC223134_3,58.6,45155.31,RC223134,202.74,0.0,58.7,P,SimuProA-4,EV_104
445.0,0.0,57.86,0.0,1,4.32,1,100.0,4.43,0.0,-0.5,210.0,EV_104,0.0,560,0.0,RC223134_3,58.4,45155.31,RC223134,202.74,0.0,58.5,P,SimuProA-4,EV_104
444.858,0.0,57.86,0.0,1,4.32,1,100.0,4.43,0.0,0.7,210.0,EV_104,0.0,570,0.0,RC223134_3,58.2,45155.31,RC223134,202.74,0.0,58.3,P,SimuProA-4,EV_104
444.622,0.0,57.86,0.0,1,4.31,1,100.0,4.43,0.0,-0.8,210.0,EV_104,0.0,580,0.0,RC223134_3,58.0,45155.31,RC223134,202.74,0.0,58.1,P,SimuProA-4,EV_104
444.278,0.0,57.86,0.0,1,4.31,1,100.0,4.42,0.0,-0.2,210.0,EV_104,0.0,590,0.0,RC223134_3,57.8,45155.31,RC223134,202.74,0.0,57.9,P,SimuProA-4,EV_104
443.962,0.0,57.86,0.0,1,4.3,1,100.0,4.42,0.0,0.7,210.0,EV_104,0.0,600,0.0,RC223134_3,57.6,45155.31,RC223134,202.74,0.0,57.7,P,SimuProA-4,EV_104
443.818,0.0,57.86,0.0,1,4.3,1,100.0,4.41,0.0,2.2,210.0,EV_104,0.0,610,0.0,RC223134_3,57.4,45155.31,RC223134,202.74,0.0,57.5,P,SimuProA-4,EV_104
443.021,0.0,57.86,0.0,1,4.3,1,100.0,4.41,0.0,-2.6,210.0,EV_104,0.0,620,0.0,RC223134_3,57.2,45155.31,RC223134,202.74,0.0,57.3,P,SimuProA-4,EV_104
443.209,0.0,57.86,0.0,1,4.29,1,100.0,4.41,0.0,-0.4,210.0,EV_104,0.0,630,0.0,RC223134_3,57.0,45155.31,RC223134,202.74,0.0,57.1,P,SimuProA-4,EV_104
442.864,0.0,57.86,0.0,1,4.29,1,100.0,4.4,0.0,1.5,210.0,EV_104,0.0,640,0.0,RC223134_3,56.8,45155.31,RC223134,202.74,0.0,56.9,P,SimuProA-4,EV_104
442.134,0.0,57.86,0.0,1,4.28,1,100.0,4.4,0.0,-2.0,210.0,EV_104,0.0,650,0.0,RC223134_3,56.6,45155.31,RC223134,202.74,0.0,56.7,P,SimuProA-4,EV_104
442.662,0.0,57.86,0.0,1,4.28,1,100.0,4.4,0.0,1.1,210.0,EV_104,0.0,660,0.0,RC223134_3,56.4,45155.31,RC223134,202.74,0.0,56.5,P,SimuProA-4,EV_104
441.701,0.0,57.86,0.0,1,4.27,1,100.0,4.39,0.0,-1.8,210.0,EV_104,0.0,670,0.0,RC223134_3,56.2,45155.31,RC223134,202.74,0.0,56.3,P,SimuProA-4,EV_104
441.266,0.0,57.86,0.0,1,4.26,1,100.0,4.38,0.0,0.1,210.0,EV_104,0.0,680,0.0,RC223134_3,56.0,45155.31,RC223134,202.74,0.0,56.1,P,SimuProA-4,EV_104
440.526,0.0,57.86,0.0,1,4.26,1,100.0,4.38,0.0,-0.1,210.0,EV_104,0.0,690,0.0,RC223134_3,55.8,45155.31,RC223134,202.74,0.0,55.9,P,SimuProA-4,EV_104
440.929,0.0,57.86,0.0,1,4.25,1,100.0,4.37,0.0,-1.2,210.0,EV_104,0.0,700,0.0,RC223134_3,55.6,45155.31,RC223134,202.74,0.0,55.7,P,SimuProA-4,EV_104
440.781,0.0,57.86,0.0,1,4.24,1,100.0,4.36,0.0,-3.2,210.0,EV_104,0.0,710,0.0,RC223134_3,55.4,45155.31,RC223134,202.74,0.0,55.5,P,SimuProA-4,EV_104
440.123,0.0,57.86,0.0,1,4.23,1,100.0,4.35,0.0,-3.0,210.0,EV_104,0.0,720,0.0,RC223134_3,55.2,45155.31,RC223134,202.74,0.0,55.3,P,SimuProA-4,EV_104
440.617,0.0,57.86,0.0,1,4.23,1,100.0,4.35,0.0,-1.0,210.0,EV_104,0.0,730,0.0,RC223134_3,55.0,45155.31,RC223134,202.74,0.0,55.1,P,SimuProA-4,EV_104
440.2,0.0,57.86,0.0,1,4.22,1,100.0,4.34,0.0,-1.6,210.0,EV_104,0.0,740,0.0,RC223134_3,54.8,45155.31,RC223134,202.74,0.0,54.9,P,SimuProA-4,EV_104
439.857,0.0,57.86,0.0,1,4.21,1,100.0,4.33,0.0,0.2,210.0,EV_104,0.0,750,0.0,RC223134_3,54.5,45155.31,RC223134,202.74,0.0,54.6,P,SimuProA-4,EV_104
440.035,0.0,57.86,0.0,1,4.2,1,100.0,4.32,0.0,0.3,210.0,EV_104,0.0,760,0.0,RC223134_3,54.2,45155.31,RC223134,202.74,0.0,54.3,P,SimuProA-4,EV_104
439.386,0.0,57.86,0.0,1,4.19,1,100.0,4.31,0.0,2.6,210.0,EV_104,0.0,770,0.0,RC223134_3,53.9,45155.31,RC223134,202.74,0.0,54.0,P,SimuProA-4,EV_104
439.26,0.0,57.86,0.0,1,4.18,1,100.0,4.3,0.0,1.6,210.0,EV_104,0.0,780,0.0,RC223134_3,53.6,45155.31,RC223134,202.74,0.0,53.7,P,SimuProA-4,EV_104
438.96,0.0,57.86,0.0,1,4.17,1,100.0,4.29,0.0,-2.9,210.0,EV_104,0.0,790,0.0,RC223134_3,53.3,45155.31,RC223134,202.74,0.0,53.4,P,SimuProA-4,EV_104
438.768,0.0,57.86,0.0,1,4.16,1,100.0,4.28,0.0,-2.0,210.0,EV_104,0.0,800,0.0,RC223134_3,53.1,45155.31,RC223134,202.74,0.0,53.2,P,SimuProA-4,EV_104
438.413,0.0,57.86,0.0,1,4.15,1,100.0,4.27,0.0,-3.7,210.0,EV_104,0.0,810,0.0,RC223134_3,52.8,45155.31,RC223134,202.74,0.0,52.9,P,SimuProA-4,EV_104
437.879,0.0,57.86,0.0,1,4.14,1,100.0,4.26,0.0,-7.7,210.0,EV_104,0.0,820,0.0,RC223134_3,52.5,45155.31,RC223134,202.74,0.0,52.6,P,SimuProA-4,EV_104
437.815,0.0,57.86,0.0,1,4.13,1,100.0,4.25,0.0,1.7,210.0,EV_104,0.0,830,0.0,RC223134_3,52.2,45155.31,RC223134,202.74,0.0,52.3,P,SimuProA-4,EV_104
436.747,0.0,57.86,0.0,1,4.12,1,100.0,4.24,0.0,-2.5,210.0,EV_104,0.0,840,0.0,RC223134_3,51.9,45155.31,RC223134,202.74,0.0,52.0,P,SimuProA-4,EV_104
436.39,0.0,57.86,0.0,1,4.11,1,100.0,4.23,0.0,1.5,210.0,EV_104,0.0,850,0.0,RC223134_3,51.6,45155.31,RC223134,202.74,0.0,51.7,P,SimuProA-4,EV_104
435.411,0.0,57.86,0.0,1,4.1,1,100.0,4.22,0.0,-0.4,210.0,EV_104,0.0,860,0.0,RC223134_3,51.3,45155.31,RC223134,202.74,0.0,51.4,P,SimuProA-4,EV_104
435.537,0.0,57.86,0.0,1,4.09,1,100.0,4.21,0.0,-3.2,210.0,EV_104,0.0,870,0.0,RC223134_3,51.0,45155.31,RC223134,202.74,0.0,51.1,P,SimuProA-4,EV_104
434.147,0.0,57.86,0.0,1,4.08,1,100.0,4.2,0.0,0.7,210.0,EV_104,0.0,880,0.0,RC223134_3,50.7,45155.31,RC223134,202.74,0.0,50.8,P,SimuProA-4,EV_104
432.958,0.0,57.86,0.0,1,4.07,1,100.0,4.19,0.0,0.5,210.0,EV_104,0.0,890,0.0,RC223134_3,50.4,45155.31,RC223134,202.74,0.0,50.5,P,SimuProA-4,EV_104
432.295,0.0,57.86,0.0,1,4.06,1,100.0,4.18,0.0,-0.9,210.0,EV_104,0.0,900,0.0,RC223134_3,50.1,45155.31,RC223134,202.74,0.0,50.2,P,SimuProA-4,EV_104
431.507,0.0,57.86,0.0,1,4.05,1,100.0,4.17,0.0,-3.2,210.0,EV_104,0.0,910,0.0,RC223134_3,49.8,45155.31,RC223134,202.74,0.0,49.9,P,SimuProA-4,EV_104
431.035,0.0,57.86,0.0,1,4.045,1,100.0,4.165,0.0,-4.5,210.0,EV_104,0.0,920,0.0,RC223134_3,49.55,45155.31,RC223134,202.74,0.0,49.65,P,SimuProA-4,EV_104
431.169,0.0,57.86,0.0,1,4.04,1,100.0,4.16,0.0,-5.5,210.0,EV_104,0.0,930,0.0,RC223134_3,49.3,45155.31,RC223134,202.74,0.0,49.4,P,SimuProA-4,EV_104
430.258,0.0,57.86,0.0,1,4.035,1,100.0,4.155,0.0,-0.7,210.0,EV_104,0.0,940,0.0,RC223134_3,49.05,45155.31,RC223134,202.74,0.0,49.15,P,SimuProA-4,EV_104
429.418,0.0,57.86,0.0,1,4.03,1,100.0,4.15,0.0,0.5,210.0,EV_104,0.0,950,0.0,RC223134_3,48.8,45155.31,RC223134,202.74,0.0,48.9,P,SimuProA-4,EV_104
428.639,0.0,57.86,0.0,1,4.025,1,100.0,4.145,0.0,-1.3,210.0,EV_104,0.0,960,0.0,RC223134_3,48.55,45155.31,RC223134,202.74,0.0,48.65,P,SimuProA-4,EV_104
427.416,0.0,57.86,0.0,1,4.02,1,100.0,4.14,0.0,2.9,210.0,EV_104,0.0,970,0.0,RC223134_3,48.2,45155.31,RC223134,202.74,0.0,48.3,P,SimuProA-4,EV_104
426.461,0.0,57.86,0.0,1,4.015,1,100.0,4.135,0.0,2.1,210.0,EV_104,0.0,980,0.0,RC223134_3,47.8,45155.31,RC223134,202.74,0.0,47.9,P,SimuProA-4,EV_104
425.017,0.0,57.86,0.0,1,4.01,1,100.0,4.13,0.0,-0.2,210.0,EV_104,0.0,990,0.0,RC223134_3,47.4,45155.31,RC223134,202.74,0.0,47.5,P,SimuProA-4,EV_104
423.094,0.0,57.86,0.0,1,4.005,1,100.0,4.125,0.0,1.8,210.0,EV_104,0.0,1000,0.0,RC223134_3,47.0,45155.31,RC223134,202.74,0.0,47.1,P,SimuProA-4,EV_104
420.893,0.0,57.86,0.0,1,3.998,1,100.0,4.12,0.0,2.4,210.0,EV_104,0.0,1010,0.0,RC223134_3,46.7,45155.31,RC223134,202.74,0.0,46.8,P,SimuProA-4,EV_104
419.264,0.0,57.86,0.0,1,3.992,1,100.0,4.115,0.0,-2.7,210.0,EV_104,0.0,1020,0.0,RC223134_3,46.4,45155.31,RC223134,202.74,0.0,46.5,P,SimuProA-4,EV_104
417.535,0.0,57.86,0.0,1,3.985,1,100.0,4.11,0.0,0.4,210.0,EV_104,0.0,1030,0.0,RC223134_3,46.1,45155.31,RC223134,202.74,0.0,46.2,P,SimuProA-4,EV_104
414.857,0.0,57.86,0.0,1,3.978,1,100.0,4.105,0.0,-3.2,210.0,EV_104,0.0,1040,0.0,RC223134_3,45.8,45155.31,RC223134,202.74,0.0,45.9,P,SimuProA-4,EV_104
413.829,0.0,57.86,0.0,1,3.972,1,100.0,4.102,0.0,1.9,210.0,EV_104,0.0,1050,0.0,RC223134_3,45.5,45155.31,RC223134,202.74,0.0,45.6,P,SimuProA-4,EV_104
412.783,0.0,57.86,0.0,1,3.965,1,100.0,4.098,0.0,1.8,210.0,EV_104,0.0,1060,0.0,RC223134_3,45.2,45155.31,RC223134,202.74,0.0,45.3,P,SimuProA-4,EV_104
412.43,0.0,57.86,0.0,1,3.96,1,100.0,4.095,0.0,3.6,210.0,EV_104,0.0,1070,0.0,RC223134_3,44.9,45155.31,RC223134,202.74,0.0,45.0,P,SimuProA-4,EV_104
412.006,0.0,57.86,0.0,1,3.955,1,100.0,4.09,0.0,-0.8,210.0,EV_104,0.0,1080,0.0,RC223134_3,44.6,45155.31,RC223134,202.74,0.0,44.7,P,SimuProA-4,EV_104
410.544,0.0,57.86,0.0,1,3.95,1,100.0,4.085,0.0,2.3,210.0,EV_104,0.0,1090,0.0,RC223134_3,44.3,45155.31,RC223134,202.74,0.0,44.4,P,SimuProA-4,EV_104
409.257,0.0,57.86,0.0,1,3.948,1,100.0,4.082,0.0,-2.3,210.0,EV_104,0.0,1100,0.0,RC223134_3,44.0,45155.31,RC223134,202.74,0.0,44.1,P,SimuProA-4,EV_104
407.682,0.0,57.86,0.0,1,3.945,1,100.0,4.079,0.0,-1.5,210.0,EV_104,0.0,1110,0.0,RC223134_3,43.7,45155.31,RC223134,202.74,0.0,43.8,P,SimuProA-4,EV_104
406.755,0.0,57.86,0.0,1,3.942,1,100.0,4.076,0.0,-0.7,210.0,EV_104,0.0,1120,0.0,RC223134_3,43.4,45155.31,RC223134,202.74,0.0,43.5,P,SimuProA-4,EV_104
406.131,0.0,57.86,0.0,1,3.94,1,100.0,4.072,0.0,-1.4,210.0,EV_104,0.0,1130,0.0,RC223134_3,43.1,45155.31,RC223134,202.74,0.0,43.2,P,SimuProA-4,EV_104
404.566,0.0,57.86,0.0,1,3.938,1,100.0,4.068,0.0,2.0,210.0,EV_104,0.0,1140,0.0,RC223134_3,42.7,45155.31,RC223134,202.74,0.0,42.8,P,SimuProA-4,EV_104
403.523,0.0,57.86,0.0,1,3.935,1,100.0,4.065,0.0,0.8,210.0,EV_104,0.0,1150,0.0,RC223134_3,42.3,45155.31,RC223134,202.74,0.0,42.4,P,SimuProA-4,EV_104
403.263,0.0,57.86,0.0,1,3.932,1,100.0,4.062,0.0,-2.0,210.0,EV_104,0.0,1160,0.0,RC223134_3,42.0,45155.31,RC223134,202.74,0.0,42.1,P,SimuProA-4,EV_104
401.729,0.0,57.86,0.0,1,3.929,1,100.0,4.059,0.0,0.2,210.0,EV_104,0.0,1170,0.0,RC223134_3,41.7,45155.31,RC223134,202.74,0.0,41.8,P,SimuProA-4,EV_104
401.438,0.0,57.86,0.0,1,3.926,1,100.0,4.056,0.0,-1.3,210.0,EV_104,0.0,1180,0.0,RC223134_3,41.4,45155.31,RC223134,202.74,0.0,41.5,P,SimuProA-4,EV_104
400.138,0.0,57.86,0.0,1,3.923,1,100.0,4.053,0.0,1.1,210.0,EV_104,0.0,1190,0.0,RC223134_3,41.1,45155.31,RC223134,202.74,0.0,41.2,P,SimuProA-4,EV_104
399.19,0.0,57.86,0.0,1,3.92,1,100.0,4.05,0.0,-3.1,210.0,EV_104,0.0,1200,0.0,RC223134_3,40.8,45155.31,RC223134,202.74,0.0,40.9,P,SimuProA-4,EV_104
397.43,0.0,57.86,0.0,1,3.917,1,100.0,4.047,0.0,2.3,210.0,EV_104,0.0,1210,0.0,RC223134_3,40.5,45155.31,RC223134,202.74,0.0,40.6,P,SimuProA-4,EV_104
395.645,0.0,57.86,0.0,1,3.914,1,100.0,4.044,0.0,-3.2,210.0,EV_104,0.0,1220,0.0,RC223134_3,40.2,45155.31,RC223134,202.74,0.0,40.3,P,SimuProA-4,EV_104
393.778,0.0,57.86,0.0,1,3.911,1,100.0,4.041,0.0,-1.0,210.0,EV_104,0.0,1230,0.0,RC223134_3,39.9,45155.31,RC223134,202.74,0.0,40.0,P,SimuProA-4,EV_104
391.674,0.0,57.86,0.0,1,3.908,1,100.0,4.038,0.0,3.0,210.0,EV_104,0.0,1240,0.0,RC223134_3,39.6,45155.31,RC223134,202.74,0.0,39.7,P,SimuProA-4,EV_104
389.621,0.0,57.86,0.0,1,3.905,1,100.0,4.035,0.0,1.0,210.0,EV_104,0.0,1250,0.0,RC223134_3,39.4,45155.31,RC223134,202.74,0.0,39.5,P,SimuProA-4,EV_104
386.951,0.0,57.86,0.0,1,3.902,1,100.0,4.032,0.0,2.5,210.0,EV_104,0.0,1260,0.0,RC223134_3,39.2,45155.31,RC223134,202.74,0.0,39.3,P,SimuProA-4,EV_104
385.028,0.0,57.86,0.0,1,3.899,1,100.0,4.029,0.0,-0.3,210.0,EV_104,0.0,1270,0.0,RC223134_3,39.0,45155.31,RC223134,202.74,0.0,39.1,P,SimuProA-4,EV_104
392.586,35.0,57.86,2900.0,0,3.901,1,99.95,4.03,72.5,45.2,210.0,EV_104,0.0,0,0.0,DR667059_1,39.5,45155.51,DR667059,202.74,0.0,39.6,D,SimuProA-4,EV_104
389.633,55.0,57.86,4250.0,0,3.898,1,99.88,4.028,98.2,62.8,210.0,EV_104,0.0,10,0.0,DR667059_1,39.8,45155.78,DR667059,202.74,0.0,39.9,D,SimuProA-4,EV_104
391.814,48.0,57.86,4180.0,0,3.897,1,99.82,4.027,96.8,58.1,210.0,EV_104,0.0,20,0.0,DR667059_1,40.1,45156.05,DR667059,202.74,0.0,40.3,D,SimuProA-4,EV_104
390.569,42.0,57.86,4280.0,0,3.895,1,99.74,4.025,98.5,65.4,210.0,EV_104,0.0,30,0.0,DR667059_1,40.3,45156.32,DR667059,202.74,0.0,40.5,D,SimuProA-4,EV_104
388.509,65.0,57.86,4550.0,0,3.892,1,99.65,4.022,105.2,82.5,210.0,EV_104,0.0,40,0.0,DR667059_1,40.6,45156.62,DR667059,202.74,0.0,40.8,D,SimuProA-4,EV_104
387.626,58.0,57.86,4720.0,0,3.89,1,99.58,4.02,108.8,78.2,210.0,EV_104,0.0,50,0.0,DR667059_1,40.9,45156.92,DR667059,202.74,0.0,41.1,D,SimuProA-4,EV_104
386.77,75.0,57.86,4880.0,0,3.888,1,99.48,4.018,112.5,95.2,210.0,EV_104,0.0,60,0.0,DR667059_1,41.0,45157.23,DR667059,202.74,0.0,41.3,D,SimuProA-4,EV_104
387.551,68.0,57.86,4780.0,0,3.886,1,99.4,4.016,110.2,88.5,210.0,EV_104,0.0,70,0.0,DR667059_1,41.3,45157.54,DR667059,202.74,0.0,41.6,D,SimuProA-4,EV_104
386.411,82.0,57.86,4950.0,0,3.884,1,99.32,4.014,114.0,105.8,210.0,EV_104,0.0,80,0.0,DR667059_1,41.6,45157.86,DR667059,202.74,0.0,41.9,D,SimuProA-4,EV_104
386.056,72.0,57.86,4830.0,0,3.882,1,99.22,4.012,111.5,98.4,210.0,EV_104,0.0,90,0.0,DR667059_1,41.9,45158.17,DR667059,202.74,0.0,42.2,D,SimuProA-4,EV_104
386.089,62.0,57.86,4760.0,0,3.88,1,99.14,4.01,109.8,85.6,210.0,EV_104,0.0,100,0.0,DR667059_1,42.2,45158.47,DR667059,202.74,0.0,42.5,D,SimuProA-4,EV_104
385.379,85.0,57.86,5000.0,0,3.878,1,99.05,4.008,115.2,112.3,210.0,EV_104,0.0,110,0.0,DR667059_1,42.5,45158.79,DR667059,202.74,0.0,42.8,D,SimuProA-4,EV_104
385.036,75.0,57.86,4880.0,0,3.876,1,98.96,4.006,112.5,102.4,210.0,EV_104,0.0,120,0.0,DR667059_1,42.8,45159.1,DR667059,202.74,0.0,43.1,D,SimuProA-4,EV_104
385.804,60.0,57.86,4690.0,0,3.878,1,98.87,4.008,108.0,78.2,210.0,EV_104,0.0,130,0.0,DR667059_1,43.0,45159.4,DR667059,202.74,0.0,43.3,D,SimuProA-4,EV_104
386.656,0.0,57.86,4490.0,0,3.88,1,98.81,4.01,103.5,-18.5,210.0,EV_104,0.04,140,12.0,DR667059_1,43.1,45159.69,DR667059,202.74,0.0,43.4,D,SimuProA-4,EV_104
385.89,45.0,57.86,4610.0,0,3.879,1,98.75,4.009,106.2,65.4,210.0,EV_104,0.0,150,0.0,DR667059_1,43.2,45159.99,DR667059,202.74,0.0,43.5,D,SimuProA-4,EV_104
384.852,70.0,57.86,4790.0,0,3.877,1,98.69,4.007,110.5,95.2,210.0,EV_104,0.0,160,0.0,DR667059_1,43.4,45160.29,DR667059,202.74,0.0,43.7,D,SimuProA-4,EV_104
385.058,55.0,57.86,4710.0,0,3.878,1,98.62,4.008,108.8,72.1,210.0,EV_104,0.0,170,0.0,DR667059_1,43.5,45160.59,DR667059,202.74,0.0,43.8,D,SimuProA-4,EV_104
384.276,75.0,57.86,4880.0,0,3.876,1,98.52,4.006,112.4,105.3,210.0,EV_104,0.0,180,0.0,DR667059_1,43.6,45160.9,DR667059,202.74,0.0,43.9,D,SimuProA-4,EV_104
384.787,50.0,57.86,4770.0,0,3.877,1,98.47,4.007,109.8,82.6,210.0,EV_104,0.0,190,0.0,DR667059_1,43.7,45161.21,DR667059,202.74,0.0,44.0,D,SimuProA-4,EV_104
384.804,65.0,57.86,4840.0,0,3.875,1,98.39,4.005,111.5,91.4,210.0,EV_104,0.0,200,0.0,DR667059_1,43.8,45161.52,DR667059,202.74,0.0,44.1,D,SimuProA-4,EV_104
384.194,60.0,57.86,4780.0,0,3.876,1,98.31,4.006,110.2,88.7,210.0,EV_104,0.0,210,0.0,DR667059_1,43.9,45161.83,DR667059,202.74,0.0,44.2,D,SimuProA-4,EV_104
384.24,72.0,57.86,4930.0,0,3.874,1,98.21,4.005,113.6,102.5,210.0,EV_104,0.0,220,0.0,DR667059_1,44.0,45162.14,DR667059,202.74,0.0,44.4,D,SimuProA-4,EV_104
384.776,52.0,57.86,4720.0,0,3.877,1,98.16,4.007,108.9,78.9,210.0,EV_104,0.0,230,0.0,DR667059_1,44.1,45162.44,DR667059,202.74,0.0,44.5,D,SimuProA-4,EV_104
385.011,62.0,57.86,4830.0,0,3.875,1,98.1,4.006,111.2,95.3,210.0,EV_104,0.0,240,0.0,DR667059_1,44.2,45162.75,DR667059,202.74,0.0,44.6,D,SimuProA-4,EV_104
383.683,75.0,57.86,4970.0,0,3.873,1,98.04,4.008,114.5,108.6,210.0,EV_104,0.0,250,0.0,DR667059_1,44.3,45163.07,DR667059,202.74,0.0,44.7,D,SimuProA-4,EV_104
384.071,55.0,57.86,4810.0,0,3.876,1,97.98,4.007,110.8,85.2,210.0,EV_104,0.0,260,0.0,DR667059_1,44.4,45163.37,DR667059,202.74,0.0,44.8,D,SimuProA-4,EV_104
383.674,78.0,57.86,5000.0,0,3.871,1,97.89,4.009,115.2,112.4,210.0,EV_104,0.0,270,0.0,DR667059_1,44.5,45163.69,DR667059,202.74,0.0,44.9,D,SimuProA-4,EV_104
384.033,65.0,57.86,4880.0,0,3.875,1,97.81,4.008,112.5,98.6,210.0,EV_104,0.0,280,0.0,DR667059_1,44.6,45164.0,DR667059,202.74,0.0,45.0,D,SimuProA-4,EV_104
383.955,58.0,57.86,4760.0,0,3.874,1,97.75,4.007,109.8,88.3,210.0,EV_104,0.0,290,0.0,DR667059_1,44.7,45164.31,DR667059,202.74,0.0,45.1,D,SimuProA-4,EV_104
383.025,82.0,57.86,5050.0,0,3.872,1,97.68,4.01,116.4,115.3,210.0,EV_104,0.0,300,0.0,DR667059_1,44.8,45164.63,DR667059,202.74,0.0,45.2,D,SimuProA-4,EV_104
384.378,52.0,57.86,4830.0,0,3.875,1,97.59,4.009,111.2,92.7,210.0,EV_104,0.0,310,0.0,DR667059_1,44.9,45164.94,DR667059,202.74,0.0,45.3,D,SimuProA-4,EV_104
383.741,45.0,57.86,4620.0,0,3.877,1,97.53,4.008,106.5,78.4,210.0,EV_104,0.0,320,0.0,DR667059_1,45.0,45165.24,DR667059,202.74,0.0,45.4,D,SimuProA-4,EV_104
382.708,48.0,57.86,4700.0,0,3.876,1,97.47,4.008,108.2,85.5,210.0,EV_104,0.0,330,0.0,DR667059_1,45.1,45165.54,DR667059,202.74,0.0,45.5,D,SimuProA-4,EV_104
382.858,62.0,57.86,4940.0,0,3.873,1,97.39,4.01,113.8,105.2,210.0,EV_104,0.0,340,0.0,DR667059_1,45.2,45165.86,DR667059,202.74,0.0,45.6,D,SimuProA-4,EV_104
383.395,38.0,57.86,4540.0,0,3.878,1,97.33,4.009,104.5,72.1,210.0,EV_104,0.0,350,0.0,DR667059_1,45.3,45166.15,DR667059,202.74,0.0,45.7,D,SimuProA-4,EV_104
381.138,68.0,57.86,5040.0,0,3.87,1,97.24,4.012,116.2,115.4,210.0,EV_104,0.0,360,0.0,DR667059_1,45.4,45166.47,DR667059,202.74,0.0,45.8,D,SimuProA-4,EV_104
381.828,50.0,57.86,4800.0,0,3.874,1,97.18,4.01,110.5,88.6,210.0,EV_104,0.0,370,0.0,DR667059_1,45.5,45166.78,DR667059,202.74,0.0,45.9,D,SimuProA-4,EV_104
380.05,0.0,57.86,4440.0,0,3.872,1,97.14,4.011,102.3,-25.3,210.0,EV_104,0.04,380,12.0,DR667059_1,45.6,45167.06,DR667059,202.74,0.0,46.0,D,SimuProA-4,EV_104
379.109,25.0,57.86,4280.0,0,3.871,1,97.09,4.008,98.5,45.5,210.0,EV_104,0.0,390,0.0,DR667059_1,45.7,45167.33,DR667059,202.74,0.0,46.1,D,SimuProA-4,EV_104
378.593,55.0,57.86,4700.0,0,3.87,1,97.02,4.01,108.2,95.2,210.0,EV_104,0.0,400,0.0,DR667059_1,45.8,45167.63,DR667059,202.74,0.0,46.3,D,SimuProA-4,EV_104
377.607,65.0,57.86,5000.0,0,3.868,1,96.93,4.012,115.0,112.4,210.0,EV_104,0.0,410,0.0,DR667059_1,46.0,45167.95,DR667059,202.74,0.0,46.5,D,SimuProA-4,EV_104
376.366,60.0,57.86,4900.0,0,3.865,1,96.83,4.015,112.8,105.2,210.0,EV_104,0.0,420,0.0,DR667059_1,46.2,45168.26,DR667059,202.74,0.0,46.7,D,SimuProA-4,EV_104
376.212,75.0,57.86,5150.0,0,3.862,1,96.74,4.018,118.5,125.6,210.0,EV_104,0.0,430,0.0,DR667059_1,46.5,45168.59,DR667059,202.74,0.0,47.0,D,SimuProA-4,EV_104
373.83,85.0,57.86,5260.0,0,3.86,1,96.6,4.02,121.0,140.1,210.0,EV_104,0.0,440,0.0,DR667059_1,46.8,45168.93,DR667059,202.74,0.0,47.4,D,SimuProA-4,EV_104
372.282,80.0,57.86,5200.0,0,3.855,1,96.45,4.015,119.5,135.4,210.0,EV_104,0.0,450,0.0,DR667059_1,47.1,45169.26,DR667059,202.74,0.0,47.7,D,SimuProA-4,EV_104
375.604,0.0,57.86,4780.0,0,3.86,1,96.4,4.018,110.0,-45.2,210.0,EV_104,0.05,460,30.0,DR667059_1,47.2,45169.57,DR667059,202.74,0.0,47.8,D,SimuProA-4,EV_104
378.815,45.0,57.86,4590.0,0,3.865,1,96.32,4.02,105.5,85.6,210.0,EV_104,0.0,470,0.0,DR667059_1,47.3,45169.86,DR667059,202.74,0.0,47.9,D,SimuProA-4,EV_104
377.342,42.0,57.86,4710.0,0,3.863,1,96.23,4.019,108.2,95.2,210.0,EV_104,0.0,480,0.0,DR667059_1,47.4,45170.16,DR667059,202.74,0.0,48.0,D,SimuProA-4,EV_104
378.853,38.0,57.86,4890.0,0,3.864,1,96.17,4.02,112.5,78.5,210.0,EV_104,0.0,490,0.0,DR667059_1,47.5,45170.47,DR667059,202.74,0.0,48.1,D,SimuProA-4,EV_104
375.608,65.0,57.86,5080.0,0,3.861,1,96.08,4.018,116.8,115.3,210.0,EV_104,0.0,500,0.0,DR667059_1,47.6,45170.8,DR667059,202.74,0.0,48.3,D,SimuProA-4,EV_104
375.926,72.0,57.86,5150.0,0,3.858,1,96.0,4.021,118.5,122.5,210.0,EV_104,0.0,510,0.0,DR667059_1,47.7,45171.13,DR667059,202.74,0.0,48.5,D,SimuProA-4,EV_104
378.761,48.0,57.86,4960.0,0,3.862,1,95.92,4.019,114.2,98.4,210.0,EV_104,0.0,520,0.0,DR667059_1,47.8,45171.45,DR667059,202.74,0.0,48.6,D,SimuProA-4,EV_104
378.074,55.0,57.86,5080.0,0,3.861,1,95.86,4.02,117.0,105.1,210.0,EV_104,0.0,530,0.0,DR667059_1,47.9,45171.77,DR667059,202.74,0.0,48.8,D,SimuProA-4,EV_104
374.111,45.0,57.86,5000.0,0,3.852,1,95.78,4.015,115.2,118.7,210.0,EV_104,0.0,540,0.0,DR667059_1,48.1,45172.09,DR667059,202.74,0.0,49.0,D,SimuProA-4,EV_104
377.127,32.0,57.86,4700.0,0,3.86,1,95.69,4.018,108.5,88.2,210.0,EV_104,0.0,550,0.0,DR667059_1,48.2,45172.39,DR667059,202.74,0.0,49.1,D,SimuProA-4,EV_104
375.993,40.0,57.86,4850.0,0,3.855,1,95.61,4.016,111.8,95.5,210.0,EV_104,0.0,560,0.0,DR667059_1,48.4,45172.7,DR667059,202.74,0.0,49.3,D,SimuProA-4,EV_104
376.798,42.0,57.86,4920.0,0,3.858,1,95.54,4.017,113.5,92.3,210.0,EV_104,0.0,570,0.0,DR667059_1,48.5,45173.02,DR667059,202.74,0.0,49.4,D,SimuProA-4,EV_104
374.83,48.0,57.86,5060.0,0,3.854,1,95.46,4.016,116.8,101.6,210.0,EV_104,0.0,580,0.0,DR667059_1,48.7,45173.34,DR667059,202.74,0.0,49.6,D,SimuProA-4,EV_104
378.108,35.0,57.86,4780.0,0,3.863,1,95.38,4.019,110.2,78.4,210.0,EV_104,0.0,590,0.0,DR667059_1,48.8,45173.65,DR667059,202.74,0.0,49.7,D,SimuProA-4,EV_104
377.068,45.0,57.86,4880.0,0,3.856,1,95.3,4.018,112.4,96.8,210.0,EV_104,0.0,600,0.0,DR667059_1,48.9,45173.96,DR667059,202.74,0.0,49.8,D,SimuProA-4,EV_104
374.109,52.0,57.86,5120.0,0,3.851,1,95.21,4.017,118.2,105.3,210.0,EV_104,0.0,610,0.0,DR667059_1,49.0,45174.29,DR667059,202.74,0.0,49.9,D,SimuProA-4,EV_104
378.732,28.0,57.86,4620.0,0,3.865,1,95.15,4.02,106.5,72.5,210.0,EV_104,0.0,620,0.0,DR667059_1,49.1,45174.59,DR667059,202.74,0.0,50.0,D,SimuProA-4,EV_104
375.553,50.0,57.86,4960.0,0,3.853,1,95.06,4.018,114.5,112.5,210.0,EV_104,0.0,630,0.0,DR667059_1,49.2,45174.91,DR667059,202.74,0.0,50.1,D,SimuProA-4,EV_104
378.961,32.0,57.86,4700.0,0,3.868,1,94.99,4.021,108.3,68.2,210.0,EV_104,0.0,640,0.0,DR667059_1,49.3,45175.21,DR667059,202.74,0.0,50.2,D,SimuProA-4,EV_104
376.681,46.0,57.86,4930.0,0,3.858,1,94.91,4.019,113.7,98.4,210.0,EV_104,0.0,650,0.0,DR667059_1,49.4,45175.52,DR667059,202.74,0.0,50.3,D,SimuProA-4,EV_104
375.289,48.0,57.86,5050.0,0,3.855,1,94.83,4.02,116.4,108.7,210.0,EV_104,0.0,660,0.0,DR667059_1,49.5,45175.84,DR667059,202.74,0.0,50.4,D,SimuProA-4,EV_104
377.772,30.0,57.86,4770.0,0,3.862,1,94.75,4.022,109.8,74.6,210.0,EV_104,0.0,670,0.0,DR667059_1,49.6,45176.15,DR667059,202.74,0.0,50.5,D,SimuProA-4,EV_104
375.049,54.0,57.86,5170.0,0,3.85,1,94.68,4.019,119.1,115.2,210.0,EV_104,0.0,680,0.0,DR667059_1,49.7,45176.48,DR667059,202.74,0.0,50.7,D,SimuProA-4,EV_104
374.361,56.0,57.86,5230.0,0,3.848,1,94.58,4.018,120.5,122.5,210.0,EV_104,0.0,690,0.0,DR667059_1,49.8,45176.81,DR667059,202.74,0.0,50.8,D,SimuProA-4,EV_104
376.944,38.0,57.86,4960.0,0,3.855,1,94.5,4.02,114.2,85.3,210.0,EV_104,0.0,700,0.0,DR667059_1,49.9,45177.13,DR667059,202.74,0.0,50.9,D,SimuProA-4,EV_104
374.11,62.0,57.86,5160.0,0,3.842,1,94.41,4.015,118.9,135.8,210.0,EV_104,0.0,710,0.0,DR667059_1,50.0,45177.46,DR667059,202.74,0.0,51.1,D,SimuProA-4,EV_104
373.4,65.0,57.86,5270.0,0,3.839,1,94.3,4.012,121.5,142.3,210.0,EV_104,0.0,720,0.0,DR667059_1,50.2,45177.8,DR667059,202.74,0.0,51.3,D,SimuProA-4,EV_104
375.685,42.0,57.86,4900.0,0,3.845,1,94.24,4.016,112.8,98.4,210.0,EV_104,0.0,730,0.0,DR667059_1,50.3,45178.11,DR667059,202.74,0.0,51.4,D,SimuProA-4,EV_104
371.761,72.0,57.86,5220.0,0,3.835,1,94.14,4.01,120.2,155.6,210.0,EV_104,0.0,740,0.0,DR667059_1,50.5,45178.44,DR667059,202.74,0.0,51.6,D,SimuProA-4,EV_104
369.017,68.0,57.86,5190.0,0,3.832,1,94.04,4.008,119.5,145.5,210.0,EV_104,0.0,750,0.0,DR667059_1,50.6,45178.77,DR667059,202.74,0.0,51.7,D,SimuProA-4,EV_104
370.432,45.0,57.86,4940.0,0,3.834,1,93.99,4.01,113.8,110.2,210.0,EV_104,0.0,760,0.0,DR667059_1,50.7,45179.09,DR667059,202.74,0.0,51.8,D,SimuProA-4,EV_104
368.219,70.0,57.86,5260.0,0,3.828,1,93.92,4.005,121.0,152.8,210.0,EV_104,0.0,770,0.0,DR667059_1,50.8,45179.42,DR667059,202.74,0.0,51.9,D,SimuProA-4,EV_104
367.825,65.0,57.86,5150.0,0,3.825,1,93.83,4.003,118.5,148.3,210.0,EV_104,0.0,780,0.0,DR667059_1,50.9,45179.75,DR667059,202.74,0.0,52.0,D,SimuProA-4,EV_104
365.422,75.0,57.86,5300.0,0,3.82,1,93.75,4.0,121.8,162.5,210.0,EV_104,0.0,790,0.0,DR667059_1,51.0,45180.09,DR667059,202.74,0.0,52.2,D,SimuProA-4,EV_104
368.728,48.0,57.86,5010.0,0,3.822,1,93.67,3.998,115.2,105.4,210.0,EV_104,0.0,800,0.0,DR667059_1,51.1,45180.41,DR667059,202.74,0.0,52.3,D,SimuProA-4,EV_104
365.666,55.0,57.86,5070.0,0,3.818,1,93.58,3.995,116.5,135.4,210.0,EV_104,0.0,810,0.0,DR667059_1,51.2,45180.73,DR667059,202.74,0.0,52.4,D,SimuProA-4,EV_104
365.801,62.0,57.86,5190.0,0,3.815,1,93.49,3.992,119.2,142.1,210.0,EV_104,0.0,820,0.0,DR667059_1,51.4,45181.06,DR667059,202.74,0.0,52.6,D,SimuProA-4,EV_104
367.938,40.0,57.86,4910.0,0,3.82,1,93.41,3.996,112.8,98.6,210.0,EV_104,0.0,830,0.0,DR667059_1,51.5,45181.38,DR667059,202.74,0.0,52.7,D,SimuProA-4,EV_104
366.216,58.0,57.86,5160.0,0,3.812,1,93.32,3.99,118.5,128.4,210.0,EV_104,0.0,840,0.0,DR667059_1,51.6,45181.71,DR667059,202.74,0.0,52.8,D,SimuProA-4,EV_104
368.914,35.0,57.86,4800.0,0,3.824,1,93.25,3.997,110.2,88.2,210.0,EV_104,0.0,850,0.0,DR667059_1,51.7,45182.02,DR667059,202.74,0.0,52.9,D,SimuProA-4,EV_104
367.531,48.0,57.86,5000.0,0,3.816,1,93.19,3.994,114.8,115.6,210.0,EV_104,0.0,860,0.0,DR667059_1,51.8,45182.33,DR667059,202.74,0.0,53.1,D,SimuProA-4,EV_104
366.748,52.0,57.86,5070.0,0,3.814,1,93.12,3.993,116.4,125.5,210.0,EV_104,0.0,870,0.0,DR667059_1,51.9,45182.65,DR667059,202.74,0.0,53.2,D,SimuProA-4,EV_104
369.006,38.0,57.86,4720.0,0,3.818,1,93.03,3.995,108.5,92.3,210.0,EV_104,0.0,880,0.0,DR667059_1,52.0,45182.95,DR667059,202.74,0.0,53.3,D,SimuProA-4,EV_104
366.912,60.0,57.86,5210.0,0,3.811,1,92.97,3.991,119.8,138.7,210.0,EV_104,0.0,890,0.0,DR667059_1,52.1,45183.29,DR667059,202.74,0.0,53.5,D,SimuProA-4,EV_104
365.456,65.0,57.86,5240.0,0,3.808,1,92.89,3.989,120.5,155.3,210.0,EV_104,0.0,900,0.0,DR667059_1,52.2,45183.62,DR667059,202.74,0.0,53.7,D,SimuProA-4,EV_104
366.015,55.0,57.86,5140.0,0,3.815,1,92.82,3.992,118.2,120.4,210.0,EV_104,0.0,910,0.0,DR667059_1,52.3,45183.95,DR667059,202.74,0.0,53.9,D,SimuProA-4,EV_104
368.278,42.0,57.86,4890.0,0,3.819,1,92.77,3.994,112.5,95.6,210.0,EV_104,0.0,920,0.0,DR667059_1,52.5,45184.27,DR667059,202.74,0.0,54.1,D,SimuProA-4,EV_104
367.078,45.0,57.86,4800.0,0,3.817,1,92.73,3.993,110.2,105.4,210.0,EV_104,0.0,930,0.0,DR667059_1,52.7,45184.58,DR667059,202.74,0.0,54.3,D,SimuProA-4,EV_104
369.564,32.0,57.86,4450.0,0,3.82,1,92.68,3.995,102.5,78.2,210.0,EV_104,0.0,940,0.0,DR667059_1,52.8,45184.86,DR667059,202.74,0.0,54.4,D,SimuProA-4,EV_104
365.115,52.0,57.86,4780.0,0,3.812,1,92.64,3.99,109.8,125.6,210.0,EV_104,0.0,950,0.0,DR667059_1,52.9,45185.17,DR667059,202.74,0.0,54.6,D,SimuProA-4,EV_104
364.49,48.0,57.86,4980.0,0,3.813,1,92.57,3.991,114.5,115.2,210.0,EV_104,0.0,960,0.0,DR667059_1,53.1,45185.49,DR667059,202.74,0.0,54.8,D,SimuProA-4,EV_104
368.067,38.0,57.86,4710.0,0,3.818,1,92.55,3.994,108.2,85.4,210.0,EV_104,0.0,970,0.0,DR667059_1,53.3,45185.79,DR667059,202.74,0.0,55.0,D,SimuProA-4,EV_104
366.454,44.0,57.86,4910.0,0,3.815,1,92.5,3.992,112.8,102.8,210.0,EV_104,0.0,980,0.0,DR667059_1,53.5,45186.1,DR667059,202.74,0.0,55.2,D,SimuProA-4,EV_104
363.393,45.0,57.86,4800.0,0,3.811,1,92.42,3.989,110.4,118.5,210.0,EV_104,0.0,990,0.0,DR667059_1,53.7,45186.41,DR667059,202.74,0.0,55.4,D,SimuProA-4,EV_104
367.457,35.0,57.86,4550.0,0,3.816,1,92.33,3.993,104.6,88.2,210.0,EV_104,0.0,1000,0.0,DR667059_1,53.9,45186.7,DR667059,202.74,0.0,55.6,D,SimuProA-4,EV_104
365.642,42.0,57.86,4740.0,0,3.814,1,92.26,3.991,108.9,98.4,210.0,EV_104,0.0,1010,0.0,DR667059_1,54.1,45187.0,DR667059,202.74,0.0,55.8,D,SimuProA-4,EV_104
363.65,48.0,57.86,4940.0,0,3.813,1,92.17,3.99,113.5,105.6,210.0,EV_104,0.0,1020,0.0,DR667059_1,54.2,45187.32,DR667059,202.74,0.0,55.9,D,SimuProA-4,EV_104
361.28,55.0,57.86,5150.0,0,3.809,1,92.07,3.987,118.2,128.3,210.0,EV_104,0.0,1030,0.0,DR667059_1,54.4,45187.64,DR667059,202.74,0.0,56.1,D,SimuProA-4,EV_104
362.438,50.0,57.86,5000.0,0,3.81,1,91.97,3.988,114.8,115.7,210.0,EV_104,0.0,1040,0.0,DR667059_1,54.6,45187.96,DR667059,202.74,0.0,56.3,D,SimuProA-4,EV_104
360.11,58.0,57.86,5200.0,0,3.808,1,91.87,3.985,119.5,135.4,210.0,EV_104,0.0,1050,0.0,DR667059_1,54.7,45188.29,DR667059,202.74,0.0,56.4,D,SimuProA-4,EV_104
363.479,0.0,57.86,4720.0,0,3.812,1,91.78,3.989,108.3,-15.2,210.0,EV_104,0.05,1060,12.0,DR667059_1,54.8,45188.59,DR667059,202.74,0.0,56.5,D,SimuProA-4,EV_104
366.608,38.0,57.86,4450.0,0,3.815,1,91.72,3.992,102.1,72.5,210.0,EV_104,0.0,1070,0.0,DR667059_1,54.9,45188.88,DR667059,202.74,0.0,56.6,D,SimuProA-4,EV_104
365.835,35.0,57.86,4550.0,0,3.814,1,91.69,3.991,104.5,68.5,210.0,EV_104,0.0,1080,0.0,DR667059_1,55.0,45189.17,DR667059,202.74,0.0,56.7,D,SimuProA-4,EV_104
364.29,65.0,57.86,4890.0,0,3.811,1,91.66,3.989,112.3,142.8,210.0,EV_104,0.0,1090,0.0,DR667059_1,55.2,45189.48,DR667059,202.74,0.0,56.9,D,SimuProA-4,EV_104
363.511,60.0,57.86,4820.0,0,3.81,1,91.62,3.988,110.8,138.2,210.0,EV_104,0.0,1100,0.0,DR667059_1,55.4,45189.79,DR667059,202.74,0.0,57.1,D,SimuProA-4,EV_104
362.555,62.0,57.86,4940.0,0,3.809,1,91.58,3.987,113.5,125.4,210.0,EV_104,0.0,1110,0.0,DR667059_1,55.6,45190.11,DR667059,202.74,0.0,57.3,D,SimuProA-4,EV_104
364.449,42.0,57.86,4670.0,0,3.811,1,91.57,3.989,107.2,85.2,210.0,EV_104,0.0,1120,0.0,DR667059_1,55.7,45190.4,DR667059,202.74,0.0,57.4,D,SimuProA-4,EV_104
365.874,45.0,57.86,4780.0,0,3.812,1,91.54,3.99,109.8,78.1,210.0,EV_104,0.0,1130,0.0,DR667059_1,55.9,45190.71,DR667059,202.74,0.0,57.6,D,SimuProA-4,EV_104
362.983,48.0,57.86,4850.0,0,3.81,1,91.5,3.988,111.5,95.5,210.0,EV_104,0.0,1140,0.0,DR667059_1,56.0,45191.02,DR667059,202.74,0.0,57.7,D,SimuProA-4,EV_104
362.102,72.0,57.86,5050.0,0,3.809,1,91.46,3.987,116.2,135.2,210.0,EV_104,0.0,1150,0.0,DR667059_1,56.2,45191.34,DR667059,202.74,0.0,57.9,D,SimuProA-4,EV_104
364.322,40.0,57.86,4720.0,0,3.811,1,91.44,3.989,108.4,75.8,210.0,EV_104,0.0,1160,0.0,DR667059_1,56.3,45191.64,DR667059,202.74,0.0,58.0,D,SimuProA-4,EV_104
362.75,43.0,57.86,4810.0,0,3.81,1,91.4,3.988,110.5,92.3,210.0,EV_104,0.0,1170,0.0,DR667059_1,56.5,45191.95,DR667059,202.74,0.0,58.2,D,SimuProA-4,EV_104
360.991,55.0,57.86,4950.0,0,3.808,1,91.39,3.987,113.8,105.6,210.0,EV_104,0.0,1180,0.0,DR667059_1,56.7,45192.26,DR667059,202.74,0.0,58.4,D,SimuProA-4,EV_104
363.907,32.0,57.86,4540.0,0,3.811,1,91.37,3.989,104.2,68.4,210.0,EV_104,0.0,1190,0.0,DR667059_1,56.8,45192.55,DR667059,202.74,0.0,58.5,D,SimuProA-4,EV_104
361.12,48.0,57.86,4790.0,0,3.809,1,91.34,3.988,109.8,112.5,210.0,EV_104,0.0,1200,0.0,DR667059_1,56.9,45192.86,DR667059,202.74,0.0,58.6,D,SimuProA-4,EV_104
363.319,35.0,57.86,4470.0,0,3.812,1,91.32,3.99,102.5,70.2,210.0,EV_104,0.0,1210,0.0,DR667059_1,57.0,45193.14,DR667059,202.74,0.0,58.7,D,SimuProA-4,EV_104
359.598,65.0,57.86,5030.0,0,3.808,1,91.29,3.987,115.2,125.0,210.0,EV_104,0.0,1220,0.0,DR667059_1,57.2,45193.46,DR667059,202.74,0.0,58.9,D,SimuProA-4,EV_104
356.805,75.0,57.86,5170.0,0,3.807,1,91.25,3.986,118.5,145.0,210.0,EV_104,0.0,1230,0.0,DR667059_1,57.4,45193.79,DR667059,202.74,0.0,59.1,D,SimuProA-4,EV_104
365.488,22.0,57.86,3840.0,0,3.813,1,91.25,3.991,88.0,45.0,210.0,EV_104,0.0,1240,0.0,DR667059_1,57.5,45194.03,DR667059,202.74,0.0,59.2,D,SimuProA-4,EV_104
357.656,50.0,57.86,4290.0,0,3.809,1,91.2,3.988,98.2,110.0,210.0,EV_104,0.0,1250,0.0,DR667059_1,57.8,45194.31,DR667059,202.74,0.0,59.5,D,SimuProA-4,EV_104
353.374,55.0,57.86,4740.0,0,3.806,1,91.13,3.985,108.5,135.0,210.0,EV_104,0.0,1260,0.0,DR667059_1,58.0,45194.61,DR667059,202.74,0.0,59.7,D,SimuProA-4,EV_104
358.754,30.0,57.86,4150.0,0,3.811,1,91.12,3.99,95.0,65.0,210.0,EV_104,0.0,1270,0.0,DR667059_1,58.1,45194.88,DR667059,202.74,0.0,59.8,D,SimuProA-4,EV_104
355.337,45.0,57.86,4590.0,0,3.808,1,91.08,3.988,105.0,95.0,210.0,EV_104,0.0,0,0.0,DR667059_2,58.3,45195.17,DR667059,202.74,0.0,60.0,D,SimuProA-4,EV_104
351.246,52.0,57.86,4910.0,0,3.805,1,91.03,3.984,112.5,125.0,210.0,EV_104,0.0,10,0.0,DR667059_2,58.5,45195.48,DR667059,202.74,0.0,60.2,D,SimuProA-4,EV_104
354.989,38.0,57.86,4470.0,0,3.807,1,90.98,3.987,102.3,85.0,210.0,EV_104,0.0,20,0.0,DR667059_2,58.7,45195.77,DR667059,202.74,0.0,60.4,D,SimuProA-4,EV_104
350.429,58.0,57.86,5100.0,0,3.802,1,90.92,3.982,116.8,140.0,210.0,EV_104,0.0,30,0.0,DR667059_2,58.9,45196.09,DR667059,202.74,0.0,60.6,D,SimuProA-4,EV_104
357.416,42.0,57.86,4750.0,0,3.812,1,90.87,3.989,108.5,75.0,210.0,EV_104,0.0,40,0.0,DR667059_2,59.1,45196.39,DR667059,202.74,0.0,60.8,D,SimuProA-4,EV_104
353.17,55.0,57.86,5000.0,0,3.806,1,90.84,3.985,114.2,110.0,210.0,EV_104,0.0,50,0.0,DR667059_2,59.3,45196.71,DR667059,202.74,0.0,61.0,D,SimuProA-4,EV_104
359.171,0.0,57.86,4540.0,0,3.815,1,90.81,3.991,103.8,-15.0,210.0,EV_104,0.05,60,12.0,DR667059_2,59.4,45197.0,DR667059,202.74,0.0,61.1,D,SimuProA-4,EV_104
352.694,40.0,57.86,4750.0,0,3.805,1,90.75,3.988,108.5,95.0,210.0,EV_104,0.0,70,0.0,DR667059_2,59.6,45197.3,DR667059,202.74,0.0,61.3,D,SimuProA-4,EV_104
348.401,55.0,57.86,5070.0,0,3.8,1,90.7,3.984,116.0,135.0,210.0,EV_104,0.0,80,0.0,DR667059_2,59.8,45197.62,DR667059,202.74,0.0,61.5,D,SimuProA-4,EV_104
355.412,0.0,57.86,4460.0,0,3.81,1,90.67,3.99,102.0,-25.0,210.0,EV_104,0.04,90,8.0,DR667059_2,60.0,45197.91,DR667059,202.74,0.0,61.6,D,SimuProA-4,EV_104
350.149,75.0,57.86,5185.0,0,3.795,1,90.63,3.982,118.5,145.0,210.0,EV_104,0.0,100,0.0,DR667059_2,60.2,45198.24,DR667059,202.74,0.0,61.8,D,SimuProA-4,EV_104
356.569,0.0,57.86,4605.0,0,3.808,1,90.6,3.989,105.2,-18.0,210.0,EV_104,0.045,110,10.0,DR667059_2,60.3,45198.53,DR667059,202.74,0.0,61.9,D,SimuProA-4,EV_104
353.818,45.0,57.86,4900.0,0,3.802,1,90.56,3.986,112.0,105.0,210.0,EV_104,0.0,120,0.0,DR667059_2,60.5,45198.84,DR667059,202.74,0.0,62.1,D,SimuProA-4,EV_104
349.192,60.0,57.86,5010.0,0,3.805,1,90.5,3.985,114.5,140.0,210.0,EV_104,0.0,130,0.0,DR667059_2,60.7,45199.16,DR667059,202.74,0.0,62.3,D,SimuProA-4,EV_104
354.542,0.0,57.86,4640.0,0,3.812,1,90.47,3.991,106.0,-22.0,210.0,EV_104,0.042,140,9.0,DR667059_2,60.8,45199.45,DR667059,202.74,0.0,62.4,D,SimuProA-4,EV_104
351.766,70.0,57.86,5170.0,0,3.808,1,90.44,3.988,118.0,130.0,210.0,EV_104,0.0,150,0.0,DR667059_2,61.0,45199.78,DR667059,202.74,0.0,62.6,D,SimuProA-4,EV_104
352.708,35.0,57.86,4820.0,0,3.81,1,90.41,3.989,110.0,115.0,210.0,EV_104,0.0,160,0.0,DR667059_2,61.2,45200.09,DR667059,202.74,0.0,62.8,D,SimuProA-4,EV_104
357.289,0.0,57.86,4465.0,0,3.814,1,90.36,3.992,102.0,-25.0,210.0,EV_104,0.048,170,12.0,DR667059_2,61.3,45200.37,DR667059,202.74,0.0,62.9,D,SimuProA-4,EV_104
348.709,65.0,57.86,5035.0,0,3.804,1,90.34,3.986,115.0,145.0,210.0,EV_104,0.0,180,0.0,DR667059_2,61.5,45200.69,DR667059,202.74,0.0,63.1,D,SimuProA-4,EV_104
345.475,60.0,57.86,5078.0,0,3.802,1,90.28,3.984,116.0,140.0,210.0,EV_104,0.0,190,0.0,DR667059_2,61.8,45201.01,DR667059,202.74,0.0,63.4,D,SimuProA-4,EV_104
349.148,30.0,57.86,4730.0,0,3.805,1,90.24,3.987,108.0,105.0,210.0,EV_104,0.0,200,0.0,DR667059_2,62.0,45201.31,DR667059,202.74,0.0,63.6,D,SimuProA-4,EV_104
344.273,75.0,57.86,5250.0,0,3.801,1,90.19,3.985,120.0,148.0,210.0,EV_104,0.0,210,0.0,DR667059_2,62.3,45201.65,DR667059,202.74,0.0,63.9,D,SimuProA-4,EV_104
346.234,45.0,57.86,4985.0,0,3.806,1,90.14,3.988,114.0,128.0,210.0,EV_104,0.0,220,0.0,DR667059_2,62.5,45201.97,DR667059,202.74,0.0,64.1,D,SimuProA-4,EV_104
352.316,25.0,57.86,4590.0,0,3.808,1,90.09,3.99,105.0,85.0,210.0,EV_104,0.0,230,0.0,DR667059_2,62.7,45202.26,DR667059,202.74,0.0,64.3,D,SimuProA-4,EV_104
348.571,70.0,57.86,5160.0,0,3.803,1,90.04,3.986,118.0,135.0,210.0,EV_104,0.0,240,0.0,DR667059_2,62.9,45202.59,DR667059,202.74,0.0,64.5,D,SimuProA-4,EV_104
347.694,40.0,57.86,4900.0,0,3.801,1,89.97,3.984,112.0,112.0,210.0,EV_104,0.0,250,0.0,DR667059_2,63.0,45202.9,DR667059,202.74,0.0,64.6,D,SimuProA-4,EV_104
351.677,22.0,57.86,4550.0,0,3.807,1,89.93,3.989,104.0,82.0,210.0,EV_104,0.0,260,0.0,DR667059_2,63.1,45203.19,DR667059,202.74,0.0,64.7,D,SimuProA-4,EV_104
346.527,65.0,57.86,5070.0,0,3.802,1,89.86,3.985,116.0,138.0,210.0,EV_104,0.0,270,0.0,DR667059_2,63.3,45203.51,DR667059,202.74,0.0,64.9,D,SimuProA-4,EV_104
348.074,30.0,57.86,4720.0,0,3.805,1,89.8,3.988,108.0,95.0,210.0,EV_104,0.0,280,0.0,DR667059_2,63.4,45203.81,DR667059,202.74,0.0,65.0,D,SimuProA-4,EV_104
345.182,75.0,57.86,5200.0,0,3.8,1,89.73,3.986,119.0,142.0,210.0,EV_104,0.0,290,0.0,DR667059_2,63.6,45204.14,DR667059,202.74,0.0,65.0,D,SimuProA-4,EV_104
349.556,20.0,57.86,4460.0,0,3.809,1,89.68,3.991,102.0,88.0,210.0,EV_104,0.0,300,0.0,DR667059_2,63.7,45204.42,DR667059,202.74,0.0,65.0,D,SimuProA-4,EV_104
348.378,24.0,57.86,4520.0,0,3.807,1,89.6,3.989,103.5,92.5,210.0,EV_104,0.0,310,0.0,DR667059_2,63.8,45204.71,DR667059,202.74,0.0,65.0,D,SimuProA-4,EV_104
345.286,55.0,57.86,4900.0,0,3.803,1,89.55,3.986,112.0,135.0,210.0,EV_104,0.0,320,0.0,DR667059_2,64.0,45205.02,DR667059,202.74,0.0,65.0,D,SimuProA-4,EV_104
350.271,18.0,57.86,4200.0,0,3.808,1,89.48,3.99,96.0,78.0,210.0,EV_104,0.0,330,0.0,DR667059_2,64.1,45205.29,DR667059,202.74,0.0,65.0,D,SimuProA-4,EV_104
347.756,22.0,57.86,4300.0,0,3.805,1,89.41,3.988,98.5,95.0,210.0,EV_104,0.0,340,0.0,DR667059_2,64.2,45205.56,DR667059,202.74,0.0,65.0,D,SimuProA-4,EV_104
343.905,50.0,57.86,4720.0,0,3.801,1,89.37,3.985,108.0,130.0,210.0,EV_104,0.0,350,0.0,DR667059_2,64.3,45205.86,DR667059,202.74,0.0,65.0,D,SimuProA-4,EV_104
351.133,16.0,57.86,4150.0,0,3.81,1,89.31,3.992,95.0,75.0,210.0,EV_104,0.0,360,0.0,DR667059_2,64.4,45206.13,DR667059,202.74,0.0,65.0,D,SimuProA-4,EV_104
348.21,25.0,57.86,4400.0,0,3.806,1,89.24,3.989,101.0,92.0,210.0,EV_104,0.0,370,0.0,DR667059_2,64.5,45206.41,DR667059,202.74,0.0,65.0,D,SimuProA-4,EV_104
344.491,45.0,57.86,4800.0,0,3.8,1,89.17,3.985,110.0,128.0,210.0,EV_104,0.0,380,0.0,DR667059_2,64.6,45206.72,DR667059,202.74,0.0,65.0,D,SimuProA-4,EV_104
349.502,20.0,57.86,4250.0,0,3.809,1,89.1,3.991,98.0,80.0,210.0,EV_104,0.0,390,0.0,DR667059_2,64.7,45206.99,DR667059,202.74,0.0,65.0,D,SimuProA-4,EV_104
347.875,28.0,57.86,4500.0,0,3.804,1,89.02,3.987,103.0,95.0,210.0,EV_104,0.0,400,0.0,DR667059_2,64.8,45207.28,DR667059,202.74,0.0,65.0,D,SimuProA-4,EV_104
345.324,40.0,57.86,4650.0,0,3.802,1,88.95,3.985,107.0,115.0,210.0,EV_104,0.0,410,0.0,DR667059_2,64.9,45207.57,DR667059,202.74,0.0,65.0,D,SimuProA-4,EV_104
351.058,18.0,57.86,4180.0,0,3.807,1,88.89,3.99,96.0,70.0,210.0,EV_104,0.0,420,0.0,DR667059_2,65.0,45207.84,DR667059,202.74,0.0,65.0,D,SimuProA-4,EV_104
348.388,35.0,57.86,4750.0,0,3.805,1,88.81,3.988,108.5,110.0,210.0,EV_104,0.0,430,0.0,DR667059_2,65.0,45208.14,DR667059,202.74,0.0,65.0,D,SimuProA-4,EV_104
349.653,15.0,57.86,4150.0,0,3.81,1,88.74,3.992,95.0,75.0,210.0,EV_104,0.0,440,0.0,DR667059_2,65.0,45208.41,DR667059,202.74,0.0,65.0,D,SimuProA-4,EV_104
346.353,42.0,57.86,4900.0,0,3.801,1,88.66,3.986,112.0,120.0,210.0,EV_104,0.0,450,0.0,DR667059_2,65.0,45208.72,DR667059,202.74,0.0,65.0,D,SimuProA-4,EV_104
346.27,38.0,57.86,4820.0,0,3.8,1,88.57,3.985,110.5,118.5,210.0,EV_104,0.0,460,0.0,DR667059_2,65.0,45209.03,DR667059,202.74,0.0,65.0,D,SimuProA-4,EV_104
347.828,22.0,57.86,4280.0,0,3.804,1,88.51,3.989,98.0,85.2,210.0,EV_104,0.0,470,0.0,DR667059_2,65.0,45209.3,DR667059,202.74,0.0,65.0,D,SimuProA-4,EV_104
344.844,45.0,57.86,5060.0,0,3.798,1,88.42,3.987,116.0,132.8,210.0,EV_104,0.0,480,0.0,DR667059_2,65.0,45209.62,DR667059,202.74,0.0,65.0,D,SimuProA-4,EV_104
343.384,48.0,57.86,5165.0,0,3.795,1,88.32,3.985,118.5,145.0,210.0,EV_104,0.0,490,0.0,DR667059_2,65.0,45209.95,DR667059,202.74,0.0,65.0,D,SimuProA-4,EV_104
345.673,25.0,57.86,4450.0,0,3.802,1,88.27,3.988,102.0,95.4,210.0,EV_104,0.0,500,0.0,DR667059_2,65.0,45210.23,DR667059,202.74,0.0,65.0,D,SimuProA-4,EV_104
342.622,46.0,57.86,5015.0,0,3.792,1,88.19,3.984,115.0,138.2,210.0,EV_104,0.0,510,0.0,DR667059_2,65.0,45210.55,DR667059,202.74,0.0,65.0,D,SimuProA-4,EV_104
341.573,47.0,57.86,5100.0,0,3.79,1,88.1,3.983,117.0,142.0,210.0,EV_104,0.0,520,0.0,DR667059_2,65.0,45210.88,DR667059,202.74,0.0,65.0,D,SimuProA-4,EV_104
342.777,26.0,57.86,4510.0,0,3.794,1,88.06,3.986,103.5,98.5,210.0,EV_104,0.0,530,0.0,DR667059_2,65.0,45211.16,DR667059,202.74,0.0,65.0,D,SimuProA-4,EV_104
340.264,49.0,57.86,5210.0,0,3.788,1,88.0,3.982,119.5,148.5,210.0,EV_104,0.0,540,0.0,DR667059_2,65.0,45211.49,DR667059,202.74,0.0,65.0,D,SimuProA-4,EV_104
338.536,52.0,57.86,5300.0,0,3.786,1,87.93,3.981,121.5,152.3,210.0,EV_104,0.0,550,0.0,DR667059_2,65.0,45211.83,DR667059,202.74,0.0,65.0,D,SimuProA-4,EV_104
342.749,0.0,57.86,4710.0,0,3.791,1,87.88,3.985,108.0,-45.6,210.0,EV_104,0.05,560,35.0,DR667059_2,65.0,45212.13,DR667059,202.74,0.0,65.0,D,SimuProA-4,EV_104
348.453,32.0,57.86,4000.0,0,3.795,1,87.87,3.987,92.0,42.1,210.0,EV_104,0.0,570,0.0,DR667059_2,65.0,45212.38,DR667059,202.74,0.0,65.0,D,SimuProA-4,EV_104
343.545,38.0,57.86,4380.0,0,3.796,1,87.81,3.988,100.5,85.4,210.0,EV_104,0.0,580,0.0,DR667059_2,65.0,45212.66,DR667059,202.74,0.0,65.0,D,SimuProA-4,EV_104
342.266,45.0,57.86,4800.0,0,3.793,1,87.72,3.986,110.0,105.2,210.0,EV_104,0.0,590,0.0,DR667059_2,65.0,45212.96,DR667059,202.74,0.0,65.0,D,SimuProA-4,EV_104
345.412,0.0,57.86,4270.0,0,3.798,1,87.7,3.989,98.0,-15.3,210.0,EV_104,0.04,600,12.0,DR667059_2,65.0,45213.24,DR667059,202.74,0.0,65.0,D,SimuProA-4,EV_104
347.0,35.0,57.86,4470.0,0,3.801,1,87.68,3.991,102.5,75.3,210.0,EV_104,0.0,610,0.0,DR667059_2,65.0,45213.52,DR667059,202.74,0.0,65.0,D,SimuProA-4,EV_104
342.676,55.0,57.86,4880.0,0,3.795,1,87.64,3.99,112.0,115.8,210.0,EV_104,0.0,620,0.0,DR667059_2,65.0,45213.84,DR667059,202.74,0.0,65.0,D,SimuProA-4,EV_104
344.106,0.0,57.86,4580.0,0,3.805,1,87.64,3.992,105.0,-25.4,210.0,EV_104,0.06,630,15.0,DR667059_2,65.0,45214.13,DR667059,202.74,0.0,65.0,D,SimuProA-4,EV_104
342.524,50.0,57.86,4730.0,0,3.794,1,87.61,3.988,108.5,110.5,210.0,EV_104,0.0,640,0.0,DR667059_2,65.0,45214.43,DR667059,202.74,0.0,65.0,D,SimuProA-4,EV_104
340.288,65.0,57.86,5020.0,0,3.79,1,87.57,3.985,115.0,135.2,210.0,EV_104,0.0,650,0.0,DR667059_2,65.0,45214.75,DR667059,202.74,0.0,65.0,D,SimuProA-4,EV_104
343.512,0.0,57.86,4450.0,0,3.802,1,87.56,3.99,102.0,-18.6,210.0,EV_104,0.05,660,8.0,DR667059_2,65.0,45215.03,DR667059,202.74,0.0,65.0,D,SimuProA-4,EV_104
341.552,58.0,57.86,4780.0,0,3.792,1,87.53,3.986,110.0,128.4,210.0,EV_104,0.0,670,0.0,DR667059_2,65.0,45215.34,DR667059,202.74,0.0,65.0,D,SimuProA-4,EV_104
344.162,0.0,57.86,4480.0,0,3.798,1,87.52,3.991,103.0,-32.1,210.0,EV_104,0.08,680,12.0,DR667059_2,65.0,45215.62,DR667059,202.74,0.0,65.0,D,SimuProA-4,EV_104
340.386,72.0,57.86,5120.0,0,3.788,1,87.49,3.984,118.0,142.5,210.0,EV_104,0.0,690,0.0,DR667059_2,65.0,45215.95,DR667059,202.74,0.0,65.0,D,SimuProA-4,EV_104
339.285,68.0,57.86,5065.0,0,3.786,1,87.46,3.983,116.5,148.3,210.0,EV_104,0.0,700,0.0,DR667059_2,65.0,45216.27,DR667059,202.74,0.0,65.0,D,SimuProA-4,EV_104
343.322,0.0,57.86,4610.0,0,3.794,1,87.43,3.988,106.0,-22.4,210.0,EV_104,0.06,710,10.0,DR667059_2,65.0,45216.57,DR667059,202.74,0.0,65.0,D,SimuProA-4,EV_104
339.318,75.0,57.86,5175.0,0,3.784,1,87.42,3.981,119.0,155.7,210.0,EV_104,0.0,720,0.0,DR667059_2,65.0,45216.9,DR667059,202.74,0.0,65.0,D,SimuProA-4,EV_104
338.545,78.0,57.86,5200.0,0,3.782,1,87.41,3.98,120.0,158.2,210.0,EV_104,0.0,730,0.0,DR667059_2,65.0,45217.23,DR667059,202.74,0.0,65.0,D,SimuProA-4,EV_104
339.734,0.0,57.86,4860.0,0,3.785,1,87.39,3.982,112.0,-15.5,210.0,EV_104,0.05,740,15.0,DR667059_2,65.0,45217.54,DR667059,202.74,0.0,65.0,D,SimuProA-4,EV_104
340.457,55.0,57.86,4550.0,0,3.786,1,87.37,3.983,105.0,95.4,210.0,EV_104,0.0,750,0.0,DR667059_2,65.0,45217.84,DR667059,202.74,0.0,65.0,D,SimuProA-4,EV_104
341.906,52.0,57.86,4680.0,0,3.788,1,87.36,3.985,108.0,112.5,210.0,EV_104,0.0,760,0.0,DR667059_2,65.0,45218.14,DR667059,202.74,0.0,65.0,D,SimuProA-4,EV_104
341.458,58.0,57.86,4815.0,0,3.787,1,87.35,3.984,111.0,125.8,210.0,EV_104,0.0,770,0.0,DR667059_2,65.0,45218.45,DR667059,202.74,0.0,65.0,D,SimuProA-4,EV_104
340.794,54.0,57.86,4730.0,0,3.789,1,87.34,3.986,109.0,118.3,210.0,EV_104,0.0,780,0.0,DR667059_2,65.0,45218.75,DR667059,202.74,0.0,65.0,D,SimuProA-4,EV_104
339.291,62.0,57.86,4910.0,0,3.789,1,87.33,3.986,113.5,135.2,210.0,EV_104,0.0,790,0.0,DR667059_2,65.0,45219.07,DR667059,202.74,0.0,65.0,D,SimuProA-4,EV_104
340.868,50.0,57.86,4775.0,0,3.79,1,87.3,3.987,110.2,108.4,210.0,EV_104,0.0,800,0.0,DR667059_2,65.0,45219.37,DR667059,202.74,0.0,65.0,D,SimuProA-4,EV_104
339.435,65.0,57.86,4975.0,0,3.791,1,87.3,3.988,114.8,142.6,210.0,EV_104,0.0,810,0.0,DR667059_2,65.0,45219.69,DR667059,202.74,0.0,65.0,D,SimuProA-4,EV_104
338.435,55.0,57.86,4880.0,0,3.792,1,87.28,3.987,112.5,138.5,210.0,EV_104,0.0,820,0.0,DR667059_2,65.0,45220.0,DR667059,202.74,0.0,65.0,D,SimuProA-4,EV_104
338.132,72.0,57.86,5040.0,0,3.79,1,87.28,3.988,116.2,155.2,210.0,EV_104,0.0,830,0.0,DR667059_2,65.0,45220.33,DR667059,202.74,0.0,65.0,D,SimuProA-4,EV_104
339.023,48.0,57.86,4810.0,0,3.793,1,87.27,3.989,110.8,112.4,210.0,EV_104,0.0,840,0.0,DR667059_2,65.0,45220.63,DR667059,202.74,0.0,65.0,D,SimuProA-4,EV_104
338.392,58.0,57.86,4925.0,0,3.791,1,87.26,3.988,113.5,135.5,210.0,EV_104,0.0,850,0.0,DR667059_2,65.0,45220.95,DR667059,202.74,0.0,65.0,D,SimuProA-4,EV_104
337.595,75.0,57.86,5100.0,0,3.79,1,87.23,3.989,117.4,158.2,210.0,EV_104,0.0,860,0.0,DR667059_2,65.0,45221.27,DR667059,202.74,0.0,65.0,D,SimuProA-4,EV_104
338.447,52.0,57.86,4820.0,0,3.792,1,87.23,3.987,111.0,125.8,210.0,EV_104,0.0,870,0.0,DR667059_2,65.0,45221.58,DR667059,202.74,0.0,65.0,D,SimuProA-4,EV_104
337.163,78.0,57.86,5150.0,0,3.788,1,87.21,3.991,118.5,162.5,210.0,EV_104,0.0,880,0.0,DR667059_2,64.95,45221.91,DR667059,202.74,0.0,65.0,D,SimuProA-4,EV_104
338.746,45.0,57.86,4700.0,0,3.791,1,87.2,3.99,108.2,118.9,210.0,EV_104,0.0,890,0.0,DR667059_2,65.0,45222.21,DR667059,202.74,0.0,65.0,D,SimuProA-4,EV_104
337.728,65.0,57.86,4990.0,0,3.789,1,87.18,3.992,114.8,145.3,210.0,EV_104,0.0,900,0.0,DR667059_2,65.0,45222.53,DR667059,202.74,0.0,65.0,D,SimuProA-4,EV_104
336.763,80.0,57.86,5180.0,0,3.787,1,87.15,3.993,119.2,168.5,210.0,EV_104,0.0,910,0.0,DR667059_2,65.0,45222.86,DR667059,202.74,0.0,65.0,D,SimuProA-4,EV_104
337.952,50.0,57.86,4890.0,0,3.79,1,87.14,3.991,112.5,132.4,210.0,EV_104,0.0,920,0.0,DR667059_2,65.0,45223.17,DR667059,202.74,0.0,65.0,D,SimuProA-4,EV_104
335.945,85.0,57.86,5080.0,0,3.785,1,87.12,3.995,116.8,175.2,210.0,EV_104,0.0,930,0.0,DR667059_2,65.0,45223.5,DR667059,202.74,0.0,65.0,D,SimuProA-4,EV_104
335.104,60.0,57.86,5010.0,0,3.784,1,87.11,3.992,115.4,155.6,210.0,EV_104,0.0,940,0.0,DR667059_2,65.0,45223.82,DR667059,202.74,0.0,65.0,D,SimuProA-4,EV_104
335.021,55.0,57.86,4945.0,0,3.782,1,87.09,3.99,113.9,148.2,210.0,EV_104,0.0,950,0.0,DR667059_2,65.0,45224.14,DR667059,202.74,0.0,65.0,D,SimuProA-4,EV_104
335.885,48.0,57.86,4840.0,0,3.783,1,87.08,3.991,111.5,130.5,210.0,EV_104,0.0,960,0.0,DR667059_2,65.0,45224.45,DR667059,202.74,0.0,65.0,D,SimuProA-4,EV_104
334.305,45.0,57.86,4700.0,0,3.785,1,87.06,3.993,108.2,125.3,210.0,EV_104,0.0,970,0.0,DR667059_2,65.0,45224.75,DR667059,202.74,0.0,65.0,D,SimuProA-4,EV_104
336.025,40.0,57.86,4580.0,0,3.787,1,87.05,3.995,105.5,118.6,210.0,EV_104,0.0,980,0.0,DR667059_2,65.0,45225.04,DR667059,202.74,0.0,65.0,D,SimuProA-4,EV_104
335.958,52.0,57.86,4810.0,0,3.786,1,87.04,3.994,110.8,135.4,210.0,EV_104,0.0,990,0.0,DR667059_2,65.0,45225.35,DR667059,202.74,0.0,65.0,D,SimuProA-4,EV_104
335.338,49.0,57.86,4880.0,0,3.787,1,87.02,3.995,112.4,128.4,210.0,EV_104,0.0,1000,0.0,DR667059_2,65.0,45225.66,DR667059,202.74,0.0,65.0,D,SimuProA-4,EV_104
334.91,54.0,57.86,4955.0,0,3.788,1,87.02,3.996,114.2,132.1,210.0,EV_104,0.0,1010,0.0,DR667059_2,65.0,45225.98,DR667059,202.74,0.0,65.0,D,SimuProA-4,EV_104
335.23,50.0,57.86,4855.0,0,3.787,1,87.01,3.995,111.8,126.8,210.0,EV_104,0.0,1020,0.0,DR667059_2,65.0,45226.29,DR667059,202.74,0.0,65.0,D,SimuProA-4,EV_104
334.952,53.0,57.86,4925.0,0,3.788,1,86.99,3.996,113.5,130.5,210.0,EV_104,0.0,1030,0.0,DR667059_2,65.0,45226.61,DR667059,202.74,0.0,65.0,D,SimuProA-4,EV_104
335.025,45.0,57.86,4780.0,0,3.787,1,86.98,3.995,110.2,122.3,210.0,EV_104,0.0,1040,0.0,DR667059_2,65.0,45226.91,DR667059,202.74,0.0,65.0,D,SimuProA-4,EV_104
335.824,40.0,57.86,4685.0,0,3.787,1,86.98,3.995,108.0,115.6,210.0,EV_104,0.0,1050,0.0,DR667059_2,65.0,45227.21,DR667059,202.74,0.0,65.0,D,SimuProA-4,EV_104
334.336,46.0,57.86,4795.0,0,3.787,1,86.96,3.995,110.5,125.4,210.0,EV_104,0.0,1060,0.0,DR667059_2,65.0,45227.52,DR667059,202.74,0.0,65.0,D,SimuProA-4,EV_104
333.818,52.0,57.86,4940.0,0,3.786,1,86.94,3.996,113.8,138.2,210.0,EV_104,0.0,1070,0.0,DR667059_2,65.0,45227.83,DR667059,202.74,0.0,65.0,D,SimuProA-4,EV_104
333.824,58.0,57.86,5045.0,0,3.785,1,86.94,3.997,116.2,145.5,210.0,EV_104,0.0,1080,0.0,DR667059_2,65.0,45228.16,DR667059,202.74,0.0,65.0,D,SimuProA-4,EV_104
331.176,62.0,57.86,5102.0,0,3.783,1,86.91,3.998,117.5,158.2,210.0,EV_104,0.0,1090,0.0,DR667059_2,65.0,45228.49,DR667059,202.74,0.0,65.0,D,SimuProA-4,EV_104
332.261,55.0,57.86,4994.0,0,3.784,1,86.9,3.998,115.0,142.8,210.0,EV_104,0.0,1100,0.0,DR667059_2,65.0,45228.81,DR667059,202.74,0.0,65.0,D,SimuProA-4,EV_104
334.443,48.0,57.86,4842.0,0,3.785,1,86.89,3.999,111.5,135.5,210.0,EV_104,0.0,1110,0.0,DR667059_2,65.0,45229.12,DR667059,202.74,0.0,65.0,D,SimuProA-4,EV_104
333.332,50.0,57.86,4885.0,0,3.784,1,86.85,3.999,112.5,140.5,210.0,EV_104,0.0,1120,0.0,DR667059_2,65.0,45229.43,DR667059,202.74,0.0,65.0,D,SimuProA-4,EV_104
331.308,65.0,57.86,5126.0,0,3.782,1,86.84,4.001,118.0,152.3,210.0,EV_104,0.0,1130,0.0,DR667059_2,65.0,45229.76,DR667059,202.74,0.0,65.0,D,SimuProA-4,EV_104
334.578,42.0,57.86,4717.0,0,3.786,1,86.83,4.002,108.5,128.6,210.0,EV_104,0.0,1140,0.0,DR667059_2,65.0,45230.06,DR667059,202.74,0.0,65.0,D,SimuProA-4,EV_104
331.474,52.0,57.86,4972.0,0,3.783,1,86.82,4.001,114.5,145.2,210.0,EV_104,0.0,1150,0.0,DR667059_2,45.8,45230.38,DR667059,202.74,0.0,46.2,D,SimuProA-4,EV_104
331.271,68.0,57.86,5126.0,0,3.781,1,86.8,4.003,118.0,155.0,210.0,EV_104,0.0,1160,0.0,DR667059_2,46.0,45230.71,DR667059,202.74,0.0,46.5,D,SimuProA-4,EV_104
334.119,35.0,57.86,4560.0,0,3.785,1,86.8,4.002,105.0,120.5,210.0,EV_104,0.0,1170,5.0,DR667059_2,46.2,45231.0,DR667059,202.74,0.0,46.8,D,SimuProA-4,EV_104
330.537,55.0,57.86,5008.0,0,3.78,1,86.78,4.002,115.2,148.2,210.0,EV_104,0.0,1180,0.0,DR667059_2,46.5,45231.32,DR667059,202.74,0.0,47.1,D,SimuProA-4,EV_104
332.767,32.0,57.86,4468.0,0,3.784,1,86.78,4.003,102.8,115.6,210.0,EV_104,0.0,1190,8.0,DR667059_2,46.8,45231.61,DR667059,202.74,0.0,47.4,D,SimuProA-4,EV_104
329.849,72.0,57.86,5193.0,0,3.778,1,86.76,4.005,119.5,162.4,210.0,EV_104,0.0,1200,0.0,DR667059_2,47.2,45231.94,DR667059,202.74,0.0,47.8,D,SimuProA-4,EV_104
333.117,42.0,57.86,4712.0,0,3.782,1,86.74,4.004,108.4,125.8,210.0,EV_104,0.0,1210,0.0,DR667059_2,47.4,45232.24,DR667059,202.74,0.0,48.0,D,SimuProA-4,EV_104
329.686,65.0,57.86,5094.0,0,3.779,1,86.73,4.006,117.2,158.9,210.0,EV_104,0.0,1220,0.0,DR667059_2,47.7,45232.57,DR667059,202.74,0.0,48.3,D,SimuProA-4,EV_104
334.753,28.0,57.86,4209.0,0,3.785,1,86.72,4.003,96.8,95.4,210.0,EV_104,0.0,1230,0.0,DR667059_2,48.0,45232.84,DR667059,202.74,0.0,48.5,D,SimuProA-4,EV_104
334.831,30.0,57.86,4282.0,0,3.786,1,86.71,4.005,98.5,88.5,210.0,EV_104,0.0,1240,0.0,DR667059_2,48.2,45233.11,DR667059,202.74,0.0,48.7,D,SimuProA-4,EV_104
331.845,45.0,57.86,4578.0,0,3.78,1,86.69,4.007,105.3,135.2,210.0,EV_104,0.0,1250,0.0,DR667059_2,48.6,45233.41,DR667059,202.74,0.0,49.1,D,SimuProA-4,EV_104
337.308,22.0,57.86,4026.0,0,3.788,1,86.68,4.004,92.6,72.4,210.0,EV_104,0.0,1260,0.0,DR667059_2,48.9,45233.66,DR667059,202.74,0.0,49.3,D,SimuProA-4,EV_104
337.659,24.0,57.86,4065.0,0,3.789,1,86.66,4.004,93.5,75.3,210.0,EV_104,0.0,1270,0.0,DR667059_2,49.0,45233.92,DR667059,202.74,0.0,49.4,D,SimuProA-4,EV_104
336.013,32.0,57.86,4270.0,0,3.787,1,86.66,4.006,98.2,98.7,210.0,EV_104,0.0,0,0.0,DR667059_3,49.2,45234.19,DR667059,202.74,0.0,49.6,D,SimuProA-4,EV_104
335.804,38.0,57.86,4470.0,0,3.788,1,86.65,4.005,102.8,105.2,210.0,EV_104,0.0,10,0.0,DR667059_3,49.4,45234.48,DR667059,202.74,0.0,49.8,D,SimuProA-4,EV_104
335.346,42.0,57.86,4620.0,0,3.785,1,86.62,4.008,106.2,112.5,210.0,EV_104,0.0,20,0.0,DR667059_3,49.5,45234.78,DR667059,202.74,0.0,49.9,D,SimuProA-4,EV_104
336.797,28.0,57.86,4285.0,0,3.791,1,86.62,4.009,98.5,88.3,210.0,EV_104,0.0,30,0.0,DR667059_3,49.6,45235.05,DR667059,202.74,0.0,50.0,D,SimuProA-4,EV_104
336.673,25.0,57.86,4165.0,0,3.792,1,86.62,4.01,95.8,82.1,210.0,EV_104,0.0,40,0.0,DR667059_3,49.7,45235.31,DR667059,202.74,0.0,50.1,D,SimuProA-4,EV_104
336.121,26.0,57.86,4200.0,0,3.793,1,86.6,4.01,96.4,79.5,210.0,EV_104,0.0,50,0.0,DR667059_3,49.8,45235.58,DR667059,202.74,0.0,50.2,D,SimuProA-4,EV_104
335.489,29.0,57.86,4275.0,0,3.794,1,86.58,4.009,98.1,85.2,210.0,EV_104,0.0,60,0.0,DR667059_3,49.9,45235.85,DR667059,202.74,0.0,50.3,D,SimuProA-4,EV_104
334.82,34.0,57.86,4425.0,0,3.795,1,86.58,4.011,101.5,92.4,210.0,EV_104,0.0,70,0.0,DR667059_3,50.0,45236.13,DR667059,202.74,0.0,50.4,D,SimuProA-4,EV_104
334.783,31.0,57.86,4350.0,0,3.796,1,86.55,4.012,99.8,89.7,210.0,EV_104,0.0,80,0.0,DR667059_3,50.1,45236.41,DR667059,202.74,0.0,50.5,D,SimuProA-4,EV_104
335.07,27.0,57.86,4230.0,0,3.797,1,86.55,4.013,97.2,76.4,210.0,EV_104,0.0,90,0.0,DR667059_3,50.2,45236.68,DR667059,202.74,0.0,50.6,D,SimuProA-4,EV_104
335.496,24.0,57.86,4155.0,0,3.798,1,86.54,4.014,95.5,71.2,210.0,EV_104,0.0,100,0.0,DR667059_3,50.3,45236.94,DR667059,202.74,0.0,50.7,D,SimuProA-4,EV_104
335.394,25.0,57.86,4185.0,0,3.799,1,86.52,4.015,96.2,68.5,210.0,EV_104,0.0,110,0.0,DR667059_3,50.35,45237.21,DR667059,202.74,0.0,50.75,D,SimuProA-4,EV_104
335.634,28.0,57.86,4255.0,0,3.8,1,86.52,4.016,97.8,72.1,210.0,EV_104,0.0,120,0.0,DR667059_3,50.42,45237.48,DR667059,202.74,0.0,50.82,D,SimuProA-4,EV_104
335.309,32.0,57.86,4325.0,0,3.802,1,86.5,4.018,99.5,78.9,210.0,EV_104,0.0,130,0.0,DR667059_3,50.5,45237.76,DR667059,202.74,0.0,50.9,D,SimuProA-4,EV_104
334.727,30.0,57.86,4290.0,0,3.805,1,86.47,4.02,98.7,80.5,210.0,EV_104,0.0,140,0.0,DR667059_3,50.58,45238.03,DR667059,202.74,0.0,50.98,D,SimuProA-4,EV_104
335.858,26.0,57.86,4195.0,0,3.803,1,86.46,4.019,96.4,73.2,210.0,EV_104,0.0,150,0.0,DR667059_3,50.65,45238.3,DR667059,202.74,0.0,51.05,D,SimuProA-4,EV_104
334.799,33.0,57.86,4340.0,0,3.807,1,86.44,4.022,99.8,82.1,210.0,EV_104,0.0,160,0.0,DR667059_3,50.72,45238.58,DR667059,202.74,0.0,51.12,D,SimuProA-4,EV_104
334.079,38.0,57.86,4405.0,0,3.809,1,86.4,4.024,101.2,85.4,210.0,EV_104,0.0,170,0.0,DR667059_3,50.81,45238.86,DR667059,202.74,0.0,51.21,D,SimuProA-4,EV_104
335.523,35.0,57.86,4335.0,0,3.808,1,86.38,4.023,99.6,79.8,210.0,EV_104,0.0,180,0.0,DR667059_3,50.9,45239.14,DR667059,202.74,0.0,51.3,D,SimuProA-4,EV_104
333.844,45.0,57.86,4545.0,0,3.812,1,86.38,4.026,104.5,92.5,210.0,EV_104,0.0,190,0.0,DR667059_3,51.02,45239.43,DR667059,202.74,0.0,51.42,D,SimuProA-4,EV_104
332.79,48.0,57.86,4602.0,0,3.815,1,86.36,4.028,105.8,98.6,210.0,EV_104,0.0,200,0.0,DR667059_3,51.15,45239.72,DR667059,202.74,0.0,51.55,D,SimuProA-4,EV_104
333.79,40.0,57.86,4454.0,0,3.813,1,86.34,4.027,102.4,88.3,210.0,EV_104,0.0,210,0.0,DR667059_3,51.22,45240.01,DR667059,202.74,0.0,51.62,D,SimuProA-4,EV_104
335.36,0.0,57.86,4267.0,0,3.811,1,86.31,4.025,98.1,-15.4,210.0,EV_104,0.04,220,12.0,DR667059_3,51.28,45240.28,DR667059,202.74,0.0,51.68,D,SimuProA-4,EV_104
337.635,0.0,57.86,4194.0,0,3.809,1,86.29,4.023,96.4,-8.2,210.0,EV_104,0.03,230,5.0,DR667059_3,51.32,45240.55,DR667059,202.74,0.0,51.72,D,SimuProA-4,EV_104
333.791,38.0,57.86,4402.0,0,3.81,1,86.25,4.025,101.2,72.5,210.0,EV_104,0.0,240,0.0,DR667059_3,51.38,45240.83,DR667059,202.74,0.0,51.78,D,SimuProA-4,EV_104
333.19,42.0,57.86,4515.0,0,3.812,1,86.22,4.027,103.8,85.1,210.0,EV_104,0.0,250,0.0,DR667059_3,51.45,45241.12,DR667059,202.74,0.0,51.85,D,SimuProA-4,EV_104
330.778,45.0,57.86,4589.0,0,3.814,1,86.16,4.028,105.5,95.2,210.0,EV_104,0.0,260,0.0,DR667059_3,51.52,45241.41,DR667059,202.74,0.0,51.92,D,SimuProA-4,EV_104
334.861,0.0,57.86,4399.0,0,3.812,1,86.16,4.026,101.2,-12.5,210.0,EV_104,0.04,270,10.0,DR667059_3,51.56,45241.69,DR667059,202.74,0.0,51.96,D,SimuProA-4,EV_104
332.894,48.0,57.86,4715.0,0,3.815,1,86.12,4.029,108.4,82.4,210.0,EV_104,0.0,280,0.0,DR667059_3,51.64,45242.0,DR667059,202.74,0.0,52.04,D,SimuProA-4,EV_104
331.695,44.0,57.86,4632.0,0,3.816,1,86.07,4.03,106.5,88.6,210.0,EV_104,0.0,290,0.0,DR667059_3,51.71,45242.3,DR667059,202.74,0.0,52.11,D,SimuProA-4,EV_104
333.945,0.0,57.86,4471.0,0,3.814,1,86.07,4.028,102.8,-15.3,210.0,EV_104,0.045,300,12.0,DR667059_3,51.75,45242.58,DR667059,202.74,0.0,52.15,D,SimuProA-4,EV_104
332.072,40.0,57.86,4562.0,0,3.818,1,86.05,4.032,104.9,76.8,210.0,EV_104,0.0,310,0.0,DR667059_3,51.82,45242.87,DR667059,202.74,0.0,52.22,D,SimuProA-4,EV_104
330.452,52.0,57.86,4775.0,0,3.819,1,86.01,4.034,109.8,95.2,210.0,EV_104,0.0,320,0.0,DR667059_3,51.9,45243.18,DR667059,202.74,0.0,52.3,D,SimuProA-4,EV_104
331.022,38.0,57.86,4579.0,0,3.817,1,85.95,4.031,105.3,72.5,210.0,EV_104,0.0,330,0.0,DR667059_3,51.98,45243.47,DR667059,202.74,0.0,52.38,D,SimuProA-4,EV_104
328.524,0.0,57.86,4284.0,0,3.815,1,85.95,4.029,98.5,-18.6,210.0,EV_104,0.052,340,15.0,DR667059_3,52.02,45243.74,DR667059,202.74,0.0,52.42,D,SimuProA-4,EV_104
328.932,35.0,57.86,4490.0,0,3.816,1,85.88,4.03,103.2,68.4,210.0,EV_104,0.0,350,0.0,DR667059_3,52.08,45244.03,DR667059,202.74,0.0,52.5,D,SimuProA-4,EV_104
328.298,55.0,57.86,4850.0,0,3.815,1,85.81,4.033,111.5,82.1,210.0,EV_104,0.0,360,0.0,DR667059_3,52.15,45244.34,DR667059,202.74,0.0,52.62,D,SimuProA-4,EV_104
329.261,25.0,57.86,4385.0,0,3.817,1,85.79,4.031,100.8,45.2,210.0,EV_104,0.0,370,0.0,DR667059_3,52.22,45244.62,DR667059,202.74,0.0,52.7,D,SimuProA-4,EV_104
327.386,62.0,57.86,4925.0,0,3.813,1,85.71,4.035,113.2,95.3,210.0,EV_104,0.0,380,0.0,DR667059_3,52.35,45244.93,DR667059,202.74,0.0,52.85,D,SimuProA-4,EV_104
329.018,28.0,57.86,4460.0,0,3.818,1,85.69,4.032,102.5,52.8,210.0,EV_104,0.0,390,0.0,DR667059_3,52.42,45245.22,DR667059,202.74,0.0,52.92,D,SimuProA-4,EV_104
330.17,0.0,57.86,4210.0,0,3.819,1,85.69,4.034,96.8,-22.4,210.0,EV_104,0.065,400,12.0,DR667059_3,52.48,45245.49,DR667059,202.74,0.0,52.98,D,SimuProA-4,EV_104
328.021,35.0,57.86,4540.0,0,3.816,1,85.66,4.033,104.2,68.5,210.0,EV_104,0.0,410,0.0,DR667059_3,52.55,45245.78,DR667059,202.74,0.0,53.05,D,SimuProA-4,EV_104
325.81,72.0,57.86,5040.0,0,3.812,1,85.64,4.036,115.8,115.3,210.0,EV_104,0.0,420,0.0,DR667059_3,52.68,45246.1,DR667059,202.74,0.0,53.18,D,SimuProA-4,EV_104
327.712,30.0,57.86,4725.0,0,3.817,1,85.64,4.034,108.5,58.2,210.0,EV_104,0.0,430,0.0,DR667059_3,52.75,45246.4,DR667059,202.74,0.0,53.25,D,SimuProA-4,EV_104
326.679,55.0,57.86,4896.0,0,3.813,1,85.62,4.035,112.4,95.2,210.0,EV_104,0.0,440,0.0,DR667059_3,52.85,45246.71,DR667059,202.74,0.0,53.35,D,SimuProA-4,EV_104
325.15,85.0,57.86,5164.0,0,3.809,1,85.58,4.038,118.5,128.6,210.0,EV_104,0.0,450,0.0,DR667059_3,52.98,45247.04,DR667059,202.74,0.0,53.48,D,SimuProA-4,EV_104
326.414,25.0,57.86,4584.0,0,3.815,1,85.56,4.036,105.2,72.4,210.0,EV_104,0.0,460,0.0,DR667059_3,53.05,45247.33,DR667059,202.74,0.0,53.55,D,SimuProA-4,EV_104
326.24,42.0,57.86,4803.0,0,3.811,1,85.53,4.037,110.3,98.5,210.0,EV_104,0.0,470,0.0,DR667059_3,53.12,45247.64,DR667059,202.74,0.0,53.62,D,SimuProA-4,EV_104
324.081,78.0,57.86,5088.0,0,3.808,1,85.5,4.039,116.8,135.2,210.0,EV_104,0.0,480,0.0,DR667059_3,53.24,45247.96,DR667059,202.74,0.0,53.74,D,SimuProA-4,EV_104
325.99,22.0,57.86,4463.0,0,3.814,1,85.48,4.035,102.5,65.8,210.0,EV_104,0.0,490,0.0,DR667059_3,53.31,45248.25,DR667059,202.74,0.0,53.81,D,SimuProA-4,EV_104
323.522,82.0,57.86,5328.0,0,3.806,1,85.44,4.041,122.4,142.5,210.0,EV_104,0.0,500,0.0,DR667059_3,53.38,45248.59,DR667059,202.74,0.0,53.88,D,SimuProA-4,EV_104
325.185,35.0,57.86,4904.0,0,3.812,1,85.42,4.039,112.6,88.3,210.0,EV_104,0.0,510,0.0,DR667059_3,53.44,45248.9,DR667059,202.74,0.0,53.94,D,SimuProA-4,EV_104
324.299,65.0,57.86,5208.0,0,3.809,1,85.4,4.04,119.5,115.7,210.0,EV_104,0.0,520,0.0,DR667059_3,53.51,45249.23,DR667059,202.74,0.0,54.01,D,SimuProA-4,EV_104
321.859,72.0,57.86,5238.0,0,3.805,1,85.37,4.042,120.2,148.5,210.0,EV_104,0.0,530,0.0,DR667059_3,53.58,45249.56,DR667059,202.74,0.0,54.08,D,SimuProA-4,EV_104
323.422,28.0,57.86,4720.0,0,3.81,1,85.35,4.038,108.4,95.2,210.0,EV_104,0.0,540,0.0,DR667059_3,53.65,45249.87,DR667059,202.74,0.0,54.15,D,SimuProA-4,EV_104
321.683,80.0,57.86,5042.0,0,3.802,1,85.32,4.044,115.8,155.8,210.0,EV_104,0.0,550,0.0,DR667059_3,53.72,45250.19,DR667059,202.74,0.0,54.22,D,SimuProA-4,EV_104
318.311,85.0,57.86,5164.0,0,3.801,1,85.28,4.045,118.5,165.2,210.0,EV_104,0.0,560,0.0,DR667059_3,53.85,45250.52,DR667059,202.74,0.0,54.35,D,SimuProA-4,EV_104
326.578,18.0,57.86,4585.0,0,3.806,1,85.26,4.041,105.2,45.3,210.0,EV_104,0.0,570,0.0,DR667059_3,53.92,45250.81,DR667059,202.74,0.0,54.42,D,SimuProA-4,EV_104
345.116,0.0,57.86,4024.0,0,3.815,1,85.24,4.048,92.4,-42.5,210.0,EV_104,0.06,580,35.0,DR667059_3,53.98,45251.07,DR667059,202.74,0.0,54.48,D,SimuProA-4,EV_104
335.211,35.0,57.86,4205.0,0,3.812,1,85.2,4.045,96.5,65.2,210.0,EV_104,0.0,590,0.0,DR667059_3,54.05,45251.34,DR667059,202.74,0.0,54.55,D,SimuProA-4,EV_104
340.116,25.0,57.86,4105.0,0,3.818,1,85.16,4.042,94.2,52.8,210.0,EV_104,0.0,600,0.0,DR667059_3,54.1,45251.6,DR667059,202.74,0.0,54.6,D,SimuProA-4,EV_104
338.827,30.0,57.86,4260.0,0,3.815,1,85.14,4.04,97.8,58.5,210.0,EV_104,0.0,610,0.0,DR667059_3,54.18,45251.87,DR667059,202.74,0.0,54.68,D,SimuProA-4,EV_104
336.889,32.0,57.86,4335.0,0,3.812,1,85.11,4.038,99.5,62.3,210.0,EV_104,0.0,620,0.0,DR667059_3,54.25,45252.15,DR667059,202.74,0.0,54.75,D,SimuProA-4,EV_104
332.574,45.0,57.86,4655.0,0,3.808,1,85.09,4.042,106.8,85.6,210.0,EV_104,0.0,630,0.0,DR667059_3,54.32,45252.44,DR667059,202.74,0.0,54.82,D,SimuProA-4,EV_104
338.634,0.0,57.86,4408.0,0,3.815,1,85.05,4.045,101.2,-25.4,210.0,EV_104,0.04,640,15.0,DR667059_3,54.38,45252.72,DR667059,202.74,0.0,54.88,D,SimuProA-4,EV_104
337.003,35.0,57.86,4510.0,0,3.811,1,85.01,4.043,103.5,72.4,210.0,EV_104,0.0,650,0.0,DR667059_3,54.45,45253.01,DR667059,202.74,0.0,54.95,D,SimuProA-4,EV_104
333.917,55.0,57.86,4905.0,0,3.805,1,84.99,4.044,112.4,95.8,210.0,EV_104,0.0,660,0.0,DR667059_3,54.6,45253.32,DR667059,202.74,0.0,55.1,D,SimuProA-4,EV_104
331.543,72.0,57.86,5175.0,0,3.798,1,84.94,4.041,118.6,118.5,210.0,EV_104,0.0,670,0.0,DR667059_3,54.85,45253.65,DR667059,202.74,0.0,55.35,D,SimuProA-4,EV_104
328.8,85.0,57.86,5202.0,0,3.792,1,84.88,4.039,119.2,135.2,210.0,EV_104,0.0,680,0.0,DR667059_3,55.08,45253.98,DR667059,202.74,0.0,55.58,D,SimuProA-4,EV_104
334.667,0.0,57.86,4732.0,0,3.795,1,84.85,4.042,108.5,-45.6,210.0,EV_104,0.08,690,35.0,DR667059_3,55.15,45254.28,DR667059,202.74,0.0,55.65,D,SimuProA-4,EV_104
340.131,25.0,57.86,4456.0,0,3.802,1,84.82,4.045,102.1,28.4,210.0,EV_104,0.0,700,0.0,DR667059_3,55.22,45254.57,DR667059,202.74,0.0,55.72,D,SimuProA-4,EV_104
335.3,38.0,57.86,4590.0,0,3.804,1,84.77,4.046,105.2,72.3,210.0,EV_104,0.0,710,0.0,DR667059_3,55.3,45254.86,DR667059,202.74,0.0,55.8,D,SimuProA-4,EV_104
331.77,52.0,57.86,4838.0,0,3.799,1,84.72,4.044,110.8,98.7,210.0,EV_104,0.0,720,0.0,DR667059_3,55.45,45255.17,DR667059,202.74,0.0,55.95,D,SimuProA-4,EV_104
337.734,0.0,57.86,4296.0,0,3.806,1,84.71,4.048,98.4,-15.2,210.0,EV_104,0.04,730,12.0,DR667059_3,55.52,45255.44,DR667059,202.74,0.0,56.02,D,SimuProA-4,EV_104
333.562,42.0,57.86,4560.0,0,3.802,1,84.67,4.046,104.5,65.4,210.0,EV_104,0.0,740,0.0,DR667059_3,55.62,45255.73,DR667059,202.74,0.0,56.12,D,SimuProA-4,EV_104
338.615,18.0,57.86,4200.0,0,3.808,1,84.65,4.049,96.2,35.2,210.0,EV_104,0.0,750,0.0,DR667059_3,55.78,45256.0,DR667059,202.74,0.0,56.28,D,SimuProA-4,EV_104
334.39,48.0,57.86,4730.0,0,3.801,1,84.61,4.051,108.3,78.6,210.0,EV_104,0.0,760,0.0,DR667059_3,55.95,45256.3,DR667059,202.74,0.0,56.45,D,SimuProA-4,EV_104
332.153,45.0,57.86,4912.0,0,3.803,1,84.58,4.052,112.5,88.5,210.0,EV_104,0.0,770,0.0,DR667059_3,56.08,45256.61,DR667059,202.74,0.0,56.58,D,SimuProA-4,EV_104
337.526,0.0,57.86,4470.0,0,3.809,1,84.57,4.054,102.3,-18.4,210.0,EV_104,0.05,780,15.0,DR667059_3,56.15,45256.9,DR667059,202.74,0.0,56.65,D,SimuProA-4,EV_104
333.066,40.0,57.86,4752.0,0,3.8,1,84.53,4.05,108.8,72.3,210.0,EV_104,0.0,790,0.0,DR667059_3,56.28,45257.2,DR667059,202.74,0.0,56.78,D,SimuProA-4,EV_104
332.421,42.0,57.86,4830.0,0,3.795,1,84.48,4.053,110.5,82.5,210.0,EV_104,0.0,800,0.0,DR667059_3,56.42,45257.51,DR667059,202.74,0.0,56.92,D,SimuProA-4,EV_104
333.88,0.0,57.86,4600.0,0,3.802,1,84.46,4.055,105.2,-25.3,210.0,EV_104,0.06,810,12.0,DR667059_3,56.55,45257.8,DR667059,202.74,0.0,57.05,D,SimuProA-4,EV_104
331.154,55.0,57.86,5020.0,0,3.792,1,84.43,4.051,114.8,95.8,210.0,EV_104,0.0,820,0.0,DR667059_3,56.75,45258.12,DR667059,202.74,0.0,57.25,D,SimuProA-4,EV_104
329.501,65.0,57.86,5090.0,0,3.788,1,84.38,4.058,116.5,105.2,210.0,EV_104,0.0,830,0.0,DR667059_3,56.98,45258.44,DR667059,202.74,0.0,57.48,D,SimuProA-4,EV_104
331.731,0.0,57.86,4900.0,0,3.795,1,84.36,4.06,112.0,-12.5,210.0,EV_104,0.04,840,8.0,DR667059_3,57.05,45258.75,DR667059,202.74,0.0,57.55,D,SimuProA-4,EV_104
334.223,35.0,57.86,4750.0,0,3.792,1,84.34,4.055,108.5,45.8,210.0,EV_104,0.0,850,0.0,DR667059_3,57.12,45259.06,DR667059,202.74,0.0,57.62,D,SimuProA-4,EV_104
333.337,45.0,57.86,4780.0,0,3.795,1,84.3,4.058,109.2,85.4,210.0,EV_104,0.0,860,0.0,DR667059_3,57.22,45259.36,DR667059,202.74,0.0,57.72,D,SimuProA-4,EV_104
332.284,75.0,57.86,4970.0,0,3.789,1,84.25,4.062,113.5,110.5,210.0,EV_104,0.0,870,0.0,DR667059_3,57.45,45259.68,DR667059,202.74,0.0,57.95,D,SimuProA-4,EV_104
330.786,50.0,57.86,4850.0,0,3.785,1,84.2,4.065,110.8,98.2,210.0,EV_104,0.0,880,0.0,DR667059_3,57.65,45259.99,DR667059,202.74,0.0,58.15,D,SimuProA-4,EV_104
330.131,80.0,57.86,5010.0,0,3.782,1,84.14,4.068,114.2,125.4,210.0,EV_104,0.0,890,0.0,DR667059_3,57.85,45260.31,DR667059,202.74,0.0,58.35,D,SimuProA-4,EV_104
331.582,55.0,57.86,4890.0,0,3.785,1,84.09,4.065,111.5,95.6,210.0,EV_104,0.0,900,0.0,DR667059_3,58.0,45260.62,DR667059,202.74,0.0,58.5,D,SimuProA-4,EV_104
329.87,65.0,57.86,4950.0,0,3.783,1,84.04,4.067,113.0,105.8,210.0,EV_104,0.0,910,0.0,DR667059_3,58.2,45260.93,DR667059,202.74,0.0,58.7,D,SimuProA-4,EV_104
328.46,85.0,57.86,5110.0,0,3.78,1,83.96,4.07,116.5,135.2,210.0,EV_104,0.0,920,0.0,DR667059_3,58.35,45261.25,DR667059,202.74,0.0,58.85,D,SimuProA-4,EV_104
329.573,55.0,57.86,4910.0,0,3.782,1,83.92,4.068,112.0,118.6,210.0,EV_104,0.0,930,0.0,DR667059_3,58.5,45261.56,DR667059,202.74,0.0,59.0,D,SimuProA-4,EV_104
332.262,0.0,57.86,4490.0,0,3.786,1,83.87,4.072,102.5,-15.4,210.0,EV_104,0.05,940,35.0,DR667059_3,58.65,45261.85,DR667059,202.74,0.0,59.15,D,SimuProA-4,EV_104
334.348,30.0,57.86,4600.0,0,3.788,1,83.82,4.075,105.0,45.2,210.0,EV_104,0.0,950,0.0,DR667059_3,58.75,45262.14,DR667059,202.74,0.0,59.25,D,SimuProA-4,EV_104
337.294,40.0,57.86,4740.0,0,3.79,1,83.78,4.078,108.0,28.5,210.0,EV_104,0.0,960,0.0,DR667059_3,58.8,45262.44,DR667059,202.74,0.0,59.3,D,SimuProA-4,EV_104
335.322,45.0,57.86,4850.0,0,3.789,1,83.76,4.08,110.5,52.8,210.0,EV_104,0.0,970,0.0,DR667059_3,58.95,45262.75,DR667059,202.74,0.0,59.45,D,SimuProA-4,EV_104
334.466,48.0,57.86,4875.0,0,3.791,1,83.71,4.082,111.2,65.4,210.0,EV_104,0.0,980,0.0,DR667059_3,59.05,45263.06,DR667059,202.74,0.0,59.55,D,SimuProA-4,EV_104
333.574,62.0,57.86,5020.0,0,3.788,1,83.64,4.085,114.5,88.2,210.0,EV_104,0.0,990,0.0,DR667059_3,59.2,45263.38,DR667059,202.74,0.0,59.7,D,SimuProA-4,EV_104
330.958,75.0,57.86,5130.0,0,3.785,1,83.54,4.088,117.0,105.6,210.0,EV_104,0.0,1000,0.0,DR667059_3,59.4,45263.7,DR667059,202.74,0.0,59.9,D,SimuProA-4,EV_104
332.905,65.0,57.86,5095.0,0,3.782,1,83.43,4.09,116.2,112.5,210.0,EV_104,0.0,1010,0.0,DR667059_3,59.5,45264.02,DR667059,202.74,0.0,60.0,D,SimuProA-4,EV_104
331.683,78.0,57.86,5195.0,0,3.78,1,83.3,4.092,118.5,128.4,210.0,EV_104,0.0,1020,0.0,DR667059_3,59.65,45264.35,DR667059,202.74,0.0,60.15,D,SimuProA-4,EV_104
329.027,85.0,57.86,5252.0,0,3.778,1,83.16,4.095,119.8,145.2,210.0,EV_104,0.0,1030,0.0,DR667059_3,59.85,45264.68,DR667059,202.74,0.0,60.35,D,SimuProA-4,EV_104
330.469,72.0,57.86,5185.0,0,3.779,1,83.02,4.094,118.2,135.6,210.0,EV_104,0.0,1040,0.0,DR667059_3,59.95,45265.01,DR667059,202.74,0.0,60.45,D,SimuProA-4,EV_104
328.167,88.0,57.86,5280.0,0,3.776,1,82.89,4.096,120.5,148.9,210.0,EV_104,0.0,1050,0.0,DR667059_3,60.1,45265.34,DR667059,202.74,0.0,60.6,D,SimuProA-4,EV_104
330.111,68.0,57.86,5215.0,0,3.777,1,82.79,4.095,119.0,130.2,210.0,EV_104,0.0,1060,0.0,DR667059_3,60.25,45265.67,DR667059,202.74,0.0,60.75,D,SimuProA-4,EV_104
327.571,90.0,57.86,5315.0,0,3.774,1,82.67,4.097,121.2,152.3,210.0,EV_104,0.0,1070,0.0,DR667059_3,60.35,45266.01,DR667059,202.74,0.0,60.85,D,SimuProA-4,EV_104
329.199,75.0,57.86,5200.0,0,3.775,1,82.56,4.096,118.5,138.5,210.0,EV_104,0.0,1080,0.0,DR667059_3,60.4,45266.34,DR667059,202.74,0.0,60.9,D,SimuProA-4,EV_104
331.39,65.0,57.86,5100.0,0,3.776,1,82.45,4.095,116.0,125.0,210.0,EV_104,0.0,1090,0.0,DR667059_3,60.45,45266.66,DR667059,202.74,0.0,60.95,D,SimuProA-4,EV_104
328.467,78.0,57.86,5250.0,0,3.775,1,82.33,4.096,119.8,142.5,210.0,EV_104,0.0,1100,0.0,DR667059_3,60.55,45266.99,DR667059,202.74,0.0,61.05,D,SimuProA-4,EV_104
330.498,66.0,57.86,5135.0,0,3.776,1,82.22,4.095,117.2,128.4,210.0,EV_104,0.0,1110,0.0,DR667059_3,60.65,45267.32,DR667059,202.74,0.0,61.15,D,SimuProA-4,EV_104
328.294,92.0,57.86,5370.0,0,3.773,1,82.11,4.097,122.5,155.2,210.0,EV_104,0.0,1120,0.0,DR667059_3,60.8,45267.66,DR667059,202.74,0.0,61.3,D,SimuProA-4,EV_104
329.213,68.0,57.86,5180.0,0,3.774,1,82.01,4.096,118.0,135.0,210.0,EV_104,0.0,1130,0.0,DR667059_3,60.9,45267.99,DR667059,202.74,0.0,61.4,D,SimuProA-4,EV_104
327.465,74.0,57.86,5290.0,0,3.772,1,81.89,4.097,120.5,148.5,210.0,EV_104,0.0,1140,0.0,DR667059_3,61.0,45268.32,DR667059,202.74,0.0,61.55,D,SimuProA-4,EV_104
330.325,55.0,57.86,4920.0,0,3.776,1,81.76,4.095,112.0,115.0,210.0,EV_104,0.0,1150,0.0,DR667059_3,61.05,45268.63,DR667059,202.74,0.0,61.6,D,SimuProA-4,EV_104
326.99,85.0,57.86,5475.0,0,3.771,1,81.75,4.098,124.8,162.3,210.0,EV_104,0.0,1160,0.0,DR667059_3,61.15,45268.98,DR667059,202.74,0.0,61.75,D,SimuProA-4,EV_104
325.193,95.0,57.86,5640.0,0,3.769,1,81.75,4.099,128.5,175.6,210.0,EV_104,0.0,1170,0.0,DR667059_3,61.28,45269.33,DR667059,202.74,0.0,61.92,D,SimuProA-4,EV_104
328.867,0.0,57.86,5010.0,0,3.775,1,81.75,4.102,114.2,-15.4,210.0,EV_104,0.06,1180,12.0,DR667059_3,61.45,45269.65,DR667059,202.74,0.0,62.05,D,SimuProA-4,EV_104
322.578,78.0,57.86,5195.0,0,3.768,1,81.72,4.095,118.5,155.2,210.0,EV_104,0.0,1190,0.0,DR667059_3,61.6,45269.98,DR667059,202.74,0.0,62.25,D,SimuProA-4,EV_104
324.677,65.0,57.86,5040.0,0,3.772,1,81.7,4.098,115.0,132.0,210.0,EV_104,0.0,1200,0.0,DR667059_3,61.75,45270.3,DR667059,202.74,0.0,62.4,D,SimuProA-4,EV_104
318.096,88.0,57.86,5310.0,0,3.765,1,81.69,4.1,121.0,170.5,210.0,EV_104,0.0,1210,0.0,DR667059_3,61.9,45270.63,DR667059,202.74,0.0,62.6,D,SimuProA-4,EV_104
320.025,68.0,57.86,5108.0,0,3.77,1,81.68,4.098,116.5,145.2,210.0,EV_104,0.0,1220,0.0,DR667059_3,61.98,45270.95,DR667059,202.74,0.0,62.68,D,SimuProA-4,EV_104
326.39,0.0,57.86,4747.0,0,3.778,1,81.67,4.105,108.2,-22.5,210.0,EV_104,0.08,1230,15.0,DR667059_3,62.05,45271.25,DR667059,202.74,0.0,62.75,D,SimuProA-4,EV_104
321.966,82.0,57.86,5220.0,0,3.766,1,81.66,4.096,119.0,160.8,210.0,EV_104,0.0,1240,0.0,DR667059_3,62.15,45271.58,DR667059,202.74,0.0,62.88,D,SimuProA-4,EV_104
328.609,0.0,57.86,4496.0,0,3.785,1,81.66,4.11,102.5,-35.2,210.0,EV_104,0.05,1250,18.0,DR667059_3,62.2,45271.86,DR667059,202.74,0.0,62.92,D,SimuProA-4,EV_104
345.118,55.0,57.86,4826.0,0,3.79,1,81.66,4.115,110.0,95.4,210.0,EV_104,0.0,1260,0.0,DR667059_3,62.35,45272.17,DR667059,202.74,0.0,63.05,D,SimuProA-4,EV_104
338.219,75.0,57.86,5198.0,0,3.782,1,81.64,4.112,118.5,140.5,210.0,EV_104,0.0,1270,0.0,DR667059_3,62.5,45272.5,DR667059,202.74,0.0,63.2,D,SimuProA-4,EV_104
392.611,35.0,57.86,2625.0,0,4.02,1,81.64,4.08,42.0,15.0,210.0,EV_104,0.0,0,0.0,DR667059_4,41.2,45272.62,DR667059,202.74,0.0,42.1,D,SimuProA-4,EV_104
396.594,0.0,57.86,2000.0,0,4.03,1,81.64,4.09,32.0,-25.4,210.0,EV_104,0.02,10,45.0,DR667059_4,41.4,45272.71,DR667059,202.74,0.0,42.3,D,SimuProA-4,EV_104
398.216,40.0,57.86,2375.0,0,4.04,1,81.64,4.1,38.0,45.0,210.0,EV_104,0.0,20,0.0,DR667059_4,41.6,45272.81,DR667059,202.74,0.0,42.5,D,SimuProA-4,EV_104
395.743,42.0,57.86,2531.0,0,4.042,1,81.63,4.102,40.5,52.3,210.0,EV_104,0.0,30,0.0,DR667059_4,41.7,45272.92,DR667059,202.74,0.0,42.6,D,SimuProA-4,EV_104
392.798,50.0,57.86,2750.0,0,4.038,1,81.63,4.105,44.0,68.5,210.0,EV_104,0.0,40,0.0,DR667059_4,41.8,45273.04,DR667059,202.74,0.0,42.7,D,SimuProA-4,EV_104
388.003,65.0,57.86,3000.0,0,4.03,1,81.63,4.11,48.0,115.0,210.0,EV_104,0.0,50,0.0,DR667059_4,41.9,45273.18,DR667059,202.74,0.0,42.9,D,SimuProA-4,EV_104
383.828,70.0,57.86,3250.0,0,4.025,1,81.61,4.115,52.0,135.0,210.0,EV_104,0.0,60,0.0,DR667059_4,42.1,45273.32,DR667059,202.74,0.0,43.2,D,SimuProA-4,EV_104
378.562,78.0,57.86,3625.0,0,4.01,1,81.61,4.12,58.0,180.0,210.0,EV_104,0.0,70,0.0,DR667059_4,42.3,45273.49,DR667059,202.74,0.0,43.5,D,SimuProA-4,EV_104
375.179,80.0,57.86,4000.0,0,3.99,1,81.59,4.13,64.0,200.0,210.0,EV_104,0.0,80,0.0,DR667059_4,42.6,45273.66,DR667059,202.74,0.0,43.9,D,SimuProA-4,EV_104
372.587,75.0,57.86,3900.0,0,3.98,1,81.56,4.12,62.0,190.0,210.0,EV_104,0.0,90,0.0,DR667059_4,42.8,45273.83,DR667059,202.74,0.0,44.1,D,SimuProA-4,EV_104
367.948,80.0,57.86,4050.0,0,3.96,1,81.56,4.14,65.0,210.0,210.0,EV_104,0.0,100,0.0,DR667059_4,43.0,45274.01,DR667059,202.74,0.0,44.4,D,SimuProA-4,EV_104
369.658,0.0,57.86,3400.0,0,4.0,1,81.54,4.13,55.0,-35.0,210.0,EV_104,0.015,110,60.0,DR667059_4,43.1,45274.17,DR667059,202.74,0.0,44.5,D,SimuProA-4,EV_104
369.729,35.0,57.86,3000.0,0,3.99,1,81.52,4.11,48.0,45.0,210.0,EV_104,0.0,120,0.0,DR667059_4,43.3,45274.3,DR667059,202.74,0.0,44.7,D,SimuProA-4,EV_104
365.62,55.0,57.86,2000.0,0,3.95,1,81.47,4.1,32.0,95.0,210.0,EV_104,0.0,130,0.0,DR667059_4,43.6,45274.39,DR667059,202.74,0.0,45.0,D,SimuProA-4,EV_104
372.101,0.0,57.86,950.0,0,4.01,1,81.47,4.12,15.0,-25.0,210.0,EV_104,0.012,140,45.0,DR667059_4,43.7,45274.43,DR667059,202.74,0.0,45.1,D,SimuProA-4,EV_104
364.37,65.0,57.86,2200.0,0,3.94,1,81.44,4.13,35.0,110.0,210.0,EV_104,0.0,150,0.0,DR667059_4,43.9,45274.53,DR667059,202.74,0.0,45.3,D,SimuProA-4,EV_104
362.688,50.0,57.86,1600.0,0,3.92,1,81.43,4.14,25.0,135.0,210.0,EV_104,0.0,160,0.0,DR667059_4,44.1,45274.6,DR667059,202.74,0.0,45.5,D,SimuProA-4,EV_104
368.824,0.0,57.86,650.0,0,4.02,1,81.42,4.15,10.0,-32.0,210.0,EV_104,0.018,170,55.0,DR667059_4,44.2,45274.62,DR667059,202.74,0.0,45.6,D,SimuProA-4,EV_104
361.078,60.0,57.86,1800.0,0,3.91,1,81.41,4.14,28.0,145.0,210.0,EV_104,0.0,180,0.0,DR667059_4,44.2,45274.7,DR667059,202.74,0.0,45.6,D,SimuProA-4,EV_104
363.009,0.0,57.86,750.0,0,4.0,1,81.4,4.13,12.0,-18.0,210.0,EV_104,0.009,190,35.0,DR667059_4,44.3,45274.73,DR667059,202.74,0.0,45.7,D,SimuProA-4,EV_104
359.889,70.0,57.86,2400.0,0,3.9,1,81.37,4.15,38.0,160.0,210.0,EV_104,0.0,200,0.0,DR667059_4,44.4,45274.84,DR667059,202.74,0.0,45.8,D,SimuProA-4,EV_104
366.037,0.0,57.86,1100.0,0,4.01,1,81.35,4.14,18.0,-25.0,210.0,EV_104,0.015,210,45.0,DR667059_4,44.5,45274.89,DR667059,202.74,0.0,45.9,D,SimuProA-4,EV_104
358.27,55.0,57.86,2000.0,0,3.92,1,81.34,4.15,32.0,155.0,210.0,EV_104,0.0,220,0.0,DR667059_4,44.6,45274.98,DR667059,202.74,0.0,46.0,D,SimuProA-4,EV_104
365.29,0.0,57.86,450.0,0,4.0,1,81.33,4.13,8.0,-12.0,210.0,EV_104,0.008,230,30.0,DR667059_4,44.7,45275.0,DR667059,202.74,0.0,46.1,D,SimuProA-4,EV_104
368.777,35.0,57.86,1300.0,0,4.02,1,81.31,4.14,22.0,65.0,210.0,EV_104,0.0,240,0.0,DR667059_4,44.75,45275.06,DR667059,202.74,0.0,46.15,D,SimuProA-4,EV_104
363.962,60.0,57.86,2200.0,0,3.95,1,81.31,4.15,35.0,125.0,210.0,EV_104,0.0,250,0.0,DR667059_4,44.85,45275.16,DR667059,202.74,0.0,46.25,D,SimuProA-4,EV_104
367.402,0.0,57.86,600.0,0,4.05,1,81.31,4.14,10.0,-15.0,210.0,EV_104,0.01,260,20.0,DR667059_4,44.9,45275.19,DR667059,202.74,0.0,46.3,D,SimuProA-4,EV_104
357.005,75.0,57.86,3000.0,0,3.9,1,81.27,4.15,45.0,180.0,210.0,EV_104,0.0,270,0.0,DR667059_4,45.0,45275.32,DR667059,202.74,0.0,46.4,D,SimuProA-4,EV_104
362.565,0.0,57.86,700.0,0,4.08,1,81.27,4.14,15.0,-25.0,210.0,EV_104,0.015,280,45.0,DR667059_4,45.05,45275.36,DR667059,202.74,0.0,46.45,D,SimuProA-4,EV_104
370.443,5.0,57.86,250.0,0,4.1,1,81.27,4.13,5.0,12.0,210.0,EV_104,0.0,290,15.0,DR667059_4,45.1,45275.37,DR667059,202.74,0.0,46.5,D,SimuProA-4,EV_104
382.298,35.0,57.86,1800.0,0,4.05,1,81.25,4.14,25.0,45.0,210.0,EV_104,0.0,300,0.0,DR667059_4,45.15,45275.44,DR667059,202.74,0.0,46.55,D,SimuProA-4,EV_104
367.974,0.0,57.86,450.0,0,4.1,1,81.25,4.15,8.0,-35.0,210.0,EV_104,0.018,310,65.0,DR667059_4,45.2,45275.46,DR667059,202.74,0.0,46.6,D,SimuProA-4,EV_104
374.616,15.0,57.86,850.0,0,4.08,1,81.25,4.13,12.0,15.0,210.0,EV_104,0.0,320,0.0,DR667059_4,45.25,45275.5,DR667059,202.74,0.0,46.65,D,SimuProA-4,EV_104
361.299,45.0,57.86,2400.0,0,4.04,1,81.24,4.14,38.0,65.0,210.0,EV_104,0.0,330,0.0,DR667059_4,45.35,45275.61,DR667059,202.74,0.0,46.75,D,SimuProA-4,EV_104
368.336,20.0,57.86,1200.0,0,4.08,1,81.24,4.13,22.0,25.0,210.0,EV_104,0.0,340,0.0,DR667059_4,45.4,45275.67,DR667059,202.74,0.0,46.8,D,SimuProA-4,EV_104
356.114,55.0,57.86,3200.0,0,4.05,1,81.23,4.15,48.0,85.0,210.0,EV_104,0.0,350,0.0,DR667059_4,45.5,45275.8,DR667059,202.74,0.0,46.9,D,SimuProA-4,EV_104
372.46,30.0,57.86,1750.0,0,4.08,1,81.23,4.14,28.0,30.0,210.0,EV_104,0.0,360,0.0,DR667059_4,45.55,45275.88,DR667059,202.74,0.0,46.95,D,SimuProA-4,EV_104
358.155,50.0,57.86,2850.0,0,4.03,1,81.2,4.15,45.0,75.0,210.0,EV_104,0.0,370,0.0,DR667059_4,45.7,45276.0,DR667059,202.74,0.0,47.1,D,SimuProA-4,EV_104
385.509,0.0,57.86,950.0,0,4.06,1,81.2,4.12,15.0,-32.0,210.0,EV_104,0.025,380,60.0,DR667059_4,45.75,45276.04,DR667059,202.74,0.0,47.15,D,SimuProA-4,EV_104
380.025,35.0,57.86,2000.0,0,4.07,1,81.19,4.14,32.0,45.0,210.0,EV_104,0.0,390,0.0,DR667059_4,45.8,45276.13,DR667059,202.74,0.0,47.2,D,SimuProA-4,EV_104
362.289,65.0,57.86,3800.0,0,4.04,1,81.18,4.15,52.0,95.0,210.0,EV_104,0.0,400,0.0,DR667059_4,45.9,45276.27,DR667059,202.74,0.0,47.35,D,SimuProA-4,EV_104
375.484,5.0,57.86,1100.0,0,4.08,1,81.16,4.13,18.0,15.0,210.0,EV_104,0.018,410,15.0,DR667059_4,45.95,45276.32,DR667059,202.74,0.0,47.4,D,SimuProA-4,EV_104
381.84,25.0,57.86,1550.0,0,4.08,1,81.13,4.14,25.0,35.0,210.0,EV_104,0.0,420,0.0,DR667059_4,46.0,45276.39,DR667059,202.74,0.0,47.45,D,SimuProA-4,EV_104
368.034,45.0,57.86,2400.0,0,4.04,1,81.13,4.15,38.0,85.0,210.0,EV_104,0.0,430,0.0,DR667059_4,46.05,45276.5,DR667059,202.74,0.0,47.55,D,SimuProA-4,EV_104
388.538,0.0,57.86,750.0,0,4.07,1,81.12,4.13,12.0,-25.0,210.0,EV_104,0.022,440,45.0,DR667059_4,46.1,45276.53,DR667059,202.74,0.0,47.6,D,SimuProA-4,EV_104
372.883,35.0,57.86,1700.0,0,4.09,1,81.12,4.14,28.0,55.0,210.0,EV_104,0.0,450,0.0,DR667059_4,46.2,45276.61,DR667059,202.74,0.0,47.7,D,SimuProA-4,EV_104
365.065,55.0,57.86,2600.0,0,4.05,1,81.12,4.15,42.0,80.0,210.0,EV_104,0.0,460,0.0,DR667059_4,46.3,45276.72,DR667059,202.74,0.0,47.8,D,SimuProA-4,EV_104
379.64,0.0,57.86,900.0,0,4.08,1,81.1,4.14,15.0,-18.0,210.0,EV_104,0.015,470,35.0,DR667059_4,46.35,45276.77,DR667059,202.74,0.0,47.9,D,SimuProA-4,EV_104
370.987,50.0,57.86,2800.0,0,4.06,1,81.09,4.15,45.0,75.0,210.0,EV_104,0.0,480,0.0,DR667059_4,46.5,45276.89,DR667059,202.74,0.0,48.05,D,SimuProA-4,EV_104
358.795,0.0,57.86,1100.0,0,4.08,1,81.09,4.16,18.0,-35.0,210.0,EV_104,0.025,490,65.0,DR667059_4,46.6,45276.94,DR667059,202.74,0.0,48.15,D,SimuProA-4,EV_104
375.415,30.0,57.86,2000.0,0,4.1,1,81.09,4.14,32.0,45.0,210.0,EV_104,0.0,500,0.0,DR667059_4,46.7,45277.03,DR667059,202.74,0.0,48.25,D,SimuProA-4,EV_104
362.959,60.0,57.86,3000.0,0,4.02,1,81.07,4.15,48.0,95.0,210.0,EV_104,0.0,510,0.0,DR667059_4,46.8,45277.16,DR667059,202.74,0.0,48.4,D,SimuProA-4,EV_104
352.257,0.0,57.86,750.0,0,4.1,1,81.07,4.17,12.0,-38.0,210.0,EV_104,0.028,520,75.0,DR667059_4,46.9,45277.2,DR667059,202.74,0.0,48.5,D,SimuProA-4,EV_104
371.306,25.0,57.86,1400.0,0,4.07,1,81.07,4.15,22.0,25.0,210.0,EV_104,0.0,530,0.0,DR667059_4,47.0,45277.26,DR667059,202.74,0.0,48.6,D,SimuProA-4,EV_104
368.92,35.0,57.86,2200.0,0,4.09,1,81.07,4.14,35.0,15.0,210.0,EV_104,0.0,540,0.0,DR667059_4,47.1,45277.36,DR667059,202.74,0.0,48.7,D,SimuProA-4,EV_104
381.788,0.0,57.86,950.0,0,4.11,1,81.05,4.16,15.0,-18.0,210.0,EV_104,0.015,550,45.0,DR667059_4,47.15,45277.4,DR667059,202.74,0.0,48.75,D,SimuProA-4,EV_104
374.692,55.0,57.86,2650.0,0,4.08,1,81.05,4.15,42.0,65.0,210.0,EV_104,0.0,560,0.0,DR667059_4,47.25,45277.52,DR667059,202.74,0.0,48.85,D,SimuProA-4,EV_104
362.738,60.0,57.86,3100.0,0,4.07,1,81.03,4.15,48.0,95.0,210.0,EV_104,0.0,570,0.0,DR667059_4,47.3,45277.65,DR667059,202.74,0.0,48.9,D,SimuProA-4,EV_104
378.59,0.0,57.86,1850.0,0,4.1,1,81.03,4.16,30.0,-25.0,210.0,EV_104,0.02,580,30.0,DR667059_4,47.35,45277.74,DR667059,202.74,0.0,48.95,D,SimuProA-4,EV_104
369.025,55.0,57.86,2900.0,0,4.06,1,81.01,4.14,45.0,75.0,210.0,EV_104,0.0,590,0.0,DR667059_4,47.4,45277.86,DR667059,202.74,0.0,49.0,D,SimuProA-4,EV_104
375.73,35.0,57.86,2200.0,0,4.07,1,80.99,4.14,35.0,45.0,210.0,EV_104,0.0,600,0.0,DR667059_4,47.48,45277.96,DR667059,202.74,0.0,49.08,D,SimuProA-4,EV_104
368.091,58.0,57.86,2950.0,0,4.06,1,80.98,4.15,46.0,82.0,210.0,EV_104,0.0,610,0.0,DR667059_4,47.55,45278.08,DR667059,202.74,0.0,49.15,D,SimuProA-4,EV_104
382.904,0.0,57.86,1100.0,0,4.11,1,80.96,4.16,18.0,-32.0,210.0,EV_104,0.025,620,65.0,DR667059_4,47.6,45278.14,DR667059,202.74,0.0,49.2,D,SimuProA-4,EV_104
376.001,30.0,57.86,2100.0,0,4.08,1,80.96,4.14,32.0,42.0,210.0,EV_104,0.0,630,0.0,DR667059_4,47.65,45278.23,DR667059,202.74,0.0,49.25,D,SimuProA-4,EV_104
367.673,60.0,57.86,3100.0,0,4.05,1,80.96,4.15,48.0,85.0,210.0,EV_104,0.0,640,0.0,DR667059_4,47.7,45278.36,DR667059,202.74,0.0,49.32,D,SimuProA-4,EV_104
379.592,0.0,57.86,950.0,0,4.12,1,80.94,4.16,15.0,-28.0,210.0,EV_104,0.022,650,75.0,DR667059_4,47.75,45278.4,DR667059,202.74,0.0,49.38,D,SimuProA-4,EV_104
365.944,65.0,57.86,3400.0,0,4.04,1,80.94,4.15,52.0,95.0,210.0,EV_104,0.0,660,0.0,DR667059_4,47.8,45278.54,DR667059,202.74,0.0,49.45,D,SimuProA-4,EV_104
374.364,0.0,57.86,1600.0,0,4.1,1,80.94,4.16,25.0,-18.0,210.0,EV_104,0.018,670,45.0,DR667059_4,47.85,45278.61,DR667059,202.74,0.0,49.5,D,SimuProA-4,EV_104
368.998,40.0,57.86,2500.0,0,4.07,1,80.91,4.15,38.0,60.0,210.0,EV_104,0.0,680,0.0,DR667059_4,47.92,45278.72,DR667059,202.74,0.0,49.58,D,SimuProA-4,EV_104
382.084,0.0,57.86,1200.0,0,4.11,1,80.91,4.15,18.0,-12.0,210.0,EV_104,0.015,690,35.0,DR667059_4,47.95,45278.77,DR667059,202.74,0.0,49.62,D,SimuProA-4,EV_104
366.818,45.0,57.86,2800.0,0,4.05,1,80.9,4.15,42.0,75.0,210.0,EV_104,0.0,700,0.0,DR667059_4,48.0,45278.89,DR667059,202.74,0.0,49.68,D,SimuProA-4,EV_104
360.074,70.0,57.86,3800.0,0,4.03,1,80.89,4.15,55.0,110.0,210.0,EV_104,0.0,710,0.0,DR667059_4,48.05,45279.04,DR667059,202.74,0.0,49.75,D,SimuProA-4,EV_104
378.981,55.0,57.86,3200.0,0,4.08,1,80.87,4.15,48.0,85.0,210.0,EV_104,0.0,720,0.0,DR667059_4,48.1,45279.17,DR667059,202.74,0.0,49.8,D,SimuProA-4,EV_104
365.314,0.0,57.86,2100.0,0,4.09,1,80.85,4.14,32.0,-25.0,210.0,EV_104,0.022,730,65.0,DR667059_4,48.15,45279.26,DR667059,202.74,0.0,49.85,D,SimuProA-4,EV_104
384.976,10.0,57.86,800.0,0,4.12,1,80.85,4.15,12.0,15.0,210.0,EV_104,0.0,740,5.0,DR667059_4,48.2,45279.3,DR667059,202.74,0.0,49.9,D,SimuProA-4,EV_104
368.28,40.0,57.86,2400.0,0,4.06,1,80.83,4.15,35.0,65.0,210.0,EV_104,0.0,750,0.0,DR667059_4,48.25,45279.4,DR667059,202.74,0.0,49.95,D,SimuProA-4,EV_104
357.983,75.0,57.86,3100.0,0,4.02,1,80.8,4.15,45.0,130.0,210.0,EV_104,0.0,760,0.0,DR667059_4,48.3,45279.52,DR667059,202.74,0.0,50.0,D,SimuProA-4,EV_104
375.673,0.0,57.86,1400.0,0,4.1,1,80.79,4.14,20.0,-35.0,210.0,EV_104,0.028,770,55.0,DR667059_4,48.35,45279.58,DR667059,202.74,0.0,50.05,D,SimuProA-4,EV_104
369.767,25.0,57.86,1850.0,0,4.085,1,80.78,4.145,28.0,45.0,210.0,EV_104,0.0,780,0.0,DR667059_4,48.38,45279.66,DR667059,202.74,0.0,50.08,D,SimuProA-4,EV_104
355.028,60.0,57.86,2800.0,0,4.03,1,80.77,4.15,42.0,110.0,210.0,EV_104,0.0,790,0.0,DR667059_4,48.42,45279.77,DR667059,202.74,0.0,50.12,D,SimuProA-4,EV_104
362.352,0.0,57.86,1200.0,0,4.09,1,80.76,4.14,18.0,-28.0,210.0,EV_104,0.025,800,45.0,DR667059_4,48.45,45279.82,DR667059,202.74,0.0,50.15,D,SimuProA-4,EV_104
358.195,45.0,57.86,2600.0,0,4.04,1,80.73,4.15,38.0,85.0,210.0,EV_104,0.0,810,0.0,DR667059_4,48.48,45279.93,DR667059,202.74,0.0,50.18,D,SimuProA-4,EV_104
351.948,65.0,57.86,3800.0,0,4.01,1,80.72,4.15,52.0,145.0,210.0,EV_104,0.0,820,0.0,DR667059_4,48.54,45280.07,DR667059,202.74,0.0,50.24,D,SimuProA-4,EV_104
366.105,0.0,57.86,1100.0,0,4.1,1,80.72,4.14,22.0,-32.0,210.0,EV_104,0.029,830,50.0,DR667059_4,48.58,45280.13,DR667059,202.74,0.0,50.28,D,SimuProA-4,EV_104
353.344,70.0,57.86,4100.0,0,4.02,1,80.7,4.15,55.0,130.0,210.0,EV_104,0.0,840,0.0,DR667059_4,48.62,45280.28,DR667059,202.74,0.0,50.35,D,SimuProA-4,EV_104
360.298,0.0,57.86,1400.0,0,4.08,1,80.69,4.14,25.0,-35.0,210.0,EV_104,0.03,850,60.0,DR667059_4,48.65,45280.35,DR667059,202.74,0.0,50.38,D,SimuProA-4,EV_104
357.117,50.0,57.86,2700.0,0,4.03,1,80.66,4.15,40.0,95.0,210.0,EV_104,0.0,860,0.0,DR667059_4,48.69,45280.46,DR667059,202.74,0.0,50.42,D,SimuProA-4,EV_104
352.552,60.0,57.86,3400.0,0,4.02,1,80.63,4.15,48.0,135.0,210.0,EV_104,0.0,870,0.0,DR667059_4,48.75,45280.59,DR667059,202.74,0.0,50.48,D,SimuProA-4,EV_104
367.795,0.0,57.86,600.0,0,4.11,1,80.63,4.14,15.0,-38.0,210.0,EV_104,0.03,880,55.0,DR667059_4,48.77,45280.63,DR667059,202.74,0.0,50.5,D,SimuProA-4,EV_104
354.798,55.0,57.86,2400.0,0,4.04,1,80.62,4.15,35.0,110.0,210.0,EV_104,0.0,890,0.0,DR667059_4,48.82,45280.73,DR667059,202.74,0.0,50.55,D,SimuProA-4,EV_104
348.125,65.0,57.86,3680.0,0,4.01,1,80.59,4.15,52.0,145.0,210.0,EV_104,0.0,900,0.0,DR667059_4,48.9,45280.87,DR667059,202.74,0.0,50.65,D,SimuProA-4,EV_104
354.913,0.0,57.86,1980.0,0,4.12,1,80.59,4.14,28.0,-42.0,210.0,EV_104,0.028,910,85.0,DR667059_4,48.92,45280.95,DR667059,202.74,0.0,50.68,D,SimuProA-4,EV_104
363.238,25.0,57.86,1270.0,0,4.09,1,80.59,4.13,18.0,45.0,210.0,EV_104,0.0,920,5.0,DR667059_4,48.95,45281.0,DR667059,202.74,0.0,50.72,D,SimuProA-4,EV_104
372.551,15.0,57.86,1750.0,0,4.1,1,80.56,4.13,25.0,22.0,210.0,EV_104,0.0,930,0.0,DR667059_4,48.97,45281.07,DR667059,202.74,0.0,50.74,D,SimuProA-4,EV_104
365.124,35.0,57.86,2950.0,0,4.09,1,80.56,4.14,42.0,65.0,210.0,EV_104,0.0,940,0.0,DR667059_4,48.99,45281.19,DR667059,202.74,0.0,50.76,D,SimuProA-4,EV_104
375.52,0.0,57.86,850.0,0,4.13,1,80.56,4.15,12.0,-28.0,210.0,EV_104,0.025,950,45.0,DR667059_4,49.01,45281.22,DR667059,202.74,0.0,50.78,D,SimuProA-4,EV_104
368.008,30.0,57.86,2650.0,0,4.09,1,80.53,4.14,38.0,48.0,210.0,EV_104,0.0,960,0.0,DR667059_4,49.04,45281.33,DR667059,202.74,0.0,50.82,D,SimuProA-4,EV_104
358.125,65.0,57.86,3650.0,0,4.08,1,80.5,4.15,52.0,85.0,210.0,EV_104,0.0,970,0.0,DR667059_4,49.08,45281.47,DR667059,202.74,0.0,50.86,D,SimuProA-4,EV_104
370.514,0.0,57.86,1250.0,0,4.12,1,80.5,4.15,18.0,-35.0,210.0,EV_104,0.022,980,55.0,DR667059_4,49.11,45281.52,DR667059,202.74,0.0,50.89,D,SimuProA-4,EV_104
362.738,40.0,57.86,3150.0,0,4.09,1,80.46,4.14,45.0,72.0,210.0,EV_104,0.0,990,0.0,DR667059_4,49.16,45281.64,DR667059,202.74,0.0,50.94,D,SimuProA-4,EV_104
354.189,75.0,57.86,4100.0,0,4.08,1,80.45,4.15,58.0,110.0,210.0,EV_104,0.0,1000,0.0,DR667059_4,49.22,45281.81,DR667059,202.74,0.0,51.02,D,SimuProA-4,EV_104
367.085,0.0,57.86,1050.0,0,4.13,1,80.44,4.15,15.0,-38.0,210.0,EV_104,0.028,1010,60.0,DR667059_4,49.25,45281.85,DR667059,202.74,0.0,51.05,D,SimuProA-4,EV_104
354.961,60.0,57.86,3850.0,0,4.07,1,80.41,4.15,55.0,95.0,210.0,EV_104,0.0,1020,0.0,DR667059_4,49.32,45282.0,DR667059,202.74,0.0,51.12,D,SimuProA-4,EV_104
342.494,78.0,57.86,2400.0,0,4.05,1,80.39,4.15,35.0,180.0,210.0,EV_104,0.0,1030,0.0,DR667059_4,49.45,45282.1,DR667059,202.74,0.0,51.25,D,SimuProA-4,EV_104
375.496,0.0,57.86,550.0,0,4.12,1,80.39,4.15,8.0,-40.0,210.0,EV_104,0.03,1040,85.0,DR667059_4,49.5,45282.12,DR667059,202.74,0.0,51.3,D,SimuProA-4,EV_104
357.974,35.0,57.86,1540.0,0,4.06,1,80.36,4.14,22.0,45.0,210.0,EV_104,0.0,1050,0.0,DR667059_4,49.55,45282.18,DR667059,202.74,0.0,51.35,D,SimuProA-4,EV_104
346.074,72.0,57.86,2940.0,0,4.04,1,80.34,4.15,42.0,165.0,210.0,EV_104,0.0,1060,0.0,DR667059_4,49.62,45282.3,DR667059,202.74,0.0,51.42,D,SimuProA-4,EV_104
382.229,0.0,57.86,350.0,0,4.11,1,80.34,4.15,5.0,-35.0,210.0,EV_104,0.025,1070,55.0,DR667059_4,49.65,45282.31,DR667059,202.74,0.0,51.45,D,SimuProA-4,EV_104
355.657,55.0,57.86,2660.0,0,4.05,1,80.33,4.14,38.0,120.0,210.0,EV_104,0.0,1080,0.0,DR667059_4,49.72,45282.42,DR667059,202.74,0.0,51.52,D,SimuProA-4,EV_104
365.827,0.0,57.86,1050.0,0,4.1,1,80.32,4.15,15.0,-25.0,210.0,EV_104,0.02,1090,45.0,DR667059_4,49.75,45282.46,DR667059,202.74,0.0,51.55,D,SimuProA-4,EV_104
380.197,5.0,57.86,140.0,0,4.13,1,80.31,4.15,2.0,5.0,210.0,EV_104,0.0,1100,10.0,DR667059_4,49.78,45282.46,DR667059,202.74,0.0,51.58,D,SimuProA-4,EV_104
360.073,35.0,57.86,1750.0,0,4.08,1,80.29,4.14,25.0,45.0,210.0,EV_104,0.0,1110,0.0,DR667059_4,49.8,45282.53,DR667059,202.74,0.0,51.6,D,SimuProA-4,EV_104
358.722,50.0,57.86,2240.0,0,4.06,1,80.28,4.15,32.0,85.0,210.0,EV_104,0.0,1120,0.0,DR667059_4,49.85,45282.62,DR667059,202.74,0.0,51.65,D,SimuProA-4,EV_104
395.105,0.0,57.86,700.0,0,4.12,1,80.27,4.15,10.0,-30.0,210.0,EV_104,0.018,1130,40.0,DR667059_4,49.88,45282.65,DR667059,202.74,0.0,51.68,D,SimuProA-4,EV_104
375.254,25.0,57.86,1960.0,0,4.1,1,80.26,4.14,28.0,12.5,210.0,EV_104,0.0,1140,0.0,DR667059_4,49.9,45282.73,DR667059,202.74,0.0,51.7,D,SimuProA-4,EV_104
388.053,0.0,57.86,840.0,0,4.11,1,80.25,4.14,12.0,-18.0,210.0,EV_104,0.015,1150,35.0,DR667059_4,49.92,45282.76,DR667059,202.74,0.0,51.72,D,SimuProA-4,EV_104
397.2,2.0,57.86,150.0,0,4.13,1,80.24,4.15,2.0,2.5,210.0,EV_104,0.0,1160,15.0,DR667059_4,49.94,45282.77,DR667059,202.74,0.0,51.74,D,SimuProA-4,EV_104
370.572,65.0,57.86,2940.0,0,4.05,1,80.22,4.15,42.0,95.0,210.0,EV_104,0.0,1170,0.0,DR667059_4,50.02,45282.89,DR667059,202.74,0.0,51.85,D,SimuProA-4,EV_104
385.154,0.0,57.86,1260.0,0,4.11,1,80.2,4.14,18.0,-25.0,210.0,EV_104,0.022,1180,55.0,DR667059_4,50.05,45282.94,DR667059,202.74,0.0,51.88,D,SimuProA-4,EV_104
371.995,70.0,57.86,2660.0,0,4.04,1,80.17,4.15,38.0,110.0,210.0,EV_104,0.0,1190,0.0,DR667059_4,50.15,45283.04,DR667059,202.74,0.0,52.0,D,SimuProA-4,EV_104
368.171,75.0,57.86,3640.0,0,4.03,1,80.12,4.15,52.0,125.0,210.0,EV_104,0.0,1200,0.0,DR667059_4,50.3,45283.18,DR667059,202.74,0.0,52.15,D,SimuProA-4,EV_104
375.027,0.0,57.86,1960.0,0,4.1,1,80.12,4.14,28.0,-35.0,210.0,EV_104,0.025,1210,65.0,DR667059_4,50.4,45283.26,DR667059,202.74,0.0,52.25,D,SimuProA-4,EV_104
396.222,5.0,57.86,350.0,0,4.13,1,80.11,4.15,5.0,4.0,210.0,EV_104,0.0,1220,25.0,DR667059_4,50.45,45283.28,DR667059,202.74,0.0,52.3,D,SimuProA-4,EV_104
392.485,45.0,57.86,2240.0,0,4.12,1,80.1,4.15,32.0,65.0,210.0,EV_104,0.0,1230,0.0,DR667059_4,50.5,45283.37,DR667059,202.74,0.0,52.4,D,SimuProA-4,EV_104
388.399,60.0,57.86,3150.0,0,4.09,1,80.09,4.15,45.0,95.0,210.0,EV_104,0.0,1240,0.0,DR667059_4,50.6,45283.49,DR667059,202.74,0.0,52.55,D,SimuProA-4,EV_104
396.01,0.0,57.86,1750.0,0,4.13,1,80.07,4.15,25.0,-20.0,210.0,EV_104,0.018,1250,45.0,DR667059_4,50.7,45283.56,DR667059,202.74,0.0,52.65,D,SimuProA-4,EV_104
382.308,70.0,57.86,3640.0,0,4.08,1,80.04,4.15,52.0,110.0,210.0,EV_104,0.0,1260,0.0,DR667059_4,50.8,45283.7,DR667059,202.74,0.0,52.7,D,SimuProA-4,EV_104
395.569,25.0,57.86,2660.0,0,4.12,1,80.02,4.15,38.0,15.0,210.0,EV_104,0.0,1270,0.0,DR667059_4,50.85,45283.81,DR667059,202.74,0.0,52.75,D,SimuProA-4,EV_104
385.45,55.0,57.86,2940.0,0,4.1,1,80.0,4.15,42.0,85.0,210.0,EV_104,0.0,0,0.0,DR667059_5,50.95,45283.93,DR667059,202.74,0.0,52.85,D,SimuProA-4,EV_104
383.152,65.0,57.86,3360.0,0,4.09,1,79.98,4.15,48.0,125.0,210.0,EV_104,0.0,10,0.0,DR667059_5,51.05,45284.06,DR667059,202.74,0.0,53.0,D,SimuProA-4,EV_104
376.266,0.0,57.86,2100.0,0,4.12,1,79.97,4.15,30.0,-35.0,210.0,EV_104,0.022,20,60.0,DR667059_5,51.15,45284.15,DR667059,202.74,0.0,53.1,D,SimuProA-4,EV_104
392.101,35.0,57.86,2450.0,0,4.11,1,79.97,4.15,35.0,45.0,210.0,EV_104,0.0,30,0.0,DR667059_5,51.25,45284.24,DR667059,202.74,0.0,53.2,D,SimuProA-4,EV_104
388.509,60.0,57.86,3150.0,0,4.105,1,79.95,4.145,45.0,95.0,210.0,EV_104,0.0,40,0.0,DR667059_5,51.4,45284.36,DR667059,202.74,0.0,53.35,D,SimuProA-4,EV_104
390.049,20.0,57.86,1750.0,0,4.108,1,79.93,4.142,25.0,40.0,210.0,EV_104,0.0,50,10.0,DR667059_5,51.45,45284.43,DR667059,202.74,0.0,53.4,D,SimuProA-4,EV_104
386.3,35.0,57.86,2240.0,0,4.102,1,79.93,4.148,32.0,70.0,210.0,EV_104,0.0,60,0.0,DR667059_5,51.55,45284.52,DR667059,202.74,0.0,53.5,D,SimuProA-4,EV_104
384.471,50.0,57.86,2800.0,0,4.105,1,79.91,4.148,40.0,85.0,210.0,EV_104,0.0,70,0.0,DR667059_5,51.6,45284.63,DR667059,202.74,0.0,53.6,D,SimuProA-4,EV_104
391.012,0.0,57.86,1400.0,0,4.11,1,79.91,4.15,20.0,-25.0,210.0,EV_104,0.018,80,45.0,DR667059_5,51.65,45284.69,DR667059,202.74,0.0,53.65,D,SimuProA-4,EV_104
388.543,30.0,57.86,1960.0,0,4.108,1,79.9,4.147,28.0,55.0,210.0,EV_104,0.0,90,0.0,DR667059_5,51.7,45284.76,DR667059,202.74,0.0,53.75,D,SimuProA-4,EV_104
390.135,25.0,57.86,2450.0,0,4.106,1,79.88,4.145,35.0,45.0,210.0,EV_104,0.0,100,0.0,DR667059_5,51.75,45284.86,DR667059,202.74,0.0,53.8,D,SimuProA-4,EV_104
384.608,45.0,57.86,2940.0,0,4.102,1,79.88,4.15,42.0,80.0,210.0,EV_104,0.0,110,0.0,DR667059_5,51.85,45284.97,DR667059,202.74,0.0,53.9,D,SimuProA-4,EV_104
382.192,60.0,57.86,3500.0,0,4.098,1,79.87,4.15,50.0,120.0,210.0,EV_104,0.0,120,0.0,DR667059_5,51.95,45285.11,DR667059,202.74,0.0,54.0,D,SimuProA-4,EV_104
385.58,28.0,57.86,2660.0,0,4.104,1,79.86,4.148,38.0,65.0,210.0,EV_104,0.0,130,0.0,DR667059_5,51.98,45285.22,DR667059,202.74,0.0,54.05,D,SimuProA-4,EV_104
377.957,0.0,57.86,840.0,0,4.108,1,79.86,4.15,12.0,-35.0,210.0,EV_104,0.025,140,65.0,DR667059_5,52.0,45285.25,DR667059,202.74,0.0,54.1,D,SimuProA-4,EV_104
379.763,15.0,57.86,1260.0,0,4.105,1,79.85,4.149,18.0,30.0,210.0,EV_104,0.0,150,0.0,DR667059_5,52.05,45285.3,DR667059,202.74,0.0,54.15,D,SimuProA-4,EV_104
386.506,25.0,57.86,2450.0,0,4.103,1,79.85,4.15,35.0,55.0,210.0,EV_104,0.0,160,0.0,DR667059_5,52.1,45285.4,DR667059,202.74,0.0,54.2,D,SimuProA-4,EV_104
392.678,0.0,57.86,1050.0,0,4.11,1,79.85,4.152,15.0,-25.0,210.0,EV_104,0.02,170,45.0,DR667059_5,52.15,45285.44,DR667059,202.74,0.0,54.25,D,SimuProA-4,EV_104
388.384,18.0,57.86,1960.0,0,4.105,1,79.83,4.15,28.0,40.0,210.0,EV_104,0.0,180,0.0,DR667059_5,52.2,45285.52,DR667059,202.74,0.0,54.3,D,SimuProA-4,EV_104
384.467,30.0,57.86,2940.0,0,4.101,1,79.81,4.15,42.0,65.0,210.0,EV_104,0.0,190,0.0,DR667059_5,52.25,45285.64,DR667059,202.74,0.0,54.35,D,SimuProA-4,EV_104
376.968,55.0,57.86,3850.0,0,4.095,1,79.79,4.15,55.0,110.0,210.0,EV_104,0.0,200,0.0,DR667059_5,52.4,45285.79,DR667059,202.74,0.0,54.5,D,SimuProA-4,EV_104
381.218,0.0,57.86,1540.0,0,4.105,1,79.79,4.15,22.0,-38.0,210.0,EV_104,0.028,210,55.0,DR667059_5,52.45,45285.85,DR667059,202.74,0.0,54.55,D,SimuProA-4,EV_104
374.453,65.0,57.86,4200.0,0,4.09,1,79.78,4.15,60.0,125.0,210.0,EV_104,0.0,220,0.0,DR667059_5,52.5,45286.02,DR667059,202.74,0.0,54.6,D,SimuProA-4,EV_104
368.039,70.0,57.86,4060.0,0,4.085,1,79.74,4.15,58.0,140.0,210.0,EV_104,0.0,230,0.0,DR667059_5,52.6,45286.18,DR667059,202.74,0.0,54.68,D,SimuProA-4,EV_104
385.475,0.0,57.86,1260.0,0,4.11,1,79.74,4.15,18.0,-32.0,210.0,EV_104,0.025,240,40.0,DR667059_5,52.65,45286.23,DR667059,202.74,0.0,54.7,D,SimuProA-4,EV_104
361.984,60.0,57.86,3640.0,0,4.08,1,79.69,4.15,52.0,145.0,210.0,EV_104,0.0,250,0.0,DR667059_5,52.7,45286.37,DR667059,202.74,0.0,54.8,D,SimuProA-4,EV_104
379.203,25.0,57.86,1960.0,0,4.1,1,79.69,4.14,28.0,45.0,210.0,EV_104,0.0,260,10.0,DR667059_5,52.75,45286.45,DR667059,202.74,0.0,54.85,D,SimuProA-4,EV_104
388.532,0.0,57.86,560.0,0,4.115,1,79.68,4.15,8.0,-28.0,210.0,EV_104,0.022,270,45.0,DR667059_5,52.8,45286.47,DR667059,202.74,0.0,54.9,D,SimuProA-4,EV_104
390.136,30.0,57.86,2450.0,0,4.12,1,79.66,4.15,35.0,12.0,210.0,EV_104,0.0,280,0.0,DR667059_5,52.85,45286.57,DR667059,202.74,0.0,54.95,D,SimuProA-4,EV_104
365.83,65.0,57.86,3360.0,0,4.075,1,79.65,4.15,48.0,135.0,210.0,EV_104,0.0,290,0.0,DR667059_5,52.9,45286.7,DR667059,202.74,0.0,55.0,D,SimuProA-4,EV_104
382.244,0.0,57.86,840.0,0,4.11,1,79.63,4.15,12.0,-35.0,210.0,EV_104,0.028,300,55.0,DR667059_5,52.95,45286.73,DR667059,202.74,0.0,55.05,D,SimuProA-4,EV_104
372.703,45.0,57.86,2940.0,0,4.09,1,79.61,4.14,42.0,85.0,210.0,EV_104,0.0,310,0.0,DR667059_5,53.0,45286.85,DR667059,202.74,0.0,55.1,D,SimuProA-4,EV_104
368.545,60.0,57.86,3850.0,0,4.08,1,79.6,4.15,55.0,110.0,210.0,EV_104,0.0,320,0.0,DR667059_5,53.15,45287.0,DR667059,202.74,0.0,55.25,D,SimuProA-4,EV_104
386.085,0.0,57.86,1750.0,0,4.115,1,79.58,4.15,25.0,-38.0,210.0,EV_104,0.032,330,65.0,DR667059_5,53.3,45287.07,DR667059,202.74,0.0,55.4,D,SimuProA-4,EV_104
378.083,35.0,57.86,2240.0,0,4.095,1,79.58,4.145,32.0,45.0,210.0,EV_104,0.0,340,0.0,DR667059_5,53.4,45287.16,DR667059,202.74,0.0,55.5,D,SimuProA-4,EV_104
362.561,70.0,57.86,3150.0,0,4.07,1,79.56,4.15,45.0,145.0,210.0,EV_104,0.0,350,0.0,DR667059_5,53.55,45287.28,DR667059,202.74,0.0,55.65,D,SimuProA-4,EV_104
385.934,0.0,57.86,1050.0,0,4.105,1,79.54,4.15,15.0,-32.0,210.0,EV_104,0.025,360,45.0,DR667059_5,53.6,45287.33,DR667059,202.74,0.0,55.7,D,SimuProA-4,EV_104
352.257,75.0,57.86,3640.0,0,4.06,1,79.5,4.15,52.0,165.0,210.0,EV_104,0.0,370,0.0,DR667059_5,53.7,45287.47,DR667059,202.74,0.0,55.8,D,SimuProA-4,EV_104
382.513,0.0,57.86,1260.0,0,4.11,1,79.48,4.15,18.0,-42.0,210.0,EV_104,0.035,380,70.0,DR667059_5,53.75,45287.52,DR667059,202.74,0.0,55.85,D,SimuProA-4,EV_104
374.376,40.0,57.86,1960.0,0,4.09,1,79.48,4.145,28.0,55.0,210.0,EV_104,0.0,390,0.0,DR667059_5,53.85,45287.6,DR667059,202.74,0.0,55.95,D,SimuProA-4,EV_104
356.406,60.0,57.86,2940.0,0,4.065,1,79.46,4.148,42.0,135.0,210.0,EV_104,0.0,400,0.0,DR667059_5,53.9,45287.72,DR667059,202.74,0.0,56.0,D,SimuProA-4,EV_104
378.497,0.0,57.86,840.0,0,4.11,1,79.45,4.15,12.0,-38.0,210.0,EV_104,0.028,410,65.0,DR667059_5,53.95,45287.75,DR667059,202.74,0.0,56.05,D,SimuProA-4,EV_104
379.92,35.0,57.86,1540.0,0,4.095,1,79.43,4.148,22.0,45.0,210.0,EV_104,0.0,420,0.0,DR667059_5,54.0,45287.81,DR667059,202.74,0.0,56.1,D,SimuProA-4,EV_104
394.796,45.0,57.86,2240.0,0,4.085,1,79.41,4.14,32.0,65.0,210.0,EV_104,0.0,430,0.0,DR667059_5,54.05,45287.9,DR667059,202.74,0.0,56.15,D,SimuProA-4,EV_104
388.026,0.0,57.86,1050.0,0,4.095,1,79.41,4.135,15.0,-25.0,210.0,EV_104,0.022,440,55.0,DR667059_5,54.1,45287.94,DR667059,202.74,0.0,56.2,D,SimuProA-4,EV_104
376.559,30.0,57.86,1750.0,0,4.088,1,79.4,4.142,25.0,50.0,210.0,EV_104,0.0,450,0.0,DR667059_5,54.15,45288.01,DR667059,202.74,0.0,56.25,D,SimuProA-4,EV_104
381.795,32.0,57.86,1960.0,0,4.092,1,79.38,4.145,28.0,55.0,210.0,EV_104,0.0,460,0.0,DR667059_5,54.22,45288.09,DR667059,202.74,0.0,56.32,D,SimuProA-4,EV_104
398.505,0.0,57.86,560.0,0,4.105,1,79.38,4.15,8.0,-35.0,210.0,EV_104,0.025,470,75.0,DR667059_5,54.28,45288.11,DR667059,202.74,0.0,56.38,D,SimuProA-4,EV_104
375.626,38.0,57.86,1260.0,0,4.088,1,79.38,4.142,18.0,60.0,210.0,EV_104,0.0,480,0.0,DR667059_5,54.35,45288.16,DR667059,202.74,0.0,56.45,D,SimuProA-4,EV_104
392.637,35.0,57.86,2240.0,0,4.09,1,79.36,4.148,32.0,45.0,210.0,EV_104,0.0,490,0.0,DR667059_5,54.42,45288.25,DR667059,202.74,0.0,56.52,D,SimuProA-4,EV_104
384.863,48.0,57.86,2940.0,0,4.085,1,79.36,4.145,42.0,65.0,210.0,EV_104,0.0,500,0.0,DR667059_5,54.55,45288.37,DR667059,202.74,0.0,56.65,D,SimuProA-4,EV_104
390.986,15.0,57.86,1540.0,0,4.095,1,79.35,4.142,22.0,30.0,210.0,EV_104,0.0,510,10.0,DR667059_5,54.68,45288.43,DR667059,202.74,0.0,56.78,D,SimuProA-4,EV_104
386.164,42.0,57.86,2450.0,0,4.086,1,79.33,4.146,35.0,55.0,210.0,EV_104,0.0,520,0.0,DR667059_5,54.79,45288.53,DR667059,202.74,0.0,56.89,D,SimuProA-4,EV_104
378.844,55.0,57.86,3360.0,0,4.078,1,79.27,4.15,48.0,85.0,210.0,EV_104,0.0,530,0.0,DR667059_5,54.91,45288.66,DR667059,202.74,0.0,57.02,D,SimuProA-4,EV_104
394.803,0.0,57.86,840.0,0,4.102,1,79.26,4.148,12.0,-25.0,210.0,EV_104,0.018,540,15.0,DR667059_5,55.02,45288.69,DR667059,202.74,0.0,57.15,D,SimuProA-4,EV_104
382.031,52.0,57.86,3150.0,0,4.082,1,79.25,4.148,45.0,72.0,210.0,EV_104,0.0,550,0.0,DR667059_5,55.08,45288.82,DR667059,202.74,0.0,57.22,D,SimuProA-4,EV_104
378.907,60.0,57.86,3640.0,0,4.075,1,79.23,4.15,52.0,95.0,210.0,EV_104,0.0,560,0.0,DR667059_5,55.18,45288.96,DR667059,202.74,0.0,57.35,D,SimuProA-4,EV_104
391.169,0.0,57.86,1960.0,0,4.105,1,79.23,4.145,28.0,-18.0,210.0,EV_104,0.022,570,25.0,DR667059_5,55.22,45289.04,DR667059,202.74,0.0,57.4,D,SimuProA-4,EV_104
379.019,58.0,57.86,3360.0,0,4.08,1,79.21,4.15,48.0,88.0,210.0,EV_104,0.0,580,0.0,DR667059_5,55.3,45289.17,DR667059,202.74,0.0,57.5,D,SimuProA-4,EV_104
393.193,0.0,57.86,1260.0,0,4.108,1,79.2,4.146,18.0,-22.0,210.0,EV_104,0.02,590,35.0,DR667059_5,55.38,45289.22,DR667059,202.74,0.0,57.58,D,SimuProA-4,EV_104
380.033,62.0,57.86,3500.0,0,4.076,1,79.17,4.15,50.0,92.0,210.0,EV_104,0.0,600,0.0,DR667059_5,55.42,45289.36,DR667059,202.74,0.0,57.65,D,SimuProA-4,EV_104
390.801,0.0,57.86,840.0,0,4.112,1,79.17,4.148,12.0,-28.0,210.0,EV_104,0.025,610,45.0,DR667059_5,55.48,45289.39,DR667059,202.74,0.0,57.72,D,SimuProA-4,EV_104
376.336,65.0,57.86,2660.0,0,4.072,1,79.15,4.15,38.0,110.0,210.0,EV_104,0.0,620,0.0,DR667059_5,55.55,45289.5,DR667059,202.74,0.0,57.85,D,SimuProA-4,EV_104
388.885,0.0,57.86,1540.0,0,4.115,1,79.13,4.142,22.0,-15.0,210.0,EV_104,0.018,630,20.0,DR667059_5,55.6,45289.56,DR667059,202.74,0.0,57.9,D,SimuProA-4,EV_104
391.426,10.0,57.86,1750.0,0,4.118,1,79.13,4.145,25.0,-18.0,210.0,EV_104,0.015,640,5.0,DR667059_5,55.65,45289.63,DR667059,202.74,0.0,57.95,D,SimuProA-4,EV_104
376.061,68.0,57.86,2940.0,0,4.07,1,79.1,4.15,42.0,115.0,210.0,EV_104,0.0,650,0.0,DR667059_5,55.75,45289.75,DR667059,202.74,0.0,58.08,D,SimuProA-4,EV_104
387.323,0.0,57.86,1050.0,0,4.11,1,79.1,4.148,15.0,-25.0,210.0,EV_104,0.022,660,40.0,DR667059_5,55.8,45289.79,DR667059,202.74,0.0,58.12,D,SimuProA-4,EV_104
390.559,35.0,57.86,1960.0,0,4.105,1,79.08,4.148,28.0,45.0,210.0,EV_104,0.0,670,0.0,DR667059_5,55.9,45289.87,DR667059,202.74,0.0,58.2,D,SimuProA-4,EV_104
378.264,75.0,57.86,3360.0,0,4.068,1,79.07,4.15,48.0,125.0,210.0,EV_104,0.0,680,0.0,DR667059_5,56.05,45290.0,DR667059,202.74,0.0,58.35,D,SimuProA-4,EV_104
392.731,0.0,57.86,840.0,0,4.112,1,79.07,4.15,12.0,-35.0,210.0,EV_104,0.028,690,60.0,DR667059_5,56.1,45290.03,DR667059,202.74,0.0,58.4,D,SimuProA-4,EV_104
375.53,80.0,57.86,3640.0,0,4.065,1,79.05,4.148,52.0,130.0,210.0,EV_104,0.0,700,0.0,DR667059_5,56.2,45290.17,DR667059,202.74,0.0,58.5,D,SimuProA-4,EV_104
385.913,0.0,57.86,1260.0,0,4.108,1,79.05,4.15,18.0,-30.0,210.0,EV_104,0.025,710,55.0,DR667059_5,56.25,45290.22,DR667059,202.74,0.0,58.55,D,SimuProA-4,EV_104
376.481,55.0,57.86,2660.0,0,4.085,1,79.04,4.145,38.0,95.0,210.0,EV_104,0.0,720,0.0,DR667059_5,56.35,45290.33,DR667059,202.74,0.0,58.6,D,SimuProA-4,EV_104
362.643,78.0,57.86,4060.0,0,4.07,1,79.02,4.15,58.0,140.0,210.0,EV_104,0.0,730,0.0,DR667059_5,56.4,45290.49,DR667059,202.74,0.0,58.7,D,SimuProA-4,EV_104
372.547,0.0,57.86,700.0,0,4.11,1,79.01,4.15,10.0,-38.0,210.0,EV_104,0.03,740,75.0,DR667059_5,56.45,45290.52,DR667059,202.74,0.0,58.75,D,SimuProA-4,EV_104
388.325,35.0,57.86,1750.0,0,4.09,1,79.01,4.148,25.0,45.0,210.0,EV_104,0.0,750,0.0,DR667059_5,56.5,45290.59,DR667059,202.74,0.0,58.8,D,SimuProA-4,EV_104
382.166,40.0,57.86,2240.0,0,4.082,1,78.99,4.142,32.0,65.0,210.0,EV_104,0.0,760,0.0,DR667059_5,56.55,45290.68,DR667059,202.74,0.0,58.85,D,SimuProA-4,EV_104
378.339,0.0,57.86,1050.0,0,4.095,1,78.99,4.14,15.0,-25.0,210.0,EV_104,0.02,770,60.0,DR667059_5,56.6,45290.72,DR667059,202.74,0.0,58.9,D,SimuProA-4,EV_104
389.777,5.0,57.86,350.0,0,4.105,1,78.99,4.145,5.0,5.0,210.0,EV_104,0.0,780,10.0,DR667059_5,56.65,45290.73,DR667059,202.74,0.0,58.95,D,SimuProA-4,EV_104
392.61,15.0,57.86,420.0,0,4.105,1,78.97,4.135,12.0,18.5,210.0,EV_104,0.0,790,5.0,DR667059_5,56.68,45290.76,DR667059,202.74,0.0,58.98,D,SimuProA-4,EV_104
375.284,0.0,57.86,70.0,0,4.1,1,78.97,4.145,2.0,-35.0,210.0,EV_104,0.028,800,85.0,DR667059_5,56.7,45290.77,DR667059,202.74,0.0,59.0,D,SimuProA-4,EV_104
390.485,12.0,57.86,290.0,0,4.1,1,78.97,4.13,8.5,12.0,210.0,EV_104,0.0,810,0.0,DR667059_5,56.72,45290.79,DR667059,202.74,0.0,59.02,D,SimuProA-4,EV_104
398.048,35.0,57.86,1300.0,0,4.105,1,78.95,4.14,22.0,45.0,210.0,EV_104,0.0,820,0.0,DR667059_5,56.75,45290.85,DR667059,202.74,0.0,59.05,D,SimuProA-4,EV_104
384.794,0.0,57.86,280.0,0,4.11,1,78.95,4.145,5.0,-28.0,210.0,EV_104,0.025,830,75.0,DR667059_5,56.78,45290.87,DR667059,202.74,0.0,59.08,D,SimuProA-4,EV_104
395.865,25.0,57.86,950.0,0,4.1,1,78.94,4.135,18.0,22.0,210.0,EV_104,0.0,840,0.0,DR667059_5,56.8,45290.92,DR667059,202.74,0.0,59.1,D,SimuProA-4,EV_104
392.354,45.0,57.86,2050.0,0,4.1,1,78.93,4.14,32.0,55.0,210.0,EV_104,0.0,850,0.0,DR667059_5,56.92,45291.01,DR667059,202.74,0.0,59.22,D,SimuProA-4,EV_104
385.09,0.0,57.86,600.0,0,4.112,1,78.92,4.148,12.0,-38.0,210.0,EV_104,0.028,860,45.0,DR667059_5,57.05,45291.04,DR667059,202.74,0.0,59.35,D,SimuProA-4,EV_104
397.043,30.0,57.86,1550.0,0,4.102,1,78.91,4.138,25.0,30.0,210.0,EV_104,0.0,870,0.0,DR667059_5,57.12,45291.11,DR667059,202.74,0.0,59.42,D,SimuProA-4,EV_104
398.028,35.0,57.86,2200.0,0,4.105,1,78.88,4.142,35.0,45.0,210.0,EV_104,0.0,880,0.0,DR667059_5,57.25,45291.21,DR667059,202.74,0.0,59.55,D,SimuProA-4,EV_104
390.22,0.0,57.86,500.0,0,4.115,1,78.88,4.145,10.0,-35.0,210.0,EV_104,0.026,890,65.0,DR667059_5,57.38,45291.24,DR667059,202.74,0.0,59.68,D,SimuProA-4,EV_104
399.065,15.0,57.86,400.0,0,4.108,1,78.88,4.138,8.0,12.0,210.0,EV_104,0.0,900,0.0,DR667059_5,57.42,45291.26,DR667059,202.74,0.0,59.72,D,SimuProA-4,EV_104
392.828,25.0,57.86,850.0,0,4.102,1,78.87,4.135,15.0,18.0,210.0,EV_104,0.0,910,0.0,DR667059_5,57.48,45291.3,DR667059,202.74,0.0,59.78,D,SimuProA-4,EV_104
394.85,35.0,57.86,1350.0,0,4.098,1,78.85,4.132,22.0,28.0,210.0,EV_104,0.0,920,0.0,DR667059_5,57.55,45291.36,DR667059,202.74,0.0,59.84,D,SimuProA-4,EV_104
391.513,0.0,57.86,250.0,0,4.108,1,78.83,4.14,5.0,-22.0,210.0,EV_104,0.015,930,55.0,DR667059_5,57.6,45291.38,DR667059,202.74,0.0,59.89,D,SimuProA-4,EV_104
393.598,30.0,57.86,950.0,0,4.105,1,78.83,4.135,18.0,35.0,210.0,EV_104,0.0,940,0.0,DR667059_5,57.63,45291.43,DR667059,202.74,0.0,59.93,D,SimuProA-4,EV_104
385.572,65.0,57.86,2000.0,0,4.1,1,78.82,4.14,32.0,85.0,210.0,EV_104,0.0,950,0.0,DR667059_5,57.69,45291.52,DR667059,202.74,0.0,60.0,D,SimuProA-4,EV_104
397.233,0.0,57.86,600.0,0,4.118,1,78.8,4.148,12.0,-30.0,210.0,EV_104,0.02,960,45.0,DR667059_5,57.73,45291.55,DR667059,202.74,0.0,60.05,D,SimuProA-4,EV_104
387.775,45.0,57.86,1750.0,0,4.102,1,78.78,4.138,28.0,65.0,210.0,EV_104,0.0,970,0.0,DR667059_5,57.75,45291.63,DR667059,202.74,0.0,60.07,D,SimuProA-4,EV_104
392.449,0.0,57.86,700.0,0,4.108,1,78.77,4.142,15.0,-25.0,210.0,EV_104,0.018,980,40.0,DR667059_5,57.77,45291.67,DR667059,202.74,0.0,60.09,D,SimuProA-4,EV_104
396.232,15.0,57.86,300.0,0,4.105,1,78.77,4.135,8.0,12.0,210.0,EV_104,0.0,990,5.0,DR667059_5,57.79,45291.69,DR667059,202.74,0.0,60.11,D,SimuProA-4,EV_104
392.923,0.0,57.86,450.0,0,4.112,1,78.75,4.145,10.0,-18.0,210.0,EV_104,0.015,1000,25.0,DR667059_5,57.81,45291.72,DR667059,202.74,0.0,60.13,D,SimuProA-4,EV_104
402.311,0.0,57.86,750.0,0,4.116,1,78.75,4.149,15.0,-22.0,210.0,EV_104,0.02,1010,35.0,DR667059_5,57.83,45291.76,DR667059,202.74,0.0,60.15,D,SimuProA-4,EV_104
398.702,35.0,57.86,1100.0,0,4.108,1,78.73,4.142,22.0,45.0,210.0,EV_104,0.0,1020,0.0,DR667059_5,57.86,45291.82,DR667059,202.74,0.0,60.18,D,SimuProA-4,EV_104
394.468,45.0,57.86,1400.0,0,4.11,1,78.7,4.148,28.0,65.0,210.0,EV_104,0.0,1030,0.0,DR667059_5,57.89,45291.9,DR667059,202.74,0.0,60.22,D,SimuProA-4,EV_104
390.696,65.0,57.86,2200.0,0,4.105,1,78.67,4.15,42.0,110.0,210.0,EV_104,0.0,1040,0.0,DR667059_5,57.92,45292.01,DR667059,202.74,0.0,60.26,D,SimuProA-4,EV_104
387.945,55.0,57.86,3200.0,0,4.108,1,78.67,4.145,55.0,85.0,210.0,EV_104,0.0,1050,0.0,DR667059_5,57.95,45292.17,DR667059,202.74,0.0,60.3,D,SimuProA-4,EV_104
391.92,40.0,57.86,2000.0,0,4.11,1,78.66,4.148,40.0,55.0,210.0,EV_104,0.0,1060,0.0,DR667059_5,57.97,45292.28,DR667059,202.74,0.0,60.32,D,SimuProA-4,EV_104
398.52,0.0,57.86,1000.0,0,4.115,1,78.65,4.15,20.0,-25.0,210.0,EV_104,0.015,1070,45.0,DR667059_5,57.99,45292.34,DR667059,202.74,0.0,60.35,D,SimuProA-4,EV_104
400.588,0.0,57.86,600.0,0,4.112,1,78.64,4.145,12.0,10.0,210.0,EV_104,0.0,1080,15.0,DR667059_5,58.01,45292.37,DR667059,202.74,0.0,60.37,D,SimuProA-4,EV_104
396.467,35.0,57.86,1250.0,0,4.105,1,78.61,4.142,25.0,45.0,210.0,EV_104,0.0,1090,0.0,DR667059_5,58.05,45292.44,DR667059,202.74,0.0,60.42,D,SimuProA-4,EV_104
391.877,55.0,57.86,1900.0,0,4.102,1,78.61,4.148,38.0,75.0,210.0,EV_104,0.0,1100,0.0,DR667059_5,58.12,45292.55,DR667059,202.74,0.0,60.5,D,SimuProA-4,EV_104
388.683,70.0,57.86,2600.0,0,4.095,1,78.61,4.15,52.0,115.0,210.0,EV_104,0.0,1110,0.0,DR667059_5,58.2,45292.69,DR667059,202.74,0.0,60.6,D,SimuProA-4,EV_104
385.061,75.0,57.86,3900.0,0,4.09,1,78.6,4.15,62.0,135.0,210.0,EV_104,0.0,1120,0.0,DR667059_5,58.3,45292.86,DR667059,202.74,0.0,60.72,D,SimuProA-4,EV_104
395.892,0.0,57.86,400.0,0,4.105,1,78.58,4.145,10.0,-35.0,210.0,EV_104,0.022,1130,65.0,DR667059_5,58.33,45292.89,DR667059,202.74,0.0,60.75,D,SimuProA-4,EV_104
398.162,0.0,57.86,150.0,0,4.11,1,78.57,4.142,5.0,5.0,210.0,EV_104,0.0,1140,5.0,DR667059_5,58.35,45292.9,DR667059,202.74,0.0,60.78,D,SimuProA-4,EV_104
402.01,15.0,57.86,900.0,0,4.112,1,78.55,4.14,18.0,12.0,210.0,EV_104,0.0,1150,0.0,DR667059_5,58.38,45292.95,DR667059,202.74,0.0,60.8,D,SimuProA-4,EV_104
396.18,45.0,57.86,2100.0,0,4.108,1,78.53,4.145,35.0,65.0,210.0,EV_104,0.0,1160,0.0,DR667059_5,58.4,45293.05,DR667059,202.74,0.0,60.85,D,SimuProA-4,EV_104
388.04,65.0,57.86,3400.0,0,4.1,1,78.52,4.148,55.0,105.0,210.0,EV_104,0.0,1170,0.0,DR667059_5,58.45,45293.2,DR667059,202.74,0.0,60.92,D,SimuProA-4,EV_104
392.186,55.0,57.86,2800.0,0,4.102,1,78.49,4.146,45.0,85.0,210.0,EV_104,0.0,1180,0.0,DR667059_5,58.48,45293.32,DR667059,202.74,0.0,60.95,D,SimuProA-4,EV_104
396.492,20.0,57.86,1600.0,0,4.11,1,78.49,4.144,25.0,25.0,210.0,EV_104,0.005,1190,10.0,DR667059_5,58.51,45293.39,DR667059,202.74,0.0,60.98,D,SimuProA-4,EV_104
400.596,5.0,57.86,750.0,0,4.115,1,78.49,4.142,12.0,8.0,210.0,EV_104,0.0,1200,0.0,DR667059_5,58.53,45293.43,DR667059,202.74,0.0,61.0,D,SimuProA-4,EV_104
398.551,25.0,57.86,1200.0,0,4.112,1,78.47,4.143,20.0,35.0,210.0,EV_104,0.0,1210,0.0,DR667059_5,58.55,45293.49,DR667059,202.74,0.0,61.02,D,SimuProA-4,EV_104
393.671,40.0,57.86,2000.0,0,4.108,1,78.46,4.145,32.0,60.0,210.0,EV_104,0.0,1220,0.0,DR667059_5,58.58,45293.57,DR667059,202.74,0.0,61.05,D,SimuProA-4,EV_104
389.566,70.0,57.86,3100.0,0,4.095,1,78.45,4.148,48.0,110.0,210.0,EV_104,0.0,1230,0.0,DR667059_5,58.62,45293.71,DR667059,202.74,0.0,61.1,D,SimuProA-4,EV_104
385.194,75.0,57.86,3800.0,0,4.085,1,78.4,4.15,55.0,145.0,210.0,EV_104,0.0,1240,0.0,DR667059_5,58.68,45293.86,DR667059,202.74,0.0,61.15,D,SimuProA-4,EV_104
392.975,0.0,57.86,2500.0,0,4.092,1,78.4,4.148,38.0,-35.0,210.0,EV_104,0.012,1250,60.0,DR667059_5,58.7,45293.97,DR667059,202.74,0.0,61.18,D,SimuProA-4,EV_104
398.291,2.0,57.86,500.0,0,4.118,1,78.4,4.145,8.0,12.0,210.0,EV_104,0.0,1260,15.0,DR667059_5,58.72,45293.99,DR667059,202.74,0.0,61.2,D,SimuProA-4,EV_104
397.063,35.0,57.86,1400.0,0,4.115,1,78.39,4.146,22.0,45.0,210.0,EV_104,0.0,1270,0.0,DR667059_5,58.74,45294.05,DR667059,202.74,0.0,61.22,D,SimuProA-4,EV_104
390.923,55.0,57.86,2400.0,0,4.105,1,78.37,4.149,38.0,85.0,210.0,EV_104,0.0,0,0.0,DR667059_6,58.8,45294.16,DR667059,202.74,0.0,61.28,D,SimuProA-4,EV_104
388.329,65.0,57.86,2900.0,0,4.098,1,78.36,4.15,45.0,120.0,210.0,EV_104,0.0,10,0.0,DR667059_6,58.87,45294.28,DR667059,202.74,0.0,61.35,D,SimuProA-4,EV_104
382.538,75.0,57.86,3800.0,0,4.085,1,78.34,4.15,52.0,145.0,210.0,EV_104,0.0,20,0.0,DR667059_6,58.95,45294.42,DR667059,202.74,0.0,61.42,D,SimuProA-4,EV_104
388.514,15.0,57.86,1100.0,0,4.11,1,78.33,4.145,18.0,25.0,210.0,EV_104,0.0,30,5.0,DR667059_6,59.1,45294.47,DR667059,202.74,0.0,61.55,D,SimuProA-4,EV_104
375.561,0.0,57.86,450.0,0,4.06,1,78.32,4.135,8.0,-38.0,210.0,EV_104,0.025,40,45.0,DR667059_6,59.15,45294.5,DR667059,202.74,0.0,61.6,D,SimuProA-4,EV_104
393.558,35.0,57.86,1600.0,0,4.1,1,78.29,4.14,25.0,12.5,210.0,EV_104,0.0,50,0.0,DR667059_6,59.22,45294.57,DR667059,202.74,0.0,61.72,D,SimuProA-4,EV_104
385.637,60.0,57.86,2800.0,0,4.09,1,78.27,4.15,42.0,95.0,210.0,EV_104,0.0,60,0.0,DR667059_6,59.3,45294.69,DR667059,202.74,0.0,61.85,D,SimuProA-4,EV_104
378.222,78.0,57.86,3900.0,0,4.07,1,78.27,4.15,55.0,160.0,210.0,EV_104,0.0,70,0.0,DR667059_6,59.4,45294.84,DR667059,202.74,0.0,62.0,D,SimuProA-4,EV_104
365.569,80.0,57.86,4200.0,0,4.06,1,78.24,4.15,62.0,185.0,210.0,EV_104,0.0,80,0.0,DR667059_6,59.5,45295.01,DR667059,202.74,0.0,62.15,D,SimuProA-4,EV_104
372.474,0.0,57.86,3000.0,0,4.08,1,78.24,4.14,45.0,-25.0,210.0,EV_104,0.018,90,30.0,DR667059_6,59.55,45295.14,DR667059,202.74,0.0,62.2,D,SimuProA-4,EV_104
395.569,30.0,57.86,1800.0,0,4.1,1,78.24,4.13,28.0,45.0,210.0,EV_104,0.0,100,0.0,DR667059_6,59.6,45295.21,DR667059,202.74,0.0,62.25,D,SimuProA-4,EV_104
388.622,45.0,57.86,2000.0,0,4.08,1,78.22,4.12,32.0,85.0,210.0,EV_104,0.0,110,0.0,DR667059_6,59.65,45295.3,DR667059,202.74,0.0,62.3,D,SimuProA-4,EV_104
392.101,20.0,57.86,1100.0,0,4.09,1,78.21,4.11,18.0,40.0,210.0,EV_104,0.0,120,5.0,DR667059_6,59.7,45295.35,DR667059,202.74,0.0,62.35,D,SimuProA-4,EV_104
397.207,5.0,57.86,300.0,0,4.08,1,78.21,4.1,5.0,10.0,210.0,EV_104,0.0,130,10.0,DR667059_6,59.75,45295.36,DR667059,202.74,0.0,62.4,D,SimuProA-4,EV_104
394.347,35.0,57.86,1400.0,0,4.08,1,78.21,4.12,22.0,55.0,210.0,EV_104,0.0,140,0.0,DR667059_6,59.85,45295.42,DR667059,202.74,0.0,62.5,D,SimuProA-4,EV_104
375.278,75.0,57.86,3200.0,0,4.06,1,78.18,4.14,48.0,145.0,210.0,EV_104,0.0,150,0.0,DR667059_6,59.95,45295.55,DR667059,202.74,0.0,62.65,D,SimuProA-4,EV_104
368.248,0.0,57.86,750.0,0,4.05,1,78.15,4.12,12.0,-35.0,210.0,EV_104,0.025,160,65.0,DR667059_6,60.05,45295.59,DR667059,202.74,0.0,62.8,D,SimuProA-4,EV_104
378.962,55.0,57.86,2400.0,0,4.05,1,78.13,4.13,38.0,110.0,210.0,EV_104,0.0,170,0.0,DR667059_6,60.1,45295.7,DR667059,202.74,0.0,62.9,D,SimuProA-4,EV_104
381.936,30.0,57.86,1600.0,0,4.07,1,78.12,4.11,25.0,45.0,210.0,EV_104,0.0,180,0.0,DR667059_6,60.15,45295.76,DR667059,202.74,0.0,63.0,D,SimuProA-4,EV_104
372.391,60.0,57.86,2750.0,0,4.06,1,78.11,4.14,42.0,85.0,210.0,EV_104,0.0,190,0.0,DR667059_6,60.25,45295.88,DR667059,202.74,0.0,63.15,D,SimuProA-4,EV_104
374.388,65.0,57.86,2900.0,0,4.055,1,78.08,4.135,45.0,120.0,210.0,EV_104,0.0,200,0.0,DR667059_6,60.3,45296.0,DR667059,202.74,0.0,63.2,D,SimuProA-4,EV_104
370.243,75.0,57.86,3400.0,0,4.06,1,78.06,4.14,52.0,160.0,210.0,EV_104,0.0,210,0.0,DR667059_6,60.4,45296.15,DR667059,202.74,0.0,63.35,D,SimuProA-4,EV_104
376.675,25.0,57.86,1900.0,0,4.07,1,78.05,4.12,30.0,55.0,210.0,EV_104,0.0,220,0.0,DR667059_6,60.45,45296.23,DR667059,202.74,0.0,63.4,D,SimuProA-4,EV_104
368.106,78.0,57.86,3600.0,0,4.05,1,78.02,4.14,55.0,140.0,210.0,EV_104,0.0,230,0.0,DR667059_6,60.5,45296.38,DR667059,202.74,0.0,63.5,D,SimuProA-4,EV_104
374.863,0.0,57.86,1200.0,0,4.06,1,78.01,4.13,20.0,-25.0,210.0,EV_104,0.015,240,65.0,DR667059_6,60.52,45296.44,DR667059,202.74,0.0,63.55,D,SimuProA-4,EV_104
381.91,0.0,57.86,300.0,0,4.08,1,78.0,4.12,5.0,10.0,210.0,EV_104,0.0,250,15.0,DR667059_6,60.55,45296.45,DR667059,202.74,0.0,63.6,D,SimuProA-4,EV_104
378.317,15.0,57.86,1100.0,0,4.08,1,77.98,4.11,18.0,12.0,210.0,EV_104,0.0,260,0.0,DR667059_6,60.56,45296.5,DR667059,202.74,0.0,63.62,D,SimuProA-4,EV_104
369.389,45.0,57.86,2200.0,0,4.05,1,77.95,4.13,35.0,85.0,210.0,EV_104,0.0,270,0.0,DR667059_6,60.6,45296.6,DR667059,202.74,0.0,63.7,D,SimuProA-4,EV_104
375.743,0.0,57.86,700.0,0,4.08,1,77.94,4.14,12.0,-35.0,210.0,EV_104,0.025,280,85.0,DR667059_6,60.62,45296.63,DR667059,202.74,0.0,63.72,D,SimuProA-4,EV_104
365.624,55.0,57.86,2800.0,0,4.04,1,77.92,4.14,45.0,95.0,210.0,EV_104,0.0,290,0.0,DR667059_6,60.75,45296.75,DR667059,202.74,0.0,63.85,D,SimuProA-4,EV_104
372.141,0.0,57.86,950.0,0,4.09,1,77.89,4.15,15.0,-28.0,210.0,EV_104,0.02,300,70.0,DR667059_6,60.78,45296.8,DR667059,202.74,0.0,63.88,D,SimuProA-4,EV_104
376.554,30.0,57.86,1600.0,0,4.07,1,77.89,4.13,25.0,25.0,210.0,EV_104,0.0,310,0.0,DR667059_6,60.82,45296.87,DR667059,202.74,0.0,63.92,D,SimuProA-4,EV_104
370.866,35.0,57.86,1900.0,0,4.065,1,77.88,4.135,30.0,65.0,210.0,EV_104,0.0,320,0.0,DR667059_6,60.88,45296.95,DR667059,202.74,0.0,64.0,D,SimuProA-4,EV_104
366.166,50.0,57.86,2650.0,0,4.05,1,77.85,4.14,42.0,90.0,210.0,EV_104,0.0,330,0.0,DR667059_6,60.95,45297.07,DR667059,202.74,0.0,64.1,D,SimuProA-4,EV_104
374.571,0.0,57.86,600.0,0,4.1,1,77.85,4.145,10.0,-32.0,210.0,EV_104,0.022,340,75.0,DR667059_6,61.0,45297.1,DR667059,202.74,0.0,64.15,D,SimuProA-4,EV_104
378.074,25.0,57.86,1400.0,0,4.05,1,77.83,4.11,22.0,12.0,210.0,EV_104,0.0,350,0.0,DR667059_6,61.05,45297.16,DR667059,202.74,0.0,64.18,D,SimuProA-4,EV_104
368.728,45.0,57.86,2400.0,0,4.04,1,77.83,4.14,38.0,75.0,210.0,EV_104,0.0,360,0.0,DR667059_6,61.15,45297.27,DR667059,202.74,0.0,64.3,D,SimuProA-4,EV_104
375.761,0.0,57.86,750.0,0,4.08,1,77.83,4.13,12.0,-18.0,210.0,EV_104,0.015,370,45.0,DR667059_6,61.2,45297.3,DR667059,202.74,0.0,64.35,D,SimuProA-4,EV_104
363.104,55.0,57.86,3050.0,0,4.03,1,77.81,4.14,48.0,85.0,210.0,EV_104,0.0,380,0.0,DR667059_6,61.28,45297.43,DR667059,202.74,0.0,64.42,D,SimuProA-4,EV_104
377.246,15.0,57.86,1550.0,0,4.07,1,77.8,4.13,25.0,15.0,210.0,EV_104,0.0,390,0.0,DR667059_6,61.32,45297.5,DR667059,202.74,0.0,64.45,D,SimuProA-4,EV_104
379.135,0.0,57.86,500.0,0,4.11,1,77.8,4.14,8.0,-28.0,210.0,EV_104,0.02,400,60.0,DR667059_6,61.35,45297.53,DR667059,202.74,0.0,64.48,D,SimuProA-4,EV_104
364.94,35.0,57.86,2200.0,0,4.05,1,77.78,4.12,35.0,65.0,210.0,EV_104,0.0,410,0.0,DR667059_6,61.4,45297.63,DR667059,202.74,0.0,64.52,D,SimuProA-4,EV_104
376.315,10.0,57.86,1100.0,0,4.08,1,77.78,4.13,18.0,12.0,210.0,EV_104,0.0,420,5.0,DR667059_6,61.43,45297.68,DR667059,202.74,0.0,64.55,D,SimuProA-4,EV_104
369.453,25.0,57.86,1800.0,0,4.06,1,77.78,4.14,28.0,45.0,210.0,EV_104,0.0,430,0.0,DR667059_6,61.48,45297.75,DR667059,202.74,0.0,64.6,D,SimuProA-4,EV_104
375.075,15.0,57.86,750.0,0,4.07,1,77.77,4.12,12.0,22.0,210.0,EV_104,0.0,440,10.0,DR667059_6,61.52,45297.78,DR667059,202.74,0.0,64.65,D,SimuProA-4,EV_104
361.962,55.0,57.86,2800.0,0,4.06,1,77.75,4.13,42.0,75.0,210.0,EV_104,0.0,450,0.0,DR667059_6,61.55,45297.9,DR667059,202.74,0.0,64.7,D,SimuProA-4,EV_104
369.079,0.0,57.86,300.0,0,4.1,1,77.73,4.14,5.0,-32.0,210.0,EV_104,0.02,460,75.0,DR667059_6,61.58,45297.91,DR667059,202.74,0.0,64.74,D,SimuProA-4,EV_104
382.465,28.0,57.86,1450.0,0,4.09,1,77.72,4.15,22.0,35.0,210.0,EV_104,0.0,470,0.0,DR667059_6,61.65,45297.97,DR667059,202.74,0.0,64.82,D,SimuProA-4,EV_104
378.67,42.0,57.86,2400.0,0,4.08,1,77.68,4.16,38.0,55.0,210.0,EV_104,0.0,480,0.0,DR667059_6,61.72,45298.08,DR667059,202.74,0.0,64.95,D,SimuProA-4,EV_104
373.143,12.0,57.86,950.0,0,4.09,1,77.68,4.14,15.0,15.0,210.0,EV_104,0.0,490,15.0,DR667059_6,61.78,45298.12,DR667059,202.74,0.0,65.0,D,SimuProA-4,EV_104
375.999,32.0,57.86,1800.0,0,4.07,1,77.64,4.15,28.0,48.0,210.0,EV_104,0.0,500,0.0,DR667059_6,61.85,45298.2,DR667059,202.74,0.0,65.0,D,SimuProA-4,EV_104
368.752,60.0,57.86,2900.0,0,4.08,1,77.62,4.16,45.0,95.0,210.0,EV_104,0.0,510,0.0,DR667059_6,61.92,45298.32,DR667059,202.74,0.0,65.0,D,SimuProA-4,EV_104
380.337,0.0,57.86,1200.0,0,4.09,1,77.59,4.14,20.0,-28.0,210.0,EV_104,0.02,520,65.0,DR667059_6,61.95,45298.38,DR667059,202.74,0.0,65.0,D,SimuProA-4,EV_104
371.675,50.0,57.86,2700.0,0,4.07,1,77.55,4.15,42.0,75.0,210.0,EV_104,0.0,530,0.0,DR667059_6,62.0,45298.5,DR667059,202.74,0.0,65.0,D,SimuProA-4,EV_104
366.201,65.0,57.86,3400.0,0,4.06,1,77.52,4.16,52.0,110.0,210.0,EV_104,0.0,540,0.0,DR667059_6,62.05,45298.64,DR667059,202.74,0.0,65.0,D,SimuProA-4,EV_104
382.017,0.0,57.86,1900.0,0,4.1,1,77.48,4.14,30.0,-32.0,210.0,EV_104,0.025,550,45.0,DR667059_6,62.1,45298.72,DR667059,202.74,0.0,65.0,D,SimuProA-4,EV_104
372.838,45.0,57.86,2400.0,0,4.06,1,77.44,4.14,38.0,65.0,210.0,EV_104,0.0,560,0.0,DR667059_6,62.15,45298.83,DR667059,202.74,0.0,65.0,D,SimuProA-4,EV_104
365.363,62.0,57.86,3100.0,0,4.05,1,77.41,4.16,48.0,115.0,210.0,EV_104,0.0,570,0.0,DR667059_6,62.22,45298.96,DR667059,202.74,0.0,65.0,D,SimuProA-4,EV_104
379.342,0.0,57.86,1100.0,0,4.09,1,77.38,4.13,18.0,-25.0,210.0,EV_104,0.022,580,55.0,DR667059_6,62.25,45299.01,DR667059,202.74,0.0,65.0,D,SimuProA-4,EV_104
368.507,35.0,57.86,1350.0,0,4.07,1,77.35,4.15,22.0,85.0,210.0,EV_104,0.0,590,15.0,DR667059_6,62.3,45299.07,DR667059,202.74,0.0,65.0,D,SimuProA-4,EV_104
395.137,0.0,57.86,500.0,0,4.1,1,77.32,4.13,8.0,-18.0,210.0,EV_104,0.015,600,40.0,DR667059_6,62.32,45299.09,DR667059,202.74,0.0,65.0,D,SimuProA-4,EV_104
370.817,25.0,57.86,950.0,0,4.08,1,77.3,4.14,15.0,55.0,210.0,EV_104,0.0,610,0.0,DR667059_6,62.35,45299.14,DR667059,202.74,0.0,65.0,D,SimuProA-4,EV_104
372.394,20.0,57.86,750.0,0,4.07,1,77.29,4.14,12.0,45.0,210.0,EV_104,0.0,620,5.0,DR667059_6,62.48,45299.17,DR667059,202.74,0.0,65.0,D,SimuProA-4,EV_104
368.487,30.0,57.86,1150.0,0,4.06,1,77.27,4.15,18.0,60.0,210.0,EV_104,0.0,630,0.0,DR667059_6,62.6,45299.22,DR667059,202.74,0.0,65.0,D,SimuProA-4,EV_104
378.721,0.0,57.86,300.0,0,4.08,1,77.27,4.13,5.0,-35.0,210.0,EV_104,0.028,640,65.0,DR667059_6,62.7,45299.24,DR667059,202.74,0.0,65.0,D,SimuProA-4,EV_104
382.559,28.0,57.86,1400.0,0,4.08,1,77.26,4.14,22.0,42.0,210.0,EV_104,0.0,650,0.0,DR667059_6,60.1,45299.3,DR667059,202.74,0.0,62.8,D,SimuProA-4,EV_104
375.323,35.0,57.86,1850.0,0,4.07,1,77.25,4.15,28.0,65.0,210.0,EV_104,0.0,660,0.0,DR667059_6,60.3,45299.38,DR667059,202.74,0.0,63.0,D,SimuProA-4,EV_104
388.531,0.0,57.86,1100.0,0,4.1,1,77.24,4.13,18.0,-12.0,210.0,EV_104,0.012,670,15.0,DR667059_6,60.4,45299.43,DR667059,202.74,0.0,63.1,D,SimuProA-4,EV_104
375.908,45.0,57.86,2150.0,0,4.07,1,77.24,4.15,32.0,72.5,210.0,EV_104,0.0,680,0.0,DR667059_6,60.5,45299.52,DR667059,202.74,0.0,63.2,D,SimuProA-4,EV_104
384.661,0.0,57.86,1600.0,0,4.09,1,77.23,4.14,24.0,-18.5,210.0,EV_104,0.015,690,25.0,DR667059_6,60.6,45299.59,DR667059,202.74,0.0,63.1,D,SimuProA-4,EV_104
375.318,32.0,57.86,1750.0,0,4.07,1,77.23,4.15,26.0,55.0,210.0,EV_104,0.0,700,0.0,DR667059_6,60.7,45299.66,DR667059,202.74,0.0,63.3,D,SimuProA-4,EV_104
372.247,55.0,57.86,2400.0,0,4.06,1,77.21,4.15,38.0,85.0,210.0,EV_104,0.0,710,0.0,DR667059_6,60.8,45299.77,DR667059,202.74,0.0,63.4,D,SimuProA-4,EV_104
380.161,0.0,57.86,950.0,0,4.11,1,77.21,4.14,15.0,-25.0,210.0,EV_104,0.018,720,60.0,DR667059_6,60.9,45299.81,DR667059,202.74,0.0,63.5,D,SimuProA-4,EV_104
375.193,28.0,57.86,1400.0,0,4.08,1,77.19,4.15,22.0,45.0,210.0,EV_104,0.0,730,0.0,DR667059_6,61.0,45299.87,DR667059,202.74,0.0,63.6,D,SimuProA-4,EV_104
382.696,45.0,57.86,2000.0,0,4.08,1,77.17,4.15,32.0,65.0,210.0,EV_104,0.0,740,0.0,DR667059_6,61.1,45299.96,DR667059,202.74,0.0,63.7,D,SimuProA-4,EV_104
378.005,65.0,57.86,3000.0,0,4.05,1,77.17,4.15,48.0,110.0,210.0,EV_104,0.0,750,0.0,DR667059_6,61.2,45300.09,DR667059,202.74,0.0,63.9,D,SimuProA-4,EV_104
384.741,0.0,57.86,1750.0,0,4.12,1,77.17,4.14,28.0,-32.0,210.0,EV_104,0.022,760,45.0,DR667059_6,61.3,45300.17,DR667059,202.74,0.0,64.0,D,SimuProA-4,EV_104
376.454,78.0,57.86,4100.0,0,4.04,1,77.16,4.15,62.0,135.0,210.0,EV_104,0.0,770,0.0,DR667059_6,61.4,45300.34,DR667059,202.74,0.0,64.1,D,SimuProA-4,EV_104
368.088,80.0,57.86,4300.0,0,4.02,1,77.14,4.15,65.0,185.0,210.0,EV_104,0.0,780,0.0,DR667059_6,61.5,45300.52,DR667059,202.74,0.0,64.2,D,SimuProA-4,EV_104
372.532,0.0,57.86,2900.0,0,4.1,1,77.13,4.14,45.0,-38.0,210.0,EV_104,0.025,790,70.0,DR667059_6,61.6,45300.65,DR667059,202.74,0.0,64.3,D,SimuProA-4,EV_104
376.518,45.0,57.86,3200.0,0,4.05,1,77.12,4.14,52.0,85.0,210.0,EV_104,0.0,800,0.0,DR667059_6,61.62,45300.79,DR667059,202.74,0.0,64.35,D,SimuProA-4,EV_104
362.56,70.0,57.86,2100.0,0,4.01,1,77.1,4.15,35.0,195.0,210.0,EV_104,0.0,810,15.0,DR667059_6,61.75,45300.89,DR667059,202.74,0.0,64.48,D,SimuProA-4,EV_104
370.282,0.0,57.86,850.0,0,4.09,1,77.08,4.14,12.0,-35.0,210.0,EV_104,0.024,820,65.0,DR667059_6,61.82,45300.92,DR667059,202.74,0.0,64.55,D,SimuProA-4,EV_104
364.444,55.0,57.86,1800.0,0,4.03,1,77.07,4.14,28.0,145.0,210.0,EV_104,0.0,830,0.0,DR667059_6,61.88,45301.0,DR667059,202.74,0.0,64.6,D,SimuProA-4,EV_104
358.887,75.0,57.86,1150.0,0,4.01,1,77.04,4.15,18.0,190.0,210.0,EV_104,0.0,840,5.0,DR667059_6,61.95,45301.05,DR667059,202.74,0.0,64.72,D,SimuProA-4,EV_104
369.001,0.0,57.86,500.0,0,4.1,1,77.04,4.13,8.0,-25.0,210.0,EV_104,0.022,850,45.0,DR667059_6,62.0,45301.07,DR667059,202.74,0.0,64.78,D,SimuProA-4,EV_104
359.806,60.0,57.86,1400.0,0,4.02,1,77.01,4.14,22.0,175.0,210.0,EV_104,0.0,860,0.0,DR667059_6,62.05,45301.13,DR667059,202.74,0.0,64.85,D,SimuProA-4,EV_104
351.967,75.0,57.86,2400.0,0,4.0,1,76.99,4.15,38.0,195.0,210.0,EV_104,0.0,870,0.0,DR667059_6,62.12,45301.24,DR667059,202.74,0.0,64.98,D,SimuProA-4,EV_104
368.028,0.0,57.86,300.0,0,4.08,1,76.98,4.14,5.0,-32.0,210.0,EV_104,0.025,880,85.0,DR667059_6,62.15,45301.25,DR667059,202.74,0.0,65.0,D,SimuProA-4,EV_104
352.032,65.0,57.86,2650.0,0,4.01,1,76.97,4.15,42.0,185.0,210.0,EV_104,0.0,890,0.0,DR667059_6,62.18,45301.37,DR667059,202.74,0.0,65.0,D,SimuProA-4,EV_104
350.738,78.0,57.86,3050.0,0,4.0,1,76.94,4.15,48.0,198.0,210.0,EV_104,0.0,900,0.0,DR667059_6,62.25,45301.5,DR667059,202.74,0.0,65.0,D,SimuProA-4,EV_104
357.806,0.0,57.86,1580.0,0,4.09,1,76.93,4.14,25.0,-28.0,210.0,EV_104,0.021,910,40.0,DR667059_6,62.28,45301.57,DR667059,202.74,0.0,65.0,D,SimuProA-4,EV_104
349.598,72.0,57.86,2900.0,0,3.98,1,76.9,4.15,46.0,190.0,210.0,EV_104,0.0,920,0.0,DR667059_6,62.35,45301.7,DR667059,202.74,0.0,65.0,D,SimuProA-4,EV_104
355.201,0.0,57.86,750.0,0,4.05,1,76.89,4.14,12.0,-35.0,210.0,EV_104,0.028,930,65.0,DR667059_6,62.4,45301.73,DR667059,202.74,0.0,65.0,D,SimuProA-4,EV_104
349.803,55.0,57.86,2000.0,0,3.99,1,76.87,4.15,32.0,175.0,210.0,EV_104,0.0,940,0.0,DR667059_6,62.48,45301.82,DR667059,202.74,0.0,65.0,D,SimuProA-4,EV_104
360.525,0.0,57.86,480.0,0,4.08,1,76.84,4.13,8.0,-22.0,210.0,EV_104,0.018,950,55.0,DR667059_6,62.5,45301.84,DR667059,202.74,0.0,65.0,D,SimuProA-4,EV_104
350.437,45.0,57.86,1750.0,0,4.01,1,76.84,4.15,28.0,145.0,210.0,EV_104,0.0,960,0.0,DR667059_6,62.52,45301.92,DR667059,202.74,0.0,65.0,D,SimuProA-4,EV_104
358.1,0.0,57.86,620.0,0,4.06,1,76.82,4.12,10.0,-15.0,210.0,EV_104,0.012,970,25.0,DR667059_6,62.53,45301.95,DR667059,202.74,0.0,65.0,D,SimuProA-4,EV_104
392.04,35.0,57.86,2200.0,0,3.98,1,76.82,4.08,35.0,65.0,210.0,EV_104,0.0,980,0.0,DR667059_6,62.58,45302.05,DR667059,202.74,0.0,65.0,D,SimuProA-4,EV_104
388.497,55.0,57.86,2800.0,0,3.95,1,76.82,4.1,42.0,110.0,210.0,EV_104,0.0,990,0.0,DR667059_6,62.65,45302.16,DR667059,202.74,0.0,65.0,D,SimuProA-4,EV_104
395.612,0.0,57.86,1400.0,0,4.04,1,76.82,4.11,22.0,-28.0,210.0,EV_104,0.015,1000,35.0,DR667059_6,62.68,45302.22,DR667059,202.74,0.0,65.0,D,SimuProA-4,EV_104
381.807,60.0,57.86,3200.0,0,4.0,1,76.8,4.14,48.0,135.0,210.0,EV_104,0.0,1010,0.0,DR667059_6,62.75,45302.35,DR667059,202.74,0.0,65.0,D,SimuProA-4,EV_104
368.977,75.0,57.86,4100.0,0,3.96,1,76.78,4.15,58.0,180.0,210.0,EV_104,0.0,1020,0.0,DR667059_6,62.88,45302.51,DR667059,202.74,0.0,65.0,D,SimuProA-4,EV_104
375.775,0.0,57.86,2500.0,0,4.08,1,76.75,4.13,38.0,-35.0,210.0,EV_104,0.018,1030,45.0,DR667059_6,62.92,45302.62,DR667059,202.74,0.0,65.0,D,SimuProA-4,EV_104
385.335,35.0,57.86,2100.0,0,4.05,1,76.72,4.12,32.0,95.0,210.0,EV_104,0.0,1040,0.0,DR667059_6,62.95,45302.71,DR667059,202.74,0.0,65.0,D,SimuProA-4,EV_104
370.493,65.0,57.86,3800.0,0,3.98,1,76.69,4.14,55.0,165.0,210.0,EV_104,0.0,1050,0.0,DR667059_6,63.05,45302.86,DR667059,202.74,0.0,65.0,D,SimuProA-4,EV_104
391.812,0.0,57.86,1600.0,0,4.07,1,76.67,4.13,25.0,-38.0,210.0,EV_104,0.019,1060,55.0,DR667059_6,63.12,45302.93,DR667059,202.74,0.0,65.0,D,SimuProA-4,EV_104
378.572,60.0,57.86,3600.0,0,3.99,1,76.64,4.14,52.0,145.0,210.0,EV_104,0.0,1070,0.0,DR667059_6,63.25,45303.07,DR667059,202.74,0.0,63.35,D,SimuProA-4,EV_104
361.948,78.0,57.86,4200.0,0,3.97,1,76.62,4.15,60.0,190.0,210.0,EV_104,0.0,1080,0.0,DR667059_6,63.45,45303.24,DR667059,202.74,0.0,63.65,D,SimuProA-4,EV_104
395.18,0.0,57.86,2400.0,0,4.08,1,76.62,4.13,35.0,-42.0,210.0,EV_104,0.02,1090,65.0,DR667059_6,63.6,45303.34,DR667059,202.74,0.0,63.8,D,SimuProA-4,EV_104
382.18,45.0,57.86,2800.0,0,4.05,1,76.61,4.12,42.0,120.0,210.0,EV_104,0.0,1100,0.0,DR667059_6,63.7,45303.46,DR667059,202.74,0.0,63.9,D,SimuProA-4,EV_104
398.002,0.0,57.86,1800.0,0,4.1,1,76.61,4.14,28.0,-15.0,210.0,EV_104,0.008,1110,25.0,DR667059_6,63.75,45303.53,DR667059,202.74,0.0,64.0,D,SimuProA-4,EV_104
374.892,62.0,57.86,3400.0,0,4.02,1,76.59,4.15,50.0,155.0,210.0,EV_104,0.0,1120,0.0,DR667059_6,63.85,45303.67,DR667059,202.74,0.0,64.1,D,SimuProA-4,EV_104
390.929,30.0,57.86,2500.0,0,4.06,1,76.58,4.13,38.0,45.0,210.0,EV_104,0.0,1130,0.0,DR667059_6,63.95,45303.78,DR667059,202.74,0.0,64.2,D,SimuProA-4,EV_104
377.872,55.0,57.86,3800.0,0,3.98,1,76.57,4.15,55.0,135.0,210.0,EV_104,0.0,1140,0.0,DR667059_6,64.1,45303.93,DR667059,202.74,0.0,64.35,D,SimuProA-4,EV_104
395.474,0.0,57.86,1600.0,0,4.09,1,76.56,4.14,25.0,-28.0,210.0,EV_104,0.015,1150,45.0,DR667059_6,64.2,45304.0,DR667059,202.74,0.0,64.4,D,SimuProA-4,EV_104
382.583,35.0,57.86,2800.0,0,4.05,1,76.54,4.15,42.0,85.0,210.0,EV_104,0.0,1160,0.0,DR667059_6,64.3,45304.12,DR667059,202.74,0.0,64.5,D,SimuProA-4,EV_104
377.994,45.0,57.86,3200.0,0,4.03,1,76.54,4.15,48.0,110.0,210.0,EV_104,0.0,1170,0.0,DR667059_6,64.45,45304.25,DR667059,202.74,0.0,64.65,D,SimuProA-4,EV_104
392.23,0.0,57.86,1300.0,0,4.1,1,76.54,4.14,20.0,-35.0,210.0,EV_104,0.02,1180,60.0,DR667059_6,64.55,45304.31,DR667059,202.74,0.0,64.75,D,SimuProA-4,EV_104
379.365,40.0,57.86,3000.0,0,4.04,1,76.53,4.15,45.0,95.0,210.0,EV_104,0.0,1190,0.0,DR667059_6,64.6,45304.43,DR667059,202.74,0.0,64.8,D,SimuProA-4,EV_104
368.37,60.0,57.86,3400.0,0,3.99,1,76.52,4.15,50.0,145.0,210.0,EV_104,0.0,1200,0.0,DR667059_6,64.75,45304.57,DR667059,202.74,0.0,64.95,D,SimuProA-4,EV_104
372.309,0.0,57.86,900.0,0,4.08,1,76.5,4.14,15.0,-25.0,210.0,EV_104,0.018,1210,50.0,DR667059_6,64.85,45304.62,DR667059,202.74,0.0,65.0,D,SimuProA-4,EV_104
395.112,25.0,57.86,1900.0,0,4.09,1,76.48,4.12,30.0,15.0,210.0,EV_104,0.0,1220,0.0,DR667059_6,64.9,45304.7,DR667059,202.74,0.0,65.0,D,SimuProA-4,EV_104
384.78,40.0,57.86,2700.0,0,4.02,1,76.48,4.15,42.0,85.0,210.0,EV_104,0.0,1230,0.0,DR667059_6,65.0,45304.82,DR667059,202.74,0.0,65.0,D,SimuProA-4,EV_104
378.87,55.0,57.86,3800.0,0,4.01,1,76.45,4.15,55.0,120.0,210.0,EV_104,0.0,1240,0.0,DR667059_6,65.0,45304.97,DR667059,202.74,0.0,65.0,D,SimuProA-4,EV_104
365.108,70.0,57.86,4200.0,0,3.98,1,76.41,4.15,60.0,165.0,210.0,EV_104,0.0,1250,0.0,DR667059_6,65.0,45305.14,DR667059,202.74,0.0,65.0,D,SimuProA-4,EV_104
392.261,15.0,57.86,1500.0,0,4.09,1,76.41,4.13,25.0,20.0,210.0,EV_104,0.0,1260,0.0,DR667059_6,65.0,45305.21,DR667059,202.74,0.0,65.0,D,SimuProA-4,EV_104
370.086,50.0,57.86,2900.0,0,4.03,1,76.4,4.15,45.0,110.0,210.0,EV_104,0.0,1270,0.0,DR667059_6,65.0,45305.33,DR667059,202.74,0.0,65.0,D,SimuProA-4,EV_104
375.71,35.0,57.86,3200.0,0,4.04,1,76.38,4.14,50.0,95.0,210.0,EV_104,0.0,0,0.0,DR667059_7,65.0,45305.47,DR667059,202.74,0.0,65.0,D,SimuProA-4,EV_104
381.868,25.0,57.86,4100.0,0,4.05,1,76.37,4.14,65.0,65.0,210.0,EV_104,0.0,10,0.0,DR667059_7,65.0,45305.65,DR667059,202.74,0.0,65.0,D,SimuProA-4,EV_104
378.592,60.0,57.86,4800.0,0,4.02,1,76.37,4.15,75.0,115.0,210.0,EV_104,0.0,20,0.0,DR667059_7,65.0,45305.86,DR667059,202.74,0.0,65.0,D,SimuProA-4,EV_104
382.76,35.0,57.86,5400.0,0,4.03,1,76.36,4.16,85.0,85.0,210.0,EV_104,0.0,30,0.0,DR667059_7,65.0,45306.1,DR667059,202.74,0.0,65.0,D,SimuProA-4,EV_104
386.429,20.0,57.86,5100.0,0,4.04,1,76.34,4.15,80.0,55.0,210.0,EV_104,0.0,40,0.0,DR667059_7,65.0,45306.32,DR667059,202.74,0.0,65.0,D,SimuProA-4,EV_104
389.511,18.0,57.86,4950.0,0,4.05,1,76.34,4.14,78.0,45.0,210.0,EV_104,0.0,50,0.0,DR667059_7,65.0,45306.53,DR667059,202.74,0.0,65.0,D,SimuProA-4,EV_104
387.984,19.0,57.86,4890.0,0,4.04,1,76.33,4.13,77.0,48.0,210.0,EV_104,0.0,60,0.0,DR667059_7,65.0,45306.74,DR667059,202.74,0.0,65.0,D,SimuProA-4,EV_104
386.717,21.0,57.86,5020.0,0,4.03,1,76.32,4.12,79.0,52.0,210.0,EV_104,0.0,70,0.0,DR667059_7,65.0,45306.96,DR667059,202.74,0.0,65.0,D,SimuProA-4,EV_104
385.69,23.0,57.86,5150.0,0,4.02,1,76.3,4.11,81.0,58.0,210.0,EV_104,0.0,80,0.0,DR667059_7,65.0,45307.19,DR667059,202.74,0.0,65.0,D,SimuProA-4,EV_104
385.192,25.0,57.86,5300.0,0,4.01,1,76.28,4.1,83.5,62.5,210.0,EV_104,0.0,90,0.0,DR667059_7,65.0,45307.42,DR667059,202.74,0.0,65.0,D,SimuProA-4,EV_104
382.751,30.0,57.86,5470.0,0,4.01,1,76.26,4.1,86.0,75.0,210.0,EV_104,0.0,100,0.0,DR667059_7,65.0,45307.66,DR667059,202.74,0.0,65.0,D,SimuProA-4,EV_104
385.309,22.0,57.86,5210.0,0,4.02,1,76.24,4.11,82.0,50.0,210.0,EV_104,0.0,110,0.0,DR667059_7,65.0,45307.89,DR667059,202.74,0.0,65.0,D,SimuProA-4,EV_104
383.165,26.0,57.86,5400.0,0,4.015,1,76.22,4.105,85.0,68.0,210.0,EV_104,0.0,120,0.0,DR667059_7,65.0,45308.13,DR667059,202.74,0.0,65.0,D,SimuProA-4,EV_104
381.494,35.0,57.86,5840.0,0,4.02,1,76.17,4.11,92.0,85.0,210.0,EV_104,0.0,130,0.0,DR667059_7,65.0,45308.38,DR667059,202.74,0.0,65.0,D,SimuProA-4,EV_104
384.308,20.0,57.86,5590.0,0,4.03,1,76.15,4.12,88.0,45.0,210.0,EV_104,0.0,140,0.0,DR667059_7,65.0,45308.63,DR667059,202.74,0.0,65.0,D,SimuProA-4,EV_104
383.472,24.0,57.86,5480.0,0,4.025,1,76.12,4.115,86.5,55.0,210.0,EV_104,0.0,150,0.0,DR667059_7,65.0,45308.87,DR667059,202.74,0.0,65.0,D,SimuProA-4,EV_104
381.002,38.0,57.86,5980.0,0,4.03,1,76.1,4.12,94.0,90.0,210.0,EV_104,0.0,160,0.0,DR667059_7,65.0,45309.13,DR667059,202.74,0.0,65.0,D,SimuProA-4,EV_104
383.988,22.0,57.86,5600.0,0,4.028,1,76.1,4.118,88.0,48.0,210.0,EV_104,0.0,170,0.0,DR667059_7,65.0,45309.38,DR667059,202.74,0.0,65.0,D,SimuProA-4,EV_104
382.718,32.0,57.86,5780.0,0,4.029,1,76.09,4.119,91.0,75.0,210.0,EV_104,0.0,180,0.0,DR667059_7,65.0,45309.63,DR667059,202.74,0.0,65.0,D,SimuProA-4,EV_104
380.723,36.0,57.86,5940.0,0,4.027,1,76.07,4.121,93.5,95.0,210.0,EV_104,0.0,190,0.0,DR667059_7,65.0,45309.89,DR667059,202.74,0.0,65.0,D,SimuProA-4,EV_104
383.392,18.0,57.86,5520.0,0,4.03,1,76.07,4.12,87.0,42.0,210.0,EV_104,0.0,200,0.0,DR667059_7,65.0,45310.13,DR667059,202.74,0.0,65.0,D,SimuProA-4,EV_104
384.141,25.0,57.86,5650.0,0,4.031,1,76.05,4.122,89.0,55.0,210.0,EV_104,0.0,210,0.0,DR667059_7,65.0,45310.38,DR667059,202.74,0.0,65.0,D,SimuProA-4,EV_104
380.657,65.0,57.86,6050.0,0,4.025,1,76.05,4.125,98.0,105.0,210.0,EV_104,0.0,220,0.0,DR667059_7,65.0,45310.65,DR667059,202.74,0.0,65.0,D,SimuProA-4,EV_104
378.192,78.0,57.86,6200.0,0,4.022,1,76.02,4.128,105.0,135.0,210.0,EV_104,0.0,230,0.0,DR667059_7,65.0,45310.94,DR667059,202.74,0.0,65.0,D,SimuProA-4,EV_104
375.784,82.0,57.86,6350.0,0,4.02,1,75.97,4.13,110.5,145.0,210.0,EV_104,0.0,240,0.0,DR667059_7,65.0,45311.25,DR667059,202.74,0.0,65.0,D,SimuProA-4,EV_104
376.329,75.0,57.86,6220.0,0,4.021,1,75.96,4.129,108.0,125.0,210.0,EV_104,0.0,250,0.0,DR667059_7,65.0,45311.55,DR667059,202.74,0.0,65.0,D,SimuProA-4,EV_104
378.247,68.0,57.86,6000.0,0,4.023,1,75.93,4.127,102.5,100.0,210.0,EV_104,0.0,260,0.0,DR667059_7,65.0,45311.83,DR667059,202.74,0.0,65.0,D,SimuProA-4,EV_104
377.316,70.0,57.86,6080.0,0,4.022,1,75.89,4.126,104.2,115.0,210.0,EV_104,0.0,270,0.0,DR667059_7,65.0,45312.12,DR667059,202.74,0.0,65.0,D,SimuProA-4,EV_104
377.813,62.0,57.86,5850.0,0,4.023,1,75.86,4.127,100.5,95.0,210.0,EV_104,0.0,280,0.0,DR667059_7,65.0,45312.4,DR667059,202.74,0.0,65.0,D,SimuProA-4,EV_104
378.579,58.0,57.86,5650.0,0,4.021,1,75.85,4.125,96.8,85.0,210.0,EV_104,0.0,290,0.0,DR667059_7,65.0,45312.67,DR667059,202.74,0.0,65.0,D,SimuProA-4,EV_104
378.513,60.0,57.86,5750.0,0,4.022,1,75.84,4.126,98.5,90.0,210.0,EV_104,0.0,300,0.0,DR667059_7,65.0,45312.94,DR667059,202.74,0.0,65.0,D,SimuProA-4,EV_104
377.107,72.0,57.86,6100.0,0,4.02,1,75.82,4.128,105.0,110.0,210.0,EV_104,0.0,310,0.0,DR667059_7,65.0,45313.24,DR667059,202.74,0.0,65.0,D,SimuProA-4,EV_104
377.826,65.0,57.86,5900.0,0,4.022,1,75.81,4.127,101.2,95.0,210.0,EV_104,0.0,320,0.0,DR667059_7,65.0,45313.52,DR667059,202.74,0.0,65.0,D,SimuProA-4,EV_104
377.717,55.0,57.86,5820.0,0,4.021,1,75.79,4.126,99.5,88.0,210.0,EV_104,0.0,330,0.0,DR667059_7,65.0,45313.8,DR667059,202.74,0.0,65.0,D,SimuProA-4,EV_104
377.766,78.0,57.86,6200.0,0,4.019,1,75.77,4.128,108.0,105.0,210.0,EV_104,0.0,340,0.0,DR667059_7,65.0,45314.1,DR667059,202.74,0.0,65.0,D,SimuProA-4,EV_104
378.63,0.0,57.86,5550.0,0,4.022,1,75.77,4.127,95.0,-15.0,210.0,EV_104,0.05,350,12.0,DR667059_7,65.0,45314.36,DR667059,202.74,0.0,65.0,D,SimuProA-4,EV_104
376.702,68.0,57.86,5980.0,0,4.018,1,75.74,4.13,102.5,125.0,210.0,EV_104,0.0,360,0.0,DR667059_7,65.0,45314.64,DR667059,202.74,0.0,65.0,D,SimuProA-4,EV_104
377.194,50.0,57.86,5850.0,0,4.02,1,75.73,4.128,100.0,90.0,210.0,EV_104,0.0,370,0.0,DR667059_7,65.0,45314.92,DR667059,202.74,0.0,65.0,D,SimuProA-4,EV_104
377.161,82.0,57.86,6300.0,0,4.015,1,75.7,4.132,108.0,135.0,210.0,EV_104,0.0,380,0.0,DR667059_7,65.0,45315.22,DR667059,202.74,0.0,65.0,D,SimuProA-4,EV_104
375.814,85.0,57.86,6540.0,0,4.012,1,75.68,4.135,112.0,145.0,210.0,EV_104,0.0,390,0.0,DR667059_7,65.0,45315.53,DR667059,202.74,0.0,65.0,D,SimuProA-4,EV_104
378.236,0.0,57.86,6125.0,0,4.018,1,75.68,4.133,105.0,-18.0,210.0,EV_104,0.06,400,15.0,DR667059_7,65.0,45315.82,DR667059,202.74,0.0,65.0,D,SimuProA-4,EV_104
377.053,55.0,57.86,5870.0,0,4.016,1,75.66,4.129,100.5,110.0,210.0,EV_104,0.0,410,0.0,DR667059_7,65.0,45316.1,DR667059,202.74,0.0,65.0,D,SimuProA-4,EV_104
374.1,78.0,57.86,6325.0,0,4.01,1,75.65,4.138,108.5,155.0,210.0,EV_104,0.0,420,0.0,DR667059_7,65.0,45316.4,DR667059,202.74,0.0,65.0,D,SimuProA-4,EV_104
376.014,52.0,57.86,5950.0,0,4.014,1,75.64,4.135,102.0,115.0,210.0,EV_104,0.0,430,0.0,DR667059_7,65.0,45316.68,DR667059,202.74,0.0,65.0,D,SimuProA-4,EV_104
378.834,0.0,57.86,5540.0,0,4.019,1,75.62,4.136,95.0,-25.0,210.0,EV_104,0.08,440,35.0,DR667059_7,65.0,45316.95,DR667059,202.74,0.0,65.0,D,SimuProA-4,EV_104
379.548,45.0,57.86,5710.0,0,4.022,1,75.59,4.14,98.0,85.0,210.0,EV_104,0.0,450,0.0,DR667059_7,65.0,45317.22,DR667059,202.74,0.0,65.0,D,SimuProA-4,EV_104
375.649,65.0,57.86,6150.0,0,4.015,1,75.58,4.145,105.5,125.0,210.0,EV_104,0.0,460,0.0,DR667059_7,65.0,45317.52,DR667059,202.74,0.0,65.0,D,SimuProA-4,EV_104
377.24,50.0,57.86,5835.0,0,4.018,1,75.56,4.142,100.0,95.0,210.0,EV_104,0.0,470,0.0,DR667059_7,65.0,45317.79,DR667059,202.74,0.0,65.0,D,SimuProA-4,EV_104
373.971,70.0,57.86,6300.0,0,4.012,1,75.51,4.148,108.0,145.0,210.0,EV_104,0.0,480,0.0,DR667059_7,65.0,45318.09,DR667059,202.74,0.0,65.0,D,SimuProA-4,EV_104
375.888,48.0,57.86,5925.0,0,4.016,1,75.5,4.144,101.5,105.0,210.0,EV_104,0.0,490,0.0,DR667059_7,65.0,45318.37,DR667059,202.74,0.0,65.0,D,SimuProA-4,EV_104
377.963,35.0,57.86,5600.0,0,4.019,1,75.48,4.141,96.0,80.0,210.0,EV_104,0.0,500,0.0,DR667059_7,65.0,45318.64,DR667059,202.74,0.0,65.0,D,SimuProA-4,EV_104
376.208,42.0,57.86,5710.0,0,4.017,1,75.47,4.143,98.2,92.5,210.0,EV_104,0.0,510,0.0,DR667059_7,65.0,45318.91,DR667059,202.74,0.0,65.0,D,SimuProA-4,EV_104
373.98,68.0,57.86,6200.0,0,4.014,1,75.46,4.146,106.5,135.0,210.0,EV_104,0.0,520,0.0,DR667059_7,65.0,45319.21,DR667059,202.74,0.0,65.0,D,SimuProA-4,EV_104
375.498,52.0,57.86,5950.0,0,4.016,1,75.44,4.144,102.0,98.0,210.0,EV_104,0.0,530,0.0,DR667059_7,65.0,45319.49,DR667059,202.74,0.0,65.0,D,SimuProA-4,EV_104
374.562,55.0,57.86,6030.0,0,4.015,1,75.41,4.145,103.5,115.0,210.0,EV_104,0.0,540,0.0,DR667059_7,65.0,45319.78,DR667059,202.74,0.0,65.0,D,SimuProA-4,EV_104
375.878,40.0,57.86,5720.0,0,4.017,1,75.39,4.143,98.0,85.0,210.0,EV_104,0.0,550,0.0,DR667059_7,65.0,45320.05,DR667059,202.74,0.0,65.0,D,SimuProA-4,EV_104
372.697,75.0,57.86,6550.0,0,4.012,1,75.37,4.148,112.0,145.0,210.0,EV_104,0.0,560,0.0,DR667059_7,65.0,45320.36,DR667059,202.74,0.0,65.0,D,SimuProA-4,EV_104
374.524,45.0,57.86,5830.0,0,4.016,1,75.35,4.144,100.0,95.0,210.0,EV_104,0.0,570,0.0,DR667059_7,65.0,45320.64,DR667059,202.74,0.0,65.0,D,SimuProA-4,EV_104
372.648,62.0,57.86,6290.0,0,4.013,1,75.33,4.147,108.0,125.0,210.0,EV_104,0.0,580,0.0,DR667059_7,65.0,45320.94,DR667059,202.74,0.0,65.0,D,SimuProA-4,EV_104
375.912,38.0,57.86,5590.0,0,4.015,1,75.31,4.145,96.0,88.0,210.0,EV_104,0.0,590,0.0,DR667059_7,65.0,45321.2,DR667059,202.74,0.0,65.0,D,SimuProA-4,EV_104
376.55,35.0,57.86,5530.0,0,4.016,1,75.27,4.146,95.0,82.0,210.0,EV_104,0.0,600,0.0,DR667059_7,65.0,45321.46,DR667059,202.74,0.0,65.0,D,SimuProA-4,EV_104
371.623,68.0,57.86,6170.0,0,4.01,1,75.26,4.15,106.0,138.0,210.0,EV_104,0.0,610,0.0,DR667059_7,65.0,45321.76,DR667059,202.74,0.0,65.0,D,SimuProA-4,EV_104
374.598,42.0,57.86,5760.0,0,4.015,1,75.22,4.145,99.0,92.0,210.0,EV_104,0.0,620,0.0,DR667059_7,65.0,45322.03,DR667059,202.74,0.0,65.0,D,SimuProA-4,EV_104
372.627,48.0,57.86,5930.0,0,4.012,1,75.19,4.148,102.0,110.0,210.0,EV_104,0.0,630,0.0,DR667059_7,65.0,45322.31,DR667059,202.74,0.0,65.0,D,SimuProA-4,EV_104
370.483,72.0,57.86,6520.0,0,4.008,1,75.18,4.152,112.0,145.0,210.0,EV_104,0.0,640,0.0,DR667059_7,65.0,45322.62,DR667059,202.74,0.0,65.0,D,SimuProA-4,EV_104
376.383,28.0,57.86,5230.0,0,4.017,1,75.16,4.144,90.0,75.0,210.0,EV_104,0.0,650,5.0,DR667059_7,65.0,45322.87,DR667059,202.74,0.0,65.0,D,SimuProA-4,EV_104
374.184,32.0,57.86,5460.0,0,4.013,1,75.14,4.147,94.0,85.0,210.0,EV_104,0.0,660,0.0,DR667059_7,65.0,45323.13,DR667059,202.74,0.0,65.0,D,SimuProA-4,EV_104
371.603,45.0,57.86,5820.0,0,4.009,1,75.12,4.15,100.0,115.0,210.0,EV_104,0.0,670,0.0,DR667059_7,65.0,45323.41,DR667059,202.74,0.0,65.0,D,SimuProA-4,EV_104
375.856,22.0,57.86,5120.0,0,4.018,1,75.11,4.143,88.0,65.0,210.0,EV_104,0.0,680,8.0,DR667059_7,65.0,45323.65,DR667059,202.74,0.0,65.0,D,SimuProA-4,EV_104
371.966,38.0,57.86,5580.0,0,4.011,1,75.07,4.148,96.0,105.0,210.0,EV_104,0.0,690,0.0,DR667059_7,65.0,45323.92,DR667059,202.74,0.0,65.0,D,SimuProA-4,EV_104
368.023,55.0,57.86,6100.0,0,4.005,1,75.05,4.155,105.0,135.0,210.0,EV_104,0.0,700,0.0,DR667059_7,65.0,45324.21,DR667059,202.74,0.0,65.0,D,SimuProA-4,EV_104
372.656,25.0,57.86,5340.0,0,4.015,1,75.03,4.145,92.0,80.0,210.0,EV_104,0.0,710,10.0,DR667059_7,65.0,45324.46,DR667059,202.74,0.0,65.0,D,SimuProA-4,EV_104
369.348,42.0,57.86,5680.0,0,4.008,1,75.0,4.152,98.0,125.0,210.0,EV_104,0.0,720,0.0,DR667059_7,65.0,45324.73,DR667059,202.74,0.0,65.0,D,SimuProA-4,EV_104
365.081,58.0,57.86,6250.0,0,4.002,1,74.99,4.158,108.0,145.0,210.0,EV_104,0.0,730,0.0,DR667059_7,65.0,45325.03,DR667059,202.74,0.0,65.0,D,SimuProA-4,EV_104
370.678,28.0,57.86,5450.0,0,4.012,1,74.96,4.15,94.0,95.0,210.0,EV_104,0.0,740,12.0,DR667059_7,65.0,45325.29,DR667059,202.74,0.0,65.0,D,SimuProA-4,EV_104
364.357,65.0,57.86,6450.0,0,3.995,1,74.95,4.16,112.0,155.0,210.0,EV_104,0.0,750,0.0,DR667059_7,65.0,45325.6,DR667059,202.74,0.0,65.0,D,SimuProA-4,EV_104
371.372,22.0,57.86,5520.0,0,4.01,1,74.94,4.14,96.0,75.0,210.0,EV_104,0.0,760,8.0,DR667059_7,65.0,45325.87,DR667059,202.74,0.0,65.0,D,SimuProA-4,EV_104
367.882,48.0,57.86,5900.0,0,4.005,1,74.92,4.15,102.0,110.0,210.0,EV_104,0.0,770,0.0,DR667059_7,65.0,45326.15,DR667059,202.74,0.0,65.0,D,SimuProA-4,EV_104
366.504,52.0,57.86,6050.0,0,4.008,1,74.9,4.155,105.0,135.0,210.0,EV_104,0.0,780,0.0,DR667059_7,65.0,45326.44,DR667059,202.74,0.0,65.0,D,SimuProA-4,EV_104
372.438,35.0,57.86,5650.0,0,4.015,1,74.88,4.152,98.0,85.0,210.0,EV_104,0.0,790,5.0,DR667059_7,65.0,45326.71,DR667059,202.74,0.0,65.0,D,SimuProA-4,EV_104
368.096,60.0,57.86,6350.0,0,4.01,1,74.88,4.158,110.0,120.0,210.0,EV_104,0.0,800,0.0,DR667059_7,65.0,45327.02,DR667059,202.74,0.0,65.0,D,SimuProA-4,EV_104
364.0,65.0,57.86,6450.0,0,4.005,1,74.85,4.16,112.0,145.0,210.0,EV_104,0.0,810,0.0,DR667059_7,65.0,45327.33,DR667059,202.74,0.0,65.0,D,SimuProA-4,EV_104
369.167,40.0,57.86,6100.0,0,4.01,1,74.83,4.155,106.0,95.0,210.0,EV_104,0.0,820,0.0,DR667059_7,65.0,45327.63,DR667059,202.74,0.0,65.0,D,SimuProA-4,EV_104
366.834,50.0,57.86,6250.0,0,4.008,1,74.8,4.158,109.0,115.0,210.0,EV_104,0.0,830,0.0,DR667059_7,65.0,45327.93,DR667059,202.74,0.0,65.0,D,SimuProA-4,EV_104
365.067,45.0,57.86,6200.0,0,4.012,1,74.78,4.156,108.0,105.0,210.0,EV_104,0.0,840,0.0,DR667059_7,44.2,45328.23,DR667059,202.74,0.0,45.8,D,SimuProA-4,EV_104
363.969,70.0,57.86,6600.0,0,4.002,1,74.74,4.162,115.0,135.0,210.0,EV_104,0.0,850,0.0,DR667059_7,44.5,45328.55,DR667059,202.74,0.0,46.1,D,SimuProA-4,EV_104
367.982,0.0,57.86,5400.0,0,4.015,1,74.74,4.159,95.0,-25.0,210.0,EV_104,0.05,860,15.0,DR667059_7,44.7,45328.81,DR667059,202.74,0.0,46.3,D,SimuProA-4,EV_104
368.814,45.0,57.86,6200.0,0,4.01,1,74.71,4.16,108.0,108.0,210.0,EV_104,0.0,870,0.0,DR667059_7,44.9,45329.11,DR667059,202.74,0.0,46.5,D,SimuProA-4,EV_104
370.38,0.0,57.86,5600.0,0,4.012,1,74.69,4.165,98.0,-15.0,210.0,EV_104,0.04,880,10.0,DR667059_7,45.0,45329.38,DR667059,202.74,0.0,46.6,D,SimuProA-4,EV_104
365.313,60.0,57.86,6400.0,0,4.005,1,74.65,4.168,112.0,125.0,210.0,EV_104,0.0,890,0.0,DR667059_7,45.2,45329.69,DR667059,202.74,0.0,46.9,D,SimuProA-4,EV_104
364.537,75.0,57.86,6750.0,0,4.003,1,74.6,4.17,118.0,142.0,210.0,EV_104,0.0,900,0.0,DR667059_7,45.4,45330.02,DR667059,202.74,0.0,47.1,D,SimuProA-4,EV_104
369.658,0.0,57.86,6000.0,0,4.008,1,74.59,4.163,105.0,-18.0,210.0,EV_104,0.04,910,12.0,DR667059_7,45.5,45330.31,DR667059,202.74,0.0,47.2,D,SimuProA-4,EV_104
365.761,65.0,57.86,6300.0,0,4.001,1,74.56,4.166,110.0,130.0,210.0,EV_104,0.0,920,0.0,DR667059_7,45.7,45330.61,DR667059,202.74,0.0,47.4,D,SimuProA-4,EV_104
366.339,62.0,57.86,6450.0,0,4.002,1,74.51,4.167,113.0,135.0,210.0,EV_104,0.0,930,0.0,DR667059_7,45.9,45330.92,DR667059,202.74,0.0,47.6,D,SimuProA-4,EV_104
365.363,68.0,57.86,6620.0,0,4.0,1,74.5,4.169,116.0,140.5,210.0,EV_104,0.0,940,0.0,DR667059_7,46.1,45331.25,DR667059,202.74,0.0,47.8,D,SimuProA-4,EV_104
370.477,0.0,57.86,6150.0,0,4.009,1,74.49,4.164,108.0,-12.5,210.0,EV_104,0.03,950,15.0,DR667059_7,46.2,45331.55,DR667059,202.74,0.0,47.9,D,SimuProA-4,EV_104
371.582,0.0,57.86,6030.0,0,4.01,1,74.47,4.165,106.0,-14.5,210.0,EV_104,0.035,960,10.0,DR667059_7,46.3,45331.84,DR667059,202.74,0.0,48.0,D,SimuProA-4,EV_104
367.985,55.0,57.86,6200.0,0,4.004,1,74.46,4.168,109.0,125.0,210.0,EV_104,0.0,970,0.0,DR667059_7,46.45,45332.15,DR667059,202.74,0.0,48.15,D,SimuProA-4,EV_104
366.42,60.0,57.86,6380.0,0,4.002,1,74.44,4.17,112.0,142.0,210.0,EV_104,0.0,980,0.0,DR667059_7,46.6,45332.46,DR667059,202.74,0.0,48.3,D,SimuProA-4,EV_104
362.73,72.0,57.86,6550.0,0,4.001,1,74.4,4.172,115.0,155.0,210.0,EV_104,0.0,990,0.0,DR667059_7,46.8,45332.78,DR667059,202.74,0.0,48.5,D,SimuProA-4,EV_104
366.539,50.0,57.86,6250.0,0,4.003,1,74.38,4.168,110.0,130.0,210.0,EV_104,0.0,1000,0.0,DR667059_7,47.0,45333.08,DR667059,202.74,0.0,48.7,D,SimuProA-4,EV_104
368.672,40.0,57.86,5980.0,0,4.005,1,74.38,4.165,105.0,110.0,210.0,EV_104,0.0,1010,0.0,DR667059_7,47.2,45333.38,DR667059,202.74,0.0,48.9,D,SimuProA-4,EV_104
366.945,45.0,57.86,6080.0,0,4.004,1,74.36,4.166,107.0,115.0,210.0,EV_104,0.0,1020,0.0,DR667059_7,47.3,45333.68,DR667059,202.74,0.0,49.0,D,SimuProA-4,EV_104
365.457,65.0,57.86,6420.0,0,4.002,1,74.36,4.169,113.0,135.0,210.0,EV_104,0.0,1030,0.0,DR667059_7,47.5,45333.99,DR667059,202.74,0.0,49.2,D,SimuProA-4,EV_104
363.469,75.0,57.86,6710.0,0,4.001,1,74.34,4.171,118.0,148.0,210.0,EV_104,0.0,1040,0.0,DR667059_7,47.7,45334.32,DR667059,202.74,0.0,49.4,D,SimuProA-4,EV_104
366.178,55.0,57.86,6370.0,0,4.003,1,74.31,4.167,112.0,125.0,210.0,EV_104,0.0,1050,0.0,DR667059_7,47.9,45334.63,DR667059,202.74,0.0,49.6,D,SimuProA-4,EV_104
362.558,70.0,57.86,6595.0,0,4.0,1,74.28,4.172,116.0,155.0,210.0,EV_104,0.0,1060,0.0,DR667059_7,48.1,45334.95,DR667059,202.74,0.0,49.9,D,SimuProA-4,EV_104
363.884,48.0,57.86,6145.0,0,4.004,1,74.26,4.168,108.0,118.0,210.0,EV_104,0.0,1070,0.0,DR667059_7,48.3,45335.25,DR667059,202.74,0.0,50.1,D,SimuProA-4,EV_104
361.308,78.0,57.86,6775.0,0,3.998,1,74.23,4.173,119.0,160.0,210.0,EV_104,0.0,1080,0.0,DR667059_7,48.5,45335.58,DR667059,202.74,0.0,50.3,D,SimuProA-4,EV_104
364.518,42.0,57.86,5965.0,0,4.005,1,74.21,4.17,105.0,110.0,210.0,EV_104,0.0,1090,0.0,DR667059_7,48.7,45335.87,DR667059,202.74,0.0,50.5,D,SimuProA-4,EV_104
360.945,72.0,57.86,6535.0,0,3.995,1,74.19,4.175,115.0,152.0,210.0,EV_104,0.0,1100,0.0,DR667059_7,49.0,45336.19,DR667059,202.74,0.0,50.8,D,SimuProA-4,EV_104
361.14,55.0,57.86,6360.0,0,3.996,1,74.17,4.172,112.0,145.0,210.0,EV_104,0.0,1110,0.0,DR667059_7,49.2,45336.5,DR667059,202.74,0.0,51.0,D,SimuProA-4,EV_104
363.599,38.0,57.86,5790.0,0,4.001,1,74.15,4.169,102.0,120.0,210.0,EV_104,0.0,1120,0.0,DR667059_7,49.4,45336.78,DR667059,202.74,0.0,51.2,D,SimuProA-4,EV_104
360.03,82.0,57.86,6700.0,0,3.992,1,74.15,4.176,118.0,165.0,210.0,EV_104,0.0,1130,0.0,DR667059_7,49.6,45337.11,DR667059,202.74,0.0,51.5,D,SimuProA-4,EV_104
361.696,48.0,57.86,6240.0,0,3.998,1,74.13,4.173,110.0,135.0,210.0,EV_104,0.0,1140,0.0,DR667059_7,49.8,45337.42,DR667059,202.74,0.0,51.7,D,SimuProA-4,EV_104
359.759,75.0,57.86,6580.0,0,3.993,1,74.12,4.177,116.0,158.0,210.0,EV_104,0.0,1150,0.0,DR667059_7,50.0,45337.74,DR667059,202.74,0.0,51.9,D,SimuProA-4,EV_104
361.913,0.0,57.86,5950.0,0,4.002,1,74.12,4.175,105.0,-15.0,210.0,EV_104,0.05,1160,12.0,DR667059_7,50.1,45338.03,DR667059,202.74,0.0,52.0,D,SimuProA-4,EV_104
358.203,55.0,57.86,6350.0,0,3.99,1,74.08,4.172,112.0,145.0,210.0,EV_104,0.0,1170,0.0,DR667059_7,50.3,45338.34,DR667059,202.74,0.0,52.3,D,SimuProA-4,EV_104
356.961,70.0,57.86,6700.0,0,3.985,1,74.07,4.178,118.0,175.0,210.0,EV_104,0.0,1180,0.0,DR667059_7,50.6,45338.67,DR667059,202.74,0.0,52.6,D,SimuProA-4,EV_104
358.833,0.0,57.86,6120.0,0,3.995,1,74.06,4.174,108.0,-25.0,210.0,EV_104,0.08,1190,15.0,DR667059_7,50.7,45338.97,DR667059,202.74,0.0,52.7,D,SimuProA-4,EV_104
355.177,65.0,57.86,6520.0,0,3.982,1,74.05,4.18,115.0,185.0,210.0,EV_104,0.0,1200,0.0,DR667059_7,50.8,45339.29,DR667059,202.74,0.0,52.8,D,SimuProA-4,EV_104
357.98,0.0,57.86,5780.0,0,3.99,1,74.04,4.175,102.0,-20.0,210.0,EV_104,0.06,1210,18.0,DR667059_7,50.9,45339.57,DR667059,202.74,0.0,52.9,D,SimuProA-4,EV_104
355.281,80.0,57.86,6240.0,0,3.978,1,74.02,4.182,110.0,195.0,210.0,EV_104,0.0,1220,0.0,DR667059_7,51.0,45339.88,DR667059,202.74,0.0,53.1,D,SimuProA-4,EV_104
354.648,75.0,57.86,6350.0,0,3.975,1,74.0,4.185,112.0,190.0,210.0,EV_104,0.0,1230,0.0,DR667059_7,51.2,45340.19,DR667059,202.74,0.0,53.3,D,SimuProA-4,EV_104
356.747,0.0,57.86,5950.0,0,3.98,1,73.99,4.18,105.0,-15.0,210.0,EV_104,0.05,1240,12.0,DR667059_7,51.3,45340.48,DR667059,202.74,0.0,53.4,D,SimuProA-4,EV_104
353.813,68.0,57.86,6470.0,0,3.972,1,73.97,4.188,114.0,180.0,210.0,EV_104,0.0,1250,0.0,DR667059_7,51.5,45340.8,DR667059,202.74,0.0,53.6,D,SimuProA-4,EV_104
353.191,72.0,57.86,6580.0,0,3.97,1,73.96,4.19,116.0,192.0,210.0,EV_104,0.0,1260,0.0,DR667059_7,51.7,45341.12,DR667059,202.74,0.0,53.8,D,SimuProA-4,EV_104
354.282,65.0,57.86,6470.0,0,3.975,1,73.94,4.185,114.0,185.0,210.0,EV_104,0.0,1270,0.0,DR667059_7,51.9,45341.44,DR667059,202.74,0.0,54.0,D,SimuProA-4,EV_104
355.966,60.0,57.86,6350.0,0,3.978,1,73.92,4.182,112.0,175.0,210.0,EV_104,0.0,0,0.0,DR667059_8,52.0,45341.75,DR667059,202.74,0.0,54.1,D,SimuProA-4,EV_104
353.558,66.0,57.86,6410.0,0,3.974,1,73.89,4.186,113.0,188.0,210.0,EV_104,0.0,10,0.0,DR667059_8,52.1,45342.06,DR667059,202.74,0.0,54.2,D,SimuProA-4,EV_104
352.338,73.0,57.86,6580.0,0,3.971,1,73.88,4.189,116.0,195.0,210.0,EV_104,0.0,20,0.0,DR667059_8,52.2,45342.39,DR667059,202.74,0.0,54.3,D,SimuProA-4,EV_104
355.105,0.0,57.86,6120.0,0,3.976,1,73.87,4.184,108.0,-25.0,210.0,EV_104,0.04,30,15.0,DR667059_8,52.3,45342.69,DR667059,202.74,0.0,54.4,D,SimuProA-4,EV_104
355.188,55.0,57.86,6250.0,0,3.977,1,73.84,4.183,110.0,145.0,210.0,EV_104,0.0,40,0.0,DR667059_8,52.4,45343.0,DR667059,202.74,0.0,54.5,D,SimuProA-4,EV_104
351.682,62.0,57.86,6360.0,0,3.973,1,73.84,4.186,112.0,165.0,210.0,EV_104,0.0,50,0.0,DR667059_8,52.5,45343.31,DR667059,202.74,0.0,54.6,D,SimuProA-4,EV_104
353.08,0.0,57.86,5960.0,0,3.976,1,73.83,4.184,105.0,-15.0,210.0,EV_104,0.03,60,10.0,DR667059_8,52.6,45343.6,DR667059,202.74,0.0,54.7,D,SimuProA-4,EV_104
348.533,65.0,57.86,6450.0,0,3.974,1,73.82,4.185,114.0,180.0,210.0,EV_104,0.0,70,0.0,DR667059_8,52.7,45343.92,DR667059,202.74,0.0,54.8,D,SimuProA-4,EV_104
352.92,45.0,57.86,6150.0,0,3.975,1,73.81,4.182,108.0,130.0,210.0,EV_104,0.0,80,0.0,DR667059_8,52.8,45344.22,DR667059,202.74,0.0,54.9,D,SimuProA-4,EV_104
346.942,75.0,57.86,6680.0,0,3.972,1,73.8,4.187,118.0,190.0,210.0,EV_104,0.0,90,0.0,DR667059_8,52.9,45344.54,DR667059,202.74,0.0,55.0,D,SimuProA-4,EV_104
350.369,55.0,57.86,6500.0,0,3.974,1,73.79,4.185,115.0,145.0,210.0,EV_104,0.0,100,0.0,DR667059_8,53.0,45344.86,DR667059,202.74,0.0,55.1,D,SimuProA-4,EV_104
347.522,80.0,57.86,6800.0,0,3.971,1,73.78,4.188,120.0,185.0,210.0,EV_104,0.0,110,0.0,DR667059_8,53.1,45345.19,DR667059,202.74,0.0,55.2,D,SimuProA-4,EV_104
351.542,0.0,57.86,6200.0,0,3.973,1,73.77,4.186,110.0,-25.0,210.0,EV_104,0.04,120,15.0,DR667059_8,53.2,45345.5,DR667059,202.74,0.0,55.3,D,SimuProA-4,EV_104
349.428,40.0,57.86,6350.0,0,3.972,1,73.76,4.184,112.0,135.0,210.0,EV_104,0.0,130,0.0,DR667059_8,53.2,45345.81,DR667059,202.74,0.0,55.3,D,SimuProA-4,EV_104
344.905,65.0,57.86,6600.0,0,3.97,1,73.74,4.185,117.0,165.0,210.0,EV_104,0.0,140,0.0,DR667059_8,53.3,45346.14,DR667059,202.74,0.0,55.4,D,SimuProA-4,EV_104
348.208,0.0,57.86,5950.0,0,3.974,1,73.73,4.186,105.0,-15.0,210.0,EV_104,0.03,150,10.0,DR667059_8,53.3,45346.43,DR667059,202.74,0.0,55.4,D,SimuProA-4,EV_104
346.584,50.0,57.86,6450.0,0,3.971,1,73.71,4.185,114.0,145.0,210.0,EV_104,0.0,160,0.0,DR667059_8,53.4,45346.75,DR667059,202.74,0.0,55.5,D,SimuProA-4,EV_104
343.45,75.0,57.86,6750.0,0,3.968,1,73.71,4.187,119.0,175.0,210.0,EV_104,0.0,170,0.0,DR667059_8,53.5,45347.08,DR667059,202.74,0.0,55.6,D,SimuProA-4,EV_104
345.012,0.0,57.86,6100.0,0,3.975,1,73.7,4.188,108.0,-20.0,210.0,EV_104,0.04,180,12.0,DR667059_8,53.5,45347.38,DR667059,202.74,0.0,55.6,D,SimuProA-4,EV_104
348.875,45.0,57.86,6350.0,0,3.972,1,73.68,4.186,112.0,120.0,210.0,EV_104,0.0,190,0.0,DR667059_8,53.6,45347.69,DR667059,202.74,0.0,55.7,D,SimuProA-4,EV_104
344.607,60.0,57.86,6680.0,0,3.969,1,73.67,4.188,118.0,155.0,210.0,EV_104,0.0,200,0.0,DR667059_8,53.7,45348.02,DR667059,202.74,0.0,55.8,D,SimuProA-4,EV_104
345.786,0.0,57.86,6000.0,0,3.976,1,73.66,4.187,106.0,-12.0,210.0,EV_104,0.03,210,8.0,DR667059_8,53.7,45348.31,DR667059,202.74,0.0,55.8,D,SimuProA-4,EV_104
342.633,70.0,57.86,6720.0,0,3.965,1,73.66,4.189,119.0,165.0,210.0,EV_104,0.0,220,0.0,DR667059_8,53.8,45348.64,DR667059,202.74,0.0,55.9,D,SimuProA-4,EV_104
346.402,0.0,57.86,6050.0,0,3.978,1,73.64,4.188,107.0,-15.0,210.0,EV_104,0.04,230,10.0,DR667059_8,53.8,45348.94,DR667059,202.74,0.0,55.9,D,SimuProA-4,EV_104
343.03,55.0,57.86,6500.0,0,3.967,1,73.63,4.187,115.0,150.0,210.0,EV_104,0.0,240,0.0,DR667059_8,53.9,45349.26,DR667059,202.74,0.0,56.0,D,SimuProA-4,EV_104
348.254,0.0,57.86,5780.0,0,3.98,1,73.62,4.19,102.0,-18.5,210.0,EV_104,0.05,250,12.0,DR667059_8,54.0,45349.54,DR667059,202.74,0.0,56.1,D,SimuProA-4,EV_104
343.983,65.0,57.86,6560.0,0,3.965,1,73.61,4.188,116.0,160.0,210.0,EV_104,0.0,260,0.0,DR667059_8,54.1,45349.87,DR667059,202.74,0.0,56.2,D,SimuProA-4,EV_104
345.155,0.0,57.86,6120.0,0,3.975,1,73.59,4.187,108.0,-10.0,210.0,EV_104,0.04,270,8.0,DR667059_8,54.1,45350.17,DR667059,202.74,0.0,56.2,D,SimuProA-4,EV_104
344.416,60.0,57.86,6610.0,0,3.966,1,73.56,4.186,117.0,155.0,210.0,EV_104,0.0,280,0.0,DR667059_8,54.2,45350.49,DR667059,202.74,0.0,56.3,D,SimuProA-4,EV_104
346.533,0.0,57.86,6160.0,0,3.978,1,73.56,4.188,109.0,-12.0,210.0,EV_104,0.04,290,10.0,DR667059_8,54.3,45350.8,DR667059,202.74,0.0,56.4,D,SimuProA-4,EV_104
343.469,58.0,57.86,6670.0,0,3.962,1,73.56,4.185,118.0,145.0,210.0,EV_104,0.0,300,0.0,DR667059_8,54.4,45351.13,DR667059,202.74,0.0,56.5,D,SimuProA-4,EV_104
344.474,62.0,57.86,6640.0,0,3.968,1,73.55,4.187,117.5,152.0,210.0,EV_104,0.0,310,0.0,DR667059_8,54.4,45351.46,DR667059,202.74,0.0,56.5,D,SimuProA-4,EV_104
343.514,68.0,57.86,6720.0,0,3.96,1,73.53,4.185,119.0,165.0,210.0,EV_104,0.0,320,0.0,DR667059_8,54.5,45351.79,DR667059,202.74,0.0,56.6,D,SimuProA-4,EV_104
345.299,0.0,57.86,6330.0,0,3.972,1,73.52,4.189,112.0,-8.0,210.0,EV_104,0.03,330,12.0,DR667059_8,54.5,45352.1,DR667059,202.74,0.0,56.6,D,SimuProA-4,EV_104
342.889,65.0,57.86,6780.0,0,3.958,1,73.49,4.184,120.0,158.0,210.0,EV_104,0.0,340,0.0,DR667059_8,54.6,45352.43,DR667059,202.74,0.0,56.7,D,SimuProA-4,EV_104
343.861,55.0,57.86,6590.0,0,3.964,1,73.49,4.186,116.5,142.0,210.0,EV_104,0.0,350,0.0,DR667059_8,54.6,45352.76,DR667059,202.74,0.0,56.7,D,SimuProA-4,EV_104
343.424,60.0,57.86,6670.0,0,3.96,1,73.47,4.185,118.0,155.0,210.0,EV_104,0.0,360,0.0,DR667059_8,54.7,45353.08,DR667059,202.74,0.0,56.8,D,SimuProA-4,EV_104
344.185,52.0,57.86,6520.0,0,3.965,1,73.45,4.187,115.0,138.5,210.0,EV_104,0.0,370,0.0,DR667059_8,54.8,45353.4,DR667059,202.74,0.0,56.9,D,SimuProA-4,EV_104
342.924,72.0,57.86,6850.0,0,3.957,1,73.45,4.184,121.0,162.0,210.0,EV_104,0.0,380,0.0,DR667059_8,54.9,45353.74,DR667059,202.74,0.0,57.0,D,SimuProA-4,EV_104
344.063,0.0,57.86,6460.0,0,3.97,1,73.44,4.188,114.0,-15.0,210.0,EV_104,0.04,390,15.0,DR667059_8,54.9,45354.05,DR667059,202.74,0.0,57.0,D,SimuProA-4,EV_104
342.744,58.0,57.86,6640.0,0,3.955,1,73.42,4.182,117.5,145.0,210.0,EV_104,0.0,400,0.0,DR667059_8,55.0,45354.38,DR667059,202.74,0.0,57.1,D,SimuProA-4,EV_104
340.728,75.0,57.86,6900.0,0,3.95,1,73.4,4.18,122.0,168.0,210.0,EV_104,0.0,410,0.0,DR667059_8,55.2,45354.72,DR667059,202.74,0.0,57.3,D,SimuProA-4,EV_104
343.228,0.0,57.86,6390.0,0,3.962,1,73.4,4.185,113.0,-18.0,210.0,EV_104,0.05,420,18.0,DR667059_8,55.2,45355.03,DR667059,202.74,0.0,57.3,D,SimuProA-4,EV_104
341.465,65.0,57.86,6800.0,0,3.952,1,73.38,4.181,120.0,155.0,210.0,EV_104,0.0,430,0.0,DR667059_8,55.3,45355.36,DR667059,202.74,0.0,57.4,D,SimuProA-4,EV_104
338.092,80.0,57.86,6900.0,0,3.948,1,73.37,4.179,122.0,175.0,210.0,EV_104,0.0,440,0.0,DR667059_8,55.5,45355.7,DR667059,202.74,0.0,57.6,D,SimuProA-4,EV_104
342.995,0.0,57.86,6500.0,0,3.965,1,73.35,4.186,115.0,-12.0,210.0,EV_104,0.04,450,12.0,DR667059_8,55.5,45356.02,DR667059,202.74,0.0,57.6,D,SimuProA-4,EV_104
336.657,85.0,57.86,7080.0,0,3.942,1,73.32,4.175,125.0,185.0,210.0,EV_104,0.0,460,0.0,DR667059_8,55.7,45356.37,DR667059,202.74,0.0,57.8,D,SimuProA-4,EV_104
340.231,70.0,57.86,6850.0,0,3.955,1,73.29,4.182,121.0,145.0,210.0,EV_104,0.0,470,0.0,DR667059_8,55.8,45356.7,DR667059,202.74,0.0,57.9,D,SimuProA-4,EV_104
343.733,0.0,57.86,6340.0,0,3.968,1,73.29,4.188,112.0,-15.0,210.0,EV_104,0.045,480,15.0,DR667059_8,55.9,45357.01,DR667059,202.74,0.0,58.0,D,SimuProA-4,EV_104
336.993,75.0,57.86,6780.0,0,3.95,1,73.26,4.176,120.0,165.0,210.0,EV_104,0.0,490,0.0,DR667059_8,56.0,45357.34,DR667059,202.74,0.0,58.1,D,SimuProA-4,EV_104
338.729,65.0,57.86,6670.0,0,3.958,1,73.24,4.18,118.0,130.0,210.0,EV_104,0.0,500,0.0,DR667059_8,56.1,45357.67,DR667059,202.74,0.0,58.2,D,SimuProA-4,EV_104
338.542,0.0,57.86,6450.0,0,3.962,1,73.23,4.183,114.0,-8.0,210.0,EV_104,0.035,510,8.0,DR667059_8,56.2,45357.99,DR667059,202.74,0.0,58.3,D,SimuProA-4,EV_104
339.257,68.0,57.86,6560.0,0,3.965,1,73.2,4.181,116.5,140.0,210.0,EV_104,0.0,520,0.0,DR667059_8,56.3,45358.31,DR667059,202.74,0.0,58.4,D,SimuProA-4,EV_104
335.641,82.0,57.86,6880.0,0,3.952,1,73.19,4.175,122.0,175.0,210.0,EV_104,0.0,530,0.0,DR667059_8,56.5,45358.65,DR667059,202.74,0.0,58.6,D,SimuProA-4,EV_104
337.476,0.0,57.86,6210.0,0,3.96,1,73.18,4.185,110.0,-12.0,210.0,EV_104,0.048,540,18.0,DR667059_8,56.6,45358.96,DR667059,202.74,0.0,58.7,D,SimuProA-4,EV_104
338.961,45.0,57.86,6100.0,0,3.959,1,73.17,4.182,108.0,95.0,210.0,EV_104,0.0,550,0.0,DR667059_8,56.7,45359.26,DR667059,202.74,0.0,58.8,D,SimuProA-4,EV_104
336.871,70.0,57.86,6500.0,0,3.955,1,73.15,4.178,115.0,145.0,210.0,EV_104,0.0,560,0.0,DR667059_8,56.8,45359.58,DR667059,202.74,0.0,58.9,D,SimuProA-4,EV_104
335.503,80.0,57.86,6750.0,0,3.951,1,73.14,4.176,120.0,165.0,210.0,EV_104,0.0,570,0.0,DR667059_8,56.9,45359.91,DR667059,202.74,0.0,59.0,D,SimuProA-4,EV_104
334.301,90.0,57.86,7050.0,0,3.948,1,73.11,4.174,125.0,185.0,210.0,EV_104,0.0,580,0.0,DR667059_8,57.0,45360.26,DR667059,202.74,0.0,59.1,D,SimuProA-4,EV_104
334.044,95.0,57.86,7220.0,0,3.945,1,73.11,4.172,128.0,190.0,210.0,EV_104,0.0,590,0.0,DR667059_8,57.1,45360.61,DR667059,202.74,0.0,59.2,D,SimuProA-4,EV_104
334.646,55.0,57.86,6880.0,0,3.943,1,73.1,4.17,122.0,110.0,210.0,EV_104,0.0,600,0.0,DR667059_8,57.2,45360.95,DR667059,202.74,0.0,59.3,D,SimuProA-4,EV_104
335.752,45.0,57.86,6650.0,0,3.941,1,73.09,4.168,118.0,85.0,210.0,EV_104,0.0,610,0.0,DR667059_8,57.3,45361.28,DR667059,202.74,0.0,59.4,D,SimuProA-4,EV_104
337.14,35.0,57.86,6300.0,0,3.94,1,73.09,4.165,112.0,70.0,210.0,EV_104,0.0,620,0.0,DR667059_8,57.4,45361.59,DR667059,202.74,0.0,59.5,D,SimuProA-4,EV_104
336.241,40.0,57.86,6550.0,0,3.938,1,73.08,4.163,116.0,95.0,210.0,EV_104,0.0,630,0.0,DR667059_8,57.5,45361.91,DR667059,202.74,0.0,59.6,D,SimuProA-4,EV_104
335.285,30.0,57.86,6200.0,0,3.936,1,73.05,4.162,110.0,105.0,210.0,EV_104,0.0,640,0.0,DR667059_8,57.6,45362.22,DR667059,202.74,0.0,59.7,D,SimuProA-4,EV_104
338.17,25.0,57.86,5900.0,0,3.934,1,73.05,4.16,105.0,65.0,210.0,EV_104,0.0,650,0.0,DR667059_8,57.7,45362.51,DR667059,202.74,0.0,59.8,D,SimuProA-4,EV_104
337.535,28.0,57.86,6080.0,0,3.932,1,73.05,4.158,108.0,75.0,210.0,EV_104,0.0,660,0.0,DR667059_8,57.8,45362.81,DR667059,202.74,0.0,59.9,D,SimuProA-4,EV_104
336.405,32.0,57.86,6300.0,0,3.93,1,73.04,4.156,112.0,85.0,210.0,EV_104,0.0,670,0.0,DR667059_8,57.9,45363.12,DR667059,202.74,0.0,60.0,D,SimuProA-4,EV_104
335.161,45.0,57.86,6650.0,0,3.928,1,73.02,4.155,118.0,110.0,210.0,EV_104,0.0,680,0.0,DR667059_8,58.0,45363.45,DR667059,202.74,0.0,60.1,D,SimuProA-4,EV_104
335.705,28.0,57.86,6200.0,0,3.926,1,73.02,4.154,110.0,72.0,210.0,EV_104,0.0,690,0.0,DR667059_8,58.1,45363.75,DR667059,202.74,0.0,60.2,D,SimuProA-4,EV_104
334.734,29.0,57.86,6240.0,0,3.924,1,72.99,4.152,111.0,78.0,210.0,EV_104,0.0,700,0.0,DR667059_8,58.3,45364.06,DR667059,202.74,0.0,60.4,D,SimuProA-4,EV_104
334.931,30.0,57.86,6350.0,0,3.922,1,72.99,4.15,113.0,82.0,210.0,EV_104,0.0,710,0.0,DR667059_8,58.5,45364.37,DR667059,202.74,0.0,60.6,D,SimuProA-4,EV_104
334.501,27.0,57.86,6180.0,0,3.92,1,72.97,4.148,110.0,75.0,210.0,EV_104,0.0,720,0.0,DR667059_8,58.6,45364.68,DR667059,202.74,0.0,60.7,D,SimuProA-4,EV_104
334.574,31.0,57.86,6300.0,0,3.918,1,72.94,4.146,112.0,85.0,210.0,EV_104,0.0,730,0.0,DR667059_8,58.7,45364.99,DR667059,202.74,0.0,60.8,D,SimuProA-4,EV_104
333.381,35.0,57.86,6520.0,0,3.915,1,72.9,4.144,116.0,92.0,210.0,EV_104,0.0,740,0.0,DR667059_8,58.8,45365.31,DR667059,202.74,0.0,61.0,D,SimuProA-4,EV_104
333.742,38.0,57.86,6650.0,0,3.912,1,72.85,4.142,118.0,98.0,210.0,EV_104,0.0,750,0.0,DR667059_8,59.0,45365.64,DR667059,202.74,0.0,61.2,D,SimuProA-4,EV_104
332.905,42.0,57.86,6780.0,0,3.91,1,72.8,4.14,120.0,105.0,210.0,EV_104,0.0,760,0.0,DR667059_8,59.2,45365.97,DR667059,202.74,0.0,61.4,D,SimuProA-4,EV_104
332.567,40.0,57.86,6720.0,0,3.908,1,72.73,4.138,119.0,115.0,210.0,EV_104,0.0,770,0.0,DR667059_8,59.4,45366.3,DR667059,202.74,0.0,61.6,D,SimuProA-4,EV_104
332.65,36.0,57.86,6600.0,0,3.91,1,72.68,4.14,117.0,95.0,210.0,EV_104,0.0,780,0.0,DR667059_8,59.6,45366.63,DR667059,202.74,0.0,61.8,D,SimuProA-4,EV_104
332.427,45.0,57.86,6820.0,0,3.905,1,72.62,4.135,121.0,125.0,210.0,EV_104,0.0,790,0.0,DR667059_8,59.8,45366.97,DR667059,202.74,0.0,62.0,D,SimuProA-4,EV_104
331.489,50.0,57.86,6950.0,0,3.902,1,72.57,4.132,123.0,140.0,210.0,EV_104,0.0,800,0.0,DR667059_8,60.1,45367.31,DR667059,202.74,0.0,62.3,D,SimuProA-4,EV_104
333.02,20.0,57.86,6480.0,0,3.912,1,72.53,4.138,115.0,45.0,210.0,EV_104,0.0,810,5.0,DR667059_8,60.3,45367.63,DR667059,202.74,0.0,62.5,D,SimuProA-4,EV_104
333.02,38.0,57.86,6540.0,0,3.911,1,72.5,4.139,116.0,85.0,210.0,EV_104,0.0,820,0.0,DR667059_8,60.5,45367.95,DR667059,202.74,0.0,62.7,D,SimuProA-4,EV_104
332.296,48.0,57.86,6780.0,0,3.903,1,72.45,4.133,120.0,130.0,210.0,EV_104,0.0,830,0.0,DR667059_8,60.7,45368.29,DR667059,202.74,0.0,62.9,D,SimuProA-4,EV_104
334.063,25.0,57.86,6320.0,0,3.915,1,72.44,4.141,112.0,60.0,210.0,EV_104,0.0,840,0.0,DR667059_8,60.8,45368.6,DR667059,202.74,0.0,63.0,D,SimuProA-4,EV_104
332.752,45.0,57.86,6660.0,0,3.904,1,72.41,4.134,118.0,135.0,210.0,EV_104,0.0,850,0.0,DR667059_8,61.0,45368.93,DR667059,202.74,0.0,63.2,D,SimuProA-4,EV_104
331.913,52.0,57.86,6840.0,0,3.901,1,72.36,4.132,121.0,145.0,210.0,EV_104,0.0,860,0.0,DR667059_8,61.2,45369.26,DR667059,202.74,0.0,63.4,D,SimuProA-4,EV_104
333.021,30.0,57.86,6440.0,0,3.91,1,72.34,4.137,114.0,75.0,210.0,EV_104,0.0,870,0.0,DR667059_8,61.3,45369.58,DR667059,202.74,0.0,63.5,D,SimuProA-4,EV_104
331.456,42.0,57.86,6690.0,0,3.9,1,72.31,4.131,118.5,140.0,210.0,EV_104,0.0,880,0.0,DR667059_8,61.5,45369.91,DR667059,202.74,0.0,63.7,D,SimuProA-4,EV_104
330.645,55.0,57.86,6890.0,0,3.898,1,72.26,4.129,122.0,155.0,210.0,EV_104,0.0,890,0.0,DR667059_8,61.8,45370.25,DR667059,202.74,0.0,64.0,D,SimuProA-4,EV_104
332.579,28.0,57.86,6210.0,0,3.906,1,72.25,4.135,110.0,85.0,210.0,EV_104,0.0,900,0.0,DR667059_8,61.9,45370.55,DR667059,202.74,0.0,64.1,D,SimuProA-4,EV_104
330.306,45.0,57.86,6500.0,0,3.895,1,72.17,4.125,115.0,135.0,210.0,EV_104,0.0,910,0.0,DR667059_8,62.1,45370.87,DR667059,202.74,0.0,64.3,D,SimuProA-4,EV_104
331.833,32.0,57.86,6100.0,0,3.902,1,72.16,4.13,108.0,80.0,210.0,EV_104,0.0,920,0.0,DR667059_8,62.2,45371.17,DR667059,202.74,0.0,64.4,D,SimuProA-4,EV_104
330.173,58.0,57.86,6780.0,0,3.89,1,72.1,4.122,120.0,150.0,210.0,EV_104,0.0,930,0.0,DR667059_8,62.5,45371.5,DR667059,202.74,0.0,64.7,D,SimuProA-4,EV_104
331.406,35.0,57.86,6150.0,0,3.901,1,72.07,4.132,109.0,95.0,210.0,EV_104,0.0,940,0.0,DR667059_8,62.6,45371.8,DR667059,202.74,0.0,64.8,D,SimuProA-4,EV_104
330.854,52.0,57.86,6670.0,0,3.896,1,72.07,4.128,118.0,140.0,210.0,EV_104,0.0,950,0.0,DR667059_8,62.8,45372.13,DR667059,202.74,0.0,65.0,D,SimuProA-4,EV_104
331.844,25.0,57.86,5930.0,0,3.905,1,72.07,4.138,105.0,75.0,210.0,EV_104,0.0,960,0.0,DR667059_8,62.9,45372.42,DR667059,202.74,0.0,65.0,D,SimuProA-4,EV_104
332.392,28.0,57.86,5780.0,0,3.902,1,72.04,4.135,102.0,65.0,210.0,EV_104,0.0,970,0.0,DR667059_8,63.0,45372.7,DR667059,202.74,0.0,65.0,D,SimuProA-4,EV_104
330.99,38.0,57.86,6220.0,0,3.895,1,72.03,4.128,110.0,90.0,210.0,EV_104,0.0,980,0.0,DR667059_8,63.2,45373.01,DR667059,202.74,0.0,65.0,D,SimuProA-4,EV_104
333.065,0.0,57.86,5880.0,0,3.908,1,72.01,4.14,104.0,-15.0,210.0,EV_104,0.05,990,10.0,DR667059_8,63.1,45373.3,DR667059,202.74,0.0,65.0,D,SimuProA-4,EV_104
334.403,32.0,57.86,6100.0,0,3.91,1,71.98,4.142,108.0,55.0,210.0,EV_104,0.0,1000,0.0,DR667059_8,63.2,45373.6,DR667059,202.74,0.0,65.0,D,SimuProA-4,EV_104
332.203,45.0,57.86,6500.0,0,3.902,1,71.94,4.138,115.0,110.0,210.0,EV_104,0.0,1010,0.0,DR667059_8,63.4,45373.92,DR667059,202.74,0.0,65.0,D,SimuProA-4,EV_104
335.587,0.0,57.86,6150.0,0,3.912,1,71.93,4.145,109.0,-25.0,210.0,EV_104,0.06,1020,15.0,DR667059_8,63.4,45374.22,DR667059,202.74,0.0,65.0,D,SimuProA-4,EV_104
333.535,35.0,57.86,6340.0,0,3.905,1,71.87,4.14,112.0,95.0,210.0,EV_104,0.0,1030,0.0,DR667059_8,63.6,45374.53,DR667059,202.74,0.0,65.0,D,SimuProA-4,EV_104
331.594,48.0,57.86,6700.0,0,3.898,1,71.81,4.135,118.0,125.0,210.0,EV_104,0.0,1040,0.0,DR667059_8,63.8,45374.86,DR667059,202.74,0.0,65.0,D,SimuProA-4,EV_104
333.728,0.0,57.86,6000.0,0,3.915,1,71.81,4.148,106.0,-30.0,210.0,EV_104,0.07,1050,12.0,DR667059_8,63.9,45375.15,DR667059,202.74,0.0,65.0,D,SimuProA-4,EV_104
334.208,42.0,57.86,6450.0,0,3.908,1,71.75,4.142,114.0,105.0,210.0,EV_104,0.0,1060,0.0,DR667059_8,64.0,45375.47,DR667059,202.74,0.0,65.0,D,SimuProA-4,EV_104
332.541,50.0,57.86,6720.0,0,3.895,1,71.67,4.136,119.0,118.0,210.0,EV_104,0.0,1070,0.0,DR667059_8,64.2,45375.8,DR667059,202.74,0.0,65.0,D,SimuProA-4,EV_104
335.559,0.0,57.86,6280.0,0,3.91,1,71.67,4.146,111.0,-28.0,210.0,EV_104,0.06,1080,10.0,DR667059_8,64.3,45376.11,DR667059,202.74,0.0,65.0,D,SimuProA-4,EV_104
334.417,52.0,57.86,6650.0,0,3.892,1,71.58,4.14,117.5,132.5,210.0,EV_104,0.0,1090,0.0,DR667059_8,64.4,45376.44,DR667059,202.74,0.0,65.0,D,SimuProA-4,EV_104
330.867,55.0,57.86,6800.0,0,3.885,1,71.51,4.142,120.0,145.0,210.0,EV_104,0.0,1100,0.0,DR667059_8,64.6,45376.77,DR667059,202.74,0.0,65.0,D,SimuProA-4,EV_104
334.864,0.0,57.86,6100.0,0,3.905,1,71.5,4.145,108.0,-35.0,210.0,EV_104,0.08,1110,15.0,DR667059_8,64.7,45377.07,DR667059,202.74,0.0,65.0,D,SimuProA-4,EV_104
330.243,55.0,57.86,6800.0,0,3.882,1,71.41,4.138,120.0,142.5,210.0,EV_104,0.0,1120,0.0,DR667059_8,64.8,45377.4,DR667059,202.74,0.0,65.0,D,SimuProA-4,EV_104
334.395,0.0,57.86,6100.0,0,3.902,1,71.41,4.142,108.0,-32.0,210.0,EV_104,0.07,1130,12.0,DR667059_8,64.9,45377.7,DR667059,202.74,0.0,65.0,D,SimuProA-4,EV_104
331.772,53.0,57.86,6700.0,0,3.888,1,71.33,4.135,118.5,138.0,210.0,EV_104,0.0,1140,0.0,DR667059_8,65.0,45378.03,DR667059,202.74,0.0,65.0,D,SimuProA-4,EV_104
332.147,54.0,57.86,6780.0,0,3.89,1,71.28,4.136,119.8,140.2,210.0,EV_104,0.0,1150,0.0,DR667059_8,65.0,45378.36,DR667059,202.74,0.0,65.0,D,SimuProA-4,EV_104
334.919,0.0,57.86,6020.0,0,3.908,1,71.26,4.14,106.5,-38.5,210.0,EV_104,0.09,1160,18.0,DR667059_8,65.0,45378.66,DR667059,202.74,0.0,65.0,D,SimuProA-4,EV_104
332.126,56.0,57.86,6820.0,0,3.886,1,71.21,4.134,120.5,143.8,210.0,EV_104,0.0,1170,0.0,DR667059_8,65.0,45378.99,DR667059,202.74,0.0,65.0,D,SimuProA-4,EV_104
331.625,55.0,57.86,6860.0,0,3.882,1,71.15,4.132,121.2,145.5,210.0,EV_104,0.0,1180,0.0,DR667059_8,65.0,45379.33,DR667059,202.74,0.0,65.0,D,SimuProA-4,EV_104
329.734,68.0,57.86,7070.0,0,3.875,1,71.09,4.138,124.8,162.0,210.0,EV_104,0.0,1190,0.0,DR667059_8,65.0,45379.67,DR667059,202.74,0.0,65.0,D,SimuProA-4,EV_104
332.79,0.0,57.86,6380.0,0,3.895,1,71.06,4.145,112.5,-45.0,210.0,EV_104,0.08,1200,22.0,DR667059_8,65.0,45379.99,DR667059,202.74,0.0,65.0,D,SimuProA-4,EV_104
331.989,52.0,57.86,6700.0,0,3.878,1,71.0,4.135,118.4,138.2,210.0,EV_104,0.0,1210,0.0,DR667059_8,65.0,45380.32,DR667059,202.74,0.0,65.0,D,SimuProA-4,EV_104
329.637,60.0,57.86,6950.0,0,3.872,1,70.94,4.139,122.7,155.6,210.0,EV_104,0.0,1220,0.0,DR667059_8,65.0,45380.66,DR667059,202.74,0.0,65.0,D,SimuProA-4,EV_104
333.562,0.0,57.86,6240.0,0,3.885,1,70.88,4.142,110.2,-42.8,210.0,EV_104,0.07,1230,25.0,DR667059_8,65.0,45380.97,DR667059,202.74,0.0,65.0,D,SimuProA-4,EV_104
328.046,55.0,57.86,6520.0,0,3.87,1,70.81,4.14,115.0,145.3,210.0,EV_104,0.0,1240,0.0,DR667059_8,65.0,45381.29,DR667059,202.74,0.0,65.0,D,SimuProA-4,EV_104
331.66,0.0,57.86,5980.0,0,3.882,1,70.77,4.143,105.5,-38.5,210.0,EV_104,0.06,1250,18.0,DR667059_8,65.0,45381.58,DR667059,202.74,0.0,65.0,D,SimuProA-4,EV_104
327.821,65.0,57.86,6880.0,0,3.865,1,70.71,4.137,121.5,168.7,210.0,EV_104,0.0,1260,0.0,DR667059_8,65.0,45381.92,DR667059,202.74,0.0,65.0,D,SimuProA-4,EV_104
324.316,68.0,57.86,6990.0,0,3.86,1,70.57,4.135,123.4,175.4,210.0,EV_104,0.0,1270,0.0,DR667059_8,65.0,45382.26,DR667059,202.74,0.0,65.0,D,SimuProA-4,EV_104
327.751,0.0,57.86,6150.0,0,3.875,1,70.5,4.138,108.6,-45.2,210.0,EV_104,0.08,0,28.0,DR667059_9,65.0,45382.56,DR667059,202.74,0.0,65.0,D,SimuProA-4,EV_104
326.005,62.0,57.86,6730.0,0,3.855,1,70.38,4.132,118.9,158.6,210.0,EV_104,0.0,10,0.0,DR667059_9,65.0,45382.89,DR667059,202.74,0.0,65.0,D,SimuProA-4,EV_104
324.123,64.0,57.86,6780.0,0,3.858,1,70.3,4.134,119.8,172.3,210.0,EV_104,0.0,20,0.0,DR667059_9,65.0,45383.22,DR667059,202.74,0.0,65.0,D,SimuProA-4,EV_104
324.153,60.0,57.86,6705.0,0,3.856,1,70.22,4.133,118.5,170.5,210.0,EV_104,0.0,30,0.0,DR667059_9,65.0,45383.55,DR667059,202.74,0.0,65.0,D,SimuProA-4,EV_104
323.714,58.0,57.86,6630.0,0,3.854,1,70.14,4.131,117.2,168.9,210.0,EV_104,0.0,40,0.0,DR667059_9,65.0,45383.88,DR667059,202.74,0.0,65.0,D,SimuProA-4,EV_104
323.374,55.0,57.86,6550.0,0,3.852,1,70.04,4.13,115.8,165.4,210.0,EV_104,0.0,50,0.0,DR667059_9,65.0,45384.2,DR667059,202.74,0.0,65.0,D,SimuProA-4,EV_104
322.511,52.0,57.86,6475.0,0,3.85,1,69.96,4.128,114.5,162.1,210.0,EV_104,0.0,60,0.0,DR667059_9,65.0,45384.52,DR667059,202.74,0.0,65.0,D,SimuProA-4,EV_104
322.407,50.0,57.86,6400.0,0,3.848,1,69.89,4.126,113.2,158.7,210.0,EV_104,0.0,70,0.0,DR667059_9,65.0,45384.83,DR667059,202.74,0.0,65.0,D,SimuProA-4,EV_104
322.269,48.0,57.86,6336.0,0,3.847,1,69.8,4.125,112.0,155.2,210.0,EV_104,0.0,80,0.0,DR667059_9,65.0,45385.14,DR667059,202.74,0.0,65.0,D,SimuProA-4,EV_104
321.794,45.0,57.86,6251.0,0,3.846,1,69.72,4.124,110.5,152.4,210.0,EV_104,0.0,90,0.0,DR667059_9,65.0,45385.45,DR667059,202.74,0.0,65.0,D,SimuProA-4,EV_104
321.718,43.0,57.86,6177.0,0,3.845,1,69.64,4.123,109.2,149.8,210.0,EV_104,0.0,100,0.0,DR667059_9,65.0,45385.75,DR667059,202.74,0.0,65.0,D,SimuProA-4,EV_104
321.715,42.0,57.86,6137.0,0,3.844,1,69.54,4.122,108.5,148.2,210.0,EV_104,0.0,110,0.0,DR667059_9,65.0,45386.05,DR667059,202.74,0.0,65.0,D,SimuProA-4,EV_104
321.774,40.0,57.86,6097.0,0,3.844,1,69.46,4.122,107.8,145.5,210.0,EV_104,0.0,120,0.0,DR667059_9,65.0,45386.35,DR667059,202.74,0.0,65.0,D,SimuProA-4,EV_104
321.843,41.0,57.86,6063.0,0,3.843,1,69.4,4.121,107.2,147.1,210.0,EV_104,0.0,130,0.0,DR667059_9,65.0,45386.65,DR667059,202.74,0.0,65.0,D,SimuProA-4,EV_104
321.312,39.0,57.86,6024.0,0,3.842,1,69.32,4.12,106.5,143.8,210.0,EV_104,0.0,140,0.0,DR667059_9,65.0,45386.95,DR667059,202.74,0.0,65.0,D,SimuProA-4,EV_104
321.567,37.0,57.86,5985.0,0,3.841,1,69.25,4.119,105.8,141.2,210.0,EV_104,0.0,150,0.0,DR667059_9,65.0,45387.24,DR667059,202.74,0.0,65.0,D,SimuProA-4,EV_104
321.863,36.0,57.86,5951.0,0,3.84,1,69.17,4.118,105.2,140.5,210.0,EV_104,0.0,160,0.0,DR667059_9,65.0,45387.53,DR667059,202.74,0.0,65.0,D,SimuProA-4,EV_104
321.824,35.0,57.86,5912.0,0,3.839,1,69.08,4.117,104.5,138.2,210.0,EV_104,0.0,170,0.0,DR667059_9,65.0,45387.82,DR667059,202.74,0.0,65.0,D,SimuProA-4,EV_104
321.413,34.0,57.86,5874.0,0,3.838,1,68.99,4.116,103.8,135.6,210.0,EV_104,0.0,180,0.0,DR667059_9,65.0,45388.11,DR667059,202.74,0.0,65.0,D,SimuProA-4,EV_104
322.036,33.0,57.86,5836.0,0,3.837,1,68.92,4.115,103.1,132.4,210.0,EV_104,0.0,190,0.0,DR667059_9,65.0,45388.39,DR667059,202.74,0.0,65.0,D,SimuProA-4,EV_104
321.706,32.0,57.86,5798.0,0,3.836,1,68.84,4.114,102.5,134.5,210.0,EV_104,0.0,200,0.0,DR667059_9,65.0,45388.67,DR667059,202.74,0.0,65.0,D,SimuProA-4,EV_104
321.608,33.0,57.86,5838.0,0,3.835,1,68.76,4.113,103.2,136.8,210.0,EV_104,0.0,210,0.0,DR667059_9,65.0,45388.96,DR667059,202.74,0.0,65.0,D,SimuProA-4,EV_104
321.833,31.0,57.86,5759.0,0,3.834,1,68.67,4.112,101.8,130.2,210.0,EV_104,0.0,220,0.0,DR667059_9,65.0,45389.24,DR667059,202.74,0.0,65.0,D,SimuProA-4,EV_104
321.291,32.5,57.86,5792.0,0,3.833,1,68.59,4.111,102.4,133.2,210.0,EV_104,0.0,230,0.0,DR667059_9,65.0,45389.52,DR667059,202.74,0.0,65.0,D,SimuProA-4,EV_104
320.899,36.0,57.86,5927.0,0,3.832,1,68.49,4.11,104.8,142.5,210.0,EV_104,0.0,240,0.0,DR667059_9,65.0,45389.82,DR667059,202.74,0.0,65.0,D,SimuProA-4,EV_104
321.515,0.0,57.86,5668.0,0,3.835,1,68.46,4.113,100.2,-18.5,210.0,EV_104,0.04,250,12.0,DR667059_9,65.0,45390.09,DR667059,202.74,0.0,65.0,D,SimuProA-4,EV_104
322.592,30.0,57.86,5740.0,0,3.836,1,68.37,4.114,101.5,128.4,210.0,EV_104,0.0,260,0.0,DR667059_9,65.0,45390.37,DR667059,202.74,0.0,65.0,D,SimuProA-4,EV_104
321.177,38.0,57.86,5949.0,0,3.833,1,68.29,4.111,105.2,145.2,210.0,EV_104,0.0,270,0.0,DR667059_9,65.0,45390.66,DR667059,202.74,0.0,65.0,D,SimuProA-4,EV_104
321.4,33.0,57.86,5812.0,0,3.834,1,68.21,4.112,102.8,132.6,210.0,EV_104,0.0,280,0.0,DR667059_9,65.0,45390.95,DR667059,202.74,0.0,65.0,D,SimuProA-4,EV_104
320.752,34.0,57.86,5853.0,0,3.833,1,68.11,4.113,103.5,138.2,210.0,EV_104,0.0,290,0.0,DR667059_9,65.0,45391.24,DR667059,202.74,0.0,65.0,D,SimuProA-4,EV_104
320.292,38.0,57.86,6006.0,0,3.831,1,68.04,4.115,106.2,148.5,210.0,EV_104,0.0,300,0.0,DR667059_9,65.0,45391.53,DR667059,202.74,0.0,65.0,D,SimuProA-4,EV_104
320.982,0.0,57.86,5758.0,0,3.834,1,67.98,4.116,101.8,-15.2,210.0,EV_104,0.05,310,8.0,DR667059_9,65.0,45391.82,DR667059,202.74,0.0,65.0,D,SimuProA-4,EV_104
320.57,35.0,57.86,5905.0,0,3.83,1,67.89,4.114,104.5,142.3,210.0,EV_104,0.0,320,0.0,DR667059_9,65.0,45392.11,DR667059,202.74,0.0,65.0,D,SimuProA-4,EV_104
319.611,42.0,57.86,6121.0,0,3.828,1,67.81,4.117,108.2,155.6,210.0,EV_104,0.0,330,0.0,DR667059_9,65.0,45392.41,DR667059,202.74,0.0,65.0,D,SimuProA-4,EV_104
320.897,0.0,57.86,5832.0,0,3.835,1,67.75,4.119,103.1,-25.4,210.0,EV_104,0.06,340,12.0,DR667059_9,65.0,45392.7,DR667059,202.74,0.0,65.0,D,SimuProA-4,EV_104
320.046,36.0,57.86,5980.0,0,3.829,1,67.66,4.116,105.8,145.2,210.0,EV_104,0.0,350,0.0,DR667059_9,65.0,45392.99,DR667059,202.74,0.0,65.0,D,SimuProA-4,EV_104
320.199,0.0,57.86,5800.0,0,3.832,1,67.59,4.118,102.4,-18.5,210.0,EV_104,0.04,360,6.0,DR667059_9,65.0,45393.28,DR667059,202.74,0.0,65.0,D,SimuProA-4,EV_104
319.035,40.0,57.86,6180.0,0,3.827,1,67.51,4.115,109.5,152.1,210.0,EV_104,0.0,370,0.0,DR667059_9,65.0,45393.58,DR667059,202.74,0.0,65.0,D,SimuProA-4,EV_104
318.817,48.0,57.86,6350.0,0,3.825,1,67.41,4.114,112.3,162.4,210.0,EV_104,0.0,380,0.0,DR667059_9,65.0,45393.89,DR667059,202.74,0.0,65.0,D,SimuProA-4,EV_104
318.824,0.0,57.86,6045.0,0,3.83,1,67.36,4.116,106.8,-28.6,210.0,EV_104,0.07,390,15.0,DR667059_9,65.0,45394.19,DR667059,202.74,0.0,65.0,D,SimuProA-4,EV_104
317.595,55.0,57.86,6530.0,0,3.822,1,67.26,4.112,115.6,170.5,210.0,EV_104,0.0,400,0.0,DR667059_9,65.0,45394.51,DR667059,202.74,0.0,65.0,D,SimuProA-4,EV_104
316.906,42.0,57.86,6480.0,0,3.82,1,67.18,4.11,114.5,145.2,210.0,EV_104,0.0,410,0.0,DR667059_9,65.0,45394.83,DR667059,202.74,0.0,65.0,D,SimuProA-4,EV_104
315.705,65.0,57.86,6690.0,0,3.815,1,67.11,4.108,118.2,185.6,210.0,EV_104,0.0,420,0.0,DR667059_9,65.0,45395.16,DR667059,202.74,0.0,65.0,D,SimuProA-4,EV_104
314.471,70.0,57.86,6780.0,0,3.81,1,67.05,4.105,119.8,192.1,210.0,EV_104,0.0,430,0.0,DR667059_9,65.0,45395.49,DR667059,202.74,0.0,65.0,D,SimuProA-4,EV_104
312.837,72.0,57.86,6820.0,0,3.805,1,66.98,4.102,120.5,195.4,210.0,EV_104,0.0,440,0.0,DR667059_9,65.0,45395.82,DR667059,202.74,0.0,65.0,D,SimuProA-4,EV_104
312.691,68.0,57.86,6730.0,0,3.802,1,66.92,4.1,118.9,188.2,210.0,EV_104,0.0,450,0.0,DR667059_9,65.0,45396.15,DR667059,202.74,0.0,65.0,D,SimuProA-4,EV_104
311.657,65.0,57.86,6640.0,0,3.798,1,66.85,4.098,117.2,190.5,210.0,EV_104,0.0,460,0.0,DR667059_9,65.0,45396.48,DR667059,202.74,0.0,65.0,D,SimuProA-4,EV_104
311.069,60.0,57.86,6600.0,0,3.795,1,66.75,4.095,116.5,175.3,210.0,EV_104,0.0,470,0.0,DR667059_9,65.0,45396.8,DR667059,202.74,0.0,65.0,D,SimuProA-4,EV_104
311.916,55.0,57.86,6560.0,0,3.792,1,66.68,4.092,115.8,168.7,210.0,EV_104,0.0,480,0.0,DR667059_9,65.0,45397.13,DR667059,202.74,0.0,65.0,D,SimuProA-4,EV_104
311.635,0.0,57.86,6410.0,0,3.79,1,66.6,4.09,113.2,-25.4,210.0,EV_104,0.08,490,15.0,DR667059_9,65.0,45397.44,DR667059,202.74,0.0,65.0,D,SimuProA-4,EV_104
311.875,58.0,57.86,6480.0,0,3.788,1,66.51,4.088,114.5,172.4,210.0,EV_104,0.0,500,0.0,DR667059_9,65.0,45397.76,DR667059,202.74,0.0,65.0,D,SimuProA-4,EV_104
310.846,62.0,57.86,6570.0,0,3.785,1,66.41,4.085,116.2,185.6,210.0,EV_104,0.0,510,0.0,DR667059_9,65.0,45398.08,DR667059,202.74,0.0,65.0,D,SimuProA-4,EV_104
311.068,55.0,57.86,6440.0,0,3.782,1,66.33,4.082,113.8,165.2,210.0,EV_104,0.0,520,0.0,DR667059_9,65.0,45398.4,DR667059,202.74,0.0,65.0,D,SimuProA-4,EV_104
309.725,65.0,57.86,6650.0,0,3.783,1,66.22,4.083,117.5,192.4,210.0,EV_104,0.0,530,0.0,DR667059_9,65.0,45398.73,DR667059,202.74,0.0,65.0,D,SimuProA-4,EV_104
310.375,58.0,57.86,6470.0,0,3.781,1,66.14,4.081,114.2,178.9,210.0,EV_104,0.0,540,0.0,DR667059_9,65.0,45399.04,DR667059,202.74,0.0,65.0,D,SimuProA-4,EV_104
310.26,63.0,57.86,6620.0,0,3.779,1,66.06,4.079,116.8,188.5,210.0,EV_104,0.0,550,0.0,DR667059_9,65.0,45399.37,DR667059,202.74,0.0,65.0,D,SimuProA-4,EV_104
309.355,68.0,57.86,6680.0,0,3.777,1,65.97,4.077,118.4,195.3,210.0,EV_104,0.0,560,0.0,DR667059_9,65.0,45399.7,DR667059,202.74,0.0,65.0,D,SimuProA-4,EV_104
311.449,45.0,57.86,6300.0,0,3.775,1,65.92,4.075,111.2,152.4,210.0,EV_104,0.0,570,0.0,DR667059_9,65.0,45400.01,DR667059,202.74,0.0,65.0,D,SimuProA-4,EV_104
309.095,72.0,57.86,6780.0,0,3.773,1,65.84,4.073,119.8,205.8,210.0,EV_104,0.0,580,0.0,DR667059_9,65.0,45400.34,DR667059,202.74,0.0,65.0,D,SimuProA-4,EV_104
308.314,75.0,57.86,6800.0,0,3.771,1,65.74,4.071,120.0,210.5,210.0,EV_104,0.0,590,0.0,DR667059_9,64.95,45400.67,DR667059,202.74,0.0,65.0,D,SimuProA-4,EV_104
315.036,0.0,57.86,6250.0,0,3.773,1,65.74,4.073,110.5,-25.4,210.0,EV_104,0.04,600,35.0,DR667059_9,65.0,45400.98,DR667059,202.74,0.0,65.0,D,SimuProA-4,EV_104
326.22,25.0,57.86,5350.0,0,3.775,1,65.7,4.075,95.0,45.2,210.0,EV_104,0.0,610,0.0,DR667059_9,65.0,45401.24,DR667059,202.74,0.0,65.0,D,SimuProA-4,EV_104
322.665,35.0,57.86,5560.0,0,3.776,1,65.69,4.076,98.5,52.3,210.0,EV_104,0.0,620,0.0,DR667059_9,65.0,45401.51,DR667059,202.74,0.0,65.0,D,SimuProA-4,EV_104
318.446,48.0,57.86,5930.0,0,3.778,1,65.68,4.078,105.0,68.7,210.0,EV_104,0.0,630,0.0,DR667059_9,65.0,45401.81,DR667059,202.74,0.0,65.0,D,SimuProA-4,EV_104
312.531,65.0,57.86,6360.0,0,3.782,1,65.66,4.082,112.5,115.4,210.0,EV_104,0.0,640,0.0,DR667059_9,65.0,45402.12,DR667059,202.74,0.0,65.0,D,SimuProA-4,EV_104
308.089,75.0,57.86,6670.0,0,3.785,1,65.62,4.085,118.0,142.5,210.0,EV_104,0.0,650,0.0,DR667059_9,65.0,45402.45,DR667059,202.74,0.0,65.0,D,SimuProA-4,EV_104
310.836,55.0,57.86,6330.0,0,3.784,1,65.58,4.084,112.0,95.3,210.0,EV_104,0.0,660,0.0,DR667059_9,65.0,45402.76,DR667059,202.74,0.0,65.0,D,SimuProA-4,EV_104
316.591,30.0,57.86,5790.0,0,3.783,1,65.57,4.083,102.5,58.1,210.0,EV_104,0.0,670,0.0,DR667059_9,65.0,45403.04,DR667059,202.74,0.0,65.0,D,SimuProA-4,EV_104
313.814,32.0,57.86,5720.0,0,3.781,1,65.55,4.081,101.2,62.4,210.0,EV_104,0.0,680,0.0,DR667059_9,65.0,45403.32,DR667059,202.74,0.0,65.0,D,SimuProA-4,EV_104
314.073,28.0,57.86,5680.0,0,3.78,1,65.53,4.08,100.5,59.8,210.0,EV_104,0.0,690,0.0,DR667059_9,65.0,45403.6,DR667059,202.74,0.0,65.0,D,SimuProA-4,EV_104
314.872,25.0,57.86,5640.0,0,3.779,1,65.53,4.079,99.8,55.2,210.0,EV_104,0.0,700,0.0,DR667059_9,65.0,45403.88,DR667059,202.74,0.0,65.0,D,SimuProA-4,EV_104
314.871,27.0,57.86,5660.0,0,3.778,1,65.52,4.078,100.2,58.4,210.0,EV_104,0.0,710,0.0,DR667059_9,65.0,45404.16,DR667059,202.74,0.0,65.0,D,SimuProA-4,EV_104
313.259,45.0,57.86,5910.0,0,3.776,1,65.5,4.076,104.5,85.6,210.0,EV_104,0.0,720,0.0,DR667059_9,65.0,45404.45,DR667059,202.74,0.0,65.0,D,SimuProA-4,EV_104
315.521,20.0,57.86,5540.0,0,3.775,1,65.47,4.075,98.0,48.2,210.0,EV_104,0.0,730,0.0,DR667059_9,65.0,45404.72,DR667059,202.74,0.0,65.0,D,SimuProA-4,EV_104
313.879,29.0,57.86,5685.0,0,3.774,1,65.44,4.074,100.5,62.5,210.0,EV_104,0.0,740,0.0,DR667059_9,65.0,45405.0,DR667059,202.74,0.0,65.0,D,SimuProA-4,EV_104
313.021,35.0,57.86,5830.0,0,3.773,1,65.44,4.073,103.0,75.0,210.0,EV_104,0.0,750,0.0,DR667059_9,65.0,45405.29,DR667059,202.74,0.0,65.0,D,SimuProA-4,EV_104
314.483,26.0,57.86,5630.0,0,3.772,1,65.44,4.072,99.5,60.0,210.0,EV_104,0.0,760,0.0,DR667059_9,65.0,45405.56,DR667059,202.74,0.0,65.0,D,SimuProA-4,EV_104
313.192,48.0,57.86,5950.0,0,3.771,1,65.42,4.071,105.2,82.5,210.0,EV_104,0.0,770,0.0,DR667059_9,65.0,45405.85,DR667059,202.74,0.0,65.0,D,SimuProA-4,EV_104
311.905,65.0,57.86,6150.0,0,3.77,1,65.39,4.07,108.5,95.0,210.0,EV_104,0.0,780,0.0,DR667059_9,65.0,45406.15,DR667059,202.74,0.0,65.0,D,SimuProA-4,EV_104
313.333,25.0,57.86,5780.0,0,3.769,1,65.38,4.069,102.0,55.0,210.0,EV_104,0.0,790,0.0,DR667059_9,65.0,45406.44,DR667059,202.74,0.0,65.0,D,SimuProA-4,EV_104
312.349,45.0,57.86,6020.0,0,3.768,1,65.37,4.068,106.5,88.0,210.0,EV_104,0.0,800,0.0,DR667059_9,65.0,45406.74,DR667059,202.74,0.0,65.0,D,SimuProA-4,EV_104
310.858,70.0,57.86,6340.0,0,3.767,1,65.34,4.067,112.0,105.0,210.0,EV_104,0.0,810,0.0,DR667059_9,65.0,45407.05,DR667059,202.74,0.0,65.0,D,SimuProA-4,EV_104
312.88,30.0,57.86,6110.0,0,3.766,1,65.34,4.066,108.0,65.0,210.0,EV_104,0.0,820,0.0,DR667059_9,65.0,45407.35,DR667059,202.74,0.0,65.0,D,SimuProA-4,EV_104
310.967,55.0,57.86,6250.0,0,3.765,1,65.31,4.065,110.0,98.0,210.0,EV_104,0.0,830,0.0,DR667059_9,65.0,45407.66,DR667059,202.74,0.0,65.0,D,SimuProA-4,EV_104
313.799,28.0,57.86,5950.0,0,3.764,1,65.28,4.064,105.0,70.0,210.0,EV_104,0.0,840,0.0,DR667059_9,65.0,45407.95,DR667059,202.74,0.0,65.0,D,SimuProA-4,EV_104
310.912,62.0,57.86,6300.0,0,3.763,1,65.25,4.063,111.0,102.0,210.0,EV_104,0.0,850,0.0,DR667059_9,65.0,45408.26,DR667059,202.74,0.0,65.0,D,SimuProA-4,EV_104
310.848,75.0,57.86,6450.0,0,3.762,1,65.22,4.062,114.0,115.0,210.0,EV_104,0.0,860,0.0,DR667059_9,65.0,45408.58,DR667059,202.74,0.0,65.0,D,SimuProA-4,EV_104
310.131,85.0,57.86,6650.0,0,3.761,1,65.18,4.061,118.0,135.0,210.0,EV_104,0.0,870,0.0,DR667059_9,65.0,45408.9,DR667059,202.74,0.0,65.0,D,SimuProA-4,EV_104
311.888,45.0,57.86,6500.0,0,3.76,1,65.15,4.06,115.0,85.0,210.0,EV_104,0.0,880,0.0,DR667059_9,65.0,45409.22,DR667059,202.74,0.0,65.0,D,SimuProA-4,EV_104
312.865,35.0,57.86,6340.0,0,3.759,1,65.11,4.059,112.0,65.0,210.0,EV_104,0.0,890,0.0,DR667059_9,64.9,45409.53,DR667059,202.74,0.0,65.0,D,SimuProA-4,EV_104
313.516,22.0,57.86,6120.0,0,3.758,1,65.11,4.058,108.0,50.0,210.0,EV_104,0.0,900,0.0,DR667059_9,65.0,45409.83,DR667059,202.74,0.0,65.0,D,SimuProA-4,EV_104
312.461,30.0,57.86,6220.0,0,3.757,1,65.08,4.057,110.0,75.0,210.0,EV_104,0.0,910,0.0,DR667059_9,65.0,45410.14,DR667059,202.74,0.0,65.0,D,SimuProA-4,EV_104
313.379,25.0,57.86,6165.0,0,3.757,1,65.06,4.057,109.0,58.0,210.0,EV_104,0.0,920,0.0,DR667059_9,65.0,45410.44,DR667059,202.74,0.0,65.0,D,SimuProA-4,EV_104
311.616,42.0,57.86,6440.0,0,3.756,1,65.04,4.058,114.0,92.0,210.0,EV_104,0.0,930,0.0,DR667059_9,65.0,45410.76,DR667059,202.74,0.0,65.0,D,SimuProA-4,EV_104
311.925,65.0,57.86,6615.0,0,3.755,1,65.02,4.059,117.0,110.0,210.0,EV_104,0.0,940,0.0,DR667059_9,65.0,45411.08,DR667059,202.74,0.0,65.0,D,SimuProA-4,EV_104
309.762,78.0,57.86,6740.0,0,3.754,1,64.99,4.06,119.0,125.0,210.0,EV_104,0.0,950,0.0,DR667059_9,65.0,45411.41,DR667059,202.74,0.0,65.0,D,SimuProA-4,EV_104
311.905,45.0,57.86,6510.0,0,3.755,1,64.96,4.059,115.0,85.0,210.0,EV_104,0.0,960,0.0,DR667059_9,65.0,45411.73,DR667059,202.74,0.0,65.0,D,SimuProA-4,EV_104
311.281,50.0,57.86,6565.0,0,3.756,1,64.93,4.058,116.0,95.0,210.0,EV_104,0.0,970,0.0,DR667059_9,65.0,45412.05,DR667059,202.74,0.0,65.0,D,SimuProA-4,EV_104
308.699,85.0,57.86,6800.0,0,3.753,1,64.9,4.057,120.0,135.0,210.0,EV_104,0.0,980,0.0,DR667059_9,65.0,45412.38,DR667059,202.74,0.0,65.0,D,SimuProA-4,EV_104
310.506,40.0,57.86,6340.0,0,3.755,1,64.86,4.059,112.0,98.0,210.0,EV_104,0.0,990,0.0,DR667059_9,65.0,45412.69,DR667059,202.74,0.0,65.0,D,SimuProA-4,EV_104
309.88,0.0,57.86,5950.0,0,3.756,1,64.83,4.06,105.0,-25.0,210.0,EV_104,0.05,1000,15.0,DR667059_9,65.0,45412.99,DR667059,202.74,0.0,65.0,D,SimuProA-4,EV_104
313.111,0.0,57.86,5550.0,0,3.757,1,64.8,4.061,98.0,-35.0,210.0,EV_104,0.08,1010,12.0,DR667059_9,65.0,45413.26,DR667059,202.74,0.0,65.0,D,SimuProA-4,EV_104
316.619,35.0,57.86,5380.0,0,3.758,1,64.78,4.062,95.0,65.0,210.0,EV_104,0.0,1020,0.0,DR667059_9,65.0,45413.53,DR667059,202.74,0.0,65.0,D,SimuProA-4,EV_104
318.191,38.0,57.86,5440.0,0,3.759,1,64.76,4.063,96.0,72.0,210.0,EV_104,0.0,1030,0.0,DR667059_9,65.0,45413.79,DR667059,202.74,0.0,65.0,D,SimuProA-4,EV_104
315.201,36.0,57.86,5495.0,0,3.76,1,64.72,4.064,97.0,75.0,210.0,EV_104,0.0,1040,0.0,DR667059_9,65.0,45414.06,DR667059,202.74,0.0,65.0,D,SimuProA-4,EV_104
312.507,42.0,57.86,5610.0,0,3.761,1,64.71,4.065,99.0,85.0,210.0,EV_104,0.0,1050,0.0,DR667059_9,65.0,45414.33,DR667059,202.74,0.0,65.0,D,SimuProA-4,EV_104
310.09,48.0,57.86,5780.0,0,3.762,1,64.69,4.066,102.0,95.0,210.0,EV_104,0.0,1060,0.0,DR667059_9,65.0,45414.62,DR667059,202.74,0.0,65.0,D,SimuProA-4,EV_104
308.92,52.0,57.86,5890.0,0,3.763,1,64.66,4.067,104.0,105.0,210.0,EV_104,0.0,1070,0.0,DR667059_9,65.0,45414.91,DR667059,202.74,0.0,65.0,D,SimuProA-4,EV_104
309.111,45.0,57.86,5840.0,0,3.764,1,64.63,4.068,103.0,98.0,210.0,EV_104,0.0,1080,0.0,DR667059_9,65.0,45415.2,DR667059,202.74,0.0,65.0,D,SimuProA-4,EV_104
311.25,0.0,57.86,5560.0,0,3.765,1,64.63,4.069,98.0,-45.0,210.0,EV_104,0.05,1090,15.0,DR667059_9,65.0,45415.47,DR667059,202.74,0.0,65.0,D,SimuProA-4,EV_104
309.396,38.0,57.86,5500.0,0,3.766,1,64.61,4.07,97.0,88.0,210.0,EV_104,0.0,1100,0.0,DR667059_9,65.0,45415.74,DR667059,202.74,0.0,65.0,D,SimuProA-4,EV_104
308.42,40.0,57.86,5620.0,0,3.767,1,64.61,4.071,99.0,92.0,210.0,EV_104,0.0,1110,0.0,DR667059_9,65.0,45416.01,DR667059,202.74,0.0,65.0,D,SimuProA-4,EV_104
307.778,44.0,57.86,5730.0,0,3.768,1,64.59,4.072,101.0,96.0,210.0,EV_104,0.0,1120,0.0,DR667059_9,65.0,45416.29,DR667059,202.74,0.0,65.0,D,SimuProA-4,EV_104
306.843,48.0,57.86,5785.0,0,3.769,1,64.56,4.073,102.0,105.0,210.0,EV_104,0.0,1130,0.0,DR667059_9,65.0,45416.57,DR667059,202.74,0.0,65.0,D,SimuProA-4,EV_104
305.02,55.0,57.86,6000.0,0,3.77,1,64.54,4.074,106.0,118.0,210.0,EV_104,0.0,1140,0.0,DR667059_9,65.0,45416.87,DR667059,202.74,0.0,65.0,D,SimuProA-4,EV_104
307.887,0.0,57.86,5890.0,0,3.771,1,64.54,4.075,104.0,-25.0,210.0,EV_104,0.04,1150,8.0,DR667059_9,65.0,45417.16,DR667059,202.74,0.0,65.0,D,SimuProA-4,EV_104
306.487,45.0,57.86,5950.0,0,3.771,1,64.5,4.074,105.0,110.0,210.0,EV_104,0.0,1160,0.0,DR667059_9,65.0,45417.45,DR667059,202.74,0.0,65.0,D,SimuProA-4,EV_104
306.73,35.0,57.86,5850.0,0,3.772,1,64.47,4.075,103.0,100.0,210.0,EV_104,0.0,1170,0.0,DR667059_9,65.0,45417.74,DR667059,202.74,0.0,65.0,D,SimuProA-4,EV_104
305.756,60.0,57.86,6100.0,0,3.773,1,64.45,4.076,108.0,125.0,210.0,EV_104,0.0,1180,0.0,DR667059_9,65.0,45418.04,DR667059,202.74,0.0,65.0,D,SimuProA-4,EV_104
306.33,48.0,57.86,6080.0,0,3.773,1,64.41,4.076,107.5,115.0,210.0,EV_104,0.0,1190,0.0,DR667059_9,65.0,45418.34,DR667059,202.74,0.0,65.0,D,SimuProA-4,EV_104
305.487,58.0,57.86,6150.0,0,3.774,1,64.39,4.078,109.0,130.0,210.0,EV_104,0.0,1200,0.0,DR667059_9,65.0,45418.64,DR667059,202.74,0.0,65.0,D,SimuProA-4,EV_104
306.089,40.0,57.86,5880.0,0,3.773,1,64.36,4.077,104.0,105.0,210.0,EV_104,0.0,1210,0.0,DR667059_9,65.0,45418.93,DR667059,202.74,0.0,65.0,D,SimuProA-4,EV_104
305.421,62.0,57.86,6250.0,0,3.774,1,64.33,4.079,111.0,135.0,210.0,EV_104,0.0,1220,0.0,DR667059_9,65.0,45419.24,DR667059,202.74,0.0,65.0,D,SimuProA-4,EV_104
306.401,45.0,57.86,6000.0,0,3.773,1,64.3,4.078,106.5,110.0,210.0,EV_104,0.0,1230,0.0,DR667059_9,65.0,45419.53,DR667059,202.74,0.0,65.0,D,SimuProA-4,EV_104
305.253,55.0,57.86,6120.0,0,3.772,1,64.29,4.077,108.5,128.0,210.0,EV_104,0.0,1240,0.0,DR667059_9,65.0,45419.84,DR667059,202.74,0.0,65.0,D,SimuProA-4,EV_104
306.121,48.0,57.86,6050.0,0,3.773,1,64.26,4.078,107.0,118.0,210.0,EV_104,0.0,1250,0.0,DR667059_9,65.0,45420.14,DR667059,202.74,0.0,65.0,D,SimuProA-4,EV_104
305.294,65.0,57.86,6350.0,0,3.772,1,64.26,4.079,113.0,142.0,210.0,EV_104,0.0,1260,0.0,DR667059_9,65.0,45420.45,DR667059,202.74,0.0,65.0,D,SimuProA-4,EV_104
306.325,35.0,57.86,5450.0,0,3.774,1,64.26,4.077,98.0,95.0,210.0,EV_104,0.0,1270,0.0,DR667059_9,65.0,45420.72,DR667059,202.74,0.0,65.0,D,SimuProA-4,EV_104
306.244,42.0,57.86,5550.0,0,3.773,1,64.24,4.077,100.5,105.0,210.0,EV_104,0.0,0,0.0,DR667059_10,65.0,45421.0,DR667059,202.74,0.0,65.0,D,SimuProA-4,EV_104
305.126,58.0,57.86,6100.0,0,3.772,1,64.24,4.078,109.0,135.0,210.0,EV_104,0.0,10,0.0,DR667059_10,65.0,45421.3,DR667059,202.74,0.0,65.0,D,SimuProA-4,EV_104
306.883,30.0,57.86,5100.0,0,3.773,1,64.23,4.077,92.0,85.0,210.0,EV_104,0.0,20,0.0,DR667059_10,65.0,45421.56,DR667059,202.74,0.0,65.0,D,SimuProA-4,EV_104
306.048,38.0,57.86,5350.0,0,3.772,1,64.22,4.078,96.5,98.5,210.0,EV_104,0.0,30,0.0,DR667059_10,65.0,45421.83,DR667059,202.74,0.0,65.0,D,SimuProA-4,EV_104
306.685,28.0,57.86,5050.0,0,3.773,1,64.2,4.079,91.0,82.0,210.0,EV_104,0.0,40,0.0,DR667059_10,65.0,45422.08,DR667059,202.74,0.0,65.0,D,SimuProA-4,EV_104
307.569,25.0,57.86,4900.0,0,3.774,1,64.2,4.08,88.5,75.5,210.0,EV_104,0.0,50,0.0,DR667059_10,65.0,45422.33,DR667059,202.74,0.0,65.0,D,SimuProA-4,EV_104
307.045,26.0,57.86,4955.0,0,3.773,1,64.17,4.079,89.5,78.2,210.0,EV_104,0.0,60,0.0,DR667059_10,65.0,45422.58,DR667059,202.74,0.0,65.0,D,SimuProA-4,EV_104
306.464,32.0,57.86,5200.0,0,3.772,1,64.17,4.08,94.0,92.5,210.0,EV_104,0.0,70,0.0,DR667059_10,65.0,45422.84,DR667059,202.74,0.0,65.0,D,SimuProA-4,EV_104
306.244,40.0,57.86,5450.0,0,3.771,1,64.16,4.081,98.5,105.0,210.0,EV_104,0.0,80,0.0,DR667059_10,65.0,45423.11,DR667059,202.74,0.0,65.0,D,SimuProA-4,EV_104
305.537,48.0,57.86,5650.0,0,3.769,1,64.14,4.083,102.5,115.0,210.0,EV_104,0.0,90,0.0,DR667059_10,65.0,45423.39,DR667059,202.74,0.0,65.0,D,SimuProA-4,EV_104
304.578,55.0,57.86,5950.0,0,3.766,1,64.14,4.085,108.0,128.0,210.0,EV_104,0.0,100,0.0,DR667059_10,65.0,45423.69,DR667059,202.74,0.0,65.0,D,SimuProA-4,EV_104
306.422,35.0,57.86,5400.0,0,3.77,1,64.11,4.082,98.0,95.0,210.0,EV_104,0.0,110,0.0,DR667059_10,65.0,45423.97,DR667059,202.74,0.0,65.0,D,SimuProA-4,EV_104
304.553,45.0,57.86,5750.0,0,3.765,1,64.08,4.086,104.2,118.5,210.0,EV_104,0.0,120,0.0,DR667059_10,65.0,45424.26,DR667059,202.74,0.0,65.0,D,SimuProA-4,EV_104
306.26,30.0,57.86,5320.0,0,3.768,1,64.05,4.084,96.5,88.2,210.0,EV_104,0.0,130,0.0,DR667059_10,65.0,45424.53,DR667059,202.74,0.0,65.0,D,SimuProA-4,EV_104
306.342,28.0,57.86,5180.0,0,3.77,1,64.01,4.083,93.8,82.5,210.0,EV_104,0.0,140,0.0,DR667059_10,65.0,45424.79,DR667059,202.74,0.0,65.0,D,SimuProA-4,EV_104
305.733,32.0,57.86,5250.0,0,3.769,1,63.97,4.083,95.0,92.5,210.0,EV_104,0.0,150,0.0,DR667059_10,65.0,45425.05,DR667059,202.74,0.0,65.0,D,SimuProA-4,EV_104
304.165,48.0,57.86,5650.0,0,3.765,1,63.94,4.085,102.0,105.0,210.0,EV_104,0.0,160,0.0,DR667059_10,65.0,45425.34,DR667059,202.74,0.0,65.0,D,SimuProA-4,EV_104
305.122,35.0,57.86,5400.0,0,3.768,1,63.9,4.082,98.0,85.0,210.0,EV_104,0.0,170,0.0,DR667059_10,65.0,45425.61,DR667059,202.74,0.0,65.0,D,SimuProA-4,EV_104
304.876,38.0,57.86,5480.0,0,3.767,1,63.86,4.083,99.5,90.0,210.0,EV_104,0.0,180,0.0,DR667059_10,65.0,45425.89,DR667059,202.74,0.0,65.0,D,SimuProA-4,EV_104
306.453,30.0,57.86,5290.0,0,3.769,1,63.81,4.084,96.0,75.0,210.0,EV_104,0.0,190,0.0,DR667059_10,65.0,45426.15,DR667059,202.74,0.0,65.0,D,SimuProA-4,EV_104
305.13,33.0,57.86,5370.0,0,3.766,1,63.77,4.082,97.5,80.0,210.0,EV_104,0.0,200,0.0,DR667059_10,65.0,45426.42,DR667059,202.74,0.0,65.0,D,SimuProA-4,EV_104
304.659,36.0,57.86,5410.0,0,3.767,1,63.74,4.083,98.2,92.5,210.0,EV_104,0.0,210,0.0,DR667059_10,65.0,45426.69,DR667059,202.74,0.0,65.0,D,SimuProA-4,EV_104
303.763,52.0,57.86,5750.0,0,3.764,1,63.68,4.086,104.5,115.0,210.0,EV_104,0.0,220,0.0,DR667059_10,65.0,45426.98,DR667059,202.74,0.0,65.0,D,SimuProA-4,EV_104
306.734,28.0,57.86,5550.0,0,3.768,1,63.66,4.082,100.8,65.0,210.0,EV_104,0.0,230,0.0,DR667059_10,65.0,45427.26,DR667059,202.74,0.0,65.0,D,SimuProA-4,EV_104
306.153,32.0,57.86,5570.0,0,3.765,1,63.62,4.081,101.2,85.5,210.0,EV_104,0.0,240,0.0,DR667059_10,65.0,45427.54,DR667059,202.74,0.0,65.0,D,SimuProA-4,EV_104
305.23,45.0,57.86,5810.0,0,3.762,1,63.58,4.085,105.5,105.0,210.0,EV_104,0.0,250,0.0,DR667059_10,65.0,45427.83,DR667059,202.74,0.0,65.0,D,SimuProA-4,EV_104
305.82,29.0,57.86,5530.0,0,3.767,1,63.55,4.08,100.5,70.0,210.0,EV_104,0.0,260,0.0,DR667059_10,65.0,45428.11,DR667059,202.74,0.0,65.0,D,SimuProA-4,EV_104
305.15,35.0,57.86,5640.0,0,3.763,1,63.52,4.084,102.3,92.5,210.0,EV_104,0.0,270,0.0,DR667059_10,65.0,45428.39,DR667059,202.74,0.0,65.0,D,SimuProA-4,EV_104
303.262,48.0,57.86,5890.0,0,3.76,1,63.5,4.087,106.8,118.0,210.0,EV_104,0.0,280,0.0,DR667059_10,65.0,45428.69,DR667059,202.74,0.0,65.0,D,SimuProA-4,EV_104
305.885,25.0,57.86,5430.0,0,3.768,1,63.49,4.082,98.5,60.0,210.0,EV_104,0.0,290,0.0,DR667059_10,65.0,45428.96,DR667059,202.74,0.0,65.0,D,SimuProA-4,EV_104
306.414,22.0,57.86,5360.0,0,3.769,1,63.47,4.081,97.2,55.0,210.0,EV_104,0.0,300,0.0,DR667059_10,65.0,45429.23,DR667059,202.74,0.0,65.0,D,SimuProA-4,EV_104
305.224,32.0,57.86,5500.0,0,3.765,1,63.46,4.083,99.8,85.0,210.0,EV_104,0.0,310,0.0,DR667059_10,65.0,45429.51,DR667059,202.74,0.0,65.0,D,SimuProA-4,EV_104
305.214,42.0,57.86,5700.0,0,3.761,1,63.45,4.086,103.5,110.0,210.0,EV_104,0.0,320,0.0,DR667059_10,65.0,45429.79,DR667059,202.74,0.0,65.0,D,SimuProA-4,EV_104
304.136,38.0,57.86,5630.0,0,3.758,1,63.44,4.088,102.3,95.0,210.0,EV_104,0.0,330,0.0,DR667059_10,65.0,45430.07,DR667059,202.74,0.0,65.0,D,SimuProA-4,EV_104
303.997,52.0,57.86,5980.0,0,3.752,1,63.43,4.092,108.5,125.0,210.0,EV_104,0.0,340,0.0,DR667059_10,65.0,45430.38,DR667059,202.74,0.0,65.0,D,SimuProA-4,EV_104
303.955,35.0,57.86,5730.0,0,3.762,1,63.42,4.085,104.1,88.0,210.0,EV_104,0.0,350,0.0,DR667059_10,65.0,45430.66,DR667059,202.74,0.0,65.0,D,SimuProA-4,EV_104
303.994,38.0,57.86,5800.0,0,3.755,1,63.39,4.089,105.2,102.0,210.0,EV_104,0.0,360,0.0,DR667059_10,65.0,45430.95,DR667059,202.74,0.0,65.0,D,SimuProA-4,EV_104
303.695,48.0,57.86,6050.0,0,3.748,1,63.39,4.095,109.8,118.0,210.0,EV_104,0.0,370,0.0,DR667059_10,65.0,45431.26,DR667059,202.74,0.0,65.0,D,SimuProA-4,EV_104
304.381,36.0,57.86,5870.0,0,3.76,1,63.39,4.09,106.5,95.0,210.0,EV_104,0.0,380,0.0,DR667059_10,65.0,45431.55,DR667059,202.74,0.0,65.0,D,SimuProA-4,EV_104
304.028,45.0,57.86,6080.0,0,3.753,1,63.37,4.091,110.2,112.5,210.0,EV_104,0.0,390,0.0,DR667059_10,65.0,45431.86,DR667059,202.74,0.0,65.0,D,SimuProA-4,EV_104
303.418,58.0,57.86,6250.0,0,3.749,1,63.36,4.094,113.5,128.0,210.0,EV_104,0.0,400,0.0,DR667059_10,65.0,45432.17,DR667059,202.74,0.0,65.0,D,SimuProA-4,EV_104
304.038,39.0,57.86,5990.0,0,3.758,1,63.35,4.088,108.8,98.5,210.0,EV_104,0.0,410,0.0,DR667059_10,65.0,45432.47,DR667059,202.74,0.0,65.0,D,SimuProA-4,EV_104
304.153,46.0,57.86,6140.0,0,3.751,1,63.33,4.092,111.5,115.0,210.0,EV_104,0.0,420,0.0,DR667059_10,65.0,45432.78,DR667059,202.74,0.0,65.0,D,SimuProA-4,EV_104
303.703,35.0,57.86,5900.0,0,3.755,1,63.32,4.089,107.2,92.0,210.0,EV_104,0.0,430,0.0,DR667059_10,65.0,45433.08,DR667059,202.74,0.0,65.0,D,SimuProA-4,EV_104
303.79,55.0,57.86,6210.0,0,3.748,1,63.31,4.093,112.8,125.0,210.0,EV_104,0.0,440,0.0,DR667059_10,65.0,45433.39,DR667059,202.74,0.0,65.0,D,SimuProA-4,EV_104
303.444,42.0,57.86,6020.0,0,3.752,1,63.3,4.09,109.5,105.0,210.0,EV_104,0.0,450,0.0,DR667059_10,65.0,45433.69,DR667059,202.74,0.0,65.0,D,SimuProA-4,EV_104
303.291,62.0,57.86,6290.0,0,3.745,1,63.27,4.095,114.2,135.0,210.0,EV_104,0.0,460,0.0,DR667059_10,65.0,45434.01,DR667059,202.74,0.0,65.0,D,SimuProA-4,EV_104
303.822,32.0,57.86,5820.0,0,3.76,1,63.26,4.087,105.8,88.0,210.0,EV_104,0.0,470,0.0,DR667059_10,65.0,45434.31,DR667059,202.74,0.0,65.0,D,SimuProA-4,EV_104
303.714,38.0,57.86,5975.0,0,3.758,1,63.25,4.092,108.5,110.0,210.0,EV_104,0.0,480,0.0,DR667059_10,65.0,45434.61,DR667059,202.74,0.0,65.0,D,SimuProA-4,EV_104
303.361,65.0,57.86,6330.0,0,3.742,1,63.23,4.096,115.0,142.0,210.0,EV_104,0.0,490,0.0,DR667059_10,65.0,45434.93,DR667059,202.74,0.0,65.0,D,SimuProA-4,EV_104
303.652,34.0,57.86,5860.0,0,3.762,1,63.22,4.088,106.5,95.0,210.0,EV_104,0.0,500,0.0,DR667059_10,65.0,45435.23,DR667059,202.74,0.0,65.0,D,SimuProA-4,EV_104
303.086,68.0,57.86,6415.0,0,3.74,1,63.21,4.098,116.5,145.0,210.0,EV_104,0.0,510,0.0,DR667059_10,65.0,45435.55,DR667059,202.74,0.0,65.0,D,SimuProA-4,EV_104
303.952,30.0,57.86,5940.0,0,3.765,1,63.19,4.09,107.8,92.0,210.0,EV_104,0.0,520,0.0,DR667059_10,65.0,45435.85,DR667059,202.74,0.0,65.0,D,SimuProA-4,EV_104
302.95,58.0,57.86,6195.0,0,3.748,1,63.19,4.094,112.4,128.0,210.0,EV_104,0.0,530,0.0,DR667059_10,65.0,45436.17,DR667059,202.74,0.0,65.0,D,SimuProA-4,EV_104
303.648,42.0,57.86,6070.0,0,3.755,1,63.17,4.092,110.0,105.0,210.0,EV_104,0.0,540,0.0,DR667059_10,65.0,45436.48,DR667059,202.74,0.0,65.0,D,SimuProA-4,EV_104
302.994,55.0,57.86,6290.0,0,3.745,1,63.17,4.095,114.0,138.0,210.0,EV_104,0.0,550,0.0,DR667059_10,65.0,45436.79,DR667059,202.74,0.0,65.0,D,SimuProA-4,EV_104
303.415,36.0,57.86,5985.0,0,3.76,1,63.15,4.089,108.5,98.0,210.0,EV_104,0.0,560,0.0,DR667059_10,65.0,45437.09,DR667059,202.74,0.0,65.0,D,SimuProA-4,EV_104
302.367,72.0,57.86,6535.0,0,3.742,1,63.13,4.096,118.5,145.0,210.0,EV_104,0.0,570,0.0,DR667059_10,65.0,45437.42,DR667059,202.74,0.0,65.0,D,SimuProA-4,EV_104
302.783,48.0,57.86,6395.0,0,3.75,1,63.13,4.093,116.0,115.0,210.0,EV_104,0.0,580,0.0,DR667059_10,65.0,45437.74,DR667059,202.74,0.0,65.0,D,SimuProA-4,EV_104
303.235,68.0,57.86,6620.0,0,3.746,1,63.12,4.095,120.0,135.0,210.0,EV_104,0.0,590,0.0,DR667059_10,65.0,45438.07,DR667059,202.74,0.0,65.0,D,SimuProA-4,EV_104
301.779,58.0,57.86,6485.0,0,3.74,1,63.06,4.092,117.5,142.5,210.0,EV_104,0.0,600,0.0,DR667059_10,65.0,45438.4,DR667059,202.74,0.0,65.0,D,SimuProA-4,EV_104
303.223,32.0,57.86,5775.0,0,3.755,1,63.04,4.088,105.0,95.2,210.0,EV_104,0.0,610,0.0,DR667059_10,65.0,45438.69,DR667059,202.74,0.0,65.0,D,SimuProA-4,EV_104
302.886,52.0,57.86,6215.0,0,3.748,1,62.97,4.094,113.0,128.8,210.0,EV_104,0.0,620,0.0,DR667059_10,65.0,45439.0,DR667059,202.74,0.0,65.0,D,SimuProA-4,EV_104
302.122,45.0,57.86,6160.0,0,3.745,1,62.9,4.09,112.0,110.5,210.0,EV_104,0.0,630,0.0,DR667059_10,65.0,45439.31,DR667059,202.74,0.0,65.0,D,SimuProA-4,EV_104
301.889,62.0,57.86,6517.0,0,3.742,1,62.83,4.092,118.5,138.2,210.0,EV_104,0.0,640,0.0,DR667059_10,65.0,45439.64,DR667059,202.74,0.0,65.0,D,SimuProA-4,EV_104
302.692,35.0,57.86,5940.0,0,3.75,1,62.81,4.089,108.0,98.4,210.0,EV_104,0.0,650,0.0,DR667059_10,65.0,45439.94,DR667059,202.74,0.0,65.0,D,SimuProA-4,EV_104
303.439,38.0,57.86,5857.0,0,3.752,1,62.8,4.091,106.5,88.5,210.0,EV_104,0.0,660,0.0,DR667059_10,65.0,45440.24,DR667059,202.74,0.0,65.0,D,SimuProA-4,EV_104
303.658,30.0,57.86,5610.0,0,3.755,1,62.77,4.093,102.0,75.2,210.0,EV_104,0.0,670,0.0,DR667059_10,65.0,45440.52,DR667059,202.74,0.0,65.0,D,SimuProA-4,EV_104
303.464,35.0,57.86,5775.0,0,3.753,1,62.76,4.09,105.0,82.1,210.0,EV_104,0.0,680,0.0,DR667059_10,65.0,45440.81,DR667059,202.74,0.0,65.0,D,SimuProA-4,EV_104
302.466,68.5,57.86,6182.0,0,3.748,1,62.74,4.095,112.4,145.3,210.0,EV_104,0.0,690,0.0,DR667059_10,65.0,45441.12,DR667059,202.74,0.0,65.0,D,SimuProA-4,EV_104
304.094,25.0,57.86,5417.0,0,3.761,1,62.74,4.098,98.5,65.8,210.0,EV_104,0.0,700,0.0,DR667059_10,65.0,45441.4,DR667059,202.74,0.0,65.0,D,SimuProA-4,EV_104
303.312,0.0,57.86,4851.0,0,3.765,1,62.71,4.102,88.2,-25.4,210.0,EV_104,0.06,710,12.0,DR667059_10,65.0,45441.64,DR667059,202.74,0.0,65.0,D,SimuProA-4,EV_104
302.41,20.5,57.86,5082.0,0,3.768,1,62.7,4.105,92.4,45.3,210.0,EV_104,0.0,720,0.0,DR667059_10,65.0,45441.9,DR667059,202.74,0.0,65.0,D,SimuProA-4,EV_104
301.716,42.0,57.86,5764.0,0,3.762,1,62.68,4.108,104.8,88.7,210.0,EV_104,0.0,730,0.0,DR667059_10,65.0,45442.19,DR667059,202.74,0.0,65.0,D,SimuProA-4,EV_104
303.592,22.0,57.86,5291.0,0,3.766,1,62.66,4.11,96.2,52.1,210.0,EV_104,0.0,740,0.0,DR667059_10,65.0,45442.46,DR667059,202.74,0.0,65.0,D,SimuProA-4,EV_104
302.394,26.0,57.86,5417.0,0,3.764,1,62.63,4.107,98.5,72.4,210.0,EV_104,0.0,750,0.0,DR667059_10,65.0,45442.73,DR667059,202.74,0.0,65.0,D,SimuProA-4,EV_104
302.271,30.5,57.86,5566.0,0,3.763,1,62.61,4.109,101.2,78.9,210.0,EV_104,0.0,760,0.0,DR667059_10,65.0,45443.01,DR667059,202.74,0.0,65.0,D,SimuProA-4,EV_104
303.658,21.0,57.86,5214.0,0,3.765,1,62.58,4.111,94.8,48.5,210.0,EV_104,0.0,770,0.0,DR667059_10,65.0,45443.28,DR667059,202.74,0.0,65.0,D,SimuProA-4,EV_104
303.269,24.5,57.86,5310.0,0,3.764,1,62.56,4.109,96.5,65.3,210.0,EV_104,0.0,780,0.0,DR667059_10,65.0,45443.55,DR667059,202.74,0.0,65.0,D,SimuProA-4,EV_104
301.812,45.0,57.86,5785.0,0,3.758,1,62.53,4.112,105.2,95.6,210.0,EV_104,0.0,790,0.0,DR667059_10,65.0,45443.84,DR667059,202.74,0.0,65.0,D,SimuProA-4,EV_104
300.0,58.0,57.86,6090.0,0,3.752,1,62.49,4.115,110.8,112.4,210.0,EV_104,0.0,800,0.0,DR667059_10,65.0,45444.15,DR667059,202.74,0.0,65.0,D,SimuProA-4,EV_104
300.0,62.0,57.86,6183.0,0,3.748,1,62.45,4.118,112.5,125.3,210.0,EV_104,0.0,810,0.0,DR667059_10,65.0,45444.46,DR667059,202.74,0.0,65.0,D,SimuProA-4,EV_104
300.012,38.0,57.86,5957.0,0,3.75,1,62.4,4.116,108.3,98.2,210.0,EV_104,0.0,820,0.0,DR667059_10,65.0,45444.76,DR667059,202.74,0.0,65.0,D,SimuProA-4,EV_104
301.03,28.0,57.86,5753.0,0,3.753,1,62.37,4.114,104.6,72.1,210.0,EV_104,0.0,830,0.0,DR667059_10,65.0,45445.05,DR667059,202.74,0.0,65.0,D,SimuProA-4,EV_104
300.0,55.0,57.86,6127.0,0,3.745,1,62.31,4.12,111.4,118.5,210.0,EV_104,0.0,840,0.0,DR667059_10,65.0,45445.36,DR667059,202.74,0.0,65.0,D,SimuProA-4,EV_104
300.531,40.0,57.86,5929.0,0,3.748,1,62.3,4.118,107.8,88.3,210.0,EV_104,0.0,850,0.0,DR667059_10,65.0,45445.66,DR667059,202.74,0.0,65.0,D,SimuProA-4,EV_104
300.0,65.0,57.86,6281.0,0,3.742,1,62.24,4.122,114.2,135.2,210.0,EV_104,0.0,860,0.0,DR667059_10,65.0,45445.98,DR667059,202.74,0.0,65.0,D,SimuProA-4,EV_104
300.286,58.0,57.86,6190.0,0,3.74,1,62.22,4.119,112.5,125.4,210.0,EV_104,0.0,870,0.0,DR667059_10,65.0,45446.29,DR667059,202.74,0.0,65.0,D,SimuProA-4,EV_104
300.611,42.0,57.86,6010.0,0,3.744,1,62.21,4.121,109.2,95.6,210.0,EV_104,0.0,880,0.0,DR667059_10,65.0,45446.6,DR667059,202.74,0.0,65.0,D,SimuProA-4,EV_104
300.08,48.0,57.86,6098.0,0,3.741,1,62.21,4.117,110.8,105.3,210.0,EV_104,0.0,890,0.0,DR667059_10,65.0,45446.9,DR667059,202.74,0.0,65.0,D,SimuProA-4,EV_104
300.0,52.0,57.86,6250.0,0,3.743,1,62.19,4.12,113.5,118.5,210.0,EV_104,0.0,900,0.0,DR667059_10,65.0,45447.22,DR667059,202.74,0.0,65.0,D,SimuProA-4,EV_104
300.374,45.0,57.86,6125.0,0,3.745,1,62.19,4.118,111.2,102.4,210.0,EV_104,0.0,910,0.0,DR667059_10,65.0,45447.52,DR667059,202.74,0.0,65.0,D,SimuProA-4,EV_104
300.443,60.0,57.86,6400.0,0,3.741,1,62.17,4.121,116.4,128.7,210.0,EV_104,0.0,920,0.0,DR667059_10,65.0,45447.85,DR667059,202.74,0.0,65.0,D,SimuProA-4,EV_104
300.0,68.0,57.86,6520.0,0,3.735,1,62.15,4.125,118.5,145.2,210.0,EV_104,0.0,930,0.0,DR667059_10,65.0,45448.18,DR667059,202.74,0.0,65.0,D,SimuProA-4,EV_104
300.0,48.0,57.86,6275.0,0,3.74,1,62.13,4.122,114.0,110.5,210.0,EV_104,0.0,940,0.0,DR667059_10,65.0,45448.5,DR667059,202.74,0.0,65.0,D,SimuProA-4,EV_104
300.0,45.0,57.86,6190.0,0,3.742,1,62.13,4.12,112.5,98.4,210.0,EV_104,0.0,950,0.0,DR667059_10,65.0,45448.81,DR667059,202.74,0.0,65.0,D,SimuProA-4,EV_104
300.0,46.0,57.86,6250.0,0,3.738,1,62.12,4.123,113.8,105.2,210.0,EV_104,0.0,960,0.0,DR667059_10,65.0,45449.13,DR667059,202.74,0.0,65.0,D,SimuProA-4,EV_104
300.0,58.0,57.86,6480.0,0,3.732,1,62.09,4.126,117.5,135.6,210.0,EV_104,0.0,970,0.0,DR667059_10,65.0,45449.45,DR667059,202.74,0.0,65.0,D,SimuProA-4,EV_104
300.0,50.0,57.86,6340.0,0,3.736,1,62.09,4.124,115.2,118.9,210.0,EV_104,0.0,980,0.0,DR667059_10,65.0,45449.77,DR667059,202.74,0.0,65.0,D,SimuProA-4,EV_104
342.019,55.0,57.86,6430.0,0,3.728,1,62.06,4.128,116.8,145.2,210.0,EV_104,0.0,990,0.0,DR667059_10,64.9,45450.09,DR667059,202.74,0.0,65.0,D,SimuProA-4,EV_104
358.47,35.0,57.86,5980.0,0,3.735,1,62.06,4.125,108.5,85.6,210.0,EV_104,0.0,1000,0.0,DR667059_10,65.0,45450.4,DR667059,202.74,0.0,65.0,D,SimuProA-4,EV_104
354.761,40.0,57.86,6080.0,0,3.733,1,62.05,4.126,110.2,92.4,210.0,EV_104,0.0,1010,0.0,DR667059_10,65.0,45450.7,DR667059,202.74,0.0,65.0,D,SimuProA-4,EV_104
352.847,42.0,57.86,6150.0,0,3.734,1,62.04,4.127,111.5,95.2,210.0,EV_104,0.0,1020,0.0,DR667059_10,65.0,45451.01,DR667059,202.74,0.0,65.0,D,SimuProA-4,EV_104
348.277,48.0,57.86,6280.0,0,3.731,1,62.03,4.125,113.8,105.8,210.0,EV_104,0.0,1030,0.0,DR667059_10,65.0,45451.33,DR667059,202.74,0.0,65.0,D,SimuProA-4,EV_104
355.407,38.0,57.86,6070.0,0,3.733,1,62.02,4.126,110.0,88.5,210.0,EV_104,0.0,1040,0.0,DR667059_10,65.0,45451.63,DR667059,202.74,0.0,65.0,D,SimuProA-4,EV_104
351.459,45.0,57.86,6205.0,0,3.732,1,61.99,4.124,112.4,98.5,210.0,EV_104,0.0,1050,0.0,DR667059_10,65.0,45451.94,DR667059,202.74,0.0,65.0,D,SimuProA-4,EV_104
349.365,49.0,57.86,6302.0,0,3.73,1,61.99,4.123,114.1,102.3,210.0,EV_104,0.0,1060,0.0,DR667059_10,65.0,45452.26,DR667059,202.74,0.0,65.0,D,SimuProA-4,EV_104
353.372,32.0,57.86,6045.0,0,3.734,1,61.96,4.125,109.5,82.1,210.0,EV_104,0.0,1070,0.0,DR667059_10,65.0,45452.56,DR667059,202.74,0.0,65.0,D,SimuProA-4,EV_104
347.642,52.0,57.86,6418.0,0,3.731,1,61.94,4.125,116.2,115.4,210.0,EV_104,0.0,1080,0.0,DR667059_10,65.0,45452.88,DR667059,202.74,0.0,65.0,D,SimuProA-4,EV_104
351.885,35.0,57.86,6160.0,0,3.733,1,61.94,4.126,111.5,85.6,210.0,EV_104,0.0,1090,0.0,DR667059_10,65.0,45453.19,DR667059,202.74,0.0,65.0,D,SimuProA-4,EV_104
348.979,47.0,57.86,6342.0,0,3.73,1,61.93,4.124,114.8,108.9,210.0,EV_104,0.0,1100,0.0,DR667059_10,65.0,45453.51,DR667059,202.74,0.0,65.0,D,SimuProA-4,EV_104
345.171,55.0,57.86,6540.0,0,3.735,1,61.9,4.128,118.5,125.5,210.0,EV_104,0.0,1110,0.0,DR667059_10,65.0,45453.84,DR667059,202.74,0.0,65.0,D,SimuProA-4,EV_104
350.901,38.0,57.86,6200.0,0,3.732,1,61.88,4.126,112.3,95.2,210.0,EV_104,0.0,1120,0.0,DR667059_10,65.0,45454.15,DR667059,202.74,0.0,65.0,D,SimuProA-4,EV_104
346.581,50.0,57.86,6450.0,0,3.733,1,61.87,4.129,116.8,118.7,210.0,EV_104,0.0,1130,0.0,DR667059_10,65.0,45454.48,DR667059,202.74,0.0,65.0,D,SimuProA-4,EV_104
344.047,58.0,57.86,6580.0,0,3.731,1,61.86,4.131,119.2,132.4,210.0,EV_104,0.0,1140,0.0,DR667059_10,65.0,45454.81,DR667059,202.74,0.0,65.0,D,SimuProA-4,EV_104
348.465,40.0,57.86,6260.0,0,3.734,1,61.85,4.127,113.5,98.5,210.0,EV_104,0.0,1150,0.0,DR667059_10,65.0,45455.13,DR667059,202.74,0.0,65.0,D,SimuProA-4,EV_104
343.844,62.0,57.86,6650.0,0,3.729,1,61.84,4.133,120.5,140.2,210.0,EV_104,0.0,1160,0.0,DR667059_10,65.0,45455.46,DR667059,202.74,0.0,65.0,D,SimuProA-4,EV_104
344.725,42.0,57.86,6350.0,0,3.73,1,61.81,4.128,115.0,105.5,210.0,EV_104,0.0,1170,0.0,DR667059_10,65.0,45455.78,DR667059,202.74,0.0,65.0,D,SimuProA-4,EV_104
341.524,55.0,57.86,6520.0,0,3.728,1,61.81,4.132,118.5,135.8,210.0,EV_104,0.0,1180,0.0,DR667059_10,65.0,45456.11,DR667059,202.74,0.0,65.0,D,SimuProA-4,EV_104
348.06,30.0,57.86,5980.0,0,3.733,1,61.8,4.126,108.2,85.2,210.0,EV_104,0.0,1190,0.0,DR667059_10,65.0,45456.41,DR667059,202.74,0.0,65.0,D,SimuProA-4,EV_104
345.291,45.0,57.86,6100.0,0,3.725,1,61.78,4.13,110.5,112.4,210.0,EV_104,0.0,1200,0.0,DR667059_10,65.0,45456.72,DR667059,202.74,0.0,65.0,D,SimuProA-4,EV_104
343.036,50.0,57.86,6340.0,0,3.726,1,61.74,4.131,114.8,128.6,210.0,EV_104,0.0,1210,0.0,DR667059_10,65.0,45457.04,DR667059,202.74,0.0,65.0,D,SimuProA-4,EV_104
346.5,35.0,57.86,5810.0,0,3.728,1,61.74,4.129,105.2,95.3,210.0,EV_104,0.0,1220,0.0,DR667059_10,65.0,45457.33,DR667059,202.74,0.0,65.0,D,SimuProA-4,EV_104
343.805,42.0,57.86,6200.0,0,3.727,1,61.69,4.13,112.4,118.5,210.0,EV_104,0.0,1230,0.0,DR667059_10,65.0,45457.64,DR667059,202.74,0.0,65.0,D,SimuProA-4,EV_104
343.19,52.0,57.86,6440.0,0,3.725,1,61.65,4.131,116.8,132.1,210.0,EV_104,0.0,1240,0.0,DR667059_10,65.0,45457.97,DR667059,202.74,0.0,65.0,D,SimuProA-4,EV_104
345.789,38.0,57.86,5980.0,0,3.728,1,61.62,4.129,108.5,98.7,210.0,EV_104,0.0,1250,0.0,DR667059_10,65.0,45458.27,DR667059,202.74,0.0,65.0,D,SimuProA-4,EV_104
347.072,32.0,57.86,5650.0,0,3.729,1,61.57,4.13,102.4,88.5,210.0,EV_104,0.0,1260,0.0,DR667059_10,65.0,45458.55,DR667059,202.74,0.0,65.0,D,SimuProA-4,EV_104
344.465,48.0,57.86,6260.0,0,3.726,1,61.53,4.132,113.5,125.4,210.0,EV_104,0.0,1270,0.0,DR667059_10,65.0,45458.87,DR667059,202.74,0.0,65.0,D,SimuProA-4,EV_104
341.605,55.0,57.86,6580.0,0,3.724,1,61.49,4.133,119.2,145.2,210.0,EV_104,0.0,0,0.0,DR667059_11,65.0,45459.2,DR667059,202.74,0.0,65.0,D,SimuProA-4,EV_104
345.354,50.0,57.86,6480.0,0,3.722,1,61.43,4.135,117.5,138.5,210.0,EV_104,0.0,10,0.0,DR667059_11,65.0,45459.53,DR667059,202.74,0.0,65.0,D,SimuProA-4,EV_104
347.929,35.0,57.86,6060.0,0,3.725,1,61.41,4.133,109.8,95.2,210.0,EV_104,0.0,20,0.0,DR667059_11,65.0,45459.83,DR667059,202.74,0.0,65.0,D,SimuProA-4,EV_104
350.36,28.0,57.86,5700.0,0,3.728,1,61.38,4.131,103.2,72.8,210.0,EV_104,0.0,30,0.0,DR667059_11,65.0,45460.12,DR667059,202.74,0.0,65.0,D,SimuProA-4,EV_104
351.73,22.0,57.86,5435.0,0,3.727,1,61.34,4.134,98.5,65.4,210.0,EV_104,0.0,40,0.0,DR667059_11,65.0,45460.39,DR667059,202.74,0.0,65.0,D,SimuProA-4,EV_104
355.199,18.0,57.86,5080.0,0,3.729,1,61.3,4.135,92.1,48.2,210.0,EV_104,0.0,50,0.0,DR667059_11,65.0,45460.65,DR667059,202.74,0.0,65.0,D,SimuProA-4,EV_104
356.023,20.0,57.86,5285.0,0,3.73,1,61.3,4.136,95.8,55.1,210.0,EV_104,0.0,60,0.0,DR667059_11,65.0,45460.92,DR667059,202.74,0.0,65.0,D,SimuProA-4,EV_104
355.242,21.0,57.86,5373.0,0,3.728,1,61.29,4.135,97.4,62.3,210.0,EV_104,0.0,70,0.0,DR667059_11,65.0,45461.19,DR667059,202.74,0.0,65.0,D,SimuProA-4,EV_104
352.061,26.0,57.86,5655.0,0,3.726,1,61.27,4.132,102.5,78.5,210.0,EV_104,0.0,80,0.0,DR667059_11,65.0,45461.48,DR667059,202.74,0.0,65.0,D,SimuProA-4,EV_104
355.637,19.0,57.86,5196.0,0,3.731,1,61.24,4.136,94.2,52.1,210.0,EV_104,0.0,90,0.0,DR667059_11,65.0,45461.74,DR667059,202.74,0.0,65.0,D,SimuProA-4,EV_104
354.465,22.0,57.86,5327.0,0,3.729,1,61.22,4.137,96.5,58.4,210.0,EV_104,0.0,100,0.0,DR667059_11,65.0,45462.01,DR667059,202.74,0.0,65.0,D,SimuProA-4,EV_104
351.36,28.0,57.86,5749.0,0,3.724,1,61.19,4.134,104.2,82.1,210.0,EV_104,0.0,110,0.0,DR667059_11,65.0,45462.3,DR667059,202.74,0.0,65.0,D,SimuProA-4,EV_104
355.433,17.0,57.86,5065.0,0,3.73,1,61.17,4.138,91.8,49.7,210.0,EV_104,0.0,120,0.0,DR667059_11,65.0,45462.55,DR667059,202.74,0.0,65.0,D,SimuProA-4,EV_104
353.619,24.0,57.86,5418.0,0,3.727,1,61.14,4.135,98.2,65.4,210.0,EV_104,0.0,130,0.0,DR667059_11,65.0,45462.82,DR667059,202.74,0.0,65.0,D,SimuProA-4,EV_104
356.354,18.0,57.86,5158.0,0,3.733,1,61.14,4.139,93.5,45.2,210.0,EV_104,0.0,140,0.0,DR667059_11,65.0,45463.08,DR667059,202.74,0.0,65.0,D,SimuProA-4,EV_104
350.463,30.0,57.86,5892.0,0,3.722,1,61.11,4.133,106.8,88.6,210.0,EV_104,0.0,150,0.0,DR667059_11,65.0,45463.38,DR667059,202.74,0.0,65.0,D,SimuProA-4,EV_104
354.451,19.0,57.86,5258.0,0,3.728,1,61.1,4.136,95.4,52.3,210.0,EV_104,0.0,160,0.0,DR667059_11,65.0,45463.64,DR667059,202.74,0.0,65.0,D,SimuProA-4,EV_104
350.167,32.0,57.86,5982.0,0,3.721,1,61.09,4.132,108.5,85.7,210.0,EV_104,0.0,170,0.0,DR667059_11,65.0,45463.95,DR667059,202.74,0.0,65.0,D,SimuProA-4,EV_104
353.481,22.0,57.86,5468.0,0,3.726,1,61.07,4.135,99.2,58.9,210.0,EV_104,0.0,180,0.0,DR667059_11,65.0,45464.22,DR667059,202.74,0.0,65.0,D,SimuProA-4,EV_104
349.992,35.0,57.86,6085.0,0,3.72,1,61.06,4.131,110.2,92.4,210.0,EV_104,0.0,190,0.0,DR667059_11,65.0,45464.53,DR667059,202.74,0.0,65.0,D,SimuProA-4,EV_104
352.482,20.0,57.86,5435.0,0,3.724,1,61.04,4.134,98.5,55.1,210.0,EV_104,0.0,200,0.0,DR667059_11,65.0,45464.8,DR667059,202.74,0.0,65.0,D,SimuProA-4,EV_104
348.611,38.0,57.86,6210.0,0,3.718,1,61.02,4.129,112.5,88.2,210.0,EV_104,0.0,210,0.0,DR667059_11,65.0,45465.11,DR667059,202.74,0.0,65.0,D,SimuProA-4,EV_104
351.135,25.0,57.86,5643.0,0,3.722,1,60.98,4.133,102.4,62.3,210.0,EV_104,0.0,220,0.0,DR667059_11,65.0,45465.39,DR667059,202.74,0.0,65.0,D,SimuProA-4,EV_104
349.7,36.0,57.86,6172.0,0,3.719,1,60.96,4.13,111.8,81.5,210.0,EV_104,0.0,230,0.0,DR667059_11,65.0,45465.7,DR667059,202.74,0.0,65.0,D,SimuProA-4,EV_104
353.112,18.0,57.86,5218.0,0,3.728,1,60.95,4.136,94.6,48.9,210.0,EV_104,0.0,240,0.0,DR667059_11,65.0,45465.97,DR667059,202.74,0.0,65.0,D,SimuProA-4,EV_104
350.987,28.0,57.86,5800.0,0,3.721,1,60.92,4.131,105.2,72.5,210.0,EV_104,0.0,250,0.0,DR667059_11,65.0,45466.26,DR667059,202.74,0.0,65.0,D,SimuProA-4,EV_104
354.208,16.0,57.86,5100.0,0,3.73,1,60.92,4.138,92.5,42.1,210.0,EV_104,0.0,260,0.0,DR667059_11,65.0,45466.52,DR667059,202.74,0.0,65.0,D,SimuProA-4,EV_104
348.537,35.0,57.86,6120.0,0,3.716,1,60.89,4.127,110.8,85.4,210.0,EV_104,0.0,270,0.0,DR667059_11,65.0,45466.83,DR667059,202.74,0.0,65.0,D,SimuProA-4,EV_104
351.697,32.0,57.86,5980.0,0,3.722,1,60.85,4.132,108.5,75.3,210.0,EV_104,0.0,280,0.0,DR667059_11,65.0,45467.13,DR667059,202.74,0.0,65.0,D,SimuProA-4,EV_104
355.8,17.0,57.86,5180.0,0,3.727,1,60.84,4.137,93.8,45.2,210.0,EV_104,0.0,290,0.0,DR667059_11,65.0,45467.39,DR667059,202.74,0.0,65.0,D,SimuProA-4,EV_104
349.96,38.0,57.86,6200.0,0,3.717,1,60.81,4.128,112.4,82.1,210.0,EV_104,0.0,300,0.0,DR667059_11,65.0,45467.7,DR667059,202.74,0.0,65.0,D,SimuProA-4,EV_104
346.66,32.0,57.86,5810.0,0,3.715,1,60.77,4.125,105.3,95.2,210.0,EV_104,0.0,310,0.0,DR667059_11,65.0,45467.99,DR667059,202.74,0.0,65.0,D,SimuProA-4,EV_104
351.785,22.0,57.86,5450.0,0,3.72,1,60.73,4.13,98.7,55.8,210.0,EV_104,0.0,320,0.0,DR667059_11,65.0,45468.27,DR667059,202.74,0.0,65.0,D,SimuProA-4,EV_104
344.74,42.0,57.86,6350.0,0,3.712,1,60.68,4.122,115.2,110.5,210.0,EV_104,0.0,330,0.0,DR667059_11,65.0,45468.59,DR667059,202.74,0.0,65.0,D,SimuProA-4,EV_104
348.202,35.0,57.86,5980.0,0,3.718,1,60.62,4.127,108.5,88.4,210.0,EV_104,0.0,340,0.0,DR667059_11,46.2,45468.89,DR667059,202.74,0.0,48.6,D,SimuProA-4,EV_104
352.373,20.0,57.86,5310.0,0,3.722,1,60.58,4.131,96.2,62.3,210.0,EV_104,0.0,350,0.0,DR667059_11,46.8,45469.16,DR667059,202.74,0.0,49.1,D,SimuProA-4,EV_104
343.329,48.0,57.86,6530.0,0,3.709,1,60.53,4.119,118.4,125.6,210.0,EV_104,0.0,360,0.0,DR667059_11,47.5,45469.49,DR667059,202.74,0.0,49.8,D,SimuProA-4,EV_104
350.361,28.0,57.86,5800.0,0,3.715,1,60.49,4.125,105.3,78.2,210.0,EV_104,0.0,370,0.0,DR667059_11,47.9,45469.78,DR667059,202.74,0.0,50.2,D,SimuProA-4,EV_104
345.912,45.0,57.86,6220.0,0,3.705,1,60.42,4.118,112.8,115.4,210.0,EV_104,0.0,380,0.0,DR667059_11,49.0,45470.1,DR667059,202.74,0.0,51.5,D,SimuProA-4,EV_104
353.529,0.0,57.86,5430.0,0,3.72,1,60.4,4.132,98.5,-25.3,210.0,EV_104,0.05,390,12.0,DR667059_11,49.2,45470.37,DR667059,202.74,0.0,51.8,D,SimuProA-4,EV_104
348.404,35.0,57.86,5980.0,0,3.718,1,60.37,4.128,108.4,88.5,210.0,EV_104,0.0,400,0.0,DR667059_11,49.5,45470.67,DR667059,202.74,0.0,52.1,D,SimuProA-4,EV_104
346.397,42.0,57.86,6350.0,0,3.712,1,60.35,4.122,115.2,102.3,210.0,EV_104,0.0,410,0.0,DR667059_11,49.9,45470.99,DR667059,202.74,0.0,52.6,D,SimuProA-4,EV_104
351.323,0.0,57.86,5500.0,0,3.725,1,60.31,4.135,99.8,-18.5,210.0,EV_104,0.06,420,8.0,DR667059_11,50.2,45471.27,DR667059,202.74,0.0,52.9,D,SimuProA-4,EV_104
348.645,38.0,57.86,6040.0,0,3.715,1,60.29,4.125,109.5,95.4,210.0,EV_104,0.0,430,0.0,DR667059_11,50.3,45471.57,DR667059,202.74,0.0,53.0,D,SimuProA-4,EV_104
344.566,55.0,57.86,6520.0,0,3.708,1,60.25,4.13,118.2,128.7,210.0,EV_104,0.0,440,0.0,DR667059_11,50.6,45471.9,DR667059,202.74,0.0,53.3,D,SimuProA-4,EV_104
346.048,40.0,57.86,6310.0,0,3.71,1,60.23,4.128,114.5,105.2,210.0,EV_104,0.0,450,0.0,DR667059_11,50.8,45472.22,DR667059,202.74,0.0,53.5,D,SimuProA-4,EV_104
348.367,36.0,57.86,6215.0,0,3.711,1,60.2,4.126,112.8,98.6,210.0,EV_104,0.0,460,0.0,DR667059_11,51.0,45472.53,DR667059,202.74,0.0,53.7,D,SimuProA-4,EV_104
345.746,50.0,57.86,6480.0,0,3.709,1,60.17,4.129,117.5,118.4,210.0,EV_104,0.0,470,0.0,DR667059_11,51.3,45472.86,DR667059,202.74,0.0,54.0,D,SimuProA-4,EV_104
349.844,0.0,57.86,5745.0,0,3.714,1,60.13,4.132,104.2,-12.3,210.0,EV_104,0.05,480,12.0,DR667059_11,51.5,45473.15,DR667059,202.74,0.0,54.2,D,SimuProA-4,EV_104
347.708,42.0,57.86,6093.0,0,3.712,1,60.08,4.13,110.5,108.5,210.0,EV_104,0.0,490,0.0,DR667059_11,51.6,45473.46,DR667059,202.74,0.0,54.3,D,SimuProA-4,EV_104
343.847,58.0,57.86,6383.0,0,3.705,1,60.05,4.135,115.8,135.2,210.0,EV_104,0.0,500,0.0,DR667059_11,51.8,45473.78,DR667059,202.74,0.0,54.5,D,SimuProA-4,EV_104
347.953,38.0,57.86,5963.0,0,3.713,1,60.02,4.128,108.2,95.4,210.0,EV_104,0.0,510,0.0,DR667059_11,51.9,45474.08,DR667059,202.74,0.0,54.6,D,SimuProA-4,EV_104
346.562,48.0,57.86,6192.0,0,3.71,1,59.99,4.131,112.4,125.6,210.0,EV_104,0.0,520,0.0,DR667059_11,52.0,45474.39,DR667059,202.74,0.0,54.8,D,SimuProA-4,EV_104
344.84,62.0,57.86,6556.0,0,3.708,1,59.96,4.134,118.9,142.3,210.0,EV_104,0.0,530,0.0,DR667059_11,52.2,45474.72,DR667059,202.74,0.0,55.0,D,SimuProA-4,EV_104
348.116,0.0,57.86,5871.0,0,3.715,1,59.91,4.136,106.5,-15.8,210.0,EV_104,0.06,540,18.0,DR667059_11,52.4,45475.02,DR667059,202.74,0.0,55.2,D,SimuProA-4,EV_104
343.56,65.0,57.86,6590.0,0,3.706,1,59.87,4.138,119.5,148.5,210.0,EV_104,0.0,550,0.0,DR667059_11,52.6,45475.35,DR667059,202.74,0.0,55.4,D,SimuProA-4,EV_104
346.686,42.0,57.86,6052.0,0,3.712,1,59.86,4.132,109.8,105.2,210.0,EV_104,0.0,560,0.0,DR667059_11,52.7,45475.66,DR667059,202.74,0.0,55.5,D,SimuProA-4,EV_104
342.426,72.0,57.86,6748.0,0,3.704,1,59.82,4.14,122.4,155.1,210.0,EV_104,0.0,570,0.0,DR667059_11,52.9,45476.0,DR667059,202.74,0.0,55.7,D,SimuProA-4,EV_104
345.878,48.0,57.86,6300.0,0,3.71,1,59.78,4.135,114.2,112.4,210.0,EV_104,0.0,580,0.0,DR667059_11,53.0,45476.32,DR667059,202.74,0.0,55.8,D,SimuProA-4,EV_104
342.395,75.0,57.86,6700.0,0,3.702,1,59.73,4.142,121.5,162.8,210.0,EV_104,0.0,590,0.0,DR667059_11,53.2,45476.65,DR667059,202.74,0.0,56.0,D,SimuProA-4,EV_104
347.071,0.0,57.86,5970.0,0,3.714,1,59.71,4.138,108.3,-22.5,210.0,EV_104,0.08,600,22.0,DR667059_11,53.3,45476.96,DR667059,202.74,0.0,56.1,D,SimuProA-4,EV_104
341.788,65.0,57.86,6540.0,0,3.705,1,59.67,4.145,118.5,148.5,210.0,EV_104,0.0,610,0.0,DR667059_11,53.5,45477.29,DR667059,202.74,0.0,56.3,D,SimuProA-4,EV_104
345.764,0.0,57.86,6180.0,0,3.715,1,59.64,4.14,112.0,-18.2,210.0,EV_104,0.06,620,15.0,DR667059_11,53.6,45477.6,DR667059,202.74,0.0,56.4,D,SimuProA-4,EV_104
343.903,55.0,57.86,6390.0,0,3.708,1,59.61,4.148,115.8,135.6,210.0,EV_104,0.0,630,0.0,DR667059_11,53.8,45477.92,DR667059,202.74,0.0,56.6,D,SimuProA-4,EV_104
341.562,60.0,57.86,6516.0,0,3.71,1,59.59,4.15,118.2,145.3,210.0,EV_104,0.0,640,0.0,DR667059_11,53.9,45478.25,DR667059,202.74,0.0,56.7,D,SimuProA-4,EV_104
345.917,0.0,57.86,6039.0,0,3.72,1,59.56,4.145,109.5,-15.4,210.0,EV_104,0.05,650,12.0,DR667059_11,54.0,45478.55,DR667059,202.74,0.0,56.8,D,SimuProA-4,EV_104
341.177,70.0,57.86,6647.0,0,3.705,1,59.55,4.155,120.5,152.1,210.0,EV_104,0.0,660,0.0,DR667059_11,54.1,45478.89,DR667059,202.74,0.0,57.0,D,SimuProA-4,EV_104
339.418,72.0,57.86,6664.0,0,3.695,1,59.53,4.16,120.8,165.2,210.0,EV_104,0.0,670,0.0,DR667059_11,54.3,45479.23,DR667059,202.74,0.0,57.2,D,SimuProA-4,EV_104
338.644,75.0,57.86,6702.0,0,3.69,1,59.49,4.165,121.5,170.5,210.0,EV_104,0.0,680,0.0,DR667059_11,54.5,45479.56,DR667059,202.74,0.0,57.4,D,SimuProA-4,EV_104
337.247,78.0,57.86,6741.0,0,3.685,1,59.48,4.17,122.2,175.8,210.0,EV_104,0.0,690,0.0,DR667059_11,54.7,45479.9,DR667059,202.74,0.0,57.6,D,SimuProA-4,EV_104
336.888,74.0,57.86,6719.0,0,3.682,1,59.46,4.168,121.8,172.3,210.0,EV_104,0.0,700,0.0,DR667059_11,54.9,45480.24,DR667059,202.74,0.0,57.8,D,SimuProA-4,EV_104
338.362,0.0,57.86,6366.0,0,3.688,1,59.45,4.172,115.4,-45.2,210.0,EV_104,0.04,710,35.0,DR667059_11,55.0,45480.56,DR667059,202.74,0.0,57.9,D,SimuProA-4,EV_104
339.334,45.0,57.86,5972.0,0,3.692,1,59.45,4.175,108.2,45.6,210.0,EV_104,0.0,720,0.0,DR667059_11,55.1,45480.86,DR667059,202.74,0.0,58.0,D,SimuProA-4,EV_104
342.547,35.0,57.86,5822.0,0,3.695,1,59.43,4.178,105.5,85.4,210.0,EV_104,0.0,730,0.0,DR667059_11,55.2,45481.15,DR667059,202.74,0.0,58.1,D,SimuProA-4,EV_104
345.639,28.0,57.86,5673.0,0,3.702,1,59.43,4.18,102.8,62.1,210.0,EV_104,0.0,740,0.0,DR667059_11,55.3,45481.44,DR667059,202.74,0.0,58.2,D,SimuProA-4,EV_104
349.025,22.0,57.86,5530.0,0,3.705,1,59.42,4.182,100.2,55.8,210.0,EV_104,0.0,750,0.0,DR667059_11,55.4,45481.72,DR667059,202.74,0.0,58.3,D,SimuProA-4,EV_104
347.944,25.0,57.86,5602.0,0,3.704,1,59.4,4.181,101.5,68.5,210.0,EV_104,0.0,760,0.0,DR667059_11,55.5,45482.0,DR667059,202.74,0.0,58.4,D,SimuProA-4,EV_104
350.264,20.0,57.86,5508.0,0,3.706,1,59.4,4.183,99.8,52.3,210.0,EV_104,0.0,770,0.0,DR667059_11,55.6,45482.28,DR667059,202.74,0.0,58.5,D,SimuProA-4,EV_104
352.207,22.0,57.86,5546.0,0,3.707,1,59.38,4.184,100.5,48.9,210.0,EV_104,0.0,780,0.0,DR667059_11,55.7,45482.56,DR667059,202.74,0.0,58.6,D,SimuProA-4,EV_104
347.149,24.0,57.86,5580.0,0,3.705,1,59.37,4.182,101.2,65.2,210.0,EV_104,0.0,790,0.0,DR667059_11,55.8,45482.84,DR667059,202.74,0.0,58.7,D,SimuProA-4,EV_104
347.667,20.0,57.86,5487.0,0,3.706,1,59.36,4.183,99.5,58.4,210.0,EV_104,0.0,800,0.0,DR667059_11,55.9,45483.12,DR667059,202.74,0.0,58.8,D,SimuProA-4,EV_104
345.152,30.0,57.86,5706.0,0,3.703,1,59.35,4.184,103.5,72.1,210.0,EV_104,0.0,810,0.0,DR667059_11,56.0,45483.4,DR667059,202.74,0.0,58.9,D,SimuProA-4,EV_104
344.844,22.0,57.86,5575.0,0,3.704,1,59.34,4.183,101.2,68.5,210.0,EV_104,0.0,820,0.0,DR667059_11,56.1,45483.68,DR667059,202.74,0.0,59.0,D,SimuProA-4,EV_104
346.902,18.0,57.86,5425.0,0,3.705,1,59.32,4.184,98.5,55.2,210.0,EV_104,0.0,830,0.0,DR667059_11,56.2,45483.95,DR667059,202.74,0.0,59.1,D,SimuProA-4,EV_104
343.47,35.0,57.86,5955.0,0,3.702,1,59.3,4.182,108.2,82.4,210.0,EV_104,0.0,840,0.0,DR667059_11,56.3,45484.26,DR667059,202.74,0.0,59.2,D,SimuProA-4,EV_104
341.672,65.0,57.86,6187.0,0,3.701,1,59.27,4.181,112.5,95.3,210.0,EV_104,0.0,850,0.0,DR667059_11,56.5,45484.57,DR667059,202.74,0.0,59.4,D,SimuProA-4,EV_104
347.774,0.0,57.86,5775.0,0,3.703,1,59.25,4.183,105.0,-15.2,210.0,EV_104,0.05,860,10.0,DR667059_11,56.6,45484.86,DR667059,202.74,0.0,59.5,D,SimuProA-4,EV_104
344.141,45.0,57.86,6022.0,0,3.702,1,59.23,4.182,109.5,78.6,210.0,EV_104,0.0,870,0.0,DR667059_11,56.8,45485.17,DR667059,202.74,0.0,59.7,D,SimuProA-4,EV_104
345.675,38.0,57.86,5951.0,0,3.702,1,59.2,4.182,108.2,72.5,210.0,EV_104,0.0,880,0.0,DR667059_11,56.9,45485.47,DR667059,202.74,0.0,59.8,D,SimuProA-4,EV_104
348.295,0.0,57.86,5654.0,0,3.703,1,59.18,4.183,102.8,-25.3,210.0,EV_104,0.06,890,12.0,DR667059_11,57.0,45485.76,DR667059,202.74,0.0,59.9,D,SimuProA-4,EV_104
343.933,55.0,57.86,6132.0,0,3.7,1,59.15,4.181,111.5,88.1,210.0,EV_104,0.0,900,0.0,DR667059_11,57.1,45486.07,DR667059,202.74,0.0,60.0,D,SimuProA-4,EV_104
346.704,42.0,57.86,6090.0,0,3.702,1,59.11,4.182,110.8,75.4,210.0,EV_104,0.0,910,0.0,DR667059_11,57.2,45486.38,DR667059,202.74,0.0,60.1,D,SimuProA-4,EV_104
343.631,65.0,57.86,6240.0,0,3.701,1,59.11,4.181,113.5,92.3,210.0,EV_104,0.0,920,0.0,DR667059_11,57.4,45486.69,DR667059,202.74,0.0,60.3,D,SimuProA-4,EV_104
347.369,0.0,57.86,5840.0,0,3.703,1,59.08,4.183,106.2,-18.7,210.0,EV_104,0.05,930,8.0,DR667059_11,57.5,45486.99,DR667059,202.74,0.0,60.4,D,SimuProA-4,EV_104
344.489,75.0,57.86,6400.0,0,3.7,1,59.05,4.18,116.5,95.2,210.0,EV_104,0.0,940,0.0,DR667059_11,57.7,45487.31,DR667059,202.74,0.0,60.6,D,SimuProA-4,EV_104
348.215,0.0,57.86,5810.0,0,3.702,1,59.0,4.182,105.8,-32.1,210.0,EV_104,0.07,950,18.0,DR667059_11,57.8,45487.61,DR667059,202.74,0.0,60.7,D,SimuProA-4,EV_104
345.677,50.0,57.86,6180.0,0,3.699,1,58.98,4.181,112.4,82.6,210.0,EV_104,0.0,960,0.0,DR667059_11,58.0,45487.92,DR667059,202.74,0.0,60.9,D,SimuProA-4,EV_104
341.921,85.0,57.86,6510.0,0,3.695,1,58.91,4.185,118.4,145.2,210.0,EV_104,0.0,970,0.0,DR667059_11,58.2,45488.25,DR667059,202.74,0.0,61.1,D,SimuProA-4,EV_104
348.843,0.0,57.86,6160.0,0,3.698,1,58.9,4.184,112.1,-22.4,210.0,EV_104,0.05,980,12.0,DR667059_11,58.3,45488.56,DR667059,202.74,0.0,61.2,D,SimuProA-4,EV_104
344.179,70.0,57.86,6600.0,0,3.692,1,58.84,4.183,120.0,110.5,210.0,EV_104,0.0,990,0.0,DR667059_11,58.5,45488.89,DR667059,202.74,0.0,61.4,D,SimuProA-4,EV_104
338.621,65.0,57.86,6390.0,0,3.69,1,58.77,4.181,116.5,135.6,210.0,EV_104,0.0,1000,0.0,DR667059_11,58.7,45489.21,DR667059,202.74,0.0,61.6,D,SimuProA-4,EV_104
342.537,45.0,57.86,5940.0,0,3.688,1,58.73,4.18,108.2,95.3,210.0,EV_104,0.0,1010,0.0,DR667059_11,58.8,45489.51,DR667059,202.74,0.0,61.7,D,SimuProA-4,EV_104
346.592,0.0,57.86,5620.0,0,3.691,1,58.7,4.182,102.5,-18.7,210.0,EV_104,0.04,1020,8.0,DR667059_11,58.9,45489.8,DR667059,202.74,0.0,61.8,D,SimuProA-4,EV_104
343.746,35.0,57.86,5780.0,0,3.69,1,58.68,4.181,105.2,65.5,210.0,EV_104,0.0,1030,0.0,DR667059_11,59.0,45490.09,DR667059,202.74,0.0,61.9,D,SimuProA-4,EV_104
341.946,55.0,57.86,6070.0,0,3.688,1,58.68,4.18,110.5,98.2,210.0,EV_104,0.0,1040,0.0,DR667059_11,59.1,45490.4,DR667059,202.74,0.0,62.0,D,SimuProA-4,EV_104
338.131,80.0,57.86,6480.0,0,3.685,1,58.66,4.178,118.0,142.3,210.0,EV_104,0.0,1050,0.0,DR667059_11,59.2,45490.73,DR667059,202.74,0.0,62.2,D,SimuProA-4,EV_104
336.774,70.0,57.86,6320.0,0,3.682,1,58.62,4.175,115.0,155.0,210.0,EV_104,0.0,1060,0.0,DR667059_11,59.4,45491.05,DR667059,202.74,0.0,62.4,D,SimuProA-4,EV_104
339.622,55.0,57.86,6150.0,0,3.684,1,58.62,4.177,112.0,110.5,210.0,EV_104,0.0,1070,0.0,DR667059_11,59.5,45491.36,DR667059,202.74,0.0,62.5,D,SimuProA-4,EV_104
342.505,0.0,57.86,5930.0,0,3.686,1,58.6,4.179,108.0,-15.2,210.0,EV_104,0.05,1080,10.0,DR667059_11,59.6,45491.66,DR667059,202.74,0.0,62.6,D,SimuProA-4,EV_104
340.659,55.0,57.86,6230.0,0,3.685,1,58.56,4.178,113.5,105.4,210.0,EV_104,0.0,1090,0.0,DR667059_11,59.7,45491.98,DR667059,202.74,0.0,62.7,D,SimuProA-4,EV_104
337.063,75.0,57.86,6440.0,0,3.683,1,58.55,4.176,117.2,145.8,210.0,EV_104,0.0,1100,0.0,DR667059_11,59.9,45492.3,DR667059,202.74,0.0,62.9,D,SimuProA-4,EV_104
341.237,0.0,57.86,6030.0,0,3.687,1,58.53,4.18,109.8,-12.5,210.0,EV_104,0.06,1110,15.0,DR667059_11,60.0,45492.61,DR667059,202.74,0.0,63.0,D,SimuProA-4,EV_104
344.147,0.0,57.86,5620.0,0,3.688,1,58.51,4.181,102.5,-18.4,210.0,EV_104,0.07,1120,18.0,DR667059_11,60.1,45492.89,DR667059,202.74,0.0,63.1,D,SimuProA-4,EV_104
338.153,60.0,57.86,6080.0,0,3.685,1,58.49,4.179,110.8,125.3,210.0,EV_104,0.0,1130,0.0,DR667059_11,60.3,45493.2,DR667059,202.74,0.0,63.3,D,SimuProA-4,EV_104
340.991,45.0,57.86,5830.0,0,3.686,1,58.45,4.18,106.2,98.7,210.0,EV_104,0.0,1140,0.0,DR667059_11,60.5,45493.5,DR667059,202.74,0.0,63.5,D,SimuProA-4,EV_104
343.732,42.0,57.86,5910.0,0,3.687,1,58.4,4.18,107.5,82.4,210.0,EV_104,0.0,1150,0.0,DR667059_11,60.6,45493.8,DR667059,202.74,0.0,63.6,D,SimuProA-4,EV_104
345.708,30.0,57.86,5680.0,0,3.688,1,58.38,4.181,103.4,55.1,210.0,EV_104,0.0,1160,0.0,DR667059_11,60.7,45494.09,DR667059,202.74,0.0,63.7,D,SimuProA-4,EV_104
347.038,18.0,57.86,5400.0,0,3.686,1,58.34,4.18,98.2,28.6,210.0,EV_104,0.0,1170,0.0,DR667059_11,60.8,45494.36,DR667059,202.74,0.0,63.8,D,SimuProA-4,EV_104
345.734,22.0,57.86,5520.0,0,3.687,1,58.29,4.18,100.5,45.5,210.0,EV_104,0.0,1180,0.0,DR667059_11,61.1,45494.64,DR667059,202.74,0.0,64.1,D,SimuProA-4,EV_104
345.83,35.0,57.86,5730.0,0,3.688,1,58.24,4.181,104.2,62.3,210.0,EV_104,0.0,1190,0.0,DR667059_11,61.3,45494.93,DR667059,202.74,0.0,64.3,D,SimuProA-4,EV_104
343.899,52.0,57.86,5960.0,0,3.689,1,58.2,4.182,108.5,88.9,210.0,EV_104,0.0,1200,0.0,DR667059_11,61.6,45495.23,DR667059,202.74,0.0,64.6,D,SimuProA-4,EV_104
342.231,58.0,57.86,6050.0,0,3.691,1,58.15,4.183,110.2,95.2,210.0,EV_104,0.0,1210,0.0,DR667059_11,61.9,45495.54,DR667059,202.74,0.0,64.9,D,SimuProA-4,EV_104
344.238,42.0,57.86,5870.0,0,3.69,1,58.11,4.182,106.8,72.4,210.0,EV_104,0.0,1220,0.0,DR667059_11,62.1,45495.83,DR667059,202.74,0.0,65.0,D,SimuProA-4,EV_104
343.624,48.0,57.86,6010.0,0,3.692,1,58.06,4.184,109.5,81.5,210.0,EV_104,0.0,1230,0.0,DR667059_11,62.4,45496.14,DR667059,202.74,0.0,65.0,D,SimuProA-4,EV_104
341.073,50.0,57.86,6080.0,0,3.693,1,58.0,4.185,110.8,85.2,210.0,EV_104,0.0,1240,0.0,DR667059_11,62.6,45496.45,DR667059,202.74,0.0,65.0,D,SimuProA-4,EV_104
339.475,55.0,57.86,6160.0,0,3.695,1,57.94,4.186,112.4,98.5,210.0,EV_104,0.0,1250,0.0,DR667059_11,62.9,45496.76,DR667059,202.74,0.0,65.0,D,SimuProA-4,EV_104
340.593,45.0,57.86,5950.0,0,3.694,1,57.89,4.185,108.6,78.9,210.0,EV_104,0.0,1260,0.0,DR667059_11,63.2,45497.06,DR667059,202.74,0.0,65.0,D,SimuProA-4,EV_104
338.491,46.0,57.86,5880.0,0,3.693,1,57.82,4.185,107.2,88.4,210.0,EV_104,0.0,1270,0.0,DR667059_11,63.5,45497.36,DR667059,202.74,0.0,65.0,D,SimuProA-4,EV_104
339.806,40.0,57.86,5780.0,0,3.694,1,57.77,4.186,105.5,75.6,210.0,EV_104,0.0,0,0.0,DR667059_12,63.8,45497.65,DR667059,202.74,0.0,65.0,D,SimuProA-4,EV_104
337.491,52.0,57.86,6020.0,0,3.693,1,57.71,4.186,109.8,92.1,210.0,EV_104,0.0,10,0.0,DR667059_12,64.1,45497.96,DR667059,202.74,0.0,65.0,D,SimuProA-4,EV_104
336.17,62.0,57.86,6280.0,0,3.691,1,57.61,4.186,114.5,105.3,210.0,EV_104,0.0,20,0.0,DR667059_12,64.3,45498.28,DR667059,202.74,0.0,65.0,D,SimuProA-4,EV_104
339.248,48.0,57.86,6050.0,0,3.693,1,57.55,4.186,110.2,82.4,210.0,EV_104,0.0,30,0.0,DR667059_12,64.6,45498.58,DR667059,202.74,0.0,65.0,D,SimuProA-4,EV_104
339.939,35.0,57.86,5750.0,0,3.694,1,57.51,4.186,104.8,65.8,210.0,EV_104,0.0,40,0.0,DR667059_12,64.9,45498.88,DR667059,202.74,0.0,65.0,D,SimuProA-4,EV_104
337.019,38.0,57.86,5830.0,0,3.693,1,57.45,4.186,106.2,78.2,210.0,EV_104,0.0,50,0.0,DR667059_12,65.0,45499.17,DR667059,202.74,0.0,65.0,D,SimuProA-4,EV_104
336.011,55.0,57.86,6170.0,0,3.69,1,57.41,4.186,112.4,95.5,210.0,EV_104,0.0,60,0.0,DR667059_12,65.0,45499.49,DR667059,202.74,0.0,65.0,D,SimuProA-4,EV_104
338.084,32.0,57.86,5680.0,0,3.694,1,57.37,4.186,103.5,70.4,210.0,EV_104,0.0,70,0.0,DR667059_12,65.0,45499.77,DR667059,202.74,0.0,65.0,D,SimuProA-4,EV_104
337.937,35.0,57.86,5750.0,0,3.695,1,57.32,4.185,105.0,75.0,210.0,EV_104,0.0,80,0.0,DR667059_12,65.0,45500.06,DR667059,202.74,0.0,65.0,D,SimuProA-4,EV_104
336.82,45.0,57.86,6120.0,0,3.693,1,57.3,4.185,111.5,88.0,210.0,EV_104,0.0,90,0.0,DR667059_12,65.0,45500.37,DR667059,202.74,0.0,65.0,D,SimuProA-4,EV_104
338.172,30.0,57.86,5600.0,0,3.694,1,57.26,4.186,102.0,68.0,210.0,EV_104,0.0,100,0.0,DR667059_12,65.0,45500.65,DR667059,202.74,0.0,65.0,D,SimuProA-4,EV_104
337.279,38.0,57.86,5840.0,0,3.693,1,57.22,4.185,106.5,82.0,210.0,EV_104,0.0,110,0.0,DR667059_12,65.0,45500.95,DR667059,202.74,0.0,65.0,D,SimuProA-4,EV_104
336.02,48.0,57.86,6200.0,0,3.692,1,57.18,4.185,113.0,98.5,210.0,EV_104,0.0,120,0.0,DR667059_12,65.0,45501.26,DR667059,202.74,0.0,65.0,D,SimuProA-4,EV_104
338.169,28.0,57.86,5540.0,0,3.694,1,57.14,4.186,101.0,65.0,210.0,EV_104,0.0,130,0.0,DR667059_12,65.0,45501.54,DR667059,202.74,0.0,65.0,D,SimuProA-4,EV_104
336.911,42.0,57.86,5920.0,0,3.692,1,57.1,4.185,108.0,92.0,210.0,EV_104,0.0,140,0.0,DR667059_12,65.0,45501.84,DR667059,202.74,0.0,65.0,D,SimuProA-4,EV_104
337.983,32.0,57.86,5650.0,0,3.694,1,57.05,4.186,103.0,70.0,210.0,EV_104,0.0,150,0.0,DR667059_12,65.0,45502.13,DR667059,202.74,0.0,65.0,D,SimuProA-4,EV_104
336.002,46.0,57.86,6060.0,0,3.691,1,57.01,4.185,110.5,95.0,210.0,EV_104,0.0,160,0.0,DR667059_12,65.0,45502.43,DR667059,202.74,0.0,65.0,D,SimuProA-4,EV_104
335.92,45.0,57.86,6150.0,0,3.69,1,56.92,4.186,112.0,105.0,210.0,EV_104,0.0,170,0.0,DR667059_12,65.0,45502.74,DR667059,202.74,0.0,65.0,D,SimuProA-4,EV_104
334.866,55.0,57.86,6320.0,0,3.688,1,56.86,4.187,115.0,115.0,210.0,EV_104,0.0,180,0.0,DR667059_12,65.0,45503.06,DR667059,202.74,0.0,65.0,D,SimuProA-4,EV_104
337.483,25.0,57.86,5600.0,0,3.691,1,56.8,4.186,102.0,75.0,210.0,EV_104,0.0,190,0.0,DR667059_12,65.0,45503.34,DR667059,202.74,0.0,65.0,D,SimuProA-4,EV_104
338.708,30.0,57.86,5780.0,0,3.692,1,56.75,4.186,105.0,85.0,210.0,EV_104,0.0,200,0.0,DR667059_12,65.0,45503.63,DR667059,202.74,0.0,65.0,D,SimuProA-4,EV_104
336.57,48.0,57.86,6100.0,0,3.689,1,56.66,4.187,111.0,110.0,210.0,EV_104,0.0,210,0.0,DR667059_12,65.0,45503.94,DR667059,202.74,0.0,65.0,D,SimuProA-4,EV_104
339.563,0.0,57.86,5500.0,0,3.693,1,56.62,4.188,100.0,-25.0,210.0,EV_104,0.05,220,15.0,DR667059_12,65.0,45504.22,DR667059,202.74,0.0,65.0,D,SimuProA-4,EV_104
335.978,45.0,57.86,5940.0,0,3.687,1,56.53,4.187,108.0,135.0,210.0,EV_104,0.0,230,0.0,DR667059_12,65.0,45504.52,DR667059,202.74,0.0,65.0,D,SimuProA-4,EV_104
339.337,22.0,57.86,5390.0,0,3.69,1,56.46,4.188,98.0,80.0,210.0,EV_104,0.0,240,0.0,DR667059_12,65.0,45504.79,DR667059,202.74,0.0,65.0,D,SimuProA-4,EV_104
334.859,58.0,57.86,6160.0,0,3.685,1,56.38,4.189,112.0,145.0,210.0,EV_104,0.0,250,0.0,DR667059_12,65.0,45505.1,DR667059,202.74,0.0,65.0,D,SimuProA-4,EV_104
332.285,72.0,57.86,6380.0,0,3.682,1,56.24,4.19,116.0,165.0,210.0,EV_104,0.0,260,0.0,DR667059_12,65.0,45505.42,DR667059,202.74,0.0,65.0,D,SimuProA-4,EV_104
338.018,35.0,57.86,5775.0,0,3.686,1,56.18,4.189,105.0,95.0,210.0,EV_104,0.0,270,0.0,DR667059_12,65.0,45505.71,DR667059,202.74,0.0,65.0,D,SimuProA-4,EV_104
335.519,52.0,57.86,6050.0,0,3.684,1,56.09,4.188,110.0,125.0,210.0,EV_104,0.0,280,0.0,DR667059_12,65.0,45506.02,DR667059,202.74,0.0,65.0,D,SimuProA-4,EV_104
333.168,55.0,57.86,6105.0,0,3.685,1,56.01,4.188,111.0,135.0,210.0,EV_104,0.0,290,0.0,DR667059_12,65.0,45506.33,DR667059,202.74,0.0,65.0,D,SimuProA-4,EV_104
336.314,32.0,57.86,5720.0,0,3.686,1,55.93,4.188,104.0,100.0,210.0,EV_104,0.0,300,0.0,DR667059_12,65.0,45506.62,DR667059,202.74,0.0,65.0,D,SimuProA-4,EV_104
331.441,65.0,57.86,6270.0,0,3.681,1,55.85,4.19,114.0,155.0,210.0,EV_104,0.0,310,0.0,DR667059_12,65.0,45506.93,DR667059,202.74,0.0,65.0,D,SimuProA-4,EV_104
328.089,85.0,57.86,6490.0,0,3.678,1,55.75,4.191,118.0,165.0,210.0,EV_104,0.0,320,0.0,DR667059_12,45.8,45507.26,DR667059,202.74,0.0,46.2,D,SimuProA-4,EV_104
333.782,45.0,57.86,6050.0,0,3.685,1,55.68,4.19,110.0,120.0,210.0,EV_104,0.0,330,0.0,DR667059_12,46.1,45507.56,DR667059,202.74,0.0,46.5,D,SimuProA-4,EV_104
322.705,0.0,57.86,5610.0,0,3.682,1,55.61,4.188,102.0,-45.0,210.0,EV_104,0.05,340,15.0,DR667059_12,46.2,45507.85,DR667059,202.74,0.0,46.6,D,SimuProA-4,EV_104
325.638,40.0,57.86,5830.0,0,3.683,1,55.55,4.189,106.0,85.0,210.0,EV_104,0.0,350,0.0,DR667059_12,46.4,45508.14,DR667059,202.74,0.0,46.8,D,SimuProA-4,EV_104
328.005,35.0,57.86,5655.0,0,3.684,1,55.51,4.19,103.0,65.0,210.0,EV_104,0.0,360,0.0,DR667059_12,46.6,45508.43,DR667059,202.74,0.0,47.0,D,SimuProA-4,EV_104
330.927,0.0,57.86,5390.0,0,3.685,1,55.47,4.191,98.0,-25.0,210.0,EV_104,0.06,370,10.0,DR667059_12,46.8,45508.7,DR667059,202.74,0.0,47.2,D,SimuProA-4,EV_104
331.804,42.0,57.86,5775.0,0,3.686,1,55.41,4.192,105.0,92.0,210.0,EV_104,0.0,380,0.0,DR667059_12,47.0,45508.99,DR667059,202.74,0.0,47.4,D,SimuProA-4,EV_104
329.374,55.0,57.86,6160.0,0,3.684,1,55.36,4.193,112.0,105.0,210.0,EV_104,0.0,390,0.0,DR667059_12,47.2,45509.3,DR667059,202.74,0.0,47.6,D,SimuProA-4,EV_104
331.195,38.0,57.86,5940.0,0,3.685,1,55.32,4.191,108.0,75.0,210.0,EV_104,0.0,400,0.0,DR667059_12,47.4,45509.6,DR667059,202.74,0.0,47.8,D,SimuProA-4,EV_104
327.446,65.0,57.86,6325.0,0,3.683,1,55.27,4.193,115.0,145.0,210.0,EV_104,0.0,410,0.0,DR667059_12,47.6,45509.92,DR667059,202.74,0.0,48.0,D,SimuProA-4,EV_104
325.119,85.0,57.86,6490.0,0,3.68,1,55.24,4.194,118.0,180.0,210.0,EV_104,0.0,420,0.0,DR667059_12,47.9,45510.25,DR667059,202.74,0.0,48.3,D,SimuProA-4,EV_104
329.505,40.0,57.86,5995.0,0,3.684,1,55.2,4.192,109.0,70.0,210.0,EV_104,0.0,430,0.0,DR667059_12,48.1,45510.55,DR667059,202.74,0.0,48.5,D,SimuProA-4,EV_104
331.963,35.0,57.86,5775.0,0,3.686,1,55.16,4.195,105.0,65.0,210.0,EV_104,0.0,440,0.0,DR667059_12,48.3,45510.84,DR667059,202.74,0.0,48.7,D,SimuProA-4,EV_104
335.488,30.0,57.86,5610.0,0,3.687,1,55.11,4.196,102.0,55.0,210.0,EV_104,0.0,450,0.0,DR667059_12,48.5,45511.12,DR667059,202.74,0.0,48.9,D,SimuProA-4,EV_104
333.936,32.0,57.86,5830.0,0,3.685,1,55.08,4.194,106.0,60.0,210.0,EV_104,0.0,460,0.0,DR667059_12,48.7,45511.42,DR667059,202.74,0.0,49.1,D,SimuProA-4,EV_104
333.998,28.0,57.86,5665.0,0,3.688,1,55.05,4.193,103.0,58.0,210.0,EV_104,0.0,470,0.0,DR667059_12,48.9,45511.71,DR667059,202.74,0.0,49.3,D,SimuProA-4,EV_104
336.358,25.0,57.86,5500.0,0,3.689,1,55.02,4.195,100.0,52.0,210.0,EV_104,0.0,480,0.0,DR667059_12,49.1,45511.98,DR667059,202.74,0.0,49.5,D,SimuProA-4,EV_104
336.002,34.0,57.86,5775.0,0,3.687,1,54.97,4.196,105.0,62.0,210.0,EV_104,0.0,490,0.0,DR667059_12,49.3,45512.28,DR667059,202.74,0.0,49.8,D,SimuProA-4,EV_104
334.516,35.0,57.86,5875.0,0,3.686,1,54.93,4.197,107.0,65.0,210.0,EV_104,0.0,500,0.0,DR667059_12,49.4,45512.58,DR667059,202.74,0.0,49.9,D,SimuProA-4,EV_104
333.114,38.0,57.86,5920.0,0,3.685,1,54.91,4.198,108.0,68.0,210.0,EV_104,0.0,510,0.0,DR667059_12,49.5,45512.88,DR667059,202.74,0.0,50.0,D,SimuProA-4,EV_104
334.754,30.0,57.86,5705.0,0,3.688,1,54.88,4.196,104.0,58.0,210.0,EV_104,0.0,520,0.0,DR667059_12,49.6,45513.17,DR667059,202.74,0.0,50.1,D,SimuProA-4,EV_104
334.172,32.0,57.86,5782.0,0,3.686,1,54.84,4.196,105.5,64.0,210.0,EV_104,0.0,530,0.0,DR667059_12,49.8,45513.46,DR667059,202.74,0.0,50.3,D,SimuProA-4,EV_104
332.701,40.0,57.86,5982.0,0,3.684,1,54.77,4.198,109.0,72.0,210.0,EV_104,0.0,540,0.0,DR667059_12,50.0,45513.77,DR667059,202.74,0.0,50.5,D,SimuProA-4,EV_104
334.261,28.0,57.86,5600.0,0,3.687,1,54.75,4.197,102.0,55.0,210.0,EV_104,0.0,550,0.0,DR667059_12,50.1,45514.05,DR667059,202.74,0.0,50.6,D,SimuProA-4,EV_104
333.412,30.0,57.86,5682.0,0,3.686,1,54.72,4.197,103.5,62.0,210.0,EV_104,0.0,560,0.0,DR667059_12,50.2,45514.34,DR667059,202.74,0.0,50.7,D,SimuProA-4,EV_104
332.252,65.0,57.86,6090.0,0,3.684,1,54.66,4.198,111.0,85.0,210.0,EV_104,0.0,570,0.0,DR667059_12,50.3,45514.65,DR667059,202.74,0.0,50.8,D,SimuProA-4,EV_104
335.27,0.0,57.86,5215.0,0,3.689,1,54.65,4.199,95.0,-45.0,210.0,EV_104,0.05,580,45.0,DR667059_12,50.4,45514.91,DR667059,202.74,0.0,50.9,D,SimuProA-4,EV_104
332.78,70.0,57.86,6130.0,0,3.683,1,54.62,4.198,112.0,95.0,210.0,EV_104,0.0,590,0.0,DR667059_12,50.5,45515.22,DR667059,202.74,0.0,51.0,D,SimuProA-4,EV_104
338.203,0.0,57.86,5750.0,0,3.69,1,54.61,4.199,105.0,-35.0,210.0,EV_104,0.04,600,15.0,DR667059_12,50.6,45515.51,DR667059,202.74,0.0,51.1,D,SimuProA-4,EV_104
333.105,60.0,57.86,6020.0,0,3.685,1,54.57,4.198,110.0,88.0,210.0,EV_104,0.0,610,0.0,DR667059_12,50.7,45515.82,DR667059,202.74,0.0,51.3,D,SimuProA-4,EV_104
333.123,68.0,57.86,6250.0,0,3.684,1,54.52,4.198,114.0,92.0,210.0,EV_104,0.0,620,0.0,DR667059_12,50.9,45516.14,DR667059,202.74,0.0,51.5,D,SimuProA-4,EV_104
336.171,0.0,57.86,5380.0,0,3.688,1,54.52,4.199,98.0,-40.0,210.0,EV_104,0.05,630,35.0,DR667059_12,51.0,45516.41,DR667059,202.74,0.0,51.6,D,SimuProA-4,EV_104
333.012,72.0,57.86,6470.0,0,3.682,1,54.48,4.198,118.0,96.0,210.0,EV_104,0.0,640,0.0,DR667059_12,51.2,45516.74,DR667059,202.74,0.0,51.8,D,SimuProA-4,EV_104
330.878,55.0,57.86,6140.0,0,3.68,1,54.44,4.198,112.0,105.0,210.0,EV_104,0.0,650,0.0,DR667059_12,51.3,45517.05,DR667059,202.74,0.0,51.9,D,SimuProA-4,EV_104
331.421,62.0,57.86,6360.0,0,3.679,1,54.4,4.197,116.0,98.0,210.0,EV_104,0.0,660,0.0,DR667059_12,51.4,45517.37,DR667059,202.74,0.0,52.0,D,SimuProA-4,EV_104
336.015,0.0,57.86,5500.0,0,3.685,1,54.39,4.198,100.0,-25.0,210.0,EV_104,0.03,670,10.0,DR667059_12,51.5,45517.65,DR667059,202.74,0.0,52.1,D,SimuProA-4,EV_104
333.989,45.0,57.86,5920.0,0,3.68,1,54.35,4.197,108.0,85.0,210.0,EV_104,0.0,680,0.0,DR667059_12,51.6,45517.95,DR667059,202.74,0.0,52.3,D,SimuProA-4,EV_104
337.997,0.0,57.86,5200.0,0,3.683,1,54.35,4.198,95.0,-15.0,210.0,EV_104,0.02,690,5.0,DR667059_12,51.7,45518.21,DR667059,202.74,0.0,52.4,D,SimuProA-4,EV_104
334.383,40.0,57.86,5750.0,0,3.679,1,54.31,4.197,105.0,78.0,210.0,EV_104,0.0,700,0.0,DR667059_12,51.8,45518.51,DR667059,202.74,0.0,52.5,D,SimuProA-4,EV_104
333.238,55.0,57.86,6140.0,0,3.678,1,54.28,4.197,112.0,92.0,210.0,EV_104,0.0,710,0.0,DR667059_12,51.9,45518.82,DR667059,202.74,0.0,52.6,D,SimuProA-4,EV_104
338.476,0.0,57.86,5380.0,0,3.682,1,54.28,4.198,98.0,-18.0,210.0,EV_104,0.02,720,8.0,DR667059_12,52.0,45519.09,DR667059,202.74,0.0,52.7,D,SimuProA-4,EV_104
334.189,48.0,57.86,5810.0,0,3.679,1,54.27,4.197,106.0,88.0,210.0,EV_104,0.0,730,0.0,DR667059_12,52.1,45519.39,DR667059,202.74,0.0,52.8,D,SimuProA-4,EV_104
333.958,58.0,57.86,6210.0,0,3.677,1,54.22,4.197,113.5,95.0,210.0,EV_104,0.0,740,0.0,DR667059_12,52.2,45519.71,DR667059,202.74,0.0,53.0,D,SimuProA-4,EV_104
336.496,0.0,57.86,5750.0,0,3.68,1,54.22,4.198,105.0,-12.0,210.0,EV_104,0.02,750,10.0,DR667059_12,52.3,45520.0,DR667059,202.74,0.0,53.1,D,SimuProA-4,EV_104
334.102,45.0,57.86,5920.0,0,3.676,1,54.18,4.196,108.0,85.0,210.0,EV_104,0.0,760,0.0,DR667059_12,52.5,45520.3,DR667059,202.74,0.0,53.3,D,SimuProA-4,EV_104
332.521,62.0,57.86,6250.0,0,3.675,1,54.11,4.195,114.2,102.5,210.0,EV_104,0.0,770,0.0,DR667059_12,52.7,45520.62,DR667059,202.74,0.0,53.5,D,SimuProA-4,EV_104
330.494,68.0,57.86,6380.0,0,3.674,1,54.08,4.194,116.5,115.0,210.0,EV_104,0.0,780,0.0,DR667059_12,52.9,45520.94,DR667059,202.74,0.0,53.7,D,SimuProA-4,EV_104
331.827,55.0,57.86,6120.0,0,3.673,1,54.03,4.195,112.0,98.0,210.0,EV_104,0.0,790,0.0,DR667059_12,53.1,45521.25,DR667059,202.74,0.0,53.9,D,SimuProA-4,EV_104
330.126,75.0,57.86,6500.0,0,3.672,1,53.99,4.193,118.5,108.5,210.0,EV_104,0.0,800,0.0,DR667059_12,53.3,45521.58,DR667059,202.74,0.0,54.1,D,SimuProA-4,EV_104
332.089,50.0,57.86,6050.0,0,3.674,1,53.95,4.194,110.0,95.0,210.0,EV_104,0.0,810,0.0,DR667059_12,53.5,45521.88,DR667059,202.74,0.0,54.3,D,SimuProA-4,EV_104
328.865,85.0,57.86,6600.0,0,3.67,1,53.91,4.192,120.0,125.0,210.0,EV_104,0.0,820,0.0,DR667059_12,53.8,45522.22,DR667059,202.74,0.0,54.6,D,SimuProA-4,EV_104
329.808,72.0,57.86,6250.0,0,3.668,1,53.86,4.191,114.0,135.0,210.0,EV_104,0.0,830,0.0,DR667059_12,54.0,45522.54,DR667059,202.74,0.0,54.8,D,SimuProA-4,EV_104
333.082,45.0,57.86,5750.0,0,3.675,1,53.82,4.196,105.0,85.0,210.0,EV_104,0.0,840,0.0,DR667059_12,54.2,45522.83,DR667059,202.74,0.0,55.0,D,SimuProA-4,EV_104
331.049,65.0,57.86,6180.0,0,3.671,1,53.78,4.193,112.5,110.0,210.0,EV_104,0.0,850,0.0,DR667059_12,54.5,45523.14,DR667059,202.74,0.0,55.3,D,SimuProA-4,EV_104
330.522,55.0,57.86,6050.0,0,3.669,1,53.74,4.192,110.0,98.0,210.0,EV_104,0.0,860,0.0,DR667059_12,54.7,45523.45,DR667059,202.74,0.0,55.5,D,SimuProA-4,EV_104
331.843,48.0,57.86,5940.0,0,3.672,1,53.72,4.194,108.0,82.0,210.0,EV_104,0.0,870,0.0,DR667059_12,54.9,45523.75,DR667059,202.74,0.0,55.7,D,SimuProA-4,EV_104
331.449,52.0,57.86,6105.0,0,3.67,1,53.71,4.193,111.0,90.0,210.0,EV_104,0.0,880,0.0,DR667059_12,55.1,45524.05,DR667059,202.74,0.0,55.9,D,SimuProA-4,EV_104
328.776,75.0,57.86,6270.0,0,3.665,1,53.7,4.195,114.0,135.0,210.0,EV_104,0.0,890,0.0,DR667059_12,55.3,45524.37,DR667059,202.74,0.0,56.1,D,SimuProA-4,EV_104
331.722,40.0,57.86,5830.0,0,3.671,1,53.68,4.196,106.0,75.0,210.0,EV_104,0.0,900,0.0,DR667059_12,55.5,45524.66,DR667059,202.74,0.0,56.3,D,SimuProA-4,EV_104
330.637,50.0,57.86,6050.0,0,3.668,1,53.67,4.194,110.0,95.0,210.0,EV_104,0.0,910,0.0,DR667059_12,55.7,45524.97,DR667059,202.74,0.0,56.5,D,SimuProA-4,EV_104
329.111,55.0,57.86,6160.0,0,3.667,1,53.65,4.193,112.0,110.0,210.0,EV_104,0.0,920,0.0,DR667059_12,55.9,45525.28,DR667059,202.74,0.0,56.7,D,SimuProA-4,EV_104
332.412,38.0,57.86,5775.0,0,3.67,1,53.63,4.195,105.0,65.0,210.0,EV_104,0.0,930,0.0,DR667059_12,56.1,45525.57,DR667059,202.74,0.0,56.9,D,SimuProA-4,EV_104
334.206,35.0,57.86,5610.0,0,3.672,1,53.63,4.196,102.0,55.0,210.0,EV_104,0.0,940,0.0,DR667059_12,56.3,45525.86,DR667059,202.74,0.0,57.1,D,SimuProA-4,EV_104
331.916,42.0,57.86,5940.0,0,3.671,1,53.61,4.195,108.0,85.0,210.0,EV_104,0.0,950,0.0,DR667059_12,56.5,45526.16,DR667059,202.74,0.0,57.3,D,SimuProA-4,EV_104
330.031,52.0,57.86,6105.0,0,3.669,1,53.61,4.194,111.0,105.0,210.0,EV_104,0.0,960,0.0,DR667059_12,56.7,45526.47,DR667059,202.74,0.0,57.5,D,SimuProA-4,EV_104
332.762,36.0,57.86,5720.0,0,3.673,1,53.59,4.196,104.0,70.0,210.0,EV_104,0.0,970,0.0,DR667059_12,56.9,45526.76,DR667059,202.74,0.0,57.7,D,SimuProA-4,EV_104
333.412,34.0,57.86,5665.0,0,3.672,1,53.57,4.195,103.0,62.0,210.0,EV_104,0.0,980,0.0,DR667059_12,57.0,45527.05,DR667059,202.74,0.0,57.8,D,SimuProA-4,EV_104
330.811,48.0,57.86,6050.0,0,3.668,1,53.55,4.194,110.0,95.0,210.0,EV_104,0.0,990,0.0,DR667059_12,57.2,45527.35,DR667059,202.74,0.0,58.0,D,SimuProA-4,EV_104
333.993,28.0,57.86,5390.0,0,3.674,1,53.52,4.196,98.0,50.0,210.0,EV_104,0.0,1000,0.0,DR667059_12,57.3,45527.62,DR667059,202.74,0.0,58.1,D,SimuProA-4,EV_104
332.12,26.0,57.86,5290.0,0,3.671,1,53.5,4.195,96.5,55.0,210.0,EV_104,0.0,1010,0.0,DR667059_12,57.4,45527.89,DR667059,202.74,0.0,58.3,D,SimuProA-4,EV_104
333.911,22.0,57.86,5040.0,0,3.675,1,53.49,4.197,92.0,45.0,210.0,EV_104,0.0,1020,0.0,DR667059_12,57.5,45528.14,DR667059,202.74,0.0,58.5,D,SimuProA-4,EV_104
332.108,30.0,57.86,5430.0,0,3.668,1,53.48,4.194,99.0,65.0,210.0,EV_104,0.0,1030,0.0,DR667059_12,57.7,45528.42,DR667059,202.74,0.0,58.7,D,SimuProA-4,EV_104
334.464,32.0,57.86,5610.0,0,3.672,1,53.47,4.196,102.0,58.0,210.0,EV_104,0.0,1040,0.0,DR667059_12,57.8,45528.7,DR667059,202.74,0.0,58.8,D,SimuProA-4,EV_104
331.683,65.0,57.86,6325.0,0,3.665,1,53.44,4.198,115.0,110.0,210.0,EV_104,0.0,1050,0.0,DR667059_12,58.0,45529.02,DR667059,202.74,0.0,59.0,D,SimuProA-4,EV_104
336.578,0.0,57.86,5940.0,0,3.678,1,53.43,4.2,108.0,-45.0,210.0,EV_104,0.05,1060,15.0,DR667059_12,58.2,45529.32,DR667059,202.74,0.0,59.2,D,SimuProA-4,EV_104
330.867,70.0,57.86,6470.0,0,3.66,1,53.41,4.195,118.0,125.0,210.0,EV_104,0.0,1070,0.0,DR667059_12,58.3,45529.65,DR667059,202.74,0.0,59.3,D,SimuProA-4,EV_104
335.621,25.0,57.86,6050.0,0,3.67,1,53.4,4.198,110.0,60.0,210.0,EV_104,0.0,1080,0.0,DR667059_12,58.4,45529.95,DR667059,202.74,0.0,59.4,D,SimuProA-4,EV_104
332.222,45.0,57.86,6270.0,0,3.662,1,53.39,4.196,114.0,95.0,210.0,EV_104,0.0,1090,0.0,DR667059_12,58.5,45530.27,DR667059,202.74,0.0,59.5,D,SimuProA-4,EV_104
328.17,80.0,57.86,6525.0,0,3.658,1,53.36,4.194,119.0,145.0,210.0,EV_104,0.0,1100,0.0,DR667059_12,58.6,45530.6,DR667059,202.74,0.0,59.6,D,SimuProA-4,EV_104
333.305,30.0,57.86,6140.0,0,3.665,1,53.35,4.197,112.0,75.0,210.0,EV_104,0.0,1110,0.0,DR667059_12,58.7,45530.91,DR667059,202.74,0.0,59.7,D,SimuProA-4,EV_104
329.654,75.0,57.86,6415.0,0,3.661,1,53.34,4.193,117.0,130.0,210.0,EV_104,0.0,1120,0.0,DR667059_12,58.8,45531.24,DR667059,202.74,0.0,59.8,D,SimuProA-4,EV_104
326.274,70.0,57.86,6470.0,0,3.66,1,53.32,4.192,118.0,140.0,210.0,EV_104,0.0,1130,0.0,DR667059_12,58.9,45531.57,DR667059,202.74,0.0,59.9,D,SimuProA-4,EV_104
328.412,35.0,57.86,6295.0,0,3.663,1,53.3,4.195,115.0,90.0,210.0,EV_104,0.0,1140,0.0,DR667059_12,59.0,45531.89,DR667059,202.74,0.0,60.0,D,SimuProA-4,EV_104
325.559,75.0,57.86,6520.0,0,3.659,1,53.3,4.191,119.0,135.0,210.0,EV_104,0.0,1150,0.0,DR667059_12,59.1,45532.22,DR667059,202.74,0.0,60.1,D,SimuProA-4,EV_104
330.859,32.0,57.86,6190.0,0,3.662,1,53.29,4.196,113.0,85.0,210.0,EV_104,0.0,1160,0.0,DR667059_12,59.2,45532.53,DR667059,202.74,0.0,60.2,D,SimuProA-4,EV_104
326.838,65.0,57.86,6355.0,0,3.66,1,53.27,4.194,116.0,125.0,210.0,EV_104,0.0,1170,0.0,DR667059_12,59.3,45532.86,DR667059,202.74,0.0,60.3,D,SimuProA-4,EV_104
330.724,25.0,57.86,5915.0,0,3.664,1,53.25,4.197,108.0,65.0,210.0,EV_104,0.0,1180,0.0,DR667059_12,59.4,45533.16,DR667059,202.74,0.0,60.4,D,SimuProA-4,EV_104
327.155,70.0,57.86,6460.0,0,3.658,1,53.21,4.193,118.0,140.0,210.0,EV_104,0.0,1190,0.0,DR667059_12,59.5,45533.49,DR667059,202.74,0.0,60.5,D,SimuProA-4,EV_104
329.563,30.0,57.86,6025.0,0,3.661,1,53.21,4.196,110.0,95.0,210.0,EV_104,0.0,1200,0.0,DR667059_12,59.6,45533.79,DR667059,202.74,0.0,60.6,D,SimuProA-4,EV_104
331.835,28.0,57.86,5750.0,0,3.665,1,53.18,4.198,105.0,75.0,210.0,EV_104,0.0,1210,0.0,DR667059_12,59.7,45534.08,DR667059,202.74,0.0,60.7,D,SimuProA-4,EV_104
328.06,35.0,57.86,6125.0,0,3.662,1,53.16,4.195,112.0,110.0,210.0,EV_104,0.0,1220,0.0,DR667059_12,59.8,45534.39,DR667059,202.74,0.0,60.8,D,SimuProA-4,EV_104
326.22,60.0,57.86,6460.0,0,3.659,1,53.12,4.193,118.0,135.0,210.0,EV_104,0.0,1230,0.0,DR667059_12,59.9,45534.72,DR667059,202.74,0.0,60.9,D,SimuProA-4,EV_104
324.695,65.0,57.86,6565.0,0,3.657,1,53.11,4.192,120.0,145.0,210.0,EV_104,0.0,1240,0.0,DR667059_12,60.0,45535.05,DR667059,202.74,0.0,61.0,D,SimuProA-4,EV_104
335.478,20.0,57.86,4650.0,0,3.67,1,53.08,4.198,85.0,45.0,210.0,EV_104,0.0,1250,0.0,DR667059_12,60.1,45535.29,DR667059,202.74,0.0,61.1,D,SimuProA-4,EV_104
338.72,25.0,57.86,4900.0,0,3.672,1,53.08,4.2,90.0,55.0,210.0,EV_104,0.0,1260,0.0,DR667059_12,60.2,45535.54,DR667059,202.74,0.0,61.2,D,SimuProA-4,EV_104
337.114,30.0,57.86,5150.0,0,3.671,1,53.08,4.199,95.0,65.0,210.0,EV_104,0.0,1270,0.0,DR667059_12,60.3,45535.8,DR667059,202.74,0.0,61.3,D,SimuProA-4,EV_104
380.826,45.0,57.86,2800.0,0,3.42,1,53.06,4.14,45.0,85.0,210.0,EV_104,0.0,0,0.0,DR667059_13,60.4,45535.93,DR667059,202.74,0.0,61.4,D,SimuProA-4,EV_104
372.589,75.0,57.86,1850.0,0,3.38,1,53.02,4.15,30.0,160.0,210.0,EV_104,0.0,10,10.0,DR667059_13,60.5,45536.01,DR667059,202.74,0.0,61.5,D,SimuProA-4,EV_104
390.342,0.0,57.86,600.0,0,3.4,1,53.02,4.13,10.0,-25.0,210.0,EV_104,0.015,20,45.0,DR667059_13,60.6,45536.04,DR667059,202.74,0.0,61.6,D,SimuProA-4,EV_104
385.783,35.0,57.86,950.0,0,3.41,1,53.01,4.145,15.0,45.0,210.0,EV_104,0.0,30,0.0,DR667059_13,60.7,45536.08,DR667059,202.74,0.0,61.7,D,SimuProA-4,EV_104
375.615,60.0,57.86,2200.0,0,3.385,1,52.99,4.15,35.0,110.0,210.0,EV_104,0.0,40,0.0,DR667059_13,60.8,45536.18,DR667059,202.74,0.0,61.8,D,SimuProA-4,EV_104
395.778,0.0,57.86,450.0,0,3.42,1,52.98,4.12,8.0,-35.0,210.0,EV_104,0.022,50,65.0,DR667059_13,60.9,45536.2,DR667059,202.74,0.0,61.9,D,SimuProA-4,EV_104
380.34,55.0,57.86,2800.0,0,3.43,1,52.97,4.14,42.0,75.0,210.0,EV_104,0.0,60,0.0,DR667059_13,61.0,45536.32,DR667059,202.74,0.0,62.0,D,SimuProA-4,EV_104
368.792,70.0,57.86,3800.0,0,3.38,1,52.95,4.15,52.0,145.0,210.0,EV_104,0.0,70,0.0,DR667059_13,61.2,45536.46,DR667059,202.74,0.0,62.2,D,SimuProA-4,EV_104
378.074,0.0,57.86,1600.0,0,3.41,1,52.94,4.13,25.0,-18.0,210.0,EV_104,0.012,80,35.0,DR667059_13,61.3,45536.53,DR667059,202.74,0.0,62.3,D,SimuProA-4,EV_104
374.647,45.0,57.86,3200.0,0,3.42,1,52.92,4.14,48.0,95.0,210.0,EV_104,0.0,90,0.0,DR667059_13,61.4,45536.66,DR667059,202.74,0.0,62.4,D,SimuProA-4,EV_104
364.8,0.0,57.86,1700.0,0,3.39,1,52.9,4.15,25.0,155.0,210.0,EV_104,0.015,100,55.0,DR667059_13,61.5,45536.73,DR667059,202.74,0.0,62.5,D,SimuProA-4,EV_104
382.879,25.0,57.86,2000.0,0,3.44,1,52.89,4.13,30.0,35.0,210.0,EV_104,0.0,110,0.0,DR667059_13,61.6,45536.82,DR667059,202.74,0.0,62.6,D,SimuProA-4,EV_104
375.653,22.0,57.86,2150.0,0,3.43,1,52.87,4.13,32.0,15.0,210.0,EV_104,0.0,120,0.0,DR667059_13,61.7,45536.91,DR667059,202.74,0.0,62.7,D,SimuProA-4,EV_104
369.643,55.0,57.86,3000.0,0,3.41,1,52.87,4.14,45.0,120.0,210.0,EV_104,0.0,130,0.0,DR667059_13,61.8,45537.03,DR667059,202.74,0.0,62.8,D,SimuProA-4,EV_104
376.582,0.0,57.86,700.0,0,3.44,1,52.86,4.12,10.0,-25.0,210.0,EV_104,0.018,140,65.0,DR667059_13,61.9,45537.06,DR667059,202.74,0.0,62.9,D,SimuProA-4,EV_104
381.243,30.0,57.86,1900.0,0,3.43,1,52.86,4.135,28.0,45.0,210.0,EV_104,0.0,150,0.0,DR667059_13,61.95,45537.14,DR667059,202.74,0.0,62.95,D,SimuProA-4,EV_104
394.774,15.0,57.86,2400.0,0,3.428,1,52.85,4.132,35.0,12.0,210.0,EV_104,0.0,160,0.0,DR667059_13,62.0,45537.23,DR667059,202.74,0.0,63.0,D,SimuProA-4,EV_104
362.28,60.0,57.86,3600.0,0,3.405,1,52.85,4.145,52.0,135.0,210.0,EV_104,0.0,170,0.0,DR667059_13,62.15,45537.38,DR667059,202.74,0.0,63.15,D,SimuProA-4,EV_104
358.443,65.0,57.86,4100.0,0,3.402,1,52.82,4.148,58.0,145.0,210.0,EV_104,0.0,180,0.0,DR667059_13,62.28,45537.54,DR667059,202.74,0.0,63.28,D,SimuProA-4,EV_104
385.239,0.0,57.86,1050.0,0,3.42,1,52.81,4.14,15.0,-32.0,210.0,EV_104,0.022,190,75.0,DR667059_13,62.35,45537.58,DR667059,202.74,0.0,63.35,D,SimuProA-4,EV_104
392.495,25.0,57.86,1550.0,0,3.43,1,52.81,4.135,22.0,35.0,210.0,EV_104,0.0,200,0.0,DR667059_13,62.42,45537.64,DR667059,202.74,0.0,63.42,D,SimuProA-4,EV_104
388.166,15.0,57.86,850.0,0,3.435,1,52.79,4.138,12.0,18.0,210.0,EV_104,0.0,210,0.0,DR667059_13,62.48,45537.67,DR667059,202.74,0.0,63.48,D,SimuProA-4,EV_104
374.755,35.0,57.86,1900.0,0,3.425,1,52.79,4.142,28.0,65.0,210.0,EV_104,0.0,220,0.0,DR667059_13,62.55,45537.75,DR667059,202.74,0.0,63.55,D,SimuProA-4,EV_104
389.917,0.0,57.86,550.0,0,3.432,1,52.78,4.136,8.0,22.0,210.0,EV_104,0.015,230,45.0,DR667059_13,62.62,45537.77,DR667059,202.74,0.0,63.62,D,SimuProA-4,EV_104
384.152,30.0,57.86,2100.0,0,3.428,1,52.76,4.145,32.0,45.0,210.0,EV_104,0.0,240,0.0,DR667059_13,62.7,45537.86,DR667059,202.74,0.0,63.7,D,SimuProA-4,EV_104
378.336,55.0,57.86,3200.0,0,3.422,1,52.74,4.148,48.0,85.0,210.0,EV_104,0.0,250,0.0,DR667059_13,62.85,45537.99,DR667059,202.74,0.0,63.85,D,SimuProA-4,EV_104
390.512,0.0,57.86,1600.0,0,3.435,1,52.74,4.15,25.0,-25.0,210.0,EV_104,0.025,260,60.0,DR667059_13,62.92,45538.06,DR667059,202.74,0.0,63.92,D,SimuProA-4,EV_104
373.146,60.0,57.86,2900.0,0,3.418,1,52.69,4.149,45.0,95.0,210.0,EV_104,0.0,270,0.0,DR667059_13,63.0,45538.18,DR667059,202.74,0.0,64.0,D,SimuProA-4,EV_104
392.189,0.0,57.86,750.0,0,3.442,1,52.69,4.152,12.0,-35.0,210.0,EV_104,0.028,280,75.0,DR667059_13,63.05,45538.22,DR667059,202.74,0.0,64.05,D,SimuProA-4,EV_104
397.186,15.0,57.86,320.0,0,3.438,1,52.69,4.145,5.0,12.0,210.0,EV_104,0.0,290,5.0,DR667059_13,63.1,45538.23,DR667059,202.74,0.0,64.1,D,SimuProA-4,EV_104
376.496,35.0,57.86,1150.0,0,3.44,1,52.65,4.146,18.0,45.0,210.0,EV_104,0.0,300,0.0,DR667059_13,63.15,45538.28,DR667059,202.74,0.0,64.15,D,SimuProA-4,EV_104
388.387,0.0,57.86,500.0,0,3.445,1,52.65,4.15,8.0,-30.0,210.0,EV_104,0.026,310,55.0,DR667059_13,63.18,45538.3,DR667059,202.74,0.0,64.18,D,SimuProA-4,EV_104
374.364,45.0,57.86,1800.0,0,3.43,1,52.62,4.148,28.0,65.0,210.0,EV_104,0.0,320,0.0,DR667059_13,63.25,45538.38,DR667059,202.74,0.0,64.25,D,SimuProA-4,EV_104
395.666,10.0,57.86,350.0,0,3.435,1,52.6,4.14,12.0,15.0,210.0,EV_104,0.0,330,5.0,DR667059_13,63.3,45538.41,DR667059,202.74,0.0,64.3,D,SimuProA-4,EV_104
372.595,55.0,57.86,2200.0,0,3.42,1,52.57,4.15,35.0,85.0,210.0,EV_104,0.0,340,0.0,DR667059_13,63.45,45538.51,DR667059,202.74,0.0,64.45,D,SimuProA-4,EV_104
386.114,0.0,57.86,450.0,0,3.438,1,52.57,4.145,15.0,-25.0,210.0,EV_104,0.022,350,40.0,DR667059_13,63.55,45538.55,DR667059,202.74,0.0,64.55,D,SimuProA-4,EV_104
370.205,60.0,57.86,3100.0,0,3.415,1,52.53,4.148,45.0,95.0,210.0,EV_104,0.0,360,0.0,DR667059_13,63.65,45538.68,DR667059,202.74,0.0,64.65,D,SimuProA-4,EV_104
378.365,0.0,57.86,1200.0,0,3.44,1,52.52,4.15,20.0,-35.0,210.0,EV_104,0.028,370,75.0,DR667059_13,63.7,45538.73,DR667059,202.74,0.0,64.7,D,SimuProA-4,EV_104
392.277,5.0,57.86,250.0,0,3.435,1,52.52,4.145,10.0,5.0,210.0,EV_104,0.0,380,10.0,DR667059_13,63.75,45538.76,DR667059,202.74,0.0,64.75,D,SimuProA-4,EV_104
375.491,35.0,57.86,1800.0,0,3.442,1,52.5,4.148,28.0,18.5,210.0,EV_104,0.0,390,0.0,DR667059_13,63.85,45538.84,DR667059,202.74,0.0,64.85,D,SimuProA-4,EV_104
388.092,0.0,57.86,500.0,0,3.445,1,52.5,4.15,8.0,-28.0,210.0,EV_104,0.025,400,65.0,DR667059_13,63.9,45538.86,DR667059,202.74,0.0,64.9,D,SimuProA-4,EV_104
373.581,45.0,57.86,2100.0,0,3.42,1,52.49,4.149,32.0,65.0,210.0,EV_104,0.0,410,0.0,DR667059_13,64.0,45538.95,DR667059,202.74,0.0,65.0,D,SimuProA-4,EV_104
385.072,30.0,57.86,2850.0,0,3.435,1,52.48,4.147,38.0,42.0,210.0,EV_104,0.0,420,0.0,DR667059_13,64.1,45539.06,DR667059,202.74,0.0,65.0,D,SimuProA-4,EV_104
370.333,0.0,57.86,750.0,0,3.415,1,52.48,4.15,12.0,-38.0,210.0,EV_104,0.032,430,60.0,DR667059_13,64.2,45539.09,DR667059,202.74,0.0,65.0,D,SimuProA-4,EV_104
390.202,15.0,57.86,1100.0,0,3.438,1,52.46,4.145,18.0,12.0,210.0,EV_104,0.0,440,0.0,DR667059_13,64.25,45539.14,DR667059,202.74,0.0,65.0,D,SimuProA-4,EV_104
380.42,35.0,57.86,3000.0,0,3.43,1,52.44,4.148,42.0,55.0,210.0,EV_104,0.0,450,0.0,DR667059_13,64.3,45539.26,DR667059,202.74,0.0,65.0,D,SimuProA-4,EV_104
372.42,0.0,57.86,800.0,0,3.42,1,52.43,4.145,10.0,-32.0,210.0,EV_104,0.028,460,55.0,DR667059_13,64.35,45539.28,DR667059,202.74,0.0,65.0,D,SimuProA-4,EV_104
389.09,5.0,57.86,400.0,0,3.435,1,52.43,4.142,5.0,8.0,210.0,EV_104,0.0,470,15.0,DR667059_13,64.4,45539.3,DR667059,202.74,0.0,65.0,D,SimuProA-4,EV_104
376.555,30.0,57.86,1800.0,0,3.425,1,52.41,4.15,28.0,45.0,210.0,EV_104,0.0,480,0.0,DR667059_13,64.45,45539.38,DR667059,202.74,0.0,64.5,D,SimuProA-4,EV_104
368.551,0.0,57.86,500.0,0,3.41,1,52.39,4.148,8.0,-35.0,210.0,EV_104,0.03,490,65.0,DR667059_13,64.5,45539.4,DR667059,202.74,0.0,64.6,D,SimuProA-4,EV_104
385.394,18.0,57.86,950.0,0,3.43,1,52.38,4.146,15.0,15.0,210.0,EV_104,0.0,500,0.0,DR667059_13,64.55,45539.44,DR667059,202.74,0.0,64.7,D,SimuProA-4,EV_104
375.179,35.0,57.86,2100.0,0,3.42,1,52.36,4.145,32.0,55.0,210.0,EV_104,0.0,510,0.0,DR667059_13,64.6,45539.53,DR667059,202.74,0.0,64.8,D,SimuProA-4,EV_104
370.322,55.0,57.86,2900.0,0,3.4,1,52.33,4.15,45.0,85.0,210.0,EV_104,0.0,520,0.0,DR667059_13,64.65,45539.65,DR667059,202.74,0.0,64.9,D,SimuProA-4,EV_104
382.992,0.0,57.86,1600.0,0,3.425,1,52.3,4.148,25.0,-28.0,210.0,EV_104,0.025,530,45.0,DR667059_13,64.7,45539.72,DR667059,202.74,0.0,65.0,D,SimuProA-4,EV_104
372.099,42.0,57.86,2400.0,0,3.415,1,52.28,4.148,38.0,75.0,210.0,EV_104,0.0,540,0.0,DR667059_13,64.75,45539.83,DR667059,202.74,0.0,65.0,D,SimuProA-4,EV_104
365.121,65.0,57.86,3400.0,0,3.405,1,52.25,4.149,52.0,110.0,210.0,EV_104,0.0,550,0.0,DR667059_13,64.8,45539.97,DR667059,202.74,0.0,65.0,D,SimuProA-4,EV_104
377.901,0.0,57.86,1100.0,0,3.42,1,52.23,4.147,18.0,-38.0,210.0,EV_104,0.028,560,75.0,DR667059_13,64.85,45540.02,DR667059,202.74,0.0,65.0,D,SimuProA-4,EV_104
368.392,60.0,57.86,3100.0,0,3.41,1,52.19,4.15,48.0,95.0,210.0,EV_104,0.0,570,0.0,DR667059_13,64.92,45540.15,DR667059,202.74,0.0,65.0,D,SimuProA-4,EV_104
375.232,0.0,57.86,1400.0,0,3.43,1,52.18,4.148,22.0,-32.0,210.0,EV_104,0.026,580,55.0,DR667059_13,65.0,45540.21,DR667059,202.74,0.0,65.0,D,SimuProA-4,EV_104
370.882,50.0,57.86,2700.0,0,3.415,1,52.14,4.149,42.0,88.0,210.0,EV_104,0.0,590,0.0,DR667059_13,65.0,45540.33,DR667059,202.74,0.0,65.0,D,SimuProA-4,EV_104
376.758,0.0,57.86,850.0,0,3.44,1,52.12,4.15,12.0,-42.0,210.0,EV_104,0.032,600,65.0,DR667059_13,65.0,45540.36,DR667059,202.74,0.0,65.0,D,SimuProA-4,EV_104
378.395,45.0,57.86,1800.0,0,3.42,1,52.12,4.145,28.0,45.0,210.0,EV_104,0.0,610,0.0,DR667059_13,65.0,45540.44,DR667059,202.74,0.0,65.0,D,SimuProA-4,EV_104
372.158,55.0,57.86,2900.0,0,3.41,1,52.1,4.148,45.0,85.0,210.0,EV_104,0.0,620,0.0,DR667059_13,65.0,45540.57,DR667059,202.74,0.0,65.0,D,SimuProA-4,EV_104
375.905,0.0,57.86,500.0,0,3.418,1,52.1,4.142,8.0,-15.0,210.0,EV_104,0.015,630,45.0,DR667059_13,40.8,45540.59,DR667059,202.74,0.0,42.5,D,SimuProA-4,EV_104
380.808,25.0,57.86,1100.0,0,3.415,1,52.09,4.138,18.0,12.0,210.0,EV_104,0.0,640,0.0,DR667059_13,40.9,45540.64,DR667059,202.74,0.0,42.6,D,SimuProA-4,EV_104
374.766,40.0,57.86,2000.0,0,3.422,1,52.08,4.145,32.0,65.0,210.0,EV_104,0.0,650,0.0,DR667059_13,41.0,45540.73,DR667059,202.74,0.0,42.7,D,SimuProA-4,EV_104
376.977,30.0,57.86,1400.0,0,3.416,1,52.06,4.143,22.0,35.0,210.0,EV_104,0.0,660,0.0,DR667059_13,41.1,45540.79,DR667059,202.74,0.0,42.8,D,SimuProA-4,EV_104
373.037,50.0,57.86,2400.0,0,3.413,1,52.06,4.146,38.0,75.0,210.0,EV_104,0.0,670,0.0,DR667059_13,41.2,45540.9,DR667059,202.74,0.0,42.9,D,SimuProA-4,EV_104
378.628,0.0,57.86,750.0,0,3.419,1,52.05,4.144,12.0,-25.0,210.0,EV_104,0.022,680,60.0,DR667059_13,41.2,45540.93,DR667059,202.74,0.0,42.9,D,SimuProA-4,EV_104
375.3,35.0,57.86,1750.0,0,3.418,1,52.03,4.145,28.0,45.0,210.0,EV_104,0.0,690,0.0,DR667059_13,41.3,45541.01,DR667059,202.74,0.0,43.0,D,SimuProA-4,EV_104
381.526,0.0,57.86,600.0,0,3.42,1,52.03,4.148,10.0,-35.0,210.0,EV_104,0.015,700,75.0,DR667059_13,41.3,45541.04,DR667059,202.74,0.0,43.1,D,SimuProA-4,EV_104
378.136,45.0,57.86,2200.0,0,3.419,1,52.01,4.146,35.0,55.0,210.0,EV_104,0.0,710,0.0,DR667059_13,41.4,45541.13,DR667059,202.74,0.0,43.2,D,SimuProA-4,EV_104
371.975,60.0,57.86,2600.0,0,3.415,1,52.0,4.147,42.0,85.0,210.0,EV_104,0.0,720,0.0,DR667059_13,41.5,45541.25,DR667059,202.74,0.0,43.3,D,SimuProA-4,EV_104
379.728,0.0,57.86,900.0,0,3.418,1,51.99,4.149,15.0,-30.0,210.0,EV_104,0.02,730,45.0,DR667059_13,41.6,45541.29,DR667059,202.74,0.0,43.4,D,SimuProA-4,EV_104
375.895,40.0,57.86,2000.0,0,3.414,1,51.97,4.146,32.0,65.0,210.0,EV_104,0.0,740,0.0,DR667059_13,41.7,45541.38,DR667059,202.74,0.0,43.5,D,SimuProA-4,EV_104
373.114,42.0,57.86,2350.0,0,3.412,1,51.95,4.145,38.0,72.0,210.0,EV_104,0.0,750,0.0,DR667059_13,41.8,45541.49,DR667059,202.74,0.0,43.6,D,SimuProA-4,EV_104
367.956,65.0,57.86,3100.0,0,3.408,1,51.93,4.148,48.0,95.0,210.0,EV_104,0.0,760,0.0,DR667059_13,41.9,45541.62,DR667059,202.74,0.0,43.7,D,SimuProA-4,EV_104
376.666,0.0,57.86,1200.0,0,3.415,1,51.92,4.15,20.0,-25.0,210.0,EV_104,0.025,770,60.0,DR667059_13,42.0,45541.67,DR667059,202.74,0.0,43.8,D,SimuProA-4,EV_104
382.678,30.0,57.86,2200.0,0,3.418,1,51.9,4.15,35.0,12.0,210.0,EV_104,0.0,780,0.0,DR667059_13,42.1,45541.77,DR667059,202.74,0.0,43.9,D,SimuProA-4,EV_104
378.155,45.0,57.86,2650.0,0,3.415,1,51.89,4.148,42.0,55.0,210.0,EV_104,0.0,790,0.0,DR667059_13,42.2,45541.88,DR667059,202.74,0.0,44.0,D,SimuProA-4,EV_104
380.596,0.0,57.86,1150.0,0,3.416,1,51.88,4.149,18.0,-15.0,210.0,EV_104,0.018,800,55.0,DR667059_13,42.3,45541.93,DR667059,202.74,0.0,44.1,D,SimuProA-4,EV_104
372.572,55.0,57.86,2850.0,0,3.414,1,51.86,4.147,45.0,75.0,210.0,EV_104,0.0,810,0.0,DR667059_13,42.4,45542.06,DR667059,202.74,0.0,44.2,D,SimuProA-4,EV_104
384.723,0.0,57.86,300.0,0,3.42,1,51.86,4.15,5.0,2.5,210.0,EV_104,0.0,820,15.0,DR667059_13,42.5,45542.07,DR667059,202.74,0.0,44.2,D,SimuProA-4,EV_104
368.131,60.0,57.86,2400.0,0,3.412,1,51.86,4.148,38.0,110.0,210.0,EV_104,0.0,830,0.0,DR667059_13,42.6,45542.17,DR667059,202.74,0.0,44.3,D,SimuProA-4,EV_104
371.332,35.0,57.86,1600.0,0,3.413,1,51.84,4.148,25.0,45.0,210.0,EV_104,0.0,840,5.0,DR667059_13,42.7,45542.24,DR667059,202.74,0.0,44.4,D,SimuProA-4,EV_104
365.742,0.0,57.86,750.0,0,3.411,1,51.84,4.147,12.0,-25.0,210.0,EV_104,0.022,850,65.0,DR667059_13,42.8,45542.27,DR667059,202.74,0.0,44.5,D,SimuProA-4,EV_104
373.254,0.0,57.86,0.0,0,3.416,1,51.84,4.149,0.0,8.5,210.0,EV_104,0.0,860,100.0,DR667059_13,42.9,45542.27,DR667059,202.74,0.0,44.5,D,SimuProA-4,EV_104
390.418,45.0,57.86,2100.0,0,3.418,1,51.81,4.149,32.0,65.0,210.0,EV_104,0.0,870,0.0,DR667059_13,43.0,45542.36,DR667059,202.74,0.0,44.6,D,SimuProA-4,EV_104
378.064,0.0,57.86,950.0,0,3.415,1,51.81,4.15,15.0,-35.0,210.0,EV_104,0.028,880,55.0,DR667059_13,43.1,45542.4,DR667059,202.74,0.0,44.7,D,SimuProA-4,EV_104
385.736,10.0,57.86,500.0,0,3.414,1,51.81,4.148,8.0,12.0,210.0,EV_104,0.0,890,5.0,DR667059_13,43.2,45542.42,DR667059,202.74,0.0,44.8,D,SimuProA-4,EV_104
372.487,30.0,57.86,1150.0,0,3.413,1,51.8,4.148,18.0,45.2,210.0,EV_104,0.0,900,0.0,DR667059_13,43.2,45542.47,DR667059,202.74,0.0,44.8,D,SimuProA-4,EV_104
367.978,0.0,57.86,380.0,0,3.41,1,51.79,4.145,6.0,-28.5,210.0,EV_104,0.024,910,45.0,DR667059_13,43.3,45542.49,DR667059,202.74,0.0,44.9,D,SimuProA-4,EV_104
391.707,25.0,57.86,890.0,0,3.415,1,51.77,4.149,14.0,22.4,210.0,EV_104,0.0,920,0.0,DR667059_13,43.4,45542.53,DR667059,202.74,0.0,45.0,D,SimuProA-4,EV_104
376.358,28.0,57.86,1350.0,0,3.412,1,51.75,4.147,22.0,38.5,210.0,EV_104,0.0,930,0.0,DR667059_13,43.5,45542.59,DR667059,202.74,0.0,45.1,D,SimuProA-4,EV_104
372.169,42.0,57.86,1750.0,0,3.411,1,51.75,4.149,28.0,55.2,210.0,EV_104,0.0,940,0.0,DR667059_13,43.7,45542.67,DR667059,202.74,0.0,45.3,D,SimuProA-4,EV_104
381.293,0.0,57.86,750.0,0,3.413,1,51.75,4.146,12.0,-22.4,210.0,EV_104,0.018,950,40.0,DR667059_13,43.8,45542.7,DR667059,202.74,0.0,45.4,D,SimuProA-4,EV_104
368.038,45.0,57.86,2200.0,0,3.41,1,51.73,4.15,35.0,65.0,210.0,EV_104,0.0,960,0.0,DR667059_13,44.0,45542.8,DR667059,202.74,0.0,45.6,D,SimuProA-4,EV_104
394.923,15.0,57.86,1100.0,0,3.412,1,51.71,4.148,18.0,15.0,210.0,EV_104,0.0,970,0.0,DR667059_13,44.1,45542.85,DR667059,202.74,0.0,45.7,D,SimuProA-4,EV_104
371.876,35.0,57.86,1800.0,0,3.411,1,51.69,4.149,28.0,48.0,210.0,EV_104,0.0,980,0.0,DR667059_13,44.3,45542.92,DR667059,202.74,0.0,45.9,D,SimuProA-4,EV_104
375.061,30.0,57.86,1350.0,0,3.412,1,51.67,4.148,22.0,45.0,210.0,EV_104,0.0,990,0.0,DR667059_13,44.4,45542.98,DR667059,202.74,0.0,46.0,D,SimuProA-4,EV_104
365.322,75.0,57.86,3200.0,0,3.405,1,51.64,4.15,48.0,120.0,210.0,EV_104,0.0,1000,0.0,DR667059_13,44.6,45543.11,DR667059,202.74,0.0,46.3,D,SimuProA-4,EV_104
382.174,0.0,57.86,950.0,0,3.415,1,51.62,4.145,15.0,-35.0,210.0,EV_104,0.025,1010,65.0,DR667059_13,44.8,45543.16,DR667059,202.74,0.0,46.5,D,SimuProA-4,EV_104
395.9,45.0,57.86,2400.0,0,3.413,1,51.61,4.146,38.0,32.0,210.0,EV_104,0.0,1020,0.0,DR667059_13,44.9,45543.27,DR667059,202.74,0.0,46.6,D,SimuProA-4,EV_104
378.175,78.0,57.86,4100.0,0,3.402,1,51.59,4.15,62.0,145.0,210.0,EV_104,0.0,1030,0.0,DR667059_13,45.1,45543.44,DR667059,202.74,0.0,46.8,D,SimuProA-4,EV_104
367.623,55.0,57.86,2750.0,0,3.408,1,51.59,4.142,42.0,85.0,210.0,EV_104,0.0,1040,0.0,DR667059_13,45.3,45543.55,DR667059,202.74,0.0,47.0,D,SimuProA-4,EV_104
392.562,15.0,57.86,320.0,0,3.415,1,51.57,4.148,5.0,45.0,210.0,EV_104,0.0,1050,10.0,DR667059_13,45.4,45543.56,DR667059,202.74,0.0,47.1,D,SimuProA-4,EV_104
359.866,65.0,57.86,2200.0,0,3.401,1,51.57,4.15,35.0,135.0,210.0,EV_104,0.0,1060,0.0,DR667059_13,45.5,45543.66,DR667059,202.74,0.0,47.2,D,SimuProA-4,EV_104
398.462,0.0,57.86,780.0,0,3.418,1,51.55,4.142,12.0,-25.0,210.0,EV_104,0.018,1070,55.0,DR667059_13,45.6,45543.69,DR667059,202.74,0.0,47.3,D,SimuProA-4,EV_104
385.07,45.0,57.86,1850.0,0,3.412,1,51.55,4.145,28.0,65.0,210.0,EV_104,0.0,1080,0.0,DR667059_13,45.7,45543.77,DR667059,202.74,0.0,47.4,D,SimuProA-4,EV_104
372.759,60.0,57.86,3000.0,0,3.405,1,51.53,4.148,45.0,110.0,210.0,EV_104,0.0,1090,0.0,DR667059_13,45.9,45543.89,DR667059,202.74,0.0,47.6,D,SimuProA-4,EV_104
395.661,0.0,57.86,950.0,0,3.42,1,51.51,4.15,15.0,-18.0,210.0,EV_104,0.015,1100,65.0,DR667059_13,46.1,45543.93,DR667059,202.74,0.0,47.8,D,SimuProA-4,EV_104
377.995,55.0,57.86,2100.0,0,3.408,1,51.51,4.146,32.0,85.0,210.0,EV_104,0.0,1110,0.0,DR667059_13,46.2,45544.02,DR667059,202.74,0.0,47.9,D,SimuProA-4,EV_104
364.842,75.0,57.86,2800.0,0,3.402,1,51.5,4.15,42.0,145.0,210.0,EV_104,0.0,1120,0.0,DR667059_13,46.3,45544.14,DR667059,202.74,0.0,48.0,D,SimuProA-4,EV_104
391.659,0.0,57.86,1200.0,0,3.415,1,51.49,4.148,18.0,-35.0,210.0,EV_104,0.022,1130,70.0,DR667059_13,46.4,45544.19,DR667059,202.74,0.0,48.1,D,SimuProA-4,EV_104
385.327,45.0,57.86,1850.0,0,3.418,1,51.47,4.149,28.0,65.0,210.0,EV_104,0.0,1140,0.0,DR667059_13,46.5,45544.27,DR667059,202.74,0.0,48.2,D,SimuProA-4,EV_104
369.861,60.0,57.86,2400.0,0,3.405,1,51.45,4.15,38.0,120.0,210.0,EV_104,0.0,1150,0.0,DR667059_13,46.6,45544.37,DR667059,202.74,0.0,48.3,D,SimuProA-4,EV_104
393.198,0.0,57.86,750.0,0,3.425,1,51.45,4.148,12.0,-25.0,210.0,EV_104,0.018,1160,55.0,DR667059_13,46.7,45544.41,DR667059,202.74,0.0,48.4,D,SimuProA-4,EV_104
362.258,65.0,57.86,2950.0,0,3.395,1,51.42,4.15,45.0,135.0,210.0,EV_104,0.0,1170,0.0,DR667059_13,46.8,45544.54,DR667059,202.74,0.0,48.5,D,SimuProA-4,EV_104
388.662,25.0,57.86,2100.0,0,3.42,1,51.42,4.148,32.0,15.0,210.0,EV_104,0.0,1180,5.0,DR667059_13,46.9,45544.62,DR667059,202.74,0.0,48.6,D,SimuProA-4,EV_104
378.599,40.0,57.86,1500.0,0,3.41,1,51.42,4.145,22.0,85.0,210.0,EV_104,0.0,1190,0.0,DR667059_13,47.0,45544.69,DR667059,202.74,0.0,48.7,D,SimuProA-4,EV_104
372.412,35.0,57.86,1900.0,0,3.415,1,51.41,4.14,28.0,45.0,210.0,EV_104,0.0,1200,0.0,DR667059_13,47.1,45544.77,DR667059,202.74,0.0,48.8,D,SimuProA-4,EV_104
365.502,50.0,57.86,2300.0,0,3.405,1,51.38,4.145,35.0,95.0,210.0,EV_104,0.0,1210,0.0,DR667059_13,47.2,45544.86,DR667059,202.74,0.0,48.9,D,SimuProA-4,EV_104
391.387,0.0,57.86,1000.0,0,3.418,1,51.38,4.148,15.0,-18.0,210.0,EV_104,0.012,1220,45.0,DR667059_13,47.3,45544.91,DR667059,202.74,0.0,49.0,D,SimuProA-4,EV_104
370.005,30.0,57.86,2000.0,0,3.412,1,51.36,4.142,30.0,55.0,210.0,EV_104,0.0,1230,0.0,DR667059_13,47.4,45544.99,DR667059,202.74,0.0,49.1,D,SimuProA-4,EV_104
362.476,60.0,57.86,2800.0,0,3.402,1,51.35,4.146,42.0,110.0,210.0,EV_104,0.0,1240,0.0,DR667059_13,47.5,45545.11,DR667059,202.74,0.0,49.2,D,SimuProA-4,EV_104
385.713,0.0,57.86,800.0,0,3.415,1,51.34,4.15,12.0,-25.0,210.0,EV_104,0.015,1250,65.0,DR667059_13,47.4,45545.14,DR667059,202.74,0.0,49.1,D,SimuProA-4,EV_104
368.02,45.0,57.86,2400.0,0,3.408,1,51.33,4.147,38.0,85.0,210.0,EV_104,0.0,1260,0.0,DR667059_13,47.6,45545.25,DR667059,202.74,0.0,49.3,D,SimuProA-4,EV_104
358.654,70.0,57.86,3200.0,0,3.395,1,51.31,4.149,48.0,130.0,210.0,EV_104,0.0,1270,0.0,DR667059_13,47.7,45545.38,DR667059,202.74,0.0,49.4,D,SimuProA-4,EV_104
375.56,0.0,57.86,1600.0,0,3.41,1,51.29,4.15,25.0,-35.0,210.0,EV_104,0.018,0,55.0,DR667059_14,47.7,45545.45,DR667059,202.74,0.0,49.4,D,SimuProA-4,EV_104
362.042,40.0,57.86,2200.0,0,3.405,1,51.25,4.148,35.0,95.0,210.0,EV_104,0.0,10,0.0,DR667059_14,47.8,45545.55,DR667059,202.74,0.0,49.5,D,SimuProA-4,EV_104
359.785,65.0,57.86,2900.0,0,3.398,1,51.25,4.149,45.0,125.0,210.0,EV_104,0.0,20,0.0,DR667059_14,47.9,45545.67,DR667059,202.74,0.0,49.6,D,SimuProA-4,EV_104
372.199,0.0,57.86,950.0,0,3.412,1,51.23,4.15,15.0,-30.0,210.0,EV_104,0.016,30,45.0,DR667059_14,47.9,45545.71,DR667059,202.74,0.0,49.6,D,SimuProA-4,EV_104
358.614,75.0,57.86,3800.0,0,3.395,1,51.2,4.149,55.0,135.0,210.0,EV_104,0.0,40,0.0,DR667059_14,48.0,45545.86,DR667059,202.74,0.0,49.8,D,SimuProA-4,EV_104
385.997,0.0,57.86,1200.0,0,3.405,1,51.2,4.15,20.0,-28.0,210.0,EV_104,0.015,50,60.0,DR667059_14,48.1,45545.92,DR667059,202.74,0.0,49.9,D,SimuProA-4,EV_104
355.537,60.0,57.86,2700.0,0,3.392,1,51.2,4.148,42.0,145.0,210.0,EV_104,0.0,60,0.0,DR667059_14,48.2,45546.04,DR667059,202.74,0.0,50.0,D,SimuProA-4,EV_104
378.554,35.0,57.86,2200.0,0,3.4,1,51.18,4.15,35.0,25.0,210.0,EV_104,0.0,70,0.0,DR667059_14,48.3,45546.14,DR667059,202.74,0.0,50.1,D,SimuProA-4,EV_104
352.602,60.0,57.86,3200.0,0,3.39,1,51.18,4.148,50.0,110.0,210.0,EV_104,0.0,80,0.0,DR667059_14,48.5,45546.28,DR667059,202.74,0.0,50.3,D,SimuProA-4,EV_104
395.624,0.0,57.86,1100.0,0,3.415,1,51.18,4.15,18.0,-35.0,210.0,EV_104,0.018,90,55.0,DR667059_14,48.6,45546.33,DR667059,202.74,0.0,50.4,D,SimuProA-4,EV_104
382.566,30.0,57.86,1750.0,0,3.41,1,51.16,4.145,28.0,45.0,210.0,EV_104,0.0,100,0.0,DR667059_14,48.7,45546.41,DR667059,202.74,0.0,50.5,D,SimuProA-4,EV_104
364.893,55.0,57.86,2400.0,0,3.395,1,51.14,4.14,38.0,95.0,210.0,EV_104,0.0,110,0.0,DR667059_14,48.8,45546.51,DR667059,202.74,0.0,50.6,D,SimuProA-4,EV_104
390.573,0.0,57.86,750.0,0,3.42,1,51.12,4.15,12.0,-20.0,210.0,EV_104,0.012,120,45.0,DR667059_14,48.9,45546.55,DR667059,202.74,0.0,50.7,D,SimuProA-4,EV_104
368.174,45.0,57.86,2150.0,0,3.405,1,51.1,4.142,35.0,85.0,210.0,EV_104,0.0,130,0.0,DR667059_14,49.0,45546.65,DR667059,202.74,0.0,50.8,D,SimuProA-4,EV_104
355.061,65.0,57.86,2650.0,0,3.392,1,51.08,4.148,42.0,125.0,210.0,EV_104,0.0,140,0.0,DR667059_14,49.1,45546.76,DR667059,202.74,0.0,50.9,D,SimuProA-4,EV_104
388.049,0.0,57.86,950.0,0,3.418,1,51.05,4.15,15.0,-18.0,210.0,EV_104,0.009,150,60.0,DR667059_14,49.2,45546.81,DR667059,202.74,0.0,51.0,D,SimuProA-4,EV_104
362.212,60.0,57.86,2850.0,0,3.398,1,51.03,4.145,45.0,110.0,210.0,EV_104,0.0,160,0.0,DR667059_14,49.3,45546.93,DR667059,202.74,0.0,51.1,D,SimuProA-4,EV_104
377.963,25.0,57.86,1750.0,0,3.405,1,51.01,4.14,28.0,45.0,210.0,EV_104,0.0,170,10.0,DR667059_14,49.4,45547.01,DR667059,202.74,0.0,51.2,D,SimuProA-4,EV_104
358.496,70.0,57.86,3200.0,0,3.39,1,50.97,4.148,50.0,135.0,210.0,EV_104,0.0,180,0.0,DR667059_14,49.5,45547.15,DR667059,202.74,0.0,51.3,D,SimuProA-4,EV_104
352.4,75.0,57.86,3450.0,0,3.388,1,50.92,4.146,55.0,145.0,210.0,EV_104,0.0,190,0.0,DR667059_14,49.6,45547.3,DR667059,202.74,0.0,51.4,D,SimuProA-4,EV_104
370.181,0.0,57.86,2400.0,0,3.415,1,50.9,4.15,38.0,-25.0,210.0,EV_104,0.012,200,45.0,DR667059_14,49.7,45547.41,DR667059,202.74,0.0,51.5,D,SimuProA-4,EV_104
382.903,30.0,57.86,1400.0,0,3.402,1,50.88,4.142,22.0,55.0,210.0,EV_104,0.0,210,5.0,DR667059_14,49.8,45547.47,DR667059,202.74,0.0,51.6,D,SimuProA-4,EV_104
374.369,35.0,57.86,2000.0,0,3.4,1,50.85,4.14,32.0,35.0,210.0,EV_104,0.0,220,0.0,DR667059_14,49.9,45547.56,DR667059,202.74,0.0,51.7,D,SimuProA-4,EV_104
388.55,0.0,57.86,1100.0,0,3.41,1,50.83,4.145,18.0,-20.0,210.0,EV_104,0.008,230,40.0,DR667059_14,50.0,45547.61,DR667059,202.74,0.0,51.8,D,SimuProA-4,EV_104
371.736,30.0,57.86,1750.0,0,3.395,1,50.83,4.14,28.0,42.0,210.0,EV_104,0.0,240,5.0,DR667059_14,50.1,45547.69,DR667059,202.74,0.0,51.9,D,SimuProA-4,EV_104
376.659,45.0,57.86,2850.0,0,3.405,1,50.81,4.148,45.0,65.0,210.0,EV_104,0.0,250,0.0,DR667059_14,50.3,45547.82,DR667059,202.74,0.0,52.1,D,SimuProA-4,EV_104
385.414,0.0,57.86,1250.0,0,3.412,1,50.8,4.15,20.0,-35.0,210.0,EV_104,0.025,260,65.0,DR667059_14,50.4,45547.87,DR667059,202.74,0.0,52.2,D,SimuProA-4,EV_104
379.387,38.0,57.86,2200.0,0,3.408,1,50.77,4.145,35.0,50.0,210.0,EV_104,0.0,270,0.0,DR667059_14,50.5,45547.97,DR667059,202.74,0.0,52.3,D,SimuProA-4,EV_104
373.298,55.0,57.86,3250.0,0,3.402,1,50.75,4.142,52.0,75.0,210.0,EV_104,0.0,280,0.0,DR667059_14,50.7,45548.11,DR667059,202.74,0.0,52.5,D,SimuProA-4,EV_104
368.063,0.0,57.86,1350.0,0,3.415,1,50.74,4.148,22.0,-25.0,210.0,EV_104,0.012,290,55.0,DR667059_14,50.8,45548.18,DR667059,202.74,0.0,52.6,D,SimuProA-4,EV_104
382.693,10.0,57.86,450.0,0,3.405,1,50.73,4.145,8.0,15.0,210.0,EV_104,0.0,300,5.0,DR667059_14,50.9,45548.2,DR667059,202.74,0.0,52.7,D,SimuProA-4,EV_104
378.716,25.0,57.86,900.0,0,3.406,1,50.7,4.144,18.0,45.0,210.0,EV_104,0.0,310,0.0,DR667059_14,51.0,45548.25,DR667059,202.74,0.0,52.8,D,SimuProA-4,EV_104
371.678,45.0,57.86,1900.0,0,3.398,1,50.69,4.14,38.0,85.0,210.0,EV_104,0.0,320,0.0,DR667059_14,51.1,45548.36,DR667059,202.74,0.0,52.9,D,SimuProA-4,EV_104
384.335,0.0,57.86,600.0,0,3.41,1,50.69,4.146,12.0,-30.0,210.0,EV_104,0.018,330,45.0,DR667059_14,51.2,45548.39,DR667059,202.74,0.0,53.0,D,SimuProA-4,EV_104
374.49,35.0,57.86,1600.0,0,3.395,1,50.68,4.138,32.0,55.0,210.0,EV_104,0.0,340,0.0,DR667059_14,51.3,45548.48,DR667059,202.74,0.0,53.1,D,SimuProA-4,EV_104
365.443,55.0,57.86,2400.0,0,3.392,1,50.66,4.142,45.0,95.0,210.0,EV_104,0.0,350,0.0,DR667059_14,51.4,45548.6,DR667059,202.74,0.0,53.2,D,SimuProA-4,EV_104
379.934,0.0,57.86,1400.0,0,3.408,1,50.63,4.145,28.0,-18.0,210.0,EV_104,0.01,360,35.0,DR667059_14,51.5,45548.68,DR667059,202.74,0.0,53.3,D,SimuProA-4,EV_104
362.58,65.0,57.86,3400.0,0,3.385,1,50.6,4.148,52.0,110.0,210.0,EV_104,0.0,370,0.0,DR667059_14,51.6,45548.82,DR667059,202.74,0.0,53.4,D,SimuProA-4,EV_104
368.168,0.0,57.86,1100.0,0,3.405,1,50.6,4.15,22.0,-25.0,210.0,EV_104,0.015,380,55.0,DR667059_14,51.7,45548.89,DR667059,202.74,0.0,53.5,D,SimuProA-4,EV_104
372.656,30.0,57.86,1450.0,0,3.39,1,50.59,4.14,28.0,45.0,210.0,EV_104,0.0,390,0.0,DR667059_14,51.8,45548.96,DR667059,202.74,0.0,53.6,D,SimuProA-4,EV_104
367.226,35.0,57.86,1650.0,0,3.388,1,50.57,4.138,32.0,55.0,210.0,EV_104,0.0,400,0.0,DR667059_14,51.9,45549.05,DR667059,202.74,0.0,53.7,D,SimuProA-4,EV_104
358.425,60.0,57.86,3000.0,0,3.382,1,50.56,4.145,48.0,125.0,210.0,EV_104,0.0,410,0.0,DR667059_14,52.0,45549.18,DR667059,202.74,0.0,53.8,D,SimuProA-4,EV_104
370.495,0.0,57.86,750.0,0,3.395,1,50.56,4.148,15.0,-32.0,210.0,EV_104,0.02,420,65.0,DR667059_14,52.1,45549.22,DR667059,202.74,0.0,53.9,D,SimuProA-4,EV_104
362.205,45.0,57.86,2100.0,0,3.395,1,50.53,4.145,38.0,85.0,210.0,EV_104,0.0,430,0.0,DR667059_14,52.2,45549.33,DR667059,202.74,0.0,54.0,D,SimuProA-4,EV_104
375.088,0.0,57.86,0.0,0,3.398,1,50.53,4.142,0.0,5.0,210.0,EV_104,0.0,440,100.0,DR667059_14,52.2,45549.33,DR667059,202.74,0.0,54.0,D,SimuProA-4,EV_104
366.053,40.0,57.86,1350.0,0,3.392,1,50.5,4.146,25.0,65.0,210.0,EV_104,0.0,450,0.0,DR667059_14,52.3,45549.4,DR667059,202.74,0.0,54.1,D,SimuProA-4,EV_104
360.406,45.0,57.86,2000.0,0,3.39,1,50.49,4.145,35.0,95.0,210.0,EV_104,0.0,460,0.0,DR667059_14,52.3,45549.5,DR667059,202.74,0.0,54.2,D,SimuProA-4,EV_104
352.195,0.0,57.86,600.0,0,3.392,1,50.49,4.148,12.0,-35.0,210.0,EV_104,0.025,470,45.0,DR667059_14,52.4,45549.53,DR667059,202.74,0.0,54.3,D,SimuProA-4,EV_104
368.515,0.0,57.86,0.0,0,3.4,1,50.47,4.146,0.0,10.0,210.0,EV_104,0.0,480,100.0,DR667059_14,52.4,45549.53,DR667059,202.74,0.0,54.3,D,SimuProA-4,EV_104
372.556,25.0,57.86,900.0,0,3.402,1,50.46,4.147,18.0,12.5,210.0,EV_104,0.0,490,0.0,DR667059_14,52.5,45549.58,DR667059,202.74,0.0,54.4,D,SimuProA-4,EV_104
364.173,65.0,57.86,2800.0,0,3.385,1,50.43,4.148,42.0,85.0,210.0,EV_104,0.0,500,0.0,DR667059_14,52.6,45549.7,DR667059,202.74,0.0,54.5,D,SimuProA-4,EV_104
369.794,0.0,57.86,1100.0,0,3.395,1,50.43,4.15,22.0,-28.0,210.0,EV_104,0.022,510,60.0,DR667059_14,52.6,45549.76,DR667059,202.74,0.0,54.6,D,SimuProA-4,EV_104
355.845,55.0,57.86,3800.0,0,3.382,1,50.4,4.15,55.0,110.0,210.0,EV_104,0.0,520,0.0,DR667059_14,52.7,45549.91,DR667059,202.74,0.0,54.7,D,SimuProA-4,EV_104
365.836,0.0,57.86,1800.0,0,3.398,1,50.4,4.15,30.0,-32.0,210.0,EV_104,0.028,530,45.0,DR667059_14,52.7,45550.0,DR667059,202.74,0.0,54.7,D,SimuProA-4,EV_104
370.272,40.0,57.86,2500.0,0,3.395,1,50.4,4.149,40.0,65.0,210.0,EV_104,0.0,540,0.0,DR667059_14,52.8,45550.11,DR667059,202.74,0.0,54.8,D,SimuProA-4,EV_104
361.493,50.0,57.86,3100.0,0,3.384,1,50.37,4.148,45.0,95.0,210.0,EV_104,0.0,550,0.0,DR667059_14,52.9,45550.24,DR667059,202.74,0.0,54.9,D,SimuProA-4,EV_104
358.66,60.0,57.86,2200.0,0,3.38,1,50.36,4.15,35.0,120.0,210.0,EV_104,0.0,560,10.0,DR667059_14,53.0,45550.33,DR667059,202.74,0.0,55.0,D,SimuProA-4,EV_104
363.335,0.0,57.86,900.0,0,3.392,1,50.36,4.15,15.0,-35.0,210.0,EV_104,0.03,570,70.0,DR667059_14,53.1,45550.37,DR667059,202.74,0.0,55.1,D,SimuProA-4,EV_104
355.582,65.0,57.86,3800.0,0,3.375,1,50.33,4.15,50.0,145.0,210.0,EV_104,0.0,580,0.0,DR667059_14,53.2,45550.51,DR667059,202.74,0.0,55.2,D,SimuProA-4,EV_104
351.761,70.0,57.86,4200.0,0,3.368,1,50.33,4.15,55.0,160.0,210.0,EV_104,0.0,590,0.0,DR667059_14,53.3,45550.66,DR667059,202.74,0.0,55.3,D,SimuProA-4,EV_104
358.103,0.0,57.86,1500.0,0,3.395,1,50.33,4.15,25.0,-28.0,210.0,EV_104,0.025,600,40.0,DR667059_14,53.4,45550.73,DR667059,202.74,0.0,55.4,D,SimuProA-4,EV_104
372.091,45.0,57.86,2800.0,0,3.41,1,50.32,4.14,40.0,85.0,210.0,EV_104,0.0,610,0.0,DR667059_14,53.5,45550.84,DR667059,202.74,0.0,55.5,D,SimuProA-4,EV_104
367.869,55.0,57.86,3400.0,0,3.42,1,50.29,4.13,48.0,110.0,210.0,EV_104,0.0,620,0.0,DR667059_14,53.6,45550.97,DR667059,202.74,0.0,55.6,D,SimuProA-4,EV_104
361.352,75.0,57.86,4600.0,0,3.38,1,50.29,4.15,58.0,155.0,210.0,EV_104,0.0,630,0.0,DR667059_14,53.7,45551.14,DR667059,202.74,0.0,55.7,D,SimuProA-4,EV_104
355.22,60.0,57.86,3900.0,0,3.39,1,50.27,4.14,52.0,145.0,210.0,EV_104,0.0,640,0.0,DR667059_14,53.8,45551.28,DR667059,202.74,0.0,55.8,D,SimuProA-4,EV_104
363.653,5.0,57.86,1200.0,0,3.41,1,50.27,4.13,20.0,25.0,210.0,EV_104,0.015,650,10.0,DR667059_14,53.9,45551.34,DR667059,202.74,0.0,55.9,D,SimuProA-4,EV_104
368.358,30.0,57.86,2400.0,0,3.4,1,50.27,4.12,35.0,45.0,210.0,EV_104,0.0,660,0.0,DR667059_14,54.0,45551.44,DR667059,202.74,0.0,56.0,D,SimuProA-4,EV_104
369.661,5.0,57.86,600.0,0,3.41,1,50.25,4.13,10.0,15.0,210.0,EV_104,0.0,670,15.0,DR667059_14,54.1,45551.47,DR667059,202.74,0.0,56.1,D,SimuProA-4,EV_104
365.468,45.0,57.86,2000.0,0,3.4,1,50.24,4.14,30.0,85.0,210.0,EV_104,0.0,680,0.0,DR667059_14,54.2,45551.55,DR667059,202.74,0.0,56.2,D,SimuProA-4,EV_104
360.978,60.0,57.86,3000.0,0,3.39,1,50.23,4.15,45.0,130.0,210.0,EV_104,0.0,690,0.0,DR667059_14,54.3,45551.68,DR667059,202.74,0.0,56.3,D,SimuProA-4,EV_104
374.815,55.0,57.86,3200.0,0,3.42,1,50.21,4.14,50.0,65.0,210.0,EV_104,0.0,700,0.0,DR667059_14,54.5,45551.82,DR667059,202.74,0.0,56.5,D,SimuProA-4,EV_104
368.327,0.0,57.86,600.0,0,3.4,1,50.2,4.13,10.0,-25.0,210.0,EV_104,0.025,710,65.0,DR667059_14,54.6,45551.85,DR667059,202.74,0.0,56.6,D,SimuProA-4,EV_104
362.515,40.0,57.86,1500.0,0,3.39,1,50.18,4.15,25.0,95.0,210.0,EV_104,0.0,720,0.0,DR667059_14,54.7,45551.92,DR667059,202.74,0.0,56.8,D,SimuProA-4,EV_104
372.328,35.0,57.86,2200.0,0,3.41,1,50.16,4.14,35.0,45.0,210.0,EV_104,0.0,730,0.0,DR667059_14,54.8,45552.02,DR667059,202.74,0.0,56.9,D,SimuProA-4,EV_104
363.787,65.0,57.86,3800.0,0,3.38,1,50.15,4.15,55.0,110.0,210.0,EV_104,0.0,740,0.0,DR667059_14,54.9,45552.17,DR667059,202.74,0.0,57.0,D,SimuProA-4,EV_104
371.288,15.0,57.86,1200.0,0,3.4,1,50.13,4.13,20.0,20.0,210.0,EV_104,0.0,750,0.0,DR667059_14,55.0,45552.23,DR667059,202.74,0.0,57.1,D,SimuProA-4,EV_104
378.693,30.0,57.86,2500.0,0,3.42,1,50.12,4.14,40.0,35.0,210.0,EV_104,0.0,760,0.0,DR667059_14,55.2,45552.34,DR667059,202.74,0.0,57.3,D,SimuProA-4,EV_104
359.904,70.0,57.86,4200.0,0,3.38,1,50.11,4.15,60.0,120.0,210.0,EV_104,0.0,770,0.0,DR667059_14,55.4,45552.51,DR667059,202.74,0.0,57.5,D,SimuProA-4,EV_104
374.65,0.0,57.86,3000.0,0,3.4,1,50.09,4.14,45.0,-15.0,210.0,EV_104,0.018,780,15.0,DR667059_14,55.5,45552.63,DR667059,202.74,0.0,57.6,D,SimuProA-4,EV_104
361.15,60.0,57.86,3600.0,0,3.37,1,50.05,4.15,52.0,115.0,210.0,EV_104,0.0,790,0.0,DR667059_14,55.6,45552.77,DR667059,202.74,0.0,57.8,D,SimuProA-4,EV_104
370.203,20.0,57.86,1600.0,0,3.39,1,50.05,4.14,25.0,25.0,210.0,EV_104,0.0,800,5.0,DR667059_14,55.7,45552.84,DR667059,202.74,0.0,57.9,D,SimuProA-4,EV_104
355.336,0.0,57.86,700.0,0,3.4,1,50.04,4.14,10.0,-35.0,210.0,EV_104,0.025,810,65.0,DR667059_14,55.8,45552.87,DR667059,202.74,0.0,58.0,D,SimuProA-4,EV_104
368.692,35.0,57.86,1800.0,0,3.4,1,50.03,4.14,28.0,45.0,210.0,EV_104,0.0,820,0.0,DR667059_14,55.9,45552.95,DR667059,202.74,0.0,58.1,D,SimuProA-4,EV_104
358.123,55.0,57.86,2600.0,0,3.38,1,50.01,4.15,38.0,85.0,210.0,EV_104,0.0,830,0.0,DR667059_14,56.0,45553.05,DR667059,202.74,0.0,58.3,D,SimuProA-4,EV_104
365.17,0.0,57.86,1400.0,0,3.4,1,50.01,4.14,22.0,-25.0,210.0,EV_104,0.015,840,45.0,DR667059_14,56.1,45553.11,DR667059,202.74,0.0,58.4,D,SimuProA-4,EV_104
362.937,45.0,57.86,2800.0,0,3.38,1,49.99,4.15,42.0,65.0,210.0,EV_104,0.0,850,0.0,DR667059_14,56.2,45553.23,DR667059,202.74,0.0,58.5,D,SimuProA-4,EV_104
351.705,0.0,57.86,1100.0,0,3.39,1,49.99,4.14,18.0,-38.0,210.0,EV_104,0.028,860,55.0,DR667059_14,56.3,45553.28,DR667059,202.74,0.0,58.6,D,SimuProA-4,EV_104
361.259,25.0,57.86,1700.0,0,3.4,1,49.98,4.15,26.0,35.0,210.0,EV_104,0.0,870,0.0,DR667059_14,56.4,45553.35,DR667059,202.74,0.0,58.7,D,SimuProA-4,EV_104
356.097,40.0,57.86,2100.0,0,3.39,1,49.98,4.14,32.0,95.0,210.0,EV_104,0.0,880,0.0,DR667059_14,56.45,45553.44,DR667059,202.74,0.0,58.75,D,SimuProA-4,EV_104
368.759,0.0,57.86,750.0,0,3.42,1,49.97,4.15,12.0,-32.0,210.0,EV_104,0.022,890,60.0,DR667059_14,56.5,45553.47,DR667059,202.74,0.0,58.8,D,SimuProA-4,EV_104
359.014,35.0,57.86,1800.0,0,3.38,1,49.95,4.14,28.0,75.0,210.0,EV_104,0.0,900,0.0,DR667059_14,56.55,45553.55,DR667059,202.74,0.0,58.85,D,SimuProA-4,EV_104
352.37,55.0,57.86,2600.0,0,3.38,1,49.94,4.15,38.0,110.0,210.0,EV_104,0.0,910,0.0,DR667059_14,56.6,45553.66,DR667059,202.74,0.0,58.9,D,SimuProA-4,EV_104
365.595,0.0,57.86,950.0,0,3.4,1,49.92,4.14,15.0,-28.0,210.0,EV_104,0.025,920,45.0,DR667059_14,56.7,45553.7,DR667059,202.74,0.0,59.0,D,SimuProA-4,EV_104
370.912,0.0,57.86,150.0,0,3.42,1,49.92,4.13,2.0,5.0,210.0,EV_104,0.0,930,15.0,DR667059_14,56.8,45553.7,DR667059,202.74,0.0,59.1,D,SimuProA-4,EV_104
378.037,15.0,57.86,1100.0,0,3.43,1,49.91,4.13,18.0,12.0,210.0,EV_104,0.0,940,0.0,DR667059_14,56.85,45553.75,DR667059,202.74,0.0,59.15,D,SimuProA-4,EV_104
361.908,40.0,57.86,2000.0,0,3.41,1,49.9,4.14,32.0,45.0,210.0,EV_104,0.0,950,0.0,DR667059_14,56.95,45553.84,DR667059,202.74,0.0,59.25,D,SimuProA-4,EV_104
370.055,0.0,57.86,1350.0,0,3.42,1,49.89,4.14,22.0,-22.0,210.0,EV_104,0.018,960,35.0,DR667059_14,57.0,45553.9,DR667059,202.74,0.0,59.3,D,SimuProA-4,EV_104
382.973,30.0,57.86,1750.0,0,3.44,1,49.88,4.13,28.0,18.0,210.0,EV_104,0.0,970,0.0,DR667059_14,57.05,45553.98,DR667059,202.74,0.0,59.35,D,SimuProA-4,EV_104
374.793,0.0,57.86,750.0,0,3.42,1,49.88,4.14,12.0,-35.0,210.0,EV_104,0.022,980,55.0,DR667059_14,57.1,45554.01,DR667059,202.74,0.0,59.4,D,SimuProA-4,EV_104
379.471,35.0,57.86,1550.0,0,3.43,1,49.86,4.13,25.0,22.0,210.0,EV_104,0.0,990,0.0,DR667059_14,57.15,45554.08,DR667059,202.74,0.0,59.45,D,SimuProA-4,EV_104
365.23,55.0,57.86,2400.0,0,3.41,1,49.83,4.14,38.0,85.0,210.0,EV_104,0.0,1000,0.0,DR667059_14,57.2,45554.19,DR667059,202.74,0.0,59.5,D,SimuProA-4,EV_104
378.075,15.0,57.86,1200.0,0,3.42,1,49.83,4.13,20.0,15.0,210.0,EV_104,0.0,1010,0.0,DR667059_14,57.25,45554.24,DR667059,202.74,0.0,59.55,D,SimuProA-4,EV_104
361.968,45.0,57.86,2650.0,0,3.4,1,49.83,4.14,42.0,65.0,210.0,EV_104,0.0,1020,0.0,DR667059_14,57.3,45554.36,DR667059,202.74,0.0,59.6,D,SimuProA-4,EV_104
376.767,30.0,57.86,1900.0,0,3.42,1,49.81,4.13,30.0,28.0,210.0,EV_104,0.0,1030,0.0,DR667059_14,57.35,45554.44,DR667059,202.74,0.0,59.65,D,SimuProA-4,EV_104
363.289,60.0,57.86,2850.0,0,3.41,1,49.79,4.14,45.0,75.0,210.0,EV_104,0.0,1040,0.0,DR667059_14,57.4,45554.57,DR667059,202.74,0.0,59.7,D,SimuProA-4,EV_104
382.821,0.0,57.86,1550.0,0,3.43,1,49.79,4.15,25.0,-25.0,210.0,EV_104,0.015,1050,65.0,DR667059_14,57.45,45554.64,DR667059,202.74,0.0,59.75,D,SimuProA-4,EV_104
366.447,35.0,57.86,2400.0,0,3.41,1,49.77,4.14,38.0,55.0,210.0,EV_104,0.0,1060,0.0,DR667059_14,57.5,45554.75,DR667059,202.74,0.0,59.8,D,SimuProA-4,EV_104
379.813,5.0,57.86,300.0,0,3.42,1,49.75,4.13,5.0,8.0,210.0,EV_104,0.0,1070,10.0,DR667059_14,57.55,45554.76,DR667059,202.74,0.0,59.85,D,SimuProA-4,EV_104
363.234,65.0,57.86,3100.0,0,3.4,1,49.74,4.14,48.0,85.0,210.0,EV_104,0.0,1080,0.0,DR667059_14,57.6,45554.89,DR667059,202.74,0.0,59.9,D,SimuProA-4,EV_104
355.371,75.0,57.86,3300.0,0,3.38,1,49.71,4.15,52.0,110.0,210.0,EV_104,0.0,1090,0.0,DR667059_14,57.65,45555.03,DR667059,202.74,0.0,59.95,D,SimuProA-4,EV_104
372.941,0.0,57.86,750.0,0,3.4,1,49.71,4.15,12.0,-35.0,210.0,EV_104,0.022,1100,85.0,DR667059_14,57.68,45555.07,DR667059,202.74,0.0,59.98,D,SimuProA-4,EV_104
369.307,40.0,57.86,2100.0,0,3.41,1,49.7,4.14,32.0,45.0,210.0,EV_104,0.0,1110,0.0,DR667059_14,57.72,45555.16,DR667059,202.74,0.0,60.02,D,SimuProA-4,EV_104
374.264,35.0,57.86,2200.0,0,3.41,1,49.68,4.14,35.0,55.0,210.0,EV_104,0.0,1120,0.0,DR667059_14,57.75,45555.26,DR667059,202.74,0.0,60.05,D,SimuProA-4,EV_104
368.605,55.0,57.86,2800.0,0,3.39,1,49.66,4.15,42.0,95.0,210.0,EV_104,0.0,1130,0.0,DR667059_14,57.82,45555.37,DR667059,202.74,0.0,60.12,D,SimuProA-4,EV_104
361.922,70.0,57.86,3400.0,0,3.37,1,49.65,4.15,50.0,115.0,210.0,EV_104,0.0,1140,0.0,DR667059_14,57.88,45555.51,DR667059,202.74,0.0,60.18,D,SimuProA-4,EV_104
366.941,75.0,57.86,3800.0,0,3.35,1,49.62,4.15,55.0,120.0,210.0,EV_104,0.0,1150,0.0,DR667059_14,57.95,45555.66,DR667059,202.74,0.0,60.25,D,SimuProA-4,EV_104
361.768,65.0,57.86,3200.0,0,3.34,1,49.62,4.14,48.0,145.0,210.0,EV_104,0.0,1160,0.0,DR667059_14,58.01,45555.8,DR667059,202.74,0.0,60.32,D,SimuProA-4,EV_104
366.124,0.0,57.86,1500.0,0,3.38,1,49.6,4.16,25.0,-25.0,210.0,EV_104,0.015,1170,45.0,DR667059_14,58.06,45555.87,DR667059,202.74,0.0,60.38,D,SimuProA-4,EV_104
372.207,25.0,57.86,1800.0,0,3.4,1,49.59,4.15,30.0,35.0,210.0,EV_104,0.0,1180,0.0,DR667059_14,58.15,45555.95,DR667059,202.74,0.0,60.45,D,SimuProA-4,EV_104
355.415,60.0,57.86,2900.0,0,3.36,1,49.58,4.15,45.0,130.0,210.0,EV_104,0.0,1190,0.0,DR667059_14,58.25,45556.08,DR667059,202.74,0.0,60.55,D,SimuProA-4,EV_104
360.775,0.0,57.86,900.0,0,3.39,1,49.56,4.16,15.0,-15.0,210.0,EV_104,0.012,1200,50.0,DR667059_14,58.3,45556.12,DR667059,202.74,0.0,60.6,D,SimuProA-4,EV_104
348.418,75.0,57.86,3800.0,0,3.35,1,49.53,4.15,55.0,155.0,210.0,EV_104,0.0,1210,0.0,DR667059_14,58.42,45556.27,DR667059,202.74,0.0,60.72,D,SimuProA-4,EV_104
365.65,0.0,57.86,600.0,0,3.38,1,49.53,4.16,10.0,-35.0,210.0,EV_104,0.022,1220,85.0,DR667059_14,58.48,45556.3,DR667059,202.74,0.0,60.78,D,SimuProA-4,EV_104
378.773,15.0,57.86,450.0,0,3.39,1,49.51,4.15,8.0,12.0,210.0,EV_104,0.0,1230,10.0,DR667059_14,58.54,45556.32,DR667059,202.74,0.0,60.84,D,SimuProA-4,EV_104
372.503,55.0,57.86,2600.0,0,3.37,1,49.48,4.14,42.0,110.0,210.0,EV_104,0.0,1240,0.0,DR667059_14,58.6,45556.44,DR667059,202.74,0.0,60.95,D,SimuProA-4,EV_104
358.571,0.0,57.86,750.0,0,3.4,1,49.47,4.15,12.0,-25.0,210.0,EV_104,0.018,1250,65.0,DR667059_14,58.65,45556.47,DR667059,202.74,0.0,61.02,D,SimuProA-4,EV_104
380.219,0.0,57.86,380.0,0,3.41,1,49.46,4.14,6.0,8.5,210.0,EV_104,0.0,1260,15.0,DR667059_14,58.7,45556.49,DR667059,202.74,0.0,61.08,D,SimuProA-4,EV_104
375.076,30.0,57.86,1100.0,0,3.42,1,49.44,4.12,18.0,45.0,210.0,EV_104,0.0,1270,0.0,DR667059_14,58.8,45556.54,DR667059,202.74,0.0,61.15,D,SimuProA-4,EV_104
362.452,0.0,57.86,250.0,0,3.4,1,49.42,4.14,5.0,-38.0,210.0,EV_104,0.025,0,75.0,DR667059_15,58.84,45556.55,DR667059,202.74,0.0,61.19,D,SimuProA-4,EV_104
380.217,20.0,57.86,750.0,0,3.43,1,49.42,4.13,12.0,25.0,210.0,EV_104,0.0,10,0.0,DR667059_15,58.9,45556.59,DR667059,202.74,0.0,61.24,D,SimuProA-4,EV_104
372.344,45.0,57.86,1600.0,0,3.44,1,49.4,4.12,25.0,55.0,210.0,EV_104,0.0,20,0.0,DR667059_15,58.98,45556.66,DR667059,202.74,0.0,61.32,D,SimuProA-4,EV_104
365.335,0.0,57.86,650.0,0,3.41,1,49.39,4.14,10.0,-32.0,210.0,EV_104,0.022,30,80.0,DR667059_15,59.05,45556.69,DR667059,202.74,0.0,61.38,D,SimuProA-4,EV_104
382.543,25.0,57.86,1150.0,0,3.42,1,49.37,4.15,18.0,12.0,210.0,EV_104,0.0,40,0.0,DR667059_15,59.1,45556.74,DR667059,202.74,0.0,61.42,D,SimuProA-4,EV_104
369.889,35.0,57.86,1850.0,0,3.43,1,49.34,4.13,28.0,48.0,210.0,EV_104,0.0,50,0.0,DR667059_15,59.16,45556.82,DR667059,202.74,0.0,61.48,D,SimuProA-4,EV_104
368.67,55.0,57.86,2300.0,0,3.44,1,49.34,4.14,35.0,65.0,210.0,EV_104,0.0,60,0.0,DR667059_15,59.23,45556.91,DR667059,202.74,0.0,61.55,D,SimuProA-4,EV_104
378.065,0.0,57.86,950.0,0,3.42,1,49.34,4.15,15.0,-25.0,210.0,EV_104,0.018,70,45.0,DR667059_15,59.28,45556.96,DR667059,202.74,0.0,61.6,D,SimuProA-4,EV_104
366.455,65.0,57.86,2750.0,0,3.43,1,49.3,4.14,42.0,72.0,210.0,EV_104,0.0,80,0.0,DR667059_15,59.32,45557.08,DR667059,202.74,0.0,61.68,D,SimuProA-4,EV_104
360.112,78.0,57.86,3900.0,0,3.4,1,49.26,4.15,58.0,115.0,210.0,EV_104,0.0,90,0.0,DR667059_15,59.45,45557.24,DR667059,202.74,0.0,61.82,D,SimuProA-4,EV_104
351.686,80.0,57.86,4350.0,0,3.39,1,49.21,4.15,64.0,145.0,210.0,EV_104,0.0,100,0.0,DR667059_15,59.65,45557.42,DR667059,202.74,0.0,62.05,D,SimuProA-4,EV_104
368.18,50.0,57.86,2600.0,0,3.42,1,49.18,4.14,40.0,62.0,210.0,EV_104,0.0,110,0.0,DR667059_15,59.75,45557.53,DR667059,202.74,0.0,62.15,D,SimuProA-4,EV_104
357.704,70.0,57.86,3700.0,0,3.4,1,49.18,4.15,55.0,120.0,210.0,EV_104,0.0,120,0.0,DR667059_15,59.88,45557.68,DR667059,202.74,0.0,62.28,D,SimuProA-4,EV_104
354.7,78.0,57.86,4200.0,0,3.39,1,49.17,4.15,62.0,155.0,210.0,EV_104,0.0,130,0.0,DR667059_15,60.05,45557.86,DR667059,202.74,0.0,62.45,D,SimuProA-4,EV_104
365.052,25.0,57.86,1800.0,0,3.41,1,49.15,4.14,25.0,45.0,210.0,EV_104,0.0,140,0.0,DR667059_15,60.12,45557.93,DR667059,202.74,0.0,62.52,D,SimuProA-4,EV_104
381.939,0.0,57.86,900.0,0,3.42,1,49.15,4.15,12.0,-28.0,210.0,EV_104,0.012,150,65.0,DR667059_15,60.18,45557.96,DR667059,202.74,0.0,62.58,D,SimuProA-4,EV_104
379.266,30.0,57.86,1200.0,0,3.4,1,49.14,4.14,18.0,35.0,210.0,EV_104,0.0,160,0.0,DR667059_15,60.22,45558.01,DR667059,202.74,0.0,62.65,D,SimuProA-4,EV_104
375.892,45.0,57.86,2200.0,0,3.41,1,49.14,4.14,35.0,15.0,210.0,EV_104,0.0,170,0.0,DR667059_15,60.24,45558.11,DR667059,202.74,0.0,62.67,D,SimuProA-4,EV_104
368.499,60.0,57.86,2800.0,0,3.4,1,49.12,4.14,42.0,65.0,210.0,EV_104,0.0,180,0.0,DR667059_15,60.27,45558.22,DR667059,202.74,0.0,62.7,D,SimuProA-4,EV_104
372.657,25.0,57.86,1800.0,0,3.41,1,49.12,4.14,28.0,10.0,210.0,EV_104,0.0,190,10.0,DR667059_15,60.29,45558.3,DR667059,202.74,0.0,62.72,D,SimuProA-4,EV_104
378.724,35.0,57.86,2400.0,0,3.41,1,49.1,4.14,38.0,45.0,210.0,EV_104,0.0,200,0.0,DR667059_15,60.31,45558.41,DR667059,202.74,0.0,62.75,D,SimuProA-4,EV_104
374.372,65.0,57.86,3100.0,0,3.4,1,49.07,4.15,48.0,85.0,210.0,EV_104,0.0,210,0.0,DR667059_15,60.34,45558.54,DR667059,202.74,0.0,62.79,D,SimuProA-4,EV_104
382.262,0.0,57.86,1600.0,0,3.43,1,49.07,4.15,25.0,-32.0,210.0,EV_104,0.025,220,55.0,DR667059_15,60.37,45558.61,DR667059,202.74,0.0,62.82,D,SimuProA-4,EV_104
365.577,70.0,57.86,3800.0,0,3.39,1,49.04,4.15,55.0,110.0,210.0,EV_104,0.0,230,0.0,DR667059_15,60.45,45558.76,DR667059,202.74,0.0,62.9,D,SimuProA-4,EV_104
376.275,20.0,57.86,2100.0,0,3.42,1,49.03,4.14,32.0,40.0,210.0,EV_104,0.0,240,5.0,DR667059_15,60.52,45558.85,DR667059,202.74,0.0,62.98,D,SimuProA-4,EV_104
362.9,0.0,57.86,1200.0,0,3.44,1,49.03,4.15,18.0,-35.0,210.0,EV_104,0.028,250,65.0,DR667059_15,60.58,45558.9,DR667059,202.74,0.0,63.05,D,SimuProA-4,EV_104
371.509,45.0,57.86,2600.0,0,3.41,1,49.02,4.14,38.0,55.0,210.0,EV_104,0.0,260,0.0,DR667059_15,60.6,45559.01,DR667059,202.74,0.0,63.1,D,SimuProA-4,EV_104
367.967,55.0,57.86,3100.0,0,3.39,1,49.0,4.15,45.0,75.0,210.0,EV_104,0.0,270,0.0,DR667059_15,60.65,45559.13,DR667059,202.74,0.0,63.18,D,SimuProA-4,EV_104
360.291,75.0,57.86,4200.0,0,3.38,1,48.98,4.15,58.0,120.0,210.0,EV_104,0.0,280,0.0,DR667059_15,60.72,45559.29,DR667059,202.74,0.0,63.28,D,SimuProA-4,EV_104
365.612,35.0,57.86,2800.0,0,3.4,1,48.97,4.14,42.0,65.0,210.0,EV_104,0.0,290,0.0,DR667059_15,60.78,45559.41,DR667059,202.74,0.0,63.35,D,SimuProA-4,EV_104
358.37,0.0,57.86,1400.0,0,3.42,1,48.94,4.15,22.0,-25.0,210.0,EV_104,0.018,300,45.0,DR667059_15,60.82,45559.47,DR667059,202.74,0.0,63.4,D,SimuProA-4,EV_104
373.2,25.0,57.86,1900.0,0,3.41,1,48.94,4.13,28.0,15.0,210.0,EV_104,0.0,310,0.0,DR667059_15,60.85,45559.55,DR667059,202.74,0.0,63.45,D,SimuProA-4,EV_104
362.141,30.0,57.86,2100.0,0,3.41,1,48.93,4.14,32.0,45.0,210.0,EV_104,0.0,320,0.0,DR667059_15,60.88,45559.64,DR667059,202.74,0.0,63.47,D,SimuProA-4,EV_104
355.45,50.0,57.86,3400.0,0,3.39,1,48.91,4.15,48.0,85.0,210.0,EV_104,0.0,330,0.0,DR667059_15,60.92,45559.77,DR667059,202.74,0.0,63.52,D,SimuProA-4,EV_104
363.67,0.0,57.86,1200.0,0,3.42,1,48.9,4.15,18.0,-30.0,210.0,EV_104,0.022,340,60.0,DR667059_15,60.95,45559.82,DR667059,202.74,0.0,63.56,D,SimuProA-4,EV_104
349.975,65.0,57.86,3800.0,0,3.35,1,48.88,4.15,52.0,95.0,210.0,EV_104,0.0,350,0.0,DR667059_15,61.05,45559.96,DR667059,202.74,0.0,63.68,D,SimuProA-4,EV_104
365.532,5.0,57.86,1600.0,0,3.4,1,48.85,4.14,25.0,20.0,210.0,EV_104,0.015,360,15.0,DR667059_15,61.08,45560.03,DR667059,202.74,0.0,63.72,D,SimuProA-4,EV_104
348.612,55.0,57.86,2800.0,0,3.32,1,48.85,4.15,42.0,110.0,210.0,EV_104,0.0,370,0.0,DR667059_15,61.15,45560.15,DR667059,202.74,0.0,63.85,D,SimuProA-4,EV_104
362.57,25.0,57.86,2100.0,0,3.41,1,48.82,4.14,30.0,35.0,210.0,EV_104,0.0,380,0.0,DR667059_15,61.2,45560.23,DR667059,202.74,0.0,63.92,D,SimuProA-4,EV_104
345.059,55.0,57.86,3100.0,0,3.33,1,48.81,4.15,45.0,120.0,210.0,EV_104,0.0,390,0.0,DR667059_15,61.35,45560.36,DR667059,202.74,0.0,64.05,D,SimuProA-4,EV_104
369.782,0.0,57.86,1000.0,0,3.43,1,48.81,4.15,15.0,-25.0,210.0,EV_104,0.028,400,45.0,DR667059_15,61.38,45560.4,DR667059,202.74,0.0,64.08,D,SimuProA-4,EV_104
363.997,22.0,57.86,2200.0,0,3.415,1,48.8,4.145,32.0,28.0,210.0,EV_104,0.0,410,0.0,DR667059_15,61.42,45560.49,DR667059,202.74,0.0,64.12,D,SimuProA-4,EV_104
351.857,45.0,57.86,3300.0,0,3.39,1,48.79,4.148,48.0,85.0,210.0,EV_104,0.0,420,0.0,DR667059_15,61.5,45560.62,DR667059,202.74,0.0,64.2,D,SimuProA-4,EV_104
342.603,60.0,57.86,3600.0,0,3.34,1,48.76,4.15,52.0,135.0,210.0,EV_104,0.0,430,0.0,DR667059_15,61.65,45560.77,DR667059,202.74,0.0,64.32,D,SimuProA-4,EV_104
339.46,65.0,57.86,3800.0,0,3.32,1,48.75,4.15,55.0,145.0,210.0,EV_104,0.0,440,0.0,DR667059_15,61.82,45560.92,DR667059,202.74,0.0,64.48,D,SimuProA-4,EV_104
375.104,15.0,57.86,2400.0,0,3.4,1,48.75,4.15,35.0,12.0,210.0,EV_104,0.015,450,5.0,DR667059_15,61.85,45561.02,DR667059,202.74,0.0,64.5,D,SimuProA-4,EV_104
343.635,40.0,57.86,2800.0,0,3.35,1,48.73,4.14,42.0,95.0,210.0,EV_104,0.0,460,0.0,DR667059_15,62.0,45561.14,DR667059,202.74,0.0,64.62,D,SimuProA-4,EV_104
355.009,20.0,57.86,1800.0,0,3.38,1,48.7,4.11,28.0,25.0,210.0,EV_104,0.0,470,0.0,DR667059_15,62.08,45561.22,DR667059,202.74,0.0,64.68,D,SimuProA-4,EV_104
372.868,5.0,57.86,800.0,0,3.41,1,48.7,4.14,12.0,8.0,210.0,EV_104,0.02,480,15.0,DR667059_15,62.1,45561.25,DR667059,202.74,0.0,64.7,D,SimuProA-4,EV_104
348.634,35.0,57.86,2100.0,0,3.36,1,48.7,4.145,32.0,65.0,210.0,EV_104,0.0,490,0.0,DR667059_15,62.16,45561.34,DR667059,202.74,0.0,64.78,D,SimuProA-4,EV_104
374.749,25.0,57.86,1000.0,0,3.42,1,48.69,4.14,15.0,18.0,210.0,EV_104,0.0,500,5.0,DR667059_15,62.22,45561.38,DR667059,202.74,0.0,64.82,D,SimuProA-4,EV_104
382.062,10.0,57.86,550.0,0,3.41,1,48.68,4.15,8.0,5.0,210.0,EV_104,0.01,510,20.0,DR667059_15,62.28,45561.4,DR667059,202.74,0.0,64.86,D,SimuProA-4,EV_104
349.814,45.0,57.86,2600.0,0,3.37,1,48.68,4.13,38.0,75.0,210.0,EV_104,0.0,520,0.0,DR667059_15,62.35,45561.51,DR667059,202.74,0.0,64.92,D,SimuProA-4,EV_104
378.018,15.0,57.86,1500.0,0,3.415,1,48.67,4.142,22.0,25.0,210.0,EV_104,0.0,530,0.0,DR667059_15,62.5,45561.57,DR667059,202.74,0.0,65.0,D,SimuProA-4,EV_104
345.393,0.0,57.86,800.0,0,3.38,1,48.67,4.135,12.0,-28.0,210.0,EV_104,0.025,540,65.0,DR667059_15,62.6,45561.6,DR667059,202.74,0.0,65.0,D,SimuProA-4,EV_104
376.107,12.0,57.86,1200.0,0,3.42,1,48.64,4.14,18.0,12.0,210.0,EV_104,0.0,550,0.0,DR667059_15,62.65,45561.65,DR667059,202.74,0.0,65.0,D,SimuProA-4,EV_104
372.905,30.0,57.86,1850.0,0,3.405,1,48.62,4.14,28.0,45.0,210.0,EV_104,0.0,560,0.0,DR667059_15,62.7,45561.73,DR667059,202.74,0.0,65.0,D,SimuProA-4,EV_104
365.566,40.0,57.86,2400.0,0,3.39,1,48.62,4.145,35.0,68.0,210.0,EV_104,0.0,570,0.0,DR667059_15,62.75,45561.82,DR667059,202.74,0.0,65.0,D,SimuProA-4,EV_104
370.944,0.0,57.86,1000.0,0,3.395,1,48.62,4.135,15.0,-18.0,210.0,EV_104,0.02,580,35.0,DR667059_15,62.78,45561.87,DR667059,202.74,0.0,65.0,D,SimuProA-4,EV_104
375.336,18.0,57.86,1500.0,0,3.41,1,48.59,4.13,22.0,25.0,210.0,EV_104,0.0,590,0.0,DR667059_15,62.8,45561.93,DR667059,202.74,0.0,65.0,D,SimuProA-4,EV_104
368.768,35.0,57.86,2100.0,0,3.395,1,48.59,4.14,32.0,55.0,210.0,EV_104,0.0,600,0.0,DR667059_15,62.85,45562.02,DR667059,202.74,0.0,65.0,D,SimuProA-4,EV_104
373.691,0.0,57.86,1200.0,0,3.4,1,48.59,4.135,18.0,-12.0,210.0,EV_104,0.015,610,20.0,DR667059_15,62.88,45562.07,DR667059,202.74,0.0,65.0,D,SimuProA-4,EV_104
366.073,45.0,57.86,2600.0,0,3.388,1,48.55,4.142,38.0,72.5,210.0,EV_104,0.0,620,0.0,DR667059_15,62.9,45562.18,DR667059,202.74,0.0,65.0,D,SimuProA-4,EV_104
369.61,0.0,57.86,1450.0,0,3.392,1,48.55,4.138,22.0,-35.2,210.0,EV_104,0.028,630,65.0,DR667059_15,62.92,45562.24,DR667059,202.74,0.0,65.0,D,SimuProA-4,EV_104
371.957,10.0,57.86,800.0,0,3.398,1,48.55,4.136,12.0,15.0,210.0,EV_104,0.0,640,5.0,DR667059_15,62.94,45562.27,DR667059,202.74,0.0,65.0,D,SimuProA-4,EV_104
367.432,25.0,57.86,1200.0,0,3.39,1,48.54,4.14,18.0,42.0,210.0,EV_104,0.0,650,0.0,DR667059_15,63.0,45562.32,DR667059,202.74,0.0,65.0,D,SimuProA-4,EV_104
375.499,0.0,57.86,350.0,0,3.395,1,48.54,4.145,5.0,-28.5,210.0,EV_104,0.022,660,45.0,DR667059_15,63.05,45562.33,DR667059,202.74,0.0,65.0,D,SimuProA-4,EV_104
369.739,40.0,57.86,1850.0,0,3.385,1,48.51,4.142,28.0,65.0,210.0,EV_104,0.0,670,0.0,DR667059_15,63.1,45562.41,DR667059,202.74,0.0,65.0,D,SimuProA-4,EV_104
372.44,35.0,57.86,2100.0,0,3.387,1,48.48,4.141,32.0,55.0,210.0,EV_104,0.0,680,0.0,DR667059_15,63.18,45562.5,DR667059,202.74,0.0,65.0,D,SimuProA-4,EV_104
368.417,55.0,57.86,3100.0,0,3.382,1,48.45,4.144,45.0,85.0,210.0,EV_104,0.0,690,0.0,DR667059_15,63.28,45562.62,DR667059,202.74,0.0,65.0,D,SimuProA-4,EV_104
374.794,0.0,57.86,650.0,0,3.39,1,48.44,4.148,10.0,-38.0,210.0,EV_104,0.025,700,75.0,DR667059_15,63.35,45562.65,DR667059,202.74,0.0,65.0,D,SimuProA-4,EV_104
377.874,15.0,57.86,750.0,0,3.395,1,48.42,4.15,12.0,5.0,210.0,EV_104,0.005,710,5.0,DR667059_15,63.42,45562.68,DR667059,202.74,0.0,65.0,D,SimuProA-4,EV_104
370.63,45.0,57.86,2400.0,0,3.38,1,48.41,4.146,38.0,75.0,210.0,EV_104,0.0,720,0.0,DR667059_15,63.5,45562.79,DR667059,202.74,0.0,65.0,D,SimuProA-4,EV_104
376.908,0.0,57.86,950.0,0,3.4,1,48.41,4.152,15.0,-35.0,210.0,EV_104,0.028,730,60.0,DR667059_15,63.6,45562.83,DR667059,202.74,0.0,65.0,D,SimuProA-4,EV_104
368.086,58.0,57.86,2800.0,0,3.375,1,48.4,4.148,42.0,88.5,210.0,EV_104,0.0,740,0.0,DR667059_15,63.65,45562.95,DR667059,202.74,0.0,65.0,D,SimuProA-4,EV_104
375.382,0.0,57.86,500.0,0,3.385,1,48.39,4.155,8.0,-42.0,210.0,EV_104,0.026,750,85.0,DR667059_15,63.72,45562.97,DR667059,202.74,0.0,65.0,D,SimuProA-4,EV_104
378.656,18.0,57.86,850.0,0,3.392,1,48.38,4.15,14.0,6.5,210.0,EV_104,0.004,760,2.0,DR667059_15,63.78,45563.01,DR667059,202.74,0.0,65.0,D,SimuProA-4,EV_104
372.256,35.0,57.86,1600.0,0,3.385,1,48.36,4.14,25.0,55.0,210.0,EV_104,0.0,770,0.0,DR667059_15,63.85,45563.08,DR667059,202.74,0.0,65.0,D,SimuProA-4,EV_104
364.786,65.0,57.86,3000.0,0,3.37,1,48.33,4.145,45.0,110.0,210.0,EV_104,0.0,780,0.0,DR667059_15,63.92,45563.2,DR667059,202.74,0.0,65.0,D,SimuProA-4,EV_104
376.402,0.0,57.86,750.0,0,3.39,1,48.32,4.15,12.0,-38.0,210.0,EV_104,0.025,790,75.0,DR667059_15,64.0,45563.24,DR667059,202.74,0.0,65.0,D,SimuProA-4,EV_104
368.959,45.0,57.86,2100.0,0,3.375,1,48.31,4.145,32.0,75.0,210.0,EV_104,0.0,800,0.0,DR667059_15,64.05,45563.33,DR667059,202.74,0.0,65.0,D,SimuProA-4,EV_104
374.222,30.0,57.86,1850.0,0,3.38,1,48.29,4.14,28.0,40.0,210.0,EV_104,0.0,810,0.0,DR667059_15,64.1,45563.41,DR667059,202.74,0.0,65.0,D,SimuProA-4,EV_104
365.636,55.0,57.86,3200.0,0,3.37,1,48.28,4.15,48.0,95.0,210.0,EV_104,0.0,820,0.0,DR667059_15,64.15,45563.54,DR667059,202.74,0.0,65.0,D,SimuProA-4,EV_104
361.801,50.0,57.86,2300.0,0,3.365,1,48.27,4.148,35.0,125.0,210.0,EV_104,0.0,830,0.0,DR667059_15,64.22,45563.64,DR667059,202.74,0.0,65.0,D,SimuProA-4,EV_104
385.763,0.0,57.86,950.0,0,3.395,1,48.25,4.15,15.0,-42.0,210.0,EV_104,0.028,840,65.0,DR667059_15,64.25,45563.68,DR667059,202.74,0.0,65.0,D,SimuProA-4,EV_104
373.326,15.0,57.86,1450.0,0,3.382,1,48.24,4.142,22.0,35.0,210.0,EV_104,0.0,850,5.0,DR667059_15,64.3,45563.74,DR667059,202.74,0.0,65.0,D,SimuProA-4,EV_104
372.041,25.0,57.86,1650.0,0,3.385,1,48.23,4.145,25.0,55.0,210.0,EV_104,0.0,860,0.0,DR667059_15,64.45,45563.81,DR667059,202.74,0.0,65.0,D,SimuProA-4,EV_104
368.226,45.0,57.86,2600.0,0,3.38,1,48.21,4.148,38.0,85.0,210.0,EV_104,0.0,870,0.0,DR667059_15,64.55,45563.92,DR667059,202.74,0.0,65.0,D,SimuProA-4,EV_104
370.431,5.0,57.86,1200.0,0,3.388,1,48.21,4.142,18.0,20.0,210.0,EV_104,0.015,880,15.0,DR667059_15,64.68,45563.97,DR667059,202.74,0.0,65.0,D,SimuProA-4,EV_104
376.503,18.0,57.86,1300.0,0,3.385,1,48.18,4.14,20.0,45.0,210.0,EV_104,0.0,890,0.0,DR667059_15,64.75,45564.03,DR667059,202.74,0.0,65.0,D,SimuProA-4,EV_104
381.624,0.0,57.86,750.0,0,3.39,1,48.18,4.145,12.0,-25.0,210.0,EV_104,0.012,900,45.0,DR667059_15,64.82,45564.06,DR667059,202.74,0.0,65.0,D,SimuProA-4,EV_104
379.354,8.0,57.86,500.0,0,3.382,1,48.18,4.135,8.0,12.0,210.0,EV_104,0.0,910,10.0,DR667059_15,64.9,45564.08,DR667059,202.74,0.0,65.0,D,SimuProA-4,EV_104
377.659,35.0,57.86,1850.0,0,3.385,1,48.16,4.142,28.0,65.0,210.0,EV_104,0.0,920,0.0,DR667059_15,64.95,45564.16,DR667059,202.74,0.0,65.0,D,SimuProA-4,EV_104
382.2,0.0,57.86,650.0,0,3.39,1,48.16,4.145,10.0,15.0,210.0,EV_104,0.018,930,60.0,DR667059_15,65.0,45564.19,DR667059,202.74,0.0,65.0,D,SimuProA-4,EV_104
378.736,42.0,57.86,2100.0,0,3.382,1,48.16,4.148,32.0,75.0,210.0,EV_104,0.0,940,0.0,DR667059_15,65.0,45564.27,DR667059,202.74,0.0,65.0,D,SimuProA-4,EV_104
373.862,55.0,57.86,2800.0,0,3.38,1,48.13,4.142,42.0,85.0,210.0,EV_104,0.0,950,0.0,DR667059_15,65.0,45564.39,DR667059,202.74,0.0,65.0,D,SimuProA-4,EV_104
379.274,0.0,57.86,1600.0,0,3.385,1,48.12,4.15,25.0,-28.0,210.0,EV_104,0.015,960,55.0,DR667059_15,65.0,45564.46,DR667059,202.74,0.0,65.0,D,SimuProA-4,EV_104
376.264,48.0,57.86,2450.0,0,3.382,1,48.11,4.145,38.0,70.0,210.0,EV_104,0.0,970,0.0,DR667059_15,65.0,45564.56,DR667059,202.74,0.0,65.0,D,SimuProA-4,EV_104
372.496,62.0,57.86,3200.0,0,3.378,1,48.1,4.146,48.0,92.0,210.0,EV_104,0.0,980,0.0,DR667059_15,65.0,45564.69,DR667059,202.74,0.0,65.0,D,SimuProA-4,EV_104
377.855,0.0,57.86,1200.0,0,3.384,1,48.07,4.149,18.0,-35.0,210.0,EV_104,0.019,990,65.0,DR667059_15,65.0,45564.74,DR667059,202.74,0.0,65.0,D,SimuProA-4,EV_104
375.208,45.0,57.86,2300.0,0,3.381,1,48.07,4.144,35.0,68.0,210.0,EV_104,0.0,1000,0.0,DR667059_15,65.0,45564.84,DR667059,202.74,0.0,65.0,D,SimuProA-4,EV_104
374.209,35.0,57.86,2750.0,0,3.379,1,48.05,4.143,42.0,45.0,210.0,EV_104,0.0,1010,0.0,DR667059_15,65.0,45564.96,DR667059,202.74,0.0,65.0,D,SimuProA-4,EV_104
368.095,65.0,57.86,3500.0,0,3.375,1,48.05,4.148,52.0,85.0,210.0,EV_104,0.0,1020,0.0,DR667059_15,65.0,45565.1,DR667059,202.74,0.0,65.0,D,SimuProA-4,EV_104
370.671,0.0,57.86,1450.0,0,3.38,1,48.05,4.15,22.0,-38.0,210.0,EV_104,0.021,1030,70.0,DR667059_15,65.0,45565.16,DR667059,202.74,0.0,65.0,D,SimuProA-4,EV_104
365.286,25.0,57.86,1850.0,0,3.378,1,48.02,4.142,28.0,45.0,210.0,EV_104,0.0,1040,0.0,DR667059_15,45.2,45565.24,DR667059,202.74,0.0,46.8,D,SimuProA-4,EV_104
369.453,0.0,57.86,800.0,0,3.382,1,48.02,4.145,12.0,-25.0,210.0,EV_104,0.015,1050,35.0,DR667059_15,45.4,45565.27,DR667059,202.74,0.0,47.0,D,SimuProA-4,EV_104
372.348,15.0,57.86,1000.0,0,3.375,1,48.01,4.14,15.0,12.0,210.0,EV_104,0.0,1060,0.0,DR667059_15,45.5,45565.31,DR667059,202.74,0.0,47.1,D,SimuProA-4,EV_104
367.12,30.0,57.86,1450.0,0,3.37,1,47.98,4.135,22.0,35.0,210.0,EV_104,0.0,1070,0.0,DR667059_15,45.6,45565.37,DR667059,202.74,0.0,47.2,D,SimuProA-4,EV_104
361.729,60.0,57.86,2800.0,0,3.365,1,47.95,4.13,42.0,95.0,210.0,EV_104,0.0,1080,0.0,DR667059_15,45.8,45565.49,DR667059,202.74,0.0,47.4,D,SimuProA-4,EV_104
365.685,0.0,57.86,1200.0,0,3.37,1,47.94,4.14,18.0,-30.0,210.0,EV_104,0.018,1090,55.0,DR667059_15,45.9,45565.54,DR667059,202.74,0.0,47.5,D,SimuProA-4,EV_104
364.565,25.0,57.86,1650.0,0,3.368,1,47.92,4.138,25.0,28.0,210.0,EV_104,0.0,1100,0.0,DR667059_15,46.0,45565.61,DR667059,202.74,0.0,47.6,D,SimuProA-4,EV_104
358.7,45.0,57.86,2400.0,0,3.362,1,47.88,4.132,38.0,85.0,210.0,EV_104,0.0,1110,0.0,DR667059_15,46.2,45565.72,DR667059,202.74,0.0,47.8,D,SimuProA-4,EV_104
363.83,0.0,57.86,1000.0,0,3.365,1,47.88,4.135,15.0,-18.0,210.0,EV_104,0.012,1120,60.0,DR667059_15,46.3,45565.76,DR667059,202.74,0.0,47.9,D,SimuProA-4,EV_104
355.488,75.0,57.86,3200.0,0,3.358,1,47.84,4.13,48.0,110.0,210.0,EV_104,0.0,1130,0.0,DR667059_15,46.5,45565.89,DR667059,202.74,0.0,48.1,D,SimuProA-4,EV_104
360.435,0.0,57.86,1350.0,0,3.362,1,47.84,4.138,20.0,-25.0,210.0,EV_104,0.015,1140,45.0,DR667059_15,46.6,45565.95,DR667059,202.74,0.0,48.2,D,SimuProA-4,EV_104
365.281,30.0,57.86,1850.0,0,3.366,1,47.84,4.14,28.0,35.0,210.0,EV_104,0.0,1150,0.0,DR667059_15,46.7,45566.03,DR667059,202.74,0.0,48.3,D,SimuProA-4,EV_104
372.083,15.0,57.86,800.0,0,3.368,1,47.84,4.142,12.0,15.0,210.0,EV_104,0.0,1160,0.0,DR667059_15,46.75,45566.06,DR667059,202.74,0.0,48.35,D,SimuProA-4,EV_104
367.87,35.0,57.86,1650.0,0,3.365,1,47.82,4.145,25.0,55.0,210.0,EV_104,0.0,1170,0.0,DR667059_15,46.8,45566.13,DR667059,202.74,0.0,48.4,D,SimuProA-4,EV_104
362.161,0.0,57.86,500.0,0,3.37,1,47.81,4.148,8.0,-32.0,210.0,EV_104,0.018,1180,55.0,DR667059_15,46.85,45566.15,DR667059,202.74,0.0,48.45,D,SimuProA-4,EV_104
368.612,25.0,57.86,1900.0,0,3.372,1,47.81,4.145,30.0,25.0,210.0,EV_104,0.0,1190,0.0,DR667059_15,46.9,45566.23,DR667059,202.74,0.0,48.5,D,SimuProA-4,EV_104
359.618,60.0,57.86,3000.0,0,3.36,1,47.79,4.15,45.0,85.0,210.0,EV_104,0.0,1200,0.0,DR667059_15,47.0,45566.36,DR667059,202.74,0.0,48.6,D,SimuProA-4,EV_104
355.924,75.0,57.86,3800.0,0,3.355,1,47.79,4.15,55.0,110.0,210.0,EV_104,0.0,1210,0.0,DR667059_15,47.1,45566.51,DR667059,202.74,0.0,48.7,D,SimuProA-4,EV_104
360.134,55.0,57.86,3400.0,0,3.358,1,47.77,4.148,50.0,95.0,210.0,EV_104,0.0,1220,0.0,DR667059_15,47.2,45566.65,DR667059,202.74,0.0,48.8,D,SimuProA-4,EV_104
366.499,0.0,57.86,2300.0,0,3.365,1,47.74,4.15,35.0,-25.0,210.0,EV_104,0.012,1230,45.0,DR667059_15,47.25,45566.75,DR667059,202.74,0.0,48.85,D,SimuProA-4,EV_104
372.073,10.0,57.86,350.0,0,3.37,1,47.74,4.146,5.0,12.0,210.0,EV_104,0.0,1240,5.0,DR667059_15,47.3,45566.76,DR667059,202.74,0.0,48.9,D,SimuProA-4,EV_104
367.994,35.0,57.86,850.0,0,3.375,1,47.72,4.15,12.0,45.0,210.0,EV_104,0.0,1250,0.0,DR667059_15,47.4,45566.79,DR667059,202.74,0.0,49.0,D,SimuProA-4,EV_104
375.691,0.0,57.86,0.0,0,3.38,1,47.72,4.15,0.0,-18.0,210.0,EV_104,0.015,1260,85.0,DR667059_15,47.5,45566.79,DR667059,202.74,0.0,49.1,D,SimuProA-4,EV_104
376.877,0.0,57.86,0.0,0,3.382,1,47.71,4.145,0.0,12.5,210.0,EV_104,0.0,1270,95.0,DR667059_15,47.6,45566.79,DR667059,202.74,0.0,49.2,D,SimuProA-4,EV_104
378.528,45.0,57.86,2400.0,0,3.384,1,47.69,4.148,62.5,85.0,210.0,EV_104,0.0,0,0.0,DR667059_16,47.7,45566.96,DR667059,202.74,0.0,49.3,D,SimuProA-4,EV_104
362.383,75.0,57.86,4100.0,0,3.378,1,47.67,4.152,98.0,145.0,210.0,EV_104,0.0,10,0.0,DR667059_16,47.9,45567.24,DR667059,202.74,0.0,49.5,D,SimuProA-4,EV_104
368.376,40.0,57.86,3700.0,0,3.382,1,47.66,4.146,88.0,95.0,210.0,EV_104,0.0,20,0.0,DR667059_16,48.1,45567.48,DR667059,202.74,0.0,49.7,D,SimuProA-4,EV_104
372.893,42.0,57.86,3680.0,0,3.385,1,47.63,4.148,87.5,85.0,210.0,EV_104,0.0,30,0.0,DR667059_16,48.3,45567.72,DR667059,202.74,0.0,49.9,D,SimuProA-4,EV_104
374.308,38.0,57.86,3620.0,0,3.386,1,47.63,4.15,86.0,65.0,210.0,EV_104,0.0,40,0.0,DR667059_16,48.5,45567.96,DR667059,202.74,0.0,50.1,D,SimuProA-4,EV_104
372.184,45.0,57.86,3750.0,0,3.384,1,47.63,4.152,89.0,90.0,210.0,EV_104,0.0,50,0.0,DR667059_16,48.7,45568.21,DR667059,202.74,0.0,50.3,D,SimuProA-4,EV_104
370.154,48.0,57.86,3780.0,0,3.38,1,47.6,4.155,90.0,105.0,210.0,EV_104,0.0,60,0.0,DR667059_16,48.8,45568.46,DR667059,202.74,0.0,50.4,D,SimuProA-4,EV_104
369.014,52.0,57.86,3880.0,0,3.379,1,47.6,4.158,92.5,110.0,210.0,EV_104,0.0,70,0.0,DR667059_16,49.0,45568.72,DR667059,202.74,0.0,50.6,D,SimuProA-4,EV_104
371.41,40.0,57.86,3700.0,0,3.382,1,47.6,4.15,88.0,80.0,210.0,EV_104,0.0,80,0.0,DR667059_16,49.1,45568.96,DR667059,202.74,0.0,50.7,D,SimuProA-4,EV_104
370.885,46.0,57.86,3830.0,0,3.381,1,47.59,4.154,91.2,95.0,210.0,EV_104,0.0,90,0.0,DR667059_16,49.3,45569.21,DR667059,202.74,0.0,50.9,D,SimuProA-4,EV_104
367.994,55.0,57.86,3990.0,0,3.378,1,47.59,4.159,95.0,115.0,210.0,EV_104,0.0,100,0.0,DR667059_16,49.5,45569.48,DR667059,202.74,0.0,51.1,D,SimuProA-4,EV_104
369.497,42.0,57.86,3800.0,0,3.383,1,47.56,4.152,90.5,85.0,210.0,EV_104,0.0,110,0.0,DR667059_16,49.6,45569.73,DR667059,202.74,0.0,51.2,D,SimuProA-4,EV_104
368.675,48.0,57.86,3910.0,0,3.38,1,47.54,4.155,93.0,98.0,210.0,EV_104,0.0,120,0.0,DR667059_16,49.7,45569.99,DR667059,202.74,0.0,51.3,D,SimuProA-4,EV_104
366.533,65.0,57.86,4450.0,0,3.377,1,47.52,4.16,105.0,125.0,210.0,EV_104,0.0,130,0.0,DR667059_16,49.8,45570.28,DR667059,202.74,0.0,51.4,D,SimuProA-4,EV_104
366.103,58.0,57.86,4200.0,0,3.379,1,47.51,4.158,100.0,110.0,210.0,EV_104,0.0,140,0.0,DR667059_16,49.9,45570.56,DR667059,202.74,0.0,51.5,D,SimuProA-4,EV_104
365.839,60.0,57.86,4300.0,0,3.376,1,47.48,4.162,102.0,118.0,210.0,EV_104,0.0,150,0.0,DR667059_16,50.0,45570.84,DR667059,202.74,0.0,51.6,D,SimuProA-4,EV_104
367.013,45.0,57.86,4000.0,0,3.381,1,47.48,4.156,95.0,88.0,210.0,EV_104,0.0,160,0.0,DR667059_16,50.1,45571.11,DR667059,202.74,0.0,51.7,D,SimuProA-4,EV_104
368.055,40.0,57.86,3880.0,0,3.382,1,47.48,4.154,92.0,75.0,210.0,EV_104,0.0,170,0.0,DR667059_16,50.2,45571.36,DR667059,202.74,0.0,51.8,D,SimuProA-4,EV_104
367.876,42.0,57.86,3960.0,0,3.383,1,47.45,4.155,94.0,82.0,210.0,EV_104,0.0,180,0.0,DR667059_16,50.25,45571.62,DR667059,202.74,0.0,51.85,D,SimuProA-4,EV_104
366.62,50.0,57.86,4120.0,0,3.38,1,47.45,4.158,98.0,95.0,210.0,EV_104,0.0,190,0.0,DR667059_16,50.32,45571.89,DR667059,202.74,0.0,51.92,D,SimuProA-4,EV_104
367.374,44.0,57.86,4000.0,0,3.382,1,47.45,4.156,95.0,78.0,210.0,EV_104,0.0,200,0.0,DR667059_16,50.4,45572.16,DR667059,202.74,0.0,52.0,D,SimuProA-4,EV_104
365.626,65.0,57.86,4300.0,0,3.378,1,47.44,4.16,102.0,105.0,210.0,EV_104,0.0,210,0.0,DR667059_16,50.5,45572.44,DR667059,202.74,0.0,52.1,D,SimuProA-4,EV_104
368.206,48.0,57.86,4150.0,0,3.381,1,47.43,4.158,98.0,85.0,210.0,EV_104,0.0,220,0.0,DR667059_16,50.6,45572.72,DR667059,202.74,0.0,52.2,D,SimuProA-4,EV_104
366.322,70.0,57.86,4550.0,0,3.376,1,47.41,4.162,108.0,115.0,210.0,EV_104,0.0,230,0.0,DR667059_16,50.7,45573.02,DR667059,202.74,0.0,52.35,D,SimuProA-4,EV_104
364.804,75.0,57.86,4700.0,0,3.375,1,47.37,4.165,112.0,125.0,210.0,EV_104,0.0,240,0.0,DR667059_16,50.85,45573.33,DR667059,202.74,0.0,52.5,D,SimuProA-4,EV_104
366.06,55.0,57.86,4400.0,0,3.38,1,47.36,4.16,105.0,90.0,210.0,EV_104,0.0,250,0.0,DR667059_16,51.0,45573.62,DR667059,202.74,0.0,52.65,D,SimuProA-4,EV_104
367.293,40.0,57.86,4050.0,0,3.382,1,47.36,4.155,96.0,70.0,210.0,EV_104,0.0,260,0.0,DR667059_16,51.15,45573.89,DR667059,202.74,0.0,52.8,D,SimuProA-4,EV_104
366.513,42.0,57.86,4100.0,0,3.381,1,47.34,4.157,97.5,75.0,210.0,EV_104,0.0,270,0.0,DR667059_16,51.2,45574.16,DR667059,202.74,0.0,52.9,D,SimuProA-4,EV_104
364.813,72.0,57.86,4600.0,0,3.374,1,47.34,4.164,110.0,130.0,210.0,EV_104,0.0,280,0.0,DR667059_16,51.4,45574.47,DR667059,202.74,0.0,53.1,D,SimuProA-4,EV_104
364.434,85.0,57.86,4850.0,0,3.372,1,47.31,4.166,115.0,145.0,210.0,EV_104,0.0,290,0.0,DR667059_16,51.6,45574.79,DR667059,202.74,0.0,53.3,D,SimuProA-4,EV_104
363.631,88.0,57.86,4950.0,0,3.37,1,47.28,4.168,118.0,155.0,210.0,EV_104,0.0,300,0.0,DR667059_16,51.8,45575.12,DR667059,202.74,0.0,53.5,D,SimuProA-4,EV_104
366.098,45.0,57.86,4550.0,0,3.375,1,47.27,4.16,108.0,85.0,210.0,EV_104,0.0,310,0.0,DR667059_16,51.9,45575.42,DR667059,202.74,0.0,53.6,D,SimuProA-4,EV_104
365.064,58.0,57.86,4700.0,0,3.373,1,47.27,4.162,112.0,100.0,210.0,EV_104,0.0,320,0.0,DR667059_16,52.0,45575.73,DR667059,202.74,0.0,53.8,D,SimuProA-4,EV_104
363.269,62.0,57.86,4780.0,0,3.371,1,47.24,4.165,114.0,140.0,210.0,EV_104,0.0,330,0.0,DR667059_16,52.1,45576.05,DR667059,202.74,0.0,53.9,D,SimuProA-4,EV_104
361.669,90.0,57.86,4950.0,0,3.368,1,47.23,4.169,118.0,165.0,210.0,EV_104,0.0,340,0.0,DR667059_16,52.3,45576.37,DR667059,202.74,0.0,54.1,D,SimuProA-4,EV_104
363.712,0.0,57.86,4400.0,0,3.374,1,47.22,4.163,105.0,-45.0,210.0,EV_104,0.05,350,35.0,DR667059_16,52.4,45576.67,DR667059,202.74,0.0,54.2,D,SimuProA-4,EV_104
358.275,65.0,57.86,4600.0,0,3.365,1,47.15,4.172,110.0,175.0,210.0,EV_104,0.0,360,0.0,DR667059_16,52.6,45576.98,DR667059,202.74,0.0,54.5,D,SimuProA-4,EV_104
360.482,70.0,57.86,4820.0,0,3.369,1,47.11,4.168,115.0,130.0,210.0,EV_104,0.0,370,0.0,DR667059_16,52.8,45577.29,DR667059,202.74,0.0,54.7,D,SimuProA-4,EV_104
362.284,55.0,57.86,4700.0,0,3.372,1,47.04,4.165,112.0,110.0,210.0,EV_104,0.0,380,0.0,DR667059_16,53.0,45577.61,DR667059,202.74,0.0,54.9,D,SimuProA-4,EV_104
364.567,45.0,57.86,4520.0,0,3.37,1,47.01,4.167,108.0,95.0,210.0,EV_104,0.0,390,0.0,DR667059_16,53.2,45577.91,DR667059,202.74,0.0,55.1,D,SimuProA-4,EV_104
362.438,50.0,57.86,4600.0,0,3.371,1,46.97,4.166,110.0,105.0,210.0,EV_104,0.0,400,0.0,DR667059_16,53.4,45578.22,DR667059,202.74,0.0,55.3,D,SimuProA-4,EV_104
360.042,60.0,57.86,4760.0,0,3.368,1,46.94,4.168,114.0,135.0,210.0,EV_104,0.0,410,0.0,DR667059_16,53.7,45578.53,DR667059,202.74,0.0,55.6,D,SimuProA-4,EV_104
361.04,52.0,57.86,4650.0,0,3.37,1,46.9,4.17,111.0,118.0,210.0,EV_104,0.0,420,0.0,DR667059_16,53.8,45578.84,DR667059,202.74,0.0,55.7,D,SimuProA-4,EV_104
363.486,42.0,57.86,4480.0,0,3.369,1,46.86,4.168,107.0,98.0,210.0,EV_104,0.0,430,0.0,DR667059_16,53.9,45579.14,DR667059,202.74,0.0,55.8,D,SimuProA-4,EV_104
359.303,65.0,57.86,4860.0,0,3.367,1,46.82,4.171,116.0,142.0,210.0,EV_104,0.0,440,0.0,DR667059_16,54.1,45579.46,DR667059,202.74,0.0,56.0,D,SimuProA-4,EV_104
360.07,55.0,57.86,4680.0,0,3.366,1,46.78,4.172,112.0,125.0,210.0,EV_104,0.0,450,0.0,DR667059_16,54.4,45579.77,DR667059,202.74,0.0,56.3,D,SimuProA-4,EV_104
358.176,70.0,57.86,4920.0,0,3.364,1,46.74,4.175,118.0,145.0,210.0,EV_104,0.0,460,0.0,DR667059_16,54.7,45580.1,DR667059,202.74,0.0,56.6,D,SimuProA-4,EV_104
362.212,40.0,57.86,4520.0,0,3.365,1,46.71,4.173,108.0,100.0,210.0,EV_104,0.0,470,0.0,DR667059_16,54.9,45580.4,DR667059,202.74,0.0,56.8,D,SimuProA-4,EV_104
358.664,75.0,57.86,4980.0,0,3.363,1,46.66,4.176,119.0,148.0,210.0,EV_104,0.0,480,0.0,DR667059_16,55.1,45580.73,DR667059,202.74,0.0,57.0,D,SimuProA-4,EV_104
354.704,85.0,57.86,5020.0,0,3.361,1,46.62,4.178,120.0,165.0,210.0,EV_104,0.0,490,0.0,DR667059_16,55.4,45581.06,DR667059,202.74,0.0,57.3,D,SimuProA-4,EV_104
361.29,50.0,57.86,4600.0,0,3.364,1,46.58,4.175,110.0,115.0,210.0,EV_104,0.0,500,0.0,DR667059_16,55.6,45581.37,DR667059,202.74,0.0,57.5,D,SimuProA-4,EV_104
357.67,68.0,57.86,4880.0,0,3.36,1,46.52,4.179,117.0,155.0,210.0,EV_104,0.0,510,0.0,DR667059_16,55.7,45581.69,DR667059,202.74,0.0,57.6,D,SimuProA-4,EV_104
363.832,45.0,57.86,4500.0,0,3.366,1,46.5,4.174,108.0,105.0,210.0,EV_104,0.0,520,0.0,DR667059_16,55.8,45582.0,DR667059,202.74,0.0,57.7,D,SimuProA-4,EV_104
358.76,60.0,57.86,4800.0,0,3.362,1,46.48,4.177,115.0,135.0,210.0,EV_104,0.0,530,0.0,DR667059_16,56.0,45582.31,DR667059,202.74,0.0,57.9,D,SimuProA-4,EV_104
355.572,55.0,57.86,4680.0,0,3.363,1,46.46,4.176,112.0,145.0,210.0,EV_104,0.0,540,0.0,DR667059_16,56.1,45582.62,DR667059,202.74,0.0,58.0,D,SimuProA-4,EV_104
359.756,48.0,57.86,4380.0,0,3.365,1,46.44,4.173,105.0,120.0,210.0,EV_104,0.0,550,0.0,DR667059_16,56.2,45582.91,DR667059,202.74,0.0,58.1,D,SimuProA-4,EV_104
353.383,72.0,57.86,4920.0,0,3.361,1,46.41,4.178,118.0,160.0,210.0,EV_104,0.0,560,0.0,DR667059_16,56.4,45583.24,DR667059,202.74,0.0,58.3,D,SimuProA-4,EV_104
348.823,75.0,57.86,5000.0,0,3.36,1,46.38,4.179,120.0,165.0,210.0,EV_104,0.0,570,0.0,DR667059_16,56.5,45583.57,DR667059,202.74,0.0,58.5,D,SimuProA-4,EV_104
352.871,58.0,57.86,4830.0,0,3.362,1,46.35,4.177,116.0,140.0,210.0,EV_104,0.0,580,0.0,DR667059_16,56.7,45583.9,DR667059,202.74,0.0,58.7,D,SimuProA-4,EV_104
356.034,42.0,57.86,4500.0,0,3.364,1,46.34,4.175,108.0,110.0,210.0,EV_104,0.0,590,0.0,DR667059_16,56.9,45584.2,DR667059,202.74,0.0,58.9,D,SimuProA-4,EV_104
351.337,52.0,57.86,4660.0,0,3.363,1,46.31,4.176,112.0,135.0,210.0,EV_104,0.0,600,0.0,DR667059_16,57.0,45584.51,DR667059,202.74,0.0,59.0,D,SimuProA-4,EV_104
347.455,65.0,57.86,4790.0,0,3.361,1,46.28,4.178,115.0,155.0,210.0,EV_104,0.0,610,0.0,DR667059_16,57.1,45584.83,DR667059,202.74,0.0,59.1,D,SimuProA-4,EV_104
355.309,35.0,57.86,4360.0,0,3.365,1,46.25,4.175,105.0,105.0,210.0,EV_104,0.0,620,0.0,DR667059_16,57.2,45585.12,DR667059,202.74,0.0,59.2,D,SimuProA-4,EV_104
352.397,45.0,57.86,4480.0,0,3.363,1,46.23,4.176,108.0,125.0,210.0,EV_104,0.0,630,0.0,DR667059_16,57.3,45585.42,DR667059,202.74,0.0,59.3,D,SimuProA-4,EV_104
354.887,30.0,57.86,4230.0,0,3.364,1,46.22,4.175,102.0,95.0,210.0,EV_104,0.0,640,0.0,DR667059_16,57.4,45585.7,DR667059,202.74,0.0,59.4,D,SimuProA-4,EV_104
349.158,55.0,57.86,4560.0,0,3.362,1,46.21,4.177,110.0,145.0,210.0,EV_104,0.0,650,0.0,DR667059_16,57.5,45586.01,DR667059,202.74,0.0,59.5,D,SimuProA-4,EV_104
351.517,40.0,57.86,4480.0,0,3.363,1,46.19,4.176,108.0,115.0,210.0,EV_104,0.0,660,0.0,DR667059_16,57.6,45586.31,DR667059,202.74,0.0,59.6,D,SimuProA-4,EV_104
346.066,60.0,57.86,4640.0,0,3.361,1,46.17,4.178,112.0,150.0,210.0,EV_104,0.0,670,0.0,DR667059_16,57.7,45586.62,DR667059,202.74,0.0,59.7,D,SimuProA-4,EV_104
354.119,35.0,57.86,4360.0,0,3.364,1,46.17,4.175,105.0,100.0,210.0,EV_104,0.0,680,0.0,DR667059_16,57.8,45586.91,DR667059,202.74,0.0,59.8,D,SimuProA-4,EV_104
347.842,50.0,57.86,4615.0,0,3.362,1,46.14,4.176,111.5,135.0,210.0,EV_104,0.0,690,0.0,DR667059_16,57.9,45587.22,DR667059,202.74,0.0,59.9,D,SimuProA-4,EV_104
345.09,75.0,57.86,4800.0,0,3.36,1,46.12,4.178,116.0,165.0,210.0,EV_104,0.0,700,0.0,DR667059_16,58.0,45587.54,DR667059,202.74,0.0,60.0,D,SimuProA-4,EV_104
352.77,35.0,57.86,4470.0,0,3.363,1,46.09,4.175,108.0,110.0,210.0,EV_104,0.0,710,0.0,DR667059_16,58.1,45587.84,DR667059,202.74,0.0,60.1,D,SimuProA-4,EV_104
349.44,40.0,57.86,4570.0,0,3.362,1,46.06,4.176,110.5,125.0,210.0,EV_104,0.0,720,0.0,DR667059_16,58.2,45588.15,DR667059,202.74,0.0,60.2,D,SimuProA-4,EV_104
345.221,65.0,57.86,4760.0,0,3.36,1,46.05,4.178,115.0,155.0,210.0,EV_104,0.0,730,0.0,DR667059_16,58.3,45588.47,DR667059,202.74,0.0,60.3,D,SimuProA-4,EV_104
351.543,30.0,57.86,4430.0,0,3.363,1,46.02,4.175,107.0,105.0,210.0,EV_104,0.0,740,0.0,DR667059_16,58.4,45588.76,DR667059,202.74,0.0,60.4,D,SimuProA-4,EV_104
346.336,45.0,57.86,4660.0,0,3.361,1,46.01,4.177,112.5,145.0,210.0,EV_104,0.0,750,0.0,DR667059_16,58.5,45589.07,DR667059,202.74,0.0,60.5,D,SimuProA-4,EV_104
344.209,70.0,57.86,4850.0,0,3.359,1,45.98,4.179,117.0,160.0,210.0,EV_104,0.0,760,0.0,DR667059_16,58.7,45589.4,DR667059,202.74,0.0,60.7,D,SimuProA-4,EV_104
350.567,30.0,57.86,4350.0,0,3.362,1,45.98,4.176,105.0,115.0,210.0,EV_104,0.0,770,0.0,DR667059_16,58.8,45589.69,DR667059,202.74,0.0,60.8,D,SimuProA-4,EV_104
348.471,35.0,57.86,4475.0,0,3.36,1,45.94,4.177,108.0,125.0,210.0,EV_104,0.0,780,0.0,DR667059_16,58.9,45589.99,DR667059,202.74,0.0,60.9,D,SimuProA-4,EV_104
343.65,80.0,57.86,4880.0,0,3.358,1,45.91,4.18,118.0,175.0,210.0,EV_104,0.0,790,0.0,DR667059_16,59.1,45590.32,DR667059,202.74,0.0,61.1,D,SimuProA-4,EV_104
349.623,25.0,57.86,4225.0,0,3.361,1,45.89,4.176,102.0,110.0,210.0,EV_104,0.0,800,0.0,DR667059_16,59.2,45590.6,DR667059,202.74,0.0,61.2,D,SimuProA-4,EV_104
345.07,45.0,57.86,4650.0,0,3.36,1,45.85,4.178,112.0,155.0,210.0,EV_104,0.0,810,0.0,DR667059_16,59.3,45590.91,DR667059,202.74,0.0,61.3,D,SimuProA-4,EV_104
352.181,20.0,57.86,4050.0,0,3.363,1,45.85,4.175,98.0,105.0,210.0,EV_104,0.0,820,0.0,DR667059_16,59.4,45591.18,DR667059,202.74,0.0,61.4,D,SimuProA-4,EV_104
348.466,35.0,57.86,4390.0,0,3.361,1,45.84,4.177,106.0,130.0,210.0,EV_104,0.0,830,0.0,DR667059_16,59.5,45591.48,DR667059,202.74,0.0,61.5,D,SimuProA-4,EV_104
342.755,75.0,57.86,4760.0,0,3.362,1,45.8,4.179,115.0,185.0,210.0,EV_104,0.0,840,0.0,DR667059_16,59.6,45591.8,DR667059,202.74,0.0,61.6,D,SimuProA-4,EV_104
346.192,30.0,57.86,4350.0,0,3.365,1,45.78,4.176,105.0,125.0,210.0,EV_104,0.0,850,0.0,DR667059_16,59.7,45592.09,DR667059,202.74,0.0,61.7,D,SimuProA-4,EV_104
340.155,90.0,57.86,4890.0,0,3.359,1,45.72,4.181,118.0,195.0,210.0,EV_104,0.0,860,0.0,DR667059_16,59.9,45592.42,DR667059,202.74,0.0,61.9,D,SimuProA-4,EV_104
343.899,40.0,57.86,4550.0,0,3.364,1,45.7,4.178,110.0,140.0,210.0,EV_104,0.0,870,0.0,DR667059_16,60.0,45592.73,DR667059,202.74,0.0,62.0,D,SimuProA-4,EV_104
338.075,65.0,57.86,4800.0,0,3.36,1,45.67,4.18,116.0,165.0,210.0,EV_104,0.0,880,0.0,DR667059_16,60.1,45593.05,DR667059,202.74,0.0,62.1,D,SimuProA-4,EV_104
341.377,25.0,57.86,4470.0,0,3.363,1,45.66,4.177,108.0,110.0,210.0,EV_104,0.0,890,0.0,DR667059_16,60.2,45593.35,DR667059,202.74,0.0,62.2,D,SimuProA-4,EV_104
342.833,20.0,57.86,4220.0,0,3.362,1,45.64,4.179,102.0,120.0,210.0,EV_104,0.0,900,0.0,DR667059_16,60.3,45593.63,DR667059,202.74,0.0,62.3,D,SimuProA-4,EV_104
339.969,55.0,57.86,4640.0,0,3.358,1,45.62,4.182,112.0,155.0,210.0,EV_104,0.0,910,0.0,DR667059_16,60.5,45593.94,DR667059,202.74,0.0,62.5,D,SimuProA-4,EV_104
344.602,15.0,57.86,3930.0,0,3.365,1,45.61,4.177,95.0,95.0,210.0,EV_104,0.0,920,0.0,DR667059_16,60.6,45594.21,DR667059,202.74,0.0,62.6,D,SimuProA-4,EV_104
343.588,18.0,57.86,4050.0,0,3.364,1,45.6,4.178,98.0,105.0,210.0,EV_104,0.0,930,0.0,DR667059_16,60.7,45594.48,DR667059,202.74,0.0,62.7,D,SimuProA-4,EV_104
346.425,15.0,57.86,3800.0,0,3.366,1,45.59,4.179,92.0,85.0,210.0,EV_104,0.0,940,0.0,DR667059_16,60.8,45594.74,DR667059,202.74,0.0,62.8,D,SimuProA-4,EV_104
344.89,22.0,57.86,4140.0,0,3.363,1,45.58,4.18,100.0,115.0,210.0,EV_104,0.0,950,0.0,DR667059_16,60.9,45595.02,DR667059,202.74,0.0,62.9,D,SimuProA-4,EV_104
345.581,16.0,57.86,3980.0,0,3.364,1,45.56,4.179,96.5,102.5,210.0,EV_104,0.0,960,0.0,DR667059_16,61.0,45595.29,DR667059,202.74,0.0,63.0,D,SimuProA-4,EV_104
347.165,15.0,57.86,3840.0,0,3.365,1,45.55,4.18,93.0,88.0,210.0,EV_104,0.0,970,0.0,DR667059_16,61.1,45595.55,DR667059,202.74,0.0,63.1,D,SimuProA-4,EV_104
344.592,35.0,57.86,4210.0,0,3.362,1,45.55,4.181,102.0,125.0,210.0,EV_104,0.0,980,0.0,DR667059_16,61.2,45595.83,DR667059,202.74,0.0,63.2,D,SimuProA-4,EV_104
343.779,45.0,57.86,4330.0,0,3.36,1,45.52,4.182,105.0,135.0,210.0,EV_104,0.0,990,0.0,DR667059_16,61.4,45596.12,DR667059,202.74,0.0,63.4,D,SimuProA-4,EV_104
342.56,75.0,57.86,4620.0,0,3.358,1,45.5,4.183,112.0,160.0,210.0,EV_104,0.0,1000,0.0,DR667059_16,61.6,45596.43,DR667059,202.74,0.0,63.6,D,SimuProA-4,EV_104
340.896,55.0,57.86,4540.0,0,3.359,1,45.5,4.182,110.0,145.0,210.0,EV_104,0.0,1010,0.0,DR667059_16,61.8,45596.74,DR667059,202.74,0.0,63.8,D,SimuProA-4,EV_104
339.641,80.0,57.86,4700.0,0,3.355,1,45.48,4.18,114.0,155.0,210.0,EV_104,0.0,1020,0.0,DR667059_16,62.0,45597.06,DR667059,202.74,0.0,64.0,D,SimuProA-4,EV_104
341.789,40.0,57.86,4460.0,0,3.358,1,45.46,4.18,108.0,110.0,210.0,EV_104,0.0,1030,0.0,DR667059_16,62.2,45597.36,DR667059,202.74,0.0,64.2,D,SimuProA-4,EV_104
343.431,0.0,57.86,4130.0,0,3.362,1,45.46,4.185,100.0,-15.0,210.0,EV_104,0.05,1040,10.0,DR667059_16,62.3,45597.63,DR667059,202.74,0.0,64.3,D,SimuProA-4,EV_104
345.347,35.0,57.86,4210.0,0,3.365,1,45.44,4.186,102.0,95.0,210.0,EV_104,0.0,1050,0.0,DR667059_16,62.5,45597.91,DR667059,202.74,0.0,64.5,D,SimuProA-4,EV_104
346.671,45.0,57.86,4330.0,0,3.368,1,45.41,4.188,105.0,85.0,210.0,EV_104,0.0,1060,0.0,DR667059_16,62.7,45598.2,DR667059,202.74,0.0,64.7,D,SimuProA-4,EV_104
343.88,65.0,57.86,4460.0,0,3.364,1,45.39,4.19,108.0,120.0,210.0,EV_104,0.0,1070,0.0,DR667059_16,63.0,45598.5,DR667059,202.74,0.0,65.0,D,SimuProA-4,EV_104
341.688,75.0,57.86,4620.0,0,3.362,1,45.36,4.192,112.0,135.0,210.0,EV_104,0.0,1080,0.0,DR667059_16,63.2,45598.81,DR667059,202.74,0.0,65.0,D,SimuProA-4,EV_104
344.72,45.0,57.86,4370.0,0,3.366,1,45.33,4.195,106.0,90.0,210.0,EV_104,0.0,1090,0.0,DR667059_16,63.4,45599.11,DR667059,202.74,0.0,65.0,D,SimuProA-4,EV_104
347.438,40.0,57.86,4250.0,0,3.37,1,45.3,4.198,103.0,75.0,210.0,EV_104,0.0,1100,0.0,DR667059_16,63.6,45599.39,DR667059,202.74,0.0,65.0,D,SimuProA-4,EV_104
345.294,42.0,57.86,4310.0,0,3.368,1,45.28,4.196,104.5,82.0,210.0,EV_104,0.0,1110,0.0,DR667059_16,63.8,45599.68,DR667059,202.74,0.0,65.0,D,SimuProA-4,EV_104
348.578,30.0,57.86,4050.0,0,3.372,1,45.27,4.2,98.0,65.0,210.0,EV_104,0.0,1120,0.0,DR667059_16,63.9,45599.95,DR667059,202.74,0.0,65.0,D,SimuProA-4,EV_104
350.741,0.0,57.86,3720.0,0,3.375,1,45.25,4.205,90.0,-15.0,210.0,EV_104,0.04,1130,12.0,DR667059_16,64.0,45600.2,DR667059,202.74,0.0,65.0,D,SimuProA-4,EV_104
343.312,45.0,57.86,3920.0,0,3.37,1,45.23,4.198,95.0,85.0,210.0,EV_104,0.0,1140,0.0,DR667059_16,64.2,45600.46,DR667059,202.74,0.0,65.0,D,SimuProA-4,EV_104
341.358,65.0,57.86,4120.0,0,3.365,1,45.18,4.195,100.0,110.0,210.0,EV_104,0.0,1150,0.0,DR667059_16,64.3,45600.74,DR667059,202.74,0.0,65.0,D,SimuProA-4,EV_104
346.186,35.0,57.86,4040.0,0,3.368,1,45.17,4.197,98.0,70.0,210.0,EV_104,0.0,1160,0.0,DR667059_16,64.4,45601.01,DR667059,202.74,0.0,65.0,D,SimuProA-4,EV_104
352.675,25.0,57.86,4080.0,0,3.367,1,45.16,4.196,99.0,45.0,210.0,EV_104,0.0,1170,0.0,DR667059_16,64.4,45601.29,DR667059,202.74,0.0,64.5,D,SimuProA-4,EV_104
349.746,20.0,57.86,4000.0,0,3.369,1,45.14,4.198,97.0,55.0,210.0,EV_104,0.0,1180,0.0,DR667059_16,64.5,45601.55,DR667059,202.74,0.0,64.6,D,SimuProA-4,EV_104
347.086,40.0,57.86,4200.0,0,3.366,1,45.14,4.2,102.0,75.0,210.0,EV_104,0.0,1190,0.0,DR667059_16,64.6,45601.84,DR667059,202.74,0.0,64.8,D,SimuProA-4,EV_104
355.487,30.0,57.86,4160.0,0,3.367,1,45.11,4.198,101.0,50.0,210.0,EV_104,0.0,1200,0.0,DR667059_16,64.7,45602.12,DR667059,202.74,0.0,64.9,D,SimuProA-4,EV_104
358.421,20.0,57.86,3910.0,0,3.368,1,45.11,4.199,95.0,40.0,210.0,EV_104,0.0,1210,0.0,DR667059_16,64.8,45602.38,DR667059,202.74,0.0,65.0,D,SimuProA-4,EV_104
361.92,18.0,57.86,3780.0,0,3.369,1,45.11,4.2,92.0,35.0,210.0,EV_104,0.0,1220,0.0,DR667059_16,64.9,45602.64,DR667059,202.74,0.0,65.0,D,SimuProA-4,EV_104
363.421,19.0,57.86,3870.0,0,3.37,1,45.09,4.2,94.0,38.0,210.0,EV_104,0.0,1230,0.0,DR667059_16,65.0,45602.9,DR667059,202.74,0.0,65.0,D,SimuProA-4,EV_104
361.154,22.0,57.86,3970.0,0,3.369,1,45.07,4.199,96.5,45.0,210.0,EV_104,0.0,1240,0.0,DR667059_16,65.0,45603.17,DR667059,202.74,0.0,65.0,D,SimuProA-4,EV_104
358.842,28.0,57.86,4080.0,0,3.368,1,45.07,4.198,99.0,52.0,210.0,EV_104,0.0,1250,0.0,DR667059_16,65.0,45603.44,DR667059,202.74,0.0,65.0,D,SimuProA-4,EV_104
362.699,21.0,57.86,3820.0,0,3.368,1,45.03,4.198,93.0,42.0,210.0,EV_104,0.0,1260,0.0,DR667059_16,65.0,45603.7,DR667059,202.74,0.0,65.0,D,SimuProA-4,EV_104
359.869,29.0,57.86,4030.0,0,3.367,1,45.02,4.197,98.0,55.0,210.0,EV_104,0.0,1270,0.0,DR667059_16,65.0,45603.97,DR667059,202.74,0.0,65.0,D,SimuProA-4,EV_104
363.659,19.0,57.86,3740.0,0,3.369,1,45.01,4.199,91.0,38.0,210.0,EV_104,0.0,0,0.0,DR667059_17,65.0,45604.22,DR667059,202.74,0.0,65.0,D,SimuProA-4,EV_104
360.053,20.0,57.86,3800.0,0,3.368,1,44.98,4.199,92.5,48.5,210.0,EV_104,0.0,10,0.0,DR667059_17,65.0,45604.48,DR667059,202.74,0.0,65.0,D,SimuProA-4,EV_104
358.425,26.0,57.86,3950.0,0,3.367,1,44.97,4.2,96.0,58.2,210.0,EV_104,0.0,20,0.0,DR667059_17,65.0,45604.74,DR667059,202.74,0.0,65.0,D,SimuProA-4,EV_104
361.199,18.0,57.86,3700.0,0,3.368,1,44.94,4.199,90.0,44.0,210.0,EV_104,0.0,30,0.0,DR667059_17,65.0,45604.99,DR667059,202.74,0.0,65.0,D,SimuProA-4,EV_104
357.39,28.0,57.86,3900.0,0,3.366,1,44.93,4.198,95.0,62.5,210.0,EV_104,0.0,40,0.0,DR667059_17,65.0,45605.25,DR667059,202.74,0.0,65.0,D,SimuProA-4,EV_104
355.94,38.0,57.86,4180.0,0,3.365,1,44.89,4.199,102.0,75.0,210.0,EV_104,0.0,50,0.0,DR667059_17,65.0,45605.54,DR667059,202.74,0.0,65.0,D,SimuProA-4,EV_104
358.939,18.0,57.86,3740.0,0,3.367,1,44.89,4.198,91.0,42.0,210.0,EV_104,0.0,60,0.0,DR667059_17,65.0,45605.79,DR667059,202.74,0.0,65.0,D,SimuProA-4,EV_104
358.804,22.0,57.86,3790.0,0,3.366,1,44.87,4.198,92.5,48.5,210.0,EV_104,0.0,70,0.0,DR667059_17,65.0,45606.05,DR667059,202.74,0.0,65.0,D,SimuProA-4,EV_104
357.007,32.0,57.86,4020.0,0,3.364,1,44.85,4.197,98.0,68.0,210.0,EV_104,0.0,80,0.0,DR667059_17,65.0,45606.32,DR667059,202.74,0.0,65.0,D,SimuProA-4,EV_104
357.198,24.0,57.86,3850.0,0,3.365,1,44.85,4.198,94.0,52.0,210.0,EV_104,0.0,90,0.0,DR667059_17,65.0,45606.58,DR667059,202.74,0.0,65.0,D,SimuProA-4,EV_104
353.865,45.0,57.86,4310.0,0,3.363,1,44.83,4.197,105.0,85.5,210.0,EV_104,0.0,100,0.0,DR667059_17,65.0,45606.87,DR667059,202.74,0.0,65.0,D,SimuProA-4,EV_104
353.247,65.0,57.86,4600.0,0,3.361,1,44.82,4.196,112.0,110.2,210.0,EV_104,0.0,110,0.0,DR667059_17,65.0,45607.18,DR667059,202.74,0.0,65.0,D,SimuProA-4,EV_104
355.368,20.0,57.86,3900.0,0,3.364,1,44.81,4.197,95.0,45.0,210.0,EV_104,0.0,120,0.0,DR667059_17,65.0,45607.45,DR667059,202.74,0.0,65.0,D,SimuProA-4,EV_104
351.87,42.0,57.86,4450.0,0,3.362,1,44.8,4.196,108.0,95.0,210.0,EV_104,0.0,130,0.0,DR667059_17,65.0,45607.75,DR667059,202.74,0.0,65.0,D,SimuProA-4,EV_104
354.893,22.0,57.86,3950.0,0,3.363,1,44.8,4.197,96.0,55.0,210.0,EV_104,0.0,140,0.0,DR667059_17,65.0,45608.02,DR667059,202.74,0.0,65.0,D,SimuProA-4,EV_104
356.454,18.0,57.86,3600.0,0,3.364,1,44.8,4.198,88.0,38.0,210.0,EV_104,0.0,150,0.0,DR667059_17,65.0,45608.26,DR667059,202.74,0.0,65.0,D,SimuProA-4,EV_104
353.28,25.0,57.86,3780.0,0,3.363,1,44.79,4.197,92.0,72.5,210.0,EV_104,0.0,160,0.0,DR667059_17,45.2,45608.52,DR667059,202.74,0.0,45.8,D,SimuProA-4,EV_104
351.315,55.0,57.86,4310.0,0,3.362,1,44.78,4.198,105.0,125.3,210.0,EV_104,0.0,170,0.0,DR667059_17,45.4,45608.81,DR667059,202.74,0.0,46.1,D,SimuProA-4,EV_104
355.98,20.0,57.86,3700.0,0,3.364,1,44.77,4.197,90.0,42.1,210.0,EV_104,0.0,180,0.0,DR667059_17,45.6,45609.06,DR667059,202.74,0.0,46.3,D,SimuProA-4,EV_104
350.172,45.0,57.86,4180.0,0,3.361,1,44.76,4.196,102.0,110.5,210.0,EV_104,0.0,190,0.0,DR667059_17,45.8,45609.34,DR667059,202.74,0.0,46.5,D,SimuProA-4,EV_104
348.363,78.0,57.86,4720.0,0,3.36,1,44.75,4.195,115.0,145.2,210.0,EV_104,0.0,200,0.0,DR667059_17,46.1,45609.66,DR667059,202.74,0.0,46.8,D,SimuProA-4,EV_104
352.644,0.0,57.86,4020.0,0,3.362,1,44.75,4.197,98.0,-25.4,210.0,EV_104,0.05,210,15.0,DR667059_17,46.0,45609.93,DR667059,202.74,0.0,46.7,D,SimuProA-4,EV_104
354.522,40.0,57.86,4430.0,0,3.363,1,44.73,4.198,108.0,85.5,210.0,EV_104,0.0,220,0.0,DR667059_17,46.2,45610.23,DR667059,202.74,0.0,46.9,D,SimuProA-4,EV_104
358.927,22.0,57.86,3770.0,0,3.364,1,44.73,4.199,92.0,45.2,210.0,EV_104,0.0,230,0.0,DR667059_17,46.3,45610.49,DR667059,202.74,0.0,47.0,D,SimuProA-4,EV_104
353.032,65.0,57.86,4590.0,0,3.361,1,44.72,4.2,112.0,115.8,210.0,EV_104,0.0,240,0.0,DR667059_17,46.4,45610.8,DR667059,202.74,0.0,47.2,D,SimuProA-4,EV_104
349.087,82.0,57.86,4840.0,0,3.36,1,44.71,4.2,118.0,152.3,210.0,EV_104,0.0,250,0.0,DR667059_17,46.5,45611.13,DR667059,202.74,0.0,47.3,D,SimuProA-4,EV_104
350.922,55.0,57.86,4510.0,0,3.361,1,44.7,4.199,110.0,125.6,210.0,EV_104,0.0,260,0.0,DR667059_17,46.6,45611.43,DR667059,202.74,0.0,47.4,D,SimuProA-4,EV_104
354.079,30.0,57.86,3890.0,0,3.362,1,44.67,4.198,95.0,78.4,210.0,EV_104,0.0,270,0.0,DR667059_17,46.7,45611.7,DR667059,202.74,0.0,47.5,D,SimuProA-4,EV_104
356.74,25.0,57.86,3610.0,0,3.363,1,44.65,4.197,88.0,68.5,210.0,EV_104,0.0,280,0.0,DR667059_17,46.8,45611.94,DR667059,202.74,0.0,47.6,D,SimuProA-4,EV_104
354.983,20.0,57.86,3360.0,0,3.364,1,44.64,4.196,82.0,55.2,210.0,EV_104,0.0,290,0.0,DR667059_17,46.9,45612.17,DR667059,202.74,0.0,47.7,D,SimuProA-4,EV_104
357.495,28.0,57.86,3690.0,0,3.362,1,44.62,4.198,90.0,72.1,210.0,EV_104,0.0,300,0.0,DR667059_17,47.0,45612.42,DR667059,202.74,0.0,47.8,D,SimuProA-4,EV_104
355.395,26.0,57.86,3670.0,0,3.363,1,44.61,4.197,89.5,62.5,210.0,EV_104,0.0,310,0.0,DR667059_17,47.0,45612.67,DR667059,202.74,0.0,47.8,D,SimuProA-4,EV_104
354.13,27.0,57.86,3700.0,0,3.364,1,44.6,4.196,90.2,58.1,210.0,EV_104,0.0,320,0.0,DR667059_17,47.1,45612.92,DR667059,202.74,0.0,47.9,D,SimuProA-4,EV_104
354.458,25.0,57.86,3630.0,0,3.363,1,44.58,4.197,88.5,60.3,210.0,EV_104,0.0,330,0.0,DR667059_17,47.2,45613.17,DR667059,202.74,0.0,48.0,D,SimuProA-4,EV_104
353.682,26.0,57.86,3650.0,0,3.364,1,44.57,4.196,89.0,64.5,210.0,EV_104,0.0,340,0.0,DR667059_17,47.3,45613.42,DR667059,202.74,0.0,48.1,D,SimuProA-4,EV_104
351.984,65.0,57.86,4040.0,0,3.361,1,44.54,4.198,98.5,85.2,210.0,EV_104,0.0,350,0.0,DR667059_17,47.4,45613.69,DR667059,202.74,0.0,48.3,D,SimuProA-4,EV_104
350.97,80.0,57.86,4590.0,0,3.359,1,44.51,4.2,112.0,105.8,210.0,EV_104,0.0,360,0.0,DR667059_17,47.6,45614.0,DR667059,202.74,0.0,48.6,D,SimuProA-4,EV_104
355.948,45.0,57.86,4200.0,0,3.362,1,44.49,4.198,102.5,75.4,210.0,EV_104,0.0,370,0.0,DR667059_17,47.8,45614.28,DR667059,202.74,0.0,48.8,D,SimuProA-4,EV_104
356.222,55.0,57.86,4420.0,0,3.363,1,44.48,4.199,108.0,82.1,210.0,EV_104,0.0,380,0.0,DR667059_17,48.0,45614.58,DR667059,202.74,0.0,49.0,D,SimuProA-4,EV_104
357.587,30.0,57.86,4100.0,0,3.364,1,44.47,4.2,100.0,68.3,210.0,EV_104,0.0,390,0.0,DR667059_17,48.2,45614.86,DR667059,202.74,0.0,49.2,D,SimuProA-4,EV_104
355.901,50.0,57.86,4225.0,0,3.365,1,44.46,4.198,103.2,95.4,210.0,EV_104,0.0,400,0.0,DR667059_17,48.4,45615.15,DR667059,202.74,0.0,49.4,D,SimuProA-4,EV_104
354.642,60.0,57.86,4445.0,0,3.362,1,44.44,4.199,108.5,110.2,210.0,EV_104,0.0,410,0.0,DR667059_17,48.6,45615.45,DR667059,202.74,0.0,49.6,D,SimuProA-4,EV_104
357.715,25.0,57.86,4050.0,0,3.366,1,44.42,4.197,98.8,72.1,210.0,EV_104,0.0,420,0.0,DR667059_17,48.8,45615.72,DR667059,202.74,0.0,49.8,D,SimuProA-4,EV_104
355.465,52.0,57.86,4300.0,0,3.363,1,44.4,4.199,105.2,102.5,210.0,EV_104,0.0,430,0.0,DR667059_17,48.9,45616.01,DR667059,202.74,0.0,49.9,D,SimuProA-4,EV_104
358.19,28.0,57.86,3980.0,0,3.365,1,44.39,4.2,97.5,65.8,210.0,EV_104,0.0,440,0.0,DR667059_17,49.0,45616.28,DR667059,202.74,0.0,50.0,D,SimuProA-4,EV_104
354.109,65.0,57.86,4620.0,0,3.361,1,44.39,4.198,112.8,115.3,210.0,EV_104,0.0,450,0.0,DR667059_17,49.1,45616.6,DR667059,202.74,0.0,50.1,D,SimuProA-4,EV_104
356.448,35.0,57.86,4200.0,0,3.364,1,44.35,4.198,102.5,82.5,210.0,EV_104,0.0,460,0.0,DR667059_17,49.2,45616.88,DR667059,202.74,0.0,50.2,D,SimuProA-4,EV_104
353.74,68.0,57.86,4680.0,0,3.36,1,44.33,4.197,114.2,118.4,210.0,EV_104,0.0,470,0.0,DR667059_17,49.4,45617.2,DR667059,202.74,0.0,50.4,D,SimuProA-4,EV_104
357.207,22.0,57.86,3960.0,0,3.365,1,44.31,4.199,96.8,78.2,210.0,EV_104,0.0,480,0.0,DR667059_17,49.5,45617.47,DR667059,202.74,0.0,50.5,D,SimuProA-4,EV_104
355.624,42.0,57.86,4310.0,0,3.363,1,44.28,4.198,105.3,95.2,210.0,EV_104,0.0,490,0.0,DR667059_17,49.6,45617.76,DR667059,202.74,0.0,50.6,D,SimuProA-4,EV_104
359.028,24.0,57.86,4020.0,0,3.365,1,44.28,4.2,98.1,55.4,210.0,EV_104,0.0,500,0.0,DR667059_17,49.7,45618.04,DR667059,202.74,0.0,50.7,D,SimuProA-4,EV_104
353.757,72.0,57.86,4770.0,0,3.359,1,44.24,4.196,116.5,125.6,210.0,EV_104,0.0,510,0.0,DR667059_17,49.8,45618.36,DR667059,202.74,0.0,50.9,D,SimuProA-4,EV_104
351.409,75.0,57.86,4850.0,0,3.358,1,44.19,4.195,118.4,142.5,210.0,EV_104,0.0,520,0.0,DR667059_17,49.9,45618.69,DR667059,202.74,0.0,51.1,D,SimuProA-4,EV_104
356.885,28.0,57.86,4200.0,0,3.362,1,44.14,4.198,102.5,85.3,210.0,EV_104,0.0,530,0.0,DR667059_17,50.0,45618.97,DR667059,202.74,0.0,51.2,D,SimuProA-4,EV_104
352.301,70.0,57.86,4720.0,0,3.357,1,44.1,4.194,115.2,135.8,210.0,EV_104,0.0,540,0.0,DR667059_17,50.1,45619.29,DR667059,202.74,0.0,51.4,D,SimuProA-4,EV_104
354.589,45.0,57.86,4460.0,0,3.36,1,44.05,4.197,108.7,105.3,210.0,EV_104,0.0,550,0.0,DR667059_17,50.2,45619.59,DR667059,202.74,0.0,51.5,D,SimuProA-4,EV_104
348.888,82.0,57.86,4910.0,0,3.355,1,43.99,4.193,119.8,148.7,210.0,EV_104,0.0,560,0.0,DR667059_17,50.3,45619.92,DR667059,202.74,0.0,51.7,D,SimuProA-4,EV_104
351.935,26.0,57.86,4160.0,0,3.363,1,43.97,4.196,101.4,92.1,210.0,EV_104,0.0,570,0.0,DR667059_17,50.4,45620.21,DR667059,202.74,0.0,51.8,D,SimuProA-4,EV_104
353.713,22.0,57.86,4110.0,0,3.361,1,43.93,4.196,100.2,78.5,210.0,EV_104,0.0,580,0.0,DR667059_17,50.5,45620.49,DR667059,202.74,0.0,51.9,D,SimuProA-4,EV_104
356.169,18.0,57.86,3810.0,0,3.362,1,43.92,4.197,92.8,55.2,210.0,EV_104,0.0,590,0.0,DR667059_17,50.6,45620.75,DR667059,202.74,0.0,52.0,D,SimuProA-4,EV_104
358.287,15.0,57.86,3510.0,0,3.363,1,43.88,4.198,85.5,42.1,210.0,EV_104,0.0,600,0.0,DR667059_17,50.7,45620.98,DR667059,202.74,0.0,52.1,D,SimuProA-4,EV_104
357.051,16.0,57.86,3580.0,0,3.362,1,43.87,4.198,87.2,48.3,210.0,EV_104,0.0,610,0.0,DR667059_17,50.75,45621.22,DR667059,202.74,0.0,52.15,D,SimuProA-4,EV_104
359.084,14.0,57.86,3410.0,0,3.363,1,43.84,4.199,83.1,38.7,210.0,EV_104,0.0,620,0.0,DR667059_17,50.8,45621.45,DR667059,202.74,0.0,52.2,D,SimuProA-4,EV_104
360.963,13.0,57.86,3345.0,0,3.364,1,43.84,4.199,81.5,35.2,210.0,EV_104,0.0,630,0.0,DR667059_17,50.85,45621.68,DR667059,202.74,0.0,52.25,D,SimuProA-4,EV_104
361.065,13.5,57.86,3365.0,0,3.364,1,43.81,4.2,82.0,36.5,210.0,EV_104,0.0,640,0.0,DR667059_17,50.9,45621.91,DR667059,202.74,0.0,52.3,D,SimuProA-4,EV_104
360.734,15.0,57.86,3465.0,0,3.363,1,43.81,4.199,84.5,40.2,210.0,EV_104,0.0,650,0.0,DR667059_17,50.95,45622.14,DR667059,202.74,0.0,52.35,D,SimuProA-4,EV_104
359.131,17.5,57.86,3610.0,0,3.362,1,43.8,4.198,88.0,48.9,210.0,EV_104,0.0,660,0.0,DR667059_17,51.0,45622.39,DR667059,202.74,0.0,52.4,D,SimuProA-4,EV_104
358.357,22.0,57.86,3710.0,0,3.361,1,43.77,4.198,90.5,55.2,210.0,EV_104,0.0,670,0.0,DR667059_17,51.05,45622.64,DR667059,202.74,0.0,52.45,D,SimuProA-4,EV_104
359.777,16.0,57.86,3530.0,0,3.363,1,43.77,4.199,86.0,45.8,210.0,EV_104,0.0,680,0.0,DR667059_17,51.1,45622.88,DR667059,202.74,0.0,52.5,D,SimuProA-4,EV_104
357.854,28.0,57.86,3900.0,0,3.36,1,43.77,4.197,95.0,62.5,210.0,EV_104,0.0,690,0.0,DR667059_17,51.15,45623.14,DR667059,202.74,0.0,52.55,D,SimuProA-4,EV_104
356.723,32.0,57.86,4025.0,0,3.359,1,43.74,4.196,98.2,72.4,210.0,EV_104,0.0,700,0.0,DR667059_17,51.2,45623.41,DR667059,202.74,0.0,52.6,D,SimuProA-4,EV_104
355.26,38.5,57.86,4200.0,0,3.357,1,43.74,4.195,102.5,85.1,210.0,EV_104,0.0,710,0.0,DR667059_17,51.25,45623.7,DR667059,202.74,0.0,52.65,D,SimuProA-4,EV_104
355.706,24.0,57.86,3940.0,0,3.358,1,43.73,4.196,96.0,68.3,210.0,EV_104,0.0,720,0.0,DR667059_17,51.3,45623.96,DR667059,202.74,0.0,52.7,D,SimuProA-4,EV_104
354.644,45.0,57.86,4340.0,0,3.356,1,43.72,4.194,105.8,92.5,210.0,EV_104,0.0,730,0.0,DR667059_17,51.4,45624.25,DR667059,202.74,0.0,52.8,D,SimuProA-4,EV_104
356.395,22.0,57.86,4080.0,0,3.357,1,43.71,4.195,99.5,75.2,210.0,EV_104,0.0,740,0.0,DR667059_17,51.5,45624.53,DR667059,202.74,0.0,52.9,D,SimuProA-4,EV_104
357.39,0.0,57.86,3770.0,0,3.358,1,43.71,4.196,92.0,-18.5,210.0,EV_104,0.04,750,12.0,DR667059_17,51.6,45624.79,DR667059,202.74,0.0,53.0,D,SimuProA-4,EV_104
356.366,28.0,57.86,4000.0,0,3.357,1,43.69,4.195,97.5,78.4,210.0,EV_104,0.0,760,0.0,DR667059_17,51.7,45625.06,DR667059,202.74,0.0,53.1,D,SimuProA-4,EV_104
353.621,62.0,57.86,4440.0,0,3.356,1,43.68,4.194,108.2,115.3,210.0,EV_104,0.0,770,0.0,DR667059_17,51.9,45625.36,DR667059,202.74,0.0,53.3,D,SimuProA-4,EV_104
357.672,18.0,57.86,3850.0,0,3.358,1,43.66,4.196,94.0,65.8,210.0,EV_104,0.0,780,0.0,DR667059_17,52.1,45625.62,DR667059,202.74,0.0,53.5,D,SimuProA-4,EV_104
354.133,25.0,57.86,4040.0,0,3.357,1,43.64,4.195,98.5,95.5,210.0,EV_104,0.0,790,0.0,DR667059_17,52.3,45625.89,DR667059,202.74,0.0,53.7,D,SimuProA-4,EV_104
353.135,65.0,57.86,4430.0,0,3.355,1,43.63,4.194,108.0,125.4,210.0,EV_104,0.0,800,0.0,DR667059_17,52.6,45626.19,DR667059,202.74,0.0,54.0,D,SimuProA-4,EV_104
356.012,15.0,57.86,3770.0,0,3.358,1,43.62,4.196,92.0,55.2,210.0,EV_104,0.0,810,0.0,DR667059_17,52.8,45626.45,DR667059,202.74,0.0,54.2,D,SimuProA-4,EV_104
354.602,22.0,57.86,3910.0,0,3.356,1,43.6,4.195,95.5,82.4,210.0,EV_104,0.0,820,0.0,DR667059_17,53.0,45626.72,DR667059,202.74,0.0,54.4,D,SimuProA-4,EV_104
350.973,55.0,57.86,4330.0,0,3.354,1,43.58,4.194,105.8,135.6,210.0,EV_104,0.0,830,0.0,DR667059_17,53.3,45627.01,DR667059,202.74,0.0,54.7,D,SimuProA-4,EV_104
355.497,16.0,57.86,3820.0,0,3.357,1,43.57,4.196,93.2,58.9,210.0,EV_104,0.0,840,0.0,DR667059_17,53.5,45627.27,DR667059,202.74,0.0,54.9,D,SimuProA-4,EV_104
351.792,28.0,57.86,4030.0,0,3.355,1,43.56,4.195,98.2,98.5,210.0,EV_104,0.0,850,0.0,DR667059_17,53.7,45627.54,DR667059,202.74,0.0,55.1,D,SimuProA-4,EV_104
358.208,12.0,57.86,3630.0,0,3.359,1,43.53,4.197,88.5,45.2,210.0,EV_104,0.0,860,0.0,DR667059_17,53.9,45627.79,DR667059,202.74,0.0,55.3,D,SimuProA-4,EV_104
351.538,68.0,57.86,4610.0,0,3.353,1,43.51,4.194,112.4,142.8,210.0,EV_104,0.0,870,0.0,DR667059_17,54.2,45628.1,DR667059,202.74,0.0,55.6,D,SimuProA-4,EV_104
356.864,22.0,57.86,3920.0,0,3.356,1,43.49,4.196,95.6,65.4,210.0,EV_104,0.0,880,0.0,DR667059_17,54.4,45628.37,DR667059,202.74,0.0,55.8,D,SimuProA-4,EV_104
352.56,45.0,57.86,4200.0,0,3.352,1,43.46,4.195,102.4,110.3,210.0,EV_104,0.0,890,0.0,DR667059_17,54.7,45628.65,DR667059,202.74,0.0,56.1,D,SimuProA-4,EV_104
358.69,18.0,57.86,3740.0,0,3.358,1,43.46,4.198,91.2,52.1,210.0,EV_104,0.0,900,0.0,DR667059_17,54.9,45628.9,DR667059,202.74,0.0,56.3,D,SimuProA-4,EV_104
354.947,20.0,57.86,3850.0,0,3.355,1,43.44,4.196,93.8,72.5,210.0,EV_104,0.0,910,0.0,DR667059_17,55.1,45629.16,DR667059,202.74,0.0,56.5,D,SimuProA-4,EV_104
350.245,55.0,57.86,4320.0,0,3.35,1,43.42,4.193,105.2,125.6,210.0,EV_104,0.0,920,0.0,DR667059_17,55.4,45629.45,DR667059,202.74,0.0,56.8,D,SimuProA-4,EV_104
357.211,19.0,57.86,4010.0,0,3.357,1,43.42,4.197,97.5,58.9,210.0,EV_104,0.0,930,0.0,DR667059_17,55.6,45629.72,DR667059,202.74,0.0,57.0,D,SimuProA-4,EV_104
354.25,22.0,57.86,4045.0,0,3.351,1,43.41,4.194,98.5,95.4,210.0,EV_104,0.0,940,0.0,DR667059_17,55.8,45629.99,DR667059,202.74,0.0,57.2,D,SimuProA-4,EV_104
359.422,16.0,57.86,3780.0,0,3.36,1,43.4,4.199,92.1,48.2,210.0,EV_104,0.0,950,0.0,DR667059_17,56.0,45630.25,DR667059,202.74,0.0,57.4,D,SimuProA-4,EV_104
351.501,52.0,57.86,4300.0,0,3.348,1,43.39,4.192,104.8,118.5,210.0,EV_104,0.0,960,0.0,DR667059_17,56.3,45630.54,DR667059,202.74,0.0,57.7,D,SimuProA-4,EV_104
358.054,18.0,57.86,3980.0,0,3.355,1,43.39,4.196,96.5,45.3,210.0,EV_104,0.0,970,0.0,DR667059_17,56.4,45630.81,DR667059,202.74,0.0,57.8,D,SimuProA-4,EV_104
351.977,62.0,57.86,4450.0,0,3.345,1,43.39,4.191,108.4,110.2,210.0,EV_104,0.0,980,0.0,DR667059_17,56.7,45631.11,DR667059,202.74,0.0,58.1,D,SimuProA-4,EV_104
349.869,85.0,57.86,4720.0,0,3.338,1,43.37,4.188,115.2,142.5,210.0,EV_104,0.0,990,0.0,DR667059_17,57.1,45631.43,DR667059,202.74,0.0,58.5,D,SimuProA-4,EV_104
356.023,22.0,57.86,3940.0,0,3.352,1,43.36,4.195,95.8,65.4,210.0,EV_104,0.0,1000,0.0,DR667059_17,57.2,45631.7,DR667059,202.74,0.0,58.6,D,SimuProA-4,EV_104
349.671,75.0,57.86,4620.0,0,3.341,1,43.33,4.189,112.5,125.8,210.0,EV_104,0.0,1010,0.0,DR667059_17,57.4,45632.01,DR667059,202.74,0.0,58.8,D,SimuProA-4,EV_104
358.358,14.0,57.86,3630.0,0,3.358,1,43.32,4.197,88.2,52.1,210.0,EV_104,0.0,1020,0.0,DR667059_17,57.6,45632.25,DR667059,202.74,0.0,59.0,D,SimuProA-4,EV_104
352.269,45.0,57.86,4050.0,0,3.348,1,43.29,4.192,98.5,95.3,210.0,EV_104,0.0,1030,0.0,DR667059_17,57.7,45632.52,DR667059,202.74,0.0,59.1,D,SimuProA-4,EV_104
347.71,72.0,57.86,4580.0,0,3.335,1,43.28,4.185,111.2,135.6,210.0,EV_104,0.0,1040,0.0,DR667059_17,57.9,45632.83,DR667059,202.74,0.0,59.3,D,SimuProA-4,EV_104
355.108,25.0,57.86,3810.0,0,3.35,1,43.26,4.194,92.6,68.9,210.0,EV_104,0.0,1050,0.0,DR667059_17,58.0,45633.09,DR667059,202.74,0.0,59.4,D,SimuProA-4,EV_104
348.319,68.0,57.86,4460.0,0,3.342,1,43.25,4.187,108.3,128.4,210.0,EV_104,0.0,1060,0.0,DR667059_17,58.1,45633.39,DR667059,202.74,0.0,59.5,D,SimuProA-4,EV_104
357.387,12.0,57.86,3530.0,0,3.355,1,43.22,4.195,85.7,58.2,210.0,EV_104,0.0,1070,0.0,DR667059_17,58.2,45633.63,DR667059,202.74,0.0,59.6,D,SimuProA-4,EV_104
351.101,42.0,57.86,3960.0,0,3.345,1,43.22,4.19,96.1,92.7,210.0,EV_104,0.0,1080,0.0,DR667059_17,58.3,45633.9,DR667059,202.74,0.0,59.7,D,SimuProA-4,EV_104
349.901,38.0,57.86,4060.0,0,3.348,1,43.21,4.19,98.5,85.3,210.0,EV_104,0.0,1090,0.0,DR667059_17,58.35,45634.17,DR667059,202.74,0.0,59.75,D,SimuProA-4,EV_104
352.195,45.0,57.86,4210.0,0,3.35,1,43.18,4.192,102.3,72.1,210.0,EV_104,0.0,1100,0.0,DR667059_17,58.4,45634.46,DR667059,202.74,0.0,59.8,D,SimuProA-4,EV_104
346.345,75.0,57.86,4730.0,0,3.34,1,43.18,4.194,114.8,118.6,210.0,EV_104,0.0,1110,0.0,DR667059_17,58.5,45634.78,DR667059,202.74,0.0,59.9,D,SimuProA-4,EV_104
343.838,82.0,57.86,4870.0,0,3.335,1,43.15,4.196,118.2,125.4,210.0,EV_104,0.0,1120,0.0,DR667059_17,58.65,45635.11,DR667059,202.74,0.0,60.05,D,SimuProA-4,EV_104
348.935,48.0,57.86,4470.0,0,3.342,1,43.11,4.194,108.5,95.8,210.0,EV_104,0.0,1130,0.0,DR667059_17,58.72,45635.41,DR667059,202.74,0.0,60.12,D,SimuProA-4,EV_104
345.505,62.0,57.86,4630.0,0,3.338,1,43.11,4.195,112.4,108.2,210.0,EV_104,0.0,1140,0.0,DR667059_17,58.85,45635.72,DR667059,202.74,0.0,60.28,D,SimuProA-4,EV_104
348.935,42.0,57.86,4340.0,0,3.341,1,43.06,4.193,105.2,78.5,210.0,EV_104,0.0,1150,0.0,DR667059_17,58.92,45636.01,DR667059,202.74,0.0,60.35,D,SimuProA-4,EV_104
344.966,58.0,57.86,4600.0,0,3.336,1,43.02,4.196,111.5,112.3,210.0,EV_104,0.0,1160,0.0,DR667059_17,59.05,45636.32,DR667059,202.74,0.0,60.48,D,SimuProA-4,EV_104
347.102,46.0,57.86,4490.0,0,3.34,1,43.01,4.194,108.8,85.6,210.0,EV_104,0.0,1170,0.0,DR667059_17,59.15,45636.62,DR667059,202.74,0.0,60.55,D,SimuProA-4,EV_104
345.063,52.0,57.86,4560.0,0,3.339,1,42.95,4.195,110.5,98.5,210.0,EV_104,0.0,1180,0.0,DR667059_17,59.22,45636.93,DR667059,202.74,0.0,60.62,D,SimuProA-4,EV_104
350.085,40.0,57.86,4380.0,0,3.342,1,42.89,4.196,106.2,72.1,210.0,EV_104,0.0,1190,0.0,DR667059_17,59.29,45637.22,DR667059,202.74,0.0,60.68,D,SimuProA-4,EV_104
343.215,58.0,57.86,4700.0,0,3.337,1,42.82,4.197,113.8,105.4,210.0,EV_104,0.0,1200,0.0,DR667059_17,59.36,45637.54,DR667059,202.74,0.0,60.75,D,SimuProA-4,EV_104
348.653,42.0,57.86,4350.0,0,3.341,1,42.77,4.195,105.4,78.5,210.0,EV_104,0.0,1210,0.0,DR667059_17,59.43,45637.83,DR667059,202.74,0.0,60.82,D,SimuProA-4,EV_104
341.711,62.0,57.86,4660.0,0,3.335,1,42.71,4.198,112.8,118.6,210.0,EV_104,0.0,1220,0.0,DR667059_17,59.51,45638.15,DR667059,202.74,0.0,60.91,D,SimuProA-4,EV_104
346.466,48.0,57.86,4420.0,0,3.34,1,42.67,4.196,107.2,88.2,210.0,EV_104,0.0,1230,0.0,DR667059_17,59.58,45638.44,DR667059,202.74,0.0,60.98,D,SimuProA-4,EV_104
341.878,68.0,57.86,4780.0,0,3.336,1,42.59,4.197,115.5,125.4,210.0,EV_104,0.0,1240,0.0,DR667059_17,59.65,45638.76,DR667059,202.74,0.0,61.06,D,SimuProA-4,EV_104
347.504,45.0,57.86,4480.0,0,3.341,1,42.54,4.196,108.2,82.3,210.0,EV_104,0.0,1250,0.0,DR667059_17,59.72,45639.06,DR667059,202.74,0.0,61.14,D,SimuProA-4,EV_104
341.726,60.0,57.86,4630.0,0,3.335,1,42.49,4.198,111.8,112.7,210.0,EV_104,0.0,1260,0.0,DR667059_17,59.8,45639.37,DR667059,202.74,0.0,61.23,D,SimuProA-4,EV_104
345.626,52.0,57.86,4580.0,0,3.338,1,42.42,4.197,110.5,95.4,210.0,EV_104,0.0,1270,0.0,DR667059_17,59.92,45639.68,DR667059,202.74,0.0,61.35,D,SimuProA-4,EV_104
339.811,75.0,57.86,4890.0,0,3.332,1,42.34,4.199,118.2,132.8,210.0,EV_104,0.0,0,0.0,DR667059_18,60.08,45640.01,DR667059,202.74,0.0,61.52,D,SimuProA-4,EV_104
348.216,40.0,57.86,4350.0,0,3.342,1,42.3,4.195,105.0,78.6,210.0,EV_104,0.0,10,0.0,DR667059_18,60.14,45640.3,DR667059,202.74,0.0,61.58,D,SimuProA-4,EV_104
342.358,48.0,57.86,4412.0,0,3.339,1,42.23,4.197,106.5,98.5,210.0,EV_104,0.0,20,0.0,DR667059_18,60.21,45640.6,DR667059,202.74,0.0,61.65,D,SimuProA-4,EV_104
340.398,52.0,57.86,4475.0,0,3.336,1,42.18,4.198,108.0,105.2,210.0,EV_104,0.0,30,0.0,DR667059_18,60.28,45640.9,DR667059,202.74,0.0,61.72,D,SimuProA-4,EV_104
339.283,58.0,57.86,4537.0,0,3.334,1,42.14,4.199,109.5,118.6,210.0,EV_104,0.0,40,0.0,DR667059_18,60.35,45641.2,DR667059,202.74,0.0,61.81,D,SimuProA-4,EV_104
337.688,62.0,57.86,4662.0,0,3.33,1,42.07,4.199,112.5,135.2,210.0,EV_104,0.0,50,0.0,DR667059_18,60.48,45641.51,DR667059,202.74,0.0,61.95,D,SimuProA-4,EV_104
345.999,38.0,57.86,4153.0,0,3.34,1,42.02,4.198,100.2,85.4,210.0,EV_104,0.0,60,0.0,DR667059_18,60.62,45641.79,DR667059,202.74,0.0,62.08,D,SimuProA-4,EV_104
342.867,45.0,57.86,4343.0,0,3.337,1,41.96,4.197,104.8,95.6,210.0,EV_104,0.0,70,0.0,DR667059_18,60.75,45642.08,DR667059,202.74,0.0,62.18,D,SimuProA-4,EV_104
341.19,44.0,57.86,4290.0,0,3.336,1,41.91,4.196,103.5,98.5,210.0,EV_104,0.0,80,0.0,DR667059_18,60.88,45642.37,DR667059,202.74,0.0,62.32,D,SimuProA-4,EV_104
339.583,51.0,57.86,4468.0,0,3.334,1,41.85,4.197,107.8,112.3,210.0,EV_104,0.0,90,0.0,DR667059_18,61.02,45642.67,DR667059,202.74,0.0,62.48,D,SimuProA-4,EV_104
338.463,56.0,57.86,4567.0,0,3.332,1,41.77,4.198,110.2,125.8,210.0,EV_104,0.0,100,0.0,DR667059_18,61.18,45642.97,DR667059,202.74,0.0,62.65,D,SimuProA-4,EV_104
335.715,62.0,57.86,4658.0,0,3.33,1,41.67,4.199,112.4,138.5,210.0,EV_104,0.0,110,0.0,DR667059_18,61.38,45643.28,DR667059,202.74,0.0,62.85,D,SimuProA-4,EV_104
335.069,68.0,57.86,4758.0,0,3.328,1,41.56,4.2,114.8,145.2,210.0,EV_104,0.0,120,0.0,DR667059_18,61.62,45643.6,DR667059,202.74,0.0,63.08,D,SimuProA-4,EV_104
337.47,48.0,57.86,4538.0,0,3.331,1,41.5,4.198,109.5,110.4,210.0,EV_104,0.0,130,0.0,DR667059_18,61.75,45643.91,DR667059,202.74,0.0,63.15,D,SimuProA-4,EV_104
334.152,55.0,57.86,4621.0,0,3.325,1,41.42,4.198,111.5,132.5,210.0,EV_104,0.0,140,0.0,DR667059_18,61.92,45644.22,DR667059,202.74,0.0,63.32,D,SimuProA-4,EV_104
333.559,72.0,57.86,4815.0,0,3.321,1,41.33,4.2,116.2,148.2,210.0,EV_104,0.0,150,0.0,DR667059_18,62.15,45644.54,DR667059,202.74,0.0,63.55,D,SimuProA-4,EV_104
330.175,85.0,57.86,4995.0,0,3.315,1,41.21,4.199,120.5,165.8,210.0,EV_104,0.0,160,0.0,DR667059_18,62.45,45644.88,DR667059,202.74,0.0,63.82,D,SimuProA-4,EV_104
332.444,78.0,57.86,4890.0,0,3.318,1,41.18,4.198,118.2,155.4,210.0,EV_104,0.0,170,0.0,DR667059_18,62.65,45645.21,DR667059,202.74,0.0,63.95,D,SimuProA-4,EV_104
335.188,58.0,57.86,4658.0,0,3.322,1,41.16,4.199,112.5,125.6,210.0,EV_104,0.0,180,0.0,DR667059_18,62.8,45645.52,DR667059,202.74,0.0,64.05,D,SimuProA-4,EV_104
333.317,66.0,57.86,4795.0,0,3.316,1,41.15,4.197,115.8,142.3,210.0,EV_104,0.0,190,0.0,DR667059_18,62.95,45645.84,DR667059,202.74,0.0,64.18,D,SimuProA-4,EV_104
330.973,70.0,57.86,4865.0,0,3.314,1,41.11,4.198,117.5,152.4,210.0,EV_104,0.0,200,0.0,DR667059_18,63.1,45646.17,DR667059,202.74,0.0,64.35,D,SimuProA-4,EV_104
329.317,82.0,57.86,4960.0,0,3.311,1,41.07,4.197,119.8,168.5,210.0,EV_104,0.0,210,0.0,DR667059_18,63.3,45646.5,DR667059,202.74,0.0,64.55,D,SimuProA-4,EV_104
332.059,62.0,57.86,4730.0,0,3.315,1,41.05,4.199,114.2,138.2,210.0,EV_104,0.0,220,0.0,DR667059_18,63.45,45646.82,DR667059,202.74,0.0,64.7,D,SimuProA-4,EV_104
331.303,68.0,57.86,4825.0,0,3.316,1,41.02,4.198,116.5,145.8,210.0,EV_104,0.0,230,0.0,DR667059_18,63.6,45647.14,DR667059,202.74,0.0,64.85,D,SimuProA-4,EV_104
329.393,75.0,57.86,4895.0,0,3.313,1,41.02,4.199,118.2,162.1,210.0,EV_104,0.0,240,0.0,DR667059_18,63.75,45647.47,DR667059,202.74,0.0,65.0,D,SimuProA-4,EV_104
330.379,55.0,57.86,4670.0,0,3.318,1,41.02,4.197,112.8,135.4,210.0,EV_104,0.0,250,0.0,DR667059_18,63.9,45647.79,DR667059,202.74,0.0,65.0,D,SimuProA-4,EV_104
328.574,85.0,57.86,4980.0,0,3.31,1,41.0,4.198,120.0,175.2,210.0,EV_104,0.0,260,0.0,DR667059_18,64.05,45648.12,DR667059,202.74,0.0,65.0,D,SimuProA-4,EV_104
331.784,65.0,57.86,4790.0,0,3.316,1,40.97,4.2,115.5,140.5,210.0,EV_104,0.0,270,0.0,DR667059_18,64.2,45648.44,DR667059,202.74,0.0,65.0,D,SimuProA-4,EV_104
333.509,50.0,57.86,4560.0,0,3.314,1,40.94,4.199,110.0,125.0,210.0,EV_104,0.0,280,0.0,DR667059_18,64.35,45648.75,DR667059,202.74,0.0,65.0,D,SimuProA-4,EV_104
331.724,60.0,57.86,4740.0,0,3.315,1,40.92,4.198,114.3,138.4,210.0,EV_104,0.0,290,0.0,DR667059_18,64.45,45649.07,DR667059,202.74,0.0,65.0,D,SimuProA-4,EV_104
329.808,80.0,57.86,4970.0,0,3.312,1,40.87,4.197,119.8,165.7,210.0,EV_104,0.0,300,0.0,DR667059_18,64.6,45649.4,DR667059,202.74,0.0,65.0,D,SimuProA-4,EV_104
331.751,58.0,57.86,4705.0,0,3.314,1,40.86,4.199,113.5,142.3,210.0,EV_104,0.0,310,0.0,DR667059_18,64.75,45649.72,DR667059,202.74,0.0,65.0,D,SimuProA-4,EV_104
330.291,62.0,57.86,4820.0,0,3.311,1,40.84,4.198,116.2,155.2,210.0,EV_104,0.0,320,0.0,DR667059_18,64.8,45650.04,DR667059,202.74,0.0,65.0,D,SimuProA-4,EV_104
332.534,45.0,57.86,4505.0,0,3.313,1,40.83,4.199,108.5,130.5,210.0,EV_104,0.0,330,0.0,DR667059_18,64.85,45650.34,DR667059,202.74,0.0,65.0,D,SimuProA-4,EV_104
329.35,85.0,57.86,5080.0,0,3.31,1,40.81,4.196,122.4,168.4,210.0,EV_104,0.0,340,0.0,DR667059_18,64.9,45650.68,DR667059,202.74,0.0,65.0,D,SimuProA-4,EV_104
331.469,65.0,57.86,4915.0,0,3.312,1,40.78,4.198,118.5,145.2,210.0,EV_104,0.0,350,0.0,DR667059_18,65.0,45651.01,DR667059,202.74,0.0,65.0,D,SimuProA-4,EV_104
329.625,75.0,57.86,5010.0,0,3.31,1,40.78,4.197,120.8,158.6,210.0,EV_104,0.0,360,0.0,DR667059_18,65.0,45651.34,DR667059,202.74,0.0,65.0,D,SimuProA-4,EV_104
333.001,40.0,57.86,4645.0,0,3.314,1,40.78,4.199,112.0,135.4,210.0,EV_104,0.0,370,0.0,DR667059_18,65.0,45651.66,DR667059,202.74,0.0,65.0,D,SimuProA-4,EV_104
330.85,55.0,57.86,4775.0,0,3.311,1,40.76,4.198,115.2,142.8,210.0,EV_104,0.0,380,0.0,DR667059_18,65.0,45651.98,DR667059,202.74,0.0,65.0,D,SimuProA-4,EV_104
330.36,70.0,57.86,4970.0,0,3.309,1,40.76,4.197,119.8,155.3,210.0,EV_104,0.0,390,0.0,DR667059_18,65.0,45652.31,DR667059,202.74,0.0,65.0,D,SimuProA-4,EV_104
332.206,42.0,57.86,4585.0,0,3.313,1,40.74,4.199,110.5,138.6,210.0,EV_104,0.0,400,0.0,DR667059_18,65.0,45652.62,DR667059,202.74,0.0,65.0,D,SimuProA-4,EV_104
331.071,48.0,57.86,4700.0,0,3.312,1,40.71,4.198,113.5,145.2,210.0,EV_104,0.0,410,0.0,DR667059_18,65.0,45652.94,DR667059,202.74,0.0,65.0,D,SimuProA-4,EV_104
333.883,35.0,57.86,4485.0,0,3.315,1,40.71,4.199,108.2,128.5,210.0,EV_104,0.0,420,0.0,DR667059_18,65.0,45653.24,DR667059,202.74,0.0,65.0,D,SimuProA-4,EV_104
330.653,62.0,57.86,4825.0,0,3.31,1,40.69,4.197,116.4,151.8,210.0,EV_104,0.0,430,0.0,DR667059_18,65.0,45653.56,DR667059,202.74,0.0,65.0,D,SimuProA-4,EV_104
332.644,40.0,57.86,4660.0,0,3.311,1,40.67,4.198,112.4,135.2,210.0,EV_104,0.0,440,0.0,DR667059_18,65.0,45653.87,DR667059,202.74,0.0,65.0,D,SimuProA-4,EV_104
334.372,38.0,57.86,4555.0,0,3.314,1,40.64,4.199,109.8,125.8,210.0,EV_104,0.0,450,0.0,DR667059_18,65.0,45654.18,DR667059,202.74,0.0,65.0,D,SimuProA-4,EV_104
331.725,52.0,57.86,4735.0,0,3.31,1,40.63,4.197,114.2,142.5,210.0,EV_104,0.0,460,0.0,DR667059_18,65.0,45654.49,DR667059,202.74,0.0,65.0,D,SimuProA-4,EV_104
333.496,42.0,57.86,4625.0,0,3.313,1,40.6,4.198,111.5,132.1,210.0,EV_104,0.0,470,0.0,DR667059_18,65.0,45654.8,DR667059,202.74,0.0,65.0,D,SimuProA-4,EV_104
336.191,28.0,57.86,4075.0,0,3.315,1,40.56,4.199,98.2,95.4,210.0,EV_104,0.0,480,0.0,DR667059_18,65.0,45655.07,DR667059,202.74,0.0,65.0,D,SimuProA-4,EV_104
334.46,48.0,57.86,4435.0,0,3.312,1,40.53,4.197,106.8,128.7,210.0,EV_104,0.0,490,0.0,DR667059_18,65.0,45655.37,DR667059,202.74,0.0,65.0,D,SimuProA-4,EV_104
331.769,45.0,57.86,4670.0,0,3.311,1,40.5,4.198,112.5,138.2,210.0,EV_104,0.0,500,0.0,DR667059_18,65.0,45655.68,DR667059,202.74,0.0,65.0,D,SimuProA-4,EV_104
334.306,32.0,57.86,4325.0,0,3.314,1,40.49,4.199,104.3,115.6,210.0,EV_104,0.0,510,0.0,DR667059_18,65.0,45655.97,DR667059,202.74,0.0,65.0,D,SimuProA-4,EV_104
331.594,55.0,57.86,4845.0,0,3.31,1,40.46,4.197,116.8,145.9,210.0,EV_104,0.0,520,0.0,DR667059_18,65.0,45656.3,DR667059,202.74,0.0,65.0,D,SimuProA-4,EV_104
333.854,35.0,57.86,4370.0,0,3.313,1,40.43,4.198,105.2,108.5,210.0,EV_104,0.0,530,0.0,DR667059_18,65.0,45656.59,DR667059,202.74,0.0,65.0,D,SimuProA-4,EV_104
330.658,52.0,57.86,4755.0,0,3.309,1,40.42,4.199,114.5,142.3,210.0,EV_104,0.0,540,0.0,DR667059_18,65.0,45656.91,DR667059,202.74,0.0,65.0,D,SimuProA-4,EV_104
329.454,58.0,57.86,4930.0,0,3.307,1,40.39,4.197,118.7,155.8,210.0,EV_104,0.0,550,0.0,DR667059_18,65.0,45657.24,DR667059,202.74,0.0,65.0,D,SimuProA-4,EV_104
332.047,42.0,57.86,4680.0,0,3.311,1,40.36,4.196,112.5,125.4,210.0,EV_104,0.0,560,0.0,DR667059_18,65.0,45657.55,DR667059,202.74,0.0,65.0,D,SimuProA-4,EV_104
329.029,68.0,57.86,4985.0,0,3.305,1,40.34,4.195,119.8,165.2,210.0,EV_104,0.0,570,0.0,DR667059_18,65.0,45657.89,DR667059,202.74,0.0,65.0,D,SimuProA-4,EV_104
334.911,0.0,57.86,4510.0,0,3.315,1,40.34,4.198,108.2,-25.5,210.0,EV_104,0.04,580,12.0,DR667059_18,65.0,45658.19,DR667059,202.74,0.0,65.0,D,SimuProA-4,EV_104
330.777,45.0,57.86,4725.0,0,3.308,1,40.32,4.197,113.5,135.6,210.0,EV_104,0.0,590,0.0,DR667059_18,65.0,45658.51,DR667059,202.74,0.0,65.0,D,SimuProA-4,EV_104
328.5,72.0,57.86,5040.0,0,3.304,1,40.3,4.196,121.2,168.4,210.0,EV_104,0.0,600,0.0,DR667059_18,65.0,45658.84,DR667059,202.74,0.0,65.0,D,SimuProA-4,EV_104
333.175,0.0,57.86,4405.0,0,3.316,1,40.29,4.199,105.8,-45.2,210.0,EV_104,0.08,610,18.0,DR667059_18,65.0,45659.14,DR667059,202.74,0.0,65.0,D,SimuProA-4,EV_104
327.284,75.0,57.86,5100.0,0,3.302,1,40.26,4.196,122.5,175.3,210.0,EV_104,0.0,620,0.0,DR667059_18,65.0,45659.48,DR667059,202.74,0.0,65.0,D,SimuProA-4,EV_104
329.958,55.0,57.86,4800.0,0,3.306,1,40.25,4.198,115.2,142.1,210.0,EV_104,0.0,630,0.0,DR667059_18,65.0,45659.8,DR667059,202.74,0.0,65.0,D,SimuProA-4,EV_104
332.794,0.0,57.86,4270.0,0,3.312,1,40.24,4.2,102.5,-35.8,210.0,EV_104,0.05,640,15.0,DR667059_18,65.0,45660.08,DR667059,202.74,0.0,65.0,D,SimuProA-4,EV_104
326.271,65.0,57.86,4930.0,0,3.301,1,40.21,4.198,118.4,185.2,210.0,EV_104,0.0,650,0.0,DR667059_18,65.0,45660.41,DR667059,202.74,0.0,65.0,D,SimuProA-4,EV_104
333.942,0.0,57.86,4525.0,0,3.315,1,40.2,4.2,108.6,-42.5,210.0,EV_104,0.07,660,12.0,DR667059_18,65.0,45660.71,DR667059,202.74,0.0,65.0,D,SimuProA-4,EV_104
325.787,78.0,57.86,5200.0,0,3.299,1,40.18,4.197,124.8,192.4,210.0,EV_104,0.0,670,0.0,DR667059_18,65.0,45661.06,DR667059,202.74,0.0,65.0,D,SimuProA-4,EV_104
328.17,45.0,57.86,4680.0,0,3.302,1,40.16,4.195,112.5,165.3,210.0,EV_104,0.0,680,0.0,DR667059_18,65.0,45661.37,DR667059,202.74,0.0,65.0,D,SimuProA-4,EV_104
331.496,0.0,57.86,4400.0,0,3.308,1,40.15,4.2,105.8,-28.5,210.0,EV_104,0.04,690,10.0,DR667059_18,65.0,45661.67,DR667059,202.74,0.0,65.0,D,SimuProA-4,EV_104
326.689,40.0,57.86,4590.0,0,3.305,1,40.13,4.198,110.2,155.8,210.0,EV_104,0.0,700,0.0,DR667059_18,65.0,45661.97,DR667059,202.74,0.0,65.0,D,SimuProA-4,EV_104
328.481,42.0,57.86,4730.0,0,3.304,1,40.12,4.196,113.5,148.2,210.0,EV_104,0.0,710,0.0,DR667059_18,65.0,45662.29,DR667059,202.74,0.0,65.0,D,SimuProA-4,EV_104
325.57,48.0,57.86,4870.0,0,3.301,1,40.1,4.198,116.8,162.5,210.0,EV_104,0.0,720,0.0,DR667059_18,65.0,45662.61,DR667059,202.74,0.0,65.0,D,SimuProA-4,EV_104
329.752,0.0,57.86,4640.0,0,3.306,1,40.1,4.199,111.2,-18.4,210.0,EV_104,0.03,730,8.0,DR667059_18,65.0,45662.92,DR667059,202.74,0.0,65.0,D,SimuProA-4,EV_104
325.884,45.0,57.86,4818.0,0,3.302,1,40.09,4.195,115.4,145.3,210.0,EV_104,0.0,740,0.0,DR667059_18,65.0,45663.24,DR667059,202.74,0.0,65.0,D,SimuProA-4,EV_104
330.309,0.0,57.86,4584.0,0,3.305,1,40.07,4.198,109.8,-22.6,210.0,EV_104,0.04,750,12.0,DR667059_18,65.0,45663.55,DR667059,202.74,0.0,65.0,D,SimuProA-4,EV_104
327.869,43.0,57.86,4779.0,0,3.303,1,40.04,4.197,114.5,138.9,210.0,EV_104,0.0,760,0.0,DR667059_18,65.0,45663.86,DR667059,202.74,0.0,65.0,D,SimuProA-4,EV_104
325.822,46.0,57.86,4852.0,0,3.304,1,40.0,4.196,116.2,148.5,210.0,EV_104,0.0,770,0.0,DR667059_18,65.0,45664.18,DR667059,202.74,0.0,65.0,D,SimuProA-4,EV_104
331.905,0.0,57.86,4612.0,0,3.308,1,39.98,4.199,110.5,-25.3,210.0,EV_104,0.05,780,15.0,DR667059_18,65.0,45664.49,DR667059,202.74,0.0,65.0,D,SimuProA-4,EV_104
328.205,49.0,57.86,4906.0,0,3.305,1,39.94,4.197,117.5,152.8,210.0,EV_104,0.0,790,0.0,DR667059_18,65.0,45664.82,DR667059,202.74,0.0,65.0,D,SimuProA-4,EV_104
324.914,52.0,57.86,4948.0,0,3.302,1,39.88,4.195,118.5,155.2,210.0,EV_104,0.0,800,0.0,DR667059_18,65.0,45665.15,DR667059,202.74,0.0,65.0,D,SimuProA-4,EV_104
321.711,55.0,57.86,5010.0,0,3.301,1,39.85,4.194,120.0,162.4,210.0,EV_104,0.0,810,0.0,DR667059_18,65.0,45665.48,DR667059,202.74,0.0,65.0,D,SimuProA-4,EV_104
326.025,0.0,57.86,4805.0,0,3.303,1,39.82,4.196,115.0,-18.5,210.0,EV_104,0.04,820,8.0,DR667059_18,65.0,45665.8,DR667059,202.74,0.0,65.0,D,SimuProA-4,EV_104
328.677,45.0,57.86,4868.0,0,3.303,1,39.79,4.196,116.5,145.0,210.0,EV_104,0.0,830,0.0,DR667059_18,65.0,45666.12,DR667059,202.74,0.0,65.0,D,SimuProA-4,EV_104
325.633,50.0,57.86,4972.0,0,3.302,1,39.75,4.195,119.0,160.5,210.0,EV_104,0.0,840,0.0,DR667059_18,65.0,45666.45,DR667059,202.74,0.0,65.0,D,SimuProA-4,EV_104
329.664,0.0,57.86,4676.0,0,3.304,1,39.72,4.197,112.0,-15.0,210.0,EV_104,0.03,850,12.0,DR667059_18,65.0,45666.77,DR667059,202.74,0.0,65.0,D,SimuProA-4,EV_104
325.285,52.0,57.86,4954.0,0,3.301,1,39.7,4.193,118.5,155.3,210.0,EV_104,0.0,860,0.0,DR667059_18,65.0,45667.1,DR667059,202.74,0.0,65.0,D,SimuProA-4,EV_104
330.706,0.0,57.86,4766.0,0,3.305,1,39.69,4.198,114.0,-22.1,210.0,EV_104,0.05,870,10.0,DR667059_18,65.0,45667.42,DR667059,202.74,0.0,65.0,D,SimuProA-4,EV_104
325.332,58.0,57.86,5010.0,0,3.302,1,39.68,4.195,120.0,168.7,210.0,EV_104,0.0,880,0.0,DR667059_18,65.0,45667.75,DR667059,202.74,0.0,65.0,D,SimuProA-4,EV_104
324.463,55.0,57.86,4995.0,0,3.303,1,39.62,4.196,119.5,175.2,210.0,EV_104,0.0,890,0.0,DR667059_18,65.0,45668.08,DR667059,202.74,0.0,65.0,D,SimuProA-4,EV_104
331.419,0.0,57.86,4725.0,0,3.306,1,39.59,4.199,113.0,-18.5,210.0,EV_104,0.04,900,15.0,DR667059_18,65.0,45668.4,DR667059,202.74,0.0,65.0,D,SimuProA-4,EV_104
323.479,60.0,57.86,5010.0,0,3.301,1,39.55,4.194,120.0,182.4,210.0,EV_104,0.0,910,0.0,DR667059_18,65.0,45668.73,DR667059,202.74,0.0,65.0,D,SimuProA-4,EV_104
326.995,45.0,57.86,4706.0,0,3.3,1,39.5,4.192,112.5,145.2,210.0,EV_104,0.0,920,0.0,DR667059_18,65.0,45669.04,DR667059,202.74,0.0,65.0,D,SimuProA-4,EV_104
332.625,0.0,57.86,4391.0,0,3.304,1,39.49,4.196,105.0,-15.3,210.0,EV_104,0.03,930,8.0,DR667059_18,65.0,45669.33,DR667059,202.74,0.0,65.0,D,SimuProA-4,EV_104
328.787,52.0,57.86,4853.0,0,3.298,1,39.44,4.19,116.0,158.6,210.0,EV_104,0.0,940,0.0,DR667059_18,65.0,45669.66,DR667059,202.74,0.0,65.0,D,SimuProA-4,EV_104
324.114,58.0,57.86,4957.0,0,3.295,1,39.38,4.185,118.5,175.2,210.0,EV_104,0.0,950,0.0,DR667059_18,65.0,45669.99,DR667059,202.74,0.0,65.0,D,SimuProA-4,EV_104
330.271,42.0,57.86,4600.0,0,3.302,1,39.31,4.19,110.0,135.6,210.0,EV_104,0.0,960,0.0,DR667059_18,65.0,45670.29,DR667059,202.74,0.0,65.0,D,SimuProA-4,EV_104
333.683,0.0,57.86,4266.0,0,3.308,1,39.28,4.195,102.0,-22.4,210.0,EV_104,0.04,970,12.0,DR667059_18,65.0,45670.58,DR667059,202.74,0.0,65.0,D,SimuProA-4,EV_104
329.375,48.0,57.86,4538.0,0,3.31,1,39.19,4.188,108.5,145.2,210.0,EV_104,0.0,980,0.0,DR667059_18,65.0,45670.88,DR667059,202.74,0.0,65.0,D,SimuProA-4,EV_104
331.014,45.0,57.86,4684.0,0,3.305,1,39.14,4.192,112.0,128.5,210.0,EV_104,0.0,990,0.0,DR667059_18,65.0,45671.19,DR667059,202.74,0.0,65.0,D,SimuProA-4,EV_104
327.265,55.0,57.86,4830.0,0,3.298,1,39.08,4.185,115.5,165.8,210.0,EV_104,0.0,1000,0.0,DR667059_18,65.0,45671.51,DR667059,202.74,0.0,65.0,D,SimuProA-4,EV_104
325.124,62.0,57.86,4933.0,0,3.295,1,39.02,4.182,118.0,172.3,210.0,EV_104,0.0,1010,0.0,DR667059_18,65.0,45671.84,DR667059,202.74,0.0,65.0,D,SimuProA-4,EV_104
328.945,46.0,57.86,4787.0,0,3.3,1,38.95,4.19,114.5,138.7,210.0,EV_104,0.0,1020,0.0,DR667059_18,65.0,45672.16,DR667059,202.74,0.0,65.0,D,SimuProA-4,EV_104
332.753,0.0,57.86,4558.0,0,3.305,1,38.91,4.194,109.0,-15.2,210.0,EV_104,0.05,1030,18.0,DR667059_18,65.0,45672.46,DR667059,202.74,0.0,65.0,D,SimuProA-4,EV_104
329.154,48.0,57.86,4747.0,0,3.298,1,38.84,4.188,113.5,145.2,210.0,EV_104,0.0,1040,0.0,DR667059_18,65.0,45672.78,DR667059,202.74,0.0,65.0,D,SimuProA-4,EV_104
326.093,58.0,57.86,4902.0,0,3.292,1,38.74,4.184,117.2,168.5,210.0,EV_104,0.0,1050,0.0,DR667059_18,65.0,45673.1,DR667059,202.74,0.0,65.0,D,SimuProA-4,EV_104
328.205,52.0,57.86,4810.0,0,3.295,1,38.67,4.186,115.0,152.4,210.0,EV_104,0.0,1060,0.0,DR667059_18,65.0,45673.42,DR667059,202.74,0.0,65.0,D,SimuProA-4,EV_104
325.711,62.0,57.86,4955.0,0,3.29,1,38.64,4.182,118.5,175.3,210.0,EV_104,0.0,1070,0.0,DR667059_18,65.0,45673.75,DR667059,202.74,0.0,65.0,D,SimuProA-4,EV_104
327.116,55.0,57.86,4852.0,0,3.293,1,38.6,4.184,116.0,160.8,210.0,EV_104,0.0,1080,0.0,DR667059_18,65.0,45674.07,DR667059,202.74,0.0,65.0,D,SimuProA-4,EV_104
329.829,49.0,57.86,4706.0,0,3.296,1,38.58,4.186,112.5,142.1,210.0,EV_104,0.0,1090,0.0,DR667059_18,65.0,45674.38,DR667059,202.74,0.0,65.0,D,SimuProA-4,EV_104
328.324,51.0,57.86,4760.0,0,3.294,1,38.53,4.185,113.8,148.2,210.0,EV_104,0.0,1100,0.0,DR667059_18,65.0,45674.7,DR667059,202.74,0.0,65.0,D,SimuProA-4,EV_104
325.211,61.0,57.86,4915.0,0,3.291,1,38.49,4.183,117.5,172.5,210.0,EV_104,0.0,1110,0.0,DR667059_18,65.0,45675.02,DR667059,202.74,0.0,65.0,D,SimuProA-4,EV_104
329.36,48.0,57.86,4653.0,0,3.295,1,38.45,4.186,111.2,145.6,210.0,EV_104,0.0,1120,0.0,DR667059_18,65.0,45675.33,DR667059,202.74,0.0,65.0,D,SimuProA-4,EV_104
326.517,62.0,57.86,4944.0,0,3.288,1,38.4,4.182,118.2,165.3,210.0,EV_104,0.0,1130,0.0,DR667059_18,65.0,45675.66,DR667059,202.74,0.0,65.0,D,SimuProA-4,EV_104
329.809,45.0,57.86,4623.0,0,3.292,1,38.36,4.185,110.5,138.7,210.0,EV_104,0.0,1140,0.0,DR667059_18,65.0,45675.97,DR667059,202.74,0.0,65.0,D,SimuProA-4,EV_104
327.653,56.0,57.86,4845.0,0,3.29,1,38.32,4.181,115.8,155.9,210.0,EV_104,0.0,1150,0.0,DR667059_18,65.0,45676.29,DR667059,202.74,0.0,65.0,D,SimuProA-4,EV_104
328.761,48.0,57.86,4745.0,0,3.293,1,38.27,4.184,113.5,142.3,210.0,EV_104,0.0,1160,0.0,DR667059_18,65.0,45676.61,DR667059,202.74,0.0,65.0,D,SimuProA-4,EV_104
325.661,63.0,57.86,4985.0,0,3.287,1,38.23,4.181,119.2,168.5,210.0,EV_104,0.0,1170,0.0,DR667059_18,65.0,45676.94,DR667059,202.74,0.0,65.0,D,SimuProA-4,EV_104
329.464,42.0,57.86,4542.0,0,3.294,1,38.19,4.186,108.5,135.2,210.0,EV_104,0.0,1180,0.0,DR667059_18,65.0,45677.24,DR667059,202.74,0.0,65.0,D,SimuProA-4,EV_104
328.491,48.0,57.86,4705.0,0,3.291,1,38.16,4.183,112.4,145.6,210.0,EV_104,0.0,1190,0.0,DR667059_18,65.0,45677.55,DR667059,202.74,0.0,65.0,D,SimuProA-4,EV_104
326.191,58.0,57.86,4889.0,0,3.288,1,38.11,4.18,116.8,162.3,210.0,EV_104,0.0,1200,0.0,DR667059_18,65.0,45677.88,DR667059,202.74,0.0,65.0,D,SimuProA-4,EV_104
329.839,38.0,57.86,4446.0,0,3.295,1,38.11,4.186,106.2,130.4,210.0,EV_104,0.0,1210,0.0,DR667059_18,65.0,45678.17,DR667059,202.74,0.0,65.0,D,SimuProA-4,EV_104
328.093,45.0,57.86,4580.0,0,3.292,1,38.07,4.184,109.5,142.5,210.0,EV_104,0.0,1220,0.0,DR667059_18,44.2,45678.47,DR667059,202.74,0.0,46.8,D,SimuProA-4,EV_104
326.12,55.0,57.86,4820.0,0,3.285,1,38.0,4.181,115.2,165.8,210.0,EV_104,0.0,1230,0.0,DR667059_18,44.5,45678.79,DR667059,202.74,0.0,47.1,D,SimuProA-4,EV_104
329.604,42.0,57.86,4550.0,0,3.29,1,37.97,4.185,108.8,138.4,210.0,EV_104,0.0,1240,0.0,DR667059_18,44.7,45679.1,DR667059,202.74,0.0,47.3,D,SimuProA-4,EV_104
327.37,50.0,57.86,4700.0,0,3.289,1,37.95,4.183,112.5,152.0,210.0,EV_104,0.0,1250,0.0,DR667059_18,44.9,45679.41,DR667059,202.74,0.0,47.5,D,SimuProA-4,EV_104
325.357,62.0,57.86,4900.0,0,3.286,1,37.94,4.182,117.0,175.0,210.0,EV_104,0.0,1260,0.0,DR667059_18,45.1,45679.74,DR667059,202.74,0.0,47.8,D,SimuProA-4,EV_104
329.721,35.0,57.86,4380.0,0,3.293,1,37.93,4.186,105.0,125.0,210.0,EV_104,0.0,1270,0.0,DR667059_18,45.3,45680.03,DR667059,202.74,0.0,48.0,D,SimuProA-4,EV_104
328.249,48.0,57.86,4600.0,0,3.291,1,37.9,4.184,110.0,145.2,210.0,EV_104,0.0,0,0.0,DR667059_19,45.5,45680.34,DR667059,202.74,0.0,48.2,D,SimuProA-4,EV_104
327.219,58.0,57.86,4950.0,0,3.288,1,37.89,4.185,118.5,160.5,210.0,EV_104,0.0,10,0.0,DR667059_19,45.7,45680.66,DR667059,202.74,0.0,48.4,D,SimuProA-4,EV_104
330.925,0.0,57.86,3950.0,0,3.295,1,37.87,4.188,95.0,-35.0,210.0,EV_104,0.025,20,45.0,DR667059_19,45.8,45680.93,DR667059,202.74,0.0,48.5,D,SimuProA-4,EV_104
326.336,75.0,57.86,5200.0,0,3.285,1,37.84,4.19,125.0,180.0,210.0,EV_104,0.0,30,0.0,DR667059_19,45.9,45681.28,DR667059,202.74,0.0,48.6,D,SimuProA-4,EV_104
322.771,80.0,57.86,5400.0,0,3.275,1,37.81,4.195,130.0,195.0,210.0,EV_104,0.0,40,0.0,DR667059_19,46.1,45681.64,DR667059,202.74,0.0,48.8,D,SimuProA-4,EV_104
318.995,80.0,57.86,5800.0,0,3.26,1,37.79,4.2,140.0,210.0,210.0,EV_104,0.0,50,0.0,DR667059_19,46.4,45682.03,DR667059,202.74,0.0,49.1,D,SimuProA-4,EV_104
350.324,28.0,57.86,2800.0,0,3.98,1,37.77,4.05,42.5,45.2,210.0,EV_104,0.0,60,0.0,DR667059_19,46.5,45682.15,DR667059,202.74,0.0,49.2,D,SimuProA-4,EV_104
385.884,0.0,57.86,850.0,0,4.01,1,37.77,4.08,12.0,-15.8,210.0,EV_104,0.012,70,55.0,DR667059_19,46.6,45682.18,DR667059,202.74,0.0,49.3,D,SimuProA-4,EV_104
373.318,42.0,57.86,1900.0,0,3.99,1,37.75,4.06,28.5,65.4,210.0,EV_104,0.0,80,0.0,DR667059_19,46.7,45682.26,DR667059,202.74,0.0,49.4,D,SimuProA-4,EV_104
378.361,25.0,57.86,2100.0,0,3.98,1,37.73,4.04,32.0,35.2,210.0,EV_104,0.0,90,0.0,DR667059_19,46.8,45682.35,DR667059,202.74,0.0,49.5,D,SimuProA-4,EV_104
365.415,15.0,57.86,1450.0,0,3.96,1,37.71,4.02,22.0,85.5,210.0,EV_104,0.0,100,10.0,DR667059_19,46.9,45682.41,DR667059,202.74,0.0,49.6,D,SimuProA-4,EV_104
382.419,0.0,57.86,550.0,0,3.99,1,37.71,4.06,8.0,-22.4,210.0,EV_104,0.018,110,65.0,DR667059_19,47.0,45682.43,DR667059,202.74,0.0,49.7,D,SimuProA-4,EV_104
370.665,35.0,57.86,2500.0,0,3.97,1,37.68,4.05,38.0,55.2,210.0,EV_104,0.0,120,0.0,DR667059_19,47.1,45682.54,DR667059,202.74,0.0,49.8,D,SimuProA-4,EV_104
361.783,20.0,57.86,1600.0,0,3.95,1,37.65,4.03,25.0,110.5,210.0,EV_104,0.0,130,35.0,DR667059_19,47.2,45682.61,DR667059,202.74,0.0,49.9,D,SimuProA-4,EV_104
379.744,0.0,57.86,300.0,0,4.0,1,37.64,4.08,5.0,-28.5,210.0,EV_104,0.025,140,75.0,DR667059_19,47.3,45682.62,DR667059,202.74,0.0,50.0,D,SimuProA-4,EV_104
367.779,25.0,57.86,2100.0,0,3.96,1,37.62,4.04,30.0,45.0,210.0,EV_104,0.0,150,0.0,DR667059_19,47.4,45682.7,DR667059,202.74,0.0,50.1,D,SimuProA-4,EV_104
392.269,0.0,57.86,700.0,0,4.02,1,37.62,4.1,12.0,-15.0,210.0,EV_104,0.012,160,25.0,DR667059_19,47.5,45682.74,DR667059,202.74,0.0,50.2,D,SimuProA-4,EV_104
375.887,30.0,57.86,2400.0,0,3.97,1,37.61,4.05,35.0,60.0,210.0,EV_104,0.0,170,0.0,DR667059_19,47.6,45682.83,DR667059,202.74,0.0,50.3,D,SimuProA-4,EV_104
368.39,45.0,57.86,2800.0,0,3.98,1,37.59,4.06,42.0,85.2,210.0,EV_104,0.0,180,0.0,DR667059_19,47.7,45682.95,DR667059,202.74,0.0,50.4,D,SimuProA-4,EV_104
378.699,0.0,57.86,1100.0,0,4.01,1,37.58,4.09,18.0,-22.5,210.0,EV_104,0.018,190,60.0,DR667059_19,47.8,45683.0,DR667059,202.74,0.0,50.5,D,SimuProA-4,EV_104
370.214,25.0,57.86,1800.0,0,3.96,1,37.57,4.04,28.0,55.0,210.0,EV_104,0.0,200,0.0,DR667059_19,47.9,45683.07,DR667059,202.74,0.0,50.6,D,SimuProA-4,EV_104
374.889,28.0,57.86,2100.0,0,3.98,1,37.55,4.06,32.0,45.0,210.0,EV_104,0.0,210,0.0,DR667059_19,48.0,45683.16,DR667059,202.74,0.0,50.7,D,SimuProA-4,EV_104
365.402,55.0,57.86,3200.0,0,4.03,1,37.54,4.12,48.0,95.0,210.0,EV_104,0.0,220,0.0,DR667059_19,48.1,45683.29,DR667059,202.74,0.0,50.8,D,SimuProA-4,EV_104
372.12,0.0,57.86,1400.0,0,4.05,1,37.53,4.14,22.0,-35.0,210.0,EV_104,0.025,230,75.0,DR667059_19,48.2,45683.35,DR667059,202.74,0.0,50.9,D,SimuProA-4,EV_104
376.412,15.0,57.86,1600.0,0,4.0,1,37.5,4.08,25.0,12.0,210.0,EV_104,0.0,240,0.0,DR667059_19,48.3,45683.42,DR667059,202.74,0.0,51.0,D,SimuProA-4,EV_104
368.457,45.0,57.86,2800.0,0,4.04,1,37.5,4.13,42.0,85.0,210.0,EV_104,0.0,250,0.0,DR667059_19,48.4,45683.54,DR667059,202.74,0.0,51.1,D,SimuProA-4,EV_104
371.729,0.0,57.86,950.0,0,4.06,1,37.5,4.14,15.0,-28.0,210.0,EV_104,0.022,260,65.0,DR667059_19,48.5,45683.58,DR667059,202.74,0.0,51.2,D,SimuProA-4,EV_104
360.028,65.0,57.86,3800.0,0,4.04,1,37.46,4.14,52.0,110.0,210.0,EV_104,0.0,270,0.0,DR667059_19,48.6,45683.72,DR667059,202.74,0.0,51.3,D,SimuProA-4,EV_104
378.13,0.0,57.86,1100.0,0,4.07,1,37.46,4.15,18.0,-32.0,210.0,EV_104,0.028,280,80.0,DR667059_19,48.7,45683.77,DR667059,202.74,0.0,51.4,D,SimuProA-4,EV_104
362.793,50.0,57.86,3000.0,0,4.03,1,37.44,4.13,45.0,90.0,210.0,EV_104,0.0,290,0.0,DR667059_19,48.8,45683.9,DR667059,202.74,0.0,51.5,D,SimuProA-4,EV_104
358.264,70.0,57.86,4100.0,0,4.03,1,37.41,4.14,55.0,115.0,210.0,EV_104,0.0,300,0.0,DR667059_19,48.9,45684.05,DR667059,202.74,0.0,51.6,D,SimuProA-4,EV_104
375.335,0.0,57.86,800.0,0,4.08,1,37.41,4.15,12.0,-38.0,210.0,EV_104,0.03,310,75.0,DR667059_19,49.0,45684.09,DR667059,202.74,0.0,51.7,D,SimuProA-4,EV_104
364.972,55.0,57.86,2600.0,0,4.04,1,37.38,4.14,38.0,95.0,210.0,EV_104,0.0,320,0.0,DR667059_19,49.1,45684.19,DR667059,202.74,0.0,51.8,D,SimuProA-4,EV_104
382.196,0.0,57.86,200.0,0,4.08,1,37.36,4.14,5.0,-28.0,210.0,EV_104,0.025,330,65.0,DR667059_19,49.1,45684.2,DR667059,202.74,0.0,51.8,D,SimuProA-4,EV_104
376.535,35.0,57.86,1400.0,0,4.06,1,37.34,4.13,22.0,45.0,210.0,EV_104,0.0,340,0.0,DR667059_19,49.2,45684.27,DR667059,202.74,0.0,51.9,D,SimuProA-4,EV_104
364.872,45.0,57.86,2300.0,0,4.05,1,37.32,4.14,35.0,85.0,210.0,EV_104,0.0,350,0.0,DR667059_19,49.3,45684.36,DR667059,202.74,0.0,52.0,D,SimuProA-4,EV_104
363.502,60.0,57.86,2850.0,0,4.03,1,37.3,4.14,42.0,98.5,210.0,EV_104,0.0,360,0.0,DR667059_19,49.4,45684.48,DR667059,202.74,0.0,52.1,D,SimuProA-4,EV_104
372.436,0.0,57.86,1100.0,0,4.09,1,37.27,4.15,18.0,-32.0,210.0,EV_104,0.028,370,55.0,DR667059_19,49.4,45684.53,DR667059,202.74,0.0,52.1,D,SimuProA-4,EV_104
379.295,30.0,57.86,1850.0,0,4.1,1,37.27,4.14,28.0,25.0,210.0,EV_104,0.0,380,0.0,DR667059_19,49.5,45684.6,DR667059,202.74,0.0,52.2,D,SimuProA-4,EV_104
375.764,28.0,57.86,1600.0,0,4.08,1,37.26,4.14,25.0,42.0,210.0,EV_104,0.0,390,0.0,DR667059_19,49.6,45684.67,DR667059,202.74,0.0,52.3,D,SimuProA-4,EV_104
368.045,40.0,57.86,2100.0,0,4.07,1,37.25,4.15,32.0,65.0,210.0,EV_104,0.0,400,0.0,DR667059_19,49.7,45684.76,DR667059,202.74,0.0,52.4,D,SimuProA-4,EV_104
382.062,0.0,57.86,750.0,0,4.11,1,37.25,4.15,12.0,-28.0,210.0,EV_104,0.025,410,60.0,DR667059_19,49.8,45684.79,DR667059,202.74,0.0,52.4,D,SimuProA-4,EV_104
376.16,25.0,57.86,1400.0,0,4.08,1,37.22,4.14,22.0,35.0,210.0,EV_104,0.0,420,0.0,DR667059_19,49.9,45684.85,DR667059,202.74,0.0,52.5,D,SimuProA-4,EV_104
361.746,0.0,57.86,500.0,0,4.1,1,37.22,4.15,8.0,-35.0,210.0,EV_104,0.029,430,75.0,DR667059_19,49.9,45684.87,DR667059,202.74,0.0,52.5,D,SimuProA-4,EV_104
371.086,35.0,57.86,1650.0,0,4.07,1,37.21,4.15,26.0,48.0,210.0,EV_104,0.0,440,0.0,DR667059_19,50.0,45684.95,DR667059,202.74,0.0,52.6,D,SimuProA-4,EV_104
358.331,55.0,57.86,2800.0,0,4.05,1,37.19,4.15,38.0,85.0,210.0,EV_104,0.0,450,0.0,DR667059_19,50.1,45685.06,DR667059,202.74,0.0,52.7,D,SimuProA-4,EV_104
385.67,0.0,57.86,900.0,0,4.12,1,37.19,4.15,15.0,-32.0,210.0,EV_104,0.026,460,45.0,DR667059_19,50.2,45685.1,DR667059,202.74,0.0,52.8,D,SimuProA-4,EV_104
374.446,30.0,57.86,1500.0,0,4.08,1,37.18,4.14,24.0,42.0,210.0,EV_104,0.0,470,0.0,DR667059_19,50.3,45685.16,DR667059,202.74,0.0,52.9,D,SimuProA-4,EV_104
369.844,40.0,57.86,2100.0,0,4.06,1,37.16,4.14,32.0,55.0,210.0,EV_104,0.0,480,0.0,DR667059_19,50.4,45685.25,DR667059,202.74,0.0,53.0,D,SimuProA-4,EV_104
355.077,65.0,57.86,3200.0,0,4.03,1,37.15,4.15,45.0,95.0,210.0,EV_104,0.0,490,0.0,DR667059_19,50.5,45685.37,DR667059,202.74,0.0,53.2,D,SimuProA-4,EV_104
369.141,0.0,57.86,1100.0,0,4.1,1,37.15,4.14,18.0,-28.0,210.0,EV_104,0.025,500,50.0,DR667059_19,50.4,45685.42,DR667059,202.74,0.0,53.1,D,SimuProA-4,EV_104
378.872,25.0,57.86,1800.0,0,4.09,1,37.15,4.13,28.0,25.0,210.0,EV_104,0.0,510,0.0,DR667059_19,50.6,45685.5,DR667059,202.74,0.0,53.3,D,SimuProA-4,EV_104
365.072,55.0,57.86,2800.0,0,4.04,1,37.14,4.15,42.0,85.0,210.0,EV_104,0.0,520,0.0,DR667059_19,50.8,45685.61,DR667059,202.74,0.0,53.5,D,SimuProA-4,EV_104
375.706,0.0,57.86,750.0,0,4.11,1,37.12,4.14,12.0,-35.0,210.0,EV_104,0.028,530,65.0,DR667059_19,50.7,45685.65,DR667059,202.74,0.0,53.4,D,SimuProA-4,EV_104
358.222,50.0,57.86,2650.0,0,4.02,1,37.11,4.15,38.0,110.0,210.0,EV_104,0.0,540,0.0,DR667059_19,50.9,45685.76,DR667059,202.74,0.0,53.6,D,SimuProA-4,EV_104
382.382,0.0,57.86,550.0,0,4.11,1,37.1,4.14,8.0,-32.0,210.0,EV_104,0.027,550,45.0,DR667059_19,51.0,45685.78,DR667059,202.74,0.0,53.7,D,SimuProA-4,EV_104
373.158,30.0,57.86,1500.0,0,4.09,1,37.1,4.13,22.0,45.0,210.0,EV_104,0.0,560,0.0,DR667059_19,51.1,45685.84,DR667059,202.74,0.0,53.8,D,SimuProA-4,EV_104
362.838,65.0,57.86,3100.0,0,4.03,1,37.09,4.15,45.0,125.0,210.0,EV_104,0.0,570,0.0,DR667059_19,51.4,45685.96,DR667059,202.74,0.0,54.1,D,SimuProA-4,EV_104
355.34,75.0,57.86,3800.0,0,4.01,1,37.06,4.15,55.0,160.0,210.0,EV_104,0.0,580,0.0,DR667059_19,51.6,45686.12,DR667059,202.74,0.0,54.3,D,SimuProA-4,EV_104
380.868,0.0,57.86,1100.0,0,4.12,1,37.06,4.14,18.0,-25.0,210.0,EV_104,0.022,590,55.0,DR667059_19,51.7,45686.17,DR667059,202.74,0.0,54.4,D,SimuProA-4,EV_104
375.068,35.0,57.86,2100.0,0,4.1,1,37.05,4.14,30.0,65.0,210.0,EV_104,0.0,600,0.0,DR667059_19,51.8,45686.25,DR667059,202.74,0.0,54.5,D,SimuProA-4,EV_104
378.104,10.0,57.86,850.0,0,4.11,1,37.05,4.13,12.0,25.0,210.0,EV_104,0.005,610,15.0,DR667059_19,51.9,45686.29,DR667059,202.74,0.0,54.5,D,SimuProA-4,EV_104
372.396,45.0,57.86,2600.0,0,4.09,1,37.03,4.14,38.0,95.0,210.0,EV_104,0.0,620,0.0,DR667059_19,52.0,45686.39,DR667059,202.74,0.0,54.6,D,SimuProA-4,EV_104
368.81,55.0,57.86,3100.0,0,4.08,1,37.01,4.14,45.0,110.0,210.0,EV_104,0.0,630,0.0,DR667059_19,52.1,45686.51,DR667059,202.74,0.0,54.7,D,SimuProA-4,EV_104
391.721,0.0,57.86,1000.0,0,4.13,1,37.01,4.15,15.0,-35.0,210.0,EV_104,0.025,640,60.0,DR667059_19,52.2,45686.56,DR667059,202.74,0.0,54.8,D,SimuProA-4,EV_104
376.672,25.0,57.86,1500.0,0,4.1,1,37.0,4.14,22.0,45.0,210.0,EV_104,0.0,650,0.0,DR667059_19,52.3,45686.62,DR667059,202.74,0.0,54.9,D,SimuProA-4,EV_104
365.692,60.0,57.86,3600.0,0,4.08,1,36.97,4.14,52.0,125.0,210.0,EV_104,0.0,660,0.0,DR667059_19,52.4,45686.76,DR667059,202.74,0.0,55.0,D,SimuProA-4,EV_104
385.056,0.0,57.86,1700.0,0,4.12,1,36.97,4.15,25.0,-25.0,210.0,EV_104,0.018,670,50.0,DR667059_19,52.5,45686.83,DR667059,202.74,0.0,55.1,D,SimuProA-4,EV_104
370.357,35.0,57.86,2200.0,0,4.1,1,36.96,4.14,32.0,65.0,210.0,EV_104,0.0,680,0.0,DR667059_19,52.6,45686.92,DR667059,202.74,0.0,55.2,D,SimuProA-4,EV_104
360.174,75.0,57.86,4200.0,0,4.07,1,36.94,4.14,60.0,145.0,210.0,EV_104,0.0,690,0.0,DR667059_19,52.7,45687.09,DR667059,202.74,0.0,55.3,D,SimuProA-4,EV_104
351.956,80.0,57.86,4400.0,0,4.05,1,36.9,4.14,62.0,180.0,210.0,EV_104,0.0,700,0.0,DR667059_19,52.8,45687.26,DR667059,202.74,0.0,55.4,D,SimuProA-4,EV_104
378.462,0.0,57.86,3100.0,0,4.11,1,36.9,4.15,45.0,-30.0,210.0,EV_104,0.022,710,20.0,DR667059_19,52.9,45687.38,DR667059,202.74,0.0,55.5,D,SimuProA-4,EV_104
372.745,5.0,57.86,2650.0,0,4.1,1,36.89,4.13,38.0,-12.5,210.0,EV_104,0.008,720,15.0,DR667059_19,52.95,45687.49,DR667059,202.74,0.0,55.55,D,SimuProA-4,EV_104
395.113,40.0,57.86,3350.0,0,4.09,1,36.89,4.14,48.0,45.0,210.0,EV_104,0.0,730,0.0,DR667059_19,53.05,45687.62,DR667059,202.74,0.0,55.65,D,SimuProA-4,EV_104
388.377,55.0,57.86,3650.0,0,4.08,1,36.89,4.15,52.0,75.0,210.0,EV_104,0.0,740,0.0,DR667059_19,53.15,45687.76,DR667059,202.74,0.0,55.75,D,SimuProA-4,EV_104
392.111,60.0,57.86,3850.0,0,4.07,1,36.86,4.15,55.0,85.0,210.0,EV_104,0.0,750,0.0,DR667059_19,53.2,45687.91,DR667059,202.74,0.0,55.8,D,SimuProA-4,EV_104
375.274,75.0,57.86,4500.0,0,4.05,1,36.85,4.15,64.0,190.0,210.0,EV_104,0.0,760,0.0,DR667059_19,53.3,45688.09,DR667059,202.74,0.0,55.9,D,SimuProA-4,EV_104
385.337,0.0,57.86,2900.0,0,4.1,1,36.84,4.14,42.0,-25.0,210.0,EV_104,0.018,770,45.0,DR667059_19,53.35,45688.21,DR667059,202.74,0.0,55.95,D,SimuProA-4,EV_104
380.206,50.0,57.86,2400.0,0,4.08,1,36.82,4.15,35.0,110.0,210.0,EV_104,0.0,780,0.0,DR667059_19,53.4,45688.31,DR667059,202.74,0.0,56.0,D,SimuProA-4,EV_104
372.155,65.0,57.86,3100.0,0,4.05,1,36.81,4.15,45.0,165.0,210.0,EV_104,0.0,790,0.0,DR667059_19,53.5,45688.43,DR667059,202.74,0.0,56.1,D,SimuProA-4,EV_104
390.977,0.0,57.86,1200.0,0,4.11,1,36.79,4.14,18.0,-32.0,210.0,EV_104,0.022,800,60.0,DR667059_19,53.55,45688.48,DR667059,202.74,0.0,56.15,D,SimuProA-4,EV_104
373.573,55.0,57.86,3300.0,0,4.04,1,36.78,4.14,48.0,145.0,210.0,EV_104,0.0,810,0.0,DR667059_19,53.6,45688.61,DR667059,202.74,0.0,56.2,D,SimuProA-4,EV_104
368.535,40.0,57.86,2100.0,0,4.03,1,36.74,4.15,30.0,175.0,210.0,EV_104,0.0,820,0.0,DR667059_19,53.7,45688.7,DR667059,202.74,0.0,56.3,D,SimuProA-4,EV_104
388.638,0.0,57.86,550.0,0,4.1,1,36.73,4.14,8.0,-38.0,210.0,EV_104,0.025,830,75.0,DR667059_19,53.75,45688.72,DR667059,202.74,0.0,56.35,D,SimuProA-4,EV_104
365.431,0.0,57.86,0.0,0,4.02,1,36.72,4.15,0.0,180.0,210.0,EV_104,0.0,840,85.0,DR667059_19,53.8,45688.72,DR667059,202.74,0.0,56.4,D,SimuProA-4,EV_104
375.88,15.0,57.86,800.0,0,4.12,1,36.71,4.14,12.0,45.0,210.0,EV_104,0.0,850,5.0,DR667059_19,53.85,45688.75,DR667059,202.74,0.0,56.45,D,SimuProA-4,EV_104
369.053,45.0,57.86,2400.0,0,4.05,1,36.69,4.15,35.0,110.0,210.0,EV_104,0.0,860,0.0,DR667059_19,53.9,45688.85,DR667059,202.74,0.0,56.5,D,SimuProA-4,EV_104
362.313,35.0,57.86,1950.0,0,4.01,1,36.66,4.15,28.0,145.0,210.0,EV_104,0.0,870,0.0,DR667059_19,53.95,45688.93,DR667059,202.74,0.0,56.55,D,SimuProA-4,EV_104
358.755,65.0,57.86,3400.0,0,3.98,1,36.63,4.15,50.0,190.0,210.0,EV_104,0.0,880,0.0,DR667059_19,54.0,45689.07,DR667059,202.74,0.0,56.6,D,SimuProA-4,EV_104
372.238,0.0,57.86,1000.0,0,4.08,1,36.61,4.14,15.0,-35.0,210.0,EV_104,0.028,890,60.0,DR667059_19,54.05,45689.11,DR667059,202.74,0.0,56.65,D,SimuProA-4,EV_104
378.641,0.0,57.86,0.0,0,4.09,1,36.59,4.13,0.0,5.0,210.0,EV_104,0.0,900,100.0,DR667059_19,54.1,45689.11,DR667059,202.74,0.0,56.7,D,SimuProA-4,EV_104
374.123,40.0,57.86,1600.0,0,4.1,1,36.58,4.14,25.0,65.0,210.0,EV_104,0.0,910,0.0,DR667059_19,54.15,45689.18,DR667059,202.74,0.0,56.8,D,SimuProA-4,EV_104
370.326,55.0,57.86,2600.0,0,4.08,1,36.57,4.15,38.0,85.0,210.0,EV_104,0.0,920,0.0,DR667059_19,54.2,45689.29,DR667059,202.74,0.0,56.9,D,SimuProA-4,EV_104
372.469,45.0,57.86,2800.0,0,4.08,1,36.55,4.15,42.0,75.0,210.0,EV_104,0.0,930,0.0,DR667059_19,54.3,45689.41,DR667059,202.74,0.0,57.0,D,SimuProA-4,EV_104
365.614,70.0,57.86,3800.0,0,4.05,1,36.55,4.15,55.0,160.0,210.0,EV_104,0.0,940,0.0,DR667059_19,54.4,45689.56,DR667059,202.74,0.0,57.1,D,SimuProA-4,EV_104
354.726,75.0,57.86,4200.0,0,4.02,1,36.53,4.15,60.0,195.0,210.0,EV_104,0.0,950,0.0,DR667059_19,54.5,45689.73,DR667059,202.74,0.0,57.2,D,SimuProA-4,EV_104
358.286,0.0,57.86,3000.0,0,4.03,1,36.5,4.14,45.0,-35.0,210.0,EV_104,0.025,960,65.0,DR667059_19,54.6,45689.86,DR667059,202.74,0.0,57.3,D,SimuProA-4,EV_104
367.765,30.0,57.86,2100.0,0,4.09,1,36.48,4.15,32.0,45.0,210.0,EV_104,0.0,970,0.0,DR667059_19,54.7,45689.94,DR667059,202.74,0.0,57.4,D,SimuProA-4,EV_104
362.219,50.0,57.86,3200.0,0,4.08,1,36.48,4.15,48.0,95.0,210.0,EV_104,0.0,980,0.0,DR667059_19,54.8,45690.08,DR667059,202.74,0.0,57.5,D,SimuProA-4,EV_104
368.572,15.0,57.86,1000.0,0,4.1,1,36.46,4.15,15.0,25.0,210.0,EV_104,0.0,990,0.0,DR667059_19,54.9,45690.12,DR667059,202.74,0.0,57.6,D,SimuProA-4,EV_104
360.507,45.0,57.86,2800.0,0,4.06,1,36.44,4.15,42.0,110.0,210.0,EV_104,0.0,1000,0.0,DR667059_19,55.0,45690.24,DR667059,202.74,0.0,57.8,D,SimuProA-4,EV_104
364.165,0.0,57.86,1300.0,0,4.08,1,36.44,4.14,20.0,-28.0,210.0,EV_104,0.018,1010,45.0,DR667059_19,55.1,45690.29,DR667059,202.74,0.0,57.9,D,SimuProA-4,EV_104
358.693,60.0,57.86,3400.0,0,4.05,1,36.41,4.15,52.0,125.0,210.0,EV_104,0.0,1020,0.0,DR667059_19,55.2,45690.43,DR667059,202.74,0.0,58.0,D,SimuProA-4,EV_104
361.755,0.0,57.86,2500.0,0,4.09,1,36.41,4.14,38.0,-35.0,210.0,EV_104,0.025,1030,65.0,DR667059_19,55.3,45690.54,DR667059,202.74,0.0,58.1,D,SimuProA-4,EV_104
365.352,25.0,57.86,1400.0,0,4.1,1,36.41,4.15,22.0,30.0,210.0,EV_104,0.0,1040,5.0,DR667059_19,55.4,45690.6,DR667059,202.74,0.0,58.2,D,SimuProA-4,EV_104
368.189,35.0,57.86,2100.0,0,4.11,1,36.4,4.15,32.0,18.5,210.0,EV_104,0.0,1050,0.0,DR667059_19,55.5,45690.69,DR667059,202.74,0.0,58.3,D,SimuProA-4,EV_104
364.873,55.0,57.86,3100.0,0,4.07,1,36.4,4.15,48.0,95.0,210.0,EV_104,0.0,1060,0.0,DR667059_19,55.6,45690.82,DR667059,202.74,0.0,58.4,D,SimuProA-4,EV_104
367.842,0.0,57.86,1800.0,0,4.09,1,36.38,4.14,28.0,-32.0,210.0,EV_104,0.022,1070,55.0,DR667059_19,55.7,45690.9,DR667059,202.74,0.0,58.5,D,SimuProA-4,EV_104
358.25,65.0,57.86,3800.0,0,4.05,1,36.36,4.15,55.0,145.0,210.0,EV_104,0.0,1080,0.0,DR667059_19,55.9,45691.05,DR667059,202.74,0.0,58.7,D,SimuProA-4,EV_104
369.702,0.0,57.86,2200.0,0,4.1,1,36.36,4.14,35.0,-28.0,210.0,EV_104,0.021,1090,45.0,DR667059_19,56.0,45691.15,DR667059,202.74,0.0,58.8,D,SimuProA-4,EV_104
362.011,50.0,57.86,3000.0,0,4.08,1,36.35,4.15,45.0,110.0,210.0,EV_104,0.0,1100,0.0,DR667059_19,56.2,45691.28,DR667059,202.74,0.0,59.0,D,SimuProA-4,EV_104
354.041,75.0,57.86,4100.0,0,4.04,1,36.32,4.15,58.0,165.0,210.0,EV_104,0.0,1110,0.0,DR667059_19,56.4,45691.44,DR667059,202.74,0.0,59.2,D,SimuProA-4,EV_104
349.857,80.0,57.86,4400.0,0,4.02,1,36.29,4.15,62.0,180.0,210.0,EV_104,0.0,1120,0.0,DR667059_19,56.6,45691.61,DR667059,202.74,0.0,59.4,D,SimuProA-4,EV_104
365.809,0.0,57.86,1600.0,0,4.09,1,36.27,4.14,25.0,-35.0,210.0,EV_104,0.024,1130,60.0,DR667059_19,56.7,45691.68,DR667059,202.74,0.0,59.5,D,SimuProA-4,EV_104
358.48,45.0,57.86,2750.0,0,4.06,1,36.25,4.13,42.0,95.0,210.0,EV_104,0.0,1140,0.0,DR667059_19,56.8,45691.8,DR667059,202.74,0.0,59.6,D,SimuProA-4,EV_104
368.003,0.0,57.86,1850.0,0,4.1,1,36.23,4.14,28.0,-22.0,210.0,EV_104,0.018,1150,55.0,DR667059_19,56.9,45691.87,DR667059,202.74,0.0,59.7,D,SimuProA-4,EV_104
364.054,35.0,57.86,2500.0,0,4.07,1,36.22,4.13,38.0,65.0,210.0,EV_104,0.0,1160,0.0,DR667059_19,57.0,45691.98,DR667059,202.74,0.0,59.8,D,SimuProA-4,EV_104
361.952,30.0,57.86,2300.0,0,4.06,1,36.2,4.12,35.0,75.0,210.0,EV_104,0.0,1170,0.0,DR667059_19,57.1,45692.08,DR667059,202.74,0.0,59.9,D,SimuProA-4,EV_104
355.059,55.0,57.86,3000.0,0,4.05,1,36.18,4.14,45.0,110.0,210.0,EV_104,0.0,1180,0.0,DR667059_19,57.2,45692.2,DR667059,202.74,0.0,60.0,D,SimuProA-4,EV_104
366.115,0.0,57.86,1200.0,0,4.09,1,36.18,4.13,18.0,-28.0,210.0,EV_104,0.021,1190,45.0,DR667059_19,57.3,45692.25,DR667059,202.74,0.0,60.1,D,SimuProA-4,EV_104
363.895,45.0,57.86,2750.0,0,4.06,1,36.15,4.13,42.0,85.0,210.0,EV_104,0.0,1200,0.0,DR667059_19,57.4,45692.37,DR667059,202.74,0.0,60.2,D,SimuProA-4,EV_104
369.284,15.0,57.86,2100.0,0,4.09,1,36.15,4.14,32.0,15.0,210.0,EV_104,0.0,1210,0.0,DR667059_19,57.5,45692.46,DR667059,202.74,0.0,60.3,D,SimuProA-4,EV_104
372.305,5.0,57.86,800.0,0,4.1,1,36.15,4.14,12.0,5.0,210.0,EV_104,0.005,1220,25.0,DR667059_19,57.5,45692.49,DR667059,202.74,0.0,60.3,D,SimuProA-4,EV_104
367.304,25.0,57.86,1800.0,0,4.11,1,36.15,4.13,28.0,12.0,210.0,EV_104,0.0,1230,0.0,DR667059_19,57.55,45692.57,DR667059,202.74,0.0,60.35,D,SimuProA-4,EV_104
352.087,65.0,57.86,3800.0,0,4.08,1,36.13,4.14,52.0,145.0,210.0,EV_104,0.0,1240,0.0,DR667059_19,57.7,45692.71,DR667059,202.74,0.0,60.5,D,SimuProA-4,EV_104
364.425,0.0,57.86,1400.0,0,4.1,1,36.13,4.13,22.0,-35.0,210.0,EV_104,0.022,1250,60.0,DR667059_19,57.75,45692.77,DR667059,202.74,0.0,60.55,D,SimuProA-4,EV_104
368.06,35.0,57.86,2600.0,0,4.09,1,36.11,4.13,38.0,45.0,210.0,EV_104,0.0,1260,0.0,DR667059_19,57.8,45692.88,DR667059,202.74,0.0,60.6,D,SimuProA-4,EV_104
365.045,55.0,57.86,2850.0,0,4.08,1,36.11,4.14,42.0,85.0,210.0,EV_104,0.0,1270,0.0,DR667059_19,57.9,45692.99,DR667059,202.74,0.0,60.7,D,SimuProA-4,EV_104
362.533,70.0,57.86,3300.0,0,4.07,1,36.09,4.15,48.0,120.0,210.0,EV_104,0.0,0,0.0,DR667059_20,58.0,45693.13,DR667059,202.74,0.0,60.8,D,SimuProA-4,EV_104
353.989,72.0,57.86,3450.0,0,4.06,1,36.08,4.15,50.0,135.0,210.0,EV_104,0.0,10,0.0,DR667059_20,58.1,45693.27,DR667059,202.74,0.0,60.9,D,SimuProA-4,EV_104
376.225,0.0,57.86,800.0,0,4.09,1,36.07,4.14,12.0,-25.0,210.0,EV_104,0.015,20,45.0,DR667059_20,58.12,45693.3,DR667059,202.74,0.0,60.92,D,SimuProA-4,EV_104
366.375,30.0,57.86,1900.0,0,4.08,1,36.07,4.14,28.0,65.0,210.0,EV_104,0.0,30,0.0,DR667059_20,58.15,45693.38,DR667059,202.74,0.0,60.95,D,SimuProA-4,EV_104
368.332,25.0,57.86,2100.0,0,4.08,1,36.06,4.14,32.0,55.0,210.0,EV_104,0.0,40,0.0,DR667059_20,58.2,45693.47,DR667059,202.74,0.0,61.0,D,SimuProA-4,EV_104
364.167,40.0,57.86,2600.0,0,4.07,1,36.04,4.15,38.0,75.0,210.0,EV_104,0.0,50,0.0,DR667059_20,58.3,45693.57,DR667059,202.74,0.0,61.1,D,SimuProA-4,EV_104
360.305,50.0,57.86,3100.0,0,4.06,1,36.03,4.15,45.0,95.0,210.0,EV_104,0.0,60,0.0,DR667059_20,58.4,45693.7,DR667059,202.74,0.0,61.2,D,SimuProA-4,EV_104
358.598,65.0,57.86,3800.0,0,4.05,1,35.99,4.15,52.0,110.0,210.0,EV_104,0.0,70,0.0,DR667059_20,58.55,45693.84,DR667059,202.74,0.0,61.35,D,SimuProA-4,EV_104
365.056,0.0,57.86,2500.0,0,4.06,1,35.99,4.14,38.0,-35.0,210.0,EV_104,0.028,80,15.0,DR667059_20,58.6,45693.95,DR667059,202.74,0.0,61.4,D,SimuProA-4,EV_104
362.534,55.0,57.86,3300.0,0,4.07,1,35.98,4.15,48.0,85.0,210.0,EV_104,0.0,90,0.0,DR667059_20,58.75,45694.08,DR667059,202.74,0.0,61.55,D,SimuProA-4,EV_104
359.674,70.0,57.86,3900.0,0,4.05,1,35.96,4.15,55.0,120.0,210.0,EV_104,0.0,100,0.0,DR667059_20,58.9,45694.23,DR667059,202.74,0.0,61.7,D,SimuProA-4,EV_104
368.391,0.0,57.86,2400.0,0,4.06,1,35.95,4.14,35.0,-38.0,210.0,EV_104,0.025,110,65.0,DR667059_20,58.95,45694.33,DR667059,202.74,0.0,61.75,D,SimuProA-4,EV_104
363.398,45.0,57.86,2900.0,0,4.07,1,35.94,4.15,42.0,90.0,210.0,EV_104,0.0,120,0.0,DR667059_20,59.05,45694.45,DR667059,202.74,0.0,61.85,D,SimuProA-4,EV_104
361.324,60.0,57.86,3600.0,0,4.06,1,35.92,4.15,52.0,110.0,210.0,EV_104,0.0,130,0.0,DR667059_20,59.1,45694.59,DR667059,202.74,0.0,61.9,D,SimuProA-4,EV_104
358.471,75.0,57.86,4300.0,0,4.04,1,35.9,4.15,62.0,145.0,210.0,EV_104,0.0,140,0.0,DR667059_20,59.25,45694.77,DR667059,202.74,0.0,62.05,D,SimuProA-4,EV_104
364.985,0.0,57.86,1700.0,0,4.05,1,35.87,4.14,25.0,-30.0,210.0,EV_104,0.022,150,55.0,DR667059_20,59.3,45694.84,DR667059,202.74,0.0,62.1,D,SimuProA-4,EV_104
372.516,35.0,57.86,3100.0,0,4.05,1,35.84,4.13,45.0,15.0,210.0,EV_104,0.0,160,0.0,DR667059_20,59.35,45694.96,DR667059,202.74,0.0,62.15,D,SimuProA-4,EV_104
368.85,0.0,57.86,1200.0,0,4.06,1,35.81,4.14,18.0,-25.0,210.0,EV_104,0.02,170,45.0,DR667059_20,59.4,45695.01,DR667059,202.74,0.0,62.2,D,SimuProA-4,EV_104
375.442,50.0,57.86,2200.0,0,4.07,1,35.78,4.15,32.0,45.0,210.0,EV_104,0.0,180,0.0,DR667059_20,59.45,45695.1,DR667059,202.74,0.0,62.25,D,SimuProA-4,EV_104
365.505,60.0,57.86,3300.0,0,4.06,1,35.75,4.15,48.0,85.0,210.0,EV_104,0.0,190,0.0,DR667059_20,59.5,45695.23,DR667059,202.74,0.0,62.3,D,SimuProA-4,EV_104
361.838,45.0,57.86,2400.0,0,4.05,1,35.74,4.15,35.0,120.0,210.0,EV_104,0.0,200,10.0,DR667059_20,59.55,45695.33,DR667059,202.74,0.0,62.35,D,SimuProA-4,EV_104
377.963,0.0,57.86,800.0,0,4.07,1,35.72,4.14,12.0,-35.0,210.0,EV_104,0.025,210,65.0,DR667059_20,59.6,45695.36,DR667059,202.74,0.0,62.4,D,SimuProA-4,EV_104
363.724,35.0,57.86,1650.0,0,4.06,1,35.7,4.15,25.0,65.0,210.0,EV_104,0.0,220,0.0,DR667059_20,59.7,45695.43,DR667059,202.74,0.0,62.5,D,SimuProA-4,EV_104
358.108,65.0,57.86,3100.0,0,4.04,1,35.66,4.15,45.0,130.0,210.0,EV_104,0.0,230,0.0,DR667059_20,59.8,45695.55,DR667059,202.74,0.0,62.6,D,SimuProA-4,EV_104
373.055,0.0,57.86,1350.0,0,4.06,1,35.65,4.14,20.0,-30.0,210.0,EV_104,0.022,240,55.0,DR667059_20,59.85,45695.61,DR667059,202.74,0.0,62.65,D,SimuProA-4,EV_104
366.794,25.0,57.86,1850.0,0,4.06,1,35.63,4.14,28.0,45.0,210.0,EV_104,0.0,250,0.0,DR667059_20,59.9,45695.69,DR667059,202.74,0.0,62.7,D,SimuProA-4,EV_104
359.124,70.0,57.86,3300.0,0,4.03,1,35.62,4.15,48.0,145.0,210.0,EV_104,0.0,260,0.0,DR667059_20,60.0,45695.82,DR667059,202.74,0.0,62.8,D,SimuProA-4,EV_104
372.716,0.0,57.86,1100.0,0,4.06,1,35.59,4.13,18.0,-28.0,210.0,EV_104,0.021,270,50.0,DR667059_20,60.05,45695.87,DR667059,202.74,0.0,62.85,D,SimuProA-4,EV_104
365.21,30.0,57.86,1950.0,0,4.06,1,35.56,4.14,30.0,55.0,210.0,EV_104,0.0,280,0.0,DR667059_20,60.1,45695.95,DR667059,202.74,0.0,62.9,D,SimuProA-4,EV_104
372.013,0.0,57.86,850.0,0,4.06,1,35.55,4.13,15.0,-25.0,210.0,EV_104,0.018,290,45.0,DR667059_20,60.15,45696.0,DR667059,202.74,0.0,62.95,D,SimuProA-4,EV_104
367.939,20.0,57.86,1400.0,0,4.06,1,35.54,4.14,22.0,40.0,210.0,EV_104,0.0,300,0.0,DR667059_20,60.2,45696.06,DR667059,202.74,0.0,63.0,D,SimuProA-4,EV_104
362.918,45.0,57.86,2600.0,0,4.04,1,35.5,4.15,38.0,110.0,210.0,EV_104,0.0,310,0.0,DR667059_20,60.25,45696.17,DR667059,202.74,0.0,63.05,D,SimuProA-4,EV_104
355.103,55.0,57.86,2900.0,0,4.02,1,35.47,4.15,42.0,140.0,210.0,EV_104,0.0,320,0.0,DR667059_20,60.32,45696.28,DR667059,202.74,0.0,63.12,D,SimuProA-4,EV_104
348.358,65.0,57.86,3150.0,0,4.0,1,35.44,4.15,45.0,165.0,210.0,EV_104,0.0,330,0.0,DR667059_20,60.4,45696.41,DR667059,202.74,0.0,63.2,D,SimuProA-4,EV_104
352.577,40.0,57.86,2800.0,0,4.01,1,35.42,4.14,40.0,120.0,210.0,EV_104,0.0,340,0.0,DR667059_20,60.48,45696.52,DR667059,202.74,0.0,63.28,D,SimuProA-4,EV_104
368.157,0.0,57.86,350.0,0,4.05,1,35.42,4.13,12.0,-28.0,210.0,EV_104,0.02,350,65.0,DR667059_20,60.5,45696.55,DR667059,202.74,0.0,63.3,D,SimuProA-4,EV_104
376.513,25.0,57.86,1550.0,0,4.06,1,35.4,4.14,25.0,65.0,210.0,EV_104,0.0,360,0.0,DR667059_20,60.52,45696.62,DR667059,202.74,0.0,63.32,D,SimuProA-4,EV_104
365.67,45.0,57.86,2600.0,0,4.03,1,35.36,4.15,38.0,135.0,210.0,EV_104,0.0,370,0.0,DR667059_20,60.55,45696.73,DR667059,202.74,0.0,63.35,D,SimuProA-4,EV_104
358.389,60.0,57.86,3050.0,0,4.01,1,35.34,4.15,44.0,155.0,210.0,EV_104,0.0,380,0.0,DR667059_20,60.62,45696.85,DR667059,202.74,0.0,63.42,D,SimuProA-4,EV_104
372.981,0.0,57.86,450.0,0,4.06,1,35.34,4.14,15.0,-32.0,210.0,EV_104,0.025,390,75.0,DR667059_20,60.65,45696.89,DR667059,202.74,0.0,63.45,D,SimuProA-4,EV_104
385.348,35.0,57.86,1900.0,0,4.07,1,35.33,4.14,30.0,45.0,210.0,EV_104,0.0,400,0.0,DR667059_20,60.66,45696.97,DR667059,202.74,0.0,63.46,D,SimuProA-4,EV_104
362.827,55.0,57.86,3400.0,0,4.02,1,35.3,4.15,48.0,125.0,210.0,EV_104,0.0,410,0.0,DR667059_20,60.68,45697.11,DR667059,202.74,0.0,63.48,D,SimuProA-4,EV_104
354.644,65.0,57.86,3800.0,0,3.99,1,35.26,4.15,52.0,165.0,210.0,EV_104,0.0,420,0.0,DR667059_20,60.7,45697.25,DR667059,202.74,0.0,63.5,D,SimuProA-4,EV_104
360.421,50.0,57.86,3300.0,0,3.98,1,35.25,4.14,48.0,140.0,210.0,EV_104,0.0,430,0.0,DR667059_20,60.74,45697.38,DR667059,202.74,0.0,63.54,D,SimuProA-4,EV_104
345.112,0.0,57.86,550.0,0,4.05,1,35.23,4.13,18.0,-25.0,210.0,EV_104,0.028,440,60.0,DR667059_20,60.78,45697.43,DR667059,202.74,0.0,63.58,D,SimuProA-4,EV_104
368.744,25.0,57.86,1200.0,0,4.03,1,35.22,4.14,25.0,65.0,210.0,EV_104,0.0,450,0.0,DR667059_20,60.82,45697.5,DR667059,202.74,0.0,63.62,D,SimuProA-4,EV_104
364.621,30.0,57.86,1100.0,0,4.01,1,35.19,4.14,22.0,45.0,210.0,EV_104,0.0,460,0.0,DR667059_20,60.9,45697.56,DR667059,202.74,0.0,63.7,D,SimuProA-4,EV_104
371.922,45.0,57.86,1800.0,0,4.0,1,35.19,4.15,32.0,85.0,210.0,EV_104,0.0,470,0.0,DR667059_20,60.98,45697.65,DR667059,202.74,0.0,63.78,D,SimuProA-4,EV_104
359.013,0.0,57.86,600.0,0,4.06,1,35.18,4.14,12.0,-18.0,210.0,EV_104,0.015,480,55.0,DR667059_20,61.05,45697.68,DR667059,202.74,0.0,63.85,D,SimuProA-4,EV_104
375.284,20.0,57.86,1450.0,0,4.02,1,35.16,4.14,28.0,35.0,210.0,EV_104,0.0,490,0.0,DR667059_20,61.2,45697.76,DR667059,202.74,0.0,64.0,D,SimuProA-4,EV_104
352.445,55.0,57.86,2600.0,0,3.98,1,35.14,4.15,42.0,95.0,210.0,EV_104,0.0,500,0.0,DR667059_20,61.35,45697.87,DR667059,202.74,0.0,64.2,D,SimuProA-4,EV_104
382.848,0.0,57.86,750.0,0,4.08,1,35.12,4.14,15.0,-28.0,210.0,EV_104,0.022,510,45.0,DR667059_20,61.4,45697.92,DR667059,202.74,0.0,64.3,D,SimuProA-4,EV_104
368.285,65.0,57.86,3800.0,0,4.01,1,35.09,4.15,55.0,110.0,210.0,EV_104,0.0,520,0.0,DR667059_20,61.6,45698.07,DR667059,202.74,0.0,64.5,D,SimuProA-4,EV_104
390.295,25.0,57.86,2400.0,0,4.09,1,35.06,4.14,40.0,45.0,210.0,EV_104,0.0,530,0.0,DR667059_20,61.7,45698.18,DR667059,202.74,0.0,64.6,D,SimuProA-4,EV_104
362.629,0.0,57.86,900.0,0,4.1,1,35.05,4.14,18.0,-35.0,210.0,EV_104,0.025,540,60.0,DR667059_20,61.8,45698.23,DR667059,202.74,0.0,64.7,D,SimuProA-4,EV_104
385.115,20.0,57.86,1800.0,0,4.08,1,35.03,4.13,30.0,28.0,210.0,EV_104,0.005,550,10.0,DR667059_20,62.0,45698.31,DR667059,202.74,0.0,64.9,D,SimuProA-4,EV_104
395.183,5.0,57.86,900.0,0,4.09,1,35.02,4.12,15.0,12.0,210.0,EV_104,0.002,560,5.0,DR667059_20,62.1,45698.36,DR667059,202.74,0.0,65.0,D,SimuProA-4,EV_104
379.23,30.0,57.86,2200.0,0,4.05,1,35.0,4.14,35.0,45.0,210.0,EV_104,0.0,570,0.0,DR667059_20,62.2,45698.45,DR667059,202.74,0.0,65.0,D,SimuProA-4,EV_104
370.251,55.0,57.86,3200.0,0,4.04,1,34.97,4.14,50.0,85.0,210.0,EV_104,0.0,580,0.0,DR667059_20,62.3,45698.59,DR667059,202.74,0.0,65.0,D,SimuProA-4,EV_104
388.45,0.0,57.86,1200.0,0,4.09,1,34.96,4.14,20.0,-25.0,210.0,EV_104,0.015,590,45.0,DR667059_20,62.3,45698.64,DR667059,202.74,0.0,65.0,D,SimuProA-4,EV_104
392.545,10.0,57.86,700.0,0,4.08,1,34.96,4.13,12.0,15.0,210.0,EV_104,0.0,600,0.0,DR667059_20,62.4,45698.68,DR667059,202.74,0.0,65.0,D,SimuProA-4,EV_104
394.482,25.0,57.86,1380.0,0,4.095,1,34.95,4.135,22.0,28.5,210.0,EV_104,0.0,610,0.0,DR667059_20,62.42,45698.74,DR667059,202.74,0.0,62.45,D,SimuProA-4,EV_104
385.024,45.0,57.86,2620.0,0,4.08,1,34.93,4.14,42.0,65.0,210.0,EV_104,0.0,620,0.0,DR667059_20,62.48,45698.86,DR667059,202.74,0.0,62.55,D,SimuProA-4,EV_104
390.97,0.0,57.86,1120.0,0,4.11,1,34.93,4.14,18.0,-18.0,210.0,EV_104,0.012,630,35.0,DR667059_20,62.52,45698.91,DR667059,202.74,0.0,62.6,D,SimuProA-4,EV_104
382.523,60.0,57.86,3500.0,0,4.08,1,34.92,4.14,55.0,85.0,210.0,EV_104,0.0,640,0.0,DR667059_20,62.65,45699.06,DR667059,202.74,0.0,62.75,D,SimuProA-4,EV_104
378.855,50.0,57.86,2800.0,0,4.07,1,34.89,4.14,45.0,110.0,210.0,EV_104,0.0,650,0.0,DR667059_20,62.78,45699.19,DR667059,202.74,0.0,62.9,D,SimuProA-4,EV_104
388.456,0.0,57.86,1550.0,0,4.1,1,34.89,4.14,25.0,-35.0,210.0,EV_104,0.022,660,65.0,DR667059_20,62.82,45699.26,DR667059,202.74,0.0,62.95,D,SimuProA-4,EV_104
375.603,65.0,57.86,3650.0,0,4.06,1,34.86,4.14,58.0,125.0,210.0,EV_104,0.0,670,0.0,DR667059_20,62.9,45699.42,DR667059,202.74,0.0,63.05,D,SimuProA-4,EV_104
380.608,0.0,57.86,2500.0,0,4.1,1,34.86,4.14,40.0,-25.0,210.0,EV_104,0.015,680,45.0,DR667059_20,62.95,45699.53,DR667059,202.74,0.0,63.1,D,SimuProA-4,EV_104
384.502,30.0,57.86,2200.0,0,4.08,1,34.84,4.13,35.0,45.0,210.0,EV_104,0.0,690,0.0,DR667059_20,63.0,45699.63,DR667059,202.74,0.0,63.15,D,SimuProA-4,EV_104
381.691,40.0,57.86,2625.0,0,4.08,1,34.82,4.13,42.0,85.0,210.0,EV_104,0.0,700,0.0,DR667059_20,63.05,45699.75,DR667059,202.74,0.0,63.2,D,SimuProA-4,EV_104
395.659,0.0,57.86,1125.0,0,4.11,1,34.82,4.14,18.0,-32.0,210.0,EV_104,0.018,710,55.0,DR667059_20,63.1,45699.8,DR667059,202.74,0.0,63.25,D,SimuProA-4,EV_104
379.9,60.0,57.86,3250.0,0,4.07,1,34.79,4.14,52.0,115.0,210.0,EV_104,0.0,720,0.0,DR667059_20,63.2,45699.94,DR667059,202.74,0.0,63.35,D,SimuProA-4,EV_104
372.514,70.0,57.86,3450.0,0,4.07,1,34.77,4.14,55.0,145.0,210.0,EV_104,0.0,730,0.0,DR667059_20,63.3,45700.09,DR667059,202.74,0.0,63.45,D,SimuProA-4,EV_104
368.619,80.0,57.86,3900.0,0,4.06,1,34.74,4.15,62.0,180.0,210.0,EV_104,0.0,740,0.0,DR667059_20,63.4,45700.27,DR667059,202.74,0.0,63.55,D,SimuProA-4,EV_104
385.189,0.0,57.86,1550.0,0,4.11,1,34.74,4.14,25.0,-38.0,210.0,EV_104,0.02,750,65.0,DR667059_20,63.45,45700.33,DR667059,202.74,0.0,63.6,D,SimuProA-4,EV_104
392.259,35.0,57.86,2400.0,0,4.08,1,34.71,4.14,38.0,45.0,210.0,EV_104,0.0,760,0.0,DR667059_20,63.5,45700.44,DR667059,202.74,0.0,63.7,D,SimuProA-4,EV_104
387.805,45.0,57.86,2650.0,0,4.07,1,34.7,4.14,42.0,75.0,210.0,EV_104,0.0,770,0.0,DR667059_20,63.6,45700.55,DR667059,202.74,0.0,63.8,D,SimuProA-4,EV_104
390.649,20.0,57.86,1900.0,0,4.09,1,34.7,4.13,30.0,25.0,210.0,EV_104,0.0,780,10.0,DR667059_20,63.7,45700.64,DR667059,202.74,0.0,63.9,D,SimuProA-4,EV_104
382.81,65.0,57.86,3450.0,0,4.06,1,34.66,4.14,55.0,145.0,210.0,EV_104,0.0,790,0.0,DR667059_20,63.8,45700.79,DR667059,202.74,0.0,64.0,D,SimuProA-4,EV_104
365.08,75.0,57.86,3000.0,0,4.05,1,34.65,4.15,48.0,195.0,210.0,EV_104,0.0,800,0.0,DR667059_20,64.0,45700.93,DR667059,202.74,0.0,64.2,D,SimuProA-4,EV_104
390.908,0.0,57.86,950.0,0,4.12,1,34.63,4.14,15.0,-35.0,210.0,EV_104,0.02,810,50.0,DR667059_20,64.0,45700.97,DR667059,202.74,0.0,64.2,D,SimuProA-4,EV_104
378.657,50.0,57.86,2800.0,0,4.07,1,34.63,4.14,45.0,85.0,210.0,EV_104,0.0,820,0.0,DR667059_20,64.1,45701.1,DR667059,202.74,0.0,64.3,D,SimuProA-4,EV_104
385.476,15.0,57.86,1600.0,0,4.09,1,34.63,4.13,25.0,35.0,210.0,EV_104,0.0,830,10.0,DR667059_20,64.2,45701.16,DR667059,202.74,0.0,64.4,D,SimuProA-4,EV_104
371.738,40.0,57.86,2400.0,0,4.06,1,34.61,4.15,38.0,110.0,210.0,EV_104,0.0,840,0.0,DR667059_20,64.3,45701.27,DR667059,202.74,0.0,64.5,D,SimuProA-4,EV_104
374.405,10.0,57.86,1250.0,0,4.08,1,34.6,4.14,20.0,25.0,210.0,EV_104,0.0,850,20.0,DR667059_20,64.3,45701.33,DR667059,202.74,0.0,64.5,D,SimuProA-4,EV_104
367.771,65.0,57.86,2600.0,0,4.05,1,34.58,4.15,42.0,140.0,210.0,EV_104,0.0,860,0.0,DR667059_20,64.4,45701.44,DR667059,202.74,0.0,64.6,D,SimuProA-4,EV_104
395.213,0.0,57.86,750.0,0,4.13,1,34.57,4.14,12.0,-28.0,210.0,EV_104,0.02,870,60.0,DR667059_20,64.4,45701.48,DR667059,202.74,0.0,64.6,D,SimuProA-4,EV_104
365.458,70.0,57.86,2800.0,0,4.04,1,34.56,4.15,45.0,135.0,210.0,EV_104,0.0,880,0.0,DR667059_20,64.4,45701.61,DR667059,202.74,0.0,64.7,D,SimuProA-4,EV_104
372.999,10.0,57.86,1350.0,0,4.08,1,34.55,4.14,22.0,45.0,210.0,EV_104,0.01,890,15.0,DR667059_20,64.4,45701.67,DR667059,202.74,0.0,64.7,D,SimuProA-4,EV_104
360.778,55.0,57.86,2200.0,0,4.05,1,34.54,4.15,35.0,115.0,210.0,EV_104,0.0,900,0.0,DR667059_20,64.5,45701.76,DR667059,202.74,0.0,64.8,D,SimuProA-4,EV_104
362.101,45.0,57.86,2400.0,0,4.06,1,34.52,4.14,38.0,85.0,210.0,EV_104,0.0,910,0.0,DR667059_20,64.5,45701.87,DR667059,202.74,0.0,64.9,D,SimuProA-4,EV_104
358.203,60.0,57.86,3000.0,0,4.05,1,34.52,4.15,48.0,125.0,210.0,EV_104,0.0,920,0.0,DR667059_20,64.6,45702.0,DR667059,202.74,0.0,65.0,D,SimuProA-4,EV_104
364.351,0.0,57.86,2000.0,0,4.12,1,34.5,4.14,32.0,-25.0,210.0,EV_104,0.025,930,55.0,DR667059_20,64.6,45702.09,DR667059,202.74,0.0,65.0,D,SimuProA-4,EV_104
371.446,35.0,57.86,2600.0,0,4.07,1,34.49,4.13,42.0,55.0,210.0,EV_104,0.0,940,0.0,DR667059_20,64.7,45702.21,DR667059,202.74,0.0,65.0,D,SimuProA-4,EV_104
354.828,65.0,57.86,3600.0,0,4.05,1,34.48,4.15,55.0,130.0,210.0,EV_104,0.0,950,0.0,DR667059_20,64.8,45702.36,DR667059,202.74,0.0,65.0,D,SimuProA-4,EV_104
368.226,0.0,57.86,1800.0,0,4.11,1,34.46,4.14,30.0,-35.0,210.0,EV_104,0.03,960,60.0,DR667059_20,64.9,45702.44,DR667059,202.74,0.0,65.0,D,SimuProA-4,EV_104
356.848,70.0,57.86,3800.0,0,4.04,1,34.43,4.15,60.0,145.0,210.0,EV_104,0.0,970,0.0,DR667059_20,65.0,45702.61,DR667059,202.74,0.0,65.0,D,SimuProA-4,EV_104
361.645,25.0,57.86,2800.0,0,4.1,1,34.42,4.14,45.0,25.0,210.0,EV_104,0.0,980,0.0,DR667059_20,65.0,45702.73,DR667059,202.74,0.0,65.0,D,SimuProA-4,EV_104
359.438,0.0,57.86,1200.0,0,4.11,1,34.42,4.14,20.0,-30.0,210.0,EV_104,0.028,990,45.0,DR667059_20,65.0,45702.79,DR667059,202.74,0.0,65.0,D,SimuProA-4,EV_104
351.745,60.0,57.86,3500.0,0,4.04,1,34.4,4.15,55.0,140.0,210.0,EV_104,0.0,1000,0.0,DR667059_20,65.0,45702.94,DR667059,202.74,0.0,65.0,D,SimuProA-4,EV_104
348.217,45.0,57.86,2600.0,0,4.03,1,34.38,4.15,42.0,155.0,210.0,EV_104,0.0,1010,0.0,DR667059_20,65.0,45703.06,DR667059,202.74,0.0,65.0,D,SimuProA-4,EV_104
351.629,0.0,57.86,900.0,0,4.1,1,34.36,4.14,15.0,-38.0,210.0,EV_104,0.032,1020,75.0,DR667059_20,65.0,45703.1,DR667059,202.74,0.0,65.0,D,SimuProA-4,EV_104
365.647,28.0,57.86,3000.0,0,4.09,1,34.35,4.13,48.0,12.5,210.0,EV_104,0.0,1030,0.0,DR667059_20,41.2,45703.23,DR667059,202.74,0.0,42.5,D,SimuProA-4,EV_104
358.573,35.0,57.86,3300.0,0,4.08,1,34.35,4.14,52.0,45.0,210.0,EV_104,0.0,1040,0.0,DR667059_20,41.4,45703.38,DR667059,202.74,0.0,42.7,D,SimuProA-4,EV_104
372.484,0.0,57.86,2200.0,0,4.11,1,34.35,4.15,35.0,-25.0,210.0,EV_104,0.025,1050,30.0,DR667059_20,41.5,45703.47,DR667059,202.74,0.0,42.8,D,SimuProA-4,EV_104
346.4,42.0,57.86,2800.0,0,4.02,1,34.32,4.15,45.0,145.2,210.0,EV_104,0.0,1060,0.0,DR667059_20,41.8,45703.6,DR667059,202.74,0.0,43.1,D,SimuProA-4,EV_104
378.089,0.0,57.86,750.0,0,4.12,1,34.32,4.15,12.0,-18.5,210.0,EV_104,0.028,1070,65.0,DR667059_20,41.9,45703.63,DR667059,202.74,0.0,43.2,D,SimuProA-4,EV_104
348.992,55.0,57.86,2400.0,0,4.01,1,34.31,4.15,38.0,135.8,210.0,EV_104,0.0,1080,0.0,DR667059_20,42.0,45703.73,DR667059,202.74,0.0,43.3,D,SimuProA-4,EV_104
398.413,0.0,57.86,0.0,0,4.13,1,34.31,4.15,0.0,-32.0,210.0,EV_104,0.03,1090,100.0,DR667059_20,42.0,45703.73,DR667059,202.74,0.0,43.3,D,SimuProA-4,EV_104
351.801,45.0,57.86,500.0,0,4.03,1,34.29,4.15,8.0,85.0,210.0,EV_104,0.0,1100,0.0,DR667059_20,42.1,45703.75,DR667059,202.74,0.0,43.4,D,SimuProA-4,EV_104
385.218,0.0,57.86,1100.0,0,4.1,1,34.28,4.15,18.0,-15.0,210.0,EV_104,0.015,1110,15.0,DR667059_20,42.2,45703.8,DR667059,202.74,0.0,43.5,D,SimuProA-4,EV_104
392.119,40.0,57.86,1800.0,0,4.11,1,34.25,4.15,28.0,65.0,210.0,EV_104,0.0,1120,0.0,DR667059_20,42.2,45703.88,DR667059,202.74,0.0,43.5,D,SimuProA-4,EV_104
387.894,15.0,57.86,950.0,0,4.12,1,34.24,4.14,15.0,45.0,210.0,EV_104,0.0,1130,10.0,DR667059_20,42.3,45703.92,DR667059,202.74,0.0,43.6,D,SimuProA-4,EV_104
397.201,0.0,57.86,300.0,0,4.13,1,34.24,4.15,5.0,-22.0,210.0,EV_104,0.018,1140,45.0,DR667059_20,42.3,45703.93,DR667059,202.74,0.0,43.6,D,SimuProA-4,EV_104
383.442,55.0,57.86,2100.0,0,4.02,1,34.21,4.15,32.0,95.0,210.0,EV_104,0.0,1150,0.0,DR667059_20,42.4,45704.02,DR667059,202.74,0.0,43.8,D,SimuProA-4,EV_104
387.943,10.0,57.86,750.0,0,4.08,1,34.19,4.15,12.0,25.0,210.0,EV_104,0.0,1160,15.0,DR667059_20,42.5,45704.05,DR667059,202.74,0.0,43.9,D,SimuProA-4,EV_104
380.647,65.0,57.86,2600.0,0,3.99,1,34.19,4.15,38.0,110.0,210.0,EV_104,0.0,1170,0.0,DR667059_20,42.6,45704.16,DR667059,202.74,0.0,44.1,D,SimuProA-4,EV_104
372.741,75.0,57.86,3800.0,0,3.95,1,34.17,4.15,52.0,185.0,210.0,EV_104,0.0,1180,0.0,DR667059_20,42.8,45704.3,DR667059,202.74,0.0,44.3,D,SimuProA-4,EV_104
385.311,20.0,57.86,1600.0,0,4.05,1,34.15,4.14,25.0,35.0,210.0,EV_104,0.0,1190,10.0,DR667059_20,42.9,45704.37,DR667059,202.74,0.0,44.4,D,SimuProA-4,EV_104
391.901,5.0,57.86,500.0,0,4.09,1,34.15,4.13,8.0,12.0,210.0,EV_104,0.012,1200,25.0,DR667059_20,43.0,45704.4,DR667059,202.74,0.0,44.5,D,SimuProA-4,EV_104
387.754,35.0,57.86,1100.0,0,4.06,1,34.14,4.14,18.0,45.0,210.0,EV_104,0.0,1210,0.0,DR667059_20,43.1,45704.45,DR667059,202.74,0.0,44.6,D,SimuProA-4,EV_104
392.533,0.0,57.86,300.0,0,4.1,1,34.13,4.13,5.0,8.5,210.0,EV_104,0.015,1220,45.0,DR667059_20,43.1,45704.46,DR667059,202.74,0.0,44.6,D,SimuProA-4,EV_104
388.661,45.0,57.86,1700.0,0,4.05,1,34.12,4.14,28.0,55.0,210.0,EV_104,0.0,1230,0.0,DR667059_20,43.2,45704.54,DR667059,202.74,0.0,44.7,D,SimuProA-4,EV_104
389.727,15.0,57.86,600.0,0,4.08,1,34.11,4.13,12.0,25.0,210.0,EV_104,0.0,1240,10.0,DR667059_20,43.25,45704.57,DR667059,202.74,0.0,44.75,D,SimuProA-4,EV_104
382.572,55.0,57.86,2200.0,0,4.06,1,34.08,4.14,35.0,75.0,210.0,EV_104,0.0,1250,0.0,DR667059_20,43.35,45704.67,DR667059,202.74,0.0,44.85,D,SimuProA-4,EV_104
394.646,0.0,57.86,800.0,0,4.09,1,34.08,4.15,15.0,-28.0,210.0,EV_104,0.025,1260,65.0,DR667059_20,43.4,45704.71,DR667059,202.74,0.0,44.9,D,SimuProA-4,EV_104
387.316,60.0,57.86,2800.0,0,4.05,1,34.07,4.14,42.0,110.0,210.0,EV_104,0.0,1270,0.0,DR667059_20,43.45,45704.83,DR667059,202.74,0.0,44.95,D,SimuProA-4,EV_104
393.868,15.0,57.86,1100.0,0,4.08,1,34.07,4.13,18.0,35.0,210.0,EV_104,0.0,0,10.0,DR667059_21,43.48,45704.88,DR667059,202.74,0.0,44.98,D,SimuProA-4,EV_104
385.916,50.0,57.86,2100.0,0,4.06,1,34.07,4.14,32.0,85.0,210.0,EV_104,0.0,10,0.0,DR667059_21,43.55,45704.97,DR667059,202.74,0.0,45.05,D,SimuProA-4,EV_104
389.949,45.0,57.86,1800.0,0,4.07,1,34.05,4.13,28.0,65.0,210.0,EV_104,0.0,20,0.0,DR667059_21,43.6,45705.05,DR667059,202.74,0.0,45.1,D,SimuProA-4,EV_104
388.06,55.0,57.86,2400.0,0,4.06,1,34.05,4.14,38.0,95.0,210.0,EV_104,0.0,30,0.0,DR667059_21,43.65,45705.15,DR667059,202.74,0.0,45.15,D,SimuProA-4,EV_104
396.336,0.0,57.86,600.0,0,4.1,1,34.05,4.15,10.0,-35.0,210.0,EV_104,0.028,40,75.0,DR667059_21,43.7,45705.18,DR667059,202.74,0.0,45.2,D,SimuProA-4,EV_104
391.926,20.0,57.86,1400.0,0,4.085,1,34.05,4.135,22.0,45.0,210.0,EV_104,0.0,50,0.0,DR667059_21,43.75,45705.24,DR667059,202.74,0.0,45.25,D,SimuProA-4,EV_104
387.611,40.0,57.86,2200.0,0,4.065,1,34.03,4.14,35.0,75.0,210.0,EV_104,0.0,60,0.0,DR667059_21,43.82,45705.34,DR667059,202.74,0.0,45.32,D,SimuProA-4,EV_104
390.431,0.0,57.86,750.0,0,4.09,1,34.03,4.145,12.0,-25.0,210.0,EV_104,0.022,70,55.0,DR667059_21,43.88,45705.37,DR667059,202.74,0.0,45.38,D,SimuProA-4,EV_104
384.171,45.0,57.86,2650.0,0,4.06,1,34.0,4.14,42.0,85.0,210.0,EV_104,0.0,80,0.0,DR667059_21,43.95,45705.49,DR667059,202.74,0.0,45.45,D,SimuProA-4,EV_104
380.173,65.0,57.86,3300.0,0,4.05,1,33.99,4.14,52.0,110.0,210.0,EV_104,0.0,90,0.0,DR667059_21,44.08,45705.63,DR667059,202.74,0.0,45.58,D,SimuProA-4,EV_104
372.979,75.0,57.86,3800.0,0,4.03,1,33.98,4.15,60.0,145.0,210.0,EV_104,0.0,100,0.0,DR667059_21,44.22,45705.8,DR667059,202.74,0.0,45.72,D,SimuProA-4,EV_104
368.623,78.0,57.86,3950.0,0,4.02,1,33.96,4.15,62.0,165.0,210.0,EV_104,0.0,110,0.0,DR667059_21,44.35,45705.97,DR667059,202.74,0.0,45.85,D,SimuProA-4,EV_104
375.378,0.0,57.86,1550.0,0,4.095,1,33.96,4.148,25.0,-32.0,210.0,EV_104,0.028,120,65.0,DR667059_21,44.38,45706.04,DR667059,202.74,0.0,45.88,D,SimuProA-4,EV_104
391.924,5.0,57.86,500.0,0,4.065,1,33.94,4.14,8.0,12.0,210.0,EV_104,0.0,130,20.0,DR667059_21,44.4,45706.06,DR667059,202.74,0.0,45.9,D,SimuProA-4,EV_104
394.13,15.0,57.86,950.0,0,4.07,1,33.91,4.145,15.0,25.0,210.0,EV_104,0.0,140,0.0,DR667059_21,44.42,45706.1,DR667059,202.74,0.0,45.92,D,SimuProA-4,EV_104
385.177,45.0,57.86,1800.0,0,4.04,1,33.91,4.15,28.0,85.0,210.0,EV_104,0.0,150,0.0,DR667059_21,44.45,45706.18,DR667059,202.74,0.0,45.95,D,SimuProA-4,EV_104
377.825,60.0,57.86,2700.0,0,4.01,1,33.91,4.15,42.0,130.0,210.0,EV_104,0.0,160,0.0,DR667059_21,44.48,45706.3,DR667059,202.74,0.0,45.98,D,SimuProA-4,EV_104
382.183,30.0,57.86,2100.0,0,4.035,1,33.9,4.148,35.0,55.0,210.0,EV_104,0.0,170,0.0,DR667059_21,44.62,45706.4,DR667059,202.74,0.0,46.12,D,SimuProA-4,EV_104
370.28,55.0,57.86,3100.0,0,4.01,1,33.87,4.15,48.0,110.0,210.0,EV_104,0.0,180,0.0,DR667059_21,44.75,45706.53,DR667059,202.74,0.0,46.25,D,SimuProA-4,EV_104
366.128,75.0,57.86,3900.0,0,3.99,1,33.85,4.15,60.0,145.0,210.0,EV_104,0.0,190,0.0,DR667059_21,44.9,45706.7,DR667059,202.74,0.0,46.4,D,SimuProA-4,EV_104
369.091,40.0,57.86,3300.0,0,4.005,1,33.84,4.145,52.0,95.0,210.0,EV_104,0.0,200,0.0,DR667059_21,45.05,45706.84,DR667059,202.74,0.0,46.52,D,SimuProA-4,EV_104
357.777,0.0,57.86,2400.0,0,3.98,1,33.81,4.11,38.0,-35.0,210.0,EV_104,0.012,210,65.0,DR667059_21,45.12,45706.95,DR667059,202.74,0.0,46.6,D,SimuProA-4,EV_104
365.67,15.0,57.86,950.0,0,4.02,1,33.81,4.13,15.0,45.0,210.0,EV_104,0.0,220,10.0,DR667059_21,45.2,45706.99,DR667059,202.74,0.0,46.68,D,SimuProA-4,EV_104
362.845,25.0,57.86,1600.0,0,4.01,1,33.81,4.14,25.0,65.0,210.0,EV_104,0.0,230,0.0,DR667059_21,45.28,45707.06,DR667059,202.74,0.0,46.75,D,SimuProA-4,EV_104
374.162,0.0,57.86,650.0,0,4.03,1,33.81,4.15,10.0,-28.0,210.0,EV_104,0.015,240,55.0,DR667059_21,45.35,45707.09,DR667059,202.74,0.0,46.82,D,SimuProA-4,EV_104
372.883,0.0,57.86,0.0,0,4.04,1,33.8,4.14,0.0,5.0,210.0,EV_104,0.0,250,85.0,DR667059_21,45.42,45707.09,DR667059,202.74,0.0,46.88,D,SimuProA-4,EV_104
372.574,8.0,57.86,130.0,0,4.03,1,33.78,4.14,5.2,12.5,210.0,EV_104,0.0,260,0.0,DR667059_21,45.48,45707.1,DR667059,202.74,0.0,46.95,D,SimuProA-4,EV_104
370.025,35.0,57.86,1170.0,0,4.02,1,33.78,4.15,18.5,42.0,210.0,EV_104,0.0,270,0.0,DR667059_21,45.55,45707.16,DR667059,202.74,0.0,47.02,D,SimuProA-4,EV_104
368.205,45.0,57.86,2040.0,0,4.01,1,33.78,4.15,32.0,68.0,210.0,EV_104,0.0,280,0.0,DR667059_21,45.62,45707.24,DR667059,202.74,0.0,47.1,D,SimuProA-4,EV_104
369.744,25.0,57.86,660.0,0,4.01,1,33.76,4.15,22.0,45.0,210.0,EV_104,0.0,290,0.0,DR667059_21,45.7,45707.3,DR667059,202.74,0.0,47.18,D,SimuProA-4,EV_104
376.64,0.0,57.86,240.0,0,4.05,1,33.75,4.15,8.0,-35.0,210.0,EV_104,0.02,300,65.0,DR667059_21,45.72,45707.32,DR667059,202.74,0.0,47.2,D,SimuProA-4,EV_104
371.824,15.0,57.86,360.0,0,4.03,1,33.75,4.14,12.0,15.0,210.0,EV_104,0.0,310,0.0,DR667059_21,45.75,45707.36,DR667059,202.74,0.0,47.25,D,SimuProA-4,EV_104
365.468,30.0,57.86,1680.0,0,4.0,1,33.74,4.14,28.0,55.0,210.0,EV_104,0.0,320,0.0,DR667059_21,45.85,45707.44,DR667059,202.74,0.0,47.35,D,SimuProA-4,EV_104
359.799,60.0,57.86,2800.0,0,3.98,1,33.71,4.15,42.0,110.0,210.0,EV_104,0.0,330,0.0,DR667059_21,45.95,45707.55,DR667059,202.74,0.0,47.45,D,SimuProA-4,EV_104
362.84,0.0,57.86,450.0,0,4.06,1,33.71,4.15,15.0,-25.0,210.0,EV_104,0.02,340,45.0,DR667059_21,46.0,45707.6,DR667059,202.74,0.0,47.5,D,SimuProA-4,EV_104
372.443,25.0,57.86,2100.0,0,4.02,1,33.68,4.13,35.0,45.0,210.0,EV_104,0.0,350,0.0,DR667059_21,46.05,45707.7,DR667059,202.74,0.0,47.55,D,SimuProA-4,EV_104
368.229,45.0,57.86,3200.0,0,4.0,1,33.68,4.14,48.0,75.0,210.0,EV_104,0.0,360,0.0,DR667059_21,46.1,45707.83,DR667059,202.74,0.0,47.6,D,SimuProA-4,EV_104
378.722,0.0,57.86,1100.0,0,4.08,1,33.68,4.15,22.0,-18.0,210.0,EV_104,0.02,370,15.0,DR667059_21,46.15,45707.89,DR667059,202.74,0.0,47.65,D,SimuProA-4,EV_104
365.984,55.0,57.86,3450.0,0,3.99,1,33.65,4.14,52.0,95.0,210.0,EV_104,0.0,380,0.0,DR667059_21,46.2,45708.03,DR667059,202.74,0.0,47.75,D,SimuProA-4,EV_104
375.664,0.0,57.86,1800.0,0,4.07,1,33.65,4.15,28.0,-22.0,210.0,EV_104,0.025,390,35.0,DR667059_21,46.25,45708.11,DR667059,202.74,0.0,47.8,D,SimuProA-4,EV_104
359.656,65.0,57.86,2950.0,0,3.97,1,33.63,4.15,45.0,115.0,210.0,EV_104,0.0,400,0.0,DR667059_21,46.35,45708.24,DR667059,202.74,0.0,47.9,D,SimuProA-4,EV_104
376.535,0.0,57.86,1650.0,0,4.05,1,33.61,4.15,25.0,-25.0,210.0,EV_104,0.028,410,45.0,DR667059_21,46.4,45708.31,DR667059,202.74,0.0,47.95,D,SimuProA-4,EV_104
361.72,70.0,57.86,3650.0,0,3.98,1,33.6,4.15,55.0,125.0,210.0,EV_104,0.0,420,0.0,DR667059_21,46.5,45708.46,DR667059,202.74,0.0,48.05,D,SimuProA-4,EV_104
372.506,35.0,57.86,2800.0,0,4.02,1,33.6,4.14,42.0,18.0,210.0,EV_104,0.0,430,5.0,DR667059_21,46.45,45708.58,DR667059,202.74,0.0,48.0,D,SimuProA-4,EV_104
