volt_V,accelerator_pedal_pct,payload_kg,motor_rpm,charger_connected,min_single_volt_V,hvac_active,soc_pct,max_single_volt_V,avg_speed_kmh,current_A,nominal_capacity_Ah,vehicle_name,regenerative_braking_Ah,timestamp_s,brake_pedal_pct,id_segment,min_temp_C,mileage_km,id,actual_max_capacity_Ah,label,max_temp_C,gear_position,car_model,car_id
364.964,75.0,1.37,4728.0,0,4.095,1,43.34,4.176,118.2,145.5,185.0,EV_109,0.0,330,0.0,DR549817_16,65.0,51820.51,DR549817,179.29,0.0,65.0,D,SimuProB-4,EV_109
367.904,35.0,1.37,4420.0,0,4.098,1,43.31,4.178,110.5,110.2,185.0,EV_109,0.0,340,0.0,DR549817_16,65.0,51820.82,DR549817,179.29,0.0,65.0,D,SimuProB-4,EV_109
362.799,0.0,1.37,4200.0,0,4.102,1,43.29,4.18,105.0,-28.4,185.0,EV_109,0.08,350,15.0,DR549817_16,65.0,51821.11,DR549817,179.29,0.0,65.0,D,SimuProB-4,EV_109
365.846,45.0,1.37,4572.0,0,4.105,1,43.28,4.182,114.3,135.4,185.0,EV_109,0.0,360,0.0,DR549817_16,65.0,51821.43,DR549817,179.29,0.0,65.0,D,SimuProB-4,EV_109
363.547,85.0,1.37,4792.0,0,4.108,1,43.25,4.185,119.8,158.7,185.0,EV_109,0.0,370,0.0,DR549817_16,65.0,51821.76,DR549817,179.29,0.0,65.0,D,SimuProB-4,EV_109
365.691,0.0,1.37,4460.0,0,4.111,1,43.24,4.188,111.5,-42.1,185.0,EV_109,0.09,380,40.0,DR549817_16,65.0,51822.07,DR549817,179.29,0.0,65.0,D,SimuProB-4,EV_109
360.26,90.0,1.37,4896.0,0,4.115,1,43.21,4.192,122.4,175.5,185.0,EV_109,0.0,390,0.0,DR549817_16,65.0,51822.41,DR549817,179.29,0.0,65.0,D,SimuProB-4,EV_109
364.068,0.0,1.37,4592.0,0,4.118,1,43.2,4.195,114.8,-55.8,185.0,EV_109,0.09,400,55.0,DR549817_16,65.0,51822.73,DR549817,179.29,0.0,65.0,D,SimuProB-4,EV_109
366.697,48.0,1.37,4744.0,0,4.121,1,43.2,4.198,118.6,142.3,185.0,EV_109,0.0,410,0.0,DR549817_16,65.0,51823.06,DR549817,179.29,0.0,65.0,D,SimuProB-4,EV_109
362.221,92.0,1.37,4940.0,0,4.124,1,43.18,4.201,123.5,165.4,185.0,EV_109,0.0,420,0.0,DR549817_16,65.0,51823.4,DR549817,179.29,0.0,65.0,D,SimuProB-4,EV_109
365.948,0.0,1.37,4608.0,0,4.127,1,43.16,4.204,115.2,-48.5,185.0,EV_109,0.08,430,35.0,DR549817_16,65.0,51823.72,DR549817,179.29,0.0,65.0,D,SimuProB-4,EV_109
361.564,88.0,1.37,4872.0,0,4.13,1,43.14,4.207,121.8,170.2,185.0,EV_109,0.0,440,0.0,DR549817_16,65.0,51824.06,DR549817,179.29,0.0,65.0,D,SimuProB-4,EV_109
367.224,55.0,1.37,4900.0,0,4.133,1,43.11,4.21,122.5,145.8,185.0,EV_109,0.0,450,0.0,DR549817_16,65.0,51824.4,DR549817,179.29,0.0,65.0,D,SimuProB-4,EV_109
363.493,95.0,1.37,4968.0,0,4.136,1,43.1,4.213,124.2,178.5,185.0,EV_109,0.0,460,0.0,DR549817_16,65.0,51824.75,DR549817,179.29,0.0,65.0,D,SimuProB-4,EV_109
366.124,42.0,1.37,4792.0,0,4.139,1,43.07,4.216,119.8,132.4,185.0,EV_109,0.0,470,0.0,DR549817_16,65.0,51825.08,DR549817,179.29,0.0,65.0,D,SimuProB-4,EV_109
365.006,65.0,1.37,4940.0,0,4.141,1,43.04,4.218,123.5,155.3,185.0,EV_109,0.0,480,0.0,DR549817_16,65.0,51825.42,DR549817,179.29,0.0,65.0,D,SimuProB-4,EV_109
361.01,92.0,1.37,5072.0,0,4.144,1,43.0,4.221,126.8,185.6,185.0,EV_109,0.0,490,0.0,DR549817_16,65.0,51825.78,DR549817,179.29,0.0,65.0,D,SimuProB-4,EV_109
368.851,0.0,1.37,4496.0,0,4.147,1,43.0,4.224,112.4,-42.1,185.0,EV_109,0.06,500,28.0,DR549817_16,65.0,51826.09,DR549817,179.29,0.0,65.0,D,SimuProB-4,EV_109
363.257,45.0,1.37,4740.0,0,4.142,1,42.98,4.219,118.5,145.2,185.0,EV_109,0.0,510,0.0,DR549817_16,65.0,51826.42,DR549817,179.29,0.0,65.0,D,SimuProB-4,EV_109
359.871,60.0,1.37,4884.0,0,4.145,1,42.97,4.222,122.1,172.8,185.0,EV_109,0.0,520,0.0,DR549817_16,65.0,51826.76,DR549817,179.29,0.0,65.0,D,SimuProB-4,EV_109
366.644,0.0,1.37,4328.0,0,4.148,1,42.97,4.225,108.2,-35.4,185.0,EV_109,0.05,530,22.0,DR549817_16,65.0,51827.06,DR549817,179.29,0.0,65.0,D,SimuProB-4,EV_109
357.837,45.0,1.37,4740.0,0,4.141,1,42.95,4.223,118.5,192.5,185.0,EV_109,0.0,540,0.0,DR549817_16,65.0,51827.39,DR549817,179.29,0.0,65.0,D,SimuProB-4,EV_109
360.097,0.0,1.37,4568.0,0,4.144,1,42.94,4.226,114.2,-28.5,185.0,EV_109,0.04,550,18.0,DR549817_16,65.0,51827.71,DR549817,179.29,0.0,65.0,D,SimuProB-4,EV_109
356.892,55.0,1.37,4820.0,0,4.139,1,42.93,4.221,120.5,178.9,185.0,EV_109,0.0,560,0.0,DR549817_16,65.0,51828.04,DR549817,179.29,0.0,65.0,D,SimuProB-4,EV_109
355.226,58.0,1.37,4872.0,0,4.137,1,42.91,4.22,121.8,185.3,185.0,EV_109,0.0,570,0.0,DR549817_16,65.0,51828.38,DR549817,179.29,0.0,65.0,D,SimuProB-4,EV_109
347.757,65.0,1.37,4980.0,0,4.135,1,42.88,4.218,124.5,195.6,185.0,EV_109,0.0,580,0.0,DR549817_16,65.0,51828.72,DR549817,179.29,0.0,65.0,D,SimuProB-4,EV_109
352.49,42.0,1.37,4760.0,0,4.138,1,42.87,4.222,119.0,160.2,185.0,EV_109,0.0,590,0.0,DR549817_16,65.0,51829.05,DR549817,179.29,0.0,65.0,D,SimuProB-4,EV_109
348.995,38.0,1.37,4740.0,0,4.136,1,42.85,4.22,118.5,145.8,185.0,EV_109,0.0,600,0.0,DR549817_16,65.0,51829.38,DR549817,179.29,0.0,65.0,D,SimuProB-4,EV_109
347.241,52.0,1.37,4912.0,0,4.134,1,42.84,4.218,122.8,168.4,185.0,EV_109,0.0,610,0.0,DR549817_16,65.0,51829.72,DR549817,179.29,0.0,65.0,D,SimuProB-4,EV_109
350.859,0.0,1.37,4500.0,0,4.142,1,42.84,4.224,112.5,-35.2,185.0,EV_109,0.06,620,25.0,DR549817_16,65.0,51830.03,DR549817,179.29,0.0,65.0,D,SimuProB-4,EV_109
349.021,45.0,1.37,4680.0,0,4.14,1,42.82,4.225,117.0,155.0,185.0,EV_109,0.0,630,0.0,DR549817_16,65.0,51830.35,DR549817,179.29,0.0,65.0,D,SimuProB-4,EV_109
346.525,60.0,1.37,4820.0,0,4.132,1,42.8,4.23,120.5,185.0,185.0,EV_109,0.0,640,0.0,DR549817_16,65.0,51830.69,DR549817,179.29,0.0,65.0,D,SimuProB-4,EV_109
347.781,35.0,1.37,4600.0,0,4.138,1,42.8,4.228,115.0,140.0,185.0,EV_109,0.0,650,0.0,DR549817_16,65.0,51831.01,DR549817,179.29,0.0,65.0,D,SimuProB-4,EV_109
346.054,58.0,1.37,4768.0,0,4.128,1,42.77,4.235,119.2,175.5,185.0,EV_109,0.0,660,0.0,DR549817_16,65.0,51831.34,DR549817,179.29,0.0,65.0,D,SimuProB-4,EV_109
347.921,32.0,1.37,4580.0,0,4.136,1,42.75,4.226,114.5,130.2,185.0,EV_109,0.0,670,0.0,DR549817_16,65.0,51831.66,DR549817,179.29,0.0,65.0,D,SimuProB-4,EV_109
345.121,65.0,1.37,4872.0,0,4.125,1,42.72,4.238,121.8,192.3,185.0,EV_109,0.0,680,0.0,DR549817_16,65.0,51832.0,DR549817,179.29,0.0,65.0,D,SimuProB-4,EV_109
345.219,68.0,1.37,4896.0,0,4.122,1,42.67,4.24,122.4,195.5,185.0,EV_109,0.0,690,0.0,DR549817_16,65.0,51832.34,DR549817,179.29,0.0,65.0,D,SimuProB-4,EV_109
346.095,38.0,1.37,4660.0,0,4.13,1,42.66,4.232,116.5,145.0,185.0,EV_109,0.0,700,0.0,DR549817_16,65.0,51832.66,DR549817,179.29,0.0,65.0,D,SimuProB-4,EV_109
347.969,30.0,1.37,4480.0,0,4.135,1,42.64,4.228,112.0,135.0,185.0,EV_109,0.0,710,0.0,DR549817_16,65.0,51832.97,DR549817,179.29,0.0,65.0,D,SimuProB-4,EV_109
347.505,28.0,1.37,4408.0,0,4.132,1,42.63,4.225,110.2,138.5,185.0,EV_109,0.0,720,0.0,DR549817_16,65.0,51833.28,DR549817,179.29,0.0,65.0,D,SimuProB-4,EV_109
346.653,35.0,1.37,4460.0,0,4.129,1,42.62,4.222,111.5,142.1,185.0,EV_109,0.0,730,0.0,DR549817_16,65.0,51833.59,DR549817,179.29,0.0,65.0,D,SimuProB-4,EV_109
346.166,40.0,1.37,4520.0,0,4.124,1,42.59,4.228,113.0,148.3,185.0,EV_109,0.0,740,0.0,DR549817_16,65.0,51833.9,DR549817,179.29,0.0,65.0,D,SimuProB-4,EV_109
346.235,32.0,1.37,4496.0,0,4.126,1,42.58,4.224,112.4,140.5,185.0,EV_109,0.0,750,0.0,DR549817_16,65.0,51834.21,DR549817,179.29,0.0,65.0,D,SimuProB-4,EV_109
345.143,45.0,1.37,4592.0,0,4.122,1,42.54,4.23,114.8,155.2,185.0,EV_109,0.0,760,0.0,DR549817_16,65.0,51834.53,DR549817,179.29,0.0,65.0,D,SimuProB-4,EV_109
347.21,25.0,1.37,4340.0,0,4.128,1,42.54,4.226,108.5,125.0,185.0,EV_109,0.0,770,0.0,DR549817_16,65.0,51834.83,DR549817,179.29,0.0,65.0,D,SimuProB-4,EV_109
346.09,30.0,1.37,4408.0,0,4.125,1,42.53,4.228,110.2,132.5,185.0,EV_109,0.0,780,0.0,DR549817_16,65.0,51835.14,DR549817,179.29,0.0,65.0,D,SimuProB-4,EV_109
345.235,42.0,1.37,4540.0,0,4.121,1,42.51,4.232,113.5,145.8,185.0,EV_109,0.0,790,0.0,DR549817_16,65.0,51835.45,DR549817,179.29,0.0,65.0,D,SimuProB-4,EV_109
345.803,22.0,1.37,4272.0,0,4.127,1,42.48,4.225,106.8,118.4,185.0,EV_109,0.0,800,0.0,DR549817_16,65.0,51835.75,DR549817,179.29,0.0,65.0,D,SimuProB-4,EV_109
345.554,28.0,1.37,4380.0,0,4.124,1,42.45,4.23,109.5,128.3,185.0,EV_109,0.0,810,0.0,DR549817_16,65.0,51836.05,DR549817,179.29,0.0,65.0,D,SimuProB-4,EV_109
344.373,48.0,1.37,4648.0,0,4.12,1,42.44,4.235,116.2,158.6,185.0,EV_109,0.0,820,0.0,DR549817_16,65.0,51836.38,DR549817,179.29,0.0,65.0,D,SimuProB-4,EV_109
346.862,18.0,1.37,4100.0,0,4.126,1,42.43,4.228,102.5,95.4,185.0,EV_109,0.0,830,0.0,DR549817_16,65.0,51836.66,DR549817,179.29,0.0,65.0,D,SimuProB-4,EV_109
344.738,32.0,1.37,4408.0,0,4.122,1,42.41,4.234,110.2,135.5,185.0,EV_109,0.0,840,0.0,DR549817_16,65.0,51836.97,DR549817,179.29,0.0,65.0,D,SimuProB-4,EV_109
345.216,38.0,1.37,4512.0,0,4.121,1,42.4,4.236,112.8,148.2,185.0,EV_109,0.0,850,0.0,DR549817_16,65.0,51837.28,DR549817,179.29,0.0,65.0,D,SimuProB-4,EV_109
346.807,20.0,1.37,4180.0,0,4.125,1,42.4,4.23,104.5,98.6,185.0,EV_109,0.0,860,0.0,DR549817_16,65.0,51837.57,DR549817,179.29,0.0,65.0,D,SimuProB-4,EV_109
345.044,35.0,1.37,4460.0,0,4.123,1,42.39,4.232,111.5,132.0,185.0,EV_109,0.0,870,0.0,DR549817_16,65.0,51837.88,DR549817,179.29,0.0,65.0,D,SimuProB-4,EV_109
343.559,42.0,1.37,4600.0,0,4.12,1,42.38,4.238,115.0,145.5,185.0,EV_109,0.0,880,0.0,DR549817_16,65.0,51838.2,DR549817,179.29,0.0,65.0,D,SimuProB-4,EV_109
346.08,22.0,1.37,4240.0,0,4.125,1,42.37,4.23,106.0,105.0,185.0,EV_109,0.0,890,0.0,DR549817_16,65.0,51838.49,DR549817,179.29,0.0,65.0,D,SimuProB-4,EV_109
344.05,36.0,1.37,4528.0,0,4.122,1,42.35,4.235,113.2,138.5,185.0,EV_109,0.0,900,0.0,DR549817_16,65.0,51838.8,DR549817,179.29,0.0,65.0,D,SimuProB-4,EV_109
346.144,25.0,1.37,4340.0,0,4.124,1,42.32,4.231,108.5,95.2,185.0,EV_109,0.0,910,0.0,DR549817_16,65.0,51839.11,DR549817,179.29,0.0,65.0,D,SimuProB-4,EV_109
344.072,40.0,1.37,4560.0,0,4.12,1,42.31,4.237,114.0,142.0,185.0,EV_109,0.0,920,0.0,DR549817_16,65.0,51839.42,DR549817,179.29,0.0,65.0,D,SimuProB-4,EV_109
343.447,44.0,1.37,4660.0,0,4.119,1,42.28,4.238,116.5,148.0,185.0,EV_109,0.0,930,0.0,DR549817_16,65.0,51839.74,DR549817,179.29,0.0,65.0,D,SimuProB-4,EV_109
347.089,24.0,1.37,4360.0,0,4.125,1,42.27,4.232,109.0,92.5,185.0,EV_109,0.0,940,0.0,DR549817_16,65.0,51840.05,DR549817,179.29,0.0,65.0,D,SimuProB-4,EV_109
344.075,38.0,1.37,4480.0,0,4.121,1,42.26,4.236,112.0,135.0,185.0,EV_109,0.0,950,0.0,DR549817_16,65.0,51840.36,DR549817,179.29,0.0,65.0,D,SimuProB-4,EV_109
342.9,42.0,1.37,4608.0,0,4.122,1,42.23,4.235,115.2,145.5,185.0,EV_109,0.0,960,0.0,DR549817_16,65.0,51840.68,DR549817,179.29,0.0,65.0,D,SimuProB-4,EV_109
346.327,22.0,1.37,4260.0,0,4.126,1,42.23,4.23,106.5,98.4,185.0,EV_109,0.0,970,0.0,DR549817_16,65.0,51840.98,DR549817,179.29,0.0,65.0,D,SimuProB-4,EV_109
343.694,48.0,1.37,4740.0,0,4.118,1,42.22,4.239,118.5,152.0,185.0,EV_109,0.0,980,0.0,DR549817_16,65.0,51841.31,DR549817,179.29,0.0,65.0,D,SimuProB-4,EV_109
340.876,45.0,1.37,4672.0,0,4.115,1,42.2,4.24,116.8,160.5,185.0,EV_109,0.0,990,0.0,DR549817_16,65.0,51841.63,DR549817,179.29,0.0,65.0,D,SimuProB-4,EV_109
346.229,25.0,1.37,4340.0,0,4.12,1,42.19,4.235,108.5,105.2,185.0,EV_109,0.0,1000,0.0,DR549817_16,65.0,51841.94,DR549817,179.29,0.0,65.0,D,SimuProB-4,EV_109
348.879,20.0,1.37,4080.0,0,4.125,1,42.17,4.23,102.0,85.0,185.0,EV_109,0.0,1010,0.0,DR549817_16,65.0,51842.22,DR549817,179.29,0.0,65.0,D,SimuProB-4,EV_109
350.845,18.0,1.37,3940.0,0,4.13,1,42.14,4.225,98.5,72.5,185.0,EV_109,0.0,1020,0.0,DR549817_16,65.0,51842.49,DR549817,179.29,0.0,65.0,D,SimuProB-4,EV_109
348.829,15.0,1.37,3808.0,0,4.135,1,42.13,4.22,95.2,68.2,185.0,EV_109,0.0,1030,0.0,DR549817_16,65.0,51842.76,DR549817,179.29,0.0,65.0,D,SimuProB-4,EV_109
352.171,12.0,1.37,3540.0,0,4.14,1,42.1,4.215,88.5,55.8,185.0,EV_109,0.0,1040,0.0,DR549817_16,65.0,51843.0,DR549817,179.29,0.0,65.0,D,SimuProB-4,EV_109
345.434,14.0,1.37,3604.0,0,4.145,1,42.08,4.21,90.1,78.4,185.0,EV_109,0.0,1050,0.0,DR549817_16,65.0,51843.25,DR549817,179.29,0.0,65.0,D,SimuProB-4,EV_109
343.473,18.0,1.37,3752.0,0,4.15,1,42.05,4.205,93.8,95.6,185.0,EV_109,0.0,1060,0.0,DR549817_16,65.0,51843.51,DR549817,179.29,0.0,65.0,D,SimuProB-4,EV_109
346.826,16.0,1.37,3660.0,0,4.148,1,42.04,4.21,91.5,82.1,185.0,EV_109,0.0,1070,0.0,DR549817_16,65.0,51843.76,DR549817,179.29,0.0,65.0,D,SimuProB-4,EV_109
343.787,17.0,1.37,3696.0,0,4.147,1,42.01,4.208,92.4,88.5,185.0,EV_109,0.0,1080,0.0,DR549817_16,65.0,51844.02,DR549817,179.29,0.0,65.0,D,SimuProB-4,EV_109
347.77,13.0,1.37,3584.0,0,4.151,1,42.01,4.212,89.6,72.3,185.0,EV_109,0.0,1090,0.0,DR549817_16,65.0,51844.27,DR549817,179.29,0.0,65.0,D,SimuProB-4,EV_109
342.628,19.0,1.37,3792.0,0,4.144,1,42.0,4.203,94.8,98.7,185.0,EV_109,0.0,1100,0.0,DR549817_16,65.0,51844.53,DR549817,179.29,0.0,65.0,D,SimuProB-4,EV_109
344.74,17.5,1.37,3728.0,0,4.145,1,41.98,4.201,93.2,85.4,185.0,EV_109,0.0,1110,0.0,DR549817_16,65.0,51844.79,DR549817,179.29,0.0,65.0,D,SimuProB-4,EV_109
348.312,14.8,1.37,3604.0,0,4.149,1,41.97,4.206,90.1,76.2,185.0,EV_109,0.0,1120,0.0,DR549817_16,65.0,51845.04,DR549817,179.29,0.0,65.0,D,SimuProB-4,EV_109
343.686,18.9,1.37,3816.0,0,4.142,1,41.97,4.198,95.4,91.8,185.0,EV_109,0.0,1130,0.0,DR549817_16,65.0,51845.3,DR549817,179.29,0.0,65.0,D,SimuProB-4,EV_109
343.762,16.5,1.37,3700.0,0,4.141,1,41.95,4.199,92.5,88.5,185.0,EV_109,0.0,1140,0.0,DR549817_16,65.0,51845.56,DR549817,179.29,0.0,65.0,D,SimuProB-4,EV_109
341.078,22.0,1.37,3928.0,0,4.138,1,41.95,4.196,98.2,105.2,185.0,EV_109,0.0,1150,0.0,DR549817_16,65.0,51845.83,DR549817,179.29,0.0,65.0,D,SimuProB-4,EV_109
346.348,12.0,1.37,3520.0,0,4.148,1,41.94,4.204,88.0,75.1,185.0,EV_109,0.0,1160,0.0,DR549817_16,65.0,51846.07,DR549817,179.29,0.0,65.0,D,SimuProB-4,EV_109
342.193,19.5,1.37,3760.0,0,4.135,1,41.9,4.195,94.0,95.3,185.0,EV_109,0.0,1170,0.0,DR549817_16,65.0,51846.33,DR549817,179.29,0.0,65.0,D,SimuProB-4,EV_109
346.128,14.0,1.37,3420.0,0,4.14,1,41.9,4.198,85.5,68.4,185.0,EV_109,0.0,1180,0.0,DR549817_16,65.0,51846.57,DR549817,179.29,0.0,65.0,D,SimuProB-4,EV_109
340.697,24.5,1.37,3992.0,0,4.132,1,41.89,4.192,99.8,112.7,185.0,EV_109,0.0,1190,0.0,DR549817_16,65.0,51846.85,DR549817,179.29,0.0,65.0,D,SimuProB-4,EV_109
345.804,13.5,1.37,3460.0,0,4.142,1,41.87,4.2,86.5,72.5,185.0,EV_109,0.0,1200,0.0,DR549817_16,65.0,51847.09,DR549817,179.29,0.0,65.0,D,SimuProB-4,EV_109
341.533,23.0,1.37,3900.0,0,4.13,1,41.86,4.198,97.5,108.4,185.0,EV_109,0.0,1210,0.0,DR549817_16,65.0,51847.36,DR549817,179.29,0.0,65.0,D,SimuProB-4,EV_109
344.976,15.0,1.37,3600.0,0,4.145,1,41.84,4.202,90.0,78.2,185.0,EV_109,0.0,1220,0.0,DR549817_16,65.0,51847.61,DR549817,179.29,0.0,65.0,D,SimuProB-4,EV_109
347.637,12.5,1.37,3284.0,0,4.148,1,41.83,4.205,82.1,62.3,185.0,EV_109,0.0,1230,0.0,DR549817_16,65.0,51847.84,DR549817,179.29,0.0,65.0,D,SimuProB-4,EV_109
343.255,21.0,1.37,3780.0,0,4.142,1,41.82,4.208,94.5,95.6,185.0,EV_109,0.0,1240,0.0,DR549817_16,65.0,51848.1,DR549817,179.29,0.0,65.0,D,SimuProB-4,EV_109
346.533,13.8,1.37,3368.0,0,4.15,1,41.81,4.21,84.2,65.8,185.0,EV_109,0.0,1250,0.0,DR549817_16,65.0,51848.33,DR549817,179.29,0.0,65.0,D,SimuProB-4,EV_109
345.268,16.0,1.37,3460.0,0,4.128,1,41.8,4.185,86.5,72.5,185.0,EV_109,0.0,1260,0.0,DR549817_16,65.0,51848.57,DR549817,179.29,0.0,65.0,D,SimuProB-4,EV_109
349.325,11.5,1.37,3120.0,0,4.145,1,41.78,4.208,78.0,58.2,185.0,EV_109,0.0,1270,0.0,DR549817_16,65.0,51848.79,DR549817,179.29,0.0,65.0,D,SimuProB-4,EV_109
343.628,20.5,1.37,3752.0,0,4.135,1,41.78,4.205,93.8,92.1,185.0,EV_109,0.0,0,0.0,DR549817_17,65.0,51849.05,DR549817,179.29,0.0,65.0,D,SimuProB-4,EV_109
341.49,28.5,1.37,3860.0,0,4.132,1,41.76,4.202,96.5,105.2,185.0,EV_109,0.0,10,0.0,DR549817_17,64.98,51849.32,DR549817,179.29,0.0,65.0,D,SimuProB-4,EV_109
344.534,18.0,1.37,3568.0,0,4.135,1,41.76,4.205,89.2,78.4,185.0,EV_109,0.0,20,0.0,DR549817_17,65.0,51849.57,DR549817,179.29,0.0,65.0,D,SimuProB-4,EV_109
342.215,24.2,1.37,3832.0,0,4.13,1,41.74,4.201,95.8,98.7,185.0,EV_109,0.0,30,0.0,DR549817_17,65.0,51849.83,DR549817,179.29,0.0,65.0,D,SimuProB-4,EV_109
343.407,19.5,1.37,3660.0,0,4.134,1,41.72,4.204,91.5,85.4,185.0,EV_109,0.0,40,0.0,DR549817_17,65.0,51850.08,DR549817,179.29,0.0,65.0,D,SimuProB-4,EV_109
341.252,32.0,1.37,3928.0,0,4.128,1,41.71,4.201,98.2,112.3,185.0,EV_109,0.0,50,0.0,DR549817_17,65.0,51850.36,DR549817,179.29,0.0,65.0,D,SimuProB-4,EV_109
345.657,0.0,1.37,3540.0,0,4.142,1,41.71,4.206,88.5,-45.2,185.0,EV_109,0.05,60,12.5,DR549817_17,65.0,51850.6,DR549817,179.29,0.0,65.0,D,SimuProB-4,EV_109
342.265,25.8,1.37,3856.0,0,4.129,1,41.68,4.202,96.4,92.5,185.0,EV_109,0.0,70,0.0,DR549817_17,65.0,51850.87,DR549817,179.29,0.0,65.0,D,SimuProB-4,EV_109
347.25,0.0,1.37,3588.0,0,4.145,1,41.68,4.208,89.7,-35.4,185.0,EV_109,0.06,80,8.5,DR549817_17,65.0,51851.12,DR549817,179.29,0.0,65.0,D,SimuProB-4,EV_109
342.174,35.4,1.37,4100.0,0,4.126,1,41.68,4.2,102.5,105.2,185.0,EV_109,0.0,90,0.0,DR549817_17,65.0,51851.4,DR549817,179.29,0.0,65.0,D,SimuProB-4,EV_109
346.317,0.0,1.37,3648.0,0,4.135,1,41.68,4.205,91.2,-38.5,185.0,EV_109,0.05,100,10.2,DR549817_17,65.0,51851.65,DR549817,179.29,0.0,65.0,D,SimuProB-4,EV_109
341.383,28.5,1.37,3980.0,0,4.128,1,41.66,4.203,99.5,98.7,185.0,EV_109,0.0,110,0.0,DR549817_17,65.0,51851.93,DR549817,179.29,0.0,65.0,D,SimuProB-4,EV_109
345.371,0.0,1.37,3632.0,0,4.138,1,41.65,4.207,90.8,-42.1,185.0,EV_109,0.05,120,11.8,DR549817_17,65.0,51852.18,DR549817,179.29,0.0,65.0,D,SimuProB-4,EV_109
341.261,32.1,1.37,3992.0,0,4.125,1,41.64,4.202,99.8,95.3,185.0,EV_109,0.0,130,0.0,DR549817_17,65.0,51852.46,DR549817,179.29,0.0,65.0,D,SimuProB-4,EV_109
346.143,0.0,1.37,3660.0,0,4.136,1,41.63,4.206,91.5,-39.2,185.0,EV_109,0.05,140,12.5,DR549817_17,65.0,51852.71,DR549817,179.29,0.0,65.0,D,SimuProB-4,EV_109
342.343,38.7,1.37,4128.0,0,4.127,1,41.6,4.204,103.2,108.5,185.0,EV_109,0.0,150,0.0,DR549817_17,65.0,51853.0,DR549817,179.29,0.0,65.0,D,SimuProB-4,EV_109
340.654,42.3,1.37,4180.0,0,4.129,1,41.6,4.205,104.5,112.4,185.0,EV_109,0.0,160,0.0,DR549817_17,64.85,51853.29,DR549817,179.29,0.0,65.0,D,SimuProB-4,EV_109
346.063,0.0,1.37,3728.0,0,4.141,1,41.59,4.208,93.2,-45.8,185.0,EV_109,0.06,170,13.2,DR549817_17,64.95,51853.55,DR549817,179.29,0.0,65.0,D,SimuProB-4,EV_109
340.912,35.6,1.37,4052.0,0,4.126,1,41.58,4.203,101.3,99.7,185.0,EV_109,0.0,180,0.0,DR549817_17,65.0,51853.83,DR549817,179.29,0.0,65.0,D,SimuProB-4,EV_109
340.783,36.8,1.37,4100.0,0,4.125,1,41.57,4.204,102.5,105.3,185.0,EV_109,0.0,190,0.0,DR549817_17,65.0,51854.11,DR549817,179.29,0.0,65.0,D,SimuProB-4,EV_109
345.835,0.0,1.37,3792.0,0,4.138,1,41.55,4.207,94.8,-35.4,185.0,EV_109,0.05,200,11.5,DR549817_17,65.0,51854.38,DR549817,179.29,0.0,65.0,D,SimuProB-4,EV_109
340.906,40.5,1.37,4204.0,0,4.124,1,41.55,4.203,105.1,110.2,185.0,EV_109,0.0,210,0.0,DR549817_17,65.0,51854.67,DR549817,179.29,0.0,65.0,D,SimuProB-4,EV_109
340.838,42.1,1.37,4256.0,0,4.122,1,41.52,4.202,106.4,115.8,185.0,EV_109,0.0,220,0.0,DR549817_17,65.0,51854.97,DR549817,179.29,0.0,65.0,D,SimuProB-4,EV_109
340.368,45.3,1.37,4328.0,0,4.12,1,41.51,4.205,108.2,122.5,185.0,EV_109,0.0,230,0.0,DR549817_17,65.0,51855.27,DR549817,179.29,0.0,65.0,D,SimuProB-4,EV_109
341.343,38.2,1.37,4180.0,0,4.118,1,41.51,4.201,104.5,98.4,185.0,EV_109,0.0,240,0.0,DR549817_17,65.0,51855.56,DR549817,179.29,0.0,65.0,D,SimuProB-4,EV_109
342.981,44.8,1.37,4368.0,0,4.119,1,41.5,4.204,109.2,118.5,185.0,EV_109,0.0,250,0.0,DR549817_17,65.0,51855.86,DR549817,179.29,0.0,65.0,D,SimuProB-4,EV_109
339.925,52.3,1.37,4500.0,0,4.121,1,41.48,4.206,112.5,135.2,185.0,EV_109,0.0,260,0.0,DR549817_17,65.0,51856.18,DR549817,179.29,0.0,65.0,D,SimuProB-4,EV_109
342.938,36.5,1.37,4152.0,0,4.12,1,41.47,4.203,103.8,105.3,185.0,EV_109,0.0,270,0.0,DR549817_17,65.0,51856.46,DR549817,179.29,0.0,65.0,D,SimuProB-4,EV_109
341.487,39.5,1.37,4212.0,0,4.119,1,41.46,4.204,105.3,115.2,185.0,EV_109,0.0,280,0.0,DR549817_17,65.0,51856.75,DR549817,179.29,0.0,65.0,D,SimuProB-4,EV_109
338.912,55.1,1.37,4592.0,0,4.122,1,41.45,4.207,114.8,142.7,185.0,EV_109,0.0,290,0.0,DR549817_17,65.0,51857.07,DR549817,179.29,0.0,65.0,D,SimuProB-4,EV_109
343.692,32.8,1.37,4020.0,0,4.117,1,41.42,4.202,100.5,95.6,185.0,EV_109,0.0,300,0.0,DR549817_17,65.0,51857.35,DR549817,179.29,0.0,65.0,D,SimuProB-4,EV_109
340.124,42.5,1.37,4328.0,0,4.12,1,41.41,4.205,108.2,128.4,185.0,EV_109,0.0,310,0.0,DR549817_17,65.0,51857.65,DR549817,179.29,0.0,65.0,D,SimuProB-4,EV_109
344.352,35.2,1.37,4096.0,0,4.118,1,41.4,4.203,102.4,98.7,185.0,EV_109,0.0,320,0.0,DR549817_17,65.0,51857.93,DR549817,179.29,0.0,65.0,D,SimuProB-4,EV_109
337.507,58.7,1.37,4624.0,0,4.123,1,41.37,4.208,115.6,152.3,185.0,EV_109,0.0,330,0.0,DR549817_17,65.0,51858.26,DR549817,179.29,0.0,65.0,D,SimuProB-4,EV_109
340.015,38.4,1.37,4260.0,0,4.119,1,41.35,4.206,106.5,118.2,185.0,EV_109,0.0,340,0.0,DR549817_17,65.0,51858.56,DR549817,179.29,0.0,65.0,D,SimuProB-4,EV_109
335.046,62.5,1.37,4512.0,0,4.121,1,41.32,4.209,112.8,165.4,185.0,EV_109,0.0,350,0.0,DR549817_17,65.0,51858.87,DR549817,179.29,0.0,65.0,D,SimuProB-4,EV_109
342.611,28.6,1.37,3948.0,0,4.116,1,41.32,4.204,98.7,88.9,185.0,EV_109,0.0,360,0.0,DR549817_17,65.0,51859.14,DR549817,179.29,0.0,65.0,D,SimuProB-4,EV_109
338.62,42.5,1.37,4328.0,0,4.12,1,41.27,4.207,108.2,125.4,185.0,EV_109,0.0,370,0.0,DR549817_17,65.0,51859.44,DR549817,179.29,0.0,65.0,D,SimuProB-4,EV_109
334.202,55.3,1.37,4580.0,0,4.124,1,41.26,4.21,114.5,148.6,185.0,EV_109,0.0,380,0.0,DR549817_17,65.0,51859.76,DR549817,179.29,0.0,65.0,D,SimuProB-4,EV_109
341.862,32.1,1.37,4052.0,0,4.117,1,41.24,4.205,101.3,95.2,185.0,EV_109,0.0,390,0.0,DR549817_17,65.0,51860.04,DR549817,179.29,0.0,65.0,D,SimuProB-4,EV_109
332.791,48.2,1.37,4420.0,0,4.126,1,41.19,4.212,110.5,152.3,185.0,EV_109,0.0,400,0.0,DR549817_17,65.0,51860.35,DR549817,179.29,0.0,65.0,D,SimuProB-4,EV_109
337.956,22.5,1.37,3808.0,0,4.122,1,41.18,4.208,95.2,105.6,185.0,EV_109,0.0,410,0.0,DR549817_17,65.0,51860.61,DR549817,179.29,0.0,65.0,D,SimuProB-4,EV_109
332.396,65.8,1.37,4732.0,0,4.128,1,41.14,4.215,118.3,168.9,185.0,EV_109,0.0,420,0.0,DR549817_17,65.0,51860.94,DR549817,179.29,0.0,65.0,D,SimuProB-4,EV_109
331.548,68.5,1.37,4792.0,0,4.13,1,41.1,4.218,119.8,175.2,185.0,EV_109,0.0,430,0.0,DR549817_17,65.0,51861.27,DR549817,179.29,0.0,65.0,D,SimuProB-4,EV_109
340.003,35.2,1.37,4328.0,0,4.122,1,41.07,4.21,108.2,98.4,185.0,EV_109,0.0,440,0.0,DR549817_17,65.0,51861.57,DR549817,179.29,0.0,65.0,D,SimuProB-4,EV_109
333.838,58.9,1.37,4624.0,0,4.125,1,41.03,4.214,115.6,145.6,185.0,EV_109,0.0,450,0.0,DR549817_17,65.0,51861.89,DR549817,179.29,0.0,65.0,D,SimuProB-4,EV_109
328.523,62.4,1.37,4700.0,0,4.124,1,40.99,4.212,117.5,162.3,185.0,EV_109,0.0,460,0.0,DR549817_17,65.0,51862.22,DR549817,179.29,0.0,65.0,D,SimuProB-4,EV_109
335.046,48.5,1.37,4512.0,0,4.126,1,40.94,4.216,112.8,125.8,185.0,EV_109,0.0,470,0.0,DR549817_17,65.0,51862.53,DR549817,179.29,0.0,65.0,D,SimuProB-4,EV_109
342.66,0.0,1.37,4260.0,0,4.128,1,40.91,4.218,106.5,-45.2,185.0,EV_109,0.05,480,15.0,DR549817_17,65.0,51862.83,DR549817,179.29,0.0,65.0,D,SimuProB-4,EV_109
338.774,38.5,1.37,4392.0,0,4.125,1,40.88,4.215,109.8,110.5,185.0,EV_109,0.0,490,0.0,DR549817_17,65.0,51863.14,DR549817,179.29,0.0,65.0,D,SimuProB-4,EV_109
332.543,52.4,1.37,4568.0,0,4.121,1,40.86,4.219,114.2,135.8,185.0,EV_109,0.0,500,0.0,DR549817_17,65.0,51863.45,DR549817,179.29,0.0,65.0,D,SimuProB-4,EV_109
329.806,65.8,1.37,4740.0,0,4.118,1,40.81,4.221,118.5,155.2,185.0,EV_109,0.0,510,0.0,DR549817_17,65.0,51863.78,DR549817,179.29,0.0,65.0,D,SimuProB-4,EV_109
325.845,72.3,1.37,4860.0,0,4.115,1,40.72,4.223,121.5,168.5,185.0,EV_109,0.0,520,0.0,DR549817_17,65.0,51864.12,DR549817,179.29,0.0,65.0,D,SimuProB-4,EV_109
330.485,58.1,1.37,4648.0,0,4.118,1,40.68,4.22,116.2,142.3,185.0,EV_109,0.0,530,0.0,DR549817_17,65.0,51864.44,DR549817,179.29,0.0,65.0,D,SimuProB-4,EV_109
335.227,0.0,1.37,4336.0,0,4.12,1,40.66,4.222,108.4,-22.4,185.0,EV_109,0.06,540,12.5,DR549817_17,65.0,51864.74,DR549817,179.29,0.0,65.0,D,SimuProB-4,EV_109
333.418,45.2,1.37,4500.0,0,4.119,1,40.63,4.22,112.5,128.4,185.0,EV_109,0.0,550,0.0,DR549817_17,65.0,51865.05,DR549817,179.29,0.0,65.0,D,SimuProB-4,EV_109
336.339,32.5,1.37,4232.0,0,4.12,1,40.6,4.219,105.8,95.6,185.0,EV_109,0.0,560,0.0,DR549817_17,65.0,51865.35,DR549817,179.29,0.0,65.0,D,SimuProB-4,EV_109
339.256,0.0,1.37,3936.0,0,4.121,1,40.59,4.221,98.4,-15.2,185.0,EV_109,0.08,570,8.5,DR549817_17,65.0,51865.62,DR549817,179.29,0.0,65.0,D,SimuProB-4,EV_109
338.038,38.6,1.37,4092.0,0,4.119,1,40.56,4.221,102.3,115.4,185.0,EV_109,0.0,580,0.0,DR549817_17,65.0,51865.9,DR549817,179.29,0.0,65.0,D,SimuProB-4,EV_109
334.09,52.3,1.37,4356.0,0,4.117,1,40.55,4.22,108.9,138.7,185.0,EV_109,0.0,590,0.0,DR549817_17,65.0,51866.21,DR549817,179.29,0.0,65.0,D,SimuProB-4,EV_109
336.227,0.0,1.37,4164.0,0,4.12,1,40.53,4.222,104.1,-18.3,185.0,EV_109,0.07,600,10.2,DR549817_17,65.0,51866.5,DR549817,179.29,0.0,65.0,D,SimuProB-4,EV_109
333.616,58.4,1.37,4420.0,0,4.115,1,40.51,4.222,110.5,145.2,185.0,EV_109,0.0,610,0.0,DR549817_17,65.0,51866.81,DR549817,179.29,0.0,65.0,D,SimuProB-4,EV_109
336.065,0.0,1.37,4248.0,0,4.121,1,40.5,4.223,106.2,-22.5,185.0,EV_109,0.09,620,12.5,DR549817_17,65.0,51867.1,DR549817,179.29,0.0,65.0,D,SimuProB-4,EV_109
336.622,35.2,1.37,4136.0,0,4.119,1,40.48,4.222,103.4,105.8,185.0,EV_109,0.0,630,0.0,DR549817_17,65.0,51867.39,DR549817,179.29,0.0,65.0,D,SimuProB-4,EV_109
334.793,48.5,1.37,4288.0,0,4.116,1,40.45,4.221,107.2,132.4,185.0,EV_109,0.0,640,0.0,DR549817_17,65.0,51867.69,DR549817,179.29,0.0,65.0,D,SimuProB-4,EV_109
332.539,62.1,1.37,4512.0,0,4.114,1,40.44,4.224,112.8,155.2,185.0,EV_109,0.0,650,0.0,DR549817_17,65.0,51868.0,DR549817,179.29,0.0,65.0,D,SimuProB-4,EV_109
335.891,0.0,1.37,4340.0,0,4.12,1,40.41,4.223,108.5,-15.8,185.0,EV_109,0.08,660,8.5,DR549817_17,65.0,51868.3,DR549817,179.29,0.0,65.0,D,SimuProB-4,EV_109
333.439,55.0,1.37,4420.0,0,4.115,1,40.38,4.222,110.5,142.5,185.0,EV_109,0.0,670,0.0,DR549817_17,65.0,51868.61,DR549817,179.29,0.0,65.0,D,SimuProB-4,EV_109
331.817,72.5,1.37,4608.0,0,4.112,1,40.35,4.225,115.2,165.3,185.0,EV_109,0.0,680,0.0,DR549817_17,65.0,51868.93,DR549817,179.29,0.0,65.0,D,SimuProB-4,EV_109
333.743,0.0,1.37,4472.0,0,4.118,1,40.35,4.224,111.8,-18.4,185.0,EV_109,0.07,690,15.0,DR549817_17,65.0,51869.24,DR549817,179.29,0.0,65.0,D,SimuProB-4,EV_109
328.824,85.0,1.37,4736.0,0,4.108,1,40.3,4.228,118.4,172.8,185.0,EV_109,0.0,700,0.0,DR549817_17,65.0,51869.57,DR549817,179.29,0.0,65.0,D,SimuProB-4,EV_109
330.87,0.0,1.37,4556.0,0,4.114,1,40.3,4.227,113.9,-22.1,185.0,EV_109,0.09,710,12.5,DR549817_17,65.0,51869.89,DR549817,179.29,0.0,65.0,D,SimuProB-4,EV_109
332.703,58.5,1.37,4648.0,0,4.111,1,40.26,4.226,116.2,148.6,185.0,EV_109,0.0,720,0.0,DR549817_17,65.0,51870.21,DR549817,179.29,0.0,65.0,D,SimuProB-4,EV_109
329.819,62.0,1.37,4700.0,0,4.112,1,40.21,4.227,117.5,155.2,185.0,EV_109,0.0,730,0.0,DR549817_17,65.0,51870.54,DR549817,179.29,0.0,65.0,D,SimuProB-4,EV_109
330.731,0.0,1.37,4592.0,0,4.115,1,40.21,4.228,114.8,-15.5,185.0,EV_109,0.06,740,10.0,DR549817_17,65.0,51870.86,DR549817,179.29,0.0,65.0,D,SimuProB-4,EV_109
327.626,88.0,1.37,4792.0,0,4.109,1,40.16,4.229,119.8,178.5,185.0,EV_109,0.0,750,0.0,DR549817_17,65.0,51871.19,DR549817,179.29,0.0,65.0,D,SimuProB-4,EV_109
328.991,45.0,1.37,4740.0,0,4.11,1,40.11,4.228,118.5,142.3,185.0,EV_109,0.0,760,0.0,DR549817_17,65.0,51871.52,DR549817,179.29,0.0,65.0,D,SimuProB-4,EV_109
326.411,75.0,1.37,4848.0,0,4.108,1,40.06,4.23,121.2,165.8,185.0,EV_109,0.0,770,0.0,DR549817_17,65.0,51871.86,DR549817,179.29,0.0,65.0,D,SimuProB-4,EV_109
329.692,0.0,1.37,4600.0,0,4.113,1,40.04,4.229,115.0,-18.4,185.0,EV_109,0.07,780,15.0,DR549817_17,65.0,51872.18,DR549817,179.29,0.0,65.0,D,SimuProB-4,EV_109
332.132,35.0,1.37,4500.0,0,4.112,1,40.01,4.227,112.5,55.2,185.0,EV_109,0.0,790,0.0,DR549817_17,65.0,51872.49,DR549817,179.29,0.0,65.0,D,SimuProB-4,EV_109
335.982,25.0,1.37,4332.0,0,4.114,1,39.99,4.226,108.3,42.8,185.0,EV_109,0.0,800,0.0,DR549817_17,65.0,51872.79,DR549817,179.29,0.0,65.0,D,SimuProB-4,EV_109
334.8,0.0,1.37,4084.0,0,4.115,1,39.95,4.225,102.1,-12.5,185.0,EV_109,0.05,810,8.0,DR549817_17,65.0,51873.08,DR549817,179.29,0.0,65.0,D,SimuProB-4,EV_109
336.14,28.0,1.37,4312.0,0,4.116,1,39.91,4.224,107.8,48.5,185.0,EV_109,0.0,820,0.0,DR549817_17,65.0,51873.38,DR549817,179.29,0.0,65.0,D,SimuProB-4,EV_109
337.415,32.0,1.37,4420.0,0,4.117,1,39.88,4.223,110.5,45.2,185.0,EV_109,0.0,830,0.0,DR549817_17,65.0,51873.69,DR549817,179.29,0.0,65.0,D,SimuProB-4,EV_109
337.204,30.0,1.37,4368.0,0,4.118,1,39.86,4.222,109.2,52.1,185.0,EV_109,0.0,840,0.0,DR549817_17,65.0,51873.99,DR549817,179.29,0.0,65.0,D,SimuProB-4,EV_109
337.161,33.0,1.37,4460.0,0,4.119,1,39.84,4.221,111.5,54.3,185.0,EV_109,0.0,850,0.0,DR549817_17,65.0,51874.3,DR549817,179.29,0.0,65.0,D,SimuProB-4,EV_109
336.311,29.0,1.37,4352.0,0,4.12,1,39.82,4.22,108.8,58.7,185.0,EV_109,0.0,860,0.0,DR549817_17,65.0,51874.6,DR549817,179.29,0.0,65.0,D,SimuProB-4,EV_109
337.909,0.0,1.37,4140.0,0,4.119,1,39.79,4.221,103.5,-15.2,185.0,EV_109,0.06,870,7.0,DR549817_17,65.0,51874.89,DR549817,179.29,0.0,65.0,D,SimuProB-4,EV_109
337.005,31.0,1.37,4392.0,0,4.12,1,39.74,4.219,109.8,51.5,185.0,EV_109,0.0,880,0.0,DR549817_17,65.0,51875.19,DR549817,179.29,0.0,65.0,D,SimuProB-4,EV_109
336.861,34.0,1.37,4448.0,0,4.121,1,39.72,4.218,111.2,56.2,185.0,EV_109,0.0,890,0.0,DR549817_17,65.0,51875.5,DR549817,179.29,0.0,65.0,D,SimuProB-4,EV_109
336.892,38.0,1.37,4540.0,0,4.122,1,39.7,4.217,113.5,62.8,185.0,EV_109,0.0,900,0.0,DR549817_17,65.0,51875.82,DR549817,179.29,0.0,65.0,D,SimuProB-4,EV_109
335.692,42.0,1.37,4608.0,0,4.118,1,39.66,4.215,115.2,72.4,185.0,EV_109,0.0,910,0.0,DR549817_17,65.0,51876.14,DR549817,179.29,0.0,65.0,D,SimuProB-4,EV_109
336.156,38.0,1.37,4512.0,0,4.119,1,39.61,4.216,112.8,65.1,185.0,EV_109,0.0,920,0.0,DR549817_17,65.0,51876.45,DR549817,179.29,0.0,65.0,D,SimuProB-4,EV_109
336.984,0.0,1.37,4340.0,0,4.12,1,39.6,4.218,108.5,-18.5,185.0,EV_109,0.08,930,12.0,DR549817_17,65.0,51876.75,DR549817,179.29,0.0,65.0,D,SimuProB-4,EV_109
337.189,36.0,1.37,4420.0,0,4.122,1,39.56,4.22,110.5,58.4,185.0,EV_109,0.0,940,0.0,DR549817_17,65.0,51877.06,DR549817,179.29,0.0,65.0,D,SimuProB-4,EV_109
336.734,52.0,1.37,4672.0,0,4.118,1,39.5,4.222,116.8,78.2,185.0,EV_109,0.0,950,0.0,DR549817_17,65.0,51877.38,DR549817,179.29,0.0,65.0,D,SimuProB-4,EV_109
337.124,40.0,1.37,4568.0,0,4.12,1,39.47,4.221,114.2,64.5,185.0,EV_109,0.0,960,0.0,DR549817_17,65.0,51877.7,DR549817,179.29,0.0,65.0,D,SimuProB-4,EV_109
336.725,58.0,1.37,4740.0,0,4.117,1,39.43,4.223,118.5,92.4,185.0,EV_109,0.0,970,0.0,DR549817_17,65.0,51878.03,DR549817,179.29,0.0,65.0,D,SimuProB-4,EV_109
335.946,65.0,1.37,4848.0,0,4.115,1,39.37,4.225,121.2,105.2,185.0,EV_109,0.0,980,0.0,DR549817_17,65.0,51878.37,DR549817,179.29,0.0,65.0,D,SimuProB-4,EV_109
336.195,42.0,1.37,4600.0,0,4.119,1,39.33,4.222,115.0,72.1,185.0,EV_109,0.0,990,0.0,DR549817_17,65.0,51878.69,DR549817,179.29,0.0,65.0,D,SimuProB-4,EV_109
336.182,55.0,1.37,4728.0,0,4.116,1,39.28,4.224,118.2,88.5,185.0,EV_109,0.0,1000,0.0,DR549817_17,65.0,51879.02,DR549817,179.29,0.0,65.0,D,SimuProB-4,EV_109
336.561,38.0,1.37,4500.0,0,4.119,1,39.25,4.222,112.5,75.3,185.0,EV_109,0.0,1010,0.0,DR549817_17,65.0,51879.33,DR549817,179.29,0.0,65.0,D,SimuProB-4,EV_109
336.073,68.0,1.37,4912.0,0,4.114,1,39.2,4.226,122.8,112.4,185.0,EV_109,0.0,1020,0.0,DR549817_17,65.0,51879.67,DR549817,179.29,0.0,65.0,D,SimuProB-4,EV_109
335.801,72.0,1.37,4980.0,0,4.112,1,39.13,4.228,124.5,125.8,185.0,EV_109,0.0,1030,0.0,DR549817_17,65.0,51880.02,DR549817,179.29,0.0,65.0,D,SimuProB-4,EV_109
337.205,45.0,1.37,4732.0,0,4.118,1,39.11,4.223,118.3,82.4,185.0,EV_109,0.0,1040,0.0,DR549817_17,65.0,51880.34,DR549817,179.29,0.0,65.0,D,SimuProB-4,EV_109
334.881,78.0,1.37,4840.0,0,4.11,1,39.04,4.23,121.0,145.2,185.0,EV_109,0.0,1050,0.0,DR549817_17,65.0,51880.68,DR549817,179.29,0.0,65.0,D,SimuProB-4,EV_109
337.309,42.0,1.37,4648.0,0,4.115,1,39.02,4.225,116.2,95.5,185.0,EV_109,0.0,1060,0.0,DR549817_17,65.0,51881.0,DR549817,179.29,0.0,65.0,D,SimuProB-4,EV_109
335.27,70.0,1.37,4820.0,0,4.111,1,38.99,4.231,120.5,132.8,185.0,EV_109,0.0,1070,0.0,DR549817_17,65.0,51881.34,DR549817,179.29,0.0,65.0,D,SimuProB-4,EV_109
337.676,35.0,1.37,4512.0,0,4.116,1,38.97,4.227,112.8,68.2,185.0,EV_109,0.0,1080,0.0,DR549817_17,65.0,51881.65,DR549817,179.29,0.0,65.0,D,SimuProB-4,EV_109
334.594,65.0,1.37,4700.0,0,4.112,1,38.96,4.235,117.5,138.4,185.0,EV_109,0.0,1090,0.0,DR549817_17,65.0,51881.98,DR549817,179.29,0.0,65.0,D,SimuProB-4,EV_109
338.486,32.0,1.37,4408.0,0,4.118,1,38.94,4.228,110.2,75.6,185.0,EV_109,0.0,1100,0.0,DR549817_17,65.0,51882.28,DR549817,179.29,0.0,65.0,D,SimuProB-4,EV_109
336.011,55.0,1.37,4592.0,0,4.114,1,38.94,4.232,114.8,115.3,185.0,EV_109,0.0,1110,0.0,DR549817_17,65.0,51882.6,DR549817,179.29,0.0,65.0,D,SimuProB-4,EV_109
333.376,75.0,1.37,4852.0,0,4.108,1,38.91,4.238,121.3,142.5,185.0,EV_109,0.0,1120,0.0,DR549817_17,65.0,51882.94,DR549817,179.29,0.0,65.0,D,SimuProB-4,EV_109
339.144,28.0,1.37,4340.0,0,4.119,1,38.9,4.23,108.5,62.4,185.0,EV_109,0.0,1130,0.0,DR549817_17,65.0,51883.24,DR549817,179.29,0.0,65.0,D,SimuProB-4,EV_109
334.623,62.0,1.37,4648.0,0,4.11,1,38.88,4.24,116.2,125.6,185.0,EV_109,0.0,1140,0.0,DR549817_17,65.0,51883.56,DR549817,179.29,0.0,65.0,D,SimuProB-4,EV_109
332.258,45.0,1.37,4500.0,0,4.112,1,38.86,4.235,112.5,135.2,185.0,EV_109,0.0,1150,0.0,DR549817_17,65.0,51883.87,DR549817,179.29,0.0,65.0,D,SimuProB-4,EV_109
331.152,68.0,1.37,4748.0,0,4.105,1,38.83,4.238,118.7,148.5,185.0,EV_109,0.0,1160,0.0,DR549817_17,65.0,51884.2,DR549817,179.29,0.0,65.0,D,SimuProB-4,EV_109
336.058,22.0,1.37,4096.0,0,4.115,1,38.82,4.225,102.4,55.3,185.0,EV_109,0.0,1170,12.0,DR549817_17,65.0,51884.49,DR549817,179.29,0.0,65.0,D,SimuProB-4,EV_109
333.042,35.0,1.37,4212.0,0,4.118,1,38.79,4.232,105.3,78.2,185.0,EV_109,0.0,1180,0.0,DR549817_17,65.0,51884.78,DR549817,179.29,0.0,65.0,D,SimuProB-4,EV_109
333.63,42.0,1.37,4432.0,0,4.115,1,38.77,4.228,110.8,65.4,185.0,EV_109,0.0,1190,0.0,DR549817_17,65.0,51885.09,DR549817,179.29,0.0,65.0,D,SimuProB-4,EV_109
331.11,55.0,1.37,4580.0,0,4.108,1,38.75,4.235,114.5,92.1,185.0,EV_109,0.0,1200,0.0,DR549817_17,65.0,51885.41,DR549817,179.29,0.0,65.0,D,SimuProB-4,EV_109
330.36,58.0,1.37,4648.0,0,4.106,1,38.7,4.233,116.2,95.4,185.0,EV_109,0.0,1210,0.0,DR549817_17,65.0,51885.73,DR549817,179.29,0.0,65.0,D,SimuProB-4,EV_109
330.194,62.0,1.37,4756.0,0,4.104,1,38.68,4.236,118.9,102.6,185.0,EV_109,0.0,1220,0.0,DR549817_17,65.0,51886.06,DR549817,179.29,0.0,65.0,D,SimuProB-4,EV_109
334.463,28.0,1.37,4336.0,0,4.112,1,38.66,4.229,108.4,45.8,185.0,EV_109,0.0,1230,8.0,DR549817_17,65.0,51886.36,DR549817,179.29,0.0,65.0,D,SimuProB-4,EV_109
333.535,35.0,1.37,4496.0,0,4.11,1,38.62,4.231,112.4,78.5,185.0,EV_109,0.0,1240,0.0,DR549817_17,65.0,51886.67,DR549817,179.29,0.0,65.0,D,SimuProB-4,EV_109
335.497,0.0,1.37,4168.0,0,4.113,1,38.61,4.234,104.2,-18.4,185.0,EV_109,0.04,1250,12.0,DR549817_17,65.0,51886.96,DR549817,179.29,0.0,65.0,D,SimuProB-4,EV_109
332.745,52.0,1.37,4632.0,0,4.108,1,38.57,4.229,115.8,88.2,185.0,EV_109,0.0,1260,0.0,DR549817_17,65.0,51887.28,DR549817,179.29,0.0,65.0,D,SimuProB-4,EV_109
328.73,55.0,1.37,4660.0,0,4.105,1,38.56,4.238,116.5,145.2,185.0,EV_109,0.0,1270,0.0,DR549817_17,65.0,51887.6,DR549817,179.29,0.0,65.0,D,SimuProB-4,EV_109
329.847,40.0,1.37,4368.0,0,4.108,1,38.53,4.235,109.2,95.4,185.0,EV_109,0.0,0,0.0,DR549817_18,65.0,51887.91,DR549817,179.29,0.0,65.0,D,SimuProB-4,EV_109
330.878,0.0,1.37,4112.0,0,4.111,1,38.53,4.232,102.8,-15.2,185.0,EV_109,0.06,10,15.0,DR549817_18,65.0,51888.19,DR549817,179.29,0.0,65.0,D,SimuProB-4,EV_109
328.647,45.0,1.37,4340.0,0,4.102,1,38.49,4.24,108.5,112.5,185.0,EV_109,0.0,20,0.0,DR549817_18,64.85,51888.49,DR549817,179.29,0.0,65.0,D,SimuProB-4,EV_109
326.897,58.0,1.37,4568.0,0,4.098,1,38.44,4.242,114.2,135.8,185.0,EV_109,0.0,30,0.0,DR549817_18,64.95,51888.81,DR549817,179.29,0.0,65.0,D,SimuProB-4,EV_109
329.519,0.0,1.37,4232.0,0,4.105,1,38.44,4.238,105.8,-22.4,185.0,EV_109,0.05,40,18.0,DR549817_18,65.0,51889.1,DR549817,179.29,0.0,65.0,D,SimuProB-4,EV_109
327.518,62.0,1.37,4660.0,0,4.095,1,38.37,4.245,116.5,128.6,185.0,EV_109,0.0,50,0.0,DR549817_18,65.0,51889.42,DR549817,179.29,0.0,65.0,D,SimuProB-4,EV_109
329.346,0.0,1.37,4328.0,0,4.101,1,38.37,4.242,108.2,-18.5,185.0,EV_109,0.06,60,12.0,DR549817_18,65.0,51889.72,DR549817,179.29,0.0,65.0,D,SimuProB-4,EV_109
325.717,75.0,1.37,4792.0,0,4.092,1,38.3,4.248,119.8,142.3,185.0,EV_109,0.0,70,0.0,DR549817_18,65.0,51890.06,DR549817,179.29,0.0,65.0,D,SimuProB-4,EV_109
325.18,70.0,1.37,4740.0,0,4.09,1,38.23,4.245,118.5,145.0,185.0,EV_109,0.0,80,0.0,DR549817_18,65.0,51890.39,DR549817,179.29,0.0,65.0,D,SimuProB-4,EV_109
328.135,0.0,1.37,4400.0,0,4.095,1,38.23,4.24,110.0,-15.2,185.0,EV_109,0.04,90,10.0,DR549817_18,65.0,51890.69,DR549817,179.29,0.0,65.0,D,SimuProB-4,EV_109
326.255,65.0,1.37,4608.0,0,4.088,1,38.16,4.247,115.2,138.5,185.0,EV_109,0.0,100,0.0,DR549817_18,65.0,51891.01,DR549817,179.29,0.0,65.0,D,SimuProB-4,EV_109
326.066,68.0,1.37,4660.0,0,4.091,1,38.08,4.246,116.5,135.2,185.0,EV_109,0.0,110,0.0,DR549817_18,65.0,51891.33,DR549817,179.29,0.0,65.0,D,SimuProB-4,EV_109
324.779,82.0,1.37,4832.0,0,4.085,1,37.98,4.248,120.8,148.6,185.0,EV_109,0.0,120,0.0,DR549817_18,65.0,51891.67,DR549817,179.29,0.0,65.0,D,SimuProB-4,EV_109
326.525,0.0,1.37,4496.0,0,4.093,1,37.98,4.25,112.4,-22.4,185.0,EV_109,0.05,130,15.0,DR549817_18,65.0,51891.98,DR549817,179.29,0.0,65.0,D,SimuProB-4,EV_109
325.503,75.0,1.37,4740.0,0,4.092,1,37.89,4.245,118.5,142.3,185.0,EV_109,0.0,140,0.0,DR549817_18,65.0,51892.31,DR549817,179.29,0.0,65.0,D,SimuProB-4,EV_109
323.574,88.0,1.37,4848.0,0,4.088,1,37.77,4.249,121.2,155.8,185.0,EV_109,0.0,150,0.0,DR549817_18,65.0,51892.65,DR549817,179.29,0.0,65.0,D,SimuProB-4,EV_109
326.252,0.0,1.37,4432.0,0,4.094,1,37.77,4.251,110.8,-18.5,185.0,EV_109,0.06,160,20.0,DR549817_18,65.0,51892.95,DR549817,179.29,0.0,65.0,D,SimuProB-4,EV_109
323.934,78.0,1.37,4780.0,0,4.09,1,37.64,4.247,119.5,145.2,185.0,EV_109,0.0,170,0.0,DR549817_18,65.0,51893.28,DR549817,179.29,0.0,65.0,D,SimuProB-4,EV_109
323.094,90.0,1.37,4884.0,0,4.086,1,37.53,4.252,122.1,158.4,185.0,EV_109,0.0,180,0.0,DR549817_18,65.0,51893.62,DR549817,179.29,0.0,65.0,D,SimuProB-4,EV_109
325.163,0.0,1.37,4344.0,0,4.096,1,37.53,4.254,108.6,-25.1,185.0,EV_109,0.07,190,25.0,DR549817_18,65.0,51893.92,DR549817,179.29,0.0,65.0,D,SimuProB-4,EV_109
323.265,82.0,1.37,4736.0,0,4.083,1,37.39,4.255,118.4,162.5,185.0,EV_109,0.0,200,0.0,DR549817_18,65.0,51894.25,DR549817,179.29,0.0,65.0,D,SimuProB-4,EV_109
323.643,0.0,1.37,4260.0,0,4.091,1,37.39,4.253,106.5,-15.2,185.0,EV_109,0.05,210,15.0,DR549817_18,65.0,51894.54,DR549817,179.29,0.0,65.0,D,SimuProB-4,EV_109
323.224,85.0,1.37,4832.0,0,4.088,1,37.28,4.25,120.8,148.9,185.0,EV_109,0.0,220,0.0,DR549817_18,65.0,51894.88,DR549817,179.29,0.0,65.0,D,SimuProB-4,EV_109
321.742,88.0,1.37,4860.0,0,4.081,1,37.23,4.258,121.5,165.2,185.0,EV_109,0.0,230,0.0,DR549817_18,65.0,51895.22,DR549817,179.29,0.0,65.0,D,SimuProB-4,EV_109
322.85,80.0,1.37,4728.0,0,4.085,1,37.18,4.256,118.2,155.1,185.0,EV_109,0.0,240,0.0,DR549817_18,65.0,51895.55,DR549817,179.29,0.0,65.0,D,SimuProB-4,EV_109
323.696,0.0,1.37,4376.0,0,4.092,1,37.18,4.259,109.4,-18.5,185.0,EV_109,0.06,250,18.0,DR549817_18,65.0,51895.85,DR549817,179.29,0.0,65.0,D,SimuProB-4,EV_109
324.27,45.0,1.37,4340.0,0,4.088,1,37.14,4.254,108.5,75.4,185.0,EV_109,0.0,260,0.0,DR549817_18,65.0,51896.15,DR549817,179.29,0.0,65.0,D,SimuProB-4,EV_109
323.894,55.0,1.37,4492.0,0,4.086,1,37.1,4.256,112.3,82.1,185.0,EV_109,0.0,270,0.0,DR549817_18,65.0,51896.46,DR549817,179.29,0.0,65.0,D,SimuProB-4,EV_109
324.872,0.0,1.37,4192.0,0,4.094,1,37.1,4.26,104.8,-22.5,185.0,EV_109,0.07,280,25.0,DR549817_18,65.0,51896.75,DR549817,179.29,0.0,65.0,D,SimuProB-4,EV_109
323.86,75.0,1.37,4660.0,0,4.082,1,37.02,4.255,116.5,145.2,185.0,EV_109,0.0,290,0.0,DR549817_18,65.0,51897.07,DR549817,179.29,0.0,65.0,D,SimuProB-4,EV_109
324.861,0.0,1.37,4208.0,0,4.09,1,36.97,4.258,105.2,65.8,185.0,EV_109,0.05,300,15.0,DR549817_18,65.0,51897.37,DR549817,179.29,0.0,65.0,D,SimuProB-4,EV_109
323.445,60.0,1.37,4472.0,0,4.085,1,36.9,4.253,111.8,98.4,185.0,EV_109,0.0,310,0.0,DR549817_18,65.0,51897.68,DR549817,179.29,0.0,65.0,D,SimuProB-4,EV_109
323.808,50.0,1.37,4340.0,0,4.087,1,36.82,4.256,108.5,115.5,185.0,EV_109,0.0,320,0.0,DR549817_18,65.0,51897.98,DR549817,179.29,0.0,65.0,D,SimuProB-4,EV_109
323.357,65.0,1.37,4568.0,0,4.084,1,36.74,4.254,114.2,132.8,185.0,EV_109,0.0,330,0.0,DR549817_18,65.0,51898.3,DR549817,179.29,0.0,65.0,D,SimuProB-4,EV_109
324.384,0.0,1.37,4104.0,0,4.092,1,36.72,4.259,102.6,-18.2,185.0,EV_109,0.06,340,20.0,DR549817_18,65.0,51898.58,DR549817,179.29,0.0,65.0,D,SimuProB-4,EV_109
323.46,55.0,1.37,4500.0,0,4.082,1,36.62,4.252,112.5,125.4,185.0,EV_109,0.0,350,0.0,DR549817_18,65.0,51898.89,DR549817,179.29,0.0,65.0,D,SimuProB-4,EV_109
323.275,70.0,1.37,4732.0,0,4.08,1,36.54,4.25,118.3,142.1,185.0,EV_109,0.0,360,0.0,DR549817_18,65.0,51899.22,DR549817,179.29,0.0,65.0,D,SimuProB-4,EV_109
323.708,0.0,1.37,4272.0,0,4.09,1,36.51,4.255,106.8,-15.5,185.0,EV_109,0.05,370,25.0,DR549817_18,65.0,51899.52,DR549817,179.29,0.0,65.0,D,SimuProB-4,EV_109
323.774,0.0,1.37,4180.0,0,4.093,1,36.48,4.257,104.5,-12.4,185.0,EV_109,0.04,380,15.0,DR549817_18,65.0,51899.81,DR549817,179.29,0.0,65.0,D,SimuProB-4,EV_109
323.344,60.0,1.37,4632.0,0,4.081,1,36.41,4.251,115.8,128.5,185.0,EV_109,0.0,390,0.0,DR549817_18,65.0,51900.13,DR549817,179.29,0.0,65.0,D,SimuProB-4,EV_109
322.635,75.0,1.37,4840.0,0,4.079,1,36.31,4.249,121.0,148.2,185.0,EV_109,0.0,400,0.0,DR549817_18,65.0,51900.47,DR549817,179.29,0.0,65.0,D,SimuProB-4,EV_109
321.885,80.0,1.37,4940.0,0,4.075,1,36.19,4.245,123.5,155.3,185.0,EV_109,0.0,410,0.0,DR549817_18,65.0,51900.81,DR549817,179.29,0.0,65.0,D,SimuProB-4,EV_109
321.602,85.0,1.37,5008.0,0,4.072,1,36.06,4.242,125.2,162.1,185.0,EV_109,0.0,420,0.0,DR549817_18,65.0,51901.16,DR549817,179.29,0.0,65.0,D,SimuProB-4,EV_109
321.827,75.0,1.37,4960.0,0,4.07,1,35.94,4.24,124.0,158.7,185.0,EV_109,0.0,430,0.0,DR549817_18,65.0,51901.51,DR549817,179.29,0.0,65.0,D,SimuProB-4,EV_109
322.519,55.0,1.37,4740.0,0,4.068,1,35.8,4.238,118.5,142.5,185.0,EV_109,0.0,440,0.0,DR549817_18,65.0,51901.84,DR549817,179.29,0.0,65.0,D,SimuProB-4,EV_109
321.872,45.0,1.37,4568.0,0,4.066,1,35.69,4.236,114.2,135.2,185.0,EV_109,0.0,450,0.0,DR549817_18,65.0,51902.16,DR549817,179.29,0.0,65.0,D,SimuProB-4,EV_109
321.534,38.0,1.37,4432.0,0,4.064,1,35.59,4.234,110.8,128.9,185.0,EV_109,0.0,460,0.0,DR549817_18,65.0,51902.46,DR549817,179.29,0.0,65.0,D,SimuProB-4,EV_109
321.737,35.0,1.37,4340.0,0,4.062,1,35.48,4.232,108.5,120.5,185.0,EV_109,0.0,470,0.0,DR549817_18,65.0,51902.76,DR549817,179.29,0.0,65.0,D,SimuProB-4,EV_109
321.934,42.0,1.37,4448.0,0,4.06,1,35.34,4.23,111.2,132.8,185.0,EV_109,0.0,480,0.0,DR549817_18,65.0,51903.07,DR549817,179.29,0.0,65.0,D,SimuProB-4,EV_109
322.636,30.0,1.37,4232.0,0,4.058,1,35.24,4.228,105.8,115.2,185.0,EV_109,0.0,490,0.0,DR549817_18,65.0,51903.36,DR549817,179.29,0.0,65.0,D,SimuProB-4,EV_109
322.081,32.0,1.37,4301.0,0,4.056,1,35.12,4.226,107.4,118.6,185.0,EV_109,0.0,500,0.0,DR549817_18,64.98,51903.66,DR549817,179.29,0.0,65.0,D,SimuProB-4,EV_109
321.71,36.0,1.37,4369.0,0,4.054,1,35.02,4.224,109.1,125.3,185.0,EV_109,0.0,510,0.0,DR549817_18,65.0,51903.96,DR549817,179.29,0.0,65.0,D,SimuProB-4,EV_109
321.2,40.0,1.37,4477.0,0,4.052,1,34.89,4.222,111.8,130.7,185.0,EV_109,0.0,520,0.0,DR549817_18,65.0,51904.27,DR549817,179.29,0.0,65.0,D,SimuProB-4,EV_109
320.909,45.0,1.37,4540.0,0,4.05,1,34.79,4.22,113.5,138.5,185.0,EV_109,0.0,530,0.0,DR549817_18,65.0,51904.59,DR549817,179.29,0.0,65.0,D,SimuProB-4,EV_109
321.556,34.0,1.37,4328.0,0,4.048,1,34.72,4.218,108.2,122.1,185.0,EV_109,0.0,540,0.0,DR549817_18,65.0,51904.89,DR549817,179.29,0.0,65.0,D,SimuProB-4,EV_109
321.971,28.0,1.37,4095.0,0,4.046,1,34.65,4.216,102.5,105.6,185.0,EV_109,0.0,550,0.0,DR549817_18,65.0,51905.17,DR549817,179.29,0.0,65.0,D,SimuProB-4,EV_109
322.416,24.0,1.37,3928.0,0,4.044,1,34.58,4.214,98.2,98.4,185.0,EV_109,0.0,560,0.0,DR549817_18,64.95,51905.44,DR549817,179.29,0.0,65.0,D,SimuProB-4,EV_109
321.424,29.0,1.37,4060.0,0,4.042,1,34.51,4.212,101.5,108.2,185.0,EV_109,0.0,570,0.0,DR549817_18,65.0,51905.72,DR549817,179.29,0.0,65.0,D,SimuProB-4,EV_109
322.409,20.0,1.37,3832.0,0,4.04,1,34.47,4.21,95.8,92.1,185.0,EV_109,0.0,580,0.0,DR549817_18,65.0,51905.99,DR549817,179.29,0.0,65.0,D,SimuProB-4,EV_109
322.29,26.0,1.37,3900.0,0,4.038,1,34.4,4.208,97.5,102.5,185.0,EV_109,0.0,590,0.0,DR549817_18,65.0,51906.26,DR549817,179.29,0.0,65.0,D,SimuProB-4,EV_109
320.92,31.0,1.37,4112.0,0,4.035,1,34.3,4.205,102.8,115.3,185.0,EV_109,0.0,600,0.0,DR549817_18,65.0,51906.55,DR549817,179.29,0.0,65.0,D,SimuProB-4,EV_109
321.38,22.0,1.37,3848.0,0,4.033,1,34.24,4.203,96.2,95.8,185.0,EV_109,0.0,610,0.0,DR549817_18,65.0,51906.81,DR549817,179.29,0.0,65.0,D,SimuProB-4,EV_109
319.366,35.0,1.37,4168.0,0,4.031,1,34.15,4.201,104.2,125.4,185.0,EV_109,0.0,620,0.0,DR549817_18,65.0,51907.1,DR549817,179.29,0.0,65.0,D,SimuProB-4,EV_109
320.798,28.0,1.37,4020.0,0,4.029,1,34.08,4.199,100.5,105.6,185.0,EV_109,0.0,630,0.0,DR549817_18,65.0,51907.38,DR549817,179.29,0.0,65.0,D,SimuProB-4,EV_109
321.542,24.0,1.37,3936.0,0,4.027,1,34.02,4.197,98.4,88.3,185.0,EV_109,0.0,640,0.0,DR549817_18,65.0,51907.65,DR549817,179.29,0.0,65.0,D,SimuProB-4,EV_109
318.093,32.0,1.37,4140.0,0,4.025,1,33.94,4.195,103.5,135.2,185.0,EV_109,0.0,650,0.0,DR549817_18,65.0,51907.94,DR549817,179.29,0.0,65.0,D,SimuProB-4,EV_109
319.62,20.0,1.37,3832.0,0,4.023,1,33.88,4.193,95.8,92.5,185.0,EV_109,0.0,660,0.0,DR549817_18,65.0,51908.2,DR549817,179.29,0.0,65.0,D,SimuProB-4,EV_109
317.488,38.0,1.37,4328.0,0,4.021,1,33.82,4.191,108.2,148.7,185.0,EV_109,0.0,670,0.0,DR549817_18,65.0,51908.5,DR549817,179.29,0.0,65.0,D,SimuProB-4,EV_109
316.73,45.0,1.37,4496.0,0,4.019,1,33.73,4.189,112.4,165.3,185.0,EV_109,0.0,680,0.0,DR549817_18,65.0,51908.81,DR549817,179.29,0.0,65.0,D,SimuProB-4,EV_109
322.267,22.0,1.37,3860.0,0,4.022,1,33.69,4.187,96.5,75.8,185.0,EV_109,0.0,690,0.0,DR549817_18,65.0,51909.08,DR549817,179.29,0.0,65.0,D,SimuProB-4,EV_109
319.219,30.0,1.37,4192.0,0,4.02,1,33.63,4.185,104.8,98.2,185.0,EV_109,0.0,700,0.0,DR549817_18,65.0,51909.37,DR549817,179.29,0.0,65.0,D,SimuProB-4,EV_109
318.36,35.0,1.37,4300.0,0,4.018,1,33.57,4.183,107.5,112.3,185.0,EV_109,0.0,710,0.0,DR549817_18,65.0,51909.67,DR549817,179.29,0.0,65.0,D,SimuProB-4,EV_109
315.656,48.0,1.37,4608.0,0,4.016,1,33.5,4.181,115.2,155.6,185.0,EV_109,0.0,720,0.0,DR549817_18,65.0,51909.99,DR549817,179.29,0.0,65.0,D,SimuProB-4,EV_109
314.636,52.0,1.37,4744.0,0,4.014,1,33.4,4.179,118.6,172.1,185.0,EV_109,0.0,730,0.0,DR549817_18,65.0,51910.32,DR549817,179.29,0.0,65.0,D,SimuProB-4,EV_109
312.917,45.0,1.37,4672.0,0,4.012,1,33.3,4.177,116.8,165.3,185.0,EV_109,0.0,740,0.0,DR549817_18,65.0,51910.64,DR549817,179.29,0.0,65.0,D,SimuProB-4,EV_109
310.527,55.0,1.37,4780.0,0,4.01,1,33.2,4.175,119.5,185.7,185.0,EV_109,0.0,750,0.0,DR549817_18,65.0,51910.98,DR549817,179.29,0.0,65.0,D,SimuProB-4,EV_109
307.804,38.0,1.37,4496.0,0,4.008,1,33.11,4.173,112.4,142.5,185.0,EV_109,0.0,760,0.0,DR549817_18,65.0,51911.29,DR549817,179.29,0.0,65.0,D,SimuProB-4,EV_109
305.499,42.0,1.37,4580.0,0,4.006,1,33.01,4.171,114.5,135.4,185.0,EV_109,0.0,770,0.0,DR549817_18,65.0,51911.61,DR549817,179.29,0.0,65.0,D,SimuProB-4,EV_109
303.075,35.0,1.37,4432.0,0,4.004,1,32.94,4.169,110.8,128.9,185.0,EV_109,0.0,780,0.0,DR549817_18,65.0,51911.92,DR549817,179.29,0.0,65.0,D,SimuProB-4,EV_109
301.954,32.0,1.37,4328.0,0,4.002,1,32.86,4.167,108.2,122.1,185.0,EV_109,0.0,790,0.0,DR549817_18,65.0,51912.22,DR549817,179.29,0.0,65.0,D,SimuProB-4,EV_109
300.0,28.0,1.37,4220.0,0,4.0,1,32.78,4.165,105.5,115.3,185.0,EV_109,0.0,800,0.0,DR549817_18,65.0,51912.51,DR549817,179.29,0.0,65.0,D,SimuProB-4,EV_109
300.0,25.0,1.37,4112.0,0,3.998,1,32.68,4.163,102.8,108.7,185.0,EV_109,0.0,810,0.0,DR549817_18,65.0,51912.8,DR549817,179.29,0.0,65.0,D,SimuProB-4,EV_109
300.0,22.0,1.37,3940.0,0,3.996,1,32.62,4.161,98.5,95.2,185.0,EV_109,0.0,820,0.0,DR549817_18,65.0,51913.07,DR549817,179.29,0.0,65.0,D,SimuProB-4,EV_109
300.132,21.0,1.37,3888.0,0,3.995,1,32.55,4.159,97.2,92.5,185.0,EV_109,0.0,830,0.0,DR549817_18,65.0,51913.34,DR549817,179.29,0.0,65.0,D,SimuProB-4,EV_109
300.0,22.5,1.37,3940.0,0,3.994,1,32.48,4.157,98.5,94.8,185.0,EV_109,0.0,840,0.0,DR549817_18,65.0,51913.61,DR549817,179.29,0.0,65.0,D,SimuProB-4,EV_109
300.0,25.0,1.37,4008.0,0,3.992,1,32.39,4.155,100.2,98.2,185.0,EV_109,0.0,850,0.0,DR549817_18,65.0,51913.89,DR549817,179.29,0.0,65.0,D,SimuProB-4,EV_109
300.0,28.0,1.37,4140.0,0,3.99,1,32.3,4.153,103.5,115.3,185.0,EV_109,0.0,860,0.0,DR549817_18,65.0,51914.18,DR549817,179.29,0.0,65.0,D,SimuProB-4,EV_109
300.0,26.5,1.37,4048.0,0,3.992,1,32.22,4.155,101.2,102.1,185.0,EV_109,0.0,870,0.0,DR549817_18,65.0,51914.46,DR549817,179.29,0.0,65.0,D,SimuProB-4,EV_109
301.274,0.0,1.37,3952.0,0,3.994,1,32.19,4.158,98.8,-15.4,185.0,EV_109,0.04,880,12.0,DR549817_18,65.0,51914.73,DR549817,179.29,0.0,65.0,D,SimuProB-4,EV_109
302.114,18.5,1.37,3856.0,0,3.995,1,32.15,4.159,96.4,85.2,185.0,EV_109,0.0,890,0.0,DR549817_18,65.0,51915.0,DR549817,179.29,0.0,65.0,D,SimuProB-4,EV_109
301.928,21.0,1.37,3924.0,0,3.993,1,32.11,4.157,98.1,92.6,185.0,EV_109,0.0,900,0.0,DR549817_18,65.0,51915.27,DR549817,179.29,0.0,65.0,D,SimuProB-4,EV_109
303.465,15.0,1.37,3808.0,0,3.997,1,32.09,4.161,95.2,78.4,185.0,EV_109,0.0,910,0.0,DR549817_18,65.0,51915.53,DR549817,179.29,0.0,65.0,D,SimuProB-4,EV_109
302.929,16.5,1.37,3872.0,0,3.996,1,32.06,4.16,96.8,82.5,185.0,EV_109,0.0,920,0.0,DR549817_18,65.0,51915.8,DR549817,179.29,0.0,65.0,D,SimuProB-4,EV_109
301.783,22.0,1.37,3980.0,0,3.998,1,32.04,4.162,99.5,95.3,185.0,EV_109,0.0,930,0.0,DR549817_18,65.0,51916.08,DR549817,179.29,0.0,65.0,D,SimuProB-4,EV_109
303.289,14.0,1.37,3768.0,0,3.995,1,32.01,4.16,94.2,75.1,185.0,EV_109,0.0,940,0.0,DR549817_18,65.0,51916.34,DR549817,179.29,0.0,65.0,D,SimuProB-4,EV_109
301.906,18.5,1.37,3900.0,0,3.999,1,31.99,4.163,97.5,88.5,185.0,EV_109,0.0,950,0.0,DR549817_18,65.0,51916.61,DR549817,179.29,0.0,65.0,D,SimuProB-4,EV_109
301.814,24.0,1.37,4048.0,0,4.001,1,31.96,4.165,101.2,98.2,185.0,EV_109,0.0,960,0.0,DR549817_18,65.0,51916.89,DR549817,179.29,0.0,65.0,D,SimuProB-4,EV_109
303.696,0.0,1.37,3712.0,0,4.005,1,31.95,4.168,92.8,-15.4,185.0,EV_109,0.05,970,12.0,DR549817_18,65.0,51917.15,DR549817,179.29,0.0,65.0,D,SimuProB-4,EV_109
302.445,21.5,1.37,3860.0,0,4.003,1,31.92,4.17,96.5,92.1,185.0,EV_109,0.0,980,0.0,DR549817_18,65.0,51917.42,DR549817,179.29,0.0,65.0,D,SimuProB-4,EV_109
301.305,28.0,1.37,4152.0,0,4.006,1,31.87,4.172,103.8,105.6,185.0,EV_109,0.0,990,0.0,DR549817_18,65.0,51917.71,DR549817,179.29,0.0,65.0,D,SimuProB-4,EV_109
303.134,0.0,1.37,3648.0,0,4.009,1,31.86,4.175,91.2,-22.5,185.0,EV_109,0.06,1000,15.0,DR549817_18,65.0,51917.96,DR549817,179.29,0.0,65.0,D,SimuProB-4,EV_109
300.0,32.0,1.37,4220.0,0,4.012,1,31.83,4.178,105.5,115.4,185.0,EV_109,0.0,1010,0.0,DR549817_18,65.0,51918.25,DR549817,179.29,0.0,65.0,D,SimuProB-4,EV_109
300.0,0.0,1.37,3928.0,0,4.015,1,31.82,4.18,98.2,-18.7,185.0,EV_109,0.05,1020,10.0,DR549817_18,65.0,51918.53,DR549817,179.29,0.0,65.0,D,SimuProB-4,EV_109
300.0,45.0,1.37,4496.0,0,4.018,1,31.79,4.185,112.4,145.2,185.0,EV_109,0.0,1030,0.0,DR549817_18,65.0,51918.84,DR549817,179.29,0.0,65.0,D,SimuProB-4,EV_109
300.0,38.0,1.37,4420.0,0,4.015,1,31.76,4.182,110.5,135.2,185.0,EV_109,0.0,1040,0.0,DR549817_18,65.0,51919.15,DR549817,179.29,0.0,65.0,D,SimuProB-4,EV_109
300.0,52.0,1.37,4728.0,0,4.02,1,31.71,4.188,118.2,162.4,185.0,EV_109,0.0,1050,0.0,DR549817_18,65.0,51919.48,DR549817,179.29,0.0,65.0,D,SimuProB-4,EV_109
301.86,0.0,1.37,4112.0,0,4.022,1,31.7,4.19,102.8,-15.3,185.0,EV_109,0.04,1060,12.0,DR549817_18,65.0,51919.76,DR549817,179.29,0.0,65.0,D,SimuProB-4,EV_109
335.12,48.0,1.37,4660.0,0,4.018,1,31.67,4.185,116.5,142.5,185.0,EV_109,0.0,1070,0.0,DR549817_18,65.0,51920.08,DR549817,179.29,0.0,65.0,D,SimuProB-4,EV_109
341.912,25.0,1.37,4208.0,0,4.015,1,31.65,4.182,105.2,95.8,185.0,EV_109,0.0,1080,0.0,DR549817_18,65.0,51920.38,DR549817,179.29,0.0,65.0,D,SimuProB-4,EV_109
328.996,0.0,1.37,3792.0,0,4.02,1,31.63,4.188,94.8,-22.4,185.0,EV_109,0.06,1090,15.0,DR549817_18,65.0,51920.64,DR549817,179.29,0.0,65.0,D,SimuProB-4,EV_109
315.645,28.0,1.37,4060.0,0,4.018,1,31.6,4.185,101.5,85.2,185.0,EV_109,0.0,1100,0.0,DR549817_18,65.0,51920.92,DR549817,179.29,0.0,65.0,D,SimuProB-4,EV_109
326.023,45.0,1.37,4492.0,0,4.021,1,31.6,4.189,112.3,135.6,185.0,EV_109,0.0,1110,0.0,DR549817_18,65.0,51921.23,DR549817,179.29,0.0,65.0,D,SimuProB-4,EV_109
331.979,32.0,1.37,4348.0,0,4.019,1,31.6,4.186,108.7,105.3,185.0,EV_109,0.0,1120,0.0,DR549817_18,65.0,51921.54,DR549817,179.29,0.0,65.0,D,SimuProB-4,EV_109
322.592,30.0,1.37,4312.0,0,4.019,1,31.58,4.187,107.8,115.4,185.0,EV_109,0.0,1130,0.0,DR549817_18,65.0,51921.84,DR549817,179.29,0.0,65.0,D,SimuProB-4,EV_109
317.815,42.0,1.37,4460.0,0,4.02,1,31.57,4.188,111.5,128.9,185.0,EV_109,0.0,1140,0.0,DR549817_18,65.0,51922.15,DR549817,179.29,0.0,65.0,D,SimuProB-4,EV_109
329.864,26.0,1.37,4208.0,0,4.018,1,31.57,4.186,105.2,98.5,185.0,EV_109,0.0,1150,0.0,DR549817_18,65.0,51922.44,DR549817,179.29,0.0,65.0,D,SimuProB-4,EV_109
318.523,48.0,1.37,4540.0,0,4.021,1,31.56,4.188,113.5,132.1,185.0,EV_109,0.0,1160,0.0,DR549817_18,44.8,51922.76,DR549817,179.29,0.0,46.2,D,SimuProB-4,EV_109
321.159,28.0,1.37,4272.0,0,4.02,1,31.54,4.187,106.8,108.7,185.0,EV_109,0.0,1170,0.0,DR549817_18,45.0,51923.05,DR549817,179.29,0.0,46.5,D,SimuProB-4,EV_109
315.706,52.0,1.37,4408.0,0,4.018,1,31.54,4.189,110.2,142.3,185.0,EV_109,0.0,1180,0.0,DR549817_18,45.3,51923.36,DR549817,179.29,0.0,46.9,D,SimuProB-4,EV_109
319.834,45.0,1.37,4496.0,0,4.021,1,31.51,4.188,112.4,125.6,185.0,EV_109,0.0,1190,0.0,DR549817_18,45.5,51923.67,DR549817,179.29,0.0,47.1,D,SimuProB-4,EV_109
324.808,22.0,1.37,4192.0,0,4.019,1,31.51,4.187,104.8,95.2,185.0,EV_109,0.0,1200,0.0,DR549817_18,45.7,51923.96,DR549817,179.29,0.0,47.3,D,SimuProB-4,EV_109
316.299,54.0,1.37,4564.0,0,4.017,1,31.48,4.189,114.1,138.4,185.0,EV_109,0.0,1210,0.0,DR549817_18,46.0,51924.28,DR549817,179.29,0.0,47.6,D,SimuProB-4,EV_109
313.29,58.0,1.37,4612.0,0,4.015,1,31.44,4.19,115.3,145.2,185.0,EV_109,0.0,1220,0.0,DR549817_18,46.3,51924.6,DR549817,179.29,0.0,47.9,D,SimuProB-4,EV_109
319.052,35.0,1.37,4340.0,0,4.018,1,31.43,4.188,108.5,110.5,185.0,EV_109,0.0,1230,0.0,DR549817_18,46.5,51924.9,DR549817,179.29,0.0,48.1,D,SimuProB-4,EV_109
315.283,48.0,1.37,4448.0,0,4.016,1,31.4,4.189,111.2,128.7,185.0,EV_109,0.0,1240,0.0,DR549817_18,46.8,51925.21,DR549817,179.29,0.0,48.4,D,SimuProB-4,EV_109
312.883,55.0,1.37,4540.0,0,4.014,1,31.38,4.188,113.5,142.3,185.0,EV_109,0.0,1250,0.0,DR549817_18,46.9,51925.53,DR549817,179.29,0.0,48.5,D,SimuProB-4,EV_109
316.939,32.0,1.37,4288.0,0,4.016,1,31.38,4.187,107.2,105.6,185.0,EV_109,0.0,1260,0.0,DR549817_18,47.0,51925.82,DR549817,179.29,0.0,48.6,D,SimuProB-4,EV_109
313.856,46.0,1.37,4432.0,0,4.015,1,31.35,4.189,110.8,125.4,185.0,EV_109,0.0,1270,0.0,DR549817_18,47.1,51926.13,DR549817,179.29,0.0,48.7,D,SimuProB-4,EV_109
322.938,0.0,1.37,0.0,1,3.28,0,31.39,3.42,0.0,-27.7,185.0,EV_109,0.0,0,0.0,RC295912_1,24.2,51926.13,RC295912,179.29,0.0,26.5,P,SimuProB-4,EV_109
323.959,0.0,1.37,0.0,1,3.3,0,31.43,3.44,0.0,-29.0,185.0,EV_109,0.0,10,0.0,RC295912_1,24.3,51926.13,RC295912,179.29,0.0,26.6,P,SimuProB-4,EV_109
324.22,0.0,1.37,0.0,1,3.31,0,31.48,3.45,0.0,-26.7,185.0,EV_109,0.0,20,0.0,RC295912_1,24.4,51926.13,RC295912,179.29,0.0,26.7,P,SimuProB-4,EV_109
324.057,0.0,1.37,0.0,1,3.315,0,31.54,3.455,0.0,-29.8,185.0,EV_109,0.0,30,0.0,RC295912_1,24.45,51926.13,RC295912,179.29,0.0,26.75,P,SimuProB-4,EV_109
324.363,0.0,1.37,0.0,1,3.32,0,31.58,3.46,0.0,-30.3,185.0,EV_109,0.0,40,0.0,RC295912_1,24.5,51926.13,RC295912,179.29,0.0,26.8,P,SimuProB-4,EV_109
325.269,0.0,1.37,0.0,1,3.325,0,31.63,3.465,0.0,-31.9,185.0,EV_109,0.0,50,0.0,RC295912_1,24.55,51926.13,RC295912,179.29,0.0,26.85,P,SimuProB-4,EV_109
326.057,0.0,1.37,0.0,1,3.332,0,31.69,3.472,0.0,-32.5,185.0,EV_109,0.0,60,0.0,RC295912_1,24.62,51926.13,RC295912,179.29,0.0,26.92,P,SimuProB-4,EV_109
326.677,0.0,1.37,0.0,1,3.338,0,31.74,3.478,0.0,-29.8,185.0,EV_109,0.0,70,0.0,RC295912_1,24.71,51926.13,RC295912,179.29,0.0,27.01,P,SimuProB-4,EV_109
326.889,0.0,1.37,0.0,1,3.345,0,31.8,3.485,0.0,-31.4,185.0,EV_109,0.0,80,0.0,RC295912_1,24.85,51926.13,RC295912,179.29,0.0,27.15,P,SimuProB-4,EV_109
326.875,0.0,1.37,0.0,1,3.35,0,31.87,3.49,0.0,-29.2,185.0,EV_109,0.0,90,0.0,RC295912_1,24.9,51926.13,RC295912,179.29,0.0,27.2,P,SimuProB-4,EV_109
327.459,0.0,1.37,0.0,1,3.355,0,31.92,3.495,0.0,-31.8,185.0,EV_109,0.0,100,0.0,RC295912_1,25.0,51926.13,RC295912,179.29,0.0,27.3,P,SimuProB-4,EV_109
327.367,0.0,1.37,0.0,1,3.36,0,31.99,3.5,0.0,-29.8,185.0,EV_109,0.0,110,0.0,RC295912_1,25.1,51926.13,RC295912,179.29,0.0,27.4,P,SimuProB-4,EV_109
327.603,0.0,1.37,0.0,1,3.362,0,32.05,3.502,0.0,-33.4,185.0,EV_109,0.0,120,0.0,RC295912_1,25.15,51926.13,RC295912,179.29,0.0,27.45,P,SimuProB-4,EV_109
328.113,0.0,1.37,0.0,1,3.365,0,32.13,3.505,0.0,-27.3,185.0,EV_109,0.0,130,0.0,RC295912_1,25.21,51926.13,RC295912,179.29,0.0,27.51,P,SimuProB-4,EV_109
328.309,0.0,1.37,0.0,1,3.368,0,32.18,3.508,0.0,-29.2,185.0,EV_109,0.0,140,0.0,RC295912_1,25.27,51926.13,RC295912,179.29,0.0,27.57,P,SimuProB-4,EV_109
328.917,0.0,1.37,0.0,1,3.372,0,32.24,3.512,0.0,-30.5,185.0,EV_109,0.0,150,0.0,RC295912_1,25.32,51926.13,RC295912,179.29,0.0,27.62,P,SimuProB-4,EV_109
328.749,0.0,1.37,0.0,1,3.375,0,32.31,3.515,0.0,-27.3,185.0,EV_109,0.0,160,0.0,RC295912_1,25.37,51926.13,RC295912,179.29,0.0,27.67,P,SimuProB-4,EV_109
329.136,0.0,1.37,0.0,1,3.378,0,32.39,3.518,0.0,-28.2,185.0,EV_109,0.0,170,0.0,RC295912_1,25.42,51926.13,RC295912,179.29,0.0,27.72,P,SimuProB-4,EV_109
329.783,0.0,1.37,0.0,1,3.381,0,32.45,3.521,0.0,-28.2,185.0,EV_109,0.0,180,0.0,RC295912_1,25.48,51926.13,RC295912,179.29,0.0,27.78,P,SimuProB-4,EV_109
329.502,0.0,1.37,0.0,1,3.384,0,32.51,3.524,0.0,-27.2,185.0,EV_109,0.0,190,0.0,RC295912_1,25.54,51926.13,RC295912,179.29,0.0,27.84,P,SimuProB-4,EV_109
330.006,0.0,1.37,0.0,1,3.387,0,32.59,3.527,0.0,-26.9,185.0,EV_109,0.0,200,0.0,RC295912_1,25.6,51926.13,RC295912,179.29,0.0,27.9,P,SimuProB-4,EV_109
330.732,0.0,1.37,0.0,1,3.39,0,32.67,3.53,0.0,-25.6,185.0,EV_109,0.0,210,0.0,RC295912_1,25.65,51926.13,RC295912,179.29,0.0,27.95,P,SimuProB-4,EV_109
330.4,0.0,1.37,0.0,1,3.393,0,32.75,3.533,0.0,-29.5,185.0,EV_109,0.0,220,0.0,RC295912_1,25.71,51926.13,RC295912,179.29,0.0,28.01,P,SimuProB-4,EV_109
331.449,0.0,1.37,0.0,1,3.396,0,32.84,3.536,0.0,-24.8,185.0,EV_109,0.0,230,0.0,RC295912_1,25.76,51926.13,RC295912,179.29,0.0,28.06,P,SimuProB-4,EV_109
332.344,0.0,1.37,0.0,1,3.399,0,32.93,3.539,0.0,-25.9,185.0,EV_109,0.0,240,0.0,RC295912_1,25.81,51926.13,RC295912,179.29,0.0,28.11,P,SimuProB-4,EV_109
333.096,0.0,1.37,0.0,1,3.402,0,33.0,3.542,0.0,-23.0,185.0,EV_109,0.0,250,0.0,RC295912_1,25.86,51926.13,RC295912,179.29,0.0,28.16,P,SimuProB-4,EV_109
333.396,0.0,1.37,0.0,1,3.405,0,33.08,3.545,0.0,-28.1,185.0,EV_109,0.0,260,0.0,RC295912_1,25.92,51926.13,RC295912,179.29,0.0,28.22,P,SimuProB-4,EV_109
333.787,0.0,1.37,0.0,1,3.408,0,33.18,3.548,0.0,-27.7,185.0,EV_109,0.0,270,0.0,RC295912_1,25.98,51926.13,RC295912,179.29,0.0,28.28,P,SimuProB-4,EV_109
333.873,0.0,1.37,0.0,1,3.411,0,33.25,3.551,0.0,-28.3,185.0,EV_109,0.0,280,0.0,RC295912_1,26.03,51926.13,RC295912,179.29,0.0,28.33,P,SimuProB-4,EV_109
334.577,0.0,1.37,0.0,1,3.414,0,33.32,3.554,0.0,-22.8,185.0,EV_109,0.0,290,0.0,RC295912_1,26.09,51926.13,RC295912,179.29,0.0,28.39,P,SimuProB-4,EV_109
335.242,0.0,1.37,0.0,1,3.418,0,33.42,3.558,0.0,-30.6,185.0,EV_109,0.0,300,0.0,RC295912_1,26.15,51926.13,RC295912,179.29,0.0,28.45,P,SimuProB-4,EV_109
335.636,0.0,1.37,0.0,1,3.422,0,33.52,3.562,0.0,-28.2,185.0,EV_109,0.0,310,0.0,RC295912_1,26.21,51926.13,RC295912,179.29,0.0,28.51,P,SimuProB-4,EV_109
336.709,0.0,1.37,0.0,1,3.426,0,33.61,3.566,0.0,-26.7,185.0,EV_109,0.0,320,0.0,RC295912_1,26.27,51926.13,RC295912,179.29,0.0,28.57,P,SimuProB-4,EV_109
337.403,0.0,1.37,0.0,1,3.43,0,33.72,3.57,0.0,-26.9,185.0,EV_109,0.0,330,0.0,RC295912_1,26.33,51926.13,RC295912,179.29,0.0,28.63,P,SimuProB-4,EV_109
338.152,0.0,1.37,0.0,1,3.434,0,33.82,3.574,0.0,-27.7,185.0,EV_109,0.0,340,0.0,RC295912_1,26.39,51926.13,RC295912,179.29,0.0,28.69,P,SimuProB-4,EV_109
339.056,0.0,1.37,0.0,1,3.438,0,33.96,3.578,0.0,-30.9,185.0,EV_109,0.0,350,0.0,RC295912_1,26.45,51926.13,RC295912,179.29,0.0,28.75,P,SimuProB-4,EV_109
339.77,0.0,1.37,0.0,1,3.442,0,34.07,3.582,0.0,-28.4,185.0,EV_109,0.0,360,0.0,RC295912_1,26.51,51926.13,RC295912,179.29,0.0,28.81,P,SimuProB-4,EV_109
340.342,0.0,1.37,0.0,1,3.446,0,34.15,3.586,0.0,-29.5,185.0,EV_109,0.0,370,0.0,RC295912_1,26.57,51926.13,RC295912,179.29,0.0,28.87,P,SimuProB-4,EV_109
341.178,0.0,1.37,0.0,1,3.45,0,34.23,3.59,0.0,-27.7,185.0,EV_109,0.0,380,0.0,RC295912_1,26.63,51926.13,RC295912,179.29,0.0,28.93,P,SimuProB-4,EV_109
341.95,0.0,1.37,0.0,1,3.454,0,34.34,3.594,0.0,-28.2,185.0,EV_109,0.0,390,0.0,RC295912_1,26.69,51926.13,RC295912,179.29,0.0,28.99,P,SimuProB-4,EV_109
342.841,0.0,1.37,0.0,1,3.458,0,34.42,3.598,0.0,-30.9,185.0,EV_109,0.0,400,0.0,RC295912_1,26.75,51926.13,RC295912,179.29,0.0,29.05,P,SimuProB-4,EV_109
343.264,0.0,1.37,0.0,1,3.462,0,34.53,3.602,0.0,-25.5,185.0,EV_109,0.0,410,0.0,RC295912_1,26.81,51926.13,RC295912,179.29,0.0,29.11,P,SimuProB-4,EV_109
343.437,0.0,1.37,0.0,1,3.466,0,34.62,3.606,0.0,-30.3,185.0,EV_109,0.0,420,0.0,RC295912_1,26.85,51926.13,RC295912,179.29,0.0,29.15,P,SimuProB-4,EV_109
344.161,0.0,1.37,0.0,1,3.47,0,34.69,3.61,0.0,-23.6,185.0,EV_109,0.0,430,0.0,RC295912_1,26.89,51926.13,RC295912,179.29,0.0,29.19,P,SimuProB-4,EV_109
344.759,0.0,1.37,0.0,1,3.474,0,34.77,3.614,0.0,-29.1,185.0,EV_109,0.0,440,0.0,RC295912_1,26.93,51926.13,RC295912,179.29,0.0,29.23,P,SimuProB-4,EV_109
345.102,0.0,1.37,0.0,1,3.478,0,34.87,3.618,0.0,-26.9,185.0,EV_109,0.0,450,0.0,RC295912_1,26.98,51926.13,RC295912,179.29,0.0,29.28,P,SimuProB-4,EV_109
345.681,0.0,1.37,0.0,1,3.482,0,34.95,3.622,0.0,-24.0,185.0,EV_109,0.0,460,0.0,RC295912_1,27.03,51926.13,RC295912,179.29,0.0,29.33,P,SimuProB-4,EV_109
346.047,0.0,1.37,0.0,1,3.486,0,35.03,3.626,0.0,-31.9,185.0,EV_109,0.0,470,0.0,RC295912_1,27.08,51926.13,RC295912,179.29,0.0,29.38,P,SimuProB-4,EV_109
346.344,0.0,1.37,0.0,1,3.49,0,35.17,3.63,0.0,-31.7,185.0,EV_109,0.0,480,0.0,RC295912_1,27.12,51926.13,RC295912,179.29,0.0,29.42,P,SimuProB-4,EV_109
346.304,0.0,1.37,0.0,1,3.494,0,35.28,3.634,0.0,-32.7,185.0,EV_109,0.0,490,0.0,RC295912_1,27.17,51926.13,RC295912,179.29,0.0,29.47,P,SimuProB-4,EV_109
347.0,0.0,1.37,0.0,1,3.498,0,35.44,3.638,0.0,-32.0,185.0,EV_109,0.0,500,0.0,RC295912_1,27.21,51926.13,RC295912,179.29,0.0,29.51,P,SimuProB-4,EV_109
347.564,0.0,1.37,0.0,1,3.502,0,35.61,3.642,0.0,-35.1,185.0,EV_109,0.0,510,0.0,RC295912_1,27.26,51926.13,RC295912,179.29,0.0,29.56,P,SimuProB-4,EV_109
348.174,0.0,1.37,0.0,1,3.506,0,35.77,3.646,0.0,-31.0,185.0,EV_109,0.0,520,0.0,RC295912_1,27.31,51926.13,RC295912,179.29,0.0,29.61,P,SimuProB-4,EV_109
348.849,0.0,1.37,0.0,1,3.51,0,35.93,3.65,0.0,-32.7,185.0,EV_109,0.0,530,0.0,RC295912_1,27.36,51926.13,RC295912,179.29,0.0,29.66,P,SimuProB-4,EV_109
349.238,0.0,1.37,0.0,1,3.514,0,36.11,3.654,0.0,-32.3,185.0,EV_109,0.0,540,0.0,RC295912_1,27.41,51926.13,RC295912,179.29,0.0,29.71,P,SimuProB-4,EV_109
350.124,0.0,1.37,0.0,1,3.518,0,36.28,3.658,0.0,-34.3,185.0,EV_109,0.0,550,0.0,RC295912_1,27.46,51926.13,RC295912,179.29,0.0,29.76,P,SimuProB-4,EV_109
350.553,0.0,1.37,0.0,1,3.522,0,36.44,3.662,0.0,-33.8,185.0,EV_109,0.0,560,0.0,RC295912_1,27.51,51926.13,RC295912,179.29,0.0,29.81,P,SimuProB-4,EV_109
351.398,0.0,1.37,0.0,1,3.526,0,36.63,3.666,0.0,-33.1,185.0,EV_109,0.0,570,0.0,RC295912_1,27.56,51926.13,RC295912,179.29,0.0,29.86,P,SimuProB-4,EV_109
352.051,0.0,1.37,0.0,1,3.53,0,36.79,3.67,0.0,-33.9,185.0,EV_109,0.0,580,0.0,RC295912_1,27.61,51926.13,RC295912,179.29,0.0,29.91,P,SimuProB-4,EV_109
352.167,0.0,1.37,0.0,1,3.534,0,36.96,3.674,0.0,-30.9,185.0,EV_109,0.0,590,0.0,RC295912_1,27.66,51926.13,RC295912,179.29,0.0,29.96,P,SimuProB-4,EV_109
352.346,0.0,1.37,0.0,1,3.538,0,37.17,3.678,0.0,-33.4,185.0,EV_109,0.0,600,0.0,RC295912_1,27.72,51926.13,RC295912,179.29,0.0,30.02,P,SimuProB-4,EV_109
353.105,0.0,1.37,0.0,1,3.542,0,37.36,3.682,0.0,-32.6,185.0,EV_109,0.0,610,0.0,RC295912_1,27.78,51926.13,RC295912,179.29,0.0,30.08,P,SimuProB-4,EV_109
354.518,0.0,1.37,0.0,1,3.546,0,37.55,3.686,0.0,-30.0,185.0,EV_109,0.0,620,0.0,RC295912_1,27.85,51926.13,RC295912,179.29,0.0,30.15,P,SimuProB-4,EV_109
356.05,0.0,1.37,0.0,1,3.55,0,37.77,3.69,0.0,-31.9,185.0,EV_109,0.0,630,0.0,RC295912_1,27.93,51926.13,RC295912,179.29,0.0,30.23,P,SimuProB-4,EV_109
356.867,0.0,1.37,0.0,1,3.554,0,37.99,3.694,0.0,-33.4,185.0,EV_109,0.0,640,0.0,RC295912_1,28.01,51926.13,RC295912,179.29,0.0,30.31,P,SimuProB-4,EV_109
358.611,0.0,1.37,0.0,1,3.558,0,38.19,3.698,0.0,-35.2,185.0,EV_109,0.0,650,0.0,RC295912_1,28.09,51926.13,RC295912,179.29,0.0,30.39,P,SimuProB-4,EV_109
358.908,0.0,1.37,0.0,1,3.562,0,38.4,3.702,0.0,-28.7,185.0,EV_109,0.0,660,0.0,RC295912_1,28.17,51926.13,RC295912,179.29,0.0,30.47,P,SimuProB-4,EV_109
359.737,0.0,1.37,0.0,1,3.566,0,38.57,3.706,0.0,-31.2,185.0,EV_109,0.0,670,0.0,RC295912_1,28.25,51926.13,RC295912,179.29,0.0,30.54,P,SimuProB-4,EV_109
360.767,0.0,1.37,0.0,1,3.57,0,38.77,3.71,0.0,-34.6,185.0,EV_109,0.0,680,0.0,RC295912_1,28.33,51926.13,RC295912,179.29,0.0,30.61,P,SimuProB-4,EV_109
361.711,0.0,1.37,0.0,1,3.574,0,39.03,3.714,0.0,-31.0,185.0,EV_109,0.0,690,0.0,RC295912_1,28.4,51926.13,RC295912,179.29,0.0,30.68,P,SimuProB-4,EV_109
362.925,0.0,1.37,0.0,1,3.578,0,39.29,3.718,0.0,-37.8,185.0,EV_109,0.0,700,0.0,RC295912_1,28.48,51926.13,RC295912,179.29,0.0,30.76,P,SimuProB-4,EV_109
363.38,0.0,1.37,0.0,1,3.582,0,39.55,3.722,0.0,-34.9,185.0,EV_109,0.0,710,0.0,RC295912_1,28.56,51926.13,RC295912,179.29,0.0,30.84,P,SimuProB-4,EV_109
364.541,0.0,1.37,0.0,1,3.586,0,39.82,3.726,0.0,-32.8,185.0,EV_109,0.0,720,0.0,RC295912_1,28.63,51926.13,RC295912,179.29,0.0,30.91,P,SimuProB-4,EV_109
365.946,0.0,1.37,0.0,1,3.59,0,40.07,3.73,0.0,-29.8,185.0,EV_109,0.0,730,0.0,RC295912_1,28.7,51926.13,RC295912,179.29,0.0,30.98,P,SimuProB-4,EV_109
366.717,0.0,1.37,0.0,1,3.594,0,40.33,3.734,0.0,-31.7,185.0,EV_109,0.0,740,0.0,RC295912_1,28.77,51926.13,RC295912,179.29,0.0,31.05,P,SimuProB-4,EV_109
367.623,0.0,1.37,0.0,1,3.598,0,40.59,3.738,0.0,-28.7,185.0,EV_109,0.0,750,0.0,RC295912_1,28.84,51926.13,RC295912,179.29,0.0,31.12,P,SimuProB-4,EV_109
368.303,0.0,1.37,0.0,1,3.602,0,40.85,3.742,0.0,-31.7,185.0,EV_109,0.0,760,0.0,RC295912_1,28.91,51926.13,RC295912,179.29,0.0,31.19,P,SimuProB-4,EV_109
369.271,0.0,1.37,0.0,1,3.606,0,41.13,3.746,0.0,-27.4,185.0,EV_109,0.0,770,0.0,RC295912_1,28.98,51926.13,RC295912,179.29,0.0,31.26,P,SimuProB-4,EV_109
370.139,0.0,1.37,0.0,1,3.61,0,41.41,3.75,0.0,-28.1,185.0,EV_109,0.0,780,0.0,RC295912_1,29.05,51926.13,RC295912,179.29,0.0,31.33,P,SimuProB-4,EV_109
370.109,0.0,1.37,0.0,1,3.614,0,41.64,3.754,0.0,-28.9,185.0,EV_109,0.0,790,0.0,RC295912_1,29.12,51926.13,RC295912,179.29,0.0,31.4,P,SimuProB-4,EV_109
371.03,0.0,1.37,0.0,1,3.618,0,41.9,3.758,0.0,-32.0,185.0,EV_109,0.0,800,0.0,RC295912_1,29.19,51926.13,RC295912,179.29,0.0,31.47,P,SimuProB-4,EV_109
371.143,0.0,1.37,0.0,1,3.622,0,42.16,3.762,0.0,-33.3,185.0,EV_109,0.0,810,0.0,RC295912_1,29.28,51926.13,RC295912,179.29,0.0,31.55,P,SimuProB-4,EV_109
372.475,0.0,1.37,0.0,1,3.626,0,42.39,3.766,0.0,-30.8,185.0,EV_109,0.0,820,0.0,RC295912_1,29.35,51926.13,RC295912,179.29,0.0,31.62,P,SimuProB-4,EV_109
372.253,0.0,1.37,0.0,1,3.63,0,42.64,3.77,0.0,-28.1,185.0,EV_109,0.0,830,0.0,RC295912_1,29.43,51926.13,RC295912,179.29,0.0,31.7,P,SimuProB-4,EV_109
373.157,0.0,1.37,0.0,1,3.635,0,42.9,3.775,0.0,-31.1,185.0,EV_109,0.0,840,0.0,RC295912_1,29.51,51926.13,RC295912,179.29,0.0,31.78,P,SimuProB-4,EV_109
374.403,0.0,1.37,0.0,1,3.641,0,43.12,3.781,0.0,-27.7,185.0,EV_109,0.0,850,0.0,RC295912_1,29.59,51926.13,RC295912,179.29,0.0,31.85,P,SimuProB-4,EV_109
375.207,0.0,1.37,0.0,1,3.647,0,43.37,3.786,0.0,-24.6,185.0,EV_109,0.0,860,0.0,RC295912_1,29.67,51926.13,RC295912,179.29,0.0,31.92,P,SimuProB-4,EV_109
376.363,0.0,1.37,0.0,1,3.653,0,43.64,3.792,0.0,-27.1,185.0,EV_109,0.0,870,0.0,RC295912_1,29.76,51926.13,RC295912,179.29,0.0,32.01,P,SimuProB-4,EV_109
376.832,0.0,1.37,0.0,1,3.659,0,43.86,3.798,0.0,-29.0,185.0,EV_109,0.0,880,0.0,RC295912_1,29.85,51926.13,RC295912,179.29,0.0,32.1,P,SimuProB-4,EV_109
377.603,0.0,1.37,0.0,1,3.666,0,44.09,3.805,0.0,-31.8,185.0,EV_109,0.0,890,0.0,RC295912_1,29.94,51926.13,RC295912,179.29,0.0,32.19,P,SimuProB-4,EV_109
378.084,0.0,1.37,0.0,1,3.673,0,44.28,3.812,0.0,-33.1,185.0,EV_109,0.0,900,0.0,RC295912_1,30.01,51926.13,RC295912,179.29,0.0,32.26,P,SimuProB-4,EV_109
379.38,0.0,1.37,0.0,1,3.68,0,44.46,3.819,0.0,-33.8,185.0,EV_109,0.0,910,0.0,RC295912_1,30.08,51926.13,RC295912,179.29,0.0,32.33,P,SimuProB-4,EV_109
380.174,0.0,1.37,0.0,1,3.687,0,44.63,3.826,0.0,-31.5,185.0,EV_109,0.0,920,0.0,RC295912_1,30.15,51926.13,RC295912,179.29,0.0,32.4,P,SimuProB-4,EV_109
381.195,0.0,1.37,0.0,1,3.694,0,44.85,3.833,0.0,-32.8,185.0,EV_109,0.0,930,0.0,RC295912_1,30.23,51926.13,RC295912,179.29,0.0,32.48,P,SimuProB-4,EV_109
381.732,0.0,1.37,0.0,1,3.701,0,45.08,3.84,0.0,-34.4,185.0,EV_109,0.0,940,0.0,RC295912_1,30.31,51926.13,RC295912,179.29,0.0,32.56,P,SimuProB-4,EV_109
383.272,0.0,1.37,0.0,1,3.709,0,45.3,3.848,0.0,-33.4,185.0,EV_109,0.0,950,0.0,RC295912_1,30.39,51926.13,RC295912,179.29,0.0,32.65,P,SimuProB-4,EV_109
384.485,0.0,1.37,0.0,1,3.717,0,45.53,3.856,0.0,-33.0,185.0,EV_109,0.0,960,0.0,RC295912_1,30.47,51926.13,RC295912,179.29,0.0,32.73,P,SimuProB-4,EV_109
385.44,0.0,1.37,0.0,1,3.725,0,45.75,3.864,0.0,-29.4,185.0,EV_109,0.0,970,0.0,RC295912_1,30.55,51926.13,RC295912,179.29,0.0,32.81,P,SimuProB-4,EV_109
385.938,0.0,1.37,0.0,1,3.733,0,45.96,3.872,0.0,-35.3,185.0,EV_109,0.0,980,0.0,RC295912_1,30.63,51926.13,RC295912,179.29,0.0,32.89,P,SimuProB-4,EV_109
386.333,0.0,1.37,0.0,1,3.741,0,46.18,3.88,0.0,-35.6,185.0,EV_109,0.0,990,0.0,RC295912_1,30.71,51926.13,RC295912,179.29,0.0,32.97,P,SimuProB-4,EV_109
386.978,0.0,1.37,0.0,1,3.749,0,46.41,3.888,0.0,-34.2,185.0,EV_109,0.0,1000,0.0,RC295912_1,30.79,51926.13,RC295912,179.29,0.0,33.05,P,SimuProB-4,EV_109
386.873,0.0,1.37,0.0,1,3.757,0,46.65,3.896,0.0,-29.9,185.0,EV_109,0.0,1010,0.0,RC295912_1,30.87,51926.13,RC295912,179.29,0.0,33.13,P,SimuProB-4,EV_109
387.463,0.0,1.37,0.0,1,3.765,0,46.89,3.904,0.0,-33.5,185.0,EV_109,0.0,1020,0.0,RC295912_1,30.95,51926.13,RC295912,179.29,0.0,33.21,P,SimuProB-4,EV_109
387.872,0.0,1.37,0.0,1,3.773,0,47.12,3.912,0.0,-30.8,185.0,EV_109,0.0,1030,0.0,RC295912_1,31.03,51926.13,RC295912,179.29,0.0,33.29,P,SimuProB-4,EV_109
388.439,0.0,1.37,0.0,1,3.781,0,47.35,3.92,0.0,-35.5,185.0,EV_109,0.0,1040,0.0,RC295912_1,31.11,51926.13,RC295912,179.29,0.0,33.37,P,SimuProB-4,EV_109
388.571,0.0,1.37,0.0,1,3.789,0,47.59,3.928,0.0,-28.9,185.0,EV_109,0.0,1050,0.0,RC295912_1,31.19,51926.13,RC295912,179.29,0.0,33.45,P,SimuProB-4,EV_109
389.555,0.0,1.37,0.0,1,3.797,0,47.82,3.936,0.0,-28.8,185.0,EV_109,0.0,1060,0.0,RC295912_1,31.27,51926.13,RC295912,179.29,0.0,33.53,P,SimuProB-4,EV_109
390.093,0.0,1.37,0.0,1,3.805,0,48.06,3.944,0.0,-34.9,185.0,EV_109,0.0,1070,0.0,RC295912_1,31.35,51926.13,RC295912,179.29,0.0,33.61,P,SimuProB-4,EV_109
390.257,0.0,1.37,0.0,1,3.813,0,48.39,3.952,0.0,-30.8,185.0,EV_109,0.0,1080,0.0,RC295912_1,31.45,51926.13,RC295912,179.29,0.0,33.71,P,SimuProB-4,EV_109
391.427,0.0,1.37,0.0,1,3.821,0,48.73,3.96,0.0,-26.7,185.0,EV_109,0.0,1090,0.0,RC295912_1,31.56,51926.13,RC295912,179.29,0.0,33.82,P,SimuProB-4,EV_109
392.317,0.0,1.37,0.0,1,3.829,0,49.08,3.968,0.0,-33.6,185.0,EV_109,0.0,1100,0.0,RC295912_1,31.68,51926.13,RC295912,179.29,0.0,33.94,P,SimuProB-4,EV_109
393.622,0.0,1.37,0.0,1,3.837,0,49.39,3.976,0.0,-30.7,185.0,EV_109,0.0,1110,0.0,RC295912_1,31.78,51926.13,RC295912,179.29,0.0,34.02,P,SimuProB-4,EV_109
394.159,0.0,1.37,0.0,1,3.845,0,49.69,3.984,0.0,-30.4,185.0,EV_109,0.0,1120,0.0,RC295912_1,31.86,51926.13,RC295912,179.29,0.0,34.1,P,SimuProB-4,EV_109
394.91,0.0,1.37,0.0,1,3.853,0,50.03,3.992,0.0,-34.3,185.0,EV_109,0.0,1130,0.0,RC295912_1,31.95,51926.13,RC295912,179.29,0.0,34.18,P,SimuProB-4,EV_109
395.787,0.0,1.37,0.0,1,3.861,0,50.37,3.998,0.0,-33.5,185.0,EV_109,0.0,1140,0.0,RC295912_1,32.04,51926.13,RC295912,179.29,0.0,34.26,P,SimuProB-4,EV_109
396.486,0.0,1.37,0.0,1,3.869,0,50.7,4.005,0.0,-33.9,185.0,EV_109,0.0,1150,0.0,RC295912_1,32.13,51926.13,RC295912,179.29,0.0,34.35,P,SimuProB-4,EV_109
396.572,0.0,1.37,0.0,1,3.877,0,51.05,4.012,0.0,-33.4,185.0,EV_109,0.0,1160,0.0,RC295912_1,32.22,51926.13,RC295912,179.29,0.0,34.44,P,SimuProB-4,EV_109
396.924,0.0,1.37,0.0,1,3.885,0,51.42,4.019,0.0,-35.7,185.0,EV_109,0.0,1170,0.0,RC295912_1,32.31,51926.13,RC295912,179.29,0.0,34.53,P,SimuProB-4,EV_109
398.279,0.0,1.37,0.0,1,3.893,0,51.76,4.026,0.0,-31.2,185.0,EV_109,0.0,1180,0.0,RC295912_1,32.4,51926.13,RC295912,179.29,0.0,34.62,P,SimuProB-4,EV_109
398.946,0.0,1.37,0.0,1,3.901,0,52.11,4.033,0.0,-31.2,185.0,EV_109,0.0,1190,0.0,RC295912_1,32.49,51926.13,RC295912,179.29,0.0,34.71,P,SimuProB-4,EV_109
399.065,0.0,1.37,0.0,1,3.909,0,52.49,4.041,0.0,-34.4,185.0,EV_109,0.0,1200,0.0,RC295912_1,32.59,51926.13,RC295912,179.29,0.0,34.81,P,SimuProB-4,EV_109
399.745,0.0,1.37,0.0,1,3.917,0,52.88,4.049,0.0,-33.2,185.0,EV_109,0.0,1210,0.0,RC295912_1,32.69,51926.13,RC295912,179.29,0.0,34.91,P,SimuProB-4,EV_109
400.287,0.0,1.37,0.0,1,3.925,0,53.25,4.057,0.0,-34.8,185.0,EV_109,0.0,1220,0.0,RC295912_1,32.79,51926.13,RC295912,179.29,0.0,35.01,P,SimuProB-4,EV_109
401.291,0.0,1.37,0.0,1,3.933,0,53.68,4.065,0.0,-34.9,185.0,EV_109,0.0,1230,0.0,RC295912_1,32.84,51926.13,RC295912,179.29,0.0,35.06,P,SimuProB-4,EV_109
401.746,0.0,1.37,0.0,1,3.941,0,54.12,4.073,0.0,-34.2,185.0,EV_109,0.0,1240,0.0,RC295912_1,32.89,51926.13,RC295912,179.29,0.0,35.11,P,SimuProB-4,EV_109
401.54,0.0,1.37,0.0,1,3.949,0,54.58,4.081,0.0,-32.1,185.0,EV_109,0.0,1250,0.0,RC295912_1,32.94,51926.13,RC295912,179.29,0.0,35.16,P,SimuProB-4,EV_109
402.046,0.0,1.37,0.0,1,3.957,0,55.02,4.089,0.0,-31.2,185.0,EV_109,0.0,1260,0.0,RC295912_1,33.01,51926.13,RC295912,179.29,0.0,35.22,P,SimuProB-4,EV_109
402.962,0.0,1.37,0.0,1,3.965,0,55.49,4.097,0.0,-30.1,185.0,EV_109,0.0,1270,0.0,RC295912_1,33.08,51926.13,RC295912,179.29,0.0,35.28,P,SimuProB-4,EV_109
403.048,0.0,1.37,0.0,1,3.973,0,55.95,4.105,0.0,-27.5,185.0,EV_109,0.0,0,0.0,RC295912_2,33.15,51926.13,RC295912,179.29,0.0,35.34,P,SimuProB-4,EV_109
403.935,0.0,1.37,0.0,1,3.981,0,56.43,4.113,0.0,-26.7,185.0,EV_109,0.0,10,0.0,RC295912_2,33.22,51926.13,RC295912,179.29,0.0,35.4,P,SimuProB-4,EV_109
404.042,0.0,1.37,0.0,1,3.989,0,56.88,4.121,0.0,-22.3,185.0,EV_109,0.0,20,0.0,RC295912_2,33.28,51926.13,RC295912,179.29,0.0,35.45,P,SimuProB-4,EV_109
405.65,0.0,1.37,0.0,1,3.997,0,57.36,4.129,0.0,-23.6,185.0,EV_109,0.0,30,0.0,RC295912_2,33.35,51926.13,RC295912,179.29,0.0,35.5,P,SimuProB-4,EV_109
405.961,0.0,1.37,0.0,1,4.005,0,57.74,4.137,0.0,-22.2,185.0,EV_109,0.0,40,0.0,RC295912_2,33.42,51926.13,RC295912,179.29,0.0,35.56,P,SimuProB-4,EV_109
407.252,0.0,1.37,0.0,1,4.013,0,58.12,4.145,0.0,-22.6,185.0,EV_109,0.0,50,0.0,RC295912_2,33.49,51926.13,RC295912,179.29,0.0,35.62,P,SimuProB-4,EV_109
407.723,0.0,1.37,0.0,1,4.021,0,58.5,4.153,0.0,-22.3,185.0,EV_109,0.0,60,0.0,RC295912_2,33.56,51926.13,RC295912,179.29,0.0,35.68,P,SimuProB-4,EV_109
407.909,0.0,1.37,0.0,1,4.029,0,58.88,4.161,0.0,-20.0,185.0,EV_109,0.0,70,0.0,RC295912_2,33.63,51926.13,RC295912,179.29,0.0,35.74,P,SimuProB-4,EV_109
409.115,0.0,1.37,0.0,1,4.037,0,59.25,4.169,0.0,-23.5,185.0,EV_109,0.0,80,0.0,RC295912_2,33.7,51926.13,RC295912,179.29,0.0,35.8,P,SimuProB-4,EV_109
409.283,0.0,1.37,0.0,1,4.045,0,59.64,4.177,0.0,-21.6,185.0,EV_109,0.0,90,0.0,RC295912_2,33.77,51926.13,RC295912,179.29,0.0,35.86,P,SimuProB-4,EV_109
409.751,0.0,1.37,0.0,1,4.053,0,60.02,4.185,0.0,-20.3,185.0,EV_109,0.0,100,0.0,RC295912_2,33.84,51926.13,RC295912,179.29,0.0,35.92,P,SimuProB-4,EV_109
409.626,0.0,1.37,0.0,1,4.061,0,60.4,4.193,0.0,-20.0,185.0,EV_109,0.0,110,0.0,RC295912_2,33.91,51926.13,RC295912,179.29,0.0,35.98,P,SimuProB-4,EV_109
409.887,0.0,1.37,0.0,1,4.069,0,60.81,4.201,0.0,-19.8,185.0,EV_109,0.0,120,0.0,RC295912_2,33.98,51926.13,RC295912,179.29,0.0,36.04,P,SimuProB-4,EV_109
410.088,0.0,1.37,0.0,1,4.077,0,61.22,4.209,0.0,-19.2,185.0,EV_109,0.0,130,0.0,RC295912_2,34.05,51926.13,RC295912,179.29,0.0,36.11,P,SimuProB-4,EV_109
410.652,0.0,1.37,0.0,1,4.085,0,61.64,4.217,0.0,-21.5,185.0,EV_109,0.0,140,0.0,RC295912_2,34.12,51926.13,RC295912,179.29,0.0,36.18,P,SimuProB-4,EV_109
410.581,0.0,1.37,0.0,1,4.093,0,62.05,4.225,0.0,-22.6,185.0,EV_109,0.0,150,0.0,RC295912_2,34.19,51926.13,RC295912,179.29,0.0,36.25,P,SimuProB-4,EV_109
410.832,0.0,1.37,0.0,1,4.098,0,62.46,4.231,0.0,-23.5,185.0,EV_109,0.0,160,0.0,RC295912_2,34.26,51926.13,RC295912,179.29,0.0,36.32,P,SimuProB-4,EV_109
411.309,0.0,1.37,0.0,1,4.104,0,62.89,4.238,0.0,-19.0,185.0,EV_109,0.0,170,0.0,RC295912_2,34.33,51926.13,RC295912,179.29,0.0,36.39,P,SimuProB-4,EV_109
411.289,0.0,1.37,0.0,1,4.11,0,63.32,4.245,0.0,-20.3,185.0,EV_109,0.0,180,0.0,RC295912_2,34.4,51926.13,RC295912,179.29,0.0,36.46,P,SimuProB-4,EV_109
411.503,0.0,1.37,0.0,1,4.116,0,63.74,4.252,0.0,-21.5,185.0,EV_109,0.0,190,0.0,RC295912_2,34.47,51926.13,RC295912,179.29,0.0,36.53,P,SimuProB-4,EV_109
411.58,0.0,1.37,0.0,1,4.122,0,64.15,4.258,0.0,-20.3,185.0,EV_109,0.0,200,0.0,RC295912_2,34.54,51926.13,RC295912,179.29,0.0,36.6,P,SimuProB-4,EV_109
412.157,0.0,1.37,0.0,1,4.128,0,64.57,4.265,0.0,-17.5,185.0,EV_109,0.0,210,0.0,RC295912_2,34.61,51926.13,RC295912,179.29,0.0,36.67,P,SimuProB-4,EV_109
412.986,0.0,1.37,0.0,1,4.134,0,65.03,4.271,0.0,-19.2,185.0,EV_109,0.0,220,0.0,RC295912_2,34.68,51926.13,RC295912,179.29,0.0,36.72,P,SimuProB-4,EV_109
413.255,0.0,1.37,0.0,1,4.141,0,65.48,4.278,0.0,-19.6,185.0,EV_109,0.0,230,0.0,RC295912_2,34.75,51926.13,RC295912,179.29,0.0,36.78,P,SimuProB-4,EV_109
413.447,0.0,1.37,0.0,1,4.148,0,65.97,4.285,0.0,-20.0,185.0,EV_109,0.0,240,0.0,RC295912_2,34.82,51926.13,RC295912,179.29,0.0,36.84,P,SimuProB-4,EV_109
413.806,0.0,1.37,0.0,1,4.155,0,66.45,4.292,0.0,-18.3,185.0,EV_109,0.0,250,0.0,RC295912_2,34.89,51926.13,RC295912,179.29,0.0,36.91,P,SimuProB-4,EV_109
414.68,0.0,1.37,0.0,1,4.162,0,66.92,4.299,0.0,-16.5,185.0,EV_109,0.0,260,0.0,RC295912_2,34.96,51926.13,RC295912,179.29,0.0,36.98,P,SimuProB-4,EV_109
414.849,0.0,1.37,0.0,1,4.169,0,67.4,4.306,0.0,-18.9,185.0,EV_109,0.0,270,0.0,RC295912_2,35.03,51926.13,RC295912,179.29,0.0,37.05,P,SimuProB-4,EV_109
414.771,0.0,1.37,0.0,1,4.176,0,67.88,4.313,0.0,-17.1,185.0,EV_109,0.0,280,0.0,RC295912_2,35.1,51926.13,RC295912,179.29,0.0,37.12,P,SimuProB-4,EV_109
415.799,0.0,1.37,0.0,1,4.183,0,68.36,4.32,0.0,-19.1,185.0,EV_109,0.0,290,0.0,RC295912_2,35.16,51926.13,RC295912,179.29,0.0,37.18,P,SimuProB-4,EV_109
416.098,0.0,1.37,0.0,1,4.19,0,68.83,4.327,0.0,-17.1,185.0,EV_109,0.0,300,0.0,RC295912_2,35.22,51926.13,RC295912,179.29,0.0,37.24,P,SimuProB-4,EV_109
416.306,0.0,1.37,0.0,1,4.197,0,69.32,4.334,0.0,-21.2,185.0,EV_109,0.0,310,0.0,RC295912_2,35.29,51926.13,RC295912,179.29,0.0,37.31,P,SimuProB-4,EV_109
416.752,0.0,1.37,0.0,1,4.204,0,69.78,4.341,0.0,-17.4,185.0,EV_109,0.0,320,0.0,RC295912_2,35.36,51926.13,RC295912,179.29,0.0,37.38,P,SimuProB-4,EV_109
417.141,0.0,1.37,0.0,1,4.211,0,70.25,4.348,0.0,-19.5,185.0,EV_109,0.0,330,0.0,RC295912_2,35.43,51926.13,RC295912,179.29,0.0,37.45,P,SimuProB-4,EV_109
417.636,0.0,1.37,0.0,1,4.218,0,70.73,4.355,0.0,-18.4,185.0,EV_109,0.0,340,0.0,RC295912_2,35.51,51926.13,RC295912,179.29,0.0,37.53,P,SimuProB-4,EV_109
417.672,0.0,1.37,0.0,1,4.225,0,71.19,4.362,0.0,-19.3,185.0,EV_109,0.0,350,0.0,RC295912_2,35.59,51926.13,RC295912,179.29,0.0,37.61,P,SimuProB-4,EV_109
418.743,0.0,1.37,0.0,1,4.232,0,71.66,4.369,0.0,-21.9,185.0,EV_109,0.0,360,0.0,RC295912_2,35.67,51926.13,RC295912,179.29,0.0,37.69,P,SimuProB-4,EV_109
419.314,0.0,1.37,0.0,1,4.238,0,72.15,4.375,0.0,-19.5,185.0,EV_109,0.0,370,0.0,RC295912_2,35.76,51926.13,RC295912,179.29,0.0,37.78,P,SimuProB-4,EV_109
419.56,0.0,1.37,0.0,1,4.245,0,72.66,4.382,0.0,-19.5,185.0,EV_109,0.0,380,0.0,RC295912_2,35.85,51926.13,RC295912,179.29,0.0,37.86,P,SimuProB-4,EV_109
420.538,0.0,1.37,0.0,1,4.252,0,73.14,4.389,0.0,-20.5,185.0,EV_109,0.0,390,0.0,RC295912_2,35.93,51926.13,RC295912,179.29,0.0,37.94,P,SimuProB-4,EV_109
420.962,0.0,1.37,0.0,1,4.258,0,73.69,4.395,0.0,-21.5,185.0,EV_109,0.0,400,0.0,RC295912_2,36.01,51926.13,RC295912,179.29,0.0,38.02,P,SimuProB-4,EV_109
421.867,0.0,1.37,0.0,1,4.264,0,74.23,4.401,0.0,-19.5,185.0,EV_109,0.0,410,0.0,RC295912_2,36.08,51926.13,RC295912,179.29,0.0,38.09,P,SimuProB-4,EV_109
422.825,0.0,1.37,0.0,1,4.27,0,74.76,4.407,0.0,-20.1,185.0,EV_109,0.0,420,0.0,RC295912_2,36.15,51926.13,RC295912,179.29,0.0,38.16,P,SimuProB-4,EV_109
423.987,0.0,1.37,0.0,1,4.276,0,75.31,4.413,0.0,-18.2,185.0,EV_109,0.0,430,0.0,RC295912_2,36.22,51926.13,RC295912,179.29,0.0,38.23,P,SimuProB-4,EV_109
424.676,0.0,1.37,0.0,1,4.282,0,75.85,4.419,0.0,-18.8,185.0,EV_109,0.0,440,0.0,RC295912_2,36.3,51926.13,RC295912,179.29,0.0,38.31,P,SimuProB-4,EV_109
425.977,0.0,1.37,0.0,1,4.288,0,76.39,4.425,0.0,-19.4,185.0,EV_109,0.0,450,0.0,RC295912_2,36.37,51926.13,RC295912,179.29,0.0,38.38,P,SimuProB-4,EV_109
427.523,0.0,1.37,0.0,1,4.294,0,76.94,4.431,0.0,-17.6,185.0,EV_109,0.0,460,0.0,RC295912_2,36.44,51926.13,RC295912,179.29,0.0,38.44,P,SimuProB-4,EV_109
428.413,0.0,1.37,0.0,1,4.3,0,77.49,4.437,0.0,-20.3,185.0,EV_109,0.0,470,0.0,RC295912_2,36.51,51926.13,RC295912,179.29,0.0,38.51,P,SimuProB-4,EV_109
429.351,0.0,1.37,0.0,1,4.306,0,78.04,4.443,0.0,-19.3,185.0,EV_109,0.0,480,0.0,RC295912_2,36.58,51926.13,RC295912,179.29,0.0,38.58,P,SimuProB-4,EV_109
430.01,0.0,1.37,0.0,1,4.312,0,78.6,4.449,0.0,-19.6,185.0,EV_109,0.0,490,0.0,RC295912_2,36.63,51926.13,RC295912,179.29,0.0,38.63,P,SimuProB-4,EV_109
431.167,0.0,1.37,0.0,1,4.318,0,79.12,4.45,0.0,-21.0,185.0,EV_109,0.0,500,0.0,RC295912_2,36.68,51926.13,RC295912,179.29,0.0,38.68,P,SimuProB-4,EV_109
432.054,0.0,1.37,0.0,1,4.324,0,79.68,4.45,0.0,-16.8,185.0,EV_109,0.0,510,0.0,RC295912_2,36.73,51926.13,RC295912,179.29,0.0,38.73,P,SimuProB-4,EV_109
432.641,0.0,1.37,0.0,1,4.328,0,80.16,4.45,0.0,-14.9,185.0,EV_109,0.0,520,0.0,RC295912_2,36.78,51926.13,RC295912,179.29,0.0,38.78,P,SimuProB-4,EV_109
434.077,0.0,1.37,0.0,1,4.332,0,80.63,4.45,0.0,-13.4,185.0,EV_109,0.0,530,0.0,RC295912_2,36.84,51926.13,RC295912,179.29,0.0,38.84,P,SimuProB-4,EV_109
435.613,0.0,1.37,0.0,1,4.336,0,81.14,4.45,0.0,-10.9,185.0,EV_109,0.0,540,0.0,RC295912_2,36.91,51926.13,RC295912,179.29,0.0,38.91,P,SimuProB-4,EV_109
436.36,0.0,1.37,0.0,1,4.34,0,81.35,4.45,0.0,-6.0,185.0,EV_109,0.0,550,0.0,RC295912_2,36.98,51926.13,RC295912,179.29,0.0,38.98,P,SimuProB-4,EV_109
437.64,0.0,1.37,0.0,1,4.342,0,81.52,4.45,0.0,-4.8,185.0,EV_109,0.0,560,0.0,RC295912_2,37.04,51926.13,RC295912,179.29,0.0,39.04,P,SimuProB-4,EV_109
438.536,0.0,1.37,0.0,1,4.345,0,81.68,4.45,0.0,-8.6,185.0,EV_109,0.0,570,0.0,RC295912_2,37.1,51926.13,RC295912,179.29,0.0,39.1,P,SimuProB-4,EV_109
438.758,0.0,1.37,0.0,1,4.346,0,81.7,4.45,0.0,-7.5,185.0,EV_109,0.0,580,0.0,RC295912_2,37.12,51926.13,RC295912,179.29,0.0,39.12,P,SimuProB-4,EV_109
439.25,0.0,1.37,0.0,1,4.347,0,81.72,4.45,0.0,-5.9,185.0,EV_109,0.0,590,0.0,RC295912_2,37.15,51926.13,RC295912,179.29,0.0,39.15,P,SimuProB-4,EV_109
439.883,0.0,1.37,0.0,1,4.348,0,81.72,4.45,0.0,-7.0,185.0,EV_109,0.0,600,0.0,RC295912_2,37.18,51926.13,RC295912,179.29,0.0,39.18,P,SimuProB-4,EV_109
440.557,0.0,1.37,0.0,1,4.35,0,81.74,4.45,0.0,-7.1,185.0,EV_109,0.0,610,0.0,RC295912_2,37.2,51926.13,RC295912,179.29,0.0,39.2,P,SimuProB-4,EV_109
440.603,0.0,1.37,0.0,1,4.352,0,81.76,4.45,0.0,-8.6,185.0,EV_109,0.0,620,0.0,RC295912_2,37.22,51926.13,RC295912,179.29,0.0,39.22,P,SimuProB-4,EV_109
441.402,0.0,1.37,0.0,1,4.355,0,81.78,4.45,0.0,-7.4,185.0,EV_109,0.0,630,0.0,RC295912_2,37.24,51926.13,RC295912,179.29,0.0,39.24,P,SimuProB-4,EV_109
442.082,0.0,1.37,0.0,1,4.358,0,81.8,4.45,0.0,-6.9,185.0,EV_109,0.0,640,0.0,RC295912_2,37.26,51926.13,RC295912,179.29,0.0,39.26,P,SimuProB-4,EV_109
442.494,0.0,1.37,0.0,1,4.36,0,81.82,4.45,0.0,-9.5,185.0,EV_109,0.0,650,0.0,RC295912_2,37.28,51926.13,RC295912,179.29,0.0,39.28,P,SimuProB-4,EV_109
442.594,0.0,1.37,0.0,1,4.363,0,81.83,4.45,0.0,-5.5,185.0,EV_109,0.0,660,0.0,RC295912_2,37.3,51926.13,RC295912,179.29,0.0,39.3,P,SimuProB-4,EV_109
443.206,0.0,1.37,0.0,1,4.365,0,81.88,4.45,0.0,-6.4,185.0,EV_109,0.0,670,0.0,RC295912_2,37.32,51926.13,RC295912,179.29,0.0,39.32,P,SimuProB-4,EV_109
443.631,0.0,1.37,0.0,1,4.368,0,81.89,4.45,0.0,-5.1,185.0,EV_109,0.0,680,0.0,RC295912_2,37.35,51926.13,RC295912,179.29,0.0,39.35,P,SimuProB-4,EV_109
443.701,0.0,1.37,0.0,1,4.372,0,81.93,4.45,0.0,-5.3,185.0,EV_109,0.0,690,0.0,RC295912_2,37.38,51926.13,RC295912,179.29,0.0,39.38,P,SimuProB-4,EV_109
444.578,0.0,1.37,0.0,1,4.375,0,81.94,4.45,0.0,-2.9,185.0,EV_109,0.0,700,0.0,RC295912_2,37.41,51926.13,RC295912,179.29,0.0,39.41,P,SimuProB-4,EV_109
444.298,0.0,1.37,0.0,1,4.378,0,81.95,4.45,0.0,-8.0,185.0,EV_109,0.0,710,0.0,RC295912_2,37.44,51926.13,RC295912,179.29,0.0,39.44,P,SimuProB-4,EV_109
445.0,0.0,1.37,0.0,1,4.381,0,81.97,4.45,0.0,-7.5,185.0,EV_109,0.0,720,0.0,RC295912_2,37.47,51926.13,RC295912,179.29,0.0,39.47,P,SimuProB-4,EV_109
444.978,0.0,1.37,0.0,1,4.384,0,81.98,4.45,0.0,-6.3,185.0,EV_109,0.0,730,0.0,RC295912_2,37.5,51926.13,RC295912,179.29,0.0,39.5,P,SimuProB-4,EV_109
445.0,0.0,1.37,0.0,1,4.387,0,82.02,4.45,0.0,-9.0,185.0,EV_109,0.0,740,0.0,RC295912_2,37.53,51926.13,RC295912,179.29,0.0,39.53,P,SimuProB-4,EV_109
445.0,0.0,1.37,0.0,1,4.389,0,82.02,4.45,0.0,-5.3,185.0,EV_109,0.0,750,0.0,RC295912_2,37.55,51926.13,RC295912,179.29,0.0,39.55,P,SimuProB-4,EV_109
444.916,0.0,1.37,0.0,1,4.392,0,82.05,4.45,0.0,-3.3,185.0,EV_109,0.0,760,0.0,RC295912_2,37.58,51926.13,RC295912,179.29,0.0,39.58,P,SimuProB-4,EV_109
444.732,0.0,1.37,0.0,1,4.394,0,82.06,4.45,0.0,-3.9,185.0,EV_109,0.0,770,0.0,RC295912_2,37.61,51926.13,RC295912,179.29,0.0,39.61,P,SimuProB-4,EV_109
445.0,0.0,1.37,0.0,1,4.396,0,82.07,4.45,0.0,-4.7,185.0,EV_109,0.0,780,0.0,RC295912_2,37.64,51926.13,RC295912,179.29,0.0,39.64,P,SimuProB-4,EV_109
445.0,0.0,1.37,0.0,1,4.397,0,82.07,4.45,0.0,-2.3,185.0,EV_109,0.0,790,0.0,RC295912_2,37.65,51926.13,RC295912,179.29,0.0,39.65,P,SimuProB-4,EV_109
444.569,0.0,1.37,0.0,1,4.398,0,82.08,4.45,0.0,-2.6,185.0,EV_109,0.0,800,0.0,RC295912_2,37.66,51926.13,RC295912,179.29,0.0,39.66,P,SimuProB-4,EV_109
444.958,0.0,1.37,0.0,1,4.399,0,82.08,4.45,0.0,-2.4,185.0,EV_109,0.0,810,0.0,RC295912_2,37.67,51926.13,RC295912,179.29,0.0,39.67,P,SimuProB-4,EV_109
445.0,0.0,1.37,0.0,1,4.401,0,82.09,4.45,0.0,-4.5,185.0,EV_109,0.0,820,0.0,RC295912_2,37.68,51926.13,RC295912,179.29,0.0,39.68,P,SimuProB-4,EV_109
445.0,0.0,1.37,0.0,1,4.403,0,82.1,4.45,0.0,-1.4,185.0,EV_109,0.0,830,0.0,RC295912_2,37.69,51926.13,RC295912,179.29,0.0,39.69,P,SimuProB-4,EV_109
445.0,0.0,1.37,0.0,1,4.404,0,82.11,4.45,0.0,-3.9,185.0,EV_109,0.0,840,0.0,RC295912_2,37.7,51926.13,RC295912,179.29,0.0,39.7,P,SimuProB-4,EV_109
444.919,0.0,1.37,0.0,1,4.405,0,82.13,4.45,0.0,-6.4,185.0,EV_109,0.0,850,0.0,RC295912_2,37.71,51926.13,RC295912,179.29,0.0,39.71,P,SimuProB-4,EV_109
444.772,0.0,1.37,0.0,1,4.406,0,82.13,4.45,0.0,-4.5,185.0,EV_109,0.0,860,0.0,RC295912_2,37.72,51926.13,RC295912,179.29,0.0,39.72,P,SimuProB-4,EV_109
445.0,0.0,1.37,0.0,1,4.408,0,82.13,4.45,0.0,-3.0,185.0,EV_109,0.0,870,0.0,RC295912_2,37.73,51926.13,RC295912,179.29,0.0,39.73,P,SimuProB-4,EV_109
445.0,0.0,1.37,0.0,1,4.409,0,82.15,4.45,0.0,-0.1,185.0,EV_109,0.0,880,0.0,RC295912_2,37.74,51926.13,RC295912,179.29,0.0,39.74,P,SimuProB-4,EV_109
445.0,0.0,1.37,0.0,1,4.41,0,82.16,4.45,0.0,-0.8,185.0,EV_109,0.0,890,0.0,RC295912_2,37.75,51926.13,RC295912,179.29,0.0,39.75,P,SimuProB-4,EV_109
445.0,0.0,1.37,0.0,1,4.411,0,82.16,4.45,0.0,-1.0,185.0,EV_109,0.0,900,0.0,RC295912_2,37.76,51926.13,RC295912,179.29,0.0,39.76,P,SimuProB-4,EV_109
444.792,0.0,1.37,0.0,1,4.412,0,82.17,4.45,0.0,1.6,185.0,EV_109,0.0,910,0.0,RC295912_2,37.76,51926.13,RC295912,179.29,0.0,39.76,P,SimuProB-4,EV_109
445.0,0.0,1.37,0.0,1,4.413,0,82.18,4.45,0.0,-1.0,185.0,EV_109,0.0,920,0.0,RC295912_2,37.77,51926.13,RC295912,179.29,0.0,39.77,P,SimuProB-4,EV_109
445.0,0.0,1.37,0.0,1,4.414,0,82.18,4.45,0.0,1.4,185.0,EV_109,0.0,930,0.0,RC295912_2,37.78,51926.13,RC295912,179.29,0.0,39.78,P,SimuProB-4,EV_109
444.782,0.0,1.37,0.0,1,4.414,0,82.19,4.45,0.0,-2.2,185.0,EV_109,0.0,940,0.0,RC295912_2,37.78,51926.13,RC295912,179.29,0.0,39.78,P,SimuProB-4,EV_109
445.0,0.0,1.37,0.0,1,4.415,0,82.19,4.45,0.0,-1.4,185.0,EV_109,0.0,950,0.0,RC295912_2,37.79,51926.13,RC295912,179.29,0.0,39.79,P,SimuProB-4,EV_109
445.0,0.0,1.37,0.0,1,4.416,0,82.19,4.45,0.0,-2.2,185.0,EV_109,0.0,960,0.0,RC295912_2,37.79,51926.13,RC295912,179.29,0.0,39.79,P,SimuProB-4,EV_109
445.0,0.0,1.37,0.0,1,4.416,0,82.19,4.45,0.0,-0.5,185.0,EV_109,0.0,970,0.0,RC295912_2,37.82,51926.13,RC295912,179.29,0.0,39.82,P,SimuProB-4,EV_109
445.0,0.0,1.37,0.0,1,4.417,0,82.2,4.45,0.0,-2.3,185.0,EV_109,0.0,980,0.0,RC295912_2,37.85,51926.13,RC295912,179.29,0.0,39.85,P,SimuProB-4,EV_109
445.0,0.0,1.37,0.0,1,4.418,0,82.21,4.45,0.0,-1.6,185.0,EV_109,0.0,990,0.0,RC295912_2,37.88,51926.13,RC295912,179.29,0.0,39.88,P,SimuProB-4,EV_109
445.0,0.0,1.37,0.0,1,4.419,0,82.23,4.45,0.0,0.2,185.0,EV_109,0.0,1000,0.0,RC295912_2,37.89,51926.13,RC295912,179.29,0.0,39.89,P,SimuProB-4,EV_109
444.9,0.0,1.37,0.0,1,4.42,0,82.23,4.45,0.0,-3.5,185.0,EV_109,0.0,1010,0.0,RC295912_2,37.9,51926.13,RC295912,179.29,0.0,39.9,P,SimuProB-4,EV_109
444.981,0.0,1.37,0.0,1,4.421,0,82.23,4.45,0.0,-1.0,185.0,EV_109,0.0,1020,0.0,RC295912_2,37.91,51926.13,RC295912,179.29,0.0,39.91,P,SimuProB-4,EV_109
444.908,0.0,1.37,0.0,1,4.422,0,82.24,4.45,0.0,-1.1,185.0,EV_109,0.0,1030,0.0,RC295912_2,37.915,51926.13,RC295912,179.29,0.0,39.915,P,SimuProB-4,EV_109
444.639,0.0,1.37,0.0,1,4.423,0,82.25,4.45,0.0,0.7,185.0,EV_109,0.0,1040,0.0,RC295912_2,37.92,51926.13,RC295912,179.29,0.0,39.92,P,SimuProB-4,EV_109
445.0,0.0,1.37,0.0,1,4.424,0,82.25,4.45,0.0,0.5,185.0,EV_109,0.0,1050,0.0,RC295912_2,37.925,51926.13,RC295912,179.29,0.0,39.925,P,SimuProB-4,EV_109
445.0,0.0,1.37,0.0,1,4.425,0,82.26,4.45,0.0,0.1,185.0,EV_109,0.0,1060,0.0,RC295912_2,37.93,51926.13,RC295912,179.29,0.0,39.93,P,SimuProB-4,EV_109
444.807,0.0,1.37,0.0,1,4.426,0,82.27,4.45,0.0,1.5,185.0,EV_109,0.0,1070,0.0,RC295912_2,37.935,51926.13,RC295912,179.29,0.0,39.935,P,SimuProB-4,EV_109
445.0,0.0,1.37,0.0,1,4.427,0,82.27,4.45,0.0,-1.1,185.0,EV_109,0.0,1080,0.0,RC295912_2,37.94,51926.13,RC295912,179.29,0.0,39.94,P,SimuProB-4,EV_109
444.743,0.0,1.37,0.0,1,4.427,0,82.27,4.45,0.0,-3.7,185.0,EV_109,0.0,1090,0.0,RC295912_2,37.942,51926.13,RC295912,179.29,0.0,39.942,P,SimuProB-4,EV_109
445.0,0.0,1.37,0.0,1,4.428,0,82.28,4.45,0.0,-0.1,185.0,EV_109,0.0,1100,0.0,RC295912_2,37.944,51926.13,RC295912,179.29,0.0,39.944,P,SimuProB-4,EV_109
444.754,0.0,1.37,0.0,1,4.429,0,82.29,4.45,0.0,-2.0,185.0,EV_109,0.0,1110,0.0,RC295912_2,37.946,51926.13,RC295912,179.29,0.0,39.946,P,SimuProB-4,EV_109
444.824,0.0,1.37,0.0,1,4.429,0,82.3,4.45,0.0,0.7,185.0,EV_109,0.0,1120,0.0,RC295912_2,37.95,51926.13,RC295912,179.29,0.0,39.95,P,SimuProB-4,EV_109
445.0,0.0,1.37,0.0,1,4.43,0,82.3,4.45,0.0,0.2,185.0,EV_109,0.0,1130,0.0,RC295912_2,37.95,51926.13,RC295912,179.29,0.0,39.95,P,SimuProB-4,EV_109
445.0,0.0,1.37,0.0,1,4.429,0,82.33,4.45,0.0,-3.9,185.0,EV_109,0.0,1140,0.0,RC295912_2,37.96,51926.13,RC295912,179.29,0.0,39.96,P,SimuProB-4,EV_109
445.0,0.0,1.37,0.0,1,4.43,0,82.34,4.45,0.0,-3.3,185.0,EV_109,0.0,1150,0.0,RC295912_2,37.965,51926.13,RC295912,179.29,0.0,39.965,P,SimuProB-4,EV_109
445.0,0.0,1.37,0.0,1,4.431,0,82.35,4.45,0.0,-4.3,185.0,EV_109,0.0,1160,0.0,RC295912_2,37.97,51926.13,RC295912,179.29,0.0,39.97,P,SimuProB-4,EV_109
445.0,0.0,1.37,0.0,1,4.432,0,82.36,4.45,0.0,-6.3,185.0,EV_109,0.0,1170,0.0,RC295912_2,37.975,51926.13,RC295912,179.29,0.0,39.975,P,SimuProB-4,EV_109
444.65,0.0,1.37,0.0,1,4.431,0,82.38,4.45,0.0,-6.0,185.0,EV_109,0.0,1180,0.0,RC295912_2,38.0,51926.13,RC295912,179.29,0.0,40.0,P,SimuProB-4,EV_109
445.0,0.0,1.37,0.0,1,4.432,0,82.39,4.45,0.0,-7.0,185.0,EV_109,0.0,1190,0.0,RC295912_2,38.04,51926.13,RC295912,179.29,0.0,40.04,P,SimuProB-4,EV_109
445.0,0.0,1.37,0.0,1,4.433,0,82.4,4.45,0.0,-3.2,185.0,EV_109,0.0,1200,0.0,RC295912_2,38.08,51926.13,RC295912,179.29,0.0,40.08,P,SimuProB-4,EV_109
444.844,0.0,1.37,0.0,1,4.433,0,82.42,4.45,0.0,-1.2,185.0,EV_109,0.0,1210,0.0,RC295912_2,38.12,51926.13,RC295912,179.29,0.0,40.12,P,SimuProB-4,EV_109
445.0,0.0,1.37,0.0,1,4.434,0,82.43,4.45,0.0,-6.9,185.0,EV_109,0.0,1220,0.0,RC295912_2,38.16,51926.13,RC295912,179.29,0.0,40.16,P,SimuProB-4,EV_109
445.0,0.0,1.37,0.0,1,4.435,0,82.45,4.45,0.0,-2.4,185.0,EV_109,0.0,1230,0.0,RC295912_2,38.2,51926.13,RC295912,179.29,0.0,40.2,P,SimuProB-4,EV_109
445.0,0.0,1.37,0.0,1,4.436,0,82.47,4.45,0.0,-1.6,185.0,EV_109,0.0,1240,0.0,RC295912_2,38.24,51926.13,RC295912,179.29,0.0,40.24,P,SimuProB-4,EV_109
445.0,0.0,1.37,0.0,1,4.437,0,82.47,4.45,0.0,2.1,185.0,EV_109,0.0,1250,0.0,RC295912_2,38.28,51926.13,RC295912,179.29,0.0,40.28,P,SimuProB-4,EV_109
445.0,0.0,1.37,0.0,1,4.438,0,82.48,4.45,0.0,-0.3,185.0,EV_109,0.0,1260,0.0,RC295912_2,38.32,51926.13,RC295912,179.29,0.0,40.32,P,SimuProB-4,EV_109
445.0,0.0,1.37,0.0,1,4.439,0,82.48,4.45,0.0,0.7,185.0,EV_109,0.0,1270,0.0,RC295912_2,38.36,51926.13,RC295912,179.29,0.0,40.36,P,SimuProB-4,EV_109
444.931,0.0,1.37,0.0,1,4.439,0,82.49,4.45,0.0,-0.3,185.0,EV_109,0.0,0,0.0,RC295912_3,38.4,51926.13,RC295912,179.29,0.0,40.4,P,SimuProB-4,EV_109
444.558,0.0,1.37,0.0,1,4.44,0,82.49,4.45,0.0,-2.8,185.0,EV_109,0.0,10,0.0,RC295912_3,38.44,51926.13,RC295912,179.29,0.0,40.44,P,SimuProB-4,EV_109
443.836,0.0,1.37,0.0,1,4.44,0,82.51,4.442,0.0,-4.1,185.0,EV_109,0.0,20,0.0,RC295912_3,38.48,51926.13,RC295912,179.29,0.0,40.48,P,SimuProB-4,EV_109
444.331,0.0,1.37,0.0,1,4.439,0,82.52,4.44,0.0,-3.9,185.0,EV_109,0.0,30,0.0,RC295912_3,38.52,51926.13,RC295912,179.29,0.0,40.52,P,SimuProB-4,EV_109
444.204,0.0,1.37,0.0,1,4.438,0,82.53,4.438,0.0,-0.9,185.0,EV_109,0.0,40,0.0,RC295912_3,38.56,51926.13,RC295912,179.29,0.0,40.56,P,SimuProB-4,EV_109
444.853,0.0,1.37,0.0,1,4.442,0,82.54,4.444,0.0,-0.1,185.0,EV_109,0.0,50,0.0,RC295912_3,38.6,51926.13,RC295912,179.29,0.0,40.6,P,SimuProB-4,EV_109
444.704,0.0,1.37,0.0,1,4.444,0,82.55,4.446,0.0,-4.1,185.0,EV_109,0.0,60,0.0,RC295912_3,38.64,51926.13,RC295912,179.29,0.0,40.64,P,SimuProB-4,EV_109
444.769,0.0,1.37,0.0,1,4.446,0,82.57,4.448,0.0,0.3,185.0,EV_109,0.0,70,0.0,RC295912_3,38.68,51926.13,RC295912,179.29,0.0,40.68,P,SimuProB-4,EV_109
444.978,0.0,1.37,0.0,1,4.447,0,82.6,4.449,0.0,-3.8,185.0,EV_109,0.0,80,0.0,RC295912_3,38.72,51926.13,RC295912,179.29,0.0,40.72,P,SimuProB-4,EV_109
445.0,0.0,1.37,0.0,1,4.449,0,82.6,4.45,0.0,-3.2,185.0,EV_109,0.0,90,0.0,RC295912_3,38.76,51926.13,RC295912,179.29,0.0,40.76,P,SimuProB-4,EV_109
444.902,0.0,1.37,0.0,1,4.45,0,82.62,4.45,0.0,-2.0,185.0,EV_109,0.0,100,0.0,RC295912_3,38.8,51926.13,RC295912,179.29,0.0,40.8,P,SimuProB-4,EV_109
444.932,0.0,1.37,0.0,1,4.449,0,82.64,4.45,0.0,-3.4,185.0,EV_109,0.0,110,0.0,RC295912_3,38.85,51926.13,RC295912,179.29,0.0,40.85,P,SimuProB-4,EV_109
445.0,0.0,1.37,0.0,1,4.45,0,82.65,4.45,0.0,-4.2,185.0,EV_109,0.0,120,0.0,RC295912_3,38.9,51926.13,RC295912,179.29,0.0,40.9,P,SimuProB-4,EV_109
445.0,0.0,1.37,0.0,1,4.45,0,82.66,4.45,0.0,1.5,185.0,EV_109,0.0,130,0.0,RC295912_3,38.95,51926.13,RC295912,179.29,0.0,40.95,P,SimuProB-4,EV_109
445.0,0.0,1.37,0.0,1,4.449,0,82.68,4.45,0.0,-2.8,185.0,EV_109,0.0,140,0.0,RC295912_3,39.0,51926.13,RC295912,179.29,0.0,41.0,P,SimuProB-4,EV_109
444.778,0.0,1.37,0.0,1,4.45,0,82.69,4.45,0.0,-3.4,185.0,EV_109,0.0,150,0.0,RC295912_3,39.05,51926.13,RC295912,179.29,0.0,41.05,P,SimuProB-4,EV_109
444.697,0.0,1.37,0.0,1,4.449,0,82.69,4.45,0.0,-2.4,185.0,EV_109,0.0,160,0.0,RC295912_3,39.1,51926.13,RC295912,179.29,0.0,41.1,P,SimuProB-4,EV_109
444.957,0.0,1.37,0.0,1,4.448,0,82.71,4.45,0.0,-0.3,185.0,EV_109,0.0,170,0.0,RC295912_3,39.15,51926.13,RC295912,179.29,0.0,41.15,P,SimuProB-4,EV_109
445.0,0.0,1.37,0.0,1,4.447,0,82.71,4.45,0.0,-5.1,185.0,EV_109,0.0,180,0.0,RC295912_3,39.2,51926.13,RC295912,179.29,0.0,41.2,P,SimuProB-4,EV_109
444.952,0.0,1.37,0.0,1,4.446,0,82.74,4.45,0.0,-3.7,185.0,EV_109,0.0,190,0.0,RC295912_3,39.25,51926.13,RC295912,179.29,0.0,41.25,P,SimuProB-4,EV_109
445.0,0.0,1.37,0.0,1,4.445,0,82.76,4.45,0.0,-4.2,185.0,EV_109,0.0,200,0.0,RC295912_3,39.28,51926.13,RC295912,179.29,0.0,41.28,P,SimuProB-4,EV_109
444.947,0.0,1.37,0.0,1,4.444,0,82.77,4.45,0.0,-5.0,185.0,EV_109,0.0,210,0.0,RC295912_3,39.32,51926.13,RC295912,179.29,0.0,41.32,P,SimuProB-4,EV_109
445.0,0.0,1.37,0.0,1,4.443,0,82.77,4.45,0.0,-2.5,185.0,EV_109,0.0,220,0.0,RC295912_3,39.36,51926.13,RC295912,179.29,0.0,41.36,P,SimuProB-4,EV_109
445.0,0.0,1.37,0.0,1,4.442,0,82.78,4.45,0.0,-5.2,185.0,EV_109,0.0,230,0.0,RC295912_3,39.4,51926.13,RC295912,179.29,0.0,41.4,P,SimuProB-4,EV_109
445.0,0.0,1.37,0.0,1,4.441,0,82.8,4.45,0.0,-6.2,185.0,EV_109,0.0,240,0.0,RC295912_3,39.45,51926.13,RC295912,179.29,0.0,41.45,P,SimuProB-4,EV_109
445.0,0.0,1.37,0.0,1,4.44,0,82.83,4.45,0.0,-1.6,185.0,EV_109,0.0,250,0.0,RC295912_3,39.5,51926.13,RC295912,179.29,0.0,41.5,P,SimuProB-4,EV_109
445.0,0.0,1.37,0.0,1,4.442,0,82.85,4.45,0.0,-5.8,185.0,EV_109,0.0,260,0.0,RC295912_3,39.53,51926.13,RC295912,179.29,0.0,41.53,P,SimuProB-4,EV_109
445.0,0.0,1.37,0.0,1,4.441,0,82.86,4.45,0.0,-4.1,185.0,EV_109,0.0,270,0.0,RC295912_3,39.57,51926.13,RC295912,179.29,0.0,41.57,P,SimuProB-4,EV_109
445.0,0.0,1.37,0.0,1,4.443,0,82.86,4.45,0.0,-3.7,185.0,EV_109,0.0,280,0.0,RC295912_3,39.61,51926.13,RC295912,179.29,0.0,41.61,P,SimuProB-4,EV_109
445.0,0.0,1.37,0.0,1,4.442,0,82.87,4.45,0.0,-6.1,185.0,EV_109,0.0,290,0.0,RC295912_3,39.65,51926.13,RC295912,179.29,0.0,41.65,P,SimuProB-4,EV_109
445.0,0.0,1.37,0.0,1,4.444,0,82.89,4.45,0.0,-1.4,185.0,EV_109,0.0,300,0.0,RC295912_3,39.69,51926.13,RC295912,179.29,0.0,41.69,P,SimuProB-4,EV_109
445.0,0.0,1.37,0.0,1,4.446,0,82.89,4.45,0.0,-1.7,185.0,EV_109,0.0,310,0.0,RC295912_3,39.73,51926.13,RC295912,179.29,0.0,41.73,P,SimuProB-4,EV_109
444.807,0.0,1.37,0.0,1,4.448,0,82.91,4.45,0.0,-3.3,185.0,EV_109,0.0,320,0.0,RC295912_3,39.76,51926.13,RC295912,179.29,0.0,41.76,P,SimuProB-4,EV_109
445.0,0.0,1.37,0.0,1,4.449,0,82.91,4.45,0.0,1.0,185.0,EV_109,0.0,330,0.0,RC295912_3,39.79,51926.13,RC295912,179.29,0.0,41.79,P,SimuProB-4,EV_109
445.0,0.0,1.37,0.0,1,4.45,0,82.91,4.45,0.0,-3.5,185.0,EV_109,0.0,340,0.0,RC295912_3,39.82,51926.13,RC295912,179.29,0.0,41.82,P,SimuProB-4,EV_109
445.0,0.0,1.37,0.0,1,4.449,0,82.93,4.45,0.0,-3.2,185.0,EV_109,0.0,350,0.0,RC295912_3,39.86,51926.13,RC295912,179.29,0.0,41.86,P,SimuProB-4,EV_109
445.0,0.0,1.37,0.0,1,4.45,0,82.93,4.45,0.0,-0.3,185.0,EV_109,0.0,360,0.0,RC295912_3,39.91,51926.13,RC295912,179.29,0.0,41.91,P,SimuProB-4,EV_109
445.0,0.0,1.37,0.0,1,4.45,0,82.94,4.45,0.0,0.1,185.0,EV_109,0.0,370,0.0,RC295912_3,39.96,51926.13,RC295912,179.29,0.0,41.96,P,SimuProB-4,EV_109
445.0,0.0,1.37,0.0,1,4.449,0,82.95,4.45,0.0,-2.6,185.0,EV_109,0.0,380,0.0,RC295912_3,39.98,51926.13,RC295912,179.29,0.0,41.98,P,SimuProB-4,EV_109
445.0,0.0,1.37,0.0,1,4.45,0,82.95,4.45,0.0,2.7,185.0,EV_109,0.0,390,0.0,RC295912_3,40.0,51926.13,RC295912,179.29,0.0,42.0,P,SimuProB-4,EV_109
445.0,0.0,1.37,0.0,1,4.45,0,82.96,4.45,0.0,-3.0,185.0,EV_109,0.0,400,0.0,RC295912_3,40.02,51926.13,RC295912,179.29,0.0,42.02,P,SimuProB-4,EV_109
444.652,0.0,1.37,0.0,1,4.45,0,82.99,4.45,0.0,-0.4,185.0,EV_109,0.0,410,0.0,RC295912_3,40.03,51926.13,RC295912,179.29,0.0,42.03,P,SimuProB-4,EV_109
445.0,0.0,1.37,0.0,1,4.45,0,82.99,4.45,0.0,-6.2,185.0,EV_109,0.0,420,0.0,RC295912_3,40.04,51926.13,RC295912,179.29,0.0,42.04,P,SimuProB-4,EV_109
445.0,0.0,1.37,0.0,1,4.45,0,83.0,4.45,0.0,-0.9,185.0,EV_109,0.0,430,0.0,RC295912_3,40.05,51926.13,RC295912,179.29,0.0,42.05,P,SimuProB-4,EV_109
445.0,0.0,1.37,0.0,1,4.45,0,83.02,4.45,0.0,-4.2,185.0,EV_109,0.0,440,0.0,RC295912_3,40.06,51926.13,RC295912,179.29,0.0,42.06,P,SimuProB-4,EV_109
444.875,0.0,1.37,0.0,1,4.45,0,83.03,4.45,0.0,1.1,185.0,EV_109,0.0,450,0.0,RC295912_3,40.07,51926.13,RC295912,179.29,0.0,42.07,P,SimuProB-4,EV_109
445.0,0.0,1.37,0.0,1,4.45,0,83.03,4.45,0.0,0.0,185.0,EV_109,0.0,460,0.0,RC295912_3,40.08,51926.13,RC295912,179.29,0.0,42.08,P,SimuProB-4,EV_109
445.0,0.0,1.37,0.0,1,4.44,0,83.03,4.45,0.0,-4.4,185.0,EV_109,0.0,470,0.0,RC295912_3,40.09,51926.13,RC295912,179.29,0.0,42.09,P,SimuProB-4,EV_109
444.367,0.0,1.37,0.0,1,4.44,0,83.06,4.45,0.0,-2.4,185.0,EV_109,0.0,480,0.0,RC295912_3,40.1,51926.13,RC295912,179.29,0.0,42.1,P,SimuProB-4,EV_109
445.0,0.0,1.37,0.0,1,4.44,0,83.06,4.45,0.0,-6.6,185.0,EV_109,0.0,490,0.0,RC295912_3,40.11,51926.13,RC295912,179.29,0.0,42.11,P,SimuProB-4,EV_109
445.0,0.0,1.37,0.0,1,4.44,0,83.08,4.45,0.0,-8.7,185.0,EV_109,0.0,500,0.0,RC295912_3,40.12,51926.13,RC295912,179.29,0.0,42.12,P,SimuProB-4,EV_109
444.662,0.0,1.37,0.0,1,4.44,0,83.08,4.45,0.0,-6.7,185.0,EV_109,0.0,510,0.0,RC295912_3,40.13,51926.13,RC295912,179.29,0.0,42.13,P,SimuProB-4,EV_109
445.0,0.0,1.37,0.0,1,4.441,0,83.08,4.45,0.0,-6.2,185.0,EV_109,0.0,520,0.0,RC295912_3,40.14,51926.13,RC295912,179.29,0.0,42.14,P,SimuProB-4,EV_109
445.0,0.0,1.37,0.0,1,4.441,0,83.08,4.45,0.0,-5.8,185.0,EV_109,0.0,530,0.0,RC295912_3,40.15,51926.13,RC295912,179.29,0.0,42.15,P,SimuProB-4,EV_109
444.842,0.0,1.37,0.0,1,4.442,0,83.1,4.45,0.0,-2.6,185.0,EV_109,0.0,540,0.0,RC295912_3,40.16,51926.13,RC295912,179.29,0.0,42.16,P,SimuProB-4,EV_109
445.0,0.0,1.37,0.0,1,4.443,0,83.1,4.45,0.0,-7.3,185.0,EV_109,0.0,550,0.0,RC295912_3,40.17,51926.13,RC295912,179.29,0.0,42.17,P,SimuProB-4,EV_109
444.886,0.0,1.37,0.0,1,4.444,0,83.12,4.45,0.0,-5.6,185.0,EV_109,0.0,560,0.0,RC295912_3,40.22,51926.13,RC295912,179.29,0.0,42.22,P,SimuProB-4,EV_109
445.0,0.0,1.37,0.0,1,4.446,0,83.12,4.45,0.0,-5.9,185.0,EV_109,0.0,570,0.0,RC295912_3,40.28,51926.13,RC295912,179.29,0.0,42.28,P,SimuProB-4,EV_109
445.0,0.0,1.37,0.0,1,4.448,0,83.12,4.45,0.0,-6.0,185.0,EV_109,0.0,580,0.0,RC295912_3,40.34,51926.13,RC295912,179.29,0.0,42.34,P,SimuProB-4,EV_109
445.0,0.0,1.37,0.0,1,4.448,0,83.15,4.45,0.0,-5.1,185.0,EV_109,0.0,590,0.0,RC295912_3,40.4,51926.13,RC295912,179.29,0.0,42.4,P,SimuProB-4,EV_109
445.0,0.0,1.37,0.0,1,4.45,0,83.18,4.45,0.0,-7.7,185.0,EV_109,0.0,600,0.0,RC295912_3,40.45,51926.13,RC295912,179.29,0.0,42.45,P,SimuProB-4,EV_109
444.943,0.0,1.37,0.0,1,4.45,0,83.2,4.45,0.0,-5.3,185.0,EV_109,0.0,610,0.0,RC295912_3,40.5,51926.13,RC295912,179.29,0.0,42.5,P,SimuProB-4,EV_109
445.0,0.0,1.37,0.0,1,4.448,0,83.23,4.45,0.0,-7.6,185.0,EV_109,0.0,620,0.0,RC295912_3,40.55,51926.13,RC295912,179.29,0.0,42.55,P,SimuProB-4,EV_109
445.0,0.0,1.37,0.0,1,4.45,0,83.27,4.45,0.0,-3.7,185.0,EV_109,0.0,630,0.0,RC295912_3,40.6,51926.13,RC295912,179.29,0.0,42.6,P,SimuProB-4,EV_109
445.0,0.0,1.37,0.0,1,4.45,0,83.3,4.45,0.0,-7.3,185.0,EV_109,0.0,640,0.0,RC295912_3,40.65,51926.13,RC295912,179.29,0.0,42.65,P,SimuProB-4,EV_109
444.758,0.0,1.37,0.0,1,4.45,0,83.33,4.45,0.0,-7.1,185.0,EV_109,0.0,650,0.0,RC295912_3,40.7,51926.13,RC295912,179.29,0.0,42.7,P,SimuProB-4,EV_109
444.997,0.0,1.37,0.0,1,4.45,0,83.36,4.45,0.0,-2.5,185.0,EV_109,0.0,660,0.0,RC295912_3,40.75,51926.13,RC295912,179.29,0.0,42.75,P,SimuProB-4,EV_109
445.0,0.0,1.37,0.0,1,4.45,0,83.4,4.45,0.0,-3.7,185.0,EV_109,0.0,670,0.0,RC295912_3,40.8,51926.13,RC295912,179.29,0.0,42.8,P,SimuProB-4,EV_109
444.99,0.0,1.37,0.0,1,4.448,0,83.43,4.45,0.0,-2.3,185.0,EV_109,0.0,680,0.0,RC295912_3,40.85,51926.13,RC295912,179.29,0.0,42.85,P,SimuProB-4,EV_109
445.0,0.0,1.37,0.0,1,4.449,0,83.47,4.45,0.0,-0.9,185.0,EV_109,0.0,690,0.0,RC295912_3,40.9,51926.13,RC295912,179.29,0.0,42.9,P,SimuProB-4,EV_109
445.0,0.0,1.37,0.0,1,4.45,0,83.49,4.45,0.0,-1.4,185.0,EV_109,0.0,700,0.0,RC295912_3,40.95,51926.13,RC295912,179.29,0.0,42.95,P,SimuProB-4,EV_109
444.719,0.0,1.37,0.0,1,4.448,0,83.51,4.45,0.0,-3.7,185.0,EV_109,0.0,710,0.0,RC295912_3,41.01,51926.13,RC295912,179.29,0.0,43.02,P,SimuProB-4,EV_109
445.0,0.0,1.37,0.0,1,4.449,0,83.54,4.45,0.0,0.6,185.0,EV_109,0.0,720,0.0,RC295912_3,41.06,51926.13,RC295912,179.29,0.0,43.08,P,SimuProB-4,EV_109
445.0,0.0,1.37,0.0,1,4.45,0,83.57,4.45,0.0,-4.0,185.0,EV_109,0.0,730,0.0,RC295912_3,41.12,51926.13,RC295912,179.29,0.0,43.15,P,SimuProB-4,EV_109
444.807,0.0,1.37,0.0,1,4.45,0,83.6,4.45,0.0,-3.0,185.0,EV_109,0.0,740,0.0,RC295912_3,41.17,51926.13,RC295912,179.29,0.0,43.2,P,SimuProB-4,EV_109
445.0,0.0,1.37,0.0,1,4.449,0,83.61,4.45,0.0,-5.4,185.0,EV_109,0.0,750,0.0,RC295912_3,41.22,51926.13,RC295912,179.29,0.0,43.25,P,SimuProB-4,EV_109
445.0,0.0,1.37,0.0,1,4.45,0,83.64,4.45,0.0,-7.4,185.0,EV_109,0.0,760,0.0,RC295912_3,41.27,51926.13,RC295912,179.29,0.0,43.3,P,SimuProB-4,EV_109
444.841,0.0,1.37,0.0,1,4.449,0,83.68,4.45,0.0,-7.3,185.0,EV_109,0.0,770,0.0,RC295912_3,41.29,51926.13,RC295912,179.29,0.0,43.32,P,SimuProB-4,EV_109
444.996,0.0,1.37,0.0,1,4.45,0,83.71,4.45,0.0,-4.7,185.0,EV_109,0.0,780,0.0,RC295912_3,41.33,51926.13,RC295912,179.29,0.0,43.35,P,SimuProB-4,EV_109
445.0,0.0,1.37,0.0,1,4.45,0,83.73,4.45,0.0,-4.1,185.0,EV_109,0.0,790,0.0,RC295912_3,41.36,51926.13,RC295912,179.29,0.0,43.38,P,SimuProB-4,EV_109
445.0,0.0,1.37,0.0,1,4.45,0,83.73,4.45,0.0,-1.5,185.0,EV_109,0.0,800,0.0,RC295912_3,41.4,51926.13,RC295912,179.29,0.0,43.42,P,SimuProB-4,EV_109
444.969,0.0,1.37,0.0,1,4.45,0,83.73,4.45,0.0,-3.0,185.0,EV_109,0.0,810,0.0,RC295912_3,41.43,51926.13,RC295912,179.29,0.0,43.45,P,SimuProB-4,EV_109
445.0,0.0,1.37,0.0,1,4.45,0,83.74,4.45,0.0,-1.2,185.0,EV_109,0.0,820,0.0,RC295912_3,41.46,51926.13,RC295912,179.29,0.0,43.48,P,SimuProB-4,EV_109
444.99,0.0,1.37,0.0,1,4.45,0,83.75,4.45,0.0,-1.5,185.0,EV_109,0.0,830,0.0,RC295912_3,41.48,51926.13,RC295912,179.29,0.0,43.5,P,SimuProB-4,EV_109
444.919,0.0,1.37,0.0,1,4.45,0,83.75,4.45,0.0,2.1,185.0,EV_109,0.0,840,0.0,RC295912_3,41.5,51926.13,RC295912,179.29,0.0,43.52,P,SimuProB-4,EV_109
444.748,0.0,1.37,0.0,1,4.45,0,83.77,4.45,0.0,0.5,185.0,EV_109,0.0,850,0.0,RC295912_3,41.52,51926.13,RC295912,179.29,0.0,43.54,P,SimuProB-4,EV_109
445.0,0.0,1.37,0.0,1,4.45,0,83.77,4.45,0.0,0.7,185.0,EV_109,0.0,860,0.0,RC295912_3,41.54,51926.13,RC295912,179.29,0.0,43.56,P,SimuProB-4,EV_109
445.0,0.0,1.37,0.0,1,4.45,0,83.79,4.45,0.0,-0.3,185.0,EV_109,0.0,870,0.0,RC295912_3,41.56,51926.13,RC295912,179.29,0.0,43.58,P,SimuProB-4,EV_109
445.0,0.0,1.37,0.0,1,4.45,0,83.79,4.45,0.0,-2.4,185.0,EV_109,0.0,880,0.0,RC295912_3,41.58,51926.13,RC295912,179.29,0.0,43.6,P,SimuProB-4,EV_109
444.73,0.0,1.37,0.0,1,4.448,0,83.81,4.45,0.0,-0.4,185.0,EV_109,0.0,890,0.0,RC295912_3,41.6,51926.13,RC295912,179.29,0.0,43.62,P,SimuProB-4,EV_109
445.0,0.0,1.37,0.0,1,4.45,0,83.84,4.45,0.0,-6.7,185.0,EV_109,0.0,900,0.0,RC295912_3,41.64,51926.13,RC295912,179.29,0.0,43.66,P,SimuProB-4,EV_109
445.0,0.0,1.37,0.0,1,4.45,0,83.87,4.45,0.0,-1.8,185.0,EV_109,0.0,910,0.0,RC295912_3,41.67,51926.13,RC295912,179.29,0.0,43.69,P,SimuProB-4,EV_109
444.969,0.0,1.37,0.0,1,4.45,0,83.88,4.45,0.0,-3.4,185.0,EV_109,0.0,920,0.0,RC295912_3,41.69,51926.13,RC295912,179.29,0.0,43.71,P,SimuProB-4,EV_109
445.0,0.0,1.37,0.0,1,4.45,0,83.89,4.45,0.0,1.2,185.0,EV_109,0.0,930,0.0,RC295912_3,41.71,51926.13,RC295912,179.29,0.0,43.73,P,SimuProB-4,EV_109
444.802,0.0,1.37,0.0,1,4.45,0,83.92,4.45,0.0,0.7,185.0,EV_109,0.0,940,0.0,RC295912_3,41.73,51926.13,RC295912,179.29,0.0,43.75,P,SimuProB-4,EV_109
444.968,0.0,1.37,0.0,1,4.44,0,83.95,4.45,0.0,-3.5,185.0,EV_109,0.0,950,0.0,RC295912_3,41.75,51926.13,RC295912,179.29,0.0,43.77,P,SimuProB-4,EV_109
445.0,0.0,1.37,0.0,1,4.44,0,83.99,4.45,0.0,-5.5,185.0,EV_109,0.0,960,0.0,RC295912_3,41.77,51926.13,RC295912,179.29,0.0,43.79,P,SimuProB-4,EV_109
445.0,0.0,1.37,0.0,1,4.44,0,84.02,4.45,0.0,-5.1,185.0,EV_109,0.0,970,0.0,RC295912_3,41.79,51926.13,RC295912,179.29,0.0,43.81,P,SimuProB-4,EV_109
445.0,0.0,1.37,0.0,1,4.44,0,84.05,4.45,0.0,-6.1,185.0,EV_109,0.0,980,0.0,RC295912_3,41.81,51926.13,RC295912,179.29,0.0,43.83,P,SimuProB-4,EV_109
445.0,0.0,1.37,0.0,1,4.44,0,84.09,4.45,0.0,-2.7,185.0,EV_109,0.0,990,0.0,RC295912_3,41.83,51926.13,RC295912,179.29,0.0,43.85,P,SimuProB-4,EV_109
445.0,0.0,1.37,0.0,1,4.44,0,84.11,4.45,0.0,-4.6,185.0,EV_109,0.0,1000,0.0,RC295912_3,41.85,51926.13,RC295912,179.29,0.0,43.87,P,SimuProB-4,EV_109
445.0,0.0,1.37,0.0,1,4.44,0,84.13,4.45,0.0,-6.7,185.0,EV_109,0.0,1010,0.0,RC295912_3,41.86,51926.13,RC295912,179.29,0.0,43.88,P,SimuProB-4,EV_109
444.693,0.0,1.37,0.0,1,4.44,0,84.15,4.45,0.0,-3.0,185.0,EV_109,0.0,1020,0.0,RC295912_3,41.87,51926.13,RC295912,179.29,0.0,43.89,P,SimuProB-4,EV_109
445.0,0.0,1.37,0.0,1,4.44,0,84.16,4.45,0.0,-7.1,185.0,EV_109,0.0,1030,0.0,RC295912_3,41.88,51926.13,RC295912,179.29,0.0,43.9,P,SimuProB-4,EV_109
445.0,0.0,1.37,0.0,1,4.44,0,84.18,4.45,0.0,-6.0,185.0,EV_109,0.0,1040,0.0,RC295912_3,41.89,51926.13,RC295912,179.29,0.0,43.91,P,SimuProB-4,EV_109
445.0,0.0,1.37,0.0,1,4.44,0,84.2,4.45,0.0,-5.4,185.0,EV_109,0.0,1050,0.0,RC295912_3,41.9,51926.13,RC295912,179.29,0.0,43.92,P,SimuProB-4,EV_109
444.744,0.0,1.37,0.0,1,4.44,0,84.2,4.45,0.0,-2.2,185.0,EV_109,0.0,1060,0.0,RC295912_3,41.91,51926.13,RC295912,179.29,0.0,43.93,P,SimuProB-4,EV_109
444.691,0.0,1.37,0.0,1,4.44,0,84.22,4.45,0.0,-5.0,185.0,EV_109,0.0,1070,0.0,RC295912_3,41.92,51926.13,RC295912,179.29,0.0,43.94,P,SimuProB-4,EV_109
444.967,0.0,1.37,0.0,1,4.44,0,84.22,4.45,0.0,-0.1,185.0,EV_109,0.0,1080,0.0,RC295912_3,41.92,51926.13,RC295912,179.29,0.0,43.94,P,SimuProB-4,EV_109
444.368,0.0,1.37,0.0,1,4.44,0,84.24,4.45,0.0,-4.0,185.0,EV_109,0.0,1090,0.0,RC295912_3,41.93,51926.13,RC295912,179.29,0.0,43.95,P,SimuProB-4,EV_109
444.665,0.0,1.37,0.0,1,4.446,0,84.26,4.448,0.0,-3.7,185.0,EV_109,0.0,1100,0.0,RC295912_3,41.94,51926.13,RC295912,179.29,0.0,43.96,P,SimuProB-4,EV_109
444.797,0.0,1.37,0.0,1,4.447,0,84.26,4.449,0.0,-1.9,185.0,EV_109,0.0,1110,0.0,RC295912_3,41.95,51926.13,RC295912,179.29,0.0,43.97,P,SimuProB-4,EV_109
445.0,0.0,1.37,0.0,1,4.448,0,84.26,4.45,0.0,-5.0,185.0,EV_109,0.0,1120,0.0,RC295912_3,41.96,51926.13,RC295912,179.29,0.0,43.98,P,SimuProB-4,EV_109
444.439,0.0,1.37,0.0,1,4.447,0,84.26,4.449,0.0,-4.1,185.0,EV_109,0.0,1130,0.0,RC295912_3,41.97,51926.13,RC295912,179.29,0.0,43.99,P,SimuProB-4,EV_109
445.0,0.0,1.37,0.0,1,4.449,0,84.27,4.45,0.0,-1.1,185.0,EV_109,0.0,1140,0.0,RC295912_3,41.98,51926.13,RC295912,179.29,0.0,44.0,P,SimuProB-4,EV_109
445.0,0.0,1.37,0.0,1,4.45,0,84.28,4.45,0.0,-4.4,185.0,EV_109,0.0,1150,0.0,RC295912_3,41.99,51926.13,RC295912,179.29,0.0,44.01,P,SimuProB-4,EV_109
445.0,0.0,1.37,0.0,1,4.449,0,84.29,4.45,0.0,-3.6,185.0,EV_109,0.0,1160,0.0,RC295912_3,42.0,51926.13,RC295912,179.29,0.0,44.02,P,SimuProB-4,EV_109
444.6,0.0,1.37,0.0,1,4.449,0,84.3,4.45,0.0,-2.4,185.0,EV_109,0.0,1170,0.0,RC295912_3,42.01,51926.13,RC295912,179.29,0.0,44.03,P,SimuProB-4,EV_109
445.0,0.0,1.37,0.0,1,4.45,0,84.3,4.45,0.0,-3.3,185.0,EV_109,0.0,1180,0.0,RC295912_3,42.02,51926.13,RC295912,179.29,0.0,44.04,P,SimuProB-4,EV_109
444.909,0.0,1.37,0.0,1,4.45,0,84.31,4.45,0.0,-1.9,185.0,EV_109,0.0,1190,0.0,RC295912_3,42.03,51926.13,RC295912,179.29,0.0,44.05,P,SimuProB-4,EV_109
445.0,0.0,1.37,0.0,1,4.45,0,84.33,4.45,0.0,0.8,185.0,EV_109,0.0,1200,0.0,RC295912_3,42.04,51926.13,RC295912,179.29,0.0,44.06,P,SimuProB-4,EV_109
445.0,0.0,1.37,0.0,1,4.45,0,84.35,4.45,0.0,0.8,185.0,EV_109,0.0,1210,0.0,RC295912_3,42.05,51926.13,RC295912,179.29,0.0,44.07,P,SimuProB-4,EV_109
444.916,0.0,1.37,0.0,1,4.45,0,84.37,4.45,0.0,-1.0,185.0,EV_109,0.0,1220,0.0,RC295912_3,42.06,51926.13,RC295912,179.29,0.0,44.08,P,SimuProB-4,EV_109
445.0,0.0,1.37,0.0,1,4.45,0,84.41,4.45,0.0,-1.0,185.0,EV_109,0.0,1230,0.0,RC295912_3,42.07,51926.13,RC295912,179.29,0.0,44.09,P,SimuProB-4,EV_109
445.0,0.0,1.37,0.0,1,4.45,0,84.41,4.45,0.0,3.2,185.0,EV_109,0.0,1240,0.0,RC295912_3,42.08,51926.13,RC295912,179.29,0.0,44.1,P,SimuProB-4,EV_109
445.0,0.0,1.37,0.0,1,4.45,0,84.42,4.45,0.0,0.8,185.0,EV_109,0.0,1250,0.0,RC295912_3,42.09,51926.13,RC295912,179.29,0.0,44.11,P,SimuProB-4,EV_109
445.0,0.0,1.37,0.0,1,4.45,0,84.45,4.45,0.0,-0.9,185.0,EV_109,0.0,1260,0.0,RC295912_3,42.1,51926.13,RC295912,179.29,0.0,44.12,P,SimuProB-4,EV_109
444.948,0.0,1.37,0.0,1,4.45,0,84.45,4.45,0.0,0.1,185.0,EV_109,0.0,1270,0.0,RC295912_3,42.11,51926.13,RC295912,179.29,0.0,44.13,P,SimuProB-4,EV_109
408.234,35.0,1.37,1800.0,0,4.065,1,84.43,4.085,22.0,45.0,185.0,EV_109,0.0,0,0.0,DR770601_1,42.2,51926.19,DR770601,179.24,0.0,44.25,D,SimuProB-4,EV_109
392.164,75.0,1.37,3200.0,0,3.895,1,84.42,3.921,42.0,120.0,185.0,EV_109,0.0,10,0.0,DR770601_1,42.35,51926.31,DR770601,179.24,0.0,44.4,D,SimuProB-4,EV_109
402.559,0.0,1.37,2200.0,0,4.015,1,84.41,4.028,28.0,-25.0,185.0,EV_109,0.018,20,45.0,DR770601_1,42.45,51926.39,DR770601,179.24,0.0,44.5,D,SimuProB-4,EV_109
398.671,45.0,1.37,2800.0,0,3.962,1,84.39,3.986,35.0,65.0,185.0,EV_109,0.0,30,0.0,DR770601_1,42.48,51926.49,DR770601,179.24,0.0,44.52,D,SimuProB-4,EV_109
405.053,20.0,1.37,2000.0,0,4.038,1,84.38,4.054,25.0,25.0,185.0,EV_109,0.0,40,0.0,DR770601_1,42.51,51926.56,DR770601,179.24,0.0,44.55,D,SimuProB-4,EV_109
395.439,0.0,1.37,950.0,0,3.945,1,84.38,3.96,12.0,-30.0,185.0,EV_109,0.015,50,55.0,DR770601_1,42.54,51926.59,DR770601,179.24,0.0,44.58,D,SimuProB-4,EV_109
391.443,65.0,1.37,3000.0,0,3.885,1,84.36,3.915,40.0,115.0,185.0,EV_109,0.0,60,0.0,DR770601_1,42.6,51926.7,DR770601,179.24,0.0,44.65,D,SimuProB-4,EV_109
400.065,0.0,1.37,1400.0,0,3.988,1,84.36,4.002,18.0,-35.0,185.0,EV_109,0.022,70,60.0,DR770601_1,42.63,51926.75,DR770601,179.24,0.0,44.68,D,SimuProB-4,EV_109
394.372,55.0,1.37,2600.0,0,3.918,1,84.35,3.948,32.0,85.0,185.0,EV_109,0.0,80,0.0,DR770601_1,42.66,51926.84,DR770601,179.24,0.0,44.72,D,SimuProB-4,EV_109
392.355,45.0,1.37,2800.0,0,3.915,1,84.34,3.945,35.0,75.0,185.0,EV_109,0.0,90,0.0,DR770601_1,42.69,51926.94,DR770601,179.24,0.0,44.75,D,SimuProB-4,EV_109
398.878,0.0,1.37,1100.0,0,3.98,1,84.32,3.995,15.0,-20.0,185.0,EV_109,0.018,100,35.0,DR770601_1,42.72,51926.98,DR770601,179.24,0.0,44.78,D,SimuProB-4,EV_109
396.343,35.0,1.37,2200.0,0,3.94,1,84.32,3.97,28.0,60.0,185.0,EV_109,0.0,110,0.0,DR770601_1,42.75,51927.06,DR770601,179.24,0.0,44.81,D,SimuProB-4,EV_109
393.716,40.0,1.37,2400.0,0,3.938,1,84.3,3.968,30.0,65.0,185.0,EV_109,0.0,120,0.0,DR770601_1,42.77,51927.14,DR770601,179.24,0.0,44.83,D,SimuProB-4,EV_109
388.645,0.0,1.37,800.0,0,3.975,1,84.29,3.99,12.0,-25.0,185.0,EV_109,0.02,130,45.0,DR770601_1,42.79,51927.18,DR770601,179.24,0.0,44.85,D,SimuProB-4,EV_109
394.787,30.0,1.37,2000.0,0,3.932,1,84.28,3.962,25.0,50.0,185.0,EV_109,0.0,140,0.0,DR770601_1,42.81,51927.25,DR770601,179.24,0.0,44.88,D,SimuProB-4,EV_109
392.171,45.0,1.37,2800.0,0,3.942,1,84.26,3.972,38.0,75.0,185.0,EV_109,0.0,150,0.0,DR770601_1,42.85,51927.36,DR770601,179.24,0.0,44.92,D,SimuProB-4,EV_109
390.367,0.0,1.37,1500.0,0,3.977,1,84.26,3.992,22.0,-35.0,185.0,EV_109,0.025,160,65.0,DR770601_1,42.88,51927.42,DR770601,179.24,0.0,44.95,D,SimuProB-4,EV_109
395.431,32.0,1.37,2100.0,0,3.938,1,84.26,3.968,28.0,55.0,185.0,EV_109,0.0,170,0.0,DR770601_1,42.92,51927.49,DR770601,179.24,0.0,45.0,D,SimuProB-4,EV_109
388.069,50.0,1.37,3200.0,0,3.955,1,84.24,3.985,45.0,85.0,185.0,EV_109,0.0,180,0.0,DR770601_1,42.96,51927.61,DR770601,179.24,0.0,45.04,D,SimuProB-4,EV_109
396.195,0.0,1.37,1200.0,0,3.98,1,84.24,3.995,20.0,-30.0,185.0,EV_109,0.02,190,55.0,DR770601_1,43.0,51927.67,DR770601,179.24,0.0,45.08,D,SimuProB-4,EV_109
389.593,40.0,1.37,2600.0,0,3.948,1,84.23,3.978,35.0,65.0,185.0,EV_109,0.0,200,0.0,DR770601_1,43.04,51927.77,DR770601,179.24,0.0,45.12,D,SimuProB-4,EV_109
386.287,45.0,1.37,3800.0,0,3.96,1,84.19,3.99,50.0,75.0,185.0,EV_109,0.0,210,0.0,DR770601_1,43.1,51927.91,DR770601,179.24,0.0,45.2,D,SimuProB-4,EV_109
392.959,0.0,1.37,2900.0,0,3.982,1,84.19,3.998,38.0,-25.0,185.0,EV_109,0.02,220,40.0,DR770601_1,43.15,51928.01,DR770601,179.24,0.0,45.25,D,SimuProB-4,EV_109
388.584,35.0,1.37,2300.0,0,3.955,1,84.16,3.985,30.0,60.0,185.0,EV_109,0.0,230,0.0,DR770601_1,43.2,51928.1,DR770601,179.24,0.0,45.35,D,SimuProB-4,EV_109
391.469,15.0,1.37,800.0,0,3.975,1,84.14,3.988,12.0,15.0,185.0,EV_109,0.0,240,0.0,DR770601_1,43.23,51928.13,DR770601,179.24,0.0,45.38,D,SimuProB-4,EV_109
386.986,30.0,1.37,1900.0,0,3.952,1,84.14,3.982,28.0,55.0,185.0,EV_109,0.0,250,0.0,DR770601_1,43.28,51928.21,DR770601,179.24,0.0,45.42,D,SimuProB-4,EV_109
393.924,0.0,1.37,1200.0,0,3.98,1,84.14,3.995,18.0,-20.0,185.0,EV_109,0.01,260,25.0,DR770601_1,43.32,51928.26,DR770601,179.24,0.0,45.45,D,SimuProB-4,EV_109
389.296,25.0,1.37,1500.0,0,3.954,1,84.11,3.986,22.0,45.0,185.0,EV_109,0.0,270,0.0,DR770601_1,43.35,51928.32,DR770601,179.24,0.0,45.5,D,SimuProB-4,EV_109
384.559,0.0,1.37,500.0,0,3.972,1,84.08,3.992,8.0,-35.0,185.0,EV_109,0.02,280,60.0,DR770601_1,43.4,51928.34,DR770601,179.24,0.0,45.55,D,SimuProB-4,EV_109
396.253,0.0,1.37,0.0,0,3.988,1,84.07,4.005,0.0,2.0,185.0,EV_109,0.0,290,15.0,DR770601_1,43.43,51928.34,DR770601,179.24,0.0,45.58,D,SimuProB-4,EV_109
388.829,20.0,1.37,800.0,0,3.958,1,84.04,3.988,12.0,35.0,185.0,EV_109,0.0,300,0.0,DR770601_1,43.48,51928.37,DR770601,179.24,0.0,45.62,D,SimuProB-4,EV_109
392.148,0.0,1.37,250.0,0,3.982,1,84.04,3.998,4.0,-25.0,185.0,EV_109,0.01,310,45.0,DR770601_1,43.52,51928.38,DR770601,179.24,0.0,45.66,D,SimuProB-4,EV_109
388.137,25.0,1.37,1000.0,0,3.955,1,84.02,3.99,15.0,42.0,185.0,EV_109,0.0,320,0.0,DR770601_1,43.56,51928.43,DR770601,179.24,0.0,45.7,D,SimuProB-4,EV_109
396.314,35.0,1.37,1400.0,0,3.985,1,84.0,4.001,22.0,12.5,185.0,EV_109,0.0,330,0.0,DR770601_1,43.6,51928.49,DR770601,179.24,0.0,45.74,D,SimuProB-4,EV_109
382.507,65.0,1.37,2650.0,0,3.952,1,83.97,3.985,42.0,85.0,185.0,EV_109,0.0,340,0.0,DR770601_1,43.68,51928.61,DR770601,179.24,0.0,45.82,D,SimuProB-4,EV_109
390.984,0.0,1.37,1150.0,0,3.978,1,83.97,3.995,18.0,-32.0,185.0,EV_109,0.028,350,40.0,DR770601_1,43.72,51928.66,DR770601,179.24,0.0,45.85,D,SimuProB-4,EV_109
385.726,40.0,1.37,1750.0,0,3.965,1,83.95,3.992,28.0,55.0,185.0,EV_109,0.0,360,0.0,DR770601_1,43.78,51928.74,DR770601,179.24,0.0,45.92,D,SimuProB-4,EV_109
377.845,75.0,1.37,2850.0,0,3.945,1,83.91,3.988,45.0,120.0,185.0,EV_109,0.0,370,0.0,DR770601_1,43.9,51928.86,DR770601,179.24,0.0,46.05,D,SimuProB-4,EV_109
392.688,0.0,1.37,800.0,0,3.98,1,83.9,3.998,12.0,-38.0,185.0,EV_109,0.032,380,60.0,DR770601_1,44.0,51928.9,DR770601,179.24,0.0,46.12,D,SimuProB-4,EV_109
374.877,78.0,1.37,3300.0,0,3.935,1,83.86,3.982,52.0,145.0,185.0,EV_109,0.0,390,0.0,DR770601_1,44.15,51929.04,DR770601,179.24,0.0,46.28,D,SimuProB-4,EV_109
396.658,0.0,1.37,1400.0,0,3.975,1,83.85,3.996,22.0,-35.0,185.0,EV_109,0.03,400,55.0,DR770601_1,44.2,51929.11,DR770601,179.24,0.0,46.35,D,SimuProB-4,EV_109
384.151,45.0,1.37,1900.0,0,3.96,1,83.82,3.988,30.0,60.0,185.0,EV_109,0.0,410,0.0,DR770601_1,44.25,51929.19,DR770601,179.24,0.0,46.4,D,SimuProB-4,EV_109
368.706,65.0,1.37,2650.0,0,3.925,1,83.77,3.98,42.0,165.0,185.0,EV_109,0.0,420,0.0,DR770601_1,44.3,51929.31,DR770601,179.24,0.0,46.45,D,SimuProB-4,EV_109
378.294,35.0,1.37,1750.0,0,3.955,1,83.77,3.985,28.0,45.0,185.0,EV_109,0.0,430,0.0,DR770601_1,44.35,51929.38,DR770601,179.24,0.0,46.5,D,SimuProB-4,EV_109
391.208,0.0,1.37,500.0,0,3.98,1,83.76,3.995,8.0,-32.0,185.0,EV_109,0.028,440,45.0,DR770601_1,44.4,51929.41,DR770601,179.24,0.0,46.55,D,SimuProB-4,EV_109
372.852,15.0,1.37,800.0,0,3.935,1,83.75,3.97,12.0,15.0,185.0,EV_109,0.0,450,0.0,DR770601_1,44.45,51929.44,DR770601,179.24,0.0,46.6,D,SimuProB-4,EV_109
379.926,0.0,1.37,300.0,0,3.965,1,83.73,3.985,5.0,-25.0,185.0,EV_109,0.025,460,40.0,DR770601_1,44.5,51929.46,DR770601,179.24,0.0,46.65,D,SimuProB-4,EV_109
395.919,30.0,1.37,1600.0,0,3.96,1,83.73,3.99,25.0,10.0,185.0,EV_109,0.0,470,0.0,DR770601_1,44.55,51929.53,DR770601,179.24,0.0,46.7,D,SimuProB-4,EV_109
385.109,45.0,1.37,2700.0,0,3.955,1,83.7,3.99,42.0,65.0,185.0,EV_109,0.0,480,0.0,DR770601_1,44.6,51929.65,DR770601,179.24,0.0,46.75,D,SimuProB-4,EV_109
380.017,60.0,1.37,3600.0,0,3.95,1,83.68,3.995,55.0,85.0,185.0,EV_109,0.0,490,0.0,DR770601_1,44.65,51929.8,DR770601,179.24,0.0,46.8,D,SimuProB-4,EV_109
375.779,65.0,1.37,3900.0,0,3.945,1,83.67,4.0,60.0,95.0,185.0,EV_109,0.0,500,0.0,DR770601_1,44.7,51929.97,DR770601,179.24,0.0,46.85,D,SimuProB-4,EV_109
372.705,70.0,1.37,4050.0,0,3.935,1,83.65,4.01,62.0,110.0,185.0,EV_109,0.0,510,0.0,DR770601_1,44.75,51930.14,DR770601,179.24,0.0,46.9,D,SimuProB-4,EV_109
376.18,0.0,1.37,2300.0,0,3.945,1,83.63,4.02,35.0,-35.0,185.0,EV_109,0.028,520,55.0,DR770601_1,44.8,51930.24,DR770601,179.24,0.0,46.95,D,SimuProB-4,EV_109
388.355,25.0,1.37,1150.0,0,3.96,1,83.62,4.015,18.0,25.0,185.0,EV_109,0.0,530,0.0,DR770601_1,44.85,51930.29,DR770601,179.24,0.0,47.0,D,SimuProB-4,EV_109
374.122,45.0,1.37,1600.0,0,3.955,1,83.61,4.005,25.0,75.0,185.0,EV_109,0.0,540,0.0,DR770601_1,44.9,51930.36,DR770601,179.24,0.0,47.05,D,SimuProB-4,EV_109
377.708,15.0,1.37,750.0,0,3.962,1,83.6,3.998,12.0,35.0,185.0,EV_109,0.0,550,5.0,DR770601_1,44.93,51930.39,DR770601,179.24,0.0,47.08,D,SimuProB-4,EV_109
382.479,0.0,1.37,300.0,0,3.97,1,83.59,4.008,5.0,-22.0,185.0,EV_109,0.018,560,35.0,DR770601_1,44.95,51930.41,DR770601,179.24,0.0,47.1,D,SimuProB-4,EV_109
373.949,30.0,1.37,900.0,0,3.958,1,83.57,4.002,15.0,65.0,185.0,EV_109,0.0,570,0.0,DR770601_1,45.02,51930.45,DR770601,179.24,0.0,47.18,D,SimuProB-4,EV_109
368.464,55.0,1.37,2100.0,0,3.948,1,83.56,3.995,32.0,110.0,185.0,EV_109,0.0,580,0.0,DR770601_1,45.1,51930.54,DR770601,179.24,0.0,47.26,D,SimuProB-4,EV_109
372.837,0.0,1.37,750.0,0,3.975,1,83.54,4.01,12.0,-28.0,185.0,EV_109,0.022,590,60.0,DR770601_1,45.15,51930.57,DR770601,179.24,0.0,47.3,D,SimuProB-4,EV_109
376.429,20.0,1.37,1050.0,0,3.965,1,83.53,4.005,18.0,12.0,185.0,EV_109,0.0,600,0.0,DR770601_1,45.17,51930.62,DR770601,179.24,0.0,47.32,D,SimuProB-4,EV_109
365.193,65.0,1.37,3200.0,0,3.945,1,83.53,3.992,42.0,135.0,185.0,EV_109,0.0,610,0.0,DR770601_1,45.28,51930.74,DR770601,179.24,0.0,47.45,D,SimuProB-4,EV_109
369.792,0.0,1.37,1500.0,0,3.98,1,83.52,4.015,22.0,-35.0,185.0,EV_109,0.028,620,45.0,DR770601_1,45.3,51930.8,DR770601,179.24,0.0,47.48,D,SimuProB-4,EV_109
378.154,5.0,1.37,350.0,0,3.995,1,83.51,4.025,5.0,8.5,185.0,EV_109,0.0,630,10.0,DR770601_1,45.35,51930.81,DR770601,179.24,0.0,47.5,D,SimuProB-4,EV_109
370.446,50.0,1.37,2400.0,0,3.97,1,83.47,4.01,38.0,95.0,185.0,EV_109,0.0,640,0.0,DR770601_1,45.4,51930.92,DR770601,179.24,0.0,47.55,D,SimuProB-4,EV_109
375.949,0.0,1.37,1600.0,0,3.99,1,83.47,4.03,25.0,-18.0,185.0,EV_109,0.015,650,35.0,DR770601_1,45.42,51930.99,DR770601,179.24,0.0,47.6,D,SimuProB-4,EV_109
365.841,70.0,1.37,3800.0,0,3.955,1,83.44,4.005,48.0,145.0,185.0,EV_109,0.0,660,0.0,DR770601_1,45.44,51931.12,DR770601,179.24,0.0,47.62,D,SimuProB-4,EV_109
372.095,0.0,1.37,800.0,0,3.975,1,83.44,4.02,15.0,-25.0,185.0,EV_109,0.022,670,55.0,DR770601_1,45.46,51931.16,DR770601,179.24,0.0,47.64,D,SimuProB-4,EV_109
374.6,15.0,1.37,500.0,0,3.985,1,83.44,4.015,8.0,12.0,185.0,EV_109,0.0,680,5.0,DR770601_1,45.48,51931.19,DR770601,179.24,0.0,47.66,D,SimuProB-4,EV_109
369.302,35.0,1.37,1800.0,0,3.97,1,83.42,4.01,28.0,65.0,185.0,EV_109,0.0,690,0.0,DR770601_1,45.5,51931.27,DR770601,179.24,0.0,47.68,D,SimuProB-4,EV_109
375.794,0.0,1.37,300.0,0,4.0,1,83.42,4.04,5.0,-35.0,185.0,EV_109,0.025,700,60.0,DR770601_1,45.52,51931.28,DR770601,179.24,0.0,47.7,D,SimuProB-4,EV_109
364.681,55.0,1.37,2100.0,0,3.95,1,83.4,4.0,32.0,110.0,185.0,EV_109,0.0,710,0.0,DR770601_1,45.54,51931.37,DR770601,179.24,0.0,47.72,D,SimuProB-4,EV_109
370.993,30.0,1.37,2800.0,0,3.98,1,83.37,4.03,38.0,45.0,185.0,EV_109,0.0,720,0.0,DR770601_1,45.56,51931.48,DR770601,179.24,0.0,47.74,D,SimuProB-4,EV_109
368.273,45.0,1.37,3100.0,0,3.96,1,83.36,4.02,42.0,85.0,185.0,EV_109,0.0,730,0.0,DR770601_1,45.6,51931.59,DR770601,179.24,0.0,47.78,D,SimuProB-4,EV_109
378.936,0.0,1.37,1200.0,0,4.0,1,83.36,4.05,18.0,-28.0,185.0,EV_109,0.028,740,65.0,DR770601_1,45.62,51931.64,DR770601,179.24,0.0,47.8,D,SimuProB-4,EV_109
385.675,0.0,1.37,500.0,0,4.01,1,83.34,4.06,8.0,-32.0,185.0,EV_109,0.03,750,45.0,DR770601_1,45.64,51931.66,DR770601,179.24,0.0,47.82,D,SimuProB-4,EV_109
398.089,15.0,1.37,950.0,0,3.99,1,83.33,4.04,15.0,15.0,185.0,EV_109,0.0,760,0.0,DR770601_1,45.66,51931.7,DR770601,179.24,0.0,47.85,D,SimuProB-4,EV_109
388.673,40.0,1.37,1900.0,0,4.0,1,83.33,4.05,30.0,65.0,185.0,EV_109,0.0,770,0.0,DR770601_1,45.68,51931.79,DR770601,179.24,0.0,47.88,D,SimuProB-4,EV_109
392.894,35.0,1.37,2400.0,0,4.01,1,83.32,4.06,38.0,55.0,185.0,EV_109,0.0,780,0.0,DR770601_1,45.72,51931.9,DR770601,179.24,0.0,47.92,D,SimuProB-4,EV_109
380.489,0.0,1.37,1400.0,0,4.03,1,83.3,4.08,22.0,-35.0,185.0,EV_109,0.035,790,55.0,DR770601_1,45.75,51931.96,DR770601,179.24,0.0,47.95,D,SimuProB-4,EV_109
397.092,10.0,1.37,650.0,0,4.0,1,83.3,4.05,10.0,12.0,185.0,EV_109,0.0,800,5.0,DR770601_1,45.78,51931.98,DR770601,179.24,0.0,47.98,D,SimuProB-4,EV_109
394.724,30.0,1.37,1750.0,0,3.99,1,83.27,4.05,28.0,45.0,185.0,EV_109,0.0,810,0.0,DR770601_1,45.82,51932.06,DR770601,179.24,0.0,48.05,D,SimuProB-4,EV_109
386.549,55.0,1.37,2800.0,0,4.01,1,83.25,4.07,42.0,85.0,185.0,EV_109,0.0,820,0.0,DR770601_1,45.9,51932.17,DR770601,179.24,0.0,48.15,D,SimuProB-4,EV_109
379.492,0.0,1.37,1600.0,0,4.02,1,83.24,4.09,25.0,-25.0,185.0,EV_109,0.025,830,45.0,DR770601_1,45.95,51932.24,DR770601,179.24,0.0,48.2,D,SimuProB-4,EV_109
372.076,65.0,1.37,3800.0,0,4.0,1,83.2,4.09,55.0,110.0,185.0,EV_109,0.0,840,0.0,DR770601_1,46.05,51932.39,DR770601,179.24,0.0,48.32,D,SimuProB-4,EV_109
382.06,25.0,1.37,2200.0,0,4.02,1,83.2,4.07,35.0,45.0,185.0,EV_109,0.0,850,0.0,DR770601_1,46.1,51932.49,DR770601,179.24,0.0,48.38,D,SimuProB-4,EV_109
391.662,0.0,1.37,950.0,0,4.04,1,83.18,4.1,15.0,-30.0,185.0,EV_109,0.028,860,35.0,DR770601_1,46.12,51932.53,DR770601,179.24,0.0,48.42,D,SimuProB-4,EV_109
374.324,45.0,1.37,3100.0,0,4.01,1,83.17,4.08,45.0,95.0,185.0,EV_109,0.0,870,0.0,DR770601_1,46.25,51932.65,DR770601,179.24,0.0,48.55,D,SimuProB-4,EV_109
384.882,5.0,1.37,650.0,0,4.0,1,83.17,4.06,10.0,12.0,185.0,EV_109,0.0,880,15.0,DR770601_1,46.3,51932.68,DR770601,179.24,0.0,48.6,D,SimuProB-4,EV_109
392.859,0.0,1.37,0.0,0,4.03,1,83.17,4.09,0.0,-15.0,185.0,EV_109,0.015,890,65.0,DR770601_1,46.32,51932.68,DR770601,179.24,0.0,48.62,D,SimuProB-4,EV_109
385.7,5.0,1.37,320.0,0,4.005,1,83.17,4.065,5.0,12.5,185.0,EV_109,0.0,900,0.0,DR770601_1,46.35,51932.69,DR770601,179.24,0.0,48.65,D,SimuProB-4,EV_109
389.333,30.0,1.37,1150.0,0,4.01,1,83.16,4.07,18.0,25.0,185.0,EV_109,0.0,910,0.0,DR770601_1,46.4,51932.74,DR770601,179.24,0.0,48.7,D,SimuProB-4,EV_109
382.196,45.0,1.37,2050.0,0,4.015,1,83.13,4.08,32.0,65.0,185.0,EV_109,0.0,920,0.0,DR770601_1,46.5,51932.83,DR770601,179.24,0.0,48.8,D,SimuProB-4,EV_109
375.672,55.0,1.37,2800.0,0,3.99,1,83.1,4.085,42.0,85.0,185.0,EV_109,0.0,930,0.0,DR770601_1,46.6,51932.95,DR770601,179.24,0.0,48.9,D,SimuProB-4,EV_109
388.102,0.0,1.37,1600.0,0,4.02,1,83.1,4.1,25.0,-25.0,185.0,EV_109,0.018,940,45.0,DR770601_1,46.65,51933.02,DR770601,179.24,0.0,48.95,D,SimuProB-4,EV_109
383.072,35.0,1.37,1950.0,0,3.995,1,83.09,4.075,30.0,45.0,185.0,EV_109,0.0,950,0.0,DR770601_1,46.7,51933.1,DR770601,179.24,0.0,49.0,D,SimuProB-4,EV_109
380.067,32.0,1.37,1850.0,0,4.0,1,83.05,4.09,28.0,55.0,185.0,EV_109,0.0,960,0.0,DR770601_1,46.75,51933.18,DR770601,179.24,0.0,49.05,D,SimuProB-4,EV_109
372.473,65.0,1.37,3000.0,0,3.98,1,83.03,4.11,45.0,95.0,185.0,EV_109,0.0,970,0.0,DR770601_1,46.85,51933.3,DR770601,179.24,0.0,49.15,D,SimuProB-4,EV_109
384.969,0.0,1.37,950.0,0,4.03,1,83.03,4.12,15.0,-30.0,185.0,EV_109,0.025,980,60.0,DR770601_1,46.9,51933.34,DR770601,179.24,0.0,49.2,D,SimuProB-4,EV_109
377.797,45.0,1.37,2200.0,0,4.01,1,83.0,4.13,35.0,75.0,185.0,EV_109,0.0,990,0.0,DR770601_1,46.98,51933.44,DR770601,179.24,0.0,49.28,D,SimuProB-4,EV_109
384.669,0.0,1.37,1400.0,0,4.04,1,83.0,4.11,22.0,-12.0,185.0,EV_109,0.012,1000,30.0,DR770601_1,47.0,51933.5,DR770601,179.24,0.0,49.3,D,SimuProB-4,EV_109
379.866,30.0,1.37,1800.0,0,4.02,1,82.99,4.1,28.0,50.0,185.0,EV_109,0.0,1010,0.0,DR770601_1,47.05,51933.58,DR770601,179.24,0.0,49.35,D,SimuProB-4,EV_109
377.01,55.0,1.37,2800.0,0,4.0,1,82.97,4.12,42.0,82.0,185.0,EV_109,0.0,1020,0.0,DR770601_1,47.12,51933.7,DR770601,179.24,0.0,49.42,D,SimuProB-4,EV_109
371.414,75.0,1.37,3800.0,0,3.98,1,82.95,4.14,55.0,110.0,185.0,EV_109,0.0,1030,0.0,DR770601_1,47.25,51933.85,DR770601,179.24,0.0,49.55,D,SimuProB-4,EV_109
378.154,0.0,1.37,1100.0,0,4.05,1,82.93,4.13,18.0,-25.0,185.0,EV_109,0.022,1040,45.0,DR770601_1,47.28,51933.9,DR770601,179.24,0.0,49.58,D,SimuProB-4,EV_109
386.67,25.0,1.37,1500.0,0,4.03,1,82.92,4.11,25.0,45.0,185.0,EV_109,0.0,1050,0.0,DR770601_1,47.32,51933.97,DR770601,179.24,0.0,49.62,D,SimuProB-4,EV_109
374.463,65.0,1.37,3200.0,0,4.01,1,82.89,4.14,48.0,95.0,185.0,EV_109,0.0,1060,0.0,DR770601_1,47.4,51934.1,DR770601,179.24,0.0,49.7,D,SimuProB-4,EV_109
382.55,0.0,1.37,700.0,0,4.06,1,82.87,4.12,12.0,-35.0,185.0,EV_109,0.028,1070,60.0,DR770601_1,47.45,51934.14,DR770601,179.24,0.0,49.75,D,SimuProB-4,EV_109
375.681,55.0,1.37,2800.0,0,4.02,1,82.85,4.13,42.0,85.0,185.0,EV_109,0.0,1080,0.0,DR770601_1,47.5,51934.26,DR770601,179.24,0.0,49.8,D,SimuProB-4,EV_109
368.125,70.0,1.37,1800.0,0,3.99,1,82.81,4.14,30.0,130.0,185.0,EV_109,0.0,1090,0.0,DR770601_1,47.6,51934.34,DR770601,179.24,0.0,49.9,D,SimuProB-4,EV_109
372.63,0.0,1.37,500.0,0,4.04,1,82.8,4.12,10.0,-15.0,185.0,EV_109,0.015,1100,50.0,DR770601_1,47.65,51934.37,DR770601,179.24,0.0,49.95,D,SimuProB-4,EV_109
360.781,75.0,1.37,3000.0,0,3.95,1,82.76,4.14,45.0,145.0,185.0,EV_109,0.0,1110,0.0,DR770601_1,47.7,51934.5,DR770601,179.24,0.0,50.0,D,SimuProB-4,EV_109
354.964,0.0,1.37,900.0,0,3.92,1,82.75,4.15,15.0,160.0,185.0,EV_109,0.025,1120,65.0,DR770601_1,47.75,51934.54,DR770601,179.24,0.0,50.05,D,SimuProB-4,EV_109
379.26,30.0,1.37,1600.0,0,4.0,1,82.73,4.13,25.0,55.0,185.0,EV_109,0.0,1130,0.0,DR770601_1,47.8,51934.61,DR770601,179.24,0.0,50.1,D,SimuProB-4,EV_109
376.109,40.0,1.37,2200.0,0,4.01,1,82.71,4.12,35.0,45.0,185.0,EV_109,0.0,1140,0.0,DR770601_1,47.85,51934.71,DR770601,179.24,0.0,50.15,D,SimuProB-4,EV_109
362.387,0.0,1.37,600.0,0,3.93,1,82.7,4.15,12.0,155.0,185.0,EV_109,0.02,1150,55.0,DR770601_1,47.95,51934.74,DR770601,179.24,0.0,50.25,D,SimuProB-4,EV_109
379.335,35.0,1.37,1750.0,0,4.02,1,82.68,4.13,28.0,60.0,185.0,EV_109,0.0,1160,0.0,DR770601_1,48.0,51934.82,DR770601,179.24,0.0,50.3,D,SimuProB-4,EV_109
378.799,32.0,1.37,1900.0,0,4.01,1,82.66,4.13,30.0,58.0,185.0,EV_109,0.0,1170,0.0,DR770601_1,48.05,51934.9,DR770601,179.24,0.0,50.35,D,SimuProB-4,EV_109
361.928,0.0,1.37,500.0,0,3.92,1,82.63,4.15,8.0,145.0,185.0,EV_109,0.02,1180,45.0,DR770601_1,48.15,51934.93,DR770601,179.24,0.0,50.45,D,SimuProB-4,EV_109
375.002,25.0,1.37,1400.0,0,4.0,1,82.61,4.12,22.0,42.0,185.0,EV_109,0.0,1190,0.0,DR770601_1,48.2,51934.99,DR770601,179.24,0.0,50.5,D,SimuProB-4,EV_109
392.447,28.0,1.37,1100.0,0,4.01,1,82.59,4.12,18.0,35.0,185.0,EV_109,0.0,1200,0.0,DR770601_1,48.25,51935.04,DR770601,179.24,0.0,50.55,D,SimuProB-4,EV_109
368.241,0.0,1.37,300.0,0,3.95,1,82.57,4.15,5.0,130.0,185.0,EV_109,0.015,1210,65.0,DR770601_1,48.35,51935.05,DR770601,179.24,0.0,50.68,D,SimuProB-4,EV_109
385.198,22.0,1.37,750.0,0,3.98,1,82.57,4.1,12.0,25.0,185.0,EV_109,0.0,1220,0.0,DR770601_1,48.4,51935.09,DR770601,179.24,0.0,50.72,D,SimuProB-4,EV_109
398.192,35.0,1.37,1250.0,0,4.0,1,82.56,4.11,20.0,45.0,185.0,EV_109,0.0,1230,0.0,DR770601_1,48.5,51935.15,DR770601,179.24,0.0,50.8,D,SimuProB-4,EV_109
372.105,65.0,1.37,2200.0,0,3.94,1,82.54,4.14,35.0,150.0,185.0,EV_109,0.0,1240,0.0,DR770601_1,48.65,51935.24,DR770601,179.24,0.0,50.95,D,SimuProB-4,EV_109
390.603,30.0,1.37,1550.0,0,4.01,1,82.51,4.12,25.0,55.0,185.0,EV_109,0.0,1250,0.0,DR770601_1,48.75,51935.31,DR770601,179.24,0.0,51.05,D,SimuProB-4,EV_109
362.682,75.0,1.37,3450.0,0,3.91,1,82.48,4.15,55.0,185.0,185.0,EV_109,0.0,1260,0.0,DR770601_1,48.85,51935.46,DR770601,179.24,0.0,51.15,D,SimuProB-4,EV_109
378.265,25.0,1.37,1750.0,0,3.99,1,82.48,4.13,28.0,65.0,185.0,EV_109,0.0,1270,0.0,DR770601_1,48.9,51935.54,DR770601,179.24,0.0,51.2,D,SimuProB-4,EV_109
389.061,10.0,1.37,950.0,0,4.02,1,82.47,4.12,15.0,35.0,185.0,EV_109,0.01,0,15.0,DR770601_2,48.95,51935.58,DR770601,179.24,0.0,51.25,D,SimuProB-4,EV_109
382.591,15.0,1.37,1100.0,0,4.01,1,82.46,4.13,18.0,45.0,185.0,EV_109,0.0,10,0.0,DR770601_2,49.0,51935.63,DR770601,179.24,0.0,51.3,D,SimuProB-4,EV_109
375.038,35.0,1.37,2000.0,0,3.98,1,82.43,4.14,32.0,85.0,185.0,EV_109,0.0,20,0.0,DR770601_2,49.1,51935.72,DR770601,179.24,0.0,51.4,D,SimuProB-4,EV_109
368.531,55.0,1.37,2800.0,0,3.95,1,82.42,4.15,45.0,120.0,185.0,EV_109,0.0,30,0.0,DR770601_2,49.25,51935.84,DR770601,179.24,0.0,51.55,D,SimuProB-4,EV_109
363.679,60.0,1.37,3250.0,0,3.94,1,82.38,4.15,52.0,135.0,185.0,EV_109,0.0,40,0.0,DR770601_2,49.35,51935.98,DR770601,179.24,0.0,51.65,D,SimuProB-4,EV_109
369.84,0.0,1.37,2350.0,0,3.92,1,82.38,4.12,38.0,-28.5,185.0,EV_109,0.025,50,45.0,DR770601_2,49.38,51936.09,DR770601,179.24,0.0,51.68,D,SimuProB-4,EV_109
376.426,30.0,1.37,2600.0,0,4.0,1,82.37,4.14,42.0,55.0,185.0,EV_109,0.0,60,0.0,DR770601_2,49.42,51936.21,DR770601,179.24,0.0,51.72,D,SimuProB-4,EV_109
372.602,25.0,1.37,2200.0,0,3.99,1,82.33,4.13,35.0,65.0,185.0,EV_109,0.0,70,0.0,DR770601_2,49.5,51936.31,DR770601,179.24,0.0,51.8,D,SimuProB-4,EV_109
366.136,40.0,1.37,2500.0,0,3.97,1,82.31,4.14,40.0,95.0,185.0,EV_109,0.0,80,0.0,DR770601_2,49.6,51936.42,DR770601,179.24,0.0,51.9,D,SimuProB-4,EV_109
374.473,0.0,1.37,1400.0,0,3.94,1,82.31,4.12,22.0,-22.0,185.0,EV_109,0.02,90,60.0,DR770601_2,49.65,51936.48,DR770601,179.24,0.0,51.95,D,SimuProB-4,EV_109
368.342,45.0,1.37,2800.0,0,3.98,1,82.28,4.14,45.0,75.0,185.0,EV_109,0.0,100,0.0,DR770601_2,49.7,51936.61,DR770601,179.24,0.0,52.02,D,SimuProB-4,EV_109
365.918,60.0,1.37,2000.0,0,3.95,1,82.26,4.15,32.0,110.0,185.0,EV_109,0.0,110,10.0,DR770601_2,49.8,51936.69,DR770601,179.24,0.0,52.1,D,SimuProB-4,EV_109
377.766,0.0,1.37,950.0,0,3.96,1,82.26,4.13,15.0,-35.0,185.0,EV_109,0.028,120,70.0,DR770601_2,49.85,51936.74,DR770601,179.24,0.0,52.15,D,SimuProB-4,EV_109
360.813,65.0,1.37,2650.0,0,3.92,1,82.22,4.15,42.0,145.0,185.0,EV_109,0.0,130,0.0,DR770601_2,49.95,51936.86,DR770601,179.24,0.0,52.25,D,SimuProB-4,EV_109
368.306,0.0,1.37,1150.0,0,3.95,1,82.22,4.14,18.0,-28.0,185.0,EV_109,0.025,140,55.0,DR770601_2,50.0,51936.91,DR770601,179.24,0.0,52.3,D,SimuProB-4,EV_109
376.059,5.0,1.37,300.0,0,3.98,1,82.22,4.13,5.0,5.0,185.0,EV_109,0.0,150,15.0,DR770601_2,50.05,51936.92,DR770601,179.24,0.0,52.35,D,SimuProB-4,EV_109
358.798,55.0,1.37,2850.0,0,3.91,1,82.2,4.15,45.0,135.0,185.0,EV_109,0.0,160,0.0,DR770601_2,50.08,51937.04,DR770601,179.24,0.0,52.38,D,SimuProB-4,EV_109
362.157,15.0,1.37,750.0,0,3.94,1,82.18,4.13,12.0,15.0,185.0,EV_109,0.0,170,10.0,DR770601_2,50.1,51937.08,DR770601,179.24,0.0,52.4,D,SimuProB-4,EV_109
356.105,70.0,1.37,3200.0,0,3.9,1,82.18,4.15,50.0,160.0,185.0,EV_109,0.0,180,0.0,DR770601_2,50.15,51937.22,DR770601,179.24,0.0,52.45,D,SimuProB-4,EV_109
392.226,35.0,1.37,1800.0,0,3.98,1,82.17,4.14,28.0,45.0,185.0,EV_109,0.0,190,0.0,DR770601_2,50.2,51937.3,DR770601,179.24,0.0,52.5,D,SimuProB-4,EV_109
351.699,0.0,1.37,700.0,0,3.88,1,82.16,4.12,12.0,-35.0,185.0,EV_109,0.028,200,60.0,DR770601_2,50.3,51937.33,DR770601,179.24,0.0,52.6,D,SimuProB-4,EV_109
365.77,15.0,1.37,450.0,0,3.95,1,82.16,4.13,8.0,12.0,185.0,EV_109,0.0,210,5.0,DR770601_2,50.35,51937.35,DR770601,179.24,0.0,52.65,D,SimuProB-4,EV_109
375.431,45.0,1.37,2000.0,0,3.96,1,82.14,4.13,32.0,55.0,185.0,EV_109,0.0,220,0.0,DR770601_2,50.4,51937.44,DR770601,179.24,0.0,52.7,D,SimuProB-4,EV_109
388.126,20.0,1.37,1600.0,0,3.95,1,82.14,4.13,25.0,18.0,185.0,EV_109,0.0,230,0.0,DR770601_2,50.45,51937.51,DR770601,179.24,0.0,52.75,D,SimuProB-4,EV_109
360.13,65.0,1.37,3050.0,0,3.91,1,82.13,4.15,48.0,130.0,185.0,EV_109,0.0,240,0.0,DR770601_2,50.55,51937.64,DR770601,179.24,0.0,52.85,D,SimuProB-4,EV_109
355.841,75.0,1.37,3600.0,0,3.88,1,82.11,4.15,55.0,145.0,185.0,EV_109,0.0,250,0.0,DR770601_2,50.8,51937.79,DR770601,179.24,0.0,53.1,D,SimuProB-4,EV_109
380.384,0.0,1.37,2400.0,0,3.92,1,82.1,4.14,38.0,-25.0,185.0,EV_109,0.015,260,45.0,DR770601_2,50.85,51937.9,DR770601,179.24,0.0,53.15,D,SimuProB-4,EV_109
372.374,35.0,1.37,1750.0,0,3.95,1,82.09,4.14,28.0,65.0,185.0,EV_109,0.0,270,0.0,DR770601_2,50.9,51937.98,DR770601,179.24,0.0,53.2,D,SimuProB-4,EV_109
392.688,15.0,1.37,950.0,0,3.96,1,82.07,4.14,15.0,12.0,185.0,EV_109,0.0,280,0.0,DR770601_2,50.95,51938.02,DR770601,179.24,0.0,53.25,D,SimuProB-4,EV_109
398.099,25.0,1.37,1400.0,0,3.97,1,82.07,4.14,22.0,8.5,185.0,EV_109,0.0,290,0.0,DR770601_2,51.0,51938.08,DR770601,179.24,0.0,53.3,D,SimuProB-4,EV_109
385.582,55.0,1.37,2200.0,0,3.93,1,82.07,4.15,35.0,75.0,185.0,EV_109,0.0,300,0.0,DR770601_2,51.1,51938.18,DR770601,179.24,0.0,53.4,D,SimuProB-4,EV_109
382.416,35.0,1.37,2000.0,0,3.94,1,82.06,4.14,32.0,55.0,185.0,EV_109,0.0,310,0.0,DR770601_2,51.15,51938.27,DR770601,179.24,0.0,53.45,D,SimuProB-4,EV_109
378.169,65.0,1.37,3200.0,0,3.9,1,82.05,4.15,45.0,110.0,185.0,EV_109,0.0,320,0.0,DR770601_2,51.25,51938.39,DR770601,179.24,0.0,53.55,D,SimuProB-4,EV_109
395.858,0.0,1.37,1600.0,0,3.92,1,82.04,4.16,25.0,-35.0,185.0,EV_109,0.02,330,60.0,DR770601_2,51.3,51938.46,DR770601,179.24,0.0,53.6,D,SimuProB-4,EV_109
394.379,20.0,1.37,1800.0,0,3.95,1,82.03,4.15,28.0,18.0,185.0,EV_109,0.0,340,0.0,DR770601_2,51.4,51938.54,DR770601,179.24,0.0,53.7,D,SimuProB-4,EV_109
388.477,45.0,1.37,2800.0,0,3.91,1,82.02,4.14,42.0,65.0,185.0,EV_109,0.0,350,0.0,DR770601_2,51.5,51938.65,DR770601,179.24,0.0,53.8,D,SimuProB-4,EV_109
392.748,0.0,1.37,950.0,0,3.93,1,82.02,4.16,15.0,-25.0,185.0,EV_109,0.02,360,50.0,DR770601_2,51.6,51938.7,DR770601,179.24,0.0,53.9,D,SimuProB-4,EV_109
390.99,40.0,1.37,2400.0,0,3.92,1,82.01,4.145,38.0,55.0,185.0,EV_109,0.0,370,0.0,DR770601_2,51.7,51938.81,DR770601,179.24,0.0,53.95,D,SimuProB-4,EV_109
382.02,70.0,1.37,3600.0,0,3.88,1,82.0,4.15,52.0,120.0,185.0,EV_109,0.0,380,0.0,DR770601_2,51.8,51938.95,DR770601,179.24,0.0,54.05,D,SimuProB-4,EV_109
395.074,0.0,1.37,1200.0,0,3.91,1,81.99,4.15,20.0,-30.0,185.0,EV_109,0.02,390,45.0,DR770601_2,51.9,51939.01,DR770601,179.24,0.0,54.1,D,SimuProB-4,EV_109
385.848,55.0,1.37,3200.0,0,3.89,1,81.97,4.14,48.0,95.0,185.0,EV_109,0.0,400,0.0,DR770601_2,52.0,51939.14,DR770601,179.24,0.0,54.15,D,SimuProB-4,EV_109
393.612,0.0,1.37,700.0,0,3.92,1,81.97,4.15,12.0,-28.0,185.0,EV_109,0.02,410,65.0,DR770601_2,52.1,51939.18,DR770601,179.24,0.0,54.2,D,SimuProB-4,EV_109
388.32,40.0,1.37,2200.0,0,3.9,1,81.95,4.13,35.0,75.0,185.0,EV_109,0.0,420,0.0,DR770601_2,52.2,51939.27,DR770601,179.24,0.0,54.25,D,SimuProB-4,EV_109
390.738,0.0,1.37,450.0,0,3.93,1,81.93,4.14,8.0,-25.0,185.0,EV_109,0.02,430,55.0,DR770601_2,52.3,51939.29,DR770601,179.24,0.0,54.3,D,SimuProB-4,EV_109
385.826,35.0,1.37,1600.0,0,3.89,1,81.92,4.15,28.0,85.0,185.0,EV_109,0.0,440,0.0,DR770601_2,52.35,51939.37,DR770601,179.24,0.0,54.35,D,SimuProB-4,EV_109
394.656,0.0,1.37,250.0,0,3.91,1,81.91,4.15,5.0,-35.0,185.0,EV_109,0.02,450,75.0,DR770601_2,52.4,51939.38,DR770601,179.24,0.0,54.4,D,SimuProB-4,EV_109
390.331,30.0,1.37,2400.0,0,3.92,1,81.9,4.14,38.0,55.0,185.0,EV_109,0.0,460,0.0,DR770601_2,52.45,51939.49,DR770601,179.24,0.0,54.5,D,SimuProB-4,EV_109
388.503,65.0,1.37,3500.0,0,3.88,1,81.88,4.15,52.0,110.0,185.0,EV_109,0.0,470,0.0,DR770601_2,52.5,51939.63,DR770601,179.24,0.0,54.6,D,SimuProB-4,EV_109
394.994,0.0,1.37,1500.0,0,3.9,1,81.87,4.15,25.0,-30.0,185.0,EV_109,0.02,480,45.0,DR770601_2,52.6,51939.7,DR770601,179.24,0.0,54.7,D,SimuProB-4,EV_109
381.694,70.0,1.37,3100.0,0,3.86,1,81.83,4.14,45.0,125.0,185.0,EV_109,0.0,490,0.0,DR770601_2,52.7,51939.82,DR770601,179.24,0.0,54.8,D,SimuProB-4,EV_109
378.869,75.0,1.37,4100.0,0,3.84,1,81.78,4.15,55.0,160.0,185.0,EV_109,0.0,500,0.0,DR770601_2,52.8,51939.98,DR770601,179.24,0.0,54.9,D,SimuProB-4,EV_109
391.944,0.0,1.37,600.0,0,3.92,1,81.78,4.15,10.0,-25.0,185.0,EV_109,0.02,510,60.0,DR770601_2,52.85,51940.01,DR770601,179.24,0.0,55.0,D,SimuProB-4,EV_109
373.987,78.0,1.37,4800.0,0,3.82,1,81.75,4.15,62.0,185.0,185.0,EV_109,0.0,520,0.0,DR770601_2,52.9,51940.18,DR770601,179.24,0.0,55.1,D,SimuProB-4,EV_109
395.112,0.0,1.37,800.0,0,3.95,1,81.74,4.15,15.0,-35.0,185.0,EV_109,0.03,530,75.0,DR770601_2,52.95,51940.22,DR770601,179.24,0.0,55.15,D,SimuProB-4,EV_109
386.857,45.0,1.37,2600.0,0,3.89,1,81.74,4.14,38.0,95.0,185.0,EV_109,0.0,540,0.0,DR770601_2,53.05,51940.33,DR770601,179.24,0.0,55.25,D,SimuProB-4,EV_109
381.767,60.0,1.37,3200.0,0,3.85,1,81.73,4.15,48.0,135.0,185.0,EV_109,0.0,550,0.0,DR770601_2,53.1,51940.46,DR770601,179.24,0.0,55.3,D,SimuProB-4,EV_109
390.688,15.0,1.37,1100.0,0,3.93,1,81.72,4.15,18.0,12.0,185.0,EV_109,0.0,560,25.0,DR770601_2,53.2,51940.51,DR770601,179.24,0.0,55.4,D,SimuProB-4,EV_109
376.137,70.0,1.37,3800.0,0,3.81,1,81.7,4.15,52.0,165.0,185.0,EV_109,0.0,570,0.0,DR770601_2,53.3,51940.66,DR770601,179.24,0.0,55.5,D,SimuProB-4,EV_109
372.191,65.0,1.37,4200.0,0,3.79,1,81.69,4.14,55.0,145.0,185.0,EV_109,0.0,580,0.0,DR770601_2,53.4,51940.81,DR770601,179.24,0.0,55.6,D,SimuProB-4,EV_109
364.818,75.0,1.37,3800.0,0,3.75,1,81.66,4.15,50.0,180.0,185.0,EV_109,0.0,590,0.0,DR770601_2,53.55,51940.95,DR770601,179.24,0.0,55.75,D,SimuProB-4,EV_109
379.046,0.0,1.37,1800.0,0,3.88,1,81.63,4.12,25.0,-25.0,185.0,EV_109,0.025,600,85.0,DR770601_2,53.6,51941.02,DR770601,179.24,0.0,55.8,D,SimuProB-4,EV_109
392.452,35.0,1.37,2100.0,0,3.9,1,81.61,4.14,28.0,18.5,185.0,EV_109,0.0,610,0.0,DR770601_2,53.65,51941.1,DR770601,179.24,0.0,55.85,D,SimuProB-4,EV_109
385.201,55.0,1.37,3200.0,0,3.82,1,81.59,4.13,42.0,95.0,185.0,EV_109,0.0,620,0.0,DR770601_2,53.75,51941.21,DR770601,179.24,0.0,55.95,D,SimuProB-4,EV_109
378.827,60.0,1.37,3600.0,0,3.78,1,81.57,4.12,48.0,110.0,185.0,EV_109,0.0,630,0.0,DR770601_2,53.85,51941.35,DR770601,179.24,0.0,56.05,D,SimuProB-4,EV_109
369.86,65.0,1.37,3900.0,0,3.75,1,81.54,4.15,52.0,145.0,185.0,EV_109,0.0,640,0.0,DR770601_2,54.0,51941.49,DR770601,179.24,0.0,56.2,D,SimuProB-4,EV_109
364.96,78.0,1.37,4300.0,0,3.7,1,81.5,4.15,58.0,175.0,185.0,EV_109,0.0,650,0.0,DR770601_2,54.2,51941.66,DR770601,179.24,0.0,56.4,D,SimuProB-4,EV_109
381.993,0.0,1.37,3400.0,0,3.85,1,81.49,4.13,45.0,-35.0,185.0,EV_109,0.032,660,65.0,DR770601_2,54.3,51941.78,DR770601,179.24,0.0,56.5,D,SimuProB-4,EV_109
395.431,0.0,1.37,2800.0,0,3.88,1,81.46,4.12,35.0,-25.0,185.0,EV_109,0.025,670,45.0,DR770601_2,54.4,51941.88,DR770601,179.24,0.0,56.6,D,SimuProB-4,EV_109
372.482,35.0,1.37,1000.0,0,3.79,1,81.46,4.1,12.0,65.0,185.0,EV_109,0.0,680,0.0,DR770601_2,54.5,51941.91,DR770601,179.24,0.0,56.7,D,SimuProB-4,EV_109
362.231,55.0,1.37,3000.0,0,3.72,1,81.45,4.15,38.0,130.0,185.0,EV_109,0.0,690,0.0,DR770601_2,54.6,51942.02,DR770601,179.24,0.0,56.8,D,SimuProB-4,EV_109
385.523,30.0,1.37,2200.0,0,3.82,1,81.44,4.12,28.0,45.0,185.0,EV_109,0.0,700,0.0,DR770601_2,54.7,51942.1,DR770601,179.24,0.0,56.9,D,SimuProB-4,EV_109
368.4,50.0,1.37,3300.0,0,3.75,1,81.41,4.14,42.0,110.0,185.0,EV_109,0.0,710,0.0,DR770601_2,54.8,51942.21,DR770601,179.24,0.0,57.0,D,SimuProB-4,EV_109
391.766,0.0,1.37,1800.0,0,3.88,1,81.41,4.13,25.0,-32.0,185.0,EV_109,0.028,720,40.0,DR770601_2,54.9,51942.28,DR770601,179.24,0.0,57.1,D,SimuProB-4,EV_109
374.7,45.0,1.37,4200.0,0,3.78,1,81.4,4.11,52.0,85.0,185.0,EV_109,0.0,730,0.0,DR770601_2,54.95,51942.42,DR770601,179.24,0.0,57.15,D,SimuProB-4,EV_109
368.751,65.0,1.37,4800.0,0,3.7,1,81.37,4.15,60.0,140.0,185.0,EV_109,0.0,740,0.0,DR770601_2,55.05,51942.59,DR770601,179.24,0.0,57.25,D,SimuProB-4,EV_109
382.463,0.0,1.37,2800.0,0,3.85,1,81.37,4.14,35.0,-28.0,185.0,EV_109,0.022,750,55.0,DR770601_2,55.1,51942.69,DR770601,179.24,0.0,57.3,D,SimuProB-4,EV_109
376.893,25.0,1.37,2400.0,0,3.8,1,81.36,4.12,32.0,45.0,185.0,EV_109,0.0,760,0.0,DR770601_2,55.15,51942.78,DR770601,179.24,0.0,57.35,D,SimuProB-4,EV_109
394.945,10.0,1.37,2100.0,0,3.82,1,81.36,4.13,28.0,15.0,185.0,EV_109,0.012,770,15.0,DR770601_2,55.2,51942.86,DR770601,179.24,0.0,57.4,D,SimuProB-4,EV_109
372.485,55.0,1.37,3800.0,0,3.72,1,81.34,4.15,48.0,95.0,185.0,EV_109,0.0,780,0.0,DR770601_2,55.25,51942.99,DR770601,179.24,0.0,57.45,D,SimuProB-4,EV_109
369.816,45.0,1.37,3600.0,0,3.71,1,81.33,4.15,45.0,110.0,185.0,EV_109,0.0,790,0.0,DR770601_2,55.3,51943.11,DR770601,179.24,0.0,57.5,D,SimuProB-4,EV_109
392.586,0.0,1.37,1600.0,0,3.88,1,81.32,4.14,20.0,-35.0,185.0,EV_109,0.028,800,65.0,DR770601_2,55.35,51943.17,DR770601,179.24,0.0,57.55,D,SimuProB-4,EV_109
369.043,60.0,1.37,4200.0,0,3.69,1,81.3,4.15,52.0,135.0,185.0,EV_109,0.0,810,0.0,DR770601_2,55.4,51943.31,DR770601,179.24,0.0,57.6,D,SimuProB-4,EV_109
396.037,40.0,1.37,3000.0,0,3.85,1,81.27,4.14,38.0,85.0,185.0,EV_109,0.0,820,0.0,DR770601_2,55.5,51943.42,DR770601,179.24,0.0,57.7,D,SimuProB-4,EV_109
385.148,65.0,1.37,4400.0,0,3.75,1,81.26,4.15,55.0,120.0,185.0,EV_109,0.0,830,0.0,DR770601_2,55.55,51943.57,DR770601,179.24,0.0,57.75,D,SimuProB-4,EV_109
398.002,0.0,1.37,2000.0,0,3.92,1,81.25,4.14,25.0,-25.0,185.0,EV_109,0.022,840,55.0,DR770601_2,55.6,51943.64,DR770601,179.24,0.0,57.8,D,SimuProB-4,EV_109
391.255,55.0,1.37,3800.0,0,3.82,1,81.24,4.15,48.0,110.0,185.0,EV_109,0.0,850,0.0,DR770601_2,55.7,51943.77,DR770601,179.24,0.0,57.9,D,SimuProB-4,EV_109
381.881,70.0,1.37,4800.0,0,3.71,1,81.22,4.15,60.0,145.0,185.0,EV_109,0.0,860,0.0,DR770601_2,55.8,51943.94,DR770601,179.24,0.0,58.0,D,SimuProB-4,EV_109
375.317,45.0,1.37,3200.0,0,3.65,1,81.2,4.15,42.0,165.0,185.0,EV_109,0.0,870,10.0,DR770601_2,55.95,51944.06,DR770601,179.24,0.0,58.15,D,SimuProB-4,EV_109
388.109,35.0,1.37,3000.0,0,3.85,1,81.19,4.12,38.0,45.0,185.0,EV_109,0.0,880,0.0,DR770601_2,56.1,51944.17,DR770601,179.24,0.0,58.3,D,SimuProB-4,EV_109
392.59,0.0,1.37,1800.0,0,3.9,1,81.18,4.14,22.0,-18.0,185.0,EV_109,0.015,890,45.0,DR770601_2,56.2,51944.23,DR770601,179.24,0.0,58.45,D,SimuProB-4,EV_109
396.541,40.0,1.37,3200.0,0,3.8,1,81.17,4.15,40.0,65.0,185.0,EV_109,0.0,900,0.0,DR770601_2,56.35,51944.34,DR770601,179.24,0.0,58.6,D,SimuProB-4,EV_109
383.036,55.0,1.37,3500.0,0,3.75,1,81.17,4.15,45.0,110.0,185.0,EV_109,0.0,910,0.0,DR770601_2,56.5,51944.46,DR770601,179.24,0.0,58.75,D,SimuProB-4,EV_109
377.986,45.0,1.37,2800.0,0,3.7,1,81.15,4.15,35.0,135.0,185.0,EV_109,0.0,920,0.0,DR770601_2,56.65,51944.56,DR770601,179.24,0.0,58.9,D,SimuProB-4,EV_109
394.556,0.0,1.37,1400.0,0,3.95,1,81.13,4.15,18.0,-25.0,185.0,EV_109,0.018,930,35.0,DR770601_2,56.7,51944.61,DR770601,179.24,0.0,59.0,D,SimuProB-4,EV_109
385.549,35.0,1.37,2200.0,0,3.92,1,81.13,4.14,28.0,45.0,185.0,EV_109,0.0,940,0.0,DR770601_2,56.75,51944.69,DR770601,179.24,0.0,59.05,D,SimuProB-4,EV_109
378.38,50.0,1.37,3000.0,0,3.82,1,81.11,4.15,38.0,85.0,185.0,EV_109,0.0,950,0.0,DR770601_2,56.8,51944.79,DR770601,179.24,0.0,59.1,D,SimuProB-4,EV_109
397.716,0.0,1.37,900.0,0,3.98,1,81.11,4.15,12.0,-12.0,185.0,EV_109,0.012,960,60.0,DR770601_2,56.82,51944.83,DR770601,179.24,0.0,59.12,D,SimuProB-4,EV_109
374.955,55.0,1.37,3300.0,0,3.85,1,81.08,4.15,42.0,95.0,185.0,EV_109,0.0,970,0.0,DR770601_2,56.85,51944.95,DR770601,179.24,0.0,59.15,D,SimuProB-4,EV_109
382.496,0.0,1.37,1100.0,0,4.05,1,81.08,4.15,15.0,-35.0,185.0,EV_109,0.03,980,75.0,DR770601_2,56.88,51944.99,DR770601,179.24,0.0,59.18,D,SimuProB-4,EV_109
378.022,40.0,1.37,1900.0,0,3.8,1,81.05,4.15,25.0,110.0,185.0,EV_109,0.0,990,0.0,DR770601_2,56.92,51945.06,DR770601,179.24,0.0,59.22,D,SimuProB-4,EV_109
396.284,0.0,1.37,750.0,0,4.02,1,81.05,4.15,10.0,-28.0,185.0,EV_109,0.025,1000,85.0,DR770601_2,56.94,51945.09,DR770601,179.24,0.0,59.24,D,SimuProB-4,EV_109
402.338,5.0,1.37,450.0,0,3.95,1,81.05,4.15,6.0,5.0,185.0,EV_109,0.0,1010,10.0,DR770601_2,56.96,51945.1,DR770601,179.24,0.0,59.26,D,SimuProB-4,EV_109
390.315,45.0,1.37,2100.0,0,3.85,1,81.04,4.15,28.0,75.0,185.0,EV_109,0.0,1020,0.0,DR770601_2,56.99,51945.18,DR770601,179.24,0.0,59.29,D,SimuProB-4,EV_109
385.005,55.0,1.37,2800.0,0,3.88,1,81.02,4.14,42.0,95.0,185.0,EV_109,0.0,1030,0.0,DR770601_2,57.01,51945.3,DR770601,179.24,0.0,59.31,D,SimuProB-4,EV_109
392.205,0.0,1.37,850.0,0,4.08,1,81.01,4.15,12.0,-25.0,185.0,EV_109,0.02,1040,60.0,DR770601_2,57.03,51945.33,DR770601,179.24,0.0,59.33,D,SimuProB-4,EV_109
401.61,2.0,1.37,350.0,0,4.01,1,81.01,4.15,5.0,6.5,185.0,EV_109,0.0,1050,5.0,DR770601_2,57.05,51945.34,DR770601,179.24,0.0,59.35,D,SimuProB-4,EV_109
388.292,40.0,1.37,2400.0,0,3.92,1,80.99,4.15,35.0,65.0,185.0,EV_109,0.0,1060,0.0,DR770601_2,57.08,51945.44,DR770601,179.24,0.0,59.38,D,SimuProB-4,EV_109
396.764,0.0,1.37,1050.0,0,4.05,1,80.99,4.15,15.0,-35.0,185.0,EV_109,0.02,1070,55.0,DR770601_2,57.09,51945.48,DR770601,179.24,0.0,59.39,D,SimuProB-4,EV_109
391.675,0.0,1.37,550.0,0,3.98,1,80.98,4.15,8.0,12.0,185.0,EV_109,0.0,1080,15.0,DR770601_2,57.11,51945.5,DR770601,179.24,0.0,59.41,D,SimuProB-4,EV_109
398.791,35.0,1.37,1900.0,0,4.05,1,80.96,4.12,28.0,45.0,185.0,EV_109,0.0,1090,0.0,DR770601_2,57.13,51945.58,DR770601,179.24,0.0,59.43,D,SimuProB-4,EV_109
384.941,0.0,1.37,650.0,0,4.02,1,80.95,4.14,10.0,-38.0,185.0,EV_109,0.03,1100,65.0,DR770601_2,57.15,51945.61,DR770601,179.24,0.0,59.45,D,SimuProB-4,EV_109
394.855,25.0,1.37,1500.0,0,4.07,1,80.95,4.13,22.0,22.0,185.0,EV_109,0.0,1110,0.0,DR770601_2,57.17,51945.67,DR770601,179.24,0.0,59.47,D,SimuProB-4,EV_109
396.0,45.0,1.37,2350.0,0,4.06,1,80.94,4.14,35.0,55.0,185.0,EV_109,0.0,1120,0.0,DR770601_2,57.2,51945.77,DR770601,179.24,0.0,59.5,D,SimuProB-4,EV_109
391.087,0.0,1.37,800.0,0,4.03,1,80.91,4.15,12.0,-42.0,185.0,EV_109,0.03,1130,75.0,DR770601_2,57.22,51945.8,DR770601,179.24,0.0,59.52,D,SimuProB-4,EV_109
396.769,20.0,1.37,1200.0,0,4.08,1,80.91,4.13,18.0,18.0,185.0,EV_109,0.0,1140,5.0,DR770601_2,57.24,51945.85,DR770601,179.24,0.0,59.54,D,SimuProB-4,EV_109
394.64,30.0,1.37,1900.0,0,4.07,1,80.9,4.13,28.0,35.0,185.0,EV_109,0.0,1150,0.0,DR770601_2,57.25,51945.93,DR770601,179.24,0.0,59.55,D,SimuProB-4,EV_109
392.274,40.0,1.37,2800.0,0,4.06,1,80.87,4.14,42.0,50.0,185.0,EV_109,0.0,1160,0.0,DR770601_2,57.27,51946.04,DR770601,179.24,0.0,59.57,D,SimuProB-4,EV_109
398.418,0.0,1.37,1000.0,0,4.05,1,80.87,4.15,15.0,-25.0,185.0,EV_109,0.02,1170,60.0,DR770601_2,57.28,51946.09,DR770601,179.24,0.0,59.58,D,SimuProB-4,EV_109
390.531,55.0,1.37,3800.0,0,4.05,1,80.84,4.14,52.0,65.0,185.0,EV_109,0.0,1180,0.0,DR770601_2,57.35,51946.23,DR770601,179.24,0.0,59.65,D,SimuProB-4,EV_109
394.784,0.0,1.37,1700.0,0,4.04,1,80.82,4.15,25.0,-35.0,185.0,EV_109,0.025,1190,65.0,DR770601_2,57.4,51946.3,DR770601,179.24,0.0,59.7,D,SimuProB-4,EV_109
398.261,15.0,1.37,550.0,0,4.09,1,80.82,4.13,8.0,12.0,185.0,EV_109,0.0,1200,10.0,DR770601_2,57.42,51946.33,DR770601,179.24,0.0,59.72,D,SimuProB-4,EV_109
390.366,50.0,1.37,3200.0,0,4.04,1,80.77,4.14,48.0,75.0,185.0,EV_109,0.0,1210,0.0,DR770601_2,57.45,51946.46,DR770601,179.24,0.0,59.75,D,SimuProB-4,EV_109
396.749,25.0,1.37,2000.0,0,4.08,1,80.77,4.13,30.0,25.0,185.0,EV_109,0.0,1220,0.0,DR770601_2,57.48,51946.55,DR770601,179.24,0.0,59.78,D,SimuProB-4,EV_109
388.345,0.0,1.37,800.0,0,4.05,1,80.77,4.15,12.0,-30.0,185.0,EV_109,0.022,1230,50.0,DR770601_2,57.5,51946.58,DR770601,179.24,0.0,59.8,D,SimuProB-4,EV_109
398.865,35.0,1.37,2300.0,0,4.09,1,80.76,4.12,35.0,18.5,185.0,EV_109,0.0,1240,0.0,DR770601_2,57.52,51946.68,DR770601,179.24,0.0,59.82,D,SimuProB-4,EV_109
393.869,0.0,1.37,1200.0,0,4.06,1,80.76,4.14,18.0,-25.0,185.0,EV_109,0.018,1250,45.0,DR770601_2,57.54,51946.73,DR770601,179.24,0.0,59.84,D,SimuProB-4,EV_109
401.236,45.0,1.37,2800.0,0,4.08,1,80.76,4.13,42.0,55.0,185.0,EV_109,0.0,1260,0.0,DR770601_2,57.56,51946.84,DR770601,179.24,0.0,59.86,D,SimuProB-4,EV_109
385.4,65.0,1.37,3800.0,0,4.07,1,80.74,4.15,55.0,110.0,185.0,EV_109,0.0,1270,0.0,DR770601_2,57.65,51946.99,DR770601,179.24,0.0,59.98,D,SimuProB-4,EV_109
392.181,0.0,1.37,1600.0,0,4.04,1,80.74,4.14,25.0,-35.0,185.0,EV_109,0.025,0,75.0,DR770601_3,57.7,51947.06,DR770601,179.24,0.0,60.05,D,SimuProB-4,EV_109
399.609,30.0,1.37,2400.0,0,4.09,1,80.73,4.13,38.0,45.0,185.0,EV_109,0.0,10,0.0,DR770601_3,57.75,51947.17,DR770601,179.24,0.0,60.12,D,SimuProB-4,EV_109
388.537,50.0,1.37,3000.0,0,4.08,1,80.72,4.14,45.0,85.0,185.0,EV_109,0.0,20,0.0,DR770601_3,57.8,51947.29,DR770601,179.24,0.0,60.2,D,SimuProB-4,EV_109
377.852,75.0,1.37,4200.0,0,4.05,1,80.68,4.15,58.0,135.0,185.0,EV_109,0.0,30,0.0,DR770601_3,57.85,51947.46,DR770601,179.24,0.0,60.3,D,SimuProB-4,EV_109
395.728,0.0,1.37,2000.0,0,4.06,1,80.68,4.14,32.0,-30.0,185.0,EV_109,0.02,40,60.0,DR770601_3,57.9,51947.54,DR770601,179.24,0.0,60.35,D,SimuProB-4,EV_109
391.328,40.0,1.37,2700.0,0,4.09,1,80.67,4.14,42.0,65.0,185.0,EV_109,0.0,50,0.0,DR770601_3,57.95,51947.66,DR770601,179.24,0.0,60.4,D,SimuProB-4,EV_109
382.047,65.0,1.37,3800.0,0,4.06,1,80.63,4.15,55.0,110.0,185.0,EV_109,0.0,60,0.0,DR770601_3,58.0,51947.81,DR770601,179.24,0.0,60.5,D,SimuProB-4,EV_109
394.908,0.0,1.37,2200.0,0,4.07,1,80.63,4.14,35.0,-25.0,185.0,EV_109,0.015,70,45.0,DR770601_3,58.05,51947.91,DR770601,179.24,0.0,60.55,D,SimuProB-4,EV_109
375.452,70.0,1.37,3600.0,0,4.04,1,80.6,4.15,52.0,145.0,185.0,EV_109,0.0,80,0.0,DR770601_3,58.1,51948.05,DR770601,179.24,0.0,60.6,D,SimuProB-4,EV_109
388.061,0.0,1.37,1600.0,0,4.05,1,80.6,4.14,25.0,-35.0,185.0,EV_109,0.025,90,75.0,DR770601_3,58.15,51948.12,DR770601,179.24,0.0,60.65,D,SimuProB-4,EV_109
398.498,15.0,1.37,500.0,0,4.08,1,80.59,4.13,8.0,5.0,185.0,EV_109,0.0,100,10.0,DR770601_3,58.2,51948.15,DR770601,179.24,0.0,60.7,D,SimuProB-4,EV_109
372.355,45.0,1.37,2100.0,0,4.03,1,80.57,4.14,32.0,95.0,185.0,EV_109,0.0,110,0.0,DR770601_3,58.32,51948.24,DR770601,179.24,0.0,60.82,D,SimuProB-4,EV_109
396.562,0.0,1.37,800.0,0,4.09,1,80.57,4.15,12.0,-18.0,185.0,EV_109,0.012,120,25.0,DR770601_3,58.36,51948.27,DR770601,179.24,0.0,60.85,D,SimuProB-4,EV_109
378.312,60.0,1.37,3200.0,0,4.02,1,80.56,4.15,48.0,135.0,185.0,EV_109,0.0,130,0.0,DR770601_3,58.48,51948.41,DR770601,179.24,0.0,60.98,D,SimuProB-4,EV_109
393.903,0.0,1.37,450.0,0,4.09,1,80.54,4.14,8.0,-12.0,185.0,EV_109,0.008,140,35.0,DR770601_3,58.52,51948.43,DR770601,179.24,0.0,61.02,D,SimuProB-4,EV_109
382.724,55.0,1.37,2200.0,0,4.04,1,80.54,4.15,35.0,110.0,185.0,EV_109,0.0,150,0.0,DR770601_3,58.6,51948.53,DR770601,179.24,0.0,61.1,D,SimuProB-4,EV_109
391.696,0.0,1.37,600.0,0,4.1,1,80.54,4.14,10.0,-25.0,185.0,EV_109,0.015,160,45.0,DR770601_3,58.65,51948.56,DR770601,179.24,0.0,61.15,D,SimuProB-4,EV_109
394.688,35.0,1.37,2400.0,0,4.1,1,80.53,4.14,38.0,15.0,185.0,EV_109,0.0,170,0.0,DR770601_3,58.72,51948.67,DR770601,179.24,0.0,61.22,D,SimuProB-4,EV_109
388.364,50.0,1.37,3500.0,0,4.08,1,80.52,4.15,52.0,85.0,185.0,EV_109,0.0,180,0.0,DR770601_3,58.85,51948.81,DR770601,179.24,0.0,61.35,D,SimuProB-4,EV_109
374.72,65.0,1.37,2800.0,0,4.01,1,80.5,4.15,42.0,145.0,185.0,EV_109,0.0,190,0.0,DR770601_3,59.0,51948.93,DR770601,179.24,0.0,61.5,D,SimuProB-4,EV_109
385.49,45.0,1.37,3100.0,0,4.06,1,80.48,4.15,48.0,95.0,185.0,EV_109,0.0,200,0.0,DR770601_3,59.1,51949.06,DR770601,179.24,0.0,61.6,D,SimuProB-4,EV_109
378.294,60.0,1.37,2600.0,0,4.03,1,80.45,4.15,40.0,135.0,185.0,EV_109,0.0,210,0.0,DR770601_3,59.25,51949.17,DR770601,179.24,0.0,61.75,D,SimuProB-4,EV_109
392.568,0.0,1.37,900.0,0,4.11,1,80.45,4.15,15.0,-28.0,185.0,EV_109,0.018,220,55.0,DR770601_3,59.3,51949.22,DR770601,179.24,0.0,61.8,D,SimuProB-4,EV_109
381.841,40.0,1.37,2500.0,0,4.09,1,80.41,4.14,38.0,75.0,185.0,EV_109,0.0,230,0.0,DR770601_3,59.4,51949.33,DR770601,179.24,0.0,61.85,D,SimuProB-4,EV_109
375.854,55.0,1.37,2100.0,0,4.05,1,80.4,4.15,32.0,110.0,185.0,EV_109,0.0,240,0.0,DR770601_3,59.5,51949.41,DR770601,179.24,0.0,61.95,D,SimuProB-4,EV_109
396.016,0.0,1.37,800.0,0,4.12,1,80.4,4.15,12.0,-35.0,185.0,EV_109,0.022,250,70.0,DR770601_3,59.6,51949.45,DR770601,179.24,0.0,62.0,D,SimuProB-4,EV_109
372.961,50.0,1.37,2300.0,0,4.04,1,80.37,4.15,35.0,125.0,185.0,EV_109,0.0,260,0.0,DR770601_3,59.7,51949.55,DR770601,179.24,0.0,62.15,D,SimuProB-4,EV_109
394.383,0.0,1.37,550.0,0,4.1,1,80.37,4.15,8.0,-38.0,185.0,EV_109,0.025,270,65.0,DR770601_3,59.8,51949.57,DR770601,179.24,0.0,62.2,D,SimuProB-4,EV_109
380.258,45.0,1.37,1900.0,0,4.08,1,80.35,4.14,28.0,85.0,185.0,EV_109,0.0,280,0.0,DR770601_3,59.9,51949.65,DR770601,179.24,0.0,62.35,D,SimuProB-4,EV_109
373.544,40.0,1.37,2000.0,0,4.07,1,80.33,4.14,30.0,95.0,185.0,EV_109,0.0,290,0.0,DR770601_3,60.0,51949.73,DR770601,179.24,0.0,62.5,D,SimuProB-4,EV_109
365.067,65.0,1.37,3200.0,0,4.03,1,80.31,4.15,45.0,140.0,185.0,EV_109,0.0,300,0.0,DR770601_3,60.2,51949.86,DR770601,179.24,0.0,62.7,D,SimuProB-4,EV_109
378.287,0.0,1.37,1000.0,0,4.11,1,80.28,4.15,15.0,-25.0,185.0,EV_109,0.02,310,45.0,DR770601_3,60.3,51949.9,DR770601,179.24,0.0,62.8,D,SimuProB-4,EV_109
382.368,0.0,1.37,250.0,0,4.12,1,80.25,4.15,5.0,-30.0,185.0,EV_109,0.022,320,85.0,DR770601_3,60.4,51949.91,DR770601,179.24,0.0,62.9,D,SimuProB-4,EV_109
390.336,35.0,1.37,1500.0,0,4.09,1,80.24,4.14,22.0,60.0,185.0,EV_109,0.0,330,0.0,DR770601_3,60.5,51949.98,DR770601,179.24,0.0,63.0,D,SimuProB-4,EV_109
387.678,25.0,1.37,1200.0,0,4.1,1,80.23,4.14,18.0,45.0,185.0,EV_109,0.0,340,5.0,DR770601_3,60.6,51950.03,DR770601,179.24,0.0,63.1,D,SimuProB-4,EV_109
386.004,28.0,1.37,1300.0,0,4.1,1,80.21,4.14,20.0,42.0,185.0,EV_109,0.0,350,0.0,DR770601_3,60.65,51950.09,DR770601,179.24,0.0,63.15,D,SimuProB-4,EV_109
384.602,38.0,1.37,1800.0,0,4.09,1,80.19,4.14,28.0,55.0,185.0,EV_109,0.0,360,0.0,DR770601_3,60.7,51950.16,DR770601,179.24,0.0,63.2,D,SimuProB-4,EV_109
381.172,52.0,1.37,2600.0,0,4.08,1,80.17,4.15,40.0,75.0,185.0,EV_109,0.0,370,0.0,DR770601_3,60.8,51950.27,DR770601,179.24,0.0,63.3,D,SimuProB-4,EV_109
383.984,0.0,1.37,1450.0,0,4.1,1,80.16,4.16,22.0,-25.0,185.0,EV_109,0.015,380,45.0,DR770601_3,60.85,51950.33,DR770601,179.24,0.0,63.35,D,SimuProB-4,EV_109
386.382,5.0,1.37,550.0,0,4.11,1,80.15,4.15,8.0,12.0,185.0,EV_109,0.0,390,0.0,DR770601_3,60.9,51950.35,DR770601,179.24,0.0,63.4,D,SimuProB-4,EV_109
384.558,20.0,1.37,950.0,0,4.1,1,80.14,4.15,15.0,35.0,185.0,EV_109,0.0,400,0.0,DR770601_3,60.95,51950.39,DR770601,179.24,0.0,63.45,D,SimuProB-4,EV_109
382.076,45.0,1.37,1900.0,0,4.08,1,80.1,4.15,30.0,65.0,185.0,EV_109,0.0,410,0.0,DR770601_3,61.0,51950.47,DR770601,179.24,0.0,63.5,D,SimuProB-4,EV_109
379.467,60.0,1.37,3100.0,0,4.06,1,80.08,4.16,48.0,95.0,185.0,EV_109,0.0,420,0.0,DR770601_3,61.1,51950.61,DR770601,179.24,0.0,63.6,D,SimuProB-4,EV_109
385.167,0.0,1.37,750.0,0,4.11,1,80.06,4.17,12.0,-30.0,185.0,EV_109,0.018,430,65.0,DR770601_3,61.15,51950.64,DR770601,179.24,0.0,63.65,D,SimuProB-4,EV_109
391.951,35.0,1.37,1600.0,0,4.13,1,80.05,4.18,25.0,45.0,185.0,EV_109,0.0,440,0.0,DR770601_3,61.2,51950.71,DR770601,179.24,0.0,63.7,D,SimuProB-4,EV_109
387.764,55.0,1.37,2700.0,0,4.11,1,80.02,4.16,42.0,75.0,185.0,EV_109,0.0,450,0.0,DR770601_3,61.3,51950.83,DR770601,179.24,0.0,63.8,D,SimuProB-4,EV_109
389.67,0.0,1.37,1100.0,0,4.14,1,80.01,4.19,18.0,-25.0,185.0,EV_109,0.015,460,50.0,DR770601_3,61.35,51950.88,DR770601,179.24,0.0,63.85,D,SimuProB-4,EV_109
383.553,70.0,1.37,3800.0,0,4.08,1,79.99,4.15,55.0,110.0,185.0,EV_109,0.0,470,0.0,DR770601_3,61.4,51951.03,DR770601,179.24,0.0,63.9,D,SimuProB-4,EV_109
392.16,0.0,1.37,950.0,0,4.12,1,79.99,4.18,15.0,-35.0,185.0,EV_109,0.022,480,75.0,DR770601_3,61.42,51951.07,DR770601,179.24,0.0,63.92,D,SimuProB-4,EV_109
386.351,50.0,1.37,2400.0,0,4.1,1,79.98,4.16,38.0,85.0,185.0,EV_109,0.0,490,0.0,DR770601_3,61.45,51951.18,DR770601,179.24,0.0,63.95,D,SimuProB-4,EV_109
388.793,0.0,1.37,350.0,0,4.13,1,79.96,4.19,5.0,-42.0,185.0,EV_109,0.028,500,85.0,DR770601_3,61.5,51951.19,DR770601,179.24,0.0,64.0,D,SimuProB-4,EV_109
390.498,15.0,1.37,800.0,0,4.12,1,79.96,4.17,12.0,12.0,185.0,EV_109,0.0,510,0.0,DR770601_3,61.55,51951.23,DR770601,179.24,0.0,64.05,D,SimuProB-4,EV_109
385.36,45.0,1.37,1800.0,0,4.09,1,79.96,4.16,28.0,65.0,185.0,EV_109,0.0,520,0.0,DR770601_3,61.6,51951.31,DR770601,179.24,0.0,64.1,D,SimuProB-4,EV_109
384.346,48.0,1.37,2100.0,0,4.1,1,79.93,4.17,32.0,72.0,185.0,EV_109,0.0,530,0.0,DR770601_3,61.65,51951.4,DR770601,179.24,0.0,64.15,D,SimuProB-4,EV_109
378.044,0.0,1.37,1100.0,0,4.11,1,79.93,4.18,18.0,-28.0,185.0,EV_109,0.018,540,45.0,DR770601_3,61.7,51951.45,DR770601,179.24,0.0,64.2,D,SimuProB-4,EV_109
383.533,35.0,1.37,1600.0,0,4.09,1,79.9,4.16,25.0,55.0,185.0,EV_109,0.0,550,0.0,DR770601_3,61.8,51951.52,DR770601,179.24,0.0,64.3,D,SimuProB-4,EV_109
379.675,50.0,1.37,2400.0,0,4.08,1,79.88,4.17,35.0,68.0,185.0,EV_109,0.0,560,0.0,DR770601_3,61.9,51951.62,DR770601,179.24,0.0,64.4,D,SimuProB-4,EV_109
392.465,0.0,1.37,900.0,0,4.1,1,79.88,4.18,15.0,-35.0,185.0,EV_109,0.022,570,60.0,DR770601_3,62.0,51951.66,DR770601,179.24,0.0,64.3,D,SimuProB-4,EV_109
388.2,5.0,1.37,300.0,0,4.11,1,79.88,4.16,5.0,8.5,185.0,EV_109,0.0,580,10.0,DR770601_3,62.1,51951.67,DR770601,179.24,0.0,64.4,D,SimuProB-4,EV_109
385.254,30.0,1.37,1400.0,0,4.1,1,79.86,4.17,22.0,45.0,185.0,EV_109,0.0,590,0.0,DR770601_3,62.2,51951.73,DR770601,179.24,0.0,64.5,D,SimuProB-4,EV_109
372.904,65.0,1.37,2800.0,0,4.08,1,79.86,4.18,40.0,85.0,185.0,EV_109,0.0,600,0.0,DR770601_3,62.3,51951.84,DR770601,179.24,0.0,64.6,D,SimuProB-4,EV_109
380.562,0.0,1.37,750.0,0,4.11,1,79.85,4.19,12.0,-32.0,185.0,EV_109,0.02,610,55.0,DR770601_3,62.3,51951.88,DR770601,179.24,0.0,64.6,D,SimuProB-4,EV_109
384.095,25.0,1.37,1600.0,0,4.1,1,79.85,4.17,25.0,12.5,185.0,EV_109,0.0,620,0.0,DR770601_3,62.4,51951.95,DR770601,179.24,0.0,64.7,D,SimuProB-4,EV_109
378.581,50.0,1.37,2600.0,0,4.09,1,79.84,4.18,38.0,55.0,185.0,EV_109,0.0,630,0.0,DR770601_3,62.5,51952.06,DR770601,179.24,0.0,64.8,D,SimuProB-4,EV_109
382.405,0.0,1.37,600.0,0,4.11,1,79.83,4.19,10.0,-28.0,185.0,EV_109,0.018,640,45.0,DR770601_3,62.6,51952.08,DR770601,179.24,0.0,64.9,D,SimuProB-4,EV_109
374.911,70.0,1.37,3400.0,0,4.08,1,79.8,4.18,48.0,95.0,185.0,EV_109,0.0,650,0.0,DR770601_3,62.7,51952.21,DR770601,179.24,0.0,64.9,D,SimuProB-4,EV_109
384.734,0.0,1.37,900.0,0,4.12,1,79.8,4.19,15.0,-38.0,185.0,EV_109,0.025,660,65.0,DR770601_3,62.8,51952.25,DR770601,179.24,0.0,65.0,D,SimuProB-4,EV_109
380.146,40.0,1.37,2100.0,0,4.1,1,79.78,4.18,32.0,45.0,185.0,EV_109,0.0,670,0.0,DR770601_3,62.9,51952.34,DR770601,179.24,0.0,65.0,D,SimuProB-4,EV_109
376.395,45.0,1.37,2300.0,0,4.09,1,79.75,4.17,35.0,62.0,185.0,EV_109,0.0,680,0.0,DR770601_3,63.0,51952.44,DR770601,179.24,0.0,65.0,D,SimuProB-4,EV_109
372.992,75.0,1.37,3800.0,0,4.07,1,79.72,4.18,52.0,110.0,185.0,EV_109,0.0,690,0.0,DR770601_3,63.1,51952.58,DR770601,179.24,0.0,65.0,D,SimuProB-4,EV_109
381.279,0.0,1.37,700.0,0,4.11,1,79.72,4.19,12.0,-35.0,185.0,EV_109,0.022,700,55.0,DR770601_3,63.2,51952.61,DR770601,179.24,0.0,65.0,D,SimuProB-4,EV_109
374.364,35.0,1.37,1500.0,0,4.1,1,79.69,4.18,25.0,42.0,185.0,EV_109,0.0,710,0.0,DR770601_3,63.3,51952.68,DR770601,179.24,0.0,65.0,D,SimuProB-4,EV_109
370.49,60.0,1.37,2800.0,0,4.08,1,79.69,4.19,45.0,85.0,185.0,EV_109,0.0,720,0.0,DR770601_3,63.4,51952.8,DR770601,179.24,0.0,65.0,D,SimuProB-4,EV_109
378.607,0.0,1.37,500.0,0,4.13,1,79.68,4.2,8.0,-28.0,185.0,EV_109,0.018,730,50.0,DR770601_3,63.5,51952.83,DR770601,179.24,0.0,65.0,D,SimuProB-4,EV_109
368.991,65.0,1.37,3000.0,0,4.07,1,79.66,4.19,48.0,95.0,185.0,EV_109,0.0,740,0.0,DR770601_3,63.6,51952.96,DR770601,179.24,0.0,65.0,D,SimuProB-4,EV_109
375.444,0.0,1.37,1100.0,0,4.12,1,79.66,4.2,18.0,-38.0,185.0,EV_109,0.025,750,60.0,DR770601_3,63.7,51953.01,DR770601,179.24,0.0,65.0,D,SimuProB-4,EV_109
373.376,30.0,1.37,1350.0,0,4.09,1,79.63,4.18,22.0,25.0,185.0,EV_109,0.0,760,0.0,DR770601_3,63.8,51953.07,DR770601,179.24,0.0,65.0,D,SimuProB-4,EV_109
370.744,70.0,1.37,3300.0,0,4.1,1,79.6,4.2,52.0,110.0,185.0,EV_109,0.0,770,0.0,DR770601_3,63.9,51953.21,DR770601,179.24,0.0,65.0,D,SimuProB-4,EV_109
376.799,0.0,1.37,950.0,0,4.14,1,79.6,4.21,15.0,-32.0,185.0,EV_109,0.022,780,55.0,DR770601_3,64.0,51953.26,DR770601,179.24,0.0,65.0,D,SimuProB-4,EV_109
369.786,55.0,1.37,2650.0,0,4.08,1,79.59,4.2,42.0,92.0,185.0,EV_109,0.0,790,0.0,DR770601_3,64.1,51953.37,DR770601,179.24,0.0,65.0,D,SimuProB-4,EV_109
367.919,50.0,1.37,3050.0,0,4.11,1,79.58,4.19,48.0,85.0,185.0,EV_109,0.0,800,0.0,DR770601_3,64.2,51953.5,DR770601,179.24,0.0,65.0,D,SimuProB-4,EV_109
378.734,0.0,1.37,600.0,0,4.15,1,79.55,4.22,10.0,-28.0,185.0,EV_109,0.018,810,45.0,DR770601_3,64.3,51953.53,DR770601,179.24,0.0,65.0,D,SimuProB-4,EV_109
372.565,35.0,1.37,1600.0,0,4.13,1,79.55,4.2,25.0,45.0,185.0,EV_109,0.0,820,0.0,DR770601_3,64.4,51953.6,DR770601,179.24,0.0,65.0,D,SimuProB-4,EV_109
368.474,40.0,1.37,2200.0,0,4.12,1,79.53,4.19,35.0,65.0,185.0,EV_109,0.0,830,0.0,DR770601_3,64.4,51953.7,DR770601,179.24,0.0,64.5,D,SimuProB-4,EV_109
372.186,0.0,1.37,950.0,0,4.13,1,79.5,4.2,15.0,-25.0,185.0,EV_109,0.015,840,30.0,DR770601_3,64.5,51953.74,DR770601,179.24,0.0,64.6,D,SimuProB-4,EV_109
369.601,35.0,1.37,1900.0,0,4.11,1,79.49,4.18,30.0,55.0,185.0,EV_109,0.0,850,0.0,DR770601_3,64.5,51953.82,DR770601,179.24,0.0,64.7,D,SimuProB-4,EV_109
375.216,0.0,1.37,150.0,0,4.12,1,79.47,4.19,5.0,-18.0,185.0,EV_109,0.012,860,65.0,DR770601_3,64.55,51953.83,DR770601,179.24,0.0,64.75,D,SimuProB-4,EV_109
380.605,15.0,1.37,400.0,0,4.11,1,79.47,4.18,12.0,12.0,185.0,EV_109,0.0,870,0.0,DR770601_3,64.6,51953.87,DR770601,179.24,0.0,64.8,D,SimuProB-4,EV_109
373.971,30.0,1.37,1500.0,0,4.13,1,79.46,4.2,28.0,42.0,185.0,EV_109,0.0,880,0.0,DR770601_3,64.65,51953.94,DR770601,179.24,0.0,64.9,D,SimuProB-4,EV_109
378.56,25.0,1.37,1100.0,0,4.12,1,79.44,4.19,22.0,25.0,185.0,EV_109,0.0,890,0.0,DR770601_3,64.6,51954.0,DR770601,179.24,0.0,64.9,D,SimuProB-4,EV_109
373.897,0.0,1.37,300.0,0,4.12,1,79.42,4.2,8.0,-35.0,185.0,EV_109,0.025,900,85.0,DR770601_3,64.6,51954.02,DR770601,179.24,0.0,64.9,D,SimuProB-4,EV_109
376.542,20.0,1.37,600.0,0,4.11,1,79.42,4.19,15.0,18.0,185.0,EV_109,0.0,910,0.0,DR770601_3,64.65,51954.07,DR770601,179.24,0.0,64.95,D,SimuProB-4,EV_109
373.764,25.0,1.37,800.0,0,4.115,1,79.4,4.195,20.0,35.0,185.0,EV_109,0.0,920,0.0,DR770601_3,64.7,51954.13,DR770601,179.24,0.0,65.0,D,SimuProB-4,EV_109
379.631,10.0,1.37,500.0,0,4.12,1,79.4,4.19,12.0,15.0,185.0,EV_109,0.0,930,0.0,DR770601_3,64.75,51954.16,DR770601,179.24,0.0,65.0,D,SimuProB-4,EV_109
373.131,45.0,1.37,1800.0,0,4.11,1,79.39,4.205,35.0,55.0,185.0,EV_109,0.0,940,0.0,DR770601_3,64.7,51954.26,DR770601,179.24,0.0,65.0,D,SimuProB-4,EV_109
388.453,60.0,1.37,2800.0,0,4.1,1,79.37,4.21,45.0,75.0,185.0,EV_109,0.0,950,0.0,DR770601_3,64.75,51954.39,DR770601,179.24,0.0,65.0,D,SimuProB-4,EV_109
371.853,0.0,1.37,400.0,0,4.12,1,79.37,4.2,10.0,-25.0,185.0,EV_109,0.022,960,75.0,DR770601_3,64.7,51954.41,DR770601,179.24,0.0,65.0,D,SimuProB-4,EV_109
374.284,15.0,1.37,700.0,0,4.11,1,79.34,4.19,18.0,12.0,185.0,EV_109,0.0,970,0.0,DR770601_3,64.75,51954.46,DR770601,179.24,0.0,65.0,D,SimuProB-4,EV_109
375.105,35.0,1.37,1600.0,0,4.11,1,79.32,4.2,28.0,45.0,185.0,EV_109,0.0,980,0.0,DR770601_3,64.75,51954.54,DR770601,179.24,0.0,65.0,D,SimuProB-4,EV_109
368.246,55.0,1.37,2600.0,0,4.09,1,79.28,4.215,42.0,85.0,185.0,EV_109,0.0,990,0.0,DR770601_3,64.7,51954.65,DR770601,179.24,0.0,65.0,D,SimuProB-4,EV_109
373.029,0.0,1.37,200.0,0,4.13,1,79.28,4.21,5.0,-32.0,185.0,EV_109,0.018,1000,85.0,DR770601_3,64.75,51954.67,DR770601,179.24,0.0,65.0,D,SimuProB-4,EV_109
378.884,10.0,1.37,600.0,0,4.1,1,79.27,4.18,12.0,5.0,185.0,EV_109,0.0,1010,0.0,DR770601_3,64.8,51954.7,DR770601,179.24,0.0,65.0,D,SimuProB-4,EV_109
372.154,30.0,1.37,1400.0,0,4.12,1,79.25,4.2,25.0,55.0,185.0,EV_109,0.0,1020,0.0,DR770601_3,64.85,51954.77,DR770601,179.24,0.0,65.0,D,SimuProB-4,EV_109
369.357,45.0,1.37,2200.0,0,4.13,1,79.25,4.21,38.0,75.0,185.0,EV_109,0.0,1030,0.0,DR770601_3,64.9,51954.88,DR770601,179.24,0.0,65.0,D,SimuProB-4,EV_109
364.878,70.0,1.37,3800.0,0,4.08,1,79.23,4.22,52.0,120.0,185.0,EV_109,0.0,1040,0.0,DR770601_3,64.9,51955.02,DR770601,179.24,0.0,65.0,D,SimuProB-4,EV_109
370.42,0.0,1.37,800.0,0,4.14,1,79.23,4.24,15.0,-25.0,185.0,EV_109,0.015,1050,60.0,DR770601_3,64.92,51955.07,DR770601,179.24,0.0,65.0,D,SimuProB-4,EV_109
363.278,75.0,1.37,4200.0,0,4.05,1,79.23,4.23,58.0,145.0,185.0,EV_109,0.0,1060,0.0,DR770601_3,64.95,51955.23,DR770601,179.24,0.0,65.0,D,SimuProB-4,EV_109
356.817,55.0,1.37,3200.0,0,4.1,1,79.22,4.18,50.0,110.0,185.0,EV_109,0.0,1070,0.0,DR770601_3,41.2,51955.37,DR770601,179.24,0.0,42.5,D,SimuProB-4,EV_109
384.798,15.0,1.37,1800.0,0,4.11,1,79.19,4.15,28.0,25.0,185.0,EV_109,0.012,1080,10.0,DR770601_3,41.3,51955.45,DR770601,179.24,0.0,42.6,D,SimuProB-4,EV_109
398.187,0.0,1.37,300.0,0,4.12,1,79.19,4.14,5.0,5.0,185.0,EV_109,0.0,1090,45.0,DR770601_3,41.3,51955.46,DR770601,179.24,0.0,42.6,D,SimuProB-4,EV_109
385.662,35.0,1.37,1400.0,0,4.11,1,79.16,4.16,22.0,65.0,185.0,EV_109,0.0,1100,0.0,DR770601_3,41.4,51955.52,DR770601,179.24,0.0,42.7,D,SimuProB-4,EV_109
396.484,10.0,1.37,600.0,0,4.12,1,79.16,4.15,10.0,12.0,185.0,EV_109,0.0,1110,15.0,DR770601_3,41.5,51955.55,DR770601,179.24,0.0,42.8,D,SimuProB-4,EV_109
372.329,45.0,1.37,2000.0,0,4.1,1,79.15,4.18,32.0,85.0,185.0,EV_109,0.0,1120,0.0,DR770601_3,41.6,51955.64,DR770601,179.24,0.0,42.9,D,SimuProB-4,EV_109
388.444,25.0,1.37,1100.0,0,4.12,1,79.14,4.16,18.0,45.0,185.0,EV_109,0.0,1130,0.0,DR770601_3,41.7,51955.69,DR770601,179.24,0.0,43.0,D,SimuProB-4,EV_109
398.642,0.0,1.37,350.0,0,4.13,1,79.12,4.15,6.0,8.0,185.0,EV_109,0.0,1140,35.0,DR770601_3,41.8,51955.71,DR770601,179.24,0.0,43.1,D,SimuProB-4,EV_109
382.095,40.0,1.37,1700.0,0,4.11,1,79.1,4.18,28.0,75.0,185.0,EV_109,0.0,1150,0.0,DR770601_3,41.9,51955.78,DR770601,179.24,0.0,43.2,D,SimuProB-4,EV_109
399.261,0.0,1.37,0.0,0,4.13,1,79.08,4.15,0.0,14.5,185.0,EV_109,0.0,1160,85.0,DR770601_3,42.0,51955.78,DR770601,179.24,0.0,43.3,D,SimuProB-4,EV_109
405.51,35.0,1.37,750.0,0,4.13,1,79.08,4.16,12.0,55.0,185.0,EV_109,0.0,1170,0.0,DR770601_3,42.1,51955.81,DR770601,179.24,0.0,43.4,D,SimuProB-4,EV_109
386.095,0.0,1.37,200.0,0,4.12,1,79.07,4.14,4.0,-28.0,185.0,EV_109,0.012,1180,60.0,DR770601_3,42.0,51955.82,DR770601,179.24,0.0,43.3,D,SimuProB-4,EV_109
401.772,30.0,1.37,1400.0,0,4.13,1,79.04,4.16,22.0,45.0,185.0,EV_109,0.0,1190,0.0,DR770601_3,42.2,51955.88,DR770601,179.24,0.0,43.5,D,SimuProB-4,EV_109
395.006,55.0,1.37,2500.0,0,4.11,1,79.04,4.17,38.0,85.0,185.0,EV_109,0.0,1200,0.0,DR770601_3,42.4,51955.99,DR770601,179.24,0.0,43.7,D,SimuProB-4,EV_109
408.372,0.0,1.37,900.0,0,4.13,1,79.04,4.15,15.0,-35.0,185.0,EV_109,0.018,1210,45.0,DR770601_3,42.3,51956.03,DR770601,179.24,0.0,43.6,D,SimuProB-4,EV_109
404.631,45.0,1.37,2800.0,0,4.12,1,79.02,4.16,42.0,65.0,185.0,EV_109,0.0,1220,0.0,DR770601_3,42.5,51956.15,DR770601,179.24,0.0,43.8,D,SimuProB-4,EV_109
408.895,0.0,1.37,1100.0,0,4.13,1,79.02,4.15,18.0,-30.0,185.0,EV_109,0.015,1230,55.0,DR770601_3,42.4,51956.2,DR770601,179.24,0.0,43.7,D,SimuProB-4,EV_109
401.594,50.0,1.37,2300.0,0,4.11,1,79.0,4.17,35.0,75.0,185.0,EV_109,0.0,1240,0.0,DR770601_3,42.7,51956.29,DR770601,179.24,0.0,44.0,D,SimuProB-4,EV_109
392.525,65.0,1.37,3100.0,0,4.1,1,78.97,4.16,45.0,95.0,185.0,EV_109,0.0,1250,0.0,DR770601_3,42.8,51956.42,DR770601,179.24,0.0,44.1,D,SimuProB-4,EV_109
406.685,0.0,1.37,1400.0,0,4.12,1,78.97,4.14,22.0,-25.0,185.0,EV_109,0.012,1260,35.0,DR770601_3,42.7,51956.48,DR770601,179.24,0.0,44.0,D,SimuProB-4,EV_109
394.372,50.0,1.37,2600.0,0,4.11,1,78.95,4.17,38.0,80.0,185.0,EV_109,0.0,1270,0.0,DR770601_3,42.9,51956.58,DR770601,179.24,0.0,44.2,D,SimuProB-4,EV_109
412.999,40.0,1.37,2800.0,0,4.12,1,78.94,4.14,42.0,12.0,185.0,EV_109,0.0,0,0.0,DR770601_4,43.0,51956.7,DR770601,179.24,0.0,44.3,D,SimuProB-4,EV_109
387.966,60.0,1.37,3800.0,0,4.1,1,78.91,4.16,55.0,110.0,185.0,EV_109,0.0,10,0.0,DR770601_4,43.2,51956.85,DR770601,179.24,0.0,44.5,D,SimuProB-4,EV_109
405.923,0.0,1.37,1600.0,0,4.13,1,78.9,4.15,25.0,-18.0,185.0,EV_109,0.018,20,45.0,DR770601_4,43.3,51956.92,DR770601,179.24,0.0,44.6,D,SimuProB-4,EV_109
401.905,35.0,1.37,2700.0,0,4.12,1,78.88,4.15,40.0,45.0,185.0,EV_109,0.0,30,0.0,DR770601_4,43.4,51957.03,DR770601,179.24,0.0,44.7,D,SimuProB-4,EV_109
388.999,55.0,1.37,3600.0,0,4.1,1,78.86,4.16,52.0,95.0,185.0,EV_109,0.0,40,0.0,DR770601_4,43.5,51957.18,DR770601,179.24,0.0,44.8,D,SimuProB-4,EV_109
408.051,0.0,1.37,900.0,0,4.13,1,78.85,4.15,15.0,-30.0,185.0,EV_109,0.02,50,60.0,DR770601_4,43.6,51957.22,DR770601,179.24,0.0,44.9,D,SimuProB-4,EV_109
398.04,30.0,1.37,2300.0,0,4.12,1,78.85,4.15,35.0,55.0,185.0,EV_109,0.0,60,0.0,DR770601_4,43.7,51957.32,DR770601,179.24,0.0,45.0,D,SimuProB-4,EV_109
392.214,45.0,1.37,3100.0,0,4.1,1,78.85,4.16,45.0,85.0,185.0,EV_109,0.0,70,0.0,DR770601_4,43.9,51957.44,DR770601,179.24,0.0,45.2,D,SimuProB-4,EV_109
404.039,0.0,1.37,1200.0,0,4.13,1,78.83,4.15,18.0,-15.0,185.0,EV_109,0.015,80,35.0,DR770601_4,44.0,51957.49,DR770601,179.24,0.0,45.3,D,SimuProB-4,EV_109
385.253,65.0,1.37,3850.0,0,4.11,1,78.82,4.15,55.0,110.0,185.0,EV_109,0.0,90,0.0,DR770601_4,44.1,51957.64,DR770601,179.24,0.0,45.4,D,SimuProB-4,EV_109
395.809,0.0,1.37,700.0,0,4.12,1,78.8,4.14,10.0,-25.0,185.0,EV_109,0.025,100,55.0,DR770601_4,44.1,51957.67,DR770601,179.24,0.0,45.4,D,SimuProB-4,EV_109
390.139,25.0,1.37,1600.0,0,4.12,1,78.8,4.15,25.0,45.0,185.0,EV_109,0.0,110,0.0,DR770601_4,44.2,51957.74,DR770601,179.24,0.0,45.5,D,SimuProB-4,EV_109
398.729,35.0,1.37,2300.0,0,4.12,1,78.79,4.15,35.0,12.0,185.0,EV_109,0.0,120,0.0,DR770601_4,44.3,51957.84,DR770601,179.24,0.0,45.6,D,SimuProB-4,EV_109
382.089,55.0,1.37,3300.0,0,4.1,1,78.77,4.16,48.0,135.0,185.0,EV_109,0.0,130,0.0,DR770601_4,44.4,51957.97,DR770601,179.24,0.0,45.8,D,SimuProB-4,EV_109
396.373,0.0,1.37,850.0,0,4.13,1,78.77,4.15,12.0,-30.0,185.0,EV_109,0.028,140,60.0,DR770601_4,44.5,51958.0,DR770601,179.24,0.0,45.9,D,SimuProB-4,EV_109
394.228,40.0,1.37,2700.0,0,4.11,1,78.74,4.14,42.0,55.0,185.0,EV_109,0.0,150,0.0,DR770601_4,44.6,51958.12,DR770601,179.24,0.0,46.0,D,SimuProB-4,EV_109
388.341,65.0,1.37,3900.0,0,4.1,1,78.72,4.15,58.0,110.0,185.0,EV_109,0.0,160,0.0,DR770601_4,44.7,51958.28,DR770601,179.24,0.0,46.1,D,SimuProB-4,EV_109
402.545,0.0,1.37,1900.0,0,4.13,1,78.7,4.15,30.0,-35.0,185.0,EV_109,0.028,170,45.0,DR770601_4,44.8,51958.36,DR770601,179.24,0.0,46.2,D,SimuProB-4,EV_109
391.579,50.0,1.37,3500.0,0,4.12,1,78.69,4.15,52.0,95.0,185.0,EV_109,0.0,180,0.0,DR770601_4,44.9,51958.5,DR770601,179.24,0.0,46.3,D,SimuProB-4,EV_109
398.33,0.0,1.37,950.0,0,4.12,1,78.68,4.14,15.0,-25.0,185.0,EV_109,0.025,190,55.0,DR770601_4,45.0,51958.55,DR770601,179.24,0.0,46.4,D,SimuProB-4,EV_109
392.766,45.0,1.37,2900.0,0,4.12,1,78.68,4.15,45.0,85.0,185.0,EV_109,0.0,200,0.0,DR770601_4,45.1,51958.67,DR770601,179.24,0.0,46.5,D,SimuProB-4,EV_109
389.782,55.0,1.37,3100.0,0,4.11,1,78.66,4.15,48.0,125.0,185.0,EV_109,0.0,210,0.0,DR770601_4,45.12,51958.8,DR770601,179.24,0.0,46.55,D,SimuProB-4,EV_109
396.068,0.0,1.37,1400.0,0,4.13,1,78.66,4.15,22.0,-32.0,185.0,EV_109,0.027,220,50.0,DR770601_4,45.15,51958.86,DR770601,179.24,0.0,46.6,D,SimuProB-4,EV_109
389.729,48.0,1.37,2700.0,0,4.12,1,78.65,4.15,42.0,98.0,185.0,EV_109,0.0,230,0.0,DR770601_4,45.2,51958.98,DR770601,179.24,0.0,46.68,D,SimuProB-4,EV_109
385.498,60.0,1.37,3400.0,0,4.1,1,78.63,4.15,52.0,145.0,185.0,EV_109,0.0,240,0.0,DR770601_4,45.25,51959.12,DR770601,179.24,0.0,46.75,D,SimuProB-4,EV_109
390.468,0.0,1.37,1800.0,0,4.13,1,78.62,4.15,28.0,-35.0,185.0,EV_109,0.029,250,65.0,DR770601_4,45.3,51959.2,DR770601,179.24,0.0,46.8,D,SimuProB-4,EV_109
388.703,42.0,1.37,2500.0,0,4.12,1,78.62,4.15,38.0,110.0,185.0,EV_109,0.0,260,0.0,DR770601_4,45.35,51959.31,DR770601,179.24,0.0,46.85,D,SimuProB-4,EV_109
383.618,65.0,1.37,4000.0,0,4.09,1,78.61,4.15,60.0,155.0,185.0,EV_109,0.0,270,0.0,DR770601_4,45.4,51959.48,DR770601,179.24,0.0,46.92,D,SimuProB-4,EV_109
375.282,0.0,1.37,1600.0,0,4.13,1,78.59,4.14,25.0,-38.0,185.0,EV_109,0.03,280,75.0,DR770601_4,45.42,51959.55,DR770601,179.24,0.0,46.95,D,SimuProB-4,EV_109
382.901,50.0,1.37,3000.0,0,4.11,1,78.57,4.15,45.0,120.0,185.0,EV_109,0.0,290,0.0,DR770601_4,45.45,51959.67,DR770601,179.24,0.0,47.0,D,SimuProB-4,EV_109
389.488,35.0,1.37,3400.0,0,4.11,1,78.53,4.15,52.0,95.0,185.0,EV_109,0.0,300,0.0,DR770601_4,45.48,51959.81,DR770601,179.24,0.0,47.05,D,SimuProB-4,EV_109
391.176,0.0,1.37,1900.0,0,4.14,1,78.52,4.15,30.0,-25.0,185.0,EV_109,0.02,310,45.0,DR770601_4,45.5,51959.9,DR770601,179.24,0.0,47.08,D,SimuProB-4,EV_109
385.213,48.0,1.37,2700.0,0,4.1,1,78.51,4.15,42.0,115.0,185.0,EV_109,0.0,320,0.0,DR770601_4,45.53,51960.01,DR770601,179.24,0.0,47.12,D,SimuProB-4,EV_109
382.442,65.0,1.37,3850.0,0,4.1,1,78.49,4.15,58.0,135.0,185.0,EV_109,0.0,330,0.0,DR770601_4,45.6,51960.17,DR770601,179.24,0.0,47.25,D,SimuProB-4,EV_109
395.849,0.0,1.37,1300.0,0,4.14,1,78.47,4.15,20.0,-32.0,185.0,EV_109,0.025,340,65.0,DR770601_4,45.72,51960.23,DR770601,179.24,0.0,47.38,D,SimuProB-4,EV_109
384.634,40.0,1.37,2200.0,0,4.12,1,78.46,4.15,35.0,85.0,185.0,EV_109,0.0,350,0.0,DR770601_4,45.78,51960.32,DR770601,179.24,0.0,47.45,D,SimuProB-4,EV_109
379.757,72.0,1.37,3650.0,0,4.11,1,78.44,4.15,55.0,165.0,185.0,EV_109,0.0,360,0.0,DR770601_4,45.85,51960.47,DR770601,179.24,0.0,47.52,D,SimuProB-4,EV_109
372.574,80.0,1.37,4100.0,0,4.09,1,78.43,4.15,62.0,195.0,185.0,EV_109,0.0,370,0.0,DR770601_4,45.92,51960.65,DR770601,179.24,0.0,47.65,D,SimuProB-4,EV_109
388.879,0.0,1.37,2300.0,0,4.13,1,78.42,4.15,35.0,-28.0,185.0,EV_109,0.022,380,55.0,DR770601_4,45.95,51960.74,DR770601,179.24,0.0,47.7,D,SimuProB-4,EV_109
392.399,15.0,1.37,1650.0,0,4.115,1,78.41,4.145,25.0,12.5,185.0,EV_109,0.0,390,0.0,DR770601_4,45.97,51960.81,DR770601,179.24,0.0,47.72,D,SimuProB-4,EV_109
398.028,25.0,1.37,2100.0,0,4.118,1,78.39,4.148,32.0,18.0,185.0,EV_109,0.0,400,0.0,DR770601_4,45.99,51960.9,DR770601,179.24,0.0,47.74,D,SimuProB-4,EV_109
385.612,65.0,1.37,2950.0,0,4.105,1,78.39,4.15,45.0,145.0,185.0,EV_109,0.0,410,0.0,DR770601_4,46.01,51961.02,DR770601,179.24,0.0,47.76,D,SimuProB-4,EV_109
396.32,35.0,1.37,2500.0,0,4.119,1,78.36,4.149,38.0,25.0,185.0,EV_109,0.0,420,0.0,DR770601_4,46.02,51961.13,DR770601,179.24,0.0,47.78,D,SimuProB-4,EV_109
393.592,60.0,1.37,3400.0,0,4.105,1,78.35,4.15,52.0,110.0,185.0,EV_109,0.0,430,0.0,DR770601_4,46.05,51961.27,DR770601,179.24,0.0,47.82,D,SimuProB-4,EV_109
388.355,40.0,1.37,2750.0,0,4.12,1,78.33,4.148,42.0,45.0,185.0,EV_109,0.0,440,0.0,DR770601_4,46.08,51961.39,DR770601,179.24,0.0,47.85,D,SimuProB-4,EV_109
382.938,60.0,1.37,3600.0,0,4.102,1,78.32,4.15,55.0,135.0,185.0,EV_109,0.0,450,0.0,DR770601_4,46.11,51961.54,DR770601,179.24,0.0,47.89,D,SimuProB-4,EV_109
388.165,0.0,1.37,980.0,0,4.125,1,78.31,4.145,15.0,-35.0,185.0,EV_109,0.018,460,65.0,DR770601_4,46.13,51961.58,DR770601,179.24,0.0,47.91,D,SimuProB-4,EV_109
394.537,10.0,1.37,520.0,0,4.115,1,78.29,4.148,8.0,12.5,185.0,EV_109,0.0,470,5.0,DR770601_4,46.15,51961.61,DR770601,179.24,0.0,47.93,D,SimuProB-4,EV_109
395.046,35.0,1.37,1650.0,0,4.11,1,78.27,4.15,25.0,45.0,185.0,EV_109,0.0,480,0.0,DR770601_4,46.17,51961.68,DR770601,179.24,0.0,47.95,D,SimuProB-4,EV_109
390.292,55.0,1.37,2450.0,0,4.105,1,78.26,4.148,38.0,85.0,185.0,EV_109,0.0,490,0.0,DR770601_4,46.22,51961.79,DR770601,179.24,0.0,48.02,D,SimuProB-4,EV_109
386.632,65.0,1.37,3100.0,0,4.095,1,78.25,4.15,48.0,120.0,185.0,EV_109,0.0,500,0.0,DR770601_4,46.28,51961.92,DR770601,179.24,0.0,48.08,D,SimuProB-4,EV_109
381.788,70.0,1.37,3400.0,0,4.085,1,78.23,4.15,52.0,145.0,185.0,EV_109,0.0,510,0.0,DR770601_4,46.35,51962.06,DR770601,179.24,0.0,48.15,D,SimuProB-4,EV_109
391.584,0.0,1.37,2250.0,0,4.115,1,78.22,4.145,35.0,-28.0,185.0,EV_109,0.015,520,55.0,DR770601_4,46.38,51962.16,DR770601,179.24,0.0,48.18,D,SimuProB-4,EV_109
389.411,40.0,1.37,1800.0,0,4.108,1,78.2,4.148,28.0,55.0,185.0,EV_109,0.0,530,0.0,DR770601_4,46.42,51962.24,DR770601,179.24,0.0,48.22,D,SimuProB-4,EV_109
382.122,60.0,1.37,2750.0,0,4.105,1,78.19,4.148,42.0,95.0,185.0,EV_109,0.0,540,0.0,DR770601_4,46.55,51962.36,DR770601,179.24,0.0,48.35,D,SimuProB-4,EV_109
385.107,25.0,1.37,1650.0,0,4.108,1,78.18,4.145,25.0,45.0,185.0,EV_109,0.0,550,5.0,DR770601_4,46.6,51962.43,DR770601,179.24,0.0,48.4,D,SimuProB-4,EV_109
392.363,0.0,1.37,800.0,0,4.12,1,78.17,4.15,12.0,-15.0,185.0,EV_109,0.008,560,35.0,DR770601_4,46.62,51962.46,DR770601,179.24,0.0,48.42,D,SimuProB-4,EV_109
388.993,30.0,1.37,1150.0,0,4.112,1,78.16,4.147,18.0,35.0,185.0,EV_109,0.0,570,0.0,DR770601_4,46.66,51962.51,DR770601,179.24,0.0,48.48,D,SimuProB-4,EV_109
383.254,55.0,1.37,2050.0,0,4.106,1,78.14,4.149,32.0,75.0,185.0,EV_109,0.0,580,0.0,DR770601_4,46.72,51962.6,DR770601,179.24,0.0,48.55,D,SimuProB-4,EV_109
387.155,0.0,1.37,650.0,0,4.125,1,78.13,4.15,10.0,-25.0,185.0,EV_109,0.012,590,45.0,DR770601_4,46.75,51962.63,DR770601,179.24,0.0,48.58,D,SimuProB-4,EV_109
382.853,45.0,1.37,2450.0,0,4.105,1,78.1,4.148,38.0,65.0,185.0,EV_109,0.0,600,0.0,DR770601_4,46.78,51962.74,DR770601,179.24,0.0,48.6,D,SimuProB-4,EV_109
380.22,65.0,1.37,3100.0,0,4.102,1,78.1,4.15,48.0,95.0,185.0,EV_109,0.0,610,0.0,DR770601_4,46.82,51962.87,DR770601,179.24,0.0,48.65,D,SimuProB-4,EV_109
385.318,0.0,1.37,1450.0,0,4.128,1,78.09,4.15,22.0,-35.0,185.0,EV_109,0.015,620,60.0,DR770601_4,46.84,51962.93,DR770601,179.24,0.0,48.67,D,SimuProB-4,EV_109
381.306,50.0,1.37,2900.0,0,4.101,1,78.07,4.149,45.0,85.0,185.0,EV_109,0.0,630,0.0,DR770601_4,46.86,51963.06,DR770601,179.24,0.0,48.69,D,SimuProB-4,EV_109
376.518,70.0,1.37,3600.0,0,4.098,1,78.07,4.15,55.0,110.0,185.0,EV_109,0.0,640,0.0,DR770601_4,46.89,51963.21,DR770601,179.24,0.0,48.72,D,SimuProB-4,EV_109
383.163,0.0,1.37,2200.0,0,4.122,1,78.06,4.148,35.0,-20.0,185.0,EV_109,0.008,650,30.0,DR770601_4,46.91,51963.31,DR770601,179.24,0.0,48.74,D,SimuProB-4,EV_109
381.394,15.0,1.37,650.0,0,4.105,1,78.05,4.15,10.0,15.0,185.0,EV_109,0.002,660,5.0,DR770601_4,46.92,51963.34,DR770601,179.24,0.0,48.75,D,SimuProB-4,EV_109
382.107,0.0,1.37,320.0,0,4.13,1,78.03,4.148,5.0,-25.0,185.0,EV_109,0.012,670,45.0,DR770601_4,46.93,51963.35,DR770601,179.24,0.0,48.76,D,SimuProB-4,EV_109
380.899,40.0,1.37,1600.0,0,4.102,1,78.02,4.15,25.0,60.0,185.0,EV_109,0.0,680,0.0,DR770601_4,46.94,51963.42,DR770601,179.24,0.0,48.77,D,SimuProB-4,EV_109
374.268,45.0,1.37,2700.0,0,4.1,1,77.99,4.15,42.0,85.0,185.0,EV_109,0.0,690,0.0,DR770601_4,47.06,51963.54,DR770601,179.24,0.0,48.89,D,SimuProB-4,EV_109
390.113,0.0,1.37,750.0,0,4.13,1,77.99,4.15,12.0,-35.0,185.0,EV_109,0.015,700,65.0,DR770601_4,47.08,51963.57,DR770601,179.24,0.0,48.91,D,SimuProB-4,EV_109
388.197,0.0,1.37,0.0,0,4.125,1,77.99,4.149,0.0,5.0,185.0,EV_109,0.0,710,100.0,DR770601_4,47.1,51963.57,DR770601,179.24,0.0,48.93,D,SimuProB-4,EV_109
385.588,25.0,1.37,1150.0,0,4.115,1,77.97,4.145,18.0,35.0,185.0,EV_109,0.0,720,0.0,DR770601_4,47.18,51963.62,DR770601,179.24,0.0,49.02,D,SimuProB-4,EV_109
377.962,45.0,1.37,2450.0,0,4.095,1,77.94,4.15,38.0,75.0,185.0,EV_109,0.0,730,0.0,DR770601_4,47.25,51963.73,DR770601,179.24,0.0,49.11,D,SimuProB-4,EV_109
390.225,0.0,1.37,600.0,0,4.135,1,77.94,4.15,10.0,-15.0,185.0,EV_109,0.008,740,55.0,DR770601_4,47.28,51963.75,DR770601,179.24,0.0,49.15,D,SimuProB-4,EV_109
382.195,35.0,1.37,1900.0,0,4.118,1,77.91,4.148,30.0,45.0,185.0,EV_109,0.0,750,0.0,DR770601_4,47.35,51963.83,DR770601,179.24,0.0,49.22,D,SimuProB-4,EV_109
375.289,55.0,1.37,2700.0,0,4.09,1,77.87,4.15,42.0,85.0,185.0,EV_109,0.0,760,0.0,DR770601_4,47.42,51963.95,DR770601,179.24,0.0,49.35,D,SimuProB-4,EV_109
388.3,0.0,1.37,950.0,0,4.125,1,77.87,4.145,15.0,-25.0,185.0,EV_109,0.022,770,45.0,DR770601_4,47.45,51963.99,DR770601,179.24,0.0,49.38,D,SimuProB-4,EV_109
376.074,58.0,1.37,2850.0,0,4.092,1,77.8,4.148,45.0,82.0,185.0,EV_109,0.0,780,0.0,DR770601_4,47.48,51964.11,DR770601,179.24,0.0,49.42,D,SimuProB-4,EV_109
385.231,0.0,1.37,700.0,0,4.122,1,77.8,4.145,12.0,-30.0,185.0,EV_109,0.025,790,65.0,DR770601_4,47.51,51964.15,DR770601,179.24,0.0,49.45,D,SimuProB-4,EV_109
379.313,38.0,1.37,1800.0,0,4.105,1,77.77,4.142,28.0,55.0,185.0,EV_109,0.0,800,0.0,DR770601_4,47.55,51964.23,DR770601,179.24,0.0,49.52,D,SimuProB-4,EV_109
374.025,42.0,1.37,2000.0,0,4.095,1,77.75,4.14,32.0,65.0,185.0,EV_109,0.0,810,0.0,DR770601_4,47.6,51964.32,DR770601,179.24,0.0,49.6,D,SimuProB-4,EV_109
386.059,0.0,1.37,500.0,0,4.12,1,77.74,4.142,8.0,-28.0,185.0,EV_109,0.024,820,55.0,DR770601_4,47.62,51964.34,DR770601,179.24,0.0,49.62,D,SimuProB-4,EV_109
376.185,60.0,1.37,3100.0,0,4.09,1,77.7,4.145,48.0,90.0,185.0,EV_109,0.0,830,0.0,DR770601_4,47.65,51964.47,DR770601,179.24,0.0,49.65,D,SimuProB-4,EV_109
371.483,45.0,1.37,2800.0,0,4.085,1,77.68,4.148,42.0,85.0,185.0,EV_109,0.0,840,0.0,DR770601_4,47.72,51964.59,DR770601,179.24,0.0,49.75,D,SimuProB-4,EV_109
379.271,0.0,1.37,900.0,0,4.115,1,77.66,4.145,15.0,-25.0,185.0,EV_109,0.022,850,45.0,DR770601_4,47.78,51964.63,DR770601,179.24,0.0,49.82,D,SimuProB-4,EV_109
382.002,10.0,1.37,450.0,0,4.128,1,77.65,4.143,8.0,12.0,185.0,EV_109,0.0,860,5.0,DR770601_4,47.82,51964.65,DR770601,179.24,0.0,49.88,D,SimuProB-4,EV_109
372.765,40.0,1.37,2400.0,0,4.11,1,77.63,4.14,38.0,75.0,185.0,EV_109,0.0,870,0.0,DR770601_4,47.88,51964.76,DR770601,179.24,0.0,49.95,D,SimuProB-4,EV_109
378.459,15.0,1.37,1400.0,0,4.125,1,77.62,4.142,22.0,18.0,185.0,EV_109,0.0,880,0.0,DR770601_4,47.92,51964.82,DR770601,179.24,0.0,50.02,D,SimuProB-4,EV_109
375.508,0.0,1.37,200.0,0,4.115,1,77.62,4.145,5.0,-32.0,185.0,EV_109,0.026,890,65.0,DR770601_4,47.96,51964.83,DR770601,179.24,0.0,50.08,D,SimuProB-4,EV_109
378.093,28.0,1.37,2050.0,0,4.122,1,77.61,4.142,32.0,25.0,185.0,EV_109,0.0,900,0.0,DR770601_4,48.02,51964.92,DR770601,179.24,0.0,50.15,D,SimuProB-4,EV_109
376.703,52.0,1.37,3100.0,0,4.118,1,77.58,4.144,48.0,55.0,185.0,EV_109,0.0,910,0.0,DR770601_4,48.15,51965.05,DR770601,179.24,0.0,50.28,D,SimuProB-4,EV_109
384.699,0.0,1.37,650.0,0,4.112,1,77.56,4.148,10.0,-35.0,185.0,EV_109,0.028,920,75.0,DR770601_4,48.22,51965.08,DR770601,179.24,0.0,50.35,D,SimuProB-4,EV_109
376.751,35.0,1.37,2750.0,0,4.116,1,77.55,4.14,42.0,45.0,185.0,EV_109,0.0,930,0.0,DR770601_4,48.3,51965.2,DR770601,179.24,0.0,50.42,D,SimuProB-4,EV_109
372.777,65.0,1.37,3400.0,0,4.108,1,77.53,4.145,52.0,85.0,185.0,EV_109,0.0,940,0.0,DR770601_4,48.45,51965.34,DR770601,179.24,0.0,50.55,D,SimuProB-4,EV_109
380.743,0.0,1.37,950.0,0,4.11,1,77.51,4.142,15.0,-25.0,185.0,EV_109,0.022,950,55.0,DR770601_4,48.5,51965.38,DR770601,179.24,0.0,50.6,D,SimuProB-4,EV_109
371.278,75.0,1.37,3800.0,0,4.105,1,77.51,4.148,58.0,95.0,185.0,EV_109,0.0,960,0.0,DR770601_4,48.6,51965.54,DR770601,179.24,0.0,50.72,D,SimuProB-4,EV_109
381.803,0.0,1.37,1450.0,0,4.108,1,77.49,4.146,22.0,-38.0,185.0,EV_109,0.03,970,65.0,DR770601_4,48.65,51965.6,DR770601,179.24,0.0,50.78,D,SimuProB-4,EV_109
375.175,45.0,1.37,2500.0,0,4.112,1,77.49,4.143,38.0,62.0,185.0,EV_109,0.0,980,0.0,DR770601_4,48.7,51965.71,DR770601,179.24,0.0,50.85,D,SimuProB-4,EV_109
368.084,55.0,1.37,3000.0,0,4.102,1,77.48,4.15,45.0,110.0,185.0,EV_109,0.0,990,0.0,DR770601_4,48.75,51965.83,DR770601,179.24,0.0,50.92,D,SimuProB-4,EV_109
371.969,25.0,1.37,1900.0,0,4.11,1,77.46,4.146,30.0,40.0,185.0,EV_109,0.0,1000,5.0,DR770601_4,48.82,51965.92,DR770601,179.24,0.0,50.98,D,SimuProB-4,EV_109
364.843,70.0,1.37,3600.0,0,4.098,1,77.44,4.15,55.0,135.0,185.0,EV_109,0.0,1010,0.0,DR770601_4,48.88,51966.07,DR770601,179.24,0.0,51.05,D,SimuProB-4,EV_109
378.261,20.0,1.37,1150.0,0,4.105,1,77.42,4.142,18.0,25.0,185.0,EV_109,0.0,1020,10.0,DR770601_4,48.92,51966.12,DR770601,179.24,0.0,51.08,D,SimuProB-4,EV_109
382.148,5.0,1.37,320.0,0,4.108,1,77.42,4.145,5.0,8.0,185.0,EV_109,0.0,1030,2.0,DR770601_4,48.95,51966.13,DR770601,179.24,0.0,51.1,D,SimuProB-4,EV_109
369.433,65.0,1.37,3100.0,0,4.095,1,77.4,4.15,48.0,145.0,185.0,EV_109,0.0,1040,0.0,DR770601_4,49.05,51966.27,DR770601,179.24,0.0,51.22,D,SimuProB-4,EV_109
372.208,30.0,1.37,1300.0,0,4.112,1,77.38,4.148,22.0,55.0,185.0,EV_109,0.0,1050,10.0,DR770601_4,49.08,51966.33,DR770601,179.24,0.0,51.28,D,SimuProB-4,EV_109
365.237,0.0,1.37,450.0,0,4.102,1,77.38,4.15,8.0,-28.0,185.0,EV_109,0.02,1060,60.0,DR770601_4,49.15,51966.35,DR770601,179.24,0.0,51.35,D,SimuProB-4,EV_109
378.825,5.0,1.37,280.0,0,4.108,1,77.37,4.145,5.0,12.0,185.0,EV_109,0.0,1070,5.0,DR770601_4,49.18,51966.37,DR770601,179.24,0.0,51.38,D,SimuProB-4,EV_109
374.715,25.0,1.37,900.0,0,4.11,1,77.35,4.147,18.0,35.0,185.0,EV_109,0.0,1080,0.0,DR770601_4,49.25,51966.42,DR770601,179.24,0.0,51.45,D,SimuProB-4,EV_109
398.298,55.0,1.37,2400.0,0,4.095,1,77.32,4.15,38.0,75.0,185.0,EV_109,0.0,1090,0.0,DR770601_4,49.35,51966.53,DR770601,179.24,0.0,51.58,D,SimuProB-4,EV_109
386.001,0.0,1.37,1600.0,0,4.105,1,77.32,4.145,25.0,-18.0,185.0,EV_109,0.02,1100,45.0,DR770601_4,49.38,51966.6,DR770601,179.24,0.0,51.62,D,SimuProB-4,EV_109
395.542,45.0,1.37,3100.0,0,4.09,1,77.29,4.148,48.0,65.0,185.0,EV_109,0.0,1110,0.0,DR770601_4,49.45,51966.73,DR770601,179.24,0.0,51.7,D,SimuProB-4,EV_109
372.207,0.0,1.37,950.0,0,4.1,1,77.29,4.142,15.0,-35.0,185.0,EV_109,0.025,1120,70.0,DR770601_4,49.47,51966.77,DR770601,179.24,0.0,51.72,D,SimuProB-4,EV_109
388.164,30.0,1.37,1400.0,0,4.092,1,77.29,4.145,22.0,40.0,185.0,EV_109,0.0,1130,0.0,DR770601_4,49.52,51966.84,DR770601,179.24,0.0,51.78,D,SimuProB-4,EV_109
396.419,35.0,1.37,2000.0,0,4.093,1,77.27,4.147,32.0,55.0,185.0,EV_109,0.0,1140,0.0,DR770601_4,49.63,51966.93,DR770601,179.24,0.0,51.89,D,SimuProB-4,EV_109
382.033,0.0,1.37,750.0,0,4.102,1,77.27,4.146,12.0,-28.0,185.0,EV_109,0.022,1150,55.0,DR770601_4,49.68,51966.96,DR770601,179.24,0.0,51.94,D,SimuProB-4,EV_109
398.171,65.0,1.37,2800.0,0,4.088,1,77.25,4.15,42.0,85.0,185.0,EV_109,0.0,1160,0.0,DR770601_4,49.75,51967.08,DR770601,179.24,0.0,52.03,D,SimuProB-4,EV_109
392.555,25.0,1.37,2400.0,0,4.095,1,77.23,4.145,38.0,45.0,185.0,EV_109,0.0,1170,0.0,DR770601_4,49.85,51967.19,DR770601,179.24,0.0,52.15,D,SimuProB-4,EV_109
378.463,0.0,1.37,1100.0,0,4.105,1,77.23,4.14,18.0,-38.0,185.0,EV_109,0.028,1180,65.0,DR770601_4,49.9,51967.24,DR770601,179.24,0.0,52.2,D,SimuProB-4,EV_109
398.132,15.0,1.37,600.0,0,4.1,1,77.22,4.148,10.0,12.0,185.0,EV_109,0.0,1190,5.0,DR770601_4,49.95,51967.26,DR770601,179.24,0.0,52.25,D,SimuProB-4,EV_109
408.768,30.0,1.37,1600.0,0,4.098,1,77.21,4.145,25.0,35.0,185.0,EV_109,0.0,1200,0.0,DR770601_4,50.0,51967.33,DR770601,179.24,0.0,52.3,D,SimuProB-4,EV_109
399.926,0.0,1.37,900.0,0,4.105,1,77.2,4.142,15.0,15.0,185.0,EV_109,0.0,1210,10.0,DR770601_4,50.05,51967.37,DR770601,179.24,0.0,52.35,D,SimuProB-4,EV_109
385.062,0.0,1.37,0.0,0,4.1,1,77.19,4.148,0.0,-32.0,185.0,EV_109,0.025,1220,85.0,DR770601_4,50.1,51967.37,DR770601,179.24,0.0,52.4,D,SimuProB-4,EV_109
402.873,35.0,1.37,1800.0,0,4.095,1,77.17,4.135,28.0,45.0,185.0,EV_109,0.0,1230,0.0,DR770601_4,50.2,51967.45,DR770601,179.24,0.0,52.5,D,SimuProB-4,EV_109
388.359,0.0,1.37,700.0,0,4.1,1,77.13,4.145,12.0,-35.0,185.0,EV_109,0.022,1240,75.0,DR770601_4,50.3,51967.48,DR770601,179.24,0.0,52.6,D,SimuProB-4,EV_109
395.929,25.0,1.37,1100.0,0,4.09,1,77.13,4.13,18.0,20.0,185.0,EV_109,0.0,1250,0.0,DR770601_4,50.4,51967.53,DR770601,179.24,0.0,52.7,D,SimuProB-4,EV_109
381.88,0.0,1.37,300.0,0,4.095,1,77.1,4.14,5.0,-25.0,185.0,EV_109,0.02,1260,50.0,DR770601_4,50.5,51967.54,DR770601,179.24,0.0,52.8,D,SimuProB-4,EV_109
392.434,30.0,1.37,1400.0,0,4.092,1,77.08,4.138,22.0,35.0,185.0,EV_109,0.0,1270,0.0,DR770601_4,50.6,51967.61,DR770601,179.24,0.0,52.9,D,SimuProB-4,EV_109
378.107,55.0,1.37,2800.0,0,4.085,1,77.04,4.145,42.0,85.0,185.0,EV_109,0.0,0,0.0,DR770601_5,50.8,51967.72,DR770601,179.24,0.0,53.1,D,SimuProB-4,EV_109
384.985,0.0,1.37,1800.0,0,4.082,1,77.0,4.142,28.0,-38.0,185.0,EV_109,0.025,10,60.0,DR770601_5,50.9,51967.8,DR770601,179.24,0.0,53.2,D,SimuProB-4,EV_109
390.298,40.0,1.37,2200.0,0,4.095,1,76.96,4.135,35.0,45.0,185.0,EV_109,0.0,20,0.0,DR770601_5,51.0,51967.89,DR770601,179.24,0.0,53.3,D,SimuProB-4,EV_109
386.606,0.0,1.37,950.0,0,4.088,1,76.94,4.14,15.0,-28.0,185.0,EV_109,0.022,30,45.0,DR770601_5,51.1,51967.94,DR770601,179.24,0.0,53.4,D,SimuProB-4,EV_109
382.057,45.0,1.37,3100.0,0,4.085,1,76.92,4.138,45.0,55.0,185.0,EV_109,0.0,40,0.0,DR770601_5,51.2,51968.07,DR770601,179.24,0.0,53.5,D,SimuProB-4,EV_109
394.992,5.0,1.37,250.0,0,4.09,1,76.9,4.14,5.0,8.0,185.0,EV_109,0.0,50,10.0,DR770601_5,51.3,51968.08,DR770601,179.24,0.0,53.6,D,SimuProB-4,EV_109
388.067,75.0,1.37,1900.0,0,4.08,1,76.88,4.145,30.0,120.0,185.0,EV_109,0.0,60,0.0,DR770601_5,51.4,51968.16,DR770601,179.24,0.0,53.7,D,SimuProB-4,EV_109
385.254,30.0,1.37,1600.0,0,4.09,1,76.87,4.14,25.0,35.0,185.0,EV_109,0.0,70,0.0,DR770601_5,51.45,51968.23,DR770601,179.24,0.0,53.75,D,SimuProB-4,EV_109
378.339,65.0,1.37,2600.0,0,4.085,1,76.82,4.148,40.0,140.0,185.0,EV_109,0.0,80,0.0,DR770601_5,51.55,51968.34,DR770601,179.24,0.0,53.85,D,SimuProB-4,EV_109
392.476,0.0,1.37,650.0,0,4.095,1,76.82,4.145,10.0,-32.0,185.0,EV_109,0.025,90,55.0,DR770601_5,51.6,51968.37,DR770601,179.24,0.0,53.9,D,SimuProB-4,EV_109
398.385,15.0,1.37,1300.0,0,4.088,1,76.81,4.142,20.0,12.5,185.0,EV_109,0.0,100,0.0,DR770601_5,51.7,51968.43,DR770601,179.24,0.0,54.0,D,SimuProB-4,EV_109
391.551,45.0,1.37,2300.0,0,4.082,1,76.79,4.146,35.0,95.0,185.0,EV_109,0.0,110,0.0,DR770601_5,51.75,51968.52,DR770601,179.24,0.0,54.1,D,SimuProB-4,EV_109
401.227,0.0,1.37,500.0,0,4.092,1,76.78,4.148,8.0,-25.0,185.0,EV_109,0.022,120,60.0,DR770601_5,51.8,51968.54,DR770601,179.24,0.0,54.15,D,SimuProB-4,EV_109
393.339,55.0,1.37,2550.0,0,4.084,1,76.75,4.146,38.0,110.0,185.0,EV_109,0.0,130,0.0,DR770601_5,51.85,51968.65,DR770601,179.24,0.0,54.2,D,SimuProB-4,EV_109
388.66,60.0,1.37,2750.0,0,4.08,1,76.75,4.148,42.0,135.0,185.0,EV_109,0.0,140,0.0,DR770601_5,51.9,51968.76,DR770601,179.24,0.0,54.35,D,SimuProB-4,EV_109
396.492,0.0,1.37,750.0,0,4.09,1,76.74,4.15,12.0,-38.0,185.0,EV_109,0.028,150,45.0,DR770601_5,51.95,51968.8,DR770601,179.24,0.0,54.45,D,SimuProB-4,EV_109
382.195,70.0,1.37,3400.0,0,4.075,1,76.72,4.148,52.0,145.0,185.0,EV_109,0.0,160,0.0,DR770601_5,52.05,51968.94,DR770601,179.24,0.0,54.6,D,SimuProB-4,EV_109
378.881,75.0,1.37,3850.0,0,4.068,1,76.69,4.145,58.0,160.0,185.0,EV_109,0.0,170,0.0,DR770601_5,52.15,51969.11,DR770601,179.24,0.0,54.7,D,SimuProB-4,EV_109
396.024,0.0,1.37,1600.0,0,4.095,1,76.69,4.149,25.0,-28.0,185.0,EV_109,0.025,180,55.0,DR770601_5,52.25,51969.18,DR770601,179.24,0.0,54.8,D,SimuProB-4,EV_109
392.47,15.0,1.37,1800.0,0,4.09,1,76.67,4.145,28.0,22.0,185.0,EV_109,0.0,190,0.0,DR770601_5,52.3,51969.26,DR770601,179.24,0.0,54.85,D,SimuProB-4,EV_109
400.805,8.0,1.37,1300.0,0,4.085,1,76.67,4.142,20.0,12.0,185.0,EV_109,0.0,200,0.0,DR770601_5,52.35,51969.31,DR770601,179.24,0.0,54.9,D,SimuProB-4,EV_109
396.111,25.0,1.37,2100.0,0,4.092,1,76.67,4.148,32.0,45.0,185.0,EV_109,0.0,210,0.0,DR770601_5,52.4,51969.4,DR770601,179.24,0.0,54.95,D,SimuProB-4,EV_109
394.996,35.0,1.37,2450.0,0,4.094,1,76.66,4.146,38.0,55.0,185.0,EV_109,0.0,220,0.0,DR770601_5,52.45,51969.51,DR770601,179.24,0.0,55.0,D,SimuProB-4,EV_109
388.499,65.0,1.37,3400.0,0,4.085,1,76.62,4.148,52.0,145.0,185.0,EV_109,0.0,230,0.0,DR770601_5,52.55,51969.65,DR770601,179.24,0.0,55.1,D,SimuProB-4,EV_109
385.543,78.0,1.37,3900.0,0,4.082,1,76.62,4.15,60.0,175.0,185.0,EV_109,0.0,240,0.0,DR770601_5,52.65,51969.82,DR770601,179.24,0.0,55.2,D,SimuProB-4,EV_109
398.135,30.0,1.37,2650.0,0,4.09,1,76.62,4.145,42.0,35.0,185.0,EV_109,0.0,250,0.0,DR770601_5,52.7,51969.94,DR770601,179.24,0.0,55.25,D,SimuProB-4,EV_109
382.041,0.0,1.37,1600.0,0,4.088,1,76.6,4.14,25.0,-28.0,185.0,EV_109,0.018,260,65.0,DR770601_5,52.75,51970.01,DR770601,179.24,0.0,55.3,D,SimuProB-4,EV_109
396.662,28.0,1.37,2200.0,0,4.091,1,76.6,4.146,34.0,48.0,185.0,EV_109,0.0,270,0.0,DR770601_5,52.8,51970.1,DR770601,179.24,0.0,55.35,D,SimuProB-4,EV_109
383.934,55.0,1.37,3000.0,0,4.088,1,76.58,4.142,48.0,120.0,185.0,EV_109,0.0,280,0.0,DR770601_5,52.85,51970.23,DR770601,179.24,0.0,55.4,D,SimuProB-4,EV_109
392.305,0.0,1.37,1300.0,0,4.092,1,76.57,4.148,20.0,-32.0,185.0,EV_109,0.015,290,45.0,DR770601_5,52.9,51970.29,DR770601,179.24,0.0,55.45,D,SimuProB-4,EV_109
387.14,42.0,1.37,2400.0,0,4.085,1,76.57,4.14,38.0,85.0,185.0,EV_109,0.0,300,0.0,DR770601_5,52.95,51970.39,DR770601,179.24,0.0,55.5,D,SimuProB-4,EV_109
394.593,25.0,1.37,2000.0,0,4.086,1,76.55,4.141,32.0,35.0,185.0,EV_109,0.0,310,0.0,DR770601_5,52.97,51970.48,DR770601,179.24,0.0,55.52,D,SimuProB-4,EV_109
384.97,48.0,1.37,2800.0,0,4.089,1,76.55,4.145,45.0,110.0,185.0,EV_109,0.0,320,0.0,DR770601_5,53.02,51970.6,DR770601,179.24,0.0,55.58,D,SimuProB-4,EV_109
382.256,65.0,1.37,3600.0,0,4.085,1,76.54,4.148,58.0,145.0,185.0,EV_109,0.0,330,0.0,DR770601_5,53.08,51970.76,DR770601,179.24,0.0,55.65,D,SimuProB-4,EV_109
390.806,30.0,1.37,2600.0,0,4.088,1,76.52,4.142,42.0,45.0,185.0,EV_109,0.0,340,0.0,DR770601_5,53.15,51970.88,DR770601,179.24,0.0,55.75,D,SimuProB-4,EV_109
388.3,45.0,1.37,3200.0,0,4.09,1,76.52,4.145,52.0,75.0,185.0,EV_109,0.0,350,0.0,DR770601_5,53.2,51971.02,DR770601,179.24,0.0,55.82,D,SimuProB-4,EV_109
394.736,0.0,1.37,1600.0,0,4.092,1,76.51,4.148,25.0,-15.0,185.0,EV_109,0.008,360,15.0,DR770601_5,53.25,51971.09,DR770601,179.24,0.0,55.88,D,SimuProB-4,EV_109
385.193,52.0,1.37,3000.0,0,4.09,1,76.48,4.146,48.0,120.0,185.0,EV_109,0.0,370,0.0,DR770601_5,53.32,51971.22,DR770601,179.24,0.0,55.95,D,SimuProB-4,EV_109
378.387,75.0,1.37,3800.0,0,4.08,1,76.46,4.15,60.0,185.0,185.0,EV_109,0.0,380,0.0,DR770601_5,53.4,51971.39,DR770601,179.24,0.0,56.08,D,SimuProB-4,EV_109
392.274,0.0,1.37,1200.0,0,4.095,1,76.43,4.152,20.0,-25.0,185.0,EV_109,0.015,390,65.0,DR770601_5,53.48,51971.45,DR770601,179.24,0.0,56.15,D,SimuProB-4,EV_109
382.705,35.0,1.37,1900.0,0,4.092,1,76.4,4.148,30.0,45.0,185.0,EV_109,0.0,400,0.0,DR770601_5,53.55,51971.53,DR770601,179.24,0.0,56.22,D,SimuProB-4,EV_109
395.784,0.0,1.37,450.0,0,4.1,1,76.4,4.155,8.0,-35.0,185.0,EV_109,0.022,410,75.0,DR770601_5,53.6,51971.56,DR770601,179.24,0.0,56.28,D,SimuProB-4,EV_109
398.625,15.0,1.37,750.0,0,4.098,1,76.4,4.15,12.0,10.0,185.0,EV_109,0.0,420,5.0,DR770601_5,53.62,51971.59,DR770601,179.24,0.0,56.3,D,SimuProB-4,EV_109
385.046,45.0,1.37,2700.0,0,4.095,1,76.38,4.152,42.0,65.0,185.0,EV_109,0.0,430,0.0,DR770601_5,53.75,51971.71,DR770601,179.24,0.0,56.45,D,SimuProB-4,EV_109
394.383,0.0,1.37,900.0,0,4.105,1,76.37,4.158,15.0,-38.0,185.0,EV_109,0.025,440,85.0,DR770601_5,53.85,51971.75,DR770601,179.24,0.0,56.55,D,SimuProB-4,EV_109
372.366,70.0,1.37,3600.0,0,4.085,1,76.37,4.155,55.0,155.0,185.0,EV_109,0.0,450,0.0,DR770601_5,53.9,51971.9,DR770601,179.24,0.0,56.7,D,SimuProB-4,EV_109
376.72,55.0,1.37,3000.0,0,4.08,1,76.36,4.15,45.0,120.0,185.0,EV_109,0.0,460,0.0,DR770601_5,54.0,51972.03,DR770601,179.24,0.0,56.8,D,SimuProB-4,EV_109
392.147,0.0,1.37,1200.0,0,4.1,1,76.36,4.155,20.0,-25.0,185.0,EV_109,0.015,470,35.0,DR770601_5,54.1,51972.08,DR770601,179.24,0.0,56.9,D,SimuProB-4,EV_109
388.684,30.0,1.37,1800.0,0,4.092,1,76.34,4.148,30.0,45.0,185.0,EV_109,0.0,480,0.0,DR770601_5,54.2,51972.16,DR770601,179.24,0.0,57.0,D,SimuProB-4,EV_109
398.675,25.0,1.37,2200.0,0,4.09,1,76.32,4.15,35.0,12.0,185.0,EV_109,0.0,490,0.0,DR770601_5,54.3,51972.26,DR770601,179.24,0.0,57.1,D,SimuProB-4,EV_109
370.351,65.0,1.37,3300.0,0,4.08,1,76.32,4.155,50.0,145.0,185.0,EV_109,0.0,500,0.0,DR770601_5,54.4,51972.4,DR770601,179.24,0.0,57.2,D,SimuProB-4,EV_109
385.096,0.0,1.37,600.0,0,4.11,1,76.32,4.15,10.0,-35.0,185.0,EV_109,0.028,510,60.0,DR770601_5,54.5,51972.42,DR770601,179.24,0.0,57.3,D,SimuProB-4,EV_109
394.283,35.0,1.37,2400.0,0,4.085,1,76.29,4.145,38.0,22.0,185.0,EV_109,0.0,520,0.0,DR770601_5,54.6,51972.53,DR770601,179.24,0.0,57.4,D,SimuProB-4,EV_109
381.601,55.0,1.37,3000.0,0,4.075,1,76.29,4.152,45.0,85.0,185.0,EV_109,0.0,530,0.0,DR770601_5,54.7,51972.65,DR770601,179.24,0.0,57.5,D,SimuProB-4,EV_109
396.62,0.0,1.37,900.0,0,4.105,1,76.26,4.15,15.0,-28.0,185.0,EV_109,0.025,540,45.0,DR770601_5,54.8,51972.69,DR770601,179.24,0.0,57.6,D,SimuProB-4,EV_109
388.823,60.0,1.37,2650.0,0,4.07,1,76.23,4.14,42.0,110.0,185.0,EV_109,0.0,550,0.0,DR770601_5,55.0,51972.81,DR770601,179.24,0.0,57.8,D,SimuProB-4,EV_109
372.263,75.0,1.37,3600.0,0,4.06,1,76.22,4.15,55.0,165.0,185.0,EV_109,0.0,560,0.0,DR770601_5,55.2,51972.96,DR770601,179.24,0.0,58.0,D,SimuProB-4,EV_109
392.843,0.0,1.37,1100.0,0,4.09,1,76.22,4.14,18.0,-38.0,185.0,EV_109,0.032,570,85.0,DR770601_5,55.3,51973.01,DR770601,179.24,0.0,58.1,D,SimuProB-4,EV_109
395.124,0.0,1.37,2200.0,0,4.095,1,76.2,4.145,35.0,-15.0,185.0,EV_109,0.015,580,15.0,DR770601_5,55.4,51973.11,DR770601,179.24,0.0,58.2,D,SimuProB-4,EV_109
402.316,30.0,1.37,1600.0,0,4.11,1,76.2,4.15,25.0,45.0,185.0,EV_109,0.0,590,0.0,DR770601_5,55.5,51973.18,DR770601,179.24,0.0,58.3,D,SimuProB-4,EV_109
398.625,0.0,1.37,600.0,0,4.115,1,76.2,4.14,10.0,-5.0,185.0,EV_109,0.008,600,20.0,DR770601_5,55.6,51973.2,DR770601,179.24,0.0,58.4,D,SimuProB-4,EV_109
397.954,25.0,1.37,1400.0,0,4.112,1,76.2,4.148,22.0,55.0,185.0,EV_109,0.0,610,0.0,DR770601_5,55.7,51973.26,DR770601,179.24,0.0,58.5,D,SimuProB-4,EV_109
388.482,65.0,1.37,3200.0,0,4.105,1,76.18,4.15,48.0,140.0,185.0,EV_109,0.0,620,0.0,DR770601_5,55.8,51973.39,DR770601,179.24,0.0,58.6,D,SimuProB-4,EV_109
390.624,0.0,1.37,950.0,0,4.108,1,76.16,4.145,15.0,-28.0,185.0,EV_109,0.025,630,45.0,DR770601_5,55.9,51973.44,DR770601,179.24,0.0,58.7,D,SimuProB-4,EV_109
394.715,45.0,1.37,2400.0,0,4.102,1,76.15,4.142,38.0,75.0,185.0,EV_109,0.0,640,0.0,DR770601_5,56.1,51973.55,DR770601,179.24,0.0,58.9,D,SimuProB-4,EV_109
393.171,60.0,1.37,3500.0,0,4.098,1,76.12,4.15,52.0,110.0,185.0,EV_109,0.0,650,0.0,DR770601_5,56.3,51973.69,DR770601,179.24,0.0,59.1,D,SimuProB-4,EV_109
397.996,0.0,1.37,1200.0,0,4.105,1,76.12,4.148,20.0,-18.0,185.0,EV_109,0.018,660,35.0,DR770601_5,56.4,51973.75,DR770601,179.24,0.0,59.2,D,SimuProB-4,EV_109
392.673,70.0,1.37,3800.0,0,4.095,1,76.1,4.148,55.0,135.0,185.0,EV_109,0.0,670,0.0,DR770601_5,56.5,51973.9,DR770601,179.24,0.0,59.3,D,SimuProB-4,EV_109
385.663,55.0,1.37,2600.0,0,4.085,1,76.09,4.15,42.0,185.0,185.0,EV_109,0.0,680,0.0,DR770601_5,56.7,51974.02,DR770601,179.24,0.0,59.5,D,SimuProB-4,EV_109
396.329,0.0,1.37,650.0,0,4.102,1,76.08,4.145,10.0,-25.0,185.0,EV_109,0.022,690,65.0,DR770601_5,56.6,51974.05,DR770601,179.24,0.0,59.4,D,SimuProB-4,EV_109
391.752,45.0,1.37,2400.0,0,4.09,1,76.07,4.14,38.0,95.0,185.0,EV_109,0.0,700,0.0,DR770601_5,56.8,51974.16,DR770601,179.24,0.0,59.6,D,SimuProB-4,EV_109
397.909,15.0,1.37,1400.0,0,4.1,1,76.06,4.145,22.0,12.0,185.0,EV_109,0.0,710,0.0,DR770601_5,56.9,51974.22,DR770601,179.24,0.0,59.7,D,SimuProB-4,EV_109
388.649,65.0,1.37,2850.0,0,4.08,1,76.06,4.15,45.0,165.0,185.0,EV_109,0.0,720,0.0,DR770601_5,57.0,51974.34,DR770601,179.24,0.0,59.9,D,SimuProB-4,EV_109
382.253,50.0,1.37,3100.0,0,4.07,1,76.04,4.14,50.0,145.0,185.0,EV_109,0.0,730,0.0,DR770601_5,57.1,51974.48,DR770601,179.24,0.0,60.0,D,SimuProB-4,EV_109
395.297,5.0,1.37,750.0,0,4.105,1,76.03,4.145,12.0,35.0,185.0,EV_109,0.015,740,45.0,DR770601_5,57.2,51974.51,DR770601,179.24,0.0,60.1,D,SimuProB-4,EV_109
386.986,40.0,1.37,2200.0,0,4.085,1,76.03,4.14,35.0,110.0,185.0,EV_109,0.0,750,0.0,DR770601_5,57.3,51974.61,DR770601,179.24,0.0,60.2,D,SimuProB-4,EV_109
392.958,30.0,1.37,1600.0,0,4.095,1,76.0,4.135,25.0,55.0,185.0,EV_109,0.0,760,0.0,DR770601_5,57.4,51974.68,DR770601,179.24,0.0,60.3,D,SimuProB-4,EV_109
383.78,60.0,1.37,3000.0,0,4.075,1,75.99,4.145,48.0,135.0,185.0,EV_109,0.0,770,0.0,DR770601_5,57.5,51974.81,DR770601,179.24,0.0,60.5,D,SimuProB-4,EV_109
389.734,0.0,1.37,1900.0,0,4.1,1,75.99,4.14,30.0,-25.0,185.0,EV_109,0.02,780,15.0,DR770601_5,57.4,51974.9,DR770601,179.24,0.0,60.4,D,SimuProB-4,EV_109
397.88,25.0,1.37,1100.0,0,4.102,1,75.97,4.142,18.0,15.0,185.0,EV_109,0.0,790,0.0,DR770601_5,57.5,51974.95,DR770601,179.24,0.0,60.5,D,SimuProB-4,EV_109
385.234,55.0,1.37,2600.0,0,4.08,1,75.97,4.144,42.0,95.0,185.0,EV_109,0.0,800,0.0,DR770601_5,57.6,51975.07,DR770601,179.24,0.0,60.6,D,SimuProB-4,EV_109
393.453,0.0,1.37,950.0,0,4.105,1,75.97,4.14,15.0,-30.0,185.0,EV_109,0.022,810,65.0,DR770601_5,57.6,51975.11,DR770601,179.24,0.0,60.6,D,SimuProB-4,EV_109
381.58,65.0,1.37,3300.0,0,4.07,1,75.96,4.142,52.0,145.0,185.0,EV_109,0.0,820,0.0,DR770601_5,57.7,51975.25,DR770601,179.24,0.0,60.7,D,SimuProB-4,EV_109
394.728,0.0,1.37,1200.0,0,4.11,1,75.95,4.145,20.0,-35.0,185.0,EV_109,0.025,830,80.0,DR770601_5,57.7,51975.31,DR770601,179.24,0.0,60.7,D,SimuProB-4,EV_109
392.454,15.0,1.37,750.0,0,4.09,1,75.94,4.138,12.0,25.0,185.0,EV_109,0.0,840,5.0,DR770601_5,57.8,51975.34,DR770601,179.24,0.0,60.8,D,SimuProB-4,EV_109
387.954,35.0,1.37,1800.0,0,4.085,1,75.92,4.14,28.0,65.0,185.0,EV_109,0.0,850,0.0,DR770601_5,57.9,51975.42,DR770601,179.24,0.0,60.9,D,SimuProB-4,EV_109
391.466,0.0,1.37,600.0,0,4.1,1,75.92,4.142,10.0,-18.0,185.0,EV_109,0.015,860,45.0,DR770601_5,57.9,51975.45,DR770601,179.24,0.0,60.9,D,SimuProB-4,EV_109
387.047,45.0,1.37,2100.0,0,4.075,1,75.9,4.145,32.0,85.0,185.0,EV_109,0.0,870,0.0,DR770601_5,58.0,51975.53,DR770601,179.24,0.0,61.0,D,SimuProB-4,EV_109
386.013,25.0,1.37,1100.0,0,4.08,1,75.88,4.14,18.0,45.0,185.0,EV_109,0.0,880,0.0,DR770601_5,58.1,51975.58,DR770601,179.24,0.0,61.1,D,SimuProB-4,EV_109
388.338,0.0,1.37,450.0,0,4.105,1,75.88,4.142,8.0,-22.0,185.0,EV_109,0.018,890,55.0,DR770601_5,58.1,51975.6,DR770601,179.24,0.0,61.1,D,SimuProB-4,EV_109
393.579,20.0,1.37,1400.0,0,4.11,1,75.87,4.138,22.0,30.0,185.0,EV_109,0.0,900,0.0,DR770601_5,58.2,51975.66,DR770601,179.24,0.0,61.2,D,SimuProB-4,EV_109
391.868,35.0,1.37,2200.0,0,4.09,1,75.86,4.14,35.0,65.0,185.0,EV_109,0.0,910,0.0,DR770601_5,58.3,51975.76,DR770601,179.24,0.0,61.3,D,SimuProB-4,EV_109
388.877,0.0,1.37,750.0,0,4.115,1,75.86,4.145,12.0,-25.0,185.0,EV_109,0.02,920,60.0,DR770601_5,58.4,51975.79,DR770601,179.24,0.0,61.4,D,SimuProB-4,EV_109
390.579,25.0,1.37,1200.0,0,4.085,1,75.85,4.138,20.0,40.0,185.0,EV_109,0.0,930,0.0,DR770601_5,58.5,51975.85,DR770601,179.24,0.0,61.5,D,SimuProB-4,EV_109
391.951,30.0,1.37,2000.0,0,4.082,1,75.83,4.135,32.0,55.0,185.0,EV_109,0.0,940,0.0,DR770601_5,58.6,51975.94,DR770601,179.24,0.0,61.6,D,SimuProB-4,EV_109
386.781,0.0,1.37,600.0,0,4.12,1,75.83,4.148,10.0,-35.0,185.0,EV_109,0.022,950,65.0,DR770601_5,58.7,51975.97,DR770601,179.24,0.0,61.7,D,SimuProB-4,EV_109
394.102,0.0,1.37,0.0,0,4.095,1,75.83,4.132,0.0,4.5,185.0,EV_109,0.0,960,85.0,DR770601_5,58.8,51975.97,DR770601,179.24,0.0,61.8,D,SimuProB-4,EV_109
398.316,20.0,1.37,1100.0,0,4.095,1,75.82,4.135,18.0,35.0,185.0,EV_109,0.0,970,0.0,DR770601_5,58.8,51976.02,DR770601,179.24,0.0,61.8,D,SimuProB-4,EV_109
392.686,45.0,1.37,2800.0,0,4.088,1,75.8,4.142,45.0,65.0,185.0,EV_109,0.0,980,0.0,DR770601_5,58.9,51976.15,DR770601,179.24,0.0,61.9,D,SimuProB-4,EV_109
396.077,0.0,1.37,1500.0,0,4.115,1,75.77,4.15,25.0,-28.0,185.0,EV_109,0.025,990,45.0,DR770601_5,58.9,51976.21,DR770601,179.24,0.0,61.9,D,SimuProB-4,EV_109
389.808,55.0,1.37,3400.0,0,4.085,1,75.77,4.145,52.0,75.0,185.0,EV_109,0.0,1000,0.0,DR770601_5,59.0,51976.35,DR770601,179.24,0.0,62.0,D,SimuProB-4,EV_109
388.072,30.0,1.37,2200.0,0,4.09,1,75.77,4.138,35.0,50.0,185.0,EV_109,0.0,1010,5.0,DR770601_5,59.1,51976.45,DR770601,179.24,0.0,62.1,D,SimuProB-4,EV_109
393.816,15.0,1.37,1200.0,0,4.095,1,75.75,4.135,20.0,12.0,185.0,EV_109,0.0,1020,0.0,DR770601_5,59.1,51976.51,DR770601,179.24,0.0,62.1,D,SimuProB-4,EV_109
382.295,60.0,1.37,3100.0,0,4.082,1,75.71,4.148,48.0,85.0,185.0,EV_109,0.0,1030,0.0,DR770601_5,59.3,51976.64,DR770601,179.24,0.0,62.3,D,SimuProB-4,EV_109
394.715,0.0,1.37,1000.0,0,4.11,1,75.7,4.15,18.0,-35.0,185.0,EV_109,0.028,1040,65.0,DR770601_5,59.4,51976.69,DR770601,179.24,0.0,62.4,D,SimuProB-4,EV_109
385.998,50.0,1.37,2000.0,0,4.08,1,75.69,4.145,32.0,95.0,185.0,EV_109,0.0,1050,0.0,DR770601_5,59.5,51976.78,DR770601,179.24,0.0,62.6,D,SimuProB-4,EV_109
392.069,35.0,1.37,2400.0,0,4.085,1,75.67,4.142,38.0,45.0,185.0,EV_109,0.0,1060,0.0,DR770601_5,59.6,51976.89,DR770601,179.24,0.0,62.7,D,SimuProB-4,EV_109
378.551,65.0,1.37,3400.0,0,4.075,1,75.66,4.15,52.0,110.0,185.0,EV_109,0.0,1070,0.0,DR770601_5,59.7,51977.03,DR770601,179.24,0.0,62.8,D,SimuProB-4,EV_109
390.072,0.0,1.37,1300.0,0,4.1,1,75.63,4.148,22.0,-25.0,185.0,EV_109,0.022,1080,45.0,DR770601_5,59.8,51977.09,DR770601,179.24,0.0,62.9,D,SimuProB-4,EV_109
375.026,70.0,1.37,3800.0,0,4.07,1,75.62,4.15,58.0,125.0,185.0,EV_109,0.0,1090,0.0,DR770601_5,59.9,51977.25,DR770601,179.24,0.0,63.0,D,SimuProB-4,EV_109
395.592,25.0,1.37,2700.0,0,4.11,1,75.59,4.145,42.0,15.0,185.0,EV_109,0.0,1100,0.0,DR770601_5,60.0,51977.37,DR770601,179.24,0.0,63.0,D,SimuProB-4,EV_109
380.427,0.0,1.37,1600.0,0,4.09,1,75.59,4.14,25.0,-30.0,185.0,EV_109,0.025,1110,55.0,DR770601_5,60.1,51977.44,DR770601,179.24,0.0,63.1,D,SimuProB-4,EV_109
398.536,35.0,1.37,2400.0,0,4.11,1,75.56,4.14,38.0,45.0,185.0,EV_109,0.0,1120,0.0,DR770601_5,60.15,51977.55,DR770601,179.24,0.0,63.15,D,SimuProB-4,EV_109
372.195,75.0,1.37,3600.0,0,4.06,1,75.54,4.15,55.0,140.0,185.0,EV_109,0.0,1130,0.0,DR770601_5,60.25,51977.7,DR770601,179.24,0.0,63.3,D,SimuProB-4,EV_109
384.965,0.0,1.37,1900.0,0,4.085,1,75.53,4.145,30.0,-35.0,185.0,EV_109,0.028,1140,60.0,DR770601_5,60.3,51977.78,DR770601,179.24,0.0,63.35,D,SimuProB-4,EV_109
376.792,65.0,1.37,3300.0,0,4.055,1,75.47,4.148,52.0,125.0,185.0,EV_109,0.0,1150,0.0,DR770601_5,60.4,51977.92,DR770601,179.24,0.0,63.45,D,SimuProB-4,EV_109
392.782,0.0,1.37,1800.0,0,4.095,1,75.47,4.145,28.0,-38.0,185.0,EV_109,0.03,1160,45.0,DR770601_5,60.45,51978.0,DR770601,179.24,0.0,63.5,D,SimuProB-4,EV_109
398.269,15.0,1.37,800.0,0,4.115,1,75.47,4.142,12.0,25.0,185.0,EV_109,0.0,1170,5.0,DR770601_5,60.5,51978.04,DR770601,179.24,0.0,63.55,D,SimuProB-4,EV_109
388.65,10.0,1.37,650.0,0,4.118,1,75.46,4.143,10.0,15.0,185.0,EV_109,0.0,1180,0.0,DR770601_5,60.55,51978.07,DR770601,179.24,0.0,63.6,D,SimuProB-4,EV_109
396.565,0.0,1.37,350.0,0,4.122,1,75.44,4.14,5.0,-12.0,185.0,EV_109,0.012,1190,35.0,DR770601_5,60.57,51978.08,DR770601,179.24,0.0,63.62,D,SimuProB-4,EV_109
389.761,40.0,1.37,1400.0,0,4.11,1,75.44,4.148,22.0,45.0,185.0,EV_109,0.0,1200,0.0,DR770601_5,60.6,51978.14,DR770601,179.24,0.0,63.68,D,SimuProB-4,EV_109
386.276,65.0,1.37,2800.0,0,4.085,1,75.41,4.15,42.0,110.0,185.0,EV_109,0.0,1210,0.0,DR770601_5,60.8,51978.26,DR770601,179.24,0.0,63.85,D,SimuProB-4,EV_109
381.889,0.0,1.37,950.0,0,4.105,1,75.4,4.145,15.0,-35.0,185.0,EV_109,0.025,1220,75.0,DR770601_5,60.95,51978.3,DR770601,179.24,0.0,64.0,D,SimuProB-4,EV_109
396.249,35.0,1.37,1600.0,0,4.12,1,75.37,4.14,25.0,30.0,185.0,EV_109,0.0,1230,0.0,DR770601_5,61.05,51978.37,DR770601,179.24,0.0,64.1,D,SimuProB-4,EV_109
397.446,30.0,1.37,1900.0,0,4.118,1,75.36,4.142,30.0,12.0,185.0,EV_109,0.0,1240,0.0,DR770601_5,61.1,51978.45,DR770601,179.24,0.0,64.15,D,SimuProB-4,EV_109
392.983,55.0,1.37,3000.0,0,4.115,1,75.36,4.145,45.0,65.0,185.0,EV_109,0.0,1250,0.0,DR770601_5,61.2,51978.58,DR770601,179.24,0.0,64.25,D,SimuProB-4,EV_109
388.428,75.0,1.37,3900.0,0,4.09,1,75.35,4.15,58.0,115.0,185.0,EV_109,0.0,1260,0.0,DR770601_5,61.35,51978.74,DR770601,179.24,0.0,64.4,D,SimuProB-4,EV_109
392.431,40.0,1.37,2200.0,0,4.11,1,75.34,4.148,35.0,45.0,185.0,EV_109,0.0,1270,0.0,DR770601_5,61.4,51978.84,DR770601,179.24,0.0,64.5,D,SimuProB-4,EV_109
385.336,78.0,1.37,3700.0,0,4.085,1,75.32,4.15,55.0,140.0,185.0,EV_109,0.0,0,0.0,DR770601_6,61.45,51978.99,DR770601,179.24,0.0,64.6,D,SimuProB-4,EV_109
393.815,0.0,1.37,1150.0,0,4.11,1,75.3,4.14,18.0,-38.0,185.0,EV_109,0.028,10,65.0,DR770601_6,61.5,51979.04,DR770601,179.24,0.0,64.65,D,SimuProB-4,EV_109
388.143,50.0,1.37,2700.0,0,4.095,1,75.27,4.145,42.0,95.0,185.0,EV_109,0.0,20,0.0,DR770601_6,61.55,51979.16,DR770601,179.24,0.0,64.7,D,SimuProB-4,EV_109
391.49,10.0,1.37,750.0,0,4.11,1,75.26,4.14,12.0,35.0,185.0,EV_109,0.015,30,15.0,DR770601_6,61.6,51979.19,DR770601,179.24,0.0,64.75,D,SimuProB-4,EV_109
382.959,65.0,1.37,1900.0,0,4.08,1,75.25,4.15,30.0,130.0,185.0,EV_109,0.0,40,0.0,DR770601_6,61.65,51979.27,DR770601,179.24,0.0,64.8,D,SimuProB-4,EV_109
393.887,5.0,1.37,150.0,0,4.09,1,75.23,4.135,5.0,15.0,185.0,EV_109,0.0,50,10.0,DR770601_6,61.7,51979.28,DR770601,179.24,0.0,64.85,D,SimuProB-4,EV_109
390.19,45.0,1.37,1600.0,0,4.085,1,75.22,4.14,25.0,85.0,185.0,EV_109,0.0,60,0.0,DR770601_6,61.75,51979.35,DR770601,179.24,0.0,64.9,D,SimuProB-4,EV_109
396.38,0.0,1.37,780.0,0,4.115,1,75.22,4.145,12.0,-25.0,185.0,EV_109,0.022,70,40.0,DR770601_6,61.77,51979.39,DR770601,179.24,0.0,64.92,D,SimuProB-4,EV_109
398.859,0.0,1.37,50.0,0,4.11,1,75.22,4.14,2.0,5.0,185.0,EV_109,0.0,80,15.0,DR770601_6,61.8,51979.4,DR770601,179.24,0.0,64.95,D,SimuProB-4,EV_109
395.05,25.0,1.37,1100.0,0,4.105,1,75.2,4.142,18.0,45.0,185.0,EV_109,0.0,90,0.0,DR770601_6,61.85,51979.45,DR770601,179.24,0.0,65.0,D,SimuProB-4,EV_109
400.277,0.0,1.37,200.0,0,4.115,1,75.2,4.14,8.0,12.0,185.0,EV_109,0.0,100,20.0,DR770601_6,61.88,51979.47,DR770601,179.24,0.0,65.0,D,SimuProB-4,EV_109
399.839,55.0,1.37,1850.0,0,4.108,1,75.19,4.142,28.0,65.0,185.0,EV_109,0.0,110,0.0,DR770601_6,61.9,51979.55,DR770601,179.24,0.0,65.0,D,SimuProB-4,EV_109
395.68,0.0,1.37,750.0,0,4.112,1,75.17,4.145,12.0,-35.0,185.0,EV_109,0.028,120,65.0,DR770601_6,61.92,51979.58,DR770601,179.24,0.0,65.0,D,SimuProB-4,EV_109
401.861,0.0,1.37,100.0,0,4.118,1,75.17,4.14,4.0,2.5,185.0,EV_109,0.0,130,10.0,DR770601_6,61.93,51979.59,DR770601,179.24,0.0,65.0,D,SimuProB-4,EV_109
392.644,35.0,1.37,2100.0,0,4.095,1,75.15,4.135,32.0,55.0,185.0,EV_109,0.0,140,0.0,DR770601_6,61.95,51979.68,DR770601,179.24,0.0,65.0,D,SimuProB-4,EV_109
398.132,15.0,1.37,1200.0,0,4.102,1,75.15,4.138,18.0,15.0,185.0,EV_109,0.0,150,5.0,DR770601_6,61.97,51979.73,DR770601,179.24,0.0,65.0,D,SimuProB-4,EV_109
400.249,0.0,1.37,400.0,0,4.11,1,75.15,4.14,6.0,5.0,185.0,EV_109,0.0,160,15.0,DR770601_6,61.98,51979.75,DR770601,179.24,0.0,65.0,D,SimuProB-4,EV_109
400.28,10.0,1.37,800.0,0,4.108,1,75.15,4.139,12.0,8.0,185.0,EV_109,0.0,170,0.0,DR770601_6,62.0,51979.78,DR770601,179.24,0.0,65.0,D,SimuProB-4,EV_109
394.082,45.0,1.37,1800.0,0,4.09,1,75.14,4.135,28.0,65.0,185.0,EV_109,0.0,180,0.0,DR770601_6,62.02,51979.86,DR770601,179.24,0.0,65.0,D,SimuProB-4,EV_109
398.091,0.0,1.37,500.0,0,4.115,1,75.14,4.142,8.0,-25.0,185.0,EV_109,0.02,190,70.0,DR770601_6,62.03,51979.88,DR770601,179.24,0.0,65.0,D,SimuProB-4,EV_109
399.956,12.0,1.37,1000.0,0,4.105,1,75.14,4.136,15.0,12.0,185.0,EV_109,0.0,200,0.0,DR770601_6,62.04,51979.92,DR770601,179.24,0.0,62.1,D,SimuProB-4,EV_109
396.133,35.0,1.37,1600.0,0,4.095,1,75.12,4.132,25.0,45.0,185.0,EV_109,0.0,210,0.0,DR770601_6,62.08,51979.99,DR770601,179.24,0.0,62.2,D,SimuProB-4,EV_109
400.014,0.0,1.37,700.0,0,4.118,1,75.12,4.145,10.0,-30.0,185.0,EV_109,0.025,220,65.0,DR770601_6,62.12,51980.02,DR770601,179.24,0.0,62.3,D,SimuProB-4,EV_109
395.27,38.0,1.37,2200.0,0,4.092,1,75.1,4.138,32.0,55.0,185.0,EV_109,0.0,230,0.0,DR770601_6,62.15,51980.11,DR770601,179.24,0.0,62.35,D,SimuProB-4,EV_109
393.952,65.0,1.37,3600.0,0,4.085,1,75.08,4.145,48.0,85.0,185.0,EV_109,0.0,240,0.0,DR770601_6,62.18,51980.24,DR770601,179.24,0.0,62.42,D,SimuProB-4,EV_109
397.114,0.0,1.37,1700.0,0,4.11,1,75.08,4.14,25.0,-18.0,185.0,EV_109,0.015,250,45.0,DR770601_6,62.2,51980.31,DR770601,179.24,0.0,62.45,D,SimuProB-4,EV_109
391.014,70.0,1.37,4200.0,0,4.082,1,75.06,4.148,55.0,95.0,185.0,EV_109,0.0,260,0.0,DR770601_6,62.25,51980.46,DR770601,179.24,0.0,62.55,D,SimuProB-4,EV_109
397.878,0.0,1.37,1200.0,0,4.115,1,75.06,4.142,20.0,-25.0,185.0,EV_109,0.02,270,55.0,DR770601_6,62.28,51980.52,DR770601,179.24,0.0,62.58,D,SimuProB-4,EV_109
393.681,25.0,1.37,900.0,0,4.09,1,75.05,4.135,15.0,40.0,185.0,EV_109,0.0,280,5.0,DR770601_6,62.32,51980.56,DR770601,179.24,0.0,62.65,D,SimuProB-4,EV_109
398.223,0.0,1.37,400.0,0,4.122,1,75.03,4.141,8.0,-12.0,185.0,EV_109,0.012,290,35.0,DR770601_6,62.38,51980.58,DR770601,179.24,0.0,62.72,D,SimuProB-4,EV_109
395.945,40.0,1.37,1800.0,0,4.095,1,75.03,4.138,28.0,55.0,185.0,EV_109,0.0,300,0.0,DR770601_6,62.45,51980.66,DR770601,179.24,0.0,62.78,D,SimuProB-4,EV_109
394.473,55.0,1.37,2800.0,0,4.088,1,75.02,4.145,42.0,75.0,185.0,EV_109,0.0,310,0.0,DR770601_6,62.5,51980.78,DR770601,179.24,0.0,62.85,D,SimuProB-4,EV_109
398.816,0.0,1.37,200.0,0,4.125,1,75.0,4.148,5.0,-15.0,185.0,EV_109,0.015,320,45.0,DR770601_6,62.52,51980.79,DR770601,179.24,0.0,62.87,D,SimuProB-4,EV_109
394.771,45.0,1.37,2100.0,0,4.09,1,75.0,4.145,32.0,65.0,185.0,EV_109,0.0,330,0.0,DR770601_6,62.56,51980.88,DR770601,179.24,0.0,62.91,D,SimuProB-4,EV_109
400.224,0.0,1.37,600.0,0,4.12,1,75.0,4.15,12.0,-35.0,185.0,EV_109,0.025,340,60.0,DR770601_6,62.58,51980.92,DR770601,179.24,0.0,62.93,D,SimuProB-4,EV_109
392.191,60.0,1.37,2400.0,0,4.08,1,74.98,4.14,38.0,85.0,185.0,EV_109,0.0,350,0.0,DR770601_6,62.6,51981.03,DR770601,179.24,0.0,63.0,D,SimuProB-4,EV_109
396.768,0.0,1.37,1100.0,0,4.11,1,74.98,4.145,18.0,-25.0,185.0,EV_109,0.02,360,55.0,DR770601_6,62.62,51981.08,DR770601,179.24,0.0,63.05,D,SimuProB-4,EV_109
393.57,70.0,1.37,2900.0,0,4.075,1,74.97,4.142,45.0,95.0,185.0,EV_109,0.0,370,0.0,DR770601_6,62.65,51981.2,DR770601,179.24,0.0,63.1,D,SimuProB-4,EV_109
385.206,75.0,1.37,3800.0,0,4.065,1,74.95,4.148,58.0,145.0,185.0,EV_109,0.0,380,0.0,DR770601_6,62.72,51981.36,DR770601,179.24,0.0,63.18,D,SimuProB-4,EV_109
390.436,0.0,1.37,1500.0,0,4.115,1,74.94,4.145,25.0,-30.0,185.0,EV_109,0.028,390,65.0,DR770601_6,62.76,51981.43,DR770601,179.24,0.0,63.22,D,SimuProB-4,EV_109
392.857,40.0,1.37,2300.0,0,4.085,1,74.92,4.142,35.0,55.0,185.0,EV_109,0.0,400,0.0,DR770601_6,62.81,51981.53,DR770601,179.24,0.0,63.28,D,SimuProB-4,EV_109
382.866,60.0,1.37,3400.0,0,4.07,1,74.9,4.14,52.0,120.0,185.0,EV_109,0.0,410,0.0,DR770601_6,62.88,51981.67,DR770601,179.24,0.0,63.35,D,SimuProB-4,EV_109
388.144,0.0,1.37,1300.0,0,4.12,1,74.9,4.145,20.0,-35.0,185.0,EV_109,0.025,420,70.0,DR770601_6,62.92,51981.73,DR770601,179.24,0.0,63.4,D,SimuProB-4,EV_109
395.118,15.0,1.37,550.0,0,4.115,1,74.89,4.135,8.0,12.0,185.0,EV_109,0.0,430,0.0,DR770601_6,62.96,51981.75,DR770601,179.24,0.0,63.45,D,SimuProB-4,EV_109
385.145,25.0,1.37,800.0,0,4.08,1,74.88,4.14,12.0,45.0,185.0,EV_109,0.0,440,0.0,DR770601_6,63.02,51981.78,DR770601,179.24,0.0,63.52,D,SimuProB-4,EV_109
397.158,0.0,1.37,0.0,0,4.13,1,74.87,4.145,0.0,5.0,185.0,EV_109,0.0,450,45.0,DR770601_6,63.08,51981.78,DR770601,179.24,0.0,63.58,D,SimuProB-4,EV_109
387.89,35.0,1.37,1450.0,0,4.075,1,74.86,4.142,22.0,65.0,185.0,EV_109,0.0,460,0.0,DR770601_6,63.15,51981.84,DR770601,179.24,0.0,63.65,D,SimuProB-4,EV_109
401.709,20.0,1.37,1150.0,0,4.11,1,74.85,4.14,18.0,32.5,185.0,EV_109,0.0,470,0.0,DR770601_6,63.25,51981.89,DR770601,179.24,0.0,63.75,D,SimuProB-4,EV_109
392.394,0.0,1.37,450.0,0,4.09,1,74.84,4.145,8.0,-28.0,185.0,EV_109,0.018,480,65.0,DR770601_6,63.32,51981.91,DR770601,179.24,0.0,63.82,D,SimuProB-4,EV_109
403.603,12.0,1.37,950.0,0,4.115,1,74.84,4.142,15.0,18.2,185.0,EV_109,0.0,490,0.0,DR770601_6,63.38,51981.95,DR770601,179.24,0.0,63.88,D,SimuProB-4,EV_109
386.033,45.0,1.37,1850.0,0,4.065,1,74.81,4.145,28.0,72.0,185.0,EV_109,0.0,500,0.0,DR770601_6,63.45,51982.03,DR770601,179.24,0.0,63.95,D,SimuProB-4,EV_109
395.099,5.0,1.37,750.0,0,4.12,1,74.81,4.142,12.0,12.0,185.0,EV_109,0.0,510,0.0,DR770601_6,63.52,51982.06,DR770601,179.24,0.0,64.02,D,SimuProB-4,EV_109
403.053,0.0,1.37,0.0,0,4.135,1,74.81,4.145,0.0,4.5,185.0,EV_109,0.0,520,55.0,DR770601_6,63.6,51982.06,DR770601,179.24,0.0,64.1,D,SimuProB-4,EV_109
398.377,15.0,1.37,1100.0,0,4.118,1,74.79,4.143,18.0,15.0,185.0,EV_109,0.0,530,0.0,DR770601_6,63.65,51982.11,DR770601,179.24,0.0,64.15,D,SimuProB-4,EV_109
388.365,40.0,1.37,2100.0,0,4.07,1,74.78,4.145,32.0,65.0,185.0,EV_109,0.0,540,0.0,DR770601_6,63.75,51982.2,DR770601,179.24,0.0,64.25,D,SimuProB-4,EV_109
396.926,0.0,1.37,950.0,0,4.105,1,74.77,4.148,15.0,-25.0,185.0,EV_109,0.015,550,45.0,DR770601_6,63.8,51982.24,DR770601,179.24,0.0,64.3,D,SimuProB-4,EV_109
405.073,25.0,1.37,1550.0,0,4.125,1,74.76,4.146,25.0,8.5,185.0,EV_109,0.0,560,0.0,DR770601_6,63.85,51982.31,DR770601,179.24,0.0,64.35,D,SimuProB-4,EV_109
385.236,55.0,1.37,2800.0,0,4.095,1,74.76,4.149,42.0,85.0,185.0,EV_109,0.0,570,0.0,DR770601_6,63.98,51982.43,DR770601,179.24,0.0,64.48,D,SimuProB-4,EV_109
391.688,0.0,1.37,1800.0,0,4.115,1,74.75,4.152,28.0,-32.0,185.0,EV_109,0.022,580,60.0,DR770601_6,64.02,51982.5,DR770601,179.24,0.0,64.52,D,SimuProB-4,EV_109
397.977,30.0,1.37,1850.0,0,4.11,1,74.75,4.147,28.0,45.0,185.0,EV_109,0.0,590,0.0,DR770601_6,64.08,51982.58,DR770601,179.24,0.0,64.58,D,SimuProB-4,EV_109
382.354,65.0,1.37,3200.0,0,4.085,1,74.73,4.15,48.0,110.0,185.0,EV_109,0.0,600,0.0,DR770601_6,64.22,51982.71,DR770601,179.24,0.0,64.72,D,SimuProB-4,EV_109
395.657,0.0,1.37,1150.0,0,4.12,1,74.7,4.155,18.0,-38.0,185.0,EV_109,0.025,610,55.0,DR770601_6,64.35,51982.76,DR770601,179.24,0.0,64.85,D,SimuProB-4,EV_109
380.432,75.0,1.37,3600.0,0,4.082,1,74.67,4.155,52.0,145.0,185.0,EV_109,0.0,620,0.0,DR770601_6,64.45,51982.9,DR770601,179.24,0.0,64.95,D,SimuProB-4,EV_109
372.7,60.0,1.37,2300.0,0,4.075,1,74.67,4.16,35.0,180.0,185.0,EV_109,0.0,630,0.0,DR770601_6,64.6,51983.0,DR770601,179.24,0.0,65.0,D,SimuProB-4,EV_109
388.734,0.0,1.37,900.0,0,4.112,1,74.65,4.148,15.0,-25.0,185.0,EV_109,0.018,640,45.0,DR770601_6,64.65,51983.04,DR770601,179.24,0.0,65.0,D,SimuProB-4,EV_109
376.38,55.0,1.37,2700.0,0,4.088,1,74.64,4.152,42.0,125.0,185.0,EV_109,0.0,650,0.0,DR770601_6,64.72,51983.16,DR770601,179.24,0.0,65.0,D,SimuProB-4,EV_109
368.752,78.0,1.37,3800.0,0,4.072,1,74.61,4.158,55.0,190.0,185.0,EV_109,0.0,660,0.0,DR770601_6,64.85,51983.31,DR770601,179.24,0.0,65.0,D,SimuProB-4,EV_109
384.915,0.0,1.37,1600.0,0,4.108,1,74.59,4.145,25.0,-32.0,185.0,EV_109,0.022,670,60.0,DR770601_6,64.9,51983.38,DR770601,179.24,0.0,65.0,D,SimuProB-4,EV_109
394.957,0.0,1.37,650.0,0,4.115,1,74.57,4.142,10.0,-18.0,185.0,EV_109,0.015,680,40.0,DR770601_6,64.92,51983.41,DR770601,179.24,0.0,65.0,D,SimuProB-4,EV_109
402.199,30.0,1.37,1800.0,0,4.122,1,74.57,4.148,28.0,35.0,185.0,EV_109,0.0,690,0.0,DR770601_6,64.95,51983.49,DR770601,179.24,0.0,65.0,D,SimuProB-4,EV_109
398.22,45.0,1.37,2400.0,0,4.125,1,74.56,4.15,38.0,65.0,185.0,EV_109,0.0,700,0.0,DR770601_6,64.98,51983.59,DR770601,179.24,0.0,65.0,D,SimuProB-4,EV_109
395.638,55.0,1.37,2650.0,0,4.122,1,74.54,4.148,42.0,75.0,185.0,EV_109,0.0,710,0.0,DR770601_6,65.0,51983.71,DR770601,179.24,0.0,65.0,D,SimuProB-4,EV_109
387.63,65.0,1.37,3050.0,0,4.118,1,74.52,4.152,48.0,110.0,185.0,EV_109,0.0,720,0.0,DR770601_6,65.0,51983.84,DR770601,179.24,0.0,65.0,D,SimuProB-4,EV_109
405.169,0.0,1.37,1250.0,0,4.13,1,74.51,4.155,20.0,-25.0,185.0,EV_109,0.025,730,55.0,DR770601_6,65.0,51983.9,DR770601,179.24,0.0,65.0,D,SimuProB-4,EV_109
385.925,58.0,1.37,2850.0,0,4.115,1,74.49,4.15,45.0,95.0,185.0,EV_109,0.0,740,0.0,DR770601_6,65.0,51984.03,DR770601,179.24,0.0,65.0,D,SimuProB-4,EV_109
392.783,25.0,1.37,1500.0,0,4.12,1,74.49,4.145,25.0,45.0,185.0,EV_109,0.0,750,10.0,DR770601_6,65.0,51984.09,DR770601,179.24,0.0,65.0,D,SimuProB-4,EV_109
379.173,68.0,1.37,3000.0,0,4.11,1,74.48,4.155,48.0,130.0,185.0,EV_109,0.0,760,0.0,DR770601_6,65.0,51984.23,DR770601,179.24,0.0,65.0,D,SimuProB-4,EV_109
398.709,0.0,1.37,1100.0,0,4.125,1,74.46,4.158,18.0,-32.0,185.0,EV_109,0.028,770,65.0,DR770601_6,65.0,51984.28,DR770601,179.24,0.0,65.0,D,SimuProB-4,EV_109
412.624,5.0,1.37,500.0,0,4.12,1,74.46,4.145,8.0,12.0,185.0,EV_109,0.0,780,15.0,DR770601_6,65.0,51984.3,DR770601,179.24,0.0,65.0,D,SimuProB-4,EV_109
402.431,42.0,1.37,2100.0,0,4.122,1,74.45,4.148,32.0,48.0,185.0,EV_109,0.0,790,0.0,DR770601_6,65.0,51984.39,DR770601,179.24,0.0,65.0,D,SimuProB-4,EV_109
395.278,15.0,1.37,1400.0,0,4.118,1,74.43,4.142,22.0,35.0,185.0,EV_109,0.0,800,0.0,DR770601_6,65.0,51984.45,DR770601,179.24,0.0,65.0,D,SimuProB-4,EV_109
382.07,55.0,1.37,3300.0,0,4.105,1,74.41,4.152,52.0,95.0,185.0,EV_109,0.0,810,0.0,DR770601_6,65.0,51984.6,DR770601,179.24,0.0,65.0,D,SimuProB-4,EV_109
406.174,0.0,1.37,1800.0,0,4.12,1,74.41,4.15,28.0,-25.0,185.0,EV_109,0.022,820,45.0,DR770601_6,65.0,51984.67,DR770601,179.24,0.0,65.0,D,SimuProB-4,EV_109
398.267,35.0,1.37,2400.0,0,4.115,1,74.4,4.148,38.0,45.0,185.0,EV_109,0.0,830,0.0,DR770601_6,34.8,51984.78,DR770601,179.24,0.0,36.2,D,SimuProB-4,EV_109
388.063,65.0,1.37,3600.0,0,4.108,1,74.36,4.152,55.0,110.0,185.0,EV_109,0.0,840,0.0,DR770601_6,35.0,51984.93,DR770601,179.24,0.0,36.4,D,SimuProB-4,EV_109
405.058,0.0,1.37,750.0,0,4.122,1,74.36,4.15,12.0,-32.0,185.0,EV_109,0.025,850,60.0,DR770601_6,35.1,51984.96,DR770601,179.24,0.0,36.5,D,SimuProB-4,EV_109
384.979,75.0,1.37,4200.0,0,4.105,1,74.34,4.152,60.0,135.0,185.0,EV_109,0.0,860,0.0,DR770601_6,35.3,51985.13,DR770601,179.24,0.0,36.8,D,SimuProB-4,EV_109
395.288,0.0,1.37,1400.0,0,4.125,1,74.34,4.15,22.0,-18.0,185.0,EV_109,0.02,870,35.0,DR770601_6,35.4,51985.19,DR770601,179.24,0.0,36.9,D,SimuProB-4,EV_109
392.973,45.0,1.37,2900.0,0,4.112,1,74.33,4.148,45.0,65.0,185.0,EV_109,0.0,880,0.0,DR770601_6,35.6,51985.31,DR770601,179.24,0.0,37.1,D,SimuProB-4,EV_109
391.097,25.0,1.37,1800.0,0,4.115,1,74.31,4.145,28.0,25.0,185.0,EV_109,0.0,890,0.0,DR770601_6,35.8,51985.39,DR770601,179.24,0.0,37.3,D,SimuProB-4,EV_109
397.952,0.0,1.37,650.0,0,4.12,1,74.31,4.148,10.0,-28.0,185.0,EV_109,0.022,900,45.0,DR770601_6,35.9,51985.42,DR770601,179.24,0.0,37.4,D,SimuProB-4,EV_109
393.669,40.0,1.37,2300.0,0,4.118,1,74.3,4.15,35.0,55.0,185.0,EV_109,0.0,910,0.0,DR770601_6,36.0,51985.51,DR770601,179.24,0.0,37.5,D,SimuProB-4,EV_109
390.95,55.0,1.37,2600.0,0,4.11,1,74.27,4.148,42.0,75.0,185.0,EV_109,0.0,920,0.0,DR770601_6,36.1,51985.63,DR770601,179.24,0.0,37.6,D,SimuProB-4,EV_109
388.536,75.0,1.37,3400.0,0,4.105,1,74.27,4.15,52.0,110.0,185.0,EV_109,0.0,930,0.0,DR770601_6,36.3,51985.77,DR770601,179.24,0.0,37.8,D,SimuProB-4,EV_109
394.585,0.0,1.37,1600.0,0,4.118,1,74.26,4.148,25.0,-25.0,185.0,EV_109,0.015,940,60.0,DR770601_6,36.4,51985.84,DR770601,179.24,0.0,37.9,D,SimuProB-4,EV_109
391.232,45.0,1.37,2400.0,0,4.115,1,74.26,4.145,38.0,65.0,185.0,EV_109,0.0,950,0.0,DR770601_6,36.45,51985.95,DR770601,179.24,0.0,37.95,D,SimuProB-4,EV_109
388.668,70.0,1.37,3100.0,0,4.108,1,74.24,4.148,48.0,120.0,185.0,EV_109,0.0,960,0.0,DR770601_6,36.55,51986.08,DR770601,179.24,0.0,38.05,D,SimuProB-4,EV_109
393.041,0.0,1.37,1200.0,0,4.122,1,74.23,4.148,20.0,-35.0,185.0,EV_109,0.025,970,80.0,DR770601_6,36.6,51986.13,DR770601,179.24,0.0,38.1,D,SimuProB-4,EV_109
385.357,80.0,1.37,3900.0,0,4.1,1,74.2,4.15,60.0,145.0,185.0,EV_109,0.0,980,0.0,DR770601_6,36.7,51986.3,DR770601,179.24,0.0,38.2,D,SimuProB-4,EV_109
378.221,65.0,1.37,2850.0,0,4.095,1,74.19,4.145,45.0,180.0,185.0,EV_109,0.0,990,0.0,DR770601_6,36.85,51986.42,DR770601,179.24,0.0,38.35,D,SimuProB-4,EV_109
389.403,0.0,1.37,650.0,0,4.125,1,74.19,4.148,10.0,-38.0,185.0,EV_109,0.028,1000,85.0,DR770601_6,36.9,51986.45,DR770601,179.24,0.0,38.4,D,SimuProB-4,EV_109
381.023,75.0,1.37,3600.0,0,4.09,1,74.18,4.145,55.0,155.0,185.0,EV_109,0.0,1010,0.0,DR770601_6,37.0,51986.6,DR770601,179.24,0.0,38.5,D,SimuProB-4,EV_109
375.706,60.0,1.37,3200.0,0,4.08,1,74.16,4.15,50.0,190.0,185.0,EV_109,0.0,1020,0.0,DR770601_6,37.1,51986.74,DR770601,179.24,0.0,38.65,D,SimuProB-4,EV_109
390.281,0.0,1.37,900.0,0,4.12,1,74.16,4.148,15.0,-32.0,185.0,EV_109,0.022,1030,45.0,DR770601_6,37.15,51986.78,DR770601,179.24,0.0,38.7,D,SimuProB-4,EV_109
372.029,70.0,1.37,3400.0,0,4.075,1,74.14,4.15,52.0,195.0,185.0,EV_109,0.0,1040,0.0,DR770601_6,37.2,51986.92,DR770601,179.24,0.0,38.8,D,SimuProB-4,EV_109
385.282,25.0,1.37,1600.0,0,4.11,1,74.13,4.145,25.0,45.0,185.0,EV_109,0.0,1050,0.0,DR770601_6,37.25,51986.99,DR770601,179.24,0.0,38.85,D,SimuProB-4,EV_109
392.444,0.0,1.37,500.0,0,4.125,1,74.13,4.148,8.0,-25.0,185.0,EV_109,0.018,1060,60.0,DR770601_6,37.3,51987.02,DR770601,179.24,0.0,38.9,D,SimuProB-4,EV_109
378.062,45.0,1.37,2800.0,0,4.09,1,74.12,4.145,42.0,145.0,185.0,EV_109,0.0,1070,0.0,DR770601_6,37.32,51987.14,DR770601,179.24,0.0,38.92,D,SimuProB-4,EV_109
395.1,0.0,1.37,150.0,0,4.13,1,74.11,4.15,5.0,-38.0,185.0,EV_109,0.028,1080,85.0,DR770601_6,37.35,51987.15,DR770601,179.24,0.0,38.95,D,SimuProB-4,EV_109
391.033,15.0,1.37,600.0,0,4.11,1,74.1,4.14,12.0,12.0,185.0,EV_109,0.0,1090,5.0,DR770601_6,37.4,51987.18,DR770601,179.24,0.0,39.0,D,SimuProB-4,EV_109
382.305,35.0,1.37,1850.0,0,4.095,1,74.08,4.142,28.0,95.0,185.0,EV_109,0.0,1100,0.0,DR770601_6,37.45,51987.26,DR770601,179.24,0.0,39.05,D,SimuProB-4,EV_109
374.945,65.0,1.37,3200.0,0,4.085,1,74.08,4.148,48.0,165.0,185.0,EV_109,0.0,1110,0.0,DR770601_6,37.55,51987.39,DR770601,179.24,0.0,39.18,D,SimuProB-4,EV_109
388.711,0.0,1.37,450.0,0,4.128,1,74.07,4.15,10.0,-35.0,185.0,EV_109,0.022,1120,45.0,DR770601_6,37.6,51987.42,DR770601,179.24,0.0,39.22,D,SimuProB-4,EV_109
376.201,45.0,1.37,2200.0,0,4.09,1,74.04,4.145,35.0,120.0,185.0,EV_109,0.0,1130,0.0,DR770601_6,37.65,51987.52,DR770601,179.24,0.0,39.3,D,SimuProB-4,EV_109
368.331,75.0,1.37,3800.0,0,4.08,1,74.04,4.15,55.0,185.0,185.0,EV_109,0.0,1140,0.0,DR770601_6,37.8,51987.67,DR770601,179.24,0.0,39.45,D,SimuProB-4,EV_109
390.449,0.0,1.37,800.0,0,4.135,1,74.04,4.15,15.0,-25.0,185.0,EV_109,0.018,1150,60.0,DR770601_6,37.82,51987.71,DR770601,179.24,0.0,39.48,D,SimuProB-4,EV_109
364.511,80.0,1.37,4300.0,0,4.07,1,73.99,4.15,62.0,190.0,185.0,EV_109,0.0,1160,0.0,DR770601_6,38.0,51987.88,DR770601,179.24,0.0,39.6,D,SimuProB-4,EV_109
378.595,0.0,1.37,1500.0,0,4.13,1,73.99,4.148,25.0,-30.0,185.0,EV_109,0.02,1170,55.0,DR770601_6,38.05,51987.95,DR770601,179.24,0.0,39.65,D,SimuProB-4,EV_109
372.341,40.0,1.37,2600.0,0,4.095,1,73.97,4.145,38.0,95.0,185.0,EV_109,0.0,1180,0.0,DR770601_6,38.15,51988.06,DR770601,179.24,0.0,39.75,D,SimuProB-4,EV_109
365.175,65.0,1.37,3400.0,0,4.085,1,73.94,4.142,48.0,160.0,185.0,EV_109,0.0,1190,0.0,DR770601_6,38.22,51988.19,DR770601,179.24,0.0,39.82,D,SimuProB-4,EV_109
385.735,0.0,1.37,700.0,0,4.125,1,73.93,4.15,12.0,-35.0,185.0,EV_109,0.022,1200,70.0,DR770601_6,38.25,51988.23,DR770601,179.24,0.0,39.86,D,SimuProB-4,EV_109
370.02,50.0,1.37,2300.0,0,4.09,1,73.93,4.14,35.0,110.0,185.0,EV_109,0.0,1210,0.0,DR770601_6,38.3,51988.32,DR770601,179.24,0.0,39.95,D,SimuProB-4,EV_109
375.269,35.0,1.37,2800.0,0,4.105,1,73.9,4.146,42.0,65.0,185.0,EV_109,0.0,1220,0.0,DR770601_6,38.38,51988.44,DR770601,179.24,0.0,40.02,D,SimuProB-4,EV_109
367.836,55.0,1.37,3700.0,0,4.092,1,73.89,4.148,52.0,145.0,185.0,EV_109,0.0,1230,0.0,DR770601_6,38.45,51988.58,DR770601,179.24,0.0,40.14,D,SimuProB-4,EV_109
380.363,0.0,1.37,900.0,0,4.128,1,73.89,4.15,15.0,-25.0,185.0,EV_109,0.02,1240,45.0,DR770601_6,38.5,51988.62,DR770601,179.24,0.0,40.2,D,SimuProB-4,EV_109
372.971,45.0,1.37,3200.0,0,4.108,1,73.87,4.142,48.0,85.0,185.0,EV_109,0.0,1250,0.0,DR770601_6,38.65,51988.75,DR770601,179.24,0.0,40.35,D,SimuProB-4,EV_109
365.364,60.0,1.37,3900.0,0,4.095,1,73.86,4.148,55.0,130.0,185.0,EV_109,0.0,1260,0.0,DR770601_6,38.75,51988.91,DR770601,179.24,0.0,40.5,D,SimuProB-4,EV_109
390.881,0.0,1.37,450.0,0,4.135,1,73.86,4.15,8.0,-15.0,185.0,EV_109,0.015,1270,30.0,DR770601_6,38.8,51988.93,DR770601,179.24,0.0,40.55,D,SimuProB-4,EV_109
368.158,40.0,1.37,4200.0,0,4.11,1,73.84,4.145,65.0,85.0,185.0,EV_109,0.0,0,0.0,DR770601_7,38.85,51989.11,DR770601,179.24,0.0,40.6,D,SimuProB-4,EV_109
375.417,35.0,1.37,5500.0,0,4.112,1,73.84,4.148,85.0,60.0,185.0,EV_109,0.0,10,0.0,DR770601_7,38.9,51989.35,DR770601,179.24,0.0,40.65,D,SimuProB-4,EV_109
362.472,75.0,1.37,6000.0,0,4.105,1,73.83,4.15,105.0,120.0,185.0,EV_109,0.0,20,0.0,DR770601_7,39.0,51989.64,DR770601,179.24,0.0,40.75,D,SimuProB-4,EV_109
360.028,80.0,1.37,6000.0,0,4.1,1,73.8,4.15,115.0,145.0,185.0,EV_109,0.0,30,0.0,DR770601_7,39.15,51989.96,DR770601,179.24,0.0,40.9,D,SimuProB-4,EV_109
358.338,85.0,1.37,6000.0,0,4.098,1,73.8,4.152,118.0,155.0,185.0,EV_109,0.0,40,0.0,DR770601_7,39.3,51990.29,DR770601,179.24,0.0,41.1,D,SimuProB-4,EV_109
359.832,70.0,1.37,6000.0,0,4.102,1,73.79,4.15,110.0,135.0,185.0,EV_109,0.0,50,0.0,DR770601_7,39.45,51990.59,DR770601,179.24,0.0,41.25,D,SimuProB-4,EV_109
358.785,72.0,1.37,6000.0,0,4.096,1,73.78,4.148,112.0,130.0,185.0,EV_109,0.0,60,0.0,DR770601_7,39.6,51990.9,DR770601,179.24,0.0,41.4,D,SimuProB-4,EV_109
355.777,78.0,1.37,6000.0,0,4.094,1,73.76,4.15,116.0,140.0,185.0,EV_109,0.0,70,0.0,DR770601_7,39.8,51991.22,DR770601,179.24,0.0,41.6,D,SimuProB-4,EV_109
361.975,55.0,1.37,5500.0,0,4.1,1,73.76,4.145,100.0,110.0,185.0,EV_109,0.0,80,0.0,DR770601_7,39.9,51991.5,DR770601,179.24,0.0,41.7,D,SimuProB-4,EV_109
356.276,68.0,1.37,5800.0,0,4.095,1,73.74,4.151,108.0,145.0,185.0,EV_109,0.0,90,0.0,DR770601_7,39.95,51991.8,DR770601,179.24,0.0,41.85,D,SimuProB-4,EV_109
353.118,82.0,1.37,6000.0,0,4.092,1,73.74,4.153,119.0,165.0,185.0,EV_109,0.0,100,0.0,DR770601_7,40.15,51992.13,DR770601,179.24,0.0,42.05,D,SimuProB-4,EV_109
358.238,60.0,1.37,5600.0,0,4.097,1,73.71,4.149,105.0,125.0,185.0,EV_109,0.0,110,0.0,DR770601_7,40.3,51992.42,DR770601,179.24,0.0,42.2,D,SimuProB-4,EV_109
354.427,65.0,1.37,5900.0,0,4.095,1,73.67,4.148,112.0,135.0,185.0,EV_109,0.0,120,0.0,DR770601_7,40.4,51992.73,DR770601,179.24,0.0,42.3,D,SimuProB-4,EV_109
352.323,75.0,1.37,6000.0,0,4.09,1,73.67,4.15,118.0,155.0,185.0,EV_109,0.0,130,0.0,DR770601_7,40.55,51993.06,DR770601,179.24,0.0,42.45,D,SimuProB-4,EV_109
356.813,0.0,1.37,5400.0,0,4.098,1,73.65,4.152,102.0,-25.0,185.0,EV_109,0.04,140,12.0,DR770601_7,40.6,51993.34,DR770601,179.24,0.0,42.5,D,SimuProB-4,EV_109
352.205,78.0,1.37,5800.0,0,4.091,1,73.65,4.151,116.0,160.0,185.0,EV_109,0.0,150,0.0,DR770601_7,40.7,51993.66,DR770601,179.24,0.0,42.6,D,SimuProB-4,EV_109
355.259,55.0,1.37,5400.0,0,4.096,1,73.64,4.15,108.0,110.0,185.0,EV_109,0.0,160,0.0,DR770601_7,40.8,51993.96,DR770601,179.24,0.0,42.7,D,SimuProB-4,EV_109
354.086,70.0,1.37,5700.0,0,4.093,1,73.63,4.152,114.0,145.0,185.0,EV_109,0.0,170,0.0,DR770601_7,40.9,51994.28,DR770601,179.24,0.0,42.8,D,SimuProB-4,EV_109
353.085,65.0,1.37,5600.0,0,4.092,1,73.62,4.153,112.0,135.0,185.0,EV_109,0.0,180,0.0,DR770601_7,41.0,51994.59,DR770601,179.24,0.0,42.9,D,SimuProB-4,EV_109
351.385,85.0,1.37,5950.0,0,4.09,1,73.59,4.155,119.0,165.0,185.0,EV_109,0.0,190,0.0,DR770601_7,41.2,51994.92,DR770601,179.24,0.0,43.1,D,SimuProB-4,EV_109
355.46,0.0,1.37,5250.0,0,4.095,1,73.59,4.154,105.0,-35.0,185.0,EV_109,0.05,200,15.0,DR770601_7,41.25,51995.21,DR770601,179.24,0.0,43.15,D,SimuProB-4,EV_109
358.977,0.0,1.37,5100.0,0,4.097,1,73.57,4.156,102.0,-20.0,185.0,EV_109,0.04,210,10.0,DR770601_7,41.3,51995.49,DR770601,179.24,0.0,43.2,D,SimuProB-4,EV_109
356.498,45.0,1.37,5250.0,0,4.095,1,73.57,4.155,105.0,85.0,185.0,EV_109,0.0,220,0.0,DR770601_7,41.4,51995.78,DR770601,179.24,0.0,43.3,D,SimuProB-4,EV_109
356.785,40.0,1.37,5150.0,0,4.094,1,73.55,4.154,103.0,75.0,185.0,EV_109,0.0,230,0.0,DR770601_7,41.5,51996.07,DR770601,179.24,0.0,43.4,D,SimuProB-4,EV_109
356.069,38.0,1.37,5210.0,0,4.093,1,73.52,4.153,104.2,68.5,185.0,EV_109,0.0,240,0.0,DR770601_7,41.55,51996.36,DR770601,179.24,0.0,43.45,D,SimuProB-4,EV_109
353.626,55.0,1.37,5525.0,0,4.091,1,73.5,4.155,110.5,92.3,185.0,EV_109,0.0,250,0.0,DR770601_7,41.65,51996.67,DR770601,179.24,0.0,43.55,D,SimuProB-4,EV_109
353.656,42.0,1.37,5340.0,0,4.092,1,73.5,4.154,106.8,71.2,185.0,EV_109,0.0,260,0.0,DR770601_7,41.7,51996.96,DR770601,179.24,0.0,43.6,D,SimuProB-4,EV_109
352.831,58.0,1.37,5600.0,0,4.09,1,73.48,4.156,112.0,95.0,185.0,EV_109,0.0,270,0.0,DR770601_7,41.8,51997.27,DR770601,179.24,0.0,43.7,D,SimuProB-4,EV_109
354.767,35.0,1.37,5475.0,0,4.091,1,73.47,4.153,109.5,62.0,185.0,EV_109,0.0,280,0.0,DR770601_7,41.9,51997.58,DR770601,179.24,0.0,43.8,D,SimuProB-4,EV_109
352.926,65.0,1.37,5750.0,0,4.088,1,73.45,4.158,115.0,105.0,185.0,EV_109,0.0,290,0.0,DR770601_7,42.0,51997.89,DR770601,179.24,0.0,44.0,D,SimuProB-4,EV_109
351.398,62.0,1.37,5710.0,0,4.085,1,73.44,4.162,114.2,112.5,185.0,EV_109,0.0,300,0.0,DR770601_7,42.2,51998.21,DR770601,179.24,0.0,44.2,D,SimuProB-4,EV_109
352.815,48.0,1.37,5625.0,0,4.092,1,73.42,4.158,112.5,85.4,185.0,EV_109,0.0,310,0.0,DR770601_7,42.4,51998.52,DR770601,179.24,0.0,44.4,D,SimuProB-4,EV_109
352.469,56.0,1.37,5690.0,0,4.088,1,73.39,4.16,113.8,98.2,185.0,EV_109,0.0,320,0.0,DR770601_7,42.6,51998.84,DR770601,179.24,0.0,44.6,D,SimuProB-4,EV_109
352.008,55.0,1.37,5700.0,0,4.087,1,73.36,4.159,114.0,95.5,185.0,EV_109,0.0,330,0.0,DR770601_7,42.7,51999.16,DR770601,179.24,0.0,44.7,D,SimuProB-4,EV_109
350.714,70.0,1.37,5825.0,0,4.084,1,73.34,4.161,116.5,118.2,185.0,EV_109,0.0,340,0.0,DR770601_7,42.9,51999.48,DR770601,179.24,0.0,44.9,D,SimuProB-4,EV_109
352.202,42.0,1.37,5550.0,0,4.09,1,73.33,4.157,111.0,78.5,185.0,EV_109,0.0,350,0.0,DR770601_7,43.0,51999.79,DR770601,179.24,0.0,45.0,D,SimuProB-4,EV_109
350.784,45.0,1.37,5600.0,0,4.089,1,73.32,4.159,112.0,92.3,185.0,EV_109,0.0,360,0.0,DR770601_7,43.2,52000.1,DR770601,179.24,0.0,45.2,D,SimuProB-4,EV_109
349.925,58.0,1.37,5775.0,0,4.085,1,73.31,4.162,115.5,105.6,185.0,EV_109,0.0,370,0.0,DR770601_7,43.4,52000.42,DR770601,179.24,0.0,45.4,D,SimuProB-4,EV_109
352.022,40.0,1.37,5525.0,0,4.091,1,73.3,4.158,110.5,75.2,185.0,EV_109,0.0,380,0.0,DR770601_7,43.5,52000.73,DR770601,179.24,0.0,45.5,D,SimuProB-4,EV_109
351.165,43.0,1.37,5560.0,0,4.088,1,73.29,4.159,111.2,82.4,185.0,EV_109,0.0,390,0.0,DR770601_7,43.6,52001.04,DR770601,179.24,0.0,45.6,D,SimuProB-4,EV_109
348.484,65.0,1.37,5740.0,0,4.082,1,73.26,4.164,114.8,125.6,185.0,EV_109,0.0,400,0.0,DR770601_7,43.8,52001.36,DR770601,179.24,0.0,45.8,D,SimuProB-4,EV_109
350.236,48.0,1.37,5625.0,0,4.086,1,73.26,4.161,112.5,95.1,185.0,EV_109,0.0,410,0.0,DR770601_7,44.0,52001.67,DR770601,179.24,0.0,46.0,D,SimuProB-4,EV_109
348.718,62.0,1.37,5810.0,0,4.081,1,73.25,4.163,116.2,118.3,185.0,EV_109,0.0,420,0.0,DR770601_7,44.2,52001.99,DR770601,179.24,0.0,46.2,D,SimuProB-4,EV_109
353.603,35.0,1.37,5420.0,0,4.092,1,73.23,4.157,108.4,68.5,185.0,EV_109,0.0,430,0.0,DR770601_7,44.3,52002.29,DR770601,179.24,0.0,46.3,D,SimuProB-4,EV_109
347.129,78.0,1.37,5990.0,0,4.079,1,73.23,4.165,119.8,142.7,185.0,EV_109,0.0,440,0.0,DR770601_7,44.6,52002.63,DR770601,179.24,0.0,46.6,D,SimuProB-4,EV_109
345.87,72.0,1.37,5925.0,0,4.076,1,73.22,4.168,118.5,155.2,185.0,EV_109,0.0,450,0.0,DR770601_7,44.9,52002.96,DR770601,179.24,0.0,46.9,D,SimuProB-4,EV_109
349.008,38.0,1.37,5260.0,0,4.084,1,73.2,4.162,105.2,88.4,185.0,EV_109,0.0,460,0.0,DR770601_7,45.1,52003.25,DR770601,179.24,0.0,47.1,D,SimuProB-4,EV_109
344.275,82.0,1.37,6080.0,0,4.073,1,73.18,4.171,121.6,168.3,185.0,EV_109,0.0,470,0.0,DR770601_7,45.4,52003.59,DR770601,179.24,0.0,47.4,D,SimuProB-4,EV_109
341.718,85.0,1.37,6125.0,0,4.068,1,73.15,4.174,122.5,175.4,185.0,EV_109,0.0,480,0.0,DR770601_7,45.6,52003.93,DR770601,179.24,0.0,47.6,D,SimuProB-4,EV_109
348.457,40.0,1.37,5600.0,0,4.081,1,73.13,4.169,112.0,95.2,185.0,EV_109,0.0,490,0.0,DR770601_7,45.8,52004.24,DR770601,179.24,0.0,47.8,D,SimuProB-4,EV_109
342.867,75.0,1.37,5900.0,0,4.07,1,73.11,4.172,118.0,160.5,185.0,EV_109,0.0,500,0.0,DR770601_7,46.1,52004.57,DR770601,179.24,0.0,48.1,D,SimuProB-4,EV_109
339.398,72.0,1.37,5875.0,0,4.065,1,73.08,4.175,117.5,165.2,185.0,EV_109,0.0,510,0.0,DR770601_7,46.3,52004.9,DR770601,179.24,0.0,48.3,D,SimuProB-4,EV_109
343.128,45.0,1.37,5410.0,0,4.088,1,73.07,4.17,108.2,105.8,185.0,EV_109,0.0,520,0.0,DR770601_7,46.5,52005.2,DR770601,179.24,0.0,48.5,D,SimuProB-4,EV_109
340.14,68.0,1.37,5740.0,0,4.072,1,73.07,4.173,114.8,152.4,185.0,EV_109,0.0,530,0.0,DR770601_7,46.8,52005.52,DR770601,179.24,0.0,48.8,D,SimuProB-4,EV_109
338.178,65.0,1.37,5775.0,0,4.068,1,73.05,4.172,115.5,145.2,185.0,EV_109,0.0,540,0.0,DR770601_7,46.9,52005.84,DR770601,179.24,0.0,48.9,D,SimuProB-4,EV_109
336.748,70.0,1.37,5810.0,0,4.065,1,73.03,4.174,116.2,158.9,185.0,EV_109,0.0,550,0.0,DR770601_7,47.0,52006.16,DR770601,179.24,0.0,49.0,D,SimuProB-4,EV_109
339.287,50.0,1.37,5540.0,0,4.075,1,73.02,4.171,110.8,115.4,185.0,EV_109,0.0,560,0.0,DR770601_7,47.1,52006.47,DR770601,179.24,0.0,49.1,D,SimuProB-4,EV_109
335.978,75.0,1.37,5925.0,0,4.062,1,73.02,4.175,118.5,162.5,185.0,EV_109,0.0,570,0.0,DR770601_7,47.2,52006.8,DR770601,179.24,0.0,49.2,D,SimuProB-4,EV_109
337.591,52.0,1.37,5620.0,0,4.078,1,73.0,4.173,112.4,128.3,185.0,EV_109,0.0,580,0.0,DR770601_7,47.3,52007.11,DR770601,179.24,0.0,49.3,D,SimuProB-4,EV_109
336.436,60.0,1.37,5790.0,0,4.069,1,73.0,4.174,115.8,140.2,185.0,EV_109,0.0,590,0.0,DR770601_7,47.4,52007.43,DR770601,179.24,0.0,49.4,D,SimuProB-4,EV_109
334.636,62.0,1.37,5735.0,0,4.061,1,72.99,4.172,114.5,155.4,185.0,EV_109,0.0,600,0.0,DR770601_7,47.5,52007.75,DR770601,179.24,0.0,49.5,D,SimuProB-4,EV_109
338.704,48.0,1.37,5410.0,0,4.07,1,72.97,4.17,108.2,110.2,185.0,EV_109,0.0,610,0.0,DR770601_7,47.6,52008.05,DR770601,179.24,0.0,49.6,D,SimuProB-4,EV_109
335.123,78.0,1.37,5965.0,0,4.058,1,72.97,4.176,119.3,165.7,185.0,EV_109,0.0,620,0.0,DR770601_7,47.7,52008.38,DR770601,179.24,0.0,49.7,D,SimuProB-4,EV_109
336.886,65.0,1.37,5825.0,0,4.065,1,72.96,4.175,116.5,145.2,185.0,EV_109,0.0,630,0.0,DR770601_7,47.8,52008.7,DR770601,179.24,0.0,49.8,D,SimuProB-4,EV_109
333.583,82.0,1.37,5910.0,0,4.052,1,72.95,4.178,118.2,175.8,185.0,EV_109,0.0,640,0.0,DR770601_7,47.9,52009.03,DR770601,179.24,0.0,49.9,D,SimuProB-4,EV_109
338.21,55.0,1.37,5690.0,0,4.068,1,72.94,4.174,113.8,118.5,185.0,EV_109,0.0,650,0.0,DR770601_7,48.0,52009.35,DR770601,179.24,0.0,50.0,D,SimuProB-4,EV_109
336.698,52.0,1.37,5725.0,0,4.065,1,72.94,4.172,114.5,125.4,185.0,EV_109,0.0,660,0.0,DR770601_7,48.1,52009.67,DR770601,179.24,0.0,50.1,D,SimuProB-4,EV_109
333.71,68.0,1.37,5890.0,0,4.058,1,72.91,4.175,117.8,155.8,185.0,EV_109,0.0,670,0.0,DR770601_7,48.25,52010.0,DR770601,179.24,0.0,50.25,D,SimuProB-4,EV_109
337.668,45.0,1.37,5620.0,0,4.069,1,72.91,4.173,112.4,105.2,185.0,EV_109,0.0,680,0.0,DR770601_7,48.3,52010.31,DR770601,179.24,0.0,50.3,D,SimuProB-4,EV_109
334.066,62.0,1.37,5825.0,0,4.061,1,72.89,4.176,116.5,148.3,185.0,EV_109,0.0,690,0.0,DR770601_7,48.4,52010.63,DR770601,179.24,0.0,50.4,D,SimuProB-4,EV_109
339.236,38.0,1.37,5590.0,0,4.071,1,72.88,4.174,111.8,98.5,185.0,EV_109,0.0,700,0.0,DR770601_7,48.5,52010.94,DR770601,179.24,0.0,50.5,D,SimuProB-4,EV_109
334.806,58.0,1.37,5760.0,0,4.063,1,72.88,4.175,115.2,132.7,185.0,EV_109,0.0,710,0.0,DR770601_7,48.6,52011.26,DR770601,179.24,0.0,50.6,D,SimuProB-4,EV_109
332.95,60.0,1.37,5805.0,0,4.06,1,72.85,4.174,116.1,145.2,185.0,EV_109,0.0,720,0.0,DR770601_7,48.7,52011.58,DR770601,179.24,0.0,50.7,D,SimuProB-4,EV_109
336.334,42.0,1.37,5575.0,0,4.068,1,72.85,4.172,111.5,102.4,185.0,EV_109,0.0,730,0.0,DR770601_7,48.75,52011.89,DR770601,179.24,0.0,50.75,D,SimuProB-4,EV_109
333.599,58.0,1.37,5790.0,0,4.062,1,72.85,4.176,115.8,140.1,185.0,EV_109,0.0,740,0.0,DR770601_7,48.8,52012.21,DR770601,179.24,0.0,50.8,D,SimuProB-4,EV_109
330.03,68.0,1.37,5870.0,0,4.058,1,72.82,4.178,117.4,155.3,185.0,EV_109,0.0,750,0.0,DR770601_7,48.85,52012.54,DR770601,179.24,0.0,50.85,D,SimuProB-4,EV_109
328.67,72.0,1.37,5910.0,0,4.055,1,72.82,4.179,118.2,162.8,185.0,EV_109,0.0,760,0.0,DR770601_7,48.9,52012.86,DR770601,179.24,0.0,50.9,D,SimuProB-4,EV_109
331.987,35.0,1.37,5675.0,0,4.065,1,72.82,4.175,113.5,95.4,185.0,EV_109,0.0,770,0.0,DR770601_7,48.95,52013.18,DR770601,179.24,0.0,50.95,D,SimuProB-4,EV_109
329.765,55.0,1.37,5810.0,0,4.06,1,72.78,4.177,116.2,145.2,185.0,EV_109,0.0,780,0.0,DR770601_7,49.05,52013.5,DR770601,179.24,0.0,51.05,D,SimuProB-4,EV_109
332.162,38.0,1.37,5640.0,0,4.063,1,72.73,4.174,112.8,110.5,185.0,EV_109,0.0,790,0.0,DR770601_7,49.1,52013.82,DR770601,179.24,0.0,51.1,D,SimuProB-4,EV_109
330.864,50.0,1.37,5750.0,0,4.061,1,72.71,4.176,115.0,135.7,185.0,EV_109,0.0,800,0.0,DR770601_7,49.15,52014.14,DR770601,179.24,0.0,51.15,D,SimuProB-4,EV_109
329.355,58.0,1.37,5875.0,0,4.062,1,72.67,4.178,117.5,148.2,185.0,EV_109,0.0,810,0.0,DR770601_7,49.25,52014.47,DR770601,179.24,0.0,51.25,D,SimuProB-4,EV_109
333.093,32.0,1.37,5590.0,0,4.064,1,72.66,4.176,111.8,98.5,185.0,EV_109,0.0,820,0.0,DR770601_7,49.3,52014.78,DR770601,179.24,0.0,51.3,D,SimuProB-4,EV_109
330.606,54.0,1.37,5840.0,0,4.061,1,72.61,4.177,116.8,132.4,185.0,EV_109,0.0,830,0.0,DR770601_7,49.4,52015.1,DR770601,179.24,0.0,51.4,D,SimuProB-4,EV_109
327.796,62.0,1.37,5910.0,0,4.058,1,72.53,4.179,118.2,155.3,185.0,EV_109,0.0,840,0.0,DR770601_7,49.55,52015.43,DR770601,179.24,0.0,51.55,D,SimuProB-4,EV_109
330.087,35.0,1.37,5525.0,0,4.065,1,72.51,4.177,110.5,105.6,185.0,EV_109,0.0,850,0.0,DR770601_7,49.6,52015.74,DR770601,179.24,0.0,51.6,D,SimuProB-4,EV_109
327.136,68.0,1.37,5970.0,0,4.055,1,72.42,4.18,119.4,162.1,185.0,EV_109,0.0,860,0.0,DR770601_7,49.85,52016.07,DR770601,179.24,0.0,51.85,D,SimuProB-4,EV_109
325.269,45.0,1.37,5725.0,0,4.053,1,72.39,4.178,114.5,145.2,185.0,EV_109,0.0,870,0.0,DR770601_7,49.95,52016.39,DR770601,179.24,0.0,51.95,D,SimuProB-4,EV_109
328.447,30.0,1.37,5410.0,0,4.056,1,72.38,4.179,108.2,118.6,185.0,EV_109,0.0,880,0.0,DR770601_7,50.05,52016.69,DR770601,179.24,0.0,52.05,D,SimuProB-4,EV_109
324.757,65.0,1.37,5865.0,0,4.051,1,72.37,4.181,117.3,158.9,185.0,EV_109,0.0,890,0.0,DR770601_7,50.2,52017.01,DR770601,179.24,0.0,52.2,D,SimuProB-4,EV_109
323.474,42.0,1.37,5640.0,0,4.052,1,72.35,4.179,112.8,148.3,185.0,EV_109,0.0,900,0.0,DR770601_7,50.28,52017.32,DR770601,179.24,0.0,52.28,D,SimuProB-4,EV_109
325.969,32.0,1.37,5325.0,0,4.054,1,72.33,4.177,106.5,125.7,185.0,EV_109,0.0,910,0.0,DR770601_7,50.35,52017.62,DR770601,179.24,0.0,52.35,D,SimuProB-4,EV_109
322.659,62.0,1.37,5810.0,0,4.05,1,72.3,4.18,116.2,155.4,185.0,EV_109,0.0,920,0.0,DR770601_7,50.48,52017.94,DR770601,179.24,0.0,52.48,D,SimuProB-4,EV_109
324.02,35.0,1.37,5525.0,0,4.053,1,72.28,4.18,110.5,135.5,185.0,EV_109,0.0,930,0.0,DR770601_7,50.55,52018.25,DR770601,179.24,0.0,52.55,D,SimuProB-4,EV_109
320.744,68.0,1.37,5940.0,0,4.048,1,72.27,4.182,118.8,165.2,185.0,EV_109,0.0,940,0.0,DR770601_7,50.7,52018.58,DR770601,179.24,0.0,52.7,D,SimuProB-4,EV_109
326.373,0.0,1.37,5105.0,0,4.055,1,72.27,4.185,102.1,-45.8,185.0,EV_109,0.05,950,35.0,DR770601_7,50.75,52018.86,DR770601,179.24,0.0,52.75,D,SimuProB-4,EV_109
323.783,38.0,1.37,5425.0,0,4.051,1,72.25,4.181,108.5,140.2,185.0,EV_109,0.0,960,0.0,DR770601_7,50.8,52019.16,DR770601,179.24,0.0,52.8,D,SimuProB-4,EV_109
321.35,58.0,1.37,5750.0,0,4.049,1,72.24,4.183,115.0,158.5,185.0,EV_109,0.0,970,0.0,DR770601_7,50.9,52019.48,DR770601,179.24,0.0,52.9,D,SimuProB-4,EV_109
327.011,0.0,1.37,4900.0,0,4.056,1,72.23,4.186,98.0,-35.2,185.0,EV_109,0.06,980,25.0,DR770601_7,50.95,52019.75,DR770601,179.24,0.0,52.95,D,SimuProB-4,EV_109
323.37,45.0,1.37,5620.0,0,4.05,1,72.22,4.181,112.4,142.5,185.0,EV_109,0.0,990,0.0,DR770601_7,51.0,52020.06,DR770601,179.24,0.0,53.0,D,SimuProB-4,EV_109
320.042,65.0,1.37,5890.0,0,4.048,1,72.21,4.183,117.8,168.3,185.0,EV_109,0.0,1000,0.0,DR770601_7,51.15,52020.39,DR770601,179.24,0.0,53.15,D,SimuProB-4,EV_109
327.255,0.0,1.37,5175.0,0,4.054,1,72.19,4.185,103.5,-38.5,185.0,EV_109,0.05,1010,30.0,DR770601_7,51.2,52020.68,DR770601,179.24,0.0,53.2,D,SimuProB-4,EV_109
328.874,0.0,1.37,4750.0,0,4.055,1,72.18,4.187,95.0,-42.1,185.0,EV_109,0.05,1020,15.0,DR770601_7,51.25,52020.94,DR770601,179.24,0.0,53.25,D,SimuProB-4,EV_109
324.416,42.0,1.37,5425.0,0,4.047,1,72.16,4.182,108.5,135.8,185.0,EV_109,0.0,1030,0.0,DR770601_7,51.4,52021.25,DR770601,179.24,0.0,53.4,D,SimuProB-4,EV_109
322.268,55.0,1.37,5810.0,0,4.046,1,72.14,4.184,116.2,152.4,185.0,EV_109,0.0,1040,0.0,DR770601_7,51.6,52021.57,DR770601,179.24,0.0,53.6,D,SimuProB-4,EV_109
319.948,58.0,1.37,5770.0,0,4.045,1,72.12,4.185,115.4,165.2,185.0,EV_109,0.0,1050,0.0,DR770601_7,51.8,52021.89,DR770601,179.24,0.0,53.8,D,SimuProB-4,EV_109
320.906,50.0,1.37,5600.0,0,4.044,1,72.09,4.183,112.0,148.5,185.0,EV_109,0.0,1060,0.0,DR770601_7,52.0,52022.2,DR770601,179.24,0.0,54.0,D,SimuProB-4,EV_109
323.211,0.0,1.37,5275.0,0,4.046,1,72.08,4.184,105.5,-25.4,185.0,EV_109,0.06,1070,12.0,DR770601_7,52.1,52022.49,DR770601,179.24,0.0,54.1,D,SimuProB-4,EV_109
321.104,45.0,1.37,5525.0,0,4.045,1,72.05,4.183,110.5,130.2,185.0,EV_109,0.0,1080,0.0,DR770601_7,52.2,52022.8,DR770601,179.24,0.0,54.2,D,SimuProB-4,EV_109
324.481,0.0,1.37,5010.0,0,4.047,1,72.04,4.185,100.2,-45.6,185.0,EV_109,0.08,1090,35.0,DR770601_7,52.3,52023.08,DR770601,179.24,0.0,54.3,D,SimuProB-4,EV_109
328.823,0.0,1.37,4640.0,0,4.048,1,72.03,4.186,92.8,-58.1,185.0,EV_109,0.09,1100,45.0,DR770601_7,52.4,52023.33,DR770601,179.24,0.0,54.4,D,SimuProB-4,EV_109
335.695,0.0,1.37,4425.0,0,4.049,1,72.02,4.186,88.5,-15.2,185.0,EV_109,0.04,1110,8.0,DR770601_7,52.5,52023.58,DR770601,179.24,0.0,54.5,D,SimuProB-4,EV_109
340.512,0.0,1.37,4260.0,0,4.05,1,72.0,4.187,85.2,-8.5,185.0,EV_109,0.03,1120,3.0,DR770601_7,52.6,52023.81,DR770601,179.24,0.0,54.6,D,SimuProB-4,EV_109
342.755,25.0,1.37,4490.0,0,4.051,1,71.99,4.188,89.8,42.3,185.0,EV_109,0.0,1130,0.0,DR770601_7,52.7,52024.06,DR770601,179.24,0.0,54.7,D,SimuProB-4,EV_109
340.201,35.0,1.37,4770.0,0,4.052,1,71.97,4.189,95.4,65.4,185.0,EV_109,0.0,1140,0.0,DR770601_7,52.8,52024.32,DR770601,179.24,0.0,54.8,D,SimuProB-4,EV_109
338.478,45.0,1.37,5105.0,0,4.053,1,71.95,4.19,102.1,78.2,185.0,EV_109,0.0,1150,0.0,DR770601_7,52.9,52024.61,DR770601,179.24,0.0,54.9,D,SimuProB-4,EV_109
344.467,0.0,1.37,4925.0,0,4.054,1,71.94,4.191,98.5,-18.5,185.0,EV_109,0.05,1160,12.0,DR770601_7,53.0,52024.88,DR770601,179.24,0.0,55.0,D,SimuProB-4,EV_109
341.79,55.0,1.37,5425.0,0,4.055,1,71.92,4.192,108.5,85.2,185.0,EV_109,0.0,1170,0.0,DR770601_7,53.1,52025.18,DR770601,179.24,0.0,55.1,D,SimuProB-4,EV_109
346.671,30.0,1.37,5260.0,0,4.056,1,71.89,4.193,105.2,15.4,185.0,EV_109,0.0,1180,0.0,DR770601_7,53.2,52025.47,DR770601,179.24,0.0,55.2,D,SimuProB-4,EV_109
344.61,65.0,1.37,5640.0,0,4.057,1,71.88,4.194,112.8,72.8,185.0,EV_109,0.0,1190,0.0,DR770601_7,53.3,52025.79,DR770601,179.24,0.0,55.3,D,SimuProB-4,EV_109
342.256,68.0,1.37,5710.0,0,4.058,1,71.87,4.195,114.2,82.5,185.0,EV_109,0.0,1200,0.0,DR770601_7,53.4,52026.11,DR770601,179.24,0.0,55.4,D,SimuProB-4,EV_109
339.585,85.0,1.37,5925.0,0,4.055,1,71.83,4.196,118.5,115.3,185.0,EV_109,0.0,1210,0.0,DR770601_7,53.6,52026.44,DR770601,179.24,0.0,55.6,D,SimuProB-4,EV_109
345.643,35.0,1.37,5315.0,0,4.059,1,71.83,4.197,106.3,25.6,185.0,EV_109,0.0,1220,0.0,DR770601_7,53.7,52026.73,DR770601,179.24,0.0,55.7,D,SimuProB-4,EV_109
339.669,45.0,1.37,5525.0,0,4.056,1,71.81,4.198,110.5,95.4,185.0,EV_109,0.0,1230,0.0,DR770601_7,53.8,52027.04,DR770601,179.24,0.0,55.8,D,SimuProB-4,EV_109
342.967,25.0,1.37,5140.0,0,4.058,1,71.79,4.197,102.8,55.2,185.0,EV_109,0.0,1240,0.0,DR770601_7,53.9,52027.32,DR770601,179.24,0.0,55.9,D,SimuProB-4,EV_109
343.988,18.0,1.37,4925.0,0,4.057,1,71.79,4.196,98.5,32.1,185.0,EV_109,0.0,1250,0.0,DR770601_7,54.0,52027.6,DR770601,179.24,0.0,56.0,D,SimuProB-4,EV_109
340.632,38.0,1.37,5410.0,0,4.055,1,71.76,4.195,108.2,68.5,185.0,EV_109,0.0,1260,0.0,DR770601_7,54.1,52027.9,DR770601,179.24,0.0,56.2,D,SimuProB-4,EV_109
336.39,55.0,1.37,5625.0,0,4.052,1,71.75,4.194,112.5,105.2,185.0,EV_109,0.0,1270,0.0,DR770601_7,54.3,52028.21,DR770601,179.24,0.0,56.5,D,SimuProB-4,EV_109
342.134,22.0,1.37,4765.0,0,4.057,1,71.75,4.196,95.3,42.1,185.0,EV_109,0.0,0,0.0,DR770601_8,54.5,52028.48,DR770601,179.24,0.0,56.8,D,SimuProB-4,EV_109
338.739,35.0,1.37,5260.0,0,4.056,1,71.74,4.195,105.2,75.3,185.0,EV_109,0.0,10,0.0,DR770601_8,54.7,52028.77,DR770601,179.24,0.0,57.0,D,SimuProB-4,EV_109
343.755,20.0,1.37,4975.0,0,4.058,1,71.72,4.197,99.5,45.8,185.0,EV_109,0.0,20,0.0,DR770601_8,54.8,52029.05,DR770601,179.24,0.0,57.2,D,SimuProB-4,EV_109
340.075,42.0,1.37,5425.0,0,4.055,1,71.7,4.196,108.5,88.4,185.0,EV_109,0.0,30,0.0,DR770601_8,55.0,52029.35,DR770601,179.24,0.0,57.5,D,SimuProB-4,EV_109
345.35,28.0,1.37,5115.0,0,4.06,1,71.69,4.198,102.3,52.4,185.0,EV_109,0.0,40,0.0,DR770601_8,55.2,52029.63,DR770601,179.24,0.0,57.7,D,SimuProB-4,EV_109
341.102,45.0,1.37,5540.0,0,4.057,1,71.68,4.197,110.8,82.1,185.0,EV_109,0.0,50,0.0,DR770601_8,55.4,52029.94,DR770601,179.24,0.0,57.9,D,SimuProB-4,EV_109
343.762,22.0,1.37,4820.0,0,4.061,1,71.66,4.199,96.4,48.6,185.0,EV_109,0.0,60,0.0,DR770601_8,55.6,52030.21,DR770601,179.24,0.0,58.1,D,SimuProB-4,EV_109
345.426,18.0,1.37,4910.0,0,4.059,1,71.64,4.198,98.2,42.3,185.0,EV_109,0.0,70,0.0,DR770601_8,55.8,52030.48,DR770601,179.24,0.0,58.3,D,SimuProB-4,EV_109
342.593,38.0,1.37,5285.0,0,4.056,1,71.63,4.197,105.7,75.6,185.0,EV_109,0.0,80,0.0,DR770601_8,56.0,52030.78,DR770601,179.24,0.0,58.5,D,SimuProB-4,EV_109
345.942,15.0,1.37,4625.0,0,4.062,1,71.63,4.199,92.5,38.9,185.0,EV_109,0.0,90,0.0,DR770601_8,56.2,52031.03,DR770601,179.24,0.0,58.7,D,SimuProB-4,EV_109
346.732,20.0,1.37,4865.0,0,4.06,1,71.61,4.198,97.3,45.2,185.0,EV_109,0.0,100,0.0,DR770601_8,56.4,52031.3,DR770601,179.24,0.0,58.9,D,SimuProB-4,EV_109
341.701,55.0,1.37,5625.0,0,4.055,1,71.61,4.201,112.5,92.4,185.0,EV_109,0.0,110,0.0,DR770601_8,56.6,52031.61,DR770601,179.24,0.0,59.1,D,SimuProB-4,EV_109
348.326,16.0,1.37,4740.0,0,4.063,1,71.6,4.199,94.8,35.1,185.0,EV_109,0.0,120,0.0,DR770601_8,56.8,52031.88,DR770601,179.24,0.0,59.3,D,SimuProB-4,EV_109
349.843,18.0,1.37,4810.0,0,4.061,1,71.57,4.199,96.2,42.5,185.0,EV_109,0.0,130,0.0,DR770601_8,56.9,52032.15,DR770601,179.24,0.0,59.4,D,SimuProB-4,EV_109
343.859,52.0,1.37,5425.0,0,4.054,1,71.57,4.2,108.5,85.0,185.0,EV_109,0.0,140,0.0,DR770601_8,57.1,52032.45,DR770601,179.24,0.0,59.6,D,SimuProB-4,EV_109
350.175,16.0,1.37,4750.0,0,4.064,1,71.57,4.198,95.0,36.0,185.0,EV_109,0.0,150,0.0,DR770601_8,57.2,52032.71,DR770601,179.24,0.0,59.7,D,SimuProB-4,EV_109
347.522,22.0,1.37,4925.0,0,4.058,1,71.55,4.195,98.5,65.2,185.0,EV_109,0.0,160,0.0,DR770601_8,57.3,52032.98,DR770601,179.24,0.0,59.8,D,SimuProB-4,EV_109
345.284,35.0,1.37,5115.0,0,4.052,1,71.55,4.192,102.3,78.5,185.0,EV_109,0.0,170,0.0,DR770601_8,57.4,52033.27,DR770601,179.24,0.0,59.9,D,SimuProB-4,EV_109
351.366,15.0,1.37,4600.0,0,4.06,1,71.54,4.196,92.0,40.1,185.0,EV_109,0.0,180,0.0,DR770601_8,57.5,52033.52,DR770601,179.24,0.0,60.0,D,SimuProB-4,EV_109
346.009,25.0,1.37,4750.0,0,4.055,1,71.54,4.194,95.0,72.5,185.0,EV_109,0.0,190,0.0,DR770601_8,57.6,52033.78,DR770601,179.24,0.0,60.1,D,SimuProB-4,EV_109
351.167,18.0,1.37,4400.0,0,4.062,1,71.52,4.197,88.0,38.2,185.0,EV_109,0.0,200,0.0,DR770601_8,57.7,52034.03,DR770601,179.24,0.0,60.2,D,SimuProB-4,EV_109
344.62,38.0,1.37,5025.0,0,4.051,1,71.52,4.193,100.5,82.0,185.0,EV_109,0.0,210,0.0,DR770601_8,57.8,52034.31,DR770601,179.24,0.0,60.3,D,SimuProB-4,EV_109
344.812,42.0,1.37,5210.0,0,4.052,1,71.51,4.194,104.2,85.5,185.0,EV_109,0.0,220,0.0,DR770601_8,57.9,52034.6,DR770601,179.24,0.0,60.4,D,SimuProB-4,EV_109
352.287,20.0,1.37,4675.0,0,4.063,1,71.5,4.198,93.5,45.2,185.0,EV_109,0.0,230,0.0,DR770601_8,58.0,52034.86,DR770601,179.24,0.0,60.5,D,SimuProB-4,EV_109
343.953,48.0,1.37,5425.0,0,4.049,1,71.48,4.195,108.5,92.1,185.0,EV_109,0.0,240,0.0,DR770601_8,58.1,52035.16,DR770601,179.24,0.0,60.6,D,SimuProB-4,EV_109
348.183,35.0,1.37,4900.0,0,4.055,1,71.46,4.196,98.0,65.0,185.0,EV_109,0.0,250,0.0,DR770601_8,58.2,52035.43,DR770601,179.24,0.0,60.7,D,SimuProB-4,EV_109
355.679,0.0,1.37,4250.0,0,4.066,1,71.46,4.199,85.0,-25.0,185.0,EV_109,0.05,260,15.0,DR770601_8,58.3,52035.67,DR770601,179.24,0.0,60.8,D,SimuProB-4,EV_109
346.524,75.0,1.37,5600.0,0,4.048,1,71.44,4.194,112.0,110.0,185.0,EV_109,0.0,270,0.0,DR770601_8,58.4,52035.98,DR770601,179.24,0.0,60.9,D,SimuProB-4,EV_109
342.738,80.0,1.37,5750.0,0,4.045,1,71.41,4.193,115.0,125.0,185.0,EV_109,0.0,280,0.0,DR770601_8,58.6,52036.3,DR770601,179.24,0.0,61.1,D,SimuProB-4,EV_109
345.501,40.0,1.37,5250.0,0,4.05,1,71.41,4.195,105.0,85.0,185.0,EV_109,0.0,290,0.0,DR770601_8,58.7,52036.59,DR770601,179.24,0.0,61.2,D,SimuProB-4,EV_109
349.476,25.0,1.37,4750.0,0,4.055,1,71.4,4.196,95.0,60.0,185.0,EV_109,0.0,300,0.0,DR770601_8,58.8,52036.86,DR770601,179.24,0.0,61.3,D,SimuProB-4,EV_109
348.022,28.0,1.37,4875.0,0,4.053,1,71.38,4.197,97.5,68.5,185.0,EV_109,0.0,310,0.0,DR770601_8,58.9,52037.13,DR770601,179.24,0.0,61.4,D,SimuProB-4,EV_109
351.963,20.0,1.37,4600.0,0,4.058,1,71.37,4.198,92.0,45.2,185.0,EV_109,0.0,320,0.0,DR770601_8,59.0,52037.39,DR770601,179.24,0.0,61.5,D,SimuProB-4,EV_109
350.872,22.0,1.37,4725.0,0,4.054,1,71.36,4.196,94.5,55.0,185.0,EV_109,0.0,330,0.0,DR770601_8,59.1,52037.65,DR770601,179.24,0.0,61.6,D,SimuProB-4,EV_109
353.579,18.0,1.37,4550.0,0,4.06,1,71.35,4.199,91.0,42.0,185.0,EV_109,0.0,340,0.0,DR770601_8,59.2,52037.9,DR770601,179.24,0.0,61.7,D,SimuProB-4,EV_109
355.853,20.0,1.37,4675.0,0,4.062,1,71.35,4.2,93.5,38.5,185.0,EV_109,0.0,350,0.0,DR770601_8,59.3,52038.16,DR770601,179.24,0.0,61.8,D,SimuProB-4,EV_109
354.527,25.0,1.37,4900.0,0,4.055,1,71.32,4.198,98.0,50.0,185.0,EV_109,0.0,360,0.0,DR770601_8,59.4,52038.43,DR770601,179.24,0.0,61.9,D,SimuProB-4,EV_109
353.252,28.0,1.37,4960.0,0,4.052,1,71.29,4.195,99.2,68.5,185.0,EV_109,0.0,370,0.0,DR770601_8,59.6,52038.71,DR770601,179.24,0.0,62.1,D,SimuProB-4,EV_109
352.199,35.0,1.37,5275.0,0,4.048,1,71.29,4.192,105.5,82.3,185.0,EV_109,0.0,380,0.0,DR770601_8,59.8,52039.0,DR770601,179.24,0.0,62.3,D,SimuProB-4,EV_109
353.986,24.0,1.37,5050.0,0,4.054,1,71.28,4.196,101.0,58.0,185.0,EV_109,0.0,390,0.0,DR770601_8,59.9,52039.28,DR770601,179.24,0.0,62.4,D,SimuProB-4,EV_109
352.824,32.0,1.37,5240.0,0,4.045,1,71.25,4.19,104.8,75.2,185.0,EV_109,0.0,400,0.0,DR770601_8,60.1,52039.57,DR770601,179.24,0.0,62.6,D,SimuProB-4,EV_109
351.472,45.0,1.37,5510.0,0,4.04,1,71.23,4.185,110.2,95.6,185.0,EV_109,0.0,410,0.0,DR770601_8,60.4,52039.88,DR770601,179.24,0.0,62.9,D,SimuProB-4,EV_109
350.776,38.0,1.37,5425.0,0,4.038,1,71.2,4.182,108.5,88.4,185.0,EV_109,0.0,420,0.0,DR770601_8,60.6,52040.18,DR770601,179.24,0.0,63.1,D,SimuProB-4,EV_109
351.393,40.0,1.37,5460.0,0,4.035,1,71.17,4.188,109.2,92.5,185.0,EV_109,0.0,430,0.0,DR770601_8,60.8,52040.48,DR770601,179.24,0.0,63.3,D,SimuProB-4,EV_109
353.52,28.0,1.37,5190.0,0,4.042,1,71.16,4.195,103.8,65.0,185.0,EV_109,0.0,440,0.0,DR770601_8,60.9,52040.77,DR770601,179.24,0.0,63.4,D,SimuProB-4,EV_109
351.661,34.0,1.37,5375.0,0,4.038,1,71.13,4.19,107.5,78.5,185.0,EV_109,0.0,450,0.0,DR770601_8,61.1,52041.07,DR770601,179.24,0.0,63.6,D,SimuProB-4,EV_109
350.46,48.0,1.37,5575.0,0,4.036,1,71.1,4.192,111.5,98.2,185.0,EV_109,0.0,460,0.0,DR770601_8,61.3,52041.38,DR770601,179.24,0.0,63.8,D,SimuProB-4,EV_109
349.576,85.0,1.37,5810.0,0,4.028,1,71.09,4.198,116.2,145.5,185.0,EV_109,0.0,470,0.0,DR770601_8,61.6,52041.7,DR770601,179.24,0.0,64.1,D,SimuProB-4,EV_109
350.973,30.0,1.37,5400.0,0,4.045,1,71.08,4.205,108.0,72.3,185.0,EV_109,0.0,480,0.0,DR770601_8,61.8,52042.0,DR770601,179.24,0.0,64.3,D,SimuProB-4,EV_109
352.044,32.0,1.37,5425.0,0,4.05,1,71.07,4.208,108.5,75.0,185.0,EV_109,0.0,490,0.0,DR770601_8,62.0,52042.3,DR770601,179.24,0.0,64.5,D,SimuProB-4,EV_109
354.104,25.0,1.37,5300.0,0,4.048,1,71.06,4.21,106.0,62.0,185.0,EV_109,0.0,500,0.0,DR770601_8,62.1,52042.6,DR770601,179.24,0.0,64.6,D,SimuProB-4,EV_109
356.253,22.0,1.37,5225.0,0,4.052,1,71.04,4.212,104.5,55.0,185.0,EV_109,0.0,510,0.0,DR770601_8,62.2,52042.89,DR770601,179.24,0.0,64.7,D,SimuProB-4,EV_109
356.945,23.0,1.37,5260.0,0,4.055,1,71.01,4.215,105.2,58.5,185.0,EV_109,0.0,520,0.0,DR770601_8,62.3,52043.18,DR770601,179.24,0.0,64.8,D,SimuProB-4,EV_109
356.428,28.0,1.37,5375.0,0,4.053,1,71.01,4.213,107.5,65.2,185.0,EV_109,0.0,530,0.0,DR770601_8,62.4,52043.48,DR770601,179.24,0.0,64.9,D,SimuProB-4,EV_109
358.163,20.0,1.37,5150.0,0,4.058,1,71.0,4.218,103.0,48.0,185.0,EV_109,0.0,540,0.0,DR770601_8,62.5,52043.77,DR770601,179.24,0.0,65.0,D,SimuProB-4,EV_109
357.105,22.0,1.37,5240.0,0,4.05,1,70.97,4.216,104.8,52.0,185.0,EV_109,0.0,550,0.0,DR770601_8,62.6,52044.06,DR770601,179.24,0.0,65.0,D,SimuProB-4,EV_109
355.795,45.0,1.37,5460.0,0,4.045,1,70.94,4.219,109.2,75.0,185.0,EV_109,0.0,560,0.0,DR770601_8,62.8,52044.36,DR770601,179.24,0.0,65.0,D,SimuProB-4,EV_109
353.721,65.0,1.37,5625.0,0,4.04,1,70.91,4.222,112.5,88.0,185.0,EV_109,0.0,570,0.0,DR770601_8,63.0,52044.68,DR770601,179.24,0.0,65.0,D,SimuProB-4,EV_109
351.11,60.0,1.37,5710.0,0,4.035,1,70.89,4.225,114.2,95.5,185.0,EV_109,0.0,580,0.0,DR770601_8,63.12,52045.0,DR770601,179.24,0.0,65.0,D,SimuProB-4,EV_109
352.612,35.0,1.37,5525.0,0,4.042,1,70.88,4.22,110.5,72.3,185.0,EV_109,0.0,590,0.0,DR770601_8,63.2,52045.3,DR770601,179.24,0.0,65.0,D,SimuProB-4,EV_109
354.081,38.0,1.37,5550.0,0,4.045,1,70.87,4.218,111.0,68.0,185.0,EV_109,0.0,600,0.0,DR770601_8,63.28,52045.61,DR770601,179.24,0.0,65.0,D,SimuProB-4,EV_109
352.558,52.0,1.37,5675.0,0,4.041,1,70.85,4.221,113.5,82.5,185.0,EV_109,0.0,610,0.0,DR770601_8,63.35,52045.93,DR770601,179.24,0.0,65.0,D,SimuProB-4,EV_109
349.985,75.0,1.37,5900.0,0,4.032,1,70.84,4.228,118.0,115.2,185.0,EV_109,0.0,620,0.0,DR770601_8,63.48,52046.25,DR770601,179.24,0.0,65.0,D,SimuProB-4,EV_109
348.803,68.0,1.37,5825.0,0,4.038,1,70.8,4.225,116.5,105.8,185.0,EV_109,0.0,630,0.0,DR770601_8,63.6,52046.58,DR770601,179.24,0.0,65.0,D,SimuProB-4,EV_109
346.959,78.0,1.37,5925.0,0,4.028,1,70.78,4.23,118.5,135.5,185.0,EV_109,0.0,640,0.0,DR770601_8,63.72,52046.91,DR770601,179.24,0.0,65.0,D,SimuProB-4,EV_109
348.677,45.0,1.37,5600.0,0,4.035,1,70.76,4.228,112.0,95.0,185.0,EV_109,0.0,650,0.0,DR770601_8,63.8,52047.22,DR770601,179.24,0.0,65.0,D,SimuProB-4,EV_109
350.199,0.0,1.37,5250.0,0,4.038,1,70.74,4.225,105.0,-15.2,185.0,EV_109,0.05,660,15.0,DR770601_8,63.88,52047.51,DR770601,179.24,0.0,65.0,D,SimuProB-4,EV_109
351.537,0.0,1.37,5000.0,0,4.04,1,70.7,4.228,100.0,-25.5,185.0,EV_109,0.06,670,10.0,DR770601_8,63.95,52047.79,DR770601,179.24,0.0,65.0,D,SimuProB-4,EV_109
353.403,35.0,1.37,5125.0,0,4.035,1,70.7,4.23,102.5,45.0,185.0,EV_109,0.0,680,0.0,DR770601_8,64.02,52048.07,DR770601,179.24,0.0,65.0,D,SimuProB-4,EV_109
351.298,55.0,1.37,5400.0,0,4.032,1,70.68,4.227,108.0,98.5,185.0,EV_109,0.0,690,0.0,DR770601_8,64.1,52048.37,DR770601,179.24,0.0,65.0,D,SimuProB-4,EV_109
345.904,75.0,1.37,5750.0,0,4.028,1,70.55,4.225,115.0,135.0,185.0,EV_109,0.0,700,0.0,DR770601_8,64.22,52048.69,DR770601,179.24,0.0,65.0,D,SimuProB-4,EV_109
355.224,30.0,1.37,5400.0,0,4.035,1,70.49,4.23,108.0,55.0,185.0,EV_109,0.0,710,0.0,DR770601_8,64.35,52048.99,DR770601,179.24,0.0,65.0,D,SimuProB-4,EV_109
356.54,0.0,1.37,5100.0,0,4.04,1,70.43,4.235,102.0,-35.0,185.0,EV_109,0.07,720,12.0,DR770601_8,64.48,52049.27,DR770601,179.24,0.0,65.0,D,SimuProB-4,EV_109
354.731,25.0,1.37,5250.0,0,4.032,1,70.38,4.228,105.0,72.5,185.0,EV_109,0.0,730,0.0,DR770601_8,64.55,52049.56,DR770601,179.24,0.0,65.0,D,SimuProB-4,EV_109
351.69,50.0,1.37,5600.0,0,4.029,1,70.32,4.226,112.0,95.2,185.0,EV_109,0.0,740,0.0,DR770601_8,64.62,52049.87,DR770601,179.24,0.0,65.0,D,SimuProB-4,EV_109
350.63,65.0,1.37,5900.0,0,4.025,1,70.24,4.224,118.0,110.8,185.0,EV_109,0.0,750,0.0,DR770601_8,64.7,52050.2,DR770601,179.24,0.0,65.0,D,SimuProB-4,EV_109
347.381,55.0,1.37,5750.0,0,4.02,1,70.12,4.22,115.0,145.2,185.0,EV_109,0.0,760,0.0,DR770601_8,64.85,52050.52,DR770601,179.24,0.0,65.0,D,SimuProB-4,EV_109
350.197,35.0,1.37,5500.0,0,4.022,1,70.04,4.222,110.0,98.4,185.0,EV_109,0.0,770,0.0,DR770601_8,65.0,52050.82,DR770601,179.24,0.0,65.0,D,SimuProB-4,EV_109
345.182,70.0,1.37,5900.0,0,4.015,1,69.92,4.218,118.0,160.5,185.0,EV_109,0.0,780,0.0,DR770601_8,65.0,52051.15,DR770601,179.24,0.0,65.0,D,SimuProB-4,EV_109
343.583,68.0,1.37,5800.0,0,4.012,1,69.8,4.215,116.0,155.0,185.0,EV_109,0.0,790,0.0,DR770601_8,65.0,52051.47,DR770601,179.24,0.0,65.0,D,SimuProB-4,EV_109
348.091,45.0,1.37,5600.0,0,4.016,1,69.72,4.219,112.0,105.0,185.0,EV_109,0.0,800,0.0,DR770601_8,65.0,52051.78,DR770601,179.24,0.0,65.0,D,SimuProB-4,EV_109
344.995,65.0,1.37,5900.0,0,4.013,1,69.6,4.216,118.0,140.0,185.0,EV_109,0.0,810,0.0,DR770601_8,65.0,52052.11,DR770601,179.24,0.0,65.0,D,SimuProB-4,EV_109
345.067,62.0,1.37,5875.0,0,4.014,1,69.48,4.217,117.5,145.2,185.0,EV_109,0.0,820,0.0,DR770601_8,65.0,52052.44,DR770601,179.24,0.0,65.0,D,SimuProB-4,EV_109
342.346,75.0,1.37,5990.0,0,4.011,1,69.24,4.214,119.8,168.5,185.0,EV_109,0.0,830,0.0,DR770601_8,65.0,52052.77,DR770601,179.24,0.0,65.0,D,SimuProB-4,EV_109
347.268,48.0,1.37,5660.0,0,4.016,1,69.07,4.218,113.2,110.4,185.0,EV_109,0.0,840,0.0,DR770601_8,65.0,52053.08,DR770601,179.24,0.0,65.0,D,SimuProB-4,EV_109
345.703,55.0,1.37,5825.0,0,4.015,1,68.97,4.217,116.5,135.0,185.0,EV_109,0.0,850,0.0,DR770601_8,65.0,52053.4,DR770601,179.24,0.0,65.0,D,SimuProB-4,EV_109
343.672,68.0,1.37,5950.0,0,4.012,1,68.85,4.215,119.0,155.0,185.0,EV_109,0.0,860,0.0,DR770601_8,65.0,52053.73,DR770601,179.24,0.0,65.0,D,SimuProB-4,EV_109
348.699,42.0,1.37,5600.0,0,4.017,1,68.76,4.219,112.0,115.0,185.0,EV_109,0.0,870,0.0,DR770601_8,65.0,52054.05,DR770601,179.24,0.0,65.0,D,SimuProB-4,EV_109
344.575,62.0,1.37,5770.0,0,4.013,1,68.64,4.216,115.4,145.2,185.0,EV_109,0.0,880,0.0,DR770601_8,65.0,52054.37,DR770601,179.24,0.0,65.0,D,SimuProB-4,EV_109
349.478,38.0,1.37,5425.0,0,4.018,1,68.53,4.22,108.5,105.8,185.0,EV_109,0.0,890,0.0,DR770601_8,65.0,52054.67,DR770601,179.24,0.0,65.0,D,SimuProB-4,EV_109
346.433,58.0,1.37,5710.0,0,4.014,1,68.4,4.217,114.2,132.5,185.0,EV_109,0.0,900,0.0,DR770601_8,65.0,52054.99,DR770601,179.24,0.0,65.0,D,SimuProB-4,EV_109
345.157,55.0,1.37,5825.0,0,4.013,1,68.34,4.216,116.5,128.4,185.0,EV_109,0.0,910,0.0,DR770601_8,65.0,52055.31,DR770601,179.24,0.0,65.0,D,SimuProB-4,EV_109
350.471,35.0,1.37,5490.0,0,4.015,1,68.28,4.218,109.8,98.6,185.0,EV_109,0.0,920,0.0,DR770601_8,65.0,52055.62,DR770601,179.24,0.0,65.0,D,SimuProB-4,EV_109
345.22,64.0,1.37,5910.0,0,4.012,1,68.2,4.217,118.2,142.3,185.0,EV_109,0.0,930,0.0,DR770601_8,65.0,52055.95,DR770601,179.24,0.0,65.0,D,SimuProB-4,EV_109
344.103,75.0,1.37,6125.0,0,4.008,1,68.08,4.219,122.5,155.2,185.0,EV_109,0.0,940,0.0,DR770601_8,65.0,52056.29,DR770601,179.24,0.0,65.0,D,SimuProB-4,EV_109
346.117,42.0,1.37,5750.0,0,4.011,1,67.99,4.217,115.0,110.4,185.0,EV_109,0.0,950,0.0,DR770601_8,65.0,52056.61,DR770601,179.24,0.0,65.0,D,SimuProB-4,EV_109
348.112,28.0,1.37,5260.0,0,4.014,1,67.91,4.218,105.2,85.6,185.0,EV_109,0.0,960,0.0,DR770601_8,65.0,52056.9,DR770601,179.24,0.0,65.0,D,SimuProB-4,EV_109
347.449,30.0,1.37,5425.0,0,4.013,1,67.83,4.216,108.5,92.4,185.0,EV_109,0.0,970,0.0,DR770601_8,65.0,52057.2,DR770601,179.24,0.0,65.0,D,SimuProB-4,EV_109
349.359,22.0,1.37,5105.0,0,4.015,1,67.76,4.218,102.1,75.8,185.0,EV_109,0.0,980,0.0,DR770601_8,65.0,52057.49,DR770601,179.24,0.0,65.0,D,SimuProB-4,EV_109
350.577,18.0,1.37,4820.0,0,4.016,1,67.68,4.219,96.4,65.2,185.0,EV_109,0.0,990,0.0,DR770601_8,65.0,52057.75,DR770601,179.24,0.0,65.0,D,SimuProB-4,EV_109
351.132,20.0,1.37,4910.0,0,4.017,1,67.58,4.22,98.2,58.5,185.0,EV_109,0.0,1000,0.0,DR770601_8,65.0,52058.02,DR770601,179.24,0.0,65.0,D,SimuProB-4,EV_109
352.505,25.0,1.37,5275.0,0,4.018,1,67.52,4.221,105.5,45.2,185.0,EV_109,0.0,1010,0.0,DR770601_8,65.0,52058.32,DR770601,179.24,0.0,65.0,D,SimuProB-4,EV_109
353.301,22.0,1.37,5040.0,0,4.019,1,67.42,4.222,100.8,52.8,185.0,EV_109,0.0,1020,0.0,DR770601_8,65.0,52058.6,DR770601,179.24,0.0,65.0,D,SimuProB-4,EV_109
352.124,35.0,1.37,5425.0,0,4.02,1,67.39,4.225,108.5,85.4,185.0,EV_109,0.0,1030,0.0,DR770601_8,65.0,52058.9,DR770601,179.24,0.0,65.0,D,SimuProB-4,EV_109
355.318,15.0,1.37,4760.0,0,4.023,1,67.37,4.228,95.2,42.1,185.0,EV_109,0.0,1040,0.0,DR770601_8,65.0,52059.17,DR770601,179.24,0.0,65.0,D,SimuProB-4,EV_109
351.42,28.0,1.37,5190.0,0,4.021,1,67.32,4.226,103.8,68.9,185.0,EV_109,0.0,1050,0.0,DR770601_8,65.0,52059.45,DR770601,179.24,0.0,65.0,D,SimuProB-4,EV_109
350.362,45.0,1.37,5620.0,0,4.022,1,67.29,4.228,112.4,92.5,185.0,EV_109,0.0,1060,0.0,DR770601_8,65.0,52059.76,DR770601,179.24,0.0,65.0,D,SimuProB-4,EV_109
353.628,20.0,1.37,5125.0,0,4.024,1,67.27,4.23,102.5,48.3,185.0,EV_109,0.0,1070,0.0,DR770601_8,65.0,52060.05,DR770601,179.24,0.0,65.0,D,SimuProB-4,EV_109
349.559,55.0,1.37,5790.0,0,4.025,1,67.25,4.232,115.8,105.2,185.0,EV_109,0.0,1080,0.0,DR770601_8,65.0,52060.37,DR770601,179.24,0.0,65.0,D,SimuProB-4,EV_109
346.952,65.0,1.37,5925.0,0,4.028,1,67.2,4.235,118.5,115.4,185.0,EV_109,0.0,1090,0.0,DR770601_8,65.0,52060.7,DR770601,179.24,0.0,65.0,D,SimuProB-4,EV_109
353.146,22.0,1.37,5410.0,0,4.032,1,67.19,4.238,108.2,55.2,185.0,EV_109,0.0,1100,0.0,DR770601_8,65.0,52061.0,DR770601,179.24,0.0,65.0,D,SimuProB-4,EV_109
348.582,0.0,1.37,4925.0,0,4.035,1,67.16,4.24,98.5,-35.6,185.0,EV_109,0.05,1110,35.0,DR770601_8,65.0,52061.27,DR770601,179.24,0.0,65.0,D,SimuProB-4,EV_109
347.191,35.0,1.37,5250.0,0,4.03,1,67.13,4.236,105.0,85.4,185.0,EV_109,0.0,1120,0.0,DR770601_8,65.0,52061.56,DR770601,179.24,0.0,65.0,D,SimuProB-4,EV_109
344.391,50.0,1.37,5600.0,0,4.028,1,67.11,4.238,112.0,125.8,185.0,EV_109,0.0,1130,0.0,DR770601_8,65.0,52061.87,DR770601,179.24,0.0,65.0,D,SimuProB-4,EV_109
351.175,0.0,1.37,4750.0,0,4.032,1,67.09,4.24,95.0,-45.2,185.0,EV_109,0.08,1140,40.0,DR770601_8,65.0,52062.14,DR770601,179.24,0.0,65.0,D,SimuProB-4,EV_109
343.061,65.0,1.37,5775.0,0,4.025,1,67.06,4.235,115.5,145.5,185.0,EV_109,0.0,1150,0.0,DR770601_8,65.0,52062.46,DR770601,179.24,0.0,65.0,D,SimuProB-4,EV_109
348.85,0.0,1.37,5000.0,0,4.03,1,67.04,4.24,100.0,75.2,185.0,EV_109,0.04,1160,25.0,DR770601_8,65.0,52062.74,DR770601,179.24,0.0,65.0,D,SimuProB-4,EV_109
355.651,20.0,1.37,4250.0,0,4.033,1,67.01,4.242,85.0,52.1,185.0,EV_109,0.0,1170,0.0,DR770601_8,65.0,52062.97,DR770601,179.24,0.0,65.0,D,SimuProB-4,EV_109
352.215,22.0,1.37,4325.0,0,4.034,1,66.99,4.241,86.5,48.5,185.0,EV_109,0.0,1180,0.0,DR770601_8,65.0,52063.21,DR770601,179.24,0.0,65.0,D,SimuProB-4,EV_109
349.619,45.0,1.37,4900.0,0,4.035,1,66.98,4.243,98.0,82.3,185.0,EV_109,0.0,1190,0.0,DR770601_8,65.0,52063.48,DR770601,179.24,0.0,65.0,D,SimuProB-4,EV_109
346.084,70.0,1.37,5500.0,0,4.032,1,66.96,4.245,110.0,135.6,185.0,EV_109,0.0,1200,0.0,DR770601_8,65.0,52063.79,DR770601,179.24,0.0,65.0,D,SimuProB-4,EV_109
342.409,75.0,1.37,5600.0,0,4.031,1,66.92,4.246,112.0,145.2,185.0,EV_109,0.0,1210,0.0,DR770601_8,65.0,52064.1,DR770601,179.24,0.0,65.0,D,SimuProB-4,EV_109
344.275,60.0,1.37,5400.0,0,4.033,1,66.92,4.245,108.0,120.5,185.0,EV_109,0.0,1220,0.0,DR770601_8,65.0,52064.4,DR770601,179.24,0.0,65.0,D,SimuProB-4,EV_109
346.388,45.0,1.37,5250.0,0,4.034,1,66.89,4.244,105.0,95.4,185.0,EV_109,0.0,1230,0.0,DR770601_8,65.0,52064.69,DR770601,179.24,0.0,65.0,D,SimuProB-4,EV_109
345.206,40.0,1.37,5100.0,0,4.032,1,66.87,4.242,102.0,88.5,185.0,EV_109,0.0,1240,0.0,DR770601_8,65.0,52064.97,DR770601,179.24,0.0,65.0,D,SimuProB-4,EV_109
348.931,25.0,1.37,4750.0,0,4.03,1,66.85,4.241,95.0,65.2,185.0,EV_109,0.0,1250,0.0,DR770601_8,65.0,52065.24,DR770601,179.24,0.0,65.0,D,SimuProB-4,EV_109
347.53,35.0,1.37,4900.0,0,4.031,1,66.83,4.243,98.0,72.8,185.0,EV_109,0.0,1260,0.0,DR770601_8,65.0,52065.51,DR770601,179.24,0.0,65.0,D,SimuProB-4,EV_109
347.046,30.0,1.37,4825.0,0,4.031,1,66.81,4.242,96.5,68.5,185.0,EV_109,0.0,1270,0.0,DR770601_8,65.0,52065.78,DR770601,179.24,0.0,65.0,D,SimuProB-4,EV_109
345.478,45.0,1.37,5200.0,0,4.032,1,66.78,4.244,104.0,92.3,185.0,EV_109,0.0,0,0.0,DR770601_9,65.0,52066.07,DR770601,179.24,0.0,65.0,D,SimuProB-4,EV_109
344.177,60.0,1.37,5600.0,0,4.033,1,66.76,4.245,112.0,105.6,185.0,EV_109,0.0,10,0.0,DR770601_9,65.0,52066.38,DR770601,179.24,0.0,65.0,D,SimuProB-4,EV_109
342.461,55.0,1.37,5500.0,0,4.034,1,66.73,4.246,110.0,115.4,185.0,EV_109,0.0,20,0.0,DR770601_9,65.0,52066.69,DR770601,179.24,0.0,65.0,D,SimuProB-4,EV_109
345.923,35.0,1.37,5100.0,0,4.035,1,66.71,4.247,102.0,85.6,185.0,EV_109,0.0,30,0.0,DR770601_9,65.0,52066.97,DR770601,179.24,0.0,65.0,D,SimuProB-4,EV_109
349.808,0.0,1.37,4900.0,0,4.036,1,66.69,4.248,98.0,-25.3,185.0,EV_109,0.05,40,15.0,DR770601_9,65.0,52067.24,DR770601,179.24,0.0,65.0,D,SimuProB-4,EV_109
348.79,0.0,1.37,4800.0,0,4.037,1,66.67,4.25,96.0,-15.2,185.0,EV_109,0.06,50,8.0,DR770601_9,65.0,52067.51,DR770601,179.24,0.0,65.0,D,SimuProB-4,EV_109
350.517,0.0,1.37,4700.0,0,4.038,1,66.67,4.252,94.0,-8.5,185.0,EV_109,0.07,60,3.0,DR770601_9,65.0,52067.77,DR770601,179.24,0.0,65.0,D,SimuProB-4,EV_109
352.024,35.0,1.37,4750.0,0,4.039,1,66.63,4.255,95.0,45.0,185.0,EV_109,0.0,70,0.0,DR770601_9,65.0,52068.03,DR770601,179.24,0.0,65.0,D,SimuProB-4,EV_109
351.542,38.0,1.37,4825.0,0,4.04,1,66.6,4.254,96.5,88.5,185.0,EV_109,0.0,80,0.0,DR770601_9,65.0,52068.3,DR770601,179.24,0.0,65.0,D,SimuProB-4,EV_109
348.597,55.0,1.37,5000.0,0,4.035,1,66.55,4.252,100.0,115.0,185.0,EV_109,0.0,90,0.0,DR770601_9,65.0,52068.58,DR770601,179.24,0.0,65.0,D,SimuProB-4,EV_109
350.876,30.0,1.37,4900.0,0,4.04,1,66.52,4.255,98.0,75.0,185.0,EV_109,0.0,100,0.0,DR770601_9,65.0,52068.85,DR770601,179.24,0.0,65.0,D,SimuProB-4,EV_109
354.603,32.0,1.37,4950.0,0,4.038,1,66.49,4.253,99.0,65.0,185.0,EV_109,0.0,110,0.0,DR770601_9,65.0,52069.12,DR770601,179.24,0.0,65.0,D,SimuProB-4,EV_109
352.935,42.0,1.37,5075.0,0,4.036,1,66.44,4.256,101.5,82.5,185.0,EV_109,0.0,120,0.0,DR770601_9,65.0,52069.41,DR770601,179.24,0.0,65.0,D,SimuProB-4,EV_109
350.065,48.0,1.37,5150.0,0,4.034,1,66.4,4.254,103.0,95.0,185.0,EV_109,0.0,130,0.0,DR770601_9,65.0,52069.69,DR770601,179.24,0.0,65.0,D,SimuProB-4,EV_109
348.534,50.0,1.37,5250.0,0,4.032,1,66.34,4.254,105.0,105.0,185.0,EV_109,0.0,140,0.0,DR770601_9,65.0,52069.98,DR770601,179.24,0.0,65.0,D,SimuProB-4,EV_109
351.453,25.0,1.37,4750.0,0,4.038,1,66.3,4.256,95.0,70.0,185.0,EV_109,0.0,150,0.0,DR770601_9,65.0,52070.25,DR770601,179.24,0.0,65.0,D,SimuProB-4,EV_109
354.074,20.0,1.37,4600.0,0,4.04,1,66.28,4.255,92.0,60.0,185.0,EV_109,0.0,160,0.0,DR770601_9,65.0,52070.5,DR770601,179.24,0.0,65.0,D,SimuProB-4,EV_109
352.081,32.0,1.37,4725.0,0,4.037,1,66.21,4.255,94.5,85.5,185.0,EV_109,0.0,170,0.0,DR770601_9,65.0,52070.76,DR770601,179.24,0.0,65.0,D,SimuProB-4,EV_109
350.239,65.0,1.37,5400.0,0,4.031,1,66.18,4.258,108.0,110.2,185.0,EV_109,0.0,180,0.0,DR770601_9,65.0,52071.06,DR770601,179.24,0.0,65.0,D,SimuProB-4,EV_109
353.978,28.0,1.37,4900.0,0,4.039,1,66.15,4.254,98.0,68.0,185.0,EV_109,0.0,190,0.0,DR770601_9,65.0,52071.33,DR770601,179.24,0.0,65.0,D,SimuProB-4,EV_109
351.386,26.0,1.37,4825.0,0,4.035,1,66.12,4.253,96.5,82.5,185.0,EV_109,0.0,200,0.0,DR770601_9,65.0,52071.6,DR770601,179.24,0.0,65.0,D,SimuProB-4,EV_109
350.161,45.0,1.37,5100.0,0,4.029,1,66.12,4.256,102.0,105.0,185.0,EV_109,0.0,210,0.0,DR770601_9,65.0,52071.88,DR770601,179.24,0.0,65.0,D,SimuProB-4,EV_109
351.898,22.0,1.37,4675.0,0,4.041,1,66.09,4.252,93.5,72.0,185.0,EV_109,0.0,220,0.0,DR770601_9,65.0,52072.14,DR770601,179.24,0.0,65.0,D,SimuProB-4,EV_109
352.099,24.0,1.37,4750.0,0,4.042,1,66.05,4.251,95.0,65.5,185.0,EV_109,0.0,230,0.0,DR770601_9,65.0,52072.4,DR770601,179.24,0.0,65.0,D,SimuProB-4,EV_109
347.867,75.0,1.37,5325.0,0,4.025,1,66.02,4.255,106.5,145.0,185.0,EV_109,0.0,240,0.0,DR770601_9,65.0,52072.7,DR770601,179.24,0.0,65.0,D,SimuProB-4,EV_109
354.27,0.0,1.37,4900.0,0,4.038,1,66.01,4.259,98.0,-45.0,185.0,EV_109,0.06,250,15.0,DR770601_9,65.0,52072.97,DR770601,179.24,0.0,65.0,D,SimuProB-4,EV_109
350.314,40.0,1.37,5025.0,0,4.035,1,65.99,4.253,100.5,85.0,185.0,EV_109,0.0,260,0.0,DR770601_9,65.0,52073.25,DR770601,179.24,0.0,65.0,D,SimuProB-4,EV_109
348.395,65.0,1.37,5400.0,0,4.028,1,65.98,4.258,108.0,115.0,185.0,EV_109,0.0,270,0.0,DR770601_9,65.0,52073.55,DR770601,179.24,0.0,65.0,D,SimuProB-4,EV_109
353.201,0.0,1.37,4800.0,0,4.04,1,65.97,4.26,96.0,-35.0,185.0,EV_109,0.08,280,10.0,DR770601_9,65.0,52073.82,DR770601,179.24,0.0,65.0,D,SimuProB-4,EV_109
349.762,45.0,1.37,5100.0,0,4.032,1,65.95,4.255,102.0,95.0,185.0,EV_109,0.0,290,0.0,DR770601_9,65.0,52074.1,DR770601,179.24,0.0,65.0,D,SimuProB-4,EV_109
352.156,0.0,1.37,4750.0,0,4.036,1,65.95,4.258,95.0,-25.0,185.0,EV_109,0.07,300,12.0,DR770601_9,65.0,52074.37,DR770601,179.24,0.0,65.0,D,SimuProB-4,EV_109
350.706,40.0,1.37,5000.0,0,4.03,1,65.93,4.254,100.0,80.0,185.0,EV_109,0.0,310,0.0,DR770601_9,65.0,52074.65,DR770601,179.24,0.0,65.0,D,SimuProB-4,EV_109
348.791,70.0,1.37,5450.0,0,4.035,1,65.92,4.26,109.0,125.0,185.0,EV_109,0.0,320,0.0,DR770601_9,65.0,52074.95,DR770601,179.24,0.0,65.0,D,SimuProB-4,EV_109
351.58,0.0,1.37,4850.0,0,4.038,1,65.91,4.258,97.0,-30.0,185.0,EV_109,0.075,330,8.0,DR770601_9,65.0,52075.22,DR770601,179.24,0.0,65.0,D,SimuProB-4,EV_109
347.561,80.0,1.37,5600.0,0,4.03,1,65.9,4.262,112.0,140.0,185.0,EV_109,0.0,340,0.0,DR770601_9,65.0,52075.53,DR770601,179.24,0.0,65.0,D,SimuProB-4,EV_109
348.143,45.0,1.37,5400.0,0,4.032,1,65.88,4.26,108.0,95.0,185.0,EV_109,0.0,350,0.0,DR770601_9,65.0,52075.83,DR770601,179.24,0.0,65.0,D,SimuProB-4,EV_109
349.558,25.0,1.37,5100.0,0,4.03,1,65.86,4.255,102.0,65.0,185.0,EV_109,0.0,360,0.0,DR770601_9,65.0,52076.11,DR770601,179.24,0.0,65.0,D,SimuProB-4,EV_109
346.446,85.0,1.37,5750.0,0,4.028,1,65.86,4.265,115.0,135.0,185.0,EV_109,0.0,370,0.0,DR770601_9,65.0,52076.43,DR770601,179.24,0.0,65.0,D,SimuProB-4,EV_109
344.843,82.0,1.37,5700.0,0,4.025,1,65.85,4.268,114.0,145.0,185.0,EV_109,0.0,380,0.0,DR770601_9,65.0,52076.75,DR770601,179.24,0.0,65.0,D,SimuProB-4,EV_109
348.902,35.0,1.37,5300.0,0,4.032,1,65.82,4.262,106.0,85.0,185.0,EV_109,0.0,390,0.0,DR770601_9,65.0,52077.04,DR770601,179.24,0.0,65.0,D,SimuProB-4,EV_109
346.952,65.0,1.37,5500.0,0,4.03,1,65.8,4.265,110.0,120.0,185.0,EV_109,0.0,400,0.0,DR770601_9,65.0,52077.35,DR770601,179.24,0.0,65.0,D,SimuProB-4,EV_109
344.86,70.0,1.37,5600.0,0,4.029,1,65.78,4.266,112.0,138.0,185.0,EV_109,0.0,410,0.0,DR770601_9,65.0,52077.66,DR770601,179.24,0.0,65.0,D,SimuProB-4,EV_109
344.003,88.0,1.37,5800.0,0,4.024,1,65.77,4.27,116.0,148.0,185.0,EV_109,0.0,420,0.0,DR770601_9,65.0,52077.98,DR770601,179.24,0.0,65.0,D,SimuProB-4,EV_109
346.792,40.0,1.37,5400.0,0,4.031,1,65.77,4.264,108.0,95.0,185.0,EV_109,0.0,430,0.0,DR770601_9,65.0,52078.28,DR770601,179.24,0.0,65.0,D,SimuProB-4,EV_109
347.501,45.0,1.37,5500.0,0,4.03,1,65.74,4.26,110.0,82.0,185.0,EV_109,0.0,440,0.0,DR770601_9,64.95,52078.59,DR770601,179.24,0.0,65.0,D,SimuProB-4,EV_109
346.708,50.0,1.37,5600.0,0,4.028,1,65.74,4.258,112.0,88.0,185.0,EV_109,0.0,450,0.0,DR770601_9,65.0,52078.9,DR770601,179.24,0.0,65.0,D,SimuProB-4,EV_109
347.061,42.0,1.37,5400.0,0,4.025,1,65.73,4.255,108.0,75.0,185.0,EV_109,0.0,460,0.0,DR770601_9,65.0,52079.2,DR770601,179.24,0.0,65.0,D,SimuProB-4,EV_109
346.532,44.0,1.37,5450.0,0,4.025,1,65.72,4.255,109.0,78.0,185.0,EV_109,0.0,470,0.0,DR770601_9,65.0,52079.5,DR770601,179.24,0.0,65.0,D,SimuProB-4,EV_109
347.18,46.0,1.37,5500.0,0,4.026,1,65.7,4.254,110.0,76.0,185.0,EV_109,0.0,480,0.0,DR770601_9,65.0,52079.81,DR770601,179.24,0.0,65.0,D,SimuProB-4,EV_109
347.554,48.0,1.37,5550.0,0,4.027,1,65.7,4.253,111.0,80.0,185.0,EV_109,0.0,490,0.0,DR770601_9,65.0,52080.12,DR770601,179.24,0.0,65.0,D,SimuProB-4,EV_109
346.527,49.0,1.37,5625.0,0,4.027,1,65.68,4.252,112.5,82.0,185.0,EV_109,0.0,500,0.0,DR770601_9,65.0,52080.43,DR770601,179.24,0.0,65.0,D,SimuProB-4,EV_109
347.111,43.0,1.37,5450.0,0,4.026,1,65.66,4.254,109.0,74.0,185.0,EV_109,0.0,510,0.0,DR770601_9,65.0,52080.74,DR770601,179.24,0.0,65.0,D,SimuProB-4,EV_109
346.022,52.0,1.37,5650.0,0,4.028,1,65.66,4.25,113.0,85.0,185.0,EV_109,0.0,520,0.0,DR770601_9,65.0,52081.05,DR770601,179.24,0.0,65.0,D,SimuProB-4,EV_109
346.006,53.0,1.37,5675.0,0,4.029,1,65.65,4.251,113.5,88.0,185.0,EV_109,0.0,530,0.0,DR770601_9,65.0,52081.37,DR770601,179.24,0.0,65.0,D,SimuProB-4,EV_109
345.497,55.0,1.37,5700.0,0,4.03,1,65.63,4.25,114.0,92.0,185.0,EV_109,0.0,540,0.0,DR770601_9,65.0,52081.68,DR770601,179.24,0.0,65.0,D,SimuProB-4,EV_109
345.674,48.0,1.37,5600.0,0,4.028,1,65.62,4.252,112.0,78.0,185.0,EV_109,0.0,550,0.0,DR770601_9,65.0,52081.99,DR770601,179.24,0.0,65.0,D,SimuProB-4,EV_109
346.591,38.0,1.37,5425.0,0,4.032,1,65.59,4.248,108.5,68.0,185.0,EV_109,0.0,560,0.0,DR770601_9,65.0,52082.29,DR770601,179.24,0.0,65.0,D,SimuProB-4,EV_109
345.357,62.0,1.37,5750.0,0,4.022,1,65.59,4.255,115.0,95.0,185.0,EV_109,0.0,570,0.0,DR770601_9,65.0,52082.61,DR770601,179.24,0.0,65.0,D,SimuProB-4,EV_109
346.465,0.0,1.37,5250.0,0,4.035,1,65.59,4.26,105.0,-25.0,185.0,EV_109,0.08,580,35.0,DR770601_9,65.0,52082.9,DR770601,179.24,0.0,65.0,D,SimuProB-4,EV_109
345.793,42.0,1.37,5525.0,0,4.03,1,65.58,4.253,110.5,72.0,185.0,EV_109,0.0,590,0.0,DR770601_9,65.0,52083.21,DR770601,179.24,0.0,65.0,D,SimuProB-4,EV_109
345.181,68.0,1.37,5900.0,0,4.025,1,65.56,4.258,118.0,115.0,185.0,EV_109,0.0,600,0.0,DR770601_9,65.0,52083.53,DR770601,179.24,0.0,65.0,D,SimuProB-4,EV_109
346.491,0.0,1.37,5400.0,0,4.038,1,65.56,4.262,108.0,-45.0,185.0,EV_109,0.09,610,28.0,DR770601_9,65.0,52083.83,DR770601,179.24,0.0,65.0,D,SimuProB-4,EV_109
344.953,65.0,1.37,5900.0,0,4.04,1,65.53,4.265,118.0,125.0,185.0,EV_109,0.0,620,0.0,DR770601_9,65.0,52084.16,DR770601,179.24,0.0,65.0,D,SimuProB-4,EV_109
346.25,0.0,1.37,5600.0,0,4.045,1,65.53,4.268,112.0,-35.0,185.0,EV_109,0.085,630,22.0,DR770601_9,65.0,52084.47,DR770601,179.24,0.0,65.0,D,SimuProB-4,EV_109
345.296,55.0,1.37,5750.0,0,4.035,1,65.53,4.26,115.0,90.0,185.0,EV_109,0.0,640,0.0,DR770601_9,65.0,52084.79,DR770601,179.24,0.0,65.0,D,SimuProB-4,EV_109
343.697,72.0,1.37,5875.0,0,4.03,1,65.48,4.26,117.5,130.5,185.0,EV_109,0.0,650,0.0,DR770601_9,65.0,52085.12,DR770601,179.24,0.0,65.0,D,SimuProB-4,EV_109
346.081,0.0,1.37,5500.0,0,4.035,1,65.48,4.265,110.0,-40.0,185.0,EV_109,0.08,660,25.0,DR770601_9,65.0,52085.42,DR770601,179.24,0.0,65.0,D,SimuProB-4,EV_109
343.951,80.0,1.37,5950.0,0,4.025,1,65.47,4.27,119.0,145.0,185.0,EV_109,0.0,670,0.0,DR770601_9,65.0,52085.75,DR770601,179.24,0.0,65.0,D,SimuProB-4,EV_109
344.558,75.0,1.37,5900.0,0,4.028,1,65.43,4.268,118.0,135.0,185.0,EV_109,0.0,680,0.0,DR770601_9,65.0,52086.08,DR770601,179.24,0.0,65.0,D,SimuProB-4,EV_109
343.965,85.0,1.37,6000.0,0,4.02,1,65.4,4.27,120.0,155.0,185.0,EV_109,0.0,690,0.0,DR770601_9,65.0,52086.41,DR770601,179.24,0.0,65.0,D,SimuProB-4,EV_109
344.631,0.0,1.37,5700.0,0,4.025,1,65.38,4.265,114.0,-25.0,185.0,EV_109,0.06,700,15.0,DR770601_9,65.0,52086.73,DR770601,179.24,0.0,65.0,D,SimuProB-4,EV_109
341.495,78.0,1.37,5825.0,0,4.018,1,65.34,4.262,116.5,142.0,185.0,EV_109,0.0,710,0.0,DR770601_9,64.95,52087.05,DR770601,179.24,0.0,65.0,D,SimuProB-4,EV_109
339.473,88.0,1.37,6000.0,0,4.015,1,65.31,4.26,120.0,158.0,185.0,EV_109,0.0,720,0.0,DR770601_9,65.0,52087.39,DR770601,179.24,0.0,65.0,D,SimuProB-4,EV_109
341.911,0.0,1.37,5600.0,0,4.02,1,65.26,4.255,112.0,-35.0,185.0,EV_109,0.07,730,18.0,DR770601_9,65.0,52087.7,DR770601,179.24,0.0,65.0,D,SimuProB-4,EV_109
343.817,82.0,1.37,5900.0,0,4.015,1,65.25,4.26,118.0,160.0,185.0,EV_109,0.0,740,0.0,DR770601_9,65.0,52088.03,DR770601,179.24,0.0,65.0,D,SimuProB-4,EV_109
340.262,85.0,1.37,6000.0,0,4.01,1,65.23,4.255,120.0,165.0,185.0,EV_109,0.0,750,0.0,DR770601_9,65.0,52088.36,DR770601,179.24,0.0,65.0,D,SimuProB-4,EV_109
344.265,0.0,1.37,5500.0,0,4.02,1,65.2,4.26,110.0,-30.0,185.0,EV_109,0.08,760,20.0,DR770601_9,65.0,52088.67,DR770601,179.24,0.0,65.0,D,SimuProB-4,EV_109
340.878,80.0,1.37,5900.0,0,4.01,1,65.19,4.255,118.0,155.0,185.0,EV_109,0.0,770,0.0,DR770601_9,65.0,52089.0,DR770601,179.24,0.0,65.0,D,SimuProB-4,EV_109
342.639,0.0,1.37,5600.0,0,4.02,1,65.16,4.26,112.0,-25.0,185.0,EV_109,0.06,780,15.0,DR770601_9,65.0,52089.31,DR770601,179.24,0.0,65.0,D,SimuProB-4,EV_109
340.249,85.0,1.37,6000.0,0,4.01,1,65.15,4.255,120.0,162.0,185.0,EV_109,0.0,790,0.0,DR770601_9,65.0,52089.64,DR770601,179.24,0.0,65.0,D,SimuProB-4,EV_109
332.666,90.0,1.37,6000.0,0,3.98,1,65.05,4.26,120.0,190.0,185.0,EV_109,0.0,800,0.0,DR770601_9,65.0,52089.97,DR770601,179.24,0.0,65.0,D,SimuProB-4,EV_109
337.847,60.0,1.37,5750.0,0,4.015,1,64.97,4.255,115.0,140.0,185.0,EV_109,0.0,810,0.0,DR770601_9,65.0,52090.29,DR770601,179.24,0.0,65.0,D,SimuProB-4,EV_109
334.705,85.0,1.37,5900.0,0,3.99,1,64.87,4.26,118.0,175.0,185.0,EV_109,0.0,820,0.0,DR770601_9,65.0,52090.62,DR770601,179.24,0.0,65.0,D,SimuProB-4,EV_109
330.702,75.0,1.37,5800.0,0,4.0,1,64.77,4.25,116.0,155.0,185.0,EV_109,0.0,830,0.0,DR770601_9,65.0,52090.94,DR770601,179.24,0.0,65.0,D,SimuProB-4,EV_109
328.942,80.0,1.37,5950.0,0,3.99,1,64.7,4.26,119.0,170.0,185.0,EV_109,0.0,840,0.0,DR770601_9,65.0,52091.27,DR770601,179.24,0.0,65.0,D,SimuProB-4,EV_109
335.498,55.0,1.37,5500.0,0,4.01,1,64.64,4.255,110.0,110.0,185.0,EV_109,0.0,850,0.0,DR770601_9,65.0,52091.58,DR770601,179.24,0.0,65.0,D,SimuProB-4,EV_109
333.37,58.0,1.37,5600.0,0,4.008,1,64.61,4.252,112.0,135.0,185.0,EV_109,0.0,860,0.0,DR770601_9,65.0,52091.89,DR770601,179.24,0.0,65.0,D,SimuProB-4,EV_109
329.549,70.0,1.37,5800.0,0,3.995,1,64.57,4.258,116.0,160.0,185.0,EV_109,0.0,870,0.0,DR770601_9,65.0,52092.21,DR770601,179.24,0.0,65.0,D,SimuProB-4,EV_109
331.363,55.0,1.37,5550.0,0,4.012,1,64.54,4.254,111.0,125.0,185.0,EV_109,0.0,880,0.0,DR770601_9,65.0,52092.52,DR770601,179.24,0.0,65.0,D,SimuProB-4,EV_109
327.312,82.0,1.37,5900.0,0,3.992,1,64.52,4.259,118.0,185.0,185.0,EV_109,0.0,890,0.0,DR770601_9,65.0,52092.85,DR770601,179.24,0.0,65.0,D,SimuProB-4,EV_109
329.775,45.0,1.37,5400.0,0,4.005,1,64.49,4.256,108.0,120.0,185.0,EV_109,0.0,900,0.0,DR770601_9,65.0,52093.15,DR770601,179.24,0.0,65.0,D,SimuProB-4,EV_109
334.661,0.0,1.37,4750.0,0,4.015,1,64.46,4.253,95.0,-25.0,185.0,EV_109,0.05,910,15.0,DR770601_9,65.0,52093.41,DR770601,179.24,0.0,65.0,D,SimuProB-4,EV_109
336.295,0.0,1.37,4600.0,0,4.018,1,64.44,4.255,92.0,-15.0,185.0,EV_109,0.04,920,10.0,DR770601_9,65.0,52093.67,DR770601,179.24,0.0,65.0,D,SimuProB-4,EV_109
338.242,35.0,1.37,4900.0,0,4.02,1,64.4,4.252,98.0,45.0,185.0,EV_109,0.0,930,0.0,DR770601_9,65.0,52093.94,DR770601,179.24,0.0,65.0,D,SimuProB-4,EV_109
335.394,55.0,1.37,5250.0,0,4.015,1,64.39,4.25,105.0,95.0,185.0,EV_109,0.0,940,0.0,DR770601_9,65.0,52094.23,DR770601,179.24,0.0,65.0,D,SimuProB-4,EV_109
336.597,70.0,1.37,5600.0,0,4.012,1,64.37,4.248,112.0,135.0,185.0,EV_109,0.0,950,0.0,DR770601_9,65.0,52094.54,DR770601,179.24,0.0,65.0,D,SimuProB-4,EV_109
338.72,50.0,1.37,5300.0,0,4.014,1,64.35,4.25,106.0,110.0,185.0,EV_109,0.0,960,0.0,DR770601_9,65.0,52094.84,DR770601,179.24,0.0,65.0,D,SimuProB-4,EV_109
337.587,80.0,1.37,5900.0,0,4.008,1,64.34,4.245,118.0,145.0,185.0,EV_109,0.0,970,0.0,DR770601_9,65.0,52095.16,DR770601,179.24,0.0,65.0,D,SimuProB-4,EV_109
336.173,75.0,1.37,5700.0,0,4.006,1,64.31,4.244,114.0,155.0,185.0,EV_109,0.0,980,0.0,DR770601_9,65.0,52095.48,DR770601,179.24,0.0,65.0,D,SimuProB-4,EV_109
339.456,0.0,1.37,5100.0,0,4.012,1,64.31,4.25,102.0,-45.0,185.0,EV_109,0.08,990,35.0,DR770601_9,65.0,52095.76,DR770601,179.24,0.0,65.0,D,SimuProB-4,EV_109
337.525,45.0,1.37,5400.0,0,4.01,1,64.3,4.248,108.0,85.0,185.0,EV_109,0.0,1000,0.0,DR770601_9,65.0,52096.06,DR770601,179.24,0.0,65.0,D,SimuProB-4,EV_109
335.295,40.0,1.37,5250.0,0,4.008,1,64.28,4.246,105.0,95.0,185.0,EV_109,0.0,1010,0.0,DR770601_9,65.0,52096.35,DR770601,179.24,0.0,65.0,D,SimuProB-4,EV_109
334.1,65.0,1.37,5600.0,0,4.005,1,64.28,4.244,112.0,130.0,185.0,EV_109,0.0,1020,0.0,DR770601_9,65.0,52096.66,DR770601,179.24,0.0,65.0,D,SimuProB-4,EV_109
336.588,0.0,1.37,4900.0,0,4.01,1,64.27,4.248,98.0,-25.0,185.0,EV_109,0.05,1030,15.0,DR770601_9,65.0,52096.93,DR770601,179.24,0.0,65.0,D,SimuProB-4,EV_109
334.511,50.0,1.37,5400.0,0,4.006,1,64.24,4.245,108.0,105.0,185.0,EV_109,0.0,1040,0.0,DR770601_9,65.0,52097.23,DR770601,179.24,0.0,65.0,D,SimuProB-4,EV_109
335.083,0.0,1.37,5250.0,0,4.008,1,64.23,4.247,105.0,-15.0,185.0,EV_109,0.03,1050,8.0,DR770601_9,65.0,52097.52,DR770601,179.24,0.0,65.0,D,SimuProB-4,EV_109
333.34,75.0,1.37,5750.0,0,4.004,1,64.21,4.243,115.0,140.0,185.0,EV_109,0.0,1060,0.0,DR770601_9,65.0,52097.84,DR770601,179.24,0.0,65.0,D,SimuProB-4,EV_109
332.823,85.0,1.37,5900.0,0,4.003,1,64.18,4.242,118.0,155.0,185.0,EV_109,0.0,1070,0.0,DR770601_9,65.0,52098.17,DR770601,179.24,0.0,65.0,D,SimuProB-4,EV_109
336.374,0.0,1.37,5500.0,0,4.007,1,64.16,4.246,110.0,-18.0,185.0,EV_109,0.04,1080,10.0,DR770601_9,65.0,52098.47,DR770601,179.24,0.0,65.0,D,SimuProB-4,EV_109
333.365,60.0,1.37,5700.0,0,4.005,1,64.16,4.244,114.0,125.0,185.0,EV_109,0.0,1090,0.0,DR770601_9,65.0,52098.79,DR770601,179.24,0.0,65.0,D,SimuProB-4,EV_109
334.238,55.0,1.37,5600.0,0,4.006,1,64.14,4.245,112.0,135.0,185.0,EV_109,0.0,1100,0.0,DR770601_9,65.0,52099.1,DR770601,179.24,0.0,65.0,D,SimuProB-4,EV_109
337.079,0.0,1.37,5400.0,0,4.009,1,64.12,4.248,108.0,-22.0,185.0,EV_109,0.04,1110,12.0,DR770601_9,65.0,52099.4,DR770601,179.24,0.0,65.0,D,SimuProB-4,EV_109
334.091,70.0,1.37,5800.0,0,4.002,1,64.1,4.243,116.0,145.0,185.0,EV_109,0.0,1120,0.0,DR770601_9,65.0,52099.72,DR770601,179.24,0.0,65.0,D,SimuProB-4,EV_109
334.278,58.0,1.37,5650.0,0,4.003,1,64.08,4.244,113.0,140.0,185.0,EV_109,0.0,1130,0.0,DR770601_9,65.0,52100.03,DR770601,179.24,0.0,65.0,D,SimuProB-4,EV_109
338.565,0.0,1.37,5450.0,0,4.006,1,64.06,4.247,109.0,-15.0,185.0,EV_109,0.04,1140,8.0,DR770601_9,65.0,52100.34,DR770601,179.24,0.0,65.0,D,SimuProB-4,EV_109
335.894,65.0,1.37,5750.0,0,4.004,1,64.04,4.245,115.0,130.0,185.0,EV_109,0.0,1150,0.0,DR770601_9,65.0,52100.66,DR770601,179.24,0.0,65.0,D,SimuProB-4,EV_109
334.705,62.0,1.37,5850.0,0,4.004,1,64.0,4.245,117.0,135.0,185.0,EV_109,0.0,1160,0.0,DR770601_9,65.0,52100.99,DR770601,179.24,0.0,65.0,D,SimuProB-4,EV_109
334.184,75.0,1.37,5950.0,0,4.001,1,63.98,4.242,119.0,142.0,185.0,EV_109,0.0,1170,0.0,DR770601_9,65.0,52101.32,DR770601,179.24,0.0,65.0,D,SimuProB-4,EV_109
337.582,0.0,1.37,5700.0,0,4.005,1,63.97,4.246,114.0,-18.0,185.0,EV_109,0.04,1180,10.0,DR770601_9,65.0,52101.63,DR770601,179.24,0.0,65.0,D,SimuProB-4,EV_109
333.236,78.0,1.37,6000.0,0,3.998,1,63.96,4.24,120.0,145.0,185.0,EV_109,0.0,1190,0.0,DR770601_9,65.0,52101.96,DR770601,179.24,0.0,65.0,D,SimuProB-4,EV_109
333.774,55.0,1.37,5900.0,0,4.0,1,63.94,4.242,118.0,120.0,185.0,EV_109,0.0,1200,0.0,DR770601_9,65.0,52102.29,DR770601,179.24,0.0,65.0,D,SimuProB-4,EV_109
335.646,0.0,1.37,5600.0,0,4.002,1,63.92,4.245,112.0,-12.0,185.0,EV_109,0.04,1210,6.0,DR770601_9,65.0,52102.6,DR770601,179.24,0.0,65.0,D,SimuProB-4,EV_109
342.495,25.0,1.37,5750.0,0,4.008,1,63.91,4.248,115.0,25.0,185.0,EV_109,0.0,1220,0.0,DR770601_9,65.0,52102.92,DR770601,179.24,0.0,65.0,D,SimuProB-4,EV_109
338.625,65.0,1.37,5900.0,0,4.005,1,63.88,4.252,118.0,95.0,185.0,EV_109,0.0,1230,0.0,DR770601_9,65.0,52103.25,DR770601,179.24,0.0,65.0,D,SimuProB-4,EV_109
341.174,0.0,1.37,5650.0,0,4.01,1,63.88,4.25,113.0,-15.0,185.0,EV_109,0.04,1240,8.0,DR770601_9,65.0,52103.56,DR770601,179.24,0.0,65.0,D,SimuProB-4,EV_109
332.376,60.0,1.37,5950.0,0,4.012,1,63.87,4.255,119.0,135.0,185.0,EV_109,0.0,1250,0.0,DR770601_9,65.0,52103.89,DR770601,179.24,0.0,65.0,D,SimuProB-4,EV_109
340.074,0.0,1.37,5550.0,0,4.015,1,63.86,4.258,111.0,18.0,185.0,EV_109,0.04,1260,12.0,DR770601_9,65.0,52104.2,DR770601,179.24,0.0,65.0,D,SimuProB-4,EV_109
337.405,50.0,1.37,5800.0,0,4.018,1,63.83,4.26,116.0,110.0,185.0,EV_109,0.0,1270,0.0,DR770601_9,65.0,52104.52,DR770601,179.24,0.0,65.0,D,SimuProB-4,EV_109
336.828,55.0,1.37,2800.0,0,4.02,1,63.79,4.262,45.0,125.0,185.0,EV_109,0.0,0,0.0,DR770601_10,65.0,52104.64,DR770601,179.24,0.0,65.0,D,SimuProB-4,EV_109
342.365,5.0,1.37,750.0,0,4.022,1,63.79,4.265,12.0,15.0,185.0,EV_109,0.05,10,45.0,DR770601_10,65.0,52104.68,DR770601,179.24,0.0,65.0,D,SimuProB-4,EV_109
337.747,35.0,1.37,1800.0,0,4.025,1,63.79,4.268,28.0,45.0,185.0,EV_109,0.0,20,0.0,DR770601_10,65.0,52104.76,DR770601,179.24,0.0,65.0,D,SimuProB-4,EV_109
336.557,45.0,1.37,2400.0,0,4.028,1,63.75,4.27,38.0,85.0,185.0,EV_109,0.0,30,0.0,DR770601_10,65.0,52104.87,DR770601,179.24,0.0,65.0,D,SimuProB-4,EV_109
345.155,0.0,1.37,950.0,0,4.03,1,63.75,4.275,15.0,-25.0,185.0,EV_109,0.02,40,60.0,DR770601_10,65.0,52104.91,DR770601,179.24,0.0,65.0,D,SimuProB-4,EV_109
339.978,0.0,1.37,300.0,0,4.02,1,63.75,4.26,5.0,12.0,185.0,EV_109,0.0,50,15.0,DR770601_10,65.0,52104.92,DR770601,179.24,0.0,65.0,D,SimuProB-4,EV_109
337.687,15.0,1.37,1100.0,0,4.018,1,63.74,4.258,18.0,22.0,185.0,EV_109,0.0,60,0.0,DR770601_10,65.0,52104.97,DR770601,179.24,0.0,65.0,D,SimuProB-4,EV_109
338.397,0.0,1.37,450.0,0,4.022,1,63.72,4.262,8.0,-18.0,185.0,EV_109,0.01,70,35.0,DR770601_10,65.0,52104.99,DR770601,179.24,0.0,65.0,D,SimuProB-4,EV_109
336.951,25.0,1.37,1600.0,0,4.015,1,63.72,4.26,25.0,35.0,185.0,EV_109,0.0,80,0.0,DR770601_10,65.0,52105.06,DR770601,179.24,0.0,65.0,D,SimuProB-4,EV_109
335.436,35.0,1.37,2100.0,0,4.01,1,63.71,4.255,32.0,45.0,185.0,EV_109,0.0,90,0.0,DR770601_10,65.0,52105.15,DR770601,179.24,0.0,65.0,D,SimuProB-4,EV_109
333.195,0.0,1.37,700.0,0,4.015,1,63.7,4.26,12.0,-32.0,185.0,EV_109,0.015,100,75.0,DR770601_10,65.0,52105.18,DR770601,179.24,0.0,65.0,D,SimuProB-4,EV_109
335.896,5.0,1.37,350.0,0,4.02,1,63.7,4.265,6.0,8.0,185.0,EV_109,0.0,110,10.0,DR770601_10,65.0,52105.2,DR770601,179.24,0.0,65.0,D,SimuProB-4,EV_109
333.278,45.0,1.37,3000.0,0,4.0,1,63.69,4.25,45.0,65.0,185.0,EV_109,0.0,120,0.0,DR770601_10,65.0,52105.32,DR770601,179.24,0.0,65.0,D,SimuProB-4,EV_109
328.959,65.0,1.37,3800.0,0,3.98,1,63.65,4.24,52.0,110.0,185.0,EV_109,0.0,130,0.0,DR770601_10,65.0,52105.47,DR770601,179.24,0.0,65.0,D,SimuProB-4,EV_109
332.819,0.0,1.37,2200.0,0,4.01,1,63.65,4.25,35.0,-25.0,185.0,EV_109,0.02,140,45.0,DR770601_10,65.0,52105.57,DR770601,179.24,0.0,65.0,D,SimuProB-4,EV_109
329.745,35.0,1.37,2700.0,0,4.01,1,63.64,4.245,42.0,45.0,185.0,EV_109,0.0,150,0.0,DR770601_10,65.0,52105.69,DR770601,179.24,0.0,65.0,D,SimuProB-4,EV_109
327.394,60.0,1.37,3300.0,0,3.97,1,63.6,4.23,48.0,95.0,185.0,EV_109,0.0,160,0.0,DR770601_10,65.0,52105.82,DR770601,179.24,0.0,65.0,D,SimuProB-4,EV_109
331.692,0.0,1.37,1800.0,0,4.02,1,63.6,4.24,30.0,-15.0,185.0,EV_109,0.01,170,30.0,DR770601_10,65.0,52105.9,DR770601,179.24,0.0,65.0,D,SimuProB-4,EV_109
325.395,70.0,1.37,4200.0,0,3.95,1,63.58,4.21,55.0,125.0,185.0,EV_109,0.0,180,0.0,DR770601_10,65.0,52106.05,DR770601,179.24,0.0,65.0,D,SimuProB-4,EV_109
322.731,75.0,1.37,4500.0,0,3.92,1,63.49,4.23,58.0,145.0,185.0,EV_109,0.0,190,0.0,DR770601_10,65.0,52106.21,DR770601,179.24,0.0,65.0,D,SimuProB-4,EV_109
321.223,78.0,1.37,4800.0,0,3.88,1,63.42,4.25,62.0,160.0,185.0,EV_109,0.0,200,0.0,DR770601_10,65.0,52106.39,DR770601,179.24,0.0,65.0,D,SimuProB-4,EV_109
330.595,30.0,1.37,2200.0,0,3.96,1,63.35,4.18,35.0,45.0,185.0,EV_109,0.0,210,0.0,DR770601_10,65.0,52106.49,DR770601,179.24,0.0,65.0,D,SimuProB-4,EV_109
342.597,0.0,1.37,750.0,0,4.05,1,63.33,4.2,12.0,-25.0,185.0,EV_109,0.015,220,65.0,DR770601_10,65.0,52106.52,DR770601,179.24,0.0,65.0,D,SimuProB-4,EV_109
335.668,45.0,1.37,1550.0,0,3.98,1,63.29,4.22,25.0,60.0,185.0,EV_109,0.0,230,0.0,DR770601_10,65.0,52106.59,DR770601,179.24,0.0,65.0,D,SimuProB-4,EV_109
352.003,35.0,1.37,2800.0,0,3.95,1,63.28,4.12,42.0,35.0,185.0,EV_109,0.0,240,0.0,DR770601_10,65.0,52106.71,DR770601,179.24,0.0,65.0,D,SimuProB-4,EV_109
366.218,55.0,1.37,1800.0,0,3.98,1,63.24,4.18,28.0,85.0,185.0,EV_109,0.0,250,0.0,DR770601_10,65.0,52106.78,DR770601,179.24,0.0,65.0,D,SimuProB-4,EV_109
328.532,70.0,1.37,950.0,0,3.85,1,63.22,4.24,15.0,120.0,185.0,EV_109,0.0,260,0.0,DR770601_10,65.0,52106.83,DR770601,179.24,0.0,65.0,D,SimuProB-4,EV_109
370.557,30.0,1.37,2400.0,0,3.96,1,63.21,4.14,38.0,45.0,185.0,EV_109,0.0,270,0.0,DR770601_10,65.0,52106.94,DR770601,179.24,0.0,65.0,D,SimuProB-4,EV_109
348.893,50.0,1.37,1400.0,0,3.92,1,63.19,4.19,22.0,95.0,185.0,EV_109,0.0,280,0.0,DR770601_10,65.0,52107.0,DR770601,179.24,0.0,65.0,D,SimuProB-4,EV_109
385.445,0.0,1.37,500.0,0,4.08,1,63.16,4.22,8.0,-28.0,185.0,EV_109,0.012,290,45.0,DR770601_10,65.0,52107.02,DR770601,179.24,0.0,65.0,D,SimuProB-4,EV_109
352.116,45.0,1.37,2100.0,0,3.94,1,63.16,4.16,32.0,75.0,185.0,EV_109,0.0,300,0.0,DR770601_10,30.8,52107.11,DR770601,179.24,0.0,32.5,D,SimuProB-4,EV_109
346.001,65.0,1.37,2900.0,0,3.88,1,63.16,4.2,45.0,110.0,185.0,EV_109,0.0,310,0.0,DR770601_10,31.0,52107.23,DR770601,179.24,0.0,32.8,D,SimuProB-4,EV_109
376.09,0.0,1.37,1200.0,0,4.05,1,63.16,4.23,18.0,-32.0,185.0,EV_109,0.015,320,60.0,DR770601_10,31.2,52107.28,DR770601,179.24,0.0,33.1,D,SimuProB-4,EV_109
344.862,75.0,1.37,3900.0,0,3.85,1,63.13,4.18,58.0,125.0,185.0,EV_109,0.0,330,0.0,DR770601_10,31.5,52107.44,DR770601,179.24,0.0,33.4,D,SimuProB-4,EV_109
368.423,0.0,1.37,1000.0,0,4.02,1,63.13,4.21,15.0,-38.0,185.0,EV_109,0.018,340,70.0,DR770601_10,31.7,52107.48,DR770601,179.24,0.0,33.6,D,SimuProB-4,EV_109
392.172,2.0,1.37,350.0,0,4.1,1,63.13,4.2,5.0,5.0,185.0,EV_109,0.0,350,5.0,DR770601_10,31.8,52107.5,DR770601,179.24,0.0,33.7,D,SimuProB-4,EV_109
350.827,45.0,1.37,1700.0,0,3.95,1,63.12,4.19,25.0,85.0,185.0,EV_109,0.0,360,0.0,DR770601_10,32.1,52107.57,DR770601,179.24,0.0,34.0,D,SimuProB-4,EV_109
348.141,0.0,1.37,550.0,0,4.08,1,63.1,4.22,8.0,-25.0,185.0,EV_109,0.012,370,45.0,DR770601_10,32.3,52107.59,DR770601,179.24,0.0,34.2,D,SimuProB-4,EV_109
352.055,30.0,1.37,2400.0,0,4.12,1,63.1,4.2,35.0,12.0,185.0,EV_109,0.0,380,0.0,DR770601_10,32.5,52107.69,DR770601,179.24,0.0,34.4,D,SimuProB-4,EV_109
355.567,35.0,1.37,2900.0,0,4.05,1,63.08,4.18,42.0,45.0,185.0,EV_109,0.0,390,0.0,DR770601_10,32.7,52107.81,DR770601,179.24,0.0,34.6,D,SimuProB-4,EV_109
342.211,0.0,1.37,800.0,0,4.09,1,63.08,4.2,12.0,-35.0,185.0,EV_109,0.021,400,65.0,DR770601_10,32.8,52107.84,DR770601,179.24,0.0,34.7,D,SimuProB-4,EV_109
385.109,25.0,1.37,1900.0,0,4.11,1,63.08,4.19,28.0,18.0,185.0,EV_109,0.0,410,0.0,DR770601_10,32.9,52107.92,DR770601,179.24,0.0,34.8,D,SimuProB-4,EV_109
372.815,45.0,1.37,3100.0,0,4.06,1,63.06,4.14,45.0,65.0,185.0,EV_109,0.0,420,0.0,DR770601_10,33.1,52108.04,DR770601,179.24,0.0,35.0,D,SimuProB-4,EV_109
367.969,0.0,1.37,1500.0,0,4.07,1,63.06,4.13,22.0,-38.0,185.0,EV_109,0.025,430,75.0,DR770601_10,33.2,52108.11,DR770601,179.24,0.0,35.1,D,SimuProB-4,EV_109
378.757,30.0,1.37,2000.0,0,4.1,1,63.04,4.15,30.0,25.0,185.0,EV_109,0.0,440,0.0,DR770601_10,33.3,52108.19,DR770601,179.24,0.0,35.2,D,SimuProB-4,EV_109
382.267,20.0,1.37,1700.0,0,4.09,1,63.02,4.14,25.0,12.0,185.0,EV_109,0.0,450,0.0,DR770601_10,33.4,52108.26,DR770601,179.24,0.0,35.3,D,SimuProB-4,EV_109
368.049,40.0,1.37,2800.0,0,4.05,1,63.01,4.12,42.0,55.0,185.0,EV_109,0.0,460,0.0,DR770601_10,33.5,52108.38,DR770601,179.24,0.0,35.4,D,SimuProB-4,EV_109
386.146,0.0,1.37,1000.0,0,4.08,1,63.01,4.13,15.0,-28.0,185.0,EV_109,0.018,470,45.0,DR770601_10,33.6,52108.42,DR770601,179.24,0.0,35.5,D,SimuProB-4,EV_109
374.948,35.0,1.37,2400.0,0,4.08,1,62.99,4.14,38.0,45.0,185.0,EV_109,0.0,480,0.0,DR770601_10,33.7,52108.53,DR770601,179.24,0.0,35.6,D,SimuProB-4,EV_109
369.507,0.0,1.37,750.0,0,4.07,1,62.98,4.13,12.0,-32.0,185.0,EV_109,0.022,490,65.0,DR770601_10,33.8,52108.56,DR770601,179.24,0.0,35.7,D,SimuProB-4,EV_109
379.89,15.0,1.37,1250.0,0,4.09,1,62.98,4.15,20.0,18.0,185.0,EV_109,0.0,500,0.0,DR770601_10,33.9,52108.61,DR770601,179.24,0.0,35.8,D,SimuProB-4,EV_109
364.768,65.0,1.37,3200.0,0,4.06,1,62.97,4.15,48.0,85.0,185.0,EV_109,0.0,510,0.0,DR770601_10,34.0,52108.74,DR770601,179.24,0.0,35.9,D,SimuProB-4,EV_109
372.604,0.0,1.37,600.0,0,4.08,1,62.96,4.14,10.0,-35.0,185.0,EV_109,0.025,520,75.0,DR770601_10,34.1,52108.77,DR770601,179.24,0.0,36.0,D,SimuProB-4,EV_109
369.285,45.0,1.37,2100.0,0,4.07,1,62.95,4.15,32.0,60.0,185.0,EV_109,0.0,530,0.0,DR770601_10,34.2,52108.86,DR770601,179.24,0.0,36.1,D,SimuProB-4,EV_109
375.737,35.0,1.37,2800.0,0,4.08,1,62.93,4.14,45.0,42.0,185.0,EV_109,0.0,540,0.0,DR770601_10,34.4,52108.99,DR770601,179.24,0.0,36.3,D,SimuProB-4,EV_109
366.061,60.0,1.37,3400.0,0,4.05,1,62.92,4.15,52.0,95.0,185.0,EV_109,0.0,550,0.0,DR770601_10,34.7,52109.13,DR770601,179.24,0.0,36.6,D,SimuProB-4,EV_109
360.265,75.0,1.37,4200.0,0,4.04,1,62.91,4.15,60.0,130.0,185.0,EV_109,0.0,560,0.0,DR770601_10,35.1,52109.3,DR770601,179.24,0.0,37.0,D,SimuProB-4,EV_109
358.614,78.0,1.37,4400.0,0,4.03,1,62.89,4.15,62.0,145.0,185.0,EV_109,0.0,570,0.0,DR770601_10,35.5,52109.47,DR770601,179.24,0.0,37.4,D,SimuProB-4,EV_109
361.681,0.0,1.37,3900.0,0,4.05,1,62.88,4.14,55.0,-25.0,185.0,EV_109,0.018,580,15.0,DR770601_10,35.6,52109.63,DR770601,179.24,0.0,37.5,D,SimuProB-4,EV_109
368.899,35.0,1.37,2000.0,0,4.08,1,62.86,4.14,30.0,50.0,185.0,EV_109,0.0,590,0.0,DR770601_10,35.7,52109.71,DR770601,179.24,0.0,37.6,D,SimuProB-4,EV_109
372.768,15.0,1.37,1000.0,0,4.06,1,62.84,4.12,15.0,25.0,185.0,EV_109,0.0,600,5.0,DR770601_10,35.8,52109.75,DR770601,179.24,0.0,37.7,D,SimuProB-4,EV_109
375.138,30.0,1.37,1900.0,0,4.07,1,62.84,4.13,28.0,45.0,185.0,EV_109,0.0,610,0.0,DR770601_10,35.9,52109.83,DR770601,179.24,0.0,37.8,D,SimuProB-4,EV_109
365.879,55.0,1.37,3200.0,0,4.05,1,62.8,4.14,48.0,110.0,185.0,EV_109,0.0,620,0.0,DR770601_10,36.0,52109.96,DR770601,179.24,0.0,38.0,D,SimuProB-4,EV_109
358.379,65.0,1.37,3600.0,0,4.03,1,62.76,4.15,52.0,125.0,185.0,EV_109,0.0,630,0.0,DR770601_10,36.1,52110.1,DR770601,179.24,0.0,38.2,D,SimuProB-4,EV_109
362.835,0.0,1.37,2400.0,0,4.06,1,62.73,4.14,35.0,-30.0,185.0,EV_109,0.022,640,45.0,DR770601_10,36.2,52110.2,DR770601,179.24,0.0,38.3,D,SimuProB-4,EV_109
369.744,5.0,1.37,800.0,0,4.07,1,62.73,4.13,12.0,18.0,185.0,EV_109,0.0,650,15.0,DR770601_10,36.3,52110.23,DR770601,179.24,0.0,38.4,D,SimuProB-4,EV_109
372.625,15.0,1.37,1200.0,0,4.08,1,62.71,4.13,18.0,25.0,185.0,EV_109,0.0,660,0.0,DR770601_10,36.4,52110.28,DR770601,179.24,0.0,38.5,D,SimuProB-4,EV_109
368.691,25.0,1.37,1500.0,0,4.07,1,62.71,4.14,22.0,40.0,185.0,EV_109,0.0,670,0.0,DR770601_10,36.5,52110.34,DR770601,179.24,0.0,38.6,D,SimuProB-4,EV_109
364.979,35.0,1.37,2100.0,0,4.06,1,62.7,4.15,30.0,65.0,185.0,EV_109,0.0,680,0.0,DR770601_10,36.6,52110.42,DR770601,179.24,0.0,38.7,D,SimuProB-4,EV_109
376.68,10.0,1.37,1650.0,0,4.07,1,62.69,4.14,25.0,20.0,185.0,EV_109,0.0,690,0.0,DR770601_10,36.5,52110.49,DR770601,179.24,0.0,38.7,D,SimuProB-4,EV_109
382.596,15.0,1.37,2150.0,0,4.07,1,62.67,4.13,32.0,12.0,185.0,EV_109,0.0,700,0.0,DR770601_10,36.6,52110.58,DR770601,179.24,0.0,38.8,D,SimuProB-4,EV_109
378.469,0.0,1.37,1000.0,0,4.08,1,62.67,4.14,15.0,-25.0,185.0,EV_109,0.015,710,35.0,DR770601_10,36.7,52110.62,DR770601,179.24,0.0,38.9,D,SimuProB-4,EV_109
363.22,30.0,1.37,2300.0,0,4.06,1,62.65,4.15,35.0,60.0,185.0,EV_109,0.0,720,0.0,DR770601_10,36.7,52110.72,DR770601,179.24,0.0,39.0,D,SimuProB-4,EV_109
358.491,55.0,1.37,3000.0,0,4.05,1,62.65,4.15,45.0,85.0,185.0,EV_109,0.0,730,0.0,DR770601_10,36.8,52110.84,DR770601,179.24,0.0,39.1,D,SimuProB-4,EV_109
372.082,10.0,1.37,1300.0,0,4.07,1,62.63,4.14,20.0,15.0,185.0,EV_109,0.0,740,0.0,DR770601_10,36.9,52110.9,DR770601,179.24,0.0,39.2,D,SimuProB-4,EV_109
381.674,25.0,1.37,1850.0,0,4.08,1,62.61,4.14,28.0,45.0,185.0,EV_109,0.0,750,0.0,DR770601_10,37.0,52110.98,DR770601,179.24,0.0,39.3,D,SimuProB-4,EV_109
365.058,60.0,1.37,3200.0,0,4.04,1,62.6,4.15,48.0,95.0,185.0,EV_109,0.0,760,0.0,DR770601_10,37.1,52111.11,DR770601,179.24,0.0,39.4,D,SimuProB-4,EV_109
355.453,70.0,1.37,3500.0,0,4.03,1,62.58,4.15,52.0,110.0,185.0,EV_109,0.0,770,0.0,DR770601_10,37.3,52111.26,DR770601,179.24,0.0,39.6,D,SimuProB-4,EV_109
347.778,75.0,1.37,3900.0,0,4.02,1,62.56,4.15,58.0,145.0,185.0,EV_109,0.0,780,0.0,DR770601_10,37.5,52111.42,DR770601,179.24,0.0,39.8,D,SimuProB-4,EV_109
361.837,0.0,1.37,2800.0,0,4.06,1,62.54,4.14,42.0,-25.0,185.0,EV_109,0.015,790,65.0,DR770601_10,37.6,52111.54,DR770601,179.24,0.0,39.9,D,SimuProB-4,EV_109
376.223,35.0,1.37,2000.0,0,4.08,1,62.54,4.14,30.0,65.0,185.0,EV_109,0.0,800,0.0,DR770601_10,37.7,52111.62,DR770601,179.24,0.0,40.0,D,SimuProB-4,EV_109
368.498,25.0,1.37,1900.0,0,4.07,1,62.53,4.13,28.0,45.0,185.0,EV_109,0.0,810,0.0,DR770601_10,37.8,52111.7,DR770601,179.24,0.0,40.1,D,SimuProB-4,EV_109
352.409,65.0,1.37,3100.0,0,4.02,1,62.53,4.15,45.0,115.0,185.0,EV_109,0.0,820,0.0,DR770601_10,37.9,52111.82,DR770601,179.24,0.0,40.2,D,SimuProB-4,EV_109
371.947,30.0,1.37,2100.0,0,4.08,1,62.52,4.14,32.0,55.0,185.0,EV_109,0.0,830,0.0,DR770601_10,38.0,52111.91,DR770601,179.24,0.0,40.3,D,SimuProB-4,EV_109
355.446,55.0,1.37,3300.0,0,4.04,1,62.49,4.14,48.0,95.0,185.0,EV_109,0.0,840,0.0,DR770601_10,38.1,52112.04,DR770601,179.24,0.0,40.4,D,SimuProB-4,EV_109
382.072,0.0,1.37,1600.0,0,4.1,1,62.49,4.15,25.0,-32.0,185.0,EV_109,0.028,850,75.0,DR770601_10,38.2,52112.11,DR770601,179.24,0.0,40.5,D,SimuProB-4,EV_109
365.769,60.0,1.37,2500.0,0,4.03,1,62.48,4.15,38.0,110.0,185.0,EV_109,0.0,860,0.0,DR770601_10,38.3,52112.22,DR770601,179.24,0.0,40.6,D,SimuProB-4,EV_109
358.219,70.0,1.37,3600.0,0,4.02,1,62.46,4.15,52.0,135.0,185.0,EV_109,0.0,870,0.0,DR770601_10,38.4,52112.36,DR770601,179.24,0.0,40.7,D,SimuProB-4,EV_109
392.226,0.0,1.37,1100.0,0,4.11,1,62.46,4.15,18.0,-25.0,185.0,EV_109,0.015,880,60.0,DR770601_10,38.5,52112.41,DR770601,179.24,0.0,40.8,D,SimuProB-4,EV_109
360.432,75.0,1.37,2800.0,0,4.01,1,62.42,4.15,42.0,145.0,185.0,EV_109,0.0,890,0.0,DR770601_10,38.6,52112.53,DR770601,179.24,0.0,40.9,D,SimuProB-4,EV_109
353.324,65.0,1.37,3100.0,0,4.0,1,62.4,4.15,45.0,140.0,185.0,EV_109,0.0,900,0.0,DR770601_10,38.7,52112.65,DR770601,179.24,0.0,41.0,D,SimuProB-4,EV_109
368.827,0.0,1.37,1300.0,0,4.12,1,62.39,4.15,20.0,-28.0,185.0,EV_109,0.012,910,55.0,DR770601_10,38.8,52112.71,DR770601,179.24,0.0,41.1,D,SimuProB-4,EV_109
355.784,55.0,1.37,2200.0,0,4.03,1,62.38,4.15,35.0,120.0,185.0,EV_109,0.0,920,0.0,DR770601_10,38.9,52112.81,DR770601,179.24,0.0,41.2,D,SimuProB-4,EV_109
351.864,45.0,1.37,2400.0,0,4.04,1,62.37,4.14,38.0,110.0,185.0,EV_109,0.0,930,0.0,DR770601_10,39.0,52112.92,DR770601,179.24,0.0,41.3,D,SimuProB-4,EV_109
346.291,60.0,1.37,3000.0,0,4.02,1,62.34,4.15,48.0,135.0,185.0,EV_109,0.0,940,0.0,DR770601_10,39.1,52113.05,DR770601,179.24,0.0,41.4,D,SimuProB-4,EV_109
365.809,0.0,1.37,750.0,0,4.13,1,62.34,4.15,12.0,-32.0,185.0,EV_109,0.018,950,70.0,DR770601_10,39.2,52113.08,DR770601,179.24,0.0,41.5,D,SimuProB-4,EV_109
362.54,15.0,1.37,900.0,0,4.09,1,62.33,4.14,18.0,15.0,185.0,EV_109,0.0,960,0.0,DR770601_10,39.3,52113.13,DR770601,179.24,0.0,41.6,D,SimuProB-4,EV_109
372.539,25.0,1.37,1500.0,0,4.1,1,62.33,4.13,25.0,8.0,185.0,EV_109,0.0,970,0.0,DR770601_10,39.4,52113.2,DR770601,179.24,0.0,41.7,D,SimuProB-4,EV_109
358.539,40.0,1.37,2000.0,0,4.06,1,62.33,4.14,32.0,45.0,185.0,EV_109,0.0,980,0.0,DR770601_10,39.5,52113.29,DR770601,179.24,0.0,41.8,D,SimuProB-4,EV_109
354.943,70.0,1.37,2800.0,0,4.01,1,62.32,4.15,45.0,180.0,185.0,EV_109,0.0,990,0.0,DR770601_10,39.8,52113.42,DR770601,179.24,0.0,42.1,D,SimuProB-4,EV_109
368.666,0.0,1.37,600.0,0,4.12,1,62.31,4.15,10.0,-35.0,185.0,EV_109,0.025,1000,65.0,DR770601_10,39.9,52113.44,DR770601,179.24,0.0,42.2,D,SimuProB-4,EV_109
370.437,30.0,1.37,1400.0,0,4.08,1,62.28,4.14,22.0,25.0,185.0,EV_109,0.0,1010,0.0,DR770601_10,40.0,52113.5,DR770601,179.24,0.0,42.3,D,SimuProB-4,EV_109
362.64,35.0,1.37,1700.0,0,4.09,1,62.26,4.14,28.0,55.0,185.0,EV_109,0.0,1020,0.0,DR770601_10,40.1,52113.58,DR770601,179.24,0.0,42.4,D,SimuProB-4,EV_109
351.097,60.0,1.37,2600.0,0,4.04,1,62.25,4.15,42.0,120.0,185.0,EV_109,0.0,1030,0.0,DR770601_10,40.3,52113.69,DR770601,179.24,0.0,42.6,D,SimuProB-4,EV_109
364.841,0.0,1.37,900.0,0,4.11,1,62.23,4.14,15.0,-28.0,185.0,EV_109,0.028,1040,55.0,DR770601_10,40.4,52113.74,DR770601,179.24,0.0,42.7,D,SimuProB-4,EV_109
358.335,40.0,1.37,1900.0,0,4.07,1,62.21,4.14,30.0,45.0,185.0,EV_109,0.0,1050,0.0,DR770601_10,40.5,52113.82,DR770601,179.24,0.0,42.8,D,SimuProB-4,EV_109
348.127,55.0,1.37,2800.0,0,4.05,1,62.2,4.15,45.0,95.0,185.0,EV_109,0.0,1060,0.0,DR770601_10,40.6,52113.95,DR770601,179.24,0.0,42.9,D,SimuProB-4,EV_109
361.315,0.0,1.37,1200.0,0,4.1,1,62.19,4.14,20.0,-32.0,185.0,EV_109,0.026,1070,50.0,DR770601_10,40.7,52114.0,DR770601,179.24,0.0,43.0,D,SimuProB-4,EV_109
368.047,25.0,1.37,2200.0,0,4.09,1,62.17,4.12,35.0,12.0,185.0,EV_109,0.0,1080,0.0,DR770601_10,40.8,52114.1,DR770601,179.24,0.0,43.1,D,SimuProB-4,EV_109
355.468,65.0,1.37,3000.0,0,4.06,1,62.17,4.14,48.0,85.0,185.0,EV_109,0.0,1090,0.0,DR770601_10,40.9,52114.23,DR770601,179.24,0.0,43.2,D,SimuProB-4,EV_109
365.844,0.0,1.37,750.0,0,4.1,1,62.17,4.13,12.0,-22.0,185.0,EV_109,0.022,1100,45.0,DR770601_10,41.0,52114.26,DR770601,179.24,0.0,43.3,D,SimuProB-4,EV_109
352.421,75.0,1.37,3900.0,0,4.05,1,62.16,4.14,62.0,110.0,185.0,EV_109,0.0,1110,0.0,DR770601_10,41.1,52114.43,DR770601,179.24,0.0,43.4,D,SimuProB-4,EV_109
385.329,0.0,1.37,1500.0,0,4.11,1,62.16,4.15,25.0,-35.0,185.0,EV_109,0.028,1120,60.0,DR770601_10,41.2,52114.5,DR770601,179.24,0.0,43.5,D,SimuProB-4,EV_109
373.069,40.0,1.37,2400.0,0,4.08,1,62.14,4.13,38.0,45.0,185.0,EV_109,0.0,1130,0.0,DR770601_10,41.3,52114.61,DR770601,179.24,0.0,43.6,D,SimuProB-4,EV_109
368.403,45.0,1.37,2850.0,0,4.075,1,62.12,4.135,45.0,60.0,185.0,EV_109,0.0,1140,0.0,DR770601_10,41.4,52114.74,DR770601,179.24,0.0,43.7,D,SimuProB-4,EV_109
378.336,0.0,1.37,1100.0,0,4.105,1,62.12,4.145,18.0,-25.0,185.0,EV_109,0.025,1150,35.0,DR770601_10,41.5,52114.79,DR770601,179.24,0.0,43.8,D,SimuProB-4,EV_109
362.175,70.0,1.37,3300.0,0,4.06,1,62.1,4.14,52.0,95.0,185.0,EV_109,0.0,1160,0.0,DR770601_10,41.6,52114.93,DR770601,179.24,0.0,43.9,D,SimuProB-4,EV_109
365.491,65.0,1.37,3600.0,0,4.082,1,62.06,4.148,55.0,85.0,185.0,EV_109,0.0,1170,0.0,DR770601_10,41.8,52115.08,DR770601,179.24,0.0,44.1,D,SimuProB-4,EV_109
370.125,0.0,1.37,1300.0,0,4.105,1,62.06,4.15,22.0,-38.0,185.0,EV_109,0.03,1180,75.0,DR770601_10,41.9,52115.14,DR770601,179.24,0.0,44.2,D,SimuProB-4,EV_109
374.671,15.0,1.37,500.0,0,4.108,1,62.06,4.142,8.0,12.0,185.0,EV_109,0.0,1190,5.0,DR770601_10,42.0,52115.17,DR770601,179.24,0.0,44.3,D,SimuProB-4,EV_109
368.431,40.0,1.37,2100.0,0,4.1,1,62.03,4.144,32.0,45.0,185.0,EV_109,0.0,1200,0.0,DR770601_10,42.1,52115.26,DR770601,179.24,0.0,44.4,D,SimuProB-4,EV_109
361.935,60.0,1.37,3100.0,0,4.08,1,62.0,4.146,48.0,75.0,185.0,EV_109,0.0,1210,0.0,DR770601_10,42.3,52115.39,DR770601,179.24,0.0,44.6,D,SimuProB-4,EV_109
375.993,0.0,1.37,900.0,0,4.11,1,62.0,4.148,15.0,-28.0,185.0,EV_109,0.02,1220,45.0,DR770601_10,42.4,52115.43,DR770601,179.24,0.0,44.7,D,SimuProB-4,EV_109
366.901,30.0,1.37,1600.0,0,4.09,1,61.97,4.14,25.0,35.0,185.0,EV_109,0.0,1230,0.0,DR770601_10,42.5,52115.5,DR770601,179.24,0.0,44.8,D,SimuProB-4,EV_109
358.527,55.0,1.37,2700.0,0,4.075,1,61.94,4.145,42.0,85.0,185.0,EV_109,0.0,1240,0.0,DR770601_10,42.7,52115.62,DR770601,179.24,0.0,45.0,D,SimuProB-4,EV_109
372.78,0.0,1.37,700.0,0,4.11,1,61.94,4.148,12.0,-25.0,185.0,EV_109,0.02,1250,50.0,DR770601_10,42.8,52115.65,DR770601,179.24,0.0,45.1,D,SimuProB-4,EV_109
363.234,35.0,1.37,2100.0,0,4.095,1,61.91,4.142,32.0,45.0,185.0,EV_109,0.0,1260,0.0,DR770601_10,43.0,52115.74,DR770601,179.24,0.0,45.2,D,SimuProB-4,EV_109
345.56,0.0,1.37,300.0,0,4.1,1,61.9,4.15,5.0,-32.0,185.0,EV_109,0.025,1270,65.0,DR770601_10,43.1,52115.75,DR770601,179.24,0.0,45.3,D,SimuProB-4,EV_109
368.056,20.0,1.37,900.0,0,4.105,1,61.9,4.145,15.0,25.0,185.0,EV_109,0.0,0,0.0,DR770601_11,43.2,52115.79,DR770601,179.24,0.0,45.4,D,SimuProB-4,EV_109
385.205,45.0,1.37,2300.0,0,4.092,1,61.88,4.148,35.0,65.0,185.0,EV_109,0.0,10,0.0,DR770601_11,43.3,52115.89,DR770601,179.24,0.0,45.5,D,SimuProB-4,EV_109
377.969,25.0,1.37,1450.0,0,4.09,1,61.88,4.146,22.0,40.0,185.0,EV_109,0.0,20,0.0,DR770601_11,43.4,52115.95,DR770601,179.24,0.0,45.6,D,SimuProB-4,EV_109
362.197,0.0,1.37,300.0,0,4.102,1,61.88,4.149,5.0,-28.0,185.0,EV_109,0.018,30,75.0,DR770601_11,43.5,52115.96,DR770601,179.24,0.0,45.7,D,SimuProB-4,EV_109
358.919,35.0,1.37,1850.0,0,4.088,1,61.86,4.147,28.0,55.0,185.0,EV_109,0.0,40,0.0,DR770601_11,43.6,52116.04,DR770601,179.24,0.0,45.8,D,SimuProB-4,EV_109
392.372,0.0,1.37,750.0,0,4.105,1,61.84,4.15,12.0,-18.0,185.0,EV_109,0.012,50,45.0,DR770601_11,43.7,52116.07,DR770601,179.24,0.0,45.9,D,SimuProB-4,EV_109
365.685,55.0,1.37,2900.0,0,4.085,1,61.84,4.148,42.0,75.0,185.0,EV_109,0.0,60,0.0,DR770601_11,43.8,52116.19,DR770601,179.24,0.0,46.0,D,SimuProB-4,EV_109
354.254,65.0,1.37,3900.0,0,4.075,1,61.81,4.145,55.0,110.0,185.0,EV_109,0.0,70,0.0,DR770601_11,43.9,52116.34,DR770601,179.24,0.0,46.1,D,SimuProB-4,EV_109
368.133,0.0,1.37,2700.0,0,4.108,1,61.8,4.15,38.0,-35.0,185.0,EV_109,0.025,80,60.0,DR770601_11,43.92,52116.45,DR770601,179.24,0.0,46.15,D,SimuProB-4,EV_109
385.33,15.0,1.37,1100.0,0,4.115,1,61.8,4.142,18.0,12.0,185.0,EV_109,0.0,90,5.0,DR770601_11,44.0,52116.5,DR770601,179.24,0.0,46.2,D,SimuProB-4,EV_109
389.131,35.0,1.37,2000.0,0,4.105,1,61.8,4.145,32.0,35.0,185.0,EV_109,0.0,100,0.0,DR770601_11,44.1,52116.59,DR770601,179.24,0.0,46.3,D,SimuProB-4,EV_109
395.251,20.0,1.37,1550.0,0,4.11,1,61.79,4.148,25.0,15.0,185.0,EV_109,0.0,110,0.0,DR770601_11,44.2,52116.66,DR770601,179.24,0.0,46.4,D,SimuProB-4,EV_109
393.869,45.0,1.37,2500.0,0,4.1,1,61.79,4.15,40.0,45.0,185.0,EV_109,0.0,120,0.0,DR770601_11,44.3,52116.77,DR770601,179.24,0.0,46.5,D,SimuProB-4,EV_109
388.448,65.0,1.37,3600.0,0,4.095,1,61.77,4.148,52.0,85.0,185.0,EV_109,0.0,130,0.0,DR770601_11,44.4,52116.91,DR770601,179.24,0.0,46.6,D,SimuProB-4,EV_109
377.982,0.0,1.37,1900.0,0,4.09,1,61.75,4.14,28.0,-25.0,185.0,EV_109,0.018,140,45.0,DR770601_11,44.5,52116.99,DR770601,179.24,0.0,46.7,D,SimuProB-4,EV_109
382.282,40.0,1.37,2400.0,0,4.102,1,61.75,4.145,35.0,40.0,185.0,EV_109,0.0,150,0.0,DR770601_11,44.6,52117.09,DR770601,179.24,0.0,46.8,D,SimuProB-4,EV_109
390.316,35.0,1.37,2700.0,0,4.105,1,61.73,4.148,42.0,55.0,185.0,EV_109,0.0,160,0.0,DR770601_11,44.7,52117.21,DR770601,179.24,0.0,46.9,D,SimuProB-4,EV_109
385.534,0.0,1.37,1200.0,0,4.11,1,61.72,4.145,18.0,-30.0,185.0,EV_109,0.025,170,65.0,DR770601_11,44.8,52117.26,DR770601,179.24,0.0,47.0,D,SimuProB-4,EV_109
388.442,25.0,1.37,1450.0,0,4.108,1,61.7,4.142,22.0,30.0,185.0,EV_109,0.0,180,0.0,DR770601_11,44.9,52117.32,DR770601,179.24,0.0,47.1,D,SimuProB-4,EV_109
392.723,30.0,1.37,1750.0,0,4.106,1,61.69,4.15,28.0,45.0,185.0,EV_109,0.0,190,0.0,DR770601_11,45.0,52117.4,DR770601,179.24,0.0,47.2,D,SimuProB-4,EV_109
380.303,0.0,1.37,500.0,0,4.112,1,61.67,4.148,8.0,-35.0,185.0,EV_109,0.022,200,70.0,DR770601_11,45.1,52117.42,DR770601,179.24,0.0,47.3,D,SimuProB-4,EV_109
385.89,15.0,1.37,750.0,0,4.109,1,61.67,4.146,12.0,15.0,185.0,EV_109,0.0,210,0.0,DR770601_11,45.2,52117.45,DR770601,179.24,0.0,47.4,D,SimuProB-4,EV_109
383.03,35.0,1.37,1900.0,0,4.11,1,61.63,4.149,30.0,42.0,185.0,EV_109,0.0,220,0.0,DR770601_11,45.3,52117.53,DR770601,179.24,0.0,47.5,D,SimuProB-4,EV_109
379.65,0.0,1.37,600.0,0,4.111,1,61.63,4.147,10.0,-38.0,185.0,EV_109,0.028,230,55.0,DR770601_11,45.4,52117.56,DR770601,179.24,0.0,47.6,D,SimuProB-4,EV_109
386.403,25.0,1.37,1300.0,0,4.109,1,61.62,4.148,20.0,28.0,185.0,EV_109,0.0,240,0.0,DR770601_11,45.5,52117.62,DR770601,179.24,0.0,47.7,D,SimuProB-4,EV_109
383.658,30.0,1.37,1600.0,0,4.112,1,61.59,4.148,25.0,35.0,185.0,EV_109,0.0,250,0.0,DR770601_11,45.6,52117.69,DR770601,179.24,0.0,47.8,D,SimuProB-4,EV_109
378.35,0.0,1.37,750.0,0,4.11,1,61.59,4.149,12.0,-42.0,185.0,EV_109,0.03,260,65.0,DR770601_11,45.7,52117.72,DR770601,179.24,0.0,47.9,D,SimuProB-4,EV_109
384.94,20.0,1.37,1100.0,0,4.108,1,61.58,4.147,18.0,18.0,185.0,EV_109,0.0,270,0.0,DR770601_11,45.8,52117.77,DR770601,179.24,0.0,48.0,D,SimuProB-4,EV_109
381.655,35.0,1.37,1900.0,0,4.11,1,61.58,4.149,30.0,45.0,185.0,EV_109,0.0,280,0.0,DR770601_11,45.9,52117.85,DR770601,179.24,0.0,48.1,D,SimuProB-4,EV_109
376.353,45.0,1.37,2400.0,0,4.108,1,61.56,4.15,38.0,55.0,185.0,EV_109,0.0,290,0.0,DR770601_11,46.0,52117.96,DR770601,179.24,0.0,48.2,D,SimuProB-4,EV_109
379.736,0.0,1.37,1400.0,0,4.112,1,61.56,4.149,22.0,-25.0,185.0,EV_109,0.02,300,40.0,DR770601_11,46.1,52118.02,DR770601,179.24,0.0,48.3,D,SimuProB-4,EV_109
374.575,55.0,1.37,2800.0,0,4.105,1,61.54,4.15,42.0,65.0,185.0,EV_109,0.0,310,0.0,DR770601_11,46.2,52118.14,DR770601,179.24,0.0,48.4,D,SimuProB-4,EV_109
368.515,75.0,1.37,4200.0,0,4.095,1,61.52,4.15,58.0,110.0,185.0,EV_109,0.0,320,0.0,DR770601_11,46.3,52118.3,DR770601,179.24,0.0,48.5,D,SimuProB-4,EV_109
381.852,0.0,1.37,1600.0,0,4.1,1,61.5,4.148,25.0,-35.0,185.0,EV_109,0.025,330,85.0,DR770601_11,46.4,52118.37,DR770601,179.24,0.0,48.6,D,SimuProB-4,EV_109
372.939,42.0,1.37,2900.0,0,4.102,1,61.48,4.145,45.0,48.5,185.0,EV_109,0.0,340,0.0,DR770601_11,46.5,52118.5,DR770601,179.24,0.0,48.7,D,SimuProB-4,EV_109
379.135,0.0,1.37,1100.0,0,4.105,1,61.47,4.148,18.0,-28.0,185.0,EV_109,0.018,350,55.0,DR770601_11,46.55,52118.55,DR770601,179.24,0.0,48.75,D,SimuProB-4,EV_109
375.211,58.0,1.37,2200.0,0,4.101,1,61.45,4.149,35.0,62.0,185.0,EV_109,0.0,360,0.0,DR770601_11,46.65,52118.64,DR770601,179.24,0.0,48.85,D,SimuProB-4,EV_109
370.1,72.0,1.37,3500.0,0,4.098,1,61.43,4.15,52.0,135.0,185.0,EV_109,0.0,370,0.0,DR770601_11,46.75,52118.78,DR770601,179.24,0.0,48.95,D,SimuProB-4,EV_109
376.449,0.0,1.37,800.0,0,4.102,1,61.42,4.148,12.0,-40.0,185.0,EV_109,0.028,380,90.0,DR770601_11,46.8,52118.82,DR770601,179.24,0.0,49.0,D,SimuProB-4,EV_109
368.56,45.0,1.37,1800.0,0,4.1,1,61.42,4.15,28.0,95.0,185.0,EV_109,0.0,390,0.0,DR770601_11,46.9,52118.9,DR770601,179.24,0.0,49.1,D,SimuProB-4,EV_109
382.323,15.0,1.37,650.0,0,4.095,1,61.39,4.148,10.0,15.0,185.0,EV_109,0.0,400,0.0,DR770601_11,46.92,52118.93,DR770601,179.24,0.0,49.12,D,SimuProB-4,EV_109
378.093,35.0,1.37,1400.0,0,4.096,1,61.39,4.149,22.0,45.0,185.0,EV_109,0.0,410,0.0,DR770601_11,46.94,52118.99,DR770601,179.24,0.0,49.14,D,SimuProB-4,EV_109
373.887,50.0,1.37,2500.0,0,4.097,1,61.38,4.15,38.0,85.0,185.0,EV_109,0.0,420,0.0,DR770601_11,46.96,52119.09,DR770601,179.24,0.0,49.16,D,SimuProB-4,EV_109
372.547,40.0,1.37,2650.0,0,4.098,1,61.37,4.149,42.0,75.0,185.0,EV_109,0.0,430,0.0,DR770601_11,47.05,52119.21,DR770601,179.24,0.0,49.25,D,SimuProB-4,EV_109
370.86,55.0,1.37,3800.0,0,4.097,1,61.36,4.15,55.0,90.0,185.0,EV_109,0.0,440,0.0,DR770601_11,47.15,52119.36,DR770601,179.24,0.0,49.35,D,SimuProB-4,EV_109
375.037,0.0,1.37,1900.0,0,4.098,1,61.36,4.15,30.0,-25.0,185.0,EV_109,0.022,450,45.0,DR770601_11,47.2,52119.44,DR770601,179.24,0.0,49.4,D,SimuProB-4,EV_109
377.999,0.0,1.37,750.0,0,4.098,1,61.35,4.15,12.0,-15.0,185.0,EV_109,0.015,460,15.0,DR770601_11,47.22,52119.47,DR770601,179.24,0.0,49.42,D,SimuProB-4,EV_109
371.359,30.0,1.37,1750.0,0,4.095,1,61.33,4.148,28.0,55.0,185.0,EV_109,0.0,470,0.0,DR770601_11,47.28,52119.55,DR770601,179.24,0.0,49.48,D,SimuProB-4,EV_109
377.194,0.0,1.37,300.0,0,4.097,1,61.33,4.15,5.0,-8.0,185.0,EV_109,0.008,480,10.0,DR770601_11,47.3,52119.57,DR770601,179.24,0.0,49.5,D,SimuProB-4,EV_109
380.091,15.0,1.37,1100.0,0,4.098,1,61.3,4.15,18.0,12.0,185.0,EV_109,0.0,490,0.0,DR770601_11,47.32,52119.62,DR770601,179.24,0.0,49.52,D,SimuProB-4,EV_109
376.46,25.0,1.37,1550.0,0,4.095,1,61.3,4.15,25.0,45.0,185.0,EV_109,0.0,500,0.0,DR770601_11,47.35,52119.69,DR770601,179.24,0.0,49.55,D,SimuProB-4,EV_109
378.82,0.0,1.37,450.0,0,4.099,1,61.3,4.15,8.0,-18.0,185.0,EV_109,0.012,510,55.0,DR770601_11,47.37,52119.71,DR770601,179.24,0.0,49.57,D,SimuProB-4,EV_109
372.799,45.0,1.37,2350.0,0,4.092,1,61.27,4.145,38.0,65.0,185.0,EV_109,0.0,520,0.0,DR770601_11,47.45,52119.82,DR770601,179.24,0.0,49.65,D,SimuProB-4,EV_109
368.007,65.0,1.37,3050.0,0,4.085,1,61.24,4.148,48.0,110.0,185.0,EV_109,0.0,530,0.0,DR770601_11,47.52,52119.95,DR770601,179.24,0.0,49.75,D,SimuProB-4,EV_109
364.5,75.0,1.37,3500.0,0,4.08,1,61.2,4.15,55.0,145.0,185.0,EV_109,0.0,540,0.0,DR770601_11,47.6,52120.1,DR770601,179.24,0.0,49.88,D,SimuProB-4,EV_109
362.142,60.0,1.37,3300.0,0,4.078,1,61.16,4.148,52.0,135.0,185.0,EV_109,0.0,550,0.0,DR770601_11,47.72,52120.24,DR770601,179.24,0.0,49.98,D,SimuProB-4,EV_109
368.204,0.0,1.37,1400.0,0,4.095,1,61.15,4.15,22.0,-25.0,185.0,EV_109,0.015,560,60.0,DR770601_11,47.78,52120.31,DR770601,179.24,0.0,50.02,D,SimuProB-4,EV_109
373.925,30.0,1.37,950.0,0,4.098,1,61.11,4.145,15.0,35.0,185.0,EV_109,0.0,570,10.0,DR770601_11,47.82,52120.35,DR770601,179.24,0.0,50.05,D,SimuProB-4,EV_109
364.828,35.0,1.37,1100.0,0,4.095,1,61.09,4.145,18.0,45.0,185.0,EV_109,0.0,580,5.0,DR770601_11,47.88,52120.4,DR770601,179.24,0.0,50.15,D,SimuProB-4,EV_109
359.635,55.0,1.37,1800.0,0,4.085,1,61.06,4.15,28.0,85.0,185.0,EV_109,0.0,590,0.0,DR770601_11,47.95,52120.48,DR770601,179.24,0.0,50.25,D,SimuProB-4,EV_109
368.022,0.0,1.37,750.0,0,4.1,1,61.06,4.148,12.0,-15.0,185.0,EV_109,0.012,600,45.0,DR770601_11,48.02,52120.51,DR770601,179.24,0.0,50.3,D,SimuProB-4,EV_109
359.954,45.0,1.37,2200.0,0,4.08,1,61.03,4.15,35.0,75.0,185.0,EV_109,0.0,610,0.0,DR770601_11,48.05,52120.61,DR770601,179.24,0.0,50.35,D,SimuProB-4,EV_109
372.565,15.0,1.37,1600.0,0,4.1,1,61.02,4.14,25.0,12.0,185.0,EV_109,0.0,620,0.0,DR770601_11,48.1,52120.68,DR770601,179.24,0.0,50.42,D,SimuProB-4,EV_109
358.392,0.0,1.37,600.0,0,4.085,1,61.02,4.145,10.0,-35.0,185.0,EV_109,0.018,630,75.0,DR770601_11,48.15,52120.7,DR770601,179.24,0.0,50.5,D,SimuProB-4,EV_109
395.746,35.0,1.37,2650.0,0,4.105,1,60.99,4.135,42.0,12.5,185.0,EV_109,0.0,640,0.0,DR770601_11,48.2,52120.82,DR770601,179.24,0.0,50.55,D,SimuProB-4,EV_109
382.562,65.0,1.37,3300.0,0,4.09,1,60.98,4.15,52.0,88.0,185.0,EV_109,0.0,650,0.0,DR770601_11,48.3,52120.96,DR770601,179.24,0.0,50.68,D,SimuProB-4,EV_109
365.23,0.0,1.37,950.0,0,4.1,1,60.97,4.14,15.0,-28.0,185.0,EV_109,0.015,660,60.0,DR770601_11,48.35,52121.0,DR770601,179.24,0.0,50.75,D,SimuProB-4,EV_109
398.201,45.0,1.37,2400.0,0,4.11,1,60.95,4.145,38.0,45.0,185.0,EV_109,0.0,670,0.0,DR770601_11,48.4,52121.11,DR770601,179.24,0.0,50.8,D,SimuProB-4,EV_109
375.329,75.0,1.37,3700.0,0,4.08,1,60.94,4.15,55.0,95.0,185.0,EV_109,0.0,680,0.0,DR770601_11,48.5,52121.26,DR770601,179.24,0.0,50.9,D,SimuProB-4,EV_109
385.873,40.0,1.37,3000.0,0,4.1,1,60.93,4.14,48.0,50.0,185.0,EV_109,0.0,690,0.0,DR770601_11,48.6,52121.39,DR770601,179.24,0.0,51.0,D,SimuProB-4,EV_109
367.975,80.0,1.37,3900.0,0,4.07,1,60.9,4.15,58.0,110.0,185.0,EV_109,0.0,700,0.0,DR770601_11,48.75,52121.55,DR770601,179.24,0.0,51.15,D,SimuProB-4,EV_109
391.775,0.0,1.37,800.0,0,4.11,1,60.9,4.145,12.0,-35.0,185.0,EV_109,0.028,710,70.0,DR770601_11,48.8,52121.58,DR770601,179.24,0.0,51.2,D,SimuProB-4,EV_109
396.611,25.0,1.37,1400.0,0,4.105,1,60.89,4.145,22.0,18.0,185.0,EV_109,0.0,720,0.0,DR770601_11,48.95,52121.65,DR770601,179.24,0.0,51.35,D,SimuProB-4,EV_109
388.569,35.0,1.37,2100.0,0,4.1,1,60.87,4.145,32.0,45.0,185.0,EV_109,0.0,730,0.0,DR770601_11,49.1,52121.74,DR770601,179.24,0.0,51.5,D,SimuProB-4,EV_109
371.783,65.0,1.37,2900.0,0,4.07,1,60.86,4.15,45.0,115.0,185.0,EV_109,0.0,740,0.0,DR770601_11,49.3,52121.86,DR770601,179.24,0.0,51.7,D,SimuProB-4,EV_109
398.347,0.0,1.37,950.0,0,4.11,1,60.84,4.14,15.0,-25.0,185.0,EV_109,0.022,750,55.0,DR770601_11,49.4,52121.91,DR770601,179.24,0.0,51.8,D,SimuProB-4,EV_109
385.502,45.0,1.37,2250.0,0,4.09,1,60.82,4.145,35.0,55.0,185.0,EV_109,0.0,760,0.0,DR770601_11,49.45,52122.01,DR770601,179.24,0.0,51.85,D,SimuProB-4,EV_109
391.847,10.0,1.37,650.0,0,4.115,1,60.8,4.14,10.0,12.0,185.0,EV_109,0.0,770,15.0,DR770601_11,49.5,52122.04,DR770601,179.24,0.0,51.9,D,SimuProB-4,EV_109
378.772,0.0,1.37,300.0,0,4.105,1,60.8,4.135,5.0,-15.0,185.0,EV_109,0.015,780,45.0,DR770601_11,49.55,52122.05,DR770601,179.24,0.0,51.95,D,SimuProB-4,EV_109
365.284,70.0,1.37,1900.0,0,4.065,1,60.78,4.15,30.0,145.0,185.0,EV_109,0.0,790,0.0,DR770601_11,49.65,52122.13,DR770601,179.24,0.0,52.1,D,SimuProB-4,EV_109
372.1,25.0,1.37,950.0,0,4.1,1,60.78,4.14,15.0,45.0,185.0,EV_109,0.0,800,10.0,DR770601_11,49.7,52122.18,DR770601,179.24,0.0,52.2,D,SimuProB-4,EV_109
358.827,0.0,1.37,300.0,0,4.11,1,60.77,4.145,5.0,-35.0,185.0,EV_109,0.025,810,60.0,DR770601_11,49.8,52122.19,DR770601,179.24,0.0,52.3,D,SimuProB-4,EV_109
362.753,45.0,1.37,1500.0,0,4.112,1,60.77,4.148,25.0,85.0,185.0,EV_109,0.0,820,0.0,DR770601_11,49.9,52122.26,DR770601,179.24,0.0,52.4,D,SimuProB-4,EV_109
395.195,25.0,1.37,2400.0,0,4.118,1,60.77,4.14,40.0,12.0,185.0,EV_109,0.0,830,0.0,DR770601_11,49.95,52122.37,DR770601,179.24,0.0,52.45,D,SimuProB-4,EV_109
382.416,0.0,1.37,1100.0,0,4.105,1,60.76,4.142,20.0,55.0,185.0,EV_109,0.0,840,15.0,DR770601_11,50.0,52122.43,DR770601,179.24,0.0,52.55,D,SimuProB-4,EV_109
370.652,35.0,1.37,1800.0,0,4.102,1,60.74,4.135,30.0,65.0,185.0,EV_109,0.0,850,0.0,DR770601_11,50.05,52122.51,DR770601,179.24,0.0,52.6,D,SimuProB-4,EV_109
364.847,65.0,1.37,2800.0,0,4.098,1,60.74,4.142,45.0,120.0,185.0,EV_109,0.0,860,0.0,DR770601_11,50.15,52122.64,DR770601,179.24,0.0,52.7,D,SimuProB-4,EV_109
388.452,0.0,1.37,1200.0,0,4.115,1,60.73,4.148,20.0,-25.0,185.0,EV_109,0.018,870,45.0,DR770601_11,50.2,52122.69,DR770601,179.24,0.0,52.75,D,SimuProB-4,EV_109
375.57,30.0,1.37,2100.0,0,4.11,1,60.73,4.145,35.0,45.0,185.0,EV_109,0.0,880,0.0,DR770601_11,50.25,52122.79,DR770601,179.24,0.0,52.8,D,SimuProB-4,EV_109
368.13,55.0,1.37,2600.0,0,4.095,1,60.72,4.14,42.0,95.0,185.0,EV_109,0.0,890,0.0,DR770601_11,50.35,52122.9,DR770601,179.24,0.0,52.9,D,SimuProB-4,EV_109
392.409,0.0,1.37,900.0,0,4.12,1,60.72,4.15,15.0,-15.0,185.0,EV_109,0.025,900,25.0,DR770601_11,50.4,52122.95,DR770601,179.24,0.0,52.95,D,SimuProB-4,EV_109
370.669,55.0,1.37,2600.0,0,4.098,1,60.7,4.142,42.0,85.0,185.0,EV_109,0.0,910,0.0,DR770601_11,50.45,52123.07,DR770601,179.24,0.0,53.0,D,SimuProB-4,EV_109
385.614,0.0,1.37,1500.0,0,4.112,1,60.7,4.145,25.0,-20.0,185.0,EV_109,0.02,920,40.0,DR770601_11,50.5,52123.14,DR770601,179.24,0.0,53.05,D,SimuProB-4,EV_109
365.546,70.0,1.37,3200.0,0,4.095,1,60.7,4.148,50.0,110.0,185.0,EV_109,0.0,930,0.0,DR770601_11,50.55,52123.28,DR770601,179.24,0.0,53.1,D,SimuProB-4,EV_109
394.974,0.0,1.37,600.0,0,4.115,1,60.69,4.15,10.0,-18.0,185.0,EV_109,0.022,940,60.0,DR770601_11,50.57,52123.31,DR770601,179.24,0.0,53.12,D,SimuProB-4,EV_109
366.75,75.0,1.37,2800.0,0,4.092,1,60.68,4.149,45.0,120.0,185.0,EV_109,0.0,950,0.0,DR770601_11,50.6,52123.43,DR770601,179.24,0.0,53.15,D,SimuProB-4,EV_109
388.114,0.0,1.37,950.0,0,4.108,1,60.67,4.147,15.0,-25.0,185.0,EV_109,0.028,960,35.0,DR770601_11,50.63,52123.47,DR770601,179.24,0.0,53.18,D,SimuProB-4,EV_109
384.557,35.0,1.37,2200.0,0,4.11,1,60.66,4.146,35.0,45.0,185.0,EV_109,0.0,970,0.0,DR770601_11,50.7,52123.57,DR770601,179.24,0.0,53.25,D,SimuProB-4,EV_109
371.645,80.0,1.37,4200.0,0,4.09,1,60.65,4.15,60.0,130.0,185.0,EV_109,0.0,980,0.0,DR770601_11,50.8,52123.73,DR770601,179.24,0.0,53.35,D,SimuProB-4,EV_109
368.088,60.0,1.37,3800.0,0,4.095,1,60.65,4.148,55.0,95.0,185.0,EV_109,0.0,990,0.0,DR770601_11,50.85,52123.89,DR770601,179.24,0.0,53.4,D,SimuProB-4,EV_109
362.624,80.0,1.37,4500.0,0,4.085,1,60.64,4.15,62.0,145.0,185.0,EV_109,0.0,1000,0.0,DR770601_11,50.95,52124.06,DR770601,179.24,0.0,53.52,D,SimuProB-4,EV_109
375.144,0.0,1.37,2800.0,0,4.105,1,60.62,4.145,42.0,-32.0,185.0,EV_109,0.032,1010,45.0,DR770601_11,50.98,52124.18,DR770601,179.24,0.0,53.55,D,SimuProB-4,EV_109
382.582,45.0,1.37,2400.0,0,4.108,1,60.61,4.148,38.0,65.0,185.0,EV_109,0.0,1020,0.0,DR770601_11,51.05,52124.28,DR770601,179.24,0.0,53.6,D,SimuProB-4,EV_109
385.427,30.0,1.37,2200.0,0,4.11,1,60.61,4.15,35.0,45.0,185.0,EV_109,0.0,1030,0.0,DR770601_11,51.1,52124.38,DR770601,179.24,0.0,53.65,D,SimuProB-4,EV_109
390.059,15.0,1.37,1800.0,0,4.112,1,60.6,4.148,28.0,25.0,185.0,EV_109,0.0,1040,5.0,DR770601_11,51.15,52124.45,DR770601,179.24,0.0,53.68,D,SimuProB-4,EV_109
378.469,55.0,1.37,2000.0,0,4.09,1,60.59,4.15,32.0,85.0,185.0,EV_109,0.0,1050,0.0,DR770601_11,51.2,52124.54,DR770601,179.24,0.0,53.75,D,SimuProB-4,EV_109
380.359,35.0,1.37,1900.0,0,4.105,1,60.58,4.148,30.0,55.0,185.0,EV_109,0.0,1060,0.0,DR770601_11,51.23,52124.62,DR770601,179.24,0.0,53.78,D,SimuProB-4,EV_109
387.706,0.0,1.37,750.0,0,4.102,1,60.57,4.145,12.0,-28.0,185.0,EV_109,0.028,1070,65.0,DR770601_11,51.28,52124.66,DR770601,179.24,0.0,53.82,D,SimuProB-4,EV_109
392.133,5.0,1.37,300.0,0,4.108,1,60.57,4.142,5.0,12.0,185.0,EV_109,0.0,1080,20.0,DR770601_11,51.3,52124.67,DR770601,179.24,0.0,53.85,D,SimuProB-4,EV_109
389.63,30.0,1.37,950.0,0,4.104,1,60.56,4.146,15.0,45.0,185.0,EV_109,0.0,1090,0.0,DR770601_11,51.35,52124.71,DR770601,179.24,0.0,53.9,D,SimuProB-4,EV_109
385.417,60.0,1.37,2200.0,0,4.095,1,60.55,4.148,35.0,75.0,185.0,EV_109,0.0,1100,0.0,DR770601_11,51.4,52124.81,DR770601,179.24,0.0,54.0,D,SimuProB-4,EV_109
393.303,0.0,1.37,1100.0,0,4.1,1,60.54,4.149,18.0,-35.0,185.0,EV_109,0.035,1110,85.0,DR770601_11,51.45,52124.86,DR770601,179.24,0.0,54.1,D,SimuProB-4,EV_109
383.538,65.0,1.37,2800.0,0,4.092,1,60.53,4.148,45.0,85.0,185.0,EV_109,0.0,1120,0.0,DR770601_11,51.5,52124.99,DR770601,179.24,0.0,54.15,D,SimuProB-4,EV_109
391.613,15.0,1.37,1200.0,0,4.11,1,60.53,4.146,20.0,15.0,185.0,EV_109,0.0,1130,10.0,DR770601_11,51.6,52125.04,DR770601,179.24,0.0,54.2,D,SimuProB-4,EV_109
388.864,40.0,1.37,1900.0,0,4.105,1,60.51,4.147,30.0,55.0,185.0,EV_109,0.0,1140,0.0,DR770601_11,51.7,52125.12,DR770601,179.24,0.0,54.3,D,SimuProB-4,EV_109
375.846,75.0,1.37,3800.0,0,4.085,1,60.47,4.145,55.0,145.0,185.0,EV_109,0.0,1150,0.0,DR770601_11,51.8,52125.27,DR770601,179.24,0.0,54.4,D,SimuProB-4,EV_109
394.688,0.0,1.37,1600.0,0,4.105,1,60.45,4.148,25.0,-25.0,185.0,EV_109,0.025,1160,45.0,DR770601_11,51.85,52125.34,DR770601,179.24,0.0,54.5,D,SimuProB-4,EV_109
381.055,50.0,1.37,2300.0,0,4.09,1,60.44,4.146,35.0,65.0,185.0,EV_109,0.0,1170,0.0,DR770601_11,51.9,52125.44,DR770601,179.24,0.0,54.6,D,SimuProB-4,EV_109
384.325,60.0,1.37,2800.0,0,4.088,1,60.42,4.145,45.0,45.0,185.0,EV_109,0.0,1180,0.0,DR770601_11,52.0,52125.57,DR770601,179.24,0.0,54.7,D,SimuProB-4,EV_109
392.346,0.0,1.37,650.0,0,4.102,1,60.42,4.148,10.0,-18.0,185.0,EV_109,0.028,1190,60.0,DR770601_11,52.05,52125.59,DR770601,179.24,0.0,54.75,D,SimuProB-4,EV_109
378.467,55.0,1.37,1900.0,0,4.082,1,60.42,4.146,30.0,85.0,185.0,EV_109,0.0,1200,0.0,DR770601_11,52.15,52125.68,DR770601,179.24,0.0,54.85,D,SimuProB-4,EV_109
376.502,65.0,1.37,2600.0,0,4.085,1,60.4,4.145,42.0,95.0,185.0,EV_109,0.0,1210,0.0,DR770601_11,52.2,52125.8,DR770601,179.24,0.0,54.9,D,SimuProB-4,EV_109
388.089,0.0,1.37,300.0,0,4.105,1,60.39,4.147,5.0,-32.0,185.0,EV_109,0.029,1220,75.0,DR770601_11,52.25,52125.81,DR770601,179.24,0.0,54.95,D,SimuProB-4,EV_109
397.63,25.0,1.37,1100.0,0,4.12,1,60.37,4.148,18.0,12.0,185.0,EV_109,0.0,1230,0.0,DR770601_11,52.3,52125.86,DR770601,179.24,0.0,55.0,D,SimuProB-4,EV_109
396.889,35.0,1.37,1400.0,0,4.118,1,60.35,4.147,22.0,45.0,185.0,EV_109,0.0,1240,0.0,DR770601_11,52.4,52125.92,DR770601,179.24,0.0,55.1,D,SimuProB-4,EV_109
382.194,70.0,1.37,3100.0,0,4.09,1,60.33,4.149,48.0,110.0,185.0,EV_109,0.0,1250,0.0,DR770601_11,52.5,52126.05,DR770601,179.24,0.0,55.25,D,SimuProB-4,EV_109
391.55,0.0,1.37,750.0,0,4.11,1,60.33,4.148,12.0,-25.0,185.0,EV_109,0.025,1260,45.0,DR770601_11,52.6,52126.09,DR770601,179.24,0.0,55.3,D,SimuProB-4,EV_109
394.106,30.0,1.37,1550.0,0,4.115,1,60.31,4.147,25.0,18.0,185.0,EV_109,0.0,1270,0.0,DR770601_11,52.7,52126.16,DR770601,179.24,0.0,55.4,D,SimuProB-4,EV_109
385.146,60.0,1.37,2700.0,0,4.095,1,60.3,4.149,42.0,85.0,185.0,EV_109,0.0,0,0.0,DR770601_12,52.8,52126.28,DR770601,179.24,0.0,55.5,D,SimuProB-4,EV_109
