volt_V,accelerator_pedal_pct,payload_kg,motor_rpm,charger_connected,min_single_volt_V,hvac_active,soc_pct,max_single_volt_V,avg_speed_kmh,current_A,nominal_capacity_Ah,vehicle_name,regenerative_braking_Ah,timestamp_s,brake_pedal_pct,id_segment,min_temp_C,mileage_km,id,actual_max_capacity_Ah,label,max_temp_C,gear_position,car_model,car_id
329.972,88.0,75.96,5975.0,0,4.0,1,64.69,4.45,119.5,118.5,185.0,EV_110,0.0,590,0.0,DR393518_15,65.0,31978.65,DR393518,181.09,0.0,65.0,D,SimuProB-5,EV_110
332.954,22.0,75.96,5410.0,0,4.018,1,64.69,4.45,108.2,55.2,185.0,EV_110,0.0,600,0.0,DR393518_15,65.0,31978.95,DR393518,181.09,0.0,65.0,D,SimuProB-5,EV_110
331.043,72.0,75.96,5725.0,0,4.005,1,64.67,4.45,114.5,98.4,185.0,EV_110,0.0,610,0.0,DR393518_15,65.0,31979.27,DR393518,181.09,0.0,65.0,D,SimuProB-5,EV_110
328.531,85.0,75.96,5900.0,0,3.998,1,64.63,4.448,118.0,145.2,185.0,EV_110,0.0,620,0.0,DR393518_15,65.0,31979.6,DR393518,181.09,0.0,65.0,D,SimuProB-5,EV_110
335.168,25.0,75.96,5100.0,0,4.02,1,64.61,4.45,102.0,62.5,185.0,EV_110,0.0,630,0.0,DR393518_15,65.0,31979.88,DR393518,181.09,0.0,65.0,D,SimuProB-5,EV_110
334.612,0.0,75.96,4750.0,0,4.025,1,64.6,4.449,95.0,-15.3,185.0,EV_110,0.05,640,12.0,DR393518_15,65.0,31980.15,DR393518,181.09,0.0,65.0,D,SimuProB-5,EV_110
333.868,35.0,75.96,4925.0,0,4.028,1,64.59,4.45,98.5,48.5,185.0,EV_110,0.0,650,0.0,DR393518_15,65.0,31980.42,DR393518,181.09,0.0,65.0,D,SimuProB-5,EV_110
331.859,55.0,75.96,5200.0,0,4.032,1,64.58,4.449,104.0,68.2,185.0,EV_110,0.0,660,0.0,DR393518_15,65.0,31980.71,DR393518,181.09,0.0,65.0,D,SimuProB-5,EV_110
330.996,68.0,75.96,5600.0,0,4.035,1,64.55,4.45,112.0,92.4,185.0,EV_110,0.0,670,0.0,DR393518_15,65.0,31981.02,DR393518,181.09,0.0,65.0,D,SimuProB-5,EV_110
329.776,72.0,75.96,5750.0,0,4.038,1,64.52,4.448,115.0,105.2,185.0,EV_110,0.0,680,0.0,DR393518_15,65.0,31981.34,DR393518,181.09,0.0,65.0,D,SimuProB-5,EV_110
328.608,78.0,75.96,5900.0,0,4.042,1,64.48,4.446,118.0,118.5,185.0,EV_110,0.0,690,0.0,DR393518_15,65.0,31981.67,DR393518,181.09,0.0,65.0,D,SimuProB-5,EV_110
329.382,0.0,75.96,5250.0,0,4.04,1,64.46,4.45,105.0,-45.2,185.0,EV_110,0.06,700,15.0,DR393518_15,65.0,31981.96,DR393518,181.09,0.0,65.0,D,SimuProB-5,EV_110
330.186,45.0,75.96,5425.0,0,4.035,1,64.44,4.448,108.5,85.4,185.0,EV_110,0.0,710,0.0,DR393518_15,65.0,31982.26,DR393518,181.09,0.0,65.0,D,SimuProB-5,EV_110
331.495,25.0,75.96,4910.0,0,4.032,1,64.4,4.445,98.2,62.1,185.0,EV_110,0.0,720,0.0,DR393518_15,65.0,31982.53,DR393518,181.09,0.0,65.0,D,SimuProB-5,EV_110
330.933,35.0,75.96,5100.0,0,4.034,1,64.4,4.447,102.0,78.9,185.0,EV_110,0.0,730,0.0,DR393518_15,65.0,31982.82,DR393518,181.09,0.0,65.0,D,SimuProB-5,EV_110
330.876,40.0,75.96,5225.0,0,4.033,1,64.39,4.446,104.5,82.3,185.0,EV_110,0.0,740,0.0,DR393518_15,65.0,31983.11,DR393518,181.09,0.0,65.0,D,SimuProB-5,EV_110
330.128,48.0,75.96,5300.0,0,4.031,1,64.37,4.448,106.0,95.6,185.0,EV_110,0.0,750,0.0,DR393518_15,65.0,31983.4,DR393518,181.09,0.0,65.0,D,SimuProB-5,EV_110
330.278,30.0,75.96,4950.0,0,4.035,1,64.36,4.445,99.0,72.4,185.0,EV_110,0.0,760,0.0,DR393518_15,65.0,31983.68,DR393518,181.09,0.0,65.0,D,SimuProB-5,EV_110
329.363,32.0,75.96,5075.0,0,4.033,1,64.34,4.446,101.5,85.2,185.0,EV_110,0.0,770,0.0,DR393518_15,65.0,31983.96,DR393518,181.09,0.0,65.0,D,SimuProB-5,EV_110
329.789,38.0,75.96,5190.0,0,4.03,1,64.34,4.448,103.8,91.7,185.0,EV_110,0.0,780,0.0,DR393518_15,65.0,31984.25,DR393518,181.09,0.0,65.0,D,SimuProB-5,EV_110
329.405,45.0,75.96,5360.0,0,4.028,1,64.31,4.45,107.2,105.3,185.0,EV_110,0.0,790,0.0,DR393518_15,65.0,31984.55,DR393518,181.09,0.0,65.0,D,SimuProB-5,EV_110
328.944,52.0,75.96,5475.0,0,4.025,1,64.28,4.45,109.5,112.5,185.0,EV_110,0.0,800,0.0,DR393518_15,65.0,31984.85,DR393518,181.09,0.0,65.0,D,SimuProB-5,EV_110
329.19,44.0,75.96,5310.0,0,4.027,1,64.27,4.45,106.2,98.2,185.0,EV_110,0.0,810,0.0,DR393518_15,65.0,31985.15,DR393518,181.09,0.0,65.0,D,SimuProB-5,EV_110
328.602,58.0,75.96,5590.0,0,4.023,1,64.24,4.45,111.8,118.9,185.0,EV_110,0.0,820,0.0,DR393518_15,65.0,31985.46,DR393518,181.09,0.0,65.0,D,SimuProB-5,EV_110
327.663,62.0,75.96,5675.0,0,4.02,1,64.21,4.45,113.5,125.4,185.0,EV_110,0.0,830,0.0,DR393518_15,65.0,31985.78,DR393518,181.09,0.0,65.0,D,SimuProB-5,EV_110
327.583,65.0,75.96,5760.0,0,4.018,1,64.19,4.45,115.2,132.1,185.0,EV_110,0.0,840,0.0,DR393518_15,65.0,31986.1,DR393518,181.09,0.0,65.0,D,SimuProB-5,EV_110
327.08,60.0,75.96,5700.0,0,4.015,1,64.18,4.45,114.0,128.7,185.0,EV_110,0.0,850,0.0,DR393518_15,65.0,31986.41,DR393518,181.09,0.0,65.0,D,SimuProB-5,EV_110
326.444,72.0,75.96,5825.0,0,4.013,1,64.16,4.448,116.5,135.5,185.0,EV_110,0.0,860,0.0,DR393518_15,65.0,31986.73,DR393518,181.09,0.0,65.0,D,SimuProB-5,EV_110
326.188,85.0,75.96,5910.0,0,4.01,1,64.15,4.445,118.2,142.3,185.0,EV_110,0.0,870,0.0,DR393518_15,65.0,31987.06,DR393518,181.09,0.0,65.0,D,SimuProB-5,EV_110
326.013,48.0,75.96,5640.0,0,4.012,1,64.15,4.446,112.8,115.8,185.0,EV_110,0.0,880,0.0,DR393518_15,65.0,31987.38,DR393518,181.09,0.0,65.0,D,SimuProB-5,EV_110
326.606,45.0,75.96,5675.0,0,4.015,1,64.15,4.448,113.5,95.2,185.0,EV_110,0.0,890,0.0,DR393518_15,65.0,31987.7,DR393518,181.09,0.0,65.0,D,SimuProB-5,EV_110
326.134,82.0,75.96,5890.0,0,4.008,1,64.12,4.45,117.8,145.6,185.0,EV_110,0.0,900,0.0,DR393518_15,65.0,31988.02,DR393518,181.09,0.0,65.0,D,SimuProB-5,EV_110
326.996,0.0,75.96,5410.0,0,4.016,1,64.12,4.45,108.2,-15.4,185.0,EV_110,0.05,910,15.0,DR393518_15,65.0,31988.32,DR393518,181.09,0.0,65.0,D,SimuProB-5,EV_110
326.875,0.0,75.96,5270.0,0,4.018,1,64.12,4.45,105.4,-12.8,185.0,EV_110,0.06,920,8.0,DR393518_15,65.0,31988.61,DR393518,181.09,0.0,65.0,D,SimuProB-5,EV_110
326.212,55.0,75.96,5490.0,0,4.012,1,64.1,4.45,109.8,45.2,185.0,EV_110,0.0,930,0.0,DR393518_15,65.0,31988.92,DR393518,181.09,0.0,65.0,D,SimuProB-5,EV_110
326.561,80.0,75.96,5825.0,0,4.006,1,64.08,4.448,116.5,138.5,185.0,EV_110,0.0,940,0.0,DR393518_15,65.0,31989.24,DR393518,181.09,0.0,65.0,D,SimuProB-5,EV_110
326.078,78.0,75.96,5760.0,0,4.005,1,64.05,4.447,115.2,135.2,185.0,EV_110,0.0,950,0.0,DR393518_15,65.0,31989.56,DR393518,181.09,0.0,65.0,D,SimuProB-5,EV_110
326.495,0.0,75.96,5475.0,0,4.012,1,64.05,4.449,109.5,-18.5,185.0,EV_110,0.05,960,12.0,DR393518_15,65.0,31989.86,DR393518,181.09,0.0,65.0,D,SimuProB-5,EV_110
326.979,85.0,75.96,5905.0,0,4.007,1,64.04,4.45,118.1,142.1,185.0,EV_110,0.0,970,0.0,DR393518_15,65.0,31990.19,DR393518,181.09,0.0,65.0,D,SimuProB-5,EV_110
325.94,82.0,75.96,5875.0,0,4.004,1,64.01,4.45,117.5,145.3,185.0,EV_110,0.0,980,0.0,DR393518_15,65.0,31990.52,DR393518,181.09,0.0,65.0,D,SimuProB-5,EV_110
325.84,75.0,75.96,5710.0,0,4.008,1,63.99,4.448,114.2,132.8,185.0,EV_110,0.0,990,0.0,DR393518_15,65.0,31990.83,DR393518,181.09,0.0,65.0,D,SimuProB-5,EV_110
326.662,60.0,75.96,5425.0,0,4.01,1,63.99,4.445,108.5,95.6,185.0,EV_110,0.0,1000,0.0,DR393518_15,65.0,31991.14,DR393518,181.09,0.0,65.0,D,SimuProB-5,EV_110
327.443,65.0,75.96,5360.0,0,4.012,1,63.96,4.442,107.2,105.2,185.0,EV_110,0.0,1010,0.0,DR393518_15,65.0,31991.44,DR393518,181.09,0.0,65.0,D,SimuProB-5,EV_110
325.61,78.0,75.96,5625.0,0,4.005,1,63.96,4.448,112.5,138.5,185.0,EV_110,0.0,1020,0.0,DR393518_15,65.0,31991.75,DR393518,181.09,0.0,65.0,D,SimuProB-5,EV_110
328.003,55.0,75.96,5240.0,0,4.015,1,63.95,4.44,104.8,82.4,185.0,EV_110,0.0,1030,0.0,DR393518_15,65.0,31992.04,DR393518,181.09,0.0,65.0,D,SimuProB-5,EV_110
326.118,58.0,75.96,5265.0,0,4.009,1,63.93,4.443,105.3,98.4,185.0,EV_110,0.0,1040,0.0,DR393518_15,65.0,31992.33,DR393518,181.09,0.0,65.0,D,SimuProB-5,EV_110
327.998,55.0,75.96,5340.0,0,4.014,1,63.93,4.441,106.8,88.1,185.0,EV_110,0.0,1050,0.0,DR393518_15,65.0,31992.63,DR393518,181.09,0.0,65.0,D,SimuProB-5,EV_110
326.426,62.0,75.96,5425.0,0,4.006,1,63.92,4.446,108.5,110.5,185.0,EV_110,0.0,1060,0.0,DR393518_15,65.0,31992.93,DR393518,181.09,0.0,65.0,D,SimuProB-5,EV_110
327.917,52.0,75.96,5360.0,0,4.011,1,63.9,4.442,107.2,92.3,185.0,EV_110,0.0,1070,0.0,DR393518_15,65.0,31993.23,DR393518,181.09,0.0,65.0,D,SimuProB-5,EV_110
326.45,60.0,75.96,5475.0,0,4.008,1,63.9,4.445,109.5,105.6,185.0,EV_110,0.0,1080,0.0,DR393518_15,65.0,31993.53,DR393518,181.09,0.0,65.0,D,SimuProB-5,EV_110
327.801,45.0,75.96,5200.0,0,4.016,1,63.88,4.44,104.0,85.1,185.0,EV_110,0.0,1090,0.0,DR393518_15,65.0,31993.82,DR393518,181.09,0.0,65.0,D,SimuProB-5,EV_110
326.56,65.0,75.96,5525.0,0,4.005,1,63.86,4.447,110.5,112.4,185.0,EV_110,0.0,1100,0.0,DR393518_15,65.0,31994.13,DR393518,181.09,0.0,65.0,D,SimuProB-5,EV_110
327.276,50.0,75.96,5390.0,0,4.012,1,63.86,4.443,107.8,95.2,185.0,EV_110,0.0,1110,0.0,DR393518_15,65.0,31994.43,DR393518,181.09,0.0,65.0,D,SimuProB-5,EV_110
326.236,68.0,75.96,5600.0,0,4.004,1,63.83,4.448,112.0,118.5,185.0,EV_110,0.0,1120,0.0,DR393518_15,65.0,31994.74,DR393518,181.09,0.0,65.0,D,SimuProB-5,EV_110
326.116,70.0,75.96,5675.0,0,4.002,1,63.79,4.449,113.5,122.3,185.0,EV_110,0.0,1130,0.0,DR393518_15,65.0,31995.06,DR393518,181.09,0.0,65.0,D,SimuProB-5,EV_110
327.003,48.0,75.96,5410.0,0,4.009,1,63.79,4.446,108.2,98.4,185.0,EV_110,0.0,1140,0.0,DR393518_15,65.0,31995.36,DR393518,181.09,0.0,65.0,D,SimuProB-5,EV_110
326.717,62.0,75.96,5550.0,0,4.003,1,63.78,4.448,111.0,115.7,185.0,EV_110,0.0,1150,0.0,DR393518_15,65.0,31995.66,DR393518,181.09,0.0,65.0,D,SimuProB-5,EV_110
326.126,75.0,75.96,5760.0,0,3.998,1,63.73,4.45,115.2,128.4,185.0,EV_110,0.0,1160,0.0,DR393518_15,65.0,31995.98,DR393518,181.09,0.0,65.0,D,SimuProB-5,EV_110
326.807,55.0,75.96,5490.0,0,4.006,1,63.67,4.447,109.8,105.6,185.0,EV_110,0.0,1170,0.0,DR393518_15,65.0,31996.28,DR393518,181.09,0.0,65.0,D,SimuProB-5,EV_110
324.578,82.0,75.96,5925.0,0,3.992,1,63.62,4.45,118.5,145.2,185.0,EV_110,0.0,1180,0.0,DR393518_15,65.0,31996.61,DR393518,181.09,0.0,65.0,D,SimuProB-5,EV_110
323.751,88.0,75.96,6070.0,0,3.99,1,63.6,4.45,121.4,152.3,185.0,EV_110,0.0,1190,0.0,DR393518_15,65.0,31996.95,DR393518,181.09,0.0,65.0,D,SimuProB-5,EV_110
325.836,42.0,75.96,5710.0,0,4.002,1,63.6,4.448,114.2,95.8,185.0,EV_110,0.0,1200,0.0,DR393518_15,65.0,31997.26,DR393518,181.09,0.0,65.0,D,SimuProB-5,EV_110
323.364,78.0,75.96,5990.0,0,3.995,1,63.57,4.449,119.8,135.5,185.0,EV_110,0.0,1210,0.0,DR393518_15,65.0,31997.6,DR393518,181.09,0.0,65.0,D,SimuProB-5,EV_110
324.642,35.0,75.96,5275.0,0,4.005,1,63.57,4.45,105.5,85.4,185.0,EV_110,0.0,1220,0.0,DR393518_15,65.0,31997.89,DR393518,181.09,0.0,65.0,D,SimuProB-5,EV_110
326.267,25.0,75.96,4910.0,0,4.01,1,63.57,4.448,98.2,65.2,185.0,EV_110,0.0,1230,0.0,DR393518_15,65.0,31998.17,DR393518,181.09,0.0,65.0,D,SimuProB-5,EV_110
324.887,30.0,75.96,5140.0,0,4.008,1,63.57,4.449,102.8,78.9,185.0,EV_110,0.0,1240,0.0,DR393518_15,65.0,31998.45,DR393518,181.09,0.0,65.0,D,SimuProB-5,EV_110
324.637,32.0,75.96,5325.0,0,4.009,1,63.55,4.449,106.5,72.5,185.0,EV_110,0.0,1250,0.0,DR393518_15,65.0,31998.75,DR393518,181.09,0.0,65.0,D,SimuProB-5,EV_110
323.925,65.0,75.96,5640.0,0,4.001,1,63.55,4.45,112.8,115.2,185.0,EV_110,0.0,1260,0.0,DR393518_15,65.0,31999.06,DR393518,181.09,0.0,65.0,D,SimuProB-5,EV_110
326.262,22.0,75.96,4770.0,0,4.012,1,63.54,4.448,95.4,58.3,185.0,EV_110,0.0,1270,0.0,DR393518_15,65.0,31999.32,DR393518,181.09,0.0,65.0,D,SimuProB-5,EV_110
378.595,35.0,75.96,2650.0,0,4.05,1,63.52,4.1,42.0,45.2,185.0,EV_110,0.0,0,0.0,DR393518_16,34.8,31999.44,DR393518,181.09,0.0,36.2,D,SimuProB-5,EV_110
372.546,55.0,75.96,2420.0,0,4.04,1,63.52,4.12,38.5,85.6,185.0,EV_110,0.0,10,0.0,DR393518_16,35.0,31999.54,DR393518,181.09,0.0,36.4,D,SimuProB-5,EV_110
380.468,0.0,75.96,1380.0,0,4.06,1,63.5,4.13,22.0,-25.4,185.0,EV_110,0.012,20,45.0,DR393518_16,35.1,31999.6,DR393518,181.09,0.0,36.5,D,SimuProB-5,EV_110
376.596,25.0,75.96,1750.0,0,4.045,1,63.49,4.11,28.0,42.5,185.0,EV_110,0.0,30,0.0,DR393518_16,35.2,31999.68,DR393518,181.09,0.0,36.7,D,SimuProB-5,EV_110
371.422,60.0,75.96,2800.0,0,4.035,1,63.47,4.13,45.0,95.0,185.0,EV_110,0.0,40,0.0,DR393518_16,35.4,31999.8,DR393518,181.09,0.0,37.0,D,SimuProB-5,EV_110
374.414,0.0,75.96,750.0,0,4.06,1,63.46,4.14,12.0,-18.5,185.0,EV_110,0.015,50,55.0,DR393518_16,35.5,31999.84,DR393518,181.09,0.0,37.1,D,SimuProB-5,EV_110
381.806,0.0,75.96,320.0,0,4.08,1,63.43,4.15,5.0,-32.5,185.0,EV_110,0.018,60,65.0,DR393518_16,35.6,31999.85,DR393518,181.09,0.0,37.2,D,SimuProB-5,EV_110
378.73,30.0,75.96,1150.0,0,4.05,1,63.43,4.13,18.0,45.2,185.0,EV_110,0.0,70,0.0,DR393518_16,35.7,31999.9,DR393518,181.09,0.0,37.3,D,SimuProB-5,EV_110
373.568,50.0,75.96,2250.0,0,4.04,1,63.41,4.14,35.0,78.5,185.0,EV_110,0.0,80,0.0,DR393518_16,35.9,32000.0,DR393518,181.09,0.0,37.5,D,SimuProB-5,EV_110
370.708,75.0,75.96,3300.0,0,4.03,1,63.38,4.14,52.0,110.0,185.0,EV_110,0.0,90,0.0,DR393518_16,36.0,32000.14,DR393518,181.09,0.0,37.7,D,SimuProB-5,EV_110
375.318,0.0,75.96,950.0,0,4.07,1,63.37,4.15,15.0,-25.0,185.0,EV_110,0.012,100,45.0,DR393518_16,36.1,32000.19,DR393518,181.09,0.0,37.8,D,SimuProB-5,EV_110
379.777,5.0,75.96,480.0,0,4.05,1,63.36,4.13,8.0,5.5,185.0,EV_110,0.0,110,10.0,DR393518_16,36.2,32000.21,DR393518,181.09,0.0,37.9,D,SimuProB-5,EV_110
380.75,25.0,75.96,1400.0,0,4.055,1,63.36,4.135,22.0,12.5,185.0,EV_110,0.0,120,0.0,DR393518_16,36.3,32000.27,DR393518,181.09,0.0,38.0,D,SimuProB-5,EV_110
376.492,45.0,75.96,2400.0,0,4.04,1,63.33,4.14,38.0,45.0,185.0,EV_110,0.0,130,0.0,DR393518_16,36.4,32000.38,DR393518,181.09,0.0,38.1,D,SimuProB-5,EV_110
368.954,70.0,75.96,3500.0,0,4.02,1,63.31,4.145,55.0,120.0,185.0,EV_110,0.0,140,0.0,DR393518_16,36.5,32000.53,DR393518,181.09,0.0,38.3,D,SimuProB-5,EV_110
382.456,30.0,75.96,1750.0,0,4.06,1,63.31,4.14,28.0,18.0,185.0,EV_110,0.0,150,0.0,DR393518_16,36.4,32000.61,DR393518,181.09,0.0,38.2,D,SimuProB-5,EV_110
372.852,55.0,75.96,3000.0,0,4.03,1,63.31,4.15,48.0,85.0,185.0,EV_110,0.0,160,0.0,DR393518_16,36.5,32000.74,DR393518,181.09,0.0,38.4,D,SimuProB-5,EV_110
365.33,75.0,75.96,3900.0,0,4.01,1,63.3,4.15,62.0,135.0,185.0,EV_110,0.0,170,0.0,DR393518_16,36.7,32000.91,DR393518,181.09,0.0,38.7,D,SimuProB-5,EV_110
380.164,35.0,75.96,2000.0,0,4.055,1,63.29,4.135,32.0,35.0,185.0,EV_110,0.0,180,0.0,DR393518_16,36.6,32001.0,DR393518,181.09,0.0,38.5,D,SimuProB-5,EV_110
362.054,0.0,75.96,750.0,0,4.065,1,63.28,4.14,12.0,-25.0,185.0,EV_110,0.012,190,45.0,DR393518_16,36.7,32001.03,DR393518,181.09,0.0,38.6,D,SimuProB-5,EV_110
377.511,50.0,75.96,2650.0,0,4.045,1,63.28,4.145,42.0,55.0,185.0,EV_110,0.0,200,0.0,DR393518_16,36.9,32001.15,DR393518,181.09,0.0,38.8,D,SimuProB-5,EV_110
364.462,65.0,75.96,3450.0,0,4.042,1,63.28,4.148,55.0,110.0,185.0,EV_110,0.0,210,0.0,DR393518_16,37.0,32001.3,DR393518,181.09,0.0,38.9,D,SimuProB-5,EV_110
375.1,25.0,75.96,1750.0,0,4.052,1,63.25,4.142,28.0,45.0,185.0,EV_110,0.0,220,5.0,DR393518_16,37.1,32001.38,DR393518,181.09,0.0,39.0,D,SimuProB-5,EV_110
382.534,0.0,75.96,0.0,0,4.06,1,63.25,4.138,0.0,5.0,185.0,EV_110,0.015,230,85.0,DR393518_16,37.2,32001.38,DR393518,181.09,0.0,39.1,D,SimuProB-5,EV_110
371.769,35.0,75.96,1550.0,0,4.055,1,63.24,4.14,25.0,45.0,185.0,EV_110,0.0,240,0.0,DR393518_16,37.3,32001.45,DR393518,181.09,0.0,39.2,D,SimuProB-5,EV_110
365.646,55.0,75.96,2350.0,0,4.048,1,63.24,4.145,38.0,85.0,185.0,EV_110,0.0,250,0.0,DR393518_16,37.4,32001.56,DR393518,181.09,0.0,39.3,D,SimuProB-5,EV_110
378.416,0.0,75.96,620.0,0,4.062,1,63.24,4.148,10.0,-32.0,185.0,EV_110,0.022,260,65.0,DR393518_16,37.5,32001.58,DR393518,181.09,0.0,39.4,D,SimuProB-5,EV_110
367.751,45.0,75.96,2600.0,0,4.05,1,63.23,4.146,42.0,65.0,185.0,EV_110,0.0,270,0.0,DR393518_16,37.6,32001.7,DR393518,181.09,0.0,39.5,D,SimuProB-5,EV_110
377.003,0.0,75.96,1350.0,0,4.065,1,63.23,4.149,22.0,-25.0,185.0,EV_110,0.018,280,45.0,DR393518_16,37.7,32001.76,DR393518,181.09,0.0,39.6,D,SimuProB-5,EV_110
380.065,10.0,75.96,500.0,0,4.062,1,63.21,4.142,8.0,12.0,185.0,EV_110,0.0,290,15.0,DR393518_16,37.8,32001.78,DR393518,181.09,0.0,39.7,D,SimuProB-5,EV_110
362.27,75.0,75.96,3800.0,0,4.055,1,63.19,4.148,52.0,110.0,185.0,EV_110,0.0,300,0.0,DR393518_16,38.0,32001.92,DR393518,181.09,0.0,39.9,D,SimuProB-5,EV_110
375.419,35.0,75.96,2200.0,0,4.06,1,63.18,4.144,35.0,45.0,185.0,EV_110,0.0,310,0.0,DR393518_16,38.1,32002.02,DR393518,181.09,0.0,40.0,D,SimuProB-5,EV_110
368.59,60.0,75.96,2900.0,0,4.058,1,63.18,4.146,45.0,88.0,185.0,EV_110,0.0,320,0.0,DR393518_16,38.2,32002.15,DR393518,181.09,0.0,40.1,D,SimuProB-5,EV_110
370.536,40.0,75.96,2400.0,0,4.061,1,63.17,4.145,38.0,55.0,185.0,EV_110,0.0,330,0.0,DR393518_16,38.3,32002.26,DR393518,181.09,0.0,40.2,D,SimuProB-5,EV_110
366.278,65.0,75.96,3100.0,0,4.056,1,63.16,4.147,48.0,95.0,185.0,EV_110,0.0,340,0.0,DR393518_16,38.4,32002.39,DR393518,181.09,0.0,40.3,D,SimuProB-5,EV_110
372.635,0.0,75.96,600.0,0,4.064,1,63.16,4.149,12.0,-28.0,185.0,EV_110,0.021,350,65.0,DR393518_16,38.42,32002.42,DR393518,181.09,0.0,40.35,D,SimuProB-5,EV_110
382.849,0.0,75.96,0.0,0,4.072,1,63.14,4.155,0.0,-12.0,185.0,EV_110,0.015,360,100.0,DR393518_16,38.5,32002.42,DR393518,181.09,0.0,40.4,D,SimuProB-5,EV_110
378.328,45.0,75.96,450.0,0,4.055,1,63.14,4.142,10.0,65.0,185.0,EV_110,0.0,370,0.0,DR393518_16,38.6,32002.45,DR393518,181.09,0.0,40.5,D,SimuProB-5,EV_110
373.532,55.0,75.96,1800.0,0,4.062,1,63.14,4.148,28.0,82.0,185.0,EV_110,0.0,380,0.0,DR393518_16,38.7,32002.53,DR393518,181.09,0.0,40.6,D,SimuProB-5,EV_110
368.002,72.0,75.96,2750.0,0,4.068,1,63.11,4.152,42.0,115.0,185.0,EV_110,0.0,390,0.0,DR393518_16,38.82,32002.65,DR393518,181.09,0.0,40.75,D,SimuProB-5,EV_110
361.972,78.0,75.96,3800.0,0,4.055,1,63.06,4.158,55.0,145.0,185.0,EV_110,0.0,400,0.0,DR393518_16,38.98,32002.8,DR393518,181.09,0.0,40.92,D,SimuProB-5,EV_110
369.578,40.0,75.96,2400.0,0,4.06,1,63.04,4.145,38.0,45.0,185.0,EV_110,0.0,410,0.0,DR393518_16,39.02,32002.9,DR393518,181.09,0.0,40.95,D,SimuProB-5,EV_110
362.793,65.0,75.96,3200.0,0,4.058,1,63.02,4.155,48.0,125.0,185.0,EV_110,0.0,420,0.0,DR393518_16,39.15,32003.03,DR393518,181.09,0.0,41.08,D,SimuProB-5,EV_110
357.919,75.0,75.96,4000.0,0,4.052,1,62.99,4.158,60.0,155.0,185.0,EV_110,0.0,430,0.0,DR393518_16,39.28,32003.2,DR393518,181.09,0.0,41.22,D,SimuProB-5,EV_110
372.969,0.0,75.96,80.0,0,4.065,1,62.97,4.145,5.0,12.0,185.0,EV_110,0.02,440,45.0,DR393518_16,39.3,32003.21,DR393518,181.09,0.0,41.25,D,SimuProB-5,EV_110
382.676,15.0,75.96,240.0,0,4.062,1,62.97,4.142,12.0,18.5,185.0,EV_110,0.0,450,10.0,DR393518_16,39.32,32003.24,DR393518,181.09,0.0,41.28,D,SimuProB-5,EV_110
374.823,0.0,75.96,100.0,0,4.068,1,62.95,4.15,5.0,-22.0,185.0,EV_110,0.015,460,60.0,DR393518_16,39.34,32003.26,DR393518,181.09,0.0,41.3,D,SimuProB-5,EV_110
363.393,45.0,75.96,1900.0,0,4.054,1,62.95,4.156,30.0,110.0,185.0,EV_110,0.0,470,0.0,DR393518_16,39.38,32003.34,DR393518,181.09,0.0,41.35,D,SimuProB-5,EV_110
378.652,30.0,75.96,1400.0,0,4.058,1,62.94,4.148,22.0,45.0,185.0,EV_110,0.0,480,0.0,DR393518_16,39.41,32003.4,DR393518,181.09,0.0,41.38,D,SimuProB-5,EV_110
395.018,0.0,75.96,120.0,0,4.065,1,62.93,4.145,8.0,15.0,185.0,EV_110,0.018,490,35.0,DR393518_16,39.44,32003.42,DR393518,181.09,0.0,41.42,D,SimuProB-5,EV_110
388.669,40.0,75.96,1750.0,0,4.055,1,62.9,4.152,28.0,65.0,185.0,EV_110,0.0,500,0.0,DR393518_16,39.47,32003.5,DR393518,181.09,0.0,41.45,D,SimuProB-5,EV_110
382.154,35.0,75.96,1550.0,0,4.062,1,62.88,4.148,25.0,40.0,185.0,EV_110,0.0,510,0.0,DR393518_16,39.51,32003.57,DR393518,181.09,0.0,41.49,D,SimuProB-5,EV_110
372.229,65.0,75.96,2650.0,0,4.05,1,62.87,4.155,42.0,95.0,185.0,EV_110,0.0,520,0.0,DR393518_16,39.58,32003.69,DR393518,181.09,0.0,41.56,D,SimuProB-5,EV_110
365.508,75.0,75.96,3800.0,0,4.045,1,62.85,4.158,55.0,130.0,185.0,EV_110,0.0,530,0.0,DR393518_16,39.72,32003.84,DR393518,181.09,0.0,41.68,D,SimuProB-5,EV_110
368.053,55.0,75.96,3100.0,0,4.048,1,62.82,4.156,48.0,85.0,185.0,EV_110,0.0,540,0.0,DR393518_16,39.8,32003.97,DR393518,181.09,0.0,41.75,D,SimuProB-5,EV_110
374.916,0.0,75.96,2000.0,0,4.052,1,62.82,4.159,32.0,-35.0,185.0,EV_110,0.025,550,15.0,DR393518_16,39.88,32004.06,DR393518,181.09,0.0,41.82,D,SimuProB-5,EV_110
392.292,10.0,75.96,950.0,0,4.06,1,62.8,4.151,18.0,25.0,185.0,EV_110,0.0,560,5.0,DR393518_16,39.92,32004.11,DR393518,181.09,0.0,41.86,D,SimuProB-5,EV_110
385.769,25.0,75.96,1350.0,0,4.055,1,62.78,4.148,22.0,45.0,185.0,EV_110,0.0,570,0.0,DR393518_16,40.0,32004.17,DR393518,181.09,0.0,41.92,D,SimuProB-5,EV_110
362.404,60.0,75.96,2400.0,0,4.042,1,62.73,4.155,38.0,110.0,185.0,EV_110,0.0,580,0.0,DR393518_16,40.15,32004.28,DR393518,181.09,0.0,42.05,D,SimuProB-5,EV_110
378.515,0.0,75.96,1750.0,0,4.065,1,62.73,4.16,28.0,-25.0,185.0,EV_110,0.018,590,20.0,DR393518_16,40.2,32004.35,DR393518,181.09,0.0,42.12,D,SimuProB-5,EV_110
365.737,55.0,75.96,2650.0,0,4.048,1,62.7,4.155,42.0,85.0,185.0,EV_110,0.0,600,0.0,DR393518_16,40.35,32004.47,DR393518,181.09,0.0,42.25,D,SimuProB-5,EV_110
370.111,20.0,75.96,1900.0,0,4.055,1,62.69,4.152,30.0,45.0,185.0,EV_110,0.0,610,5.0,DR393518_16,40.45,32004.55,DR393518,181.09,0.0,42.35,D,SimuProB-5,EV_110
390.395,0.0,75.96,750.0,0,4.062,1,62.68,4.158,12.0,-30.0,185.0,EV_110,0.022,620,45.0,DR393518_16,40.5,32004.58,DR393518,181.09,0.0,42.42,D,SimuProB-5,EV_110
358.226,70.0,75.96,2800.0,0,4.035,1,62.65,4.155,45.0,135.0,185.0,EV_110,0.0,630,0.0,DR393518_16,40.65,32004.71,DR393518,181.09,0.0,42.55,D,SimuProB-5,EV_110
368.025,0.0,75.96,950.0,0,4.065,1,62.65,4.16,15.0,-35.0,185.0,EV_110,0.025,640,60.0,DR393518_16,40.75,32004.75,DR393518,181.09,0.0,42.65,D,SimuProB-5,EV_110
375.345,30.0,75.96,1400.0,0,4.055,1,62.63,4.155,22.0,25.0,185.0,EV_110,0.0,650,0.0,DR393518_16,40.85,32004.81,DR393518,181.09,0.0,42.75,D,SimuProB-5,EV_110
364.789,25.0,75.96,1750.0,0,4.05,1,62.61,4.145,28.0,55.0,185.0,EV_110,0.0,660,0.0,DR393518_16,40.9,32004.89,DR393518,181.09,0.0,42.8,D,SimuProB-5,EV_110
378.426,0.0,75.96,900.0,0,4.055,1,62.59,4.15,15.0,12.0,185.0,EV_110,0.015,670,35.0,DR393518_16,40.95,32004.93,DR393518,181.09,0.0,42.85,D,SimuProB-5,EV_110
356.247,65.0,75.96,2600.0,0,4.04,1,62.56,4.16,42.0,145.0,185.0,EV_110,0.0,680,0.0,DR393518_16,41.1,32005.05,DR393518,181.09,0.0,43.0,D,SimuProB-5,EV_110
362.64,45.0,75.96,3050.0,0,4.035,1,62.52,4.155,48.0,85.0,185.0,EV_110,0.0,690,0.0,DR393518_16,41.25,32005.18,DR393518,181.09,0.0,43.15,D,SimuProB-5,EV_110
395.326,0.0,75.96,1550.0,0,4.045,1,62.52,4.16,25.0,-25.0,185.0,EV_110,0.012,700,45.0,DR393518_16,41.2,32005.25,DR393518,181.09,0.0,43.1,D,SimuProB-5,EV_110
370.972,35.0,75.96,2000.0,0,4.04,1,62.52,4.15,32.0,60.0,185.0,EV_110,0.0,710,0.0,DR393518_16,41.35,32005.34,DR393518,181.09,0.0,43.25,D,SimuProB-5,EV_110
368.515,40.0,75.96,2400.0,0,4.035,1,62.5,4.15,38.0,72.0,185.0,EV_110,0.0,720,0.0,DR393518_16,41.45,32005.45,DR393518,181.09,0.0,43.35,D,SimuProB-5,EV_110
352.035,75.0,75.96,3300.0,0,4.025,1,62.46,4.16,52.0,135.0,185.0,EV_110,0.0,730,0.0,DR393518_16,41.65,32005.59,DR393518,181.09,0.0,43.55,D,SimuProB-5,EV_110
389.002,0.0,75.96,1400.0,0,4.045,1,62.46,4.16,22.0,-35.0,185.0,EV_110,0.018,740,60.0,DR393518_16,41.7,32005.65,DR393518,181.09,0.0,43.6,D,SimuProB-5,EV_110
374.996,25.0,75.96,1800.0,0,4.03,1,62.44,4.15,30.0,45.0,185.0,EV_110,0.0,750,0.0,DR393518_16,41.8,32005.73,DR393518,181.09,0.0,43.7,D,SimuProB-5,EV_110
360.825,60.0,75.96,3000.0,0,4.02,1,62.42,4.16,48.0,110.0,185.0,EV_110,0.0,760,0.0,DR393518_16,42.0,32005.87,DR393518,181.09,0.0,43.9,D,SimuProB-5,EV_110
385.294,0.0,75.96,1200.0,0,4.04,1,62.42,4.15,20.0,-28.0,185.0,EV_110,0.015,770,50.0,DR393518_16,42.1,32005.92,DR393518,181.09,0.0,44.0,D,SimuProB-5,EV_110
398.164,15.0,75.96,600.0,0,4.035,1,62.41,4.14,10.0,15.0,185.0,EV_110,0.0,780,5.0,DR393518_16,42.15,32005.95,DR393518,181.09,0.0,44.05,D,SimuProB-5,EV_110
381.637,0.0,75.96,100.0,0,4.04,1,62.41,4.145,2.0,-32.0,185.0,EV_110,0.019,790,45.0,DR393518_16,42.18,32005.95,DR393518,181.09,0.0,44.08,D,SimuProB-5,EV_110
405.42,0.0,75.96,0.0,0,4.03,1,62.4,4.15,0.0,8.5,185.0,EV_110,0.0,800,85.0,DR393518_16,42.2,32005.95,DR393518,181.09,0.0,44.1,D,SimuProB-5,EV_110
391.957,40.0,75.96,1500.0,0,4.02,1,62.39,4.14,25.0,45.0,185.0,EV_110,0.0,810,0.0,DR393518_16,42.32,32006.02,DR393518,181.09,0.0,44.22,D,SimuProB-5,EV_110
388.231,55.0,75.96,2200.0,0,4.015,1,62.37,4.135,35.0,65.0,185.0,EV_110,0.0,820,0.0,DR393518_16,42.45,32006.12,DR393518,181.09,0.0,44.35,D,SimuProB-5,EV_110
396.005,0.0,75.96,900.0,0,4.03,1,62.37,4.145,15.0,-25.0,185.0,EV_110,0.012,830,30.0,DR393518_16,42.52,32006.16,DR393518,181.09,0.0,44.42,D,SimuProB-5,EV_110
392.961,35.0,75.96,1800.0,0,4.025,1,62.34,4.142,30.0,42.0,185.0,EV_110,0.0,840,0.0,DR393518_16,42.6,32006.24,DR393518,181.09,0.0,44.5,D,SimuProB-5,EV_110
384.751,65.0,75.96,3000.0,0,4.01,1,62.34,4.138,45.0,75.0,185.0,EV_110,0.0,850,0.0,DR393518_16,42.75,32006.37,DR393518,181.09,0.0,44.65,D,SimuProB-5,EV_110
398.227,0.0,75.96,1100.0,0,4.04,1,62.34,4.15,18.0,-35.0,185.0,EV_110,0.015,860,55.0,DR393518_16,42.8,32006.42,DR393518,181.09,0.0,44.7,D,SimuProB-5,EV_110
395.453,25.0,75.96,1200.0,0,4.025,1,62.32,4.14,20.0,25.0,185.0,EV_110,0.0,870,0.0,DR393518_16,42.85,32006.48,DR393518,181.09,0.0,44.75,D,SimuProB-5,EV_110
390.398,60.0,75.96,2500.0,0,4.015,1,62.31,4.145,40.0,85.0,185.0,EV_110,0.0,880,0.0,DR393518_16,42.95,32006.59,DR393518,181.09,0.0,44.85,D,SimuProB-5,EV_110
398.869,0.0,75.96,700.0,0,4.04,1,62.31,4.15,12.0,-30.0,185.0,EV_110,0.014,890,45.0,DR393518_16,43.0,32006.62,DR393518,181.09,0.0,44.9,D,SimuProB-5,EV_110
388.708,50.0,75.96,2200.0,0,4.02,1,62.3,4.14,35.0,65.0,185.0,EV_110,0.0,900,0.0,DR393518_16,43.1,32006.72,DR393518,181.09,0.0,45.0,D,SimuProB-5,EV_110
397.34,0.0,75.96,600.0,0,4.04,1,62.28,4.145,10.0,-25.0,185.0,EV_110,0.012,910,35.0,DR393518_16,43.2,32006.74,DR393518,181.09,0.0,45.1,D,SimuProB-5,EV_110
385.294,45.0,75.96,1800.0,0,4.01,1,62.26,4.14,28.0,70.0,185.0,EV_110,0.0,920,0.0,DR393518_16,43.3,32006.82,DR393518,181.09,0.0,45.2,D,SimuProB-5,EV_110
397.064,42.0,75.96,2100.0,0,4.03,1,62.25,4.145,32.0,55.0,185.0,EV_110,0.0,930,0.0,DR393518_16,43.45,32006.91,DR393518,181.09,0.0,45.35,D,SimuProB-5,EV_110
386.605,65.0,75.96,3200.0,0,4.01,1,62.22,4.15,45.0,90.0,185.0,EV_110,0.0,940,0.0,DR393518_16,43.6,32007.03,DR393518,181.09,0.0,45.5,D,SimuProB-5,EV_110
393.848,0.0,75.96,900.0,0,4.06,1,62.22,4.15,15.0,-35.0,185.0,EV_110,0.016,950,55.0,DR393518_16,43.7,32007.08,DR393518,181.09,0.0,45.6,D,SimuProB-5,EV_110
382.403,55.0,75.96,2800.0,0,4.02,1,62.19,4.148,40.0,85.0,185.0,EV_110,0.0,960,0.0,DR393518_16,43.85,32007.19,DR393518,181.09,0.0,45.75,D,SimuProB-5,EV_110
391.746,0.0,75.96,1400.0,0,4.08,1,62.18,4.15,22.0,-12.0,185.0,EV_110,0.008,970,25.0,DR393518_16,43.95,32007.25,DR393518,181.09,0.0,45.85,D,SimuProB-5,EV_110
388.452,48.0,75.96,2300.0,0,4.03,1,62.16,4.145,35.0,60.0,185.0,EV_110,0.0,980,0.0,DR393518_16,44.1,32007.35,DR393518,181.09,0.0,46.0,D,SimuProB-5,EV_110
385.455,52.0,75.96,2600.0,0,4.025,1,62.13,4.149,38.0,75.0,185.0,EV_110,0.0,990,0.0,DR393518_16,44.25,32007.46,DR393518,181.09,0.0,46.15,D,SimuProB-5,EV_110
372.243,60.0,75.96,1700.0,0,3.99,1,62.11,4.15,25.0,110.0,185.0,EV_110,0.0,1000,0.0,DR393518_16,44.4,32007.52,DR393518,181.09,0.0,46.3,D,SimuProB-5,EV_110
388.66,0.0,75.96,600.0,0,4.07,1,62.11,4.15,12.0,-25.0,185.0,EV_110,0.012,1010,65.0,DR393518_16,44.5,32007.56,DR393518,181.09,0.0,46.4,D,SimuProB-5,EV_110
392.765,0.0,75.96,300.0,0,4.06,1,62.1,4.148,5.0,-18.0,185.0,EV_110,0.015,1020,45.0,DR393518_16,44.55,32007.57,DR393518,181.09,0.0,46.45,D,SimuProB-5,EV_110
398.406,15.0,75.96,750.0,0,4.09,1,62.09,4.145,12.0,5.0,185.0,EV_110,0.0,1030,0.0,DR393518_16,44.6,32007.61,DR393518,181.09,0.0,46.5,D,SimuProB-5,EV_110
385.827,35.0,75.96,1800.0,0,4.04,1,62.08,4.14,28.0,45.0,185.0,EV_110,0.0,1040,0.0,DR393518_16,44.7,32007.69,DR393518,181.09,0.0,46.6,D,SimuProB-5,EV_110
380.347,45.0,75.96,2400.0,0,4.02,1,62.05,4.135,38.0,85.0,185.0,EV_110,0.0,1050,0.0,DR393518_16,44.8,32007.8,DR393518,181.09,0.0,46.75,D,SimuProB-5,EV_110
376.577,65.0,75.96,3300.0,0,3.98,1,62.04,4.15,52.0,115.0,185.0,EV_110,0.0,1060,0.0,DR393518_16,44.9,32007.94,DR393518,181.09,0.0,46.9,D,SimuProB-5,EV_110
394.954,0.0,75.96,1100.0,0,4.05,1,62.03,4.14,18.0,-32.0,185.0,EV_110,0.025,1070,55.0,DR393518_16,45.0,32007.99,DR393518,181.09,0.0,47.0,D,SimuProB-5,EV_110
382.903,40.0,75.96,2000.0,0,4.03,1,62.02,4.13,32.0,65.0,185.0,EV_110,0.0,1080,0.0,DR393518_16,45.1,32008.08,DR393518,181.09,0.0,47.1,D,SimuProB-5,EV_110
377.906,50.0,75.96,2700.0,0,4.01,1,62.0,4.14,42.0,95.0,185.0,EV_110,0.0,1090,0.0,DR393518_16,45.2,32008.2,DR393518,181.09,0.0,47.2,D,SimuProB-5,EV_110
397.117,0.0,75.96,900.0,0,4.06,1,61.99,4.15,15.0,-38.0,185.0,EV_110,0.028,1100,60.0,DR393518_16,45.3,32008.24,DR393518,181.09,0.0,47.3,D,SimuProB-5,EV_110
380.267,45.0,75.96,2400.0,0,4.02,1,61.98,4.145,38.0,85.0,185.0,EV_110,0.0,1110,0.0,DR393518_16,45.4,32008.35,DR393518,181.09,0.0,47.4,D,SimuProB-5,EV_110
395.71,0.0,75.96,750.0,0,4.08,1,61.98,4.15,12.0,-25.0,185.0,EV_110,0.022,1120,45.0,DR393518_16,45.5,32008.38,DR393518,181.09,0.0,47.5,D,SimuProB-5,EV_110
383.191,48.0,75.96,2550.0,0,4.01,1,61.97,4.14,40.0,92.0,185.0,EV_110,0.0,1130,0.0,DR393518_16,45.6,32008.49,DR393518,181.09,0.0,47.6,D,SimuProB-5,EV_110
375.643,65.0,75.96,3600.0,0,3.99,1,61.96,4.14,55.0,110.0,185.0,EV_110,0.0,1140,0.0,DR393518_16,45.7,32008.64,DR393518,181.09,0.0,47.7,D,SimuProB-5,EV_110
365.536,30.0,75.96,1600.0,0,3.97,1,61.94,4.14,25.0,145.0,185.0,EV_110,0.0,1150,10.0,DR393518_16,45.8,32008.71,DR393518,181.09,0.0,47.8,D,SimuProB-5,EV_110
382.09,0.0,75.96,0.0,0,4.05,1,61.93,4.15,0.0,-28.0,185.0,EV_110,0.025,1160,85.0,DR393518_16,45.8,32008.71,DR393518,181.09,0.0,47.8,D,SimuProB-5,EV_110
392.805,35.0,75.96,1600.0,0,4.03,1,61.92,4.1,25.0,45.0,185.0,EV_110,0.0,1170,0.0,DR393518_16,45.9,32008.78,DR393518,181.09,0.0,47.9,D,SimuProB-5,EV_110
384.779,55.0,75.96,2900.0,0,4.04,1,61.91,4.13,45.0,85.0,185.0,EV_110,0.0,1180,0.0,DR393518_16,46.0,32008.9,DR393518,181.09,0.0,48.0,D,SimuProB-5,EV_110
398.583,0.0,75.96,600.0,0,4.09,1,61.91,4.15,10.0,-15.0,185.0,EV_110,0.018,1190,15.0,DR393518_16,46.0,32008.93,DR393518,181.09,0.0,48.0,D,SimuProB-5,EV_110
390.404,40.0,75.96,2200.0,0,4.05,1,61.89,4.12,35.0,60.0,185.0,EV_110,0.0,1200,0.0,DR393518_16,46.1,32009.03,DR393518,181.09,0.0,48.1,D,SimuProB-5,EV_110
384.701,65.0,75.96,3200.0,0,4.06,1,61.86,4.14,50.0,120.0,185.0,EV_110,0.0,1210,0.0,DR393518_16,46.2,32009.17,DR393518,181.09,0.0,48.2,D,SimuProB-5,EV_110
395.478,0.0,75.96,750.0,0,4.1,1,61.86,4.15,12.0,-35.0,185.0,EV_110,0.028,1220,60.0,DR393518_16,46.3,32009.2,DR393518,181.09,0.0,48.2,D,SimuProB-5,EV_110
382.115,75.0,75.96,3900.0,0,4.05,1,61.82,4.14,62.0,145.0,185.0,EV_110,0.0,1230,0.0,DR393518_16,46.4,32009.37,DR393518,181.09,0.0,48.4,D,SimuProB-5,EV_110
378.815,50.0,75.96,3500.0,0,4.06,1,61.82,4.13,55.0,110.0,185.0,EV_110,0.0,1240,0.0,DR393518_16,46.5,32009.53,DR393518,181.09,0.0,48.5,D,SimuProB-5,EV_110
384.788,0.0,75.96,1600.0,0,4.11,1,61.81,4.15,25.0,-25.0,185.0,EV_110,0.022,1250,55.0,DR393518_16,46.5,32009.59,DR393518,181.09,0.0,48.5,D,SimuProB-5,EV_110
381.808,60.0,75.96,3700.0,0,4.06,1,61.8,4.14,58.0,130.0,185.0,EV_110,0.0,1260,0.0,DR393518_16,46.6,32009.75,DR393518,181.09,0.0,48.6,D,SimuProB-5,EV_110
386.585,0.0,75.96,2200.0,0,4.11,1,61.8,4.15,35.0,-15.0,185.0,EV_110,0.015,1270,25.0,DR393518_16,46.7,32009.85,DR393518,181.09,0.0,48.6,D,SimuProB-5,EV_110
391.835,35.0,75.96,1400.0,0,4.08,1,61.78,4.14,22.0,45.0,185.0,EV_110,0.0,0,0.0,DR393518_17,46.7,32009.91,DR393518,181.09,0.0,48.7,D,SimuProB-5,EV_110
389.268,30.0,75.96,1800.0,0,4.07,1,61.76,4.13,28.0,35.0,185.0,EV_110,0.0,10,0.0,DR393518_17,46.8,32009.99,DR393518,181.09,0.0,48.8,D,SimuProB-5,EV_110
393.687,0.0,75.96,750.0,0,4.1,1,61.76,4.14,12.0,-18.0,185.0,EV_110,0.018,20,45.0,DR393518_17,46.9,32010.02,DR393518,181.09,0.0,48.9,D,SimuProB-5,EV_110
387.953,40.0,75.96,2000.0,0,4.06,1,61.75,4.13,32.0,55.0,185.0,EV_110,0.0,30,0.0,DR393518_17,47.0,32010.11,DR393518,181.09,0.0,49.0,D,SimuProB-5,EV_110
388.243,35.0,75.96,2400.0,0,4.07,1,61.74,4.14,38.0,42.0,185.0,EV_110,0.0,40,0.0,DR393518_17,47.1,32010.22,DR393518,181.09,0.0,49.1,D,SimuProB-5,EV_110
391.768,0.0,75.96,1100.0,0,4.11,1,61.73,4.15,18.0,-22.0,185.0,EV_110,0.022,50,55.0,DR393518_17,47.15,32010.27,DR393518,181.09,0.0,49.15,D,SimuProB-5,EV_110
389.464,28.0,75.96,1600.0,0,4.08,1,61.73,4.14,25.0,38.0,185.0,EV_110,0.0,60,0.0,DR393518_17,47.2,32010.33,DR393518,181.09,0.0,49.2,D,SimuProB-5,EV_110
388.449,38.0,75.96,2650.0,0,4.075,1,61.73,4.145,42.0,45.0,185.0,EV_110,0.0,70,0.0,DR393518_17,47.25,32010.45,DR393518,181.09,0.0,49.25,D,SimuProB-5,EV_110
395.762,0.0,75.96,600.0,0,4.115,1,61.72,4.15,10.0,-28.0,185.0,EV_110,0.028,80,65.0,DR393518_17,47.3,32010.47,DR393518,181.09,0.0,49.3,D,SimuProB-5,EV_110
387.41,45.0,75.96,2200.0,0,4.058,1,61.7,4.138,35.0,62.0,185.0,EV_110,0.0,90,0.0,DR393518_17,47.38,32010.57,DR393518,181.09,0.0,49.38,D,SimuProB-5,EV_110
384.157,42.0,75.96,3050.0,0,4.05,1,61.68,4.135,48.0,75.0,185.0,EV_110,0.0,100,0.0,DR393518_17,47.45,32010.7,DR393518,181.09,0.0,49.45,D,SimuProB-5,EV_110
375.924,55.0,75.96,3350.0,0,4.04,1,61.66,4.14,52.0,110.0,185.0,EV_110,0.0,110,0.0,DR393518_17,47.5,32010.85,DR393518,181.09,0.0,49.55,D,SimuProB-5,EV_110
391.833,0.0,75.96,750.0,0,4.12,1,61.65,4.15,12.0,-35.0,185.0,EV_110,0.032,120,45.0,DR393518_17,47.55,32010.88,DR393518,181.09,0.0,49.6,D,SimuProB-5,EV_110
382.345,35.0,75.96,1900.0,0,4.065,1,61.63,4.145,30.0,55.0,185.0,EV_110,0.0,130,0.0,DR393518_17,47.63,32010.96,DR393518,181.09,0.0,49.68,D,SimuProB-5,EV_110
378.029,48.0,75.96,2850.0,0,4.055,1,61.63,4.142,45.0,85.0,185.0,EV_110,0.0,140,0.0,DR393518_17,47.73,32011.09,DR393518,181.09,0.0,49.78,D,SimuProB-5,EV_110
388.558,0.0,75.96,1150.0,0,4.118,1,61.61,4.148,18.0,-15.0,185.0,EV_110,0.015,150,25.0,DR393518_17,47.77,32011.14,DR393518,181.09,0.0,49.82,D,SimuProB-5,EV_110
372.898,65.0,75.96,3600.0,0,4.02,1,61.6,4.14,55.0,125.0,185.0,EV_110,0.0,160,0.0,DR393518_17,47.85,32011.29,DR393518,181.09,0.0,49.95,D,SimuProB-5,EV_110
376.687,0.0,75.96,1400.0,0,4.1,1,61.6,4.15,22.0,-28.0,185.0,EV_110,0.025,170,60.0,DR393518_17,47.9,32011.35,DR393518,181.09,0.0,50.0,D,SimuProB-5,EV_110
385.438,5.0,75.96,500.0,0,4.095,1,61.6,4.145,8.0,12.0,185.0,EV_110,0.0,180,10.0,DR393518_17,47.95,32011.38,DR393518,181.09,0.0,50.08,D,SimuProB-5,EV_110
381.924,35.0,75.96,2050.0,0,4.098,1,61.6,4.146,32.0,45.0,185.0,EV_110,0.0,190,0.0,DR393518_17,48.0,32011.47,DR393518,181.09,0.0,50.15,D,SimuProB-5,EV_110
375.436,55.0,75.96,3050.0,0,4.065,1,61.59,4.148,48.0,95.0,185.0,EV_110,0.0,200,0.0,DR393518_17,48.05,32011.6,DR393518,181.09,0.0,50.25,D,SimuProB-5,EV_110
380.173,0.0,75.96,950.0,0,4.11,1,61.58,4.15,15.0,-35.0,185.0,EV_110,0.03,210,50.0,DR393518_17,48.08,32011.64,DR393518,181.09,0.0,50.28,D,SimuProB-5,EV_110
392.907,25.0,75.96,1750.0,0,4.102,1,61.58,4.148,28.0,18.5,185.0,EV_110,0.0,220,0.0,DR393518_17,48.1,32011.72,DR393518,181.09,0.0,50.3,D,SimuProB-5,EV_110
377.836,60.0,75.96,2850.0,0,4.08,1,61.57,4.15,45.0,85.0,185.0,EV_110,0.0,230,0.0,DR393518_17,48.15,32011.84,DR393518,181.09,0.0,50.35,D,SimuProB-5,EV_110
382.688,0.0,75.96,1150.0,0,4.115,1,61.56,4.149,18.0,-22.0,185.0,EV_110,0.028,240,35.0,DR393518_17,48.18,32011.89,DR393518,181.09,0.0,50.38,D,SimuProB-5,EV_110
372.544,70.0,75.96,3600.0,0,4.05,1,61.54,4.14,55.0,110.0,185.0,EV_110,0.0,250,0.0,DR393518_17,48.25,32012.04,DR393518,181.09,0.0,50.45,D,SimuProB-5,EV_110
388.008,0.0,75.96,1200.0,0,4.12,1,61.52,4.15,20.0,-28.0,185.0,EV_110,0.025,260,60.0,DR393518_17,48.28,32012.1,DR393518,181.09,0.0,50.48,D,SimuProB-5,EV_110
379.216,45.0,75.96,2400.0,0,4.09,1,61.52,4.145,38.0,65.0,185.0,EV_110,0.0,270,0.0,DR393518_17,48.32,32012.2,DR393518,181.09,0.0,50.52,D,SimuProB-5,EV_110
374.091,30.0,75.96,1350.0,0,4.06,1,61.48,4.145,22.0,115.0,185.0,EV_110,0.0,280,0.0,DR393518_17,48.35,32012.26,DR393518,181.09,0.0,50.55,D,SimuProB-5,EV_110
378.9,0.0,75.96,700.0,0,4.1,1,61.47,4.14,12.0,-18.0,185.0,EV_110,0.022,290,25.0,DR393518_17,48.38,32012.29,DR393518,181.09,0.0,50.58,D,SimuProB-5,EV_110
376.058,55.0,75.96,2200.0,0,4.07,1,61.45,4.145,35.0,95.0,185.0,EV_110,0.0,300,0.0,DR393518_17,48.4,32012.39,DR393518,181.09,0.0,50.6,D,SimuProB-5,EV_110
373.281,65.0,75.96,2800.0,0,4.05,1,61.43,4.14,45.0,125.0,185.0,EV_110,0.0,310,0.0,DR393518_17,48.5,32012.51,DR393518,181.09,0.0,50.7,D,SimuProB-5,EV_110
382.941,0.0,75.96,1500.0,0,4.11,1,61.43,4.15,25.0,-35.0,185.0,EV_110,0.028,320,45.0,DR393518_17,48.55,32012.58,DR393518,181.09,0.0,50.75,D,SimuProB-5,EV_110
371.872,70.0,75.96,2500.0,0,4.04,1,61.4,4.145,40.0,140.0,185.0,EV_110,0.0,330,0.0,DR393518_17,48.65,32012.7,DR393518,181.09,0.0,50.85,D,SimuProB-5,EV_110
368.857,60.0,75.96,2650.0,0,4.06,1,61.38,4.14,42.0,110.0,185.0,EV_110,0.0,340,0.0,DR393518_17,48.7,32012.82,DR393518,181.09,0.0,50.9,D,SimuProB-5,EV_110
375.561,0.0,75.96,1100.0,0,4.11,1,61.38,4.145,18.0,-28.0,185.0,EV_110,0.025,350,35.0,DR393518_17,48.75,32012.87,DR393518,181.09,0.0,50.95,D,SimuProB-5,EV_110
371.677,45.0,75.96,1900.0,0,4.07,1,61.35,4.14,30.0,85.0,185.0,EV_110,0.0,360,0.0,DR393518_17,48.8,32012.95,DR393518,181.09,0.0,51.0,D,SimuProB-5,EV_110
381.973,35.0,75.96,1750.0,0,4.08,1,61.33,4.13,28.0,65.0,185.0,EV_110,0.0,370,0.0,DR393518_17,48.82,32013.03,DR393518,181.09,0.0,51.02,D,SimuProB-5,EV_110
378.264,0.0,75.96,750.0,0,4.1,1,61.33,4.14,12.0,-32.0,185.0,EV_110,0.029,380,40.0,DR393518_17,48.85,32013.06,DR393518,181.09,0.0,51.05,D,SimuProB-5,EV_110
380.169,25.0,75.96,1250.0,0,4.09,1,61.32,4.135,20.0,50.0,185.0,EV_110,0.0,390,0.0,DR393518_17,48.88,32013.12,DR393518,181.09,0.0,51.08,D,SimuProB-5,EV_110
379.533,22.0,75.96,1375.0,0,4.092,1,61.31,4.138,22.0,45.0,185.0,EV_110,0.0,400,0.0,DR393518_17,48.9,32013.18,DR393518,181.09,0.0,51.1,D,SimuProB-5,EV_110
376.329,38.0,75.96,2000.0,0,4.085,1,61.29,4.142,32.0,75.0,185.0,EV_110,0.0,410,0.0,DR393518_17,48.92,32013.27,DR393518,181.09,0.0,51.12,D,SimuProB-5,EV_110
384.815,0.0,75.96,950.0,0,4.1,1,61.26,4.14,15.0,-18.0,185.0,EV_110,0.015,420,25.0,DR393518_17,48.93,32013.31,DR393518,181.09,0.0,51.13,D,SimuProB-5,EV_110
372.465,45.0,75.96,2850.0,0,4.082,1,61.24,4.145,45.0,85.0,185.0,EV_110,0.0,430,0.0,DR393518_17,48.96,32013.44,DR393518,181.09,0.0,51.18,D,SimuProB-5,EV_110
385.498,0.0,75.96,1125.0,0,4.105,1,61.23,4.142,18.0,-28.0,185.0,EV_110,0.022,440,55.0,DR393518_17,48.98,32013.49,DR393518,181.09,0.0,51.2,D,SimuProB-5,EV_110
379.088,30.0,75.96,1750.0,0,4.095,1,61.22,4.139,28.0,35.0,185.0,EV_110,0.0,450,0.0,DR393518_17,49.0,32013.56,DR393518,181.09,0.0,51.22,D,SimuProB-5,EV_110
373.234,42.0,75.96,3300.0,0,4.08,1,61.19,4.144,52.0,82.0,185.0,EV_110,0.0,460,0.0,DR393518_17,49.05,32013.7,DR393518,181.09,0.0,51.3,D,SimuProB-5,EV_110
368.556,65.0,75.96,3700.0,0,4.075,1,61.17,4.148,58.0,120.0,185.0,EV_110,0.0,470,0.0,DR393518_17,49.15,32013.87,DR393518,181.09,0.0,51.45,D,SimuProB-5,EV_110
380.414,0.0,75.96,750.0,0,4.11,1,61.17,4.145,12.0,-35.0,185.0,EV_110,0.028,480,75.0,DR393518_17,49.25,32013.9,DR393518,181.09,0.0,51.55,D,SimuProB-5,EV_110
375.06,25.0,75.96,1560.0,0,4.098,1,61.16,4.132,25.0,45.0,185.0,EV_110,0.0,490,0.0,DR393518_17,49.3,32013.97,DR393518,181.09,0.0,51.6,D,SimuProB-5,EV_110
372.701,35.0,75.96,2375.0,0,4.092,1,61.14,4.135,38.0,65.0,185.0,EV_110,0.0,500,0.0,DR393518_17,49.45,32014.08,DR393518,181.09,0.0,51.75,D,SimuProB-5,EV_110
378.653,0.0,75.96,937.0,0,4.108,1,61.14,4.138,15.0,-22.0,185.0,EV_110,0.018,510,45.0,DR393518_17,49.5,32014.12,DR393518,181.09,0.0,51.8,D,SimuProB-5,EV_110
375.356,45.0,75.96,2625.0,0,4.09,1,61.12,4.136,42.0,85.0,185.0,EV_110,0.0,520,0.0,DR393518_17,49.55,32014.24,DR393518,181.09,0.0,51.85,D,SimuProB-5,EV_110
367.072,70.0,75.96,3437.0,0,4.082,1,61.1,4.142,55.0,145.0,185.0,EV_110,0.0,530,0.0,DR393518_17,49.68,32014.39,DR393518,181.09,0.0,51.98,D,SimuProB-5,EV_110
371.949,0.0,75.96,1375.0,0,4.105,1,61.1,4.14,22.0,-28.0,185.0,EV_110,0.022,540,55.0,DR393518_17,49.75,32014.45,DR393518,181.09,0.0,52.05,D,SimuProB-5,EV_110
377.143,25.0,75.96,1750.0,0,4.098,1,61.09,4.138,28.0,45.0,185.0,EV_110,0.0,550,0.0,DR393518_17,49.82,32014.53,DR393518,181.09,0.0,52.12,D,SimuProB-5,EV_110
380.612,18.0,75.96,2187.0,0,4.102,1,61.08,4.135,35.0,30.0,185.0,EV_110,0.0,560,0.0,DR393518_17,49.85,32014.62,DR393518,181.09,0.0,52.15,D,SimuProB-5,EV_110
374.486,55.0,75.96,3000.0,0,4.085,1,61.04,4.14,48.0,95.0,185.0,EV_110,0.0,570,0.0,DR393518_17,49.98,32014.76,DR393518,181.09,0.0,52.28,D,SimuProB-5,EV_110
369.436,60.0,75.96,3250.0,0,4.088,1,60.98,4.138,52.0,110.0,185.0,EV_110,0.0,580,0.0,DR393518_17,50.05,32014.9,DR393518,181.09,0.0,52.35,D,SimuProB-5,EV_110
382.221,0.0,75.96,750.0,0,4.108,1,60.97,4.145,12.0,-35.0,185.0,EV_110,0.028,590,65.0,DR393518_17,50.08,32014.94,DR393518,181.09,0.0,52.38,D,SimuProB-5,EV_110
375.548,30.0,75.96,1560.0,0,4.095,1,60.94,4.14,25.0,55.0,185.0,EV_110,0.0,600,0.0,DR393518_17,50.12,32015.01,DR393518,181.09,0.0,52.42,D,SimuProB-5,EV_110
372.204,45.0,75.96,2625.0,0,4.09,1,60.91,4.142,42.0,85.0,185.0,EV_110,0.0,610,0.0,DR393518_17,50.2,32015.13,DR393518,181.09,0.0,52.5,D,SimuProB-5,EV_110
379.174,25.0,75.96,1750.0,0,4.095,1,60.91,4.138,28.0,45.0,185.0,EV_110,0.0,620,0.0,DR393518_17,50.25,32015.2,DR393518,181.09,0.0,52.55,D,SimuProB-5,EV_110
368.883,65.0,75.96,3437.0,0,4.088,1,60.88,4.145,55.0,105.0,185.0,EV_110,0.0,630,0.0,DR393518_17,50.38,32015.36,DR393518,181.09,0.0,52.68,D,SimuProB-5,EV_110
385.651,0.0,75.96,1875.0,0,4.095,1,60.85,4.15,30.0,-42.0,185.0,EV_110,0.025,640,55.0,DR393518_17,50.42,32015.44,DR393518,181.09,0.0,52.72,D,SimuProB-5,EV_110
391.129,15.0,75.96,937.0,0,4.105,1,60.85,4.14,15.0,12.0,185.0,EV_110,0.0,650,5.0,DR393518_17,50.46,32015.49,DR393518,181.09,0.0,52.76,D,SimuProB-5,EV_110
375.222,40.0,75.96,2500.0,0,4.085,1,60.82,4.145,40.0,75.0,185.0,EV_110,0.0,660,0.0,DR393518_17,50.55,32015.6,DR393518,181.09,0.0,52.85,D,SimuProB-5,EV_110
372.987,55.0,75.96,3125.0,0,4.082,1,60.81,4.148,50.0,95.0,185.0,EV_110,0.0,670,0.0,DR393518_17,50.62,32015.74,DR393518,181.09,0.0,52.92,D,SimuProB-5,EV_110
365.479,70.0,75.96,3625.0,0,4.075,1,60.77,4.15,58.0,140.0,185.0,EV_110,0.0,680,0.0,DR393518_17,50.75,32015.9,DR393518,181.09,0.0,53.05,D,SimuProB-5,EV_110
388.439,0.0,75.96,1562.0,0,4.09,1,60.77,4.145,25.0,-35.0,185.0,EV_110,0.02,690,45.0,DR393518_17,50.8,32015.97,DR393518,181.09,0.0,53.1,D,SimuProB-5,EV_110
378.784,45.0,75.96,2812.0,0,4.08,1,60.75,4.14,45.0,85.0,185.0,EV_110,0.0,700,0.0,DR393518_17,50.9,32016.1,DR393518,181.09,0.0,53.2,D,SimuProB-5,EV_110
361.831,65.0,75.96,3437.0,0,4.07,1,60.71,4.148,55.0,150.0,185.0,EV_110,0.0,710,0.0,DR393518_17,51.0,32016.25,DR393518,181.09,0.0,53.3,D,SimuProB-5,EV_110
385.224,0.0,75.96,1875.0,0,4.09,1,60.71,4.145,30.0,-25.0,185.0,EV_110,0.02,720,50.0,DR393518_17,51.05,32016.33,DR393518,181.09,0.0,53.35,D,SimuProB-5,EV_110
372.468,55.0,75.96,3000.0,0,4.082,1,60.69,4.142,48.0,110.0,185.0,EV_110,0.0,730,0.0,DR393518_17,51.1,32016.46,DR393518,181.09,0.0,53.4,D,SimuProB-5,EV_110
369.192,60.0,75.96,3250.0,0,4.078,1,60.67,4.146,52.0,135.0,185.0,EV_110,0.0,740,0.0,DR393518_17,51.2,32016.61,DR393518,181.09,0.0,53.5,D,SimuProB-5,EV_110
390.846,0.0,75.96,1250.0,0,4.092,1,60.66,4.148,20.0,-30.0,185.0,EV_110,0.02,750,60.0,DR393518_17,51.25,32016.66,DR393518,181.09,0.0,53.55,D,SimuProB-5,EV_110
378.032,25.0,75.96,1750.0,0,4.085,1,60.66,4.145,28.0,45.0,185.0,EV_110,0.0,760,0.0,DR393518_17,51.3,32016.74,DR393518,181.09,0.0,53.6,D,SimuProB-5,EV_110
362.437,50.0,75.96,2800.0,0,4.08,1,60.64,4.147,45.0,120.0,185.0,EV_110,0.0,770,0.0,DR393518_17,51.35,32016.86,DR393518,181.09,0.0,53.65,D,SimuProB-5,EV_110
388.714,0.0,75.96,750.0,0,4.095,1,60.64,4.149,12.0,-35.0,185.0,EV_110,0.03,780,70.0,DR393518_17,51.4,32016.9,DR393518,181.09,0.0,53.7,D,SimuProB-5,EV_110
358.279,55.0,75.96,2375.0,0,4.075,1,60.62,4.148,38.0,145.0,185.0,EV_110,0.0,790,0.0,DR393518_17,51.45,32017.01,DR393518,181.09,0.0,53.75,D,SimuProB-5,EV_110
391.961,0.0,75.96,312.0,0,4.1,1,60.61,4.15,5.0,-38.0,185.0,EV_110,0.025,800,85.0,DR393518_17,51.5,32017.02,DR393518,181.09,0.0,53.8,D,SimuProB-5,EV_110
370.554,35.0,75.96,1375.0,0,4.088,1,60.59,4.147,22.0,85.0,185.0,EV_110,0.0,810,0.0,DR393518_17,51.55,32017.08,DR393518,181.09,0.0,53.85,D,SimuProB-5,EV_110
364.151,42.0,75.96,1750.0,0,4.085,1,60.56,4.148,28.0,95.0,185.0,EV_110,0.0,820,0.0,DR393518_17,51.6,32017.16,DR393518,181.09,0.0,53.9,D,SimuProB-5,EV_110
355.369,58.0,75.96,2625.0,0,4.078,1,60.55,4.149,42.0,135.0,185.0,EV_110,0.0,830,0.0,DR393518_17,51.65,32017.27,DR393518,181.09,0.0,53.95,D,SimuProB-5,EV_110
382.886,0.0,75.96,625.0,0,4.098,1,60.53,4.15,10.0,-28.0,185.0,EV_110,0.028,840,60.0,DR393518_17,51.7,32017.3,DR393518,181.09,0.0,54.0,D,SimuProB-5,EV_110
394.966,15.0,75.96,900.0,0,4.102,1,60.51,4.15,18.0,25.0,185.0,EV_110,0.0,850,0.0,DR393518_17,51.75,32017.35,DR393518,181.09,0.0,54.05,D,SimuProB-5,EV_110
385.729,30.0,75.96,2000.0,0,4.095,1,60.51,4.148,32.0,55.0,185.0,EV_110,0.0,860,0.0,DR393518_17,51.8,32017.44,DR393518,181.09,0.0,54.1,D,SimuProB-5,EV_110
394.271,0.0,75.96,400.0,0,4.1,1,60.48,4.15,8.0,-18.0,185.0,EV_110,0.018,870,45.0,DR393518_17,51.85,32017.46,DR393518,181.09,0.0,54.15,D,SimuProB-5,EV_110
380.568,65.0,75.96,2800.0,0,4.085,1,60.46,4.145,45.0,95.0,185.0,EV_110,0.0,880,0.0,DR393518_17,51.9,32017.58,DR393518,181.09,0.0,54.25,D,SimuProB-5,EV_110
368.601,75.0,75.96,3250.0,0,4.075,1,60.43,4.15,52.0,145.0,185.0,EV_110,0.0,890,0.0,DR393518_17,52.0,32017.73,DR393518,181.09,0.0,54.35,D,SimuProB-5,EV_110
375.558,0.0,75.96,2100.0,0,4.095,1,60.39,4.15,35.0,-25.0,185.0,EV_110,0.025,900,55.0,DR393518_17,52.05,32017.83,DR393518,181.09,0.0,54.4,D,SimuProB-5,EV_110
392.578,35.0,75.96,2650.0,0,4.09,1,60.36,4.14,42.0,45.0,185.0,EV_110,0.0,910,0.0,DR393518_17,52.1,32017.95,DR393518,181.09,0.0,54.45,D,SimuProB-5,EV_110
388.285,0.0,75.96,1250.0,0,4.11,1,60.32,4.15,20.0,-32.0,185.0,EV_110,0.032,920,60.0,DR393518_17,52.15,32018.0,DR393518,181.09,0.0,54.5,D,SimuProB-5,EV_110
378.53,70.0,75.96,3100.0,0,4.08,1,60.27,4.145,50.0,85.0,185.0,EV_110,0.0,930,0.0,DR393518_17,52.2,32018.14,DR393518,181.09,0.0,54.6,D,SimuProB-5,EV_110
370.308,60.0,75.96,2800.0,0,4.07,1,60.21,4.15,45.0,110.0,185.0,EV_110,0.0,940,0.0,DR393518_17,52.3,32018.26,DR393518,181.09,0.0,54.7,D,SimuProB-5,EV_110
385.6,0.0,75.96,1150.0,0,4.115,1,60.18,4.15,18.0,-35.0,185.0,EV_110,0.035,950,65.0,DR393518_17,52.35,32018.31,DR393518,181.09,0.0,54.75,D,SimuProB-5,EV_110
366.047,50.0,75.96,2400.0,0,4.065,1,60.14,4.145,38.0,95.0,185.0,EV_110,0.0,960,0.0,DR393518_17,52.45,32018.42,DR393518,181.09,0.0,54.85,D,SimuProB-5,EV_110
382.567,35.0,75.96,1800.0,0,4.1,1,60.1,4.14,30.0,45.0,185.0,EV_110,0.0,970,0.0,DR393518_17,52.5,32018.5,DR393518,181.09,0.0,54.9,D,SimuProB-5,EV_110
375.172,55.0,75.96,2600.0,0,4.09,1,60.09,4.145,42.0,75.0,185.0,EV_110,0.0,980,0.0,DR393518_17,52.6,32018.62,DR393518,181.09,0.0,55.0,D,SimuProB-5,EV_110
379.843,0.0,75.96,900.0,0,4.12,1,60.07,4.15,15.0,-28.0,185.0,EV_110,0.028,990,45.0,DR393518_17,52.65,32018.66,DR393518,181.09,0.0,55.05,D,SimuProB-5,EV_110
392.115,25.0,75.96,1550.0,0,4.09,1,60.05,4.13,25.0,12.5,185.0,EV_110,0.0,1000,0.0,DR393518_17,52.7,32018.73,DR393518,181.09,0.0,55.1,D,SimuProB-5,EV_110
378.271,60.0,75.96,2800.0,0,4.08,1,60.04,4.14,45.0,65.0,185.0,EV_110,0.0,1010,0.0,DR393518_17,52.8,32018.85,DR393518,181.09,0.0,55.2,D,SimuProB-5,EV_110
388.268,0.0,75.96,750.0,0,4.11,1,60.03,4.15,12.0,-32.0,185.0,EV_110,0.032,1020,55.0,DR393518_17,52.9,32018.89,DR393518,181.09,0.0,55.3,D,SimuProB-5,EV_110
382.544,40.0,75.96,2400.0,0,4.09,1,60.01,4.14,38.0,45.0,185.0,EV_110,0.0,1030,0.0,DR393518_17,53.0,32019.0,DR393518,181.09,0.0,55.4,D,SimuProB-5,EV_110
376.236,75.0,75.96,3500.0,0,4.08,1,59.98,4.15,52.0,85.0,185.0,EV_110,0.0,1040,0.0,DR393518_17,53.1,32019.14,DR393518,181.09,0.0,55.5,D,SimuProB-5,EV_110
390.723,0.0,75.96,600.0,0,4.1,1,59.96,4.15,10.0,-38.0,185.0,EV_110,0.038,1050,65.0,DR393518_17,53.2,32019.17,DR393518,181.09,0.0,55.6,D,SimuProB-5,EV_110
371.888,80.0,75.96,3600.0,0,4.07,1,59.92,4.14,55.0,95.0,185.0,EV_110,0.0,1060,0.0,DR393518_17,53.3,32019.32,DR393518,181.09,0.0,55.7,D,SimuProB-5,EV_110
392.408,0.0,75.96,1100.0,0,4.11,1,59.9,4.15,18.0,-40.0,185.0,EV_110,0.04,1070,45.0,DR393518_17,53.4,32019.37,DR393518,181.09,0.0,55.8,D,SimuProB-5,EV_110
375.464,45.0,75.96,2100.0,0,4.09,1,59.9,4.14,32.0,55.0,185.0,EV_110,0.0,1080,0.0,DR393518_17,53.5,32019.46,DR393518,181.09,0.0,55.9,D,SimuProB-5,EV_110
372.551,35.0,75.96,2400.0,0,4.08,1,59.88,4.14,38.0,45.0,185.0,EV_110,0.0,1090,0.0,DR393518_17,53.6,32019.57,DR393518,181.09,0.0,56.0,D,SimuProB-5,EV_110
388.037,0.0,75.96,800.0,0,4.12,1,59.88,4.15,12.0,-25.0,185.0,EV_110,0.025,1100,55.0,DR393518_17,53.7,32019.6,DR393518,181.09,0.0,56.1,D,SimuProB-5,EV_110
374.419,50.0,75.96,2700.0,0,4.07,1,59.88,4.14,42.0,60.0,185.0,EV_110,0.0,1110,0.0,DR393518_17,53.8,32019.72,DR393518,181.09,0.0,56.2,D,SimuProB-5,EV_110
368.115,60.0,75.96,3500.0,0,4.08,1,59.85,4.14,52.0,85.0,185.0,EV_110,0.0,1120,0.0,DR393518_17,53.9,32019.86,DR393518,181.09,0.0,56.3,D,SimuProB-5,EV_110
381.804,0.0,75.96,1600.0,0,4.13,1,59.85,4.15,25.0,-35.0,185.0,EV_110,0.03,1130,45.0,DR393518_17,53.95,32019.93,DR393518,181.09,0.0,56.35,D,SimuProB-5,EV_110
371.003,30.0,75.96,2000.0,0,4.1,1,59.83,4.14,30.0,40.0,185.0,EV_110,0.0,1140,0.0,DR393518_17,54.0,32020.02,DR393518,181.09,0.0,56.4,D,SimuProB-5,EV_110
376.633,40.0,75.96,2400.0,0,4.105,1,59.8,4.145,38.0,55.0,185.0,EV_110,0.0,1150,0.0,DR393518_17,54.1,32020.13,DR393518,181.09,0.0,56.5,D,SimuProB-5,EV_110
372.009,55.0,75.96,2900.0,0,4.09,1,59.8,4.148,45.0,75.0,185.0,EV_110,0.0,1160,0.0,DR393518_17,54.2,32020.25,DR393518,181.09,0.0,56.6,D,SimuProB-5,EV_110
379.755,0.0,75.96,1400.0,0,4.135,1,59.8,4.15,22.0,-18.0,185.0,EV_110,0.015,1170,35.0,DR393518_17,54.25,32020.31,DR393518,181.09,0.0,56.65,D,SimuProB-5,EV_110
375.336,45.0,75.96,2700.0,0,4.095,1,59.77,4.142,42.0,65.0,185.0,EV_110,0.0,1180,0.0,DR393518_17,54.3,32020.43,DR393518,181.09,0.0,56.7,D,SimuProB-5,EV_110
367.852,65.0,75.96,3300.0,0,4.08,1,59.73,4.145,50.0,110.0,185.0,EV_110,0.0,1190,0.0,DR393518_17,54.45,32020.57,DR393518,181.09,0.0,56.85,D,SimuProB-5,EV_110
374.216,0.0,75.96,1200.0,0,4.125,1,59.71,4.148,18.0,-25.0,185.0,EV_110,0.025,1200,55.0,DR393518_17,54.5,32020.62,DR393518,181.09,0.0,56.9,D,SimuProB-5,EV_110
362.177,75.0,75.96,4100.0,0,4.075,1,59.69,4.145,62.0,145.0,185.0,EV_110,0.0,1210,0.0,DR393518_17,54.6,32020.79,DR393518,181.09,0.0,57.05,D,SimuProB-5,EV_110
378.131,0.0,75.96,1650.0,0,4.13,1,59.67,4.15,25.0,-35.0,185.0,EV_110,0.028,1220,65.0,DR393518_17,54.65,32020.86,DR393518,181.09,0.0,57.1,D,SimuProB-5,EV_110
369.543,50.0,75.96,3150.0,0,4.09,1,59.63,4.14,48.0,85.0,185.0,EV_110,0.0,1230,0.0,DR393518_17,54.75,32021.0,DR393518,181.09,0.0,57.2,D,SimuProB-5,EV_110
366.497,35.0,75.96,2500.0,0,4.085,1,59.59,4.142,38.0,65.0,185.0,EV_110,0.0,1240,0.0,DR393518_17,54.85,32021.11,DR393518,181.09,0.0,57.35,D,SimuProB-5,EV_110
358.766,60.0,75.96,3650.0,0,4.07,1,59.59,4.148,55.0,135.0,185.0,EV_110,0.0,1250,0.0,DR393518_17,54.95,32021.26,DR393518,181.09,0.0,57.45,D,SimuProB-5,EV_110
372.78,0.0,75.96,950.0,0,4.12,1,59.57,4.15,15.0,-30.0,185.0,EV_110,0.022,1260,45.0,DR393518_17,55.0,32021.3,DR393518,181.09,0.0,57.5,D,SimuProB-5,EV_110
370.18,30.0,75.96,2100.0,0,4.095,1,59.53,4.145,32.0,45.0,185.0,EV_110,0.0,1270,0.0,DR393518_17,55.05,32021.39,DR393518,181.09,0.0,57.55,D,SimuProB-5,EV_110
375.521,0.0,75.96,1200.0,0,4.125,1,59.53,4.148,18.0,-25.0,185.0,EV_110,0.018,0,55.0,DR393518_18,55.1,32021.44,DR393518,181.09,0.0,57.6,D,SimuProB-5,EV_110
367.826,45.0,75.96,2800.0,0,4.08,1,59.51,4.14,42.0,70.0,185.0,EV_110,0.0,10,0.0,DR393518_18,55.2,32021.56,DR393518,181.09,0.0,57.7,D,SimuProB-5,EV_110
378.387,15.0,75.96,1650.0,0,4.085,1,59.5,4.142,25.0,12.5,185.0,EV_110,0.0,20,0.0,DR393518_18,55.35,32021.63,DR393518,181.09,0.0,57.85,D,SimuProB-5,EV_110
365.124,55.0,75.96,3200.0,0,4.075,1,59.45,4.145,48.0,85.0,185.0,EV_110,0.0,30,0.0,DR393518_18,55.5,32021.76,DR393518,181.09,0.0,58.0,D,SimuProB-5,EV_110
374.567,0.0,75.96,2000.0,0,4.122,1,59.45,4.148,30.0,-28.0,185.0,EV_110,0.025,40,40.0,DR393518_18,55.6,32021.85,DR393518,181.09,0.0,58.1,D,SimuProB-5,EV_110
370.68,40.0,75.96,3000.0,0,4.082,1,59.43,4.144,45.0,65.0,185.0,EV_110,0.0,50,0.0,DR393518_18,55.7,32021.97,DR393518,181.09,0.0,58.2,D,SimuProB-5,EV_110
361.611,55.0,75.96,3600.0,0,4.078,1,59.41,4.146,52.0,95.0,185.0,EV_110,0.0,60,0.0,DR393518_18,55.85,32022.12,DR393518,181.09,0.0,58.35,D,SimuProB-5,EV_110
376.095,0.0,75.96,1500.0,0,4.12,1,59.4,4.149,22.0,-32.0,185.0,EV_110,0.028,70,65.0,DR393518_18,55.9,32022.18,DR393518,181.09,0.0,58.4,D,SimuProB-5,EV_110
358.09,60.0,75.96,3800.0,0,4.072,1,59.36,4.142,55.0,110.0,185.0,EV_110,0.0,80,0.0,DR393518_18,56.0,32022.33,DR393518,181.09,0.0,58.5,D,SimuProB-5,EV_110
395.823,0.0,75.96,1000.0,0,4.125,1,59.36,4.15,15.0,-35.0,185.0,EV_110,0.03,90,75.0,DR393518_18,56.1,32022.37,DR393518,181.09,0.0,58.6,D,SimuProB-5,EV_110
364.84,45.0,75.96,2400.0,0,4.076,1,59.36,4.143,35.0,70.0,185.0,EV_110,0.0,100,0.0,DR393518_18,56.2,32022.47,DR393518,181.09,0.0,58.7,D,SimuProB-5,EV_110
382.51,0.0,75.96,150.0,0,4.13,1,59.36,4.145,5.0,-12.0,185.0,EV_110,0.002,110,45.0,DR393518_18,56.25,32022.48,DR393518,181.09,0.0,58.75,D,SimuProB-5,EV_110
362.997,50.0,75.96,2600.0,0,4.075,1,59.35,4.144,38.0,85.0,185.0,EV_110,0.0,120,0.0,DR393518_18,56.35,32022.59,DR393518,181.09,0.0,58.85,D,SimuProB-5,EV_110
355.525,65.0,75.96,3100.0,0,4.07,1,59.33,4.148,45.0,115.0,185.0,EV_110,0.0,130,0.0,DR393518_18,56.45,32022.71,DR393518,181.09,0.0,58.95,D,SimuProB-5,EV_110
390.368,0.0,75.96,350.0,0,4.125,1,59.32,4.148,10.0,-25.0,185.0,EV_110,0.025,140,60.0,DR393518_18,56.46,32022.74,DR393518,181.09,0.0,58.96,D,SimuProB-5,EV_110
378.773,40.0,75.96,2200.0,0,4.085,1,59.29,4.145,32.0,65.0,185.0,EV_110,0.0,150,0.0,DR393518_18,56.58,32022.83,DR393518,181.09,0.0,59.08,D,SimuProB-5,EV_110
385.598,25.0,75.96,1300.0,0,4.135,1,59.29,4.146,20.0,12.0,185.0,EV_110,0.0,160,0.0,DR393518_18,56.62,32022.88,DR393518,181.09,0.0,59.12,D,SimuProB-5,EV_110
372.356,35.0,75.96,1850.0,0,4.095,1,59.27,4.142,28.0,45.0,185.0,EV_110,0.0,170,0.0,DR393518_18,56.65,32022.96,DR393518,181.09,0.0,59.15,D,SimuProB-5,EV_110
364.838,60.0,75.96,2800.0,0,4.088,1,59.26,4.146,42.0,95.0,185.0,EV_110,0.0,180,0.0,DR393518_18,56.78,32023.07,DR393518,181.09,0.0,59.28,D,SimuProB-5,EV_110
357.962,75.0,75.96,3800.0,0,4.082,1,59.23,4.15,55.0,130.0,185.0,EV_110,0.0,190,0.0,DR393518_18,56.92,32023.23,DR393518,181.09,0.0,59.42,D,SimuProB-5,EV_110
368.656,55.0,75.96,3200.0,0,4.09,1,59.21,4.148,48.0,85.0,185.0,EV_110,0.0,200,0.0,DR393518_18,57.05,32023.36,DR393518,181.09,0.0,59.55,D,SimuProB-5,EV_110
392.233,0.0,75.96,1500.0,0,4.105,1,59.2,4.15,22.0,-25.0,185.0,EV_110,0.012,210,65.0,DR393518_18,57.12,32023.42,DR393518,181.09,0.0,59.62,D,SimuProB-5,EV_110
375.336,30.0,75.96,2000.0,0,4.095,1,59.19,4.145,30.0,42.0,185.0,EV_110,0.0,220,0.0,DR393518_18,57.18,32023.51,DR393518,181.09,0.0,59.68,D,SimuProB-5,EV_110
366.22,35.0,75.96,2350.0,0,4.091,1,59.18,4.147,35.0,55.0,185.0,EV_110,0.0,230,0.0,DR393518_18,57.23,32023.61,DR393518,181.09,0.0,59.73,D,SimuProB-5,EV_110
358.007,50.0,75.96,3100.0,0,4.085,1,59.14,4.15,45.0,110.0,185.0,EV_110,0.0,240,0.0,DR393518_18,57.31,32023.73,DR393518,181.09,0.0,59.81,D,SimuProB-5,EV_110
373.208,0.0,75.96,1200.0,0,4.102,1,59.14,4.15,18.0,-28.0,185.0,EV_110,0.015,250,55.0,DR393518_18,57.35,32023.78,DR393518,181.09,0.0,59.85,D,SimuProB-5,EV_110
362.485,38.0,75.96,2800.0,0,4.088,1,59.11,4.148,40.0,65.0,185.0,EV_110,0.0,260,0.0,DR393518_18,57.38,32023.89,DR393518,181.09,0.0,59.88,D,SimuProB-5,EV_110
351.761,65.0,75.96,3800.0,0,4.078,1,59.09,4.15,55.0,145.0,185.0,EV_110,0.0,270,0.0,DR393518_18,57.45,32024.04,DR393518,181.09,0.0,59.95,D,SimuProB-5,EV_110
368.425,0.0,75.96,800.0,0,4.105,1,59.09,4.145,12.0,-35.0,185.0,EV_110,0.025,280,75.0,DR393518_18,57.48,32024.08,DR393518,181.09,0.0,59.98,D,SimuProB-5,EV_110
356.647,55.0,75.96,3300.0,0,4.082,1,59.06,4.148,48.0,125.0,185.0,EV_110,0.0,290,0.0,DR393518_18,57.52,32024.21,DR393518,181.09,0.0,60.02,D,SimuProB-5,EV_110
348.514,78.0,75.96,4300.0,0,4.075,1,59.02,4.15,62.0,165.0,185.0,EV_110,0.0,300,0.0,DR393518_18,57.65,32024.39,DR393518,181.09,0.0,60.15,D,SimuProB-5,EV_110
365.405,0.0,75.96,1500.0,0,4.108,1,59.02,4.146,22.0,-38.0,185.0,EV_110,0.028,310,65.0,DR393518_18,57.78,32024.45,DR393518,181.09,0.0,60.28,D,SimuProB-5,EV_110
352.416,35.0,75.96,2600.0,0,4.095,1,59.0,4.142,38.0,85.0,185.0,EV_110,0.0,320,0.0,DR393518_18,57.85,32024.56,DR393518,181.09,0.0,60.35,D,SimuProB-5,EV_110
344.631,60.0,75.96,3600.0,0,4.072,1,58.95,4.15,52.0,135.0,185.0,EV_110,0.0,330,0.0,DR393518_18,57.98,32024.7,DR393518,181.09,0.0,60.48,D,SimuProB-5,EV_110
362.344,0.0,75.96,1900.0,0,4.112,1,58.95,4.148,28.0,-28.0,185.0,EV_110,0.022,340,50.0,DR393518_18,58.02,32024.78,DR393518,181.09,0.0,60.52,D,SimuProB-5,EV_110
346.403,45.0,75.96,3100.0,0,4.088,1,58.93,4.148,45.0,110.0,185.0,EV_110,0.0,350,0.0,DR393518_18,58.1,32024.9,DR393518,181.09,0.0,60.56,D,SimuProB-5,EV_110
358.048,0.0,75.96,1000.0,0,4.122,1,58.91,4.15,15.0,-35.0,185.0,EV_110,0.025,360,60.0,DR393518_18,58.15,32024.95,DR393518,181.09,0.0,60.6,D,SimuProB-5,EV_110
342.873,55.0,75.96,2400.0,0,4.078,1,58.87,4.15,35.0,145.0,185.0,EV_110,0.0,370,0.0,DR393518_18,58.28,32025.04,DR393518,181.09,0.0,60.72,D,SimuProB-5,EV_110
363.705,0.0,75.96,350.0,0,4.125,1,58.85,4.15,5.0,-38.0,185.0,EV_110,0.028,380,85.0,DR393518_18,58.32,32025.05,DR393518,181.09,0.0,60.75,D,SimuProB-5,EV_110
352.393,35.0,75.96,1250.0,0,4.085,1,58.83,4.148,18.0,95.0,185.0,EV_110,0.0,390,0.0,DR393518_18,58.45,32025.1,DR393518,181.09,0.0,60.88,D,SimuProB-5,EV_110
368.133,0.0,75.96,0.0,0,4.118,1,58.82,4.15,0.0,-42.0,185.0,EV_110,0.03,400,100.0,DR393518_18,58.5,32025.1,DR393518,181.09,0.0,60.92,D,SimuProB-5,EV_110
372.223,30.0,75.96,1550.0,0,4.095,1,58.8,4.14,22.0,45.0,185.0,EV_110,0.0,410,0.0,DR393518_18,58.52,32025.16,DR393518,181.09,0.0,60.95,D,SimuProB-5,EV_110
355.199,65.0,75.96,2800.0,0,4.08,1,58.79,4.15,42.0,110.0,185.0,EV_110,0.0,420,0.0,DR393518_18,58.55,32025.28,DR393518,181.09,0.0,61.0,D,SimuProB-5,EV_110
360.532,0.0,75.96,800.0,0,4.115,1,58.78,4.145,12.0,-25.0,185.0,EV_110,0.018,430,45.0,DR393518_18,58.58,32025.31,DR393518,181.09,0.0,61.02,D,SimuProB-5,EV_110
358.704,45.0,75.96,1950.0,0,4.088,1,58.75,4.142,28.0,85.0,185.0,EV_110,0.0,440,0.0,DR393518_18,58.62,32025.39,DR393518,181.09,0.0,61.05,D,SimuProB-5,EV_110
351.182,60.0,75.96,2400.0,0,4.075,1,58.73,4.15,35.0,125.0,185.0,EV_110,0.0,450,0.0,DR393518_18,58.65,32025.49,DR393518,181.09,0.0,61.1,D,SimuProB-5,EV_110
365.629,0.0,75.96,1200.0,0,4.112,1,58.71,4.148,18.0,-35.0,185.0,EV_110,0.025,460,55.0,DR393518_18,58.68,32025.53,DR393518,181.09,0.0,61.12,D,SimuProB-5,EV_110
348.629,30.0,75.96,1000.0,0,4.07,1,58.7,4.15,15.0,140.0,185.0,EV_110,0.0,470,15.0,DR393518_18,58.75,32025.57,DR393518,181.09,0.0,61.2,D,SimuProB-5,EV_110
352.693,35.0,75.96,1500.0,0,4.1,1,58.7,4.14,22.0,55.0,185.0,EV_110,0.0,480,0.0,DR393518_18,58.8,32025.63,DR393518,181.09,0.0,61.25,D,SimuProB-5,EV_110
356.156,25.0,75.96,1700.0,0,4.105,1,58.69,4.135,25.0,25.0,185.0,EV_110,0.0,490,0.0,DR393518_18,58.85,32025.7,DR393518,181.09,0.0,61.28,D,SimuProB-5,EV_110
354.071,20.0,75.96,1400.0,0,4.102,1,58.67,4.138,20.0,45.0,185.0,EV_110,0.0,500,10.0,DR393518_18,58.9,32025.76,DR393518,181.09,0.0,61.32,D,SimuProB-5,EV_110
342.497,55.0,75.96,2200.0,0,4.085,1,58.66,4.145,32.0,110.0,185.0,EV_110,0.0,510,0.0,DR393518_18,58.98,32025.84,DR393518,181.09,0.0,61.4,D,SimuProB-5,EV_110
357.821,15.0,75.96,1900.0,0,4.115,1,58.66,4.13,28.0,15.0,185.0,EV_110,0.0,520,0.0,DR393518_18,59.05,32025.92,DR393518,181.09,0.0,61.45,D,SimuProB-5,EV_110
346.277,45.0,75.96,2800.0,0,4.095,1,58.65,4.142,38.0,85.0,185.0,EV_110,0.0,530,0.0,DR393518_18,59.15,32026.03,DR393518,181.09,0.0,61.55,D,SimuProB-5,EV_110
358.321,0.0,75.96,2000.0,0,4.112,1,58.64,4.148,28.0,-25.0,185.0,EV_110,0.008,540,15.0,DR393518_18,59.22,32026.1,DR393518,181.09,0.0,61.62,D,SimuProB-5,EV_110
353.852,25.0,75.96,1600.0,0,4.105,1,58.64,4.138,24.0,40.0,185.0,EV_110,0.0,550,0.0,DR393518_18,59.3,32026.17,DR393518,181.09,0.0,61.7,D,SimuProB-5,EV_110
375.969,28.0,75.96,1700.0,0,4.106,1,58.62,4.14,26.0,42.5,185.0,EV_110,0.0,560,0.0,DR393518_18,59.42,32026.24,DR393518,181.09,0.0,61.82,D,SimuProB-5,EV_110
361.548,52.0,75.96,2600.0,0,4.092,1,58.62,4.147,36.0,95.0,185.0,EV_110,0.0,570,0.0,DR393518_18,59.58,32026.34,DR393518,181.09,0.0,61.96,D,SimuProB-5,EV_110
348.233,75.0,75.96,3600.0,0,4.085,1,58.62,4.15,48.0,145.0,185.0,EV_110,0.0,580,0.0,DR393518_18,59.75,32026.48,DR393518,181.09,0.0,62.12,D,SimuProB-5,EV_110
352.476,45.0,75.96,2800.0,0,4.088,1,58.62,4.142,42.0,110.0,185.0,EV_110,0.0,590,0.0,DR393518_18,59.88,32026.6,DR393518,181.09,0.0,62.28,D,SimuProB-5,EV_110
365.328,15.0,75.96,1900.0,0,4.102,1,58.6,4.135,30.0,35.0,185.0,EV_110,0.002,600,10.0,DR393518_18,59.95,32026.68,DR393518,181.09,0.0,62.35,D,SimuProB-5,EV_110
356.12,40.0,75.96,2400.0,0,4.095,1,58.6,4.145,38.0,85.0,185.0,EV_110,0.0,610,0.0,DR393518_18,60.08,32026.79,DR393518,181.09,0.0,62.48,D,SimuProB-5,EV_110
359.368,32.0,75.96,2150.0,0,4.093,1,58.58,4.143,34.0,72.5,185.0,EV_110,0.0,620,0.0,DR393518_18,60.15,32026.88,DR393518,181.09,0.0,62.58,D,SimuProB-5,EV_110
372.176,8.0,75.96,1400.0,0,4.105,1,58.57,4.138,22.0,28.0,185.0,EV_110,0.015,630,15.0,DR393518_18,60.22,32026.95,DR393518,181.09,0.0,62.65,D,SimuProB-5,EV_110
366.537,25.0,75.96,1750.0,0,4.098,1,58.56,4.14,28.0,48.2,185.0,EV_110,0.0,640,0.0,DR393518_18,60.35,32027.02,DR393518,181.09,0.0,62.75,D,SimuProB-5,EV_110
361.129,30.0,75.96,2050.0,0,4.096,1,58.54,4.142,32.0,65.0,185.0,EV_110,0.0,650,0.0,DR393518_18,60.42,32027.11,DR393518,181.09,0.0,62.85,D,SimuProB-5,EV_110
351.975,55.0,75.96,2850.0,0,4.088,1,58.54,4.148,45.0,110.0,185.0,EV_110,0.0,660,0.0,DR393518_18,60.52,32027.23,DR393518,181.09,0.0,62.98,D,SimuProB-5,EV_110
346.039,68.0,75.96,3600.0,0,4.085,1,58.5,4.15,55.0,145.0,185.0,EV_110,0.0,670,0.0,DR393518_18,60.65,32027.39,DR393518,181.09,0.0,63.12,D,SimuProB-5,EV_110
355.786,40.0,75.96,2650.0,0,4.092,1,58.48,4.145,42.0,85.0,185.0,EV_110,0.0,680,0.0,DR393518_18,60.78,32027.51,DR393518,181.09,0.0,63.25,D,SimuProB-5,EV_110
347.889,0.0,75.96,1600.0,0,4.105,1,58.46,4.135,25.0,-25.0,185.0,EV_110,0.02,690,45.0,DR393518_18,60.85,32027.58,DR393518,181.09,0.0,63.38,D,SimuProB-5,EV_110
366.25,15.0,75.96,750.0,0,4.11,1,58.46,4.14,12.0,35.0,185.0,EV_110,0.0,700,5.0,DR393518_18,60.92,32027.61,DR393518,181.09,0.0,63.5,D,SimuProB-5,EV_110
368.595,25.0,75.96,1150.0,0,4.112,1,58.46,4.142,18.0,12.5,185.0,EV_110,0.0,710,0.0,DR393518_18,61.0,32027.66,DR393518,181.09,0.0,63.58,D,SimuProB-5,EV_110
362.478,45.0,75.96,2050.0,0,4.108,1,58.44,4.148,32.0,65.0,185.0,EV_110,0.0,720,0.0,DR393518_18,61.15,32027.75,DR393518,181.09,0.0,63.72,D,SimuProB-5,EV_110
358.633,0.0,75.96,950.0,0,4.118,1,58.42,4.138,15.0,-28.0,185.0,EV_110,0.025,730,55.0,DR393518_18,61.28,32027.79,DR393518,181.09,0.0,63.85,D,SimuProB-5,EV_110
360.154,35.0,75.96,1850.0,0,4.115,1,58.41,4.145,28.0,45.0,185.0,EV_110,0.0,740,0.0,DR393518_18,61.3,32027.87,DR393518,181.09,0.0,63.9,D,SimuProB-5,EV_110
355.756,60.0,75.96,2800.0,0,4.108,1,58.4,4.148,42.0,85.0,185.0,EV_110,0.0,750,0.0,DR393518_18,61.45,32027.98,DR393518,181.09,0.0,64.05,D,SimuProB-5,EV_110
342.063,0.0,75.96,650.0,0,4.12,1,58.4,4.14,10.0,-35.0,185.0,EV_110,0.028,760,75.0,DR393518_18,61.5,32028.01,DR393518,181.09,0.0,64.1,D,SimuProB-5,EV_110
353.451,50.0,75.96,2450.0,0,4.106,1,58.39,4.146,38.0,72.5,185.0,EV_110,0.0,770,0.0,DR393518_18,61.55,32028.12,DR393518,181.09,0.0,64.18,D,SimuProB-5,EV_110
359.544,5.0,75.96,320.0,0,4.112,1,58.36,4.142,5.0,12.0,185.0,EV_110,0.0,780,10.0,DR393518_18,61.6,32028.13,DR393518,181.09,0.0,64.22,D,SimuProB-5,EV_110
347.941,0.0,75.96,780.0,0,4.124,1,58.36,4.144,12.0,-38.0,185.0,EV_110,0.029,790,65.0,DR393518_18,61.65,32028.16,DR393518,181.09,0.0,64.25,D,SimuProB-5,EV_110
359.946,35.0,75.96,1850.0,0,4.115,1,58.35,4.145,28.0,45.0,185.0,EV_110,0.0,800,0.0,DR393518_18,61.72,32028.24,DR393518,181.09,0.0,64.32,D,SimuProB-5,EV_110
352.244,0.0,75.96,650.0,0,4.128,1,58.34,4.148,10.0,-40.0,185.0,EV_110,0.03,810,60.0,DR393518_18,61.78,32028.27,DR393518,181.09,0.0,64.38,D,SimuProB-5,EV_110
359.338,55.0,75.96,2300.0,0,4.116,1,58.32,4.146,35.0,65.0,185.0,EV_110,0.0,820,0.0,DR393518_18,61.85,32028.36,DR393518,181.09,0.0,64.45,D,SimuProB-5,EV_110
363.943,60.0,75.96,2850.0,0,4.115,1,58.29,4.148,42.0,85.0,185.0,EV_110,0.0,830,0.0,DR393518_18,61.95,32028.48,DR393518,181.09,0.0,64.55,D,SimuProB-5,EV_110
350.344,0.0,75.96,1450.0,0,4.125,1,58.29,4.15,22.0,-40.0,185.0,EV_110,0.032,840,70.0,DR393518_18,62.0,32028.54,DR393518,181.09,0.0,64.6,D,SimuProB-5,EV_110
358.338,45.0,75.96,1950.0,0,4.114,1,58.27,4.146,30.0,55.0,185.0,EV_110,0.0,850,0.0,DR393518_18,62.1,32028.62,DR393518,181.09,0.0,64.68,D,SimuProB-5,EV_110
355.497,65.0,75.96,3200.0,0,4.11,1,58.24,4.148,48.0,95.0,185.0,EV_110,0.0,860,0.0,DR393518_18,62.15,32028.75,DR393518,181.09,0.0,64.72,D,SimuProB-5,EV_110
348.627,0.0,75.96,1650.0,0,4.105,1,58.24,4.145,25.0,-35.0,185.0,EV_110,0.025,870,45.0,DR393518_18,62.18,32028.82,DR393518,181.09,0.0,64.75,D,SimuProB-5,EV_110
352.373,15.0,75.96,800.0,0,4.118,1,58.24,4.142,12.0,12.0,185.0,EV_110,0.0,880,5.0,DR393518_18,62.2,32028.86,DR393518,181.09,0.0,64.78,D,SimuProB-5,EV_110
355.764,25.0,75.96,1200.0,0,4.115,1,58.22,4.144,18.0,42.0,185.0,EV_110,0.0,890,0.0,DR393518_18,62.28,32028.91,DR393518,181.09,0.0,64.85,D,SimuProB-5,EV_110
353.972,35.0,75.96,1850.0,0,4.112,1,58.21,4.146,28.0,65.0,185.0,EV_110,0.0,900,0.0,DR393518_18,62.35,32028.99,DR393518,181.09,0.0,64.92,D,SimuProB-5,EV_110
348.26,0.0,75.96,650.0,0,4.108,1,58.21,4.148,10.0,-38.0,185.0,EV_110,0.028,910,60.0,DR393518_18,62.42,32029.02,DR393518,181.09,0.0,64.98,D,SimuProB-5,EV_110
353.983,30.0,75.96,2100.0,0,4.113,1,58.19,4.147,32.0,45.0,185.0,EV_110,0.0,920,0.0,DR393518_18,62.48,32029.11,DR393518,181.09,0.0,65.0,D,SimuProB-5,EV_110
350.996,45.0,75.96,2800.0,0,4.108,1,58.18,4.149,42.0,75.0,185.0,EV_110,0.0,930,0.0,DR393518_18,62.55,32029.23,DR393518,181.09,0.0,65.0,D,SimuProB-5,EV_110
346.771,65.0,75.96,3800.0,0,4.102,1,58.18,4.15,55.0,110.0,185.0,EV_110,0.0,940,0.0,DR393518_18,62.62,32029.38,DR393518,181.09,0.0,65.0,D,SimuProB-5,EV_110
344.183,75.0,75.96,4200.0,0,4.098,1,58.16,4.148,62.0,135.0,185.0,EV_110,0.0,950,0.0,DR393518_18,62.7,32029.55,DR393518,181.09,0.0,65.0,D,SimuProB-5,EV_110
349.24,0.0,75.96,3100.0,0,4.105,1,58.15,4.145,45.0,-32.0,185.0,EV_110,0.025,960,45.0,DR393518_18,62.75,32029.68,DR393518,181.09,0.0,65.0,D,SimuProB-5,EV_110
352.444,25.0,75.96,1950.0,0,4.11,1,58.15,4.146,30.0,55.0,185.0,EV_110,0.0,970,0.0,DR393518_18,62.8,32029.76,DR393518,181.09,0.0,65.0,D,SimuProB-5,EV_110
348.184,20.0,75.96,1600.0,0,4.105,1,58.14,4.142,25.0,45.0,185.0,EV_110,0.0,980,5.0,DR393518_18,62.85,32029.83,DR393518,181.09,0.0,65.0,D,SimuProB-5,EV_110
341.802,35.0,75.96,800.0,0,4.095,1,58.12,4.148,12.0,120.0,185.0,EV_110,0.0,990,0.0,DR393518_18,62.9,32029.86,DR393518,181.09,0.0,65.0,D,SimuProB-5,EV_110
355.173,0.0,75.96,150.0,0,4.112,1,58.11,4.144,2.0,-25.0,185.0,EV_110,0.02,1000,65.0,DR393518_18,62.95,32029.87,DR393518,181.09,0.0,65.0,D,SimuProB-5,EV_110
365.334,30.0,75.96,1100.0,0,4.108,1,58.09,4.138,15.0,18.5,185.0,EV_110,0.0,1010,0.0,DR393518_18,63.0,32029.91,DR393518,181.09,0.0,65.0,D,SimuProB-5,EV_110
358.511,45.0,75.96,2100.0,0,4.115,1,58.07,4.145,32.0,65.0,185.0,EV_110,0.0,1020,0.0,DR393518_18,63.1,32030.0,DR393518,181.09,0.0,65.0,D,SimuProB-5,EV_110
342.117,75.0,75.96,3400.0,0,4.1,1,58.05,4.15,48.0,140.0,185.0,EV_110,0.0,1030,0.0,DR393518_18,63.25,32030.13,DR393518,181.09,0.0,65.0,D,SimuProB-5,EV_110
352.571,35.0,75.96,1450.0,0,4.105,1,58.04,4.142,22.0,45.0,185.0,EV_110,0.0,1040,0.0,DR393518_18,63.3,32030.19,DR393518,181.09,0.0,65.0,D,SimuProB-5,EV_110
338.661,70.0,75.96,3700.0,0,4.098,1,58.0,4.148,52.0,135.0,185.0,EV_110,0.0,1050,0.0,DR393518_18,63.4,32030.34,DR393518,181.09,0.0,65.0,D,SimuProB-5,EV_110
362.313,0.0,75.96,650.0,0,4.115,1,58.0,4.15,10.0,-35.0,185.0,EV_110,0.025,1060,75.0,DR393518_18,63.5,32030.36,DR393518,181.09,0.0,65.0,D,SimuProB-5,EV_110
332.128,70.0,75.96,3100.0,0,4.085,1,57.99,4.15,45.0,155.0,185.0,EV_110,0.0,1070,0.0,DR393518_18,63.65,32030.49,DR393518,181.09,0.0,65.0,D,SimuProB-5,EV_110
339.177,10.0,75.96,780.0,0,4.11,1,57.98,4.142,12.0,25.0,185.0,EV_110,0.015,1080,15.0,DR393518_18,63.75,32030.52,DR393518,181.09,0.0,65.0,D,SimuProB-5,EV_110
348.498,30.0,75.96,1850.0,0,4.115,1,57.97,4.14,28.0,40.0,185.0,EV_110,0.0,1090,0.0,DR393518_18,63.85,32030.6,DR393518,181.09,0.0,65.0,D,SimuProB-5,EV_110
344.911,35.0,75.96,2100.0,0,4.112,1,57.96,4.138,32.0,45.0,185.0,EV_110,0.0,1100,0.0,DR393518_18,63.9,32030.69,DR393518,181.09,0.0,65.0,D,SimuProB-5,EV_110
370.344,0.0,75.96,950.0,0,4.105,1,57.94,4.145,15.0,-25.0,185.0,EV_110,0.02,1110,45.0,DR393518_18,64.0,32030.73,DR393518,181.09,0.0,65.0,D,SimuProB-5,EV_110
342.639,45.0,75.96,2800.0,0,4.1,1,57.94,4.14,42.0,60.0,185.0,EV_110,0.0,1120,0.0,DR393518_18,64.1,32030.85,DR393518,181.09,0.0,65.0,D,SimuProB-5,EV_110
337.465,55.0,75.96,3100.0,0,4.095,1,57.91,4.142,45.0,120.0,185.0,EV_110,0.0,1130,0.0,DR393518_18,64.25,32030.97,DR393518,181.09,0.0,64.3,D,SimuProB-5,EV_110
346.078,25.0,75.96,1600.0,0,4.115,1,57.91,4.14,25.0,35.0,185.0,EV_110,0.0,1140,5.0,DR393518_18,64.3,32031.04,DR393518,181.09,0.0,64.4,D,SimuProB-5,EV_110
336.04,40.0,75.96,2450.0,0,4.098,1,57.89,4.145,38.0,85.0,185.0,EV_110,0.0,1150,0.0,DR393518_18,64.4,32031.15,DR393518,181.09,0.0,64.55,D,SimuProB-5,EV_110
355.434,30.0,75.96,2600.0,0,4.092,1,57.88,4.138,40.0,12.0,185.0,EV_110,0.0,1160,0.0,DR393518_18,64.45,32031.26,DR393518,181.09,0.0,64.65,D,SimuProB-5,EV_110
378.259,15.0,75.96,650.0,0,4.088,1,57.86,4.135,10.0,25.0,185.0,EV_110,0.015,1170,20.0,DR393518_18,64.55,32031.29,DR393518,181.09,0.0,64.8,D,SimuProB-5,EV_110
361.678,35.0,75.96,1900.0,0,4.085,1,57.86,4.132,30.0,45.0,185.0,EV_110,0.0,1180,0.0,DR393518_18,64.65,32031.37,DR393518,181.09,0.0,64.95,D,SimuProB-5,EV_110
368.911,35.0,75.96,2750.0,0,4.082,1,57.84,4.13,42.0,55.0,185.0,EV_110,0.0,1190,0.0,DR393518_18,64.8,32031.49,DR393518,181.09,0.0,65.0,D,SimuProB-5,EV_110
358.502,55.0,75.96,3400.0,0,4.078,1,57.83,4.142,52.0,82.0,185.0,EV_110,0.0,1200,0.0,DR393518_18,65.0,32031.63,DR393518,181.09,0.0,65.0,D,SimuProB-5,EV_110
342.569,75.0,75.96,3950.0,0,4.065,1,57.79,4.148,60.0,110.0,185.0,EV_110,0.0,1210,0.0,DR393518_18,65.0,32031.8,DR393518,181.09,0.0,65.0,D,SimuProB-5,EV_110
372.277,30.0,75.96,2900.0,0,4.08,1,57.76,4.145,45.0,35.0,185.0,EV_110,0.0,1220,0.0,DR393518_18,64.92,32031.92,DR393518,181.09,0.0,65.0,D,SimuProB-5,EV_110
365.552,25.0,75.96,2200.0,0,4.075,1,57.76,4.138,35.0,50.0,185.0,EV_110,0.0,1230,5.0,DR393518_18,65.0,32032.02,DR393518,181.09,0.0,65.0,D,SimuProB-5,EV_110
371.093,15.0,75.96,1250.0,0,4.085,1,57.75,4.132,20.0,20.0,185.0,EV_110,0.005,1240,10.0,DR393518_18,65.0,32032.08,DR393518,181.09,0.0,65.0,D,SimuProB-5,EV_110
368.391,22.0,75.96,1750.0,0,4.082,1,57.72,4.14,28.0,38.0,185.0,EV_110,0.0,1250,0.0,DR393518_18,65.0,32032.16,DR393518,181.09,0.0,65.0,D,SimuProB-5,EV_110
362.492,45.0,75.96,2625.0,0,4.078,1,57.71,4.145,42.0,65.0,185.0,EV_110,0.0,1260,0.0,DR393518_18,65.0,32032.27,DR393518,181.09,0.0,65.0,D,SimuProB-5,EV_110
355.87,65.0,75.96,3625.0,0,4.068,1,57.71,4.15,55.0,95.0,185.0,EV_110,0.0,1270,0.0,DR393518_18,65.0,32032.43,DR393518,181.09,0.0,65.0,D,SimuProB-5,EV_110
352.02,70.0,75.96,3400.0,0,4.065,1,57.69,4.155,68.0,110.0,185.0,EV_110,0.0,0,0.0,DR393518_19,44.2,32032.62,DR393518,181.09,0.0,45.8,D,SimuProB-5,EV_110
349.065,80.0,75.96,4250.0,0,4.062,1,57.68,4.158,85.0,135.0,185.0,EV_110,0.0,10,0.0,DR393518_19,44.5,32032.85,DR393518,181.09,0.0,46.1,D,SimuProB-5,EV_110
351.462,55.0,75.96,4600.0,0,4.06,1,57.68,4.16,92.0,95.0,185.0,EV_110,0.0,20,0.0,DR393518_19,44.7,32033.11,DR393518,181.09,0.0,46.3,D,SimuProB-5,EV_110
348.65,60.0,75.96,4750.0,0,4.058,1,57.65,4.155,95.0,125.0,185.0,EV_110,0.0,30,0.0,DR393518_19,44.9,32033.37,DR393518,181.09,0.0,46.5,D,SimuProB-5,EV_110
346.513,75.0,75.96,5100.0,0,4.055,1,57.65,4.152,102.0,140.0,185.0,EV_110,0.0,40,0.0,DR393518_19,45.2,32033.66,DR393518,181.09,0.0,46.8,D,SimuProB-5,EV_110
345.208,80.0,75.96,5400.0,0,4.052,1,57.65,4.15,108.0,145.0,185.0,EV_110,0.0,50,0.0,DR393518_19,45.5,32033.96,DR393518,181.09,0.0,47.1,D,SimuProB-5,EV_110
346.926,65.0,75.96,5250.0,0,4.053,1,57.63,4.151,105.0,130.0,185.0,EV_110,0.0,60,0.0,DR393518_19,45.7,32034.25,DR393518,181.09,0.0,47.3,D,SimuProB-5,EV_110
347.992,45.0,75.96,4900.0,0,4.055,1,57.63,4.153,98.0,85.0,185.0,EV_110,0.0,70,0.0,DR393518_19,45.8,32034.52,DR393518,181.09,0.0,47.4,D,SimuProB-5,EV_110
348.017,50.0,75.96,5050.0,0,4.054,1,57.6,4.152,101.0,105.0,185.0,EV_110,0.0,80,0.0,DR393518_19,46.0,32034.8,DR393518,181.09,0.0,47.6,D,SimuProB-5,EV_110
347.457,55.0,75.96,5175.0,0,4.054,1,57.59,4.151,103.5,92.0,185.0,EV_110,0.0,90,0.0,DR393518_19,46.1,32035.09,DR393518,181.09,0.0,47.8,D,SimuProB-5,EV_110
346.616,60.0,75.96,5300.0,0,4.052,1,57.57,4.153,106.0,115.0,185.0,EV_110,0.0,100,0.0,DR393518_19,46.3,32035.38,DR393518,181.09,0.0,48.0,D,SimuProB-5,EV_110
346.398,70.0,75.96,5450.0,0,4.05,1,57.57,4.155,109.0,135.0,185.0,EV_110,0.0,110,0.0,DR393518_19,46.5,32035.68,DR393518,181.09,0.0,48.3,D,SimuProB-5,EV_110
346.277,72.0,75.96,5575.0,0,4.048,1,57.55,4.158,111.5,140.0,185.0,EV_110,0.0,120,0.0,DR393518_19,46.8,32035.99,DR393518,181.09,0.0,48.6,D,SimuProB-5,EV_110
344.787,80.0,75.96,5750.0,0,4.045,1,57.53,4.16,115.0,165.0,185.0,EV_110,0.0,130,0.0,DR393518_19,47.2,32036.31,DR393518,181.09,0.0,49.0,D,SimuProB-5,EV_110
343.084,85.0,75.96,5900.0,0,4.042,1,57.5,4.162,118.0,180.0,185.0,EV_110,0.0,140,0.0,DR393518_19,47.6,32036.64,DR393518,181.09,0.0,49.4,D,SimuProB-5,EV_110
342.594,90.0,75.96,6000.0,0,4.038,1,57.47,4.164,120.0,185.0,185.0,EV_110,0.0,150,0.0,DR393518_19,48.0,32036.97,DR393518,181.09,0.0,49.8,D,SimuProB-5,EV_110
344.117,65.0,75.96,5800.0,0,4.041,1,57.47,4.161,116.0,145.0,185.0,EV_110,0.0,160,0.0,DR393518_19,48.2,32037.3,DR393518,181.09,0.0,50.0,D,SimuProB-5,EV_110
346.086,0.0,75.96,5400.0,0,4.045,1,57.46,4.158,108.0,-45.0,185.0,EV_110,0.05,170,30.0,DR393518_19,48.3,32037.6,DR393518,181.09,0.0,50.0,D,SimuProB-5,EV_110
345.578,55.0,75.96,5500.0,0,4.043,1,57.44,4.159,110.0,120.0,185.0,EV_110,0.0,180,0.0,DR393518_19,48.4,32037.91,DR393518,181.09,0.0,50.1,D,SimuProB-5,EV_110
347.616,35.0,75.96,5100.0,0,4.046,1,57.44,4.161,102.0,85.0,185.0,EV_110,0.0,190,0.0,DR393518_19,48.5,32038.19,DR393518,181.09,0.0,50.2,D,SimuProB-5,EV_110
348.106,30.0,75.96,4900.0,0,4.047,1,57.44,4.162,98.0,70.0,185.0,EV_110,0.0,200,0.0,DR393518_19,48.6,32038.46,DR393518,181.09,0.0,50.3,D,SimuProB-5,EV_110
348.792,32.0,75.96,5025.0,0,4.048,1,57.43,4.163,100.5,82.5,185.0,EV_110,0.0,210,0.0,DR393518_19,48.7,32038.74,DR393518,181.09,0.0,50.4,D,SimuProB-5,EV_110
348.206,40.0,75.96,5200.0,0,4.049,1,57.4,4.165,104.0,95.0,185.0,EV_110,0.0,220,0.0,DR393518_19,48.8,32039.03,DR393518,181.09,0.0,50.5,D,SimuProB-5,EV_110
347.794,35.0,75.96,5100.0,0,4.05,1,57.4,4.164,102.0,88.0,185.0,EV_110,0.0,230,0.0,DR393518_19,48.9,32039.31,DR393518,181.09,0.0,50.6,D,SimuProB-5,EV_110
347.679,38.0,75.96,5250.0,0,4.051,1,57.38,4.166,105.0,92.5,185.0,EV_110,0.0,240,0.0,DR393518_19,49.0,32039.6,DR393518,181.09,0.0,50.7,D,SimuProB-5,EV_110
346.524,55.0,75.96,5600.0,0,4.052,1,57.37,4.167,112.0,105.0,185.0,EV_110,0.0,250,0.0,DR393518_19,49.2,32039.91,DR393518,181.09,0.0,50.9,D,SimuProB-5,EV_110
348.691,18.0,75.96,4750.0,0,4.05,1,57.37,4.165,95.0,45.0,185.0,EV_110,0.0,260,0.0,DR393518_19,49.3,32040.18,DR393518,181.09,0.0,51.0,D,SimuProB-5,EV_110
347.46,45.0,75.96,5400.0,0,4.053,1,57.34,4.168,108.0,102.0,185.0,EV_110,0.0,270,0.0,DR393518_19,49.4,32040.48,DR393518,181.09,0.0,51.1,D,SimuProB-5,EV_110
348.776,0.0,75.96,4900.0,0,4.052,1,57.34,4.167,98.0,-15.0,185.0,EV_110,0.04,280,12.0,DR393518_19,49.5,32040.75,DR393518,181.09,0.0,51.2,D,SimuProB-5,EV_110
347.285,65.0,75.96,5750.0,0,4.054,1,57.33,4.169,115.0,110.0,185.0,EV_110,0.0,290,0.0,DR393518_19,49.6,32041.07,DR393518,181.09,0.0,51.3,D,SimuProB-5,EV_110
346.484,60.0,75.96,5800.0,0,4.055,1,57.3,4.17,116.0,115.0,185.0,EV_110,0.0,300,0.0,DR393518_19,49.7,32041.39,DR393518,181.09,0.0,51.4,D,SimuProB-5,EV_110
348.265,35.0,75.96,5400.0,0,4.054,1,57.3,4.169,108.0,85.0,185.0,EV_110,0.0,310,0.0,DR393518_19,49.8,32041.69,DR393518,181.09,0.0,51.5,D,SimuProB-5,EV_110
346.71,50.0,75.96,5700.0,0,4.056,1,57.3,4.171,114.0,108.0,185.0,EV_110,0.0,320,0.0,DR393518_19,49.9,32042.01,DR393518,181.09,0.0,51.6,D,SimuProB-5,EV_110
344.939,70.0,75.96,5850.0,0,4.057,1,57.28,4.172,117.0,125.0,185.0,EV_110,0.0,330,0.0,DR393518_19,50.0,32042.33,DR393518,181.09,0.0,51.7,D,SimuProB-5,EV_110
346.317,40.0,75.96,5600.0,0,4.056,1,57.26,4.171,112.0,95.0,185.0,EV_110,0.0,340,0.0,DR393518_19,50.1,32042.65,DR393518,181.09,0.0,51.8,D,SimuProB-5,EV_110
345.589,68.0,75.96,5900.0,0,4.058,1,57.26,4.173,118.0,118.0,185.0,EV_110,0.0,350,0.0,DR393518_19,50.2,32042.97,DR393518,181.09,0.0,51.9,D,SimuProB-5,EV_110
343.682,75.0,75.96,5950.0,0,4.059,1,57.25,4.174,119.0,132.0,185.0,EV_110,0.0,360,0.0,DR393518_19,50.4,32043.3,DR393518,181.09,0.0,52.1,D,SimuProB-5,EV_110
345.32,45.0,75.96,5750.0,0,4.058,1,57.23,4.173,115.0,105.0,185.0,EV_110,0.0,370,0.0,DR393518_19,50.5,32043.62,DR393518,181.09,0.0,52.2,D,SimuProB-5,EV_110
346.469,30.0,75.96,5500.0,0,4.057,1,57.22,4.172,110.0,88.0,185.0,EV_110,0.0,380,0.0,DR393518_19,50.6,32043.93,DR393518,181.09,0.0,52.3,D,SimuProB-5,EV_110
345.902,32.0,75.96,5575.0,0,4.056,1,57.2,4.171,111.5,92.5,185.0,EV_110,0.0,390,0.0,DR393518_19,50.65,32044.24,DR393518,181.09,0.0,52.35,D,SimuProB-5,EV_110
344.996,48.0,75.96,5700.0,0,4.057,1,57.19,4.172,114.0,108.2,185.0,EV_110,0.0,400,0.0,DR393518_19,50.72,32044.56,DR393518,181.09,0.0,52.42,D,SimuProB-5,EV_110
346.156,38.0,75.96,5640.0,0,4.058,1,57.18,4.173,112.8,98.0,185.0,EV_110,0.0,410,0.0,DR393518_19,50.78,32044.87,DR393518,181.09,0.0,52.5,D,SimuProB-5,EV_110
345.718,52.0,75.96,5810.0,0,4.059,1,57.17,4.174,116.2,112.5,185.0,EV_110,0.0,420,0.0,DR393518_19,50.86,32045.19,DR393518,181.09,0.0,52.58,D,SimuProB-5,EV_110
343.879,75.0,75.96,5925.0,0,4.062,1,57.15,4.175,118.5,145.0,185.0,EV_110,0.0,430,0.0,DR393518_19,51.05,32045.52,DR393518,181.09,0.0,52.75,D,SimuProB-5,EV_110
346.228,42.0,75.96,5750.0,0,4.058,1,57.12,4.173,115.0,100.0,185.0,EV_110,0.0,440,0.0,DR393518_19,51.12,32045.84,DR393518,181.09,0.0,52.82,D,SimuProB-5,EV_110
344.956,55.0,75.96,5875.0,0,4.063,1,57.09,4.176,117.5,125.4,185.0,EV_110,0.0,450,0.0,DR393518_19,51.25,32046.17,DR393518,181.09,0.0,52.95,D,SimuProB-5,EV_110
345.428,40.0,75.96,5690.0,0,4.061,1,57.09,4.175,113.8,105.2,185.0,EV_110,0.0,460,0.0,DR393518_19,51.35,32046.48,DR393518,181.09,0.0,53.05,D,SimuProB-5,EV_110
345.05,48.0,75.96,5795.0,0,4.06,1,57.08,4.174,115.9,118.6,185.0,EV_110,0.0,470,0.0,DR393518_19,51.48,32046.8,DR393518,181.09,0.0,53.18,D,SimuProB-5,EV_110
343.67,52.0,75.96,5910.0,0,4.062,1,57.06,4.176,118.2,132.5,185.0,EV_110,0.0,480,0.0,DR393518_19,51.58,32047.13,DR393518,181.09,0.0,53.28,D,SimuProB-5,EV_110
346.263,38.0,75.96,5625.0,0,4.06,1,57.04,4.175,112.5,95.0,185.0,EV_110,0.0,490,0.0,DR393518_19,51.65,32047.44,DR393518,181.09,0.0,53.35,D,SimuProB-5,EV_110
344.455,45.0,75.96,5800.0,0,4.059,1,57.03,4.174,116.0,115.0,185.0,EV_110,0.0,500,0.0,DR393518_19,51.72,32047.76,DR393518,181.09,0.0,53.42,D,SimuProB-5,EV_110
344.66,42.0,75.96,5725.0,0,4.06,1,57.02,4.175,114.5,108.5,185.0,EV_110,0.0,510,0.0,DR393518_19,51.78,32048.08,DR393518,181.09,0.0,53.48,D,SimuProB-5,EV_110
343.257,50.0,75.96,5860.0,0,4.061,1,56.99,4.176,117.2,125.8,185.0,EV_110,0.0,520,0.0,DR393518_19,51.85,32048.4,DR393518,181.09,0.0,53.55,D,SimuProB-5,EV_110
345.144,44.0,75.96,5650.0,0,4.06,1,56.99,4.175,113.0,112.3,185.0,EV_110,0.0,530,0.0,DR393518_19,51.92,32048.72,DR393518,181.09,0.0,53.62,D,SimuProB-5,EV_110
344.039,46.0,75.96,5775.0,0,4.061,1,56.98,4.176,115.5,118.5,185.0,EV_110,0.0,540,0.0,DR393518_19,52.0,32049.04,DR393518,181.09,0.0,53.69,D,SimuProB-5,EV_110
342.384,52.0,75.96,5900.0,0,4.062,1,56.96,4.178,118.0,135.2,185.0,EV_110,0.0,550,0.0,DR393518_19,52.1,32049.37,DR393518,181.09,0.0,53.78,D,SimuProB-5,EV_110
344.79,40.0,75.96,5600.0,0,4.06,1,56.96,4.176,112.0,105.4,185.0,EV_110,0.0,560,0.0,DR393518_19,52.18,32049.68,DR393518,181.09,0.0,53.85,D,SimuProB-5,EV_110
342.379,55.0,75.96,5975.0,0,4.062,1,56.93,4.178,119.5,138.4,185.0,EV_110,0.0,570,0.0,DR393518_19,52.26,32050.01,DR393518,181.09,0.0,53.93,D,SimuProB-5,EV_110
344.762,38.0,75.96,5550.0,0,4.061,1,56.93,4.177,111.0,102.1,185.0,EV_110,0.0,580,0.0,DR393518_19,52.34,32050.32,DR393518,181.09,0.0,54.01,D,SimuProB-5,EV_110
343.742,51.0,75.96,5840.0,0,4.063,1,56.89,4.179,116.8,128.6,185.0,EV_110,0.0,590,0.0,DR393518_19,52.42,32050.64,DR393518,181.09,0.0,54.09,D,SimuProB-5,EV_110
342.533,53.0,75.96,5860.0,0,4.064,1,56.83,4.18,117.2,142.5,185.0,EV_110,0.0,600,0.0,DR393518_19,52.48,32050.97,DR393518,181.09,0.0,54.15,D,SimuProB-5,EV_110
345.09,35.0,75.96,5425.0,0,4.059,1,56.83,4.175,108.5,98.7,185.0,EV_110,0.0,610,0.0,DR393518_19,52.55,32051.27,DR393518,181.09,0.0,54.22,D,SimuProB-5,EV_110
341.944,58.0,75.96,5990.0,0,4.066,1,56.81,4.182,119.8,155.3,185.0,EV_110,0.0,620,0.0,DR393518_19,52.62,32051.6,DR393518,181.09,0.0,54.31,D,SimuProB-5,EV_110
340.528,55.0,75.96,5925.0,0,4.068,1,56.79,4.185,118.5,165.4,185.0,EV_110,0.0,630,0.0,DR393518_19,52.69,32051.93,DR393518,181.09,0.0,54.38,D,SimuProB-5,EV_110
339.061,57.0,75.96,5960.0,0,4.07,1,56.77,4.188,119.2,178.2,185.0,EV_110,0.0,640,0.0,DR393518_19,52.76,32052.26,DR393518,181.09,0.0,54.45,D,SimuProB-5,EV_110
337.089,54.0,75.96,5890.0,0,4.072,1,56.73,4.19,117.8,185.6,185.0,EV_110,0.0,650,0.0,DR393518_19,52.83,32052.59,DR393518,181.09,0.0,54.52,D,SimuProB-5,EV_110
338.75,42.0,75.96,5620.0,0,4.074,1,56.7,4.192,112.4,142.3,185.0,EV_110,0.0,660,0.0,DR393518_19,52.9,32052.9,DR393518,181.09,0.0,54.59,D,SimuProB-5,EV_110
341.176,28.0,75.96,5290.0,0,4.076,1,56.69,4.195,105.8,95.6,185.0,EV_110,0.0,670,0.0,DR393518_19,52.96,32053.2,DR393518,181.09,0.0,54.65,D,SimuProB-5,EV_110
339.406,38.0,75.96,5525.0,0,4.078,1,56.69,4.198,110.5,118.9,185.0,EV_110,0.0,680,0.0,DR393518_19,53.02,32053.5,DR393518,181.09,0.0,54.71,D,SimuProB-5,EV_110
338.222,40.0,75.96,5560.0,0,4.079,1,56.68,4.199,111.2,125.4,185.0,EV_110,0.0,690,0.0,DR393518_19,53.09,32053.81,DR393518,181.09,0.0,54.78,D,SimuProB-5,EV_110
340.696,25.0,75.96,5225.0,0,4.08,1,56.68,4.201,104.5,88.5,185.0,EV_110,0.0,700,0.0,DR393518_19,53.14,32054.1,DR393518,181.09,0.0,54.83,D,SimuProB-5,EV_110
341.723,18.0,75.96,4930.0,0,4.082,1,56.68,4.203,98.6,72.3,185.0,EV_110,0.0,710,0.0,DR393518_19,53.19,32054.37,DR393518,181.09,0.0,54.88,D,SimuProB-5,EV_110
341.062,16.0,75.96,4810.0,0,4.084,1,56.66,4.205,96.2,65.2,185.0,EV_110,0.0,720,0.0,DR393518_19,53.24,32054.64,DR393518,181.09,0.0,54.93,D,SimuProB-5,EV_110
341.901,14.0,75.96,4725.0,0,4.085,1,56.66,4.206,94.5,58.4,185.0,EV_110,0.0,730,0.0,DR393518_19,53.28,32054.9,DR393518,181.09,0.0,54.97,D,SimuProB-5,EV_110
342.266,22.0,75.96,4990.0,0,4.086,1,56.64,4.208,99.8,75.6,185.0,EV_110,0.0,740,0.0,DR393518_19,53.33,32055.18,DR393518,181.09,0.0,55.02,D,SimuProB-5,EV_110
341.125,24.0,75.96,5115.0,0,4.088,1,56.61,4.21,102.3,82.1,185.0,EV_110,0.0,750,0.0,DR393518_19,53.39,32055.46,DR393518,181.09,0.0,55.08,D,SimuProB-5,EV_110
341.608,19.0,75.96,4890.0,0,4.09,1,56.6,4.212,97.8,70.5,185.0,EV_110,0.0,760,0.0,DR393518_19,53.44,32055.74,DR393518,181.09,0.0,55.12,D,SimuProB-5,EV_110
341.363,32.0,75.96,5425.0,0,4.092,1,56.59,4.215,108.5,95.4,185.0,EV_110,0.0,770,0.0,DR393518_19,53.51,32056.04,DR393518,181.09,0.0,55.19,D,SimuProB-5,EV_110
340.09,38.0,75.96,5620.0,0,4.095,1,56.57,4.218,112.4,105.2,185.0,EV_110,0.0,780,0.0,DR393518_19,53.6,32056.35,DR393518,181.09,0.0,55.28,D,SimuProB-5,EV_110
344.182,0.0,75.96,4910.0,0,4.093,1,56.55,4.216,98.2,-25.4,185.0,EV_110,0.05,790,12.0,DR393518_19,53.67,32056.62,DR393518,181.09,0.0,55.35,D,SimuProB-5,EV_110
341.523,25.0,75.96,5230.0,0,4.091,1,56.55,4.214,104.6,62.8,185.0,EV_110,0.0,800,0.0,DR393518_19,53.74,32056.92,DR393518,181.09,0.0,55.42,D,SimuProB-5,EV_110
340.964,22.0,75.96,5310.0,0,4.092,1,56.52,4.216,106.2,78.3,185.0,EV_110,0.0,810,0.0,DR393518_19,53.8,32057.21,DR393518,181.09,0.0,55.48,D,SimuProB-5,EV_110
342.145,0.0,75.96,4775.0,0,4.094,1,56.52,4.218,95.5,-15.2,185.0,EV_110,0.04,820,8.0,DR393518_19,53.85,32057.48,DR393518,181.09,0.0,55.52,D,SimuProB-5,EV_110
340.651,28.0,75.96,5540.0,0,4.091,1,56.51,4.215,110.8,85.6,185.0,EV_110,0.0,830,0.0,DR393518_19,53.92,32057.79,DR393518,181.09,0.0,55.6,D,SimuProB-5,EV_110
341.515,20.0,75.96,5425.0,0,4.093,1,56.49,4.217,108.5,72.4,185.0,EV_110,0.0,840,0.0,DR393518_19,53.99,32058.09,DR393518,181.09,0.0,55.68,D,SimuProB-5,EV_110
339.969,32.0,75.96,5615.0,0,4.09,1,56.49,4.219,112.3,95.1,185.0,EV_110,0.0,850,0.0,DR393518_19,54.08,32058.4,DR393518,181.09,0.0,55.78,D,SimuProB-5,EV_110
340.445,18.0,75.96,5285.0,0,4.092,1,56.48,4.216,105.7,68.9,185.0,EV_110,0.0,860,0.0,DR393518_19,54.15,32058.7,DR393518,181.09,0.0,55.85,D,SimuProB-5,EV_110
340.077,22.0,75.96,5360.0,0,4.091,1,56.46,4.218,107.2,78.5,185.0,EV_110,0.0,870,0.0,DR393518_19,54.22,32059.0,DR393518,181.09,0.0,55.92,D,SimuProB-5,EV_110
338.687,30.0,75.96,5575.0,0,4.088,1,56.45,4.22,111.5,92.3,185.0,EV_110,0.0,880,0.0,DR393518_19,54.31,32059.31,DR393518,181.09,0.0,56.01,D,SimuProB-5,EV_110
341.031,0.0,75.96,4940.0,0,4.095,1,56.45,4.222,98.8,-25.4,185.0,EV_110,0.06,890,12.0,DR393518_19,54.35,32059.58,DR393518,181.09,0.0,56.05,D,SimuProB-5,EV_110
338.136,35.0,75.96,5675.0,0,4.085,1,56.43,4.225,113.5,98.2,185.0,EV_110,0.0,900,0.0,DR393518_19,54.42,32059.9,DR393518,181.09,0.0,56.12,D,SimuProB-5,EV_110
340.833,0.0,75.96,5120.0,0,4.098,1,56.43,4.228,102.4,-15.6,185.0,EV_110,0.04,910,8.0,DR393518_19,54.46,32060.18,DR393518,181.09,0.0,56.16,D,SimuProB-5,EV_110
339.305,28.0,75.96,5540.0,0,4.087,1,56.43,4.221,110.8,88.7,185.0,EV_110,0.0,920,0.0,DR393518_19,54.54,32060.49,DR393518,181.09,0.0,56.24,D,SimuProB-5,EV_110
337.106,42.0,75.96,5625.0,0,4.08,1,56.4,4.23,112.5,115.4,185.0,EV_110,0.0,930,0.0,DR393518_19,54.65,32060.8,DR393518,181.09,0.0,56.35,D,SimuProB-5,EV_110
339.871,0.0,75.96,5260.0,0,4.092,1,56.4,4.235,105.2,-32.1,185.0,EV_110,0.07,940,15.0,DR393518_19,54.72,32061.09,DR393518,181.09,0.0,56.42,D,SimuProB-5,EV_110
336.583,55.0,75.96,5740.0,0,4.075,1,56.38,4.228,114.8,128.5,185.0,EV_110,0.0,950,0.0,DR393518_19,54.88,32061.41,DR393518,181.09,0.0,56.58,D,SimuProB-5,EV_110
334.619,65.0,75.96,5925.0,0,4.072,1,56.37,4.232,118.5,142.5,185.0,EV_110,0.0,960,0.0,DR393518_19,55.02,32061.74,DR393518,181.09,0.0,56.72,D,SimuProB-5,EV_110
341.31,0.0,75.96,5410.0,0,4.095,1,56.36,4.238,108.2,-45.2,185.0,EV_110,0.06,970,25.0,DR393518_19,55.15,32062.04,DR393518,181.09,0.0,56.85,D,SimuProB-5,EV_110
337.837,38.0,75.96,5680.0,0,4.082,1,56.34,4.225,113.6,95.3,185.0,EV_110,0.0,980,0.0,DR393518_19,55.25,32062.36,DR393518,181.09,0.0,56.95,D,SimuProB-5,EV_110
337.94,42.0,75.96,5825.0,0,4.085,1,56.32,4.23,116.5,112.4,185.0,EV_110,0.0,990,0.0,DR393518_19,55.38,32062.68,DR393518,181.09,0.0,57.05,D,SimuProB-5,EV_110
343.319,0.0,75.96,5490.0,0,4.102,1,56.31,4.236,109.8,-28.5,185.0,EV_110,0.05,1000,12.0,DR393518_19,55.45,32062.99,DR393518,181.09,0.0,57.12,D,SimuProB-5,EV_110
340.734,35.0,75.96,5615.0,0,4.088,1,56.28,4.228,112.3,98.7,185.0,EV_110,0.0,1010,0.0,DR393518_19,55.55,32063.3,DR393518,181.09,0.0,57.2,D,SimuProB-5,EV_110
338.535,40.0,75.96,5790.0,0,4.086,1,56.25,4.232,115.8,105.2,185.0,EV_110,0.0,1020,0.0,DR393518_19,55.62,32063.62,DR393518,181.09,0.0,57.28,D,SimuProB-5,EV_110
341.874,0.0,75.96,5375.0,0,4.092,1,56.23,4.235,107.5,-35.6,185.0,EV_110,0.05,1030,18.0,DR393518_19,55.7,32063.92,DR393518,181.09,0.0,57.35,D,SimuProB-5,EV_110
339.584,45.0,75.96,5910.0,0,4.084,1,56.19,4.23,118.2,118.5,185.0,EV_110,0.0,1040,0.0,DR393518_19,55.78,32064.25,DR393518,181.09,0.0,57.45,D,SimuProB-5,EV_110
336.169,55.0,75.96,5975.0,0,4.08,1,56.09,4.225,119.5,145.2,185.0,EV_110,0.0,1050,0.0,DR393518_19,55.85,32064.58,DR393518,181.09,0.0,57.52,D,SimuProB-5,EV_110
336.455,48.0,75.96,5800.0,0,4.082,1,56.02,4.228,116.0,130.8,185.0,EV_110,0.0,1060,0.0,DR393518_19,55.92,32064.9,DR393518,181.09,0.0,57.6,D,SimuProB-5,EV_110
338.564,0.0,75.96,5260.0,0,4.085,1,55.98,4.23,105.2,-45.3,185.0,EV_110,0.06,1070,22.0,DR393518_19,56.0,32065.2,DR393518,181.09,0.0,57.68,D,SimuProB-5,EV_110
337.084,35.0,75.96,5625.0,0,4.083,1,55.94,4.228,112.5,95.4,185.0,EV_110,0.0,1080,0.0,DR393518_19,56.05,32065.51,DR393518,181.09,0.0,57.75,D,SimuProB-5,EV_110
336.107,42.0,75.96,5790.0,0,4.08,1,55.87,4.225,115.8,110.2,185.0,EV_110,0.0,1090,0.0,DR393518_19,56.15,32065.83,DR393518,181.09,0.0,57.85,D,SimuProB-5,EV_110
337.142,0.0,75.96,5400.0,0,4.086,1,55.85,4.229,108.0,-25.6,185.0,EV_110,0.04,1100,12.0,DR393518_19,56.2,32066.13,DR393518,181.09,0.0,57.92,D,SimuProB-5,EV_110
336.378,45.0,75.96,5810.0,0,4.081,1,55.83,4.226,116.2,118.5,185.0,EV_110,0.0,1110,0.0,DR393518_19,56.23,32066.45,DR393518,181.09,0.0,57.95,D,SimuProB-5,EV_110
338.282,0.0,75.96,5475.0,0,4.088,1,55.81,4.231,109.5,-35.2,185.0,EV_110,0.05,1120,18.0,DR393518_19,56.28,32066.76,DR393518,181.09,0.0,58.02,D,SimuProB-5,EV_110
335.834,52.0,75.96,5925.0,0,4.079,1,55.77,4.224,118.5,142.6,185.0,EV_110,0.0,1130,0.0,DR393518_19,56.35,32067.09,DR393518,181.09,0.0,58.15,D,SimuProB-5,EV_110
336.81,43.0,75.96,5825.0,0,4.082,1,55.75,4.227,116.5,125.4,185.0,EV_110,0.0,1140,0.0,DR393518_19,56.38,32067.41,DR393518,181.09,0.0,58.18,D,SimuProB-5,EV_110
337.748,0.0,75.96,5510.0,0,4.085,1,55.74,4.23,110.2,-28.5,185.0,EV_110,0.04,1150,15.0,DR393518_19,56.41,32067.72,DR393518,181.09,0.0,58.22,D,SimuProB-5,EV_110
336.206,48.0,75.96,5890.0,0,4.08,1,55.72,4.226,117.8,132.8,185.0,EV_110,0.0,1160,0.0,DR393518_19,56.44,32068.05,DR393518,181.09,0.0,58.26,D,SimuProB-5,EV_110
334.984,49.0,75.96,5960.0,0,4.081,1,55.68,4.228,119.2,138.5,185.0,EV_110,0.0,1170,0.0,DR393518_19,56.48,32068.38,DR393518,181.09,0.0,58.3,D,SimuProB-5,EV_110
336.163,0.0,75.96,5620.0,0,4.086,1,55.68,4.232,112.4,-32.1,185.0,EV_110,0.04,1180,16.0,DR393518_19,56.51,32068.69,DR393518,181.09,0.0,58.33,D,SimuProB-5,EV_110
335.139,55.0,75.96,6025.0,0,4.078,1,55.66,4.225,120.5,145.3,185.0,EV_110,0.0,1190,0.0,DR393518_19,56.55,32069.03,DR393518,181.09,0.0,58.38,D,SimuProB-5,EV_110
333.711,58.0,75.96,6105.0,0,4.075,1,55.64,4.222,122.1,152.4,185.0,EV_110,0.0,1200,0.0,DR393518_19,56.62,32069.37,DR393518,181.09,0.0,58.45,D,SimuProB-5,EV_110
334.913,52.0,75.96,6040.0,0,4.077,1,55.6,4.224,120.8,148.7,185.0,EV_110,0.0,1210,0.0,DR393518_19,56.68,32069.7,DR393518,181.09,0.0,58.51,D,SimuProB-5,EV_110
333.898,62.0,75.96,6175.0,0,4.072,1,55.6,4.22,123.5,158.2,185.0,EV_110,0.0,1220,0.0,DR393518_19,56.75,32070.05,DR393518,181.09,0.0,58.58,D,SimuProB-5,EV_110
333.875,48.0,75.96,5910.0,0,4.07,1,55.57,4.218,118.2,142.5,185.0,EV_110,0.0,1230,0.0,DR393518_19,56.82,32070.38,DR393518,181.09,0.0,58.65,D,SimuProB-5,EV_110
332.469,56.0,75.96,6075.0,0,4.068,1,55.54,4.215,121.5,155.1,185.0,EV_110,0.0,1240,0.0,DR393518_19,56.89,32070.72,DR393518,181.09,0.0,58.72,D,SimuProB-5,EV_110
331.259,42.0,75.96,5790.0,0,4.065,1,55.5,4.212,115.8,168.4,185.0,EV_110,0.0,1250,0.0,DR393518_19,56.96,32071.04,DR393518,181.09,0.0,58.8,D,SimuProB-5,EV_110
331.291,45.0,75.96,5825.0,0,4.062,1,55.45,4.21,116.5,152.3,185.0,EV_110,0.0,1260,0.0,DR393518_19,57.0,32071.36,DR393518,181.09,0.0,58.85,D,SimuProB-5,EV_110
330.119,58.0,75.96,5960.0,0,4.06,1,55.43,4.208,119.2,165.8,185.0,EV_110,0.0,1270,0.0,DR393518_19,57.05,32071.69,DR393518,181.09,0.0,58.92,D,SimuProB-5,EV_110
333.004,0.0,75.96,5600.0,0,4.068,1,55.41,4.215,112.0,-25.4,185.0,EV_110,0.05,0,35.0,DR393518_20,57.08,32072.01,DR393518,181.09,0.0,58.95,D,SimuProB-5,EV_110
332.22,48.0,75.96,5725.0,0,4.066,1,55.39,4.213,114.5,145.2,185.0,EV_110,0.0,10,0.0,DR393518_20,57.12,32072.33,DR393518,181.09,0.0,59.0,D,SimuProB-5,EV_110
331.74,55.0,75.96,5900.0,0,4.064,1,55.37,4.211,118.0,158.7,185.0,EV_110,0.0,20,0.0,DR393518_20,57.18,32072.66,DR393518,181.09,0.0,59.08,D,SimuProB-5,EV_110
331.092,46.0,75.96,5800.0,0,4.061,1,55.33,4.209,116.0,162.1,185.0,EV_110,0.0,30,0.0,DR393518_20,57.24,32072.98,DR393518,181.09,0.0,59.15,D,SimuProB-5,EV_110
329.961,52.0,75.96,5875.0,0,4.059,1,55.31,4.207,117.5,155.3,185.0,EV_110,0.0,40,0.0,DR393518_20,57.31,32073.31,DR393518,181.09,0.0,59.22,D,SimuProB-5,EV_110
330.254,62.0,75.96,6000.0,0,4.057,1,55.26,4.205,120.0,168.4,185.0,EV_110,0.0,50,0.0,DR393518_20,57.4,32073.64,DR393518,181.09,0.0,59.31,D,SimuProB-5,EV_110
332.656,0.0,75.96,5700.0,0,4.062,1,55.25,4.21,114.0,-15.2,185.0,EV_110,0.06,60,12.0,DR393518_20,57.45,32073.96,DR393518,181.09,0.0,59.35,D,SimuProB-5,EV_110
331.344,50.0,75.96,5775.0,0,4.06,1,55.23,4.208,115.5,152.5,185.0,EV_110,0.0,70,0.0,DR393518_20,57.48,32074.28,DR393518,181.09,0.0,59.38,D,SimuProB-5,EV_110
331.605,42.0,75.96,5650.0,0,4.058,1,55.22,4.206,113.0,148.0,185.0,EV_110,0.0,80,0.0,DR393518_20,57.52,32074.59,DR393518,181.09,0.0,59.42,D,SimuProB-5,EV_110
330.053,58.0,75.96,5925.0,0,4.055,1,55.21,4.204,118.5,165.2,185.0,EV_110,0.0,90,0.0,DR393518_20,57.58,32074.92,DR393518,181.09,0.0,59.48,D,SimuProB-5,EV_110
330.165,60.0,75.96,5960.0,0,4.053,1,55.2,4.202,119.2,172.5,185.0,EV_110,0.0,100,0.0,DR393518_20,57.65,32075.25,DR393518,181.09,0.0,59.55,D,SimuProB-5,EV_110
331.231,45.0,75.96,5600.0,0,4.056,1,55.19,4.205,112.0,145.0,185.0,EV_110,0.0,110,0.0,DR393518_20,57.7,32075.56,DR393518,181.09,0.0,59.6,D,SimuProB-5,EV_110
328.758,65.0,75.96,6000.0,0,4.05,1,55.17,4.2,120.0,185.0,185.0,EV_110,0.0,120,0.0,DR393518_20,57.8,32075.9,DR393518,181.09,0.0,59.7,D,SimuProB-5,EV_110
329.911,52.0,75.96,5775.0,0,4.054,1,55.15,4.204,115.5,155.3,185.0,EV_110,0.0,130,0.0,DR393518_20,57.88,32076.22,DR393518,181.09,0.0,59.78,D,SimuProB-5,EV_110
330.844,35.0,75.96,5400.0,0,4.057,1,55.15,4.206,108.0,138.6,185.0,EV_110,0.0,140,0.0,DR393518_20,57.95,32076.52,DR393518,181.09,0.0,59.85,D,SimuProB-5,EV_110
327.551,62.0,75.96,5975.0,0,4.048,1,55.14,4.198,119.5,178.2,185.0,EV_110,0.0,150,0.0,DR393518_20,58.08,32076.85,DR393518,181.09,0.0,59.98,D,SimuProB-5,EV_110
328.806,55.0,75.96,5810.0,0,4.052,1,55.13,4.202,116.2,162.5,185.0,EV_110,0.0,160,0.0,DR393518_20,58.15,32077.17,DR393518,181.09,0.0,60.05,D,SimuProB-5,EV_110
326.378,60.0,75.96,5925.0,0,4.049,1,55.09,4.2,118.5,175.0,185.0,EV_110,0.0,170,0.0,DR393518_20,58.22,32077.5,DR393518,181.09,0.0,60.12,D,SimuProB-5,EV_110
328.706,42.0,75.96,5640.0,0,4.055,1,55.09,4.205,112.8,148.2,185.0,EV_110,0.0,180,0.0,DR393518_20,58.28,32077.82,DR393518,181.09,0.0,60.18,D,SimuProB-5,EV_110
327.435,48.0,75.96,5760.0,0,4.051,1,55.07,4.201,115.2,165.4,185.0,EV_110,0.0,190,0.0,DR393518_20,58.35,32078.14,DR393518,181.09,0.0,60.25,D,SimuProB-5,EV_110
325.824,65.0,75.96,5945.0,0,4.048,1,55.07,4.204,118.9,182.5,185.0,EV_110,0.0,200,0.0,DR393518_20,58.42,32078.47,DR393518,181.09,0.0,60.32,D,SimuProB-5,EV_110
329.058,40.0,75.96,5575.0,0,4.054,1,55.04,4.203,111.5,155.2,185.0,EV_110,0.0,210,0.0,DR393518_20,58.48,32078.78,DR393518,181.09,0.0,60.38,D,SimuProB-5,EV_110
325.863,62.0,75.96,5960.0,0,4.05,1,55.02,4.202,119.2,178.5,185.0,EV_110,0.0,220,0.0,DR393518_20,58.55,32079.11,DR393518,181.09,0.0,60.45,D,SimuProB-5,EV_110
328.656,38.0,75.96,5525.0,0,4.056,1,55.0,4.206,110.5,145.0,185.0,EV_110,0.0,230,0.0,DR393518_20,58.62,32079.42,DR393518,181.09,0.0,60.52,D,SimuProB-5,EV_110
325.896,68.0,75.96,5890.0,0,4.047,1,54.99,4.203,117.8,185.2,185.0,EV_110,0.0,240,0.0,DR393518_20,58.7,32079.75,DR393518,181.09,0.0,60.6,D,SimuProB-5,EV_110
325.57,58.0,75.96,5820.0,0,4.049,1,54.98,4.201,116.4,175.3,185.0,EV_110,0.0,250,0.0,DR393518_20,58.75,32080.07,DR393518,181.09,0.0,60.65,D,SimuProB-5,EV_110
328.512,35.0,75.96,5410.0,0,4.053,1,54.96,4.204,108.2,148.7,185.0,EV_110,0.0,260,0.0,DR393518_20,58.82,32080.37,DR393518,181.09,0.0,60.72,D,SimuProB-5,EV_110
325.545,72.0,75.96,5990.0,0,4.045,1,54.93,4.205,119.8,192.4,185.0,EV_110,0.0,270,0.0,DR393518_20,58.91,32080.71,DR393518,181.09,0.0,60.81,D,SimuProB-5,EV_110
328.461,32.0,75.96,5265.0,0,4.051,1,54.89,4.203,105.3,142.5,185.0,EV_110,0.0,280,0.0,DR393518_20,58.95,32081.0,DR393518,181.09,0.0,60.85,D,SimuProB-5,EV_110
325.946,65.0,75.96,5730.0,0,4.046,1,54.89,4.206,114.6,178.9,185.0,EV_110,0.0,290,0.0,DR393518_20,59.02,32081.32,DR393518,181.09,0.0,60.92,D,SimuProB-5,EV_110
329.253,25.0,75.96,4935.0,0,4.055,1,54.87,4.202,98.7,135.2,185.0,EV_110,0.0,300,0.0,DR393518_20,59.08,32081.59,DR393518,181.09,0.0,60.98,D,SimuProB-5,EV_110
331.656,28.0,75.96,5125.0,0,4.058,1,54.85,4.201,102.5,125.4,185.0,EV_110,0.0,310,0.0,DR393518_20,59.15,32081.87,DR393518,181.09,0.0,61.05,D,SimuProB-5,EV_110
327.83,58.0,75.96,5615.0,0,4.048,1,54.84,4.204,112.3,165.2,185.0,EV_110,0.0,320,0.0,DR393518_20,59.28,32082.19,DR393518,181.09,0.0,61.18,D,SimuProB-5,EV_110
330.485,22.0,75.96,4840.0,0,4.06,1,54.84,4.2,96.8,118.9,185.0,EV_110,0.0,330,0.0,DR393518_20,59.35,32082.46,DR393518,181.09,0.0,61.25,D,SimuProB-5,EV_110
328.957,32.0,75.96,5060.0,0,4.052,1,54.81,4.202,101.2,142.5,185.0,EV_110,0.0,340,0.0,DR393518_20,59.42,32082.74,DR393518,181.09,0.0,61.32,D,SimuProB-5,EV_110
326.899,62.0,75.96,5690.0,0,4.045,1,54.81,4.205,113.8,168.4,185.0,EV_110,0.0,350,0.0,DR393518_20,59.55,32083.06,DR393518,181.09,0.0,61.45,D,SimuProB-5,EV_110
330.833,24.0,75.96,4875.0,0,4.058,1,54.81,4.198,97.5,122.1,185.0,EV_110,0.0,360,0.0,DR393518_20,59.68,32083.33,DR393518,181.09,0.0,61.58,D,SimuProB-5,EV_110
327.889,28.0,75.96,5280.0,0,4.055,1,54.79,4.201,105.6,135.4,185.0,EV_110,0.0,370,0.0,DR393518_20,59.75,32083.62,DR393518,181.09,0.0,61.65,D,SimuProB-5,EV_110
330.946,18.0,75.96,4420.0,0,4.062,1,54.79,4.205,88.4,98.5,185.0,EV_110,0.0,380,0.0,DR393518_20,59.82,32083.87,DR393518,181.09,0.0,61.72,D,SimuProB-5,EV_110
329.676,65.0,75.96,5910.0,0,4.05,1,54.77,4.208,118.2,155.8,185.0,EV_110,0.0,390,0.0,DR393518_20,59.95,32084.2,DR393518,181.09,0.0,61.85,D,SimuProB-5,EV_110
326.56,35.0,75.96,5525.0,0,4.052,1,54.75,4.202,110.5,142.3,185.0,EV_110,0.0,400,0.0,DR393518_20,60.02,32084.51,DR393518,181.09,0.0,61.92,D,SimuProB-5,EV_110
328.431,22.0,75.96,4760.0,0,4.058,1,54.74,4.199,95.2,105.7,185.0,EV_110,0.0,410,0.0,DR393518_20,60.11,32084.77,DR393518,181.09,0.0,62.01,D,SimuProB-5,EV_110
325.737,58.0,75.96,5840.0,0,4.048,1,54.72,4.206,116.8,162.5,185.0,EV_110,0.0,420,0.0,DR393518_20,60.25,32085.1,DR393518,181.09,0.0,62.15,D,SimuProB-5,EV_110
326.699,52.0,75.96,5715.0,0,4.051,1,54.71,4.204,114.3,138.4,185.0,EV_110,0.0,430,0.0,DR393518_20,60.31,32085.42,DR393518,181.09,0.0,62.22,D,SimuProB-5,EV_110
329.147,28.0,75.96,5105.0,0,4.055,1,54.68,4.201,102.1,112.6,185.0,EV_110,0.0,440,0.0,DR393518_20,60.42,32085.7,DR393518,181.09,0.0,62.35,D,SimuProB-5,EV_110
327.654,62.0,75.96,5975.0,0,4.049,1,54.68,4.207,119.5,148.9,185.0,EV_110,0.0,450,0.0,DR393518_20,60.55,32086.03,DR393518,181.09,0.0,62.48,D,SimuProB-5,EV_110
324.986,68.0,75.96,6120.0,0,4.045,1,54.66,4.208,122.4,172.3,185.0,EV_110,0.0,460,0.0,DR393518_20,60.72,32086.37,DR393518,181.09,0.0,62.65,D,SimuProB-5,EV_110
328.825,32.0,75.96,5425.0,0,4.052,1,54.64,4.203,108.5,118.7,185.0,EV_110,0.0,470,0.0,DR393518_20,60.85,32086.67,DR393518,181.09,0.0,62.78,D,SimuProB-5,EV_110
324.605,55.0,75.96,5790.0,0,4.047,1,54.61,4.206,115.8,155.2,185.0,EV_110,0.0,480,0.0,DR393518_20,61.02,32086.99,DR393518,181.09,0.0,62.95,D,SimuProB-5,EV_110
322.745,60.0,75.96,5910.0,0,4.044,1,54.58,4.209,118.2,165.4,185.0,EV_110,0.0,490,0.0,DR393518_20,61.15,32087.32,DR393518,181.09,0.0,63.08,D,SimuProB-5,EV_110
326.482,38.0,75.96,5625.0,0,4.05,1,54.57,4.204,112.5,125.3,185.0,EV_110,0.0,500,0.0,DR393518_20,61.22,32087.63,DR393518,181.09,0.0,63.15,D,SimuProB-5,EV_110
329.032,0.0,75.96,5290.0,0,4.053,1,54.56,4.201,105.8,-45.2,185.0,EV_110,0.08,510,15.0,DR393518_20,61.25,32087.92,DR393518,181.09,0.0,63.18,D,SimuProB-5,EV_110
330.381,0.0,75.96,5010.0,0,4.054,1,54.55,4.202,100.2,-20.5,185.0,EV_110,0.04,520,8.0,DR393518_20,61.3,32088.2,DR393518,181.09,0.0,63.22,D,SimuProB-5,EV_110
335.424,42.0,75.96,4775.0,0,4.051,1,54.54,4.205,95.5,85.4,185.0,EV_110,0.0,530,0.0,DR393518_20,61.38,32088.46,DR393518,181.09,0.0,63.3,D,SimuProB-5,EV_110
338.971,35.0,75.96,4640.0,0,4.053,1,54.52,4.207,92.8,72.1,185.0,EV_110,0.0,540,0.0,DR393518_20,61.45,32088.72,DR393518,181.09,0.0,63.38,D,SimuProB-5,EV_110
336.335,45.0,75.96,4825.0,0,4.054,1,54.5,4.208,96.5,95.2,185.0,EV_110,0.0,550,0.0,DR393518_20,61.52,32088.99,DR393518,181.09,0.0,63.45,D,SimuProB-5,EV_110
332.177,75.0,75.96,5115.0,0,4.058,1,54.46,4.212,102.3,145.8,185.0,EV_110,0.0,560,0.0,DR393518_20,61.65,32089.27,DR393518,181.09,0.0,63.58,D,SimuProB-5,EV_110
340.194,32.0,75.96,5040.0,0,4.055,1,54.46,4.206,100.8,68.5,185.0,EV_110,0.0,570,0.0,DR393518_20,61.7,32089.55,DR393518,181.09,0.0,63.62,D,SimuProB-5,EV_110
337.736,38.0,75.96,4910.0,0,4.056,1,54.45,4.208,98.2,75.3,185.0,EV_110,0.0,580,0.0,DR393518_20,61.78,32089.82,DR393518,181.09,0.0,63.72,D,SimuProB-5,EV_110
336.058,44.0,75.96,5075.0,0,4.057,1,54.42,4.209,101.5,82.1,185.0,EV_110,0.0,590,0.0,DR393518_20,61.89,32090.1,DR393518,181.09,0.0,63.85,D,SimuProB-5,EV_110
338.753,30.0,75.96,4850.0,0,4.055,1,54.42,4.207,97.0,65.8,185.0,EV_110,0.0,600,0.0,DR393518_20,61.95,32090.37,DR393518,181.09,0.0,63.92,D,SimuProB-5,EV_110
337.213,35.0,75.96,4975.0,0,4.054,1,54.4,4.206,99.5,78.4,185.0,EV_110,0.0,610,0.0,DR393518_20,62.08,32090.65,DR393518,181.09,0.0,64.05,D,SimuProB-5,EV_110
335.798,48.0,75.96,5190.0,0,4.052,1,54.38,4.204,103.8,85.2,185.0,EV_110,0.0,620,0.0,DR393518_20,62.18,32090.93,DR393518,181.09,0.0,64.15,D,SimuProB-5,EV_110
338.186,28.0,75.96,4825.0,0,4.053,1,54.38,4.205,96.5,62.5,185.0,EV_110,0.0,630,0.0,DR393518_20,62.25,32091.2,DR393518,181.09,0.0,64.22,D,SimuProB-5,EV_110
336.443,32.0,75.96,4910.0,0,4.051,1,54.37,4.203,98.2,75.3,185.0,EV_110,0.0,640,0.0,DR393518_20,62.35,32091.47,DR393518,181.09,0.0,64.3,D,SimuProB-5,EV_110
339.316,20.0,75.96,4625.0,0,4.05,1,54.36,4.201,92.5,58.6,185.0,EV_110,0.0,650,0.0,DR393518_20,62.42,32091.73,DR393518,181.09,0.0,64.38,D,SimuProB-5,EV_110
337.948,52.0,75.96,5265.0,0,4.049,1,54.35,4.2,105.3,88.7,185.0,EV_110,0.0,660,0.0,DR393518_20,62.5,32092.02,DR393518,181.09,0.0,64.48,D,SimuProB-5,EV_110
336.306,55.0,75.96,5375.0,0,4.048,1,54.33,4.199,107.5,92.4,185.0,EV_110,0.0,670,0.0,DR393518_20,62.58,32092.32,DR393518,181.09,0.0,64.55,D,SimuProB-5,EV_110
335.236,62.0,75.96,5640.0,0,4.046,1,54.33,4.198,112.8,115.2,185.0,EV_110,0.0,680,0.0,DR393518_20,62.7,32092.63,DR393518,181.09,0.0,64.68,D,SimuProB-5,EV_110
337.268,25.0,75.96,4925.0,0,4.045,1,54.31,4.197,98.5,68.5,185.0,EV_110,0.0,690,0.0,DR393518_20,62.82,32092.91,DR393518,181.09,0.0,64.78,D,SimuProB-5,EV_110
336.421,30.0,75.96,5120.0,0,4.044,1,54.28,4.196,102.4,72.3,185.0,EV_110,0.0,700,0.0,DR393518_20,62.92,32093.19,DR393518,181.09,0.0,64.88,D,SimuProB-5,EV_110
335.883,45.0,75.96,5435.0,0,4.043,1,54.25,4.195,108.7,85.1,185.0,EV_110,0.0,710,0.0,DR393518_20,63.05,32093.5,DR393518,181.09,0.0,65.0,D,SimuProB-5,EV_110
336.352,35.0,75.96,5260.0,0,4.042,1,54.25,4.194,105.2,78.9,185.0,EV_110,0.0,720,0.0,DR393518_20,63.18,32093.79,DR393518,181.09,0.0,65.0,D,SimuProB-5,EV_110
335.273,48.0,75.96,5425.0,0,4.041,1,54.23,4.193,108.5,92.5,185.0,EV_110,0.0,730,0.0,DR393518_20,63.32,32094.09,DR393518,181.09,0.0,65.0,D,SimuProB-5,EV_110
334.824,55.0,75.96,5660.0,0,4.039,1,54.2,4.192,113.2,105.8,185.0,EV_110,0.0,740,0.0,DR393518_20,63.45,32094.41,DR393518,181.09,0.0,65.0,D,SimuProB-5,EV_110
335.734,32.0,75.96,5340.0,0,4.04,1,54.17,4.191,106.8,75.4,185.0,EV_110,0.0,750,0.0,DR393518_20,63.58,32094.7,DR393518,181.09,0.0,65.0,D,SimuProB-5,EV_110
334.63,58.0,75.96,5725.0,0,4.038,1,54.15,4.19,114.5,112.4,185.0,EV_110,0.0,760,0.0,DR393518_20,63.62,32095.02,DR393518,181.09,0.0,65.0,D,SimuProB-5,EV_110
334.051,72.0,75.96,5910.0,0,4.035,1,54.13,4.188,118.2,135.2,185.0,EV_110,0.0,770,0.0,DR393518_20,63.75,32095.35,DR393518,181.09,0.0,65.0,D,SimuProB-5,EV_110
334.864,0.0,75.96,5525.0,0,4.041,1,54.13,4.192,110.5,-18.5,185.0,EV_110,0.04,780,35.0,DR393518_20,63.82,32095.65,DR393518,181.09,0.0,65.0,D,SimuProB-5,EV_110
334.665,45.0,75.96,5620.0,0,4.042,1,54.12,4.193,112.4,88.5,185.0,EV_110,0.0,790,0.0,DR393518_20,63.9,32095.96,DR393518,181.09,0.0,65.0,D,SimuProB-5,EV_110
334.439,68.0,75.96,5840.0,0,4.036,1,54.11,4.19,116.8,125.3,185.0,EV_110,0.0,800,0.0,DR393518_20,63.98,32096.29,DR393518,181.09,0.0,65.0,D,SimuProB-5,EV_110
334.796,0.0,75.96,5425.0,0,4.043,1,54.1,4.194,108.5,-22.4,185.0,EV_110,0.05,810,25.0,DR393518_20,64.05,32096.59,DR393518,181.09,0.0,65.0,D,SimuProB-5,EV_110
334.572,75.0,75.96,5975.0,0,4.038,1,54.08,4.191,119.5,142.5,185.0,EV_110,0.0,820,0.0,DR393518_20,64.12,32096.92,DR393518,181.09,0.0,65.0,D,SimuProB-5,EV_110
335.491,0.0,75.96,5590.0,0,4.042,1,54.08,4.195,111.8,-15.2,185.0,EV_110,0.03,830,18.0,DR393518_20,64.18,32097.23,DR393518,181.09,0.0,65.0,D,SimuProB-5,EV_110
334.343,70.0,75.96,5860.0,0,4.039,1,54.08,4.192,117.2,130.8,185.0,EV_110,0.0,840,0.0,DR393518_20,64.25,32097.56,DR393518,181.09,0.0,65.0,D,SimuProB-5,EV_110
333.861,78.0,75.96,6075.0,0,4.035,1,54.05,4.193,121.5,145.2,185.0,EV_110,0.0,850,0.0,DR393518_20,64.32,32097.9,DR393518,181.09,0.0,65.0,D,SimuProB-5,EV_110
334.015,0.0,75.96,5620.0,0,4.041,1,54.05,4.196,112.4,-18.5,185.0,EV_110,0.04,860,22.0,DR393518_20,64.38,32098.21,DR393518,181.09,0.0,65.0,D,SimuProB-5,EV_110
333.853,72.0,75.96,5945.0,0,4.034,1,54.04,4.191,118.9,138.6,185.0,EV_110,0.0,870,0.0,DR393518_20,64.45,32098.54,DR393518,181.09,0.0,65.0,D,SimuProB-5,EV_110
334.095,65.0,75.96,5780.0,0,4.032,1,54.0,4.19,115.6,125.4,185.0,EV_110,0.0,880,0.0,DR393518_20,64.5,32098.86,DR393518,181.09,0.0,65.0,D,SimuProB-5,EV_110
333.986,80.0,75.96,6115.0,0,4.03,1,54.0,4.188,122.3,142.1,185.0,EV_110,0.0,890,0.0,DR393518_20,64.58,32099.2,DR393518,181.09,0.0,65.0,D,SimuProB-5,EV_110
333.666,0.0,75.96,5425.0,0,4.038,1,53.99,4.192,108.5,-12.5,185.0,EV_110,0.03,900,15.0,DR393518_20,64.62,32099.5,DR393518,181.09,0.0,65.0,D,SimuProB-5,EV_110
333.413,75.0,75.96,6025.0,0,4.028,1,53.98,4.186,120.5,145.2,185.0,EV_110,0.0,910,0.0,DR393518_20,64.65,32099.83,DR393518,181.09,0.0,65.0,D,SimuProB-5,EV_110
332.752,85.0,75.96,6240.0,0,4.025,1,53.96,4.184,124.8,155.8,185.0,EV_110,0.0,920,0.0,DR393518_20,64.7,32100.18,DR393518,181.09,0.0,65.0,D,SimuProB-5,EV_110
333.402,0.0,75.96,5510.0,0,4.032,1,53.95,4.19,110.2,-15.3,185.0,EV_110,0.03,930,18.0,DR393518_20,64.72,32100.49,DR393518,181.09,0.0,65.0,D,SimuProB-5,EV_110
332.79,65.0,75.96,5750.0,0,4.028,1,53.92,4.185,115.0,138.5,185.0,EV_110,0.0,940,0.0,DR393518_20,64.75,32100.81,DR393518,181.09,0.0,65.0,D,SimuProB-5,EV_110
332.489,82.0,75.96,6075.0,0,4.022,1,53.91,4.182,121.5,152.0,185.0,EV_110,0.0,950,0.0,DR393518_20,64.78,32101.15,DR393518,181.09,0.0,65.0,D,SimuProB-5,EV_110
332.807,0.0,75.96,5250.0,0,4.035,1,53.9,4.188,105.0,-18.5,185.0,EV_110,0.04,960,22.0,DR393518_20,64.8,32101.44,DR393518,181.09,0.0,65.0,D,SimuProB-5,EV_110
332.282,78.0,75.96,5925.0,0,4.02,1,53.9,4.185,118.5,165.2,185.0,EV_110,0.0,970,0.0,DR393518_20,64.82,32101.77,DR393518,181.09,0.0,65.0,D,SimuProB-5,EV_110
331.703,88.0,75.96,6100.0,0,4.018,1,53.9,4.188,122.0,172.4,185.0,EV_110,0.0,980,0.0,DR393518_20,64.85,32102.11,DR393518,181.09,0.0,65.0,D,SimuProB-5,EV_110
332.652,0.0,75.96,5400.0,0,4.038,1,53.9,4.192,108.0,-12.5,185.0,EV_110,0.05,990,15.0,DR393518_20,64.88,32102.41,DR393518,181.09,0.0,65.0,D,SimuProB-5,EV_110
331.489,70.0,75.96,5750.0,0,4.025,1,53.9,4.186,115.0,145.5,185.0,EV_110,0.0,1000,0.0,DR393518_20,64.9,32102.73,DR393518,181.09,0.0,65.0,D,SimuProB-5,EV_110
331.206,85.0,75.96,6075.0,0,4.015,1,53.88,4.189,121.5,168.3,185.0,EV_110,0.0,1010,0.0,DR393518_20,64.95,32103.07,DR393518,181.09,0.0,65.0,D,SimuProB-5,EV_110
332.73,0.0,75.96,5100.0,0,4.04,1,53.88,4.195,102.0,-25.4,185.0,EV_110,0.06,1020,30.0,DR393518_20,64.98,32103.35,DR393518,181.09,0.0,65.0,D,SimuProB-5,EV_110
331.752,75.0,75.96,5925.0,0,4.018,1,53.86,4.19,118.5,160.2,185.0,EV_110,0.0,1030,0.0,DR393518_20,65.0,32103.68,DR393518,181.09,0.0,65.0,D,SimuProB-5,EV_110
332.107,0.0,75.96,5250.0,0,4.025,1,53.85,4.192,105.0,-18.5,185.0,EV_110,0.04,1040,10.0,DR393518_20,65.0,32103.97,DR393518,181.09,0.0,65.0,D,SimuProB-5,EV_110
331.274,65.0,75.96,5600.0,0,4.012,1,53.84,4.188,112.0,155.8,185.0,EV_110,0.0,1050,0.0,DR393518_20,65.0,32104.28,DR393518,181.09,0.0,65.0,D,SimuProB-5,EV_110
331.053,70.0,75.96,5800.0,0,4.01,1,53.82,4.187,116.0,162.5,185.0,EV_110,0.0,1060,0.0,DR393518_20,65.0,32104.6,DR393518,181.09,0.0,65.0,D,SimuProB-5,EV_110
331.84,0.0,75.96,5200.0,0,4.03,1,53.82,4.19,104.0,-22.1,185.0,EV_110,0.05,1070,20.0,DR393518_20,65.0,32104.89,DR393518,181.09,0.0,65.0,D,SimuProB-5,EV_110
330.324,68.0,75.96,5725.0,0,4.008,1,53.8,4.185,114.5,158.2,185.0,EV_110,0.0,1080,0.0,DR393518_20,65.0,32105.21,DR393518,181.09,0.0,65.0,D,SimuProB-5,EV_110
330.19,72.0,75.96,5760.0,0,4.006,1,53.78,4.183,115.2,160.5,185.0,EV_110,0.0,1090,0.0,DR393518_20,65.0,32105.53,DR393518,181.09,0.0,65.0,D,SimuProB-5,EV_110
333.446,0.0,75.96,5300.0,0,4.04,1,53.76,4.19,106.0,-45.2,185.0,EV_110,0.06,1100,25.0,DR393518_20,65.0,32105.82,DR393518,181.09,0.0,65.0,D,SimuProB-5,EV_110
328.917,85.0,75.96,5925.0,0,4.01,1,53.75,4.185,118.5,175.0,185.0,EV_110,0.0,1110,0.0,DR393518_20,65.0,32106.15,DR393518,181.09,0.0,65.0,D,SimuProB-5,EV_110
327.004,45.0,75.96,5600.0,0,4.0,1,53.74,4.18,112.0,145.2,185.0,EV_110,0.0,1120,0.0,DR393518_20,65.0,32106.46,DR393518,181.09,0.0,65.0,D,SimuProB-5,EV_110
330.106,25.0,75.96,4250.0,0,4.015,1,53.71,4.185,85.0,85.4,185.0,EV_110,0.0,1130,0.0,DR393518_20,65.0,32106.7,DR393518,181.09,0.0,65.0,D,SimuProB-5,EV_110
332.448,0.0,75.96,3500.0,0,4.03,1,53.7,4.19,70.0,-18.5,185.0,EV_110,0.04,1140,12.0,DR393518_20,65.0,32106.89,DR393518,181.09,0.0,65.0,D,SimuProB-5,EV_110
331.978,35.0,75.96,3900.0,0,4.02,1,53.68,4.185,78.0,65.2,185.0,EV_110,0.0,1150,0.0,DR393518_20,65.0,32107.11,DR393518,181.09,0.0,65.0,D,SimuProB-5,EV_110
334.26,15.0,75.96,3600.0,0,4.03,1,53.67,4.19,72.0,45.8,185.0,EV_110,0.02,1160,5.0,DR393518_20,65.0,32107.31,DR393518,181.09,0.0,65.0,D,SimuProB-5,EV_110
337.007,0.0,75.96,3250.0,0,4.04,1,53.66,4.195,65.0,-25.4,185.0,EV_110,0.03,1170,15.0,DR393518_20,65.0,32107.49,DR393518,181.09,0.0,65.0,D,SimuProB-5,EV_110
335.507,28.0,75.96,3750.0,0,4.035,1,53.65,4.192,75.0,55.3,185.0,EV_110,0.0,1180,0.0,DR393518_20,65.0,32107.7,DR393518,181.09,0.0,65.0,D,SimuProB-5,EV_110
337.776,22.0,75.96,3800.0,0,4.042,1,53.64,4.195,76.0,42.1,185.0,EV_110,0.0,1190,0.0,DR393518_20,65.0,32107.91,DR393518,181.09,0.0,65.0,D,SimuProB-5,EV_110
334.121,45.0,75.96,4100.0,0,4.038,1,53.62,4.198,82.0,78.5,185.0,EV_110,0.0,1200,0.0,DR393518_20,65.0,32108.14,DR393518,181.09,0.0,65.0,D,SimuProB-5,EV_110
336.402,24.0,75.96,3925.0,0,4.041,1,53.6,4.196,78.5,52.4,185.0,EV_110,0.0,1210,0.0,DR393518_20,65.0,32108.36,DR393518,181.09,0.0,65.0,D,SimuProB-5,EV_110
333.863,55.0,75.96,4300.0,0,4.035,1,53.6,4.199,86.0,85.2,185.0,EV_110,0.0,1220,0.0,DR393518_20,65.0,32108.6,DR393518,181.09,0.0,65.0,D,SimuProB-5,EV_110
338.636,20.0,75.96,4050.0,0,4.045,1,53.57,4.2,81.0,48.6,185.0,EV_110,0.0,1230,0.0,DR393518_20,65.0,32108.82,DR393518,181.09,0.0,65.0,D,SimuProB-5,EV_110
335.409,38.0,75.96,4175.0,0,4.039,1,53.55,4.197,83.5,68.5,185.0,EV_110,0.0,1240,0.0,DR393518_20,65.0,32109.05,DR393518,181.09,0.0,65.0,D,SimuProB-5,EV_110
333.202,62.0,75.96,4400.0,0,4.036,1,53.53,4.199,88.0,92.3,185.0,EV_110,0.0,1250,0.0,DR393518_20,65.0,32109.3,DR393518,181.09,0.0,65.0,D,SimuProB-5,EV_110
336.44,30.0,75.96,4200.0,0,4.042,1,53.53,4.198,84.0,55.8,185.0,EV_110,0.0,1260,0.0,DR393518_20,65.0,32109.53,DR393518,181.09,0.0,65.0,D,SimuProB-5,EV_110
334.06,42.0,75.96,4275.0,0,4.038,1,53.52,4.198,85.5,72.4,185.0,EV_110,0.0,1270,0.0,DR393518_20,65.0,32109.77,DR393518,181.09,0.0,65.0,D,SimuProB-5,EV_110
332.156,65.0,75.96,4550.0,0,4.035,1,53.5,4.199,91.0,105.6,185.0,EV_110,0.0,0,0.0,DR393518_21,65.0,32110.02,DR393518,181.09,0.0,65.0,D,SimuProB-5,EV_110
335.165,35.0,75.96,4350.0,0,4.041,1,53.48,4.198,87.0,58.9,185.0,EV_110,0.0,10,0.0,DR393518_21,65.0,32110.26,DR393518,181.09,0.0,65.0,D,SimuProB-5,EV_110
337.206,38.0,75.96,4300.0,0,4.042,1,53.46,4.198,86.0,65.2,185.0,EV_110,0.0,20,0.0,DR393518_21,65.0,32110.5,DR393518,181.09,0.0,65.0,D,SimuProB-5,EV_110
334.073,68.0,75.96,4650.0,0,4.035,1,53.46,4.199,93.0,98.5,185.0,EV_110,0.0,30,0.0,DR393518_21,65.0,32110.76,DR393518,181.09,0.0,65.0,D,SimuProB-5,EV_110
336.541,45.0,75.96,4425.0,0,4.04,1,53.44,4.198,88.5,70.1,185.0,EV_110,0.0,40,0.0,DR393518_21,65.0,32111.0,DR393518,181.09,0.0,65.0,D,SimuProB-5,EV_110
334.515,72.0,75.96,4750.0,0,4.033,1,53.41,4.199,95.0,112.5,185.0,EV_110,0.0,50,0.0,DR393518_21,65.0,32111.26,DR393518,181.09,0.0,65.0,D,SimuProB-5,EV_110
333.263,88.0,75.96,5250.0,0,4.03,1,53.38,4.2,105.0,145.8,185.0,EV_110,0.0,60,0.0,DR393518_21,65.0,32111.56,DR393518,181.09,0.0,65.0,D,SimuProB-5,EV_110
335.064,55.0,75.96,4900.0,0,4.038,1,53.38,4.199,98.0,95.2,185.0,EV_110,0.0,70,0.0,DR393518_21,65.0,32111.83,DR393518,181.09,0.0,65.0,D,SimuProB-5,EV_110
333.62,62.0,75.96,4825.0,0,4.032,1,53.36,4.199,96.5,108.4,185.0,EV_110,0.0,80,0.0,DR393518_21,65.0,32112.1,DR393518,181.09,0.0,65.0,D,SimuProB-5,EV_110
332.408,82.0,75.96,5100.0,0,4.028,1,53.36,4.2,102.0,135.6,185.0,EV_110,0.0,90,0.0,DR393518_21,65.0,32112.38,DR393518,181.09,0.0,65.0,D,SimuProB-5,EV_110
333.919,52.0,75.96,4700.0,0,4.036,1,53.35,4.199,94.0,88.3,185.0,EV_110,0.0,100,0.0,DR393518_21,65.0,32112.64,DR393518,181.09,0.0,65.0,D,SimuProB-5,EV_110
333.732,48.0,75.96,4675.0,0,4.035,1,53.34,4.198,93.5,78.5,185.0,EV_110,0.0,110,0.0,DR393518_21,65.0,32112.9,DR393518,181.09,0.0,65.0,D,SimuProB-5,EV_110
333.167,65.0,75.96,4900.0,0,4.029,1,53.32,4.199,98.0,115.2,185.0,EV_110,0.0,120,0.0,DR393518_21,65.0,32113.17,DR393518,181.09,0.0,65.0,D,SimuProB-5,EV_110
331.33,85.0,75.96,5200.0,0,4.025,1,53.3,4.2,104.0,142.5,185.0,EV_110,0.0,130,0.0,DR393518_21,65.0,32113.46,DR393518,181.09,0.0,65.0,D,SimuProB-5,EV_110
330.713,88.0,75.96,5400.0,0,4.022,1,53.29,4.198,108.0,155.2,185.0,EV_110,0.0,140,0.0,DR393518_21,65.0,32113.76,DR393518,181.09,0.0,65.0,D,SimuProB-5,EV_110
330.922,78.0,75.96,5300.0,0,4.025,1,53.27,4.197,106.0,138.4,185.0,EV_110,0.0,150,0.0,DR393518_21,65.0,32114.05,DR393518,181.09,0.0,65.0,D,SimuProB-5,EV_110
331.736,72.0,75.96,5250.0,0,4.028,1,53.27,4.196,105.0,125.6,185.0,EV_110,0.0,160,0.0,DR393518_21,65.0,32114.35,DR393518,181.09,0.0,65.0,D,SimuProB-5,EV_110
331.796,70.0,75.96,5210.0,0,4.027,1,53.24,4.195,104.2,128.4,185.0,EV_110,0.0,170,0.0,DR393518_21,65.0,32114.64,DR393518,181.09,0.0,65.0,D,SimuProB-5,EV_110
330.631,75.0,75.96,5325.0,0,4.024,1,53.24,4.194,106.5,135.7,185.0,EV_110,0.0,180,0.0,DR393518_21,65.0,32114.94,DR393518,181.09,0.0,65.0,D,SimuProB-5,EV_110
330.375,79.0,75.96,5405.0,0,4.021,1,53.22,4.193,108.1,140.3,185.0,EV_110,0.0,190,0.0,DR393518_21,65.0,32115.24,DR393518,181.09,0.0,65.0,D,SimuProB-5,EV_110
329.745,82.0,75.96,5470.0,0,4.019,1,53.19,4.191,109.4,145.2,185.0,EV_110,0.0,200,0.0,DR393518_21,65.0,32115.54,DR393518,181.09,0.0,65.0,D,SimuProB-5,EV_110
330.15,74.0,75.96,5360.0,0,4.02,1,53.18,4.192,107.2,132.8,185.0,EV_110,0.0,210,0.0,DR393518_21,65.0,32115.84,DR393518,181.09,0.0,65.0,D,SimuProB-5,EV_110
331.012,71.0,75.96,5290.0,0,4.022,1,53.18,4.193,105.8,126.5,185.0,EV_110,0.0,220,0.0,DR393518_21,65.0,32116.14,DR393518,181.09,0.0,65.0,D,SimuProB-5,EV_110
330.648,72.0,75.96,5310.0,0,4.021,1,53.17,4.192,106.2,128.4,185.0,EV_110,0.0,230,0.0,DR393518_21,65.0,32116.43,DR393518,181.09,0.0,65.0,D,SimuProB-5,EV_110
331.288,70.0,75.96,5250.0,0,4.023,1,53.16,4.193,105.0,124.1,185.0,EV_110,0.0,240,0.0,DR393518_21,65.0,32116.73,DR393518,181.09,0.0,65.0,D,SimuProB-5,EV_110
330.364,71.0,75.96,5275.0,0,4.022,1,53.13,4.192,105.5,126.9,185.0,EV_110,0.0,250,0.0,DR393518_21,65.0,32117.02,DR393518,181.09,0.0,65.0,D,SimuProB-5,EV_110
330.008,73.0,75.96,5340.0,0,4.018,1,53.11,4.195,106.8,131.5,185.0,EV_110,0.0,260,0.0,DR393518_21,65.0,32117.32,DR393518,181.09,0.0,65.0,D,SimuProB-5,EV_110
330.463,71.0,75.96,5265.0,0,4.02,1,53.1,4.194,105.3,127.2,185.0,EV_110,0.0,270,0.0,DR393518_21,65.0,32117.61,DR393518,181.09,0.0,65.0,D,SimuProB-5,EV_110
329.867,75.0,75.96,5405.0,0,4.015,1,53.09,4.196,108.1,134.6,185.0,EV_110,0.0,280,0.0,DR393518_21,65.0,32117.91,DR393518,181.09,0.0,65.0,D,SimuProB-5,EV_110
330.373,68.0,75.96,5290.0,0,4.021,1,53.08,4.192,105.8,125.4,185.0,EV_110,0.0,290,0.0,DR393518_21,65.0,32118.2,DR393518,181.09,0.0,65.0,D,SimuProB-5,EV_110
328.711,82.0,75.96,5525.0,0,4.012,1,53.05,4.198,110.5,142.8,185.0,EV_110,0.0,300,0.0,DR393518_21,65.0,32118.51,DR393518,181.09,0.0,65.0,D,SimuProB-5,EV_110
330.083,72.0,75.96,5360.0,0,4.019,1,53.04,4.195,107.2,128.3,185.0,EV_110,0.0,310,0.0,DR393518_21,65.0,32118.81,DR393518,181.09,0.0,65.0,D,SimuProB-5,EV_110
329.464,78.0,75.96,5470.0,0,4.013,1,53.0,4.197,109.4,135.2,185.0,EV_110,0.0,320,0.0,DR393518_21,65.0,32119.11,DR393518,181.09,0.0,65.0,D,SimuProB-5,EV_110
330.399,70.0,75.96,5325.0,0,4.018,1,53.0,4.193,106.5,122.5,185.0,EV_110,0.0,330,0.0,DR393518_21,65.0,32119.41,DR393518,181.09,0.0,65.0,D,SimuProB-5,EV_110
328.508,84.0,75.96,5560.0,0,4.011,1,52.97,4.199,111.2,140.8,185.0,EV_110,0.0,340,0.0,DR393518_21,65.0,32119.72,DR393518,181.09,0.0,65.0,D,SimuProB-5,EV_110
330.103,75.0,75.96,5425.0,0,4.015,1,52.95,4.196,108.5,130.5,185.0,EV_110,0.0,350,0.0,DR393518_21,65.0,32120.02,DR393518,181.09,0.0,65.0,D,SimuProB-5,EV_110
328.467,85.0,75.96,5600.0,0,4.01,1,52.95,4.199,112.0,145.2,185.0,EV_110,0.0,360,0.0,DR393518_21,65.0,32120.33,DR393518,181.09,0.0,65.0,D,SimuProB-5,EV_110
330.405,68.0,75.96,5275.0,0,4.018,1,52.93,4.195,105.5,125.0,185.0,EV_110,0.0,370,0.0,DR393518_21,65.0,32120.63,DR393518,181.09,0.0,65.0,D,SimuProB-5,EV_110
328.781,78.0,75.96,5490.0,0,4.012,1,52.91,4.198,109.8,138.4,185.0,EV_110,0.0,380,0.0,DR393518_21,65.0,32120.94,DR393518,181.09,0.0,65.0,D,SimuProB-5,EV_110
327.454,88.0,75.96,5775.0,0,4.009,1,52.9,4.195,115.5,152.6,185.0,EV_110,0.0,390,0.0,DR393518_21,65.0,32121.26,DR393518,181.09,0.0,65.0,D,SimuProB-5,EV_110
329.54,72.0,75.96,5360.0,0,4.016,1,52.88,4.197,107.2,128.9,185.0,EV_110,0.0,400,0.0,DR393518_21,65.0,32121.55,DR393518,181.09,0.0,65.0,D,SimuProB-5,EV_110
327.523,92.0,75.96,5910.0,0,4.008,1,52.87,4.194,118.2,158.3,185.0,EV_110,0.0,410,0.0,DR393518_21,65.0,32121.88,DR393518,181.09,0.0,65.0,D,SimuProB-5,EV_110
329.979,75.0,75.96,5525.0,0,4.014,1,52.84,4.196,110.5,132.4,185.0,EV_110,0.0,420,0.0,DR393518_21,65.0,32122.19,DR393518,181.09,0.0,65.0,D,SimuProB-5,EV_110
331.075,65.0,75.96,5120.0,0,4.019,1,52.84,4.198,102.4,118.6,185.0,EV_110,0.0,430,0.0,DR393518_21,65.0,32122.47,DR393518,181.09,0.0,65.0,D,SimuProB-5,EV_110
329.909,70.0,75.96,5425.0,0,4.012,1,52.81,4.196,108.5,125.4,185.0,EV_110,0.0,440,0.0,DR393518_21,65.0,32122.77,DR393518,181.09,0.0,65.0,D,SimuProB-5,EV_110
328.381,82.0,75.96,5710.0,0,4.005,1,52.79,4.193,114.2,145.8,185.0,EV_110,0.0,450,0.0,DR393518_21,65.0,32123.09,DR393518,181.09,0.0,65.0,D,SimuProB-5,EV_110
331.666,45.0,75.96,4925.0,0,4.022,1,52.77,4.199,98.5,95.2,185.0,EV_110,0.0,460,0.0,DR393518_21,65.0,32123.36,DR393518,181.09,0.0,65.0,D,SimuProB-5,EV_110
328.013,78.0,75.96,5640.0,0,4.008,1,52.73,4.195,112.8,138.5,185.0,EV_110,0.0,470,0.0,DR393518_21,64.85,32123.67,DR393518,181.09,0.0,65.0,D,SimuProB-5,EV_110
329.844,55.0,75.96,5265.0,0,4.015,1,52.69,4.197,105.3,105.2,185.0,EV_110,0.0,480,0.0,DR393518_21,64.98,32123.97,DR393518,181.09,0.0,65.0,D,SimuProB-5,EV_110
330.863,40.0,75.96,4940.0,0,4.02,1,52.67,4.198,98.8,88.6,185.0,EV_110,0.0,490,0.0,DR393518_21,65.0,32124.24,DR393518,181.09,0.0,65.0,D,SimuProB-5,EV_110
331.818,38.0,75.96,4775.0,0,4.025,1,52.66,4.201,95.5,78.4,185.0,EV_110,0.0,500,0.0,DR393518_21,65.0,32124.51,DR393518,181.09,0.0,65.0,D,SimuProB-5,EV_110
327.923,75.0,75.96,5430.0,0,4.006,1,52.64,4.196,108.6,142.3,185.0,EV_110,0.0,510,0.0,DR393518_21,65.0,32124.81,DR393518,181.09,0.0,65.0,D,SimuProB-5,EV_110
329.961,48.0,75.96,5010.0,0,4.018,1,52.64,4.2,100.2,92.1,185.0,EV_110,0.0,520,0.0,DR393518_21,65.0,32125.09,DR393518,181.09,0.0,65.0,D,SimuProB-5,EV_110
329.874,45.0,75.96,5125.0,0,4.016,1,52.62,4.199,102.5,85.4,185.0,EV_110,0.0,530,0.0,DR393518_21,65.0,32125.37,DR393518,181.09,0.0,65.0,D,SimuProB-5,EV_110
328.76,65.0,75.96,5510.0,0,4.012,1,52.61,4.202,110.2,115.8,185.0,EV_110,0.0,540,0.0,DR393518_21,65.0,32125.68,DR393518,181.09,0.0,65.0,D,SimuProB-5,EV_110
331.454,35.0,75.96,4920.0,0,4.022,1,52.6,4.205,98.4,72.3,185.0,EV_110,0.0,550,0.0,DR393518_21,65.0,32125.95,DR393518,181.09,0.0,65.0,D,SimuProB-5,EV_110
330.013,30.0,75.96,4750.0,0,4.015,1,52.58,4.201,95.0,65.2,185.0,EV_110,0.0,560,0.0,DR393518_21,65.0,32126.21,DR393518,181.09,0.0,65.0,D,SimuProB-5,EV_110
327.701,70.0,75.96,5325.0,0,4.008,1,52.58,4.198,106.5,135.6,185.0,EV_110,0.0,570,0.0,DR393518_21,65.0,32126.51,DR393518,181.09,0.0,65.0,D,SimuProB-5,EV_110
332.455,0.0,75.96,4400.0,0,4.025,1,52.57,4.208,88.0,-25.4,185.0,EV_110,0.04,580,15.0,DR393518_21,65.0,32126.75,DR393518,181.09,0.0,65.0,D,SimuProB-5,EV_110
329.687,40.0,75.96,4625.0,0,4.018,1,52.56,4.203,92.5,95.2,185.0,EV_110,0.0,590,0.0,DR393518_21,65.0,32127.01,DR393518,181.09,0.0,65.0,D,SimuProB-5,EV_110
328.461,55.0,75.96,4840.0,0,4.01,1,52.55,4.206,96.8,108.5,185.0,EV_110,0.0,600,0.0,DR393518_21,65.0,32127.28,DR393518,181.09,0.0,65.0,D,SimuProB-5,EV_110
330.991,30.0,75.96,4475.0,0,4.02,1,52.55,4.204,89.5,68.4,185.0,EV_110,0.0,610,0.0,DR393518_21,65.0,32127.52,DR393518,181.09,0.0,65.0,D,SimuProB-5,EV_110
330.779,35.0,75.96,4560.0,0,4.018,1,52.53,4.205,91.2,85.2,185.0,EV_110,0.0,620,0.0,DR393518_21,65.0,32127.77,DR393518,181.09,0.0,65.0,D,SimuProB-5,EV_110
328.319,60.0,75.96,4925.0,0,4.012,1,52.53,4.207,98.5,115.8,185.0,EV_110,0.0,630,0.0,DR393518_21,65.0,32128.05,DR393518,181.09,0.0,65.0,D,SimuProB-5,EV_110
329.702,20.0,75.96,4300.0,0,4.022,1,52.52,4.203,86.0,55.5,185.0,EV_110,0.0,640,0.0,DR393518_21,65.0,32128.29,DR393518,181.09,0.0,65.0,D,SimuProB-5,EV_110
331.734,25.0,75.96,4370.0,0,4.021,1,52.51,4.204,87.4,62.3,185.0,EV_110,0.0,650,0.0,DR393518_21,65.0,32128.53,DR393518,181.09,0.0,65.0,D,SimuProB-5,EV_110
330.066,40.0,75.96,4640.0,0,4.019,1,52.49,4.206,92.8,78.6,185.0,EV_110,0.0,660,0.0,DR393518_21,65.0,32128.79,DR393518,181.09,0.0,65.0,D,SimuProB-5,EV_110
329.111,50.0,75.96,4825.0,0,4.015,1,52.48,4.208,96.5,95.4,185.0,EV_110,0.0,670,0.0,DR393518_21,65.0,32129.06,DR393518,181.09,0.0,65.0,D,SimuProB-5,EV_110
328.643,52.0,75.96,4910.0,0,4.013,1,52.46,4.208,98.2,102.3,185.0,EV_110,0.0,680,0.0,DR393518_21,65.0,32129.33,DR393518,181.09,0.0,65.0,D,SimuProB-5,EV_110
328.255,58.0,75.96,5075.0,0,4.011,1,52.44,4.209,101.5,118.7,185.0,EV_110,0.0,690,0.0,DR393518_21,65.0,32129.61,DR393518,181.09,0.0,65.0,D,SimuProB-5,EV_110
329.678,35.0,75.96,4790.0,0,4.02,1,52.41,4.206,95.8,68.4,185.0,EV_110,0.0,700,0.0,DR393518_21,65.0,32129.88,DR393518,181.09,0.0,65.0,D,SimuProB-5,EV_110
330.933,30.0,75.96,4660.0,0,4.022,1,52.4,4.205,93.2,55.2,185.0,EV_110,0.0,710,0.0,DR393518_21,65.0,32130.14,DR393518,181.09,0.0,65.0,D,SimuProB-5,EV_110
329.846,48.0,75.96,4870.0,0,4.016,1,52.38,4.207,97.4,88.5,185.0,EV_110,0.0,720,0.0,DR393518_21,65.0,32130.41,DR393518,181.09,0.0,65.0,D,SimuProB-5,EV_110
331.214,25.0,75.96,4575.0,0,4.024,1,52.38,4.204,91.5,45.8,185.0,EV_110,0.0,730,0.0,DR393518_21,65.0,32130.66,DR393518,181.09,0.0,65.0,D,SimuProB-5,EV_110
329.738,32.0,75.96,4640.0,0,4.021,1,52.37,4.205,92.8,62.3,185.0,EV_110,0.0,740,0.0,DR393518_21,65.0,32130.92,DR393518,181.09,0.0,65.0,D,SimuProB-5,EV_110
332.264,28.0,75.96,4525.0,0,4.025,1,52.35,4.203,90.5,52.1,185.0,EV_110,0.0,750,0.0,DR393518_21,65.0,32131.17,DR393518,181.09,0.0,65.0,D,SimuProB-5,EV_110
329.0,42.0,75.96,4710.0,0,4.018,1,52.35,4.208,94.2,78.9,185.0,EV_110,0.0,760,0.0,DR393518_21,65.0,32131.43,DR393518,181.09,0.0,65.0,D,SimuProB-5,EV_110
328.292,52.0,75.96,4840.0,0,4.017,1,52.34,4.209,96.8,95.2,185.0,EV_110,0.0,770,0.0,DR393518_21,65.0,32131.7,DR393518,181.09,0.0,65.0,D,SimuProB-5,EV_110
329.908,38.0,75.96,4675.0,0,4.019,1,52.32,4.206,93.5,68.4,185.0,EV_110,0.0,780,0.0,DR393518_21,65.0,32131.96,DR393518,181.09,0.0,65.0,D,SimuProB-5,EV_110
329.958,40.0,75.96,4740.0,0,4.018,1,52.32,4.207,94.8,72.1,185.0,EV_110,0.0,790,0.0,DR393518_21,65.0,32132.22,DR393518,181.09,0.0,65.0,D,SimuProB-5,EV_110
328.53,41.0,75.96,4760.0,0,4.018,1,52.31,4.207,95.2,75.3,185.0,EV_110,0.0,800,0.0,DR393518_21,65.0,32132.48,DR393518,181.09,0.0,65.0,D,SimuProB-5,EV_110
328.004,45.0,75.96,4825.0,0,4.017,1,52.3,4.208,96.5,82.6,185.0,EV_110,0.0,810,0.0,DR393518_21,65.0,32132.75,DR393518,181.09,0.0,65.0,D,SimuProB-5,EV_110
326.348,62.0,75.96,4990.0,0,4.015,1,52.26,4.21,99.8,110.5,185.0,EV_110,0.0,820,0.0,DR393518_21,65.0,32133.03,DR393518,181.09,0.0,65.0,D,SimuProB-5,EV_110
326.409,48.0,75.96,4875.0,0,4.016,1,52.22,4.209,97.5,95.2,185.0,EV_110,0.0,830,0.0,DR393518_21,65.0,32133.3,DR393518,181.09,0.0,65.0,D,SimuProB-5,EV_110
327.354,35.0,75.96,4750.0,0,4.017,1,52.21,4.21,95.0,78.6,185.0,EV_110,0.0,840,0.0,DR393518_21,65.0,32133.56,DR393518,181.09,0.0,65.0,D,SimuProB-5,EV_110
326.181,58.0,75.96,4910.0,0,4.014,1,52.18,4.212,98.2,105.4,185.0,EV_110,0.0,850,0.0,DR393518_21,65.0,32133.84,DR393518,181.09,0.0,65.0,D,SimuProB-5,EV_110
325.89,42.0,75.96,4840.0,0,4.015,1,52.14,4.21,96.8,88.4,185.0,EV_110,0.0,860,0.0,DR393518_21,65.0,32134.11,DR393518,181.09,0.0,65.0,D,SimuProB-5,EV_110
326.747,32.0,75.96,4675.0,0,4.016,1,52.1,4.208,93.5,72.5,185.0,EV_110,0.0,870,0.0,DR393518_21,65.0,32134.37,DR393518,181.09,0.0,65.0,D,SimuProB-5,EV_110
326.113,56.0,75.96,4955.0,0,4.013,1,52.05,4.211,99.1,102.3,185.0,EV_110,0.0,880,0.0,DR393518_21,65.0,32134.64,DR393518,181.09,0.0,65.0,D,SimuProB-5,EV_110
325.149,48.0,75.96,4875.0,0,4.012,1,52.01,4.209,97.5,95.2,185.0,EV_110,0.0,890,0.0,DR393518_21,65.0,32134.91,DR393518,181.09,0.0,65.0,D,SimuProB-5,EV_110
325.974,38.0,75.96,4710.0,0,4.015,1,51.96,4.208,94.2,76.8,185.0,EV_110,0.0,900,0.0,DR393518_21,65.0,32135.17,DR393518,181.09,0.0,65.0,D,SimuProB-5,EV_110
324.768,62.0,75.96,5065.0,0,4.011,1,51.91,4.21,101.3,112.5,185.0,EV_110,0.0,910,0.0,DR393518_21,65.0,32135.45,DR393518,181.09,0.0,65.0,D,SimuProB-5,EV_110
325.183,42.0,75.96,4910.0,0,4.013,1,51.86,4.209,98.2,88.3,185.0,EV_110,0.0,920,0.0,DR393518_21,65.0,32135.72,DR393518,181.09,0.0,65.0,D,SimuProB-5,EV_110
324.07,68.0,75.96,5190.0,0,4.01,1,51.79,4.212,103.8,118.7,185.0,EV_110,0.0,930,0.0,DR393518_21,65.0,32136.01,DR393518,181.09,0.0,65.0,D,SimuProB-5,EV_110
325.75,35.0,75.96,4780.0,0,4.014,1,51.75,4.21,95.6,82.1,185.0,EV_110,0.0,940,0.0,DR393518_21,65.0,32136.28,DR393518,181.09,0.0,65.0,D,SimuProB-5,EV_110
324.39,40.0,75.96,4875.0,0,4.012,1,51.69,4.211,97.5,95.4,185.0,EV_110,0.0,950,0.0,DR393518_21,65.0,32136.55,DR393518,181.09,0.0,65.0,D,SimuProB-5,EV_110
324.067,72.0,75.96,5260.0,0,4.009,1,51.66,4.214,105.2,125.6,185.0,EV_110,0.0,960,0.0,DR393518_21,65.0,32136.84,DR393518,181.09,0.0,65.0,D,SimuProB-5,EV_110
325.38,38.0,75.96,4940.0,0,4.013,1,51.61,4.21,98.8,85.2,185.0,EV_110,0.0,970,0.0,DR393518_21,65.0,32137.12,DR393518,181.09,0.0,65.0,D,SimuProB-5,EV_110
324.02,48.0,75.96,5075.0,0,4.008,1,51.59,4.213,101.5,110.5,185.0,EV_110,0.0,980,0.0,DR393518_21,65.0,32137.4,DR393518,181.09,0.0,65.0,D,SimuProB-5,EV_110
325.212,32.0,75.96,4710.0,0,4.015,1,51.58,4.21,94.2,78.4,185.0,EV_110,0.0,990,0.0,DR393518_21,65.0,32137.66,DR393518,181.09,0.0,65.0,D,SimuProB-5,EV_110
323.079,75.0,75.96,5425.0,0,4.005,1,51.55,4.215,108.5,135.2,185.0,EV_110,0.0,1000,0.0,DR393518_21,65.0,32137.96,DR393518,181.09,0.0,65.0,D,SimuProB-5,EV_110
324.953,55.0,75.96,5175.0,0,4.011,1,51.52,4.212,103.5,95.4,185.0,EV_110,0.0,1010,0.0,DR393518_21,65.0,32138.25,DR393518,181.09,0.0,65.0,D,SimuProB-5,EV_110
323.139,82.0,75.96,5640.0,0,4.006,1,51.46,4.216,112.8,142.8,185.0,EV_110,0.0,1020,0.0,DR393518_21,65.0,32138.56,DR393518,181.09,0.0,65.0,D,SimuProB-5,EV_110
324.897,35.0,75.96,4960.0,0,4.014,1,51.43,4.211,99.2,88.6,185.0,EV_110,0.0,1030,0.0,DR393518_21,65.0,32138.84,DR393518,181.09,0.0,65.0,D,SimuProB-5,EV_110
323.061,62.0,75.96,5290.0,0,4.008,1,51.4,4.214,105.8,115.3,185.0,EV_110,0.0,1040,0.0,DR393518_21,65.0,32139.13,DR393518,181.09,0.0,65.0,D,SimuProB-5,EV_110
324.271,38.0,75.96,4925.0,0,4.01,1,51.38,4.213,98.5,92.1,185.0,EV_110,0.0,1050,0.0,DR393518_21,65.0,32139.41,DR393518,181.09,0.0,65.0,D,SimuProB-5,EV_110
323.253,72.0,75.96,5510.0,0,4.005,1,51.33,4.215,110.2,128.7,185.0,EV_110,0.0,1060,0.0,DR393518_21,65.0,32139.71,DR393518,181.09,0.0,65.0,D,SimuProB-5,EV_110
322.43,85.0,75.96,5675.0,0,4.004,1,51.31,4.218,113.5,135.2,185.0,EV_110,0.0,1070,0.0,DR393518_21,65.0,32140.03,DR393518,181.09,0.0,65.0,D,SimuProB-5,EV_110
323.501,40.0,75.96,4940.0,0,4.012,1,51.3,4.215,98.8,95.4,185.0,EV_110,0.0,1080,0.0,DR393518_21,65.0,32140.3,DR393518,181.09,0.0,65.0,D,SimuProB-5,EV_110
324.389,28.0,75.96,4605.0,0,4.015,1,51.28,4.212,92.1,78.6,185.0,EV_110,0.0,1090,0.0,DR393518_21,65.0,32140.56,DR393518,181.09,0.0,65.0,D,SimuProB-5,EV_110
322.683,32.0,75.96,4765.0,0,4.011,1,51.27,4.213,95.3,85.4,185.0,EV_110,0.0,1100,0.0,DR393518_21,65.0,32140.82,DR393518,181.09,0.0,65.0,D,SimuProB-5,EV_110
322.963,45.0,75.96,5075.0,0,4.009,1,51.25,4.214,101.5,98.2,185.0,EV_110,0.0,1110,0.0,DR393518_21,65.0,32141.11,DR393518,181.09,0.0,65.0,D,SimuProB-5,EV_110
323.243,30.0,75.96,4840.0,0,4.014,1,51.25,4.211,96.8,72.5,185.0,EV_110,0.0,1120,0.0,DR393518_21,65.0,32141.38,DR393518,181.09,0.0,65.0,D,SimuProB-5,EV_110
322.109,38.0,75.96,4925.0,0,4.008,1,51.23,4.214,98.5,88.2,185.0,EV_110,0.0,1130,0.0,DR393518_21,65.0,32141.65,DR393518,181.09,0.0,65.0,D,SimuProB-5,EV_110
321.927,65.0,75.96,5260.0,0,4.005,1,51.23,4.218,105.2,115.5,185.0,EV_110,0.0,1140,0.0,DR393518_21,65.0,32141.95,DR393518,181.09,0.0,65.0,D,SimuProB-5,EV_110
323.654,0.0,75.96,4990.0,0,4.015,1,51.22,4.212,99.8,-15.2,185.0,EV_110,0.05,1150,12.0,DR393518_21,65.0,32142.22,DR393518,181.09,0.0,65.0,D,SimuProB-5,EV_110
322.475,55.0,75.96,5190.0,0,4.007,1,51.2,4.215,103.8,105.3,185.0,EV_110,0.0,1160,0.0,DR393518_21,65.0,32142.51,DR393518,181.09,0.0,65.0,D,SimuProB-5,EV_110
321.456,75.0,75.96,5425.0,0,4.004,1,51.18,4.219,108.5,128.7,185.0,EV_110,0.0,1170,0.0,DR393518_21,65.0,32142.81,DR393518,181.09,0.0,65.0,D,SimuProB-5,EV_110
324.329,0.0,75.96,5060.0,0,4.016,1,51.17,4.213,101.2,-22.4,185.0,EV_110,0.06,1180,18.0,DR393518_21,65.0,32143.09,DR393518,181.09,0.0,65.0,D,SimuProB-5,EV_110
320.247,80.0,75.96,5620.0,0,4.002,1,51.12,4.225,112.4,135.2,185.0,EV_110,0.0,1190,0.0,DR393518_21,65.0,32143.4,DR393518,181.09,0.0,65.0,D,SimuProB-5,EV_110
323.022,0.0,75.96,5340.0,0,4.012,1,51.12,4.22,106.8,-18.5,185.0,EV_110,0.05,1200,15.0,DR393518_21,65.0,32143.7,DR393518,181.09,0.0,65.0,D,SimuProB-5,EV_110
321.382,70.0,75.96,5525.0,0,4.005,1,51.11,4.222,110.5,118.6,185.0,EV_110,0.0,1210,0.0,DR393518_21,65.0,32144.01,DR393518,181.09,0.0,65.0,D,SimuProB-5,EV_110
318.896,85.0,75.96,5760.0,0,4.001,1,51.09,4.228,115.2,142.3,185.0,EV_110,0.0,1220,0.0,DR393518_21,65.0,32144.33,DR393518,181.09,0.0,65.0,D,SimuProB-5,EV_110
322.253,0.0,75.96,5420.0,0,4.01,1,51.09,4.224,108.4,-25.6,185.0,EV_110,0.07,1230,20.0,DR393518_21,65.0,32144.63,DR393518,181.09,0.0,65.0,D,SimuProB-5,EV_110
318.153,90.0,75.96,5925.0,0,3.998,1,51.06,4.23,118.5,155.8,185.0,EV_110,0.0,1240,0.0,DR393518_21,65.0,32144.96,DR393518,181.09,0.0,65.0,D,SimuProB-5,EV_110
316.994,92.0,75.96,5960.0,0,3.995,1,51.03,4.232,119.2,162.5,185.0,EV_110,0.0,1250,0.0,DR393518_21,65.0,32145.29,DR393518,181.09,0.0,65.0,D,SimuProB-5,EV_110
315.571,75.0,75.96,5740.0,0,3.992,1,51.03,4.228,114.8,148.3,185.0,EV_110,0.0,1260,0.0,DR393518_21,65.0,32145.61,DR393518,181.09,0.0,65.0,D,SimuProB-5,EV_110
319.167,0.0,75.96,5275.0,0,4.008,1,51.03,4.226,105.5,-15.2,185.0,EV_110,0.06,1270,18.0,DR393518_21,65.0,32145.9,DR393518,181.09,0.0,65.0,D,SimuProB-5,EV_110
323.927,0.0,75.96,4910.0,0,4.012,1,51.01,4.228,98.2,-18.5,185.0,EV_110,0.05,0,0.0,DR393518_22,65.0,32146.17,DR393518,181.09,0.0,65.0,D,SimuProB-5,EV_110
335.434,35.0,75.96,4625.0,0,4.015,1,51.0,4.23,92.5,45.2,185.0,EV_110,0.0,10,0.0,DR393518_22,65.0,32146.43,DR393518,181.09,0.0,65.0,D,SimuProB-5,EV_110
342.652,45.0,75.96,4790.0,0,4.018,1,50.99,4.232,95.8,68.4,185.0,EV_110,0.0,20,0.0,DR393518_22,65.0,32146.7,DR393518,181.09,0.0,65.0,D,SimuProB-5,EV_110
345.266,50.0,75.96,4875.0,0,4.02,1,50.97,4.234,97.5,75.5,185.0,EV_110,0.0,30,0.0,DR393518_22,65.0,32146.97,DR393518,181.09,0.0,65.0,D,SimuProB-5,EV_110
347.834,55.0,75.96,5060.0,0,4.022,1,50.97,4.236,101.2,82.3,185.0,EV_110,0.0,40,0.0,DR393518_22,65.0,32147.25,DR393518,181.09,0.0,65.0,D,SimuProB-5,EV_110
351.83,65.0,75.96,5340.0,0,4.025,1,50.95,4.238,106.8,95.8,185.0,EV_110,0.0,50,0.0,DR393518_22,65.0,32147.55,DR393518,181.09,0.0,65.0,D,SimuProB-5,EV_110
348.549,70.0,75.96,5425.0,0,4.028,1,50.94,4.24,108.5,105.2,185.0,EV_110,0.0,60,0.0,DR393518_22,64.98,32147.85,DR393518,181.09,0.0,65.0,D,SimuProB-5,EV_110
354.193,55.0,75.96,5260.0,0,4.03,1,50.93,4.242,105.2,88.5,185.0,EV_110,0.0,70,0.0,DR393518_22,65.0,32148.14,DR393518,181.09,0.0,65.0,D,SimuProB-5,EV_110
349.353,0.0,75.96,4925.0,0,4.035,1,50.92,4.245,98.5,-25.4,185.0,EV_110,0.05,80,15.0,DR393518_22,65.0,32148.42,DR393518,181.09,0.0,65.0,D,SimuProB-5,EV_110
351.81,50.0,75.96,5175.0,0,4.036,1,50.92,4.246,103.5,72.5,185.0,EV_110,0.0,90,0.0,DR393518_22,65.0,32148.71,DR393518,181.09,0.0,65.0,D,SimuProB-5,EV_110
348.656,65.0,75.96,5460.0,0,4.038,1,50.9,4.248,109.2,98.4,185.0,EV_110,0.0,100,0.0,DR393518_22,65.0,32149.01,DR393518,181.09,0.0,65.0,D,SimuProB-5,EV_110
353.73,45.0,75.96,5040.0,0,4.04,1,50.88,4.25,100.8,65.2,185.0,EV_110,0.0,110,0.0,DR393518_22,65.0,32149.29,DR393518,181.09,0.0,65.0,D,SimuProB-5,EV_110
348.871,58.0,75.96,5325.0,0,4.042,1,50.86,4.252,106.5,92.3,185.0,EV_110,0.0,120,0.0,DR393518_22,65.0,32149.59,DR393518,181.09,0.0,65.0,D,SimuProB-5,EV_110
351.84,42.0,75.96,4960.0,0,4.045,1,50.86,4.255,99.2,68.7,185.0,EV_110,0.0,130,0.0,DR393518_22,65.0,32149.86,DR393518,181.09,0.0,65.0,D,SimuProB-5,EV_110
347.416,72.0,75.96,5640.0,0,4.048,1,50.83,4.258,112.8,105.4,185.0,EV_110,0.0,140,0.0,DR393518_22,65.0,32150.17,DR393518,181.09,0.0,65.0,D,SimuProB-5,EV_110
346.575,75.0,75.96,5725.0,0,4.05,1,50.81,4.26,114.5,112.5,185.0,EV_110,0.0,150,0.0,DR393518_22,65.0,32150.49,DR393518,181.09,0.0,65.0,D,SimuProB-5,EV_110
354.454,48.0,75.96,5115.0,0,4.052,1,50.8,4.262,102.3,72.3,185.0,EV_110,0.0,160,0.0,DR393518_22,65.0,32150.77,DR393518,181.09,0.0,65.0,D,SimuProB-5,EV_110
349.727,62.0,75.96,5435.0,0,4.055,1,50.8,4.265,108.7,95.6,185.0,EV_110,0.0,170,0.0,DR393518_22,65.0,32151.07,DR393518,181.09,0.0,65.0,D,SimuProB-5,EV_110
348.597,58.0,75.96,5325.0,0,4.058,1,50.79,4.268,106.5,88.5,185.0,EV_110,0.0,180,0.0,DR393518_22,65.0,32151.37,DR393518,181.09,0.0,65.0,D,SimuProB-5,EV_110
346.034,78.0,75.96,5760.0,0,4.061,1,50.76,4.27,115.2,118.2,185.0,EV_110,0.0,190,0.0,DR393518_22,65.0,32151.69,DR393518,181.09,0.0,65.0,D,SimuProB-5,EV_110
349.653,50.0,75.96,5190.0,0,4.064,1,50.76,4.272,103.8,76.4,185.0,EV_110,0.0,200,0.0,DR393518_22,65.0,32151.97,DR393518,181.09,0.0,65.0,D,SimuProB-5,EV_110
350.877,52.0,75.96,5375.0,0,4.066,1,50.73,4.274,107.5,68.4,185.0,EV_110,0.0,210,0.0,DR393518_22,43.2,32152.27,DR393518,181.09,0.0,45.8,D,SimuProB-5,EV_110
347.243,74.0,75.96,5690.0,0,4.07,1,50.73,4.278,113.8,112.5,185.0,EV_110,0.0,220,0.0,DR393518_22,43.5,32152.58,DR393518,181.09,0.0,46.1,D,SimuProB-5,EV_110
345.127,82.0,75.96,5910.0,0,4.072,1,50.73,4.28,118.2,135.2,185.0,EV_110,0.0,230,0.0,DR393518_22,43.8,32152.91,DR393518,181.09,0.0,46.5,D,SimuProB-5,EV_110
347.172,62.0,75.96,5620.0,0,4.071,1,50.72,4.279,112.4,105.4,185.0,EV_110,0.0,240,0.0,DR393518_22,44.1,32153.22,DR393518,181.09,0.0,46.8,D,SimuProB-5,EV_110
348.759,48.0,75.96,5430.0,0,4.068,1,50.72,4.276,108.6,88.6,185.0,EV_110,0.0,250,0.0,DR393518_22,44.5,32153.52,DR393518,181.09,0.0,47.2,D,SimuProB-5,EV_110
348.743,42.0,75.96,5290.0,0,4.067,1,50.72,4.275,105.8,72.1,185.0,EV_110,0.0,260,0.0,DR393518_22,44.8,32153.82,DR393518,181.09,0.0,47.5,D,SimuProB-5,EV_110
348.968,38.0,75.96,5160.0,0,4.066,1,50.7,4.274,103.2,68.4,185.0,EV_110,0.0,270,0.0,DR393518_22,45.0,32154.11,DR393518,181.09,0.0,47.7,D,SimuProB-5,EV_110
351.221,28.0,75.96,4925.0,0,4.064,1,50.7,4.272,98.5,45.2,185.0,EV_110,0.0,280,0.0,DR393518_22,45.2,32154.38,DR393518,181.09,0.0,47.9,D,SimuProB-5,EV_110
354.019,24.0,75.96,4755.0,0,4.062,1,50.7,4.27,95.1,38.7,185.0,EV_110,0.0,290,0.0,DR393518_22,45.4,32154.64,DR393518,181.09,0.0,48.1,D,SimuProB-5,EV_110
354.642,26.0,75.96,4840.0,0,4.065,1,50.67,4.272,96.8,42.5,185.0,EV_110,0.0,300,0.0,DR393518_22,45.6,32154.91,DR393518,181.09,0.0,48.3,D,SimuProB-5,EV_110
353.541,34.0,75.96,5070.0,0,4.063,1,50.67,4.275,101.4,55.8,185.0,EV_110,0.0,310,0.0,DR393518_22,45.8,32155.19,DR393518,181.09,0.0,48.5,D,SimuProB-5,EV_110
356.321,20.0,75.96,4675.0,0,4.061,1,50.67,4.271,93.5,35.2,185.0,EV_110,0.0,320,0.0,DR393518_22,46.0,32155.45,DR393518,181.09,0.0,48.7,D,SimuProB-5,EV_110
353.475,45.0,75.96,5210.0,0,4.062,1,50.66,4.273,104.2,62.4,185.0,EV_110,0.0,330,0.0,DR393518_22,46.1,32155.74,DR393518,181.09,0.0,48.8,D,SimuProB-5,EV_110
355.965,18.0,75.96,4590.0,0,4.06,1,50.66,4.271,91.8,32.1,185.0,EV_110,0.0,340,0.0,DR393518_22,46.2,32155.99,DR393518,181.09,0.0,48.9,D,SimuProB-5,EV_110
354.64,30.0,75.96,4975.0,0,4.063,1,50.66,4.272,99.5,48.5,185.0,EV_110,0.0,350,0.0,DR393518_22,46.3,32156.27,DR393518,181.09,0.0,49.0,D,SimuProB-5,EV_110
354.452,32.0,75.96,5025.0,0,4.063,1,50.65,4.272,100.5,52.3,185.0,EV_110,0.0,360,0.0,DR393518_22,46.4,32156.55,DR393518,181.09,0.0,49.1,D,SimuProB-5,EV_110
352.443,68.0,75.96,5640.0,0,4.061,1,50.64,4.274,112.8,88.6,185.0,EV_110,0.0,370,0.0,DR393518_22,46.5,32156.86,DR393518,181.09,0.0,49.2,D,SimuProB-5,EV_110
351.486,85.0,75.96,5910.0,0,4.059,1,50.64,4.275,118.2,115.4,185.0,EV_110,0.0,380,0.0,DR393518_22,46.7,32157.19,DR393518,181.09,0.0,49.4,D,SimuProB-5,EV_110
349.203,92.0,75.96,6000.0,0,4.055,1,50.63,4.276,122.5,142.5,185.0,EV_110,0.0,390,0.0,DR393518_22,46.9,32157.53,DR393518,181.09,0.0,49.6,D,SimuProB-5,EV_110
354.0,35.0,75.96,5700.0,0,4.058,1,50.62,4.277,114.0,85.2,185.0,EV_110,0.0,400,0.0,DR393518_22,47.1,32157.85,DR393518,181.09,0.0,49.8,D,SimuProB-5,EV_110
351.277,0.0,75.96,5300.0,0,4.06,1,50.59,4.278,106.0,-15.4,185.0,EV_110,0.05,410,12.0,DR393518_22,47.2,32158.14,DR393518,181.09,0.0,49.9,D,SimuProB-5,EV_110
348.732,45.0,75.96,5525.0,0,4.055,1,50.55,4.275,110.5,95.2,185.0,EV_110,0.0,420,0.0,DR393518_22,47.4,32158.45,DR393518,181.09,0.0,50.0,D,SimuProB-5,EV_110
346.822,55.0,75.96,5750.0,0,4.052,1,50.53,4.276,115.0,105.8,185.0,EV_110,0.0,430,0.0,DR393518_22,47.6,32158.77,DR393518,181.09,0.0,50.1,D,SimuProB-5,EV_110
347.252,62.0,75.96,5925.0,0,4.05,1,50.49,4.277,118.5,112.5,185.0,EV_110,0.0,440,0.0,DR393518_22,47.8,32159.1,DR393518,181.09,0.0,50.3,D,SimuProB-5,EV_110
343.58,65.0,75.96,5950.0,0,4.045,1,50.45,4.278,119.0,125.0,185.0,EV_110,0.0,450,0.0,DR393518_22,48.0,32159.43,DR393518,181.09,0.0,50.5,D,SimuProB-5,EV_110
349.172,0.0,75.96,5400.0,0,4.06,1,50.44,4.28,108.0,-25.5,185.0,EV_110,0.06,460,15.0,DR393518_22,48.1,32159.73,DR393518,181.09,0.0,50.6,D,SimuProB-5,EV_110
351.121,40.0,75.96,5625.0,0,4.058,1,50.41,4.279,112.5,88.5,185.0,EV_110,0.0,470,0.0,DR393518_22,48.3,32160.04,DR393518,181.09,0.0,50.8,D,SimuProB-5,EV_110
346.991,45.0,75.96,5710.0,0,4.057,1,50.38,4.279,114.2,98.2,185.0,EV_110,0.0,480,0.0,DR393518_22,48.4,32160.36,DR393518,181.09,0.0,50.9,D,SimuProB-5,EV_110
345.96,58.0,75.96,5890.0,0,4.055,1,50.36,4.28,117.8,115.6,185.0,EV_110,0.0,490,0.0,DR393518_22,48.5,32160.68,DR393518,181.09,0.0,51.0,D,SimuProB-5,EV_110
349.154,0.0,75.96,5325.0,0,4.061,1,50.36,4.281,106.5,-35.4,185.0,EV_110,0.07,500,20.0,DR393518_22,48.6,32160.98,DR393518,181.09,0.0,51.1,D,SimuProB-5,EV_110
344.978,42.0,75.96,5575.0,0,4.054,1,50.33,4.278,111.5,105.4,185.0,EV_110,0.0,510,0.0,DR393518_22,48.7,32161.29,DR393518,181.09,0.0,51.2,D,SimuProB-5,EV_110
343.167,65.0,75.96,5950.0,0,4.053,1,50.32,4.277,119.0,128.7,185.0,EV_110,0.0,520,0.0,DR393518_22,48.8,32161.62,DR393518,181.09,0.0,51.3,D,SimuProB-5,EV_110
346.284,0.0,75.96,5200.0,0,4.058,1,50.32,4.28,104.0,-18.2,185.0,EV_110,0.05,530,18.0,DR393518_22,48.9,32161.91,DR393518,181.09,0.0,51.4,D,SimuProB-5,EV_110
342.93,60.0,75.96,5750.0,0,4.05,1,50.27,4.275,115.0,135.2,185.0,EV_110,0.0,540,0.0,DR393518_22,49.0,32162.23,DR393518,181.09,0.0,51.5,D,SimuProB-5,EV_110
343.609,45.0,75.96,5400.0,0,4.052,1,50.25,4.276,108.0,110.5,185.0,EV_110,0.0,550,0.0,DR393518_22,49.1,32162.53,DR393518,181.09,0.0,51.6,D,SimuProB-5,EV_110
341.154,75.0,75.96,6000.0,0,4.048,1,50.21,4.273,120.0,148.9,185.0,EV_110,0.0,560,0.0,DR393518_22,49.3,32162.86,DR393518,181.09,0.0,51.8,D,SimuProB-5,EV_110
343.859,50.0,75.96,5500.0,0,4.055,1,50.2,4.278,110.0,105.4,185.0,EV_110,0.0,570,0.0,DR393518_22,49.4,32163.17,DR393518,181.09,0.0,51.9,D,SimuProB-5,EV_110
342.404,62.0,75.96,5800.0,0,4.049,1,50.18,4.274,116.0,138.5,185.0,EV_110,0.0,580,0.0,DR393518_22,49.5,32163.49,DR393518,181.09,0.0,52.0,D,SimuProB-5,EV_110
345.142,0.0,75.96,5100.0,0,4.057,1,50.18,4.281,102.0,-22.5,185.0,EV_110,0.06,590,15.0,DR393518_22,49.6,32163.77,DR393518,181.09,0.0,52.1,D,SimuProB-5,EV_110
342.795,52.0,75.96,5425.0,0,4.051,1,50.15,4.275,108.5,125.4,185.0,EV_110,0.0,600,0.0,DR393518_22,49.7,32164.07,DR393518,181.09,0.0,52.2,D,SimuProB-5,EV_110
343.881,42.0,75.96,5210.0,0,4.054,1,50.12,4.279,104.2,98.2,185.0,EV_110,0.0,610,0.0,DR393518_22,49.8,32164.36,DR393518,181.09,0.0,52.3,D,SimuProB-5,EV_110
343.109,58.0,75.96,5600.0,0,4.05,1,50.09,4.276,112.0,118.6,185.0,EV_110,0.0,620,0.0,DR393518_22,49.9,32164.67,DR393518,181.09,0.0,52.4,D,SimuProB-5,EV_110
343.002,55.0,75.96,5525.0,0,4.048,1,50.04,4.273,110.5,115.2,185.0,EV_110,0.0,630,0.0,DR393518_22,50.0,32164.98,DR393518,181.09,0.0,52.5,D,SimuProB-5,EV_110
341.08,68.0,75.96,5700.0,0,4.045,1,50.03,4.278,114.0,145.8,185.0,EV_110,0.0,640,0.0,DR393518_22,50.1,32165.29,DR393518,181.09,0.0,52.6,D,SimuProB-5,EV_110
343.448,0.0,75.96,5000.0,0,4.046,1,50.03,4.275,100.0,-15.4,185.0,EV_110,0.05,650,12.0,DR393518_22,50.2,32165.57,DR393518,181.09,0.0,52.7,D,SimuProB-5,EV_110
342.955,35.0,75.96,5125.0,0,4.045,1,49.98,4.27,102.5,85.4,185.0,EV_110,0.0,660,0.0,DR393518_22,50.3,32165.85,DR393518,181.09,0.0,52.8,D,SimuProB-5,EV_110
342.211,40.0,75.96,5340.0,0,4.043,1,49.96,4.268,106.8,92.1,185.0,EV_110,0.0,670,0.0,DR393518_22,50.4,32166.15,DR393518,181.09,0.0,52.9,D,SimuProB-5,EV_110
340.508,52.0,75.96,5560.0,0,4.04,1,49.91,4.265,111.2,105.6,185.0,EV_110,0.0,680,0.0,DR393518_22,50.6,32166.46,DR393518,181.09,0.0,53.1,D,SimuProB-5,EV_110
340.048,55.0,75.96,5775.0,0,4.038,1,49.86,4.262,115.5,115.2,185.0,EV_110,0.0,690,0.0,DR393518_22,50.8,32166.78,DR393518,181.09,0.0,53.3,D,SimuProB-5,EV_110
337.833,62.0,75.96,5900.0,0,4.035,1,49.79,4.258,118.0,138.5,185.0,EV_110,0.0,700,0.0,DR393518_22,51.1,32167.11,DR393518,181.09,0.0,53.6,D,SimuProB-5,EV_110
335.884,68.0,75.96,5975.0,0,4.032,1,49.71,4.255,119.5,155.8,185.0,EV_110,0.0,710,0.0,DR393518_22,51.5,32167.44,DR393518,181.09,0.0,54.0,D,SimuProB-5,EV_110
334.493,58.0,75.96,5860.0,0,4.029,1,49.63,4.252,117.2,142.3,185.0,EV_110,0.0,720,0.0,DR393518_22,51.8,32167.77,DR393518,181.09,0.0,54.3,D,SimuProB-5,EV_110
333.469,65.0,75.96,5975.0,0,4.026,1,49.53,4.249,120.0,165.7,185.0,EV_110,0.0,730,0.0,DR393518_22,52.1,32168.1,DR393518,181.09,0.0,54.7,D,SimuProB-5,EV_110
334.761,52.0,75.96,5725.0,0,4.024,1,49.46,4.247,114.5,128.4,185.0,EV_110,0.0,740,0.0,DR393518_22,52.3,32168.42,DR393518,181.09,0.0,54.9,D,SimuProB-5,EV_110
333.014,60.0,75.96,5840.0,0,4.022,1,49.36,4.245,116.8,145.2,185.0,EV_110,0.0,750,0.0,DR393518_22,52.5,32168.74,DR393518,181.09,0.0,55.1,D,SimuProB-5,EV_110
331.069,72.0,75.96,5975.0,0,4.019,1,49.27,4.242,119.5,168.5,185.0,EV_110,0.0,760,0.0,DR393518_22,52.8,32169.08,DR393518,181.09,0.0,55.4,D,SimuProB-5,EV_110
330.101,78.0,75.96,6000.0,0,4.017,1,49.18,4.24,121.0,175.3,185.0,EV_110,0.0,770,0.0,DR393518_22,53.1,32169.41,DR393518,181.09,0.0,55.8,D,SimuProB-5,EV_110
330.859,68.0,75.96,5925.0,0,4.015,1,49.1,4.238,118.5,155.2,185.0,EV_110,0.0,780,0.0,DR393518_22,53.3,32169.74,DR393518,181.09,0.0,56.0,D,SimuProB-5,EV_110
331.429,55.0,75.96,5750.0,0,4.013,1,49.01,4.235,115.0,135.8,185.0,EV_110,0.0,790,0.0,DR393518_22,53.5,32170.06,DR393518,181.09,0.0,56.2,D,SimuProB-5,EV_110
330.138,75.0,75.96,6000.0,0,4.01,1,48.91,4.232,120.5,162.4,185.0,EV_110,0.0,800,0.0,DR393518_22,53.8,32170.39,DR393518,181.09,0.0,56.5,D,SimuProB-5,EV_110
332.041,62.0,75.96,5890.0,0,4.008,1,48.81,4.23,117.8,145.2,185.0,EV_110,0.0,810,0.0,DR393518_22,54.0,32170.72,DR393518,181.09,0.0,56.7,D,SimuProB-5,EV_110
333.489,45.0,75.96,5625.0,0,4.005,1,48.73,4.228,112.5,115.8,185.0,EV_110,0.0,820,0.0,DR393518_22,54.2,32171.03,DR393518,181.09,0.0,56.9,D,SimuProB-5,EV_110
334.54,38.0,75.96,5410.0,0,4.003,1,48.68,4.225,108.2,98.4,185.0,EV_110,0.0,830,0.0,DR393518_22,54.4,32171.33,DR393518,181.09,0.0,57.1,D,SimuProB-5,EV_110
332.329,35.0,75.96,5250.0,0,4.002,1,48.62,4.224,105.0,105.5,185.0,EV_110,0.0,840,0.0,DR393518_22,54.6,32171.62,DR393518,181.09,0.0,57.3,D,SimuProB-5,EV_110
334.185,30.0,75.96,5125.0,0,4.001,1,48.57,4.223,102.5,92.3,185.0,EV_110,0.0,850,0.0,DR393518_22,54.8,32171.91,DR393518,181.09,0.0,57.5,D,SimuProB-5,EV_110
333.524,36.0,75.96,5300.0,0,4.0,1,48.52,4.222,106.0,98.1,185.0,EV_110,0.0,860,0.0,DR393518_22,55.0,32172.2,DR393518,181.09,0.0,57.7,D,SimuProB-5,EV_110
334.326,42.0,75.96,5425.0,0,3.999,1,48.46,4.221,108.5,102.4,185.0,EV_110,0.0,870,0.0,DR393518_22,55.2,32172.5,DR393518,181.09,0.0,57.9,D,SimuProB-5,EV_110
334.684,38.0,75.96,5260.0,0,3.998,1,48.44,4.22,105.2,95.7,185.0,EV_110,0.0,880,0.0,DR393518_22,55.4,32172.79,DR393518,181.09,0.0,58.1,D,SimuProB-5,EV_110
333.163,48.0,75.96,5550.0,0,3.997,1,48.4,4.219,111.0,108.9,185.0,EV_110,0.0,890,0.0,DR393518_22,55.6,32173.1,DR393518,181.09,0.0,58.3,D,SimuProB-5,EV_110
333.107,50.0,75.96,5625.0,0,3.996,1,48.34,4.218,112.5,115.2,185.0,EV_110,0.0,900,0.0,DR393518_22,55.8,32173.41,DR393518,181.09,0.0,58.5,D,SimuProB-5,EV_110
332.944,45.0,75.96,5500.0,0,3.995,1,48.29,4.217,110.0,105.8,185.0,EV_110,0.0,910,0.0,DR393518_22,56.0,32173.72,DR393518,181.09,0.0,58.7,D,SimuProB-5,EV_110
331.605,55.0,75.96,5700.0,0,3.994,1,48.24,4.216,114.0,125.5,185.0,EV_110,0.0,920,0.0,DR393518_22,56.3,32174.03,DR393518,181.09,0.0,59.0,D,SimuProB-5,EV_110
331.06,62.0,75.96,5925.0,0,3.993,1,48.18,4.215,118.5,132.4,185.0,EV_110,0.0,930,0.0,DR393518_22,56.5,32174.36,DR393518,181.09,0.0,59.2,D,SimuProB-5,EV_110
331.775,42.0,75.96,5750.0,0,3.992,1,48.12,4.216,115.0,118.6,185.0,EV_110,0.0,940,0.0,DR393518_22,56.7,32174.68,DR393518,181.09,0.0,59.4,D,SimuProB-5,EV_110
331.629,58.0,75.96,5960.0,0,3.991,1,48.04,4.215,119.2,128.9,185.0,EV_110,0.0,950,0.0,DR393518_22,56.9,32175.01,DR393518,181.09,0.0,59.6,D,SimuProB-5,EV_110
330.29,48.0,75.96,5825.0,0,3.99,1,47.96,4.214,116.5,140.2,185.0,EV_110,0.0,960,0.0,DR393518_22,57.2,32175.33,DR393518,181.09,0.0,59.9,D,SimuProB-5,EV_110
331.858,0.0,75.96,5400.0,0,3.989,1,47.91,4.213,108.0,-45.5,185.0,EV_110,0.06,970,15.0,DR393518_22,57.4,32175.63,DR393518,181.09,0.0,60.1,D,SimuProB-5,EV_110
331.502,40.0,75.96,5625.0,0,3.988,1,47.85,4.212,112.5,95.4,185.0,EV_110,0.0,980,0.0,DR393518_22,57.7,32175.95,DR393518,181.09,0.0,60.4,D,SimuProB-5,EV_110
331.216,45.0,75.96,5660.0,0,3.987,1,47.8,4.211,113.2,110.5,185.0,EV_110,0.0,990,0.0,DR393518_22,57.9,32176.26,DR393518,181.09,0.0,60.6,D,SimuProB-5,EV_110
331.056,38.0,75.96,5540.0,0,3.986,1,47.75,4.21,110.8,98.2,185.0,EV_110,0.0,1000,0.0,DR393518_22,58.1,32176.57,DR393518,181.09,0.0,60.8,D,SimuProB-5,EV_110
330.617,55.0,75.96,5875.0,0,3.984,1,47.7,4.212,117.5,125.8,185.0,EV_110,0.0,1010,0.0,DR393518_22,58.4,32176.9,DR393518,181.09,0.0,61.1,D,SimuProB-5,EV_110
330.279,65.0,75.96,6000.0,0,3.982,1,47.68,4.214,120.0,145.2,185.0,EV_110,0.0,1020,0.0,DR393518_22,58.6,32177.23,DR393518,181.09,0.0,61.3,D,SimuProB-5,EV_110
330.934,45.0,75.96,5825.0,0,3.983,1,47.65,4.213,116.5,115.6,185.0,EV_110,0.0,1030,0.0,DR393518_22,58.8,32177.56,DR393518,181.09,0.0,61.5,D,SimuProB-5,EV_110
331.022,35.0,75.96,5500.0,0,3.985,1,47.64,4.212,110.0,88.5,185.0,EV_110,0.0,1040,0.0,DR393518_22,58.9,32177.86,DR393518,181.09,0.0,61.6,D,SimuProB-5,EV_110
330.409,36.5,75.96,5620.0,0,3.984,1,47.63,4.211,112.4,95.3,185.0,EV_110,0.0,1050,0.0,DR393518_22,59.0,32178.17,DR393518,181.09,0.0,61.7,D,SimuProB-5,EV_110
331.219,32.0,75.96,5410.0,0,3.986,1,47.62,4.21,108.2,78.6,185.0,EV_110,0.0,1060,0.0,DR393518_22,59.1,32178.47,DR393518,181.09,0.0,61.8,D,SimuProB-5,EV_110
330.849,42.0,75.96,5740.0,0,3.983,1,47.6,4.212,114.8,102.4,185.0,EV_110,0.0,1070,0.0,DR393518_22,59.2,32178.79,DR393518,181.09,0.0,61.9,D,SimuProB-5,EV_110
330.96,40.0,75.96,5680.0,0,3.982,1,47.59,4.21,113.5,98.2,185.0,EV_110,0.0,1080,0.0,DR393518_22,59.3,32179.11,DR393518,181.09,0.0,62.0,D,SimuProB-5,EV_110
331.1,30.0,75.96,5350.0,0,3.985,1,47.57,4.208,107.0,75.3,185.0,EV_110,0.0,1090,0.0,DR393518_22,59.4,32179.4,DR393518,181.09,0.0,62.1,D,SimuProB-5,EV_110
330.318,48.0,75.96,5910.0,0,3.98,1,47.56,4.215,118.2,118.5,185.0,EV_110,0.0,1100,0.0,DR393518_22,59.5,32179.73,DR393518,181.09,0.0,62.3,D,SimuProB-5,EV_110
330.685,35.0,75.96,5525.0,0,3.984,1,47.54,4.211,110.5,85.4,185.0,EV_110,0.0,1110,0.0,DR393518_22,59.55,32180.04,DR393518,181.09,0.0,62.35,D,SimuProB-5,EV_110
330.952,25.0,75.96,5115.0,0,3.986,1,47.53,4.209,102.3,65.2,185.0,EV_110,0.0,1120,0.0,DR393518_22,59.6,32180.32,DR393518,181.09,0.0,62.4,D,SimuProB-5,EV_110
331.217,18.0,75.96,4790.0,0,3.987,1,47.53,4.21,95.8,45.8,185.0,EV_110,0.0,1130,0.0,DR393518_22,59.65,32180.59,DR393518,181.09,0.0,62.45,D,SimuProB-5,EV_110
331.376,22.0,75.96,4910.0,0,3.988,1,47.53,4.208,98.2,62.4,185.0,EV_110,0.0,1140,0.0,DR393518_22,59.7,32180.86,DR393518,181.09,0.0,62.5,D,SimuProB-5,EV_110
330.567,32.0,75.96,5280.0,0,3.985,1,47.51,4.212,105.6,88.5,185.0,EV_110,0.0,1150,0.0,DR393518_22,59.75,32181.16,DR393518,181.09,0.0,62.55,D,SimuProB-5,EV_110
330.163,45.0,75.96,5820.0,0,3.982,1,47.51,4.218,116.4,125.3,185.0,EV_110,0.0,1160,0.0,DR393518_22,59.8,32181.48,DR393518,181.09,0.0,62.6,D,SimuProB-5,EV_110
328.392,55.0,75.96,5925.0,0,3.98,1,47.5,4.215,118.5,145.2,185.0,EV_110,0.0,1170,0.0,DR393518_22,59.95,32181.81,DR393518,181.09,0.0,62.75,D,SimuProB-5,EV_110
332.126,0.0,75.96,5410.0,0,3.985,1,47.49,4.22,108.2,-25.4,185.0,EV_110,0.05,1180,12.0,DR393518_22,60.0,32182.11,DR393518,181.09,0.0,62.8,D,SimuProB-5,EV_110
335.865,28.0,75.96,5025.0,0,3.988,1,47.47,4.218,100.5,72.6,185.0,EV_110,0.0,1190,0.0,DR393518_22,60.15,32182.39,DR393518,181.09,0.0,62.95,D,SimuProB-5,EV_110
334.696,22.0,75.96,4925.0,0,3.985,1,47.46,4.215,98.5,65.3,185.0,EV_110,0.0,1200,0.0,DR393518_22,60.25,32182.66,DR393518,181.09,0.0,63.05,D,SimuProB-5,EV_110
332.155,18.0,75.96,4760.0,0,3.982,1,47.45,4.212,95.2,58.2,185.0,EV_110,0.0,1210,0.0,DR393518_22,60.35,32182.93,DR393518,181.09,0.0,63.15,D,SimuProB-5,EV_110
330.499,25.0,75.96,4890.0,0,3.98,1,47.44,4.21,97.8,62.8,185.0,EV_110,0.0,1220,0.0,DR393518_22,60.45,32183.2,DR393518,181.09,0.0,63.25,D,SimuProB-5,EV_110
330.503,26.0,75.96,4960.0,0,3.978,1,47.41,4.208,99.2,60.5,185.0,EV_110,0.0,1230,0.0,DR393518_22,60.55,32183.48,DR393518,181.09,0.0,63.35,D,SimuProB-5,EV_110
331.79,20.0,75.96,4840.0,0,3.975,1,47.41,4.205,96.8,55.2,185.0,EV_110,0.0,1240,0.0,DR393518_22,60.65,32183.74,DR393518,181.09,0.0,63.45,D,SimuProB-5,EV_110
331.326,30.0,75.96,5075.0,0,3.973,1,47.41,4.203,101.5,63.1,185.0,EV_110,0.0,1250,0.0,DR393518_22,60.75,32184.03,DR393518,181.09,0.0,63.55,D,SimuProB-5,EV_110
331.796,22.0,75.96,4925.0,0,3.971,1,47.39,4.201,98.5,58.4,185.0,EV_110,0.0,1260,0.0,DR393518_22,60.85,32184.3,DR393518,181.09,0.0,63.65,D,SimuProB-5,EV_110
329.65,35.0,75.96,5210.0,0,3.969,1,47.37,4.199,104.2,72.5,185.0,EV_110,0.0,1270,0.0,DR393518_22,61.05,32184.59,DR393518,181.09,0.0,63.85,D,SimuProB-5,EV_110
331.146,28.0,75.96,5040.0,0,3.967,1,47.37,4.197,100.8,61.2,185.0,EV_110,0.0,0,0.0,DR393518_23,61.25,32184.87,DR393518,181.09,0.0,64.05,D,SimuProB-5,EV_110
331.051,25.0,75.96,5125.0,0,3.965,1,47.34,4.195,102.5,65.4,185.0,EV_110,0.0,10,0.0,DR393518_23,61.35,32185.15,DR393518,181.09,0.0,64.15,D,SimuProB-5,EV_110
331.524,22.0,75.96,4960.0,0,3.963,1,47.34,4.193,99.2,58.9,185.0,EV_110,0.0,20,0.0,DR393518_23,61.45,32185.43,DR393518,181.09,0.0,64.25,D,SimuProB-5,EV_110
328.85,42.0,75.96,5420.0,0,3.961,1,47.31,4.191,108.4,78.6,185.0,EV_110,0.0,30,0.0,DR393518_23,61.65,32185.73,DR393518,181.09,0.0,64.45,D,SimuProB-5,EV_110
328.998,38.0,75.96,5340.0,0,3.96,1,47.28,4.19,106.8,74.2,185.0,EV_110,0.0,40,0.0,DR393518_23,61.75,32186.03,DR393518,181.09,0.0,64.55,D,SimuProB-5,EV_110
329.854,29.0,75.96,5075.0,0,3.958,1,47.26,4.188,101.5,63.5,185.0,EV_110,0.0,50,0.0,DR393518_23,61.85,32186.31,DR393518,181.09,0.0,64.65,D,SimuProB-5,EV_110
331.956,24.0,75.96,4870.0,0,3.956,1,47.26,4.186,97.4,55.1,185.0,EV_110,0.0,60,0.0,DR393518_23,61.95,32186.58,DR393518,181.09,0.0,64.75,D,SimuProB-5,EV_110
333.271,18.0,75.96,4660.0,0,3.954,1,47.23,4.184,93.2,48.5,185.0,EV_110,0.0,70,0.0,DR393518_23,62.0,32186.84,DR393518,181.09,0.0,64.8,D,SimuProB-5,EV_110
334.749,15.0,75.96,4425.0,0,3.952,1,47.22,4.182,88.5,42.1,185.0,EV_110,0.0,80,0.0,DR393518_23,62.05,32187.08,DR393518,181.09,0.0,64.85,D,SimuProB-5,EV_110
334.733,15.0,75.96,4255.0,0,3.95,1,47.22,4.18,85.1,38.4,185.0,EV_110,0.0,90,0.0,DR393518_23,62.1,32187.32,DR393518,181.09,0.0,64.9,D,SimuProB-5,EV_110
335.573,14.0,75.96,4180.0,0,3.948,1,47.2,4.178,83.5,35.8,185.0,EV_110,0.0,100,0.0,DR393518_23,62.15,32187.55,DR393518,181.09,0.0,64.95,D,SimuProB-5,EV_110
336.826,13.0,75.96,4145.0,0,3.946,1,47.18,4.176,82.8,31.2,185.0,EV_110,0.0,110,0.0,DR393518_23,62.2,32187.78,DR393518,181.09,0.0,65.0,D,SimuProB-5,EV_110
334.733,22.0,75.96,4360.0,0,3.944,1,47.18,4.174,87.2,45.5,185.0,EV_110,0.0,120,0.0,DR393518_23,62.3,32188.02,DR393518,181.09,0.0,65.0,D,SimuProB-5,EV_110
334.972,28.0,75.96,4475.0,0,3.942,1,47.16,4.172,89.5,48.2,185.0,EV_110,0.0,130,0.0,DR393518_23,62.4,32188.27,DR393518,181.09,0.0,65.0,D,SimuProB-5,EV_110
334.06,45.0,75.96,4760.0,0,3.94,1,47.15,4.17,95.2,65.4,185.0,EV_110,0.0,140,0.0,DR393518_23,62.6,32188.53,DR393518,181.09,0.0,65.0,D,SimuProB-5,EV_110
334.604,18.0,75.96,4340.0,0,3.938,1,47.13,4.168,86.8,40.1,185.0,EV_110,0.0,150,0.0,DR393518_23,62.7,32188.77,DR393518,181.09,0.0,65.0,D,SimuProB-5,EV_110
333.519,32.0,75.96,4570.0,0,3.935,1,47.11,4.165,91.4,55.2,185.0,EV_110,0.0,160,0.0,DR393518_23,62.8,32189.02,DR393518,181.09,0.0,65.0,D,SimuProB-5,EV_110
331.64,55.0,75.96,5125.0,0,3.932,1,47.1,4.162,102.5,82.5,185.0,EV_110,0.0,170,0.0,DR393518_23,62.9,32189.31,DR393518,181.09,0.0,65.0,D,SimuProB-5,EV_110
335.307,0.0,75.96,4910.0,0,3.934,1,47.08,4.164,98.2,-25.4,185.0,EV_110,0.05,180,15.0,DR393518_23,63.0,32189.58,DR393518,181.09,0.0,65.0,D,SimuProB-5,EV_110
330.98,58.0,75.96,5190.0,0,3.93,1,47.08,4.16,103.8,88.5,185.0,EV_110,0.0,190,0.0,DR393518_23,63.05,32189.87,DR393518,181.09,0.0,65.0,D,SimuProB-5,EV_110
334.457,22.0,75.96,4525.0,0,3.932,1,47.08,4.162,90.5,42.3,185.0,EV_110,0.0,200,0.0,DR393518_23,63.1,32190.12,DR393518,181.09,0.0,65.0,D,SimuProB-5,EV_110
330.625,40.0,75.96,4820.0,0,3.928,1,47.08,4.158,96.4,75.2,185.0,EV_110,0.0,210,0.0,DR393518_23,63.15,32190.39,DR393518,181.09,0.0,65.0,D,SimuProB-5,EV_110
332.778,35.0,75.96,4890.0,0,3.933,1,47.07,4.163,97.8,68.4,185.0,EV_110,0.0,220,0.0,DR393518_23,63.3,32190.66,DR393518,181.09,0.0,65.0,D,SimuProB-5,EV_110
331.521,42.0,75.96,4975.0,0,3.931,1,47.06,4.161,99.5,72.1,185.0,EV_110,0.0,230,0.0,DR393518_23,63.5,32190.94,DR393518,181.09,0.0,65.0,D,SimuProB-5,EV_110
328.952,65.0,75.96,5310.0,0,3.929,1,47.04,4.165,106.2,95.3,185.0,EV_110,0.0,240,0.0,DR393518_23,63.8,32191.23,DR393518,181.09,0.0,65.0,D,SimuProB-5,EV_110
327.332,85.0,75.96,5625.0,0,3.925,1,47.01,4.168,112.5,112.5,185.0,EV_110,0.0,250,0.0,DR393518_23,64.0,32191.54,DR393518,181.09,0.0,65.0,D,SimuProB-5,EV_110
335.1,25.0,75.96,5410.0,0,3.938,1,47.0,4.172,108.2,45.2,185.0,EV_110,0.0,260,0.0,DR393518_23,64.1,32191.84,DR393518,181.09,0.0,65.0,D,SimuProB-5,EV_110
338.1,18.0,75.96,5250.0,0,3.94,1,47.0,4.175,105.0,32.1,185.0,EV_110,0.0,270,0.0,DR393518_23,64.2,32192.13,DR393518,181.09,0.0,65.0,D,SimuProB-5,EV_110
336.693,22.0,75.96,5190.0,0,3.941,1,46.99,4.176,103.8,38.4,185.0,EV_110,0.0,280,0.0,DR393518_23,64.3,32192.42,DR393518,181.09,0.0,65.0,D,SimuProB-5,EV_110
333.358,45.0,75.96,5425.0,0,3.939,1,46.98,4.178,108.5,55.7,185.0,EV_110,0.0,290,0.0,DR393518_23,64.5,32192.72,DR393518,181.09,0.0,65.0,D,SimuProB-5,EV_110
337.341,19.0,75.96,5120.0,0,3.942,1,46.97,4.18,102.4,28.9,185.0,EV_110,0.0,300,0.0,DR393518_23,64.6,32193.0,DR393518,181.09,0.0,65.0,D,SimuProB-5,EV_110
334.989,24.0,75.96,5210.0,0,3.94,1,46.95,4.179,104.2,42.5,185.0,EV_110,0.0,310,0.0,DR393518_23,64.7,32193.29,DR393518,181.09,0.0,65.0,D,SimuProB-5,EV_110
331.586,48.0,75.96,5475.0,0,3.937,1,46.94,4.182,109.5,68.3,185.0,EV_110,0.0,320,0.0,DR393518_23,64.9,32193.59,DR393518,181.09,0.0,65.0,D,SimuProB-5,EV_110
336.924,20.0,75.96,5190.0,0,3.943,1,46.94,4.181,103.8,30.1,185.0,EV_110,0.0,330,0.0,DR393518_23,65.0,32193.88,DR393518,181.09,0.0,65.0,D,SimuProB-5,EV_110
338.035,16.0,75.96,4960.0,0,3.945,1,46.92,4.181,99.2,25.4,185.0,EV_110,0.0,340,0.0,DR393518_23,65.0,32194.16,DR393518,181.09,0.0,65.0,D,SimuProB-5,EV_110
335.027,42.0,75.96,5340.0,0,3.938,1,46.92,4.183,106.8,58.2,185.0,EV_110,0.0,350,0.0,DR393518_23,65.0,32194.45,DR393518,181.09,0.0,65.0,D,SimuProB-5,EV_110
337.708,22.0,75.96,5075.0,0,3.941,1,46.92,4.18,101.5,32.1,185.0,EV_110,0.0,360,0.0,DR393518_23,65.0,32194.73,DR393518,181.09,0.0,65.0,D,SimuProB-5,EV_110
336.771,35.0,75.96,5260.0,0,3.94,1,46.91,4.182,105.2,45.8,185.0,EV_110,0.0,370,0.0,DR393518_23,65.0,32195.02,DR393518,181.09,0.0,65.0,D,SimuProB-5,EV_110
335.008,55.0,75.96,5620.0,0,3.936,1,46.88,4.183,112.4,72.5,185.0,EV_110,0.0,380,0.0,DR393518_23,65.0,32195.33,DR393518,181.09,0.0,65.0,D,SimuProB-5,EV_110
337.06,28.0,75.96,5430.0,0,3.942,1,46.88,4.181,108.6,28.9,185.0,EV_110,0.0,390,0.0,DR393518_23,65.0,32195.64,DR393518,181.09,0.0,65.0,D,SimuProB-5,EV_110
335.131,45.0,75.96,5475.0,0,3.935,1,46.86,4.182,109.5,62.3,185.0,EV_110,0.0,400,0.0,DR393518_23,65.0,32195.94,DR393518,181.09,0.0,65.0,D,SimuProB-5,EV_110
337.224,25.0,75.96,5160.0,0,3.941,1,46.83,4.18,103.2,35.5,185.0,EV_110,0.0,410,0.0,DR393518_23,65.0,32196.23,DR393518,181.09,0.0,65.0,D,SimuProB-5,EV_110
334.896,60.0,75.96,5590.0,0,3.932,1,46.83,4.184,111.8,85.4,185.0,EV_110,0.0,420,0.0,DR393518_23,65.0,32196.54,DR393518,181.09,0.0,65.0,D,SimuProB-5,EV_110
335.386,32.0,75.96,5275.0,0,3.938,1,46.81,4.182,105.5,45.2,185.0,EV_110,0.0,430,0.0,DR393518_23,65.0,32196.83,DR393518,181.09,0.0,65.0,D,SimuProB-5,EV_110
338.329,22.0,75.96,5060.0,0,3.94,1,46.81,4.18,101.2,38.6,185.0,EV_110,0.0,440,0.0,DR393518_23,65.0,32197.11,DR393518,181.09,0.0,65.0,D,SimuProB-5,EV_110
334.806,58.0,75.96,5690.0,0,3.93,1,46.78,4.185,113.8,78.3,185.0,EV_110,0.0,450,0.0,DR393518_23,65.0,32197.43,DR393518,181.09,0.0,65.0,D,SimuProB-5,EV_110
336.46,28.0,75.96,5320.0,0,3.939,1,46.75,4.181,106.4,42.3,185.0,EV_110,0.0,460,0.0,DR393518_23,65.0,32197.73,DR393518,181.09,0.0,65.0,D,SimuProB-5,EV_110
333.423,62.0,75.96,5710.0,0,3.928,1,46.74,4.186,114.2,92.6,185.0,EV_110,0.0,470,0.0,DR393518_23,65.0,32198.04,DR393518,181.09,0.0,65.0,D,SimuProB-5,EV_110
337.788,24.0,75.96,5105.0,0,3.942,1,46.74,4.183,102.1,38.9,185.0,EV_110,0.0,480,0.0,DR393518_23,65.0,32198.33,DR393518,181.09,0.0,65.0,D,SimuProB-5,EV_110
332.393,60.0,75.96,5625.0,0,3.925,1,46.71,4.188,112.5,95.2,185.0,EV_110,0.0,490,0.0,DR393518_23,65.0,32198.64,DR393518,181.09,0.0,65.0,D,SimuProB-5,EV_110
335.853,25.0,75.96,5240.0,0,3.94,1,46.67,4.184,104.8,40.1,185.0,EV_110,0.0,500,0.0,DR393518_23,65.0,32198.93,DR393518,181.09,0.0,65.0,D,SimuProB-5,EV_110
334.019,48.0,75.96,5460.0,0,3.932,1,46.66,4.186,109.2,72.5,185.0,EV_110,0.0,510,0.0,DR393518_23,65.0,32199.24,DR393518,181.09,0.0,65.0,D,SimuProB-5,EV_110
331.119,72.0,75.96,5840.0,0,3.915,1,46.63,4.192,116.8,110.5,185.0,EV_110,0.0,520,0.0,DR393518_23,65.0,32199.56,DR393518,181.09,0.0,65.0,D,SimuProB-5,EV_110
336.213,28.0,75.96,5175.0,0,3.935,1,46.63,4.185,103.5,45.2,185.0,EV_110,0.0,530,0.0,DR393518_23,65.0,32199.85,DR393518,181.09,0.0,65.0,D,SimuProB-5,EV_110
334.137,58.0,75.96,5560.0,0,3.922,1,46.62,4.19,111.2,88.4,185.0,EV_110,0.0,540,0.0,DR393518_23,65.0,32200.16,DR393518,181.09,0.0,65.0,D,SimuProB-5,EV_110
332.576,42.0,75.96,5425.0,0,3.928,1,46.61,4.182,108.5,65.3,185.0,EV_110,0.0,550,0.0,DR393518_23,65.0,32200.46,DR393518,181.09,0.0,65.0,D,SimuProB-5,EV_110
329.566,65.0,75.96,5620.0,0,3.918,1,46.59,4.188,112.4,98.7,185.0,EV_110,0.0,560,0.0,DR393518_23,65.0,32200.77,DR393518,181.09,0.0,65.0,D,SimuProB-5,EV_110
335.583,18.0,75.96,4910.0,0,3.93,1,46.58,4.18,98.2,35.2,185.0,EV_110,0.0,570,0.0,DR393518_23,65.0,32201.05,DR393518,181.09,0.0,65.0,D,SimuProB-5,EV_110
333.679,35.0,75.96,5290.0,0,3.925,1,46.57,4.186,105.8,72.5,185.0,EV_110,0.0,580,0.0,DR393518_23,65.0,32201.34,DR393518,181.09,0.0,65.0,D,SimuProB-5,EV_110
328.838,62.0,75.96,5725.0,0,3.915,1,46.56,4.192,114.5,95.3,185.0,EV_110,0.0,590,0.0,DR393518_23,65.0,32201.66,DR393518,181.09,0.0,65.0,D,SimuProB-5,EV_110
333.761,0.0,75.96,4825.0,0,3.932,1,46.55,4.188,96.5,-25.4,185.0,EV_110,0.06,600,15.0,DR393518_23,65.0,32201.93,DR393518,181.09,0.0,65.0,D,SimuProB-5,EV_110
342.385,25.0,75.96,4875.0,0,3.935,1,46.53,4.185,97.5,45.2,185.0,EV_110,0.0,610,0.0,DR393518_23,65.0,32202.2,DR393518,181.09,0.0,65.0,D,SimuProB-5,EV_110
336.487,55.0,75.96,5410.0,0,3.92,1,46.53,4.19,108.2,88.4,185.0,EV_110,0.0,620,0.0,DR393518_23,65.0,32202.5,DR393518,181.09,0.0,65.0,D,SimuProB-5,EV_110
338.226,30.0,75.96,5105.0,0,3.928,1,46.52,4.187,102.1,52.6,185.0,EV_110,0.0,630,0.0,DR393518_23,65.0,32202.78,DR393518,181.09,0.0,65.0,D,SimuProB-5,EV_110
334.032,58.0,75.96,5620.0,0,3.925,1,46.49,4.185,112.4,105.2,185.0,EV_110,0.0,640,0.0,DR393518_23,65.0,32203.09,DR393518,181.09,0.0,65.0,D,SimuProB-5,EV_110
339.947,42.0,75.96,5425.0,0,3.922,1,46.49,4.182,108.5,65.5,185.0,EV_110,0.0,650,0.0,DR393518_23,65.0,32203.39,DR393518,181.09,0.0,65.0,D,SimuProB-5,EV_110
341.391,0.0,75.96,4925.0,0,3.92,1,46.48,4.18,98.5,-15.3,185.0,EV_110,0.04,660,10.0,DR393518_23,65.0,32203.67,DR393518,181.09,0.0,65.0,D,SimuProB-5,EV_110
337.325,35.0,75.96,5265.0,0,3.922,1,46.46,4.185,105.3,72.4,185.0,EV_110,0.0,670,0.0,DR393518_23,65.0,32203.96,DR393518,181.09,0.0,65.0,D,SimuProB-5,EV_110
332.81,52.0,75.96,5535.0,0,3.918,1,46.45,4.192,110.7,95.8,185.0,EV_110,0.0,680,0.0,DR393518_23,65.0,32204.27,DR393518,181.09,0.0,65.0,D,SimuProB-5,EV_110
337.571,28.0,75.96,5140.0,0,3.925,1,46.43,4.188,102.8,58.2,185.0,EV_110,0.0,690,0.0,DR393518_23,65.0,32204.56,DR393518,181.09,0.0,65.0,D,SimuProB-5,EV_110
336.26,38.0,75.96,5310.0,0,3.92,1,46.4,4.186,106.2,68.3,185.0,EV_110,0.0,700,0.0,DR393518_23,65.0,32204.85,DR393518,181.09,0.0,65.0,D,SimuProB-5,EV_110
333.93,55.0,75.96,5625.0,0,3.916,1,46.4,4.19,112.5,85.6,185.0,EV_110,0.0,710,0.0,DR393518_23,65.0,32205.17,DR393518,181.09,0.0,65.0,D,SimuProB-5,EV_110
338.329,0.0,75.96,4790.0,0,3.922,1,46.39,4.185,95.8,-25.4,185.0,EV_110,0.05,720,15.0,DR393518_23,65.0,32205.43,DR393518,181.09,0.0,65.0,D,SimuProB-5,EV_110
336.129,42.0,75.96,5425.0,0,3.919,1,46.39,4.187,108.5,72.4,185.0,EV_110,0.0,730,0.0,DR393518_23,65.0,32205.73,DR393518,181.09,0.0,65.0,D,SimuProB-5,EV_110
334.7,50.0,75.96,5560.0,0,3.915,1,46.37,4.191,111.2,88.1,185.0,EV_110,0.0,740,0.0,DR393518_23,65.0,32206.04,DR393518,181.09,0.0,65.0,D,SimuProB-5,EV_110
333.0,58.0,75.96,5690.0,0,3.914,1,46.37,4.189,113.8,92.5,185.0,EV_110,0.0,750,0.0,DR393518_23,65.0,32206.36,DR393518,181.09,0.0,65.0,D,SimuProB-5,EV_110
331.911,62.0,75.96,5760.0,0,3.912,1,46.36,4.192,115.2,98.2,185.0,EV_110,0.0,760,0.0,DR393518_23,65.0,32206.68,DR393518,181.09,0.0,65.0,D,SimuProB-5,EV_110
333.229,48.0,75.96,5525.0,0,3.915,1,46.33,4.19,110.5,82.5,185.0,EV_110,0.0,770,0.0,DR393518_23,65.0,32206.99,DR393518,181.09,0.0,65.0,D,SimuProB-5,EV_110
334.061,0.0,75.96,5120.0,0,3.918,1,46.33,4.188,102.4,-15.3,185.0,EV_110,0.06,780,12.0,DR393518_23,65.0,32207.27,DR393518,181.09,0.0,65.0,D,SimuProB-5,EV_110
332.468,52.0,75.96,5425.0,0,3.914,1,46.31,4.19,108.5,95.4,185.0,EV_110,0.0,790,0.0,DR393518_23,65.0,32207.57,DR393518,181.09,0.0,65.0,D,SimuProB-5,EV_110
331.669,65.0,75.96,5710.0,0,3.911,1,46.31,4.189,114.2,105.8,185.0,EV_110,0.0,800,0.0,DR393518_23,65.0,32207.89,DR393518,181.09,0.0,65.0,D,SimuProB-5,EV_110
334.059,0.0,75.96,5290.0,0,3.916,1,46.29,4.192,105.8,-22.5,185.0,EV_110,0.07,810,18.0,DR393518_23,65.0,32208.18,DR393518,181.09,0.0,65.0,D,SimuProB-5,EV_110
333.007,55.0,75.96,5625.0,0,3.913,1,46.29,4.188,112.5,98.2,185.0,EV_110,0.0,820,0.0,DR393518_23,65.0,32208.49,DR393518,181.09,0.0,65.0,D,SimuProB-5,EV_110
331.448,72.0,75.96,5915.0,0,3.91,1,46.28,4.185,118.3,115.4,185.0,EV_110,0.0,830,0.0,DR393518_23,65.0,32208.82,DR393518,181.09,0.0,65.0,D,SimuProB-5,EV_110
334.364,0.0,75.96,5490.0,0,3.915,1,46.27,4.19,109.8,-18.6,185.0,EV_110,0.06,840,15.0,DR393518_23,65.0,32209.13,DR393518,181.09,0.0,65.0,D,SimuProB-5,EV_110
329.972,68.0,75.96,5820.0,0,3.908,1,46.26,4.186,116.4,118.5,185.0,EV_110,0.0,850,0.0,DR393518_23,65.0,32209.45,DR393518,181.09,0.0,65.0,D,SimuProB-5,EV_110
333.017,0.0,75.96,5410.0,0,3.912,1,46.24,4.19,108.2,-25.3,185.0,EV_110,0.08,860,12.0,DR393518_23,65.0,32209.75,DR393518,181.09,0.0,65.0,D,SimuProB-5,EV_110
330.862,58.0,75.96,5680.0,0,3.909,1,46.24,4.187,113.6,102.4,185.0,EV_110,0.0,870,0.0,DR393518_23,65.0,32210.07,DR393518,181.09,0.0,65.0,D,SimuProB-5,EV_110
331.784,65.0,75.96,5760.0,0,3.911,1,46.21,4.188,115.2,125.6,185.0,EV_110,0.0,880,0.0,DR393518_23,65.0,32210.39,DR393518,181.09,0.0,65.0,D,SimuProB-5,EV_110
328.135,82.0,75.96,5975.0,0,3.905,1,46.2,4.185,119.5,142.3,185.0,EV_110,0.0,890,0.0,DR393518_23,65.0,32210.72,DR393518,181.09,0.0,65.0,D,SimuProB-5,EV_110
330.8,0.0,75.96,5640.0,0,3.91,1,46.19,4.19,112.8,-22.1,185.0,EV_110,0.07,900,18.0,DR393518_23,65.0,32211.04,DR393518,181.09,0.0,65.0,D,SimuProB-5,EV_110
328.972,45.0,75.96,5725.0,0,3.912,1,46.17,4.188,114.5,98.5,185.0,EV_110,0.0,910,0.0,DR393518_23,65.0,32211.36,DR393518,181.09,0.0,65.0,D,SimuProB-5,EV_110
327.552,75.0,75.96,5910.0,0,3.908,1,46.15,4.186,118.2,135.2,185.0,EV_110,0.0,920,0.0,DR393518_23,65.0,32211.69,DR393518,181.09,0.0,65.0,D,SimuProB-5,EV_110
331.037,0.0,75.96,5475.0,0,3.913,1,46.14,4.189,109.5,-18.5,185.0,EV_110,0.06,930,15.0,DR393518_23,65.0,32211.99,DR393518,181.09,0.0,65.0,D,SimuProB-5,EV_110
330.763,0.0,75.96,5265.0,0,3.915,1,46.12,4.188,105.3,-15.2,185.0,EV_110,0.05,940,12.0,DR393518_23,65.0,32212.28,DR393518,181.09,0.0,65.0,D,SimuProB-5,EV_110
329.464,55.0,75.96,5430.0,0,3.91,1,46.11,4.187,108.6,110.8,185.0,EV_110,0.0,950,0.0,DR393518_23,65.0,32212.58,DR393518,181.09,0.0,65.0,D,SimuProB-5,EV_110
327.865,80.0,75.96,5670.0,0,3.906,1,46.07,4.186,113.4,145.6,185.0,EV_110,0.0,960,0.0,DR393518_23,65.0,32212.9,DR393518,181.09,0.0,65.0,D,SimuProB-5,EV_110
328.307,72.0,75.96,5840.0,0,3.905,1,46.05,4.184,116.8,138.4,185.0,EV_110,0.0,970,0.0,DR393518_23,65.0,32213.22,DR393518,181.09,0.0,65.0,D,SimuProB-5,EV_110
329.659,58.0,75.96,5625.0,0,3.907,1,46.02,4.185,112.5,105.2,185.0,EV_110,0.0,980,0.0,DR393518_23,65.0,32213.54,DR393518,181.09,0.0,65.0,D,SimuProB-5,EV_110
330.964,0.0,75.96,5410.0,0,3.908,1,46.02,4.186,108.2,-12.8,185.0,EV_110,0.04,990,8.0,DR393518_23,65.0,32213.84,DR393518,181.09,0.0,65.0,D,SimuProB-5,EV_110
332.429,42.0,75.96,5375.0,0,3.909,1,45.99,4.185,107.5,65.4,185.0,EV_110,0.0,1000,0.0,DR393518_23,65.0,32214.14,DR393518,181.09,0.0,65.0,D,SimuProB-5,EV_110
331.681,50.0,75.96,5510.0,0,3.908,1,45.98,4.184,110.2,72.1,185.0,EV_110,0.0,1010,0.0,DR393518_23,65.0,32214.44,DR393518,181.09,0.0,65.0,D,SimuProB-5,EV_110
333.94,0.0,75.96,5290.0,0,3.91,1,45.98,4.186,105.8,-8.5,185.0,EV_110,0.03,1020,12.0,DR393518_23,65.0,32214.74,DR393518,181.09,0.0,65.0,D,SimuProB-5,EV_110
333.127,62.0,75.96,5740.0,0,3.91,1,45.97,4.186,114.8,118.5,185.0,EV_110,0.0,1030,0.0,DR393518_23,65.0,32215.06,DR393518,181.09,0.0,65.0,D,SimuProB-5,EV_110
334.957,48.0,75.96,5660.0,0,3.911,1,45.96,4.187,113.2,85.3,185.0,EV_110,0.0,1040,0.0,DR393518_23,65.0,32215.37,DR393518,181.09,0.0,65.0,D,SimuProB-5,EV_110
335.437,0.0,75.96,5475.0,0,3.912,1,45.94,4.188,109.5,-15.2,185.0,EV_110,0.05,1050,10.0,DR393518_23,65.0,32215.68,DR393518,181.09,0.0,65.0,D,SimuProB-5,EV_110
335.448,42.0,75.96,5575.0,0,3.913,1,45.92,4.189,111.5,78.4,185.0,EV_110,0.0,1060,0.0,DR393518_23,65.0,32215.99,DR393518,181.09,0.0,65.0,D,SimuProB-5,EV_110
336.111,0.0,75.96,5410.0,0,3.914,1,45.91,4.19,108.2,-5.8,185.0,EV_110,0.04,1070,8.0,DR393518_23,65.0,32216.29,DR393518,181.09,0.0,65.0,D,SimuProB-5,EV_110
335.386,68.0,75.96,5840.0,0,3.915,1,45.91,4.191,116.8,95.2,185.0,EV_110,0.0,1080,0.0,DR393518_23,65.0,32216.61,DR393518,181.09,0.0,65.0,D,SimuProB-5,EV_110
333.773,55.0,75.96,5925.0,0,3.916,1,45.89,4.192,118.5,105.5,185.0,EV_110,0.0,1090,0.0,DR393518_23,65.0,32216.94,DR393518,181.09,0.0,65.0,D,SimuProB-5,EV_110
333.797,0.0,75.96,5600.0,0,3.917,1,45.89,4.193,112.0,-22.4,185.0,EV_110,0.06,1100,15.0,DR393518_23,65.0,32217.25,DR393518,181.09,0.0,65.0,D,SimuProB-5,EV_110
333.455,52.0,75.96,5765.0,0,3.918,1,45.88,4.194,115.3,92.1,185.0,EV_110,0.0,1110,0.0,DR393518_23,65.0,32217.57,DR393518,181.09,0.0,65.0,D,SimuProB-5,EV_110
331.778,58.0,75.96,5910.0,0,3.919,1,45.84,4.195,118.2,110.5,185.0,EV_110,0.0,1120,0.0,DR393518_23,65.0,32217.9,DR393518,181.09,0.0,65.0,D,SimuProB-5,EV_110
332.074,45.0,75.96,5775.0,0,3.92,1,45.82,4.196,115.5,98.2,185.0,EV_110,0.0,1130,0.0,DR393518_23,65.0,32218.22,DR393518,181.09,0.0,65.0,D,SimuProB-5,EV_110
334.697,0.0,75.96,5120.0,0,3.921,1,45.82,4.197,102.4,-45.8,185.0,EV_110,0.08,1140,35.0,DR393518_23,65.0,32218.5,DR393518,181.09,0.0,65.0,D,SimuProB-5,EV_110
333.586,48.0,75.96,5425.0,0,3.922,1,45.78,4.198,108.5,85.5,185.0,EV_110,0.0,1150,0.0,DR393518_23,65.0,32218.8,DR393518,181.09,0.0,65.0,D,SimuProB-5,EV_110
331.467,55.0,75.96,5710.0,0,3.923,1,45.73,4.199,114.2,105.2,185.0,EV_110,0.0,1160,0.0,DR393518_23,65.0,32219.12,DR393518,181.09,0.0,65.0,D,SimuProB-5,EV_110
330.925,62.0,75.96,5975.0,0,3.924,1,45.7,4.2,119.5,118.7,185.0,EV_110,0.0,1170,0.0,DR393518_23,65.0,32219.45,DR393518,181.09,0.0,65.0,D,SimuProB-5,EV_110
329.903,58.0,75.96,5890.0,0,3.925,1,45.65,4.2,117.8,125.3,185.0,EV_110,0.0,1180,0.0,DR393518_23,65.0,32219.78,DR393518,181.09,0.0,65.0,D,SimuProB-5,EV_110
331.605,42.0,75.96,5625.0,0,3.923,1,45.65,4.2,112.5,92.4,185.0,EV_110,0.0,1190,0.0,DR393518_23,65.0,32220.09,DR393518,181.09,0.0,65.0,D,SimuProB-5,EV_110
329.913,65.0,75.96,6000.0,0,3.926,1,45.62,4.2,120.0,135.6,185.0,EV_110,0.0,1200,0.0,DR393518_23,65.0,32220.42,DR393518,181.09,0.0,65.0,D,SimuProB-5,EV_110
328.183,68.0,75.96,5920.0,0,3.922,1,45.51,4.2,118.4,142.5,185.0,EV_110,0.0,1210,0.0,DR393518_23,65.0,32220.75,DR393518,181.09,0.0,65.0,D,SimuProB-5,EV_110
328.841,48.0,75.96,5680.0,0,3.924,1,45.45,4.2,113.6,115.3,185.0,EV_110,0.0,1220,0.0,DR393518_23,65.0,32221.06,DR393518,181.09,0.0,65.0,D,SimuProB-5,EV_110
330.3,40.0,75.96,5460.0,0,3.926,1,45.4,4.2,109.2,98.7,185.0,EV_110,0.0,1230,0.0,DR393518_23,65.0,32221.37,DR393518,181.09,0.0,65.0,D,SimuProB-5,EV_110
329.944,45.0,75.96,5525.0,0,3.925,1,45.35,4.2,110.5,105.2,185.0,EV_110,0.0,1240,0.0,DR393518_23,65.0,32221.68,DR393518,181.09,0.0,65.0,D,SimuProB-5,EV_110
327.543,58.0,75.96,5760.0,0,3.922,1,45.31,4.2,115.2,128.4,185.0,EV_110,0.0,1250,0.0,DR393518_23,65.0,32222.0,DR393518,181.09,0.0,65.0,D,SimuProB-5,EV_110
331.281,35.0,75.96,5340.0,0,3.928,1,45.28,4.2,106.8,88.5,185.0,EV_110,0.0,1260,0.0,DR393518_23,65.0,32222.29,DR393518,181.09,0.0,65.0,D,SimuProB-5,EV_110
328.393,46.0,75.96,5560.0,0,3.923,1,45.24,4.2,111.2,112.4,185.0,EV_110,0.0,1270,0.0,DR393518_23,65.0,32222.6,DR393518,181.09,0.0,65.0,D,SimuProB-5,EV_110
329.235,38.0,75.96,5375.0,0,3.925,1,45.21,4.2,107.5,95.2,185.0,EV_110,0.0,0,0.0,DR393518_24,65.0,32222.9,DR393518,181.09,0.0,65.0,D,SimuProB-5,EV_110
327.779,55.0,75.96,5740.0,0,3.921,1,45.18,4.2,114.8,125.6,185.0,EV_110,0.0,10,0.0,DR393518_24,65.0,32223.22,DR393518,181.09,0.0,65.0,D,SimuProB-5,EV_110
326.985,62.0,75.96,5875.0,0,3.919,1,45.14,4.198,117.5,135.2,185.0,EV_110,0.0,20,0.0,DR393518_24,65.0,32223.55,DR393518,181.09,0.0,65.0,D,SimuProB-5,EV_110
327.963,42.0,75.96,5515.0,0,3.924,1,45.13,4.199,110.3,98.7,185.0,EV_110,0.0,30,0.0,DR393518_24,65.0,32223.85,DR393518,181.09,0.0,65.0,D,SimuProB-5,EV_110
325.44,68.0,75.96,5990.0,0,3.917,1,45.08,4.197,119.8,142.8,185.0,EV_110,0.0,40,0.0,DR393518_24,65.0,32224.19,DR393518,181.09,0.0,65.0,D,SimuProB-5,EV_110
322.628,75.0,75.96,6000.0,0,3.915,1,45.01,4.195,120.0,165.4,185.0,EV_110,0.0,50,0.0,DR393518_24,65.0,32224.52,DR393518,181.09,0.0,65.0,D,SimuProB-5,EV_110
325.696,65.0,75.96,5925.0,0,3.918,1,44.93,4.196,118.5,148.2,185.0,EV_110,0.0,60,0.0,DR393518_24,65.0,32224.85,DR393518,181.09,0.0,65.0,D,SimuProB-5,EV_110
328.167,48.0,75.96,5600.0,0,3.922,1,44.86,4.198,112.0,105.6,185.0,EV_110,0.0,70,0.0,DR393518_24,65.0,32225.16,DR393518,181.09,0.0,65.0,D,SimuProB-5,EV_110
326.522,55.0,75.96,5825.0,0,3.919,1,44.77,4.197,116.5,135.2,185.0,EV_110,0.0,80,0.0,DR393518_24,65.0,32225.48,DR393518,181.09,0.0,65.0,D,SimuProB-5,EV_110
324.174,72.0,75.96,6000.0,0,3.916,1,44.68,4.194,120.0,158.6,185.0,EV_110,0.0,90,0.0,DR393518_24,65.0,32225.82,DR393518,181.09,0.0,65.0,D,SimuProB-5,EV_110
327.109,45.0,75.96,5425.0,0,3.921,1,44.6,4.198,108.5,112.4,185.0,EV_110,0.0,100,0.0,DR393518_24,65.0,32226.12,DR393518,181.09,0.0,65.0,D,SimuProB-5,EV_110
326.063,58.0,75.96,5750.0,0,3.917,1,44.51,4.195,115.0,142.5,185.0,EV_110,0.0,110,0.0,DR393518_24,65.0,32226.44,DR393518,181.09,0.0,65.0,D,SimuProB-5,EV_110
323.188,70.0,75.96,6000.0,0,3.915,1,44.41,4.193,120.0,165.2,185.0,EV_110,0.0,120,0.0,DR393518_24,65.0,32226.77,DR393518,181.09,0.0,65.0,D,SimuProB-5,EV_110
325.86,42.0,75.96,5250.0,0,3.92,1,44.34,4.196,105.0,118.5,185.0,EV_110,0.0,130,0.0,DR393518_24,65.0,32227.06,DR393518,181.09,0.0,65.0,D,SimuProB-5,EV_110
326.481,50.0,75.96,5500.0,0,3.918,1,44.24,4.197,110.0,135.0,185.0,EV_110,0.0,140,0.0,DR393518_24,65.0,32227.37,DR393518,181.09,0.0,65.0,D,SimuProB-5,EV_110
324.593,65.0,75.96,5900.0,0,3.915,1,44.18,4.194,118.0,155.0,185.0,EV_110,0.0,150,0.0,DR393518_24,65.0,32227.69,DR393518,181.09,0.0,65.0,D,SimuProB-5,EV_110
327.601,38.0,75.96,5100.0,0,3.922,1,44.1,4.199,102.0,105.0,185.0,EV_110,0.0,160,0.0,DR393518_24,65.0,32227.98,DR393518,181.09,0.0,65.0,D,SimuProB-5,EV_110
328.864,35.0,75.96,5000.0,0,3.925,1,44.03,4.2,100.0,95.0,185.0,EV_110,0.0,170,0.0,DR393518_24,65.0,32228.26,DR393518,181.09,0.0,65.0,D,SimuProB-5,EV_110
329.372,28.0,75.96,4750.0,0,3.928,1,43.97,4.2,95.0,85.0,185.0,EV_110,0.0,180,0.0,DR393518_24,65.0,32228.52,DR393518,181.09,0.0,65.0,D,SimuProB-5,EV_110
330.35,25.0,75.96,4600.0,0,3.93,1,43.9,4.2,92.0,80.0,185.0,EV_110,0.0,190,0.0,DR393518_24,65.0,32228.78,DR393518,181.09,0.0,65.0,D,SimuProB-5,EV_110
330.742,22.0,75.96,4700.0,0,3.932,1,43.83,4.2,94.0,78.0,185.0,EV_110,0.0,200,0.0,DR393518_24,65.0,32229.04,DR393518,181.09,0.0,65.0,D,SimuProB-5,EV_110
331.083,24.0,75.96,4750.0,0,3.935,1,43.78,4.2,95.0,75.0,185.0,EV_110,0.0,210,0.0,DR393518_24,65.0,32229.31,DR393518,181.09,0.0,65.0,D,SimuProB-5,EV_110
331.53,20.0,75.96,4650.0,0,3.936,1,43.72,4.2,93.0,76.0,185.0,EV_110,0.0,220,0.0,DR393518_24,65.0,32229.56,DR393518,181.09,0.0,65.0,D,SimuProB-5,EV_110
331.099,26.0,75.96,4800.0,0,3.938,1,43.66,4.2,96.0,82.0,185.0,EV_110,0.0,230,0.0,DR393518_24,65.0,32229.83,DR393518,181.09,0.0,65.0,D,SimuProB-5,EV_110
331.366,22.0,75.96,4700.0,0,3.939,1,43.59,4.2,94.0,79.0,185.0,EV_110,0.0,240,0.0,DR393518_24,65.0,32230.09,DR393518,181.09,0.0,65.0,D,SimuProB-5,EV_110
331.19,28.0,75.96,4850.0,0,3.937,1,43.53,4.2,97.0,84.0,185.0,EV_110,0.0,250,0.0,DR393518_24,65.0,32230.36,DR393518,181.09,0.0,65.0,D,SimuProB-5,EV_110
331.561,25.0,75.96,4750.0,0,3.938,1,43.46,4.2,95.0,81.0,185.0,EV_110,0.0,260,0.0,DR393518_24,65.0,32230.62,DR393518,181.09,0.0,65.0,D,SimuProB-5,EV_110
331.257,27.0,75.96,4825.0,0,3.939,1,43.4,4.2,96.5,83.0,185.0,EV_110,0.0,270,0.0,DR393518_24,65.0,32230.89,DR393518,181.09,0.0,65.0,D,SimuProB-5,EV_110
331.853,21.0,75.96,4675.0,0,3.938,1,43.34,4.2,93.5,78.0,185.0,EV_110,0.0,280,0.0,DR393518_24,65.0,32231.15,DR393518,181.09,0.0,65.0,D,SimuProB-5,EV_110
331.71,24.0,75.96,4740.0,0,3.937,1,43.27,4.2,94.8,82.5,185.0,EV_110,0.0,290,0.0,DR393518_24,65.0,32231.41,DR393518,181.09,0.0,65.0,D,SimuProB-5,EV_110
331.058,30.0,75.96,4860.0,0,3.936,1,43.19,4.2,97.2,88.2,185.0,EV_110,0.0,300,0.0,DR393518_24,65.0,32231.68,DR393518,181.09,0.0,65.0,D,SimuProB-5,EV_110
331.511,19.0,75.96,4625.0,0,3.939,1,43.15,4.2,92.5,75.5,185.0,EV_110,0.0,310,0.0,DR393518_24,65.0,32231.94,DR393518,181.09,0.0,65.0,D,SimuProB-5,EV_110
331.341,25.0,75.96,4700.0,0,3.938,1,43.11,4.2,94.0,80.5,185.0,EV_110,0.0,320,0.0,DR393518_24,65.0,32232.2,DR393518,181.09,0.0,65.0,D,SimuProB-5,EV_110
331.348,28.0,75.96,4775.0,0,3.937,1,43.07,4.2,95.5,85.0,185.0,EV_110,0.0,330,0.0,DR393518_24,65.0,32232.47,DR393518,181.09,0.0,65.0,D,SimuProB-5,EV_110
330.917,20.0,75.96,4600.0,0,3.939,1,43.06,4.2,92.0,76.0,185.0,EV_110,0.0,340,0.0,DR393518_24,65.0,32232.72,DR393518,181.09,0.0,65.0,D,SimuProB-5,EV_110
330.719,22.0,75.96,4675.0,0,3.935,1,43.04,4.2,93.5,82.0,185.0,EV_110,0.0,350,0.0,DR393518_24,65.0,32232.98,DR393518,181.09,0.0,65.0,D,SimuProB-5,EV_110
330.153,35.0,75.96,4900.0,0,3.932,1,43.01,4.2,98.0,95.0,185.0,EV_110,0.0,360,0.0,DR393518_24,65.0,32233.25,DR393518,181.09,0.0,65.0,D,SimuProB-5,EV_110
330.833,15.0,75.96,4500.0,0,3.936,1,43.01,4.2,90.0,70.0,185.0,EV_110,0.0,370,0.0,DR393518_24,65.0,32233.5,DR393518,181.09,0.0,65.0,D,SimuProB-5,EV_110
330.074,18.0,75.96,4550.0,0,3.934,1,43.0,4.2,91.0,78.0,185.0,EV_110,0.0,380,0.0,DR393518_24,65.0,32233.75,DR393518,181.09,0.0,65.0,D,SimuProB-5,EV_110
330.359,25.0,75.96,4725.0,0,3.931,1,42.99,4.2,94.5,88.0,185.0,EV_110,0.0,390,0.0,DR393518_24,65.0,32234.02,DR393518,181.09,0.0,65.0,D,SimuProB-5,EV_110
330.681,16.0,75.96,4525.0,0,3.937,1,42.97,4.2,90.5,72.0,185.0,EV_110,0.0,400,0.0,DR393518_24,65.0,32234.27,DR393518,181.09,0.0,65.0,D,SimuProB-5,EV_110
330.66,18.0,75.96,4560.0,0,3.938,1,42.94,4.2,91.2,65.0,185.0,EV_110,0.0,410,0.0,DR393518_24,65.0,32234.52,DR393518,181.09,0.0,65.0,D,SimuProB-5,EV_110
330.738,28.0,75.96,4690.0,0,3.933,1,42.92,4.2,93.8,85.0,185.0,EV_110,0.0,420,0.0,DR393518_24,65.0,32234.78,DR393518,181.09,0.0,65.0,D,SimuProB-5,EV_110
330.296,15.0,75.96,4475.0,0,3.939,1,42.89,4.2,89.5,60.0,185.0,EV_110,0.0,430,0.0,DR393518_24,65.0,32235.03,DR393518,181.09,0.0,65.0,D,SimuProB-5,EV_110
330.652,20.0,75.96,4600.0,0,3.935,1,42.85,4.2,92.0,75.0,185.0,EV_110,0.0,440,0.0,DR393518_24,65.0,32235.29,DR393518,181.09,0.0,65.0,D,SimuProB-5,EV_110
329.32,65.0,75.96,4900.0,0,3.93,1,42.81,4.2,98.0,110.0,185.0,EV_110,0.0,450,0.0,DR393518_24,65.0,32235.56,DR393518,181.09,0.0,65.0,D,SimuProB-5,EV_110
330.099,25.0,75.96,4775.0,0,3.934,1,42.8,4.2,95.5,82.0,185.0,EV_110,0.0,460,0.0,DR393518_24,65.0,32235.82,DR393518,181.09,0.0,65.0,D,SimuProB-5,EV_110
330.132,32.0,75.96,4840.0,0,3.932,1,42.78,4.19,96.8,92.0,185.0,EV_110,0.0,470,0.0,DR393518_24,64.85,32236.09,DR393518,181.09,0.0,65.0,D,SimuProB-5,EV_110
330.151,22.0,75.96,4710.0,0,3.936,1,42.76,4.185,94.2,78.0,185.0,EV_110,0.0,480,0.0,DR393518_24,64.95,32236.35,DR393518,181.09,0.0,65.0,D,SimuProB-5,EV_110
329.987,30.0,75.96,4875.0,0,3.931,1,42.74,4.192,97.5,88.0,185.0,EV_110,0.0,490,0.0,DR393518_24,65.0,32236.62,DR393518,181.09,0.0,65.0,D,SimuProB-5,EV_110
329.522,31.5,75.96,4910.0,0,3.929,1,42.72,4.188,98.2,95.5,185.0,EV_110,0.0,500,0.0,DR393518_24,64.92,32236.89,DR393518,181.09,0.0,65.0,D,SimuProB-5,EV_110
330.769,21.0,75.96,4740.0,0,3.935,1,42.71,4.186,94.8,72.3,185.0,EV_110,0.0,510,0.0,DR393518_24,65.0,32237.16,DR393518,181.09,0.0,65.0,D,SimuProB-5,EV_110
329.69,28.0,75.96,4825.0,0,3.932,1,42.69,4.189,96.5,85.2,185.0,EV_110,0.0,520,0.0,DR393518_24,65.0,32237.42,DR393518,181.09,0.0,65.0,D,SimuProB-5,EV_110
328.885,29.5,75.96,4890.0,0,3.934,1,42.67,4.191,97.8,92.5,185.0,EV_110,0.0,530,0.0,DR393518_24,65.0,32237.69,DR393518,181.09,0.0,65.0,D,SimuProB-5,EV_110
328.087,45.0,75.96,5125.0,0,3.928,1,42.66,4.195,102.5,110.2,185.0,EV_110,0.0,540,0.0,DR393518_24,65.0,32237.98,DR393518,181.09,0.0,65.0,D,SimuProB-5,EV_110
329.988,23.0,75.96,4760.0,0,3.936,1,42.64,4.193,95.2,82.1,185.0,EV_110,0.0,550,0.0,DR393518_24,65.0,32238.24,DR393518,181.09,0.0,65.0,D,SimuProB-5,EV_110
329.459,32.0,75.96,4910.0,0,3.931,1,42.62,4.194,98.2,88.5,185.0,EV_110,0.0,560,0.0,DR393518_24,65.0,32238.51,DR393518,181.09,0.0,65.0,D,SimuProB-5,EV_110
328.411,42.0,75.96,5225.0,0,3.927,1,42.61,4.196,104.5,105.8,185.0,EV_110,0.0,570,0.0,DR393518_24,65.0,32238.8,DR393518,181.09,0.0,65.0,D,SimuProB-5,EV_110
327.222,55.0,75.96,5405.0,0,3.925,1,42.57,4.198,108.1,118.4,185.0,EV_110,0.0,580,0.0,DR393518_24,65.0,32239.1,DR393518,181.09,0.0,65.0,D,SimuProB-5,EV_110
326.02,65.0,75.96,5625.0,0,3.922,1,42.54,4.199,112.5,125.4,185.0,EV_110,0.0,590,0.0,DR393518_24,65.0,32239.41,DR393518,181.09,0.0,65.0,D,SimuProB-5,EV_110
325.495,70.0,75.96,5750.0,0,3.92,1,42.53,4.2,115.0,130.2,185.0,EV_110,0.0,600,0.0,DR393518_24,65.0,32239.73,DR393518,181.09,0.0,65.0,D,SimuProB-5,EV_110
326.087,35.0,75.96,5250.0,0,3.924,1,42.51,4.199,105.0,95.3,185.0,EV_110,0.0,610,0.0,DR393518_24,65.0,32240.02,DR393518,181.09,0.0,65.0,D,SimuProB-5,EV_110
326.045,38.0,75.96,5310.0,0,3.923,1,42.48,4.198,106.2,102.5,185.0,EV_110,0.0,620,0.0,DR393518_24,65.0,32240.31,DR393518,181.09,0.0,65.0,D,SimuProB-5,EV_110
324.746,48.0,75.96,5490.0,0,3.921,1,42.48,4.197,109.8,115.7,185.0,EV_110,0.0,630,0.0,DR393518_24,65.0,32240.62,DR393518,181.09,0.0,65.0,D,SimuProB-5,EV_110
324.656,52.0,75.96,5575.0,0,3.919,1,42.47,4.196,111.5,122.3,185.0,EV_110,0.0,640,0.0,DR393518_24,65.0,32240.93,DR393518,181.09,0.0,65.0,D,SimuProB-5,EV_110
323.363,62.0,75.96,5710.0,0,3.918,1,42.46,4.195,114.2,145.8,185.0,EV_110,0.0,650,0.0,DR393518_24,65.0,32241.25,DR393518,181.09,0.0,65.0,D,SimuProB-5,EV_110
326.188,28.0,75.96,5225.0,0,3.922,1,42.45,4.198,104.5,88.4,185.0,EV_110,0.0,660,0.0,DR393518_24,65.0,32241.54,DR393518,181.09,0.0,65.0,D,SimuProB-5,EV_110
325.707,42.0,75.96,5390.0,0,3.921,1,42.45,4.197,107.8,105.2,185.0,EV_110,0.0,670,0.0,DR393518_24,65.0,32241.84,DR393518,181.09,0.0,65.0,D,SimuProB-5,EV_110
323.509,45.0,75.96,5525.0,0,3.92,1,42.44,4.196,110.5,128.4,185.0,EV_110,0.0,680,0.0,DR393518_24,65.0,32242.15,DR393518,181.09,0.0,65.0,D,SimuProB-5,EV_110
323.328,55.0,75.96,5690.0,0,3.919,1,42.41,4.195,113.8,138.2,185.0,EV_110,0.0,690,0.0,DR393518_24,65.0,32242.46,DR393518,181.09,0.0,65.0,D,SimuProB-5,EV_110
325.381,30.0,75.96,5310.0,0,3.921,1,42.41,4.197,106.2,95.6,185.0,EV_110,0.0,700,0.0,DR393518_24,65.0,32242.76,DR393518,181.09,0.0,65.0,D,SimuProB-5,EV_110
325.775,35.0,75.96,5420.0,0,3.921,1,42.39,4.197,108.4,102.5,185.0,EV_110,0.0,710,0.0,DR393518_24,65.0,32243.06,DR393518,181.09,0.0,65.0,D,SimuProB-5,EV_110
322.896,58.0,75.96,5710.0,0,3.918,1,42.38,4.195,114.2,135.8,185.0,EV_110,0.0,720,0.0,DR393518_24,65.0,32243.38,DR393518,181.09,0.0,65.0,D,SimuProB-5,EV_110
325.97,22.0,75.96,5125.0,0,3.922,1,42.36,4.198,102.5,85.3,185.0,EV_110,0.0,730,0.0,DR393518_24,65.0,32243.66,DR393518,181.09,0.0,65.0,D,SimuProB-5,EV_110
324.104,32.0,75.96,5265.0,0,3.92,1,42.34,4.196,105.3,110.4,185.0,EV_110,0.0,740,0.0,DR393518_24,65.0,32243.95,DR393518,181.09,0.0,65.0,D,SimuProB-5,EV_110
326.633,28.0,75.96,5190.0,0,3.922,1,42.32,4.198,103.8,78.5,185.0,EV_110,0.0,750,0.0,DR393518_24,65.0,32244.24,DR393518,181.09,0.0,65.0,D,SimuProB-5,EV_110
324.149,62.0,75.96,5575.0,0,3.918,1,42.32,4.195,111.5,142.1,185.0,EV_110,0.0,760,0.0,DR393518_24,65.0,32244.55,DR393518,181.09,0.0,65.0,D,SimuProB-5,EV_110
322.447,68.0,75.96,5840.0,0,3.917,1,42.29,4.195,116.8,148.5,185.0,EV_110,0.0,770,0.0,DR393518_24,65.0,32244.87,DR393518,181.09,0.0,65.0,D,SimuProB-5,EV_110
321.662,72.0,75.96,5975.0,0,3.916,1,42.27,4.194,119.5,155.2,185.0,EV_110,0.0,780,0.0,DR393518_24,65.0,32245.21,DR393518,181.09,0.0,65.0,D,SimuProB-5,EV_110
323.782,35.0,75.96,5410.0,0,3.919,1,42.27,4.196,108.2,105.6,185.0,EV_110,0.0,790,0.0,DR393518_24,65.0,32245.51,DR393518,181.09,0.0,65.0,D,SimuProB-5,EV_110
325.027,25.0,75.96,5265.0,0,3.92,1,42.25,4.197,105.3,92.4,185.0,EV_110,0.0,800,0.0,DR393518_24,65.0,32245.8,DR393518,181.09,0.0,65.0,D,SimuProB-5,EV_110
326.182,18.0,75.96,4935.0,0,3.921,1,42.23,4.198,98.7,65.2,185.0,EV_110,0.0,810,0.0,DR393518_24,65.0,32246.08,DR393518,181.09,0.0,65.0,D,SimuProB-5,EV_110
327.661,15.0,75.96,4605.0,0,3.922,1,42.23,4.199,92.1,45.8,185.0,EV_110,0.0,820,0.0,DR393518_24,65.0,32246.33,DR393518,181.09,0.0,65.0,D,SimuProB-5,EV_110
326.595,18.0,75.96,4770.0,0,3.923,1,42.21,4.2,95.4,52.3,185.0,EV_110,0.0,830,0.0,DR393518_24,65.0,32246.6,DR393518,181.09,0.0,65.0,D,SimuProB-5,EV_110
324.996,45.0,75.96,5140.0,0,3.92,1,42.2,4.202,102.8,88.7,185.0,EV_110,0.0,840,0.0,DR393518_24,65.0,32246.88,DR393518,181.09,0.0,65.0,D,SimuProB-5,EV_110
323.268,55.0,75.96,5425.0,0,3.918,1,42.19,4.204,108.5,112.5,185.0,EV_110,0.0,850,0.0,DR393518_24,65.0,32247.18,DR393518,181.09,0.0,65.0,D,SimuProB-5,EV_110
323.944,35.0,75.96,5260.0,0,3.921,1,42.18,4.205,105.2,78.4,185.0,EV_110,0.0,860,0.0,DR393518_24,65.0,32247.47,DR393518,181.09,0.0,65.0,D,SimuProB-5,EV_110
322.413,65.0,75.96,5640.0,0,3.915,1,42.16,4.208,112.8,125.6,185.0,EV_110,0.0,870,0.0,DR393518_24,65.0,32247.79,DR393518,181.09,0.0,65.0,D,SimuProB-5,EV_110
325.158,0.0,75.96,5025.0,0,3.925,1,42.16,4.21,100.5,-15.2,185.0,EV_110,0.05,880,12.0,DR393518_24,65.0,32248.06,DR393518,181.09,0.0,65.0,D,SimuProB-5,EV_110
323.878,40.0,75.96,5325.0,0,3.928,1,42.15,4.212,106.5,95.3,185.0,EV_110,0.0,890,0.0,DR393518_24,65.0,32248.36,DR393518,181.09,0.0,65.0,D,SimuProB-5,EV_110
321.584,70.0,75.96,5710.0,0,3.912,1,42.12,4.218,114.2,135.8,185.0,EV_110,0.0,900,0.0,DR393518_24,65.0,32248.67,DR393518,181.09,0.0,65.0,D,SimuProB-5,EV_110
324.288,0.0,75.96,4925.0,0,3.93,1,42.12,4.215,98.5,-25.4,185.0,EV_110,0.06,910,18.0,DR393518_24,65.0,32248.95,DR393518,181.09,0.0,65.0,D,SimuProB-5,EV_110
321.121,75.0,75.96,5820.0,0,3.91,1,42.09,4.22,116.4,142.5,185.0,EV_110,0.0,920,0.0,DR393518_24,65.0,32249.27,DR393518,181.09,0.0,65.0,D,SimuProB-5,EV_110
323.357,0.0,75.96,5410.0,0,3.922,1,42.07,4.218,108.2,-18.3,185.0,EV_110,0.04,930,8.0,DR393518_24,65.0,32249.57,DR393518,181.09,0.0,65.0,D,SimuProB-5,EV_110
322.62,55.0,75.96,5575.0,0,3.918,1,42.05,4.215,111.5,115.2,185.0,EV_110,0.0,940,0.0,DR393518_24,65.0,32249.88,DR393518,181.09,0.0,65.0,D,SimuProB-5,EV_110
320.008,65.0,75.96,5690.0,0,3.905,1,42.01,4.222,113.8,148.5,185.0,EV_110,0.0,950,0.0,DR393518_24,65.0,32250.2,DR393518,181.09,0.0,65.0,D,SimuProB-5,EV_110
321.317,0.0,75.96,5125.0,0,3.928,1,41.97,4.219,102.5,-32.1,185.0,EV_110,0.07,960,22.0,DR393518_24,65.0,32250.48,DR393518,181.09,0.0,65.0,D,SimuProB-5,EV_110
320.011,80.0,75.96,5925.0,0,3.898,1,41.95,4.225,118.5,155.2,185.0,EV_110,0.0,970,0.0,DR393518_24,65.0,32250.81,DR393518,181.09,0.0,65.0,D,SimuProB-5,EV_110
319.921,60.0,75.96,5825.0,0,3.895,1,41.9,4.228,116.5,145.2,185.0,EV_110,0.0,980,0.0,DR393518_24,65.0,32251.13,DR393518,181.09,0.0,65.0,D,SimuProB-5,EV_110
320.419,35.0,75.96,5250.0,0,3.912,1,41.87,4.232,105.0,85.4,185.0,EV_110,0.0,990,0.0,DR393518_24,65.0,32251.43,DR393518,181.09,0.0,65.0,D,SimuProB-5,EV_110
322.561,0.0,75.96,4600.0,0,3.925,1,41.84,4.23,92.0,-45.8,185.0,EV_110,0.06,1000,15.0,DR393518_24,65.0,32251.68,DR393518,181.09,0.0,65.0,D,SimuProB-5,EV_110
322.996,0.0,75.96,4250.0,0,3.935,1,41.83,4.232,85.0,-25.5,185.0,EV_110,0.05,1010,10.0,DR393518_24,65.0,32251.92,DR393518,181.09,0.0,65.0,D,SimuProB-5,EV_110
326.166,0.0,75.96,3750.0,0,3.94,1,41.82,4.235,75.0,-15.2,185.0,EV_110,0.04,1020,5.0,DR393518_24,65.0,32252.12,DR393518,181.09,0.0,65.0,D,SimuProB-5,EV_110
330.108,30.0,75.96,4000.0,0,3.945,1,41.79,4.238,80.0,45.8,185.0,EV_110,0.0,1030,0.0,DR393518_24,65.0,32252.35,DR393518,181.09,0.0,65.0,D,SimuProB-5,EV_110
328.777,38.0,75.96,4200.0,0,3.95,1,41.76,4.24,84.0,62.3,185.0,EV_110,0.0,1040,0.0,DR393518_24,65.0,32252.58,DR393518,181.09,0.0,65.0,D,SimuProB-5,EV_110
328.145,42.0,75.96,4400.0,0,3.955,1,41.74,4.242,88.0,78.5,185.0,EV_110,0.0,1050,0.0,DR393518_24,65.0,32252.83,DR393518,181.09,0.0,65.0,D,SimuProB-5,EV_110
329.262,0.0,75.96,4100.0,0,3.96,1,41.74,4.245,82.0,-18.4,185.0,EV_110,0.05,1060,8.0,DR393518_24,65.0,32253.06,DR393518,181.09,0.0,65.0,D,SimuProB-5,EV_110
327.583,55.0,75.96,4625.0,0,3.965,1,41.72,4.248,92.5,85.3,185.0,EV_110,0.0,1070,0.0,DR393518_24,65.0,32253.32,DR393518,181.09,0.0,65.0,D,SimuProB-5,EV_110
326.472,60.0,75.96,4750.0,0,3.97,1,41.68,4.251,95.0,92.1,185.0,EV_110,0.0,1080,0.0,DR393518_24,65.0,32253.58,DR393518,181.09,0.0,65.0,D,SimuProB-5,EV_110
328.496,45.0,75.96,4575.0,0,3.972,1,41.66,4.253,91.5,75.6,185.0,EV_110,0.0,1090,0.0,DR393518_24,65.0,32253.84,DR393518,181.09,0.0,65.0,D,SimuProB-5,EV_110
325.448,62.0,75.96,4800.0,0,3.975,1,41.61,4.255,96.0,94.5,185.0,EV_110,0.0,1100,0.0,DR393518_24,65.0,32254.11,DR393518,181.09,0.0,65.0,D,SimuProB-5,EV_110
327.179,35.0,75.96,4425.0,0,3.976,1,41.58,4.256,88.5,72.3,185.0,EV_110,0.0,1110,0.0,DR393518_24,65.0,32254.35,DR393518,181.09,0.0,65.0,D,SimuProB-5,EV_110
326.62,48.0,75.96,4650.0,0,3.978,1,41.54,4.258,93.0,79.8,185.0,EV_110,0.0,1120,0.0,DR393518_24,65.0,32254.61,DR393518,181.09,0.0,65.0,D,SimuProB-5,EV_110
327.627,42.0,75.96,4550.0,0,3.98,1,41.5,4.26,91.0,68.4,185.0,EV_110,0.0,1130,0.0,DR393518_24,65.0,32254.86,DR393518,181.09,0.0,65.0,D,SimuProB-5,EV_110
326.002,58.0,75.96,4825.0,0,3.982,1,41.49,4.262,96.5,88.9,185.0,EV_110,0.0,1140,0.0,DR393518_24,65.0,32255.13,DR393518,181.09,0.0,65.0,D,SimuProB-5,EV_110
328.681,0.0,75.96,4100.0,0,3.985,1,41.48,4.265,82.0,-45.2,185.0,EV_110,0.05,1150,35.0,DR393518_24,65.0,32255.36,DR393518,181.09,0.0,65.0,D,SimuProB-5,EV_110
326.784,62.0,75.96,4900.0,0,3.988,1,41.46,4.268,98.0,92.4,185.0,EV_110,0.0,1160,0.0,DR393518_24,65.0,32255.63,DR393518,181.09,0.0,65.0,D,SimuProB-5,EV_110
325.775,75.0,75.96,5125.0,0,3.99,1,41.45,4.27,102.5,105.2,185.0,EV_110,0.0,1170,0.0,DR393518_24,65.0,32255.92,DR393518,181.09,0.0,65.0,D,SimuProB-5,EV_110
326.981,45.0,75.96,4850.0,0,3.992,1,41.45,4.272,97.0,85.6,185.0,EV_110,0.0,1180,0.0,DR393518_24,65.0,32256.19,DR393518,181.09,0.0,65.0,D,SimuProB-5,EV_110
325.278,82.0,75.96,5410.0,0,3.992,1,41.42,4.274,108.2,112.5,185.0,EV_110,0.0,1190,0.0,DR393518_24,65.0,32256.49,DR393518,181.09,0.0,65.0,D,SimuProB-5,EV_110
328.284,35.0,75.96,4770.0,0,3.994,1,41.41,4.276,95.4,65.3,185.0,EV_110,0.0,1200,0.0,DR393518_24,65.0,32256.76,DR393518,181.09,0.0,65.0,D,SimuProB-5,EV_110
326.059,55.0,75.96,5090.0,0,3.994,1,41.4,4.278,101.8,89.7,185.0,EV_110,0.0,1210,0.0,DR393518_24,65.0,32257.04,DR393518,181.09,0.0,65.0,D,SimuProB-5,EV_110
326.704,50.0,75.96,5260.0,0,3.993,1,41.38,4.275,105.2,78.4,185.0,EV_110,0.0,1220,0.0,DR393518_24,65.0,32257.33,DR393518,181.09,0.0,65.0,D,SimuProB-5,EV_110
326.937,48.0,75.96,5190.0,0,3.993,1,41.37,4.276,103.8,82.1,185.0,EV_110,0.0,1230,0.0,DR393518_24,65.0,32257.62,DR393518,181.09,0.0,65.0,D,SimuProB-5,EV_110
327.306,42.0,75.96,4975.0,0,3.992,1,41.36,4.275,99.5,72.6,185.0,EV_110,0.0,1240,0.0,DR393518_24,65.0,32257.9,DR393518,181.09,0.0,65.0,D,SimuProB-5,EV_110
326.322,52.0,75.96,5325.0,0,3.993,1,41.33,4.277,106.5,85.4,185.0,EV_110,0.0,1250,0.0,DR393518_24,65.0,32258.2,DR393518,181.09,0.0,65.0,D,SimuProB-5,EV_110
325.336,68.0,75.96,5615.0,0,3.991,1,41.33,4.279,112.3,112.6,185.0,EV_110,0.0,1260,0.0,DR393518_24,65.0,32258.51,DR393518,181.09,0.0,65.0,D,SimuProB-5,EV_110
326.608,30.0,75.96,4935.0,0,3.992,1,41.3,4.276,98.7,68.2,185.0,EV_110,0.0,1270,5.0,DR393518_24,65.0,32258.78,DR393518,181.09,0.0,65.0,D,SimuProB-5,EV_110
378.184,25.0,75.96,2200.0,0,3.85,1,41.29,4.12,35.0,45.2,185.0,EV_110,0.0,0,0.0,DR393518_25,37.5,32258.88,DR393518,181.09,0.0,38.2,D,SimuProB-5,EV_110
374.739,55.0,75.96,3000.0,0,3.82,1,41.27,4.14,48.0,88.5,185.0,EV_110,0.0,10,0.0,DR393518_25,37.6,32259.01,DR393518,181.09,0.0,38.4,D,SimuProB-5,EV_110
376.211,0.0,75.96,1750.0,0,3.83,1,41.27,4.15,28.0,-22.4,185.0,EV_110,0.021,20,45.0,DR393518_25,37.7,32259.09,DR393518,181.09,0.0,38.5,D,SimuProB-5,EV_110
370.831,60.0,75.96,3250.0,0,3.81,1,41.25,4.16,52.0,95.2,185.0,EV_110,0.0,30,0.0,DR393518_25,37.8,32259.23,DR393518,181.09,0.0,38.7,D,SimuProB-5,EV_110
378.072,25.0,75.96,2400.0,0,3.86,1,41.25,4.18,38.0,15.8,185.0,EV_110,0.0,40,0.0,DR393518_25,37.9,32259.34,DR393518,181.09,0.0,38.8,D,SimuProB-5,EV_110
365.178,55.0,75.96,2850.0,0,3.79,1,41.23,4.19,45.0,125.5,185.0,EV_110,0.0,50,0.0,DR393518_25,38.0,32259.47,DR393518,181.09,0.0,39.1,D,SimuProB-5,EV_110
375.605,30.0,75.96,2000.0,0,3.84,1,41.22,4.15,32.0,45.2,185.0,EV_110,0.0,60,0.0,DR393518_25,38.1,32259.56,DR393518,181.09,0.0,39.2,D,SimuProB-5,EV_110
367.761,50.0,75.96,2600.0,0,3.8,1,41.19,4.17,42.0,110.5,185.0,EV_110,0.0,70,0.0,DR393518_25,38.2,32259.68,DR393518,181.09,0.0,39.4,D,SimuProB-5,EV_110
377.569,0.0,75.96,750.0,0,3.85,1,41.19,4.16,12.0,-28.3,185.0,EV_110,0.025,80,65.0,DR393518_25,38.3,32259.71,DR393518,181.09,0.0,39.5,D,SimuProB-5,EV_110
366.912,45.0,75.96,2400.0,0,3.81,1,41.16,4.18,38.0,95.0,185.0,EV_110,0.0,90,0.0,DR393518_25,38.4,32259.82,DR393518,181.09,0.0,39.6,D,SimuProB-5,EV_110
358.158,70.0,75.96,3300.0,0,3.78,1,41.15,4.19,52.0,145.0,185.0,EV_110,0.0,100,0.0,DR393518_25,38.5,32259.96,DR393518,181.09,0.0,39.8,D,SimuProB-5,EV_110
372.579,0.0,75.96,950.0,0,3.86,1,41.13,4.17,15.0,-35.0,185.0,EV_110,0.028,110,75.0,DR393518_25,38.6,32260.0,DR393518,181.09,0.0,39.9,D,SimuProB-5,EV_110
362.695,60.0,75.96,3000.0,0,3.82,1,41.13,4.18,48.0,125.0,185.0,EV_110,0.0,120,0.0,DR393518_25,38.7,32260.13,DR393518,181.09,0.0,40.0,D,SimuProB-5,EV_110
354.904,75.0,75.96,3500.0,0,3.79,1,41.13,4.19,55.0,160.0,185.0,EV_110,0.0,130,0.0,DR393518_25,38.8,32260.29,DR393518,181.09,0.0,40.1,D,SimuProB-5,EV_110
370.99,0.0,75.96,1100.0,0,3.85,1,41.09,4.17,18.0,-38.0,185.0,EV_110,0.03,140,80.0,DR393518_25,38.9,32260.34,DR393518,181.09,0.0,40.2,D,SimuProB-5,EV_110
356.93,55.0,75.96,2850.0,0,3.81,1,41.09,4.16,45.0,130.0,185.0,EV_110,0.0,150,0.0,DR393518_25,38.9,32260.47,DR393518,181.09,0.0,40.2,D,SimuProB-5,EV_110
348.117,80.0,75.96,3800.0,0,3.75,1,41.09,4.19,58.0,180.0,185.0,EV_110,0.0,160,0.0,DR393518_25,39.0,32260.63,DR393518,181.09,0.0,40.3,D,SimuProB-5,EV_110
365.534,0.0,75.96,1400.0,0,3.84,1,41.09,4.15,22.0,-25.0,185.0,EV_110,0.015,170,45.0,DR393518_25,39.1,32260.69,DR393518,181.09,0.0,40.4,D,SimuProB-5,EV_110
338.942,70.0,75.96,3000.0,0,3.76,1,41.07,4.18,48.0,175.0,185.0,EV_110,0.0,180,0.0,DR393518_25,39.2,32260.82,DR393518,181.09,0.0,40.5,D,SimuProB-5,EV_110
345.032,0.0,75.96,750.0,0,3.82,1,41.07,4.16,12.0,-32.0,185.0,EV_110,0.02,190,65.0,DR393518_25,39.3,32260.86,DR393518,181.09,0.0,40.6,D,SimuProB-5,EV_110
352.789,35.0,75.96,1550.0,0,3.8,1,41.05,4.15,25.0,60.0,185.0,EV_110,0.0,200,0.0,DR393518_25,39.4,32260.93,DR393518,181.09,0.0,40.7,D,SimuProB-5,EV_110
342.593,45.0,75.96,2000.0,0,3.81,1,41.03,4.14,32.0,95.0,185.0,EV_110,0.0,210,0.0,DR393518_25,39.4,32261.02,DR393518,181.09,0.0,40.7,D,SimuProB-5,EV_110
335.005,65.0,75.96,2800.0,0,3.78,1,41.03,4.18,45.0,165.0,185.0,EV_110,0.0,220,0.0,DR393518_25,39.5,32261.14,DR393518,181.09,0.0,40.8,D,SimuProB-5,EV_110
368.514,0.0,75.96,500.0,0,3.85,1,41.02,4.16,8.0,-38.0,185.0,EV_110,0.022,230,85.0,DR393518_25,39.5,32261.17,DR393518,181.09,0.0,40.8,D,SimuProB-5,EV_110
358.633,30.0,75.96,1250.0,0,3.84,1,41.0,4.14,20.0,45.0,185.0,EV_110,0.0,240,0.0,DR393518_25,39.6,32261.23,DR393518,181.09,0.0,40.9,D,SimuProB-5,EV_110
340.438,60.0,75.96,2600.0,0,3.79,1,40.98,4.17,42.0,140.0,185.0,EV_110,0.0,250,0.0,DR393518_25,39.7,32261.34,DR393518,181.09,0.0,41.1,D,SimuProB-5,EV_110
362.986,0.0,75.96,600.0,0,3.83,1,40.96,4.15,10.0,-25.0,185.0,EV_110,0.015,260,45.0,DR393518_25,39.8,32261.37,DR393518,181.09,0.0,41.0,D,SimuProB-5,EV_110
394.96,40.0,75.96,2000.0,0,3.88,1,40.94,4.12,32.0,65.0,185.0,EV_110,0.0,270,0.0,DR393518_25,40.0,32261.46,DR393518,181.09,0.0,41.3,D,SimuProB-5,EV_110
354.67,0.0,75.96,750.0,0,3.86,1,40.92,4.14,12.0,-32.0,185.0,EV_110,0.018,280,60.0,DR393518_25,40.0,32261.49,DR393518,181.09,0.0,41.3,D,SimuProB-5,EV_110
342.146,70.0,75.96,3100.0,0,3.77,1,40.9,4.18,48.0,175.0,185.0,EV_110,0.0,290,0.0,DR393518_25,40.2,32261.63,DR393518,181.09,0.0,41.5,D,SimuProB-5,EV_110
374.832,35.0,75.96,1600.0,0,3.9,1,40.89,4.13,25.0,45.0,185.0,EV_110,0.0,300,0.0,DR393518_25,40.3,32261.7,DR393518,181.09,0.0,41.6,D,SimuProB-5,EV_110
345.636,75.0,75.96,3800.0,0,3.78,1,40.87,4.17,55.0,165.0,185.0,EV_110,0.0,310,0.0,DR393518_25,40.5,32261.85,DR393518,181.09,0.0,41.8,D,SimuProB-5,EV_110
392.75,0.0,75.96,900.0,0,3.82,1,40.86,4.15,15.0,-35.0,185.0,EV_110,0.019,320,55.0,DR393518_25,40.6,32261.89,DR393518,181.09,0.0,41.9,D,SimuProB-5,EV_110
348.585,65.0,75.96,3600.0,0,3.8,1,40.82,4.16,52.0,150.0,185.0,EV_110,0.0,330,0.0,DR393518_25,40.7,32262.03,DR393518,181.09,0.0,42.1,D,SimuProB-5,EV_110
385.278,20.0,75.96,1400.0,0,3.88,1,40.81,4.12,22.0,35.0,185.0,EV_110,0.0,340,0.0,DR393518_25,40.8,32262.1,DR393518,181.09,0.0,42.2,D,SimuProB-5,EV_110
352.561,0.0,75.96,500.0,0,3.75,1,40.81,4.14,8.0,-38.0,185.0,EV_110,0.021,350,65.0,DR393518_25,40.9,32262.12,DR393518,181.09,0.0,42.3,D,SimuProB-5,EV_110
342.595,45.0,75.96,2600.0,0,3.76,1,40.8,4.14,38.0,120.0,185.0,EV_110,0.0,360,0.0,DR393518_25,40.92,32262.23,DR393518,181.09,0.0,42.35,D,SimuProB-5,EV_110
387.956,0.0,75.96,800.0,0,3.81,1,40.8,4.16,12.0,-25.0,185.0,EV_110,0.015,370,45.0,DR393518_25,40.95,32262.26,DR393518,181.09,0.0,42.38,D,SimuProB-5,EV_110
355.314,35.0,75.96,1900.0,0,3.79,1,40.77,4.13,28.0,85.0,185.0,EV_110,0.0,380,0.0,DR393518_25,40.98,32262.34,DR393518,181.09,0.0,42.42,D,SimuProB-5,EV_110
368.151,25.0,75.96,1100.0,0,3.8,1,40.74,4.13,18.0,45.0,185.0,EV_110,0.0,390,0.0,DR393518_25,41.05,32262.39,DR393518,181.09,0.0,42.55,D,SimuProB-5,EV_110
347.75,0.0,75.96,350.0,0,3.77,1,40.74,4.15,5.0,-35.0,185.0,EV_110,0.018,400,55.0,DR393518_25,41.12,32262.4,DR393518,181.09,0.0,42.68,D,SimuProB-5,EV_110
373.238,30.0,75.96,1600.0,0,3.79,1,40.74,4.12,24.0,65.0,185.0,EV_110,0.0,410,0.0,DR393518_25,41.2,32262.47,DR393518,181.09,0.0,42.8,D,SimuProB-5,EV_110
365.752,28.0,75.96,1400.0,0,3.78,1,40.71,4.11,22.0,55.0,185.0,EV_110,0.0,420,0.0,DR393518_25,41.25,32262.53,DR393518,181.09,0.0,42.9,D,SimuProB-5,EV_110
351.949,0.0,75.96,500.0,0,3.76,1,40.7,4.14,8.0,-30.0,185.0,EV_110,0.016,430,50.0,DR393518_25,41.3,32262.55,DR393518,181.09,0.0,43.0,D,SimuProB-5,EV_110
382.721,0.0,75.96,0.0,0,3.79,1,40.69,4.1,0.0,12.0,185.0,EV_110,0.0,440,85.0,DR393518_25,41.35,32262.55,DR393518,181.09,0.0,43.1,D,SimuProB-5,EV_110
381.619,25.0,75.96,1100.0,0,3.81,1,40.68,4.13,18.0,45.0,185.0,EV_110,0.0,450,0.0,DR393518_25,41.4,32262.6,DR393518,181.09,0.0,43.18,D,SimuProB-5,EV_110
370.03,0.0,75.96,300.0,0,3.83,1,40.68,4.14,5.0,-38.0,185.0,EV_110,0.019,460,65.0,DR393518_25,41.45,32262.61,DR393518,181.09,0.0,43.25,D,SimuProB-5,EV_110
380.307,20.0,75.96,750.0,0,3.82,1,40.66,4.12,12.0,35.0,185.0,EV_110,0.0,470,0.0,DR393518_25,41.5,32262.65,DR393518,181.09,0.0,43.3,D,SimuProB-5,EV_110
375.156,35.0,75.96,1400.0,0,3.83,1,40.65,4.12,22.0,18.5,185.0,EV_110,0.0,480,0.0,DR393518_25,41.55,32262.71,DR393518,181.09,0.0,43.35,D,SimuProB-5,EV_110
368.285,0.0,75.96,400.0,0,3.84,1,40.63,4.13,6.0,-25.0,185.0,EV_110,0.012,490,55.0,DR393518_25,41.6,32262.73,DR393518,181.09,0.0,43.4,D,SimuProB-5,EV_110
383.185,0.0,75.96,0.0,0,3.85,1,40.61,4.11,0.0,8.5,185.0,EV_110,0.0,500,90.0,DR393518_25,41.65,32262.73,DR393518,181.09,0.0,43.45,D,SimuProB-5,EV_110
382.217,15.0,75.96,500.0,0,3.85,1,40.6,4.11,8.0,12.5,185.0,EV_110,0.0,510,0.0,DR393518_25,41.68,32262.75,DR393518,181.09,0.0,43.48,D,SimuProB-5,EV_110
375.711,45.0,75.96,1600.0,0,3.84,1,40.56,4.12,25.0,45.0,185.0,EV_110,0.0,520,0.0,DR393518_25,41.72,32262.82,DR393518,181.09,0.0,43.55,D,SimuProB-5,EV_110
381.419,0.0,75.96,650.0,0,3.85,1,40.56,4.13,10.0,-28.0,185.0,EV_110,0.014,530,70.0,DR393518_25,41.75,32262.85,DR393518,181.09,0.0,43.6,D,SimuProB-5,EV_110
372.881,50.0,75.96,1900.0,0,3.83,1,40.53,4.12,30.0,55.0,185.0,EV_110,0.0,540,0.0,DR393518_25,41.76,32262.93,DR393518,181.09,0.0,43.62,D,SimuProB-5,EV_110
384.752,0.0,75.96,750.0,0,3.84,1,40.52,4.14,12.0,-32.0,185.0,EV_110,0.016,550,60.0,DR393518_25,41.78,32262.97,DR393518,181.09,0.0,43.65,D,SimuProB-5,EV_110
378.791,35.0,75.96,1400.0,0,3.83,1,40.51,4.12,22.0,38.0,185.0,EV_110,0.0,560,0.0,DR393518_25,41.8,32263.03,DR393518,181.09,0.0,43.68,D,SimuProB-5,EV_110
376.055,40.0,75.96,1750.0,0,3.83,1,40.5,4.12,28.0,42.0,185.0,EV_110,0.0,570,0.0,DR393518_25,41.85,32263.11,DR393518,181.09,0.0,43.75,D,SimuProB-5,EV_110
379.379,15.0,75.96,950.0,0,3.82,1,40.49,4.11,15.0,18.0,185.0,EV_110,0.0,580,5.0,DR393518_25,41.88,32263.15,DR393518,181.09,0.0,43.8,D,SimuProB-5,EV_110
374.393,60.0,75.96,2800.0,0,3.82,1,40.46,4.13,42.0,65.0,185.0,EV_110,0.0,590,0.0,DR393518_25,41.92,32263.27,DR393518,181.09,0.0,43.88,D,SimuProB-5,EV_110
371.918,75.0,75.96,3500.0,0,3.81,1,40.42,4.13,52.0,85.0,185.0,EV_110,0.0,600,0.0,DR393518_25,42.01,32263.41,DR393518,181.09,0.0,43.95,D,SimuProB-5,EV_110
376.457,0.0,75.96,2400.0,0,3.83,1,40.42,4.14,38.0,-28.0,185.0,EV_110,0.012,610,15.0,DR393518_25,42.04,32263.52,DR393518,181.09,0.0,43.98,D,SimuProB-5,EV_110
382.501,10.0,75.96,450.0,0,3.82,1,40.42,4.12,8.0,5.5,185.0,EV_110,0.0,620,5.0,DR393518_25,42.06,32263.54,DR393518,181.09,0.0,44.01,D,SimuProB-5,EV_110
374.847,35.0,75.96,1600.0,0,3.81,1,40.41,4.12,25.0,32.5,185.0,EV_110,0.0,630,0.0,DR393518_25,42.08,32263.61,DR393518,181.09,0.0,44.05,D,SimuProB-5,EV_110
369.633,70.0,75.96,3000.0,0,3.79,1,40.39,4.14,45.0,88.2,185.0,EV_110,0.0,640,0.0,DR393518_25,42.15,32263.73,DR393518,181.09,0.0,44.12,D,SimuProB-5,EV_110
378.839,0.0,75.96,1250.0,0,3.82,1,40.39,4.15,20.0,-22.0,185.0,EV_110,0.015,650,55.0,DR393518_25,42.18,32263.79,DR393518,181.09,0.0,44.18,D,SimuProB-5,EV_110
373.388,45.0,75.96,2000.0,0,3.8,1,40.38,4.13,32.0,45.5,185.0,EV_110,0.0,660,0.0,DR393518_25,42.21,32263.88,DR393518,181.09,0.0,44.22,D,SimuProB-5,EV_110
368.153,75.0,75.96,3100.0,0,3.78,1,40.35,4.14,48.0,95.0,185.0,EV_110,0.0,670,0.0,DR393518_25,42.25,32264.01,DR393518,181.09,0.0,44.28,D,SimuProB-5,EV_110
377.81,0.0,75.96,750.0,0,3.81,1,40.34,4.15,12.0,-35.0,185.0,EV_110,0.02,680,60.0,DR393518_25,42.28,32264.05,DR393518,181.09,0.0,44.32,D,SimuProB-5,EV_110
365.134,80.0,75.96,3400.0,0,3.76,1,40.33,4.15,52.0,110.5,185.0,EV_110,0.0,690,0.0,DR393518_25,42.31,32264.19,DR393518,181.09,0.0,44.35,D,SimuProB-5,EV_110
370.605,0.0,75.96,950.0,0,3.79,1,40.32,4.15,15.0,-28.0,185.0,EV_110,0.018,700,45.0,DR393518_25,42.34,32264.24,DR393518,181.09,0.0,44.38,D,SimuProB-5,EV_110
375.594,30.0,75.96,1600.0,0,3.81,1,40.32,4.14,25.0,35.0,185.0,EV_110,0.0,710,0.0,DR393518_25,42.37,32264.31,DR393518,181.09,0.0,44.41,D,SimuProB-5,EV_110
366.217,55.0,75.96,2450.0,0,3.77,1,40.3,4.14,38.0,85.0,185.0,EV_110,0.0,720,0.0,DR393518_25,42.48,32264.42,DR393518,181.09,0.0,44.52,D,SimuProB-5,EV_110
362.299,78.0,75.96,3850.0,0,3.74,1,40.29,4.15,58.0,145.0,185.0,EV_110,0.0,730,0.0,DR393518_25,42.58,32264.58,DR393518,181.09,0.0,44.65,D,SimuProB-5,EV_110
371.711,0.0,75.96,1150.0,0,3.78,1,40.27,4.15,18.0,-32.0,185.0,EV_110,0.022,740,65.0,DR393518_25,42.61,32264.63,DR393518,181.09,0.0,44.68,D,SimuProB-5,EV_110
374.484,25.0,75.96,3000.0,0,3.8,1,40.26,4.12,45.0,12.0,185.0,EV_110,0.0,750,0.0,DR393518_25,42.68,32264.76,DR393518,181.09,0.0,44.72,D,SimuProB-5,EV_110
365.045,45.0,75.96,1400.0,0,3.75,1,40.25,4.14,22.0,95.0,185.0,EV_110,0.0,760,10.0,DR393518_25,42.8,32264.82,DR393518,181.09,0.0,44.85,D,SimuProB-5,EV_110
378.546,0.0,75.96,300.0,0,3.82,1,40.24,4.15,5.0,-15.0,185.0,EV_110,0.015,770,15.0,DR393518_25,42.83,32264.83,DR393518,181.09,0.0,44.88,D,SimuProB-5,EV_110
368.608,60.0,75.96,2400.0,0,3.72,1,40.22,4.15,38.0,135.0,185.0,EV_110,0.0,780,0.0,DR393518_25,42.88,32264.94,DR393518,181.09,0.0,44.92,D,SimuProB-5,EV_110
360.186,75.0,75.96,750.0,0,3.68,1,40.18,4.15,12.0,185.0,185.0,EV_110,0.0,790,20.0,DR393518_25,42.95,32264.97,DR393518,181.09,0.0,45.05,D,SimuProB-5,EV_110
364.092,0.0,75.96,120.0,0,3.74,1,40.18,4.15,2.0,-28.0,185.0,EV_110,0.028,800,85.0,DR393518_25,43.02,32264.97,DR393518,181.09,0.0,45.12,D,SimuProB-5,EV_110
372.616,25.0,75.96,1100.0,0,3.78,1,40.17,4.14,18.0,25.0,185.0,EV_110,0.0,810,0.0,DR393518_25,43.08,32265.02,DR393518,181.09,0.0,45.18,D,SimuProB-5,EV_110
359.294,55.0,75.96,2600.0,0,3.69,1,40.17,4.15,42.0,145.0,185.0,EV_110,0.0,820,0.0,DR393518_25,43.15,32265.14,DR393518,181.09,0.0,45.3,D,SimuProB-5,EV_110
366.609,0.0,75.96,450.0,0,3.76,1,40.15,4.15,8.0,-32.0,185.0,EV_110,0.032,830,60.0,DR393518_25,43.1,32265.16,DR393518,181.09,0.0,45.25,D,SimuProB-5,EV_110
376.053,15.0,75.96,1350.0,0,3.85,1,40.13,4.1,22.0,12.0,185.0,EV_110,0.0,840,0.0,DR393518_25,43.2,32265.22,DR393518,181.09,0.0,45.32,D,SimuProB-5,EV_110
365.258,40.0,75.96,2200.0,0,3.75,1,40.13,4.12,35.0,65.0,185.0,EV_110,0.0,850,0.0,DR393518_25,43.28,32265.32,DR393518,181.09,0.0,45.38,D,SimuProB-5,EV_110
369.66,0.0,75.96,1100.0,0,3.8,1,40.13,4.14,18.0,-15.0,185.0,EV_110,0.015,860,45.0,DR393518_25,43.35,32265.37,DR393518,181.09,0.0,45.42,D,SimuProB-5,EV_110
358.24,50.0,75.96,2850.0,0,3.78,1,40.11,4.13,45.0,85.0,185.0,EV_110,0.0,870,0.0,DR393518_25,43.45,32265.49,DR393518,181.09,0.0,45.48,D,SimuProB-5,EV_110
348.079,25.0,75.96,1500.0,0,3.72,1,40.1,4.15,25.0,135.0,185.0,EV_110,0.0,880,15.0,DR393518_25,43.55,32265.56,DR393518,181.09,0.0,45.55,D,SimuProB-5,EV_110
361.971,0.0,75.96,200.0,0,3.82,1,40.1,4.14,5.0,-25.0,185.0,EV_110,0.025,890,70.0,DR393518_25,43.6,32265.58,DR393518,181.09,0.0,45.6,D,SimuProB-5,EV_110
367.028,35.0,75.96,1750.0,0,3.8,1,40.09,4.13,28.0,12.5,185.0,EV_110,0.0,900,0.0,DR393518_25,43.72,32265.66,DR393518,181.09,0.0,45.7,D,SimuProB-5,EV_110
371.615,45.0,75.96,2650.0,0,3.82,1,40.09,4.14,42.0,45.0,185.0,EV_110,0.0,910,0.0,DR393518_25,43.85,32265.77,DR393518,181.09,0.0,45.8,D,SimuProB-5,EV_110
355.942,0.0,75.96,750.0,0,3.75,1,40.07,4.15,12.0,-35.0,185.0,EV_110,0.028,920,65.0,DR393518_25,43.95,32265.81,DR393518,181.09,0.0,45.9,D,SimuProB-5,EV_110
362.418,65.0,75.96,3600.0,0,3.78,1,40.06,4.145,55.0,85.0,185.0,EV_110,0.0,930,0.0,DR393518_25,44.0,32265.96,DR393518,181.09,0.0,46.0,D,SimuProB-5,EV_110
348.333,0.0,75.96,1100.0,0,3.74,1,40.04,4.15,18.0,-38.0,185.0,EV_110,0.03,940,55.0,DR393518_25,44.1,32266.01,DR393518,181.09,0.0,46.1,D,SimuProB-5,EV_110
371.142,30.0,75.96,2000.0,0,3.81,1,40.03,4.14,32.0,35.0,185.0,EV_110,0.0,950,0.0,DR393518_25,44.15,32266.1,DR393518,181.09,0.0,46.15,D,SimuProB-5,EV_110
358.28,55.0,75.96,3150.0,0,3.79,1,40.01,4.142,48.0,95.0,185.0,EV_110,0.0,960,0.0,DR393518_25,44.25,32266.23,DR393518,181.09,0.0,46.25,D,SimuProB-5,EV_110
344.823,0.0,75.96,950.0,0,3.73,1,40.01,4.15,15.0,-42.0,185.0,EV_110,0.032,970,75.0,DR393518_25,44.35,32266.28,DR393518,181.09,0.0,46.35,D,SimuProB-5,EV_110
370.502,5.0,75.96,320.0,0,3.8,1,40.0,4.14,5.0,12.0,185.0,EV_110,0.0,980,10.0,DR393518_25,44.4,32266.29,DR393518,181.09,0.0,46.4,D,SimuProB-5,EV_110
382.386,35.0,75.96,1750.0,0,3.82,1,39.98,4.13,28.0,45.0,185.0,EV_110,0.0,990,0.0,DR393518_25,44.5,32266.37,DR393518,181.09,0.0,46.5,D,SimuProB-5,EV_110
365.076,0.0,75.96,750.0,0,3.75,1,39.95,4.14,12.0,-25.0,185.0,EV_110,0.02,1000,60.0,DR393518_25,44.6,32266.4,DR393518,181.09,0.0,46.6,D,SimuProB-5,EV_110
378.819,25.0,75.96,1400.0,0,3.8,1,39.95,4.12,22.0,22.0,185.0,EV_110,0.0,1010,0.0,DR393518_25,44.65,32266.46,DR393518,181.09,0.0,46.65,D,SimuProB-5,EV_110
372.675,45.0,75.96,2100.0,0,3.81,1,39.92,4.13,35.0,55.0,185.0,EV_110,0.0,1020,0.0,DR393518_25,44.7,32266.56,DR393518,181.09,0.0,46.7,D,SimuProB-5,EV_110
368.681,0.0,75.96,650.0,0,3.78,1,39.9,4.14,10.0,-35.0,185.0,EV_110,0.028,1030,70.0,DR393518_25,44.8,32266.58,DR393518,181.09,0.0,46.8,D,SimuProB-5,EV_110
375.847,20.0,75.96,1100.0,0,3.82,1,39.88,4.13,18.0,15.0,185.0,EV_110,0.0,1040,0.0,DR393518_25,44.85,32266.63,DR393518,181.09,0.0,46.85,D,SimuProB-5,EV_110
362.45,65.0,75.96,2650.0,0,3.72,1,39.84,4.14,42.0,120.0,185.0,EV_110,0.0,1050,0.0,DR393518_25,45.0,32266.75,DR393518,181.09,0.0,47.0,D,SimuProB-5,EV_110
395.426,30.0,75.96,1550.0,0,3.83,1,39.83,4.13,25.0,45.0,185.0,EV_110,0.0,1060,0.0,DR393518_25,45.1,32266.82,DR393518,181.09,0.0,47.1,D,SimuProB-5,EV_110
358.267,0.0,75.96,500.0,0,3.76,1,39.83,4.15,8.0,-38.0,185.0,EV_110,0.025,1070,85.0,DR393518_25,45.2,32266.84,DR393518,181.09,0.0,47.2,D,SimuProB-5,EV_110
371.046,25.0,75.96,1900.0,0,3.8,1,39.8,4.13,30.0,35.0,185.0,EV_110,0.0,1080,0.0,DR393518_25,45.3,32266.92,DR393518,181.09,0.0,47.3,D,SimuProB-5,EV_110
364.788,55.0,75.96,2850.0,0,3.75,1,39.77,4.14,45.0,85.0,185.0,EV_110,0.0,1090,0.0,DR393518_25,45.4,32267.05,DR393518,181.09,0.0,47.4,D,SimuProB-5,EV_110
352.113,0.0,75.96,950.0,0,3.77,1,39.77,4.15,15.0,-40.0,185.0,EV_110,0.029,1100,80.0,DR393518_25,45.5,32267.09,DR393518,181.09,0.0,47.5,D,SimuProB-5,EV_110
385.04,40.0,75.96,2650.0,0,3.82,1,39.72,4.13,42.0,55.0,185.0,EV_110,0.0,1110,0.0,DR393518_25,45.5,32267.21,DR393518,181.09,0.0,47.5,D,SimuProB-5,EV_110
398.206,15.0,75.96,1400.0,0,3.85,1,39.71,4.14,22.0,18.0,185.0,EV_110,0.0,1120,0.0,DR393518_25,45.6,32267.27,DR393518,181.09,0.0,47.6,D,SimuProB-5,EV_110
360.072,0.0,75.96,500.0,0,3.78,1,39.71,4.15,8.0,-35.0,185.0,EV_110,0.028,1130,70.0,DR393518_25,45.7,32267.29,DR393518,181.09,0.0,47.7,D,SimuProB-5,EV_110
395.048,22.0,75.96,1750.0,0,3.84,1,39.7,4.14,28.0,25.0,185.0,EV_110,0.0,1140,0.0,DR393518_25,45.7,32267.37,DR393518,181.09,0.0,47.8,D,SimuProB-5,EV_110
357.86,0.0,75.96,750.0,0,3.79,1,39.67,4.15,12.0,-38.0,185.0,EV_110,0.027,1150,65.0,DR393518_25,45.8,32267.4,DR393518,181.09,0.0,47.9,D,SimuProB-5,EV_110
391.915,35.0,75.96,2200.0,0,3.81,1,39.67,4.13,35.0,45.0,185.0,EV_110,0.0,1160,0.0,DR393518_25,45.9,32267.5,DR393518,181.09,0.0,48.0,D,SimuProB-5,EV_110
385.455,45.0,75.96,2600.0,0,3.8,1,39.64,4.14,42.0,65.0,185.0,EV_110,0.0,1170,0.0,DR393518_25,46.0,32267.62,DR393518,181.09,0.0,48.1,D,SimuProB-5,EV_110
377.969,55.0,75.96,3200.0,0,3.76,1,39.63,4.15,52.0,85.0,185.0,EV_110,0.0,1180,0.0,DR393518_25,46.1,32267.76,DR393518,181.09,0.0,48.2,D,SimuProB-5,EV_110
392.328,0.0,75.96,2400.0,0,3.82,1,39.63,4.14,38.0,-25.0,185.0,EV_110,0.022,1190,15.0,DR393518_25,46.0,32267.87,DR393518,181.09,0.0,48.1,D,SimuProB-5,EV_110
366.101,60.0,75.96,3500.0,0,3.72,1,39.59,4.12,55.0,95.0,185.0,EV_110,0.0,1200,0.0,DR393518_25,46.2,32268.02,DR393518,181.09,0.0,48.3,D,SimuProB-5,EV_110
378.572,25.0,75.96,2500.0,0,3.85,1,39.59,4.1,40.0,30.0,185.0,EV_110,0.0,1210,0.0,DR393518_25,46.1,32268.13,DR393518,181.09,0.0,48.2,D,SimuProB-5,EV_110
360.003,70.0,75.96,3800.0,0,3.7,1,39.57,4.15,60.0,110.0,185.0,EV_110,0.0,1220,0.0,DR393518_25,46.3,32268.3,DR393518,181.09,0.0,48.4,D,SimuProB-5,EV_110
352.418,75.0,75.96,4100.0,0,3.68,1,39.54,4.15,62.0,185.0,185.0,EV_110,0.0,1230,0.0,DR393518_25,46.4,32268.47,DR393518,181.09,0.0,48.5,D,SimuProB-5,EV_110
385.546,0.0,75.96,2900.0,0,3.8,1,39.54,4.14,45.0,-35.0,185.0,EV_110,0.025,1240,45.0,DR393518_25,46.4,32268.6,DR393518,181.09,0.0,48.5,D,SimuProB-5,EV_110
368.815,58.0,75.96,3300.0,0,3.71,1,39.54,4.13,50.0,92.0,185.0,EV_110,0.0,1250,0.0,DR393518_25,46.5,32268.74,DR393518,181.09,0.0,48.6,D,SimuProB-5,EV_110
372.574,45.0,75.96,3200.0,0,3.75,1,39.53,4.12,48.0,65.0,185.0,EV_110,0.0,1260,0.0,DR393518_25,46.6,32268.87,DR393518,181.09,0.0,48.7,D,SimuProB-5,EV_110
365.292,60.0,75.96,3600.0,0,3.69,1,39.5,4.14,55.0,120.0,185.0,EV_110,0.0,1270,0.0,DR393518_25,46.7,32269.03,DR393518,181.09,0.0,48.8,D,SimuProB-5,EV_110
369.071,15.0,75.96,800.0,0,3.78,1,39.5,4.11,12.0,25.0,185.0,EV_110,0.01,0,10.0,DR393518_26,46.8,32269.06,DR393518,181.09,0.0,48.9,D,SimuProB-5,EV_110
362.542,75.0,75.96,4100.0,0,3.65,1,39.48,4.14,60.0,145.0,185.0,EV_110,0.0,10,0.0,DR393518_26,46.9,32269.23,DR393518,181.09,0.0,49.0,D,SimuProB-5,EV_110
395.283,20.0,75.96,2200.0,0,3.78,1,39.47,4.12,35.0,35.0,185.0,EV_110,0.015,20,15.0,DR393518_26,46.9,32269.32,DR393518,181.09,0.0,49.0,D,SimuProB-5,EV_110
378.451,0.0,75.96,1000.0,0,3.75,1,39.46,4.11,15.0,-28.0,185.0,EV_110,0.022,30,55.0,DR393518_26,47.0,32269.37,DR393518,181.09,0.0,49.1,D,SimuProB-5,EV_110
372.602,25.0,75.96,1600.0,0,3.76,1,39.46,4.12,25.0,45.0,185.0,EV_110,0.0,40,0.0,DR393518_26,47.05,32269.44,DR393518,181.09,0.0,49.15,D,SimuProB-5,EV_110
368.616,45.0,75.96,2600.0,0,3.74,1,39.45,4.13,40.0,85.0,185.0,EV_110,0.0,50,0.0,DR393518_26,47.15,32269.55,DR393518,181.09,0.0,49.25,D,SimuProB-5,EV_110
385.126,0.0,75.96,600.0,0,3.77,1,39.44,4.14,10.0,-32.0,185.0,EV_110,0.025,60,65.0,DR393518_26,47.2,32269.58,DR393518,181.09,0.0,49.3,D,SimuProB-5,EV_110
398.06,5.0,75.96,300.0,0,3.78,1,39.42,4.1,5.0,12.0,185.0,EV_110,0.0,70,10.0,DR393518_26,47.25,32269.59,DR393518,181.09,0.0,49.35,D,SimuProB-5,EV_110
392.412,30.0,75.96,1200.0,0,3.79,1,39.41,4.12,20.0,55.0,185.0,EV_110,0.0,80,0.0,DR393518_26,47.3,32269.65,DR393518,181.09,0.0,49.4,D,SimuProB-5,EV_110
380.891,0.0,75.96,500.0,0,3.77,1,39.41,4.13,8.0,-35.0,185.0,EV_110,0.028,90,60.0,DR393518_26,47.35,32269.67,DR393518,181.09,0.0,49.45,D,SimuProB-5,EV_110
384.969,35.0,75.96,1600.0,0,3.81,1,39.4,4.12,25.0,45.0,185.0,EV_110,0.0,100,0.0,DR393518_26,47.37,32269.74,DR393518,181.09,0.0,49.47,D,SimuProB-5,EV_110
378.071,40.0,75.96,2300.0,0,3.79,1,39.37,4.13,35.0,75.0,185.0,EV_110,0.0,110,0.0,DR393518_26,47.4,32269.84,DR393518,181.09,0.0,49.5,D,SimuProB-5,EV_110
382.54,0.0,75.96,800.0,0,3.8,1,39.35,4.14,12.0,-28.0,185.0,EV_110,0.022,120,45.0,DR393518_26,47.42,32269.87,DR393518,181.09,0.0,49.52,D,SimuProB-5,EV_110
376.328,55.0,75.96,2800.0,0,3.78,1,39.32,4.13,42.0,85.0,185.0,EV_110,0.0,130,0.0,DR393518_26,47.48,32269.99,DR393518,181.09,0.0,49.58,D,SimuProB-5,EV_110
370.097,65.0,75.96,3800.0,0,3.76,1,39.3,4.14,55.0,110.0,185.0,EV_110,0.0,140,0.0,DR393518_26,47.62,32270.14,DR393518,181.09,0.0,49.72,D,SimuProB-5,EV_110
365.869,75.0,75.96,4300.0,0,3.74,1,39.25,4.15,62.0,145.0,185.0,EV_110,0.0,150,0.0,DR393518_26,47.78,32270.31,DR393518,181.09,0.0,49.88,D,SimuProB-5,EV_110
366.628,25.0,75.96,2600.0,0,3.78,1,39.25,4.14,40.0,45.0,185.0,EV_110,0.0,160,0.0,DR393518_26,47.82,32270.42,DR393518,181.09,0.0,49.92,D,SimuProB-5,EV_110
371.819,0.0,75.96,1400.0,0,3.82,1,39.23,4.13,22.0,-25.0,185.0,EV_110,0.018,170,35.0,DR393518_26,47.86,32270.48,DR393518,181.09,0.0,49.96,D,SimuProB-5,EV_110
378.36,5.0,75.96,500.0,0,3.85,1,39.23,4.12,8.0,12.0,185.0,EV_110,0.0,180,2.0,DR393518_26,47.9,32270.5,DR393518,181.09,0.0,50.0,D,SimuProB-5,EV_110
375.002,15.0,75.96,750.0,0,3.86,1,39.21,4.11,12.0,35.0,185.0,EV_110,0.0,190,0.0,DR393518_26,48.01,32270.53,DR393518,181.09,0.0,50.12,D,SimuProB-5,EV_110
367.868,55.0,75.96,1800.0,0,3.79,1,39.19,4.14,28.0,95.0,185.0,EV_110,0.0,200,0.0,DR393518_26,48.15,32270.61,DR393518,181.09,0.0,50.25,D,SimuProB-5,EV_110
382.766,0.0,75.96,900.0,0,3.88,1,39.18,4.13,15.0,-18.0,185.0,EV_110,0.012,210,45.0,DR393518_26,48.2,32270.65,DR393518,181.09,0.0,50.3,D,SimuProB-5,EV_110
374.857,35.0,75.96,2000.0,0,3.85,1,39.17,4.12,32.0,45.0,185.0,EV_110,0.0,220,0.0,DR393518_26,48.25,32270.74,DR393518,181.09,0.0,50.38,D,SimuProB-5,EV_110
368.569,65.0,75.96,2800.0,0,3.78,1,39.14,4.14,45.0,85.0,185.0,EV_110,0.0,230,0.0,DR393518_26,48.3,32270.86,DR393518,181.09,0.0,50.45,D,SimuProB-5,EV_110
376.176,0.0,75.96,1100.0,0,3.89,1,39.14,4.13,18.0,-22.0,185.0,EV_110,0.015,240,55.0,DR393518_26,48.35,32270.91,DR393518,181.09,0.0,50.5,D,SimuProB-5,EV_110
385.894,0.0,75.96,300.0,0,3.9,1,39.14,4.13,5.0,-28.0,185.0,EV_110,0.018,250,85.0,DR393518_26,48.4,32270.92,DR393518,181.09,0.0,50.55,D,SimuProB-5,EV_110
392.214,25.0,75.96,1100.0,0,3.85,1,39.13,4.12,18.0,12.0,185.0,EV_110,0.0,260,0.0,DR393518_26,48.45,32270.97,DR393518,181.09,0.0,50.6,D,SimuProB-5,EV_110
378.518,45.0,75.96,2200.0,0,3.76,1,39.13,4.14,35.0,65.0,185.0,EV_110,0.0,270,0.0,DR393518_26,48.5,32271.07,DR393518,181.09,0.0,50.7,D,SimuProB-5,EV_110
372.706,60.0,75.96,2600.0,0,3.75,1,39.12,4.145,42.0,95.0,185.0,EV_110,0.0,280,0.0,DR393518_26,48.65,32271.19,DR393518,181.09,0.0,50.85,D,SimuProB-5,EV_110
388.177,0.0,75.96,750.0,0,3.92,1,39.12,4.14,12.0,-32.0,185.0,EV_110,0.02,290,65.0,DR393518_26,48.7,32271.22,DR393518,181.09,0.0,50.9,D,SimuProB-5,EV_110
369.473,55.0,75.96,1800.0,0,3.72,1,39.12,4.15,28.0,110.0,185.0,EV_110,0.0,300,0.0,DR393518_26,48.8,32271.3,DR393518,181.09,0.0,51.0,D,SimuProB-5,EV_110
385.172,30.0,75.96,1400.0,0,3.88,1,39.11,4.13,22.0,45.0,185.0,EV_110,0.0,310,0.0,DR393518_26,48.75,32271.36,DR393518,181.09,0.0,51.05,D,SimuProB-5,EV_110
362.136,70.0,75.96,2900.0,0,3.71,1,39.09,4.15,45.0,145.0,185.0,EV_110,0.0,320,0.0,DR393518_26,48.9,32271.49,DR393518,181.09,0.0,51.2,D,SimuProB-5,EV_110
375.489,0.0,75.96,600.0,0,3.95,1,39.08,4.14,10.0,-25.0,185.0,EV_110,0.015,330,55.0,DR393518_26,48.85,32271.51,DR393518,181.09,0.0,51.15,D,SimuProB-5,EV_110
366.289,60.0,75.96,2400.0,0,3.75,1,39.05,4.15,38.0,125.0,185.0,EV_110,0.0,340,0.0,DR393518_26,49.0,32271.62,DR393518,181.09,0.0,51.35,D,SimuProB-5,EV_110
382.682,25.0,75.96,1550.0,0,3.89,1,39.05,4.13,25.0,35.0,185.0,EV_110,0.0,350,0.0,DR393518_26,49.05,32271.68,DR393518,181.09,0.0,51.4,D,SimuProB-5,EV_110
358.313,75.0,75.96,3300.0,0,3.68,1,39.03,4.15,52.0,155.0,185.0,EV_110,0.0,360,0.0,DR393518_26,49.2,32271.83,DR393518,181.09,0.0,51.55,D,SimuProB-5,EV_110
368.251,45.0,75.96,2000.0,0,3.82,1,39.0,4.14,32.0,115.0,185.0,EV_110,0.0,370,0.0,DR393518_26,49.3,32271.92,DR393518,181.09,0.0,51.65,D,SimuProB-5,EV_110
361.136,55.0,75.96,2650.0,0,3.74,1,38.98,4.15,42.0,135.0,185.0,EV_110,0.0,380,0.0,DR393518_26,49.45,32272.04,DR393518,181.09,0.0,51.8,D,SimuProB-5,EV_110
378.695,0.0,75.96,750.0,0,3.98,1,38.98,4.15,12.0,-35.0,185.0,EV_110,0.02,390,45.0,DR393518_26,49.5,32272.07,DR393518,181.09,0.0,51.85,D,SimuProB-5,EV_110
380.419,15.0,75.96,1100.0,0,3.92,1,38.95,4.14,18.0,28.0,185.0,EV_110,0.0,400,0.0,DR393518_26,49.55,32272.12,DR393518,181.09,0.0,51.9,D,SimuProB-5,EV_110
372.136,40.0,75.96,2200.0,0,3.85,1,38.93,4.15,35.0,85.0,185.0,EV_110,0.0,410,0.0,DR393518_26,49.6,32272.22,DR393518,181.09,0.0,52.0,D,SimuProB-5,EV_110
365.383,60.0,75.96,3100.0,0,3.78,1,38.92,4.15,48.0,125.0,185.0,EV_110,0.0,420,0.0,DR393518_26,49.7,32272.35,DR393518,181.09,0.0,52.15,D,SimuProB-5,EV_110
376.195,25.0,75.96,1500.0,0,3.88,1,38.89,4.14,25.0,45.0,185.0,EV_110,0.0,430,10.0,DR393518_26,49.75,32272.42,DR393518,181.09,0.0,52.2,D,SimuProB-5,EV_110
382.436,0.0,75.96,200.0,0,4.05,1,38.89,4.15,5.0,-12.0,185.0,EV_110,0.01,440,15.0,DR393518_26,49.8,32272.43,DR393518,181.09,0.0,52.25,D,SimuProB-5,EV_110
388.655,0.0,75.96,0.0,0,4.1,1,38.89,4.15,0.0,5.0,185.0,EV_110,0.0,450,100.0,DR393518_26,49.85,32272.43,DR393518,181.09,0.0,52.3,D,SimuProB-5,EV_110
389.153,15.0,75.96,450.0,0,4.11,1,38.88,4.15,8.5,12.5,185.0,EV_110,0.0,460,0.0,DR393518_26,49.86,32272.45,DR393518,181.09,0.0,52.32,D,SimuProB-5,EV_110
378.454,35.0,75.96,1300.0,0,3.92,1,38.87,4.15,22.0,65.0,185.0,EV_110,0.0,470,0.0,DR393518_26,49.95,32272.51,DR393518,181.09,0.0,52.45,D,SimuProB-5,EV_110
390.887,0.0,75.96,250.0,0,4.02,1,38.87,4.15,5.0,-18.0,185.0,EV_110,0.015,480,45.0,DR393518_26,50.0,32272.53,DR393518,181.09,0.0,52.5,D,SimuProB-5,EV_110
376.693,25.0,75.96,950.0,0,3.9,1,38.83,4.15,18.0,55.0,185.0,EV_110,0.0,490,0.0,DR393518_26,50.05,32272.58,DR393518,181.09,0.0,52.55,D,SimuProB-5,EV_110
368.29,65.0,75.96,2200.0,0,3.85,1,38.81,4.15,35.0,145.0,185.0,EV_110,0.0,500,0.0,DR393518_26,50.1,32272.68,DR393518,181.09,0.0,52.6,D,SimuProB-5,EV_110
372.393,0.0,75.96,550.0,0,4.0,1,38.81,4.15,12.0,-25.0,185.0,EV_110,0.02,510,35.0,DR393518_26,50.15,32272.71,DR393518,181.09,0.0,52.65,D,SimuProB-5,EV_110
382.605,30.0,75.96,1600.0,0,3.95,1,38.78,4.15,28.0,45.0,185.0,EV_110,0.0,520,0.0,DR393518_26,50.2,32272.79,DR393518,181.09,0.0,52.7,D,SimuProB-5,EV_110
374.419,55.0,75.96,2800.0,0,3.88,1,38.77,4.15,42.0,85.0,185.0,EV_110,0.0,530,0.0,DR393518_26,50.25,32272.9,DR393518,181.09,0.0,52.75,D,SimuProB-5,EV_110
379.209,0.0,75.96,750.0,0,4.05,1,38.77,4.15,15.0,-15.0,185.0,EV_110,0.018,540,25.0,DR393518_26,50.3,32272.95,DR393518,181.09,0.0,52.8,D,SimuProB-5,EV_110
375.031,60.0,75.96,3100.0,0,3.89,1,38.75,4.15,45.0,95.0,185.0,EV_110,0.0,550,0.0,DR393518_26,50.4,32273.08,DR393518,181.09,0.0,52.9,D,SimuProB-5,EV_110
365.199,75.0,75.96,3800.0,0,3.82,1,38.74,4.15,55.0,140.0,185.0,EV_110,0.0,560,0.0,DR393518_26,50.5,32273.23,DR393518,181.09,0.0,53.0,D,SimuProB-5,EV_110
378.859,0.0,75.96,900.0,0,4.02,1,38.74,4.15,18.0,-35.0,185.0,EV_110,0.025,570,45.0,DR393518_26,50.55,32273.28,DR393518,181.09,0.0,53.05,D,SimuProB-5,EV_110
372.674,45.0,75.96,2200.0,0,3.85,1,38.72,4.15,35.0,110.0,185.0,EV_110,0.0,580,0.0,DR393518_26,50.6,32273.38,DR393518,181.09,0.0,53.1,D,SimuProB-5,EV_110
385.431,0.0,75.96,600.0,0,4.01,1,38.72,4.14,12.0,-25.0,185.0,EV_110,0.02,590,35.0,DR393518_26,50.65,32273.41,DR393518,181.09,0.0,53.15,D,SimuProB-5,EV_110
369.389,65.0,75.96,2600.0,0,3.83,1,38.7,4.15,40.0,130.0,185.0,EV_110,0.0,600,0.0,DR393518_26,50.7,32273.52,DR393518,181.09,0.0,53.2,D,SimuProB-5,EV_110
362.003,80.0,75.96,3000.0,0,3.78,1,38.67,4.15,45.0,165.0,185.0,EV_110,0.0,610,0.0,DR393518_26,50.8,32273.65,DR393518,181.09,0.0,53.35,D,SimuProB-5,EV_110
358.352,80.0,75.96,3500.0,0,3.72,1,38.64,4.15,52.0,180.0,185.0,EV_110,0.0,620,0.0,DR393518_26,50.9,32273.79,DR393518,181.09,0.0,53.5,D,SimuProB-5,EV_110
365.589,35.0,75.96,2400.0,0,3.88,1,38.62,4.15,38.0,85.0,185.0,EV_110,0.0,630,0.0,DR393518_26,50.95,32273.9,DR393518,181.09,0.0,53.55,D,SimuProB-5,EV_110
378.747,25.0,75.96,2000.0,0,3.92,1,38.61,4.14,32.0,45.0,185.0,EV_110,0.0,640,0.0,DR393518_26,51.0,32273.99,DR393518,181.09,0.0,53.6,D,SimuProB-5,EV_110
368.459,55.0,75.96,2700.0,0,3.85,1,38.57,4.15,42.0,95.0,185.0,EV_110,0.0,650,0.0,DR393518_26,51.1,32274.11,DR393518,181.09,0.0,53.7,D,SimuProB-5,EV_110
355.455,75.0,75.96,3800.0,0,3.75,1,38.56,4.15,55.0,175.0,185.0,EV_110,0.0,660,0.0,DR393518_26,51.2,32274.26,DR393518,181.09,0.0,53.8,D,SimuProB-5,EV_110
361.737,65.0,75.96,3200.0,0,3.82,1,38.51,4.15,48.0,120.0,185.0,EV_110,0.0,670,0.0,DR393518_26,51.3,32274.39,DR393518,181.09,0.0,54.0,D,SimuProB-5,EV_110
370.243,30.0,75.96,2200.0,0,3.9,1,38.51,4.14,35.0,65.0,185.0,EV_110,0.0,680,10.0,DR393518_26,51.4,32274.49,DR393518,181.09,0.0,54.15,D,SimuProB-5,EV_110
358.768,70.0,75.96,2900.0,0,3.78,1,38.48,4.15,45.0,155.0,185.0,EV_110,0.0,690,0.0,DR393518_26,51.5,32274.62,DR393518,181.09,0.0,54.3,D,SimuProB-5,EV_110
352.493,45.0,75.96,2600.0,0,3.8,1,38.47,4.14,40.0,140.0,185.0,EV_110,0.0,700,0.0,DR393518_26,51.6,32274.73,DR393518,181.09,0.0,54.4,D,SimuProB-5,EV_110
365.681,15.0,75.96,1600.0,0,3.88,1,38.44,4.15,25.0,45.0,185.0,EV_110,0.0,710,5.0,DR393518_26,51.7,32274.8,DR393518,181.09,0.0,54.5,D,SimuProB-5,EV_110
347.985,60.0,75.96,3300.0,0,3.76,1,38.44,4.15,50.0,165.0,185.0,EV_110,0.0,720,0.0,DR393518_26,51.8,32274.94,DR393518,181.09,0.0,54.6,D,SimuProB-5,EV_110
375.554,20.0,75.96,950.0,0,3.92,1,38.42,4.12,15.0,35.0,185.0,EV_110,0.0,730,0.0,DR393518_26,51.85,32274.98,DR393518,181.09,0.0,54.65,D,SimuProB-5,EV_110
341.843,0.0,75.96,120.0,0,3.95,1,38.41,4.13,2.0,-35.0,185.0,EV_110,0.025,740,85.0,DR393518_26,51.9,32274.99,DR393518,181.09,0.0,54.7,D,SimuProB-5,EV_110
368.199,15.0,75.96,750.0,0,3.91,1,38.41,4.14,12.0,12.0,185.0,EV_110,0.0,750,0.0,DR393518_26,51.95,32275.02,DR393518,181.09,0.0,54.75,D,SimuProB-5,EV_110
362.232,25.0,75.96,1400.0,0,3.9,1,38.4,4.14,22.0,55.0,185.0,EV_110,0.0,760,0.0,DR393518_26,52.0,32275.08,DR393518,181.09,0.0,54.8,D,SimuProB-5,EV_110
357.711,45.0,75.96,2200.0,0,3.85,1,38.38,4.15,35.0,85.0,185.0,EV_110,0.0,770,0.0,DR393518_26,52.1,32275.18,DR393518,181.09,0.0,54.9,D,SimuProB-5,EV_110
344.631,0.0,75.96,650.0,0,3.88,1,38.37,4.13,10.0,-30.0,185.0,EV_110,0.02,780,60.0,DR393518_26,52.2,32275.21,DR393518,181.09,0.0,55.0,D,SimuProB-5,EV_110
352.514,30.0,75.96,1750.0,0,3.92,1,38.35,4.14,28.0,45.0,185.0,EV_110,0.0,790,0.0,DR393518_26,52.25,32275.29,DR393518,181.09,0.0,55.05,D,SimuProB-5,EV_110
365.604,10.0,75.96,1100.0,0,3.94,1,38.35,4.15,18.0,15.0,185.0,EV_110,0.0,800,15.0,DR393518_26,52.28,32275.34,DR393518,181.09,0.0,55.08,D,SimuProB-5,EV_110
340.667,35.0,75.96,2000.0,0,3.88,1,38.34,4.15,32.0,65.0,185.0,EV_110,0.0,810,0.0,DR393518_26,52.35,32275.43,DR393518,181.09,0.0,55.15,D,SimuProB-5,EV_110
355.541,25.0,75.96,1550.0,0,3.89,1,38.32,4.14,25.0,55.0,185.0,EV_110,0.0,820,0.0,DR393518_26,52.4,32275.5,DR393518,181.09,0.0,55.2,D,SimuProB-5,EV_110
342.02,0.0,75.96,750.0,0,3.91,1,38.31,4.13,12.0,-25.0,185.0,EV_110,0.015,830,45.0,DR393518_26,52.45,32275.53,DR393518,181.09,0.0,55.25,D,SimuProB-5,EV_110
349.254,40.0,75.96,2350.0,0,3.87,1,38.3,4.15,38.0,70.0,185.0,EV_110,0.0,840,0.0,DR393518_26,52.55,32275.64,DR393518,181.09,0.0,55.35,D,SimuProB-5,EV_110
338.273,55.0,75.96,2800.0,0,3.85,1,38.27,4.15,45.0,85.0,185.0,EV_110,0.0,850,0.0,DR393518_26,52.68,32275.76,DR393518,181.09,0.0,55.48,D,SimuProB-5,EV_110
352.031,0.0,75.96,1350.0,0,3.92,1,38.27,4.14,22.0,-35.0,185.0,EV_110,0.028,860,65.0,DR393518_26,52.75,32275.83,DR393518,181.09,0.0,55.55,D,SimuProB-5,EV_110
344.049,20.0,75.96,900.0,0,3.9,1,38.27,4.15,15.0,30.0,185.0,EV_110,0.0,870,0.0,DR393518_26,52.82,32275.87,DR393518,181.09,0.0,55.62,D,SimuProB-5,EV_110
348.563,30.0,75.96,1750.0,0,3.92,1,38.26,4.14,28.0,55.0,185.0,EV_110,0.0,880,0.0,DR393518_26,52.95,32275.95,DR393518,181.09,0.0,55.75,D,SimuProB-5,EV_110
339.867,65.0,75.96,3000.0,0,3.88,1,38.24,4.15,48.0,110.0,185.0,EV_110,0.0,890,0.0,DR393518_26,53.1,32276.08,DR393518,181.09,0.0,55.9,D,SimuProB-5,EV_110
346.147,0.0,75.96,1550.0,0,3.95,1,38.24,4.15,25.0,-30.0,185.0,EV_110,0.025,900,50.0,DR393518_26,53.2,32276.15,DR393518,181.09,0.0,56.0,D,SimuProB-5,EV_110
356.707,0.0,75.96,600.0,0,3.94,1,38.24,4.14,10.0,-15.0,185.0,EV_110,0.012,910,15.0,DR393518_26,53.25,32276.18,DR393518,181.09,0.0,56.05,D,SimuProB-5,EV_110
362.528,0.0,75.96,0.0,0,3.92,1,38.23,4.12,0.0,5.0,185.0,EV_110,0.0,920,45.0,DR393518_26,53.28,32276.18,DR393518,181.09,0.0,56.08,D,SimuProB-5,EV_110
365.355,25.0,75.96,750.0,0,3.91,1,38.23,4.14,12.0,45.0,185.0,EV_110,0.0,930,0.0,DR393518_26,53.35,32276.21,DR393518,181.09,0.0,56.15,D,SimuProB-5,EV_110
368.352,35.0,75.96,1350.0,0,3.92,1,38.23,4.13,22.0,25.0,185.0,EV_110,0.0,940,0.0,DR393518_26,53.4,32276.27,DR393518,181.09,0.0,56.2,D,SimuProB-5,EV_110
371.909,55.0,75.96,2300.0,0,3.9,1,38.21,4.14,38.0,55.0,185.0,EV_110,0.0,950,0.0,DR393518_26,53.5,32276.38,DR393518,181.09,0.0,56.3,D,SimuProB-5,EV_110
369.922,0.0,75.96,1100.0,0,3.94,1,38.2,4.15,18.0,-25.0,185.0,EV_110,0.018,960,45.0,DR393518_26,53.6,32276.43,DR393518,181.09,0.0,56.4,D,SimuProB-5,EV_110
376.158,60.0,75.96,2800.0,0,3.92,1,38.18,4.15,45.0,65.0,185.0,EV_110,0.0,970,0.0,DR393518_26,53.65,32276.56,DR393518,181.09,0.0,56.45,D,SimuProB-5,EV_110
372.6,0.0,75.96,900.0,0,3.95,1,38.18,4.15,15.0,-35.0,185.0,EV_110,0.022,980,60.0,DR393518_26,53.7,32276.6,DR393518,181.09,0.0,56.5,D,SimuProB-5,EV_110
374.526,30.0,75.96,1550.0,0,3.93,1,38.18,4.14,25.0,30.0,185.0,EV_110,0.0,990,0.0,DR393518_26,53.75,32276.67,DR393518,181.09,0.0,56.55,D,SimuProB-5,EV_110
378.932,15.0,75.96,450.0,0,3.98,1,38.16,4.15,8.0,10.0,185.0,EV_110,0.0,1000,5.0,DR393518_26,53.8,32276.69,DR393518,181.09,0.0,56.6,D,SimuProB-5,EV_110
372.714,50.0,75.96,2100.0,0,3.91,1,38.16,4.15,35.0,60.0,185.0,EV_110,0.0,1010,0.0,DR393518_26,53.85,32276.79,DR393518,181.09,0.0,56.65,D,SimuProB-5,EV_110
368.749,0.0,75.96,700.0,0,3.93,1,38.16,4.15,12.0,-38.0,185.0,EV_110,0.025,1020,55.0,DR393518_26,53.9,32276.82,DR393518,181.09,0.0,56.7,D,SimuProB-5,EV_110
374.612,35.0,75.96,1800.0,0,3.94,1,38.13,4.15,30.0,45.0,185.0,EV_110,0.0,1030,0.0,DR393518_26,53.95,32276.9,DR393518,181.09,0.0,56.75,D,SimuProB-5,EV_110
369.988,60.0,75.96,2800.0,0,3.9,1,38.1,4.15,45.0,75.0,185.0,EV_110,0.0,1040,0.0,DR393518_26,54.0,32277.03,DR393518,181.09,0.0,56.8,D,SimuProB-5,EV_110
376.589,0.0,75.96,1200.0,0,3.96,1,38.1,4.15,20.0,-25.0,185.0,EV_110,0.018,1050,45.0,DR393518_26,54.05,32277.08,DR393518,181.09,0.0,56.85,D,SimuProB-5,EV_110
369.905,55.0,75.96,3000.0,0,3.92,1,38.08,4.14,48.0,65.0,185.0,EV_110,0.0,1060,0.0,DR393518_26,54.08,32277.21,DR393518,181.09,0.0,56.88,D,SimuProB-5,EV_110
361.982,0.0,75.96,600.0,0,3.98,1,38.08,4.15,10.0,-42.0,185.0,EV_110,0.03,1070,75.0,DR393518_26,54.1,32277.24,DR393518,181.09,0.0,56.9,D,SimuProB-5,EV_110
375.668,0.0,75.96,0.0,0,3.95,1,38.08,4.15,0.0,8.5,185.0,EV_110,0.0,1080,15.0,DR393518_26,54.12,32277.24,DR393518,181.09,0.0,56.92,D,SimuProB-5,EV_110
372.302,15.0,75.96,500.0,0,3.96,1,38.06,4.15,8.0,12.5,185.0,EV_110,0.0,1090,5.0,DR393518_26,54.15,32277.26,DR393518,181.09,0.0,56.95,D,SimuProB-5,EV_110
377.72,35.0,75.96,1600.0,0,3.94,1,38.06,4.14,25.0,45.0,185.0,EV_110,0.0,1100,0.0,DR393518_26,54.18,32277.33,DR393518,181.09,0.0,56.98,D,SimuProB-5,EV_110
368.013,45.0,75.96,2400.0,0,3.92,1,38.06,4.15,38.0,60.0,185.0,EV_110,0.0,1110,0.0,DR393518_26,54.2,32277.44,DR393518,181.09,0.0,57.0,D,SimuProB-5,EV_110
365.594,55.0,75.96,3100.0,0,3.9,1,38.03,4.15,48.0,65.0,185.0,EV_110,0.0,1120,0.0,DR393518_26,54.35,32277.57,DR393518,181.09,0.0,57.12,D,SimuProB-5,EV_110
378.526,0.0,75.96,2000.0,0,3.98,1,38.02,4.14,32.0,-25.0,185.0,EV_110,0.015,1130,15.0,DR393518_26,54.38,32277.66,DR393518,181.09,0.0,57.15,D,SimuProB-5,EV_110
362.3,45.0,75.96,2900.0,0,3.91,1,38.01,4.15,45.0,55.0,185.0,EV_110,0.0,1140,0.0,DR393518_26,54.5,32277.79,DR393518,181.09,0.0,57.28,D,SimuProB-5,EV_110
376.03,5.0,75.96,320.0,0,3.95,1,37.98,4.14,5.0,12.0,185.0,EV_110,0.0,1150,10.0,DR393518_26,54.55,32277.8,DR393518,181.09,0.0,57.32,D,SimuProB-5,EV_110
366.77,25.0,75.96,1150.0,0,3.92,1,37.97,4.15,18.0,48.0,185.0,EV_110,0.0,1160,0.0,DR393518_26,54.62,32277.85,DR393518,181.09,0.0,57.38,D,SimuProB-5,EV_110
373.996,0.0,75.96,510.0,0,4.01,1,37.97,4.14,8.0,-18.0,185.0,EV_110,0.012,1170,35.0,DR393518_26,54.66,32277.88,DR393518,181.09,0.0,57.41,D,SimuProB-5,EV_110
375.502,20.0,75.96,760.0,0,3.94,1,37.95,4.14,12.0,35.0,185.0,EV_110,0.0,1180,0.0,DR393518_26,54.7,32277.91,DR393518,181.09,0.0,57.45,D,SimuProB-5,EV_110
370.533,65.0,75.96,1780.0,0,3.88,1,37.93,4.15,28.0,85.0,185.0,EV_110,0.0,1190,0.0,DR393518_26,54.78,32277.99,DR393518,181.09,0.0,57.52,D,SimuProB-5,EV_110
365.844,0.0,75.96,950.0,0,3.95,1,37.93,4.13,15.0,-32.0,185.0,EV_110,0.018,1200,60.0,DR393518_26,54.82,32278.03,DR393518,181.09,0.0,57.58,D,SimuProB-5,EV_110
368.071,15.0,75.96,950.0,0,3.96,1,37.9,4.14,15.0,12.0,185.0,EV_110,0.0,1210,0.0,DR393518_26,54.9,32278.07,DR393518,181.09,0.0,57.65,D,SimuProB-5,EV_110
362.61,70.0,75.96,2100.0,0,3.92,1,37.9,4.15,32.0,95.0,185.0,EV_110,0.0,1220,0.0,DR393518_26,54.95,32278.16,DR393518,181.09,0.0,57.72,D,SimuProB-5,EV_110
371.156,0.0,75.96,640.0,0,4.0,1,37.9,4.14,10.0,-28.0,185.0,EV_110,0.015,1230,55.0,DR393518_26,55.0,32278.19,DR393518,181.09,0.0,57.78,D,SimuProB-5,EV_110
360.339,75.0,75.96,2800.0,0,3.85,1,37.88,4.15,42.0,110.0,185.0,EV_110,0.0,1240,0.0,DR393518_26,55.08,32278.31,DR393518,181.09,0.0,57.85,D,SimuProB-5,EV_110
355.472,80.0,75.96,3200.0,0,3.78,1,37.86,4.15,48.0,180.0,185.0,EV_110,0.0,1250,0.0,DR393518_26,55.15,32278.44,DR393518,181.09,0.0,57.92,D,SimuProB-5,EV_110
362.088,0.0,75.96,750.0,0,4.02,1,37.86,4.14,12.0,-35.0,185.0,EV_110,0.019,1260,65.0,DR393518_26,55.2,32278.47,DR393518,181.09,0.0,57.98,D,SimuProB-5,EV_110
378.198,0.0,75.96,0.0,0,3.95,1,37.85,4.1,0.0,5.0,185.0,EV_110,0.0,1270,100.0,DR393518_26,55.25,32278.47,DR393518,181.09,0.0,58.01,D,SimuProB-5,EV_110
382.573,35.0,75.96,950.0,0,3.98,1,37.83,4.12,15.0,45.0,185.0,EV_110,0.0,0,0.0,DR393518_27,55.32,32278.51,DR393518,181.09,0.0,58.08,D,SimuProB-5,EV_110
372.958,55.0,75.96,1800.0,0,3.88,1,37.83,4.15,28.0,85.0,185.0,EV_110,0.0,10,0.0,DR393518_27,55.4,32278.59,DR393518,181.09,0.0,58.15,D,SimuProB-5,EV_110
368.092,65.0,75.96,2400.0,0,3.85,1,37.81,4.15,38.0,110.0,185.0,EV_110,0.0,20,0.0,DR393518_27,55.55,32278.7,DR393518,181.09,0.0,58.25,D,SimuProB-5,EV_110
374.871,0.0,75.96,1400.0,0,4.0,1,37.8,4.14,22.0,-25.0,185.0,EV_110,0.012,30,45.0,DR393518_27,55.65,32278.76,DR393518,181.09,0.0,58.35,D,SimuProB-5,EV_110
380.394,15.0,75.96,500.0,0,4.05,1,37.79,4.13,8.0,12.0,185.0,EV_110,0.0,40,5.0,DR393518_27,55.7,32278.78,DR393518,181.09,0.0,58.4,D,SimuProB-5,EV_110
383.489,25.0,75.96,750.0,0,4.02,1,37.77,4.12,12.0,18.5,185.0,EV_110,0.0,50,0.0,DR393518_27,55.78,32278.81,DR393518,181.09,0.0,58.5,D,SimuProB-5,EV_110
378.118,45.0,75.96,1600.0,0,3.95,1,37.74,4.14,25.0,42.0,185.0,EV_110,0.0,60,0.0,DR393518_27,55.85,32278.88,DR393518,181.09,0.0,58.65,D,SimuProB-5,EV_110
371.033,60.0,75.96,2700.0,0,3.89,1,37.72,4.15,42.0,95.0,185.0,EV_110,0.0,70,0.0,DR393518_27,55.98,32279.0,DR393518,181.09,0.0,58.85,D,SimuProB-5,EV_110
385.386,30.0,75.96,1100.0,0,4.03,1,37.71,4.11,18.0,22.0,185.0,EV_110,0.0,80,0.0,DR393518_27,55.9,32279.05,DR393518,181.09,0.0,58.75,D,SimuProB-5,EV_110
372.247,65.0,75.96,2850.0,0,3.92,1,37.66,4.14,45.0,85.0,185.0,EV_110,0.0,90,0.0,DR393518_27,56.15,32279.17,DR393518,181.09,0.0,59.05,D,SimuProB-5,EV_110
388.573,0.0,75.96,1250.0,0,4.06,1,37.65,4.13,20.0,-15.0,185.0,EV_110,0.015,100,15.0,DR393518_27,56.2,32279.23,DR393518,181.09,0.0,59.1,D,SimuProB-5,EV_110
374.556,55.0,75.96,3000.0,0,3.9,1,37.62,4.15,48.0,75.0,185.0,EV_110,0.0,110,0.0,DR393518_27,56.25,32279.36,DR393518,181.09,0.0,59.18,D,SimuProB-5,EV_110
369.78,70.0,75.96,3500.0,0,3.88,1,37.61,4.14,55.0,110.0,185.0,EV_110,0.0,120,0.0,DR393518_27,56.3,32279.52,DR393518,181.09,0.0,59.25,D,SimuProB-5,EV_110
382.268,0.0,75.96,2400.0,0,4.05,1,37.6,4.13,38.0,-35.0,185.0,EV_110,0.025,130,65.0,DR393518_27,56.25,32279.62,DR393518,181.09,0.0,59.2,D,SimuProB-5,EV_110
378.156,30.0,75.96,1500.0,0,3.95,1,37.57,4.14,25.0,45.0,185.0,EV_110,0.0,140,0.0,DR393518_27,56.35,32279.69,DR393518,181.09,0.0,59.3,D,SimuProB-5,EV_110
384.995,0.0,75.96,750.0,0,4.02,1,37.57,4.13,12.0,-25.0,185.0,EV_110,0.02,150,45.0,DR393518_27,56.4,32279.72,DR393518,181.09,0.0,59.35,D,SimuProB-5,EV_110
371.985,50.0,75.96,2200.0,0,3.89,1,37.57,4.15,35.0,95.0,185.0,EV_110,0.0,160,0.0,DR393518_27,56.45,32279.82,DR393518,181.09,0.0,59.42,D,SimuProB-5,EV_110
365.039,65.0,75.96,2650.0,0,3.86,1,37.54,4.14,42.0,125.0,185.0,EV_110,0.0,170,0.0,DR393518_27,56.52,32279.94,DR393518,181.09,0.0,59.5,D,SimuProB-5,EV_110
370.411,0.0,75.96,1750.0,0,4.08,1,37.54,4.15,28.0,-30.0,185.0,EV_110,0.022,180,55.0,DR393518_27,56.58,32280.01,DR393518,181.09,0.0,59.55,D,SimuProB-5,EV_110
368.886,45.0,75.96,2400.0,0,3.9,1,37.54,4.14,38.0,85.0,185.0,EV_110,0.0,190,0.0,DR393518_27,56.65,32280.12,DR393518,181.09,0.0,59.62,D,SimuProB-5,EV_110
361.99,70.0,75.96,3050.0,0,3.84,1,37.52,4.14,48.0,145.0,185.0,EV_110,0.0,200,0.0,DR393518_27,56.72,32280.25,DR393518,181.09,0.0,59.7,D,SimuProB-5,EV_110
368.607,0.0,75.96,1580.0,0,4.1,1,37.51,4.15,25.0,-35.0,185.0,EV_110,0.025,210,60.0,DR393518_27,56.78,32280.32,DR393518,181.09,0.0,59.75,D,SimuProB-5,EV_110
377.809,5.0,75.96,300.0,0,4.05,1,37.51,4.13,5.0,12.0,185.0,EV_110,0.0,220,10.0,DR393518_27,56.82,32280.34,DR393518,181.09,0.0,59.78,D,SimuProB-5,EV_110
362.426,35.0,75.96,1800.0,0,3.95,1,37.48,4.12,30.0,65.0,185.0,EV_110,0.0,230,0.0,DR393518_27,56.85,32280.42,DR393518,181.09,0.0,59.82,D,SimuProB-5,EV_110
359.211,55.0,75.96,2650.0,0,3.88,1,37.48,4.13,42.0,95.0,185.0,EV_110,0.0,240,0.0,DR393518_27,56.9,32280.54,DR393518,181.09,0.0,59.88,D,SimuProB-5,EV_110
364.714,0.0,75.96,1380.0,0,4.09,1,37.48,4.14,22.0,-25.0,185.0,EV_110,0.018,250,45.0,DR393518_27,56.93,32280.6,DR393518,181.09,0.0,59.91,D,SimuProB-5,EV_110
361.478,45.0,75.96,3050.0,0,3.85,1,37.45,4.11,48.0,75.0,185.0,EV_110,0.0,260,0.0,DR393518_27,56.98,32280.73,DR393518,181.09,0.0,59.95,D,SimuProB-5,EV_110
358.19,65.0,75.96,3500.0,0,3.82,1,37.44,4.12,55.0,110.0,185.0,EV_110,0.0,270,0.0,DR393518_27,57.05,32280.89,DR393518,181.09,0.0,60.0,D,SimuProB-5,EV_110
372.512,0.0,75.96,2200.0,0,4.08,1,37.42,4.14,35.0,-15.0,185.0,EV_110,0.015,280,25.0,DR393518_27,57.08,32280.98,DR393518,181.09,0.0,60.02,D,SimuProB-5,EV_110
367.954,35.0,75.96,2550.0,0,4.06,1,37.41,4.13,40.0,45.0,185.0,EV_110,0.0,290,0.0,DR393518_27,57.15,32281.09,DR393518,181.09,0.0,60.08,D,SimuProB-5,EV_110
361.755,60.0,75.96,3300.0,0,3.84,1,37.39,4.14,52.0,115.0,185.0,EV_110,0.0,300,0.0,DR393518_27,57.25,32281.24,DR393518,181.09,0.0,60.18,D,SimuProB-5,EV_110
369.735,0.0,75.96,1800.0,0,4.07,1,37.39,4.15,28.0,-35.0,185.0,EV_110,0.022,310,55.0,DR393518_27,57.32,32281.31,DR393518,181.09,0.0,60.25,D,SimuProB-5,EV_110
352.676,75.0,75.96,3800.0,0,3.88,1,37.37,4.14,60.0,135.0,185.0,EV_110,0.0,320,0.0,DR393518_27,57.4,32281.48,DR393518,181.09,0.0,60.32,D,SimuProB-5,EV_110
365.278,0.0,75.96,2400.0,0,4.05,1,37.36,4.15,38.0,-25.0,185.0,EV_110,0.018,330,45.0,DR393518_27,57.45,32281.58,DR393518,181.09,0.0,60.38,D,SimuProB-5,EV_110
359.946,55.0,75.96,3050.0,0,3.9,1,37.33,4.13,48.0,95.0,185.0,EV_110,0.0,340,0.0,DR393518_27,57.52,32281.72,DR393518,181.09,0.0,60.45,D,SimuProB-5,EV_110
362.121,50.0,75.96,2850.0,0,3.89,1,37.29,4.14,45.0,125.0,185.0,EV_110,0.0,350,0.0,DR393518_27,57.58,32281.85,DR393518,181.09,0.0,60.52,D,SimuProB-5,EV_110
354.953,70.0,75.96,3700.0,0,3.85,1,37.29,4.15,58.0,145.0,185.0,EV_110,0.0,360,0.0,DR393518_27,57.65,32282.01,DR393518,181.09,0.0,60.6,D,SimuProB-5,EV_110
370.173,0.0,75.96,1400.0,0,4.08,1,37.26,4.15,22.0,-30.0,185.0,EV_110,0.02,370,60.0,DR393518_27,57.72,32282.07,DR393518,181.09,0.0,60.68,D,SimuProB-5,EV_110
363.198,40.0,75.96,2680.0,0,3.92,1,37.26,4.14,42.0,65.0,185.0,EV_110,0.0,380,0.0,DR393518_27,57.79,32282.19,DR393518,181.09,0.0,60.75,D,SimuProB-5,EV_110
357.839,60.0,75.96,3500.0,0,3.88,1,37.26,4.15,55.0,110.0,185.0,EV_110,0.0,390,0.0,DR393518_27,57.85,32282.34,DR393518,181.09,0.0,60.82,D,SimuProB-5,EV_110
369.082,0.0,75.96,1150.0,0,4.06,1,37.24,4.15,18.0,-28.0,185.0,EV_110,0.015,400,55.0,DR393518_27,57.92,32282.39,DR393518,181.09,0.0,60.89,D,SimuProB-5,EV_110
352.843,65.0,75.96,3300.0,0,3.82,1,37.21,4.15,52.0,135.0,185.0,EV_110,0.0,410,0.0,DR393518_27,57.98,32282.53,DR393518,181.09,0.0,60.95,D,SimuProB-5,EV_110
365.045,0.0,75.96,950.0,0,4.05,1,37.18,4.15,15.0,-25.0,185.0,EV_110,0.025,420,70.0,DR393518_27,58.05,32282.58,DR393518,181.09,0.0,61.0,D,SimuProB-5,EV_110
372.848,0.0,75.96,320.0,0,4.11,1,37.17,4.14,5.0,12.0,185.0,EV_110,0.0,430,15.0,DR393518_27,58.12,32282.59,DR393518,181.09,0.0,61.08,D,SimuProB-5,EV_110
381.65,35.0,75.96,1800.0,0,4.08,1,37.15,4.14,28.0,45.0,185.0,EV_110,0.0,440,0.0,DR393518_27,58.18,32282.67,DR393518,181.09,0.0,61.12,D,SimuProB-5,EV_110
357.735,70.0,75.96,3100.0,0,3.85,1,37.13,4.15,48.0,145.0,185.0,EV_110,0.0,450,0.0,DR393518_27,58.3,32282.8,DR393518,181.09,0.0,61.25,D,SimuProB-5,EV_110
363.227,0.0,75.96,750.0,0,4.02,1,37.12,4.15,12.0,-35.0,185.0,EV_110,0.028,460,60.0,DR393518_27,58.33,32282.83,DR393518,181.09,0.0,61.28,D,SimuProB-5,EV_110
374.58,25.0,75.96,2050.0,0,4.08,1,37.1,4.14,32.0,35.0,185.0,EV_110,0.0,470,0.0,DR393518_27,58.37,32282.92,DR393518,181.09,0.0,61.32,D,SimuProB-5,EV_110
368.019,55.0,75.96,2900.0,0,4.05,1,37.07,4.15,45.0,85.0,185.0,EV_110,0.0,480,0.0,DR393518_27,58.5,32283.04,DR393518,181.09,0.0,61.45,D,SimuProB-5,EV_110
371.672,0.0,75.96,1150.0,0,4.01,1,37.05,4.15,18.0,-28.0,185.0,EV_110,0.022,490,45.0,DR393518_27,58.55,32283.09,DR393518,181.09,0.0,61.5,D,SimuProB-5,EV_110
365.456,65.0,75.96,3600.0,0,3.98,1,37.01,4.15,55.0,120.0,185.0,EV_110,0.0,500,0.0,DR393518_27,58.58,32283.24,DR393518,181.09,0.0,61.53,D,SimuProB-5,EV_110
357.681,75.0,75.96,4100.0,0,3.92,1,37.0,4.15,62.0,155.0,185.0,EV_110,0.0,510,0.0,DR393518_27,58.73,32283.42,DR393518,181.09,0.0,61.68,D,SimuProB-5,EV_110
369.517,0.0,75.96,1650.0,0,3.95,1,36.97,4.15,25.0,-32.0,185.0,EV_110,0.025,520,55.0,DR393518_27,58.76,32283.48,DR393518,181.09,0.0,61.71,D,SimuProB-5,EV_110
384.782,0.0,75.96,800.0,0,3.98,1,36.94,4.15,12.0,-22.5,185.0,EV_110,0.018,530,65.0,DR393518_27,58.8,32283.51,DR393518,181.09,0.0,61.75,D,SimuProB-5,EV_110
392.591,35.0,75.96,1850.0,0,4.02,1,36.92,4.15,28.0,45.0,185.0,EV_110,0.0,540,0.0,DR393518_27,58.85,32283.59,DR393518,181.09,0.0,61.8,D,SimuProB-5,EV_110
378.171,50.0,75.96,2750.0,0,4.0,1,36.89,4.15,42.0,95.0,185.0,EV_110,0.0,550,0.0,DR393518_27,59.0,32283.71,DR393518,181.09,0.0,61.95,D,SimuProB-5,EV_110
384.953,45.0,75.96,2450.0,0,4.01,1,36.86,4.14,38.0,65.0,185.0,EV_110,0.0,560,0.0,DR393518_27,59.1,32283.82,DR393518,181.09,0.0,62.05,D,SimuProB-5,EV_110
372.376,60.0,75.96,3400.0,0,3.98,1,36.85,4.15,52.0,110.0,185.0,EV_110,0.0,570,0.0,DR393518_27,59.25,32283.96,DR393518,181.09,0.0,62.2,D,SimuProB-5,EV_110
387.673,0.0,75.96,1450.0,0,4.03,1,36.84,4.15,22.0,-18.0,185.0,EV_110,0.015,580,35.0,DR393518_27,59.35,32284.02,DR393518,181.09,0.0,62.3,D,SimuProB-5,EV_110
395.134,30.0,75.96,2100.0,0,4.05,1,36.82,4.15,32.0,25.0,185.0,EV_110,0.0,590,0.0,DR393518_27,59.45,32284.11,DR393518,181.09,0.0,62.4,D,SimuProB-5,EV_110
388.968,40.0,75.96,3000.0,0,4.02,1,36.8,4.15,45.0,55.0,185.0,EV_110,0.0,600,0.0,DR393518_27,59.55,32284.23,DR393518,181.09,0.0,62.5,D,SimuProB-5,EV_110
398.094,0.0,75.96,800.0,0,4.06,1,36.77,4.15,12.0,-22.0,185.0,EV_110,0.02,610,45.0,DR393518_27,59.65,32284.27,DR393518,181.09,0.0,62.6,D,SimuProB-5,EV_110
389.136,65.0,75.96,3800.0,0,3.99,1,36.72,4.15,55.0,95.0,185.0,EV_110,0.0,620,0.0,DR393518_27,59.85,32284.42,DR393518,181.09,0.0,62.8,D,SimuProB-5,EV_110
394.601,0.0,75.96,1200.0,0,4.04,1,36.71,4.14,18.0,-25.0,185.0,EV_110,0.022,630,50.0,DR393518_27,59.95,32284.47,DR393518,181.09,0.0,62.9,D,SimuProB-5,EV_110
381.807,55.0,75.96,2800.0,0,3.97,1,36.69,4.15,42.0,115.0,185.0,EV_110,0.0,640,0.0,DR393518_27,60.1,32284.59,DR393518,181.09,0.0,63.1,D,SimuProB-5,EV_110
376.978,70.0,75.96,3600.0,0,3.95,1,36.63,4.15,52.0,120.0,185.0,EV_110,0.0,650,0.0,DR393518_27,60.25,32284.73,DR393518,181.09,0.0,63.3,D,SimuProB-5,EV_110
387.758,0.0,75.96,600.0,0,4.05,1,36.63,4.15,10.0,-35.0,185.0,EV_110,0.025,660,65.0,DR393518_27,60.3,32284.76,DR393518,181.09,0.0,63.35,D,SimuProB-5,EV_110
392.488,25.0,75.96,1400.0,0,4.08,1,36.63,4.14,22.0,15.0,185.0,EV_110,0.0,670,0.0,DR393518_27,60.35,32284.82,DR393518,181.09,0.0,63.4,D,SimuProB-5,EV_110
398.534,35.0,75.96,1900.0,0,4.02,1,36.61,4.12,28.0,45.0,185.0,EV_110,0.0,680,0.0,DR393518_27,60.37,32284.9,DR393518,181.09,0.0,63.42,D,SimuProB-5,EV_110
393.139,50.0,75.96,2600.0,0,4.0,1,36.61,4.14,38.0,85.0,185.0,EV_110,0.0,690,0.0,DR393518_27,60.42,32285.0,DR393518,181.09,0.0,63.48,D,SimuProB-5,EV_110
382.731,60.0,75.96,3100.0,0,3.98,1,36.58,4.15,45.0,105.0,185.0,EV_110,0.0,700,0.0,DR393518_27,60.5,32285.13,DR393518,181.09,0.0,63.55,D,SimuProB-5,EV_110
388.521,55.0,75.96,2900.0,0,4.01,1,36.56,4.14,42.0,65.0,185.0,EV_110,0.0,710,0.0,DR393518_27,60.55,32285.25,DR393518,181.09,0.0,63.6,D,SimuProB-5,EV_110
395.047,20.0,75.96,1600.0,0,4.07,1,36.55,4.13,25.0,25.0,185.0,EV_110,0.0,720,0.0,DR393518_27,60.6,32285.32,DR393518,181.09,0.0,63.65,D,SimuProB-5,EV_110
398.897,10.0,75.96,800.0,0,4.09,1,36.53,4.14,12.0,12.0,185.0,EV_110,0.0,730,5.0,DR393518_27,60.62,32285.35,DR393518,181.09,0.0,63.68,D,SimuProB-5,EV_110
392.891,25.0,75.96,1200.0,0,4.02,1,36.5,4.13,18.0,45.0,185.0,EV_110,0.0,740,0.0,DR393518_27,60.65,32285.4,DR393518,181.09,0.0,63.72,D,SimuProB-5,EV_110
385.331,55.0,75.96,2200.0,0,3.99,1,36.49,4.15,32.0,80.0,185.0,EV_110,0.0,750,0.0,DR393518_27,60.78,32285.49,DR393518,181.09,0.0,63.85,D,SimuProB-5,EV_110
396.647,0.0,75.96,1000.0,0,4.05,1,36.48,4.12,15.0,-18.0,185.0,EV_110,0.015,760,65.0,DR393518_27,60.82,32285.53,DR393518,181.09,0.0,63.9,D,SimuProB-5,EV_110
394.119,30.0,75.96,1400.0,0,4.04,1,36.45,4.13,22.0,35.0,185.0,EV_110,0.0,770,0.0,DR393518_27,60.84,32285.59,DR393518,181.09,0.0,63.92,D,SimuProB-5,EV_110
388.514,45.0,75.96,2400.0,0,4.01,1,36.44,4.14,38.0,65.0,185.0,EV_110,0.0,780,0.0,DR393518_27,60.86,32285.7,DR393518,181.09,0.0,63.95,D,SimuProB-5,EV_110
397.943,0.0,75.96,1800.0,0,4.06,1,36.43,4.12,28.0,-12.0,185.0,EV_110,0.018,790,45.0,DR393518_27,60.88,32285.77,DR393518,181.09,0.0,63.97,D,SimuProB-5,EV_110
382.911,40.0,75.96,2300.0,0,4.0,1,36.41,4.14,35.0,95.0,185.0,EV_110,0.0,800,0.0,DR393518_27,60.9,32285.87,DR393518,181.09,0.0,64.0,D,SimuProB-5,EV_110
376.128,50.0,75.96,2800.0,0,3.98,1,36.4,4.15,42.0,110.0,185.0,EV_110,0.0,810,0.0,DR393518_27,60.95,32285.98,DR393518,181.09,0.0,64.1,D,SimuProB-5,EV_110
388.884,0.0,75.96,1600.0,0,4.04,1,36.39,4.13,25.0,-25.0,185.0,EV_110,0.02,820,55.0,DR393518_27,61.0,32286.05,DR393518,181.09,0.0,64.15,D,SimuProB-5,EV_110
372.417,65.0,75.96,3400.0,0,3.95,1,36.36,4.15,52.0,125.0,185.0,EV_110,0.0,830,0.0,DR393518_27,61.1,32286.19,DR393518,181.09,0.0,64.25,D,SimuProB-5,EV_110
393.953,0.0,75.96,750.0,0,4.02,1,36.35,4.14,12.0,-35.0,185.0,EV_110,0.022,840,85.0,DR393518_27,61.15,32286.23,DR393518,181.09,0.0,64.3,D,SimuProB-5,EV_110
386.752,35.0,75.96,1900.0,0,4.0,1,36.34,4.13,30.0,55.0,185.0,EV_110,0.0,850,0.0,DR393518_27,61.2,32286.31,DR393518,181.09,0.0,64.4,D,SimuProB-5,EV_110
378.267,75.0,75.96,3000.0,0,3.92,1,36.31,4.15,45.0,185.0,185.0,EV_110,0.0,860,0.0,DR393518_27,61.3,32286.44,DR393518,181.09,0.0,64.5,D,SimuProB-5,EV_110
382.432,0.0,75.96,900.0,0,4.01,1,36.31,4.14,15.0,-42.0,185.0,EV_110,0.025,870,60.0,DR393518_27,61.35,32286.48,DR393518,181.09,0.0,64.55,D,SimuProB-5,EV_110
385.067,30.0,75.96,1800.0,0,3.99,1,36.3,4.13,28.0,45.0,185.0,EV_110,0.0,880,0.0,DR393518_27,61.45,32286.55,DR393518,181.09,0.0,64.65,D,SimuProB-5,EV_110
390.53,45.0,75.96,2400.0,0,4.0,1,36.29,4.13,38.0,65.0,185.0,EV_110,0.0,890,0.0,DR393518_27,61.55,32286.66,DR393518,181.09,0.0,64.75,D,SimuProB-5,EV_110
383.808,60.0,75.96,3200.0,0,3.95,1,36.26,4.14,48.0,120.0,185.0,EV_110,0.0,900,0.0,DR393518_27,61.65,32286.79,DR393518,181.09,0.0,64.85,D,SimuProB-5,EV_110
378.857,70.0,75.96,3800.0,0,3.93,1,36.25,4.15,55.0,165.0,185.0,EV_110,0.0,910,0.0,DR393518_27,61.8,32286.94,DR393518,181.09,0.0,65.0,D,SimuProB-5,EV_110
381.663,50.0,75.96,3000.0,0,3.98,1,36.21,4.14,45.0,95.0,185.0,EV_110,0.0,920,0.0,DR393518_27,61.9,32287.06,DR393518,181.09,0.0,65.0,D,SimuProB-5,EV_110
375.365,65.0,75.96,4200.0,0,3.94,1,36.21,4.15,58.0,145.0,185.0,EV_110,0.0,930,0.0,DR393518_27,62.0,32287.23,DR393518,181.09,0.0,65.0,D,SimuProB-5,EV_110
379.783,0.0,75.96,2600.0,0,4.0,1,36.2,4.14,40.0,-25.0,185.0,EV_110,0.022,940,45.0,DR393518_27,62.05,32287.34,DR393518,181.09,0.0,65.0,D,SimuProB-5,EV_110
382.897,55.0,75.96,2800.0,0,3.96,1,36.18,4.14,42.0,110.0,185.0,EV_110,0.0,950,0.0,DR393518_27,62.1,32287.46,DR393518,181.09,0.0,65.0,D,SimuProB-5,EV_110
376.684,65.0,75.96,3600.0,0,3.92,1,36.16,4.15,52.0,155.0,185.0,EV_110,0.0,960,0.0,DR393518_27,62.15,32287.6,DR393518,181.09,0.0,65.0,D,SimuProB-5,EV_110
379.793,0.0,75.96,1900.0,0,3.99,1,36.16,4.14,30.0,-30.0,185.0,EV_110,0.025,970,60.0,DR393518_27,62.15,32287.68,DR393518,181.09,0.0,65.0,D,SimuProB-5,EV_110
372.498,75.0,75.96,3200.0,0,3.91,1,36.15,4.15,48.0,180.0,185.0,EV_110,0.0,980,0.0,DR393518_27,62.2,32287.81,DR393518,181.09,0.0,65.0,D,SimuProB-5,EV_110
368.692,70.0,75.96,3000.0,0,3.89,1,36.13,4.15,45.0,195.0,185.0,EV_110,0.0,990,0.0,DR393518_27,62.25,32287.94,DR393518,181.09,0.0,65.0,D,SimuProB-5,EV_110
374.825,0.0,75.96,1600.0,0,3.98,1,36.13,4.14,25.0,-35.0,185.0,EV_110,0.028,1000,55.0,DR393518_27,62.3,32288.01,DR393518,181.09,0.0,65.0,D,SimuProB-5,EV_110
370.931,35.0,75.96,1600.0,0,3.93,1,36.11,4.15,25.0,85.0,185.0,EV_110,0.0,1010,0.0,DR393518_27,62.4,32288.08,DR393518,181.09,0.0,65.0,D,SimuProB-5,EV_110
388.595,0.0,75.96,700.0,0,3.96,1,36.11,4.14,12.0,-15.0,185.0,EV_110,0.015,1020,25.0,DR393518_27,62.45,32288.11,DR393518,181.09,0.0,65.0,D,SimuProB-5,EV_110
375.744,45.0,75.96,1800.0,0,3.91,1,36.09,4.15,28.0,60.0,185.0,EV_110,0.0,1030,0.0,DR393518_27,62.5,32288.19,DR393518,181.09,0.0,65.0,D,SimuProB-5,EV_110
372.137,48.0,75.96,2000.0,0,3.92,1,36.07,4.15,32.0,82.0,185.0,EV_110,0.0,1040,0.0,DR393518_27,62.6,32288.28,DR393518,181.09,0.0,65.0,D,SimuProB-5,EV_110
364.98,65.0,75.96,2700.0,0,3.88,1,36.04,4.14,42.0,145.0,185.0,EV_110,0.0,1050,0.0,DR393518_27,62.7,32288.4,DR393518,181.09,0.0,65.0,D,SimuProB-5,EV_110
368.622,0.0,75.96,1100.0,0,3.95,1,36.03,4.15,18.0,-28.0,185.0,EV_110,0.025,1060,60.0,DR393518_27,62.8,32288.45,DR393518,181.09,0.0,65.0,D,SimuProB-5,EV_110
378.446,35.0,75.96,1400.0,0,3.93,1,36.01,4.14,22.0,45.0,185.0,EV_110,0.0,1070,0.0,DR393518_27,62.85,32288.51,DR393518,181.09,0.0,65.0,D,SimuProB-5,EV_110
382.543,15.0,75.96,950.0,0,3.94,1,35.99,4.14,15.0,12.0,185.0,EV_110,0.0,1080,5.0,DR393518_27,62.9,32288.55,DR393518,181.09,0.0,65.0,D,SimuProB-5,EV_110
373.824,42.0,75.96,1900.0,0,3.9,1,35.98,4.15,30.0,75.0,185.0,EV_110,0.0,1090,0.0,DR393518_27,62.95,32288.64,DR393518,181.09,0.0,65.0,D,SimuProB-5,EV_110
371.292,55.0,75.96,2850.0,0,3.89,1,35.96,4.15,45.0,110.0,185.0,EV_110,0.0,1100,0.0,DR393518_27,63.0,32288.76,DR393518,181.09,0.0,65.0,D,SimuProB-5,EV_110
366.089,68.0,75.96,3300.0,0,3.87,1,35.93,4.14,52.0,135.0,185.0,EV_110,0.0,1110,0.0,DR393518_27,63.05,32288.91,DR393518,181.09,0.0,65.0,D,SimuProB-5,EV_110
375.567,20.0,75.96,1550.0,0,3.92,1,35.93,4.14,25.0,25.0,185.0,EV_110,0.015,1120,15.0,DR393518_27,63.08,32288.98,DR393518,181.09,0.0,65.0,D,SimuProB-5,EV_110
372.616,35.0,75.96,2050.0,0,3.93,1,35.91,4.14,32.0,45.0,185.0,EV_110,0.0,1130,0.0,DR393518_27,63.12,32289.07,DR393518,181.09,0.0,65.0,D,SimuProB-5,EV_110
368.497,50.0,75.96,2650.0,0,3.88,1,35.9,4.15,42.0,85.0,185.0,EV_110,0.0,1140,0.0,DR393518_27,63.18,32289.19,DR393518,181.09,0.0,65.0,D,SimuProB-5,EV_110
362.901,65.0,75.96,3500.0,0,3.85,1,35.88,4.15,55.0,125.0,185.0,EV_110,0.0,1150,0.0,DR393518_27,63.25,32289.34,DR393518,181.09,0.0,65.0,D,SimuProB-5,EV_110
357.777,72.0,75.96,3900.0,0,3.83,1,35.86,4.15,62.0,140.0,185.0,EV_110,0.0,1160,0.0,DR393518_27,63.35,32289.51,DR393518,181.09,0.0,65.0,D,SimuProB-5,EV_110
365.906,15.0,75.96,1750.0,0,3.91,1,35.85,4.14,28.0,45.0,185.0,EV_110,0.022,1170,25.0,DR393518_27,63.45,32289.59,DR393518,181.09,0.0,65.0,D,SimuProB-5,EV_110
374.913,5.0,75.96,500.0,0,3.94,1,35.84,4.13,8.0,12.0,185.0,EV_110,0.0,1180,10.0,DR393518_27,63.55,32289.61,DR393518,181.09,0.0,65.0,D,SimuProB-5,EV_110
371.156,12.0,75.96,950.0,0,3.93,1,35.82,4.13,15.0,18.0,185.0,EV_110,0.0,1190,0.0,DR393518_27,63.62,32289.65,DR393518,181.09,0.0,65.0,D,SimuProB-5,EV_110
368.233,35.0,75.96,1550.0,0,3.91,1,35.8,4.14,25.0,45.0,185.0,EV_110,0.0,1200,0.0,DR393518_27,63.78,32289.72,DR393518,181.09,0.0,65.0,D,SimuProB-5,EV_110
376.346,0.0,75.96,750.0,0,3.9,1,35.8,4.15,12.0,-28.0,185.0,EV_110,0.018,1210,65.0,DR393518_27,63.92,32289.75,DR393518,181.09,0.0,65.0,D,SimuProB-5,EV_110
352.652,45.0,75.96,2400.0,0,3.89,1,35.78,4.15,38.0,65.0,185.0,EV_110,0.0,1220,0.0,DR393518_27,64.05,32289.86,DR393518,181.09,0.0,65.0,D,SimuProB-5,EV_110
394.767,0.0,75.96,120.0,0,3.92,1,35.76,4.14,2.0,5.0,185.0,EV_110,0.0,1230,45.0,DR393518_27,64.08,32289.86,DR393518,181.09,0.0,65.0,D,SimuProB-5,EV_110
357.747,60.0,75.96,1600.0,0,3.88,1,35.74,4.15,25.0,85.0,185.0,EV_110,0.0,1240,0.0,DR393518_27,64.15,32289.93,DR393518,181.09,0.0,65.0,D,SimuProB-5,EV_110
350.625,55.0,75.96,2750.0,0,3.85,1,35.72,4.15,42.0,95.0,185.0,EV_110,0.0,1250,0.0,DR393518_27,64.22,32290.05,DR393518,181.09,0.0,65.0,D,SimuProB-5,EV_110
366.196,0.0,75.96,1150.0,0,3.95,1,35.7,4.15,18.0,-32.0,185.0,EV_110,0.022,1260,70.0,DR393518_27,64.25,32290.1,DR393518,181.09,0.0,65.0,D,SimuProB-5,EV_110
398.361,0.0,75.96,0.0,0,3.93,1,35.7,4.14,0.0,6.0,185.0,EV_110,0.0,1270,95.0,DR393518_27,64.28,32290.1,DR393518,181.09,0.0,65.0,D,SimuProB-5,EV_110
394.746,15.0,75.96,550.0,0,3.91,1,35.68,4.13,8.5,12.5,185.0,EV_110,0.0,0,10.0,DR393518_28,64.32,32290.12,DR393518,181.09,0.0,65.0,D,SimuProB-5,EV_110
388.082,45.0,75.96,1400.0,0,3.89,1,35.68,4.14,22.0,45.0,185.0,EV_110,0.0,10,0.0,DR393518_28,64.38,32290.18,DR393518,181.09,0.0,65.0,D,SimuProB-5,EV_110
391.719,10.0,75.96,780.0,0,3.9,1,35.67,4.13,12.0,18.0,185.0,EV_110,0.015,20,25.0,DR393518_28,64.42,32290.22,DR393518,181.09,0.0,65.0,D,SimuProB-5,EV_110
385.174,55.0,75.96,1850.0,0,3.88,1,35.67,4.14,28.5,55.0,185.0,EV_110,0.0,30,0.0,DR393518_28,64.45,32290.3,DR393518,181.09,0.0,65.0,D,SimuProB-5,EV_110
391.851,0.0,75.96,900.0,0,3.92,1,35.67,4.15,14.0,-38.0,185.0,EV_110,0.028,40,65.0,DR393518_28,64.48,32290.34,DR393518,181.09,0.0,65.0,D,SimuProB-5,EV_110
396.421,5.0,75.96,350.0,0,3.94,1,35.66,4.14,5.0,12.0,185.0,EV_110,0.0,50,15.0,DR393518_28,64.5,32290.35,DR393518,181.09,0.0,65.0,D,SimuProB-5,EV_110
372.672,65.0,75.96,2400.0,0,3.85,1,35.65,4.14,38.0,85.0,185.0,EV_110,0.0,60,0.0,DR393518_28,64.55,32290.46,DR393518,181.09,0.0,64.62,D,SimuProB-5,EV_110
364.841,75.0,75.96,2900.0,0,3.82,1,35.63,4.15,45.0,145.0,185.0,EV_110,0.0,70,0.0,DR393518_28,64.65,32290.58,DR393518,181.09,0.0,64.75,D,SimuProB-5,EV_110
378.819,0.0,75.96,1600.0,0,3.89,1,35.62,4.15,25.0,-28.0,185.0,EV_110,0.022,80,55.0,DR393518_28,64.72,32290.65,DR393518,181.09,0.0,64.88,D,SimuProB-5,EV_110
384.701,30.0,75.96,2200.0,0,3.9,1,35.59,4.14,35.0,45.0,185.0,EV_110,0.0,90,0.0,DR393518_28,64.78,32290.75,DR393518,181.09,0.0,64.92,D,SimuProB-5,EV_110
368.039,70.0,75.96,3300.0,0,3.84,1,35.58,4.15,52.0,120.0,185.0,EV_110,0.0,100,0.0,DR393518_28,64.82,32290.89,DR393518,181.09,0.0,65.0,D,SimuProB-5,EV_110
389.806,0.0,75.96,1800.0,0,3.91,1,35.56,4.15,28.0,-35.0,185.0,EV_110,0.025,110,75.0,DR393518_28,64.85,32290.97,DR393518,181.09,0.0,65.0,D,SimuProB-5,EV_110
362.659,78.0,75.96,3900.0,0,3.8,1,35.54,4.15,62.0,155.0,185.0,EV_110,0.0,120,0.0,DR393518_28,64.88,32291.14,DR393518,181.09,0.0,65.0,D,SimuProB-5,EV_110
385.367,0.0,75.96,2400.0,0,3.92,1,35.52,4.15,38.0,-38.0,185.0,EV_110,0.028,130,65.0,DR393518_28,64.95,32291.25,DR393518,181.09,0.0,65.0,D,SimuProB-5,EV_110
395.85,15.0,75.96,1100.0,0,4.05,1,35.52,4.14,18.0,25.0,185.0,EV_110,0.0,140,5.0,DR393518_28,65.0,32291.3,DR393518,181.09,0.0,65.0,D,SimuProB-5,EV_110
365.578,60.0,75.96,3000.0,0,3.86,1,35.49,4.15,48.0,110.5,185.0,EV_110,0.0,150,0.0,DR393518_28,65.0,32291.43,DR393518,181.09,0.0,65.0,D,SimuProB-5,EV_110
378.213,0.0,75.96,1400.0,0,3.9,1,35.47,4.15,22.0,-25.0,185.0,EV_110,0.022,160,45.0,DR393518_28,65.0,32291.49,DR393518,181.09,0.0,65.0,D,SimuProB-5,EV_110
392.205,35.0,75.96,2200.0,0,4.02,1,35.46,4.14,35.0,45.0,185.0,EV_110,0.0,170,0.0,DR393518_28,65.0,32291.59,DR393518,181.09,0.0,65.0,D,SimuProB-5,EV_110
388.68,25.0,75.96,1750.0,0,4.08,1,35.43,4.15,28.0,15.0,185.0,EV_110,0.0,180,0.0,DR393518_28,65.0,32291.67,DR393518,181.09,0.0,65.0,D,SimuProB-5,EV_110
380.315,45.0,75.96,2650.0,0,4.04,1,35.41,4.15,42.0,65.0,185.0,EV_110,0.0,190,0.0,DR393518_28,65.0,32291.78,DR393518,181.09,0.0,65.0,D,SimuProB-5,EV_110
394.758,0.0,75.96,1100.0,0,4.06,1,35.41,4.15,18.0,-32.0,185.0,EV_110,0.025,200,55.0,DR393518_28,65.0,32291.83,DR393518,181.09,0.0,65.0,D,SimuProB-5,EV_110
376.069,65.0,75.96,3800.0,0,4.02,1,35.38,4.15,52.0,85.0,185.0,EV_110,0.0,210,0.0,DR393518_28,41.2,32291.97,DR393518,181.09,0.0,42.1,D,SimuProB-5,EV_110
368.876,75.0,75.96,4600.0,0,4.05,1,35.36,4.15,62.0,145.0,185.0,EV_110,0.0,220,0.0,DR393518_28,41.4,32292.15,DR393518,181.09,0.0,42.3,D,SimuProB-5,EV_110
381.964,0.0,75.96,3200.0,0,4.08,1,35.34,4.15,45.0,-38.0,185.0,EV_110,0.028,230,60.0,DR393518_28,41.5,32292.27,DR393518,181.09,0.0,42.4,D,SimuProB-5,EV_110
372.16,35.0,75.96,3400.0,0,4.03,1,35.32,4.14,48.0,55.0,185.0,EV_110,0.0,240,0.0,DR393518_28,41.6,32292.4,DR393518,181.09,0.0,42.5,D,SimuProB-5,EV_110
365.429,70.0,75.96,4200.0,0,4.01,1,35.29,4.15,58.0,120.0,185.0,EV_110,0.0,250,0.0,DR393518_28,41.8,32292.56,DR393518,181.09,0.0,42.7,D,SimuProB-5,EV_110
375.564,0.0,75.96,2400.0,0,4.05,1,35.29,4.15,35.0,-25.0,185.0,EV_110,0.022,260,45.0,DR393518_28,41.9,32292.66,DR393518,181.09,0.0,42.8,D,SimuProB-5,EV_110
362.587,80.0,75.96,4800.0,0,4.0,1,35.27,4.15,65.0,160.0,185.0,EV_110,0.0,270,0.0,DR393518_28,42.0,32292.84,DR393518,181.09,0.0,43.1,D,SimuProB-5,EV_110
378.936,0.0,75.96,2100.0,0,4.06,1,35.26,4.15,30.0,-35.0,185.0,EV_110,0.025,280,65.0,DR393518_28,42.1,32292.92,DR393518,181.09,0.0,43.2,D,SimuProB-5,EV_110
369.75,40.0,75.96,2800.0,0,4.02,1,35.24,4.14,40.0,45.0,185.0,EV_110,0.0,290,0.0,DR393518_28,42.2,32293.03,DR393518,181.09,0.0,43.3,D,SimuProB-5,EV_110
368.592,45.0,75.96,3100.0,0,4.03,1,35.21,4.15,45.0,85.0,185.0,EV_110,0.0,300,0.0,DR393518_28,42.3,32293.15,DR393518,181.09,0.0,43.4,D,SimuProB-5,EV_110
364.446,65.0,75.96,3900.0,0,4.0,1,35.2,4.15,55.0,135.0,185.0,EV_110,0.0,310,0.0,DR393518_28,42.5,32293.31,DR393518,181.09,0.0,43.6,D,SimuProB-5,EV_110
373.21,0.0,75.96,1800.0,0,4.08,1,35.18,4.15,25.0,-30.0,185.0,EV_110,0.024,320,55.0,DR393518_28,42.6,32293.38,DR393518,181.09,0.0,43.7,D,SimuProB-5,EV_110
376.252,15.0,75.96,950.0,0,4.1,1,35.17,4.14,15.0,12.0,185.0,EV_110,0.0,330,0.0,DR393518_28,42.7,32293.42,DR393518,181.09,0.0,43.8,D,SimuProB-5,EV_110
375.011,30.0,75.96,1900.0,0,4.08,1,35.13,4.15,28.0,35.0,185.0,EV_110,0.0,340,0.0,DR393518_28,42.8,32293.5,DR393518,181.09,0.0,43.9,D,SimuProB-5,EV_110
378.228,0.0,75.96,650.0,0,4.12,1,35.13,4.15,10.0,-15.0,185.0,EV_110,0.012,350,15.0,DR393518_28,42.9,32293.53,DR393518,181.09,0.0,44.0,D,SimuProB-5,EV_110
372.659,55.0,75.96,2800.0,0,4.05,1,35.11,4.15,42.0,85.0,185.0,EV_110,0.0,360,0.0,DR393518_28,43.0,32293.65,DR393518,181.09,0.0,44.1,D,SimuProB-5,EV_110
374.178,0.0,75.96,1300.0,0,4.1,1,35.1,4.15,20.0,-25.0,185.0,EV_110,0.02,370,45.0,DR393518_28,43.1,32293.7,DR393518,181.09,0.0,44.2,D,SimuProB-5,EV_110
376.702,35.0,75.96,2000.0,0,4.09,1,35.1,4.15,30.0,45.0,185.0,EV_110,0.0,380,0.0,DR393518_28,43.2,32293.79,DR393518,181.09,0.0,44.3,D,SimuProB-5,EV_110
373.725,70.0,75.96,3600.0,0,4.04,1,35.07,4.15,55.0,120.0,185.0,EV_110,0.0,390,0.0,DR393518_28,43.3,32293.94,DR393518,181.09,0.0,44.4,D,SimuProB-5,EV_110
368.086,0.0,75.96,1600.0,0,4.08,1,35.05,4.14,25.0,-35.0,185.0,EV_110,0.025,400,60.0,DR393518_28,43.4,32294.01,DR393518,181.09,0.0,44.5,D,SimuProB-5,EV_110
371.243,35.0,75.96,2100.0,0,4.1,1,35.05,4.15,32.0,40.0,185.0,EV_110,0.0,410,0.0,DR393518_28,43.5,32294.1,DR393518,181.09,0.0,44.6,D,SimuProB-5,EV_110
369.535,45.0,75.96,2700.0,0,4.08,1,35.03,4.14,42.0,65.0,185.0,EV_110,0.0,420,0.0,DR393518_28,43.6,32294.22,DR393518,181.09,0.0,44.7,D,SimuProB-5,EV_110
364.249,60.0,75.96,3200.0,0,4.06,1,35.03,4.15,50.0,110.0,185.0,EV_110,0.0,430,0.0,DR393518_28,43.7,32294.36,DR393518,181.09,0.0,44.8,D,SimuProB-5,EV_110
372.375,0.0,75.96,1800.0,0,4.1,1,35.02,4.14,28.0,-20.0,185.0,EV_110,0.022,440,55.0,DR393518_28,43.75,32294.43,DR393518,181.09,0.0,44.85,D,SimuProB-5,EV_110
375.137,15.0,75.96,1450.0,0,4.08,1,35.0,4.13,22.0,15.0,185.0,EV_110,0.0,450,0.0,DR393518_28,43.8,32294.49,DR393518,181.09,0.0,44.9,D,SimuProB-5,EV_110
370.344,40.0,75.96,2450.0,0,4.09,1,34.99,4.15,38.0,55.0,185.0,EV_110,0.0,460,0.0,DR393518_28,43.85,32294.6,DR393518,181.09,0.0,44.95,D,SimuProB-5,EV_110
362.477,70.0,75.96,3350.0,0,4.05,1,34.99,4.15,52.0,130.0,185.0,EV_110,0.0,470,0.0,DR393518_28,43.9,32294.74,DR393518,181.09,0.0,45.0,D,SimuProB-5,EV_110
358.27,75.0,75.96,3900.0,0,4.04,1,34.96,4.15,62.0,145.0,185.0,EV_110,0.0,480,0.0,DR393518_28,43.95,32294.91,DR393518,181.09,0.0,45.05,D,SimuProB-5,EV_110
378.106,0.0,75.96,2200.0,0,4.11,1,34.94,4.15,35.0,-35.0,185.0,EV_110,0.028,490,65.0,DR393518_28,43.95,32295.01,DR393518,181.09,0.0,45.05,D,SimuProB-5,EV_110
369.692,45.0,75.96,2850.0,0,4.08,1,34.92,4.15,45.0,65.0,185.0,EV_110,0.0,500,0.0,DR393518_28,44.0,32295.13,DR393518,181.09,0.0,45.1,D,SimuProB-5,EV_110
375.985,35.0,75.96,2600.0,0,4.07,1,34.89,4.13,40.0,45.0,185.0,EV_110,0.0,510,0.0,DR393518_28,44.1,32295.24,DR393518,181.09,0.0,45.2,D,SimuProB-5,EV_110
372.237,55.0,75.96,3100.0,0,4.06,1,34.87,4.14,48.0,85.0,185.0,EV_110,0.0,520,0.0,DR393518_28,44.2,32295.37,DR393518,181.09,0.0,45.3,D,SimuProB-5,EV_110
381.919,0.0,75.96,1600.0,0,4.1,1,34.86,4.15,25.0,-25.0,185.0,EV_110,0.022,530,50.0,DR393518_28,44.3,32295.44,DR393518,181.09,0.0,45.4,D,SimuProB-5,EV_110
373.952,60.0,75.96,3400.0,0,4.05,1,34.83,4.15,52.0,95.0,185.0,EV_110,0.0,540,0.0,DR393518_28,44.35,32295.58,DR393518,181.09,0.0,45.45,D,SimuProB-5,EV_110
367.975,75.0,75.96,3900.0,0,4.04,1,34.83,4.15,58.0,130.0,185.0,EV_110,0.0,550,0.0,DR393518_28,44.45,32295.75,DR393518,181.09,0.0,45.55,D,SimuProB-5,EV_110
377.66,0.0,75.96,2700.0,0,4.11,1,34.83,4.15,42.0,-30.0,185.0,EV_110,0.025,560,70.0,DR393518_28,44.48,32295.86,DR393518,181.09,0.0,45.58,D,SimuProB-5,EV_110
370.254,65.0,75.96,3600.0,0,4.04,1,34.82,4.15,55.0,110.0,185.0,EV_110,0.0,570,0.0,DR393518_28,44.58,32296.01,DR393518,181.09,0.0,45.68,D,SimuProB-5,EV_110
368.657,70.0,75.96,3900.0,0,4.03,1,34.79,4.15,59.0,125.0,185.0,EV_110,0.0,580,0.0,DR393518_28,44.68,32296.18,DR393518,181.09,0.0,45.8,D,SimuProB-5,EV_110
364.852,78.0,75.96,4100.0,0,4.02,1,34.78,4.15,62.0,145.0,185.0,EV_110,0.0,590,0.0,DR393518_28,44.78,32296.35,DR393518,181.09,0.0,45.92,D,SimuProB-5,EV_110
363.383,72.0,75.96,4000.0,0,4.01,1,34.75,4.15,60.0,155.0,185.0,EV_110,0.0,600,0.0,DR393518_28,44.88,32296.52,DR393518,181.09,0.0,46.04,D,SimuProB-5,EV_110
375.283,0.0,75.96,2900.0,0,4.1,1,34.75,4.15,45.0,-25.0,185.0,EV_110,0.022,610,60.0,DR393518_28,44.91,32296.64,DR393518,181.09,0.0,46.07,D,SimuProB-5,EV_110
366.593,60.0,75.96,3400.0,0,4.03,1,34.75,4.15,52.0,120.0,185.0,EV_110,0.0,620,0.0,DR393518_28,45.03,32296.79,DR393518,181.09,0.0,46.19,D,SimuProB-5,EV_110
362.874,80.0,75.96,4200.0,0,4.0,1,34.73,4.15,64.0,165.0,185.0,EV_110,0.0,630,0.0,DR393518_28,45.1,32296.97,DR393518,181.09,0.0,46.28,D,SimuProB-5,EV_110
368.584,25.0,75.96,3100.0,0,4.04,1,34.71,4.14,48.0,95.0,185.0,EV_110,0.015,640,15.0,DR393518_28,45.15,32297.1,DR393518,181.09,0.0,46.35,D,SimuProB-5,EV_110
364.857,55.0,75.96,3600.0,0,4.02,1,34.71,4.15,55.0,130.0,185.0,EV_110,0.0,650,0.0,DR393518_28,45.22,32297.25,DR393518,181.09,0.0,46.42,D,SimuProB-5,EV_110
360.13,45.0,75.96,2700.0,0,3.98,1,34.68,4.15,42.0,185.0,185.0,EV_110,0.0,660,20.0,DR393518_28,45.35,32297.37,DR393518,181.09,0.0,46.55,D,SimuProB-5,EV_110
355.554,75.0,75.96,1600.0,0,3.95,1,34.66,4.15,25.0,210.0,185.0,EV_110,0.0,670,0.0,DR393518_28,45.48,32297.44,DR393518,181.09,0.0,46.72,D,SimuProB-5,EV_110
363.05,0.0,75.96,750.0,0,4.05,1,34.66,4.15,12.0,-35.0,185.0,EV_110,0.028,680,85.0,DR393518_28,45.55,32297.47,DR393518,181.09,0.0,46.78,D,SimuProB-5,EV_110
360.016,40.0,75.96,2200.0,0,4.03,1,34.64,4.14,35.0,120.0,185.0,EV_110,0.0,690,0.0,DR393518_28,45.62,32297.57,DR393518,181.09,0.0,46.85,D,SimuProB-5,EV_110
357.832,60.0,75.96,2900.0,0,4.01,1,34.62,4.15,45.0,155.0,185.0,EV_110,0.0,700,0.0,DR393518_28,45.75,32297.69,DR393518,181.09,0.0,46.98,D,SimuProB-5,EV_110
362.202,0.0,75.96,1400.0,0,4.04,1,34.62,4.15,22.0,-25.0,185.0,EV_110,0.022,710,65.0,DR393518_28,45.82,32297.75,DR393518,181.09,0.0,47.05,D,SimuProB-5,EV_110
363.011,0.0,75.96,950.0,0,4.03,1,34.6,4.14,15.0,-20.0,185.0,EV_110,0.02,720,50.0,DR393518_28,45.87,32297.79,DR393518,181.09,0.0,47.1,D,SimuProB-5,EV_110
360.939,35.0,75.96,1600.0,0,4.0,1,34.59,4.13,25.0,85.0,185.0,EV_110,0.0,730,0.0,DR393518_28,45.92,32297.86,DR393518,181.09,0.0,47.15,D,SimuProB-5,EV_110
358.859,55.0,75.96,2400.0,0,3.99,1,34.59,4.14,38.0,140.0,185.0,EV_110,0.0,740,0.0,DR393518_28,45.98,32297.97,DR393518,181.09,0.0,47.22,D,SimuProB-5,EV_110
365.406,25.0,75.96,1800.0,0,4.02,1,34.57,4.12,28.0,45.0,185.0,EV_110,0.0,750,0.0,DR393518_28,46.05,32298.05,DR393518,181.09,0.0,47.28,D,SimuProB-5,EV_110
352.491,0.0,75.96,750.0,0,4.05,1,34.57,4.14,12.0,-35.0,185.0,EV_110,0.028,760,75.0,DR393518_28,46.08,32298.08,DR393518,181.09,0.0,47.32,D,SimuProB-5,EV_110
360.968,5.0,75.96,300.0,0,4.03,1,34.57,4.13,5.0,12.0,185.0,EV_110,0.0,770,10.0,DR393518_28,46.1,32298.1,DR393518,181.09,0.0,47.35,D,SimuProB-5,EV_110
361.089,20.0,75.96,950.0,0,4.03,1,34.54,4.13,15.0,18.5,185.0,EV_110,0.0,780,0.0,DR393518_28,46.12,32298.14,DR393518,181.09,0.0,47.38,D,SimuProB-5,EV_110
355.453,65.0,75.96,2000.0,0,4.01,1,34.54,4.14,32.0,95.0,185.0,EV_110,0.0,790,0.0,DR393518_28,46.15,32298.23,DR393518,181.09,0.0,47.42,D,SimuProB-5,EV_110
359.506,0.0,75.96,1150.0,0,4.04,1,34.53,4.14,18.0,-28.0,185.0,EV_110,0.025,800,60.0,DR393518_28,46.18,32298.28,DR393518,181.09,0.0,47.45,D,SimuProB-5,EV_110
372.445,35.0,75.96,1750.0,0,4.04,1,34.51,4.13,28.0,45.0,185.0,EV_110,0.0,810,0.0,DR393518_28,46.25,32298.36,DR393518,181.09,0.0,47.58,D,SimuProB-5,EV_110
384.708,25.0,75.96,2650.0,0,4.05,1,34.51,4.13,42.0,15.0,185.0,EV_110,0.0,820,0.0,DR393518_28,46.32,32298.47,DR393518,181.09,0.0,47.65,D,SimuProB-5,EV_110
368.468,0.0,75.96,1400.0,0,4.06,1,34.5,4.14,22.0,-32.0,185.0,EV_110,0.022,830,55.0,DR393518_28,46.4,32298.54,DR393518,181.09,0.0,47.72,D,SimuProB-5,EV_110
390.286,45.0,75.96,3000.0,0,4.055,1,34.48,4.135,48.0,60.0,185.0,EV_110,0.0,840,0.0,DR393518_28,46.48,32298.67,DR393518,181.09,0.0,47.78,D,SimuProB-5,EV_110
352.529,0.0,75.96,650.0,0,4.07,1,34.46,4.14,10.0,-38.0,185.0,EV_110,0.028,850,75.0,DR393518_28,46.55,32298.7,DR393518,181.09,0.0,47.85,D,SimuProB-5,EV_110
375.632,30.0,75.96,1550.0,0,4.04,1,34.43,4.13,25.0,35.0,185.0,EV_110,0.0,860,0.0,DR393518_28,46.62,32298.77,DR393518,181.09,0.0,47.92,D,SimuProB-5,EV_110
362.256,55.0,75.96,2800.0,0,4.045,1,34.38,4.132,45.0,85.0,185.0,EV_110,0.0,870,0.0,DR393518_28,46.75,32298.9,DR393518,181.09,0.0,48.05,D,SimuProB-5,EV_110
355.441,0.0,75.96,750.0,0,4.065,1,34.38,4.145,12.0,-42.0,185.0,EV_110,0.032,880,85.0,DR393518_28,46.88,32298.93,DR393518,181.09,0.0,48.18,D,SimuProB-5,EV_110
370.0,15.0,75.96,300.0,0,4.05,1,34.35,4.13,5.0,10.0,185.0,EV_110,0.0,890,5.0,DR393518_28,46.95,32298.94,DR393518,181.09,0.0,48.25,D,SimuProB-5,EV_110
368.191,25.0,75.96,950.0,0,4.055,1,34.34,4.135,15.0,12.0,185.0,EV_110,0.0,900,0.0,DR393518_28,47.02,32298.98,DR393518,181.09,0.0,48.32,D,SimuProB-5,EV_110
365.154,40.0,75.96,1800.0,0,4.058,1,34.3,4.138,30.0,45.0,185.0,EV_110,0.0,910,0.0,DR393518_28,47.15,32299.06,DR393518,181.09,0.0,48.45,D,SimuProB-5,EV_110
358.098,50.0,75.96,2850.0,0,4.062,1,34.29,4.142,45.0,75.0,185.0,EV_110,0.0,920,0.0,DR393518_28,47.3,32299.19,DR393518,181.09,0.0,48.6,D,SimuProB-5,EV_110
358.871,35.0,75.96,2500.0,0,4.06,1,34.27,4.14,40.0,55.0,185.0,EV_110,0.0,930,0.0,DR393518_28,47.42,32299.3,DR393518,181.09,0.0,48.72,D,SimuProB-5,EV_110
365.289,15.0,75.96,1550.0,0,4.055,1,34.27,4.135,25.0,18.0,185.0,EV_110,0.0,940,5.0,DR393518_28,47.5,32299.37,DR393518,181.09,0.0,48.8,D,SimuProB-5,EV_110
371.674,0.0,75.96,500.0,0,4.065,1,34.26,4.145,8.0,-12.0,185.0,EV_110,0.015,950,65.0,DR393518_28,47.55,32299.39,DR393518,181.09,0.0,48.85,D,SimuProB-5,EV_110
368.474,30.0,75.96,2000.0,0,4.056,1,34.26,4.136,32.0,25.0,185.0,EV_110,0.0,960,0.0,DR393518_28,47.58,32299.48,DR393518,181.09,0.0,48.88,D,SimuProB-5,EV_110
355.315,60.0,75.96,3600.0,0,4.064,1,34.25,4.144,52.0,85.0,185.0,EV_110,0.0,970,0.0,DR393518_28,47.65,32299.62,DR393518,181.09,0.0,48.95,D,SimuProB-5,EV_110
363.99,0.0,75.96,1750.0,0,4.068,1,34.25,4.148,28.0,-25.0,185.0,EV_110,0.022,980,45.0,DR393518_28,47.7,32299.7,DR393518,181.09,0.0,49.0,D,SimuProB-5,EV_110
378.225,25.0,75.96,2400.0,0,4.062,1,34.22,4.142,38.0,45.0,185.0,EV_110,0.0,990,0.0,DR393518_28,47.75,32299.81,DR393518,181.09,0.0,49.05,D,SimuProB-5,EV_110
358.427,65.0,75.96,3800.0,0,4.069,1,34.21,4.149,55.0,110.0,185.0,EV_110,0.0,1000,0.0,DR393518_28,47.82,32299.96,DR393518,181.09,0.0,49.12,D,SimuProB-5,EV_110
372.856,0.0,75.96,2200.0,0,4.07,1,34.21,4.15,35.0,-35.0,185.0,EV_110,0.025,1010,55.0,DR393518_28,47.85,32300.06,DR393518,181.09,0.0,49.15,D,SimuProB-5,EV_110
359.583,55.0,75.96,4000.0,0,4.068,1,34.2,4.15,58.0,105.0,185.0,EV_110,0.0,1020,0.0,DR393518_28,47.88,32300.22,DR393518,181.09,0.0,49.18,D,SimuProB-5,EV_110
366.128,0.0,75.96,2000.0,0,4.072,1,34.18,4.148,32.0,-38.0,185.0,EV_110,0.028,1030,60.0,DR393518_28,47.9,32300.31,DR393518,181.09,0.0,49.2,D,SimuProB-5,EV_110
375.139,5.0,75.96,800.0,0,4.065,1,34.17,4.145,12.0,15.0,185.0,EV_110,0.0,1040,0.0,DR393518_28,47.92,32300.34,DR393518,181.09,0.0,49.22,D,SimuProB-5,EV_110
381.914,35.0,75.96,1350.0,0,4.062,1,34.15,4.142,22.0,45.0,185.0,EV_110,0.0,1050,0.0,DR393518_28,47.94,32300.4,DR393518,181.09,0.0,49.24,D,SimuProB-5,EV_110
355.435,70.0,75.96,3100.0,0,4.058,1,34.14,4.15,48.0,130.0,185.0,EV_110,0.0,1060,0.0,DR393518_28,48.02,32300.53,DR393518,181.09,0.0,49.32,D,SimuProB-5,EV_110
368.897,0.0,75.96,1100.0,0,4.065,1,34.14,4.148,18.0,-42.0,185.0,EV_110,0.03,1070,65.0,DR393518_28,48.05,32300.58,DR393518,181.09,0.0,49.35,D,SimuProB-5,EV_110
384.951,45.0,75.96,2350.0,0,4.068,1,34.12,4.145,38.0,55.0,185.0,EV_110,0.0,1080,0.0,DR393518_28,48.08,32300.69,DR393518,181.09,0.0,49.38,D,SimuProB-5,EV_110
370.366,65.0,75.96,3300.0,0,4.062,1,34.09,4.148,52.0,95.0,185.0,EV_110,0.0,1090,0.0,DR393518_28,48.15,32300.83,DR393518,181.09,0.0,49.45,D,SimuProB-5,EV_110
362.491,0.0,75.96,1750.0,0,4.066,1,34.09,4.146,28.0,-35.0,185.0,EV_110,0.025,1100,45.0,DR393518_28,48.18,32300.91,DR393518,181.09,0.0,49.48,D,SimuProB-5,EV_110
358.103,60.0,75.96,3200.0,0,4.06,1,34.05,4.15,50.0,110.0,185.0,EV_110,0.0,1110,0.0,DR393518_28,48.22,32301.05,DR393518,181.09,0.0,49.52,D,SimuProB-5,EV_110
365.739,0.0,75.96,950.0,0,4.063,1,34.05,4.148,15.0,-28.0,185.0,EV_110,0.02,1120,55.0,DR393518_28,48.25,32301.09,DR393518,181.09,0.0,49.55,D,SimuProB-5,EV_110
373.233,40.0,75.96,2200.0,0,4.067,1,34.05,4.146,35.0,75.0,185.0,EV_110,0.0,1130,0.0,DR393518_28,48.28,32301.19,DR393518,181.09,0.0,49.58,D,SimuProB-5,EV_110
355.037,75.0,75.96,3800.0,0,4.055,1,34.02,4.145,60.0,135.0,185.0,EV_110,0.0,1140,0.0,DR393518_28,48.35,32301.36,DR393518,181.09,0.0,49.65,D,SimuProB-5,EV_110
385.706,0.0,75.96,1550.0,0,4.065,1,34.02,4.142,25.0,-18.0,185.0,EV_110,0.018,1150,35.0,DR393518_28,48.38,32301.43,DR393518,181.09,0.0,49.68,D,SimuProB-5,EV_110
373.118,50.0,75.96,2800.0,0,4.062,1,34.02,4.148,45.0,85.0,185.0,EV_110,0.0,1160,0.0,DR393518_28,48.42,32301.55,DR393518,181.09,0.0,49.72,D,SimuProB-5,EV_110
351.535,78.0,75.96,3950.0,0,4.052,1,33.99,4.142,62.0,145.0,185.0,EV_110,0.0,1170,0.0,DR393518_28,48.55,32301.72,DR393518,181.09,0.0,49.85,D,SimuProB-5,EV_110
369.292,0.0,75.96,1200.0,0,4.068,1,33.98,4.145,20.0,-22.0,185.0,EV_110,0.022,1180,65.0,DR393518_28,48.58,32301.78,DR393518,181.09,0.0,49.88,D,SimuProB-5,EV_110
353.875,55.0,75.96,2650.0,0,4.058,1,33.96,4.14,42.0,110.0,185.0,EV_110,0.0,1190,0.0,DR393518_28,48.65,32301.89,DR393518,181.09,0.0,49.95,D,SimuProB-5,EV_110
382.347,45.0,75.96,2350.0,0,4.068,1,33.94,4.135,38.0,65.0,185.0,EV_110,0.0,1200,0.0,DR393518_28,48.7,32302.0,DR393518,181.09,0.0,49.98,D,SimuProB-5,EV_110
365.276,65.0,75.96,3600.0,0,4.055,1,33.92,4.14,55.0,125.0,185.0,EV_110,0.0,1210,0.0,DR393518_28,48.78,32302.15,DR393518,181.09,0.0,50.05,D,SimuProB-5,EV_110
358.082,0.0,75.96,1350.0,0,4.07,1,33.9,4.138,22.0,-32.0,185.0,EV_110,0.032,1220,75.0,DR393518_28,48.82,32302.21,DR393518,181.09,0.0,50.1,D,SimuProB-5,EV_110
362.882,35.0,75.96,2150.0,0,4.065,1,33.89,4.138,35.0,45.0,185.0,EV_110,0.0,1230,0.0,DR393518_28,48.85,32302.31,DR393518,181.09,0.0,50.15,D,SimuProB-5,EV_110
370.384,0.0,75.96,900.0,0,4.062,1,33.88,4.14,15.0,-25.0,185.0,EV_110,0.025,1240,45.0,DR393518_28,48.88,32302.35,DR393518,181.09,0.0,50.2,D,SimuProB-5,EV_110
369.298,25.0,75.96,1550.0,0,4.068,1,33.87,4.135,25.0,30.0,185.0,EV_110,0.0,1250,0.0,DR393518_28,48.92,32302.42,DR393518,181.09,0.0,50.25,D,SimuProB-5,EV_110
365.098,45.0,75.96,2800.0,0,4.06,1,33.84,4.13,45.0,85.0,185.0,EV_110,0.0,1260,0.0,DR393518_28,48.95,32302.54,DR393518,181.09,0.0,50.3,D,SimuProB-5,EV_110
351.566,0.0,75.96,600.0,0,4.065,1,33.84,4.135,10.0,-35.0,185.0,EV_110,0.035,1270,80.0,DR393518_28,49.0,32302.57,DR393518,181.09,0.0,50.35,D,SimuProB-5,EV_110
359.906,10.0,75.96,300.0,0,4.06,1,33.84,4.13,5.0,15.0,185.0,EV_110,0.0,0,5.0,DR393518_29,49.05,32302.59,DR393518,181.09,0.0,50.4,D,SimuProB-5,EV_110
358.685,35.0,75.96,750.0,0,4.062,1,33.81,4.128,12.0,45.0,185.0,EV_110,0.0,10,0.0,DR393518_29,49.07,32302.62,DR393518,181.09,0.0,50.42,D,SimuProB-5,EV_110
368.775,20.0,75.96,1800.0,0,4.065,1,33.81,4.132,28.0,20.0,185.0,EV_110,0.0,20,0.0,DR393518_29,49.1,32302.7,DR393518,181.09,0.0,50.45,D,SimuProB-5,EV_110
356.67,50.0,75.96,1100.0,0,4.068,1,33.81,4.135,18.0,65.0,185.0,EV_110,0.0,30,10.0,DR393518_29,49.13,32302.75,DR393518,181.09,0.0,50.48,D,SimuProB-5,EV_110
353.859,45.0,75.96,2200.0,0,4.065,1,33.79,4.138,32.0,85.0,185.0,EV_110,0.0,40,0.0,DR393518_29,49.2,32302.84,DR393518,181.09,0.0,50.55,D,SimuProB-5,EV_110
372.449,25.0,75.96,3200.0,0,4.07,1,33.77,4.135,42.0,12.0,185.0,EV_110,0.0,50,0.0,DR393518_29,49.25,32302.96,DR393518,181.09,0.0,50.6,D,SimuProB-5,EV_110
357.67,0.0,75.96,1000.0,0,4.075,1,33.77,4.14,15.0,-25.0,185.0,EV_110,0.02,60,60.0,DR393518_29,49.3,32303.0,DR393518,181.09,0.0,50.65,D,SimuProB-5,EV_110
370.619,30.0,75.96,2600.0,0,4.068,1,33.76,4.136,38.0,35.0,185.0,EV_110,0.0,70,0.0,DR393518_29,49.32,32303.11,DR393518,181.09,0.0,50.68,D,SimuProB-5,EV_110
358.198,55.0,75.96,1500.0,0,4.066,1,33.73,4.139,22.0,75.0,185.0,EV_110,0.0,80,15.0,DR393518_29,49.35,32303.17,DR393518,181.09,0.0,50.72,D,SimuProB-5,EV_110
366.173,15.0,75.96,800.0,0,4.069,1,33.73,4.137,12.0,18.0,185.0,EV_110,0.0,90,5.0,DR393518_29,49.38,32303.2,DR393518,181.09,0.0,50.75,D,SimuProB-5,EV_110
374.281,10.0,75.96,800.0,0,4.07,1,33.73,4.138,12.0,8.0,185.0,EV_110,0.0,100,0.0,DR393518_29,49.41,32303.23,DR393518,181.09,0.0,50.78,D,SimuProB-5,EV_110
367.721,40.0,75.96,1900.0,0,4.068,1,33.72,4.14,30.0,45.0,185.0,EV_110,0.0,110,0.0,DR393518_29,49.43,32303.32,DR393518,181.09,0.0,50.8,D,SimuProB-5,EV_110
376.738,0.0,75.96,1200.0,0,4.072,1,33.72,4.142,18.0,-12.0,185.0,EV_110,0.01,120,45.0,DR393518_29,49.45,32303.37,DR393518,181.09,0.0,50.82,D,SimuProB-5,EV_110
372.748,35.0,75.96,2100.0,0,4.068,1,33.72,4.14,32.0,25.0,185.0,EV_110,0.0,130,0.0,DR393518_29,49.46,32303.46,DR393518,181.09,0.0,50.83,D,SimuProB-5,EV_110
365.183,50.0,75.96,3000.0,0,4.065,1,33.71,4.142,45.0,65.0,185.0,EV_110,0.0,140,0.0,DR393518_29,49.48,32303.58,DR393518,181.09,0.0,50.85,D,SimuProB-5,EV_110
378.425,0.0,75.96,1300.0,0,4.075,1,33.69,4.145,20.0,-18.0,185.0,EV_110,0.02,150,60.0,DR393518_29,49.49,32303.64,DR393518,181.09,0.0,50.86,D,SimuProB-5,EV_110
374.381,30.0,75.96,2400.0,0,4.07,1,33.66,4.143,38.0,30.0,185.0,EV_110,0.0,160,0.0,DR393518_29,49.5,32303.75,DR393518,181.09,0.0,50.88,D,SimuProB-5,EV_110
368.609,45.0,75.96,2700.0,0,4.067,1,33.66,4.144,42.0,55.0,185.0,EV_110,0.0,170,0.0,DR393518_29,49.52,32303.86,DR393518,181.09,0.0,50.9,D,SimuProB-5,EV_110
380.505,0.0,75.96,900.0,0,4.078,1,33.64,4.148,15.0,-25.0,185.0,EV_110,0.02,180,55.0,DR393518_29,49.54,32303.9,DR393518,181.09,0.0,50.92,D,SimuProB-5,EV_110
362.504,65.0,75.96,3800.0,0,4.06,1,33.61,4.14,52.0,85.0,185.0,EV_110,0.0,190,0.0,DR393518_29,49.55,32304.04,DR393518,181.09,0.0,50.95,D,SimuProB-5,EV_110
372.436,0.0,75.96,1200.0,0,4.08,1,33.58,4.15,18.0,-35.0,185.0,EV_110,0.03,200,75.0,DR393518_29,49.58,32304.09,DR393518,181.09,0.0,50.97,D,SimuProB-5,EV_110
376.08,25.0,75.96,1800.0,0,4.07,1,33.57,4.145,28.0,25.0,185.0,EV_110,0.0,210,0.0,DR393518_29,49.6,32304.17,DR393518,181.09,0.0,51.0,D,SimuProB-5,EV_110
370.397,70.0,75.96,3000.0,0,4.065,1,33.54,4.15,45.0,120.0,185.0,EV_110,0.0,220,0.0,DR393518_29,49.7,32304.29,DR393518,181.09,0.0,51.1,D,SimuProB-5,EV_110
364.685,0.0,75.96,400.0,0,4.07,1,33.5,4.145,12.0,-38.0,185.0,EV_110,0.03,230,85.0,DR393518_29,49.75,32304.33,DR393518,181.09,0.0,51.15,D,SimuProB-5,EV_110
375.547,10.0,75.96,150.0,0,4.08,1,33.5,4.14,5.0,5.0,185.0,EV_110,0.0,240,5.0,DR393518_29,49.8,32304.34,DR393518,181.09,0.0,51.2,D,SimuProB-5,EV_110
377.549,35.0,75.96,1450.0,0,4.075,1,33.49,4.14,22.0,45.0,185.0,EV_110,0.0,250,0.0,DR393518_29,49.85,32304.4,DR393518,181.09,0.0,51.25,D,SimuProB-5,EV_110
374.333,50.0,75.96,2300.0,0,4.07,1,33.47,4.145,35.0,65.0,185.0,EV_110,0.0,260,0.0,DR393518_29,49.9,32304.5,DR393518,181.09,0.0,51.35,D,SimuProB-5,EV_110
376.802,20.0,75.96,1650.0,0,4.08,1,33.44,4.135,25.0,12.0,185.0,EV_110,0.0,270,0.0,DR393518_29,50.0,32304.57,DR393518,181.09,0.0,51.4,D,SimuProB-5,EV_110
372.897,55.0,75.96,2850.0,0,4.065,1,33.42,4.14,42.0,75.0,185.0,EV_110,0.0,280,0.0,DR393518_29,50.08,32304.69,DR393518,181.09,0.0,51.48,D,SimuProB-5,EV_110
385.926,0.0,75.96,1100.0,0,4.085,1,33.42,4.145,18.0,-25.0,185.0,EV_110,0.02,290,60.0,DR393518_29,50.1,32304.74,DR393518,181.09,0.0,51.5,D,SimuProB-5,EV_110
379.222,30.0,75.96,1850.0,0,4.078,1,33.4,4.138,28.0,35.0,185.0,EV_110,0.0,300,0.0,DR393518_29,50.15,32304.81,DR393518,181.09,0.0,51.55,D,SimuProB-5,EV_110
377.087,45.0,75.96,2500.0,0,4.075,1,33.39,4.14,38.0,55.0,185.0,EV_110,0.0,310,0.0,DR393518_29,50.2,32304.92,DR393518,181.09,0.0,51.6,D,SimuProB-5,EV_110
364.978,0.0,75.96,750.0,0,4.088,1,33.39,4.148,12.0,-35.0,185.0,EV_110,0.02,320,70.0,DR393518_29,50.25,32304.95,DR393518,181.09,0.0,51.65,D,SimuProB-5,EV_110
360.008,65.0,75.96,1400.0,0,4.062,1,33.36,4.142,22.0,85.0,185.0,EV_110,0.0,330,0.0,DR393518_29,50.32,32305.01,DR393518,181.09,0.0,51.72,D,SimuProB-5,EV_110
388.885,35.0,75.96,2800.0,0,4.078,1,33.34,4.14,42.0,12.0,185.0,EV_110,0.0,340,0.0,DR393518_29,50.38,32305.13,DR393518,181.09,0.0,51.78,D,SimuProB-5,EV_110
371.735,75.0,75.96,3900.0,0,4.065,1,33.32,4.145,58.0,145.0,185.0,EV_110,0.0,350,0.0,DR393518_29,50.45,32305.29,DR393518,181.09,0.0,51.85,D,SimuProB-5,EV_110
365.587,0.0,75.96,2300.0,0,4.072,1,33.32,4.142,35.0,-30.0,185.0,EV_110,0.02,360,45.0,DR393518_29,50.42,32305.38,DR393518,181.09,0.0,51.82,D,SimuProB-5,EV_110
375.869,55.0,75.96,3200.0,0,4.068,1,33.29,4.135,48.0,95.0,185.0,EV_110,0.0,370,0.0,DR393518_29,50.52,32305.51,DR393518,181.09,0.0,51.92,D,SimuProB-5,EV_110
368.554,60.0,75.96,3500.0,0,4.06,1,33.28,4.14,52.0,110.0,185.0,EV_110,0.0,380,0.0,DR393518_29,50.6,32305.66,DR393518,181.09,0.0,52.0,D,SimuProB-5,EV_110
354.981,78.0,75.96,4200.0,0,4.055,1,33.25,4.148,62.0,180.0,185.0,EV_110,0.0,390,0.0,DR393518_29,50.75,32305.83,DR393518,181.09,0.0,52.12,D,SimuProB-5,EV_110
362.26,40.0,75.96,3000.0,0,4.062,1,33.24,4.14,45.0,125.0,185.0,EV_110,0.0,400,0.0,DR393518_29,50.88,32305.96,DR393518,181.09,0.0,52.25,D,SimuProB-5,EV_110
365.924,15.0,75.96,1600.0,0,4.065,1,33.22,4.138,25.0,45.0,185.0,EV_110,0.0,410,0.0,DR393518_29,50.93,32306.02,DR393518,181.09,0.0,52.3,D,SimuProB-5,EV_110
358.402,65.0,75.96,3700.0,0,4.058,1,33.2,4.145,55.0,160.0,185.0,EV_110,0.0,420,0.0,DR393518_29,51.05,32306.18,DR393518,181.09,0.0,52.42,D,SimuProB-5,EV_110
369.725,10.0,75.96,800.0,0,4.068,1,33.18,4.142,12.0,35.0,185.0,EV_110,0.0,430,0.0,DR393518_29,51.08,32306.21,DR393518,181.09,0.0,52.48,D,SimuProB-5,EV_110
352.164,0.0,75.96,0.0,0,4.06,1,33.17,4.15,0.0,-35.0,185.0,EV_110,0.025,440,85.0,DR393518_29,51.12,32306.21,DR393518,181.09,0.0,52.55,D,SimuProB-5,EV_110
366.953,25.0,75.96,1200.0,0,4.065,1,33.17,4.145,18.0,65.0,185.0,EV_110,0.0,450,0.0,DR393518_29,51.18,32306.26,DR393518,181.09,0.0,52.62,D,SimuProB-5,EV_110
362.382,35.0,75.96,1400.0,0,4.06,1,33.14,4.14,22.0,85.0,185.0,EV_110,0.0,460,0.0,DR393518_29,51.3,32306.32,DR393518,181.09,0.0,52.75,D,SimuProB-5,EV_110
370.53,15.0,75.96,650.0,0,4.062,1,33.14,4.145,10.0,40.0,185.0,EV_110,0.01,470,5.0,DR393518_29,51.35,32306.35,DR393518,181.09,0.0,52.8,D,SimuProB-5,EV_110
356.049,60.0,75.96,2800.0,0,4.055,1,33.12,4.148,45.0,140.0,185.0,EV_110,0.0,480,0.0,DR393518_29,51.45,32306.47,DR393518,181.09,0.0,52.95,D,SimuProB-5,EV_110
375.995,30.0,75.96,1650.0,0,4.061,1,33.11,4.146,25.0,55.0,185.0,EV_110,0.0,490,0.0,DR393518_29,51.52,32306.54,DR393518,181.09,0.0,53.02,D,SimuProB-5,EV_110
368.546,45.0,75.96,2100.0,0,4.058,1,33.09,4.148,32.0,95.0,185.0,EV_110,0.0,500,0.0,DR393518_29,51.65,32306.63,DR393518,181.09,0.0,53.15,D,SimuProB-5,EV_110
359.904,55.0,75.96,2600.0,0,4.055,1,33.06,4.15,40.0,110.0,185.0,EV_110,0.0,510,0.0,DR393518_29,51.78,32306.74,DR393518,181.09,0.0,53.28,D,SimuProB-5,EV_110
362.399,40.0,75.96,2300.0,0,4.056,1,33.04,4.149,35.0,85.0,185.0,EV_110,0.0,520,0.0,DR393518_29,51.9,32306.84,DR393518,181.09,0.0,53.4,D,SimuProB-5,EV_110
374.553,0.0,75.96,1450.0,0,4.06,1,33.03,4.15,22.0,-25.0,185.0,EV_110,0.02,530,25.0,DR393518_29,52.0,32306.9,DR393518,181.09,0.0,53.5,D,SimuProB-5,EV_110
365.383,45.0,75.96,1950.0,0,4.055,1,33.03,4.148,30.0,90.0,185.0,EV_110,0.0,540,0.0,DR393518_29,52.1,32306.98,DR393518,181.09,0.0,53.6,D,SimuProB-5,EV_110
362.181,35.0,75.96,1800.0,0,4.054,1,33.02,4.147,28.0,75.0,185.0,EV_110,0.0,550,0.0,DR393518_29,52.15,32307.06,DR393518,181.09,0.0,53.68,D,SimuProB-5,EV_110
354.819,60.0,75.96,2500.0,0,4.052,1,33.02,4.15,38.0,115.0,185.0,EV_110,0.0,560,0.0,DR393518_29,52.2,32307.16,DR393518,181.09,0.0,53.75,D,SimuProB-5,EV_110
360.364,30.0,75.96,1950.0,0,4.055,1,33.0,4.148,30.0,65.0,185.0,EV_110,0.0,570,0.0,DR393518_29,52.25,32307.25,DR393518,181.09,0.0,53.8,D,SimuProB-5,EV_110
361.211,25.0,75.96,2100.0,0,4.053,1,32.98,4.147,32.0,55.0,185.0,EV_110,0.0,580,0.0,DR393518_29,52.4,32307.34,DR393518,181.09,0.0,53.95,D,SimuProB-5,EV_110
378.618,0.0,75.96,1100.0,0,4.065,1,32.97,4.145,18.0,-35.0,185.0,EV_110,0.015,590,65.0,DR393518_29,52.45,32307.39,DR393518,181.09,0.0,53.98,D,SimuProB-5,EV_110
368.842,30.0,75.96,1650.0,0,4.054,1,32.95,4.148,25.0,45.0,185.0,EV_110,0.0,600,0.0,DR393518_29,52.5,32307.46,DR393518,181.09,0.0,54.05,D,SimuProB-5,EV_110
363.764,35.0,75.96,1850.0,0,4.051,1,32.92,4.149,28.0,72.5,185.0,EV_110,0.0,610,0.0,DR393518_29,52.55,32307.54,DR393518,181.09,0.0,54.12,D,SimuProB-5,EV_110
358.325,45.0,75.96,2300.0,0,4.048,1,32.88,4.15,35.0,95.0,185.0,EV_110,0.0,620,0.0,DR393518_29,52.6,32307.63,DR393518,181.09,0.0,54.25,D,SimuProB-5,EV_110
369.026,0.0,75.96,950.0,0,4.06,1,32.88,4.148,15.0,-25.0,185.0,EV_110,0.022,630,55.0,DR393518_29,52.65,32307.68,DR393518,181.09,0.0,54.3,D,SimuProB-5,EV_110
375.486,15.0,75.96,650.0,0,4.055,1,32.86,4.14,10.0,12.0,185.0,EV_110,0.0,640,10.0,DR393518_29,52.72,32307.71,DR393518,181.09,0.0,54.42,D,SimuProB-5,EV_110
362.058,55.0,75.96,1950.0,0,4.042,1,32.85,4.148,30.0,85.0,185.0,EV_110,0.0,650,0.0,DR393518_29,52.8,32307.79,DR393518,181.09,0.0,54.55,D,SimuProB-5,EV_110
366.606,0.0,75.96,1150.0,0,4.058,1,32.84,4.145,18.0,-18.0,185.0,EV_110,0.012,660,45.0,DR393518_29,52.85,32307.84,DR393518,181.09,0.0,54.6,D,SimuProB-5,EV_110
354.953,65.0,75.96,2850.0,0,4.035,1,32.8,4.142,42.0,110.0,185.0,EV_110,0.0,670,0.0,DR393518_29,52.95,32307.96,DR393518,181.09,0.0,54.75,D,SimuProB-5,EV_110
368.759,0.0,75.96,1400.0,0,4.062,1,32.79,4.148,22.0,-32.0,185.0,EV_110,0.018,680,60.0,DR393518_29,53.0,32308.02,DR393518,181.09,0.0,54.82,D,SimuProB-5,EV_110
352.567,75.0,75.96,3400.0,0,4.038,1,32.77,4.15,50.0,135.0,185.0,EV_110,0.0,690,0.0,DR393518_29,53.1,32308.16,DR393518,181.09,0.0,54.95,D,SimuProB-5,EV_110
364.885,0.0,75.96,780.0,0,4.06,1,32.75,4.147,12.0,-25.0,185.0,EV_110,0.015,700,40.0,DR393518_29,53.12,32308.19,DR393518,181.09,0.0,54.98,D,SimuProB-5,EV_110
370.931,35.0,75.96,1800.0,0,4.055,1,32.73,4.145,28.0,45.0,185.0,EV_110,0.0,710,0.0,DR393518_29,53.2,32308.27,DR393518,181.09,0.0,55.05,D,SimuProB-5,EV_110
358.305,60.0,75.96,2900.0,0,4.048,1,32.73,4.149,45.0,95.0,185.0,EV_110,0.0,720,0.0,DR393518_29,53.3,32308.4,DR393518,181.09,0.0,55.15,D,SimuProB-5,EV_110
355.704,70.0,75.96,3600.0,0,4.045,1,32.69,4.148,52.0,110.0,185.0,EV_110,0.0,730,0.0,DR393518_29,53.45,32308.54,DR393518,181.09,0.0,55.3,D,SimuProB-5,EV_110
348.261,0.0,75.96,1600.0,0,4.055,1,32.69,4.15,25.0,-35.0,185.0,EV_110,0.022,740,45.0,DR393518_29,53.55,32308.61,DR393518,181.09,0.0,55.4,D,SimuProB-5,EV_110
365.801,40.0,75.96,2000.0,0,4.05,1,32.69,4.145,32.0,55.0,185.0,EV_110,0.0,750,0.0,DR393518_29,53.65,32308.7,DR393518,181.09,0.0,55.5,D,SimuProB-5,EV_110
362.475,45.0,75.96,2400.0,0,4.048,1,32.66,4.146,38.0,75.0,185.0,EV_110,0.0,760,0.0,DR393518_29,53.75,32308.81,DR393518,181.09,0.0,55.6,D,SimuProB-5,EV_110
359.68,50.0,75.96,2700.0,0,4.046,1,32.66,4.148,42.0,85.0,185.0,EV_110,0.0,770,0.0,DR393518_29,53.85,32308.92,DR393518,181.09,0.0,55.7,D,SimuProB-5,EV_110
369.029,0.0,75.96,1200.0,0,4.052,1,32.64,4.15,20.0,-25.0,185.0,EV_110,0.018,780,60.0,DR393518_29,53.95,32308.98,DR393518,181.09,0.0,55.8,D,SimuProB-5,EV_110
352.28,55.0,75.96,3200.0,0,4.042,1,32.61,4.145,48.0,95.0,185.0,EV_110,0.0,790,0.0,DR393518_29,54.0,32309.11,DR393518,181.09,0.0,55.85,D,SimuProB-5,EV_110
342.389,30.0,75.96,2300.0,0,4.035,1,32.61,4.15,35.0,110.0,185.0,EV_110,0.0,800,15.0,DR393518_29,54.1,32309.21,DR393518,181.09,0.0,55.95,D,SimuProB-5,EV_110
358.695,0.0,75.96,700.0,0,4.048,1,32.59,4.15,12.0,-28.0,185.0,EV_110,0.025,810,75.0,DR393518_29,54.2,32309.24,DR393518,181.09,0.0,56.0,D,SimuProB-5,EV_110
355.391,25.0,75.96,1500.0,0,4.04,1,32.58,4.142,25.0,45.0,185.0,EV_110,0.0,820,0.0,DR393518_29,54.25,32309.31,DR393518,181.09,0.0,56.05,D,SimuProB-5,EV_110
368.708,0.0,75.96,450.0,0,4.055,1,32.58,4.15,8.0,-32.0,185.0,EV_110,0.028,830,65.0,DR393518_29,54.3,32309.33,DR393518,181.09,0.0,56.1,D,SimuProB-5,EV_110
353.872,35.0,75.96,1800.0,0,4.038,1,32.57,4.145,30.0,75.0,185.0,EV_110,0.0,840,0.0,DR393518_29,54.35,32309.42,DR393518,181.09,0.0,56.15,D,SimuProB-5,EV_110
365.159,28.0,75.96,1900.0,0,4.042,1,32.54,4.148,32.0,65.0,185.0,EV_110,0.0,850,0.0,DR393518_29,54.4,32309.51,DR393518,181.09,0.0,56.2,D,SimuProB-5,EV_110
350.161,0.0,75.96,600.0,0,4.06,1,32.54,4.15,10.0,-35.0,185.0,EV_110,0.03,860,80.0,DR393518_29,54.55,32309.54,DR393518,181.09,0.0,56.35,D,SimuProB-5,EV_110
361.024,22.0,75.96,1300.0,0,4.045,1,32.53,4.145,22.0,55.0,185.0,EV_110,0.0,870,0.0,DR393518_29,54.6,32309.6,DR393518,181.09,0.0,56.4,D,SimuProB-5,EV_110
363.923,20.0,75.96,1500.0,0,4.044,1,32.51,4.146,25.0,45.0,185.0,EV_110,0.0,880,0.0,DR393518_29,54.7,32309.67,DR393518,181.09,0.0,56.5,D,SimuProB-5,EV_110
351.919,55.0,75.96,2800.0,0,4.035,1,32.49,4.148,42.0,85.0,185.0,EV_110,0.0,890,0.0,DR393518_29,54.8,32309.79,DR393518,181.09,0.0,56.6,D,SimuProB-5,EV_110
359.081,0.0,75.96,900.0,0,4.055,1,32.48,4.15,15.0,-25.0,185.0,EV_110,0.025,900,45.0,DR393518_29,54.85,32309.83,DR393518,181.09,0.0,56.65,D,SimuProB-5,EV_110
348.16,45.0,75.96,2400.0,0,4.032,1,32.46,4.142,38.0,65.0,185.0,EV_110,0.0,910,0.0,DR393518_29,54.92,32309.94,DR393518,181.09,0.0,56.72,D,SimuProB-5,EV_110
341.689,70.0,75.96,3400.0,0,4.025,1,32.42,4.145,52.0,110.0,185.0,EV_110,0.0,920,0.0,DR393518_29,55.05,32310.08,DR393518,181.09,0.0,56.85,D,SimuProB-5,EV_110
360.964,0.0,75.96,750.0,0,4.06,1,32.42,4.15,12.0,-30.0,185.0,EV_110,0.028,930,60.0,DR393518_29,55.08,32310.11,DR393518,181.09,0.0,56.88,D,SimuProB-5,EV_110
349.955,60.0,75.96,2950.0,0,4.034,1,32.39,4.144,45.0,75.0,185.0,EV_110,0.0,940,0.0,DR393518_29,55.15,32310.24,DR393518,181.09,0.0,56.95,D,SimuProB-5,EV_110
351.951,40.0,75.96,2250.0,0,4.038,1,32.39,4.146,35.0,55.0,185.0,EV_110,0.0,950,0.0,DR393518_29,55.22,32310.33,DR393518,181.09,0.0,57.02,D,SimuProB-5,EV_110
344.869,65.0,75.96,3650.0,0,4.028,1,32.38,4.148,55.0,95.0,185.0,EV_110,0.0,960,0.0,DR393518_29,55.35,32310.49,DR393518,181.09,0.0,57.15,D,SimuProB-5,EV_110
338.751,20.0,75.96,1600.0,0,4.018,1,32.37,4.142,25.0,125.0,185.0,EV_110,0.0,970,15.0,DR393518_29,55.45,32310.56,DR393518,181.09,0.0,57.25,D,SimuProB-5,EV_110
346.582,0.0,75.96,500.0,0,4.032,1,32.36,4.148,8.0,-35.0,185.0,EV_110,0.025,980,75.0,DR393518_29,55.5,32310.58,DR393518,181.09,0.0,57.3,D,SimuProB-5,EV_110
343.376,30.0,75.96,1900.0,0,4.02,1,32.35,4.14,30.0,45.0,185.0,EV_110,0.0,990,0.0,DR393518_29,55.58,32310.67,DR393518,181.09,0.0,57.38,D,SimuProB-5,EV_110
348.548,45.0,75.96,2700.0,0,4.035,1,32.33,4.145,42.0,65.0,185.0,EV_110,0.0,1000,0.0,DR393518_29,55.62,32310.79,DR393518,181.09,0.0,57.42,D,SimuProB-5,EV_110
342.868,60.0,75.96,3300.0,0,4.025,1,32.32,4.149,50.0,110.0,185.0,EV_110,0.0,1010,0.0,DR393518_29,55.75,32310.93,DR393518,181.09,0.0,57.55,D,SimuProB-5,EV_110
350.034,0.0,75.96,750.0,0,4.033,1,32.32,4.147,12.0,-25.0,185.0,EV_110,0.018,1020,60.0,DR393518_29,55.8,32310.96,DR393518,181.09,0.0,57.6,D,SimuProB-5,EV_110
341.539,55.0,75.96,2900.0,0,4.02,1,32.29,4.145,45.0,85.0,185.0,EV_110,0.0,1030,0.0,DR393518_29,55.92,32311.08,DR393518,181.09,0.0,57.72,D,SimuProB-5,EV_110
338.464,75.0,75.96,3600.0,0,4.015,1,32.27,4.149,55.0,140.0,185.0,EV_110,0.0,1040,0.0,DR393518_29,56.05,32311.24,DR393518,181.09,0.0,57.85,D,SimuProB-5,EV_110
345.659,0.0,75.96,900.0,0,4.03,1,32.27,4.148,15.0,-30.0,185.0,EV_110,0.022,1050,50.0,DR393518_29,56.1,32311.28,DR393518,181.09,0.0,57.9,D,SimuProB-5,EV_110
358.566,0.0,75.96,200.0,0,4.035,1,32.26,4.146,5.0,-35.0,185.0,EV_110,0.025,1060,85.0,DR393518_29,56.15,32311.29,DR393518,181.09,0.0,57.95,D,SimuProB-5,EV_110
361.709,35.0,75.96,900.0,0,4.038,1,32.24,4.144,15.0,25.0,185.0,EV_110,0.0,1070,0.0,DR393518_29,56.2,32311.34,DR393518,181.09,0.0,58.0,D,SimuProB-5,EV_110
355.712,45.0,75.96,1500.0,0,4.032,1,32.23,4.142,25.0,45.0,185.0,EV_110,0.0,1080,0.0,DR393518_29,56.25,32311.41,DR393518,181.09,0.0,58.05,D,SimuProB-5,EV_110
352.484,40.0,75.96,1800.0,0,4.028,1,32.21,4.138,30.0,55.0,185.0,EV_110,0.0,1090,0.0,DR393518_29,56.3,32311.49,DR393518,181.09,0.0,58.1,D,SimuProB-5,EV_110
347.701,50.0,75.96,2100.0,0,4.025,1,32.21,4.135,35.0,75.0,185.0,EV_110,0.0,1100,0.0,DR393518_29,56.35,32311.59,DR393518,181.09,0.0,58.15,D,SimuProB-5,EV_110
357.342,0.0,75.96,600.0,0,4.03,1,32.2,4.14,10.0,-25.0,185.0,EV_110,0.015,1110,45.0,DR393518_29,56.4,32311.62,DR393518,181.09,0.0,58.2,D,SimuProB-5,EV_110
343.663,55.0,75.96,2400.0,0,4.022,1,32.19,4.132,40.0,85.0,185.0,EV_110,0.0,1120,0.0,DR393518_29,56.45,32311.73,DR393518,181.09,0.0,58.25,D,SimuProB-5,EV_110
349.789,0.0,75.96,300.0,0,4.028,1,32.19,4.138,5.0,-30.0,185.0,EV_110,0.022,1130,65.0,DR393518_29,56.5,32311.74,DR393518,181.09,0.0,58.3,D,SimuProB-5,EV_110
358.856,40.0,75.96,1200.0,0,4.035,1,32.16,4.142,20.0,35.0,185.0,EV_110,0.0,1140,0.0,DR393518_29,56.55,32311.8,DR393518,181.09,0.0,58.35,D,SimuProB-5,EV_110
345.064,60.0,75.96,2800.0,0,4.025,1,32.12,4.138,45.0,90.0,185.0,EV_110,0.0,1150,0.0,DR393518_29,56.6,32311.92,DR393518,181.09,0.0,58.4,D,SimuProB-5,EV_110
338.317,65.0,75.96,3100.0,0,4.02,1,32.12,4.142,50.0,110.0,185.0,EV_110,0.0,1160,0.0,DR393518_29,56.65,32312.06,DR393518,181.09,0.0,58.45,D,SimuProB-5,EV_110
342.505,0.0,75.96,800.0,0,4.032,1,32.1,4.145,15.0,-35.0,185.0,EV_110,0.028,1170,55.0,DR393518_29,56.7,32312.11,DR393518,181.09,0.0,58.5,D,SimuProB-5,EV_110
365.729,25.0,75.96,2650.0,0,4.04,1,32.09,4.15,42.0,15.0,185.0,EV_110,0.0,1180,0.0,DR393518_29,56.75,32312.23,DR393518,181.09,0.0,58.55,D,SimuProB-5,EV_110
351.796,35.0,75.96,1850.0,0,4.035,1,32.07,4.145,30.0,65.0,185.0,EV_110,0.0,1190,0.0,DR393518_29,56.8,32312.31,DR393518,181.09,0.0,58.6,D,SimuProB-5,EV_110
336.114,55.0,75.96,3050.0,0,4.02,1,32.05,4.14,48.0,105.0,185.0,EV_110,0.0,1200,0.0,DR393518_29,56.9,32312.44,DR393518,181.09,0.0,58.7,D,SimuProB-5,EV_110
345.366,40.0,75.96,2100.0,0,4.025,1,32.02,4.148,35.0,85.0,185.0,EV_110,0.0,1210,0.0,DR393518_29,56.95,32312.54,DR393518,181.09,0.0,58.75,D,SimuProB-5,EV_110
332.089,70.0,75.96,3300.0,0,4.015,1,31.99,4.145,52.0,125.0,185.0,EV_110,0.0,1220,0.0,DR393518_29,57.0,32312.68,DR393518,181.09,0.0,58.85,D,SimuProB-5,EV_110
358.172,0.0,75.96,500.0,0,4.03,1,31.97,4.15,10.0,-25.0,185.0,EV_110,0.022,1230,60.0,DR393518_29,57.05,32312.71,DR393518,181.09,0.0,58.9,D,SimuProB-5,EV_110
342.673,25.0,75.96,1750.0,0,4.028,1,31.94,4.142,28.0,45.0,185.0,EV_110,0.0,1240,0.0,DR393518_29,57.1,32312.79,DR393518,181.09,0.0,59.0,D,SimuProB-5,EV_110
328.815,50.0,75.96,2650.0,0,4.022,1,31.94,4.148,42.0,110.0,185.0,EV_110,0.0,1250,0.0,DR393518_29,57.2,32312.9,DR393518,181.09,0.0,59.1,D,SimuProB-5,EV_110
338.992,0.0,75.96,450.0,0,4.035,1,31.91,4.15,8.0,-35.0,185.0,EV_110,0.028,1260,75.0,DR393518_29,57.25,32312.93,DR393518,181.09,0.0,59.15,D,SimuProB-5,EV_110
395.149,30.0,75.96,2100.0,0,3.98,1,31.9,4.12,35.0,15.0,185.0,EV_110,0.0,1270,0.0,DR393518_29,57.25,32313.03,DR393518,181.09,0.0,59.15,D,SimuProB-5,EV_110
380.194,45.0,75.96,2800.0,0,3.97,1,31.87,4.11,45.0,85.0,185.0,EV_110,0.0,0,0.0,DR393518_30,57.3,32313.15,DR393518,181.09,0.0,59.2,D,SimuProB-5,EV_110
388.545,0.0,75.96,800.0,0,3.99,1,31.87,4.13,15.0,-20.0,185.0,EV_110,0.025,10,40.0,DR393518_30,57.3,32313.19,DR393518,181.09,0.0,59.2,D,SimuProB-5,EV_110
392.213,25.0,75.96,1500.0,0,3.995,1,31.84,4.125,25.0,45.0,185.0,EV_110,0.0,20,15.0,DR393518_30,57.35,32313.26,DR393518,181.09,0.0,59.25,D,SimuProB-5,EV_110
375.727,60.0,75.96,3200.0,0,4.01,1,31.83,4.145,48.0,120.0,185.0,EV_110,0.0,30,0.0,DR393518_30,57.5,32313.39,DR393518,181.09,0.0,59.4,D,SimuProB-5,EV_110
385.394,5.0,75.96,650.0,0,4.005,1,31.83,4.135,12.0,15.0,185.0,EV_110,0.015,40,35.0,DR393518_30,57.55,32313.43,DR393518,181.09,0.0,59.45,D,SimuProB-5,EV_110
370.45,65.0,75.96,3600.0,0,3.98,1,31.8,4.15,52.0,135.0,185.0,EV_110,0.0,50,0.0,DR393518_30,57.65,32313.57,DR393518,181.09,0.0,59.6,D,SimuProB-5,EV_110
390.621,10.0,75.96,900.0,0,4.0,1,31.78,4.13,18.0,25.0,185.0,EV_110,0.02,60,45.0,DR393518_30,57.75,32313.62,DR393518,181.09,0.0,59.7,D,SimuProB-5,EV_110
382.74,35.0,75.96,2000.0,0,3.99,1,31.78,4.14,32.0,65.0,185.0,EV_110,0.0,70,0.0,DR393518_30,57.9,32313.71,DR393518,181.09,0.0,59.85,D,SimuProB-5,EV_110
372.211,70.0,75.96,3800.0,0,3.97,1,31.76,4.15,55.0,145.0,185.0,EV_110,0.0,80,0.0,DR393518_30,58.0,32313.86,DR393518,181.09,0.0,59.95,D,SimuProB-5,EV_110
368.472,75.0,75.96,4000.0,0,3.96,1,31.74,4.15,58.0,160.0,185.0,EV_110,0.0,90,0.0,DR393518_30,58.05,32314.02,DR393518,181.09,0.0,60.05,D,SimuProB-5,EV_110
394.804,0.0,75.96,2800.0,0,4.02,1,31.74,4.14,42.0,-35.0,185.0,EV_110,0.025,100,65.0,DR393518_30,58.1,32314.14,DR393518,181.09,0.0,60.1,D,SimuProB-5,EV_110
378.249,25.0,75.96,1800.0,0,3.98,1,31.72,4.14,28.0,45.0,185.0,EV_110,0.0,110,0.0,DR393518_30,58.2,32314.22,DR393518,181.09,0.0,60.2,D,SimuProB-5,EV_110
365.624,60.0,75.96,3200.0,0,3.95,1,31.71,4.15,48.0,130.0,185.0,EV_110,0.0,120,0.0,DR393518_30,58.35,32314.35,DR393518,181.09,0.0,60.35,D,SimuProB-5,EV_110
388.676,0.0,75.96,1000.0,0,4.0,1,31.71,4.14,15.0,-25.0,185.0,EV_110,0.022,130,55.0,DR393518_30,58.4,32314.39,DR393518,181.09,0.0,60.4,D,SimuProB-5,EV_110
362.039,65.0,75.96,3500.0,0,3.94,1,31.68,4.15,52.0,145.0,185.0,EV_110,0.0,140,0.0,DR393518_30,58.5,32314.53,DR393518,181.09,0.0,60.5,D,SimuProB-5,EV_110
375.956,0.0,75.96,800.0,0,4.01,1,31.68,4.14,12.0,-30.0,185.0,EV_110,0.028,150,75.0,DR393518_30,58.55,32314.57,DR393518,181.09,0.0,60.55,D,SimuProB-5,EV_110
368.758,30.0,75.96,1600.0,0,3.96,1,31.68,4.13,25.0,55.0,185.0,EV_110,0.0,160,0.0,DR393518_30,58.6,32314.64,DR393518,181.09,0.0,60.6,D,SimuProB-5,EV_110
378.242,10.0,75.96,550.0,0,3.95,1,31.68,4.14,8.0,15.0,185.0,EV_110,0.0,170,5.0,DR393518_30,58.65,32314.66,DR393518,181.09,0.0,60.65,D,SimuProB-5,EV_110
360.029,55.0,75.96,2100.0,0,3.93,1,31.67,4.15,32.0,120.0,185.0,EV_110,0.0,180,0.0,DR393518_30,58.7,32314.75,DR393518,181.09,0.0,60.75,D,SimuProB-5,EV_110
385.435,0.0,75.96,700.0,0,3.98,1,31.66,4.14,10.0,-35.0,185.0,EV_110,0.025,190,60.0,DR393518_30,58.75,32314.78,DR393518,181.09,0.0,60.8,D,SimuProB-5,EV_110
372.365,25.0,75.96,1150.0,0,4.02,1,31.66,4.14,18.0,45.0,185.0,EV_110,0.0,200,0.0,DR393518_30,58.8,32314.83,DR393518,181.09,0.0,60.85,D,SimuProB-5,EV_110
356.151,60.0,75.96,2300.0,0,3.94,1,31.64,4.15,35.0,110.0,185.0,EV_110,0.0,210,0.0,DR393518_30,58.85,32314.93,DR393518,181.09,0.0,60.95,D,SimuProB-5,EV_110
368.593,0.0,75.96,950.0,0,4.0,1,31.63,4.14,15.0,-25.0,185.0,EV_110,0.022,220,55.0,DR393518_30,58.9,32314.97,DR393518,181.09,0.0,61.0,D,SimuProB-5,EV_110
375.565,15.0,75.96,1400.0,0,4.01,1,31.61,4.13,22.0,30.0,185.0,EV_110,0.0,230,0.0,DR393518_30,58.95,32315.03,DR393518,181.09,0.0,61.05,D,SimuProB-5,EV_110
358.088,50.0,75.96,2600.0,0,3.95,1,31.61,4.15,38.0,95.0,185.0,EV_110,0.0,240,0.0,DR393518_30,59.0,32315.14,DR393518,181.09,0.0,61.1,D,SimuProB-5,EV_110
364.751,0.0,75.96,800.0,0,4.0,1,31.61,4.14,12.0,-30.0,185.0,EV_110,0.028,250,70.0,DR393518_30,59.05,32315.17,DR393518,181.09,0.0,61.15,D,SimuProB-5,EV_110
354.856,65.0,75.96,2850.0,0,3.93,1,31.58,4.14,42.0,115.0,185.0,EV_110,0.0,260,0.0,DR393518_30,59.1,32315.29,DR393518,181.09,0.0,61.2,D,SimuProB-5,EV_110
362.351,0.0,75.96,1600.0,0,3.98,1,31.58,4.13,25.0,-35.0,185.0,EV_110,0.032,270,60.0,DR393518_30,59.15,32315.36,DR393518,181.09,0.0,61.25,D,SimuProB-5,EV_110
352.637,70.0,75.96,3050.0,0,3.92,1,31.57,4.15,45.0,130.0,185.0,EV_110,0.0,280,0.0,DR393518_30,59.2,32315.48,DR393518,181.09,0.0,61.3,D,SimuProB-5,EV_110
367.986,20.0,75.96,1200.0,0,3.94,1,31.55,4.14,18.0,15.0,185.0,EV_110,0.0,290,10.0,DR393518_30,59.25,32315.53,DR393518,181.09,0.0,61.35,D,SimuProB-5,EV_110
350.94,75.0,75.96,3200.0,0,3.91,1,31.55,4.15,48.0,145.0,185.0,EV_110,0.0,300,0.0,DR393518_30,59.3,32315.66,DR393518,181.09,0.0,61.4,D,SimuProB-5,EV_110
363.202,0.0,75.96,1500.0,0,3.97,1,31.53,4.13,22.0,-38.0,185.0,EV_110,0.035,310,65.0,DR393518_30,59.35,32315.72,DR393518,181.09,0.0,61.45,D,SimuProB-5,EV_110
355.544,80.0,75.96,3800.0,0,3.88,1,31.53,4.15,52.0,160.0,185.0,EV_110,0.0,320,0.0,DR393518_30,59.4,32315.86,DR393518,181.09,0.0,61.5,D,SimuProB-5,EV_110
348.482,75.0,75.96,4500.0,0,3.85,1,31.53,4.15,62.0,185.0,185.0,EV_110,0.0,330,0.0,DR393518_30,59.45,32316.04,DR393518,181.09,0.0,61.55,D,SimuProB-5,EV_110
342.812,80.0,75.96,4800.0,0,3.82,1,31.5,4.15,65.0,195.0,185.0,EV_110,0.0,340,0.0,DR393518_30,59.5,32316.22,DR393518,181.09,0.0,61.6,D,SimuProB-5,EV_110
345.448,55.0,75.96,3000.0,0,3.86,1,31.48,4.14,45.0,120.0,185.0,EV_110,0.0,350,0.0,DR393518_30,59.55,32316.35,DR393518,181.09,0.0,61.65,D,SimuProB-5,EV_110
351.825,0.0,75.96,1600.0,0,3.9,1,31.46,4.12,25.0,-25.0,185.0,EV_110,0.028,360,45.0,DR393518_30,59.58,32316.41,DR393518,181.09,0.0,61.68,D,SimuProB-5,EV_110
348.654,40.0,75.96,2500.0,0,3.88,1,31.45,4.15,38.0,95.0,185.0,EV_110,0.0,370,0.0,DR393518_30,59.62,32316.52,DR393518,181.09,0.0,61.72,D,SimuProB-5,EV_110
355.168,35.0,75.96,2750.0,0,3.91,1,31.45,4.13,42.0,45.0,185.0,EV_110,0.0,380,0.0,DR393518_30,59.75,32316.64,DR393518,181.09,0.0,61.85,D,SimuProB-5,EV_110
349.368,65.0,75.96,3800.0,0,3.87,1,31.42,4.15,55.0,140.0,185.0,EV_110,0.0,390,0.0,DR393518_30,59.88,32316.79,DR393518,181.09,0.0,61.98,D,SimuProB-5,EV_110
358.147,0.0,75.96,1900.0,0,3.92,1,31.41,4.11,30.0,-15.0,185.0,EV_110,0.015,400,55.0,DR393518_30,59.95,32316.87,DR393518,181.09,0.0,62.05,D,SimuProB-5,EV_110
353.476,50.0,75.96,3100.0,0,3.89,1,31.4,4.14,48.0,85.0,185.0,EV_110,0.0,410,0.0,DR393518_30,60.0,32317.0,DR393518,181.09,0.0,62.1,D,SimuProB-5,EV_110
358.957,0.0,75.96,1800.0,0,3.93,1,31.37,4.12,28.0,-20.0,185.0,EV_110,0.018,420,60.0,DR393518_30,60.05,32317.08,DR393518,181.09,0.0,62.15,D,SimuProB-5,EV_110
350.346,55.0,75.96,2900.0,0,3.88,1,31.37,4.15,45.0,110.0,185.0,EV_110,0.0,430,0.0,DR393518_30,60.1,32317.21,DR393518,181.09,0.0,62.25,D,SimuProB-5,EV_110
353.816,45.0,75.96,2700.0,0,3.9,1,31.37,4.14,42.0,75.0,185.0,EV_110,0.0,440,0.0,DR393518_30,60.18,32317.33,DR393518,181.09,0.0,62.32,D,SimuProB-5,EV_110
348.306,60.0,75.96,3500.0,0,3.86,1,31.35,4.15,52.0,125.0,185.0,EV_110,0.0,450,0.0,DR393518_30,60.25,32317.47,DR393518,181.09,0.0,62.45,D,SimuProB-5,EV_110
356.562,0.0,75.96,1600.0,0,3.91,1,31.33,4.13,25.0,-25.0,185.0,EV_110,0.022,460,45.0,DR393518_30,60.3,32317.54,DR393518,181.09,0.0,62.5,D,SimuProB-5,EV_110
361.73,0.0,75.96,1200.0,0,3.92,1,31.31,4.13,18.0,-12.0,185.0,EV_110,0.012,470,35.0,DR393518_30,60.32,32317.59,DR393518,181.09,0.0,62.52,D,SimuProB-5,EV_110
370.38,35.0,75.96,2100.0,0,3.94,1,31.31,4.14,32.0,45.0,185.0,EV_110,0.0,480,0.0,DR393518_30,60.34,32317.68,DR393518,181.09,0.0,62.54,D,SimuProB-5,EV_110
365.473,50.0,75.96,3100.0,0,3.91,1,31.29,4.15,48.0,85.0,185.0,EV_110,0.0,490,0.0,DR393518_30,60.38,32317.81,DR393518,181.09,0.0,62.58,D,SimuProB-5,EV_110
375.389,55.0,75.96,3800.0,0,3.93,1,31.27,4.15,55.0,110.0,185.0,EV_110,0.0,500,0.0,DR393518_30,60.45,32317.96,DR393518,181.09,0.0,62.65,D,SimuProB-5,EV_110
380.176,35.0,75.96,2800.0,0,3.95,1,31.25,4.14,42.0,65.0,185.0,EV_110,0.0,510,0.0,DR393518_30,60.5,32318.08,DR393518,181.09,0.0,62.7,D,SimuProB-5,EV_110
385.049,15.0,75.96,1800.0,0,3.96,1,31.24,4.13,28.0,25.0,185.0,EV_110,0.005,520,10.0,DR393518_30,60.55,32318.16,DR393518,181.09,0.0,62.75,D,SimuProB-5,EV_110
378.217,20.0,75.96,1650.0,0,3.965,1,31.23,4.135,25.0,40.0,185.0,EV_110,0.0,530,5.0,DR393518_30,60.58,32318.23,DR393518,181.09,0.0,62.78,D,SimuProB-5,EV_110
371.673,45.0,75.96,2500.0,0,3.945,1,31.2,4.145,38.0,80.0,185.0,EV_110,0.0,540,0.0,DR393518_30,60.62,32318.33,DR393518,181.09,0.0,62.82,D,SimuProB-5,EV_110
368.793,50.0,75.96,3000.0,0,3.935,1,31.2,4.148,45.0,95.0,185.0,EV_110,0.0,550,0.0,DR393518_30,60.66,32318.46,DR393518,181.09,0.0,62.86,D,SimuProB-5,EV_110
375.611,25.0,75.96,2100.0,0,3.952,1,31.18,4.142,32.0,55.0,185.0,EV_110,0.0,560,0.0,DR393518_30,60.69,32318.55,DR393518,181.09,0.0,62.89,D,SimuProB-5,EV_110
365.6,65.0,75.96,3600.0,0,3.932,1,31.18,4.148,52.0,110.0,185.0,EV_110,0.0,570,0.0,DR393518_30,60.73,32318.69,DR393518,181.09,0.0,62.93,D,SimuProB-5,EV_110
372.943,0.0,75.96,1900.0,0,3.945,1,31.15,4.138,28.0,-25.0,185.0,EV_110,0.012,580,60.0,DR393518_30,60.75,32318.77,DR393518,181.09,0.0,62.95,D,SimuProB-5,EV_110
363.437,70.0,75.96,4200.0,0,3.93,1,31.14,4.149,58.0,115.0,185.0,EV_110,0.0,590,0.0,DR393518_30,60.88,32318.93,DR393518,181.09,0.0,63.08,D,SimuProB-5,EV_110
369.294,20.0,75.96,2400.0,0,3.948,1,31.12,4.14,35.0,45.0,185.0,EV_110,0.0,600,5.0,DR393518_30,60.92,32319.03,DR393518,181.09,0.0,63.12,D,SimuProB-5,EV_110
362.983,55.0,75.96,3400.0,0,3.934,1,31.12,4.146,50.0,90.0,185.0,EV_110,0.0,610,0.0,DR393518_30,61.05,32319.17,DR393518,181.09,0.0,63.25,D,SimuProB-5,EV_110
368.827,30.0,75.96,2900.0,0,3.94,1,31.12,4.142,42.0,25.0,185.0,EV_110,0.0,620,0.0,DR393518_30,61.08,32319.29,DR393518,181.09,0.0,63.28,D,SimuProB-5,EV_110
358.133,0.0,75.96,1200.0,0,3.928,1,31.1,4.15,18.0,130.0,185.0,EV_110,0.0,630,45.0,DR393518_30,61.2,32319.34,DR393518,181.09,0.0,63.4,D,SimuProB-5,EV_110
370.501,25.0,75.96,2600.0,0,3.935,1,31.1,4.145,38.0,15.0,185.0,EV_110,0.0,640,0.0,DR393518_30,61.35,32319.44,DR393518,181.09,0.0,63.55,D,SimuProB-5,EV_110
373.43,30.0,75.96,3100.0,0,3.942,1,31.1,4.145,45.0,35.0,185.0,EV_110,0.0,650,0.0,DR393518_30,61.42,32319.56,DR393518,181.09,0.0,63.62,D,SimuProB-5,EV_110
365.298,45.0,75.96,1700.0,0,3.93,1,31.1,4.148,25.0,85.0,185.0,EV_110,0.0,660,0.0,DR393518_30,61.55,32319.63,DR393518,181.09,0.0,63.75,D,SimuProB-5,EV_110
372.088,0.0,75.96,650.0,0,3.938,1,31.1,4.15,10.0,-25.0,185.0,EV_110,0.015,670,60.0,DR393518_30,61.6,32319.66,DR393518,181.09,0.0,63.8,D,SimuProB-5,EV_110
354.724,75.0,75.96,3500.0,0,3.915,1,31.06,4.15,50.0,165.0,185.0,EV_110,0.0,680,0.0,DR393518_30,61.7,32319.8,DR393518,181.09,0.0,63.9,D,SimuProB-5,EV_110
378.182,0.0,75.96,350.0,0,3.945,1,31.06,4.148,5.0,12.0,185.0,EV_110,0.012,690,85.0,DR393518_30,61.75,32319.81,DR393518,181.09,0.0,63.95,D,SimuProB-5,EV_110
362.308,60.0,75.96,2400.0,0,3.92,1,31.06,4.15,35.0,140.0,185.0,EV_110,0.0,700,0.0,DR393518_30,61.8,32319.91,DR393518,181.09,0.0,64.0,D,SimuProB-5,EV_110
376.62,30.0,75.96,950.0,0,3.94,1,31.04,4.145,15.0,45.0,185.0,EV_110,0.0,710,10.0,DR393518_30,61.82,32319.95,DR393518,181.09,0.0,64.02,D,SimuProB-5,EV_110
368.444,55.0,75.96,1800.0,0,3.925,1,31.04,4.148,30.0,110.0,185.0,EV_110,0.0,720,0.0,DR393518_30,61.85,32320.03,DR393518,181.09,0.0,64.05,D,SimuProB-5,EV_110
365.232,65.0,75.96,2800.0,0,3.918,1,31.04,4.15,42.0,145.0,185.0,EV_110,0.0,730,0.0,DR393518_30,61.88,32320.15,DR393518,181.09,0.0,64.08,D,SimuProB-5,EV_110
371.961,40.0,75.96,1600.0,0,3.93,1,31.02,4.14,25.0,85.0,185.0,EV_110,0.0,740,0.0,DR393518_30,61.9,32320.22,DR393518,181.09,0.0,64.1,D,SimuProB-5,EV_110
357.963,70.0,75.96,3100.0,0,3.91,1,31.02,4.15,45.0,150.0,185.0,EV_110,0.0,750,0.0,DR393518_30,61.92,32320.34,DR393518,181.09,0.0,64.12,D,SimuProB-5,EV_110
364.655,0.0,75.96,700.0,0,3.92,1,31.02,4.145,10.0,-35.0,185.0,EV_110,0.025,760,60.0,DR393518_30,61.94,32320.37,DR393518,181.09,0.0,64.14,D,SimuProB-5,EV_110
370.798,30.0,75.96,1400.0,0,3.925,1,31.02,4.14,22.0,45.0,185.0,EV_110,0.0,770,0.0,DR393518_30,61.95,32320.43,DR393518,181.09,0.0,64.15,D,SimuProB-5,EV_110
361.992,55.0,75.96,2400.0,0,3.915,1,31.01,4.145,38.0,95.0,185.0,EV_110,0.0,780,0.0,DR393518_30,62.0,32320.54,DR393518,181.09,0.0,64.2,D,SimuProB-5,EV_110
368.427,15.0,75.96,900.0,0,3.93,1,31.0,4.14,15.0,35.0,185.0,EV_110,0.01,790,10.0,DR393518_30,62.05,32320.58,DR393518,181.09,0.0,64.22,D,SimuProB-5,EV_110
366.07,40.0,75.96,1750.0,0,3.935,1,30.98,4.14,28.0,65.0,185.0,EV_110,0.0,800,0.0,DR393518_30,62.08,32320.66,DR393518,181.09,0.0,64.25,D,SimuProB-5,EV_110
360.154,65.0,75.96,2650.0,0,3.91,1,30.96,4.145,42.0,110.0,185.0,EV_110,0.0,810,0.0,DR393518_30,62.1,32320.77,DR393518,181.09,0.0,64.28,D,SimuProB-5,EV_110
365.169,0.0,75.96,1100.0,0,3.93,1,30.96,4.14,18.0,-30.0,185.0,EV_110,0.02,820,55.0,DR393518_30,62.12,32320.82,DR393518,181.09,0.0,64.3,D,SimuProB-5,EV_110
352.73,75.0,75.96,3100.0,0,3.905,1,30.94,4.15,48.0,145.0,185.0,EV_110,0.0,830,0.0,DR393518_30,62.25,32320.95,DR393518,181.09,0.0,64.42,D,SimuProB-5,EV_110
365.08,0.0,75.96,1400.0,0,3.94,1,30.91,4.14,22.0,-35.0,185.0,EV_110,0.025,840,60.0,DR393518_30,62.32,32321.01,DR393518,181.09,0.0,64.48,D,SimuProB-5,EV_110
367.928,35.0,75.96,2000.0,0,3.935,1,30.9,4.145,32.0,45.0,185.0,EV_110,0.0,850,0.0,DR393518_30,62.38,32321.1,DR393518,181.09,0.0,64.55,D,SimuProB-5,EV_110
354.365,55.0,75.96,2400.0,0,3.91,1,30.88,4.15,38.0,125.0,185.0,EV_110,0.0,860,0.0,DR393518_30,62.5,32321.21,DR393518,181.09,0.0,64.68,D,SimuProB-5,EV_110
368.842,0.0,75.96,800.0,0,3.93,1,30.86,4.14,12.0,-38.0,185.0,EV_110,0.028,870,45.0,DR393518_30,62.52,32321.24,DR393518,181.09,0.0,64.72,D,SimuProB-5,EV_110
367.265,45.0,75.96,1800.0,0,3.925,1,30.84,4.145,28.0,85.0,185.0,EV_110,0.0,880,0.0,DR393518_30,62.65,32321.32,DR393518,181.09,0.0,64.85,D,SimuProB-5,EV_110
360.878,40.0,75.96,2200.0,0,3.92,1,30.82,4.14,35.0,95.0,185.0,EV_110,0.0,890,0.0,DR393518_30,62.7,32321.42,DR393518,181.09,0.0,64.92,D,SimuProB-5,EV_110
363.213,0.0,75.96,900.0,0,3.935,1,30.81,4.145,15.0,-25.0,185.0,EV_110,0.02,900,55.0,DR393518_30,62.72,32321.46,DR393518,181.09,0.0,64.95,D,SimuProB-5,EV_110
357.871,60.0,75.96,2650.0,0,3.915,1,30.78,4.15,42.0,110.0,185.0,EV_110,0.0,910,0.0,DR393518_30,62.8,32321.58,DR393518,181.09,0.0,65.0,D,SimuProB-5,EV_110
365.149,25.0,75.96,1500.0,0,3.925,1,30.76,4.135,25.0,45.0,185.0,EV_110,0.0,920,0.0,DR393518_30,62.88,32321.65,DR393518,181.09,0.0,65.0,D,SimuProB-5,EV_110
358.838,70.0,75.96,3200.0,0,3.91,1,30.71,4.15,48.0,125.0,185.0,EV_110,0.0,930,0.0,DR393518_30,63.0,32321.78,DR393518,181.09,0.0,65.0,D,SimuProB-5,EV_110
361.451,0.0,75.96,1100.0,0,3.93,1,30.71,4.14,18.0,-32.0,185.0,EV_110,0.022,940,60.0,DR393518_30,63.1,32321.83,DR393518,181.09,0.0,65.0,D,SimuProB-5,EV_110
372.363,35.0,75.96,2400.0,0,3.92,1,30.71,4.13,38.0,15.0,185.0,EV_110,0.0,950,0.0,DR393518_30,63.12,32321.94,DR393518,181.09,0.0,65.0,D,SimuProB-5,EV_110
355.338,75.0,75.96,3400.0,0,3.905,1,30.68,4.15,52.0,145.0,185.0,EV_110,0.0,960,0.0,DR393518_30,63.15,32322.08,DR393518,181.09,0.0,65.0,D,SimuProB-5,EV_110
369.114,0.0,75.96,1400.0,0,3.925,1,30.68,4.14,22.0,-28.0,185.0,EV_110,0.025,970,45.0,DR393518_30,63.18,32322.14,DR393518,181.09,0.0,65.0,D,SimuProB-5,EV_110
365.48,45.0,75.96,2100.0,0,3.94,1,30.66,4.12,32.0,45.0,185.0,EV_110,0.0,980,0.0,DR393518_30,43.1,32322.23,DR393518,181.09,0.0,45.2,D,SimuProB-5,EV_110
358.673,60.0,75.96,2800.0,0,3.91,1,30.66,4.14,42.0,110.0,185.0,EV_110,0.0,990,0.0,DR393518_30,43.3,32322.35,DR393518,181.09,0.0,45.4,D,SimuProB-5,EV_110
370.376,0.0,75.96,800.0,0,3.93,1,30.66,4.15,12.0,-35.0,185.0,EV_110,0.028,1000,70.0,DR393518_30,43.5,32322.38,DR393518,181.09,0.0,45.6,D,SimuProB-5,EV_110
361.863,35.0,75.96,1650.0,0,3.91,1,30.63,4.13,25.0,85.0,185.0,EV_110,0.0,1010,0.0,DR393518_30,43.6,32322.45,DR393518,181.09,0.0,45.7,D,SimuProB-5,EV_110
371.201,0.0,75.96,520.0,0,3.92,1,30.63,4.14,8.0,-25.0,185.0,EV_110,0.022,1020,55.0,DR393518_30,43.7,32322.47,DR393518,181.09,0.0,45.8,D,SimuProB-5,EV_110
366.809,25.0,75.96,1100.0,0,3.9,1,30.62,4.12,18.0,50.0,185.0,EV_110,0.0,1030,0.0,DR393518_30,43.8,32322.52,DR393518,181.09,0.0,45.9,D,SimuProB-5,EV_110
363.802,30.0,75.96,1400.0,0,3.91,1,30.59,4.13,22.0,65.0,185.0,EV_110,0.0,1040,0.0,DR393518_30,43.9,32322.58,DR393518,181.09,0.0,46.0,D,SimuProB-5,EV_110
354.984,65.0,75.96,2600.0,0,3.89,1,30.57,4.14,38.0,120.0,185.0,EV_110,0.0,1050,0.0,DR393518_30,44.0,32322.69,DR393518,181.09,0.0,46.1,D,SimuProB-5,EV_110
368.577,0.0,75.96,950.0,0,3.92,1,30.56,4.15,15.0,-30.0,185.0,EV_110,0.025,1060,60.0,DR393518_30,44.0,32322.73,DR393518,181.09,0.0,46.1,D,SimuProB-5,EV_110
362.761,40.0,75.96,1800.0,0,3.91,1,30.53,4.14,28.0,75.0,185.0,EV_110,0.0,1070,0.0,DR393518_30,44.1,32322.81,DR393518,181.09,0.0,46.2,D,SimuProB-5,EV_110
359.947,55.0,75.96,2300.0,0,3.9,1,30.51,4.15,35.0,95.0,185.0,EV_110,0.0,1080,0.0,DR393518_30,44.2,32322.9,DR393518,181.09,0.0,46.3,D,SimuProB-5,EV_110
355.913,70.0,75.96,2800.0,0,3.88,1,30.48,4.15,42.0,135.0,185.0,EV_110,0.0,1090,0.0,DR393518_30,44.4,32323.02,DR393518,181.09,0.0,46.5,D,SimuProB-5,EV_110
351.461,75.0,75.96,3300.0,0,3.86,1,30.44,4.15,48.0,145.0,185.0,EV_110,0.0,1100,0.0,DR393518_30,44.6,32323.15,DR393518,181.09,0.0,46.7,D,SimuProB-5,EV_110
358.492,0.0,75.96,1200.0,0,3.9,1,30.43,4.15,20.0,-25.0,185.0,EV_110,0.028,1110,45.0,DR393518_30,44.7,32323.21,DR393518,181.09,0.0,46.8,D,SimuProB-5,EV_110
362.735,30.0,75.96,1600.0,0,3.91,1,30.42,4.14,25.0,40.0,185.0,EV_110,0.0,1120,0.0,DR393518_30,44.8,32323.28,DR393518,181.09,0.0,46.9,D,SimuProB-5,EV_110
360.229,40.0,75.96,1800.0,0,3.89,1,30.41,4.12,30.0,65.0,185.0,EV_110,0.0,1130,0.0,DR393518_30,44.9,32323.36,DR393518,181.09,0.0,47.0,D,SimuProB-5,EV_110
354.463,60.0,75.96,2900.0,0,3.87,1,30.39,4.14,45.0,110.0,185.0,EV_110,0.0,1140,0.0,DR393518_30,45.0,32323.49,DR393518,181.09,0.0,47.1,D,SimuProB-5,EV_110
365.702,0.0,75.96,900.0,0,3.92,1,30.39,4.15,15.0,-35.0,185.0,EV_110,0.032,1150,65.0,DR393518_30,45.05,32323.53,DR393518,181.09,0.0,47.15,D,SimuProB-5,EV_110
388.272,25.0,75.96,1400.0,0,3.93,1,30.38,4.12,22.0,18.5,185.0,EV_110,0.0,1160,0.0,DR393518_30,45.1,32323.59,DR393518,181.09,0.0,47.2,D,SimuProB-5,EV_110
368.882,55.0,75.96,2600.0,0,3.88,1,30.36,4.14,42.0,85.0,185.0,EV_110,0.0,1170,0.0,DR393518_30,45.2,32323.71,DR393518,181.09,0.0,47.3,D,SimuProB-5,EV_110
372.573,35.0,75.96,2200.0,0,3.91,1,30.35,4.13,35.0,35.0,185.0,EV_110,0.0,1180,0.0,DR393518_30,45.25,32323.8,DR393518,181.09,0.0,47.35,D,SimuProB-5,EV_110
362.293,65.0,75.96,3400.0,0,3.86,1,30.32,4.14,52.0,95.0,185.0,EV_110,0.0,1190,0.0,DR393518_30,45.4,32323.94,DR393518,181.09,0.0,47.5,D,SimuProB-5,EV_110
378.269,5.0,75.96,750.0,0,3.9,1,30.31,4.13,12.0,25.0,185.0,EV_110,0.025,1200,45.0,DR393518_30,45.5,32323.98,DR393518,181.09,0.0,47.6,D,SimuProB-5,EV_110
358.717,70.0,75.96,3100.0,0,3.85,1,30.26,4.15,48.0,130.0,185.0,EV_110,0.0,1210,0.0,DR393518_30,45.6,32324.11,DR393518,181.09,0.0,47.8,D,SimuProB-5,EV_110
360.371,2.0,75.96,120.0,0,3.92,1,30.24,4.12,2.0,15.0,185.0,EV_110,0.001,1220,15.0,DR393518_30,45.65,32324.12,DR393518,181.09,0.0,47.85,D,SimuProB-5,EV_110
374.766,25.0,75.96,1100.0,0,3.93,1,30.21,4.13,18.0,45.0,185.0,EV_110,0.0,1230,0.0,DR393518_30,45.7,32324.17,DR393518,181.09,0.0,47.9,D,SimuProB-5,EV_110
365.825,40.0,75.96,2000.0,0,3.89,1,30.2,4.14,32.0,80.0,185.0,EV_110,0.0,1240,0.0,DR393518_30,45.75,32324.25,DR393518,181.09,0.0,47.95,D,SimuProB-5,EV_110
372.492,15.0,75.96,900.0,0,3.94,1,30.18,4.13,15.0,35.0,185.0,EV_110,0.0,1250,0.0,DR393518_30,45.8,32324.29,DR393518,181.09,0.0,48.0,D,SimuProB-5,EV_110
352.006,55.0,75.96,2700.0,0,3.88,1,30.15,4.14,42.0,110.0,185.0,EV_110,0.0,1260,0.0,DR393518_30,45.85,32324.41,DR393518,181.09,0.0,48.05,D,SimuProB-5,EV_110
367.997,0.0,75.96,750.0,0,3.95,1,30.15,4.15,12.0,-25.0,185.0,EV_110,0.018,1270,60.0,DR393518_30,45.9,32324.44,DR393518,181.09,0.0,48.1,D,SimuProB-5,EV_110
376.442,0.0,75.96,0.0,1,3.95,1,30.22,4.15,0.0,-214.2,185.0,EV_110,0.0,0,0.0,RC266002_1,46.05,32324.44,RC266002,181.09,0.0,48.25,P,SimuProB-5,EV_110
379.849,0.0,75.96,0.0,1,3.96,1,30.29,4.16,0.0,-221.4,185.0,EV_110,0.0,10,0.0,RC266002_1,46.25,32324.44,RC266002,181.09,0.0,48.45,P,SimuProB-5,EV_110
383.446,0.0,75.96,0.0,1,3.97,1,30.37,4.17,0.0,-218.2,185.0,EV_110,0.0,20,0.0,RC266002_1,46.5,32324.44,RC266002,181.09,0.0,48.68,P,SimuProB-5,EV_110
386.495,0.0,75.96,0.0,1,3.98,1,30.45,4.18,0.0,-223.7,185.0,EV_110,0.0,30,0.0,RC266002_1,46.75,32324.44,RC266002,181.09,0.0,48.92,P,SimuProB-5,EV_110
390.104,0.0,75.96,0.0,1,3.99,1,30.54,4.19,0.0,-217.2,185.0,EV_110,0.0,40,0.0,RC266002_1,47.02,32324.44,RC266002,181.09,0.0,49.18,P,SimuProB-5,EV_110
393.772,0.0,75.96,0.0,1,4.0,1,30.61,4.2,0.0,-225.7,185.0,EV_110,0.0,50,0.0,RC266002_1,47.3,32324.44,RC266002,181.09,0.0,49.45,P,SimuProB-5,EV_110
396.913,0.0,75.96,0.0,1,4.01,1,30.69,4.22,0.0,-222.7,185.0,EV_110,0.0,60,0.0,RC266002_1,47.58,32324.44,RC266002,181.09,0.0,49.72,P,SimuProB-5,EV_110
400.615,0.0,75.96,0.0,1,4.03,1,30.76,4.24,0.0,-218.3,185.0,EV_110,0.0,70,0.0,RC266002_1,47.85,32324.44,RC266002,181.09,0.0,49.98,P,SimuProB-5,EV_110
404.018,0.0,75.96,0.0,1,4.05,1,30.84,4.26,0.0,-220.3,185.0,EV_110,0.0,80,0.0,RC266002_1,48.12,32324.44,RC266002,181.09,0.0,50.25,P,SimuProB-5,EV_110
408.006,0.0,75.96,0.0,1,4.07,1,30.92,4.28,0.0,-217.2,185.0,EV_110,0.0,90,0.0,RC266002_1,48.41,32324.44,RC266002,181.09,0.0,50.53,P,SimuProB-5,EV_110
411.127,0.0,75.96,0.0,1,4.09,1,31.0,4.3,0.0,-213.6,185.0,EV_110,0.0,100,0.0,RC266002_1,48.7,32324.44,RC266002,181.09,0.0,50.81,P,SimuProB-5,EV_110
414.943,0.0,75.96,0.0,1,4.11,1,31.07,4.32,0.0,-211.4,185.0,EV_110,0.0,110,0.0,RC266002_1,49.0,32324.44,RC266002,181.09,0.0,51.1,P,SimuProB-5,EV_110
417.76,0.0,75.96,0.0,1,4.13,1,31.15,4.34,0.0,-210.5,185.0,EV_110,0.0,120,0.0,RC266002_1,49.28,32324.44,RC266002,181.09,0.0,51.38,P,SimuProB-5,EV_110
420.72,0.0,75.96,0.0,1,4.15,1,31.25,4.36,0.0,-206.5,185.0,EV_110,0.0,130,0.0,RC266002_1,49.56,32324.44,RC266002,181.09,0.0,51.65,P,SimuProB-5,EV_110
424.279,0.0,75.96,0.0,1,4.17,1,31.32,4.38,0.0,-201.3,185.0,EV_110,0.0,140,0.0,RC266002_1,49.84,32324.44,RC266002,181.09,0.0,51.92,P,SimuProB-5,EV_110
428.552,0.0,75.96,0.0,1,4.19,1,31.43,4.41,0.0,-193.6,185.0,EV_110,0.0,150,0.0,RC266002_1,50.12,32324.44,RC266002,181.09,0.0,52.19,P,SimuProB-5,EV_110
432.227,0.0,75.96,0.0,1,4.21,1,31.54,4.44,0.0,-187.5,185.0,EV_110,0.0,160,0.0,RC266002_1,50.39,32324.44,RC266002,181.09,0.0,52.45,P,SimuProB-5,EV_110
434.815,0.0,75.96,0.0,1,4.24,1,31.7,4.45,0.0,-184.0,185.0,EV_110,0.0,170,0.0,RC266002_1,50.65,32324.44,RC266002,181.09,0.0,52.71,P,SimuProB-5,EV_110
437.188,0.0,75.96,0.0,1,4.26,1,31.86,4.45,0.0,-181.9,185.0,EV_110,0.0,180,0.0,RC266002_1,50.95,32324.44,RC266002,181.09,0.0,53.02,P,SimuProB-5,EV_110
439.849,0.0,75.96,0.0,1,4.28,1,32.02,4.45,0.0,-176.5,185.0,EV_110,0.0,190,0.0,RC266002_1,51.28,32324.44,RC266002,181.09,0.0,53.35,P,SimuProB-5,EV_110
442.901,0.0,75.96,0.0,1,4.31,1,32.18,4.45,0.0,-167.5,185.0,EV_110,0.0,200,0.0,RC266002_1,51.61,32324.44,RC266002,181.09,0.0,53.68,P,SimuProB-5,EV_110
445.0,0.0,75.96,0.0,1,4.33,1,32.35,4.45,0.0,-158.7,185.0,EV_110,0.0,210,0.0,RC266002_1,51.89,32324.44,RC266002,181.09,0.0,53.94,P,SimuProB-5,EV_110
445.0,0.0,75.96,0.0,1,4.35,1,32.51,4.45,0.0,-152.9,185.0,EV_110,0.0,220,0.0,RC266002_1,52.15,32324.44,RC266002,181.09,0.0,54.18,P,SimuProB-5,EV_110
445.0,0.0,75.96,0.0,1,4.37,1,32.7,4.45,0.0,-144.2,185.0,EV_110,0.0,230,0.0,RC266002_1,52.42,32324.44,RC266002,181.09,0.0,54.41,P,SimuProB-5,EV_110
444.548,0.0,75.96,0.0,1,4.39,1,32.87,4.45,0.0,-137.8,185.0,EV_110,0.0,240,0.0,RC266002_1,52.71,32324.44,RC266002,181.09,0.0,54.68,P,SimuProB-5,EV_110
445.0,0.0,75.96,0.0,1,4.41,1,33.05,4.45,0.0,-128.5,185.0,EV_110,0.0,250,0.0,RC266002_1,52.98,32324.44,RC266002,181.09,0.0,54.92,P,SimuProB-5,EV_110
444.637,0.0,75.96,0.0,1,4.43,1,33.21,4.45,0.0,-121.9,185.0,EV_110,0.0,260,0.0,RC266002_1,53.24,32324.44,RC266002,181.09,0.0,55.15,P,SimuProB-5,EV_110
445.0,0.0,75.96,0.0,1,4.45,1,33.4,4.45,0.0,-116.6,185.0,EV_110,0.0,270,0.0,RC266002_1,53.51,32324.44,RC266002,181.09,0.0,55.38,P,SimuProB-5,EV_110
444.971,0.0,75.96,0.0,1,4.45,1,33.56,4.45,0.0,-108.5,185.0,EV_110,0.0,280,0.0,RC266002_1,53.78,32324.44,RC266002,181.09,0.0,55.61,P,SimuProB-5,EV_110
444.886,0.0,75.96,0.0,1,4.45,1,33.74,4.45,0.0,-98.3,185.0,EV_110,0.0,290,0.0,RC266002_1,54.05,32324.44,RC266002,181.09,0.0,55.84,P,SimuProB-5,EV_110
444.446,0.0,75.96,0.0,1,4.44,1,33.93,4.45,0.0,-84.1,185.0,EV_110,0.0,300,0.0,RC266002_1,54.33,32324.44,RC266002,181.09,0.0,56.08,P,SimuProB-5,EV_110
445.0,0.0,75.96,0.0,1,4.44,1,34.13,4.45,0.0,-77.3,185.0,EV_110,0.0,310,0.0,RC266002_1,54.62,32324.44,RC266002,181.09,0.0,56.32,P,SimuProB-5,EV_110
444.732,0.0,75.96,0.0,1,4.44,1,34.34,4.45,0.0,-67.9,185.0,EV_110,0.0,320,0.0,RC266002_1,54.91,32324.44,RC266002,181.09,0.0,56.56,P,SimuProB-5,EV_110
444.396,0.0,75.96,0.0,1,4.44,1,34.56,4.45,0.0,-61.4,185.0,EV_110,0.0,330,0.0,RC266002_1,55.12,32324.44,RC266002,181.09,0.0,56.71,P,SimuProB-5,EV_110
444.76,0.0,75.96,0.0,1,4.44,1,34.8,4.45,0.0,-53.8,185.0,EV_110,0.0,340,0.0,RC266002_1,55.34,32324.44,RC266002,181.09,0.0,56.85,P,SimuProB-5,EV_110
444.586,0.0,75.96,0.0,1,4.44,1,35.03,4.45,0.0,-49.1,185.0,EV_110,0.0,350,0.0,RC266002_1,55.56,32324.44,RC266002,181.09,0.0,56.99,P,SimuProB-5,EV_110
444.885,0.0,75.96,0.0,1,4.44,1,35.27,4.45,0.0,-43.4,185.0,EV_110,0.0,360,0.0,RC266002_1,55.78,32324.44,RC266002,181.09,0.0,57.15,P,SimuProB-5,EV_110
443.901,0.0,75.96,0.0,1,4.44,1,35.5,4.45,0.0,-42.5,185.0,EV_110,0.0,370,0.0,RC266002_1,56.01,32324.44,RC266002,181.09,0.0,57.28,P,SimuProB-5,EV_110
444.649,0.0,75.96,0.0,1,4.44,1,35.75,4.45,0.0,-39.8,185.0,EV_110,0.0,380,0.0,RC266002_1,56.24,32324.44,RC266002,181.09,0.0,57.42,P,SimuProB-5,EV_110
444.489,0.0,75.96,0.0,1,4.44,1,36.01,4.45,0.0,-39.6,185.0,EV_110,0.0,390,0.0,RC266002_1,56.45,32324.44,RC266002,181.09,0.0,57.55,P,SimuProB-5,EV_110
443.633,0.0,75.96,0.0,1,4.44,1,36.24,4.45,0.0,-37.6,185.0,EV_110,0.0,400,0.0,RC266002_1,56.66,32324.44,RC266002,181.09,0.0,57.68,P,SimuProB-5,EV_110
443.898,0.0,75.96,0.0,1,4.44,1,36.47,4.45,0.0,-32.3,185.0,EV_110,0.0,410,0.0,RC266002_1,56.85,32324.44,RC266002,181.09,0.0,57.8,P,SimuProB-5,EV_110
444.48,0.0,75.96,0.0,1,4.438,1,36.7,4.442,0.0,-31.9,185.0,EV_110,0.0,420,0.0,RC266002_1,57.05,32324.44,RC266002,181.09,0.0,57.92,P,SimuProB-5,EV_110
444.673,0.0,75.96,0.0,1,4.439,1,36.9,4.443,0.0,-28.6,185.0,EV_110,0.0,430,0.0,RC266002_1,57.22,32324.44,RC266002,181.09,0.0,58.05,P,SimuProB-5,EV_110
445.0,0.0,75.96,0.0,1,4.44,1,37.13,4.444,0.0,-29.9,185.0,EV_110,0.0,440,0.0,RC266002_1,57.4,32324.44,RC266002,181.09,0.0,58.18,P,SimuProB-5,EV_110
444.987,0.0,75.96,0.0,1,4.442,1,37.37,4.45,0.0,-29.8,185.0,EV_110,0.0,450,0.0,RC266002_1,57.6,32324.44,RC266002,181.09,0.0,58.35,P,SimuProB-5,EV_110
445.0,0.0,75.96,0.0,1,4.443,1,37.6,4.45,0.0,-28.9,185.0,EV_110,0.0,460,0.0,RC266002_1,57.75,32324.44,RC266002,181.09,0.0,58.5,P,SimuProB-5,EV_110
444.636,0.0,75.96,0.0,1,4.444,1,37.85,4.45,0.0,-24.9,185.0,EV_110,0.0,470,0.0,RC266002_1,57.9,32324.44,RC266002,181.09,0.0,58.65,P,SimuProB-5,EV_110
444.521,0.0,75.96,0.0,1,4.441,1,38.16,4.448,0.0,-25.1,185.0,EV_110,0.0,480,0.0,RC266002_1,58.05,32324.44,RC266002,181.09,0.0,58.82,P,SimuProB-5,EV_110
444.762,0.0,75.96,0.0,1,4.442,1,38.5,4.449,0.0,-24.2,185.0,EV_110,0.0,490,0.0,RC266002_1,58.22,32324.44,RC266002,181.09,0.0,59.01,P,SimuProB-5,EV_110
444.639,0.0,75.96,0.0,1,4.44,1,38.84,4.447,0.0,-24.0,185.0,EV_110,0.0,500,0.0,RC266002_1,58.38,32324.44,RC266002,181.09,0.0,59.18,P,SimuProB-5,EV_110
445.0,0.0,75.96,0.0,1,4.442,1,39.21,4.449,0.0,-25.0,185.0,EV_110,0.0,510,0.0,RC266002_1,58.55,32324.44,RC266002,181.09,0.0,59.35,P,SimuProB-5,EV_110
444.702,0.0,75.96,0.0,1,4.443,1,39.54,4.45,0.0,-23.4,185.0,EV_110,0.0,520,0.0,RC266002_1,58.72,32324.44,RC266002,181.09,0.0,59.52,P,SimuProB-5,EV_110
445.0,0.0,75.96,0.0,1,4.444,1,39.9,4.45,0.0,-24.2,185.0,EV_110,0.0,530,0.0,RC266002_1,58.89,32324.44,RC266002,181.09,0.0,59.69,P,SimuProB-5,EV_110
445.0,0.0,75.96,0.0,1,4.445,1,40.29,4.449,0.0,-23.7,185.0,EV_110,0.0,540,0.0,RC266002_1,59.02,32324.44,RC266002,181.09,0.0,59.82,P,SimuProB-5,EV_110
445.0,0.0,75.96,0.0,1,4.446,1,40.69,4.45,0.0,-27.1,185.0,EV_110,0.0,550,0.0,RC266002_1,59.15,32324.44,RC266002,181.09,0.0,59.95,P,SimuProB-5,EV_110
444.513,0.0,75.96,0.0,1,4.444,1,41.09,4.449,0.0,-21.9,185.0,EV_110,0.0,560,0.0,RC266002_1,59.28,32324.44,RC266002,181.09,0.0,60.08,P,SimuProB-5,EV_110
444.523,0.0,75.96,0.0,1,4.446,1,41.49,4.45,0.0,-20.1,185.0,EV_110,0.0,570,0.0,RC266002_1,59.41,32324.44,RC266002,181.09,0.0,60.21,P,SimuProB-5,EV_110
445.0,0.0,75.96,0.0,1,4.447,1,41.88,4.45,0.0,-20.6,185.0,EV_110,0.0,580,0.0,RC266002_1,59.54,32324.44,RC266002,181.09,0.0,60.34,P,SimuProB-5,EV_110
444.533,0.0,75.96,0.0,1,4.447,1,42.25,4.449,0.0,-18.6,185.0,EV_110,0.0,590,0.0,RC266002_1,59.67,32324.44,RC266002,181.09,0.0,60.45,P,SimuProB-5,EV_110
444.589,0.0,75.96,0.0,1,4.447,1,42.68,4.448,0.0,-14.8,185.0,EV_110,0.0,600,0.0,RC266002_1,59.79,32324.44,RC266002,181.09,0.0,60.56,P,SimuProB-5,EV_110
445.0,0.0,75.96,0.0,1,4.448,1,43.11,4.45,0.0,-16.0,185.0,EV_110,0.0,610,0.0,RC266002_1,59.91,32324.44,RC266002,181.09,0.0,60.67,P,SimuProB-5,EV_110
444.975,0.0,75.96,0.0,1,4.447,1,43.48,4.449,0.0,-14.7,185.0,EV_110,0.0,620,0.0,RC266002_1,60.03,32324.44,RC266002,181.09,0.0,60.78,P,SimuProB-5,EV_110
444.813,0.0,75.96,0.0,1,4.448,1,43.87,4.449,0.0,-14.9,185.0,EV_110,0.0,630,0.0,RC266002_1,60.15,32324.44,RC266002,181.09,0.0,60.89,P,SimuProB-5,EV_110
445.0,0.0,75.96,0.0,1,4.448,1,44.23,4.449,0.0,-14.7,185.0,EV_110,0.0,640,0.0,RC266002_1,60.28,32324.44,RC266002,181.09,0.0,61.01,P,SimuProB-5,EV_110
445.0,0.0,75.96,0.0,1,4.448,1,44.6,4.449,0.0,-8.6,185.0,EV_110,0.0,650,0.0,RC266002_1,60.41,32324.44,RC266002,181.09,0.0,61.13,P,SimuProB-5,EV_110
445.0,0.0,75.96,0.0,1,4.448,1,44.84,4.449,0.0,-6.2,185.0,EV_110,0.0,660,0.0,RC266002_1,60.52,32324.44,RC266002,181.09,0.0,61.28,P,SimuProB-5,EV_110
445.0,0.0,75.96,0.0,1,4.448,1,45.01,4.449,0.0,-7.3,185.0,EV_110,0.0,670,0.0,RC266002_1,60.65,32324.44,RC266002,181.09,0.0,61.45,P,SimuProB-5,EV_110
444.868,0.0,75.96,0.0,1,4.448,1,45.18,4.449,0.0,-4.8,185.0,EV_110,0.0,680,0.0,RC266002_1,60.78,32324.44,RC266002,181.09,0.0,61.62,P,SimuProB-5,EV_110
444.539,0.0,75.96,0.0,1,4.447,1,45.35,4.448,0.0,-3.4,185.0,EV_110,0.0,690,0.0,RC266002_1,60.91,32324.44,RC266002,181.09,0.0,61.75,P,SimuProB-5,EV_110
444.667,0.0,75.96,0.0,1,4.446,1,45.54,4.447,0.0,-2.7,185.0,EV_110,0.0,700,0.0,RC266002_1,61.04,32324.44,RC266002,181.09,0.0,61.88,P,SimuProB-5,EV_110
444.99,0.0,75.96,0.0,1,4.445,1,45.69,4.446,0.0,-2.4,185.0,EV_110,0.0,710,0.0,RC266002_1,61.17,32324.44,RC266002,181.09,0.0,62.01,P,SimuProB-5,EV_110
445.0,0.0,75.96,0.0,1,4.444,1,45.84,4.446,0.0,-1.6,185.0,EV_110,0.0,720,0.0,RC266002_1,61.28,32324.44,RC266002,181.09,0.0,62.12,P,SimuProB-5,EV_110
445.0,0.0,75.96,0.0,1,4.443,1,46.01,4.445,0.0,-4.0,185.0,EV_110,0.0,730,0.0,RC266002_1,61.38,32324.44,RC266002,181.09,0.0,62.21,P,SimuProB-5,EV_110
445.0,0.0,75.96,0.0,1,4.442,1,46.16,4.444,0.0,-1.6,185.0,EV_110,0.0,740,0.0,RC266002_1,61.47,32324.44,RC266002,181.09,0.0,62.29,P,SimuProB-5,EV_110
444.737,0.0,75.96,0.0,1,4.44,1,46.31,4.442,0.0,-5.9,185.0,EV_110,0.0,750,0.0,RC266002_1,61.53,32324.44,RC266002,181.09,0.0,62.35,P,SimuProB-5,EV_110
444.616,0.0,75.96,0.0,1,4.439,1,46.48,4.441,0.0,-2.2,185.0,EV_110,0.0,760,0.0,RC266002_1,61.59,32324.44,RC266002,181.09,0.0,62.41,P,SimuProB-5,EV_110
445.0,0.0,75.96,0.0,1,4.438,1,46.64,4.44,0.0,0.1,185.0,EV_110,0.0,770,0.0,RC266002_1,61.64,32324.44,RC266002,181.09,0.0,62.46,P,SimuProB-5,EV_110
444.586,0.0,75.96,0.0,1,4.437,1,46.81,4.44,0.0,-5.8,185.0,EV_110,0.0,780,0.0,RC266002_1,61.68,32324.44,RC266002,181.09,0.0,62.5,P,SimuProB-5,EV_110
444.326,0.0,75.96,0.0,1,4.436,1,46.98,4.439,0.0,-1.8,185.0,EV_110,0.0,790,0.0,RC266002_1,61.72,32324.44,RC266002,181.09,0.0,62.55,P,SimuProB-5,EV_110
444.362,0.0,75.96,0.0,1,4.435,1,47.13,4.438,0.0,-0.3,185.0,EV_110,0.0,800,0.0,RC266002_1,61.75,32324.44,RC266002,181.09,0.0,62.58,P,SimuProB-5,EV_110
444.939,0.0,75.96,0.0,1,4.438,1,47.3,4.442,0.0,0.3,185.0,EV_110,0.0,810,0.0,RC266002_1,61.79,32324.44,RC266002,181.09,0.0,62.62,P,SimuProB-5,EV_110
444.81,0.0,75.96,0.0,1,4.44,1,47.47,4.444,0.0,2.3,185.0,EV_110,0.0,820,0.0,RC266002_1,61.83,32324.44,RC266002,181.09,0.0,62.66,P,SimuProB-5,EV_110
444.571,0.0,75.96,0.0,1,4.441,1,47.63,4.445,0.0,-1.6,185.0,EV_110,0.0,830,0.0,RC266002_1,61.87,32324.44,RC266002,181.09,0.0,62.7,P,SimuProB-5,EV_110
445.0,0.0,75.96,0.0,1,4.443,1,47.81,4.447,0.0,1.7,185.0,EV_110,0.0,840,0.0,RC266002_1,61.92,32324.44,RC266002,181.09,0.0,62.75,P,SimuProB-5,EV_110
445.0,0.0,75.96,0.0,1,4.444,1,47.95,4.448,0.0,-2.8,185.0,EV_110,0.0,850,0.0,RC266002_1,61.97,32324.44,RC266002,181.09,0.0,62.8,P,SimuProB-5,EV_110
445.0,0.0,75.96,0.0,1,4.445,1,48.13,4.449,0.0,1.2,185.0,EV_110,0.0,860,0.0,RC266002_1,62.02,32324.44,RC266002,181.09,0.0,62.85,P,SimuProB-5,EV_110
445.0,0.0,75.96,0.0,1,4.446,1,48.35,4.45,0.0,-144.8,185.0,EV_110,0.0,870,0.0,RC266002_1,62.15,32324.44,RC266002,181.09,0.0,63.05,P,SimuProB-5,EV_110
444.987,0.0,75.96,0.0,1,4.449,1,48.59,4.45,0.0,-135.9,185.0,EV_110,0.0,880,0.0,RC266002_1,62.28,32324.44,RC266002,181.09,0.0,63.22,P,SimuProB-5,EV_110
445.0,0.0,75.96,0.0,1,4.45,1,48.83,4.45,0.0,-133.2,185.0,EV_110,0.0,890,0.0,RC266002_1,62.41,32324.44,RC266002,181.09,0.0,63.39,P,SimuProB-5,EV_110
444.878,0.0,75.96,0.0,1,4.449,1,49.07,4.45,0.0,-128.5,185.0,EV_110,0.0,900,0.0,RC266002_1,62.54,32324.44,RC266002,181.09,0.0,63.56,P,SimuProB-5,EV_110
445.0,0.0,75.96,0.0,1,4.449,1,49.33,4.45,0.0,-123.7,185.0,EV_110,0.0,910,0.0,RC266002_1,62.67,32324.44,RC266002,181.09,0.0,63.73,P,SimuProB-5,EV_110
444.617,0.0,75.96,0.0,1,4.449,1,49.57,4.45,0.0,-114.2,185.0,EV_110,0.0,920,0.0,RC266002_1,62.8,32324.44,RC266002,181.09,0.0,63.9,P,SimuProB-5,EV_110
444.616,0.0,75.96,0.0,1,4.449,1,49.84,4.45,0.0,-106.8,185.0,EV_110,0.0,930,0.0,RC266002_1,62.92,32324.44,RC266002,181.09,0.0,64.05,P,SimuProB-5,EV_110
444.988,0.0,75.96,0.0,1,4.448,1,50.06,4.45,0.0,-103.8,185.0,EV_110,0.0,940,0.0,RC266002_1,63.04,32324.44,RC266002,181.09,0.0,64.18,P,SimuProB-5,EV_110
444.476,0.0,75.96,0.0,1,4.447,1,50.32,4.45,0.0,-96.3,185.0,EV_110,0.0,950,0.0,RC266002_1,63.15,32324.44,RC266002,181.09,0.0,64.31,P,SimuProB-5,EV_110
444.995,0.0,75.96,0.0,1,4.446,1,50.58,4.45,0.0,-89.1,185.0,EV_110,0.0,960,0.0,RC266002_1,63.27,32324.44,RC266002,181.09,0.0,64.45,P,SimuProB-5,EV_110
445.0,0.0,75.96,0.0,1,4.445,1,50.85,4.45,0.0,-81.8,185.0,EV_110,0.0,970,0.0,RC266002_1,63.39,32324.44,RC266002,181.09,0.0,64.58,P,SimuProB-5,EV_110
444.873,0.0,75.96,0.0,1,4.444,1,51.12,4.45,0.0,-76.7,185.0,EV_110,0.0,980,0.0,RC266002_1,63.51,32324.44,RC266002,181.09,0.0,64.71,P,SimuProB-5,EV_110
444.611,0.0,75.96,0.0,1,4.443,1,51.42,4.45,0.0,-74.1,185.0,EV_110,0.0,990,0.0,RC266002_1,63.64,32324.44,RC266002,181.09,0.0,64.85,P,SimuProB-5,EV_110
444.438,0.0,75.96,0.0,1,4.442,1,51.74,4.45,0.0,-68.8,185.0,EV_110,0.0,1000,0.0,RC266002_1,63.78,32324.44,RC266002,181.09,0.0,65.0,P,SimuProB-5,EV_110
445.0,0.0,75.96,0.0,1,4.441,1,52.05,4.45,0.0,-66.9,185.0,EV_110,0.0,1010,0.0,RC266002_1,63.93,32324.44,RC266002,181.09,0.0,65.0,P,SimuProB-5,EV_110
445.0,0.0,75.96,0.0,1,4.44,1,52.38,4.45,0.0,-61.3,185.0,EV_110,0.0,1020,0.0,RC266002_1,64.07,32324.44,RC266002,181.09,0.0,65.0,P,SimuProB-5,EV_110
444.636,0.0,75.96,0.0,1,4.439,1,52.71,4.45,0.0,-61.1,185.0,EV_110,0.0,1030,0.0,RC266002_1,64.21,32324.44,RC266002,181.09,0.0,65.0,P,SimuProB-5,EV_110
444.596,0.0,75.96,0.0,1,4.438,1,53.02,4.45,0.0,-56.7,185.0,EV_110,0.0,1040,0.0,RC266002_1,64.35,32324.44,RC266002,181.09,0.0,65.0,P,SimuProB-5,EV_110
444.752,0.0,75.96,0.0,1,4.437,1,53.35,4.45,0.0,-57.3,185.0,EV_110,0.0,1050,0.0,RC266002_1,64.5,32324.44,RC266002,181.09,0.0,65.0,P,SimuProB-5,EV_110
444.111,0.0,75.96,0.0,1,4.436,1,53.65,4.45,0.0,-53.4,185.0,EV_110,0.0,1060,0.0,RC266002_1,64.65,32324.44,RC266002,181.09,0.0,65.0,P,SimuProB-5,EV_110
444.565,0.0,75.96,0.0,1,4.435,1,53.96,4.45,0.0,-46.0,185.0,EV_110,0.0,1070,0.0,RC266002_1,64.8,32324.44,RC266002,181.09,0.0,65.0,P,SimuProB-5,EV_110
444.588,0.0,75.96,0.0,1,4.434,1,54.3,4.45,0.0,-42.8,185.0,EV_110,0.0,1080,0.0,RC266002_1,64.95,32324.44,RC266002,181.09,0.0,65.0,P,SimuProB-5,EV_110
444.368,0.0,75.96,0.0,1,4.433,1,54.62,4.45,0.0,-40.1,185.0,EV_110,0.0,1090,0.0,RC266002_1,65.0,32324.44,RC266002,181.09,0.0,65.0,P,SimuProB-5,EV_110
444.937,0.0,75.96,0.0,1,4.432,1,54.96,4.45,0.0,-43.2,185.0,EV_110,0.0,1100,0.0,RC266002_1,65.0,32324.44,RC266002,181.09,0.0,65.0,P,SimuProB-5,EV_110
445.0,0.0,75.96,0.0,1,4.431,1,55.28,4.45,0.0,-38.8,185.0,EV_110,0.0,1110,0.0,RC266002_1,65.0,32324.44,RC266002,181.09,0.0,65.0,P,SimuProB-5,EV_110
445.0,0.0,75.96,0.0,1,4.43,1,55.62,4.45,0.0,-39.7,185.0,EV_110,0.0,1120,0.0,RC266002_1,65.0,32324.44,RC266002,181.09,0.0,65.0,P,SimuProB-5,EV_110
445.0,0.0,75.96,0.0,1,4.429,1,55.97,4.45,0.0,-36.6,185.0,EV_110,0.0,1130,0.0,RC266002_1,65.0,32324.44,RC266002,181.09,0.0,65.0,P,SimuProB-5,EV_110
445.0,0.0,75.96,0.0,1,4.428,1,56.32,4.45,0.0,-37.5,185.0,EV_110,0.0,1140,0.0,RC266002_1,65.0,32324.44,RC266002,181.09,0.0,65.0,P,SimuProB-5,EV_110
444.932,0.0,75.96,0.0,1,4.427,1,56.68,4.45,0.0,-32.7,185.0,EV_110,0.0,1150,0.0,RC266002_1,65.0,32324.44,RC266002,181.09,0.0,65.0,P,SimuProB-5,EV_110
444.656,0.0,75.96,0.0,1,4.426,1,57.06,4.45,0.0,-29.9,185.0,EV_110,0.0,1160,0.0,RC266002_1,65.0,32324.44,RC266002,181.09,0.0,65.0,P,SimuProB-5,EV_110
444.614,0.0,75.96,0.0,1,4.424,1,57.45,4.44,0.0,-26.3,185.0,EV_110,0.0,1170,0.0,RC266002_1,65.0,32324.44,RC266002,181.09,0.0,65.0,P,SimuProB-5,EV_110
444.496,0.0,75.96,0.0,1,4.422,1,57.86,4.44,0.0,-24.3,185.0,EV_110,0.0,1180,0.0,RC266002_1,65.0,32324.44,RC266002,181.09,0.0,65.0,P,SimuProB-5,EV_110
443.495,0.0,75.96,0.0,1,4.42,1,58.24,4.43,0.0,-21.9,185.0,EV_110,0.0,1190,0.0,RC266002_1,65.0,32324.44,RC266002,181.09,0.0,65.0,P,SimuProB-5,EV_110
442.481,0.0,75.96,0.0,1,4.418,1,58.63,4.428,0.0,-16.7,185.0,EV_110,0.0,1200,0.0,RC266002_1,65.0,32324.44,RC266002,181.09,0.0,65.0,P,SimuProB-5,EV_110
442.265,0.0,75.96,0.0,1,4.415,1,59.02,4.425,0.0,-14.2,185.0,EV_110,0.0,1210,0.0,RC266002_1,65.0,32324.44,RC266002,181.09,0.0,65.0,P,SimuProB-5,EV_110
440.989,0.0,75.96,0.0,1,4.412,1,59.43,4.422,0.0,-12.5,185.0,EV_110,0.0,1220,0.0,RC266002_1,65.0,32324.44,RC266002,181.09,0.0,65.0,P,SimuProB-5,EV_110
440.17,0.0,75.96,0.0,1,4.41,1,59.85,4.42,0.0,-13.0,185.0,EV_110,0.0,1230,0.0,RC266002_1,64.8,32324.44,RC266002,181.09,0.0,64.8,P,SimuProB-5,EV_110
440.55,0.0,75.96,0.0,1,4.411,1,60.28,4.421,0.0,-7.8,185.0,EV_110,0.0,1240,0.0,RC266002_1,64.7,32324.44,RC266002,181.09,0.0,64.7,P,SimuProB-5,EV_110
440.533,0.0,75.96,0.0,1,4.412,1,60.72,4.422,0.0,-9.9,185.0,EV_110,0.0,1250,0.0,RC266002_1,64.5,32324.44,RC266002,181.09,0.0,64.5,P,SimuProB-5,EV_110
441.024,0.0,75.96,0.0,1,4.413,1,61.17,4.423,0.0,-9.1,185.0,EV_110,0.0,1260,0.0,RC266002_1,64.3,32324.44,RC266002,181.09,0.0,64.3,P,SimuProB-5,EV_110
441.808,0.0,75.96,0.0,1,4.414,1,61.64,4.424,0.0,-9.5,185.0,EV_110,0.0,1270,0.0,RC266002_1,64.1,32324.44,RC266002,181.09,0.0,64.1,P,SimuProB-5,EV_110
441.742,0.0,75.96,0.0,1,4.415,1,62.14,4.425,0.0,-4.2,185.0,EV_110,0.0,0,0.0,RC266002_2,63.9,32324.44,RC266002,181.09,0.0,63.9,P,SimuProB-5,EV_110
441.753,0.0,75.96,0.0,1,4.417,1,62.64,4.427,0.0,-8.4,185.0,EV_110,0.0,10,0.0,RC266002_2,63.7,32324.44,RC266002,181.09,0.0,63.7,P,SimuProB-5,EV_110
442.027,0.0,75.96,0.0,1,4.419,1,63.14,4.429,0.0,-7.3,185.0,EV_110,0.0,20,0.0,RC266002_2,63.5,32324.44,RC266002,181.09,0.0,63.5,P,SimuProB-5,EV_110
442.033,0.0,75.96,0.0,1,4.421,1,63.64,4.431,0.0,-2.3,185.0,EV_110,0.0,30,0.0,RC266002_2,63.3,32324.44,RC266002,181.09,0.0,63.3,P,SimuProB-5,EV_110
442.305,0.0,75.96,0.0,1,4.423,1,64.14,4.433,0.0,-7.0,185.0,EV_110,0.0,40,0.0,RC266002_2,63.4,32324.44,RC266002,181.09,0.0,63.4,P,SimuProB-5,EV_110
441.951,0.0,75.96,0.0,1,4.424,1,64.64,4.434,0.0,-3.5,185.0,EV_110,0.0,50,0.0,RC266002_2,63.3,32324.44,RC266002,181.09,0.0,63.3,P,SimuProB-5,EV_110
441.591,0.0,75.96,0.0,1,4.425,1,65.16,4.435,0.0,-2.7,185.0,EV_110,0.0,60,0.0,RC266002_2,63.2,32324.44,RC266002,181.09,0.0,63.2,P,SimuProB-5,EV_110
441.06,0.0,75.96,0.0,1,4.426,1,65.67,4.436,0.0,-2.2,185.0,EV_110,0.0,70,0.0,RC266002_2,63.1,32324.44,RC266002,181.09,0.0,63.1,P,SimuProB-5,EV_110
440.842,0.0,75.96,0.0,1,4.427,1,66.16,4.437,0.0,-0.6,185.0,EV_110,0.0,80,0.0,RC266002_2,63.0,32324.44,RC266002,181.09,0.0,63.0,P,SimuProB-5,EV_110
440.498,0.0,75.96,0.0,1,4.428,1,66.66,4.438,0.0,-4.0,185.0,EV_110,0.0,90,0.0,RC266002_2,62.9,32324.44,RC266002,181.09,0.0,62.9,P,SimuProB-5,EV_110
440.673,0.0,75.96,0.0,1,4.429,1,67.17,4.439,0.0,-5.1,185.0,EV_110,0.0,100,0.0,RC266002_2,62.8,32324.44,RC266002,181.09,0.0,62.8,P,SimuProB-5,EV_110
440.273,0.0,75.96,0.0,1,4.43,1,67.69,4.44,0.0,-7.5,185.0,EV_110,0.0,110,0.0,RC266002_2,62.7,32324.44,RC266002,181.09,0.0,62.7,P,SimuProB-5,EV_110
439.964,0.0,75.96,0.0,1,4.431,1,68.19,4.441,0.0,-5.6,185.0,EV_110,0.0,120,0.0,RC266002_2,62.6,32324.44,RC266002,181.09,0.0,62.6,P,SimuProB-5,EV_110
440.395,0.0,75.96,0.0,1,4.432,1,68.72,4.442,0.0,-8.3,185.0,EV_110,0.0,130,0.0,RC266002_2,62.5,32324.44,RC266002,181.09,0.0,62.5,P,SimuProB-5,EV_110
440.791,0.0,75.96,0.0,1,4.433,1,69.23,4.443,0.0,-7.8,185.0,EV_110,0.0,140,0.0,RC266002_2,62.4,32324.44,RC266002,181.09,0.0,62.4,P,SimuProB-5,EV_110
440.396,0.0,75.96,0.0,1,4.434,1,69.76,4.444,0.0,-1.8,185.0,EV_110,0.0,150,0.0,RC266002_2,62.3,32324.44,RC266002,181.09,0.0,62.3,P,SimuProB-5,EV_110
440.724,0.0,75.96,0.0,1,4.4345,1,69.82,4.4445,0.0,-0.8,185.0,EV_110,0.0,160,0.0,RC266002_2,62.2,32324.44,RC266002,181.09,0.0,62.2,P,SimuProB-5,EV_110
441.168,0.0,75.96,0.0,1,4.435,1,69.88,4.445,0.0,1.0,185.0,EV_110,0.0,170,0.0,RC266002_2,62.1,32324.44,RC266002,181.09,0.0,62.1,P,SimuProB-5,EV_110
441.522,0.0,75.96,0.0,1,4.4355,1,69.92,4.4455,0.0,-2.7,185.0,EV_110,0.0,180,0.0,RC266002_2,62.0,32324.44,RC266002,181.09,0.0,62.0,P,SimuProB-5,EV_110
