car,charge_segment,mileage,gt_capacity,pred_capacity,error
EV_001,233.0,20556.26,32.560001373291016,33.91508102416992,1.3550796508789062
EV_001,234.0,20556.26,32.560001373291016,33.301414489746094,0.7414131164550781
EV_001,235.0,20556.26,32.560001373291016,33.82416534423828,1.2641639709472656
EV_001,238.0,20556.26,32.560001373291016,33.77720642089844,1.2172050476074219
EV_001,239.0,20556.26,32.560001373291016,33.088809967041016,0.52880859375
EV_001,240.0,20556.26,32.560001373291016,32.90319061279297,0.3431892395019531
EV_001,244.0,20556.26,32.560001373291016,33.91727828979492,1.3572769165039062
EV_001,245.0,20556.26,32.560001373291016,33.999595642089844,1.4395942687988281
EV_001,246.0,20556.26,32.560001373291016,32.80610656738281,0.24610519409179688
EV_001,248.0,20556.26,32.560001373291016,33.69042205810547,1.1304206848144531
EV_001,250.0,20556.26,32.560001373291016,32.74010467529297,0.18010330200195312
EV_001,251.0,20556.26,32.560001373291016,32.68757247924805,0.12757110595703125
EV_001,252.0,20556.26,32.560001373291016,32.55921173095703,-0.000789642333984375
EV_001,253.0,20556.26,32.560001373291016,33.071434020996094,0.5114326477050781
EV_001,256.0,20556.26,32.560001373291016,32.744422912597656,0.18442153930664062
EV_001,257.0,20556.26,32.560001373291016,32.4880256652832,-0.0719757080078125
EV_001,258.0,20556.26,32.560001373291016,32.631980895996094,0.07197952270507812
EV_001,259.0,20556.26,32.560001373291016,32.54525375366211,-0.01474761962890625
EV_001,260.0,20556.26,32.560001373291016,32.557743072509766,-0.00225830078125
EV_001,261.0,20556.26,32.560001373291016,32.69132995605469,0.13132858276367188
EV_001,263.0,20556.26,32.560001373291016,32.899810791015625,0.3398094177246094
EV_001,264.0,20556.26,32.560001373291016,32.59864807128906,0.038646697998046875
EV_001,266.0,20556.26,32.560001373291016,32.582618713378906,0.022617340087890625
EV_001,267.0,20556.26,32.560001373291016,34.34842300415039,1.788421630859375
EV_001,268.0,20556.26,32.560001373291016,33.39561080932617,0.8356094360351562
EV_001,276.0,20556.26,32.560001373291016,33.9256591796875,1.3656578063964844
EV_001,278.0,20556.26,32.560001373291016,33.033203125,0.4732017517089844
EV_001,279.0,20556.26,32.560001373291016,33.14447021484375,0.5844688415527344
EV_001,280.0,20556.26,32.560001373291016,32.58292007446289,0.022918701171875
EV_001,281.0,20556.26,32.560001373291016,32.61234664916992,0.05234527587890625
EV_001,282.0,20556.26,32.560001373291016,32.611087799072266,0.05108642578125
EV_001,283.0,20556.26,32.560001373291016,32.53900146484375,-0.020999908447265625
EV_001,284.0,20556.26,32.560001373291016,32.544464111328125,-0.015537261962890625
EV_001,287.0,20556.26,32.560001373291016,33.470890045166016,0.910888671875
EV_001,290.0,20556.26,32.560001373291016,33.207149505615234,0.6471481323242188
EV_001,291.0,20556.26,32.560001373291016,33.44874954223633,0.8887481689453125
EV_001,293.0,20556.26,32.560001373291016,32.628841400146484,0.06884002685546875
EV_001,295.0,20556.26,32.560001373291016,32.57354736328125,0.013545989990234375
EV_001,296.0,20556.26,32.560001373291016,32.52591323852539,-0.034088134765625
EV_001,297.0,20556.26,32.560001373291016,32.575435638427734,0.01543426513671875
EV_001,298.0,20556.26,32.560001373291016,32.772178649902344,0.21217727661132812
EV_001,300.0,20556.26,32.560001373291016,32.56857681274414,0.008575439453125
EV_001,301.0,20556.26,32.560001373291016,32.38727951049805,-0.17272186279296875
EV_001,302.0,20556.26,32.560001373291016,32.54769515991211,-0.01230621337890625
EV_001,303.0,20556.26,32.560001373291016,32.658626556396484,0.09862518310546875
EV_001,304.0,20556.26,32.560001373291016,32.757381439208984,0.19738006591796875
EV_001,305.0,20556.26,32.560001373291016,32.92888641357422,0.3688850402832031
EV_001,306.0,20556.26,32.560001373291016,32.81550598144531,0.2555046081542969
EV_001,311.0,20556.26,32.560001373291016,35.105751037597656,2.5457496643066406
EV_001,307.0,20556.26,32.560001373291016,33.85548400878906,1.2954826354980469
EV_001,308.0,20556.26,32.560001373291016,33.62629318237305,1.0662918090820312
EV_001,312.0,20556.26,32.560001373291016,34.89308547973633,2.3330841064453125
EV_001,313.0,20556.26,32.560001373291016,33.71333312988281,1.1533317565917969
EV_001,309.0,20556.26,32.560001373291016,33.53230667114258,0.9723052978515625
EV_001,310.0,20556.26,32.560001373291016,32.74974822998047,0.18974685668945312
EV_001,315.0,20556.26,32.560001373291016,32.54621505737305,-0.01378631591796875
EV_001,311.0,20556.26,32.560001373291016,32.55752944946289,-0.002471923828125
EV_001,312.0,20556.26,32.560001373291016,33.5782470703125,1.0182456970214844
EV_001,314.0,20556.26,32.560001373291016,32.72189712524414,0.161895751953125
EV_001,316.0,20556.26,32.560001373291016,32.44438552856445,-0.1156158447265625
EV_001,315.0,20556.26,32.560001373291016,34.650909423828125,2.0909080505371094
EV_001,317.0,20556.26,32.560001373291016,32.479557037353516,-0.0804443359375
EV_001,314.0,20556.26,32.560001373291016,34.02482986450195,1.4648284912109375
EV_001,318.0,20556.26,32.560001373291016,32.620826721191406,0.060825347900390625
EV_001,319.0,20556.26,32.560001373291016,32.58932113647461,0.02931976318359375
EV_001,315.0,20556.26,32.560001373291016,33.968482971191406,1.4084815979003906
EV_001,317.0,20556.26,32.560001373291016,33.10195541381836,0.5419540405273438
EV_001,320.0,20556.26,32.560001373291016,32.4985466003418,-0.06145477294921875
EV_001,316.0,20556.26,32.560001373291016,32.80521011352539,0.245208740234375
EV_001,318.0,20556.26,32.560001373291016,33.80872344970703,1.2487220764160156
EV_001,321.0,20556.26,32.560001373291016,33.82036209106445,1.2603607177734375
EV_001,317.0,20556.26,32.560001373291016,32.723060607910156,0.16305923461914062
EV_001,322.0,20556.26,32.560001373291016,32.66898727416992,0.10898590087890625
EV_001,323.0,20556.26,32.560001373291016,32.56595230102539,0.005950927734375
EV_001,319.0,20556.26,32.560001373291016,33.28370666503906,0.7237052917480469
EV_001,320.0,20556.26,32.560001373291016,33.07445526123047,0.5144538879394531
EV_001,324.0,20556.26,32.560001373291016,32.53902816772461,-0.02097320556640625
EV_001,321.0,20556.26,32.560001373291016,32.884376525878906,0.3243751525878906
EV_001,320.0,20556.26,32.560001373291016,33.130859375,0.5708580017089844
EV_001,322.0,20556.26,32.560001373291016,34.60203170776367,2.0420303344726562
EV_001,325.0,20556.26,32.560001373291016,32.53889465332031,-0.021106719970703125
EV_001,321.0,20556.26,32.560001373291016,33.338321685791016,0.7783203125
EV_001,323.0,20556.26,32.560001373291016,34.075828552246094,1.5158271789550781
EV_001,326.0,20556.26,32.560001373291016,32.6020622253418,0.04206085205078125
EV_001,324.0,20556.26,32.560001373291016,34.299346923828125,1.7393455505371094
EV_001,327.0,20556.26,32.560001373291016,32.7851448059082,0.2251434326171875
EV_001,323.0,20556.26,32.560001373291016,32.746131896972656,0.18613052368164062
EV_001,325.0,20556.26,32.560001373291016,34.86165237426758,2.3016510009765625
EV_001,326.0,20556.26,32.560001373291016,34.4561882019043,1.8961868286132812
EV_001,327.0,20556.26,32.560001373291016,34.365020751953125,1.8050193786621094
EV_001,329.0,20556.26,32.560001373291016,33.214202880859375,0.6542015075683594
EV_001,328.0,20556.26,32.560001373291016,33.94914245605469,1.3891410827636719
EV_001,330.0,20556.26,32.560001373291016,33.24700164794922,0.6870002746582031
EV_001,325.0,20556.26,32.560001373291016,32.65248489379883,0.0924835205078125
EV_001,331.0,20556.26,32.560001373291016,34.24285888671875,1.6828575134277344
EV_001,326.0,20556.26,32.560001373291016,33.102848052978516,0.5428466796875
EV_001,332.0,20556.26,32.560001373291016,34.72390365600586,2.1639022827148438
EV_001,327.0,20556.26,32.560001373291016,34.08063507080078,1.5206336975097656
EV_001,330.0,20556.26,32.560001373291016,33.64555740356445,1.0855560302734375
EV_001,333.0,20556.26,32.560001373291016,32.50680923461914,-0.053192138671875
EV_001,328.0,20556.26,32.560001373291016,34.842994689941406,2.2829933166503906
EV_001,331.0,20556.26,32.560001373291016,34.17680740356445,1.6168060302734375
EV_001,334.0,20556.26,32.560001373291016,32.51914978027344,-0.040851593017578125
EV_001,329.0,20556.26,32.560001373291016,35.444664001464844,2.884662628173828
EV_001,332.0,20556.26,32.560001373291016,33.87889862060547,1.3188972473144531
EV_001,335.0,20556.26,32.560001373291016,32.60108947753906,0.041088104248046875
EV_001,330.0,20556.26,32.560001373291016,33.179283142089844,0.6192817687988281
EV_001,336.0,20556.26,32.560001373291016,33.648033142089844,1.0880317687988281
EV_001,331.0,20556.26,32.560001373291016,32.95503616333008,0.3950347900390625
EV_001,334.0,20556.26,32.560001373291016,32.51693344116211,-0.04306793212890625
EV_001,332.0,20556.26,32.560001373291016,32.535301208496094,-0.024700164794921875
EV_001,335.0,20556.26,32.560001373291016,32.76116943359375,0.20116806030273438
EV_001,333.0,20556.26,32.560001373291016,32.733116149902344,0.17311477661132812
EV_001,336.0,20556.26,32.560001373291016,33.840030670166016,1.280029296875
EV_001,334.0,20556.26,32.560001373291016,32.652408599853516,0.0924072265625
EV_001,337.0,20556.26,32.560001373291016,33.686302185058594,1.1263008117675781
EV_001,339.0,20556.26,32.560001373291016,32.47465896606445,-0.0853424072265625
EV_001,335.0,20556.26,32.560001373291016,32.63204574584961,0.07204437255859375
EV_001,338.0,20556.26,32.560001373291016,33.340675354003906,0.7806739807128906
EV_001,340.0,20556.26,32.560001373291016,32.6984748840332,0.1384735107421875
EV_001,341.0,20556.26,32.560001373291016,32.79848861694336,0.23848724365234375
EV_001,339.0,20556.26,32.560001373291016,34.256309509277344,1.6963081359863281
EV_001,337.0,20556.26,32.560001373291016,32.67877960205078,0.11877822875976562
EV_001,340.0,20556.26,32.560001373291016,33.855072021484375,1.2950706481933594
EV_001,341.0,20556.26,32.560001373291016,34.285888671875,1.7258872985839844
EV_001,342.0,20556.26,32.560001373291016,32.53742980957031,-0.022571563720703125
EV_001,343.0,20556.26,32.560001373291016,32.48999786376953,-0.07000350952148438
EV_001,344.0,20556.26,32.560001373291016,33.72951889038086,1.1695175170898438
EV_001,344.0,20556.26,32.560001373291016,32.6851692199707,0.1251678466796875
EV_001,341.0,20556.26,32.560001373291016,32.71345901489258,0.1534576416015625
EV_001,342.0,20556.26,32.560001373291016,34.912010192871094,2.352008819580078
EV_001,344.0,20556.26,32.560001373291016,32.65688705444336,0.09688568115234375
EV_001,345.0,20556.26,32.560001373291016,32.58600616455078,0.026004791259765625
EV_001,346.0,20556.26,32.560001373291016,32.977073669433594,0.4170722961425781
EV_001,347.0,20556.26,32.560001373291016,32.6913948059082,0.1313934326171875
EV_001,348.0,20556.26,32.560001373291016,32.456787109375,-0.10321426391601562
EV_001,349.0,20556.26,32.560001373291016,32.585472106933594,0.025470733642578125
EV_001,350.0,20556.26,32.560001373291016,33.738189697265625,1.1781883239746094
EV_001,351.0,20556.26,32.560001373291016,33.890750885009766,1.33074951171875
EV_001,352.0,20556.26,32.560001373291016,32.479793548583984,-0.08020782470703125
EV_001,353.0,20556.26,32.560001373291016,32.77045440673828,0.21045303344726562
EV_001,354.0,20556.26,32.560001373291016,33.66241455078125,1.1024131774902344
EV_001,355.0,20556.26,32.560001373291016,33.61567687988281,1.0556755065917969
EV_001,356.0,20556.26,32.560001373291016,33.30620193481445,0.7462005615234375
EV_001,357.0,20556.26,32.560001373291016,33.52325439453125,0.9632530212402344
EV_001,359.0,20556.26,32.560001373291016,32.76966857910156,0.20966720581054688
EV_001,360.0,20556.26,32.560001373291016,32.61940002441406,0.059398651123046875
EV_001,361.0,20556.26,32.560001373291016,32.515174865722656,-0.044826507568359375
EV_001,363.0,20556.26,32.560001373291016,32.81509017944336,0.25508880615234375
EV_001,364.0,20556.26,32.560001373291016,32.8702392578125,0.3102378845214844
EV_001,365.0,20556.26,32.560001373291016,32.79265213012695,0.2326507568359375
EV_001,366.0,20556.26,32.560001373291016,32.874755859375,0.3147544860839844
EV_001,367.0,20556.26,32.560001373291016,32.71400451660156,0.15400314331054688
EV_001,368.0,20556.26,32.560001373291016,32.87444305419922,0.3144416809082031
EV_001,370.0,20556.26,32.560001373291016,32.7296257019043,0.16962432861328125
EV_001,371.0,20556.26,32.560001373291016,32.77093505859375,0.21093368530273438
EV_001,372.0,20556.26,32.560001373291016,32.71878433227539,0.158782958984375
EV_001,373.0,20556.26,32.560001373291016,32.81009292602539,0.250091552734375
EV_001,374.0,20556.26,32.560001373291016,32.89168930053711,0.33168792724609375
EV_001,375.0,20556.26,32.560001373291016,32.99821472167969,0.4382133483886719
EV_001,376.0,20556.26,32.560001373291016,32.877288818359375,0.3172874450683594
EV_001,377.0,20556.26,32.560001373291016,32.753902435302734,0.19390106201171875
EV_001,378.0,20556.26,32.560001373291016,32.82109451293945,0.2610931396484375
EV_001,379.0,20556.26,32.560001373291016,32.77804183959961,0.21804046630859375
EV_001,380.0,20556.26,32.560001373291016,32.77561569213867,0.21561431884765625
EV_001,382.0,20556.26,32.560001373291016,32.67537307739258,0.1153717041015625
EV_001,384.0,20556.26,32.560001373291016,32.899818420410156,0.3398170471191406
EV_001,385.0,20556.26,32.560001373291016,32.74371337890625,0.18371200561523438
EV_001,386.0,20556.26,32.560001373291016,32.712886810302734,0.15288543701171875
EV_001,387.0,20556.26,32.560001373291016,32.82176208496094,0.2617607116699219
EV_001,388.0,20556.26,32.560001373291016,32.82627487182617,0.26627349853515625
EV_001,389.0,20556.26,32.560001373291016,32.68693542480469,0.12693405151367188
EV_001,391.0,20556.26,32.560001373291016,33.32378005981445,0.7637786865234375
EV_001,392.0,20556.26,32.560001373291016,33.878665924072266,1.31866455078125
EV_001,399.0,20556.26,32.560001373291016,32.76716232299805,0.20716094970703125
EV_001,400.0,20556.26,32.560001373291016,32.89826583862305,0.33826446533203125
EV_001,396.0,20556.26,32.560001373291016,33.45884323120117,0.8988418579101562
EV_001,401.0,20556.26,32.560001373291016,33.313350677490234,0.7533493041992188
EV_001,400.0,20556.26,32.560001373291016,32.60991668701172,0.049915313720703125
EV_001,397.0,20556.26,32.560001373291016,33.73115921020508,1.1711578369140625
EV_001,401.0,20556.26,32.560001373291016,32.848567962646484,0.28856658935546875
EV_001,402.0,20556.26,32.560001373291016,32.536476135253906,-0.023525238037109375
EV_001,403.0,20556.26,32.560001373291016,33.15824890136719,0.5982475280761719
EV_001,404.0,20556.26,32.560001373291016,33.88441848754883,1.3244171142578125
EV_001,399.0,20556.26,32.560001373291016,32.57979202270508,0.0197906494140625
EV_001,403.0,20556.26,32.560001373291016,32.68345642089844,0.12345504760742188
EV_001,400.0,20556.26,32.560001373291016,32.42789840698242,-0.13210296630859375
EV_001,404.0,20556.26,32.560001373291016,32.65409851074219,0.09409713745117188
EV_001,405.0,20556.26,32.560001373291016,32.78205108642578,0.22204971313476562
EV_001,401.0,20556.26,32.560001373291016,34.35301208496094,1.7930107116699219
EV_001,405.0,20556.26,32.560001373291016,32.66866683959961,0.10866546630859375
EV_001,406.0,20556.26,32.560001373291016,32.654788970947266,0.09478759765625
EV_001,407.0,20556.26,32.560001373291016,32.54302978515625,-0.016971588134765625
EV_001,402.0,20556.26,32.560001373291016,33.9371452331543,1.3771438598632812
EV_001,406.0,20556.26,32.560001373291016,32.709014892578125,0.14901351928710938
EV_001,403.0,20556.26,32.560001373291016,34.44580078125,1.8857994079589844
EV_001,407.0,20556.26,32.560001373291016,32.79081344604492,0.23081207275390625
EV_001,408.0,20556.26,32.560001373291016,32.62279510498047,0.06279373168945312
EV_001,404.0,20556.26,32.560001373291016,33.93156814575195,1.3715667724609375
EV_001,408.0,20556.26,32.560001373291016,32.67746353149414,0.117462158203125
EV_001,409.0,20556.26,32.560001373291016,32.590267181396484,0.03026580810546875
EV_001,410.0,20556.26,32.560001373291016,33.475948333740234,0.9159469604492188
EV_001,405.0,20556.26,32.560001373291016,32.6243896484375,0.06438827514648438
EV_001,406.0,20556.26,32.560001373291016,32.59568786621094,0.035686492919921875
EV_001,411.0,20556.26,32.560001373291016,32.65471267700195,0.0947113037109375
EV_001,407.0,20556.26,32.560001373291016,32.69646072387695,0.1364593505859375
EV_001,410.0,20556.26,32.560001373291016,32.83386993408203,0.2738685607910156
EV_001,412.0,20556.26,32.560001373291016,32.802024841308594,0.24202346801757812
EV_001,411.0,20556.26,32.560001373291016,32.75571823120117,0.19571685791015625
EV_001,413.0,20556.26,32.560001373291016,32.56364822387695,0.0036468505859375
EV_001,408.0,20556.26,32.560001373291016,32.670257568359375,0.11025619506835938
EV_001,412.0,20556.26,32.560001373291016,34.24680709838867,1.6868057250976562
EV_001,414.0,20556.26,32.560001373291016,32.56644058227539,0.006439208984375
EV_001,413.0,20556.26,32.560001373291016,34.623619079589844,2.063617706298828
EV_001,415.0,20556.26,32.560001373291016,32.563507080078125,0.003505706787109375
EV_001,410.0,20556.26,32.560001373291016,32.54927062988281,-0.010730743408203125
EV_001,414.0,20556.26,32.560001373291016,33.663551330566406,1.1035499572753906
EV_001,416.0,20556.26,32.560001373291016,32.7730827331543,0.21308135986328125
EV_001,411.0,20556.26,32.560001373291016,32.68367004394531,0.12366867065429688
EV_001,415.0,20556.26,32.560001373291016,33.7634162902832,1.2034149169921875
EV_001,417.0,20556.26,32.560001373291016,32.52680206298828,-0.033199310302734375
EV_001,412.0,20556.26,32.560001373291016,32.515472412109375,-0.044528961181640625
EV_001,418.0,20556.26,32.560001373291016,32.861328125,0.3013267517089844
EV_001,413.0,20556.26,32.560001373291016,33.26000213623047,0.7000007629394531
EV_001,414.0,20556.26,32.560001373291016,34.82067108154297,2.260669708251953
EV_001,415.0,20556.26,32.560001373291016,32.884033203125,0.3240318298339844
EV_001,418.0,20556.26,32.560001373291016,32.63241195678711,0.07241058349609375
EV_001,420.0,20556.26,32.560001373291016,32.71266555786133,0.1526641845703125
EV_001,421.0,20556.26,32.560001373291016,32.547367095947266,-0.01263427734375
EV_001,416.0,20556.26,32.560001373291016,32.59354019165039,0.033538818359375
EV_001,417.0,20556.26,32.560001373291016,32.5672607421875,0.007259368896484375
EV_001,422.0,20556.26,32.560001373291016,32.75353240966797,0.19353103637695312
EV_001,418.0,20556.26,32.560001373291016,32.56088638305664,0.000885009765625
EV_001,420.0,20556.26,32.560001373291016,32.833927154541016,0.27392578125
EV_001,423.0,20556.26,32.560001373291016,32.78305435180664,0.223052978515625
EV_001,421.0,20556.26,32.560001373291016,35.08345413208008,2.5234527587890625
EV_001,419.0,20556.26,32.560001373291016,32.5977897644043,0.03778839111328125
EV_001,422.0,20556.26,32.560001373291016,35.175289154052734,2.6152877807617188
EV_001,420.0,20556.26,32.560001373291016,32.66954803466797,0.10954666137695312
EV_001,421.0,20556.26,32.560001373291016,33.088661193847656,0.5286598205566406
EV_001,423.0,20556.26,32.560001373291016,35.14714431762695,2.5871429443359375
EV_001,424.0,20556.26,32.560001373291016,35.185306549072266,2.62530517578125
EV_001,423.0,20556.26,32.560001373291016,33.849552154541016,1.28955078125
EV_001,426.0,20556.26,32.560001373291016,34.95411682128906,2.394115447998047
EV_001,424.0,20556.26,32.560001373291016,33.40999984741211,0.8499984741210938
EV_001,428.0,20556.26,32.560001373291016,32.786216735839844,0.22621536254882812
EV_001,425.0,20556.26,32.560001373291016,33.01350402832031,0.4535026550292969
EV_001,429.0,20556.26,32.560001373291016,32.87123107910156,0.3112297058105469
EV_001,426.0,20556.26,32.560001373291016,33.570594787597656,1.0105934143066406
EV_001,430.0,20556.26,32.560001373291016,32.68015670776367,0.12015533447265625
EV_001,428.0,20556.26,32.560001373291016,35.21189880371094,2.651897430419922
EV_001,427.0,20556.26,32.560001373291016,33.039424896240234,0.47942352294921875
EV_001,431.0,20556.26,32.560001373291016,32.764312744140625,0.20431137084960938
EV_001,428.0,20556.26,32.560001373291016,33.24250793457031,0.6825065612792969
EV_001,432.0,20556.26,32.560001373291016,32.90968322753906,0.3496818542480469
EV_001,429.0,20556.26,32.560001373291016,32.55970001220703,-0.000301361083984375
EV_001,433.0,20556.26,32.560001373291016,32.77668762207031,0.21668624877929688
EV_001,430.0,20556.26,32.560001373291016,32.774635314941406,0.21463394165039062
EV_001,431.0,20556.26,32.560001373291016,33.253692626953125,0.6936912536621094
EV_001,434.0,20556.26,32.560001373291016,32.75395584106445,0.1939544677734375
EV_001,432.0,20556.26,32.560001373291016,33.35363006591797,0.7936286926269531
EV_001,435.0,20556.26,32.560001373291016,32.82462692260742,0.26462554931640625
EV_001,436.0,20556.26,32.560001373291016,32.66427993774414,0.104278564453125
EV_001,432.0,20556.26,32.560001373291016,32.61429214477539,0.054290771484375
EV_001,434.0,20556.26,32.560001373291016,32.549495697021484,-0.01050567626953125
EV_001,437.0,20556.26,32.560001373291016,32.80011749267578,0.24011611938476562
EV_001,434.0,20556.26,32.560001373291016,33.36384963989258,0.8038482666015625
EV_001,435.0,20556.26,32.560001373291016,32.55889129638672,-0.001110076904296875
EV_001,436.0,20556.26,32.560001373291016,32.509769439697266,-0.05023193359375
EV_001,439.0,20556.26,32.560001373291016,35.27445602416992,2.7144546508789062
EV_001,437.0,20556.26,32.560001373291016,33.72372055053711,1.1637191772460938
EV_001,440.0,20556.26,32.560001373291016,34.409698486328125,1.8496971130371094
EV_001,438.0,20556.26,32.560001373291016,34.27033996582031,1.7103385925292969
EV_001,441.0,20556.26,32.560001373291016,33.6313362121582,1.0713348388671875
EV_001,437.0,20556.26,32.560001373291016,34.5098876953125,1.9498863220214844
EV_001,439.0,20556.26,32.560001373291016,34.223297119140625,1.6632957458496094
EV_001,442.0,20556.26,32.560001373291016,34.09081268310547,1.5308113098144531
EV_001,438.0,20556.26,32.560001373291016,34.40653610229492,1.8465347290039062
EV_001,440.0,20556.26,32.560001373291016,34.7380256652832,2.1780242919921875
EV_001,443.0,20556.26,32.560001373291016,34.2513427734375,1.6913414001464844
EV_001,439.0,20556.26,32.560001373291016,34.22797775268555,1.6679763793945312
EV_001,441.0,20556.26,32.560001373291016,32.545047760009766,-0.01495361328125
EV_001,444.0,20556.26,32.560001373291016,34.0709228515625,1.5109214782714844
EV_001,440.0,20556.26,32.560001373291016,33.997833251953125,1.4378318786621094
EV_001,442.0,20556.26,32.560001373291016,32.55345916748047,-0.006542205810546875
EV_001,445.0,20556.26,32.560001373291016,34.36848831176758,1.8084869384765625
EV_001,441.0,20556.26,32.560001373291016,32.517005920410156,-0.042995452880859375
EV_001,443.0,20556.26,32.560001373291016,33.838382720947266,1.27838134765625
EV_001,446.0,20556.26,32.560001373291016,33.18613052368164,0.626129150390625
EV_001,442.0,20556.26,32.560001373291016,33.123199462890625,0.5631980895996094
EV_001,444.0,20556.26,32.560001373291016,33.65434265136719,1.0943412780761719
EV_001,447.0,20556.26,32.560001373291016,33.327476501464844,0.7674751281738281
EV_001,449.0,20556.26,32.560001373291016,32.5257453918457,-0.0342559814453125
EV_001,444.0,20556.26,32.560001373291016,33.805538177490234,1.2455368041992188
EV_001,446.0,20556.26,32.560001373291016,33.76405715942383,1.2040557861328125
EV_001,450.0,20556.26,32.560001373291016,32.445823669433594,-0.11417770385742188
EV_001,451.0,20556.26,32.560001373291016,32.443321228027344,-0.11668014526367188
EV_001,452.0,20556.26,32.560001373291016,34.32286834716797,1.7628669738769531
EV_001,449.0,20556.26,32.560001373291016,32.54479217529297,-0.015209197998046875
EV_001,447.0,20556.26,32.560001373291016,34.281585693359375,1.7215843200683594
EV_001,453.0,20556.26,32.560001373291016,34.16749572753906,1.6074943542480469
EV_001,448.0,20556.26,32.560001373291016,33.61817169189453,1.0581703186035156
EV_001,450.0,20556.26,32.560001373291016,33.59781265258789,1.037811279296875
EV_001,454.0,20556.26,32.560001373291016,33.97499465942383,1.4149932861328125
EV_001,451.0,20556.26,32.560001373291016,34.1137580871582,1.5537567138671875
EV_001,455.0,20556.26,32.560001373291016,34.758323669433594,2.198322296142578
EV_001,452.0,20556.26,32.560001373291016,34.266395568847656,1.7063941955566406
EV_001,450.0,20556.26,32.560001373291016,32.60826873779297,0.048267364501953125
EV_001,456.0,20556.26,32.560001373291016,33.85447692871094,1.2944755554199219
EV_001,453.0,20556.26,32.560001373291016,35.026222229003906,2.4662208557128906
EV_001,457.0,20556.26,32.560001373291016,33.42205047607422,0.8620491027832031
EV_001,451.0,20556.26,32.560001373291016,32.67571258544922,0.11571121215820312
EV_001,454.0,20556.26,32.560001373291016,35.13327407836914,2.573272705078125
EV_001,458.0,20556.26,32.560001373291016,33.4597053527832,0.8997039794921875
EV_001,452.0,20556.26,32.560001373291016,32.70769500732422,0.14769363403320312
EV_001,453.0,20556.26,32.560001373291016,32.856868743896484,0.29686737060546875
EV_001,459.0,20556.26,32.560001373291016,33.648311614990234,1.0883102416992188
EV_001,454.0,20556.26,32.560001373291016,32.75666427612305,0.19666290283203125
EV_001,456.0,20556.26,32.560001373291016,34.98056411743164,2.420562744140625
EV_001,455.0,20556.26,32.560001373291016,32.9589958190918,0.39899444580078125
EV_001,457.0,20556.26,32.560001373291016,34.92896270751953,2.3689613342285156
EV_001,461.0,20556.26,32.560001373291016,32.495948791503906,-0.06405258178710938
EV_001,456.0,20556.26,32.560001373291016,32.843780517578125,0.2837791442871094
EV_001,458.0,20556.26,32.560001373291016,35.11417770385742,2.5541763305664062
EV_001,462.0,20556.26,32.560001373291016,32.585914611816406,0.025913238525390625
EV_001,457.0,20556.26,32.560001373291016,32.77030944824219,0.21030807495117188
EV_001,459.0,20556.26,32.560001373291016,35.24381637573242,2.6838150024414062
EV_001,463.0,20556.26,32.560001373291016,33.81563949584961,1.2556381225585938
EV_001,460.0,20556.26,32.560001373291016,35.31950378417969,2.759502410888672
EV_001,464.0,20556.26,32.560001373291016,34.3861083984375,1.8261070251464844
EV_001,461.0,20556.26,32.560001373291016,35.44721984863281,2.887218475341797
EV_001,465.0,20556.26,32.560001373291016,33.54153060913086,0.9815292358398438
EV_001,459.0,20556.26,32.560001373291016,32.746299743652344,0.18629837036132812
EV_001,462.0,20556.26,32.560001373291016,35.35163879394531,2.791637420654297
EV_001,466.0,20556.26,32.560001373291016,33.29364776611328,0.7336463928222656
EV_001,463.0,20556.26,32.560001373291016,34.752017974853516,2.1920166015625
EV_001,467.0,20556.26,32.560001373291016,32.7183952331543,0.15839385986328125
EV_001,461.0,20556.26,32.560001373291016,35.00128173828125,2.4412803649902344
EV_001,464.0,20556.26,32.560001373291016,33.180572509765625,0.6205711364746094
EV_001,468.0,20556.26,32.560001373291016,32.57090759277344,0.010906219482421875
EV_001,462.0,20556.26,32.560001373291016,35.03043746948242,2.4704360961914062
EV_001,465.0,20556.26,32.560001373291016,33.276329040527344,0.7163276672363281
EV_001,469.0,20556.26,32.560001373291016,32.634464263916016,0.074462890625
EV_001,463.0,20556.26,32.560001373291016,35.31452560424805,2.7545242309570312
EV_001,466.0,20556.26,32.560001373291016,32.54715347290039,-0.012847900390625
EV_001,470.0,20556.26,32.560001373291016,32.846954345703125,0.2869529724121094
EV_001,467.0,20556.26,32.560001373291016,32.61178970336914,0.051788330078125
EV_001,468.0,20556.26,32.560001373291016,32.711875915527344,0.15187454223632812
EV_001,465.0,20556.26,32.560001373291016,32.6224365234375,0.062435150146484375
EV_001,472.0,20556.26,32.560001373291016,33.33502960205078,0.7750282287597656
EV_001,466.0,20556.26,32.560001373291016,32.45656204223633,-0.1034393310546875
EV_001,473.0,20556.26,32.560001373291016,33.08626937866211,0.5262680053710938
EV_001,467.0,20556.26,32.560001373291016,32.52463150024414,-0.035369873046875
EV_001,470.0,20556.26,32.560001373291016,32.636409759521484,0.07640838623046875
EV_001,474.0,20556.26,32.560001373291016,34.164424896240234,1.6044235229492188
EV_001,468.0,20556.26,32.560001373291016,32.53976821899414,-0.020233154296875
EV_001,475.0,20556.26,32.560001373291016,34.634029388427734,2.0740280151367188
EV_001,469.0,20556.26,32.560001373291016,32.558135986328125,-0.001865386962890625
EV_001,476.0,20556.26,32.560001373291016,33.679954528808594,1.1199531555175781
EV_001,470.0,20556.26,32.560001373291016,32.63142013549805,0.07141876220703125
EV_001,472.0,20556.26,32.560001373291016,32.64550018310547,0.08549880981445312
EV_001,477.0,20556.26,32.560001373291016,34.17369842529297,1.6136970520019531
EV_001,471.0,20556.26,32.560001373291016,32.72947311401367,0.16947174072265625
EV_001,473.0,20556.26,32.560001373291016,33.28293228149414,0.722930908203125
EV_001,478.0,20556.26,32.560001373291016,33.5777587890625,1.0177574157714844
EV_001,472.0,20556.26,32.560001373291016,32.6308708190918,0.07086944580078125
EV_001,479.0,20556.26,32.560001373291016,33.70453643798828,1.1445350646972656
EV_001,474.0,20556.26,32.560001373291016,33.165130615234375,0.6051292419433594
EV_001,480.0,20556.26,32.560001373291016,33.13116455078125,0.5711631774902344
EV_001,473.0,20556.26,32.560001373291016,32.75900650024414,0.199005126953125
EV_001,475.0,20556.26,32.560001373291016,32.774784088134766,0.21478271484375
EV_001,474.0,20556.26,32.560001373291016,32.669647216796875,0.10964584350585938
EV_001,475.0,20556.26,32.560001373291016,32.86411666870117,0.30411529541015625
EV_001,477.0,20556.26,32.560001373291016,32.460025787353516,-0.0999755859375
EV_001,482.0,20556.26,32.560001373291016,32.60538101196289,0.045379638671875
EV_001,476.0,20556.26,32.560001373291016,34.233795166015625,1.6737937927246094
EV_001,478.0,20556.26,32.560001373291016,32.44462585449219,-0.11537551879882812
EV_001,483.0,20556.26,32.560001373291016,32.57532501220703,0.015323638916015625
EV_001,479.0,20556.26,32.560001373291016,33.79266357421875,1.2326622009277344
EV_001,484.0,20556.26,32.560001373291016,32.66010284423828,0.10010147094726562
EV_001,478.0,20556.26,32.560001373291016,32.70923614501953,0.14923477172851562
EV_001,480.0,20556.26,32.560001373291016,32.638526916503906,0.07852554321289062
EV_001,485.0,20556.26,32.560001373291016,32.722923278808594,0.16292190551757812
EV_001,479.0,20556.26,32.560001373291016,32.84843444824219,0.2884330749511719
EV_001,481.0,20556.26,32.560001373291016,32.53498840332031,-0.025012969970703125
EV_001,480.0,20556.26,32.560001373291016,32.8476676940918,0.28766632080078125
EV_001,486.0,20556.26,32.560001373291016,32.624122619628906,0.06412124633789062
EV_001,487.0,20556.26,32.560001373291016,32.67372512817383,0.1137237548828125
EV_001,481.0,20556.26,32.560001373291016,32.95965576171875,0.3996543884277344
EV_001,488.0,20556.26,32.560001373291016,32.774654388427734,0.21465301513671875
EV_001,482.0,20556.26,32.560001373291016,34.16755676269531,1.6075553894042969
EV_001,483.0,20556.26,32.560001373291016,33.3158073425293,0.7558059692382812
EV_001,484.0,20556.26,32.560001373291016,33.20478057861328,0.6447792053222656
EV_001,489.0,20556.26,32.560001373291016,33.461246490478516,0.9012451171875
EV_001,485.0,20556.26,32.560001373291016,33.74018478393555,1.1801834106445312
EV_001,490.0,20556.26,32.560001373291016,33.31046676635742,0.7504653930664062
EV_001,484.0,20556.26,32.560001373291016,32.84111404418945,0.2811126708984375
EV_001,485.0,20556.26,32.560001373291016,32.67952346801758,0.1195220947265625
EV_001,493.0,20556.26,32.560001373291016,32.78599548339844,0.22599411010742188
EV_001,494.0,20556.26,32.560001373291016,32.89598846435547,0.3359870910644531
EV_001,495.0,20556.26,32.560001373291016,32.815670013427734,0.25566864013671875
EV_001,496.0,20556.26,32.560001373291016,32.6993408203125,0.13933944702148438
EV_001,498.0,20556.26,32.560001373291016,32.79561233520508,0.2356109619140625
EV_001,494.0,20556.26,32.560001373291016,33.515254974365234,0.9552536010742188
EV_001,495.0,20556.26,32.560001373291016,33.09176254272461,0.5317611694335938
EV_001,499.0,20556.26,32.560001373291016,32.73802947998047,0.17802810668945312
EV_001,494.0,20556.26,32.560001373291016,32.90608596801758,0.3460845947265625
EV_001,500.0,20556.26,32.560001373291016,32.79792404174805,0.23792266845703125
EV_001,495.0,20556.26,32.560001373291016,32.71304702758789,0.153045654296875
EV_001,501.0,20556.26,32.560001373291016,33.033470153808594,0.4734687805175781
EV_001,502.0,20556.26,32.560001373291016,32.9704704284668,0.41046905517578125
EV_001,503.0,20556.26,32.560001373291016,32.777732849121094,0.21773147583007812
EV_001,499.0,20556.26,32.560001373291016,33.59028625488281,1.0302848815917969
EV_001,504.0,20556.26,32.560001373291016,32.875892639160156,0.3158912658691406
EV_001,499.0,20556.26,32.560001373291016,33.800960540771484,1.2409591674804688
EV_001,505.0,20556.26,32.560001373291016,32.64865493774414,0.088653564453125
EV_001,507.0,20556.26,32.560001373291016,32.77091979980469,0.21091842651367188
EV_001,508.0,20556.26,32.560001373291016,32.914794921875,0.3547935485839844
EV_001,509.0,20556.26,32.560001373291016,32.71738052368164,0.157379150390625
EV_001,510.0,20556.26,32.560001373291016,32.86219024658203,0.3021888732910156
EV_001,515.0,20556.26,32.560001373291016,35.079566955566406,2.5195655822753906
EV_001,513.0,20556.26,32.560001373291016,32.54924011230469,-0.010761260986328125
EV_001,516.0,20556.26,32.560001373291016,35.13966369628906,2.579662322998047
EV_001,517.0,20556.26,32.560001373291016,34.8447380065918,2.2847366333007812
EV_001,518.0,20556.26,32.560001373291016,34.750492095947266,2.19049072265625
EV_001,517.0,20556.26,32.560001373291016,32.51604461669922,-0.043956756591796875
EV_001,520.0,20556.26,32.560001373291016,32.620941162109375,0.060939788818359375
EV_001,518.0,20556.26,32.560001373291016,32.66279602050781,0.10279464721679688
EV_001,517.0,20556.26,32.560001373291016,32.53400802612305,-0.02599334716796875
EV_001,519.0,20556.26,32.560001373291016,33.95928192138672,1.3992805480957031
EV_001,522.0,20556.26,32.560001373291016,33.61091232299805,1.0509109497070312
EV_001,518.0,20556.26,32.560001373291016,32.54773712158203,-0.012264251708984375
EV_001,520.0,20556.26,32.560001373291016,33.822540283203125,1.2625389099121094
EV_001,523.0,20556.26,32.560001373291016,33.51509094238281,0.9550895690917969
EV_001,519.0,20556.26,32.560001373291016,32.68160629272461,0.12160491943359375
EV_001,521.0,20556.26,32.560001373291016,33.51089096069336,0.9508895874023438
EV_001,524.0,20556.26,32.560001373291016,32.61955261230469,0.059551239013671875
EV_001,520.0,20556.26,32.560001373291016,34.00193405151367,1.4419326782226562
EV_001,522.0,20556.26,32.560001373291016,32.757320404052734,0.19731903076171875
EV_001,521.0,20556.26,32.560001373291016,34.754371643066406,2.1943702697753906
EV_001,523.0,20556.26,32.560001373291016,33.11650848388672,0.5565071105957031
EV_001,526.0,20556.26,32.560001373291016,33.90324783325195,1.3432464599609375
EV_001,522.0,20556.26,32.560001373291016,33.60758590698242,1.0475845336914062
EV_001,524.0,20556.26,32.560001373291016,33.05384826660156,0.4938468933105469
EV_001,523.0,20556.26,32.560001373291016,32.96810531616211,0.40810394287109375
EV_001,524.0,20556.26,32.560001373291016,32.77940368652344,0.21940231323242188
EV_001,526.0,20556.26,32.560001373291016,33.63623046875,1.0762290954589844
EV_001,528.0,20556.26,32.560001373291016,32.61800003051758,0.0579986572265625
EV_001,525.0,20556.26,32.560001373291016,32.631935119628906,0.07193374633789062
EV_001,529.0,20556.26,32.560001373291016,33.364166259765625,0.8041648864746094
EV_001,526.0,20556.26,32.560001373291016,33.5278205871582,0.9678192138671875
EV_001,530.0,20556.26,32.560001373291016,33.629425048828125,1.0694236755371094
EV_001,531.0,20556.26,32.560001373291016,33.531890869140625,0.9718894958496094
EV_001,529.0,20556.26,32.560001373291016,32.630218505859375,0.07021713256835938
EV_001,532.0,20556.26,32.560001373291016,32.7708740234375,0.21087265014648438
EV_001,533.0,20556.26,32.560001373291016,32.71468734741211,0.15468597412109375
EV_001,531.0,20556.26,32.560001373291016,32.535274505615234,-0.02472686767578125
EV_001,534.0,20556.26,32.560001373291016,32.790626525878906,0.23062515258789062
EV_001,530.0,20556.26,32.560001373291016,32.854339599609375,0.2943382263183594
EV_001,532.0,20556.26,32.560001373291016,32.582279205322266,0.02227783203125
EV_001,535.0,20556.26,32.560001373291016,32.79631042480469,0.23630905151367188
EV_001,533.0,20556.26,32.560001373291016,32.53216552734375,-0.027835845947265625
EV_001,536.0,20556.26,32.560001373291016,32.7818489074707,0.2218475341796875
EV_001,532.0,20556.26,32.560001373291016,32.64042282104492,0.08042144775390625
EV_001,534.0,20556.26,32.560001373291016,32.55751419067383,-0.0024871826171875
EV_001,537.0,20556.26,32.560001373291016,33.08689880371094,0.5268974304199219
EV_001,533.0,20556.26,32.560001373291016,33.77151107788086,1.2115097045898438
EV_001,535.0,20556.26,32.560001373291016,32.6618537902832,0.1018524169921875
EV_001,538.0,20556.26,32.560001373291016,34.44137954711914,1.881378173828125
EV_001,539.0,20556.26,32.560001373291016,33.4750862121582,0.9150848388671875
EV_001,534.0,20556.26,32.560001373291016,33.84429931640625,1.2842979431152344
EV_001,536.0,20556.26,32.560001373291016,32.787925720214844,0.22792434692382812
EV_001,535.0,20556.26,32.560001373291016,34.002567291259766,1.44256591796875
EV_001,537.0,20556.26,32.560001373291016,34.024784088134766,1.46478271484375
EV_001,536.0,20556.26,32.560001373291016,33.65693664550781,1.0969352722167969
EV_001,538.0,20556.26,32.560001373291016,34.033058166503906,1.4730567932128906
EV_001,541.0,20556.26,32.560001373291016,32.70040512084961,0.14040374755859375
EV_001,537.0,20556.26,32.560001373291016,32.97261047363281,0.4126091003417969
EV_001,539.0,20556.26,32.560001373291016,34.32826614379883,1.7682647705078125
EV_001,540.0,20556.26,32.560001373291016,34.22665786743164,1.666656494140625
EV_001,541.0,20556.26,32.560001373291016,33.594722747802734,1.0347213745117188
EV_001,543.0,20556.26,32.560001373291016,33.6838264465332,1.1238250732421875
EV_001,544.0,20556.26,32.560001373291016,34.340843200683594,1.7808418273925781
EV_001,542.0,20556.26,32.560001373291016,34.17268371582031,1.6126823425292969
EV_001,545.0,20556.26,32.560001373291016,33.89724349975586,1.3372421264648438
EV_001,540.0,20556.26,32.560001373291016,32.61763381958008,0.0576324462890625
EV_001,543.0,20556.26,32.560001373291016,33.75312042236328,1.1931190490722656
EV_001,544.0,20556.26,32.560001373291016,33.76295471191406,1.2029533386230469
EV_001,546.0,20556.26,32.560001373291016,34.07902145385742,1.5190200805664062
EV_001,542.0,20556.26,32.560001373291016,32.7228889465332,0.1628875732421875
EV_001,548.0,20556.26,32.560001373291016,32.87193298339844,0.3119316101074219
EV_001,543.0,20556.26,32.560001373291016,32.442840576171875,-0.11716079711914062
EV_001,546.0,20556.26,32.560001373291016,32.417598724365234,-0.14240264892578125
EV_001,549.0,20556.26,32.560001373291016,32.70972442626953,0.14972305297851562
EV_001,544.0,20556.26,32.560001373291016,32.499305725097656,-0.060695648193359375
EV_001,550.0,20556.26,32.560001373291016,32.790748596191406,0.23074722290039062
EV_001,545.0,20556.26,32.560001373291016,32.57444381713867,0.01444244384765625
EV_001,548.0,20556.26,32.560001373291016,32.657798767089844,0.09779739379882812
EV_001,551.0,20556.26,32.560001373291016,32.922306060791016,0.3623046875
EV_001,546.0,20556.26,32.560001373291016,32.60026931762695,0.0402679443359375
EV_001,549.0,20556.26,32.560001373291016,33.122947692871094,0.5629463195800781
EV_001,552.0,20556.26,32.560001373291016,32.65842056274414,0.098419189453125
EV_001,547.0,20556.26,32.560001373291016,32.65934753417969,0.09934616088867188
EV_001,550.0,20556.26,32.560001373291016,33.449954986572266,0.88995361328125
EV_001,553.0,20556.26,32.560001373291016,32.854278564453125,0.2942771911621094
EV_001,548.0,20556.26,32.560001373291016,32.545433044433594,-0.014568328857421875
EV_001,549.0,20556.26,32.560001373291016,32.62440490722656,0.06440353393554688
EV_001,551.0,20556.26,32.560001373291016,32.844146728515625,0.2841453552246094
EV_001,555.0,20556.26,32.560001373291016,34.04060363769531,1.4806022644042969
EV_001,550.0,20556.26,32.560001373291016,32.521419525146484,-0.03858184814453125
EV_001,551.0,20556.26,32.560001373291016,33.0915412902832,0.5315399169921875
EV_001,553.0,20556.26,32.560001373291016,33.21311569213867,0.6531143188476562
EV_001,552.0,20556.26,32.560001373291016,32.821128845214844,0.2611274719238281
EV_001,554.0,20556.26,32.560001373291016,33.96775436401367,1.4077529907226562
EV_001,557.0,20556.26,32.560001373291016,32.88810729980469,0.3281059265136719
EV_001,555.0,20556.26,32.560001373291016,34.529354095458984,1.9693527221679688
EV_001,558.0,20556.26,32.560001373291016,33.89588928222656,1.3358879089355469
EV_001,556.0,20556.26,32.560001373291016,34.34742736816406,1.7874259948730469
EV_001,559.0,20556.26,32.560001373291016,32.9156494140625,0.3556480407714844
EV_001,554.0,20556.26,32.560001373291016,33.17869567871094,0.6186943054199219
EV_001,560.0,20556.26,32.560001373291016,33.84413146972656,1.2841300964355469
EV_001,555.0,20556.26,32.560001373291016,33.2797966003418,0.7197952270507812
EV_001,556.0,20556.26,32.560001373291016,34.20817184448242,1.6481704711914062
EV_001,557.0,20556.26,32.560001373291016,32.958839416503906,0.3988380432128906
EV_001,559.0,20556.26,32.560001373291016,32.63114547729492,0.07114410400390625
EV_001,562.0,20556.26,32.560001373291016,34.287147521972656,1.7271461486816406
EV_001,563.0,20556.26,32.560001373291016,34.5316047668457,1.9716033935546875
EV_001,560.0,20556.26,32.560001373291016,32.521060943603516,-0.0389404296875
EV_001,564.0,20556.26,32.560001373291016,34.37009048461914,1.810089111328125
EV_001,559.0,20556.26,32.560001373291016,32.49884033203125,-0.061161041259765625
EV_001,565.0,20556.26,32.560001373291016,34.944114685058594,2.384113311767578
EV_001,560.0,20556.26,32.560001373291016,32.53888702392578,-0.021114349365234375
EV_001,562.0,20556.26,32.560001373291016,33.994300842285156,1.4342994689941406
EV_001,566.0,20556.26,32.560001373291016,34.13669967651367,1.5766983032226562
EV_001,561.0,20556.26,32.560001373291016,32.525062561035156,-0.034938812255859375
EV_001,563.0,20556.26,32.560001373291016,33.443634033203125,0.8836326599121094
EV_001,567.0,20556.26,32.560001373291016,35.04635238647461,2.4863510131835938
EV_001,562.0,20556.26,32.560001373291016,32.65471649169922,0.09471511840820312
EV_001,564.0,20556.26,32.560001373291016,33.70722579956055,1.1472244262695312
EV_001,568.0,20556.26,32.560001373291016,34.61441421508789,2.054412841796875
EV_001,563.0,20556.26,32.560001373291016,32.561492919921875,0.001491546630859375
EV_001,565.0,20556.26,32.560001373291016,34.37809371948242,1.8180923461914062
EV_001,569.0,20556.26,32.560001373291016,34.953163146972656,2.3931617736816406
EV_001,564.0,20556.26,32.560001373291016,32.82534408569336,0.26534271240234375
EV_001,566.0,20556.26,32.560001373291016,33.67869186401367,1.1186904907226562
EV_001,565.0,20556.26,32.560001373291016,32.76866912841797,0.20866775512695312
EV_001,567.0,20556.26,32.560001373291016,33.69783401489258,1.1378326416015625
EV_001,566.0,20556.26,32.560001373291016,32.88677978515625,0.3267784118652344
EV_001,568.0,20556.26,32.560001373291016,33.600990295410156,1.0409889221191406
EV_001,567.0,20556.26,32.560001373291016,32.76838684082031,0.20838546752929688
EV_001,569.0,20556.26,32.560001373291016,33.079734802246094,0.5197334289550781
EV_001,568.0,20556.26,32.560001373291016,32.785438537597656,0.22543716430664062
EV_001,573.0,20556.26,32.560001373291016,35.05515670776367,2.4951553344726562
EV_001,571.0,20556.26,32.560001373291016,32.59019088745117,0.03018951416015625
EV_001,574.0,20556.26,32.560001373291016,35.07672882080078,2.5167274475097656
EV_001,570.0,20556.26,32.560001373291016,32.71977996826172,0.15977859497070312
EV_001,575.0,20556.26,32.560001373291016,34.03507614135742,1.4750747680664062
EV_001,572.0,20556.26,32.560001373291016,32.65182876586914,0.091827392578125
EV_001,576.0,20556.26,32.560001373291016,33.95897674560547,1.3989753723144531
EV_001,577.0,20556.26,32.560001373291016,34.419612884521484,1.8596115112304688
EV_001,574.0,20556.26,32.560001373291016,32.73855209350586,0.17855072021484375
EV_001,578.0,20556.26,32.560001373291016,34.032371520996094,1.4723701477050781
EV_001,575.0,20556.26,32.560001373291016,32.67192077636719,0.11191940307617188
EV_001,579.0,20556.26,32.560001373291016,32.755367279052734,0.19536590576171875
EV_001,576.0,20556.26,32.560001373291016,32.64899826049805,0.08899688720703125
EV_001,580.0,20556.26,32.560001373291016,32.66084289550781,0.10084152221679688
EV_001,581.0,20556.26,32.560001373291016,32.50242614746094,-0.057575225830078125
EV_001,575.0,20556.26,32.560001373291016,34.99534225463867,2.4353408813476562
EV_001,582.0,20556.26,32.560001373291016,32.63483810424805,0.07483673095703125
EV_001,578.0,20556.26,32.560001373291016,32.514339447021484,-0.04566192626953125
EV_001,576.0,20556.26,32.560001373291016,35.20997619628906,2.649974822998047
EV_001,579.0,20556.26,32.560001373291016,32.58366394042969,0.023662567138671875
EV_001,580.0,20556.26,32.560001373291016,32.849674224853516,0.2896728515625
EV_001,584.0,20556.26,32.560001373291016,33.14165115356445,0.5816497802734375
EV_001,578.0,20556.26,32.560001373291016,33.300724029541016,0.74072265625
EV_001,581.0,20556.26,32.560001373291016,33.38161849975586,0.8216171264648438
EV_001,585.0,20556.26,32.560001373291016,35.1235237121582,2.5635223388671875
EV_001,582.0,20556.26,32.560001373291016,32.8330192565918,0.27301788330078125
EV_001,586.0,20556.26,32.560001373291016,35.08376693725586,2.5237655639648438
EV_001,579.0,20556.26,32.560001373291016,33.89474105834961,1.3347396850585938
EV_001,583.0,20556.26,32.560001373291016,32.52452087402344,-0.035480499267578125
EV_001,587.0,20556.26,32.560001373291016,34.74338150024414,2.183380126953125
EV_001,580.0,20556.26,32.560001373291016,33.23189163208008,0.6718902587890625
EV_001,581.0,20556.26,32.560001373291016,34.28425979614258,1.7242584228515625
EV_001,588.0,20556.26,32.560001373291016,33.6973991394043,1.1373977661132812
EV_001,585.0,20556.26,32.560001373291016,33.136959075927734,0.5769577026367188
EV_001,589.0,20556.26,32.560001373291016,33.50898361206055,0.9489822387695312
EV_001,582.0,20556.26,32.560001373291016,33.85245132446289,1.292449951171875
EV_001,590.0,20556.26,32.560001373291016,34.5268440246582,1.9668426513671875
EV_001,586.0,20556.26,32.560001373291016,33.769378662109375,1.2093772888183594
EV_001,591.0,20556.26,32.560001373291016,34.24471664428711,1.6847152709960938
EV_001,587.0,20556.26,32.560001373291016,32.602203369140625,0.042201995849609375
EV_001,584.0,20556.26,32.560001373291016,34.20704650878906,1.6470451354980469
EV_001,588.0,20556.26,32.560001373291016,32.669456481933594,0.10945510864257812
EV_001,592.0,20556.26,32.560001373291016,34.1739616394043,1.6139602661132812
EV_001,585.0,20556.26,32.560001373291016,35.096553802490234,2.5365524291992188
EV_001,593.0,20556.26,32.560001373291016,33.623512268066406,1.0635108947753906
EV_001,594.0,20556.26,32.560001373291016,33.44071578979492,0.8807144165039062
EV_001,586.0,20556.26,32.560001373291016,35.26433563232422,2.704334259033203
EV_001,590.0,20556.26,32.560001373291016,32.54895782470703,-0.011043548583984375
EV_001,587.0,20556.26,32.560001373291016,35.00483703613281,2.444835662841797
EV_001,588.0,20556.26,32.560001373291016,35.137821197509766,2.57781982421875
EV_001,591.0,20556.26,32.560001373291016,32.525169372558594,-0.034832000732421875
EV_001,589.0,20556.26,32.560001373291016,35.00433349609375,2.4443321228027344
EV_001,592.0,20556.26,32.560001373291016,32.549617767333984,-0.01038360595703125
EV_001,596.0,20556.26,32.560001373291016,32.56238555908203,0.002384185791015625
EV_001,593.0,20556.26,32.560001373291016,32.53036117553711,-0.02964019775390625
EV_001,590.0,20556.26,32.560001373291016,34.633209228515625,2.0732078552246094
EV_001,597.0,20556.26,32.560001373291016,32.63716506958008,0.0771636962890625
EV_001,591.0,20556.26,32.560001373291016,33.250057220458984,0.6900558471679688
EV_001,594.0,20556.26,32.560001373291016,32.70695114135742,0.14694976806640625
EV_001,598.0,20556.26,32.560001373291016,32.62356948852539,0.063568115234375
EV_001,595.0,20556.26,32.560001373291016,32.748165130615234,0.18816375732421875
EV_001,599.0,20556.26,32.560001373291016,32.619468688964844,0.059467315673828125
EV_001,596.0,20556.26,32.560001373291016,32.90879440307617,0.34879302978515625
EV_001,600.0,20556.26,32.560001373291016,32.580116271972656,0.020114898681640625
EV_001,593.0,20556.26,32.560001373291016,32.514015197753906,-0.045986175537109375
EV_001,594.0,20556.26,32.560001373291016,32.55279541015625,-0.007205963134765625
EV_001,597.0,20556.26,32.560001373291016,32.709964752197266,0.14996337890625
EV_002,889.0,11777.92,35.45000076293945,32.631309509277344,-2.8186912536621094
EV_002,890.0,11777.92,35.45000076293945,32.499088287353516,-2.9509124755859375
EV_002,893.0,11777.92,35.45000076293945,33.698883056640625,-1.7511177062988281
EV_002,894.0,11777.92,35.45000076293945,34.04237747192383,-1.407623291015625
EV_002,895.0,11777.92,35.45000076293945,32.60149002075195,-2.8485107421875
EV_002,896.0,11777.92,35.45000076293945,32.66468048095703,-2.785320281982422
EV_002,900.0,11777.92,35.45000076293945,33.54508590698242,-1.9049148559570312
EV_002,903.0,11777.92,35.45000076293945,33.006290435791016,-2.4437103271484375
EV_002,905.0,11777.92,35.45000076293945,32.8286247253418,-2.6213760375976562
EV_002,906.0,11777.92,35.45000076293945,32.77268600463867,-2.6773147583007812
EV_002,907.0,11777.92,35.45000076293945,32.86610794067383,-2.583892822265625
EV_002,908.0,11777.92,35.45000076293945,32.8161506652832,-2.63385009765625
EV_002,909.0,11777.92,35.45000076293945,34.58143997192383,-0.868560791015625
EV_002,910.0,11777.92,35.45000076293945,33.30923843383789,-2.1407623291015625
EV_002,911.0,11777.92,35.45000076293945,33.9852409362793,-1.4647598266601562
EV_002,913.0,11777.92,35.45000076293945,32.713478088378906,-2.736522674560547
EV_002,914.0,11777.92,35.45000076293945,32.77042007446289,-2.6795806884765625
EV_002,915.0,11777.92,35.45000076293945,33.23442459106445,-2.215576171875
EV_002,916.0,11777.92,35.45000076293945,34.08435821533203,-1.3656425476074219
EV_002,918.0,11777.92,35.45000076293945,32.58836364746094,-2.8616371154785156
EV_002,919.0,11777.92,35.45000076293945,32.539432525634766,-2.9105682373046875
EV_002,920.0,11777.92,35.45000076293945,32.61681365966797,-2.8331871032714844
EV_002,922.0,11777.92,35.45000076293945,33.923744201660156,-1.5262565612792969
EV_002,923.0,11777.92,35.45000076293945,33.34856033325195,-2.1014404296875
EV_002,924.0,11777.92,35.45000076293945,33.622215270996094,-1.8277854919433594
EV_002,926.0,11777.92,35.45000076293945,32.48405075073242,-2.9659500122070312
EV_002,927.0,11777.92,35.45000076293945,32.61345291137695,-2.8365478515625
EV_002,928.0,11777.92,35.45000076293945,34.025047302246094,-1.4249534606933594
EV_002,929.0,11777.92,35.45000076293945,32.54258728027344,-2.9074134826660156
EV_002,930.0,11777.92,35.45000076293945,32.685298919677734,-2.7647018432617188
EV_002,934.0,11777.92,35.45000076293945,32.86536407470703,-2.584636688232422
EV_002,935.0,11777.92,35.45000076293945,33.234413146972656,-2.215587615966797
EV_002,936.0,11777.92,35.45000076293945,34.55830383300781,-0.8916969299316406
EV_002,937.0,11777.92,35.45000076293945,34.026611328125,-1.4233894348144531
EV_002,938.0,11777.92,35.45000076293945,33.61930847167969,-1.8306922912597656
EV_002,939.0,11777.92,35.45000076293945,33.517601013183594,-1.9323997497558594
EV_002,942.0,11777.92,35.45000076293945,32.92178726196289,-2.5282135009765625
EV_002,944.0,11777.92,35.45000076293945,32.62374496459961,-2.8262557983398438
EV_002,945.0,11777.92,35.45000076293945,32.87316131591797,-2.5768394470214844
EV_002,946.0,11777.92,35.45000076293945,33.24287414550781,-2.2071266174316406
EV_002,947.0,11777.92,35.45000076293945,33.45456314086914,-1.9954376220703125
EV_002,948.0,11777.92,35.45000076293945,32.601768493652344,-2.8482322692871094
EV_002,949.0,11777.92,35.45000076293945,32.570335388183594,-2.8796653747558594
EV_002,950.0,11777.92,35.45000076293945,34.389686584472656,-1.0603141784667969
EV_002,951.0,11777.92,35.45000076293945,33.93354797363281,-1.5164527893066406
EV_002,952.0,11777.92,35.45000076293945,34.13525390625,-1.3147468566894531
EV_002,953.0,11777.92,35.45000076293945,34.046295166015625,-1.4037055969238281
EV_002,954.0,11777.92,35.45000076293945,34.556640625,-0.8933601379394531
EV_002,955.0,11777.92,35.45000076293945,33.7496223449707,-1.70037841796875
EV_002,956.0,11777.92,35.45000076293945,33.745792388916016,-1.7042083740234375
EV_002,958.0,11777.92,35.45000076293945,32.4615364074707,-2.98846435546875
EV_002,959.0,11777.92,35.45000076293945,32.45629119873047,-2.9937095642089844
EV_002,960.0,11777.92,35.45000076293945,32.63813400268555,-2.8118667602539062
EV_002,961.0,11777.92,35.45000076293945,32.615623474121094,-2.8343772888183594
EV_002,962.0,11777.92,35.45000076293945,32.632469177246094,-2.8175315856933594
EV_002,963.0,11777.92,35.45000076293945,33.792564392089844,-1.6574363708496094
EV_002,964.0,11777.92,35.45000076293945,32.501869201660156,-2.948131561279297
EV_002,965.0,11777.92,35.45000076293945,33.6589241027832,-1.79107666015625
EV_002,966.0,11777.92,35.45000076293945,34.42652893066406,-1.0234718322753906
EV_002,967.0,11777.92,35.45000076293945,33.583091735839844,-1.8669090270996094
EV_002,968.0,11777.92,35.45000076293945,33.842830657958984,-1.6071701049804688
EV_002,970.0,11777.92,35.45000076293945,33.05276107788086,-2.3972396850585938
EV_002,971.0,11777.92,35.45000076293945,34.00475311279297,-1.4452476501464844
EV_002,972.0,11777.92,35.45000076293945,32.83427429199219,-2.6157264709472656
EV_002,973.0,11777.92,35.45000076293945,32.71833419799805,-2.7316665649414062
EV_002,974.0,11777.92,35.45000076293945,32.6546745300293,-2.7953262329101562
EV_002,975.0,11777.92,35.45000076293945,32.706939697265625,-2.743061065673828
EV_002,976.0,11777.92,35.45000076293945,32.75386428833008,-2.696136474609375
EV_002,977.0,11777.92,35.45000076293945,32.46004104614258,-2.989959716796875
EV_002,978.0,11777.92,35.45000076293945,32.79445266723633,-2.655548095703125
EV_002,979.0,11777.92,35.45000076293945,32.74372863769531,-2.7062721252441406
EV_002,983.0,11777.92,35.45000076293945,32.55278015136719,-2.8972206115722656
EV_002,109.0,11777.92,35.45000076293945,33.779850006103516,-1.6701507568359375
EV_002,111.0,11777.92,35.45000076293945,32.50772476196289,-2.9422760009765625
EV_002,112.0,11777.92,35.45000076293945,32.71323013305664,-2.7367706298828125
EV_002,114.0,11777.92,35.45000076293945,32.650901794433594,-2.7990989685058594
EV_002,115.0,11777.92,35.45000076293945,32.51036834716797,-2.9396324157714844
EV_002,117.0,11777.92,35.45000076293945,32.581809997558594,-2.8681907653808594
EV_002,118.0,11777.92,35.45000076293945,32.630615234375,-2.819385528564453
EV_002,119.0,11777.92,35.45000076293945,32.55266189575195,-2.8973388671875
EV_002,120.0,11777.92,35.45000076293945,32.606571197509766,-2.8434295654296875
EV_002,122.0,11777.92,35.45000076293945,32.59833526611328,-2.851665496826172
EV_002,123.0,11777.92,35.45000076293945,32.819305419921875,-2.630695343017578
EV_002,124.0,11777.92,35.45000076293945,32.77857208251953,-2.671428680419922
EV_002,125.0,11777.92,35.45000076293945,32.4658317565918,-2.9841690063476562
EV_002,126.0,11777.92,35.45000076293945,33.69831085205078,-1.7516899108886719
EV_002,128.0,11777.92,35.45000076293945,32.4659538269043,-2.9840469360351562
EV_002,130.0,11777.92,35.45000076293945,32.61845016479492,-2.8315505981445312
EV_002,131.0,11777.92,35.45000076293945,32.5533332824707,-2.89666748046875
EV_002,132.0,11777.92,35.45000076293945,34.090087890625,-1.3599128723144531
EV_002,133.0,11777.92,35.45000076293945,34.26255798339844,-1.1874427795410156
EV_002,141.0,11777.92,35.45000076293945,32.929805755615234,-2.5201950073242188
EV_002,149.0,11777.92,35.45000076293945,32.70307540893555,-2.7469253540039062
EV_002,150.0,11777.92,35.45000076293945,32.94728088378906,-2.5027198791503906
EV_002,151.0,11777.92,35.45000076293945,32.70512390136719,-2.7448768615722656
EV_002,152.0,11777.92,35.45000076293945,32.74620819091797,-2.7037925720214844
EV_002,153.0,11777.92,35.45000076293945,32.72160720825195,-2.7283935546875
EV_002,154.0,11777.92,35.45000076293945,33.03225326538086,-2.4177474975585938
EV_002,155.0,11777.92,35.45000076293945,32.72264862060547,-2.7273521423339844
EV_002,159.0,11777.92,35.45000076293945,32.984710693359375,-2.465290069580078
EV_002,160.0,11777.92,35.45000076293945,32.76416778564453,-2.685832977294922
EV_002,161.0,11777.92,35.45000076293945,32.92402267456055,-2.5259780883789062
EV_002,162.0,11777.92,35.45000076293945,32.935760498046875,-2.514240264892578
EV_002,163.0,11777.92,35.45000076293945,32.77197265625,-2.678028106689453
EV_002,164.0,11777.92,35.45000076293945,32.82756042480469,-2.6224403381347656
EV_002,182.0,11777.92,35.45000076293945,32.82025146484375,-2.629749298095703
EV_002,187.0,11777.92,35.45000076293945,34.32851791381836,-1.1214828491210938
EV_002,188.0,11777.92,35.45000076293945,33.811946868896484,-1.6380538940429688
EV_002,189.0,11777.92,35.45000076293945,34.144996643066406,-1.3050041198730469
EV_002,190.0,11777.92,35.45000076293945,33.72343444824219,-1.7265663146972656
EV_002,191.0,11777.92,35.45000076293945,34.21644973754883,-1.233551025390625
EV_002,192.0,11777.92,35.45000076293945,32.91693878173828,-2.533061981201172
EV_002,196.0,11777.92,35.45000076293945,32.544105529785156,-2.905895233154297
EV_002,197.0,11777.92,35.45000076293945,32.63620376586914,-2.8137969970703125
EV_002,204.0,11777.92,35.45000076293945,32.81151580810547,-2.6384849548339844
EV_002,205.0,11777.92,35.45000076293945,32.855918884277344,-2.5940818786621094
EV_002,206.0,11777.92,35.45000076293945,32.9048957824707,-2.54510498046875
EV_002,207.0,11777.92,35.45000076293945,32.79336166381836,-2.6566390991210938
EV_002,208.0,11777.92,35.45000076293945,32.9634895324707,-2.48651123046875
EV_002,209.0,11777.92,35.45000076293945,32.80537033081055,-2.6446304321289062
EV_002,210.0,11777.92,35.45000076293945,32.71724319458008,-2.732757568359375
EV_002,211.0,11777.92,35.45000076293945,32.704139709472656,-2.745861053466797
EV_002,212.0,11777.92,35.45000076293945,32.937198638916016,-2.5128021240234375
EV_002,214.0,11777.92,35.45000076293945,33.43235397338867,-2.0176467895507812
EV_002,215.0,11777.92,35.45000076293945,35.07420349121094,-0.3757972717285156
EV_002,216.0,11777.92,35.45000076293945,35.20719528198242,-0.24280548095703125
EV_002,217.0,11777.92,35.45000076293945,35.24441146850586,-0.20558929443359375
EV_002,218.0,11777.92,35.45000076293945,34.973934173583984,-0.47606658935546875
EV_002,219.0,11777.92,35.45000076293945,34.82429885864258,-0.625701904296875
EV_002,220.0,11777.92,35.45000076293945,34.68185043334961,-0.7681503295898438
EV_002,221.0,11777.92,35.45000076293945,32.656524658203125,-2.793476104736328
EV_002,222.0,11777.92,35.45000076293945,32.57594680786133,-2.874053955078125
EV_002,223.0,11777.92,35.45000076293945,32.49973678588867,-2.9502639770507812
EV_002,224.0,11777.92,35.45000076293945,32.65516662597656,-2.7948341369628906
EV_002,228.0,11777.92,35.45000076293945,34.3971061706543,-1.0528945922851562
EV_002,230.0,11777.92,35.45000076293945,32.548377990722656,-2.901622772216797
EV_002,231.0,11777.92,35.45000076293945,32.53424072265625,-2.915760040283203
EV_002,232.0,11777.92,35.45000076293945,32.66697311401367,-2.7830276489257812
EV_002,233.0,11777.92,35.45000076293945,32.68303298950195,-2.7669677734375
EV_002,234.0,11777.92,35.45000076293945,32.59846878051758,-2.851531982421875
EV_002,235.0,11777.92,35.45000076293945,32.67545700073242,-2.7745437622070312
EV_002,236.0,11777.92,35.45000076293945,32.87028884887695,-2.5797119140625
EV_002,237.0,11777.92,35.45000076293945,33.050941467285156,-2.399059295654297
EV_002,238.0,11777.92,35.45000076293945,32.98362731933594,-2.4663734436035156
EV_002,239.0,11777.92,35.45000076293945,33.285491943359375,-2.164508819580078
EV_002,241.0,11777.92,35.45000076293945,32.473609924316406,-2.976390838623047
EV_002,242.0,11777.92,35.45000076293945,32.467933654785156,-2.982067108154297
EV_002,243.0,11777.92,35.45000076293945,32.49258804321289,-2.9574127197265625
EV_002,245.0,11777.92,35.45000076293945,32.8694953918457,-2.58050537109375
EV_002,250.0,11777.92,35.45000076293945,34.65434646606445,-0.795654296875
EV_002,251.0,11777.92,35.45000076293945,33.94452667236328,-1.5054740905761719
EV_002,252.0,11777.92,35.45000076293945,34.34164047241211,-1.1083602905273438
EV_002,253.0,11777.92,35.45000076293945,32.778282165527344,-2.6717185974121094
EV_002,254.0,11777.92,35.45000076293945,34.203285217285156,-1.2467155456542969
EV_002,255.0,11777.92,35.45000076293945,34.2779426574707,-1.17205810546875
EV_002,256.0,11777.92,35.45000076293945,33.98226547241211,-1.4677352905273438
EV_002,257.0,11777.92,35.45000076293945,33.265541076660156,-2.184459686279297
EV_002,256.0,11777.92,35.45000076293945,34.754966735839844,-0.6950340270996094
EV_002,256.0,11777.92,35.45000076293945,32.73055648803711,-2.7194442749023438
EV_002,257.0,11777.92,35.45000076293945,34.10643768310547,-1.3435630798339844
EV_002,259.0,11777.92,35.45000076293945,32.85283279418945,-2.59716796875
EV_002,258.0,11777.92,35.45000076293945,33.847869873046875,-1.6021308898925781
EV_002,260.0,11777.92,35.45000076293945,32.90789794921875,-2.542102813720703
EV_002,257.0,11777.92,35.45000076293945,33.42937088012695,-2.0206298828125
EV_002,261.0,11777.92,35.45000076293945,32.87793731689453,-2.572063446044922
EV_002,258.0,11777.92,35.45000076293945,32.41299819946289,-3.0370025634765625
EV_002,259.0,11777.92,35.45000076293945,33.847679138183594,-1.6023216247558594
EV_002,259.0,11777.92,35.45000076293945,32.4908561706543,-2.9591445922851562
EV_002,260.0,11777.92,35.45000076293945,34.326961517333984,-1.1230392456054688
EV_002,262.0,11777.92,35.45000076293945,32.65232467651367,-2.7976760864257812
EV_002,261.0,11777.92,35.45000076293945,34.19696807861328,-1.2530326843261719
EV_002,261.0,11777.92,35.45000076293945,32.50239944458008,-2.947601318359375
EV_002,262.0,11777.92,35.45000076293945,33.558738708496094,-1.8912620544433594
EV_002,264.0,11777.92,35.45000076293945,34.29096221923828,-1.1590385437011719
EV_002,265.0,11777.92,35.45000076293945,34.86219787597656,-0.5878028869628906
EV_002,266.0,11777.92,35.45000076293945,35.10395812988281,-0.3460426330566406
EV_002,264.0,11777.92,35.45000076293945,34.337345123291016,-1.1126556396484375
EV_002,263.0,11777.92,35.45000076293945,32.53834533691406,-2.9116554260253906
EV_002,267.0,11777.92,35.45000076293945,34.19563293457031,-1.2543678283691406
EV_002,264.0,11777.92,35.45000076293945,32.618309020996094,-2.8316917419433594
EV_002,268.0,11777.92,35.45000076293945,32.54195785522461,-2.9080429077148438
EV_002,266.0,11777.92,35.45000076293945,32.712249755859375,-2.737751007080078
EV_002,269.0,11777.92,35.45000076293945,32.68927764892578,-2.760723114013672
EV_002,265.0,11777.92,35.45000076293945,32.791439056396484,-2.6585617065429688
EV_002,267.0,11777.92,35.45000076293945,32.72932434082031,-2.7206764221191406
EV_002,266.0,11777.92,35.45000076293945,32.70521545410156,-2.7447853088378906
EV_002,270.0,11777.92,35.45000076293945,32.52964401245117,-2.9203567504882812
EV_002,267.0,11777.92,35.45000076293945,33.30765151977539,-2.1423492431640625
EV_002,268.0,11777.92,35.45000076293945,32.76523971557617,-2.6847610473632812
EV_002,271.0,11777.92,35.45000076293945,32.780914306640625,-2.669086456298828
EV_002,269.0,11777.92,35.45000076293945,32.70703887939453,-2.742961883544922
EV_002,272.0,11777.92,35.45000076293945,32.547828674316406,-2.902172088623047
EV_002,270.0,11777.92,35.45000076293945,32.77458953857422,-2.6754112243652344
EV_002,269.0,11777.92,35.45000076293945,34.07868194580078,-1.3713188171386719
EV_002,273.0,11777.92,35.45000076293945,32.57815170288086,-2.8718490600585938
EV_002,271.0,11777.92,35.45000076293945,32.72764587402344,-2.7223548889160156
EV_002,274.0,11777.92,35.45000076293945,32.895755767822266,-2.5542449951171875
EV_002,270.0,11777.92,35.45000076293945,34.24480438232422,-1.2051963806152344
EV_002,272.0,11777.92,35.45000076293945,32.76933288574219,-2.6806678771972656
EV_002,275.0,11777.92,35.45000076293945,33.737266540527344,-1.7127342224121094
EV_002,273.0,11777.92,35.45000076293945,32.99542999267578,-2.454570770263672
EV_002,276.0,11777.92,35.45000076293945,33.7251091003418,-1.7248916625976562
EV_002,274.0,11777.92,35.45000076293945,33.783905029296875,-1.6660957336425781
EV_002,272.0,11777.92,35.45000076293945,32.67110824584961,-2.7788925170898438
EV_002,277.0,11777.92,35.45000076293945,35.1746940612793,-0.27530670166015625
EV_002,273.0,11777.92,35.45000076293945,32.48252487182617,-2.9674758911132812
EV_002,278.0,11777.92,35.45000076293945,35.16714859008789,-0.2828521728515625
EV_002,274.0,11777.92,35.45000076293945,32.64732360839844,-2.8026771545410156
EV_002,276.0,11777.92,35.45000076293945,33.80414962768555,-1.6458511352539062
EV_002,279.0,11777.92,35.45000076293945,35.11555099487305,-0.33444976806640625
EV_002,275.0,11777.92,35.45000076293945,32.50410079956055,-2.9458999633789062
EV_002,277.0,11777.92,35.45000076293945,33.35483932495117,-2.0951614379882812
EV_002,280.0,11777.92,35.45000076293945,34.87770080566406,-0.5722999572753906
EV_002,278.0,11777.92,35.45000076293945,33.1287841796875,-2.321216583251953
EV_002,281.0,11777.92,35.45000076293945,34.87043380737305,-0.5795669555664062
EV_002,282.0,11777.92,35.45000076293945,34.55088424682617,-0.8991165161132812
EV_002,277.0,11777.92,35.45000076293945,32.571685791015625,-2.878314971923828
EV_002,279.0,11777.92,35.45000076293945,33.326499938964844,-2.1235008239746094
EV_002,278.0,11777.92,35.45000076293945,32.62221908569336,-2.8277816772460938
EV_002,280.0,11777.92,35.45000076293945,34.13206100463867,-1.3179397583007812
EV_002,279.0,11777.92,35.45000076293945,32.5782585144043,-2.8717422485351562
EV_002,281.0,11777.92,35.45000076293945,34.68658447265625,-0.7634162902832031
EV_002,284.0,11777.92,35.45000076293945,32.63864517211914,-2.8113555908203125
EV_002,280.0,11777.92,35.45000076293945,32.62437438964844,-2.8256263732910156
EV_002,282.0,11777.92,35.45000076293945,34.67937469482422,-0.7706260681152344
EV_002,281.0,11777.92,35.45000076293945,32.69880294799805,-2.7511978149414062
EV_002,283.0,11777.92,35.45000076293945,34.60054397583008,-0.849456787109375
EV_002,285.0,11777.92,35.45000076293945,32.46379470825195,-2.9862060546875
EV_002,282.0,11777.92,35.45000076293945,32.871177673339844,-2.5788230895996094
EV_002,284.0,11777.92,35.45000076293945,34.3237190246582,-1.12628173828125
EV_002,286.0,11777.92,35.45000076293945,32.63564682006836,-2.8143539428710938
EV_002,285.0,11777.92,35.45000076293945,34.34793472290039,-1.1020660400390625
EV_002,287.0,11777.92,35.45000076293945,32.834171295166016,-2.6158294677734375
EV_002,283.0,11777.92,35.45000076293945,32.81582260131836,-2.6341781616210938
EV_002,284.0,11777.92,35.45000076293945,32.803592681884766,-2.6464080810546875
EV_002,286.0,11777.92,35.45000076293945,32.52310562133789,-2.9268951416015625
EV_002,288.0,11777.92,35.45000076293945,32.47833251953125,-2.971668243408203
EV_002,285.0,11777.92,35.45000076293945,33.26314163208008,-2.186859130859375
EV_002,287.0,11777.92,35.45000076293945,32.98630142211914,-2.4636993408203125
EV_002,289.0,11777.92,35.45000076293945,32.58720397949219,-2.8627967834472656
EV_002,290.0,11777.92,35.45000076293945,34.59727096557617,-0.8527297973632812
EV_002,286.0,11777.92,35.45000076293945,33.8890380859375,-1.5609626770019531
EV_002,287.0,11777.92,35.45000076293945,33.49936294555664,-1.9506378173828125
EV_002,289.0,11777.92,35.45000076293945,32.49266815185547,-2.9573326110839844
EV_002,291.0,11777.92,35.45000076293945,34.14636993408203,-1.3036308288574219
EV_002,288.0,11777.92,35.45000076293945,34.27771759033203,-1.1722831726074219
EV_002,292.0,11777.92,35.45000076293945,33.157676696777344,-2.2923240661621094
EV_002,290.0,11777.92,35.45000076293945,34.56999588012695,-0.8800048828125
EV_002,292.0,11777.92,35.45000076293945,32.59630584716797,-2.8536949157714844
EV_002,291.0,11777.92,35.45000076293945,33.88017272949219,-1.5698280334472656
EV_002,295.0,11777.92,35.45000076293945,32.878387451171875,-2.571613311767578
EV_002,292.0,11777.92,35.45000076293945,33.70512008666992,-1.7448806762695312
EV_002,293.0,11777.92,35.45000076293945,32.53349685668945,-2.91650390625
EV_002,296.0,11777.92,35.45000076293945,34.67560577392578,-0.7743949890136719
EV_002,293.0,11777.92,35.45000076293945,34.250370025634766,-1.1996307373046875
EV_002,294.0,11777.92,35.45000076293945,32.52396774291992,-2.9260330200195312
EV_002,297.0,11777.92,35.45000076293945,35.04082489013672,-0.4091758728027344
EV_002,295.0,11777.92,35.45000076293945,32.594242095947266,-2.8557586669921875
EV_002,294.0,11777.92,35.45000076293945,33.64186477661133,-1.808135986328125
EV_002,298.0,11777.92,35.45000076293945,34.119571685791016,-1.3304290771484375
EV_002,296.0,11777.92,35.45000076293945,32.698028564453125,-2.751972198486328
EV_002,297.0,11777.92,35.45000076293945,32.71368408203125,-2.736316680908203
EV_002,296.0,11777.92,35.45000076293945,32.75176239013672,-2.6982383728027344
EV_002,298.0,11777.92,35.45000076293945,34.002620697021484,-1.4473800659179688
EV_002,297.0,11777.92,35.45000076293945,32.619991302490234,-2.8300094604492188
EV_002,298.0,11777.92,35.45000076293945,32.47321701049805,-2.9767837524414062
EV_002,299.0,11777.92,35.45000076293945,33.087127685546875,-2.362873077392578
EV_002,299.0,11777.92,35.45000076293945,32.493202209472656,-2.956798553466797
EV_002,302.0,11777.92,35.45000076293945,32.68788146972656,-2.7621192932128906
EV_002,300.0,11777.92,35.45000076293945,32.449649810791016,-3.0003509521484375
EV_002,301.0,11777.92,35.45000076293945,32.67771530151367,-2.7722854614257812
EV_002,303.0,11777.92,35.45000076293945,32.60288619995117,-2.8471145629882812
EV_002,301.0,11777.92,35.45000076293945,32.620521545410156,-2.829479217529297
EV_002,302.0,11777.92,35.45000076293945,32.541236877441406,-2.908763885498047
EV_002,304.0,11777.92,35.45000076293945,32.57365417480469,-2.8763465881347656
EV_002,302.0,11777.92,35.45000076293945,32.58555221557617,-2.8644485473632812
EV_002,303.0,11777.92,35.45000076293945,32.50288009643555,-2.9471206665039062
EV_002,305.0,11777.92,35.45000076293945,32.652748107910156,-2.797252655029297
EV_002,303.0,11777.92,35.45000076293945,32.697269439697266,-2.7527313232421875
EV_002,304.0,11777.92,35.45000076293945,32.50393295288086,-2.9460678100585938
EV_002,306.0,11777.92,35.45000076293945,32.643165588378906,-2.806835174560547
EV_002,304.0,11777.92,35.45000076293945,34.20207595825195,-1.2479248046875
EV_002,305.0,11777.92,35.45000076293945,32.4998893737793,-2.9501113891601562
EV_002,307.0,11777.92,35.45000076293945,32.62797546386719,-2.8220252990722656
EV_002,305.0,11777.92,35.45000076293945,34.89915466308594,-0.5508460998535156
EV_002,306.0,11777.92,35.45000076293945,32.698486328125,-2.751514434814453
EV_002,308.0,11777.92,35.45000076293945,34.48936462402344,-0.9606361389160156
EV_002,306.0,11777.92,35.45000076293945,33.70869445800781,-1.7413063049316406
EV_002,307.0,11777.92,35.45000076293945,34.376956939697266,-1.0730438232421875
EV_002,309.0,11777.92,35.45000076293945,33.59117126464844,-1.8588294982910156
EV_002,307.0,11777.92,35.45000076293945,33.2752571105957,-2.17474365234375
EV_002,308.0,11777.92,35.45000076293945,33.236427307128906,-2.213573455810547
EV_002,310.0,11777.92,35.45000076293945,33.907474517822266,-1.5425262451171875
EV_002,308.0,11777.92,35.45000076293945,33.31549835205078,-2.134502410888672
EV_002,309.0,11777.92,35.45000076293945,32.887855529785156,-2.562145233154297
EV_002,311.0,11777.92,35.45000076293945,33.67937088012695,-1.7706298828125
EV_002,309.0,11777.92,35.45000076293945,32.51334762573242,-2.9366531372070312
EV_002,310.0,11777.92,35.45000076293945,32.89964294433594,-2.5503578186035156
EV_002,312.0,11777.92,35.45000076293945,33.54344177246094,-1.9065589904785156
EV_002,310.0,11777.92,35.45000076293945,33.72673034667969,-1.7232704162597656
EV_002,311.0,11777.92,35.45000076293945,32.7746467590332,-2.67535400390625
EV_002,311.0,11777.92,35.45000076293945,33.621337890625,-1.8286628723144531
EV_002,312.0,11777.92,35.45000076293945,32.733795166015625,-2.716205596923828
EV_002,312.0,11777.92,35.45000076293945,32.346649169921875,-3.103351593017578
EV_002,314.0,11777.92,35.45000076293945,32.53400421142578,-2.915996551513672
EV_002,315.0,11777.92,35.45000076293945,32.75706100463867,-2.6929397583007812
EV_002,316.0,11777.92,35.45000076293945,32.6446418762207,-2.80535888671875
EV_002,317.0,11777.92,35.45000076293945,32.6840705871582,-2.76593017578125
EV_002,318.0,11777.92,35.45000076293945,32.75303649902344,-2.6969642639160156
EV_002,319.0,11777.92,35.45000076293945,32.78443908691406,-2.6655616760253906
EV_002,320.0,11777.92,35.45000076293945,32.910865783691406,-2.539134979248047
EV_002,321.0,11777.92,35.45000076293945,32.80671310424805,-2.6432876586914062
EV_002,322.0,11777.92,35.45000076293945,32.76100540161133,-2.688995361328125
EV_002,323.0,11777.92,35.45000076293945,33.98879623413086,-1.4612045288085938
EV_002,324.0,11777.92,35.45000076293945,33.92512130737305,-1.5248794555664062
EV_002,325.0,11777.92,35.45000076293945,33.792415618896484,-1.6575851440429688
EV_002,326.0,11777.92,35.45000076293945,33.58973693847656,-1.8602638244628906
EV_002,328.0,11777.92,35.45000076293945,34.25371170043945,-1.1962890625
EV_002,329.0,11777.92,35.45000076293945,33.848697662353516,-1.6013031005859375
EV_002,330.0,11777.92,35.45000076293945,34.256011962890625,-1.1939888000488281
EV_002,331.0,11777.92,35.45000076293945,33.9942512512207,-1.45574951171875
EV_002,332.0,11777.92,35.45000076293945,34.0363655090332,-1.41363525390625
EV_002,333.0,11777.92,35.45000076293945,33.62017822265625,-1.8298225402832031
EV_002,337.0,11777.92,35.45000076293945,33.750221252441406,-1.6997795104980469
EV_002,338.0,11777.92,35.45000076293945,32.595176696777344,-2.8548240661621094
EV_002,339.0,11777.92,35.45000076293945,32.71699523925781,-2.7330055236816406
EV_002,340.0,11777.92,35.45000076293945,34.02283477783203,-1.4271659851074219
EV_002,341.0,11777.92,35.45000076293945,32.57413101196289,-2.8758697509765625
EV_002,342.0,11777.92,35.45000076293945,32.50251770019531,-2.9474830627441406
EV_002,343.0,11777.92,35.45000076293945,32.788516998291016,-2.6614837646484375
EV_002,344.0,11777.92,35.45000076293945,32.873836517333984,-2.5761642456054688
EV_002,345.0,11777.92,35.45000076293945,34.3378791809082,-1.11212158203125
EV_002,346.0,11777.92,35.45000076293945,33.68678665161133,-1.763214111328125
EV_002,347.0,11777.92,35.45000076293945,33.25615692138672,-2.1938438415527344
EV_002,348.0,11777.92,35.45000076293945,32.76192092895508,-2.688079833984375
EV_002,350.0,11777.92,35.45000076293945,34.93098068237305,-0.5190200805664062
EV_002,351.0,11777.92,35.45000076293945,35.06014633178711,-0.38985443115234375
EV_002,352.0,11777.92,35.45000076293945,34.82909393310547,-0.6209068298339844
EV_002,353.0,11777.92,35.45000076293945,35.14752197265625,-0.3024787902832031
EV_002,354.0,11777.92,35.45000076293945,35.28577423095703,-0.16422653198242188
EV_002,355.0,11777.92,35.45000076293945,35.34077453613281,-0.10922622680664062
EV_002,352.0,11777.92,35.45000076293945,32.670169830322266,-2.7798309326171875
EV_002,356.0,11777.92,35.45000076293945,34.77762222290039,-0.6723785400390625
EV_002,353.0,11777.92,35.45000076293945,32.5704231262207,-2.87957763671875
EV_003,123.0,19141.97,35.66999816894531,33.99261474609375,-1.6773834228515625
EV_003,124.0,19141.97,35.66999816894531,33.94528579711914,-1.7247123718261719
EV_003,126.0,19141.97,35.66999816894531,32.863948822021484,-2.806049346923828
EV_003,127.0,19141.97,35.66999816894531,32.91736602783203,-2.7526321411132812
EV_003,128.0,19141.97,35.66999816894531,33.671329498291016,-1.9986686706542969
EV_003,129.0,19141.97,35.66999816894531,33.522544860839844,-2.1474533081054688
EV_003,130.0,19141.97,35.66999816894531,33.90334701538086,-1.7666511535644531
EV_003,134.0,19141.97,35.66999816894531,34.45805740356445,-1.2119407653808594
EV_003,135.0,19141.97,35.66999816894531,34.27431106567383,-1.3956871032714844
EV_003,137.0,19141.97,35.66999816894531,34.052921295166016,-1.6170768737792969
EV_003,140.0,19141.97,35.66999816894531,33.71458435058594,-1.955413818359375
EV_003,141.0,19141.97,35.66999816894531,34.23362350463867,-1.4363746643066406
EV_003,142.0,19141.97,35.66999816894531,34.625457763671875,-1.0445404052734375
EV_003,143.0,19141.97,35.66999816894531,34.39872360229492,-1.2712745666503906
EV_003,144.0,19141.97,35.66999816894531,34.03750991821289,-1.6324882507324219
EV_003,145.0,19141.97,35.66999816894531,33.47425079345703,-2.1957473754882812
EV_003,147.0,19141.97,35.66999816894531,34.127357482910156,-1.5426406860351562
EV_003,148.0,19141.97,35.66999816894531,33.97611999511719,-1.693878173828125
EV_003,149.0,19141.97,35.66999816894531,33.56755065917969,-2.102447509765625
EV_003,150.0,19141.97,35.66999816894531,32.8082389831543,-2.8617591857910156
EV_003,151.0,19141.97,35.66999816894531,33.428955078125,-2.2410430908203125
EV_003,154.0,19141.97,35.66999816894531,32.68283462524414,-2.987163543701172
EV_003,155.0,19141.97,35.66999816894531,32.50003433227539,-3.169963836669922
EV_003,156.0,19141.97,35.66999816894531,32.487667083740234,-3.182331085205078
EV_003,157.0,19141.97,35.66999816894531,32.581329345703125,-3.0886688232421875
EV_003,158.0,19141.97,35.66999816894531,32.69172286987305,-2.9782752990722656
EV_003,159.0,19141.97,35.66999816894531,32.530338287353516,-3.139659881591797
EV_003,172.0,19141.97,35.66999816894531,32.96632385253906,-2.70367431640625
EV_003,171.0,19141.97,35.66999816894531,34.68648910522461,-0.9835090637207031
EV_003,174.0,19141.97,35.66999816894531,33.721397399902344,-1.9486007690429688
EV_003,173.0,19141.97,35.66999816894531,33.63297653198242,-2.0370216369628906
EV_003,175.0,19141.97,35.66999816894531,33.467464447021484,-2.202533721923828
EV_003,174.0,19141.97,35.66999816894531,35.05878448486328,-0.6112136840820312
EV_003,176.0,19141.97,35.66999816894531,33.412696838378906,-2.2573013305664062
EV_003,175.0,19141.97,35.66999816894531,32.73014450073242,-2.9398536682128906
EV_003,177.0,19141.97,35.66999816894531,33.11883544921875,-2.5511627197265625
EV_003,177.0,19141.97,35.66999816894531,34.1329345703125,-1.5370635986328125
EV_003,179.0,19141.97,35.66999816894531,32.6652717590332,-3.0047264099121094
EV_003,178.0,19141.97,35.66999816894531,32.68834686279297,-2.9816513061523438
EV_003,180.0,19141.97,35.66999816894531,32.55305099487305,-3.1169471740722656
EV_003,179.0,19141.97,35.66999816894531,32.87614440917969,-2.793853759765625
EV_003,181.0,19141.97,35.66999816894531,32.51026916503906,-3.15972900390625
EV_003,180.0,19141.97,35.66999816894531,32.925086975097656,-2.7449111938476562
EV_003,182.0,19141.97,35.66999816894531,33.46586608886719,-2.204132080078125
EV_003,181.0,19141.97,35.66999816894531,32.73721694946289,-2.932781219482422
EV_003,182.0,19141.97,35.66999816894531,32.74204635620117,-2.9279518127441406
EV_003,183.0,19141.97,35.66999816894531,34.5022087097168,-1.1677894592285156
EV_003,183.0,19141.97,35.66999816894531,32.8968505859375,-2.7731475830078125
EV_003,186.0,19141.97,35.66999816894531,34.548126220703125,-1.1218719482421875
EV_003,186.0,19141.97,35.66999816894531,32.81800842285156,-2.85198974609375
EV_003,187.0,19141.97,35.66999816894531,32.75321578979492,-2.9167823791503906
EV_003,188.0,19141.97,35.66999816894531,33.271278381347656,-2.3987197875976562
EV_003,188.0,19141.97,35.66999816894531,32.8520393371582,-2.8179588317871094
EV_003,189.0,19141.97,35.66999816894531,32.8409538269043,-2.8290443420410156
EV_003,189.0,19141.97,35.66999816894531,32.8701286315918,-2.7998695373535156
EV_003,190.0,19141.97,35.66999816894531,33.88333511352539,-1.7866630554199219
EV_003,190.0,19141.97,35.66999816894531,32.750179290771484,-2.919818878173828
EV_003,191.0,19141.97,35.66999816894531,33.72175216674805,-1.9482460021972656
EV_003,191.0,19141.97,35.66999816894531,32.687564849853516,-2.982433319091797
EV_003,202.0,19141.97,35.66999816894531,35.314857482910156,-0.35514068603515625
EV_003,204.0,19141.97,35.66999816894531,32.49480056762695,-3.1751976013183594
EV_003,203.0,19141.97,35.66999816894531,33.45346450805664,-2.216533660888672
EV_003,205.0,19141.97,35.66999816894531,32.51634979248047,-3.1536483764648438
EV_003,204.0,19141.97,35.66999816894531,33.1324462890625,-2.5375518798828125
EV_003,206.0,19141.97,35.66999816894531,32.65701675415039,-3.012981414794922
EV_003,205.0,19141.97,35.66999816894531,33.309879302978516,-2.360118865966797
EV_003,207.0,19141.97,35.66999816894531,32.607215881347656,-3.0627822875976562
EV_003,206.0,19141.97,35.66999816894531,34.52777099609375,-1.1422271728515625
EV_003,208.0,19141.97,35.66999816894531,32.8536491394043,-2.8163490295410156
EV_003,207.0,19141.97,35.66999816894531,35.19086456298828,-0.47913360595703125
EV_003,209.0,19141.97,35.66999816894531,32.67262268066406,-2.99737548828125
EV_003,208.0,19141.97,35.66999816894531,34.724239349365234,-0.9457588195800781
EV_003,210.0,19141.97,35.66999816894531,32.578121185302734,-3.091876983642578
EV_003,209.0,19141.97,35.66999816894531,33.39076232910156,-2.27923583984375
EV_003,211.0,19141.97,35.66999816894531,32.73717498779297,-2.9328231811523438
EV_003,212.0,19141.97,35.66999816894531,32.44706344604492,-3.2229347229003906
EV_003,211.0,19141.97,35.66999816894531,33.291229248046875,-2.3787689208984375
EV_003,214.0,19141.97,35.66999816894531,32.515377044677734,-3.154621124267578
EV_003,215.0,19141.97,35.66999816894531,32.510135650634766,-3.159862518310547
EV_003,213.0,19141.97,35.66999816894531,32.5247688293457,-3.1452293395996094
EV_003,216.0,19141.97,35.66999816894531,32.616966247558594,-3.0530319213867188
EV_003,214.0,19141.97,35.66999816894531,32.553436279296875,-3.1165618896484375
EV_003,217.0,19141.97,35.66999816894531,32.56644058227539,-3.103557586669922
EV_003,218.0,19141.97,35.66999816894531,32.63705062866211,-3.032947540283203
EV_003,215.0,19141.97,35.66999816894531,32.650489807128906,-3.0195083618164062
EV_003,216.0,19141.97,35.66999816894531,32.75473403930664,-2.915264129638672
EV_003,219.0,19141.97,35.66999816894531,33.86891555786133,-1.8010826110839844
EV_003,217.0,19141.97,35.66999816894531,32.510074615478516,-3.159923553466797
EV_003,220.0,19141.97,35.66999816894531,34.53855514526367,-1.1314430236816406
EV_003,218.0,19141.97,35.66999816894531,32.490028381347656,-3.1799697875976562
EV_003,221.0,19141.97,35.66999816894531,34.193153381347656,-1.4768447875976562
EV_003,219.0,19141.97,35.66999816894531,32.53015899658203,-3.1398391723632812
EV_003,222.0,19141.97,35.66999816894531,33.5391731262207,-2.1308250427246094
EV_003,220.0,19141.97,35.66999816894531,32.64508819580078,-3.0249099731445312
EV_003,223.0,19141.97,35.66999816894531,34.526729583740234,-1.1432685852050781
EV_003,224.0,19141.97,35.66999816894531,34.82759094238281,-0.8424072265625
EV_003,222.0,19141.97,35.66999816894531,32.723854064941406,-2.9461441040039062
EV_003,225.0,19141.97,35.66999816894531,34.038578033447266,-1.6314201354980469
EV_003,226.0,19141.97,35.66999816894531,33.80369567871094,-1.866302490234375
EV_003,223.0,19141.97,35.66999816894531,33.67200469970703,-1.9979934692382812
EV_003,224.0,19141.97,35.66999816894531,33.922359466552734,-1.7476387023925781
EV_003,228.0,19141.97,35.66999816894531,32.506404876708984,-3.163593292236328
EV_003,229.0,19141.97,35.66999816894531,32.45103454589844,-3.218963623046875
EV_003,226.0,19141.97,35.66999816894531,32.79476547241211,-2.875232696533203
EV_003,227.0,19141.97,35.66999816894531,32.8560905456543,-2.8139076232910156
EV_003,230.0,19141.97,35.66999816894531,32.56711196899414,-3.102886199951172
EV_003,228.0,19141.97,35.66999816894531,32.76714324951172,-2.9028549194335938
EV_003,231.0,19141.97,35.66999816894531,32.86735534667969,-2.802642822265625
EV_003,232.0,19141.97,35.66999816894531,34.387672424316406,-1.2823257446289062
EV_003,229.0,19141.97,35.66999816894531,32.77265930175781,-2.8973388671875
EV_003,233.0,19141.97,35.66999816894531,35.20172882080078,-0.46826934814453125
EV_003,230.0,19141.97,35.66999816894531,32.789894104003906,-2.8801040649414062
EV_003,234.0,19141.97,35.66999816894531,33.76397705078125,-1.9060211181640625
EV_003,235.0,19141.97,35.66999816894531,34.202239990234375,-1.4677581787109375
EV_003,236.0,19141.97,35.66999816894531,33.440277099609375,-2.2297210693359375
EV_003,238.0,19141.97,35.66999816894531,32.44231414794922,-3.2276840209960938
EV_003,239.0,19141.97,35.66999816894531,33.723663330078125,-1.9463348388671875
EV_003,235.0,19141.97,35.66999816894531,32.81967544555664,-2.850322723388672
EV_003,240.0,19141.97,35.66999816894531,32.90128707885742,-2.7687110900878906
EV_003,241.0,19141.97,35.66999816894531,32.62785339355469,-3.042144775390625
EV_003,236.0,19141.97,35.66999816894531,32.67482376098633,-2.9951744079589844
EV_003,238.0,19141.97,35.66999816894531,32.87521743774414,-2.794780731201172
EV_003,239.0,19141.97,35.66999816894531,32.62825393676758,-3.0417442321777344
EV_003,244.0,19141.97,35.66999816894531,34.249942779541016,-1.4200553894042969
EV_003,241.0,19141.97,35.66999816894531,32.89554977416992,-2.7744483947753906
EV_003,246.0,19141.97,35.66999816894531,33.368927001953125,-2.3010711669921875
EV_003,242.0,19141.97,35.66999816894531,32.70644760131836,-2.963550567626953
EV_003,243.0,19141.97,35.66999816894531,33.42636489868164,-2.243633270263672
EV_003,244.0,19141.97,35.66999816894531,33.1972541809082,-2.4727439880371094
EV_003,248.0,19141.97,35.66999816894531,33.513545989990234,-2.156452178955078
EV_003,245.0,19141.97,35.66999816894531,33.12009811401367,-2.5499000549316406
EV_003,249.0,19141.97,35.66999816894531,33.86946487426758,-1.8005332946777344
EV_003,246.0,19141.97,35.66999816894531,33.00238037109375,-2.6676177978515625
EV_003,250.0,19141.97,35.66999816894531,32.95362854003906,-2.71636962890625
EV_003,247.0,19141.97,35.66999816894531,34.035823822021484,-1.6341743469238281
EV_003,251.0,19141.97,35.66999816894531,33.84360885620117,-1.8263893127441406
EV_003,248.0,19141.97,35.66999816894531,33.91115951538086,-1.7588386535644531
EV_003,249.0,19141.97,35.66999816894531,33.32052230834961,-2.349475860595703
EV_003,253.0,19141.97,35.66999816894531,32.71944808959961,-2.950550079345703
EV_003,254.0,19141.97,35.66999816894531,34.03657531738281,-1.6334228515625
EV_003,251.0,19141.97,35.66999816894531,32.7009162902832,-2.9690818786621094
EV_003,255.0,19141.97,35.66999816894531,33.6611328125,-2.0088653564453125
EV_003,252.0,19141.97,35.66999816894531,32.558441162109375,-3.1115570068359375
EV_003,253.0,19141.97,35.66999816894531,32.781124114990234,-2.888874053955078
EV_003,254.0,19141.97,35.66999816894531,32.62565231323242,-3.0443458557128906
EV_003,255.0,19141.97,35.66999816894531,33.06532669067383,-2.6046714782714844
EV_003,256.0,19141.97,35.66999816894531,32.50349044799805,-3.1665077209472656
EV_003,257.0,19141.97,35.66999816894531,32.869720458984375,-2.8002777099609375
EV_003,258.0,19141.97,35.66999816894531,33.029930114746094,-2.6400680541992188
EV_003,259.0,19141.97,35.66999816894531,32.8252067565918,-2.8447914123535156
EV_003,260.0,19141.97,35.66999816894531,33.78307342529297,-1.8869247436523438
EV_003,261.0,19141.97,35.66999816894531,33.725399017333984,-1.9445991516113281
EV_003,260.0,19141.97,35.66999816894531,32.88964080810547,-2.7803573608398438
EV_003,262.0,19141.97,35.66999816894531,34.07832717895508,-1.5916709899902344
EV_003,263.0,19141.97,35.66999816894531,33.36996841430664,-2.300029754638672
EV_003,262.0,19141.97,35.66999816894531,33.77281188964844,-1.897186279296875
EV_003,265.0,19141.97,35.66999816894531,32.481483459472656,-3.1885147094726562
EV_003,264.0,19141.97,35.66999816894531,32.52190399169922,-3.1480941772460938
EV_003,266.0,19141.97,35.66999816894531,32.54823684692383,-3.1217613220214844
EV_003,265.0,19141.97,35.66999816894531,32.40325164794922,-3.2667465209960938
EV_003,267.0,19141.97,35.66999816894531,33.672035217285156,-1.9979629516601562
EV_003,268.0,19141.97,35.66999816894531,35.14202117919922,-0.5279769897460938
EV_003,269.0,19141.97,35.66999816894531,35.152244567871094,-0.5177536010742188
EV_003,267.0,19141.97,35.66999816894531,32.536441802978516,-3.133556365966797
EV_003,270.0,19141.97,35.66999816894531,35.25063705444336,-0.4193611145019531
EV_003,268.0,19141.97,35.66999816894531,32.63182067871094,-3.038177490234375
EV_003,271.0,19141.97,35.66999816894531,35.022186279296875,-0.6478118896484375
EV_003,269.0,19141.97,35.66999816894531,32.81508255004883,-2.8549156188964844
EV_003,270.0,19141.97,35.66999816894531,33.860774993896484,-1.8092231750488281
EV_003,272.0,19141.97,35.66999816894531,34.99171447753906,-0.67828369140625
EV_003,273.0,19141.97,35.66999816894531,32.69882583618164,-2.971172332763672
EV_003,274.0,19141.97,35.66999816894531,32.657318115234375,-3.0126800537109375
EV_003,272.0,19141.97,35.66999816894531,32.82136535644531,-2.8486328125
EV_003,275.0,19141.97,35.66999816894531,32.49613952636719,-3.173858642578125
EV_003,273.0,19141.97,35.66999816894531,32.7450065612793,-2.9249916076660156
EV_003,276.0,19141.97,35.66999816894531,32.697166442871094,-2.9728317260742188
EV_003,275.0,19141.97,35.66999816894531,32.737571716308594,-2.9324264526367188
EV_003,278.0,19141.97,35.66999816894531,32.474754333496094,-3.1952438354492188
EV_003,276.0,19141.97,35.66999816894531,32.864158630371094,-2.8058395385742188
EV_003,279.0,19141.97,35.66999816894531,32.57809066772461,-3.091907501220703
EV_003,277.0,19141.97,35.66999816894531,32.87759780883789,-2.792400360107422
EV_003,280.0,19141.97,35.66999816894531,32.84709548950195,-2.8229026794433594
EV_003,278.0,19141.97,35.66999816894531,32.74092102050781,-2.9290771484375
EV_003,281.0,19141.97,35.66999816894531,34.35012435913086,-1.3198738098144531
EV_003,279.0,19141.97,35.66999816894531,32.87714767456055,-2.7928504943847656
EV_003,282.0,19141.97,35.66999816894531,34.0077018737793,-1.6622962951660156
EV_003,280.0,19141.97,35.66999816894531,32.93159484863281,-2.7384033203125
EV_003,283.0,19141.97,35.66999816894531,33.89950180053711,-1.7704963684082031
EV_003,281.0,19141.97,35.66999816894531,32.82295608520508,-2.8470420837402344
EV_003,284.0,19141.97,35.66999816894531,35.23712158203125,-0.4328765869140625
EV_003,282.0,19141.97,35.66999816894531,32.868614196777344,-2.8013839721679688
EV_003,285.0,19141.97,35.66999816894531,33.76058578491211,-1.9094123840332031
EV_003,283.0,19141.97,35.66999816894531,32.79606246948242,-2.8739356994628906
EV_003,286.0,19141.97,35.66999816894531,33.251949310302734,-2.418048858642578
EV_003,284.0,19141.97,35.66999816894531,32.9298095703125,-2.7401885986328125
EV_003,287.0,19141.97,35.66999816894531,32.80802536010742,-2.8619728088378906
EV_003,285.0,19141.97,35.66999816894531,32.79375076293945,-2.8762474060058594
EV_003,288.0,19141.97,35.66999816894531,33.75202178955078,-1.9179763793945312
EV_003,286.0,19141.97,35.66999816894531,32.71160888671875,-2.9583892822265625
EV_003,289.0,19141.97,35.66999816894531,33.686248779296875,-1.9837493896484375
EV_003,290.0,19141.97,35.66999816894531,33.88390350341797,-1.7860946655273438
EV_003,291.0,19141.97,35.66999816894531,33.743064880371094,-1.9269332885742188
EV_003,288.0,19141.97,35.66999816894531,32.78372573852539,-2.886272430419922
EV_003,292.0,19141.97,35.66999816894531,33.85707473754883,-1.8129234313964844
EV_003,289.0,19141.97,35.66999816894531,32.705448150634766,-2.964550018310547
EV_003,293.0,19141.97,35.66999816894531,33.61457061767578,-2.0554275512695312
EV_003,290.0,19141.97,35.66999816894531,32.72846984863281,-2.9415283203125
EV_003,291.0,19141.97,35.66999816894531,32.75170135498047,-2.9182968139648438
EV_003,292.0,19141.97,35.66999816894531,32.72048568725586,-2.949512481689453
EV_003,295.0,19141.97,35.66999816894531,32.43716049194336,-3.232837677001953
EV_003,293.0,19141.97,35.66999816894531,32.70136260986328,-2.9686355590820312
EV_003,296.0,19141.97,35.66999816894531,32.670501708984375,-2.9994964599609375
EV_003,294.0,19141.97,35.66999816894531,32.75202941894531,-2.91796875
EV_003,298.0,19141.97,35.66999816894531,32.582481384277344,-3.0875167846679688
EV_003,296.0,19141.97,35.66999816894531,33.058753967285156,-2.6112442016601562
EV_003,299.0,19141.97,35.66999816894531,32.357147216796875,-3.3128509521484375
EV_003,297.0,19141.97,35.66999816894531,34.585453033447266,-1.0845451354980469
EV_003,300.0,19141.97,35.66999816894531,32.474464416503906,-3.1955337524414062
EV_003,298.0,19141.97,35.66999816894531,33.319488525390625,-2.3505096435546875
EV_003,301.0,19141.97,35.66999816894531,32.60209274291992,-3.0679054260253906
EV_003,302.0,19141.97,35.66999816894531,32.58775329589844,-3.082244873046875
EV_003,300.0,19141.97,35.66999816894531,33.50740432739258,-2.1625938415527344
EV_003,303.0,19141.97,35.66999816894531,32.72917938232422,-2.9408187866210938
EV_003,304.0,19141.97,35.66999816894531,32.777259826660156,-2.8927383422851562
EV_003,301.0,19141.97,35.66999816894531,33.75267028808594,-1.917327880859375
EV_003,302.0,19141.97,35.66999816894531,33.72465133666992,-1.9453468322753906
EV_003,305.0,19141.97,35.66999816894531,32.566688537597656,-3.1033096313476562
EV_003,303.0,19141.97,35.66999816894531,34.19852066040039,-1.4714775085449219
EV_003,306.0,19141.97,35.66999816894531,32.60102081298828,-3.0689773559570312
EV_003,307.0,19141.97,35.66999816894531,32.61323165893555,-3.0567665100097656
EV_003,304.0,19141.97,35.66999816894531,34.35197830200195,-1.3180198669433594
EV_003,305.0,19141.97,35.66999816894531,34.6075439453125,-1.0624542236328125
EV_003,308.0,19141.97,35.66999816894531,33.338653564453125,-2.3313446044921875
EV_003,306.0,19141.97,35.66999816894531,34.63821792602539,-1.0317802429199219
EV_003,309.0,19141.97,35.66999816894531,33.742767333984375,-1.9272308349609375
EV_003,310.0,19141.97,35.66999816894531,32.90217590332031,-2.767822265625
EV_003,307.0,19141.97,35.66999816894531,33.74867248535156,-1.92132568359375
EV_003,308.0,19141.97,35.66999816894531,32.87973403930664,-2.790264129638672
EV_003,311.0,19141.97,35.66999816894531,32.87831115722656,-2.79168701171875
EV_003,312.0,19141.97,35.66999816894531,32.823692321777344,-2.8463058471679688
EV_003,313.0,19141.97,35.66999816894531,32.88764953613281,-2.7823486328125
EV_003,310.0,19141.97,35.66999816894531,33.9419059753418,-1.7280921936035156
EV_003,314.0,19141.97,35.66999816894531,32.7606315612793,-2.9093666076660156
EV_003,311.0,19141.97,35.66999816894531,33.657936096191406,-2.0120620727539062
EV_003,315.0,19141.97,35.66999816894531,32.810916900634766,-2.859081268310547
EV_003,316.0,19141.97,35.66999816894531,32.89491271972656,-2.77508544921875
EV_003,313.0,19141.97,35.66999816894531,33.88120651245117,-1.7887916564941406
EV_003,314.0,19141.97,35.66999816894531,32.562355041503906,-3.1076431274414062
EV_003,318.0,19141.97,35.66999816894531,33.382354736328125,-2.2876434326171875
EV_003,315.0,19141.97,35.66999816894531,32.670257568359375,-2.9997406005859375
EV_003,316.0,19141.97,35.66999816894531,33.49230194091797,-2.1776962280273438
EV_003,317.0,19141.97,35.66999816894531,33.1854248046875,-2.4845733642578125
EV_003,318.0,19141.97,35.66999816894531,33.21931076049805,-2.4506874084472656
EV_003,321.0,19141.97,35.66999816894531,32.64120101928711,-3.028797149658203
EV_003,322.0,19141.97,35.66999816894531,32.592002868652344,-3.0779953002929688
EV_003,323.0,19141.97,35.66999816894531,32.55427551269531,-3.11572265625
EV_003,321.0,19141.97,35.66999816894531,32.6219367980957,-3.0480613708496094
EV_003,324.0,19141.97,35.66999816894531,32.97723388671875,-2.6927642822265625
EV_003,322.0,19141.97,35.66999816894531,34.18312072753906,-1.48687744140625
EV_003,325.0,19141.97,35.66999816894531,34.32822036743164,-1.3417778015136719
EV_003,323.0,19141.97,35.66999816894531,32.87107849121094,-2.798919677734375
EV_003,326.0,19141.97,35.66999816894531,34.903907775878906,-0.7660903930664062
EV_003,327.0,19141.97,35.66999816894531,34.63805389404297,-1.0319442749023438
EV_003,325.0,19141.97,35.66999816894531,32.4539794921875,-3.2160186767578125
EV_003,328.0,19141.97,35.66999816894531,34.09550476074219,-1.574493408203125
EV_003,329.0,19141.97,35.66999816894531,34.3358154296875,-1.3341827392578125
EV_003,326.0,19141.97,35.66999816894531,32.52444076538086,-3.145557403564453
EV_003,330.0,19141.97,35.66999816894531,33.03429412841797,-2.6357040405273438
EV_003,327.0,19141.97,35.66999816894531,33.790199279785156,-1.8797988891601562
EV_003,328.0,19141.97,35.66999816894531,34.143497467041016,-1.5265007019042969
EV_003,329.0,19141.97,35.66999816894531,33.61631393432617,-2.0536842346191406
EV_003,330.0,19141.97,35.66999816894531,33.14845275878906,-2.52154541015625
EV_003,332.0,19141.97,35.66999816894531,32.50953674316406,-3.16046142578125
EV_003,333.0,19141.97,35.66999816894531,32.60648727416992,-3.0635108947753906
EV_003,334.0,19141.97,35.66999816894531,32.583099365234375,-3.0868988037109375
EV_003,339.0,19141.97,35.66999816894531,34.438392639160156,-1.2316055297851562
EV_003,349.0,19141.97,35.66999816894531,34.09851837158203,-1.5714797973632812
EV_003,350.0,19141.97,35.66999816894531,34.02260208129883,-1.6473960876464844
EV_003,349.0,19141.97,35.66999816894531,32.699344635009766,-2.970653533935547
EV_003,351.0,19141.97,35.66999816894531,32.68434524536133,-2.9856529235839844
EV_003,350.0,19141.97,35.66999816894531,32.684993743896484,-2.985004425048828
EV_003,351.0,19141.97,35.66999816894531,32.5467414855957,-3.1232566833496094
EV_003,352.0,19141.97,35.66999816894531,32.671390533447266,-2.998607635498047
EV_003,352.0,19141.97,35.66999816894531,32.732452392578125,-2.9375457763671875
EV_003,353.0,19141.97,35.66999816894531,32.741966247558594,-2.9280319213867188
EV_003,354.0,19141.97,35.66999816894531,32.5783805847168,-3.0916175842285156
EV_003,354.0,19141.97,35.66999816894531,32.49974060058594,-3.170257568359375
EV_003,363.0,19141.97,35.66999816894531,33.23582458496094,-2.434173583984375
EV_003,363.0,19141.97,35.66999816894531,32.82521057128906,-2.84478759765625
EV_003,365.0,19141.97,35.66999816894531,33.11214065551758,-2.5578575134277344
EV_003,366.0,19141.97,35.66999816894531,34.13551330566406,-1.53448486328125
EV_003,367.0,19141.97,35.66999816894531,34.857688903808594,-0.8123092651367188
EV_003,365.0,19141.97,35.66999816894531,33.81101989746094,-1.858978271484375
EV_003,366.0,19141.97,35.66999816894531,33.54473876953125,-2.1252593994140625
EV_003,368.0,19141.97,35.66999816894531,33.664939880371094,-2.0050582885742188
EV_003,367.0,19141.97,35.66999816894531,33.89763641357422,-1.7723617553710938
EV_003,369.0,19141.97,35.66999816894531,32.53972244262695,-3.1302757263183594
EV_003,370.0,19141.97,35.66999816894531,32.57447052001953,-3.0955276489257812
EV_003,369.0,19141.97,35.66999816894531,32.69055938720703,-2.9794387817382812
EV_003,371.0,19141.97,35.66999816894531,34.27989196777344,-1.390106201171875
EV_003,372.0,19141.97,35.66999816894531,34.12560272216797,-1.5443954467773438
EV_003,370.0,19141.97,35.66999816894531,32.8109245300293,-2.8590736389160156
EV_003,373.0,19141.97,35.66999816894531,33.667701721191406,-2.0022964477539062
EV_003,371.0,19141.97,35.66999816894531,32.846282958984375,-2.8237152099609375
EV_003,372.0,19141.97,35.66999816894531,32.66322708129883,-3.0067710876464844
EV_003,373.0,19141.97,35.66999816894531,32.879032135009766,-2.790966033935547
EV_003,374.0,19141.97,35.66999816894531,32.72692108154297,-2.9430770874023438
EV_003,385.0,19141.97,35.66999816894531,35.00717544555664,-0.6628227233886719
EV_003,385.0,19141.97,35.66999816894531,32.869937896728516,-2.800060272216797
EV_003,386.0,19141.97,35.66999816894531,34.84626388549805,-0.8237342834472656
EV_003,386.0,19141.97,35.66999816894531,33.97715377807617,-1.6928443908691406
EV_003,387.0,19141.97,35.66999816894531,34.61531448364258,-1.0546836853027344
EV_003,387.0,19141.97,35.66999816894531,33.30051803588867,-2.3694801330566406
EV_003,388.0,19141.97,35.66999816894531,33.918357849121094,-1.7516403198242188
EV_003,389.0,19141.97,35.66999816894531,33.79257583618164,-1.8774223327636719
EV_003,388.0,19141.97,35.66999816894531,32.94314956665039,-2.726848602294922
EV_003,389.0,19141.97,35.66999816894531,33.49870300292969,-2.171295166015625
EV_003,390.0,19141.97,35.66999816894531,33.82796096801758,-1.8420372009277344
EV_003,390.0,19141.97,35.66999816894531,32.439701080322266,-3.230297088623047
EV_003,391.0,19141.97,35.66999816894531,32.47390365600586,-3.196094512939453
EV_003,392.0,19141.97,35.66999816894531,32.6427001953125,-3.0272979736328125
EV_003,391.0,19141.97,35.66999816894531,32.75918197631836,-2.910816192626953
EV_003,392.0,19141.97,35.66999816894531,32.541114807128906,-3.1288833618164062
EV_003,393.0,19141.97,35.66999816894531,32.705989837646484,-2.964008331298828
EV_003,393.0,19141.97,35.66999816894531,32.5572624206543,-3.1127357482910156
EV_003,394.0,19141.97,35.66999816894531,33.135379791259766,-2.534618377685547
EV_003,394.0,19141.97,35.66999816894531,32.54274368286133,-3.1272544860839844
EV_003,395.0,19141.97,35.66999816894531,33.54952621459961,-2.120471954345703
EV_003,395.0,19141.97,35.66999816894531,32.53889465332031,-3.131103515625
EV_003,405.0,19141.97,35.66999816894531,32.61088562011719,-3.059112548828125
EV_003,406.0,19141.97,35.66999816894531,32.72784423828125,-2.9421539306640625
EV_003,405.0,19141.97,35.66999816894531,32.665191650390625,-3.0048065185546875
EV_003,407.0,19141.97,35.66999816894531,32.909400939941406,-2.7605972290039062
EV_003,406.0,19141.97,35.66999816894531,32.6323127746582,-3.0376853942871094
EV_003,408.0,19141.97,35.66999816894531,32.69717788696289,-2.972820281982422
EV_003,407.0,19141.97,35.66999816894531,32.54410934448242,-3.1258888244628906
EV_003,409.0,19141.97,35.66999816894531,32.90456771850586,-2.765430450439453
EV_003,408.0,19141.97,35.66999816894531,32.57432174682617,-3.0956764221191406
EV_003,410.0,19141.97,35.66999816894531,32.719154357910156,-2.9508438110351562
EV_003,409.0,19141.97,35.66999816894531,32.671695709228516,-2.998302459716797
EV_003,411.0,19141.97,35.66999816894531,32.74095916748047,-2.9290390014648438
EV_003,410.0,19141.97,35.66999816894531,32.50015640258789,-3.169841766357422
EV_003,412.0,19141.97,35.66999816894531,32.80263900756836,-2.867359161376953
EV_003,411.0,19141.97,35.66999816894531,32.55332946777344,-3.116668701171875
EV_003,412.0,19141.97,35.66999816894531,32.52522277832031,-3.144775390625
EV_003,414.0,19141.97,35.66999816894531,32.721553802490234,-2.948444366455078
EV_003,413.0,19141.97,35.66999816894531,32.666412353515625,-3.0035858154296875
EV_003,414.0,19141.97,35.66999816894531,32.74411392211914,-2.925884246826172
EV_003,415.0,19141.97,35.66999816894531,32.74294662475586,-2.927051544189453
EV_003,416.0,19141.97,35.66999816894531,32.78536605834961,-2.884632110595703
EV_003,417.0,19141.97,35.66999816894531,32.92380142211914,-2.746196746826172
EV_003,418.0,19141.97,35.66999816894531,32.73861312866211,-2.931385040283203
EV_003,416.0,19141.97,35.66999816894531,33.71251678466797,-1.9574813842773438
EV_003,417.0,19141.97,35.66999816894531,34.0087890625,-1.6612091064453125
EV_003,419.0,19141.97,35.66999816894531,32.80611038208008,-2.8638877868652344
EV_003,418.0,19141.97,35.66999816894531,33.752201080322266,-1.9177970886230469
EV_003,420.0,19141.97,35.66999816894531,32.833553314208984,-2.836444854736328
EV_003,421.0,19141.97,35.66999816894531,33.148563385009766,-2.521434783935547
EV_003,419.0,19141.97,35.66999816894531,33.60603713989258,-2.0639610290527344
EV_003,420.0,19141.97,35.66999816894531,34.630210876464844,-1.0397872924804688
EV_003,422.0,19141.97,35.66999816894531,33.50214385986328,-2.1678543090820312
EV_003,421.0,19141.97,35.66999816894531,34.06667709350586,-1.6033210754394531
EV_003,422.0,19141.97,35.66999816894531,32.60347366333008,-3.0665245056152344
EV_003,424.0,19141.97,35.66999816894531,33.0672607421875,-2.6027374267578125
EV_003,423.0,19141.97,35.66999816894531,32.54411697387695,-3.1258811950683594
EV_003,425.0,19141.97,35.66999816894531,34.26242446899414,-1.4075736999511719
EV_003,424.0,19141.97,35.66999816894531,32.61381912231445,-3.0561790466308594
EV_003,425.0,19141.97,35.66999816894531,32.67021942138672,-2.9997787475585938
EV_003,426.0,19141.97,35.66999816894531,32.75983810424805,-2.9101600646972656
EV_003,428.0,19141.97,35.66999816894531,33.86244201660156,-1.80755615234375
EV_003,430.0,19141.97,35.66999816894531,35.03421401977539,-0.6357841491699219
EV_003,429.0,19141.97,35.66999816894531,33.39999771118164,-2.270000457763672
EV_003,431.0,19141.97,35.66999816894531,35.2682991027832,-0.4016990661621094
EV_003,433.0,19141.97,35.66999816894531,32.72296905517578,-2.9470291137695312
EV_003,432.0,19141.97,35.66999816894531,32.65660858154297,-3.0133895874023438
EV_003,433.0,19141.97,35.66999816894531,32.69063186645508,-2.9793663024902344
EV_003,435.0,19141.97,35.66999816894531,34.328956604003906,-1.3410415649414062
EV_003,434.0,19141.97,35.66999816894531,32.58543395996094,-3.084564208984375
EV_003,435.0,19141.97,35.66999816894531,32.57291030883789,-3.097087860107422
EV_003,444.0,19141.97,35.66999816894531,33.19639587402344,-2.473602294921875
EV_003,445.0,19141.97,35.66999816894531,32.50090408325195,-3.1690940856933594
EV_003,446.0,19141.97,35.66999816894531,32.709712982177734,-2.960285186767578
EV_003,445.0,19141.97,35.66999816894531,32.99184799194336,-2.678150177001953
EV_003,447.0,19141.97,35.66999816894531,32.664512634277344,-3.0054855346679688
EV_003,448.0,19141.97,35.66999816894531,32.60027313232422,-3.0697250366210938
EV_003,447.0,19141.97,35.66999816894531,32.57942581176758,-3.0905723571777344
EV_003,449.0,19141.97,35.66999816894531,32.95514678955078,-2.7148513793945312
EV_003,450.0,19141.97,35.66999816894531,32.95735549926758,-2.7126426696777344
EV_003,448.0,19141.97,35.66999816894531,32.53757858276367,-3.1324195861816406
EV_003,449.0,19141.97,35.66999816894531,32.44094467163086,-3.229053497314453
EV_003,451.0,19141.97,35.66999816894531,32.80366897583008,-2.8663291931152344
EV_003,452.0,19141.97,35.66999816894531,32.86763000488281,-2.8023681640625
EV_003,453.0,19141.97,35.66999816894531,32.74613952636719,-2.923858642578125
EV_003,451.0,19141.97,35.66999816894531,32.6392822265625,-3.0307159423828125
EV_003,452.0,19141.97,35.66999816894531,32.60793685913086,-3.062061309814453
EV_003,455.0,19141.97,35.66999816894531,32.7724609375,-2.8975372314453125
EV_003,453.0,19141.97,35.66999816894531,32.59225845336914,-3.077739715576172
EV_003,454.0,19141.97,35.66999816894531,32.652374267578125,-3.0176239013671875
EV_003,456.0,19141.97,35.66999816894531,32.97035598754883,-2.6996421813964844
EV_003,455.0,19141.97,35.66999816894531,32.716941833496094,-2.9530563354492188
EV_003,457.0,19141.97,35.66999816894531,32.739898681640625,-2.9300994873046875
EV_003,458.0,19141.97,35.66999816894531,32.751705169677734,-2.918292999267578
EV_003,456.0,19141.97,35.66999816894531,32.797935485839844,-2.8720626831054688
EV_003,457.0,19141.97,35.66999816894531,34.145225524902344,-1.5247726440429688
EV_003,459.0,19141.97,35.66999816894531,32.89556121826172,-2.7744369506835938
EV_003,458.0,19141.97,35.66999816894531,33.43086624145508,-2.2391319274902344
EV_003,460.0,19141.97,35.66999816894531,32.82114028930664,-2.848857879638672
EV_003,461.0,19141.97,35.66999816894531,32.79994583129883,-2.8700523376464844
EV_003,462.0,19141.97,35.66999816894531,32.84869384765625,-2.8213043212890625
EV_003,460.0,19141.97,35.66999816894531,32.743804931640625,-2.9261932373046875
EV_003,463.0,19141.97,35.66999816894531,32.7127799987793,-2.9572181701660156
EV_003,461.0,19141.97,35.66999816894531,32.739845275878906,-2.9301528930664062
EV_003,464.0,19141.97,35.66999816894531,32.791542053222656,-2.8784561157226562
EV_003,462.0,19141.97,35.66999816894531,32.7881965637207,-2.8818016052246094
EV_003,465.0,19141.97,35.66999816894531,32.705726623535156,-2.9642715454101562
EV_003,463.0,19141.97,35.66999816894531,32.71965026855469,-2.950347900390625
EV_003,466.0,19141.97,35.66999816894531,32.97365188598633,-2.6963462829589844
EV_003,464.0,19141.97,35.66999816894531,32.68083190917969,-2.989166259765625
EV_003,465.0,19141.97,35.66999816894531,32.7435188293457,-2.9264793395996094
EV_003,466.0,19141.97,35.66999816894531,32.87769317626953,-2.7923049926757812
EV_003,467.0,19141.97,35.66999816894531,32.738624572753906,-2.9313735961914062
EV_003,468.0,19141.97,35.66999816894531,32.809234619140625,-2.8607635498046875
EV_004,166.0,32664.12,32.560001373291016,32.99030685424805,0.43030548095703125
EV_004,167.0,32664.12,32.560001373291016,33.25424575805664,0.694244384765625
EV_004,168.0,32664.12,32.560001373291016,34.34777069091797,1.7877693176269531
EV_004,172.0,32664.12,32.560001373291016,32.58098220825195,0.0209808349609375
EV_004,176.0,32664.12,32.560001373291016,32.49834060668945,-0.0616607666015625
EV_004,177.0,32664.12,32.560001373291016,33.53509521484375,0.9750938415527344
EV_004,179.0,32664.12,32.560001373291016,33.813621520996094,1.2536201477050781
EV_004,181.0,32664.12,32.560001373291016,32.5131950378418,-0.04680633544921875
EV_004,182.0,32664.12,32.560001373291016,32.555965423583984,-0.00403594970703125
EV_004,183.0,32664.12,32.560001373291016,32.54161834716797,-0.018383026123046875
EV_004,184.0,32664.12,32.560001373291016,32.67107391357422,0.11107254028320312
EV_004,186.0,32664.12,32.560001373291016,32.756980895996094,0.19697952270507812
EV_004,187.0,32664.12,32.560001373291016,33.73455810546875,1.1745567321777344
EV_004,188.0,32664.12,32.560001373291016,32.98320007324219,0.4231986999511719
EV_004,189.0,32664.12,32.560001373291016,32.935325622558594,0.3753242492675781
EV_004,193.0,32664.12,32.560001373291016,33.684959411621094,1.1249580383300781
EV_004,196.0,32664.12,32.560001373291016,32.494972229003906,-0.06502914428710938
EV_004,197.0,32664.12,32.560001373291016,34.04212951660156,1.4821281433105469
EV_004,198.0,32664.12,32.560001373291016,34.16456985473633,1.6045684814453125
EV_004,199.0,32664.12,32.560001373291016,34.144012451171875,1.5840110778808594
EV_004,200.0,32664.12,32.560001373291016,33.48268508911133,0.9226837158203125
EV_004,202.0,32664.12,32.560001373291016,33.66106414794922,1.1010627746582031
EV_004,203.0,32664.12,32.560001373291016,33.49578094482422,0.9357795715332031
EV_004,204.0,32664.12,32.560001373291016,33.297996520996094,0.7379951477050781
EV_004,209.0,32664.12,32.560001373291016,32.63501739501953,0.07501602172851562
EV_004,211.0,32664.12,32.560001373291016,32.56642150878906,0.006420135498046875
EV_004,212.0,32664.12,32.560001373291016,32.57338333129883,0.0133819580078125
EV_004,215.0,32664.12,32.560001373291016,33.0250244140625,0.4650230407714844
EV_004,217.0,32664.12,32.560001373291016,33.00389862060547,0.4438972473144531
EV_004,218.0,32664.12,32.560001373291016,33.57402801513672,1.0140266418457031
EV_004,219.0,32664.12,32.560001373291016,33.985443115234375,1.4254417419433594
EV_004,220.0,32664.12,32.560001373291016,32.68762969970703,0.12762832641601562
EV_004,224.0,32664.12,32.560001373291016,33.751548767089844,1.1915473937988281
EV_004,225.0,32664.12,32.560001373291016,32.577423095703125,0.017421722412109375
EV_004,226.0,32664.12,32.560001373291016,32.9998664855957,0.4398651123046875
EV_004,228.0,32664.12,32.560001373291016,33.81834411621094,1.2583427429199219
EV_004,230.0,32664.12,32.560001373291016,33.78174591064453,1.2217445373535156
EV_004,231.0,32664.12,32.560001373291016,33.526275634765625,0.9662742614746094
EV_004,232.0,32664.12,32.560001373291016,32.68578338623047,0.12578201293945312
EV_004,234.0,32664.12,32.560001373291016,33.693050384521484,1.1330490112304688
EV_004,237.0,32664.12,32.560001373291016,32.63979721069336,0.07979583740234375
EV_004,238.0,32664.12,32.560001373291016,32.48149871826172,-0.07850265502929688
EV_004,239.0,32664.12,32.560001373291016,32.64912033081055,0.08911895751953125
EV_004,240.0,32664.12,32.560001373291016,32.74802017211914,0.188018798828125
EV_004,242.0,32664.12,32.560001373291016,33.42209243774414,0.862091064453125
EV_004,244.0,32664.12,32.560001373291016,33.5114631652832,0.9514617919921875
EV_004,246.0,32664.12,32.560001373291016,32.96446990966797,0.4044685363769531
EV_004,247.0,32664.12,32.560001373291016,33.27813720703125,0.7181358337402344
EV_004,249.0,32664.12,32.560001373291016,33.60004425048828,1.0400428771972656
EV_004,260.0,32664.12,32.560001373291016,32.593379974365234,0.03337860107421875
EV_004,260.0,32664.12,32.560001373291016,32.87823486328125,0.3182334899902344
EV_004,261.0,32664.12,32.560001373291016,33.457679748535156,0.8976783752441406
EV_004,261.0,32664.12,32.560001373291016,32.94976806640625,0.3897666931152344
EV_004,262.0,32664.12,32.560001373291016,34.08774185180664,1.527740478515625
EV_004,263.0,32664.12,32.560001373291016,32.53907012939453,-0.020931243896484375
EV_004,262.0,32664.12,32.560001373291016,32.80455780029297,0.24455642700195312
EV_004,263.0,32664.12,32.560001373291016,33.346710205078125,0.7867088317871094
EV_004,264.0,32664.12,32.560001373291016,32.501617431640625,-0.058383941650390625
EV_004,264.0,32664.12,32.560001373291016,32.59227752685547,0.032276153564453125
EV_004,265.0,32664.12,32.560001373291016,32.67396545410156,0.11396408081054688
EV_004,266.0,32664.12,32.560001373291016,32.80908966064453,0.24908828735351562
EV_004,265.0,32664.12,32.560001373291016,32.717403411865234,0.15740203857421875
EV_004,266.0,32664.12,32.560001373291016,32.73081970214844,0.17081832885742188
EV_004,296.0,32664.12,32.560001373291016,34.156410217285156,1.5964088439941406
EV_004,297.0,32664.12,32.560001373291016,33.803810119628906,1.2438087463378906
EV_004,296.0,32664.12,32.560001373291016,32.74937057495117,0.18936920166015625
EV_004,297.0,32664.12,32.560001373291016,32.6623649597168,0.10236358642578125
EV_004,298.0,32664.12,32.560001373291016,33.45566177368164,0.895660400390625
EV_004,298.0,32664.12,32.560001373291016,32.78795623779297,0.22795486450195312
EV_004,299.0,32664.12,32.560001373291016,33.61787414550781,1.0578727722167969
EV_004,299.0,32664.12,32.560001373291016,32.76349639892578,0.20349502563476562
EV_004,400.0,32664.12,32.560001373291016,32.81159591674805,0.25159454345703125
EV_004,400.0,32664.12,32.560001373291016,32.60316848754883,0.0431671142578125
EV_004,401.0,32664.12,32.560001373291016,32.87180709838867,0.31180572509765625
EV_004,401.0,32664.12,32.560001373291016,32.47687530517578,-0.08312606811523438
EV_004,402.0,32664.12,32.560001373291016,32.874027252197266,0.31402587890625
EV_004,402.0,32664.12,32.560001373291016,32.55120849609375,-0.008792877197265625
EV_004,403.0,32664.12,32.560001373291016,32.78425979614258,0.2242584228515625
EV_004,403.0,32664.12,32.560001373291016,32.755924224853516,0.1959228515625
EV_004,424.0,32664.12,32.560001373291016,33.61772918701172,1.0577278137207031
EV_004,424.0,32664.12,32.560001373291016,32.809837341308594,0.24983596801757812
EV_004,427.0,32664.12,32.560001373291016,33.06735610961914,0.507354736328125
EV_004,427.0,32664.12,32.560001373291016,32.76899337768555,0.20899200439453125
EV_004,444.0,32664.12,32.560001373291016,33.73537063598633,1.1753692626953125
EV_004,444.0,32664.12,32.560001373291016,32.596954345703125,0.036952972412109375
EV_004,445.0,32664.12,32.560001373291016,33.58845901489258,1.0284576416015625
EV_004,446.0,32664.12,32.560001373291016,32.585140228271484,0.02513885498046875
EV_004,447.0,32664.12,32.560001373291016,32.698795318603516,0.1387939453125
EV_004,448.0,32664.12,32.560001373291016,32.577476501464844,0.017475128173828125
EV_004,447.0,32664.12,32.560001373291016,32.4726676940918,-0.08733367919921875
EV_004,449.0,32664.12,32.560001373291016,32.784366607666016,0.224365234375
EV_004,450.0,32664.12,32.560001373291016,32.895851135253906,0.3358497619628906
EV_004,449.0,32664.12,32.560001373291016,34.223758697509766,1.66375732421875
EV_004,450.0,32664.12,32.560001373291016,33.89210891723633,1.3321075439453125
EV_004,452.0,32664.12,32.560001373291016,33.159210205078125,0.5992088317871094
EV_004,451.0,32664.12,32.560001373291016,33.12220001220703,0.5621986389160156
EV_004,453.0,32664.12,32.560001373291016,33.23206329345703,0.6720619201660156
EV_004,453.0,32664.12,32.560001373291016,33.6900520324707,1.1300506591796875
EV_004,455.0,32664.12,32.560001373291016,32.67454528808594,0.11454391479492188
EV_004,456.0,32664.12,32.560001373291016,32.522850036621094,-0.037151336669921875
EV_004,455.0,32664.12,32.560001373291016,33.49013900756836,0.9301376342773438
EV_004,457.0,32664.12,32.560001373291016,34.72962951660156,2.169628143310547
EV_004,458.0,32664.12,32.560001373291016,35.25236892700195,2.6923675537109375
EV_004,459.0,32664.12,32.560001373291016,35.018592834472656,2.4585914611816406
EV_004,457.0,32664.12,32.560001373291016,32.86164855957031,0.3016471862792969
EV_004,460.0,32664.12,32.560001373291016,34.44758224487305,1.8875808715820312
EV_004,459.0,32664.12,32.560001373291016,32.55623245239258,-0.0037689208984375
EV_004,462.0,32664.12,32.560001373291016,32.534339904785156,-0.025661468505859375
EV_004,460.0,32664.12,32.560001373291016,32.500980377197266,-0.05902099609375
EV_004,463.0,32664.12,32.560001373291016,33.005401611328125,0.4454002380371094
EV_004,461.0,32664.12,32.560001373291016,32.655433654785156,0.09543228149414062
EV_004,464.0,32664.12,32.560001373291016,32.599117279052734,0.03911590576171875
EV_004,462.0,32664.12,32.560001373291016,32.70607376098633,0.1460723876953125
EV_004,465.0,32664.12,32.560001373291016,32.70062255859375,0.14062118530273438
EV_004,463.0,32664.12,32.560001373291016,32.647457122802734,0.08745574951171875
EV_004,466.0,32664.12,32.560001373291016,32.58476638793945,0.0247650146484375
EV_004,464.0,32664.12,32.560001373291016,32.69013595581055,0.13013458251953125
EV_004,468.0,32664.12,32.560001373291016,34.612850189208984,2.0528488159179688
EV_004,466.0,32664.12,32.560001373291016,32.610111236572266,0.05010986328125
EV_004,470.0,32664.12,32.560001373291016,33.133995056152344,0.5739936828613281
EV_004,468.0,32664.12,32.560001373291016,32.791629791259766,0.23162841796875
EV_004,471.0,32664.12,32.560001373291016,32.78764343261719,0.22764205932617188
EV_004,472.0,32664.12,32.560001373291016,32.87830352783203,0.3183021545410156
EV_004,473.0,32664.12,32.560001373291016,33.08084487915039,0.520843505859375
EV_004,471.0,32664.12,32.560001373291016,32.6552848815918,0.09528350830078125
EV_004,475.0,32664.12,32.560001373291016,34.01899719238281,1.4589958190917969
EV_004,472.0,32664.12,32.560001373291016,32.7644157409668,0.20441436767578125
EV_004,473.0,32664.12,32.560001373291016,32.78005599975586,0.22005462646484375
EV_004,474.0,32664.12,32.560001373291016,32.82342529296875,0.2634239196777344
EV_004,475.0,32664.12,32.560001373291016,32.787864685058594,0.22786331176757812
EV_004,476.0,32664.12,32.560001373291016,32.761775970458984,0.20177459716796875
EV_004,479.0,32664.12,32.560001373291016,32.68647003173828,0.12646865844726562
EV_004,480.0,32664.12,32.560001373291016,32.800899505615234,0.24089813232421875
EV_004,478.0,32664.12,32.560001373291016,32.7502555847168,0.19025421142578125
EV_004,479.0,32664.12,32.560001373291016,32.69429016113281,0.13428878784179688
EV_004,481.0,32664.12,32.560001373291016,32.85466384887695,0.2946624755859375
EV_004,480.0,32664.12,32.560001373291016,32.95768356323242,0.39768218994140625
EV_004,482.0,32664.12,32.560001373291016,32.67926025390625,0.11925888061523438
EV_004,481.0,32664.12,32.560001373291016,33.89611053466797,1.3361091613769531
EV_004,482.0,32664.12,32.560001373291016,33.56184387207031,1.0018424987792969
EV_004,483.0,32664.12,32.560001373291016,34.05814743041992,1.4981460571289062
EV_004,485.0,32664.12,32.560001373291016,32.59971237182617,0.03971099853515625
EV_004,484.0,32664.12,32.560001373291016,33.71495819091797,1.1549568176269531
EV_004,486.0,32664.12,32.560001373291016,32.36129379272461,-0.19870758056640625
EV_004,487.0,32664.12,32.560001373291016,32.72532653808594,0.16532516479492188
EV_004,486.0,32664.12,32.560001373291016,32.607696533203125,0.047695159912109375
EV_004,488.0,32664.12,32.560001373291016,32.74178695678711,0.18178558349609375
EV_004,487.0,32664.12,32.560001373291016,32.77936553955078,0.21936416625976562
EV_004,489.0,32664.12,32.560001373291016,32.65288543701172,0.09288406372070312
EV_004,488.0,32664.12,32.560001373291016,34.05220413208008,1.4922027587890625
EV_004,490.0,32664.12,32.560001373291016,32.64795684814453,0.08795547485351562
EV_004,489.0,32664.12,32.560001373291016,33.33498001098633,0.7749786376953125
EV_004,491.0,32664.12,32.560001373291016,32.757102966308594,0.19710159301757812
EV_004,490.0,32664.12,32.560001373291016,32.71116638183594,0.15116500854492188
EV_004,492.0,32664.12,32.560001373291016,32.512001037597656,-0.048000335693359375
EV_004,491.0,32664.12,32.560001373291016,32.5892333984375,0.029232025146484375
EV_004,493.0,32664.12,32.560001373291016,32.641136169433594,0.08113479614257812
EV_004,492.0,32664.12,32.560001373291016,32.660926818847656,0.10092544555664062
EV_004,494.0,32664.12,32.560001373291016,33.701927185058594,1.1419258117675781
EV_004,495.0,32664.12,32.560001373291016,33.361671447753906,0.8016700744628906
EV_004,494.0,32664.12,32.560001373291016,35.15103530883789,2.591033935546875
EV_004,496.0,32664.12,32.560001373291016,33.69437026977539,1.134368896484375
EV_004,495.0,32664.12,32.560001373291016,35.202232360839844,2.642230987548828
EV_004,496.0,32664.12,32.560001373291016,34.99555969238281,2.435558319091797
EV_004,498.0,32664.12,32.560001373291016,32.6803092956543,0.12030792236328125
EV_004,499.0,32664.12,32.560001373291016,32.513275146484375,-0.046726226806640625
EV_004,500.0,32664.12,32.560001373291016,32.5944938659668,0.03449249267578125
EV_004,498.0,32664.12,32.560001373291016,33.165672302246094,0.6056709289550781
EV_004,501.0,32664.12,32.560001373291016,34.385162353515625,1.8251609802246094
EV_004,499.0,32664.12,32.560001373291016,34.016021728515625,1.4560203552246094
EV_004,502.0,32664.12,32.560001373291016,34.74509811401367,2.1850967407226562
EV_004,500.0,32664.12,32.560001373291016,32.825321197509766,0.26531982421875
EV_004,503.0,32664.12,32.560001373291016,34.36223602294922,1.8022346496582031
EV_004,501.0,32664.12,32.560001373291016,32.74448013305664,0.184478759765625
EV_004,502.0,32664.12,32.560001373291016,32.60636520385742,0.04636383056640625
EV_004,504.0,32664.12,32.560001373291016,32.531463623046875,-0.028537750244140625
EV_004,505.0,32664.12,32.560001373291016,32.62827682495117,0.06827545166015625
EV_004,506.0,32664.12,32.560001373291016,32.85609817504883,0.2960968017578125
EV_004,505.0,32664.12,32.560001373291016,33.26325225830078,0.7032508850097656
EV_004,506.0,32664.12,32.560001373291016,33.220333099365234,0.6603317260742188
EV_004,509.0,32664.12,32.560001373291016,33.829383850097656,1.2693824768066406
EV_004,507.0,32664.12,32.560001373291016,33.3363151550293,0.7763137817382812
EV_004,508.0,32664.12,32.560001373291016,33.85697555541992,1.2969741821289062
EV_004,510.0,32664.12,32.560001373291016,33.755897521972656,1.1958961486816406
EV_004,511.0,32664.12,32.560001373291016,33.801124572753906,1.2411231994628906
EV_004,509.0,32664.12,32.560001373291016,32.86801528930664,0.308013916015625
EV_004,512.0,32664.12,32.560001373291016,33.67873001098633,1.1187286376953125
EV_004,510.0,32664.12,32.560001373291016,32.88217544555664,0.322174072265625
EV_004,511.0,32664.12,32.560001373291016,32.61758804321289,0.057586669921875
EV_004,512.0,32664.12,32.560001373291016,32.55194091796875,-0.008060455322265625
EV_004,514.0,32664.12,32.560001373291016,32.68171310424805,0.12171173095703125
EV_004,513.0,32664.12,32.560001373291016,32.7231330871582,0.1631317138671875
EV_004,515.0,32664.12,32.560001373291016,32.64525604248047,0.08525466918945312
EV_004,514.0,32664.12,32.560001373291016,32.569087982177734,0.00908660888671875
EV_004,515.0,32664.12,32.560001373291016,32.57600784301758,0.0160064697265625
EV_004,516.0,32664.12,32.560001373291016,32.6547966003418,0.09479522705078125
EV_004,517.0,32664.12,32.560001373291016,32.52143478393555,-0.03856658935546875
EV_004,518.0,32664.12,32.560001373291016,32.495635986328125,-0.06436538696289062
EV_004,519.0,32664.12,32.560001373291016,32.66456985473633,0.1045684814453125
EV_004,517.0,32664.12,32.560001373291016,33.873573303222656,1.3135719299316406
EV_004,520.0,32664.12,32.560001373291016,32.563201904296875,0.003200531005859375
EV_004,521.0,32664.12,32.560001373291016,34.035621643066406,1.4756202697753906
EV_004,519.0,32664.12,32.560001373291016,32.486915588378906,-0.07308578491210938
EV_004,522.0,32664.12,32.560001373291016,32.85287857055664,0.292877197265625
EV_004,523.0,32664.12,32.560001373291016,32.92793273925781,0.3679313659667969
EV_004,533.0,32664.12,32.560001373291016,34.58414840698242,2.0241470336914062
EV_004,534.0,32664.12,32.560001373291016,33.799007415771484,1.2390060424804688
EV_005,618.0,13450.41,32.150001525878906,33.359500885009766,1.2094993591308594
EV_005,619.0,13450.41,32.150001525878906,33.539939880371094,1.3899383544921875
EV_005,620.0,13450.41,32.150001525878906,33.06851577758789,0.9185142517089844
EV_005,621.0,13450.41,32.150001525878906,33.27348327636719,1.1234817504882812
EV_005,623.0,13450.41,32.150001525878906,32.61772155761719,0.46772003173828125
EV_005,624.0,13450.41,32.150001525878906,33.663124084472656,1.51312255859375
EV_005,626.0,13450.41,32.150001525878906,32.56532669067383,0.4153251647949219
EV_005,630.0,13450.41,32.150001525878906,33.12566375732422,0.9756622314453125
EV_005,632.0,13450.41,32.150001525878906,33.91225814819336,1.7622566223144531
EV_005,633.0,13450.41,32.150001525878906,33.5987434387207,1.4487419128417969
EV_005,634.0,13450.41,32.150001525878906,33.42784118652344,1.2778396606445312
EV_005,636.0,13450.41,32.150001525878906,33.8334846496582,1.6834831237792969
EV_005,638.0,13450.41,32.150001525878906,32.50918960571289,0.3591880798339844
EV_005,639.0,13450.41,32.150001525878906,32.546451568603516,0.3964500427246094
EV_005,640.0,13450.41,32.150001525878906,32.529319763183594,0.3793182373046875
EV_005,641.0,13450.41,32.150001525878906,32.57909393310547,0.4290924072265625
EV_005,642.0,13450.41,32.150001525878906,33.88394546508789,1.7339439392089844
EV_005,643.0,13450.41,32.150001525878906,33.46198654174805,1.3119850158691406
EV_005,644.0,13450.41,32.150001525878906,33.39284896850586,1.2428474426269531
EV_005,646.0,13450.41,32.150001525878906,34.421241760253906,2.271240234375
EV_005,647.0,13450.41,32.150001525878906,34.230735778808594,2.0807342529296875
EV_005,650.0,13450.41,32.150001525878906,33.59217834472656,1.4421768188476562
EV_005,652.0,13450.41,32.150001525878906,33.05596923828125,0.9059677124023438
EV_005,653.0,13450.41,32.150001525878906,32.84907531738281,0.6990737915039062
EV_005,654.0,13450.41,32.150001525878906,32.75105285644531,0.6010513305664062
EV_005,655.0,13450.41,32.150001525878906,32.42485427856445,0.2748527526855469
EV_005,656.0,13450.41,32.150001525878906,32.59614562988281,0.44614410400390625
EV_005,657.0,13450.41,32.150001525878906,32.55121612548828,0.401214599609375
EV_005,658.0,13450.41,32.150001525878906,32.58207702636719,0.43207550048828125
EV_005,659.0,13450.41,32.150001525878906,32.76430130004883,0.6142997741699219
EV_005,660.0,13450.41,32.150001525878906,35.249839782714844,3.0998382568359375
EV_005,661.0,13450.41,32.150001525878906,35.15443801879883,3.004436492919922
EV_005,662.0,13450.41,32.150001525878906,34.82124710083008,2.671245574951172
EV_005,666.0,13450.41,32.150001525878906,33.16806411743164,1.0180625915527344
EV_005,667.0,13450.41,32.150001525878906,33.24919509887695,1.0991935729980469
EV_005,668.0,13450.41,32.150001525878906,33.30201721191406,1.1520156860351562
EV_005,671.0,13450.41,32.150001525878906,32.659542083740234,0.5095405578613281
EV_005,672.0,13450.41,32.150001525878906,32.54278564453125,0.39278411865234375
EV_005,673.0,13450.41,32.150001525878906,32.47737503051758,0.3273735046386719
EV_005,674.0,13450.41,32.150001525878906,32.49503707885742,0.3450355529785156
EV_005,675.0,13450.41,32.150001525878906,32.714962005615234,0.5649604797363281
EV_005,676.0,13450.41,32.150001525878906,32.69248580932617,0.5424842834472656
EV_005,677.0,13450.41,32.150001525878906,32.54399490356445,0.3939933776855469
EV_005,678.0,13450.41,32.150001525878906,32.562477111816406,0.4124755859375
EV_005,679.0,13450.41,32.150001525878906,34.697540283203125,2.5475387573242188
EV_005,680.0,13450.41,32.150001525878906,35.02421951293945,2.874217987060547
EV_005,681.0,13450.41,32.150001525878906,34.962642669677734,2.812641143798828
EV_005,682.0,13450.41,32.150001525878906,34.85060119628906,2.7005996704101562
EV_005,685.0,13450.41,32.150001525878906,35.244144439697266,3.0941429138183594
EV_005,686.0,13450.41,32.150001525878906,35.19496536254883,3.044963836669922
EV_005,687.0,13450.41,32.150001525878906,35.09035110473633,2.940349578857422
EV_005,688.0,13450.41,32.150001525878906,35.01676559448242,2.8667640686035156
EV_005,690.0,13450.41,32.150001525878906,33.76261520385742,1.6126136779785156
EV_005,692.0,13450.41,32.150001525878906,34.715145111083984,2.565143585205078
EV_005,694.0,13450.41,32.150001525878906,32.550201416015625,0.40019989013671875
EV_005,695.0,13450.41,32.150001525878906,32.84991455078125,0.6999130249023438
EV_005,696.0,13450.41,32.150001525878906,32.63849639892578,0.488494873046875
EV_005,697.0,13450.41,32.150001525878906,32.65997314453125,0.5099716186523438
EV_005,698.0,13450.41,32.150001525878906,32.6212158203125,0.47121429443359375
EV_005,699.0,13450.41,32.150001525878906,32.545928955078125,0.39592742919921875
EV_005,700.0,13450.41,32.150001525878906,32.58516311645508,0.4351615905761719
EV_005,701.0,13450.41,32.150001525878906,32.96742248535156,0.8174209594726562
EV_005,702.0,13450.41,32.150001525878906,34.29383850097656,2.1438369750976562
EV_005,703.0,13450.41,32.150001525878906,33.80666732788086,1.6566658020019531
EV_005,704.0,13450.41,32.150001525878906,33.16496276855469,1.0149612426757812
EV_005,705.0,13450.41,32.150001525878906,33.3221435546875,1.1721420288085938
EV_005,707.0,13450.41,32.150001525878906,33.13139724731445,0.9813957214355469
EV_005,708.0,13450.41,32.150001525878906,33.22428894042969,1.0742874145507812
EV_005,709.0,13450.41,32.150001525878906,33.490814208984375,1.3408126831054688
EV_005,710.0,13450.41,32.150001525878906,33.347938537597656,1.19793701171875
EV_005,711.0,13450.41,32.150001525878906,33.1357421875,0.9857406616210938
EV_005,712.0,13450.41,32.150001525878906,33.80796432495117,1.6579627990722656
EV_005,714.0,13450.41,32.150001525878906,33.38519287109375,1.2351913452148438
EV_005,715.0,13450.41,32.150001525878906,34.15093231201172,2.0009307861328125
EV_005,716.0,13450.41,32.150001525878906,32.90174102783203,0.751739501953125
EV_005,717.0,13450.41,32.150001525878906,32.9329833984375,0.7829818725585938
EV_005,718.0,13450.41,32.150001525878906,32.69819641113281,0.5481948852539062
EV_005,719.0,13450.41,32.150001525878906,32.69581985473633,0.5458183288574219
EV_005,720.0,13450.41,32.150001525878906,33.98774719238281,1.8377456665039062
EV_005,721.0,13450.41,32.150001525878906,33.691165924072266,1.5411643981933594
EV_005,723.0,13450.41,32.150001525878906,32.53173065185547,0.3817291259765625
EV_005,724.0,13450.41,32.150001525878906,32.68333053588867,0.5333290100097656
EV_005,726.0,13450.41,32.150001525878906,33.62213134765625,1.4721298217773438
EV_005,728.0,13450.41,32.150001525878906,33.564239501953125,1.4142379760742188
EV_005,732.0,13450.41,32.150001525878906,33.592830657958984,1.4428291320800781
EV_005,734.0,13450.41,32.150001525878906,32.52558898925781,0.37558746337890625
EV_005,735.0,13450.41,32.150001525878906,32.69700241088867,0.5470008850097656
EV_005,736.0,13450.41,32.150001525878906,33.47050857543945,1.3205070495605469
EV_005,737.0,13450.41,32.150001525878906,33.31937789916992,1.1693763732910156
EV_005,738.0,13450.41,32.150001525878906,33.12509536743164,0.9750938415527344
EV_005,739.0,13450.41,32.150001525878906,33.446475982666016,1.2964744567871094
EV_005,740.0,13450.41,32.150001525878906,33.161380767822266,1.0113792419433594
EV_005,741.0,13450.41,32.150001525878906,32.50716781616211,0.3571662902832031
EV_005,742.0,13450.41,32.150001525878906,32.55349349975586,0.4034919738769531
EV_005,743.0,13450.41,32.150001525878906,33.14787292480469,0.9978713989257812
EV_005,744.0,13450.41,32.150001525878906,32.91172409057617,0.7617225646972656
EV_005,746.0,13450.41,32.150001525878906,32.806976318359375,0.6569747924804688
EV_005,749.0,13450.41,32.150001525878906,33.92536163330078,1.775360107421875
EV_005,750.0,13450.41,32.150001525878906,33.632835388183594,1.4828338623046875
EV_005,751.0,13450.41,32.150001525878906,33.72693634033203,1.576934814453125
EV_005,752.0,13450.41,32.150001525878906,33.76279830932617,1.6127967834472656
EV_005,753.0,13450.41,32.150001525878906,32.946163177490234,0.7961616516113281
EV_005,755.0,13450.41,32.150001525878906,33.190181732177734,1.0401802062988281
EV_005,756.0,13450.41,32.150001525878906,33.385009765625,1.2350082397460938
EV_005,757.0,13450.41,32.150001525878906,33.149967193603516,0.9999656677246094
EV_005,758.0,13450.41,32.150001525878906,33.903045654296875,1.7530441284179688
EV_005,759.0,13450.41,32.150001525878906,34.53391647338867,2.3839149475097656
EV_005,760.0,13450.41,32.150001525878906,33.963226318359375,1.8132247924804688
EV_005,761.0,13450.41,32.150001525878906,32.66134262084961,0.5113410949707031
EV_005,762.0,13450.41,32.150001525878906,33.05964660644531,0.9096450805664062
EV_005,763.0,13450.41,32.150001525878906,34.429683685302734,2.279682159423828
EV_005,764.0,13450.41,32.150001525878906,33.58412170410156,1.4341201782226562
EV_005,765.0,13450.41,32.150001525878906,33.49394607543945,1.3439445495605469
EV_005,766.0,13450.41,32.150001525878906,33.34706115722656,1.1970596313476562
EV_005,767.0,13450.41,32.150001525878906,32.61625671386719,0.46625518798828125
EV_005,768.0,13450.41,32.150001525878906,32.493743896484375,0.34374237060546875
EV_005,770.0,13450.41,32.150001525878906,33.99981689453125,1.8498153686523438
EV_005,771.0,13450.41,32.150001525878906,32.995872497558594,0.8458709716796875
EV_005,774.0,13450.41,32.150001525878906,32.76051712036133,0.6105155944824219
EV_005,778.0,13450.41,32.150001525878906,32.77237319946289,0.6223716735839844
EV_005,780.0,13450.41,32.150001525878906,32.721553802490234,0.5715522766113281
EV_005,781.0,13450.41,32.150001525878906,32.674747467041016,0.5247459411621094
EV_005,782.0,13450.41,32.150001525878906,33.269989013671875,1.1199874877929688
EV_005,783.0,13450.41,32.150001525878906,33.930965423583984,1.7809638977050781
EV_005,784.0,13450.41,32.150001525878906,34.940792083740234,2.790790557861328
EV_005,785.0,13450.41,32.150001525878906,34.45903778076172,2.3090362548828125
EV_005,786.0,13450.41,32.150001525878906,35.199710845947266,3.0497093200683594
EV_005,787.0,13450.41,32.150001525878906,34.89061737060547,2.7406158447265625
EV_005,789.0,13450.41,32.150001525878906,33.557655334472656,1.40765380859375
EV_005,790.0,13450.41,32.150001525878906,32.701942443847656,0.55194091796875
EV_005,791.0,13450.41,32.150001525878906,33.94392776489258,1.7939262390136719
EV_005,792.0,13450.41,32.150001525878906,33.7451057434082,1.5951042175292969
EV_005,794.0,13450.41,32.150001525878906,33.9000358581543,1.7500343322753906
EV_005,795.0,13450.41,32.150001525878906,34.144405364990234,1.9944038391113281
EV_005,796.0,13450.41,32.150001525878906,33.932472229003906,1.782470703125
EV_005,798.0,13450.41,32.150001525878906,32.568641662597656,0.41864013671875
EV_005,799.0,13450.41,32.150001525878906,32.453311920166016,0.3033103942871094
EV_005,802.0,13450.41,32.150001525878906,32.53258514404297,0.3825836181640625
EV_005,803.0,13450.41,32.150001525878906,32.524112701416016,0.3741111755371094
EV_005,804.0,13450.41,32.150001525878906,32.91792678833008,0.7679252624511719
EV_005,805.0,13450.41,32.150001525878906,34.33156204223633,2.181560516357422
EV_005,806.0,13450.41,32.150001525878906,32.68614196777344,0.5361404418945312
EV_005,807.0,13450.41,32.150001525878906,33.603084564208984,1.4530830383300781
EV_005,810.0,13450.41,32.150001525878906,32.60003662109375,0.45003509521484375
EV_005,812.0,13450.41,32.150001525878906,33.94272994995117,1.7927284240722656
EV_005,813.0,13450.41,32.150001525878906,32.740421295166016,0.5904197692871094
EV_005,814.0,13450.41,32.150001525878906,32.80936813354492,0.6593666076660156
EV_005,815.0,13450.41,32.150001525878906,32.748165130615234,0.5981636047363281
EV_005,816.0,13450.41,32.150001525878906,32.515079498291016,0.3650779724121094
EV_005,817.0,13450.41,32.150001525878906,32.46693801879883,0.3169364929199219
EV_005,818.0,13450.41,32.150001525878906,32.59148025512695,0.4414787292480469
EV_005,819.0,13450.41,32.150001525878906,32.767112731933594,0.6171112060546875
EV_005,820.0,13450.41,32.150001525878906,33.08185958862305,0.9318580627441406
EV_005,821.0,13450.41,32.150001525878906,33.251914978027344,1.1019134521484375
EV_005,822.0,13450.41,32.150001525878906,33.177467346191406,1.0274658203125
EV_005,824.0,13450.41,32.150001525878906,32.462284088134766,0.3122825622558594
EV_005,825.0,13450.41,32.150001525878906,33.81614685058594,1.6661453247070312
EV_005,826.0,13450.41,32.150001525878906,33.601253509521484,1.4512519836425781
EV_005,827.0,13450.41,32.150001525878906,32.65814971923828,0.508148193359375
EV_005,828.0,13450.41,32.150001525878906,33.05891418457031,0.9089126586914062
EV_005,829.0,13450.41,32.150001525878906,32.78013229370117,0.6301307678222656
EV_005,830.0,13450.41,32.150001525878906,32.53339385986328,0.383392333984375
EV_005,831.0,13450.41,32.150001525878906,32.52585220336914,0.3758506774902344
EV_005,832.0,13450.41,32.150001525878906,34.506370544433594,2.3563690185546875
EV_005,833.0,13450.41,32.150001525878906,34.561668395996094,2.4116668701171875
EV_005,834.0,13450.41,32.150001525878906,34.608154296875,2.4581527709960938
EV_005,835.0,13450.41,32.150001525878906,34.26839065551758,2.118389129638672
EV_005,836.0,13450.41,32.150001525878906,33.55617141723633,1.4061698913574219
EV_005,838.0,13450.41,32.150001525878906,33.13492202758789,0.9849205017089844
EV_005,840.0,13450.41,32.150001525878906,32.54967498779297,0.3996734619140625
EV_005,841.0,13450.41,32.150001525878906,32.540138244628906,0.39013671875
EV_005,842.0,13450.41,32.150001525878906,32.79116439819336,0.6411628723144531
EV_005,843.0,13450.41,32.150001525878906,33.323326110839844,1.1733245849609375
EV_005,844.0,13450.41,32.150001525878906,34.15618133544922,2.0061798095703125
EV_005,845.0,13450.41,32.150001525878906,32.871700286865234,0.7216987609863281
EV_005,846.0,13450.41,32.150001525878906,32.687049865722656,0.53704833984375
EV_005,847.0,13450.41,32.150001525878906,32.564064025878906,0.4140625
EV_005,848.0,13450.41,32.150001525878906,32.63284683227539,0.4828453063964844
EV_005,849.0,13450.41,32.150001525878906,32.69195556640625,0.5419540405273438
EV_005,852.0,13450.41,32.150001525878906,32.48785400390625,0.33785247802734375
EV_005,853.0,13450.41,32.150001525878906,33.00225830078125,0.8522567749023438
EV_005,854.0,13450.41,32.150001525878906,32.72529220581055,0.5752906799316406
EV_005,855.0,13450.41,32.150001525878906,33.77340316772461,1.6234016418457031
EV_005,856.0,13450.41,32.150001525878906,32.61328887939453,0.463287353515625
EV_005,857.0,13450.41,32.150001525878906,32.669498443603516,0.5194969177246094
EV_005,858.0,13450.41,32.150001525878906,32.6187629699707,0.4687614440917969
EV_005,859.0,13450.41,32.150001525878906,32.44456481933594,0.29456329345703125
EV_005,860.0,13450.41,32.150001525878906,32.66142272949219,0.5114212036132812
EV_005,861.0,13450.41,32.150001525878906,35.17808151245117,3.0280799865722656
EV_005,862.0,13450.41,32.150001525878906,34.92923355102539,2.7792320251464844
EV_005,863.0,13450.41,32.150001525878906,34.615962982177734,2.465961456298828
EV_005,864.0,13450.41,32.150001525878906,34.8245735168457,2.674571990966797
EV_005,866.0,13450.41,32.150001525878906,35.24844741821289,3.0984458923339844
EV_005,869.0,13450.41,32.150001525878906,32.53388214111328,0.383880615234375
EV_005,870.0,13450.41,32.150001525878906,32.47243118286133,0.3224296569824219
EV_005,871.0,13450.41,32.150001525878906,32.53238296508789,0.3823814392089844
EV_005,872.0,13450.41,32.150001525878906,32.50823211669922,0.3582305908203125
EV_005,873.0,13450.41,32.150001525878906,33.24164581298828,1.091644287109375
EV_005,874.0,13450.41,32.150001525878906,32.63970947265625,0.48970794677734375
EV_005,875.0,13450.41,32.150001525878906,32.69916915893555,0.5491676330566406
EV_005,876.0,13450.41,32.150001525878906,34.06943893432617,1.9194374084472656
EV_005,877.0,13450.41,32.150001525878906,34.434574127197266,2.2845726013183594
EV_005,878.0,13450.41,32.150001525878906,34.07819747924805,1.9281959533691406
EV_005,879.0,13450.41,32.150001525878906,33.58119583129883,1.4311943054199219
EV_005,881.0,13450.41,32.150001525878906,32.80318832397461,0.6531867980957031
EV_005,882.0,13450.41,32.150001525878906,32.77594757080078,0.625946044921875
EV_005,883.0,13450.41,32.150001525878906,34.30658721923828,2.156585693359375
EV_005,884.0,13450.41,32.150001525878906,34.00061798095703,1.850616455078125
EV_005,885.0,13450.41,32.150001525878906,34.45659255981445,2.306591033935547
EV_005,886.0,13450.41,32.150001525878906,34.3599739074707,2.209972381591797
EV_005,887.0,13450.41,32.150001525878906,34.5187873840332,2.368785858154297
EV_005,888.0,13450.41,32.150001525878906,32.783084869384766,0.6330833435058594
EV_005,889.0,13450.41,32.150001525878906,32.859657287597656,0.70965576171875
EV_005,890.0,13450.41,32.150001525878906,33.81563186645508,1.6656303405761719
EV_005,893.0,13450.41,32.150001525878906,32.74826431274414,0.5982627868652344
EV_005,895.0,13450.41,32.150001525878906,34.33435821533203,2.184356689453125
EV_005,896.0,13450.41,32.150001525878906,34.20092010498047,2.0509185791015625
EV_005,898.0,13450.41,32.150001525878906,32.56200408935547,0.4120025634765625
EV_005,899.0,13450.41,32.150001525878906,32.476890563964844,0.3268890380859375
EV_005,900.0,13450.41,32.150001525878906,32.65447998046875,0.5044784545898438
EV_005,901.0,13450.41,32.150001525878906,32.64717483520508,0.4971733093261719
EV_005,902.0,13450.41,32.150001525878906,33.382835388183594,1.2328338623046875
EV_005,903.0,13450.41,32.150001525878906,32.48637008666992,0.3363685607910156
EV_005,904.0,13450.41,32.150001525878906,32.46874237060547,0.3187408447265625
EV_005,905.0,13450.41,32.150001525878906,32.64651870727539,0.4965171813964844
EV_005,906.0,13450.41,32.150001525878906,33.890132904052734,1.7401313781738281
EV_005,907.0,13450.41,32.150001525878906,33.51094055175781,1.3609390258789062
EV_005,909.0,13450.41,32.150001525878906,32.472537994384766,0.3225364685058594
EV_005,910.0,13450.41,32.150001525878906,32.95241165161133,0.8024101257324219
EV_005,911.0,13450.41,32.150001525878906,33.441917419433594,1.2919158935546875
EV_005,912.0,13450.41,32.150001525878906,33.13570022583008,0.9856986999511719
EV_005,913.0,13450.41,32.150001525878906,32.63406753540039,0.4840660095214844
EV_005,914.0,13450.41,32.150001525878906,32.5844841003418,0.4344825744628906
EV_005,915.0,13450.41,32.150001525878906,32.76423263549805,0.6142311096191406
EV_005,916.0,13450.41,32.150001525878906,32.64004135131836,0.4900398254394531
EV_005,917.0,13450.41,32.150001525878906,32.57710266113281,0.42710113525390625
EV_005,918.0,13450.41,32.150001525878906,32.71650695800781,0.5665054321289062
EV_005,919.0,13450.41,32.150001525878906,32.55984878540039,0.4098472595214844
EV_005,921.0,13450.41,32.150001525878906,34.67317199707031,2.5231704711914062
EV_005,922.0,13450.41,32.150001525878906,34.48170852661133,2.331707000732422
EV_005,923.0,13450.41,32.150001525878906,33.959678649902344,1.8096771240234375
EV_005,924.0,13450.41,32.150001525878906,34.485713958740234,2.335712432861328
EV_005,926.0,13450.41,32.150001525878906,32.83546447753906,0.6854629516601562
EV_005,930.0,13450.41,32.150001525878906,33.70860290527344,1.5586013793945312
EV_005,931.0,13450.41,32.150001525878906,34.150611877441406,2.0006103515625
EV_005,932.0,13450.41,32.150001525878906,34.683006286621094,2.5330047607421875
EV_005,933.0,13450.41,32.150001525878906,33.9755973815918,1.8255958557128906
EV_005,934.0,13450.41,32.150001525878906,33.67216491699219,1.5221633911132812
EV_005,938.0,13450.41,32.150001525878906,32.484867095947266,0.3348655700683594
EV_005,939.0,13450.41,32.150001525878906,32.53974914550781,0.38974761962890625
EV_005,940.0,13450.41,32.150001525878906,32.76516342163086,0.6151618957519531
EV_005,942.0,13450.41,32.150001525878906,32.94503402709961,0.7950325012207031
EV_005,943.0,13450.41,32.150001525878906,32.647613525390625,0.49761199951171875
EV_005,944.0,13450.41,32.150001525878906,32.55874252319336,0.4087409973144531
EV_005,945.0,13450.41,32.150001525878906,32.5491943359375,0.39919281005859375
EV_005,946.0,13450.41,32.150001525878906,32.66440963745117,0.5144081115722656
EV_005,947.0,13450.41,32.150001525878906,32.56568145751953,0.415679931640625
EV_005,948.0,13450.41,32.150001525878906,32.554046630859375,0.40404510498046875
EV_005,949.0,13450.41,32.150001525878906,34.07950210571289,1.9295005798339844
EV_005,950.0,13450.41,32.150001525878906,32.581260681152344,0.4312591552734375
EV_005,951.0,13450.41,32.150001525878906,32.66585922241211,0.5158576965332031
EV_005,952.0,13450.41,32.150001525878906,32.700653076171875,0.5506515502929688
EV_005,953.0,13450.41,32.150001525878906,33.1956787109375,1.0456771850585938
EV_005,954.0,13450.41,32.150001525878906,33.23448944091797,1.0844879150390625
EV_005,956.0,13450.41,32.150001525878906,33.4243278503418,1.2743263244628906
EV_005,957.0,13450.41,32.150001525878906,33.01337814331055,0.8633766174316406
EV_005,958.0,13450.41,32.150001525878906,33.49052047729492,1.3405189514160156
EV_005,959.0,13450.41,32.150001525878906,33.15591812133789,1.0059165954589844
EV_005,961.0,13450.41,32.150001525878906,33.01862716674805,0.8686256408691406
EV_005,962.0,13450.41,32.150001525878906,33.04448699951172,0.8944854736328125
EV_005,963.0,13450.41,32.150001525878906,33.789669036865234,1.6396675109863281
EV_005,964.0,13450.41,32.150001525878906,32.50879669189453,0.358795166015625
EV_005,965.0,13450.41,32.150001525878906,32.52009963989258,0.3700981140136719
EV_005,967.0,13450.41,32.150001525878906,35.04827117919922,2.8982696533203125
EV_005,968.0,13450.41,32.150001525878906,35.18819808959961,3.038196563720703
EV_005,969.0,13450.41,32.150001525878906,33.23395538330078,1.083953857421875
EV_005,971.0,13450.41,32.150001525878906,33.44999694824219,1.2999954223632812
EV_005,972.0,13450.41,32.150001525878906,34.0803337097168,1.9303321838378906
EV_005,973.0,13450.41,32.150001525878906,34.96250915527344,2.8125076293945312
EV_005,974.0,13450.41,32.150001525878906,33.03324890136719,0.8832473754882812
EV_005,975.0,13450.41,32.150001525878906,35.065269470214844,2.9152679443359375
EV_005,976.0,13450.41,32.150001525878906,34.17992401123047,2.0299224853515625
EV_005,977.0,13450.41,32.150001525878906,34.014015197753906,1.864013671875
EV_005,978.0,13450.41,32.150001525878906,34.060001373291016,1.9099998474121094
EV_005,979.0,13450.41,32.150001525878906,33.764434814453125,1.6144332885742188
EV_005,980.0,13450.41,32.150001525878906,33.88457107543945,1.7345695495605469
EV_005,982.0,13450.41,32.150001525878906,33.565887451171875,1.4158859252929688
EV_005,983.0,13450.41,32.150001525878906,34.01646423339844,1.8664627075195312
EV_005,984.0,13450.41,32.150001525878906,34.35309982299805,2.2030982971191406
EV_005,985.0,13450.41,32.150001525878906,34.75785827636719,2.6078567504882812
EV_005,986.0,13450.41,32.150001525878906,33.39554977416992,1.2455482482910156
EV_006,686.0,37317.47,32.560001373291016,33.38148498535156,0.8214836120605469
EV_006,695.0,37317.47,32.560001373291016,32.963748931884766,0.40374755859375
EV_006,696.0,37317.47,32.560001373291016,32.658660888671875,0.09865951538085938
EV_006,697.0,37317.47,32.560001373291016,32.84083938598633,0.2808380126953125
EV_006,700.0,37317.47,32.560001373291016,32.775638580322266,0.21563720703125
EV_006,701.0,37317.47,32.560001373291016,32.735103607177734,0.17510223388671875
EV_006,702.0,37317.47,32.560001373291016,32.82457733154297,0.2645759582519531
EV_006,706.0,37317.47,32.560001373291016,32.70886993408203,0.14886856079101562
EV_006,707.0,37317.47,32.560001373291016,33.64809036254883,1.0880889892578125
EV_006,711.0,37317.47,32.560001373291016,33.09275817871094,0.5327568054199219
EV_006,712.0,37317.47,32.560001373291016,33.527198791503906,0.9671974182128906
EV_006,713.0,37317.47,32.560001373291016,33.73591995239258,1.1759185791015625
EV_006,715.0,37317.47,32.560001373291016,33.189857482910156,0.6298561096191406
EV_006,716.0,37317.47,32.560001373291016,33.81175994873047,1.2517585754394531
EV_006,717.0,37317.47,32.560001373291016,33.864540100097656,1.3045387268066406
EV_006,719.0,37317.47,32.560001373291016,32.48808670043945,-0.0719146728515625
EV_006,720.0,37317.47,32.560001373291016,32.50144577026367,-0.05855560302734375
EV_006,722.0,37317.47,32.560001373291016,32.63387680053711,0.07387542724609375
EV_006,723.0,37317.47,32.560001373291016,32.46261215209961,-0.09738922119140625
EV_006,725.0,37317.47,32.560001373291016,32.73971176147461,0.17971038818359375
EV_006,726.0,37317.47,32.560001373291016,33.30874252319336,0.7487411499023438
EV_006,727.0,37317.47,32.560001373291016,33.94287109375,1.3828697204589844
EV_006,728.0,37317.47,32.560001373291016,33.908287048339844,1.3482856750488281
EV_006,729.0,37317.47,32.560001373291016,33.63270950317383,1.0727081298828125
EV_006,730.0,37317.47,32.560001373291016,33.53314971923828,0.9731483459472656
EV_006,732.0,37317.47,32.560001373291016,33.67307662963867,1.1130752563476562
EV_006,734.0,37317.47,32.560001373291016,33.021854400634766,0.46185302734375
EV_006,735.0,37317.47,32.560001373291016,32.92031478881836,0.36031341552734375
EV_006,736.0,37317.47,32.560001373291016,33.187522888183594,0.6275215148925781
EV_006,737.0,37317.47,32.560001373291016,33.75583267211914,1.195831298828125
EV_006,738.0,37317.47,32.560001373291016,33.97182846069336,1.4118270874023438
EV_006,739.0,37317.47,32.560001373291016,34.66291046142578,2.1029090881347656
EV_006,740.0,37317.47,32.560001373291016,32.54372787475586,-0.01627349853515625
EV_006,741.0,37317.47,32.560001373291016,32.61101150512695,0.0510101318359375
EV_006,744.0,37317.47,32.560001373291016,32.54115676879883,-0.0188446044921875
EV_006,745.0,37317.47,32.560001373291016,32.496315002441406,-0.06368637084960938
EV_006,746.0,37317.47,32.560001373291016,33.32780838012695,0.7678070068359375
EV_006,747.0,37317.47,32.560001373291016,34.03514099121094,1.4751396179199219
EV_006,748.0,37317.47,32.560001373291016,33.56207275390625,1.0020713806152344
EV_006,749.0,37317.47,32.560001373291016,33.72732162475586,1.1673202514648438
EV_006,750.0,37317.47,32.560001373291016,33.627315521240234,1.0673141479492188
EV_006,751.0,37317.47,32.560001373291016,33.295997619628906,0.7359962463378906
EV_006,752.0,37317.47,32.560001373291016,33.421268463134766,0.86126708984375
EV_006,753.0,37317.47,32.560001373291016,33.68560028076172,1.1255989074707031
EV_006,754.0,37317.47,32.560001373291016,33.223777770996094,0.6637763977050781
EV_006,756.0,37317.47,32.560001373291016,33.954219818115234,1.3942184448242188
EV_006,758.0,37317.47,32.560001373291016,33.240989685058594,0.6809883117675781
EV_006,760.0,37317.47,32.560001373291016,32.48747634887695,-0.0725250244140625
EV_006,761.0,37317.47,32.560001373291016,32.60993957519531,0.049938201904296875
EV_006,763.0,37317.47,32.560001373291016,32.603458404541016,0.04345703125
EV_006,764.0,37317.47,32.560001373291016,32.44590759277344,-0.11409378051757812
EV_006,765.0,37317.47,32.560001373291016,32.577903747558594,0.017902374267578125
EV_006,766.0,37317.47,32.560001373291016,32.5477294921875,-0.012271881103515625
EV_006,767.0,37317.47,32.560001373291016,32.892330169677734,0.33232879638671875
EV_006,768.0,37317.47,32.560001373291016,32.638118743896484,0.07811737060546875
EV_006,769.0,37317.47,32.560001373291016,32.61338806152344,0.053386688232421875
EV_006,770.0,37317.47,32.560001373291016,32.52220153808594,-0.037799835205078125
EV_006,771.0,37317.47,32.560001373291016,32.60820770263672,0.048206329345703125
EV_006,772.0,37317.47,32.560001373291016,32.6708869934082,0.1108856201171875
EV_006,773.0,37317.47,32.560001373291016,32.53221893310547,-0.027782440185546875
EV_006,774.0,37317.47,32.560001373291016,32.410003662109375,-0.14999771118164062
EV_006,775.0,37317.47,32.560001373291016,32.58374786376953,0.023746490478515625
EV_006,777.0,37317.47,32.560001373291016,33.257503509521484,0.6975021362304688
EV_006,778.0,37317.47,32.560001373291016,33.3859748840332,0.8259735107421875
EV_006,779.0,37317.47,32.560001373291016,32.68667221069336,0.12667083740234375
EV_006,780.0,37317.47,32.560001373291016,32.50231170654297,-0.057689666748046875
EV_006,781.0,37317.47,32.560001373291016,32.69267272949219,0.13267135620117188
EV_006,783.0,37317.47,32.560001373291016,33.27992248535156,0.7199211120605469
EV_006,784.0,37317.47,32.560001373291016,33.63599395751953,1.0759925842285156
EV_006,819.0,37317.47,32.560001373291016,32.607505798339844,0.047504425048828125
EV_006,820.0,37317.47,32.560001373291016,32.54356384277344,-0.016437530517578125
EV_006,824.0,37317.47,32.560001373291016,32.637168884277344,0.07716751098632812
EV_006,825.0,37317.47,32.560001373291016,32.58347702026367,0.02347564697265625
EV_006,826.0,37317.47,32.560001373291016,33.490169525146484,0.9301681518554688
EV_006,827.0,37317.47,32.560001373291016,33.52940368652344,0.9694023132324219
EV_006,829.0,37317.47,32.560001373291016,33.706520080566406,1.1465187072753906
EV_006,829.0,37317.47,32.560001373291016,34.17558670043945,1.6155853271484375
EV_006,829.0,37317.47,32.560001373291016,32.523536682128906,-0.036464691162109375
EV_006,830.0,37317.47,32.560001373291016,32.445709228515625,-0.11429214477539062
EV_006,831.0,37317.47,32.560001373291016,32.422794342041016,-0.13720703125
EV_006,832.0,37317.47,32.560001373291016,32.481014251708984,-0.07898712158203125
EV_006,833.0,37317.47,32.560001373291016,32.56025695800781,0.000255584716796875
EV_006,834.0,37317.47,32.560001373291016,32.50471496582031,-0.055286407470703125
EV_006,835.0,37317.47,32.560001373291016,32.55567932128906,-0.004322052001953125
EV_006,844.0,37317.47,32.560001373291016,33.04426956176758,0.4842681884765625
EV_006,845.0,37317.47,32.560001373291016,32.913265228271484,0.35326385498046875
EV_006,846.0,37317.47,32.560001373291016,34.98329544067383,2.4232940673828125
EV_006,847.0,37317.47,32.560001373291016,34.63528823852539,2.075286865234375
EV_006,848.0,37317.47,32.560001373291016,34.44617462158203,1.8861732482910156
EV_006,848.0,37317.47,32.560001373291016,32.7443733215332,0.1843719482421875
EV_006,849.0,37317.47,32.560001373291016,34.41705322265625,1.8570518493652344
EV_006,848.0,37317.47,32.560001373291016,32.998050689697266,0.43804931640625
EV_006,849.0,37317.47,32.560001373291016,32.49489212036133,-0.0651092529296875
EV_006,850.0,37317.47,32.560001373291016,34.509029388427734,1.9490280151367188
EV_006,849.0,37317.47,32.560001373291016,32.628089904785156,0.06808853149414062
EV_006,850.0,37317.47,32.560001373291016,32.5738525390625,0.013851165771484375
EV_006,851.0,37317.47,32.560001373291016,34.526546478271484,1.9665451049804688
EV_006,852.0,37317.47,32.560001373291016,33.47490310668945,0.9149017333984375
EV_006,850.0,37317.47,32.560001373291016,32.53337478637695,-0.0266265869140625
EV_006,853.0,37317.47,32.560001373291016,33.77486801147461,1.2148666381835938
EV_006,855.0,37317.47,32.560001373291016,32.62818908691406,0.06818771362304688
EV_006,856.0,37317.47,32.560001373291016,33.32606506347656,0.7660636901855469
EV_006,858.0,37317.47,32.560001373291016,32.44098663330078,-0.11901473999023438
EV_006,859.0,37317.47,32.560001373291016,32.452518463134766,-0.10748291015625
EV_006,860.0,37317.47,32.560001373291016,32.77198028564453,0.21197891235351562
EV_006,861.0,37317.47,32.560001373291016,32.64276885986328,0.08276748657226562
EV_006,862.0,37317.47,32.560001373291016,32.59164047241211,0.03163909912109375
EV_006,863.0,37317.47,32.560001373291016,33.81103515625,1.2510337829589844
EV_006,864.0,37317.47,32.560001373291016,33.710201263427734,1.1501998901367188
EV_006,868.0,37317.47,32.560001373291016,32.56964111328125,0.009639739990234375
EV_006,883.0,37317.47,32.560001373291016,32.93233871459961,0.37233734130859375
EV_006,883.0,37317.47,32.560001373291016,32.611637115478516,0.0516357421875
EV_006,884.0,37317.47,32.560001373291016,32.700523376464844,0.14052200317382812
EV_006,883.0,37317.47,32.560001373291016,33.48189163208008,0.9218902587890625
EV_006,884.0,37317.47,32.560001373291016,32.624149322509766,0.06414794921875
EV_006,884.0,37317.47,32.560001373291016,33.65443801879883,1.0944366455078125
EV_006,885.0,37317.47,32.560001373291016,34.02499008178711,1.4649887084960938
EV_006,886.0,37317.47,32.560001373291016,34.08110046386719,1.5210990905761719
EV_006,888.0,37317.47,32.560001373291016,33.989051818847656,1.4290504455566406
EV_006,889.0,37317.47,32.560001373291016,34.58205795288086,2.0220565795898438
EV_006,891.0,37317.47,32.560001373291016,32.802059173583984,0.24205780029296875
EV_006,892.0,37317.47,32.560001373291016,33.455665588378906,0.8956642150878906
EV_006,894.0,37317.47,32.560001373291016,34.58864212036133,2.0286407470703125
EV_006,895.0,37317.47,32.560001373291016,34.25408935546875,1.6940879821777344
EV_006,896.0,37317.47,32.560001373291016,34.70927810668945,2.1492767333984375
EV_006,897.0,37317.47,32.560001373291016,34.19491958618164,1.634918212890625
EV_006,898.0,37317.47,32.560001373291016,34.203407287597656,1.6434059143066406
EV_006,899.0,37317.47,32.560001373291016,33.42341995239258,0.8634185791015625
EV_006,901.0,37317.47,32.560001373291016,32.96815490722656,0.4081535339355469
EV_006,903.0,37317.47,32.560001373291016,32.8526496887207,0.2926483154296875
EV_006,904.0,37317.47,32.560001373291016,32.713714599609375,0.15371322631835938
EV_006,905.0,37317.47,32.560001373291016,32.7429084777832,0.1829071044921875
EV_006,906.0,37317.47,32.560001373291016,32.931617736816406,0.3716163635253906
EV_006,907.0,37317.47,32.560001373291016,32.96731948852539,0.407318115234375
EV_006,909.0,37317.47,32.560001373291016,32.60470962524414,0.044708251953125
EV_006,910.0,37317.47,32.560001373291016,33.05195617675781,0.4919548034667969
EV_006,910.0,37317.47,32.560001373291016,32.56405258178711,0.00405120849609375
EV_006,911.0,37317.47,32.560001373291016,33.113433837890625,0.5534324645996094
EV_006,909.0,37317.47,32.560001373291016,32.883331298828125,0.3233299255371094
EV_006,911.0,37317.47,32.560001373291016,32.835914611816406,0.2759132385253906
EV_006,912.0,37317.47,32.560001373291016,32.79298400878906,0.23298263549804688
EV_006,910.0,37317.47,32.560001373291016,32.71612548828125,0.15612411499023438
EV_006,911.0,37317.47,32.560001373291016,32.911869049072266,0.35186767578125
EV_006,912.0,37317.47,32.560001373291016,32.68730926513672,0.12730789184570312
EV_006,913.0,37317.47,32.560001373291016,32.60806655883789,0.048065185546875
EV_006,913.0,37317.47,32.560001373291016,32.72682571411133,0.1668243408203125
EV_006,914.0,37317.47,32.560001373291016,32.60840606689453,0.048404693603515625
EV_006,912.0,37317.47,32.560001373291016,32.57598114013672,0.015979766845703125
EV_006,914.0,37317.47,32.560001373291016,32.6565055847168,0.09650421142578125
EV_006,915.0,37317.47,32.560001373291016,32.646907806396484,0.08690643310546875
EV_006,913.0,37317.47,32.560001373291016,32.55589294433594,-0.004108428955078125
EV_006,914.0,37317.47,32.560001373291016,33.70124435424805,1.1412429809570312
EV_006,915.0,37317.47,32.560001373291016,32.936065673828125,0.3760643005371094
EV_006,916.0,37317.47,32.560001373291016,32.58440017700195,0.0243988037109375
EV_006,916.0,37317.47,32.560001373291016,32.865211486816406,0.3052101135253906
EV_006,917.0,37317.47,32.560001373291016,32.578922271728516,0.0189208984375
EV_006,915.0,37317.47,32.560001373291016,32.82657241821289,0.266571044921875
EV_006,918.0,37317.47,32.560001373291016,32.76934051513672,0.20933914184570312
EV_006,916.0,37317.47,32.560001373291016,32.8079833984375,0.24798202514648438
EV_006,917.0,37317.47,32.560001373291016,32.58944320678711,0.02944183349609375
EV_006,918.0,37317.47,32.560001373291016,32.789432525634766,0.22943115234375
EV_006,918.0,37317.47,32.560001373291016,33.58485412597656,1.0248527526855469
EV_006,919.0,37317.47,32.560001373291016,32.6187858581543,0.05878448486328125
EV_006,920.0,37317.47,32.560001373291016,32.493350982666016,-0.066650390625
EV_006,921.0,37317.47,32.560001373291016,32.63459014892578,0.07458877563476562
EV_006,923.0,37317.47,32.560001373291016,32.661712646484375,0.10171127319335938
EV_006,924.0,37317.47,32.560001373291016,32.49954605102539,-0.060455322265625
EV_006,925.0,37317.47,32.560001373291016,32.46499252319336,-0.09500885009765625
EV_006,926.0,37317.47,32.560001373291016,32.58846664428711,0.02846527099609375
EV_006,927.0,37317.47,32.560001373291016,32.570960998535156,0.010959625244140625
EV_006,928.0,37317.47,32.560001373291016,32.5951042175293,0.03510284423828125
EV_006,929.0,37317.47,32.560001373291016,33.01115417480469,0.4511528015136719
EV_006,931.0,37317.47,32.560001373291016,32.560970306396484,0.00096893310546875
EV_006,932.0,37317.47,32.560001373291016,33.6568717956543,1.0968704223632812
EV_006,937.0,37317.47,32.560001373291016,32.74496841430664,0.184967041015625
EV_006,940.0,37317.47,32.560001373291016,34.18889236450195,1.6288909912109375
EV_006,938.0,37317.47,32.560001373291016,32.97657775878906,0.4165763854980469
EV_006,941.0,37317.47,32.560001373291016,34.36637878417969,1.8063774108886719
EV_006,939.0,37317.47,32.560001373291016,32.689693450927734,0.12969207763671875
EV_006,940.0,37317.47,32.560001373291016,32.918025970458984,0.35802459716796875
EV_006,940.0,37317.47,32.560001373291016,32.7327995300293,0.17279815673828125
EV_006,941.0,37317.47,32.560001373291016,32.928619384765625,0.3686180114746094
EV_006,942.0,37317.47,32.560001373291016,34.08169937133789,1.521697998046875
EV_006,942.0,37317.47,32.560001373291016,34.28083801269531,1.7208366394042969
EV_006,943.0,37317.47,32.560001373291016,33.69809341430664,1.138092041015625
EV_006,941.0,37317.47,32.560001373291016,32.79336929321289,0.233367919921875
EV_006,943.0,37317.47,32.560001373291016,34.47740173339844,1.9174003601074219
EV_006,944.0,37317.47,32.560001373291016,35.000511169433594,2.440509796142578
EV_006,942.0,37317.47,32.560001373291016,33.90562057495117,1.3456192016601562
EV_006,944.0,37317.47,32.560001373291016,33.79532241821289,1.235321044921875
EV_006,945.0,37317.47,32.560001373291016,32.723785400390625,0.16378402709960938
EV_006,946.0,37317.47,32.560001373291016,32.77423095703125,0.21422958374023438
EV_006,947.0,37317.47,32.560001373291016,32.9920654296875,0.4320640563964844
EV_006,948.0,37317.47,32.560001373291016,32.8636589050293,0.30365753173828125
EV_006,949.0,37317.47,32.560001373291016,32.86098861694336,0.30098724365234375
EV_006,950.0,37317.47,32.560001373291016,33.02081298828125,0.4608116149902344
EV_006,951.0,37317.47,32.560001373291016,32.97074890136719,0.4107475280761719
EV_006,952.0,37317.47,32.560001373291016,32.79219055175781,0.23218917846679688
EV_006,954.0,37317.47,32.560001373291016,32.804874420166016,0.244873046875
EV_006,955.0,37317.47,32.560001373291016,32.86959457397461,0.30959320068359375
EV_006,965.0,37317.47,32.560001373291016,34.861778259277344,2.301776885986328
EV_006,967.0,37317.47,32.560001373291016,34.62162399291992,2.0616226196289062
EV_006,968.0,37317.47,32.560001373291016,33.97185134887695,1.4118499755859375
EV_006,971.0,37317.47,32.560001373291016,33.32323455810547,0.7632331848144531
EV_006,973.0,37317.47,32.560001373291016,33.56951141357422,1.0095100402832031
EV_006,974.0,37317.47,32.560001373291016,33.62753677368164,1.067535400390625
EV_006,979.0,37317.47,32.560001373291016,32.657249450683594,0.09724807739257812
EV_006,977.0,37317.47,32.560001373291016,32.55240249633789,-0.007598876953125
EV_006,980.0,37317.47,32.560001373291016,32.59379577636719,0.033794403076171875
EV_006,981.0,37317.47,32.560001373291016,32.730804443359375,0.17080307006835938
EV_006,982.0,37317.47,32.560001373291016,32.513275146484375,-0.046726226806640625
EV_006,983.0,37317.47,32.560001373291016,32.83418273925781,0.2741813659667969
EV_006,985.0,37317.47,32.560001373291016,32.6641731262207,0.1041717529296875
EV_006,986.0,37317.47,32.560001373291016,32.7765007019043,0.21649932861328125
EV_006,987.0,37317.47,32.560001373291016,33.25950241088867,0.6995010375976562
EV_006,988.0,37317.47,32.560001373291016,33.76703643798828,1.2070350646972656
EV_006,989.0,37317.47,32.560001373291016,34.140018463134766,1.58001708984375
EV_006,990.0,37317.47,32.560001373291016,34.365482330322266,1.80548095703125
EV_006,991.0,37317.47,32.560001373291016,34.550052642822266,1.99005126953125
EV_006,992.0,37317.47,32.560001373291016,33.00343704223633,0.4434356689453125
EV_006,994.0,37317.47,32.560001373291016,32.571922302246094,0.011920928955078125
EV_006,995.0,37317.47,32.560001373291016,32.6685905456543,0.10858917236328125
EV_006,996.0,37317.47,32.560001373291016,32.47797393798828,-0.08202743530273438
EV_006,997.0,37317.47,32.560001373291016,32.527828216552734,-0.03217315673828125
EV_006,998.0,37317.47,32.560001373291016,33.23260498046875,0.6726036071777344
EV_006,997.0,37317.47,32.560001373291016,32.8726921081543,0.31269073486328125
EV_006,999.0,37317.47,32.560001373291016,32.646705627441406,0.08670425415039062
EV_006,998.0,37317.47,32.560001373291016,32.73237228393555,0.17237091064453125
EV_006,101.0,37317.47,32.560001373291016,33.58260726928711,1.0226058959960938
EV_006,100.0,37317.47,32.560001373291016,32.75511932373047,0.19511795043945312
EV_006,102.0,37317.47,32.560001373291016,33.53169250488281,0.9716911315917969
EV_006,998.0,37317.47,32.560001373291016,32.59199905395508,0.0319976806640625
EV_006,999.0,37317.47,32.560001373291016,32.630615234375,0.07061386108398438
EV_006,101.0,37317.47,32.560001373291016,32.78800582885742,0.22800445556640625
EV_006,103.0,37317.47,32.560001373291016,33.56287384033203,1.0028724670410156
EV_006,102.0,37317.47,32.560001373291016,32.907379150390625,0.3473777770996094
EV_006,104.0,37317.47,32.560001373291016,33.007057189941406,0.4470558166503906
EV_006,101.0,37317.47,32.560001373291016,32.51254653930664,-0.047454833984375
EV_006,103.0,37317.47,32.560001373291016,32.99678421020508,0.4367828369140625
EV_006,105.0,37317.47,32.560001373291016,32.71797180175781,0.15797042846679688
EV_006,102.0,37317.47,32.560001373291016,32.59667205810547,0.036670684814453125
EV_006,104.0,37317.47,32.560001373291016,33.304283142089844,0.7442817687988281
EV_006,106.0,37317.47,32.560001373291016,32.499542236328125,-0.060459136962890625
EV_006,103.0,37317.47,32.560001373291016,32.485652923583984,-0.07434844970703125
EV_006,105.0,37317.47,32.560001373291016,33.517723083496094,0.9577217102050781
EV_006,107.0,37317.47,32.560001373291016,32.64752960205078,0.08752822875976562
EV_006,104.0,37317.47,32.560001373291016,32.56000900268555,7.62939453125e-06
EV_006,106.0,37317.47,32.560001373291016,33.89424514770508,1.3342437744140625
EV_006,108.0,37317.47,32.560001373291016,32.79097366333008,0.2309722900390625
EV_006,105.0,37317.47,32.560001373291016,33.0088005065918,0.44879913330078125
EV_006,107.0,37317.47,32.560001373291016,33.81825256347656,1.2582511901855469
EV_006,106.0,37317.47,32.560001373291016,32.84007263183594,0.2800712585449219
EV_006,108.0,37317.47,32.560001373291016,33.814659118652344,1.2546577453613281
EV_006,110.0,37317.47,32.560001373291016,32.49873352050781,-0.061267852783203125
EV_006,107.0,37317.47,32.560001373291016,32.693172454833984,0.13317108154296875
EV_006,109.0,37317.47,32.560001373291016,34.15453338623047,1.5945320129394531
EV_006,111.0,37317.47,32.560001373291016,32.6632194519043,0.10321807861328125
EV_006,108.0,37317.47,32.560001373291016,34.151649475097656,1.5916481018066406
EV_006,110.0,37317.47,32.560001373291016,33.655555725097656,1.0955543518066406
EV_006,112.0,37317.47,32.560001373291016,32.52120590209961,-0.03879547119140625
EV_006,109.0,37317.47,32.560001373291016,34.28549575805664,1.725494384765625
EV_006,111.0,37317.47,32.560001373291016,32.96363067626953,0.4036293029785156
EV_006,113.0,37317.47,32.560001373291016,32.57713317871094,0.017131805419921875
EV_006,110.0,37317.47,32.560001373291016,34.08955383300781,1.5295524597167969
EV_006,112.0,37317.47,32.560001373291016,33.173824310302734,0.6138229370117188
EV_006,114.0,37317.47,32.560001373291016,32.46969223022461,-0.09030914306640625
EV_006,111.0,37317.47,32.560001373291016,32.75775146484375,0.19775009155273438
EV_006,113.0,37317.47,32.560001373291016,32.59867477416992,0.03867340087890625
EV_006,115.0,37317.47,32.560001373291016,32.62533187866211,0.06533050537109375
EV_006,112.0,37317.47,32.560001373291016,32.7976188659668,0.23761749267578125
EV_006,114.0,37317.47,32.560001373291016,32.70789337158203,0.14789199829101562
EV_006,116.0,37317.47,32.560001373291016,32.52766418457031,-0.032337188720703125
EV_006,117.0,37317.47,32.560001373291016,32.59550857543945,0.0355072021484375
EV_006,114.0,37317.47,32.560001373291016,32.526397705078125,-0.033603668212890625
EV_006,116.0,37317.47,32.560001373291016,33.316410064697266,0.75640869140625
EV_006,118.0,37317.47,32.560001373291016,33.30134582519531,0.7413444519042969
EV_006,115.0,37317.47,32.560001373291016,34.13506317138672,1.5750617980957031
EV_006,119.0,37317.47,32.560001373291016,32.536006927490234,-0.02399444580078125
EV_006,116.0,37317.47,32.560001373291016,34.320499420166016,1.760498046875
EV_006,118.0,37317.47,32.560001373291016,32.5501823425293,-0.00981903076171875
EV_006,117.0,37317.47,32.560001373291016,34.04804229736328,1.4880409240722656
EV_006,119.0,37317.47,32.560001373291016,32.72648239135742,0.16648101806640625
EV_006,121.0,37317.47,32.560001373291016,32.54914855957031,-0.010852813720703125
EV_006,118.0,37317.47,32.560001373291016,32.86668014526367,0.30667877197265625
EV_006,122.0,37317.47,32.560001373291016,34.51459503173828,1.9545936584472656
EV_006,119.0,37317.47,32.560001373291016,32.73426818847656,0.17426681518554688
EV_006,123.0,37317.47,32.560001373291016,33.4983024597168,0.9383010864257812
EV_006,120.0,37317.47,32.560001373291016,32.6981086730957,0.1381072998046875
EV_006,125.0,37317.47,32.560001373291016,33.9699821472168,1.4099807739257812
EV_006,124.0,37317.47,32.560001373291016,33.82941818237305,1.2694168090820312
EV_006,126.0,37317.47,32.560001373291016,34.09633255004883,1.5363311767578125
EV_006,125.0,37317.47,32.560001373291016,33.885284423828125,1.3252830505371094
EV_006,127.0,37317.47,32.560001373291016,33.98316192626953,1.4231605529785156
EV_006,124.0,37317.47,32.560001373291016,32.72805404663086,0.16805267333984375
EV_006,128.0,37317.47,32.560001373291016,34.125308990478516,1.5653076171875
EV_006,125.0,37317.47,32.560001373291016,32.702877044677734,0.14287567138671875
EV_006,126.0,37317.47,32.560001373291016,33.9160270690918,1.3560256958007812
EV_006,126.0,37317.47,32.560001373291016,32.79528045654297,0.23527908325195312
EV_006,127.0,37317.47,32.560001373291016,34.24534225463867,1.6853408813476562
EV_006,129.0,37317.47,32.560001373291016,34.47035217285156,1.9103507995605469
EV_006,128.0,37317.47,32.560001373291016,34.30257034301758,1.7425689697265625
EV_006,130.0,37317.47,32.560001373291016,32.913307189941406,0.3533058166503906
EV_006,127.0,37317.47,32.560001373291016,32.7367057800293,0.17670440673828125
EV_006,129.0,37317.47,32.560001373291016,34.265411376953125,1.7054100036621094
EV_006,131.0,37317.47,32.560001373291016,32.74582290649414,0.185821533203125
EV_006,128.0,37317.47,32.560001373291016,32.71998596191406,0.15998458862304688
EV_006,132.0,37317.47,32.560001373291016,32.66575241088867,0.10575103759765625
EV_006,129.0,37317.47,32.560001373291016,32.72792053222656,0.16791915893554688
EV_006,130.0,37317.47,32.560001373291016,34.163028717041016,1.60302734375
EV_006,131.0,37317.47,32.560001373291016,34.06913757324219,1.5091361999511719
EV_006,133.0,37317.47,32.560001373291016,32.86649703979492,0.30649566650390625
EV_006,132.0,37317.47,32.560001373291016,34.224945068359375,1.6649436950683594
EV_006,131.0,37317.47,32.560001373291016,34.26444625854492,1.7044448852539062
EV_006,132.0,37317.47,32.560001373291016,34.442481994628906,1.8824806213378906
EV_006,135.0,37317.47,32.560001373291016,32.936580657958984,0.37657928466796875
EV_006,133.0,37317.47,32.560001373291016,33.74876403808594,1.1887626647949219
EV_006,134.0,37317.47,32.560001373291016,32.97878646850586,0.41878509521484375
EV_006,136.0,37317.47,32.560001373291016,32.77967834472656,0.21967697143554688
EV_006,135.0,37317.47,32.560001373291016,34.1275634765625,1.5675621032714844
EV_006,136.0,37317.47,32.560001373291016,33.796749114990234,1.2367477416992188
EV_006,137.0,37317.47,32.560001373291016,34.059226989746094,1.4992256164550781
EV_006,135.0,37317.47,32.560001373291016,32.72307205200195,0.1630706787109375
EV_006,138.0,37317.47,32.560001373291016,33.96624755859375,1.4062461853027344
EV_006,137.0,37317.47,32.560001373291016,33.771732330322266,1.21173095703125
EV_006,136.0,37317.47,32.560001373291016,32.776554107666016,0.216552734375
EV_006,137.0,37317.47,32.560001373291016,32.37163543701172,-0.18836593627929688
EV_006,140.0,37317.47,32.560001373291016,32.78670883178711,0.22670745849609375
EV_006,138.0,37317.47,32.560001373291016,32.48019027709961,-0.07981109619140625
EV_006,139.0,37317.47,32.560001373291016,32.59712600708008,0.0371246337890625
EV_006,140.0,37317.47,32.560001373291016,32.58916091918945,0.0291595458984375
EV_006,141.0,37317.47,32.560001373291016,32.816795349121094,0.2567939758300781
EV_006,139.0,37317.47,32.560001373291016,33.07954025268555,0.5195388793945312
EV_006,141.0,37317.47,32.560001373291016,32.71858215332031,0.15858078002929688
EV_006,142.0,37317.47,32.560001373291016,34.05760955810547,1.4976081848144531
EV_006,140.0,37317.47,32.560001373291016,34.15011215209961,1.5901107788085938
EV_006,143.0,37317.47,32.560001373291016,33.836551666259766,1.27655029296875
EV_006,141.0,37317.47,32.560001373291016,34.006011962890625,1.4460105895996094
EV_006,142.0,37317.47,32.560001373291016,32.70729064941406,0.14728927612304688
EV_006,142.0,37317.47,32.560001373291016,33.89493179321289,1.334930419921875
EV_006,143.0,37317.47,32.560001373291016,32.77294921875,0.21294784545898438
EV_006,144.0,37317.47,32.560001373291016,34.23751449584961,1.6775131225585938
EV_006,144.0,37317.47,32.560001373291016,32.66215133666992,0.10214996337890625
EV_006,145.0,37317.47,32.560001373291016,34.230560302734375,1.6705589294433594
EV_006,143.0,37317.47,32.560001373291016,33.921504974365234,1.3615036010742188
EV_006,146.0,37317.47,32.560001373291016,33.5600700378418,1.0000686645507812
EV_006,144.0,37317.47,32.560001373291016,33.83795166015625,1.2779502868652344
EV_006,145.0,37317.47,32.560001373291016,32.54591369628906,-0.014087677001953125
EV_006,145.0,37317.47,32.560001373291016,34.102378845214844,1.5423774719238281
EV_006,146.0,37317.47,32.560001373291016,33.4880256652832,0.9280242919921875
EV_006,146.0,37317.47,32.560001373291016,33.58986282348633,1.0298614501953125
EV_006,147.0,37317.47,32.560001373291016,33.548770904541016,0.98876953125
EV_006,148.0,37317.47,32.560001373291016,32.836883544921875,0.2768821716308594
EV_006,153.0,37317.47,32.560001373291016,33.10188674926758,0.5418853759765625
EV_006,152.0,37317.47,32.560001373291016,33.104454040527344,0.5444526672363281
EV_006,153.0,37317.47,32.560001373291016,33.67431640625,1.1143150329589844
EV_007,954.0,47900.86,32.560001373291016,32.76612091064453,0.20611953735351562
EV_007,955.0,47900.86,32.560001373291016,32.719356536865234,0.15935516357421875
EV_007,956.0,47900.86,32.560001373291016,32.86224365234375,0.3022422790527344
EV_007,957.0,47900.86,32.560001373291016,32.9971923828125,0.4371910095214844
EV_007,958.0,47900.86,32.560001373291016,32.867828369140625,0.3078269958496094
EV_007,960.0,47900.86,32.560001373291016,32.775264739990234,0.21526336669921875
EV_007,961.0,47900.86,32.560001373291016,32.76331329345703,0.20331192016601562
EV_007,962.0,47900.86,32.560001373291016,34.37491226196289,1.814910888671875
EV_007,963.0,47900.86,32.560001373291016,33.937538146972656,1.3775367736816406
EV_007,967.0,47900.86,32.560001373291016,33.93246078491211,1.3724594116210938
EV_007,968.0,47900.86,32.560001373291016,33.346534729003906,0.7865333557128906
EV_007,970.0,47900.86,32.560001373291016,32.86796188354492,0.30796051025390625
EV_007,972.0,47900.86,32.560001373291016,32.801055908203125,0.24105453491210938
EV_007,973.0,47900.86,32.560001373291016,32.775474548339844,0.21547317504882812
EV_007,974.0,47900.86,32.560001373291016,32.796077728271484,0.23607635498046875
EV_007,975.0,47900.86,32.560001373291016,32.749481201171875,0.18947982788085938
EV_007,977.0,47900.86,32.560001373291016,32.6865348815918,0.12653350830078125
EV_007,978.0,47900.86,32.560001373291016,32.68836212158203,0.12836074829101562
EV_007,979.0,47900.86,32.560001373291016,32.65016555786133,0.0901641845703125
EV_007,980.0,47900.86,32.560001373291016,32.66215515136719,0.10215377807617188
EV_007,981.0,47900.86,32.560001373291016,32.718910217285156,0.15890884399414062
EV_007,982.0,47900.86,32.560001373291016,32.574642181396484,0.01464080810546875
EV_007,983.0,47900.86,32.560001373291016,32.70897674560547,0.14897537231445312
EV_007,984.0,47900.86,32.560001373291016,32.52628707885742,-0.03371429443359375
EV_007,986.0,47900.86,32.560001373291016,32.660404205322266,0.10040283203125
EV_007,987.0,47900.86,32.560001373291016,32.53764343261719,-0.022357940673828125
EV_007,989.0,47900.86,32.560001373291016,32.71432876586914,0.154327392578125
EV_007,992.0,47900.86,32.560001373291016,32.84005355834961,0.28005218505859375
EV_007,993.0,47900.86,32.560001373291016,33.175575256347656,0.6155738830566406
EV_007,994.0,47900.86,32.560001373291016,33.6794319152832,1.1194305419921875
EV_007,995.0,47900.86,32.560001373291016,33.30570983886719,0.7457084655761719
EV_007,997.0,47900.86,32.560001373291016,32.52986526489258,-0.0301361083984375
EV_007,998.0,47900.86,32.560001373291016,32.540767669677734,-0.01923370361328125
EV_007,999.0,47900.86,32.560001373291016,32.744529724121094,0.18452835083007812
EV_007,100.0,47900.86,32.560001373291016,32.93117904663086,0.37117767333984375
EV_007,101.0,47900.86,32.560001373291016,32.92143249511719,0.3614311218261719
EV_007,102.0,47900.86,32.560001373291016,32.88288497924805,0.32288360595703125
EV_007,103.0,47900.86,32.560001373291016,32.90571594238281,0.3457145690917969
EV_007,104.0,47900.86,32.560001373291016,32.85966873168945,0.2996673583984375
EV_007,105.0,47900.86,32.560001373291016,32.683265686035156,0.12326431274414062
EV_007,106.0,47900.86,32.560001373291016,32.72223663330078,0.16223526000976562
EV_007,108.0,47900.86,32.560001373291016,32.9630012512207,0.4029998779296875
EV_007,109.0,47900.86,32.560001373291016,33.85831069946289,1.298309326171875
EV_007,110.0,47900.86,32.560001373291016,34.03628158569336,1.4762802124023438
EV_007,113.0,47900.86,32.560001373291016,32.85847091674805,0.29846954345703125
EV_007,114.0,47900.86,32.560001373291016,32.49122619628906,-0.06877517700195312
EV_007,115.0,47900.86,32.560001373291016,32.497764587402344,-0.062236785888671875
EV_007,116.0,47900.86,32.560001373291016,32.56389617919922,0.003894805908203125
EV_007,117.0,47900.86,32.560001373291016,32.60615158081055,0.04615020751953125
EV_007,118.0,47900.86,32.560001373291016,32.460453033447266,-0.09954833984375
EV_007,119.0,47900.86,32.560001373291016,32.664390563964844,0.10438919067382812
EV_007,120.0,47900.86,32.560001373291016,32.818233489990234,0.25823211669921875
EV_007,121.0,47900.86,32.560001373291016,32.783512115478516,0.2235107421875
EV_007,122.0,47900.86,32.560001373291016,32.81580352783203,0.2558021545410156
EV_007,124.0,47900.86,32.560001373291016,33.406307220458984,0.8463058471679688
EV_007,125.0,47900.86,32.560001373291016,33.397926330566406,0.8379249572753906
EV_007,126.0,47900.86,32.560001373291016,33.31233215332031,0.7523307800292969
EV_007,127.0,47900.86,32.560001373291016,33.37706756591797,0.8170661926269531
EV_007,128.0,47900.86,32.560001373291016,33.711883544921875,1.1518821716308594
EV_007,129.0,47900.86,32.560001373291016,33.50703811645508,0.9470367431640625
EV_007,130.0,47900.86,32.560001373291016,33.7962646484375,1.2362632751464844
EV_007,131.0,47900.86,32.560001373291016,34.09029006958008,1.5302886962890625
EV_007,132.0,47900.86,32.560001373291016,34.054630279541016,1.49462890625
EV_007,133.0,47900.86,32.560001373291016,33.56385803222656,1.0038566589355469
EV_007,134.0,47900.86,32.560001373291016,33.12438201904297,0.5643806457519531
EV_007,136.0,47900.86,32.560001373291016,32.61605453491211,0.05605316162109375
EV_007,137.0,47900.86,32.560001373291016,32.47271728515625,-0.08728408813476562
EV_007,138.0,47900.86,32.560001373291016,32.53365707397461,-0.02634429931640625
EV_007,139.0,47900.86,32.560001373291016,32.7130241394043,0.15302276611328125
EV_007,140.0,47900.86,32.560001373291016,32.5829963684082,0.0229949951171875
EV_007,141.0,47900.86,32.560001373291016,32.728763580322266,0.16876220703125
EV_007,142.0,47900.86,32.560001373291016,32.540740966796875,-0.019260406494140625
EV_007,143.0,47900.86,32.560001373291016,32.57203674316406,0.012035369873046875
EV_007,147.0,47900.86,32.560001373291016,32.70428466796875,0.14428329467773438
EV_007,149.0,47900.86,32.560001373291016,33.45998764038086,0.8999862670898438
EV_007,150.0,47900.86,32.560001373291016,33.99027633666992,1.4302749633789062
EV_007,151.0,47900.86,32.560001373291016,33.64823532104492,1.0882339477539062
EV_007,153.0,47900.86,32.560001373291016,33.58967208862305,1.0296707153320312
EV_007,154.0,47900.86,32.560001373291016,32.784122467041016,0.22412109375
EV_007,155.0,47900.86,32.560001373291016,33.41461944580078,0.8546180725097656
EV_007,156.0,47900.86,32.560001373291016,32.70542907714844,0.14542770385742188
EV_007,157.0,47900.86,32.560001373291016,32.60171890258789,0.041717529296875
EV_007,158.0,47900.86,32.560001373291016,32.61332702636719,0.053325653076171875
EV_007,159.0,47900.86,32.560001373291016,32.7021369934082,0.1421356201171875
EV_007,160.0,47900.86,32.560001373291016,32.5410270690918,-0.01897430419921875
EV_007,161.0,47900.86,32.560001373291016,32.79090881347656,0.23090744018554688
EV_007,162.0,47900.86,32.560001373291016,33.57632827758789,1.016326904296875
EV_007,163.0,47900.86,32.560001373291016,34.131195068359375,1.5711936950683594
EV_007,164.0,47900.86,32.560001373291016,33.887386322021484,1.3273849487304688
EV_007,165.0,47900.86,32.560001373291016,33.4554328918457,0.8954315185546875
EV_007,167.0,47900.86,32.560001373291016,32.481510162353516,-0.0784912109375
EV_007,168.0,47900.86,32.560001373291016,32.725589752197266,0.16558837890625
EV_007,169.0,47900.86,32.560001373291016,32.861114501953125,0.3011131286621094
EV_007,170.0,47900.86,32.560001373291016,32.640464782714844,0.08046340942382812
EV_007,171.0,47900.86,32.560001373291016,32.927581787109375,0.3675804138183594
EV_007,172.0,47900.86,32.560001373291016,32.82742691040039,0.267425537109375
EV_007,173.0,47900.86,32.560001373291016,32.86740493774414,0.307403564453125
EV_007,174.0,47900.86,32.560001373291016,33.149627685546875,0.5896263122558594
EV_007,175.0,47900.86,32.560001373291016,32.9595832824707,0.3995819091796875
EV_007,176.0,47900.86,32.560001373291016,34.535160064697266,1.97515869140625
EV_007,177.0,47900.86,32.560001373291016,33.441802978515625,0.8818016052246094
EV_007,180.0,47900.86,32.560001373291016,32.48345947265625,-0.07654190063476562
EV_007,181.0,47900.86,32.560001373291016,32.538238525390625,-0.021762847900390625
EV_007,182.0,47900.86,32.560001373291016,32.5676155090332,0.0076141357421875
EV_007,183.0,47900.86,32.560001373291016,32.68320083618164,0.123199462890625
EV_007,184.0,47900.86,32.560001373291016,32.786949157714844,0.22694778442382812
EV_007,185.0,47900.86,32.560001373291016,34.430904388427734,1.8709030151367188
EV_007,186.0,47900.86,32.560001373291016,32.82637023925781,0.2663688659667969
EV_007,187.0,47900.86,32.560001373291016,32.7823371887207,0.2223358154296875
EV_007,189.0,47900.86,32.560001373291016,34.209259033203125,1.6492576599121094
EV_007,190.0,47900.86,32.560001373291016,34.493228912353516,1.9332275390625
EV_007,191.0,47900.86,32.560001373291016,34.28542709350586,1.7254257202148438
EV_007,192.0,47900.86,32.560001373291016,34.0529670715332,1.4929656982421875
EV_007,193.0,47900.86,32.560001373291016,34.2003173828125,1.6403160095214844
EV_007,194.0,47900.86,32.560001373291016,34.419830322265625,1.8598289489746094
EV_007,195.0,47900.86,32.560001373291016,34.092803955078125,1.5328025817871094
EV_007,196.0,47900.86,32.560001373291016,33.62337112426758,1.0633697509765625
EV_007,198.0,47900.86,32.560001373291016,32.84393310546875,0.2839317321777344
EV_007,199.0,47900.86,32.560001373291016,32.716148376464844,0.15614700317382812
EV_007,200.0,47900.86,32.560001373291016,32.728668212890625,0.16866683959960938
EV_007,201.0,47900.86,32.560001373291016,32.65290832519531,0.09290695190429688
EV_007,202.0,47900.86,32.560001373291016,32.67771530151367,0.11771392822265625
EV_007,203.0,47900.86,32.560001373291016,34.180381774902344,1.6203804016113281
EV_007,204.0,47900.86,32.560001373291016,34.1320686340332,1.5720672607421875
EV_007,205.0,47900.86,32.560001373291016,34.354984283447266,1.79498291015625
EV_007,206.0,47900.86,32.560001373291016,33.83635711669922,1.2763557434082031
EV_007,207.0,47900.86,32.560001373291016,33.32014465332031,0.7601432800292969
EV_007,209.0,47900.86,32.560001373291016,32.75750732421875,0.19750595092773438
EV_007,210.0,47900.86,32.560001373291016,32.81254196166992,0.25254058837890625
EV_007,211.0,47900.86,32.560001373291016,32.89202117919922,0.3320198059082031
EV_007,212.0,47900.86,32.560001373291016,32.80128860473633,0.2412872314453125
EV_007,215.0,47900.86,32.560001373291016,33.87911605834961,1.3191146850585938
EV_007,217.0,47900.86,32.560001373291016,32.5024299621582,-0.0575714111328125
EV_007,218.0,47900.86,32.560001373291016,33.106319427490234,0.5463180541992188
EV_007,219.0,47900.86,32.560001373291016,33.28111267089844,0.7211112976074219
EV_007,220.0,47900.86,32.560001373291016,33.077789306640625,0.5177879333496094
EV_007,221.0,47900.86,32.560001373291016,33.0534553527832,0.4934539794921875
EV_007,222.0,47900.86,32.560001373291016,32.557281494140625,-0.002719879150390625
EV_007,223.0,47900.86,32.560001373291016,32.519779205322266,-0.04022216796875
EV_007,224.0,47900.86,32.560001373291016,32.94950866699219,0.3895072937011719
EV_007,225.0,47900.86,32.560001373291016,33.025421142578125,0.4654197692871094
EV_007,226.0,47900.86,32.560001373291016,32.941490173339844,0.3814888000488281
EV_007,228.0,47900.86,32.560001373291016,32.74860382080078,0.18860244750976562
EV_007,229.0,47900.86,32.560001373291016,32.75040817260742,0.19040679931640625
EV_007,230.0,47900.86,32.560001373291016,32.738006591796875,0.17800521850585938
EV_007,231.0,47900.86,32.560001373291016,32.734130859375,0.17412948608398438
EV_007,232.0,47900.86,32.560001373291016,32.93961715698242,0.37961578369140625
EV_007,233.0,47900.86,32.560001373291016,32.95159149169922,0.3915901184082031
EV_007,234.0,47900.86,32.560001373291016,32.87177658081055,0.31177520751953125
EV_007,235.0,47900.86,32.560001373291016,33.18476867675781,0.6247673034667969
EV_007,236.0,47900.86,32.560001373291016,33.25483322143555,0.6948318481445312
EV_007,237.0,47900.86,32.560001373291016,33.1151123046875,0.5551109313964844
EV_007,238.0,47900.86,32.560001373291016,32.7857666015625,0.22576522827148438
EV_007,239.0,47900.86,32.560001373291016,32.755218505859375,0.19521713256835938
EV_007,240.0,47900.86,32.560001373291016,32.950565338134766,0.39056396484375
EV_007,242.0,47900.86,32.560001373291016,34.13908767700195,1.5790863037109375
EV_007,243.0,47900.86,32.560001373291016,34.339027404785156,1.7790260314941406
EV_007,244.0,47900.86,32.560001373291016,34.53182601928711,1.9718246459960938
EV_007,245.0,47900.86,32.560001373291016,34.506736755371094,1.9467353820800781
EV_007,246.0,47900.86,32.560001373291016,34.552249908447266,1.99224853515625
EV_007,247.0,47900.86,32.560001373291016,34.126338958740234,1.5663375854492188
EV_007,248.0,47900.86,32.560001373291016,33.78665542602539,1.226654052734375
EV_007,249.0,47900.86,32.560001373291016,33.48814392089844,0.9281425476074219
EV_007,251.0,47900.86,32.560001373291016,32.69969940185547,0.13969802856445312
EV_007,253.0,47900.86,32.560001373291016,34.09760284423828,1.5376014709472656
EV_007,254.0,47900.86,32.560001373291016,33.3061408996582,0.7461395263671875
EV_007,257.0,47900.86,32.560001373291016,32.83266067504883,0.2726593017578125
EV_007,258.0,47900.86,32.560001373291016,32.93674850463867,0.37674713134765625
EV_007,259.0,47900.86,32.560001373291016,32.89421081542969,0.3342094421386719
EV_007,260.0,47900.86,32.560001373291016,32.731719970703125,0.17171859741210938
EV_007,261.0,47900.86,32.560001373291016,32.67928695678711,0.11928558349609375
EV_007,264.0,47900.86,32.560001373291016,32.761085510253906,0.20108413696289062
EV_007,265.0,47900.86,32.560001373291016,32.685237884521484,0.12523651123046875
EV_007,267.0,47900.86,32.560001373291016,33.23052215576172,0.6705207824707031
EV_007,268.0,47900.86,32.560001373291016,33.48318099975586,0.9231796264648438
EV_007,269.0,47900.86,32.560001373291016,33.8387451171875,1.2787437438964844
EV_007,270.0,47900.86,32.560001373291016,33.43046951293945,0.8704681396484375
EV_007,271.0,47900.86,32.560001373291016,33.838069915771484,1.2780685424804688
EV_007,272.0,47900.86,32.560001373291016,34.02432632446289,1.464324951171875
EV_007,273.0,47900.86,32.560001373291016,33.848358154296875,1.2883567810058594
EV_007,274.0,47900.86,32.560001373291016,33.738624572753906,1.1786231994628906
EV_007,275.0,47900.86,32.560001373291016,33.507442474365234,0.9474411010742188
EV_007,277.0,47900.86,32.560001373291016,33.700233459472656,1.1402320861816406
EV_007,278.0,47900.86,32.560001373291016,33.561866760253906,1.0018653869628906
EV_007,279.0,47900.86,32.560001373291016,33.71128845214844,1.1512870788574219
EV_007,280.0,47900.86,32.560001373291016,32.88227081298828,0.3222694396972656
EV_007,282.0,47900.86,32.560001373291016,33.86130905151367,1.3013076782226562
EV_007,283.0,47900.86,32.560001373291016,33.91914749145508,1.3591461181640625
EV_007,284.0,47900.86,32.560001373291016,34.48078536987305,1.9207839965820312
EV_007,285.0,47900.86,32.560001373291016,32.697853088378906,0.13785171508789062
EV_007,286.0,47900.86,32.560001373291016,32.66769790649414,0.107696533203125
EV_007,287.0,47900.86,32.560001373291016,32.71829605102539,0.158294677734375
EV_007,288.0,47900.86,32.560001373291016,32.521217346191406,-0.038784027099609375
EV_007,289.0,47900.86,32.560001373291016,33.2967414855957,0.7367401123046875
EV_007,290.0,47900.86,32.560001373291016,33.7052001953125,1.1451988220214844
EV_007,291.0,47900.86,32.560001373291016,33.88035202026367,1.3203506469726562
EV_007,293.0,47900.86,32.560001373291016,32.4882698059082,-0.0717315673828125
EV_007,294.0,47900.86,32.560001373291016,32.5610466003418,0.00104522705078125
EV_007,295.0,47900.86,32.560001373291016,32.38167190551758,-0.1783294677734375
EV_007,296.0,47900.86,32.560001373291016,32.45004653930664,-0.109954833984375
EV_007,297.0,47900.86,32.560001373291016,32.499446868896484,-0.06055450439453125
EV_007,298.0,47900.86,32.560001373291016,33.706459045410156,1.1464576721191406
EV_007,299.0,47900.86,32.560001373291016,33.89430236816406,1.3343009948730469
EV_007,300.0,47900.86,32.560001373291016,34.196434020996094,1.6364326477050781
EV_007,301.0,47900.86,32.560001373291016,33.886962890625,1.3269615173339844
EV_007,302.0,47900.86,32.560001373291016,33.65672302246094,1.0967216491699219
EV_007,304.0,47900.86,32.560001373291016,34.21294403076172,1.6529426574707031
EV_007,305.0,47900.86,32.560001373291016,34.278076171875,1.7180747985839844
EV_007,306.0,47900.86,32.560001373291016,32.843990325927734,0.28398895263671875
EV_007,307.0,47900.86,32.560001373291016,32.75840377807617,0.19840240478515625
EV_007,308.0,47900.86,32.560001373291016,32.50053787231445,-0.0594635009765625
EV_007,309.0,47900.86,32.560001373291016,32.94525909423828,0.3852577209472656
EV_007,310.0,47900.86,32.560001373291016,32.6113166809082,0.0513153076171875
EV_007,311.0,47900.86,32.560001373291016,33.162960052490234,0.6029586791992188
EV_007,312.0,47900.86,32.560001373291016,34.98325729370117,2.4232559204101562
EV_007,314.0,47900.86,32.560001373291016,35.026668548583984,2.4666671752929688
EV_007,315.0,47900.86,32.560001373291016,35.208778381347656,2.6487770080566406
EV_007,316.0,47900.86,32.560001373291016,35.09117126464844,2.531169891357422
EV_007,317.0,47900.86,32.560001373291016,35.13369369506836,2.5736923217773438
EV_007,318.0,47900.86,32.560001373291016,33.83494567871094,1.2749443054199219
EV_007,319.0,47900.86,32.560001373291016,34.52146530151367,1.9614639282226562
EV_007,320.0,47900.86,32.560001373291016,34.112953186035156,1.5529518127441406
EV_007,321.0,47900.86,32.560001373291016,34.13947296142578,1.5794715881347656
EV_007,322.0,47900.86,32.560001373291016,34.1435661315918,1.5835647583007812
EV_007,323.0,47900.86,32.560001373291016,33.42685317993164,0.866851806640625
EV_007,325.0,47900.86,32.560001373291016,32.71737289428711,0.15737152099609375
EV_007,326.0,47900.86,32.560001373291016,32.75864791870117,0.19864654541015625
EV_007,327.0,47900.86,32.560001373291016,32.88658905029297,0.3265876770019531
EV_007,328.0,47900.86,32.560001373291016,32.762603759765625,0.20260238647460938
EV_007,329.0,47900.86,32.560001373291016,32.90064239501953,0.3406410217285156
EV_007,330.0,47900.86,32.560001373291016,34.16717529296875,1.6071739196777344
EV_007,331.0,47900.86,32.560001373291016,33.05791473388672,0.4979133605957031
EV_007,332.0,47900.86,32.560001373291016,33.85475158691406,1.2947502136230469
EV_007,333.0,47900.86,32.560001373291016,33.132781982421875,0.5727806091308594
EV_007,335.0,47900.86,32.560001373291016,34.29814910888672,1.7381477355957031
EV_007,337.0,47900.86,32.560001373291016,32.60502624511719,0.045024871826171875
EV_007,338.0,47900.86,32.560001373291016,32.600006103515625,0.040004730224609375
EV_007,339.0,47900.86,32.560001373291016,32.48915481567383,-0.0708465576171875
EV_007,340.0,47900.86,32.560001373291016,32.69322967529297,0.13322830200195312
EV_007,341.0,47900.86,32.560001373291016,32.80467987060547,0.24467849731445312
EV_007,342.0,47900.86,32.560001373291016,32.7321662902832,0.1721649169921875
EV_007,343.0,47900.86,32.560001373291016,32.83794403076172,0.2779426574707031
EV_007,344.0,47900.86,32.560001373291016,32.77949142456055,0.21949005126953125
EV_007,345.0,47900.86,32.560001373291016,32.818599700927734,0.25859832763671875
EV_007,346.0,47900.86,32.560001373291016,32.82841110229492,0.26840972900390625
EV_007,350.0,47900.86,32.560001373291016,33.09006118774414,0.530059814453125
EV_007,351.0,47900.86,32.560001373291016,32.90703582763672,0.3470344543457031
EV_007,352.0,47900.86,32.560001373291016,32.87956237792969,0.3195610046386719
EV_007,353.0,47900.86,32.560001373291016,33.982975006103516,1.4229736328125
EV_007,354.0,47900.86,32.560001373291016,33.69002914428711,1.1300277709960938
EV_007,355.0,47900.86,32.560001373291016,33.164180755615234,0.6041793823242188
EV_007,356.0,47900.86,32.560001373291016,33.71977233886719,1.1597709655761719
EV_007,357.0,47900.86,32.560001373291016,33.18014907836914,0.620147705078125
EV_007,358.0,47900.86,32.560001373291016,33.35725784301758,0.7972564697265625
EV_007,360.0,47900.86,32.560001373291016,33.975128173828125,1.4151268005371094
EV_007,362.0,47900.86,32.560001373291016,32.44587707519531,-0.11412429809570312
EV_007,363.0,47900.86,32.560001373291016,32.36676025390625,-0.19324111938476562
EV_007,364.0,47900.86,32.560001373291016,32.52028274536133,-0.0397186279296875
EV_007,365.0,47900.86,32.560001373291016,32.619651794433594,0.059650421142578125
EV_007,366.0,47900.86,32.560001373291016,32.77358627319336,0.21358489990234375
EV_007,367.0,47900.86,32.560001373291016,32.57783508300781,0.017833709716796875
EV_007,368.0,47900.86,32.560001373291016,32.54301071166992,-0.01699066162109375
EV_007,369.0,47900.86,32.560001373291016,32.80522537231445,0.2452239990234375
EV_007,370.0,47900.86,32.560001373291016,32.73923873901367,0.17923736572265625
EV_007,371.0,47900.86,32.560001373291016,34.3016242980957,1.7416229248046875
EV_007,372.0,47900.86,32.560001373291016,34.206111907958984,1.6461105346679688
EV_007,373.0,47900.86,32.560001373291016,33.35476303100586,0.7947616577148438
EV_007,374.0,47900.86,32.560001373291016,33.41646194458008,0.8564605712890625
EV_007,375.0,47900.86,32.560001373291016,33.04792404174805,0.48792266845703125
EV_007,376.0,47900.86,32.560001373291016,32.82179260253906,0.2617912292480469
EV_007,377.0,47900.86,32.560001373291016,32.830135345458984,0.27013397216796875
EV_007,378.0,47900.86,32.560001373291016,32.85618209838867,0.29618072509765625
EV_007,379.0,47900.86,32.560001373291016,32.69696807861328,0.13696670532226562
EV_007,380.0,47900.86,32.560001373291016,32.74988555908203,0.18988418579101562
EV_007,381.0,47900.86,32.560001373291016,32.863128662109375,0.3031272888183594
EV_007,382.0,47900.86,32.560001373291016,32.79249572753906,0.23249435424804688
EV_007,383.0,47900.86,32.560001373291016,32.768218994140625,0.20821762084960938
EV_007,384.0,47900.86,32.560001373291016,32.80658721923828,0.24658584594726562
EV_007,385.0,47900.86,32.560001373291016,33.21018600463867,0.6501846313476562
EV_007,386.0,47900.86,32.560001373291016,33.418880462646484,0.8588790893554688
EV_007,388.0,47900.86,32.560001373291016,32.69546127319336,0.13545989990234375
EV_007,389.0,47900.86,32.560001373291016,32.61692428588867,0.05692291259765625
EV_007,390.0,47900.86,32.560001373291016,32.65958786010742,0.09958648681640625
EV_007,392.0,47900.86,32.560001373291016,32.5555534362793,-0.00444793701171875
EV_007,393.0,47900.86,32.560001373291016,32.53982925415039,-0.020172119140625
EV_007,394.0,47900.86,32.560001373291016,32.618927001953125,0.058925628662109375
EV_007,395.0,47900.86,32.560001373291016,32.42194747924805,-0.13805389404296875
EV_007,396.0,47900.86,32.560001373291016,32.59562683105469,0.035625457763671875
EV_007,397.0,47900.86,32.560001373291016,33.48450469970703,0.9245033264160156
EV_007,398.0,47900.86,32.560001373291016,33.74504852294922,1.1850471496582031
EV_007,399.0,47900.86,32.560001373291016,33.822975158691406,1.2629737854003906
EV_007,400.0,47900.86,32.560001373291016,33.34812545776367,0.7881240844726562
EV_007,401.0,47900.86,32.560001373291016,33.483062744140625,0.9230613708496094
EV_007,402.0,47900.86,32.560001373291016,33.364681243896484,0.8046798706054688
EV_007,403.0,47900.86,32.560001373291016,33.45522689819336,0.8952255249023438
EV_007,405.0,47900.86,32.560001373291016,32.68900680541992,0.12900543212890625
EV_007,406.0,47900.86,32.560001373291016,32.500946044921875,-0.059055328369140625
EV_007,407.0,47900.86,32.560001373291016,32.56586456298828,0.005863189697265625
EV_007,408.0,47900.86,32.560001373291016,32.5641975402832,0.0041961669921875
EV_007,409.0,47900.86,32.560001373291016,32.54396438598633,-0.0160369873046875
EV_007,411.0,47900.86,32.560001373291016,33.66924285888672,1.1092414855957031
EV_007,414.0,47900.86,32.560001373291016,32.879207611083984,0.31920623779296875
EV_007,416.0,47900.86,32.560001373291016,33.17010498046875,0.6101036071777344
EV_007,417.0,47900.86,32.560001373291016,34.299476623535156,1.7394752502441406
EV_007,418.0,47900.86,32.560001373291016,33.85922622680664,1.299224853515625
EV_007,419.0,47900.86,32.560001373291016,32.564048767089844,0.004047393798828125
EV_007,420.0,47900.86,32.560001373291016,32.58070755004883,0.0207061767578125
EV_007,421.0,47900.86,32.560001373291016,32.606807708740234,0.04680633544921875
EV_007,423.0,47900.86,32.560001373291016,33.81451416015625,1.2545127868652344
EV_007,425.0,47900.86,32.560001373291016,34.6117057800293,2.0517044067382812
EV_007,426.0,47900.86,32.560001373291016,32.83859634399414,0.278594970703125
EV_007,427.0,47900.86,32.560001373291016,32.671695709228516,0.1116943359375
EV_007,428.0,47900.86,32.560001373291016,34.252986907958984,1.6929855346679688
EV_007,430.0,47900.86,32.560001373291016,32.62030029296875,0.060298919677734375
EV_007,431.0,47900.86,32.560001373291016,32.59697341918945,0.0369720458984375
EV_007,432.0,47900.86,32.560001373291016,32.77720642089844,0.21720504760742188
EV_007,433.0,47900.86,32.560001373291016,32.56870651245117,0.00870513916015625
EV_008,599.0,19322.06,32.5,34.43479537963867,1.9347953796386719
EV_008,606.0,19322.06,32.5,33.116981506347656,0.6169815063476562
EV_008,608.0,19322.06,32.5,33.43977355957031,0.9397735595703125
EV_008,610.0,19322.06,32.5,35.15574645996094,2.6557464599609375
EV_008,612.0,19322.06,32.5,32.781776428222656,0.28177642822265625
EV_008,613.0,19322.06,32.5,32.9534797668457,0.4534797668457031
EV_008,617.0,19322.06,32.5,34.28998565673828,1.7899856567382812
EV_008,618.0,19322.06,32.5,33.97465515136719,1.4746551513671875
EV_008,619.0,19322.06,32.5,32.67977523803711,0.17977523803710938
EV_008,621.0,19322.06,32.5,33.533447265625,1.033447265625
EV_008,622.0,19322.06,32.5,33.39738464355469,0.8973846435546875
EV_008,624.0,19322.06,32.5,33.88905715942383,1.3890571594238281
EV_008,625.0,19322.06,32.5,32.89524841308594,0.3952484130859375
EV_008,626.0,19322.06,32.5,32.90199661254883,0.4019966125488281
EV_008,627.0,19322.06,32.5,33.8518180847168,1.3518180847167969
EV_008,628.0,19322.06,32.5,34.003623962402344,1.5036239624023438
EV_008,629.0,19322.06,32.5,33.66065979003906,1.1606597900390625
EV_008,630.0,19322.06,32.5,34.41022872924805,1.9102287292480469
EV_008,631.0,19322.06,32.5,34.6317024230957,2.131702423095703
EV_008,632.0,19322.06,32.5,33.84691619873047,1.3469161987304688
EV_008,634.0,19322.06,32.5,32.67576599121094,0.1757659912109375
EV_008,636.0,19322.06,32.5,32.66889572143555,0.16889572143554688
EV_008,637.0,19322.06,32.5,32.811214447021484,0.3112144470214844
EV_008,639.0,19322.06,32.5,32.94499588012695,0.4449958801269531
EV_008,640.0,19322.06,32.5,32.819053649902344,0.31905364990234375
EV_008,641.0,19322.06,32.5,32.75933074951172,0.25933074951171875
EV_008,642.0,19322.06,32.5,32.74140548706055,0.24140548706054688
EV_008,643.0,19322.06,32.5,33.121917724609375,0.621917724609375
EV_008,645.0,19322.06,32.5,34.94351577758789,2.4435157775878906
EV_008,646.0,19322.06,32.5,35.1129150390625,2.6129150390625
EV_008,647.0,19322.06,32.5,35.1761474609375,2.6761474609375
EV_008,648.0,19322.06,32.5,35.24293899536133,2.742938995361328
EV_008,649.0,19322.06,32.5,35.141357421875,2.641357421875
EV_008,653.0,19322.06,32.5,32.55173110961914,0.051731109619140625
EV_008,654.0,19322.06,32.5,32.74427795410156,0.2442779541015625
EV_008,655.0,19322.06,32.5,34.69588088989258,2.195880889892578
EV_008,656.0,19322.06,32.5,33.935020446777344,1.4350204467773438
EV_008,657.0,19322.06,32.5,32.575008392333984,0.07500839233398438
EV_008,658.0,19322.06,32.5,32.47685241699219,-0.0231475830078125
EV_008,660.0,19322.06,32.5,33.053253173828125,0.553253173828125
EV_008,661.0,19322.06,32.5,33.20508575439453,0.7050857543945312
EV_008,662.0,19322.06,32.5,34.00859451293945,1.5085945129394531
EV_008,663.0,19322.06,32.5,33.25190734863281,0.7519073486328125
EV_008,664.0,19322.06,32.5,32.93865203857422,0.43865203857421875
EV_008,666.0,19322.06,32.5,33.536495208740234,1.0364952087402344
EV_008,667.0,19322.06,32.5,32.95490264892578,0.45490264892578125
EV_008,668.0,19322.06,32.5,33.755157470703125,1.255157470703125
EV_008,670.0,19322.06,32.5,32.636661529541016,0.13666152954101562
EV_008,671.0,19322.06,32.5,32.555641174316406,0.05564117431640625
EV_008,672.0,19322.06,32.5,33.13808822631836,0.6380882263183594
EV_008,673.0,19322.06,32.5,33.723243713378906,1.2232437133789062
EV_008,674.0,19322.06,32.5,33.853294372558594,1.3532943725585938
EV_008,675.0,19322.06,32.5,34.52956771850586,2.0295677185058594
EV_008,676.0,19322.06,32.5,32.699073791503906,0.19907379150390625
EV_008,677.0,19322.06,32.5,32.72174072265625,0.22174072265625
EV_008,678.0,19322.06,32.5,32.58979415893555,0.08979415893554688
EV_008,679.0,19322.06,32.5,32.543338775634766,0.043338775634765625
EV_008,680.0,19322.06,32.5,34.5892219543457,2.089221954345703
EV_008,681.0,19322.06,32.5,33.75415802001953,1.2541580200195312
EV_008,683.0,19322.06,32.5,33.54790496826172,1.0479049682617188
EV_008,685.0,19322.06,32.5,32.8355827331543,0.3355827331542969
EV_008,686.0,19322.06,32.5,32.481109619140625,-0.018890380859375
EV_008,687.0,19322.06,32.5,34.28926086425781,1.7892608642578125
EV_008,688.0,19322.06,32.5,33.5101318359375,1.0101318359375
EV_008,689.0,19322.06,32.5,33.10256576538086,0.6025657653808594
EV_008,690.0,19322.06,32.5,32.79235076904297,0.29235076904296875
EV_008,691.0,19322.06,32.5,32.4714241027832,-0.028575897216796875
EV_008,692.0,19322.06,32.5,32.487770080566406,-0.01222991943359375
EV_008,693.0,19322.06,32.5,32.702510833740234,0.20251083374023438
EV_008,694.0,19322.06,32.5,32.5389289855957,0.038928985595703125
EV_008,695.0,19322.06,32.5,32.52437973022461,0.024379730224609375
EV_008,696.0,19322.06,32.5,32.640716552734375,0.140716552734375
EV_008,698.0,19322.06,32.5,33.830780029296875,1.330780029296875
EV_008,702.0,19322.06,32.5,32.94689178466797,0.44689178466796875
EV_008,703.0,19322.06,32.5,33.043277740478516,0.5432777404785156
EV_008,704.0,19322.06,32.5,32.527103424072266,0.027103424072265625
EV_008,705.0,19322.06,32.5,32.68852615356445,0.18852615356445312
EV_008,706.0,19322.06,32.5,32.470951080322266,-0.029048919677734375
EV_008,707.0,19322.06,32.5,32.66757583618164,0.16757583618164062
EV_008,708.0,19322.06,32.5,32.525489807128906,0.02548980712890625
EV_008,709.0,19322.06,32.5,32.489925384521484,-0.010074615478515625
EV_008,710.0,19322.06,32.5,32.61378479003906,0.1137847900390625
EV_008,711.0,19322.06,32.5,32.6487922668457,0.14879226684570312
EV_008,712.0,19322.06,32.5,34.017051696777344,1.5170516967773438
EV_008,713.0,19322.06,32.5,33.45014953613281,0.9501495361328125
EV_008,715.0,19322.06,32.5,34.291099548339844,1.7910995483398438
EV_008,718.0,19322.06,32.5,33.91143798828125,1.41143798828125
EV_008,720.0,19322.06,32.5,32.52538299560547,0.02538299560546875
EV_008,721.0,19322.06,32.5,32.587303161621094,0.08730316162109375
EV_008,722.0,19322.06,32.5,33.073368072509766,0.5733680725097656
EV_008,723.0,19322.06,32.5,33.30765914916992,0.8076591491699219
EV_008,724.0,19322.06,32.5,33.74972152709961,1.2497215270996094
EV_008,725.0,19322.06,32.5,33.60285949707031,1.1028594970703125
EV_008,726.0,19322.06,32.5,33.799354553222656,1.2993545532226562
EV_008,727.0,19322.06,32.5,33.283870697021484,0.7838706970214844
EV_008,729.0,19322.06,32.5,32.598419189453125,0.098419189453125
EV_008,730.0,19322.06,32.5,32.6850471496582,0.18504714965820312
EV_008,731.0,19322.06,32.5,32.554725646972656,0.05472564697265625
EV_008,732.0,19322.06,32.5,33.57997512817383,1.0799751281738281
EV_008,733.0,19322.06,32.5,32.61799621582031,0.1179962158203125
EV_008,734.0,19322.06,32.5,32.6169319152832,0.11693191528320312
EV_008,735.0,19322.06,32.5,32.58430862426758,0.08430862426757812
EV_008,736.0,19322.06,32.5,32.7117919921875,0.2117919921875
EV_008,737.0,19322.06,32.5,32.65022659301758,0.15022659301757812
EV_008,738.0,19322.06,32.5,32.45115661621094,-0.0488433837890625
EV_008,739.0,19322.06,32.5,32.613277435302734,0.11327743530273438
EV_008,741.0,19322.06,32.5,33.534950256347656,1.0349502563476562
EV_008,744.0,19322.06,32.5,32.61273956298828,0.11273956298828125
EV_008,745.0,19322.06,32.5,34.14936828613281,1.6493682861328125
EV_008,746.0,19322.06,32.5,34.65678024291992,2.156780242919922
EV_008,747.0,19322.06,32.5,33.935333251953125,1.435333251953125
EV_008,748.0,19322.06,32.5,32.779335021972656,0.27933502197265625
EV_008,749.0,19322.06,32.5,32.76408767700195,0.2640876770019531
EV_008,750.0,19322.06,32.5,33.10276412963867,0.6027641296386719
EV_008,754.0,19322.06,32.5,34.283782958984375,1.783782958984375
EV_008,755.0,19322.06,32.5,34.22486877441406,1.7248687744140625
EV_008,756.0,19322.06,32.5,33.369728088378906,0.8697280883789062
EV_008,758.0,19322.06,32.5,33.86835861206055,1.3683586120605469
EV_008,759.0,19322.06,32.5,33.71425247192383,1.2142524719238281
EV_008,760.0,19322.06,32.5,32.66837692260742,0.16837692260742188
EV_008,761.0,19322.06,32.5,32.55952835083008,0.059528350830078125
EV_008,762.0,19322.06,32.5,33.848426818847656,1.3484268188476562
EV_008,763.0,19322.06,32.5,33.82476806640625,1.32476806640625
EV_008,764.0,19322.06,32.5,33.8723030090332,1.3723030090332031
EV_008,765.0,19322.06,32.5,32.67995834350586,0.17995834350585938
EV_008,766.0,19322.06,32.5,32.46316909790039,-0.036830902099609375
EV_008,767.0,19322.06,32.5,32.756954193115234,0.2569541931152344
EV_008,769.0,19322.06,32.5,33.02416229248047,0.5241622924804688
EV_008,770.0,19322.06,32.5,33.076995849609375,0.576995849609375
EV_008,771.0,19322.06,32.5,32.753631591796875,0.253631591796875
EV_008,772.0,19322.06,32.5,33.892967224121094,1.3929672241210938
EV_008,773.0,19322.06,32.5,33.69063186645508,1.1906318664550781
EV_008,774.0,19322.06,32.5,32.936500549316406,0.43650054931640625
EV_008,775.0,19322.06,32.5,32.556236267089844,0.05623626708984375
EV_008,776.0,19322.06,32.5,32.721290588378906,0.22129058837890625
EV_008,778.0,19322.06,32.5,32.61857604980469,0.1185760498046875
EV_008,779.0,19322.06,32.5,32.91058349609375,0.41058349609375
EV_008,780.0,19322.06,32.5,32.9277229309082,0.4277229309082031
EV_008,781.0,19322.06,32.5,32.96486282348633,0.4648628234863281
EV_008,782.0,19322.06,32.5,32.96639633178711,0.4663963317871094
EV_008,783.0,19322.06,32.5,32.576698303222656,0.07669830322265625
EV_008,784.0,19322.06,32.5,32.590606689453125,0.090606689453125
EV_008,785.0,19322.06,32.5,32.72557830810547,0.22557830810546875
EV_008,786.0,19322.06,32.5,32.95964050292969,0.4596405029296875
EV_008,788.0,19322.06,32.5,33.07795333862305,0.5779533386230469
EV_008,789.0,19322.06,32.5,35.101192474365234,2.6011924743652344
EV_008,790.0,19322.06,32.5,35.092098236083984,2.5920982360839844
EV_008,791.0,19322.06,32.5,35.08252716064453,2.5825271606445312
EV_008,792.0,19322.06,32.5,35.12222671508789,2.6222267150878906
EV_008,793.0,19322.06,32.5,34.920101165771484,2.4201011657714844
EV_008,794.0,19322.06,32.5,34.87163162231445,2.371631622314453
EV_008,795.0,19322.06,32.5,34.589298248291016,2.0892982482910156
EV_008,796.0,19322.06,32.5,33.562530517578125,1.062530517578125
EV_008,797.0,19322.06,32.5,33.30287170410156,0.8028717041015625
EV_008,798.0,19322.06,32.5,32.61549377441406,0.1154937744140625
EV_008,799.0,19322.06,32.5,33.2135124206543,0.7135124206542969
EV_008,801.0,19322.06,32.5,33.102596282958984,0.6025962829589844
EV_008,802.0,19322.06,32.5,32.566322326660156,0.06632232666015625
EV_008,803.0,19322.06,32.5,32.677391052246094,0.17739105224609375
EV_008,804.0,19322.06,32.5,32.94137191772461,0.4413719177246094
EV_008,805.0,19322.06,32.5,32.65208053588867,0.15208053588867188
EV_008,806.0,19322.06,32.5,32.590431213378906,0.09043121337890625
EV_008,807.0,19322.06,32.5,32.60437774658203,0.10437774658203125
EV_008,808.0,19322.06,32.5,32.6954345703125,0.1954345703125
EV_008,809.0,19322.06,32.5,32.462913513183594,-0.03708648681640625
EV_008,810.0,19322.06,32.5,32.480003356933594,-0.01999664306640625
EV_008,811.0,19322.06,32.5,32.65143585205078,0.15143585205078125
EV_008,812.0,19322.06,32.5,32.75749206542969,0.2574920654296875
EV_008,813.0,19322.06,32.5,32.79293441772461,0.2929344177246094
EV_008,814.0,19322.06,32.5,32.65448760986328,0.15448760986328125
EV_008,815.0,19322.06,32.5,32.72297668457031,0.2229766845703125
EV_008,817.0,19322.06,32.5,32.72783279418945,0.22783279418945312
EV_008,818.0,19322.06,32.5,32.9671745300293,0.4671745300292969
EV_008,819.0,19322.06,32.5,32.85690689086914,0.3569068908691406
EV_008,820.0,19322.06,32.5,32.77677917480469,0.2767791748046875
EV_008,821.0,19322.06,32.5,32.77275466918945,0.2727546691894531
EV_008,822.0,19322.06,32.5,32.83184051513672,0.33184051513671875
EV_008,823.0,19322.06,32.5,32.71750259399414,0.21750259399414062
EV_008,824.0,19322.06,32.5,32.74991989135742,0.24991989135742188
EV_008,825.0,19322.06,32.5,32.6672477722168,0.16724777221679688
EV_008,827.0,19322.06,32.5,32.89980697631836,0.3998069763183594
EV_008,829.0,19322.06,32.5,32.73612976074219,0.2361297607421875
EV_008,830.0,19322.06,32.5,32.77967834472656,0.2796783447265625
EV_008,831.0,19322.06,32.5,32.72797393798828,0.22797393798828125
EV_008,832.0,19322.06,32.5,32.705142974853516,0.20514297485351562
EV_008,833.0,19322.06,32.5,32.73051834106445,0.23051834106445312
EV_008,834.0,19322.06,32.5,32.81687545776367,0.3168754577636719
EV_008,836.0,19322.06,32.5,32.759857177734375,0.259857177734375
EV_008,837.0,19322.06,32.5,35.09977340698242,2.599773406982422
EV_008,838.0,19322.06,32.5,35.14270782470703,2.6427078247070312
EV_008,839.0,19322.06,32.5,35.10399627685547,2.6039962768554688
EV_008,840.0,19322.06,32.5,35.19353485107422,2.6935348510742188
EV_008,841.0,19322.06,32.5,35.222896575927734,2.7228965759277344
EV_008,842.0,19322.06,32.5,34.98859405517578,2.4885940551757812
EV_008,843.0,19322.06,32.5,34.86002731323242,2.360027313232422
EV_008,844.0,19322.06,32.5,33.65245056152344,1.1524505615234375
EV_008,845.0,19322.06,32.5,32.60460662841797,0.10460662841796875
EV_008,846.0,19322.06,32.5,32.481605529785156,-0.01839447021484375
EV_008,847.0,19322.06,32.5,33.30793762207031,0.8079376220703125
EV_008,850.0,19322.06,32.5,33.998199462890625,1.498199462890625
EV_008,851.0,19322.06,32.5,34.784358978271484,2.2843589782714844
EV_008,852.0,19322.06,32.5,33.783329010009766,1.2833290100097656
EV_008,853.0,19322.06,32.5,32.87485122680664,0.3748512268066406
EV_008,854.0,19322.06,32.5,32.66463088989258,0.16463088989257812
EV_008,855.0,19322.06,32.5,32.79405975341797,0.29405975341796875
EV_008,856.0,19322.06,32.5,32.724700927734375,0.224700927734375
EV_008,858.0,19322.06,32.5,34.0856819152832,1.5856819152832031
EV_008,859.0,19322.06,32.5,33.58323669433594,1.0832366943359375
EV_008,861.0,19322.06,32.5,33.691524505615234,1.1915245056152344
EV_008,862.0,19322.06,32.5,34.821319580078125,2.321319580078125
EV_008,863.0,19322.06,32.5,34.33642578125,1.83642578125
EV_008,864.0,19322.06,32.5,34.10272216796875,1.60272216796875
EV_008,867.0,19322.06,32.5,32.69105911254883,0.19105911254882812
EV_008,868.0,19322.06,32.5,34.15515899658203,1.6551589965820312
EV_008,871.0,19322.06,32.5,32.68589782714844,0.1858978271484375
EV_008,872.0,19322.06,32.5,33.62255859375,1.12255859375
EV_008,873.0,19322.06,32.5,34.12607955932617,1.6260795593261719
EV_008,874.0,19322.06,32.5,34.350101470947266,1.8501014709472656
EV_008,875.0,19322.06,32.5,34.27170181274414,1.7717018127441406
EV_008,876.0,19322.06,32.5,33.47871398925781,0.9787139892578125
EV_008,878.0,19322.06,32.5,32.82058334350586,0.3205833435058594
EV_008,879.0,19322.06,32.5,32.629608154296875,0.129608154296875
EV_008,880.0,19322.06,32.5,32.716552734375,0.216552734375
EV_008,881.0,19322.06,32.5,32.75904846191406,0.2590484619140625
EV_008,882.0,19322.06,32.5,32.7948112487793,0.2948112487792969
EV_008,883.0,19322.06,32.5,32.77737808227539,0.2773780822753906
EV_008,885.0,19322.06,32.5,32.89323043823242,0.3932304382324219
EV_008,886.0,19322.06,32.5,32.71431350708008,0.21431350708007812
EV_008,887.0,19322.06,32.5,32.838050842285156,0.33805084228515625
EV_008,888.0,19322.06,32.5,33.32938003540039,0.8293800354003906
EV_008,889.0,19322.06,32.5,33.86378860473633,1.3637886047363281
EV_008,891.0,19322.06,32.5,32.88615036010742,0.3861503601074219
EV_008,892.0,19322.06,32.5,32.8210334777832,0.3210334777832031
EV_008,893.0,19322.06,32.5,34.466583251953125,1.966583251953125
EV_008,894.0,19322.06,32.5,33.87443161010742,1.3744316101074219
EV_008,896.0,19322.06,32.5,32.66364669799805,0.16364669799804688
EV_008,897.0,19322.06,32.5,32.772621154785156,0.27262115478515625
EV_008,898.0,19322.06,32.5,33.65671157836914,1.1567115783691406
EV_008,899.0,19322.06,32.5,34.688297271728516,2.1882972717285156
EV_008,900.0,19322.06,32.5,34.1901969909668,1.6901969909667969
EV_008,901.0,19322.06,32.5,34.30575942993164,1.8057594299316406
EV_008,902.0,19322.06,32.5,32.75811767578125,0.25811767578125
EV_008,903.0,19322.06,32.5,32.64094543457031,0.1409454345703125
EV_008,904.0,19322.06,32.5,32.62992858886719,0.1299285888671875
EV_008,905.0,19322.06,32.5,32.85110092163086,0.3511009216308594
EV_008,906.0,19322.06,32.5,33.77900695800781,1.2790069580078125
EV_008,908.0,19322.06,32.5,34.57170104980469,2.0717010498046875
EV_008,909.0,19322.06,32.5,34.206451416015625,1.706451416015625
EV_008,912.0,19322.06,32.5,32.72309494018555,0.22309494018554688
EV_008,913.0,19322.06,32.5,32.66558837890625,0.16558837890625
EV_008,914.0,19322.06,32.5,32.78083038330078,0.28083038330078125
EV_008,915.0,19322.06,32.5,32.69243621826172,0.19243621826171875
EV_008,916.0,19322.06,32.5,32.661041259765625,0.161041259765625
EV_008,917.0,19322.06,32.5,32.701385498046875,0.201385498046875
EV_008,918.0,19322.06,32.5,32.99805450439453,0.49805450439453125
EV_008,919.0,19322.06,32.5,32.9263801574707,0.4263801574707031
EV_008,920.0,19322.06,32.5,32.78799057006836,0.2879905700683594
EV_008,921.0,19322.06,32.5,32.94010543823242,0.4401054382324219
EV_008,922.0,19322.06,32.5,32.72000503540039,0.22000503540039062
EV_008,923.0,19322.06,32.5,32.830718994140625,0.330718994140625
EV_008,924.0,19322.06,32.5,32.85177230834961,0.3517723083496094
EV_008,926.0,19322.06,32.5,34.253726959228516,1.7537269592285156
EV_008,927.0,19322.06,32.5,35.120826721191406,2.6208267211914062
EV_008,928.0,19322.06,32.5,35.21254348754883,2.712543487548828
EV_008,929.0,19322.06,32.5,35.196285247802734,2.6962852478027344
EV_008,930.0,19322.06,32.5,35.35103988647461,2.8510398864746094
EV_008,931.0,19322.06,32.5,35.22642517089844,2.7264251708984375
EV_008,932.0,19322.06,32.5,33.952796936035156,1.4527969360351562
EV_008,933.0,19322.06,32.5,34.00712966918945,1.5071296691894531
EV_008,934.0,19322.06,32.5,33.6411247253418,1.1411247253417969
EV_008,935.0,19322.06,32.5,33.254058837890625,0.754058837890625
EV_008,936.0,19322.06,32.5,34.00517272949219,1.5051727294921875
EV_008,938.0,19322.06,32.5,32.555667877197266,0.055667877197265625
EV_008,939.0,19322.06,32.5,32.62367248535156,0.1236724853515625
EV_008,940.0,19322.06,32.5,32.67778396606445,0.17778396606445312
EV_008,941.0,19322.06,32.5,32.59745407104492,0.09745407104492188
EV_008,942.0,19322.06,32.5,34.72504806518555,2.225048065185547
EV_008,943.0,19322.06,32.5,32.78773498535156,0.2877349853515625
EV_008,944.0,19322.06,32.5,34.251495361328125,1.751495361328125
EV_008,945.0,19322.06,32.5,34.048892974853516,1.5488929748535156
EV_008,946.0,19322.06,32.5,33.30928421020508,0.8092842102050781
EV_008,947.0,19322.06,32.5,33.94132995605469,1.4413299560546875
EV_008,948.0,19322.06,32.5,33.433135986328125,0.933135986328125
EV_008,949.0,19322.06,32.5,33.22257995605469,0.7225799560546875
EV_008,950.0,19322.06,32.5,33.49852752685547,0.9985275268554688
EV_008,952.0,19322.06,32.5,33.50022888183594,1.0002288818359375
EV_008,953.0,19322.06,32.5,35.261112213134766,2.7611122131347656
EV_008,954.0,19322.06,32.5,35.17221450805664,2.6722145080566406
EV_008,955.0,19322.06,32.5,35.0955924987793,2.595592498779297
EV_008,956.0,19322.06,32.5,35.050933837890625,2.550933837890625
EV_008,957.0,19322.06,32.5,34.996726989746094,2.4967269897460938
EV_008,958.0,19322.06,32.5,34.418338775634766,1.9183387756347656
EV_008,960.0,19322.06,32.5,33.25227355957031,0.7522735595703125
EV_008,961.0,19322.06,32.5,33.143089294433594,0.6430892944335938
EV_008,962.0,19322.06,32.5,33.4195442199707,0.9195442199707031
EV_008,963.0,19322.06,32.5,33.77401351928711,1.2740135192871094
EV_008,964.0,19322.06,32.5,33.631561279296875,1.131561279296875
EV_008,965.0,19322.06,32.5,32.62763214111328,0.12763214111328125
EV_008,966.0,19322.06,32.5,32.60459899902344,0.1045989990234375
EV_008,967.0,19322.06,32.5,32.736934661865234,0.23693466186523438
EV_008,968.0,19322.06,32.5,32.65135955810547,0.15135955810546875
EV_008,969.0,19322.06,32.5,32.63446044921875,0.13446044921875
EV_008,970.0,19322.06,32.5,32.8264274597168,0.3264274597167969
EV_008,972.0,19322.06,32.5,32.6275749206543,0.12757492065429688
EV_008,973.0,19322.06,32.5,35.150936126708984,2.6509361267089844
EV_008,974.0,19322.06,32.5,35.0107536315918,2.510753631591797
EV_008,975.0,19322.06,32.5,35.07442855834961,2.5744285583496094
EV_008,976.0,19322.06,32.5,35.07999038696289,2.5799903869628906
EV_008,977.0,19322.06,32.5,34.95643997192383,2.456439971923828
EV_008,978.0,19322.06,32.5,34.91814422607422,2.4181442260742188
EV_008,979.0,19322.06,32.5,34.24668502807617,1.7466850280761719
EV_008,980.0,19322.06,32.5,34.0440788269043,1.5440788269042969
EV_008,981.0,19322.06,32.5,33.56693649291992,1.0669364929199219
EV_008,982.0,19322.06,32.5,33.4055061340332,0.9055061340332031
EV_008,983.0,19322.06,32.5,32.49519729614258,-0.004802703857421875
EV_009,828.0,47582.04,32.150001525878906,32.80384826660156,0.6538467407226562
EV_009,833.0,47582.04,32.150001525878906,33.27589797973633,1.1258964538574219
EV_009,834.0,47582.04,32.150001525878906,32.72348403930664,0.5734825134277344
EV_009,835.0,47582.04,32.150001525878906,33.327125549316406,1.1771240234375
EV_009,838.0,47582.04,32.150001525878906,32.835845947265625,0.6858444213867188
EV_009,839.0,47582.04,32.150001525878906,32.90709686279297,0.7570953369140625
EV_009,840.0,47582.04,32.150001525878906,33.28527069091797,1.1352691650390625
EV_009,843.0,47582.04,32.150001525878906,33.74985885620117,1.5998573303222656
EV_009,844.0,47582.04,32.150001525878906,33.28276443481445,1.1327629089355469
EV_009,845.0,47582.04,32.150001525878906,33.49030303955078,1.340301513671875
EV_009,846.0,47582.04,32.150001525878906,33.61735534667969,1.4673538208007812
EV_009,847.0,47582.04,32.150001525878906,33.689903259277344,1.5399017333984375
EV_009,848.0,47582.04,32.150001525878906,34.041748046875,1.8917465209960938
EV_009,849.0,47582.04,32.150001525878906,34.020599365234375,1.8705978393554688
EV_009,850.0,47582.04,32.150001525878906,33.77499008178711,1.6249885559082031
EV_009,851.0,47582.04,32.150001525878906,33.46208953857422,1.3120880126953125
EV_009,852.0,47582.04,32.150001525878906,33.481998443603516,1.3319969177246094
EV_009,854.0,47582.04,32.150001525878906,32.74711990356445,0.5971183776855469
EV_009,855.0,47582.04,32.150001525878906,32.92022705078125,0.7702255249023438
EV_009,860.0,47582.04,32.150001525878906,33.77818298339844,1.6281814575195312
EV_009,861.0,47582.04,32.150001525878906,33.64137268066406,1.4913711547851562
EV_009,862.0,47582.04,32.150001525878906,34.11791229248047,1.9679107666015625
EV_009,863.0,47582.04,32.150001525878906,34.264808654785156,2.11480712890625
EV_009,866.0,47582.04,32.150001525878906,32.53677749633789,0.3867759704589844
EV_009,867.0,47582.04,32.150001525878906,33.094120025634766,0.9441184997558594
EV_009,868.0,47582.04,32.150001525878906,32.93267822265625,0.7826766967773438
EV_009,869.0,47582.04,32.150001525878906,32.446014404296875,0.29601287841796875
EV_009,870.0,47582.04,32.150001525878906,33.44383239746094,1.2938308715820312
EV_009,871.0,47582.04,32.150001525878906,32.53919219970703,0.389190673828125
EV_009,872.0,47582.04,32.150001525878906,32.71984100341797,0.5698394775390625
EV_009,873.0,47582.04,32.150001525878906,33.87834930419922,1.7283477783203125
EV_009,874.0,47582.04,32.150001525878906,34.55738067626953,2.407379150390625
EV_009,875.0,47582.04,32.150001525878906,34.45231246948242,2.3023109436035156
EV_009,876.0,47582.04,32.150001525878906,34.312870025634766,2.1628684997558594
EV_009,877.0,47582.04,32.150001525878906,33.0450553894043,0.8950538635253906
EV_009,879.0,47582.04,32.150001525878906,32.49281311035156,0.34281158447265625
EV_009,880.0,47582.04,32.150001525878906,32.672569274902344,0.5225677490234375
EV_009,881.0,47582.04,32.150001525878906,32.67774963378906,0.5277481079101562
EV_009,882.0,47582.04,32.150001525878906,32.65937423706055,0.5093727111816406
EV_009,883.0,47582.04,32.150001525878906,32.54887008666992,0.3988685607910156
EV_009,884.0,47582.04,32.150001525878906,32.5628776550293,0.4128761291503906
EV_009,885.0,47582.04,32.150001525878906,32.77239227294922,0.6223907470703125
EV_009,886.0,47582.04,32.150001525878906,32.641544342041016,0.4915428161621094
EV_009,889.0,47582.04,32.150001525878906,33.939002990722656,1.78900146484375
EV_009,891.0,47582.04,32.150001525878906,32.77724838256836,0.6272468566894531
EV_009,893.0,47582.04,32.150001525878906,33.64822769165039,1.4982261657714844
EV_009,894.0,47582.04,32.150001525878906,32.82481002807617,0.6748085021972656
EV_009,895.0,47582.04,32.150001525878906,33.78706741333008,1.6370658874511719
EV_009,896.0,47582.04,32.150001525878906,35.061073303222656,2.91107177734375
EV_009,897.0,47582.04,32.150001525878906,35.082828521728516,2.9328269958496094
EV_009,898.0,47582.04,32.150001525878906,35.09823226928711,2.948230743408203
EV_009,899.0,47582.04,32.150001525878906,35.43802261352539,3.2880210876464844
EV_009,900.0,47582.04,32.150001525878906,35.1167106628418,2.9667091369628906
EV_009,901.0,47582.04,32.150001525878906,35.067047119140625,2.9170455932617188
EV_009,902.0,47582.04,32.150001525878906,33.90487289428711,1.7548713684082031
EV_009,903.0,47582.04,32.150001525878906,34.02348709106445,1.8734855651855469
EV_009,904.0,47582.04,32.150001525878906,33.03982162475586,0.8898200988769531
EV_009,905.0,47582.04,32.150001525878906,32.947166442871094,0.7971649169921875
EV_009,906.0,47582.04,32.150001525878906,32.59577560424805,0.4457740783691406
EV_009,907.0,47582.04,32.150001525878906,32.83733367919922,0.6873321533203125
EV_009,908.0,47582.04,32.150001525878906,32.74385070800781,0.5938491821289062
EV_009,910.0,47582.04,32.150001525878906,32.58221435546875,0.43221282958984375
EV_009,911.0,47582.04,32.150001525878906,32.49824142456055,0.3482398986816406
EV_009,912.0,47582.04,32.150001525878906,32.573612213134766,0.4236106872558594
EV_009,913.0,47582.04,32.150001525878906,32.7717170715332,0.6217155456542969
EV_009,914.0,47582.04,32.150001525878906,32.78666687011719,0.6366653442382812
EV_009,915.0,47582.04,32.150001525878906,32.77748107910156,0.6274795532226562
EV_009,916.0,47582.04,32.150001525878906,32.98221206665039,0.8322105407714844
EV_009,917.0,47582.04,32.150001525878906,32.911170959472656,0.76116943359375
EV_009,918.0,47582.04,32.150001525878906,32.63899230957031,0.48899078369140625
EV_009,919.0,47582.04,32.150001525878906,32.64103698730469,0.49103546142578125
EV_009,922.0,47582.04,32.150001525878906,32.76430130004883,0.6142997741699219
EV_009,923.0,47582.04,32.150001525878906,32.886878967285156,0.73687744140625
EV_009,924.0,47582.04,32.150001525878906,32.717979431152344,0.5679779052734375
EV_009,925.0,47582.04,32.150001525878906,32.800445556640625,0.6504440307617188
EV_009,926.0,47582.04,32.150001525878906,32.74293899536133,0.5929374694824219
EV_009,927.0,47582.04,32.150001525878906,32.81045913696289,0.6604576110839844
EV_009,928.0,47582.04,32.150001525878906,32.73599624633789,0.5859947204589844
EV_009,929.0,47582.04,32.150001525878906,32.695621490478516,0.5456199645996094
EV_009,930.0,47582.04,32.150001525878906,32.68808364868164,0.5380821228027344
EV_009,931.0,47582.04,32.150001525878906,32.79174041748047,0.6417388916015625
EV_009,932.0,47582.04,32.150001525878906,32.847740173339844,0.6977386474609375
EV_009,933.0,47582.04,32.150001525878906,32.67578125,0.5257797241210938
EV_009,936.0,47582.04,32.150001525878906,32.806976318359375,0.6569747924804688
EV_009,937.0,47582.04,32.150001525878906,33.93651580810547,1.7865142822265625
EV_009,938.0,47582.04,32.150001525878906,32.81196594238281,0.6619644165039062
EV_009,939.0,47582.04,32.150001525878906,32.632625579833984,0.4826240539550781
EV_009,940.0,47582.04,32.150001525878906,32.42229080200195,0.2722892761230469
EV_009,941.0,47582.04,32.150001525878906,32.47269821166992,0.3226966857910156
EV_009,942.0,47582.04,32.150001525878906,32.58003616333008,0.4300346374511719
EV_009,943.0,47582.04,32.150001525878906,32.56253433227539,0.4125328063964844
EV_009,944.0,47582.04,32.150001525878906,32.65876388549805,0.5087623596191406
EV_009,946.0,47582.04,32.150001525878906,33.72964096069336,1.5796394348144531
EV_009,947.0,47582.04,32.150001525878906,32.508644104003906,0.358642578125
EV_009,948.0,47582.04,32.150001525878906,32.54207992553711,0.3920783996582031
EV_009,949.0,47582.04,32.150001525878906,32.65566635131836,0.5056648254394531
EV_009,950.0,47582.04,32.150001525878906,32.48719787597656,0.33719635009765625
EV_009,951.0,47582.04,32.150001525878906,32.73052215576172,0.5805206298828125
EV_009,952.0,47582.04,32.150001525878906,32.57297134399414,0.4229698181152344
EV_009,953.0,47582.04,32.150001525878906,32.70545196533203,0.555450439453125
EV_009,954.0,47582.04,32.150001525878906,32.74410629272461,0.5941047668457031
EV_009,957.0,47582.04,32.150001525878906,33.38623046875,1.2362289428710938
EV_009,958.0,47582.04,32.150001525878906,32.80739974975586,0.6573982238769531
EV_009,960.0,47582.04,32.150001525878906,32.58534622192383,0.4353446960449219
EV_009,961.0,47582.04,32.150001525878906,32.52112579345703,0.371124267578125
EV_009,962.0,47582.04,32.150001525878906,32.50654983520508,0.3565483093261719
EV_009,963.0,47582.04,32.150001525878906,32.507896423339844,0.3578948974609375
EV_009,964.0,47582.04,32.150001525878906,34.43863296508789,2.2886314392089844
EV_009,965.0,47582.04,32.150001525878906,34.28522872924805,2.1352272033691406
EV_009,966.0,47582.04,32.150001525878906,33.90956115722656,1.7595596313476562
EV_009,967.0,47582.04,32.150001525878906,34.564727783203125,2.4147262573242188
EV_009,968.0,47582.04,32.150001525878906,33.712646484375,1.5626449584960938
EV_009,969.0,47582.04,32.150001525878906,33.93803405761719,1.7880325317382812
EV_009,970.0,47582.04,32.150001525878906,33.811519622802734,1.6615180969238281
EV_009,971.0,47582.04,32.150001525878906,33.480735778808594,1.3307342529296875
EV_009,972.0,47582.04,32.150001525878906,33.36532211303711,1.2153205871582031
EV_009,975.0,47582.04,32.150001525878906,33.329246520996094,1.1792449951171875
EV_009,977.0,47582.04,32.150001525878906,33.71048355102539,1.5604820251464844
EV_009,978.0,47582.04,32.150001525878906,33.90676498413086,1.7567634582519531
EV_009,979.0,47582.04,32.150001525878906,33.891292572021484,1.7412910461425781
EV_009,980.0,47582.04,32.150001525878906,34.22928237915039,2.0792808532714844
EV_009,981.0,47582.04,32.150001525878906,33.687217712402344,1.5372161865234375
EV_009,982.0,47582.04,32.150001525878906,34.09817123413086,1.9481697082519531
EV_009,983.0,47582.04,32.150001525878906,33.53713607788086,1.3871345520019531
EV_009,984.0,47582.04,32.150001525878906,33.01634979248047,0.8663482666015625
EV_009,987.0,47582.04,32.150001525878906,33.11784744262695,0.9678459167480469
EV_009,988.0,47582.04,32.150001525878906,32.500762939453125,0.35076141357421875
EV_009,989.0,47582.04,32.150001525878906,32.485389709472656,0.33538818359375
EV_009,990.0,47582.04,32.150001525878906,32.566497802734375,0.41649627685546875
EV_009,991.0,47582.04,32.150001525878906,32.56583786010742,0.4158363342285156
EV_009,992.0,47582.04,32.150001525878906,32.61421585083008,0.4642143249511719
EV_009,993.0,47582.04,32.150001525878906,32.56183624267578,0.411834716796875
EV_009,994.0,47582.04,32.150001525878906,32.70814514160156,0.5581436157226562
EV_009,995.0,47582.04,32.150001525878906,32.78886032104492,0.6388587951660156
EV_009,996.0,47582.04,32.150001525878906,33.32426071166992,1.1742591857910156
EV_009,997.0,47582.04,32.150001525878906,33.601959228515625,1.4519577026367188
EV_009,998.0,47582.04,32.150001525878906,33.579315185546875,1.4293136596679688
EV_009,999.0,47582.04,32.150001525878906,33.3746337890625,1.2246322631835938
EV_009,101.0,47582.04,32.150001525878906,32.567928314208984,0.4179267883300781
EV_009,102.0,47582.04,32.150001525878906,32.667564392089844,0.5175628662109375
EV_009,103.0,47582.04,32.150001525878906,32.81101989746094,0.6610183715820312
EV_009,104.0,47582.04,32.150001525878906,32.5512809753418,0.4012794494628906
EV_009,108.0,47582.04,32.150001525878906,32.8490104675293,0.6990089416503906
EV_009,109.0,47582.04,32.150001525878906,32.744815826416016,0.5948143005371094
EV_009,110.0,47582.04,32.150001525878906,32.737037658691406,0.5870361328125
EV_009,113.0,47582.04,32.150001525878906,34.172210693359375,2.0222091674804688
EV_009,114.0,47582.04,32.150001525878906,34.65641403198242,2.5064125061035156
EV_009,115.0,47582.04,32.150001525878906,33.51047134399414,1.3604698181152344
EV_009,116.0,47582.04,32.150001525878906,33.797523498535156,1.64752197265625
EV_009,117.0,47582.04,32.150001525878906,33.58334732055664,1.4333457946777344
EV_009,118.0,47582.04,32.150001525878906,32.81294631958008,0.6629447937011719
EV_009,120.0,47582.04,32.150001525878906,32.6553840637207,0.5053825378417969
EV_009,123.0,47582.04,32.150001525878906,32.66621017456055,0.5162086486816406
EV_009,124.0,47582.04,32.150001525878906,32.707252502441406,0.5572509765625
EV_009,125.0,47582.04,32.150001525878906,32.96672439575195,0.8167228698730469
EV_009,127.0,47582.04,32.150001525878906,32.54906463623047,0.3990631103515625
EV_009,128.0,47582.04,32.150001525878906,32.578895568847656,0.42889404296875
EV_009,130.0,47582.04,32.150001525878906,32.543495178222656,0.39349365234375
EV_009,131.0,47582.04,32.150001525878906,33.12571716308594,0.9757156372070312
EV_009,132.0,47582.04,32.150001525878906,34.904781341552734,2.754779815673828
EV_009,134.0,47582.04,32.150001525878906,32.71001434326172,0.5600128173828125
EV_009,135.0,47582.04,32.150001525878906,32.688385009765625,0.5383834838867188
EV_009,137.0,47582.04,32.150001525878906,32.65279769897461,0.5027961730957031
EV_009,138.0,47582.04,32.150001525878906,32.5540885925293,0.4040870666503906
EV_009,139.0,47582.04,32.150001525878906,33.71101760864258,1.5610160827636719
EV_009,141.0,47582.04,32.150001525878906,32.72111511230469,0.5711135864257812
EV_009,143.0,47582.04,32.150001525878906,33.2411994934082,1.0911979675292969
EV_009,145.0,47582.04,32.150001525878906,32.489593505859375,0.33959197998046875
EV_009,146.0,47582.04,32.150001525878906,32.69355773925781,0.5435562133789062
EV_009,147.0,47582.04,32.150001525878906,32.574676513671875,0.42467498779296875
EV_009,148.0,47582.04,32.150001525878906,32.536895751953125,0.38689422607421875
EV_009,149.0,47582.04,32.150001525878906,32.83415603637695,0.6841545104980469
EV_009,151.0,47582.04,32.150001525878906,32.451881408691406,0.3018798828125
EV_009,152.0,47582.04,32.150001525878906,32.55266189575195,0.4026603698730469
EV_009,153.0,47582.04,32.150001525878906,32.54573440551758,0.3957328796386719
EV_009,154.0,47582.04,32.150001525878906,32.62095260620117,0.4709510803222656
EV_009,155.0,47582.04,32.150001525878906,32.69249725341797,0.5424957275390625
EV_009,156.0,47582.04,32.150001525878906,32.56003952026367,0.4100379943847656
EV_009,158.0,47582.04,32.150001525878906,33.74312210083008,1.5931205749511719
EV_009,161.0,47582.04,32.150001525878906,33.81728744506836,1.6672859191894531
EV_009,163.0,47582.04,32.150001525878906,34.067867279052734,1.9178657531738281
EV_009,164.0,47582.04,32.150001525878906,33.799591064453125,1.6495895385742188
EV_009,165.0,47582.04,32.150001525878906,33.85335922241211,1.7033576965332031
EV_009,166.0,47582.04,32.150001525878906,33.347862243652344,1.1978607177734375
EV_009,168.0,47582.04,32.150001525878906,32.5016975402832,0.3516960144042969
EV_009,169.0,47582.04,32.150001525878906,32.783687591552734,0.6336860656738281
EV_009,170.0,47582.04,32.150001525878906,32.520721435546875,0.37071990966796875
EV_009,171.0,47582.04,32.150001525878906,32.647212982177734,0.4972114562988281
EV_009,172.0,47582.04,32.150001525878906,32.62653350830078,0.476531982421875
EV_009,173.0,47582.04,32.150001525878906,32.56967544555664,0.4196739196777344
EV_009,174.0,47582.04,32.150001525878906,32.56460952758789,0.4146080017089844
EV_009,175.0,47582.04,32.150001525878906,32.70743179321289,0.5574302673339844
EV_009,176.0,47582.04,32.150001525878906,32.7330436706543,0.5830421447753906
EV_009,177.0,47582.04,32.150001525878906,32.604068756103516,0.4540672302246094
EV_009,178.0,47582.04,32.150001525878906,32.60887145996094,0.45886993408203125
EV_009,179.0,47582.04,32.150001525878906,33.19148254394531,1.0414810180664062
EV_009,181.0,47582.04,32.150001525878906,32.51593780517578,0.365936279296875
EV_009,183.0,47582.04,32.150001525878906,32.54069137573242,0.3906898498535156
EV_009,184.0,47582.04,32.150001525878906,32.50600814819336,0.3560066223144531
EV_009,185.0,47582.04,32.150001525878906,32.63063430786133,0.4806327819824219
EV_009,186.0,47582.04,32.150001525878906,32.63882827758789,0.4888267517089844
EV_009,187.0,47582.04,32.150001525878906,33.01040267944336,0.8604011535644531
EV_009,188.0,47582.04,32.150001525878906,32.844791412353516,0.6947898864746094
EV_009,189.0,47582.04,32.150001525878906,32.83216094970703,0.682159423828125
EV_009,190.0,47582.04,32.150001525878906,32.95654296875,0.8065414428710938
EV_009,191.0,47582.04,32.150001525878906,32.81046676635742,0.6604652404785156
EV_009,192.0,47582.04,32.150001525878906,32.806514739990234,0.6565132141113281
EV_009,193.0,47582.04,32.150001525878906,32.762290954589844,0.6122894287109375
EV_009,194.0,47582.04,32.150001525878906,32.710968017578125,0.5609664916992188
EV_009,197.0,47582.04,32.150001525878906,32.76704406738281,0.6170425415039062
EV_009,198.0,47582.04,32.150001525878906,32.76222610473633,0.6122245788574219
EV_009,199.0,47582.04,32.150001525878906,32.816619873046875,0.6666183471679688
EV_009,200.0,47582.04,32.150001525878906,33.92007064819336,1.7700691223144531
EV_009,201.0,47582.04,32.150001525878906,34.18218994140625,2.0321884155273438
EV_009,202.0,47582.04,32.150001525878906,34.110382080078125,1.9603805541992188
EV_009,203.0,47582.04,32.150001525878906,33.841854095458984,1.6918525695800781
EV_009,204.0,47582.04,32.150001525878906,34.15693664550781,2.0069351196289062
EV_009,205.0,47582.04,32.150001525878906,34.49800109863281,2.3479995727539062
EV_009,206.0,47582.04,32.150001525878906,34.16325759887695,2.013256072998047
EV_009,207.0,47582.04,32.150001525878906,33.505592346191406,1.3555908203125
EV_009,209.0,47582.04,32.150001525878906,32.71137237548828,0.561370849609375
EV_009,210.0,47582.04,32.150001525878906,32.84930419921875,0.6993026733398438
EV_009,211.0,47582.04,32.150001525878906,32.72121810913086,0.5712165832519531
EV_009,212.0,47582.04,32.150001525878906,32.80585861206055,0.6558570861816406
EV_009,213.0,47582.04,32.150001525878906,32.81296157836914,0.6629600524902344
EV_009,214.0,47582.04,32.150001525878906,32.662010192871094,0.5120086669921875
EV_009,215.0,47582.04,32.150001525878906,32.79213333129883,0.6421318054199219
EV_009,216.0,47582.04,32.150001525878906,32.67817687988281,0.5281753540039062
EV_009,217.0,47582.04,32.150001525878906,32.700626373291016,0.5506248474121094
EV_009,218.0,47582.04,32.150001525878906,33.64281463623047,1.4928131103515625
EV_009,219.0,47582.04,32.150001525878906,33.496604919433594,1.3466033935546875
EV_009,221.0,47582.04,32.150001525878906,32.697479248046875,0.5474777221679688
EV_009,222.0,47582.04,32.150001525878906,32.73935317993164,0.5893516540527344
EV_009,223.0,47582.04,32.150001525878906,32.7446403503418,0.5946388244628906
EV_009,224.0,47582.04,32.150001525878906,32.62065505981445,0.4706535339355469
EV_009,225.0,47582.04,32.150001525878906,32.69872283935547,0.5487213134765625
EV_009,226.0,47582.04,32.150001525878906,32.67205810546875,0.5220565795898438
EV_009,227.0,47582.04,32.150001525878906,32.538448333740234,0.3884468078613281
EV_009,228.0,47582.04,32.150001525878906,32.519222259521484,0.3692207336425781
EV_009,229.0,47582.04,32.150001525878906,32.572853088378906,0.4228515625
EV_009,230.0,47582.04,32.150001525878906,32.6328125,0.48281097412109375
EV_009,231.0,47582.04,32.150001525878906,32.69560241699219,0.5456008911132812
EV_009,232.0,47582.04,32.150001525878906,32.586273193359375,0.43627166748046875
EV_009,233.0,47582.04,32.150001525878906,32.650360107421875,0.5003585815429688
EV_009,234.0,47582.04,32.150001525878906,32.53038787841797,0.3803863525390625
EV_009,235.0,47582.04,32.150001525878906,32.619754791259766,0.4697532653808594
EV_009,237.0,47582.04,32.150001525878906,32.509483337402344,0.3594818115234375
EV_009,238.0,47582.04,32.150001525878906,32.56480407714844,0.41480255126953125
EV_009,239.0,47582.04,32.150001525878906,32.628501892089844,0.4785003662109375
EV_009,240.0,47582.04,32.150001525878906,32.56110382080078,0.411102294921875
EV_009,241.0,47582.04,32.150001525878906,32.54230880737305,0.3923072814941406
EV_009,242.0,47582.04,32.150001525878906,32.60265350341797,0.4526519775390625
EV_009,243.0,47582.04,32.150001525878906,32.71216583251953,0.562164306640625
EV_009,244.0,47582.04,32.150001525878906,32.508323669433594,0.3583221435546875
EV_009,245.0,47582.04,32.150001525878906,32.603694915771484,0.4536933898925781
EV_009,246.0,47582.04,32.150001525878906,32.76984405517578,0.619842529296875
EV_009,247.0,47582.04,32.150001525878906,32.6462516784668,0.4962501525878906
EV_009,248.0,47582.04,32.150001525878906,32.499515533447266,0.3495140075683594
EV_009,249.0,47582.04,32.150001525878906,32.70823669433594,0.5582351684570312
EV_009,252.0,47582.04,32.150001525878906,33.78759765625,1.6375961303710938
EV_009,254.0,47582.04,32.150001525878906,33.216617584228516,1.0666160583496094
EV_009,255.0,47582.04,32.150001525878906,33.10643005371094,0.9564285278320312
EV_009,256.0,47582.04,32.150001525878906,33.602237701416016,1.4522361755371094
EV_009,257.0,47582.04,32.150001525878906,34.18709182739258,2.037090301513672
EV_009,258.0,47582.04,32.150001525878906,34.101505279541016,1.9515037536621094
EV_009,259.0,47582.04,32.150001525878906,34.13916015625,1.9891586303710938
EV_009,260.0,47582.04,32.150001525878906,33.56459045410156,1.4145889282226562
EV_009,261.0,47582.04,32.150001525878906,33.17699432373047,1.0269927978515625
EV_009,263.0,47582.04,32.150001525878906,32.51753234863281,0.36753082275390625
EV_009,264.0,47582.04,32.150001525878906,32.48023223876953,0.330230712890625
EV_009,265.0,47582.04,32.150001525878906,32.53761672973633,0.3876152038574219
EV_009,266.0,47582.04,32.150001525878906,32.68592834472656,0.5359268188476562
EV_009,267.0,47582.04,32.150001525878906,32.63370132446289,0.4836997985839844
EV_009,268.0,47582.04,32.150001525878906,32.480751037597656,0.33074951171875
EV_009,269.0,47582.04,32.150001525878906,32.49142837524414,0.3414268493652344
EV_009,270.0,47582.04,32.150001525878906,32.64542770385742,0.4954261779785156
EV_009,271.0,47582.04,32.150001525878906,32.79786682128906,0.6478652954101562
EV_009,272.0,47582.04,32.150001525878906,32.84416961669922,0.6941680908203125
EV_009,273.0,47582.04,32.150001525878906,32.829647064208984,0.6796455383300781
EV_009,274.0,47582.04,32.150001525878906,32.62126159667969,0.47126007080078125
EV_009,275.0,47582.04,32.150001525878906,32.72662353515625,0.5766220092773438
EV_009,277.0,47582.04,32.150001525878906,32.70534896850586,0.5553474426269531
EV_009,278.0,47582.04,32.150001525878906,32.73598098754883,0.5859794616699219
EV_009,279.0,47582.04,32.150001525878906,32.73978042602539,0.5897789001464844
EV_009,280.0,47582.04,32.150001525878906,32.745025634765625,0.5950241088867188
EV_009,281.0,47582.04,32.150001525878906,32.730403900146484,0.5804023742675781
EV_009,282.0,47582.04,32.150001525878906,32.67365264892578,0.523651123046875
EV_009,283.0,47582.04,32.150001525878906,32.7054443359375,0.5554428100585938
EV_009,284.0,47582.04,32.150001525878906,32.83359909057617,0.6835975646972656
EV_009,288.0,47582.04,32.150001525878906,32.77101516723633,0.6210136413574219
EV_009,289.0,47582.04,32.150001525878906,32.709617614746094,0.5596160888671875
EV_009,295.0,47582.04,32.150001525878906,32.666099548339844,0.5160980224609375
EV_009,295.0,47582.04,32.150001525878906,33.422706604003906,1.272705078125
EV_009,296.0,47582.04,32.150001525878906,32.7767219543457,0.6267204284667969
EV_009,297.0,47582.04,32.150001525878906,33.17378234863281,1.0237808227539062
EV_009,298.0,47582.04,32.150001525878906,32.89824295043945,0.7482414245605469
EV_010,460.0,23800.43,35.66999816894531,33.943294525146484,-1.7267036437988281
EV_010,467.0,23800.43,35.66999816894531,33.896644592285156,-1.7733535766601562
EV_010,469.0,23800.43,35.66999816894531,33.73020553588867,-1.9397926330566406
EV_010,470.0,23800.43,35.66999816894531,34.70289993286133,-0.9670982360839844
EV_010,471.0,23800.43,35.66999816894531,34.471988677978516,-1.1980094909667969
EV_010,472.0,23800.43,35.66999816894531,32.84569549560547,-2.8243026733398438
EV_010,474.0,23800.43,35.66999816894531,33.765228271484375,-1.9047698974609375
EV_010,475.0,23800.43,35.66999816894531,33.68407440185547,-1.9859237670898438
EV_010,476.0,23800.43,35.66999816894531,34.220611572265625,-1.4493865966796875
EV_010,480.0,23800.43,35.66999816894531,32.76118850708008,-2.9088096618652344
EV_010,481.0,23800.43,35.66999816894531,34.12038803100586,-1.5496101379394531
EV_010,485.0,23800.43,35.66999816894531,33.46708297729492,-2.2029151916503906
EV_010,487.0,23800.43,35.66999816894531,32.725521087646484,-2.944477081298828
EV_010,488.0,23800.43,35.66999816894531,32.900413513183594,-2.7695846557617188
EV_010,489.0,23800.43,35.66999816894531,32.445533752441406,-3.2244644165039062
EV_010,490.0,23800.43,35.66999816894531,32.63015365600586,-3.039844512939453
EV_010,493.0,23800.43,35.66999816894531,32.968990325927734,-2.701007843017578
EV_010,494.0,23800.43,35.66999816894531,33.19060134887695,-2.4793968200683594
EV_010,495.0,23800.43,35.66999816894531,34.074005126953125,-1.5959930419921875
EV_010,497.0,23800.43,35.66999816894531,34.049034118652344,-1.6209640502929688
EV_010,498.0,23800.43,35.66999816894531,34.40422821044922,-1.2657699584960938
EV_010,500.0,23800.43,35.66999816894531,32.613555908203125,-3.0564422607421875
EV_010,501.0,23800.43,35.66999816894531,32.58915328979492,-3.0808448791503906
EV_010,502.0,23800.43,35.66999816894531,32.726341247558594,-2.9436569213867188
EV_010,503.0,23800.43,35.66999816894531,32.82695007324219,-2.843048095703125
EV_010,505.0,23800.43,35.66999816894531,32.817413330078125,-2.8525848388671875
EV_010,506.0,23800.43,35.66999816894531,32.98324203491211,-2.686756134033203
EV_010,507.0,23800.43,35.66999816894531,32.80215072631836,-2.867847442626953
EV_010,508.0,23800.43,35.66999816894531,32.82444381713867,-2.8455543518066406
EV_010,509.0,23800.43,35.66999816894531,32.91441345214844,-2.755584716796875
EV_010,510.0,23800.43,35.66999816894531,33.5946044921875,-2.0753936767578125
EV_010,512.0,23800.43,35.66999816894531,32.759708404541016,-2.910289764404297
EV_010,513.0,23800.43,35.66999816894531,32.668792724609375,-3.0012054443359375
EV_010,514.0,23800.43,35.66999816894531,33.23311996459961,-2.436878204345703
EV_010,515.0,23800.43,35.66999816894531,32.59611511230469,-3.073883056640625
EV_010,516.0,23800.43,35.66999816894531,32.611732482910156,-3.0582656860351562
EV_010,517.0,23800.43,35.66999816894531,32.57927703857422,-3.0907211303710938
EV_010,518.0,23800.43,35.66999816894531,32.60655975341797,-3.0634384155273438
EV_010,519.0,23800.43,35.66999816894531,33.79366683959961,-1.8763313293457031
EV_010,520.0,23800.43,35.66999816894531,33.73579025268555,-1.9342079162597656
EV_010,521.0,23800.43,35.66999816894531,33.80968475341797,-1.8603134155273438
EV_010,522.0,23800.43,35.66999816894531,33.81612014770508,-1.8538780212402344
EV_010,523.0,23800.43,35.66999816894531,33.001678466796875,-2.6683197021484375
EV_010,524.0,23800.43,35.66999816894531,32.873348236083984,-2.796649932861328
EV_010,525.0,23800.43,35.66999816894531,32.59679412841797,-3.0732040405273438
EV_010,526.0,23800.43,35.66999816894531,34.12822341918945,-1.5417747497558594
EV_010,527.0,23800.43,35.66999816894531,33.97452926635742,-1.6954689025878906
EV_010,528.0,23800.43,35.66999816894531,33.926727294921875,-1.7432708740234375
EV_010,529.0,23800.43,35.66999816894531,34.16402053833008,-1.5059776306152344
EV_010,530.0,23800.43,35.66999816894531,34.58937454223633,-1.0806236267089844
EV_010,531.0,23800.43,35.66999816894531,32.761474609375,-2.9085235595703125
EV_010,532.0,23800.43,35.66999816894531,32.720272064208984,-2.949726104736328
EV_010,533.0,23800.43,35.66999816894531,33.7260856628418,-1.9439125061035156
EV_010,536.0,23800.43,35.66999816894531,32.98177719116211,-2.688220977783203
EV_010,537.0,23800.43,35.66999816894531,32.52171325683594,-3.148284912109375
EV_010,539.0,23800.43,35.66999816894531,32.50181198120117,-3.1681861877441406
EV_010,540.0,23800.43,35.66999816894531,32.76709747314453,-2.9029006958007812
EV_010,541.0,23800.43,35.66999816894531,33.383399963378906,-2.2865982055664062
EV_010,542.0,23800.43,35.66999816894531,33.221702575683594,-2.4482955932617188
EV_010,545.0,23800.43,35.66999816894531,32.541568756103516,-3.128429412841797
EV_010,546.0,23800.43,35.66999816894531,32.67649459838867,-2.9935035705566406
EV_010,547.0,23800.43,35.66999816894531,32.93693161010742,-2.7330665588378906
EV_010,548.0,23800.43,35.66999816894531,32.61631774902344,-3.053680419921875
EV_010,549.0,23800.43,35.66999816894531,32.52216339111328,-3.1478347778320312
EV_010,550.0,23800.43,35.66999816894531,32.57248306274414,-3.097515106201172
EV_010,551.0,23800.43,35.66999816894531,32.614654541015625,-3.0553436279296875
EV_010,552.0,23800.43,35.66999816894531,32.50844192504883,-3.1615562438964844
EV_010,553.0,23800.43,35.66999816894531,32.57941436767578,-3.0905838012695312
EV_010,554.0,23800.43,35.66999816894531,32.670536041259766,-2.999462127685547
EV_010,555.0,23800.43,35.66999816894531,32.47227096557617,-3.1977272033691406
EV_010,556.0,23800.43,35.66999816894531,32.810543060302734,-2.859455108642578
EV_010,557.0,23800.43,35.66999816894531,32.60800552368164,-3.061992645263672
EV_010,559.0,23800.43,35.66999816894531,32.64130401611328,-3.0286941528320312
EV_010,560.0,23800.43,35.66999816894531,33.41255187988281,-2.2574462890625
EV_010,561.0,23800.43,35.66999816894531,32.45821762084961,-3.211780548095703
EV_010,575.0,23800.43,35.66999816894531,32.65322494506836,-3.016773223876953
EV_010,593.0,23800.43,35.66999816894531,32.56325149536133,-3.1067466735839844
EV_010,594.0,23800.43,35.66999816894531,32.877384185791016,-2.792613983154297
EV_010,597.0,23800.43,35.66999816894531,33.645145416259766,-2.024852752685547
EV_010,598.0,23800.43,35.66999816894531,34.099063873291016,-1.5709342956542969
EV_010,599.0,23800.43,35.66999816894531,32.912803649902344,-2.7571945190429688
EV_010,600.0,23800.43,35.66999816894531,32.62458801269531,-3.04541015625
EV_010,601.0,23800.43,35.66999816894531,32.5229606628418,-3.1470375061035156
EV_010,602.0,23800.43,35.66999816894531,32.55025100708008,-3.1197471618652344
EV_010,603.0,23800.43,35.66999816894531,32.816017150878906,-2.8539810180664062
EV_010,604.0,23800.43,35.66999816894531,33.13365936279297,-2.5363388061523438
EV_010,607.0,23800.43,35.66999816894531,32.78086853027344,-2.889129638671875
EV_010,608.0,23800.43,35.66999816894531,33.390167236328125,-2.2798309326171875
EV_010,609.0,23800.43,35.66999816894531,33.33612060546875,-2.3338775634765625
EV_010,610.0,23800.43,35.66999816894531,34.08513259887695,-1.5848655700683594
EV_010,611.0,23800.43,35.66999816894531,33.862876892089844,-1.8071212768554688
EV_010,612.0,23800.43,35.66999816894531,33.29511642456055,-2.3748817443847656
EV_010,614.0,23800.43,35.66999816894531,34.02364730834961,-1.6463508605957031
EV_010,620.0,23800.43,35.66999816894531,33.023189544677734,-2.646808624267578
EV_010,621.0,23800.43,35.66999816894531,32.716800689697266,-2.953197479248047
EV_010,622.0,23800.43,35.66999816894531,33.26700210571289,-2.402996063232422
EV_010,644.0,23800.43,35.66999816894531,35.17195129394531,-0.498046875
EV_010,642.0,23800.43,35.66999816894531,32.94898223876953,-2.7210159301757812
EV_010,645.0,23800.43,35.66999816894531,35.16920852661133,-0.5007896423339844
EV_010,646.0,23800.43,35.66999816894531,34.99015426635742,-0.6798439025878906
EV_010,644.0,23800.43,35.66999816894531,32.77554702758789,-2.894451141357422
EV_010,647.0,23800.43,35.66999816894531,34.652896881103516,-1.0171012878417969
EV_010,645.0,23800.43,35.66999816894531,32.75131607055664,-2.918682098388672
EV_010,646.0,23800.43,35.66999816894531,32.94724655151367,-2.7227516174316406
EV_010,647.0,23800.43,35.66999816894531,33.8486213684082,-1.8213768005371094
EV_010,654.0,23800.43,35.66999816894531,33.46476745605469,-2.205230712890625
EV_010,654.0,23800.43,35.66999816894531,32.51749038696289,-3.152507781982422
EV_010,655.0,23800.43,35.66999816894531,34.916934967041016,-0.7530632019042969
EV_010,655.0,23800.43,35.66999816894531,32.697998046875,-2.9720001220703125
EV_010,656.0,23800.43,35.66999816894531,34.61091613769531,-1.05908203125
EV_010,657.0,23800.43,35.66999816894531,32.62798309326172,-3.0420150756835938
EV_010,656.0,23800.43,35.66999816894531,32.45265197753906,-3.21734619140625
EV_010,659.0,23800.43,35.66999816894531,33.99137496948242,-1.6786231994628906
EV_010,660.0,23800.43,35.66999816894531,33.5528450012207,-2.1171531677246094
EV_010,661.0,23800.43,35.66999816894531,32.64175796508789,-3.028240203857422
EV_010,662.0,23800.43,35.66999816894531,32.51712417602539,-3.152873992919922
EV_010,663.0,23800.43,35.66999816894531,32.88802719116211,-2.781970977783203
EV_010,664.0,23800.43,35.66999816894531,32.89776611328125,-2.7722320556640625
EV_010,660.0,23800.43,35.66999816894531,34.737823486328125,-0.9321746826171875
EV_010,665.0,23800.43,35.66999816894531,32.84798049926758,-2.8220176696777344
EV_010,661.0,23800.43,35.66999816894531,34.88528060913086,-0.7847175598144531
EV_010,666.0,23800.43,35.66999816894531,33.00014877319336,-2.669849395751953
EV_010,662.0,23800.43,35.66999816894531,32.7908821105957,-2.8791160583496094
EV_010,667.0,23800.43,35.66999816894531,33.17084503173828,-2.4991531372070312
EV_010,668.0,23800.43,35.66999816894531,33.002498626708984,-2.667499542236328
EV_010,669.0,23800.43,35.66999816894531,33.00595474243164,-2.664043426513672
EV_010,670.0,23800.43,35.66999816894531,32.76587677001953,-2.9041213989257812
EV_010,668.0,23800.43,35.66999816894531,32.80557632446289,-2.864421844482422
EV_010,668.0,23800.43,35.66999816894531,33.760189056396484,-1.9098091125488281
EV_010,669.0,23800.43,35.66999816894531,33.67677307128906,-1.99322509765625
EV_010,666.0,23800.43,35.66999816894531,32.66773223876953,-3.0022659301757812
EV_010,669.0,23800.43,35.66999816894531,34.50288772583008,-1.1671104431152344
EV_010,672.0,23800.43,35.66999816894531,34.118263244628906,-1.5517349243164062
EV_010,667.0,23800.43,35.66999816894531,33.009307861328125,-2.6606903076171875
EV_010,673.0,23800.43,35.66999816894531,34.74602508544922,-0.9239730834960938
EV_010,675.0,23800.43,35.66999816894531,32.64427947998047,-3.0257186889648438
EV_010,670.0,23800.43,35.66999816894531,32.88310623168945,-2.7868919372558594
EV_010,675.0,23800.43,35.66999816894531,33.84737014770508,-1.8226280212402344
EV_010,676.0,23800.43,35.66999816894531,32.59443664550781,-3.0755615234375
EV_010,671.0,23800.43,35.66999816894531,33.97090148925781,-1.6990966796875
EV_010,677.0,23800.43,35.66999816894531,32.83374786376953,-2.8362503051757812
EV_010,672.0,23800.43,35.66999816894531,33.83204650878906,-1.83795166015625
EV_010,676.0,23800.43,35.66999816894531,33.36753845214844,-2.302459716796875
EV_010,677.0,23800.43,35.66999816894531,33.21099853515625,-2.4589996337890625
EV_010,678.0,23800.43,35.66999816894531,33.98019790649414,-1.6898002624511719
EV_010,673.0,23800.43,35.66999816894531,33.79680252075195,-1.8731956481933594
EV_010,678.0,23800.43,35.66999816894531,35.17405319213867,-0.4959449768066406
EV_010,679.0,23800.43,35.66999816894531,34.09141159057617,-1.5785865783691406
EV_010,674.0,23800.43,35.66999816894531,33.582759857177734,-2.087238311767578
EV_010,680.0,23800.43,35.66999816894531,33.833892822265625,-1.8361053466796875
EV_010,675.0,23800.43,35.66999816894531,32.53565979003906,-3.13433837890625
EV_010,679.0,23800.43,35.66999816894531,35.08251953125,-0.5874786376953125
EV_010,678.0,23800.43,35.66999816894531,33.75597381591797,-1.9140243530273438
EV_010,680.0,23800.43,35.66999816894531,34.87586212158203,-0.7941360473632812
EV_010,681.0,23800.43,35.66999816894531,34.49700164794922,-1.1729965209960938
EV_010,676.0,23800.43,35.66999816894531,32.59040832519531,-3.07958984375
EV_010,681.0,23800.43,35.66999816894531,35.02238464355469,-0.647613525390625
EV_010,682.0,23800.43,35.66999816894531,32.747154235839844,-2.9228439331054688
EV_010,677.0,23800.43,35.66999816894531,32.97948455810547,-2.6905136108398438
EV_010,679.0,23800.43,35.66999816894531,32.67457580566406,-2.99542236328125
EV_010,683.0,23800.43,35.66999816894531,32.79854202270508,-2.8714561462402344
EV_010,678.0,23800.43,35.66999816894531,32.9826545715332,-2.6873435974121094
EV_010,680.0,23800.43,35.66999816894531,34.25190353393555,-1.4180946350097656
EV_010,682.0,23800.43,35.66999816894531,35.207786560058594,-0.46221160888671875
EV_010,684.0,23800.43,35.66999816894531,33.853172302246094,-1.8168258666992188
EV_010,683.0,23800.43,35.66999816894531,35.0870246887207,-0.5829734802246094
EV_010,679.0,23800.43,35.66999816894531,34.05143356323242,-1.6185646057128906
EV_010,684.0,23800.43,35.66999816894531,35.172794342041016,-0.4972038269042969
EV_010,680.0,23800.43,35.66999816894531,34.65160369873047,-1.0183944702148438
EV_010,681.0,23800.43,35.66999816894531,34.77939224243164,-0.8906059265136719
EV_010,685.0,23800.43,35.66999816894531,34.54804611206055,-1.1219520568847656
EV_010,686.0,23800.43,35.66999816894531,32.82460021972656,-2.84539794921875
EV_010,686.0,23800.43,35.66999816894531,33.0462646484375,-2.6237335205078125
EV_010,687.0,23800.43,35.66999816894531,34.405860900878906,-1.2641372680664062
EV_010,682.0,23800.43,35.66999816894531,33.89570617675781,-1.7742919921875
EV_010,687.0,23800.43,35.66999816894531,33.53909683227539,-2.130901336669922
EV_010,688.0,23800.43,35.66999816894531,35.22875213623047,-0.44124603271484375
EV_010,688.0,23800.43,35.66999816894531,32.539852142333984,-3.130146026611328
EV_010,689.0,23800.43,35.66999816894531,35.179264068603516,-0.4907341003417969
EV_010,689.0,23800.43,35.66999816894531,33.10820007324219,-2.561798095703125
EV_010,690.0,23800.43,35.66999816894531,35.10161590576172,-0.5683822631835938
EV_010,691.0,23800.43,35.66999816894531,35.09417724609375,-0.5758209228515625
EV_010,692.0,23800.43,35.66999816894531,35.23710632324219,-0.432891845703125
EV_010,693.0,23800.43,35.66999816894531,34.1806526184082,-1.4893455505371094
EV_010,692.0,23800.43,35.66999816894531,33.99330139160156,-1.67669677734375
EV_010,694.0,23800.43,35.66999816894531,33.04061508178711,-2.629383087158203
EV_010,693.0,23800.43,35.66999816894531,34.098297119140625,-1.5717010498046875
EV_010,695.0,23800.43,35.66999816894531,33.47309112548828,-2.1969070434570312
EV_010,690.0,23800.43,35.66999816894531,32.89573287963867,-2.7742652893066406
EV_010,696.0,23800.43,35.66999816894531,34.078773498535156,-1.5912246704101562
EV_010,690.0,23800.43,35.66999816894531,34.92658233642578,-0.7434158325195312
EV_010,691.0,23800.43,35.66999816894531,32.81755065917969,-2.852447509765625
EV_010,697.0,23800.43,35.66999816894531,33.23712921142578,-2.4328689575195312
EV_010,691.0,23800.43,35.66999816894531,35.271148681640625,-0.3988494873046875
EV_010,692.0,23800.43,35.66999816894531,32.97803497314453,-2.6919631958007812
EV_010,693.0,23800.43,35.66999816894531,32.942569732666016,-2.727428436279297
EV_010,698.0,23800.43,35.66999816894531,33.40123748779297,-2.2687606811523438
EV_010,692.0,23800.43,35.66999816894531,35.208518981933594,-0.46147918701171875
EV_010,699.0,23800.43,35.66999816894531,34.793067932128906,-0.8769302368164062
EV_010,693.0,23800.43,35.66999816894531,33.78911590576172,-1.8808822631835938
EV_010,697.0,23800.43,35.66999816894531,33.841548919677734,-1.8284492492675781
EV_010,700.0,23800.43,35.66999816894531,35.065040588378906,-0.6049575805664062
EV_010,695.0,23800.43,35.66999816894531,32.827606201171875,-2.8423919677734375
EV_010,701.0,23800.43,35.66999816894531,34.097286224365234,-1.5727119445800781
EV_010,696.0,23800.43,35.66999816894531,32.93244552612305,-2.7375526428222656
EV_010,702.0,23800.43,35.66999816894531,34.55388641357422,-1.1161117553710938
EV_010,697.0,23800.43,35.66999816894531,32.98143005371094,-2.688568115234375
EV_010,699.0,23800.43,35.66999816894531,33.99844741821289,-1.6715507507324219
EV_010,703.0,23800.43,35.66999816894531,34.29693603515625,-1.3730621337890625
EV_010,698.0,23800.43,35.66999816894531,32.8397216796875,-2.8302764892578125
EV_010,700.0,23800.43,35.66999816894531,32.52116394042969,-3.148834228515625
EV_010,704.0,23800.43,35.66999816894531,33.831180572509766,-1.8388175964355469
EV_010,701.0,23800.43,35.66999816894531,32.494075775146484,-3.175922393798828
EV_010,697.0,23800.43,35.66999816894531,33.49859619140625,-2.1714019775390625
EV_010,699.0,23800.43,35.66999816894531,32.83275604248047,-2.8372421264648438
EV_010,705.0,23800.43,35.66999816894531,32.61567687988281,-3.0543212890625
EV_010,700.0,23800.43,35.66999816894531,32.91978073120117,-2.7502174377441406
EV_010,702.0,23800.43,35.66999816894531,35.24826431274414,-0.4217338562011719
EV_010,698.0,23800.43,35.66999816894531,32.74677658081055,-2.9232215881347656
EV_010,701.0,23800.43,35.66999816894531,32.678794860839844,-2.9912033081054688
EV_010,703.0,23800.43,35.66999816894531,35.24464797973633,-0.4253501892089844
EV_010,704.0,23800.43,35.66999816894531,35.20140075683594,-0.468597412109375
EV_010,702.0,23800.43,35.66999816894531,33.081058502197266,-2.588939666748047
EV_010,707.0,23800.43,35.66999816894531,33.312347412109375,-2.3576507568359375
EV_010,700.0,23800.43,35.66999816894531,32.864013671875,-2.8059844970703125
EV_010,703.0,23800.43,35.66999816894531,32.783634185791016,-2.886363983154297
EV_010,705.0,23800.43,35.66999816894531,35.09025955200195,-0.5797386169433594
EV_010,708.0,23800.43,35.66999816894531,33.244598388671875,-2.4253997802734375
EV_010,706.0,23800.43,35.66999816894531,35.085205078125,-0.5847930908203125
EV_010,704.0,23800.43,35.66999816894531,33.0030403137207,-2.6669578552246094
EV_010,707.0,23800.43,35.66999816894531,35.051551818847656,-0.6184463500976562
EV_010,710.0,23800.43,35.66999816894531,32.81566619873047,-2.8543319702148438
EV_010,702.0,23800.43,35.66999816894531,34.012943267822266,-1.6570549011230469
EV_010,706.0,23800.43,35.66999816894531,35.052249908447266,-0.6177482604980469
EV_010,708.0,23800.43,35.66999816894531,32.921897888183594,-2.7481002807617188
EV_010,703.0,23800.43,35.66999816894531,33.74569320678711,-1.9243049621582031
EV_010,711.0,23800.43,35.66999816894531,33.15939712524414,-2.510601043701172
EV_010,704.0,23800.43,35.66999816894531,34.14311981201172,-1.5268783569335938
EV_010,707.0,23800.43,35.66999816894531,35.12721252441406,-0.54278564453125
EV_010,705.0,23800.43,35.66999816894531,34.35348892211914,-1.3165092468261719
EV_010,710.0,23800.43,35.66999816894531,33.19342803955078,-2.4765701293945312
EV_010,706.0,23800.43,35.66999816894531,32.95050811767578,-2.7194900512695312
EV_010,709.0,23800.43,35.66999816894531,32.53922653198242,-3.1307716369628906
EV_010,707.0,23800.43,35.66999816894531,32.91148376464844,-2.758514404296875
EV_010,710.0,23800.43,35.66999816894531,32.702030181884766,-2.967967987060547
EV_010,712.0,23800.43,35.66999816894531,32.54978942871094,-3.120208740234375
EV_010,708.0,23800.43,35.66999816894531,34.02290344238281,-1.6470947265625
EV_010,713.0,23800.43,35.66999816894531,32.527069091796875,-3.1429290771484375
EV_010,711.0,23800.43,35.66999816894531,32.542789459228516,-3.127208709716797
EV_010,715.0,23800.43,35.66999816894531,33.77610397338867,-1.8938941955566406
EV_010,709.0,23800.43,35.66999816894531,33.27835464477539,-2.391643524169922
EV_010,712.0,23800.43,35.66999816894531,32.50295639038086,-3.167041778564453
EV_010,714.0,23800.43,35.66999816894531,32.594852447509766,-3.075145721435547
EV_010,716.0,23800.43,35.66999816894531,33.552345275878906,-2.1176528930664062
EV_010,710.0,23800.43,35.66999816894531,33.83976745605469,-1.830230712890625
EV_010,713.0,23800.43,35.66999816894531,32.57563781738281,-3.0943603515625
EV_010,715.0,23800.43,35.66999816894531,32.63678741455078,-3.0332107543945312
EV_010,717.0,23800.43,35.66999816894531,34.18941116333008,-1.4805870056152344
EV_010,716.0,23800.43,35.66999816894531,33.27005386352539,-2.399944305419922
EV_010,714.0,23800.43,35.66999816894531,33.95677185058594,-1.713226318359375
EV_010,718.0,23800.43,35.66999816894531,33.932861328125,-1.7371368408203125
EV_010,715.0,23800.43,35.66999816894531,32.74776077270508,-2.9222373962402344
EV_010,717.0,23800.43,35.66999816894531,34.041526794433594,-1.6284713745117188
EV_010,719.0,23800.43,35.66999816894531,33.77067947387695,-1.8993186950683594
EV_010,716.0,23800.43,35.66999816894531,33.87296676635742,-1.7970314025878906
EV_010,718.0,23800.43,35.66999816894531,34.687644958496094,-0.9823532104492188
EV_010,713.0,23800.43,35.66999816894531,33.74303436279297,-1.9269638061523438
EV_010,717.0,23800.43,35.66999816894531,32.84011459350586,-2.829883575439453
EV_010,719.0,23800.43,35.66999816894531,32.86612319946289,-2.803874969482422
EV_010,714.0,23800.43,35.66999816894531,34.09886932373047,-1.5711288452148438
EV_010,718.0,23800.43,35.66999816894531,32.54088592529297,-3.1291122436523438
EV_010,720.0,23800.43,35.66999816894531,32.975311279296875,-2.6946868896484375
EV_010,721.0,23800.43,35.66999816894531,33.36781692504883,-2.3021812438964844
EV_010,724.0,23800.43,35.66999816894531,32.88789749145508,-2.7821006774902344
EV_010,717.0,23800.43,35.66999816894531,33.97078323364258,-1.6992149353027344
EV_010,724.0,23800.43,35.66999816894531,32.556034088134766,-3.113964080810547
EV_010,725.0,23800.43,35.66999816894531,33.146366119384766,-2.523632049560547
EV_010,718.0,23800.43,35.66999816894531,33.78076171875,-1.8892364501953125
EV_010,722.0,23800.43,35.66999816894531,33.28525924682617,-2.3847389221191406
EV_010,726.0,23800.43,35.66999816894531,33.85761260986328,-1.8123855590820312
EV_010,723.0,23800.43,35.66999816894531,34.50039291381836,-1.1696052551269531
EV_010,725.0,23800.43,35.66999816894531,34.49827194213867,-1.1717262268066406
EV_010,719.0,23800.43,35.66999816894531,34.037841796875,-1.6321563720703125
EV_010,726.0,23800.43,35.66999816894531,34.12491226196289,-1.5450859069824219
EV_010,725.0,23800.43,35.66999816894531,33.64970397949219,-2.020294189453125
EV_010,721.0,23800.43,35.66999816894531,32.68290710449219,-2.987091064453125
EV_010,722.0,23800.43,35.66999816894531,32.9285774230957,-2.7414207458496094
EV_010,723.0,23800.43,35.66999816894531,32.89198684692383,-2.7780113220214844
EV_010,727.0,23800.43,35.66999816894531,33.94577407836914,-1.7242240905761719
EV_010,724.0,23800.43,35.66999816894531,32.588260650634766,-3.081737518310547
EV_010,728.0,23800.43,35.66999816894531,33.421791076660156,-2.2482070922851562
EV_010,725.0,23800.43,35.66999816894531,32.66236114501953,-3.0076370239257812
EV_010,726.0,23800.43,35.66999816894531,32.661956787109375,-3.0080413818359375
EV_010,730.0,23800.43,35.66999816894531,32.54549026489258,-3.1245079040527344
EV_010,727.0,23800.43,35.66999816894531,32.993282318115234,-2.676715850830078
EV_010,731.0,23800.43,35.66999816894531,33.41745376586914,-2.252544403076172
EV_010,728.0,23800.43,35.66999816894531,32.6864013671875,-2.9835968017578125
EV_010,732.0,23800.43,35.66999816894531,34.042972564697266,-1.6270256042480469
EV_010,729.0,23800.43,35.66999816894531,32.51469421386719,-3.155303955078125
EV_010,733.0,23800.43,35.66999816894531,33.907752990722656,-1.7622451782226562
EV_010,730.0,23800.43,35.66999816894531,33.315208435058594,-2.3547897338867188
EV_010,734.0,23800.43,35.66999816894531,33.94039535522461,-1.7296028137207031
EV_010,731.0,23800.43,35.66999816894531,32.63719940185547,-3.0327987670898438
EV_010,735.0,23800.43,35.66999816894531,33.98224639892578,-1.6877517700195312
EV_010,732.0,23800.43,35.66999816894531,32.537498474121094,-3.1324996948242188
EV_010,736.0,23800.43,35.66999816894531,33.52729415893555,-2.1427040100097656
EV_010,733.0,23800.43,35.66999816894531,32.78042221069336,-2.889575958251953
EV_010,738.0,23800.43,35.66999816894531,32.61542510986328,-3.0545730590820312
EV_010,735.0,23800.43,35.66999816894531,32.909706115722656,-2.7602920532226562
EV_010,739.0,23800.43,35.66999816894531,34.28789138793945,-1.3821067810058594
EV_010,736.0,23800.43,35.66999816894531,32.96919631958008,-2.7008018493652344
EV_010,740.0,23800.43,35.66999816894531,32.79484176635742,-2.8751564025878906
EV_010,737.0,23800.43,35.66999816894531,32.65815353393555,-3.0118446350097656
EV_010,741.0,23800.43,35.66999816894531,34.00566482543945,-1.6643333435058594
EV_010,738.0,23800.43,35.66999816894531,32.59636306762695,-3.0736351013183594
EV_010,742.0,23800.43,35.66999816894531,32.98367691040039,-2.686321258544922
EV_010,739.0,23800.43,35.66999816894531,34.087589263916016,-1.5824089050292969
EV_010,743.0,23800.43,35.66999816894531,33.109519958496094,-2.5604782104492188
EV_010,740.0,23800.43,35.66999816894531,34.1454963684082,-1.5245018005371094
EV_010,744.0,23800.43,35.66999816894531,34.525421142578125,-1.1445770263671875
EV_010,741.0,23800.43,35.66999816894531,34.279903411865234,-1.3900947570800781
EV_010,745.0,23800.43,35.66999816894531,33.957820892333984,-1.7121772766113281
EV_010,742.0,23800.43,35.66999816894531,34.17664337158203,-1.4933547973632812
EV_010,746.0,23800.43,35.66999816894531,33.7251091003418,-1.9448890686035156
EV_010,743.0,23800.43,35.66999816894531,33.30385208129883,-2.3661460876464844
EV_010,747.0,23800.43,35.66999816894531,33.505252838134766,-2.164745330810547
EV_010,744.0,23800.43,35.66999816894531,34.991397857666016,-0.6786003112792969
EV_010,745.0,23800.43,35.66999816894531,35.19734573364258,-0.4726524353027344
EV_010,748.0,23800.43,35.66999816894531,32.84591293334961,-2.824085235595703
EV_010,749.0,23800.43,35.66999816894531,34.36663055419922,-1.3033676147460938
EV_010,746.0,23800.43,35.66999816894531,34.824684143066406,-0.8453140258789062
EV_010,750.0,23800.43,35.66999816894531,32.783382415771484,-2.886615753173828
EV_010,747.0,23800.43,35.66999816894531,34.737998962402344,-0.9319992065429688
EV_010,751.0,23800.43,35.66999816894531,32.822784423828125,-2.8472137451171875
EV_010,752.0,23800.43,35.66999816894531,32.71923065185547,-2.9507675170898438
EV_010,749.0,23800.43,35.66999816894531,33.539119720458984,-2.130878448486328
EV_010,753.0,23800.43,35.66999816894531,33.752410888671875,-1.9175872802734375
EV_010,750.0,23800.43,35.66999816894531,33.79177474975586,-1.8782234191894531
EV_010,751.0,23800.43,35.66999816894531,32.81955337524414,-2.850444793701172
EV_010,752.0,23800.43,35.66999816894531,32.71879196166992,-2.9512062072753906
EV_010,759.0,23800.43,35.66999816894531,33.153316497802734,-2.516681671142578
EV_010,753.0,23800.43,35.66999816894531,32.50548553466797,-3.1645126342773438
EV_010,754.0,23800.43,35.66999816894531,32.56593704223633,-3.1040611267089844
EV_010,757.0,23800.43,35.66999816894531,32.750030517578125,-2.9199676513671875
EV_010,759.0,23800.43,35.66999816894531,32.86957931518555,-2.8004188537597656
EV_010,760.0,23800.43,35.66999816894531,32.59722137451172,-3.0727767944335938
EV_010,755.0,23800.43,35.66999816894531,33.05363082885742,-2.6163673400878906
EV_010,760.0,23800.43,35.66999816894531,32.80805587768555,-2.8619422912597656
EV_010,761.0,23800.43,35.66999816894531,34.29114532470703,-1.3788528442382812
EV_010,762.0,23800.43,35.66999816894531,34.075538635253906,-1.5944595336914062
EV_010,756.0,23800.43,35.66999816894531,33.28823471069336,-2.381763458251953
EV_010,759.0,23800.43,35.66999816894531,33.9199104309082,-1.7500877380371094
EV_010,761.0,23800.43,35.66999816894531,32.735294342041016,-2.934703826904297
EV_010,760.0,23800.43,35.66999816894531,34.058631896972656,-1.6113662719726562
EV_010,763.0,23800.43,35.66999816894531,33.44996643066406,-2.22003173828125
EV_010,761.0,23800.43,35.66999816894531,33.844417572021484,-1.8255805969238281
EV_010,763.0,23800.43,35.66999816894531,32.61792755126953,-3.0520706176757812
EV_010,759.0,23800.43,35.66999816894531,32.513240814208984,-3.156757354736328
EV_010,764.0,23800.43,35.66999816894531,33.12217712402344,-2.547821044921875
EV_010,765.0,23800.43,35.66999816894531,32.62614059448242,-3.0438575744628906
EV_010,763.0,23800.43,35.66999816894531,33.62788772583008,-2.0421104431152344
EV_010,765.0,23800.43,35.66999816894531,34.199058532714844,-1.4709396362304688
EV_010,766.0,23800.43,35.66999816894531,32.65042495727539,-3.019573211669922
EV_010,760.0,23800.43,35.66999816894531,32.52458953857422,-3.1454086303710938
EV_010,761.0,23800.43,35.66999816894531,33.42844009399414,-2.241558074951172
EV_010,764.0,23800.43,35.66999816894531,32.67573928833008,-2.9942588806152344
EV_010,766.0,23800.43,35.66999816894531,34.25288772583008,-1.4171104431152344
EV_010,767.0,23800.43,35.66999816894531,32.76282501220703,-2.9071731567382812
EV_010,762.0,23800.43,35.66999816894531,33.607601165771484,-2.062397003173828
EV_010,767.0,23800.43,35.66999816894531,34.558128356933594,-1.1118698120117188
EV_010,768.0,23800.43,35.66999816894531,32.82276916503906,-2.84722900390625
EV_010,765.0,23800.43,35.66999816894531,33.42710494995117,-2.2428932189941406
EV_010,768.0,23800.43,35.66999816894531,33.522605895996094,-2.1473922729492188
EV_010,766.0,23800.43,35.66999816894531,33.2223014831543,-2.4476966857910156
EV_010,764.0,23800.43,35.66999816894531,32.49147033691406,-3.17852783203125
EV_010,765.0,23800.43,35.66999816894531,32.689971923828125,-2.9800262451171875
EV_010,768.0,23800.43,35.66999816894531,33.41115188598633,-2.2588462829589844
EV_010,772.0,23800.43,35.66999816894531,32.779090881347656,-2.8909072875976562
EV_010,769.0,23800.43,35.66999816894531,34.39697265625,-1.2730255126953125
EV_010,772.0,23800.43,35.66999816894531,33.22935104370117,-2.4406471252441406
EV_010,773.0,23800.43,35.66999816894531,32.92429733276367,-2.7457008361816406
EV_010,767.0,23800.43,35.66999816894531,33.65301513671875,-2.0169830322265625
EV_010,770.0,23800.43,35.66999816894531,33.87179946899414,-1.7981986999511719
EV_010,773.0,23800.43,35.66999816894531,33.942344665527344,-1.7276535034179688
EV_010,774.0,23800.43,35.66999816894531,32.99216842651367,-2.6778297424316406
EV_010,771.0,23800.43,35.66999816894531,33.79648208618164,-1.8735160827636719
EV_010,774.0,23800.43,35.66999816894531,32.76079559326172,-2.9092025756835938
EV_010,769.0,23800.43,35.66999816894531,32.53202819824219,-3.137969970703125
EV_010,773.0,23800.43,35.66999816894531,32.651283264160156,-3.0187149047851562
EV_010,770.0,23800.43,35.66999816894531,32.59844970703125,-3.0715484619140625
EV_010,777.0,23800.43,35.66999816894531,34.07366180419922,-1.5963363647460938
EV_010,771.0,23800.43,35.66999816894531,34.382572174072266,-1.2874259948730469
EV_010,774.0,23800.43,35.66999816894531,32.652191162109375,-3.0178070068359375
EV_010,778.0,23800.43,35.66999816894531,35.13099670410156,-0.53900146484375
EV_010,772.0,23800.43,35.66999816894531,32.74467468261719,-2.925323486328125
EV_010,775.0,23800.43,35.66999816894531,32.52720260620117,-3.1427955627441406
EV_010,777.0,23800.43,35.66999816894531,33.412532806396484,-2.257465362548828
EV_010,779.0,23800.43,35.66999816894531,34.960052490234375,-0.7099456787109375
EV_010,776.0,23800.43,35.66999816894531,33.968807220458984,-1.7011909484863281
EV_010,780.0,23800.43,35.66999816894531,35.166561126708984,-0.5034370422363281
EV_010,777.0,23800.43,35.66999816894531,33.86164855957031,-1.808349609375
EV_010,781.0,23800.43,35.66999816894531,35.090572357177734,-0.5794258117675781
EV_010,774.0,23800.43,35.66999816894531,32.83778381347656,-2.83221435546875
EV_010,778.0,23800.43,35.66999816894531,34.14514923095703,-1.5248489379882812
EV_010,782.0,23800.43,35.66999816894531,35.195594787597656,-0.47440338134765625
EV_010,779.0,23800.43,35.66999816894531,34.89590835571289,-0.7740898132324219
EV_010,780.0,23800.43,35.66999816894531,34.135704040527344,-1.5342941284179688
EV_010,780.0,23800.43,35.66999816894531,34.12321472167969,-1.546783447265625
EV_010,781.0,23800.43,35.66999816894531,32.90554428100586,-2.764453887939453
EV_010,776.0,23800.43,35.66999816894531,32.6416015625,-3.0283966064453125
EV_010,784.0,23800.43,35.66999816894531,34.948551177978516,-0.7214469909667969
EV_010,781.0,23800.43,35.66999816894531,34.0544319152832,-1.6155662536621094
EV_010,782.0,23800.43,35.66999816894531,33.78139877319336,-1.8885993957519531
EV_010,785.0,23800.43,35.66999816894531,34.920127868652344,-0.7498703002929688
EV_010,786.0,23800.43,35.66999816894531,33.663185119628906,-2.0068130493164062
EV_010,778.0,23800.43,35.66999816894531,32.7508659362793,-2.9191322326660156
EV_010,787.0,23800.43,35.66999816894531,33.13200378417969,-2.537994384765625
EV_010,779.0,23800.43,35.66999816894531,33.17799377441406,-2.49200439453125
EV_010,788.0,23800.43,35.66999816894531,33.68303680419922,-1.9869613647460938
EV_010,780.0,23800.43,35.66999816894531,34.08145523071289,-1.5885429382324219
EV_010,781.0,23800.43,35.66999816894531,34.183982849121094,-1.4860153198242188
EV_010,782.0,23800.43,35.66999816894531,34.68926239013672,-0.9807357788085938
EV_010,790.0,23800.43,35.66999816894531,33.367889404296875,-2.3021087646484375
EV_010,791.0,23800.43,35.66999816894531,32.747032165527344,-2.9229660034179688
EV_010,783.0,23800.43,35.66999816894531,34.63764572143555,-1.0323524475097656
EV_010,792.0,23800.43,35.66999816894531,33.44706726074219,-2.222930908203125
EV_010,784.0,23800.43,35.66999816894531,34.11705780029297,-1.5529403686523438
EV_010,793.0,23800.43,35.66999816894531,32.6170768737793,-3.0529212951660156
EV_010,786.0,23800.43,35.66999816894531,34.92738723754883,-0.7426109313964844
EV_010,787.0,23800.43,35.66999816894531,35.15473175048828,-0.5152664184570312
EV_010,795.0,23800.43,35.66999816894531,32.687034606933594,-2.9829635620117188
EV_010,793.0,23800.43,35.66999816894531,32.46541213989258,-3.2045860290527344
EV_010,796.0,23800.43,35.66999816894531,32.68163299560547,-2.9883651733398438
EV_010,794.0,23800.43,35.66999816894531,34.28081130981445,-1.3891868591308594
EV_010,797.0,23800.43,35.66999816894531,33.892948150634766,-1.7770500183105469
EV_010,793.0,23800.43,35.66999816894531,33.25436019897461,-2.415637969970703
EV_010,795.0,23800.43,35.66999816894531,32.563053131103516,-3.106945037841797
EV_010,794.0,23800.43,35.66999816894531,33.35756301879883,-2.3124351501464844
EV_010,790.0,23800.43,35.66999816894531,33.691070556640625,-1.9789276123046875
EV_010,795.0,23800.43,35.66999816894531,34.11153793334961,-1.5584602355957031
EV_010,796.0,23800.43,35.66999816894531,32.637062072753906,-3.0329360961914062
EV_010,799.0,23800.43,35.66999816894531,33.26919174194336,-2.400806427001953
EV_010,797.0,23800.43,35.66999816894531,32.99870681762695,-2.6712913513183594
EV_010,791.0,23800.43,35.66999816894531,32.634254455566406,-3.0357437133789062
EV_010,796.0,23800.43,35.66999816894531,33.891605377197266,-1.7783927917480469
EV_010,800.0,23800.43,35.66999816894531,33.24992752075195,-2.4200706481933594
EV_010,792.0,23800.43,35.66999816894531,32.61625671386719,-3.053741455078125
EV_010,797.0,23800.43,35.66999816894531,33.58234405517578,-2.0876541137695312
EV_010,801.0,23800.43,35.66999816894531,33.12445068359375,-2.5455474853515625
EV_010,793.0,23800.43,35.66999816894531,32.94967269897461,-2.720325469970703
EV_010,802.0,23800.43,35.66999816894531,32.95209503173828,-2.7179031372070312
EV_010,794.0,23800.43,35.66999816894531,32.52631378173828,-3.1436843872070312
EV_010,799.0,23800.43,35.66999816894531,33.570106506347656,-2.0998916625976562
EV_010,800.0,23800.43,35.66999816894531,32.70799255371094,-2.962005615234375
EV_010,795.0,23800.43,35.66999816894531,33.02175521850586,-2.648242950439453
EV_010,804.0,23800.43,35.66999816894531,32.70438766479492,-2.9656105041503906
EV_010,796.0,23800.43,35.66999816894531,33.085384368896484,-2.584613800048828
EV_010,800.0,23800.43,35.66999816894531,33.83754348754883,-1.8324546813964844
EV_010,797.0,23800.43,35.66999816894531,33.01288604736328,-2.6571121215820312
EV_010,798.0,23800.43,35.66999816894531,32.84535217285156,-2.82464599609375
EV_010,806.0,23800.43,35.66999816894531,32.53092956542969,-3.139068603515625
EV_010,799.0,23800.43,35.66999816894531,33.211822509765625,-2.4581756591796875
EV_010,807.0,23800.43,35.66999816894531,32.4735221862793,-3.1964759826660156
EV_010,800.0,23800.43,35.66999816894531,32.94685363769531,-2.72314453125
EV_010,808.0,23800.43,35.66999816894531,32.52436447143555,-3.1456336975097656
EV_010,809.0,23800.43,35.66999816894531,32.59756088256836,-3.072437286376953
EV_010,801.0,23800.43,35.66999816894531,33.21697998046875,-2.4530181884765625
EV_010,806.0,23800.43,35.66999816894531,32.594818115234375,-3.0751800537109375
EV_010,802.0,23800.43,35.66999816894531,33.281551361083984,-2.388446807861328
EV_010,806.0,23800.43,35.66999816894531,32.6248779296875,-3.0451202392578125
EV_010,807.0,23800.43,35.66999816894531,34.6842155456543,-0.9857826232910156
EV_010,810.0,23800.43,35.66999816894531,33.49653625488281,-2.1734619140625
EV_010,807.0,23800.43,35.66999816894531,32.53679656982422,-3.1332015991210938
EV_010,808.0,23800.43,35.66999816894531,34.3094367980957,-1.3605613708496094
EV_010,811.0,23800.43,35.66999816894531,34.0611572265625,-1.6088409423828125
EV_010,812.0,23800.43,35.66999816894531,34.263641357421875,-1.4063568115234375
EV_010,808.0,23800.43,35.66999816894531,32.57408142089844,-3.095916748046875
EV_010,809.0,23800.43,35.66999816894531,33.25692367553711,-2.413074493408203
EV_010,810.0,23800.43,35.66999816894531,33.751853942871094,-1.9181442260742188
EV_010,813.0,23800.43,35.66999816894531,33.900787353515625,-1.7692108154296875
EV_010,811.0,23800.43,35.66999816894531,33.41304016113281,-2.2569580078125
EV_010,814.0,23800.43,35.66999816894531,33.23945617675781,-2.4305419921875
EV_010,810.0,23800.43,35.66999816894531,33.92818832397461,-1.7418098449707031
EV_010,812.0,23800.43,35.66999816894531,33.14076614379883,-2.5292320251464844
EV_010,815.0,23800.43,35.66999816894531,33.329837799072266,-2.340160369873047
EV_010,806.0,23800.43,35.66999816894531,32.591548919677734,-3.078449249267578
EV_010,811.0,23800.43,35.66999816894531,33.30004119873047,-2.3699569702148438
EV_010,807.0,23800.43,35.66999816894531,32.678897857666016,-2.991100311279297
EV_010,812.0,23800.43,35.66999816894531,32.69365310668945,-2.9763450622558594
EV_010,816.0,23800.43,35.66999816894531,32.63422393798828,-3.0357742309570312
EV_010,808.0,23800.43,35.66999816894531,33.05304718017578,-2.6169509887695312
EV_010,813.0,23800.43,35.66999816894531,32.79249954223633,-2.8774986267089844
EV_010,809.0,23800.43,35.66999816894531,33.193016052246094,-2.4769821166992188
EV_010,815.0,23800.43,35.66999816894531,32.78444290161133,-2.8855552673339844
EV_010,818.0,23800.43,35.66999816894531,32.5396842956543,-3.1303138732910156
EV_010,810.0,23800.43,35.66999816894531,33.23650360107422,-2.4334945678710938
EV_010,819.0,23800.43,35.66999816894531,32.49121856689453,-3.1787796020507812
EV_010,811.0,23800.43,35.66999816894531,32.894412994384766,-2.775585174560547
EV_010,816.0,23800.43,35.66999816894531,33.86531448364258,-1.8046836853027344
EV_010,817.0,23800.43,35.66999816894531,34.030948638916016,-1.6390495300292969
EV_010,820.0,23800.43,35.66999816894531,33.162803649902344,-2.5071945190429688
EV_010,812.0,23800.43,35.66999816894531,32.89455795288086,-2.775440216064453
EV_010,818.0,23800.43,35.66999816894531,33.648155212402344,-2.0218429565429688
EV_010,821.0,23800.43,35.66999816894531,32.64838790893555,-3.0216102600097656
EV_010,813.0,23800.43,35.66999816894531,32.766265869140625,-2.9037322998046875
EV_010,822.0,23800.43,35.66999816894531,32.67691421508789,-2.993083953857422
EV_010,814.0,23800.43,35.66999816894531,33.25008773803711,-2.419910430908203
EV_010,817.0,23800.43,35.66999816894531,33.78803253173828,-1.8819656372070312
EV_010,819.0,23800.43,35.66999816894531,33.24668884277344,-2.423309326171875
EV_010,815.0,23800.43,35.66999816894531,33.788429260253906,-1.8815689086914062
EV_010,818.0,23800.43,35.66999816894531,32.541099548339844,-3.1288986206054688
EV_010,823.0,23800.43,35.66999816894531,32.61178207397461,-3.058216094970703
EV_010,824.0,23800.43,35.66999816894531,32.60326385498047,-3.0667343139648438
EV_010,816.0,23800.43,35.66999816894531,33.666290283203125,-2.0037078857421875
EV_010,819.0,23800.43,35.66999816894531,33.17184829711914,-2.498149871826172
EV_010,825.0,23800.43,35.66999816894531,32.79153823852539,-2.878459930419922
EV_010,817.0,23800.43,35.66999816894531,33.298519134521484,-2.371479034423828
EV_010,820.0,23800.43,35.66999816894531,32.69675827026367,-2.9732398986816406
EV_010,822.0,23800.43,35.66999816894531,32.727256774902344,-2.9427413940429688
EV_010,818.0,23800.43,35.66999816894531,33.10588455200195,-2.5641136169433594
EV_010,821.0,23800.43,35.66999816894531,32.698829650878906,-2.9711685180664062
EV_010,823.0,23800.43,35.66999816894531,32.526485443115234,-3.143512725830078
EV_010,819.0,23800.43,35.66999816894531,33.733848571777344,-1.9361495971679688
EV_010,822.0,23800.43,35.66999816894531,33.26308059692383,-2.4069175720214844
EV_010,827.0,23800.43,35.66999816894531,32.524173736572266,-3.145824432373047
EV_010,820.0,23800.43,35.66999816894531,33.35194396972656,-2.31805419921875
EV_010,823.0,23800.43,35.66999816894531,33.85907745361328,-1.8109207153320312
EV_010,824.0,23800.43,35.66999816894531,33.65243911743164,-2.017559051513672
EV_010,828.0,23800.43,35.66999816894531,32.612064361572266,-3.057933807373047
EV_010,825.0,23800.43,35.66999816894531,32.61111068725586,-3.058887481689453
EV_010,829.0,23800.43,35.66999816894531,32.762603759765625,-2.9073944091796875
EV_010,821.0,23800.43,35.66999816894531,33.458553314208984,-2.211444854736328
EV_010,824.0,23800.43,35.66999816894531,33.33660888671875,-2.3333892822265625
EV_010,826.0,23800.43,35.66999816894531,33.783958435058594,-1.8860397338867188
EV_010,822.0,23800.43,35.66999816894531,32.56523132324219,-3.104766845703125
EV_010,825.0,23800.43,35.66999816894531,33.59648132324219,-2.073516845703125
EV_010,830.0,23800.43,35.66999816894531,32.57829666137695,-3.0917015075683594
EV_010,823.0,23800.43,35.66999816894531,32.542640686035156,-3.1273574829101562
EV_010,831.0,23800.43,35.66999816894531,32.57966995239258,-3.0903282165527344
EV_010,832.0,23800.43,35.66999816894531,32.622520446777344,-3.0474777221679688
EV_010,824.0,23800.43,35.66999816894531,32.9681510925293,-2.7018470764160156
EV_010,827.0,23800.43,35.66999816894531,33.787052154541016,-1.8829460144042969
EV_010,828.0,23800.43,35.66999816894531,32.59239196777344,-3.077606201171875
EV_010,825.0,23800.43,35.66999816894531,33.98727798461914,-1.6827201843261719
EV_010,829.0,23800.43,35.66999816894531,32.65068054199219,-3.019317626953125
EV_010,826.0,23800.43,35.66999816894531,33.622867584228516,-2.047130584716797
EV_010,828.0,23800.43,35.66999816894531,33.05349349975586,-2.616504669189453
EV_010,830.0,23800.43,35.66999816894531,32.70783233642578,-2.9621658325195312
EV_010,829.0,23800.43,35.66999816894531,33.44948959350586,-2.220508575439453
EV_010,831.0,23800.43,35.66999816894531,32.697628021240234,-2.972370147705078
EV_010,830.0,23800.43,35.66999816894531,34.82801055908203,-0.8419876098632812
