car,charge_segment,mileage,gt_capacity,pred_capacity,error
EV_001,233.0,20556.26,32.560001373291016,34.60547637939453,2.0454750061035156
EV_001,234.0,20556.26,32.560001373291016,34.838783264160156,2.2787818908691406
EV_001,235.0,20556.26,32.560001373291016,35.37314987182617,2.8131484985351562
EV_001,238.0,20556.26,32.560001373291016,34.63955307006836,2.0795516967773438
EV_001,239.0,20556.26,32.560001373291016,34.60451126098633,2.0445098876953125
EV_001,240.0,20556.26,32.560001373291016,34.96809005737305,2.4080886840820312
EV_001,244.0,20556.26,32.560001373291016,34.3177604675293,1.7577590942382812
EV_001,245.0,20556.26,32.560001373291016,34.3177604675293,1.7577590942382812
EV_001,246.0,20556.26,32.560001373291016,34.60451126098633,2.0445098876953125
EV_001,248.0,20556.26,32.560001373291016,33.487037658691406,0.9270362854003906
EV_001,250.0,20556.26,32.560001373291016,34.183040618896484,1.6230392456054688
EV_001,251.0,20556.26,32.560001373291016,33.57199478149414,1.011993408203125
EV_001,252.0,20556.26,32.560001373291016,33.14836883544922,0.5883674621582031
EV_001,253.0,20556.26,32.560001373291016,32.8035888671875,0.24358749389648438
EV_001,256.0,20556.26,32.560001373291016,33.471466064453125,0.9114646911621094
EV_001,257.0,20556.26,32.560001373291016,33.072696685791016,0.5126953125
EV_001,258.0,20556.26,32.560001373291016,32.703346252441406,0.14334487915039062
EV_001,259.0,20556.26,32.560001373291016,32.91592025756836,0.35591888427734375
EV_001,260.0,20556.26,32.560001373291016,32.80255126953125,0.24254989624023438
EV_001,261.0,20556.26,32.560001373291016,33.23448181152344,0.6744804382324219
EV_001,263.0,20556.26,32.560001373291016,34.069358825683594,1.5093574523925781
EV_001,264.0,20556.26,32.560001373291016,34.45927047729492,1.8992691040039062
EV_001,266.0,20556.26,32.560001373291016,34.618202209472656,2.0582008361816406
EV_001,267.0,20556.26,32.560001373291016,35.321537017822266,2.76153564453125
EV_001,268.0,20556.26,32.560001373291016,34.80632400512695,2.2463226318359375
EV_001,276.0,20556.26,32.560001373291016,35.0031623840332,2.4431610107421875
EV_001,278.0,20556.26,32.560001373291016,34.66999435424805,2.1099929809570312
EV_001,279.0,20556.26,32.560001373291016,33.498294830322266,0.93829345703125
EV_001,280.0,20556.26,32.560001373291016,32.91402816772461,0.35402679443359375
EV_001,281.0,20556.26,32.560001373291016,33.12892532348633,0.5689239501953125
EV_001,282.0,20556.26,32.560001373291016,32.796180725097656,0.23617935180664062
EV_001,283.0,20556.26,32.560001373291016,32.38283920288086,-0.17716217041015625
EV_001,284.0,20556.26,32.560001373291016,32.78734588623047,0.22734451293945312
EV_001,287.0,20556.26,32.560001373291016,34.52162170410156,1.9616203308105469
EV_001,290.0,20556.26,32.560001373291016,34.66600799560547,2.106006622314453
EV_001,291.0,20556.26,32.560001373291016,34.80976104736328,2.2497596740722656
EV_001,293.0,20556.26,32.560001373291016,35.152244567871094,2.592243194580078
EV_001,295.0,20556.26,32.560001373291016,35.11613082885742,2.5561294555664062
EV_001,296.0,20556.26,32.560001373291016,33.7473258972168,1.1873245239257812
EV_001,297.0,20556.26,32.560001373291016,33.46711349487305,0.9071121215820312
EV_001,298.0,20556.26,32.560001373291016,32.68083572387695,0.1208343505859375
EV_001,300.0,20556.26,32.560001373291016,33.40788650512695,0.8478851318359375
EV_001,301.0,20556.26,32.560001373291016,32.91246795654297,0.3524665832519531
EV_001,302.0,20556.26,32.560001373291016,33.46195983886719,0.9019584655761719
EV_001,303.0,20556.26,32.560001373291016,33.23175811767578,0.6717567443847656
EV_001,304.0,20556.26,32.560001373291016,34.86030960083008,2.3003082275390625
EV_001,305.0,20556.26,32.560001373291016,34.208988189697266,1.64898681640625
EV_001,306.0,20556.26,32.560001373291016,34.20184326171875,1.6418418884277344
EV_001,311.0,20556.26,32.560001373291016,33.020057678222656,0.4600563049316406
EV_001,307.0,20556.26,32.560001373291016,32.40494155883789,-0.155059814453125
EV_001,308.0,20556.26,32.560001373291016,32.734596252441406,0.17459487915039062
EV_001,312.0,20556.26,32.560001373291016,32.71786117553711,0.15785980224609375
EV_001,313.0,20556.26,32.560001373291016,33.67900085449219,1.1189994812011719
EV_001,309.0,20556.26,32.560001373291016,32.521995544433594,-0.038005828857421875
EV_001,310.0,20556.26,32.560001373291016,32.7763786315918,0.21637725830078125
EV_001,315.0,20556.26,32.560001373291016,32.40367889404297,-0.15632247924804688
EV_001,311.0,20556.26,32.560001373291016,32.563838958740234,0.00383758544921875
EV_001,312.0,20556.26,32.560001373291016,33.491249084472656,0.9312477111816406
EV_001,314.0,20556.26,32.560001373291016,32.784515380859375,0.22451400756835938
EV_001,316.0,20556.26,32.560001373291016,32.294403076171875,-0.2655982971191406
EV_001,315.0,20556.26,32.560001373291016,34.18631362915039,1.626312255859375
EV_001,317.0,20556.26,32.560001373291016,32.302085876464844,-0.2579154968261719
EV_001,314.0,20556.26,32.560001373291016,34.62820816040039,2.068206787109375
EV_001,318.0,20556.26,32.560001373291016,32.49372863769531,-0.06627273559570312
EV_001,319.0,20556.26,32.560001373291016,32.76791763305664,0.207916259765625
EV_001,315.0,20556.26,32.560001373291016,34.55146789550781,1.9914665222167969
EV_001,317.0,20556.26,32.560001373291016,33.61159133911133,1.0515899658203125
EV_001,320.0,20556.26,32.560001373291016,32.739044189453125,0.17904281616210938
EV_001,316.0,20556.26,32.560001373291016,34.80632400512695,2.2463226318359375
EV_001,318.0,20556.26,32.560001373291016,34.077022552490234,1.5170211791992188
EV_001,321.0,20556.26,32.560001373291016,34.097312927246094,1.5373115539550781
EV_001,317.0,20556.26,32.560001373291016,34.83756637573242,2.2775650024414062
EV_001,322.0,20556.26,32.560001373291016,34.28203201293945,1.7220306396484375
EV_001,323.0,20556.26,32.560001373291016,33.60035705566406,1.0403556823730469
EV_001,319.0,20556.26,32.560001373291016,33.25823974609375,0.6982383728027344
EV_001,320.0,20556.26,32.560001373291016,33.254364013671875,0.6943626403808594
EV_001,324.0,20556.26,32.560001373291016,33.82304382324219,1.2630424499511719
EV_001,321.0,20556.26,32.560001373291016,33.159324645996094,0.5993232727050781
EV_001,320.0,20556.26,32.560001373291016,34.14188003540039,1.581878662109375
EV_001,322.0,20556.26,32.560001373291016,33.84687042236328,1.2868690490722656
EV_001,325.0,20556.26,32.560001373291016,33.19810485839844,0.6381034851074219
EV_001,321.0,20556.26,32.560001373291016,33.67811965942383,1.1181182861328125
EV_001,323.0,20556.26,32.560001373291016,32.970951080322266,0.41094970703125
EV_001,326.0,20556.26,32.560001373291016,32.58033752441406,0.020336151123046875
EV_001,324.0,20556.26,32.560001373291016,32.99577331542969,0.4357719421386719
EV_001,327.0,20556.26,32.560001373291016,32.740386962890625,0.18038558959960938
EV_001,323.0,20556.26,32.560001373291016,34.83302307128906,2.273021697998047
EV_001,325.0,20556.26,32.560001373291016,32.842315673828125,0.2823143005371094
EV_001,326.0,20556.26,32.560001373291016,32.84241485595703,0.2824134826660156
EV_001,327.0,20556.26,32.560001373291016,33.32185745239258,0.7618560791015625
EV_001,329.0,20556.26,32.560001373291016,34.24489212036133,1.6848907470703125
EV_001,328.0,20556.26,32.560001373291016,34.943572998046875,2.3835716247558594
EV_001,330.0,20556.26,32.560001373291016,33.285770416259766,0.72576904296875
EV_001,325.0,20556.26,32.560001373291016,33.05748748779297,0.4974861145019531
EV_001,331.0,20556.26,32.560001373291016,33.35732650756836,0.7973251342773438
EV_001,326.0,20556.26,32.560001373291016,33.051788330078125,0.4917869567871094
EV_001,332.0,20556.26,32.560001373291016,32.7604866027832,0.2004852294921875
EV_001,327.0,20556.26,32.560001373291016,33.6779899597168,1.1179885864257812
EV_001,330.0,20556.26,32.560001373291016,33.36448669433594,0.8044853210449219
EV_001,333.0,20556.26,32.560001373291016,32.810821533203125,0.2508201599121094
EV_001,328.0,20556.26,32.560001373291016,33.53799057006836,0.9779891967773438
EV_001,331.0,20556.26,32.560001373291016,33.680694580078125,1.1206932067871094
EV_001,334.0,20556.26,32.560001373291016,32.7221565246582,0.1621551513671875
EV_001,329.0,20556.26,32.560001373291016,33.952392578125,1.3923912048339844
EV_001,332.0,20556.26,32.560001373291016,32.9299201965332,0.3699188232421875
EV_001,335.0,20556.26,32.560001373291016,32.60634994506836,0.04634857177734375
EV_001,330.0,20556.26,32.560001373291016,33.67971420288086,1.1197128295898438
EV_001,336.0,20556.26,32.560001373291016,34.80790710449219,2.247905731201172
EV_001,331.0,20556.26,32.560001373291016,33.15860366821289,0.598602294921875
EV_001,334.0,20556.26,32.560001373291016,32.40979766845703,-0.15020370483398438
EV_001,332.0,20556.26,32.560001373291016,32.38283920288086,-0.17716217041015625
EV_001,335.0,20556.26,32.560001373291016,32.39586639404297,-0.16413497924804688
EV_001,333.0,20556.26,32.560001373291016,32.92973327636719,0.3697319030761719
EV_001,336.0,20556.26,32.560001373291016,33.058170318603516,0.4981689453125
EV_001,334.0,20556.26,32.560001373291016,32.6829948425293,0.12299346923828125
EV_001,337.0,20556.26,32.560001373291016,33.13894271850586,0.5789413452148438
EV_001,339.0,20556.26,32.560001373291016,32.605873107910156,0.045871734619140625
EV_001,335.0,20556.26,32.560001373291016,33.09008026123047,0.5300788879394531
EV_001,338.0,20556.26,32.560001373291016,33.288597106933594,0.7285957336425781
EV_001,340.0,20556.26,32.560001373291016,32.82676696777344,0.2667655944824219
EV_001,341.0,20556.26,32.560001373291016,33.40697479248047,0.8469734191894531
EV_001,339.0,20556.26,32.560001373291016,34.25166702270508,1.6916656494140625
EV_001,337.0,20556.26,32.560001373291016,34.146907806396484,1.5869064331054688
EV_001,340.0,20556.26,32.560001373291016,33.39079666137695,0.8307952880859375
EV_001,341.0,20556.26,32.560001373291016,32.88750457763672,0.3275032043457031
EV_001,342.0,20556.26,32.560001373291016,32.75484085083008,0.1948394775390625
EV_001,343.0,20556.26,32.560001373291016,32.76694869995117,0.20694732666015625
EV_001,344.0,20556.26,32.560001373291016,34.314876556396484,1.7548751831054688
EV_001,344.0,20556.26,32.560001373291016,32.73170471191406,0.17170333862304688
EV_001,341.0,20556.26,32.560001373291016,34.89405822753906,2.334056854248047
EV_001,342.0,20556.26,32.560001373291016,34.972503662109375,2.4125022888183594
EV_001,344.0,20556.26,32.560001373291016,32.49382400512695,-0.0661773681640625
EV_001,345.0,20556.26,32.560001373291016,32.452701568603516,-0.1072998046875
EV_001,346.0,20556.26,32.560001373291016,32.347076416015625,-0.21292495727539062
EV_001,347.0,20556.26,32.560001373291016,32.71767807006836,0.15767669677734375
EV_001,348.0,20556.26,32.560001373291016,33.10778045654297,0.5477790832519531
EV_001,349.0,20556.26,32.560001373291016,32.79926681518555,0.23926544189453125
EV_001,350.0,20556.26,32.560001373291016,33.760189056396484,1.2001876831054688
EV_001,351.0,20556.26,32.560001373291016,32.99602508544922,0.4360237121582031
EV_001,352.0,20556.26,32.560001373291016,33.0858154296875,0.5258140563964844
EV_001,353.0,20556.26,32.560001373291016,32.76185607910156,0.20185470581054688
EV_001,354.0,20556.26,32.560001373291016,34.74408721923828,2.1840858459472656
EV_001,355.0,20556.26,32.560001373291016,33.84073257446289,1.280731201171875
EV_001,356.0,20556.26,32.560001373291016,33.034549713134766,0.47454833984375
EV_001,357.0,20556.26,32.560001373291016,32.75868225097656,0.19868087768554688
EV_001,359.0,20556.26,32.560001373291016,33.44632339477539,0.886322021484375
EV_001,360.0,20556.26,32.560001373291016,33.818119049072266,1.25811767578125
EV_001,361.0,20556.26,32.560001373291016,33.331993103027344,0.7719917297363281
EV_001,363.0,20556.26,32.560001373291016,33.85981369018555,1.2998123168945312
EV_001,364.0,20556.26,32.560001373291016,34.338890075683594,1.7788887023925781
EV_001,365.0,20556.26,32.560001373291016,34.51985549926758,1.9598541259765625
EV_001,366.0,20556.26,32.560001373291016,33.71000671386719,1.1500053405761719
EV_001,367.0,20556.26,32.560001373291016,34.80632400512695,2.2463226318359375
EV_001,368.0,20556.26,32.560001373291016,34.83756637573242,2.2775650024414062
EV_001,370.0,20556.26,32.560001373291016,34.3177604675293,1.7577590942382812
EV_001,371.0,20556.26,32.560001373291016,34.3177604675293,1.7577590942382812
EV_001,372.0,20556.26,32.560001373291016,34.3177604675293,1.7577590942382812
EV_001,373.0,20556.26,32.560001373291016,34.3177604675293,1.7577590942382812
EV_001,374.0,20556.26,32.560001373291016,34.3177604675293,1.7577590942382812
EV_001,375.0,20556.26,32.560001373291016,34.3177604675293,1.7577590942382812
EV_001,376.0,20556.26,32.560001373291016,34.3177604675293,1.7577590942382812
EV_001,377.0,20556.26,32.560001373291016,34.3177604675293,1.7577590942382812
EV_001,378.0,20556.26,32.560001373291016,34.45560073852539,1.895599365234375
EV_001,379.0,20556.26,32.560001373291016,34.4278678894043,1.8678665161132812
EV_001,380.0,20556.26,32.560001373291016,34.29055404663086,1.7305526733398438
EV_001,382.0,20556.26,32.560001373291016,34.42509841918945,1.8650970458984375
EV_001,384.0,20556.26,32.560001373291016,34.3177604675293,1.7577590942382812
EV_001,385.0,20556.26,32.560001373291016,34.3177604675293,1.7577590942382812
EV_001,386.0,20556.26,32.560001373291016,34.45486831665039,1.894866943359375
EV_001,387.0,20556.26,32.560001373291016,34.45560073852539,1.895599365234375
EV_001,388.0,20556.26,32.560001373291016,34.4278678894043,1.8678665161132812
EV_001,389.0,20556.26,32.560001373291016,34.30449295043945,1.7444915771484375
EV_001,391.0,20556.26,32.560001373291016,34.3177604675293,1.7577590942382812
EV_001,392.0,20556.26,32.560001373291016,34.48771286010742,1.9277114868164062
EV_001,399.0,20556.26,32.560001373291016,32.90821075439453,0.3482093811035156
EV_001,400.0,20556.26,32.560001373291016,32.41992950439453,-0.14007186889648438
EV_001,396.0,20556.26,32.560001373291016,33.139556884765625,0.5795555114746094
EV_001,401.0,20556.26,32.560001373291016,32.82112121582031,0.2611198425292969
EV_001,400.0,20556.26,32.560001373291016,32.574947357177734,0.01494598388671875
EV_001,397.0,20556.26,32.560001373291016,34.50753402709961,1.9475326538085938
EV_001,401.0,20556.26,32.560001373291016,32.712059020996094,0.15205764770507812
EV_001,402.0,20556.26,32.560001373291016,32.77451705932617,0.21451568603515625
EV_001,403.0,20556.26,32.560001373291016,34.31675720214844,1.7567558288574219
EV_001,404.0,20556.26,32.560001373291016,34.166534423828125,1.6065330505371094
EV_001,399.0,20556.26,32.560001373291016,32.311134338378906,-0.24886703491210938
EV_001,403.0,20556.26,32.560001373291016,34.77088928222656,2.210887908935547
EV_001,400.0,20556.26,32.560001373291016,32.58456802368164,0.024566650390625
EV_001,404.0,20556.26,32.560001373291016,32.881126403808594,0.3211250305175781
EV_001,405.0,20556.26,32.560001373291016,33.83549499511719,1.2754936218261719
EV_001,401.0,20556.26,32.560001373291016,32.6927490234375,0.13274765014648438
EV_001,405.0,20556.26,32.560001373291016,33.606937408447266,1.04693603515625
EV_001,406.0,20556.26,32.560001373291016,33.19023895263672,0.6302375793457031
EV_001,407.0,20556.26,32.560001373291016,32.77073287963867,0.21073150634765625
EV_001,402.0,20556.26,32.560001373291016,32.38404083251953,-0.17596054077148438
EV_001,406.0,20556.26,32.560001373291016,33.47565841674805,0.9156570434570312
EV_001,403.0,20556.26,32.560001373291016,32.68507385253906,0.12507247924804688
EV_001,407.0,20556.26,32.560001373291016,34.80632400512695,2.2463226318359375
EV_001,408.0,20556.26,32.560001373291016,32.66398620605469,0.10398483276367188
EV_001,404.0,20556.26,32.560001373291016,33.32510757446289,0.765106201171875
EV_001,408.0,20556.26,32.560001373291016,34.83756637573242,2.2775650024414062
EV_001,409.0,20556.26,32.560001373291016,32.49604797363281,-0.06395339965820312
EV_001,410.0,20556.26,32.560001373291016,33.85691833496094,1.2969169616699219
EV_001,405.0,20556.26,32.560001373291016,34.614112854003906,2.0541114807128906
EV_001,406.0,20556.26,32.560001373291016,34.29152297973633,1.7315216064453125
EV_001,411.0,20556.26,32.560001373291016,33.448890686035156,0.8888893127441406
EV_001,407.0,20556.26,32.560001373291016,33.867191314697266,1.30718994140625
EV_001,410.0,20556.26,32.560001373291016,34.45486831665039,1.894866943359375
EV_001,412.0,20556.26,32.560001373291016,33.741573333740234,1.1815719604492188
EV_001,411.0,20556.26,32.560001373291016,34.4278678894043,1.8678665161132812
EV_001,413.0,20556.26,32.560001373291016,34.167198181152344,1.6071968078613281
EV_001,408.0,20556.26,32.560001373291016,32.65187072753906,0.09186935424804688
EV_001,412.0,20556.26,32.560001373291016,34.42509841918945,1.8650970458984375
EV_001,414.0,20556.26,32.560001373291016,33.49302673339844,0.9330253601074219
EV_001,413.0,20556.26,32.560001373291016,34.30449295043945,1.7444915771484375
EV_001,415.0,20556.26,32.560001373291016,32.74203872680664,0.182037353515625
EV_001,410.0,20556.26,32.560001373291016,32.89780044555664,0.337799072265625
EV_001,414.0,20556.26,32.560001373291016,34.7057991027832,2.1457977294921875
EV_001,416.0,20556.26,32.560001373291016,32.63318634033203,0.07318496704101562
EV_001,411.0,20556.26,32.560001373291016,33.36800003051758,0.8079986572265625
EV_001,415.0,20556.26,32.560001373291016,34.83756637573242,2.2775650024414062
EV_001,417.0,20556.26,32.560001373291016,32.81713104248047,0.2571296691894531
EV_001,412.0,20556.26,32.560001373291016,33.99557876586914,1.435577392578125
EV_001,418.0,20556.26,32.560001373291016,33.163551330566406,0.6035499572753906
EV_001,413.0,20556.26,32.560001373291016,34.4132080078125,1.8532066345214844
EV_001,414.0,20556.26,32.560001373291016,34.18366241455078,1.6236610412597656
EV_001,415.0,20556.26,32.560001373291016,32.83797073364258,0.2779693603515625
EV_001,418.0,20556.26,32.560001373291016,33.90082550048828,1.3408241271972656
EV_001,420.0,20556.26,32.560001373291016,33.734214782714844,1.1742134094238281
EV_001,421.0,20556.26,32.560001373291016,33.62632751464844,1.0663261413574219
EV_001,416.0,20556.26,32.560001373291016,32.898521423339844,0.3385200500488281
EV_001,417.0,20556.26,32.560001373291016,33.1389045715332,0.5789031982421875
EV_001,422.0,20556.26,32.560001373291016,34.15785217285156,1.5978507995605469
EV_001,418.0,20556.26,32.560001373291016,32.3381462097168,-0.22185516357421875
EV_001,420.0,20556.26,32.560001373291016,33.278324127197266,0.71832275390625
EV_001,423.0,20556.26,32.560001373291016,34.959503173828125,2.3995018005371094
EV_001,421.0,20556.26,32.560001373291016,35.18363952636719,2.623638153076172
EV_001,419.0,20556.26,32.560001373291016,33.68278503417969,1.1227836608886719
EV_001,422.0,20556.26,32.560001373291016,34.924381256103516,2.3643798828125
EV_001,420.0,20556.26,32.560001373291016,34.71469497680664,2.154693603515625
EV_001,421.0,20556.26,32.560001373291016,34.39952087402344,1.8395195007324219
EV_001,423.0,20556.26,32.560001373291016,35.14928436279297,2.589282989501953
EV_001,424.0,20556.26,32.560001373291016,34.656951904296875,2.0969505310058594
EV_001,423.0,20556.26,32.560001373291016,32.76017379760742,0.20017242431640625
EV_001,426.0,20556.26,32.560001373291016,34.37628936767578,1.8162879943847656
EV_001,424.0,20556.26,32.560001373291016,34.191341400146484,1.6313400268554688
EV_001,428.0,20556.26,32.560001373291016,34.3177604675293,1.7577590942382812
EV_001,425.0,20556.26,32.560001373291016,33.0211181640625,0.4611167907714844
EV_001,429.0,20556.26,32.560001373291016,34.48771286010742,1.9277114868164062
EV_001,426.0,20556.26,32.560001373291016,34.10008239746094,1.5400810241699219
EV_001,430.0,20556.26,32.560001373291016,34.30449295043945,1.7444915771484375
EV_001,428.0,20556.26,32.560001373291016,35.322669982910156,2.7626686096191406
EV_001,427.0,20556.26,32.560001373291016,33.061004638671875,0.5010032653808594
EV_001,431.0,20556.26,32.560001373291016,34.31449508666992,1.7544937133789062
EV_001,428.0,20556.26,32.560001373291016,32.780120849609375,0.22011947631835938
EV_001,432.0,20556.26,32.560001373291016,34.3177604675293,1.7577590942382812
EV_001,429.0,20556.26,32.560001373291016,32.68722915649414,0.127227783203125
EV_001,433.0,20556.26,32.560001373291016,34.3177604675293,1.7577590942382812
EV_001,430.0,20556.26,32.560001373291016,32.804161071777344,0.24415969848632812
EV_001,431.0,20556.26,32.560001373291016,34.56413269042969,2.004131317138672
EV_001,434.0,20556.26,32.560001373291016,34.45486831665039,1.894866943359375
EV_001,432.0,20556.26,32.560001373291016,34.379940032958984,1.8199386596679688
EV_001,435.0,20556.26,32.560001373291016,34.411251068115234,1.8512496948242188
EV_001,436.0,20556.26,32.560001373291016,34.48771286010742,1.9277114868164062
EV_001,432.0,20556.26,32.560001373291016,34.86482620239258,2.3048248291015625
EV_001,434.0,20556.26,32.560001373291016,33.10849380493164,0.548492431640625
EV_001,437.0,20556.26,32.560001373291016,34.4278678894043,1.8678665161132812
EV_001,434.0,20556.26,32.560001373291016,33.814945220947266,1.25494384765625
EV_001,435.0,20556.26,32.560001373291016,32.32126235961914,-0.238739013671875
EV_001,436.0,20556.26,32.560001373291016,32.35444259643555,-0.20555877685546875
EV_001,439.0,20556.26,32.560001373291016,35.1553955078125,2.5953941345214844
EV_001,437.0,20556.26,32.560001373291016,32.79195785522461,0.23195648193359375
EV_001,440.0,20556.26,32.560001373291016,34.69293212890625,2.1329307556152344
EV_001,438.0,20556.26,32.560001373291016,32.63001251220703,0.07001113891601562
EV_001,441.0,20556.26,32.560001373291016,33.85952377319336,1.2995223999023438
EV_001,437.0,20556.26,32.560001373291016,32.92401123046875,0.3640098571777344
EV_001,439.0,20556.26,32.560001373291016,32.81204605102539,0.252044677734375
EV_001,442.0,20556.26,32.560001373291016,33.042728424072266,0.48272705078125
EV_001,438.0,20556.26,32.560001373291016,32.816776275634766,0.25677490234375
EV_001,440.0,20556.26,32.560001373291016,33.33490753173828,0.7749061584472656
EV_001,443.0,20556.26,32.560001373291016,32.88859939575195,0.3285980224609375
EV_001,439.0,20556.26,32.560001373291016,33.3017692565918,0.7417678833007812
EV_001,441.0,20556.26,32.560001373291016,33.64683532714844,1.0868339538574219
EV_001,444.0,20556.26,32.560001373291016,32.90232849121094,0.3423271179199219
EV_001,440.0,20556.26,32.560001373291016,33.683563232421875,1.1235618591308594
EV_001,442.0,20556.26,32.560001373291016,33.89690017700195,1.3368988037109375
EV_001,445.0,20556.26,32.560001373291016,32.82741165161133,0.2674102783203125
EV_001,441.0,20556.26,32.560001373291016,33.678009033203125,1.1180076599121094
EV_001,443.0,20556.26,32.560001373291016,34.48257827758789,1.922576904296875
EV_001,446.0,20556.26,32.560001373291016,32.75648880004883,0.1964874267578125
EV_001,442.0,20556.26,32.560001373291016,34.6252326965332,2.0652313232421875
EV_001,444.0,20556.26,32.560001373291016,33.29829025268555,0.7382888793945312
EV_001,447.0,20556.26,32.560001373291016,32.455387115478516,-0.1046142578125
EV_001,449.0,20556.26,32.560001373291016,32.65643310546875,0.09643173217773438
EV_001,444.0,20556.26,32.560001373291016,33.132789611816406,0.5727882385253906
EV_001,446.0,20556.26,32.560001373291016,34.393863677978516,1.8338623046875
EV_001,450.0,20556.26,32.560001373291016,32.735965728759766,0.17596435546875
EV_001,451.0,20556.26,32.560001373291016,32.76123809814453,0.20123672485351562
EV_001,452.0,20556.26,32.560001373291016,32.95077133178711,0.39076995849609375
EV_001,449.0,20556.26,32.560001373291016,32.410179138183594,-0.14982223510742188
EV_001,447.0,20556.26,32.560001373291016,33.304176330566406,0.7441749572753906
EV_001,453.0,20556.26,32.560001373291016,32.49944305419922,-0.060558319091796875
EV_001,448.0,20556.26,32.560001373291016,32.532100677490234,-0.02790069580078125
EV_001,450.0,20556.26,32.560001373291016,32.441261291503906,-0.11874008178710938
EV_001,454.0,20556.26,32.560001373291016,32.541038513183594,-0.018962860107421875
EV_001,451.0,20556.26,32.560001373291016,32.59449005126953,0.034488677978515625
EV_001,455.0,20556.26,32.560001373291016,33.31016159057617,0.7501602172851562
EV_001,452.0,20556.26,32.560001373291016,33.03280258178711,0.47280120849609375
EV_001,450.0,20556.26,32.560001373291016,33.171077728271484,0.6110763549804688
EV_001,456.0,20556.26,32.560001373291016,32.89957809448242,0.33957672119140625
EV_001,453.0,20556.26,32.560001373291016,34.03585433959961,1.4758529663085938
EV_001,457.0,20556.26,32.560001373291016,34.65263366699219,2.092632293701172
EV_001,451.0,20556.26,32.560001373291016,32.81532669067383,0.2553253173828125
EV_001,454.0,20556.26,32.560001373291016,34.17950439453125,1.6195030212402344
EV_001,458.0,20556.26,32.560001373291016,34.45707702636719,1.8970756530761719
EV_001,452.0,20556.26,32.560001373291016,33.57052993774414,1.010528564453125
EV_001,453.0,20556.26,32.560001373291016,33.910064697265625,1.3500633239746094
EV_001,459.0,20556.26,32.560001373291016,33.746822357177734,1.1868209838867188
EV_001,454.0,20556.26,32.560001373291016,34.81502151489258,2.2550201416015625
EV_001,456.0,20556.26,32.560001373291016,32.9189338684082,0.3589324951171875
EV_001,455.0,20556.26,32.560001373291016,34.83756637573242,2.2775650024414062
EV_001,457.0,20556.26,32.560001373291016,34.08182907104492,1.5218276977539062
EV_001,461.0,20556.26,32.560001373291016,33.37551498413086,0.8155136108398438
EV_001,456.0,20556.26,32.560001373291016,35.523475646972656,2.9634742736816406
EV_001,458.0,20556.26,32.560001373291016,34.24061965942383,1.6806182861328125
EV_001,462.0,20556.26,32.560001373291016,33.29618835449219,0.7361869812011719
EV_001,457.0,20556.26,32.560001373291016,34.58867263793945,2.0286712646484375
EV_001,459.0,20556.26,32.560001373291016,34.3326530456543,1.7726516723632812
EV_001,463.0,20556.26,32.560001373291016,33.30080795288086,0.7408065795898438
EV_001,460.0,20556.26,32.560001373291016,33.229469299316406,0.6694679260253906
EV_001,464.0,20556.26,32.560001373291016,33.45183563232422,0.8918342590332031
EV_001,461.0,20556.26,32.560001373291016,34.17890930175781,1.6189079284667969
EV_001,465.0,20556.26,32.560001373291016,33.03819274902344,0.4781913757324219
EV_001,459.0,20556.26,32.560001373291016,34.7057991027832,2.1457977294921875
EV_001,462.0,20556.26,32.560001373291016,33.86917495727539,1.309173583984375
EV_001,466.0,20556.26,32.560001373291016,32.85421371459961,0.29421234130859375
EV_001,463.0,20556.26,32.560001373291016,34.982662200927734,2.4226608276367188
EV_001,467.0,20556.26,32.560001373291016,32.92974853515625,0.3697471618652344
EV_001,461.0,20556.26,32.560001373291016,34.121376037597656,1.5613746643066406
EV_001,464.0,20556.26,32.560001373291016,34.643680572509766,2.08367919921875
EV_001,468.0,20556.26,32.560001373291016,33.705780029296875,1.1457786560058594
EV_001,462.0,20556.26,32.560001373291016,34.96864318847656,2.408641815185547
EV_001,465.0,20556.26,32.560001373291016,34.60255813598633,2.0425567626953125
EV_001,469.0,20556.26,32.560001373291016,33.42330551147461,0.8633041381835938
EV_001,463.0,20556.26,32.560001373291016,33.850311279296875,1.2903099060058594
EV_001,466.0,20556.26,32.560001373291016,33.05405044555664,0.494049072265625
EV_001,470.0,20556.26,32.560001373291016,33.67319107055664,1.113189697265625
EV_001,467.0,20556.26,32.560001373291016,32.802913665771484,0.24291229248046875
EV_001,468.0,20556.26,32.560001373291016,32.716552734375,0.15655136108398438
EV_001,465.0,20556.26,32.560001373291016,32.56364059448242,0.00363922119140625
EV_001,472.0,20556.26,32.560001373291016,34.99246597290039,2.432464599609375
EV_001,466.0,20556.26,32.560001373291016,32.30097198486328,-0.2590293884277344
EV_001,473.0,20556.26,32.560001373291016,33.992088317871094,1.4320869445800781
EV_001,467.0,20556.26,32.560001373291016,32.210819244384766,-0.34918212890625
EV_001,470.0,20556.26,32.560001373291016,33.36292266845703,0.8029212951660156
EV_001,474.0,20556.26,32.560001373291016,33.56414031982422,1.0041389465332031
EV_001,468.0,20556.26,32.560001373291016,32.28392028808594,-0.2760810852050781
EV_001,475.0,20556.26,32.560001373291016,33.93836975097656,1.3783683776855469
EV_001,469.0,20556.26,32.560001373291016,32.64458465576172,0.08458328247070312
EV_001,476.0,20556.26,32.560001373291016,34.25446701049805,1.6944656372070312
EV_001,470.0,20556.26,32.560001373291016,32.58381652832031,0.023815155029296875
EV_001,472.0,20556.26,32.560001373291016,33.55361557006836,0.9936141967773438
EV_001,477.0,20556.26,32.560001373291016,34.68937301635742,2.1293716430664062
EV_001,471.0,20556.26,32.560001373291016,32.69298553466797,0.13298416137695312
EV_001,473.0,20556.26,32.560001373291016,33.99784851074219,1.4378471374511719
EV_001,478.0,20556.26,32.560001373291016,34.60533142089844,2.045330047607422
EV_001,472.0,20556.26,32.560001373291016,33.76373291015625,1.2037315368652344
EV_001,479.0,20556.26,32.560001373291016,34.27864456176758,1.7186431884765625
EV_001,474.0,20556.26,32.560001373291016,33.63481521606445,1.0748138427734375
EV_001,480.0,20556.26,32.560001373291016,34.47012710571289,1.910125732421875
EV_001,473.0,20556.26,32.560001373291016,33.98786163330078,1.4278602600097656
EV_001,475.0,20556.26,32.560001373291016,33.6135368347168,1.0535354614257812
EV_001,474.0,20556.26,32.560001373291016,33.200565338134766,0.64056396484375
EV_001,475.0,20556.26,32.560001373291016,33.72225570678711,1.1622543334960938
EV_001,477.0,20556.26,32.560001373291016,32.554908752441406,-0.005092620849609375
EV_001,482.0,20556.26,32.560001373291016,34.11786651611328,1.5578651428222656
EV_001,476.0,20556.26,32.560001373291016,34.16733169555664,1.607330322265625
EV_001,478.0,20556.26,32.560001373291016,32.45919418334961,-0.10080718994140625
EV_001,483.0,20556.26,32.560001373291016,33.174625396728516,0.6146240234375
EV_001,479.0,20556.26,32.560001373291016,32.693077087402344,0.13307571411132812
EV_001,484.0,20556.26,32.560001373291016,33.27275848388672,0.7127571105957031
EV_001,478.0,20556.26,32.560001373291016,32.60012435913086,0.04012298583984375
EV_001,480.0,20556.26,32.560001373291016,33.315067291259766,0.75506591796875
EV_001,485.0,20556.26,32.560001373291016,32.75943374633789,0.199432373046875
EV_001,479.0,20556.26,32.560001373291016,34.36621856689453,1.8062171936035156
EV_001,481.0,20556.26,32.560001373291016,33.34309768676758,0.7830963134765625
EV_001,480.0,20556.26,32.560001373291016,34.48771286010742,1.9277114868164062
EV_001,486.0,20556.26,32.560001373291016,33.23965072631836,0.6796493530273438
EV_001,487.0,20556.26,32.560001373291016,32.715843200683594,0.15584182739257812
EV_001,481.0,20556.26,32.560001373291016,34.31449508666992,1.7544937133789062
EV_001,488.0,20556.26,32.560001373291016,33.19583511352539,0.635833740234375
EV_001,482.0,20556.26,32.560001373291016,34.84626388549805,2.2862625122070312
EV_001,483.0,20556.26,32.560001373291016,33.110084533691406,0.5500831604003906
EV_001,484.0,20556.26,32.560001373291016,34.939334869384766,2.37933349609375
EV_001,489.0,20556.26,32.560001373291016,33.69797897338867,1.1379776000976562
EV_001,485.0,20556.26,32.560001373291016,34.265663146972656,1.7056617736816406
EV_001,490.0,20556.26,32.560001373291016,33.50053024291992,0.9405288696289062
EV_001,484.0,20556.26,32.560001373291016,34.3177604675293,1.7577590942382812
EV_001,485.0,20556.26,32.560001373291016,34.3177604675293,1.7577590942382812
EV_001,493.0,20556.26,32.560001373291016,34.7057991027832,2.1457977294921875
EV_001,494.0,20556.26,32.560001373291016,34.7057991027832,2.1457977294921875
EV_001,495.0,20556.26,32.560001373291016,34.7057991027832,2.1457977294921875
EV_001,496.0,20556.26,32.560001373291016,34.83756637573242,2.2775650024414062
EV_001,498.0,20556.26,32.560001373291016,34.3177604675293,1.7577590942382812
EV_001,494.0,20556.26,32.560001373291016,32.85807800292969,0.2980766296386719
EV_001,495.0,20556.26,32.560001373291016,34.61043930053711,2.0504379272460938
EV_001,499.0,20556.26,32.560001373291016,34.3177604675293,1.7577590942382812
EV_001,494.0,20556.26,32.560001373291016,34.3177604675293,1.7577590942382812
EV_001,500.0,20556.26,32.560001373291016,34.3177604675293,1.7577590942382812
EV_001,495.0,20556.26,32.560001373291016,34.3177604675293,1.7577590942382812
EV_001,501.0,20556.26,32.560001373291016,34.45486831665039,1.894866943359375
EV_001,502.0,20556.26,32.560001373291016,34.411251068115234,1.8512496948242188
EV_001,503.0,20556.26,32.560001373291016,34.42509841918945,1.8650970458984375
EV_001,499.0,20556.26,32.560001373291016,32.66240310668945,0.1024017333984375
EV_001,504.0,20556.26,32.560001373291016,34.30449295043945,1.7444915771484375
EV_001,499.0,20556.26,32.560001373291016,34.3177604675293,1.7577590942382812
EV_001,505.0,20556.26,32.560001373291016,34.29055404663086,1.7305526733398438
EV_001,507.0,20556.26,32.560001373291016,34.3177604675293,1.7577590942382812
EV_001,508.0,20556.26,32.560001373291016,34.3177604675293,1.7577590942382812
EV_001,509.0,20556.26,32.560001373291016,34.45560073852539,1.895599365234375
EV_001,510.0,20556.26,32.560001373291016,34.411251068115234,1.8512496948242188
EV_001,515.0,20556.26,32.560001373291016,34.373435974121094,1.8134346008300781
EV_001,513.0,20556.26,32.560001373291016,32.751495361328125,0.19149398803710938
EV_001,516.0,20556.26,32.560001373291016,34.52252960205078,1.9625282287597656
EV_001,517.0,20556.26,32.560001373291016,34.16799545288086,1.6079940795898438
EV_001,518.0,20556.26,32.560001373291016,33.463199615478516,0.9031982421875
EV_001,517.0,20556.26,32.560001373291016,34.16361618041992,1.6036148071289062
EV_001,520.0,20556.26,32.560001373291016,34.8774528503418,2.3174514770507812
EV_001,518.0,20556.26,32.560001373291016,33.62439727783203,1.0643959045410156
EV_001,517.0,20556.26,32.560001373291016,32.73323059082031,0.17322921752929688
EV_001,519.0,20556.26,32.560001373291016,34.18726348876953,1.6272621154785156
EV_001,522.0,20556.26,32.560001373291016,33.38481903076172,0.8248176574707031
EV_001,518.0,20556.26,32.560001373291016,32.56092071533203,0.000919342041015625
EV_001,520.0,20556.26,32.560001373291016,32.986083984375,0.4260826110839844
EV_001,523.0,20556.26,32.560001373291016,33.757999420166016,1.197998046875
EV_001,519.0,20556.26,32.560001373291016,33.87717056274414,1.317169189453125
EV_001,521.0,20556.26,32.560001373291016,33.30647277832031,0.7464714050292969
EV_001,524.0,20556.26,32.560001373291016,33.33237075805664,0.772369384765625
EV_001,520.0,20556.26,32.560001373291016,33.02292251586914,0.462921142578125
EV_001,522.0,20556.26,32.560001373291016,33.55693435668945,0.9969329833984375
EV_001,521.0,20556.26,32.560001373291016,33.47341537475586,0.9134140014648438
EV_001,523.0,20556.26,32.560001373291016,35.094722747802734,2.5347213745117188
EV_001,526.0,20556.26,32.560001373291016,32.869178771972656,0.3091773986816406
EV_001,522.0,20556.26,32.560001373291016,33.69001388549805,1.1300125122070312
EV_001,524.0,20556.26,32.560001373291016,34.73240661621094,2.172405242919922
EV_001,523.0,20556.26,32.560001373291016,32.7980842590332,0.2380828857421875
EV_001,524.0,20556.26,32.560001373291016,33.42371368408203,0.8637123107910156
EV_001,526.0,20556.26,32.560001373291016,33.52920913696289,0.969207763671875
EV_001,528.0,20556.26,32.560001373291016,32.43052673339844,-0.12947463989257812
EV_001,525.0,20556.26,32.560001373291016,32.484127044677734,-0.07587432861328125
EV_001,529.0,20556.26,32.560001373291016,32.42607116699219,-0.13393020629882812
EV_001,526.0,20556.26,32.560001373291016,32.779571533203125,0.21957015991210938
EV_001,530.0,20556.26,32.560001373291016,32.749168395996094,0.18916702270507812
EV_001,531.0,20556.26,32.560001373291016,32.66554641723633,0.1055450439453125
EV_001,529.0,20556.26,32.560001373291016,32.6424560546875,0.08245468139648438
EV_001,532.0,20556.26,32.560001373291016,32.774024963378906,0.21402359008789062
EV_001,533.0,20556.26,32.560001373291016,32.70035934448242,0.14035797119140625
EV_001,531.0,20556.26,32.560001373291016,32.94512176513672,0.3851203918457031
EV_001,534.0,20556.26,32.560001373291016,33.12677764892578,0.5667762756347656
EV_001,530.0,20556.26,32.560001373291016,34.35577392578125,1.7957725524902344
EV_001,532.0,20556.26,32.560001373291016,32.389102935791016,-0.1708984375
EV_001,535.0,20556.26,32.560001373291016,34.20437240600586,1.6443710327148438
EV_001,533.0,20556.26,32.560001373291016,33.7884407043457,1.2284393310546875
EV_001,536.0,20556.26,32.560001373291016,34.29055404663086,1.7305526733398438
EV_001,532.0,20556.26,32.560001373291016,33.80226135253906,1.2422599792480469
EV_001,534.0,20556.26,32.560001373291016,33.8883056640625,1.3283042907714844
EV_001,537.0,20556.26,32.560001373291016,34.30449295043945,1.7444915771484375
EV_001,533.0,20556.26,32.560001373291016,33.90017318725586,1.3401718139648438
EV_001,535.0,20556.26,32.560001373291016,33.30260467529297,0.7426033020019531
EV_001,538.0,20556.26,32.560001373291016,34.7057991027832,2.1457977294921875
EV_001,539.0,20556.26,32.560001373291016,34.7057991027832,2.1457977294921875
EV_001,534.0,20556.26,32.560001373291016,34.53986740112305,1.9798660278320312
EV_001,536.0,20556.26,32.560001373291016,33.58415985107422,1.0241584777832031
EV_001,535.0,20556.26,32.560001373291016,34.38414001464844,1.8241386413574219
EV_001,537.0,20556.26,32.560001373291016,34.62489318847656,2.064891815185547
EV_001,536.0,20556.26,32.560001373291016,33.33744430541992,0.7774429321289062
EV_001,538.0,20556.26,32.560001373291016,34.1348876953125,1.5748863220214844
EV_001,541.0,20556.26,32.560001373291016,34.3177604675293,1.7577590942382812
EV_001,537.0,20556.26,32.560001373291016,33.001590728759766,0.44158935546875
EV_001,539.0,20556.26,32.560001373291016,33.10856628417969,0.5485649108886719
EV_001,540.0,20556.26,32.560001373291016,32.988250732421875,0.4282493591308594
EV_001,541.0,20556.26,32.560001373291016,32.86668014526367,0.30667877197265625
EV_001,543.0,20556.26,32.560001373291016,34.3177604675293,1.7577590942382812
EV_001,544.0,20556.26,32.560001373291016,34.3177604675293,1.7577590942382812
EV_001,542.0,20556.26,32.560001373291016,32.781028747558594,0.22102737426757812
EV_001,545.0,20556.26,32.560001373291016,34.3177604675293,1.7577590942382812
EV_001,540.0,20556.26,32.560001373291016,33.00288772583008,0.4428863525390625
EV_001,543.0,20556.26,32.560001373291016,33.289554595947266,0.72955322265625
EV_001,544.0,20556.26,32.560001373291016,32.545372009277344,-0.014629364013671875
EV_001,546.0,20556.26,32.560001373291016,34.411251068115234,1.8512496948242188
EV_001,542.0,20556.26,32.560001373291016,32.53534698486328,-0.024654388427734375
EV_001,548.0,20556.26,32.560001373291016,34.3177604675293,1.7577590942382812
EV_001,543.0,20556.26,32.560001373291016,32.538063049316406,-0.021938323974609375
EV_001,546.0,20556.26,32.560001373291016,33.701904296875,1.1419029235839844
EV_001,549.0,20556.26,32.560001373291016,34.3177604675293,1.7577590942382812
EV_001,544.0,20556.26,32.560001373291016,32.996280670166016,0.436279296875
EV_001,550.0,20556.26,32.560001373291016,34.3177604675293,1.7577590942382812
EV_001,545.0,20556.26,32.560001373291016,33.26430892944336,0.7043075561523438
EV_001,548.0,20556.26,32.560001373291016,33.76010513305664,1.200103759765625
EV_001,551.0,20556.26,32.560001373291016,34.3177604675293,1.7577590942382812
EV_001,546.0,20556.26,32.560001373291016,33.02729034423828,0.4672889709472656
EV_001,549.0,20556.26,32.560001373291016,33.90278625488281,1.3427848815917969
EV_001,552.0,20556.26,32.560001373291016,34.3177604675293,1.7577590942382812
EV_001,547.0,20556.26,32.560001373291016,32.853858947753906,0.2938575744628906
EV_001,550.0,20556.26,32.560001373291016,33.54967498779297,0.9896736145019531
EV_001,553.0,20556.26,32.560001373291016,34.3177604675293,1.7577590942382812
EV_001,548.0,20556.26,32.560001373291016,32.95460510253906,0.3946037292480469
EV_001,549.0,20556.26,32.560001373291016,33.513214111328125,0.9532127380371094
EV_001,551.0,20556.26,32.560001373291016,34.55430221557617,1.9943008422851562
EV_001,555.0,20556.26,32.560001373291016,34.3177604675293,1.7577590942382812
EV_001,550.0,20556.26,32.560001373291016,32.603302001953125,0.043300628662109375
EV_001,551.0,20556.26,32.560001373291016,33.420711517333984,0.8607101440429688
EV_001,553.0,20556.26,32.560001373291016,33.42141342163086,0.8614120483398438
EV_001,552.0,20556.26,32.560001373291016,34.500064849853516,1.9400634765625
EV_001,554.0,20556.26,32.560001373291016,33.532527923583984,0.9725265502929688
EV_001,557.0,20556.26,32.560001373291016,33.03650665283203,0.4765052795410156
EV_001,555.0,20556.26,32.560001373291016,33.902896881103516,1.3428955078125
EV_001,558.0,20556.26,32.560001373291016,32.44868469238281,-0.11131668090820312
EV_001,556.0,20556.26,32.560001373291016,32.856056213378906,0.2960548400878906
EV_001,559.0,20556.26,32.560001373291016,33.62114715576172,1.0611457824707031
EV_001,554.0,20556.26,32.560001373291016,34.28138732910156,1.7213859558105469
EV_001,560.0,20556.26,32.560001373291016,34.380287170410156,1.8202857971191406
EV_001,555.0,20556.26,32.560001373291016,33.794227600097656,1.2342262268066406
EV_001,556.0,20556.26,32.560001373291016,34.579566955566406,2.0195655822753906
EV_001,557.0,20556.26,32.560001373291016,34.169742584228516,1.6097412109375
EV_001,559.0,20556.26,32.560001373291016,33.90727996826172,1.3472785949707031
EV_001,562.0,20556.26,32.560001373291016,32.8663444519043,0.30634307861328125
EV_001,563.0,20556.26,32.560001373291016,32.716064453125,0.15606307983398438
EV_001,560.0,20556.26,32.560001373291016,33.746070861816406,1.1860694885253906
EV_001,564.0,20556.26,32.560001373291016,32.83473205566406,0.2747306823730469
EV_001,559.0,20556.26,32.560001373291016,32.70845031738281,0.14844894409179688
EV_001,565.0,20556.26,32.560001373291016,33.58391571044922,1.0239143371582031
EV_001,560.0,20556.26,32.560001373291016,32.55298614501953,-0.007015228271484375
EV_001,562.0,20556.26,32.560001373291016,33.86941146850586,1.3094100952148438
EV_001,566.0,20556.26,32.560001373291016,34.346317291259766,1.78631591796875
EV_001,561.0,20556.26,32.560001373291016,32.47690963745117,-0.08309173583984375
EV_001,563.0,20556.26,32.560001373291016,33.52189636230469,0.9618949890136719
EV_001,567.0,20556.26,32.560001373291016,34.950050354003906,2.3900489807128906
EV_001,562.0,20556.26,32.560001373291016,32.467063903808594,-0.09293746948242188
EV_001,564.0,20556.26,32.560001373291016,33.75429916381836,1.1942977905273438
EV_001,568.0,20556.26,32.560001373291016,34.1141357421875,1.5541343688964844
EV_001,563.0,20556.26,32.560001373291016,32.807525634765625,0.24752426147460938
EV_001,565.0,20556.26,32.560001373291016,32.93626403808594,0.3762626647949219
EV_001,569.0,20556.26,32.560001373291016,34.63474655151367,2.0747451782226562
EV_001,564.0,20556.26,32.560001373291016,32.90552520751953,0.3455238342285156
EV_001,566.0,20556.26,32.560001373291016,33.12332534790039,0.563323974609375
EV_001,565.0,20556.26,32.560001373291016,33.46820831298828,0.9082069396972656
EV_001,567.0,20556.26,32.560001373291016,35.02246856689453,2.4624671936035156
EV_001,566.0,20556.26,32.560001373291016,34.80522537231445,2.2452239990234375
EV_001,568.0,20556.26,32.560001373291016,33.972232818603516,1.4122314453125
EV_001,567.0,20556.26,32.560001373291016,35.48353576660156,2.923534393310547
EV_001,569.0,20556.26,32.560001373291016,33.013587951660156,0.4535865783691406
EV_001,568.0,20556.26,32.560001373291016,35.48353576660156,2.923534393310547
EV_001,573.0,20556.26,32.560001373291016,32.59246063232422,0.032459259033203125
EV_001,571.0,20556.26,32.560001373291016,32.86872863769531,0.3087272644042969
EV_001,574.0,20556.26,32.560001373291016,33.445255279541016,0.88525390625
EV_001,570.0,20556.26,32.560001373291016,34.83756637573242,2.2775650024414062
EV_001,575.0,20556.26,32.560001373291016,33.04645538330078,0.4864540100097656
EV_001,572.0,20556.26,32.560001373291016,32.7784309387207,0.2184295654296875
EV_001,576.0,20556.26,32.560001373291016,33.676170349121094,1.1161689758300781
EV_001,577.0,20556.26,32.560001373291016,33.73495864868164,1.174957275390625
EV_001,574.0,20556.26,32.560001373291016,33.63487243652344,1.0748710632324219
EV_001,578.0,20556.26,32.560001373291016,32.9623908996582,0.4023895263671875
EV_001,575.0,20556.26,32.560001373291016,33.27771759033203,0.7177162170410156
EV_001,579.0,20556.26,32.560001373291016,32.786067962646484,0.22606658935546875
EV_001,576.0,20556.26,32.560001373291016,33.574459075927734,1.0144577026367188
EV_001,580.0,20556.26,32.560001373291016,32.609230041503906,0.049228668212890625
EV_001,581.0,20556.26,32.560001373291016,33.44987869262695,0.8898773193359375
EV_001,575.0,20556.26,32.560001373291016,33.24288558959961,0.6828842163085938
EV_001,582.0,20556.26,32.560001373291016,33.58053207397461,1.0205307006835938
EV_001,578.0,20556.26,32.560001373291016,32.556400299072266,-0.00360107421875
EV_001,576.0,20556.26,32.560001373291016,35.18673324584961,2.6267318725585938
EV_001,579.0,20556.26,32.560001373291016,32.87751007080078,0.3175086975097656
EV_001,580.0,20556.26,32.560001373291016,33.12440490722656,0.5644035339355469
EV_001,584.0,20556.26,32.560001373291016,32.128578186035156,-0.4314231872558594
EV_001,578.0,20556.26,32.560001373291016,33.80197525024414,1.241973876953125
EV_001,581.0,20556.26,32.560001373291016,33.06140899658203,0.5014076232910156
EV_001,585.0,20556.26,32.560001373291016,34.73053741455078,2.1705360412597656
EV_001,582.0,20556.26,32.560001373291016,34.55055236816406,1.9905509948730469
EV_001,586.0,20556.26,32.560001373291016,34.5744743347168,2.0144729614257812
EV_001,579.0,20556.26,32.560001373291016,34.393863677978516,1.8338623046875
EV_001,583.0,20556.26,32.560001373291016,34.95260238647461,2.3926010131835938
EV_001,587.0,20556.26,32.560001373291016,34.41690444946289,1.856903076171875
EV_001,580.0,20556.26,32.560001373291016,34.017642974853516,1.4576416015625
EV_001,581.0,20556.26,32.560001373291016,32.59383773803711,0.03383636474609375
EV_001,588.0,20556.26,32.560001373291016,34.26396179199219,1.7039604187011719
EV_001,585.0,20556.26,32.560001373291016,32.8061637878418,0.24616241455078125
EV_001,589.0,20556.26,32.560001373291016,34.12767791748047,1.5676765441894531
EV_001,582.0,20556.26,32.560001373291016,33.40399932861328,0.8439979553222656
EV_001,590.0,20556.26,32.560001373291016,32.94548034667969,0.3854789733886719
EV_001,586.0,20556.26,32.560001373291016,32.94832992553711,0.38832855224609375
EV_001,591.0,20556.26,32.560001373291016,32.608741760253906,0.048740386962890625
EV_001,587.0,20556.26,32.560001373291016,33.82906723022461,1.2690658569335938
EV_001,584.0,20556.26,32.560001373291016,32.679542541503906,0.11954116821289062
EV_001,588.0,20556.26,32.560001373291016,34.01579284667969,1.4557914733886719
EV_001,592.0,20556.26,32.560001373291016,32.585391998291016,0.025390625
EV_001,585.0,20556.26,32.560001373291016,35.1125602722168,2.5525588989257812
EV_001,593.0,20556.26,32.560001373291016,32.59475326538086,0.03475189208984375
EV_001,594.0,20556.26,32.560001373291016,32.615943908691406,0.055942535400390625
EV_001,586.0,20556.26,32.560001373291016,34.47964096069336,1.9196395874023438
EV_001,590.0,20556.26,32.560001373291016,32.491943359375,-0.06805801391601562
EV_001,587.0,20556.26,32.560001373291016,34.17558288574219,1.6155815124511719
EV_001,588.0,20556.26,32.560001373291016,34.87912368774414,2.319122314453125
EV_001,591.0,20556.26,32.560001373291016,32.555145263671875,-0.004856109619140625
EV_001,589.0,20556.26,32.560001373291016,34.91880416870117,2.3588027954101562
EV_001,592.0,20556.26,32.560001373291016,32.47173309326172,-0.08826828002929688
EV_001,596.0,20556.26,32.560001373291016,33.320838928222656,0.7608375549316406
EV_001,593.0,20556.26,32.560001373291016,32.351478576660156,-0.20852279663085938
EV_001,590.0,20556.26,32.560001373291016,34.25874710083008,1.6987457275390625
EV_001,597.0,20556.26,32.560001373291016,33.14106369018555,0.5810623168945312
EV_001,591.0,20556.26,32.560001373291016,32.996368408203125,0.4363670349121094
EV_001,594.0,20556.26,32.560001373291016,33.6486930847168,1.0886917114257812
EV_001,598.0,20556.26,32.560001373291016,32.7432975769043,0.18329620361328125
EV_001,595.0,20556.26,32.560001373291016,34.14375686645508,1.5837554931640625
EV_001,599.0,20556.26,32.560001373291016,32.56223678588867,0.00223541259765625
EV_001,596.0,20556.26,32.560001373291016,34.791587829589844,2.231586456298828
EV_001,600.0,20556.26,32.560001373291016,32.52344512939453,-0.036556243896484375
EV_001,593.0,20556.26,32.560001373291016,32.775596618652344,0.21559524536132812
EV_001,594.0,20556.26,32.560001373291016,32.57061004638672,0.010608673095703125
EV_001,597.0,20556.26,32.560001373291016,34.7428092956543,2.1828079223632812
EV_002,889.0,11777.92,35.45000076293945,32.58021926879883,-2.869781494140625
EV_002,890.0,11777.92,35.45000076293945,32.74838638305664,-2.7016143798828125
EV_002,893.0,11777.92,35.45000076293945,33.09531784057617,-2.3546829223632812
EV_002,894.0,11777.92,35.45000076293945,33.07594680786133,-2.374053955078125
EV_002,895.0,11777.92,35.45000076293945,33.020809173583984,-2.4291915893554688
EV_002,896.0,11777.92,35.45000076293945,32.69947052001953,-2.750530242919922
EV_002,900.0,11777.92,35.45000076293945,33.02604675292969,-2.4239540100097656
EV_002,903.0,11777.92,35.45000076293945,33.37071228027344,-2.0792884826660156
EV_002,905.0,11777.92,35.45000076293945,33.68932342529297,-1.7606773376464844
EV_002,906.0,11777.92,35.45000076293945,35.17470169067383,-0.275299072265625
EV_002,907.0,11777.92,35.45000076293945,35.223236083984375,-0.22676467895507812
EV_002,908.0,11777.92,35.45000076293945,35.20963668823242,-0.24036407470703125
EV_002,909.0,11777.92,35.45000076293945,34.7057991027832,-0.74420166015625
EV_002,910.0,11777.92,35.45000076293945,34.7057991027832,-0.74420166015625
EV_002,911.0,11777.92,35.45000076293945,34.83756637573242,-0.6124343872070312
EV_002,913.0,11777.92,35.45000076293945,32.34919738769531,-3.1008033752441406
EV_002,914.0,11777.92,35.45000076293945,33.35708236694336,-2.0929183959960938
EV_002,915.0,11777.92,35.45000076293945,32.636898040771484,-2.8131027221679688
EV_002,916.0,11777.92,35.45000076293945,32.858551025390625,-2.591449737548828
EV_002,918.0,11777.92,35.45000076293945,33.466243743896484,-1.9837570190429688
EV_002,919.0,11777.92,35.45000076293945,33.07295608520508,-2.377044677734375
EV_002,920.0,11777.92,35.45000076293945,33.67741775512695,-1.7725830078125
EV_002,922.0,11777.92,35.45000076293945,33.6824951171875,-1.7675056457519531
EV_002,923.0,11777.92,35.45000076293945,34.71469497680664,-0.7353057861328125
EV_002,924.0,11777.92,35.45000076293945,33.58208084106445,-1.867919921875
EV_002,926.0,11777.92,35.45000076293945,32.330230712890625,-3.119770050048828
EV_002,927.0,11777.92,35.45000076293945,32.88137435913086,-2.5686264038085938
EV_002,928.0,11777.92,35.45000076293945,33.274688720703125,-2.175312042236328
EV_002,929.0,11777.92,35.45000076293945,33.390769958496094,-2.0592308044433594
EV_002,930.0,11777.92,35.45000076293945,34.074790954589844,-1.3752098083496094
EV_002,934.0,11777.92,35.45000076293945,34.20437240600586,-1.2456283569335938
EV_002,935.0,11777.92,35.45000076293945,34.31449508666992,-1.1355056762695312
EV_002,936.0,11777.92,35.45000076293945,34.7057991027832,-0.74420166015625
EV_002,937.0,11777.92,35.45000076293945,34.58867263793945,-0.861328125
EV_002,938.0,11777.92,35.45000076293945,34.83756637573242,-0.6124343872070312
EV_002,939.0,11777.92,35.45000076293945,34.83756637573242,-0.6124343872070312
EV_002,942.0,11777.92,35.45000076293945,34.21438217163086,-1.2356185913085938
EV_002,944.0,11777.92,35.45000076293945,33.54684066772461,-1.9031600952148438
EV_002,945.0,11777.92,35.45000076293945,33.227378845214844,-2.2226219177246094
EV_002,946.0,11777.92,35.45000076293945,33.103721618652344,-2.3462791442871094
EV_002,947.0,11777.92,35.45000076293945,32.777557373046875,-2.672443389892578
EV_002,948.0,11777.92,35.45000076293945,34.38491439819336,-1.0650863647460938
EV_002,949.0,11777.92,35.45000076293945,33.54380798339844,-1.9061927795410156
EV_002,950.0,11777.92,35.45000076293945,33.222042083740234,-2.2279586791992188
EV_002,951.0,11777.92,35.45000076293945,33.044830322265625,-2.405170440673828
EV_002,952.0,11777.92,35.45000076293945,32.92401123046875,-2.525989532470703
EV_002,953.0,11777.92,35.45000076293945,32.43967056274414,-3.0103302001953125
EV_002,954.0,11777.92,35.45000076293945,33.68625259399414,-1.7637481689453125
EV_002,955.0,11777.92,35.45000076293945,32.72539138793945,-2.724609375
EV_002,956.0,11777.92,35.45000076293945,32.86670684814453,-2.583293914794922
EV_002,958.0,11777.92,35.45000076293945,33.59281539916992,-1.8571853637695312
EV_002,959.0,11777.92,35.45000076293945,33.59941101074219,-1.8505897521972656
EV_002,960.0,11777.92,35.45000076293945,33.78749465942383,-1.662506103515625
EV_002,961.0,11777.92,35.45000076293945,33.58415985107422,-1.8658409118652344
EV_002,962.0,11777.92,35.45000076293945,34.77411651611328,-0.6758842468261719
EV_002,963.0,11777.92,35.45000076293945,33.7523078918457,-1.69769287109375
EV_002,964.0,11777.92,35.45000076293945,33.89175796508789,-1.5582427978515625
EV_002,965.0,11777.92,35.45000076293945,33.41975021362305,-2.0302505493164062
EV_002,966.0,11777.92,35.45000076293945,32.826377868652344,-2.6236228942871094
EV_002,967.0,11777.92,35.45000076293945,32.69093704223633,-2.759063720703125
EV_002,968.0,11777.92,35.45000076293945,33.75787353515625,-1.6921272277832031
EV_002,970.0,11777.92,35.45000076293945,32.9904670715332,-2.45953369140625
EV_002,971.0,11777.92,35.45000076293945,33.39040756225586,-2.0595932006835938
EV_002,972.0,11777.92,35.45000076293945,33.91225051879883,-1.537750244140625
EV_002,973.0,11777.92,35.45000076293945,32.87712097167969,-2.5728797912597656
EV_002,974.0,11777.92,35.45000076293945,32.917259216308594,-2.5327415466308594
EV_002,975.0,11777.92,35.45000076293945,32.758934020996094,-2.6910667419433594
EV_002,976.0,11777.92,35.45000076293945,32.766910552978516,-2.6830902099609375
EV_002,977.0,11777.92,35.45000076293945,32.57469940185547,-2.8753013610839844
EV_002,978.0,11777.92,35.45000076293945,33.2421760559082,-2.20782470703125
EV_002,979.0,11777.92,35.45000076293945,34.69890213012695,-0.7510986328125
EV_002,983.0,11777.92,35.45000076293945,32.84658432006836,-2.6034164428710938
EV_002,109.0,11777.92,35.45000076293945,33.53402328491211,-1.9159774780273438
EV_002,111.0,11777.92,35.45000076293945,34.42885208129883,-1.021148681640625
EV_002,112.0,11777.92,35.45000076293945,32.717689514160156,-2.732311248779297
EV_002,114.0,11777.92,35.45000076293945,33.34477233886719,-2.1052284240722656
EV_002,115.0,11777.92,35.45000076293945,33.09503936767578,-2.354961395263672
EV_002,117.0,11777.92,35.45000076293945,32.950313568115234,-2.4996871948242188
EV_002,118.0,11777.92,35.45000076293945,32.9470100402832,-2.50299072265625
EV_002,119.0,11777.92,35.45000076293945,33.53520584106445,-1.914794921875
EV_002,120.0,11777.92,35.45000076293945,32.94136047363281,-2.5086402893066406
EV_002,122.0,11777.92,35.45000076293945,33.14661407470703,-2.303386688232422
EV_002,123.0,11777.92,35.45000076293945,33.40907669067383,-2.040924072265625
EV_002,124.0,11777.92,35.45000076293945,33.45025634765625,-1.9997444152832031
EV_002,125.0,11777.92,35.45000076293945,32.94169998168945,-2.50830078125
EV_002,126.0,11777.92,35.45000076293945,32.63669967651367,-2.8133010864257812
EV_002,128.0,11777.92,35.45000076293945,32.88024139404297,-2.5697593688964844
EV_002,130.0,11777.92,35.45000076293945,32.75196838378906,-2.6980323791503906
EV_002,131.0,11777.92,35.45000076293945,32.901641845703125,-2.548358917236328
EV_002,132.0,11777.92,35.45000076293945,33.354759216308594,-2.0952415466308594
EV_002,133.0,11777.92,35.45000076293945,32.950157165527344,-2.4998435974121094
EV_002,141.0,11777.92,35.45000076293945,34.3177604675293,-1.1322402954101562
EV_002,149.0,11777.92,35.45000076293945,34.3177604675293,-1.1322402954101562
EV_002,150.0,11777.92,35.45000076293945,34.3177604675293,-1.1322402954101562
EV_002,151.0,11777.92,35.45000076293945,34.3177604675293,-1.1322402954101562
EV_002,152.0,11777.92,35.45000076293945,34.3177604675293,-1.1322402954101562
EV_002,153.0,11777.92,35.45000076293945,34.3177604675293,-1.1322402954101562
EV_002,154.0,11777.92,35.45000076293945,34.3177604675293,-1.1322402954101562
EV_002,155.0,11777.92,35.45000076293945,34.3177604675293,-1.1322402954101562
EV_002,159.0,11777.92,35.45000076293945,34.3177604675293,-1.1322402954101562
EV_002,160.0,11777.92,35.45000076293945,34.3177604675293,-1.1322402954101562
EV_002,161.0,11777.92,35.45000076293945,34.3177604675293,-1.1322402954101562
EV_002,162.0,11777.92,35.45000076293945,34.3177604675293,-1.1322402954101562
EV_002,163.0,11777.92,35.45000076293945,34.3177604675293,-1.1322402954101562
EV_002,164.0,11777.92,35.45000076293945,34.3177604675293,-1.1322402954101562
EV_002,182.0,11777.92,35.45000076293945,32.838783264160156,-2.611217498779297
EV_002,187.0,11777.92,35.45000076293945,32.49104309082031,-2.9589576721191406
EV_002,188.0,11777.92,35.45000076293945,33.88587188720703,-1.5641288757324219
EV_002,189.0,11777.92,35.45000076293945,33.898521423339844,-1.5514793395996094
EV_002,190.0,11777.92,35.45000076293945,34.439449310302734,-1.0105514526367188
EV_002,191.0,11777.92,35.45000076293945,34.983070373535156,-0.4669303894042969
EV_002,192.0,11777.92,35.45000076293945,34.76337432861328,-0.6866264343261719
EV_002,196.0,11777.92,35.45000076293945,33.01295852661133,-2.437042236328125
EV_002,197.0,11777.92,35.45000076293945,32.75346374511719,-2.6965370178222656
EV_002,204.0,11777.92,35.45000076293945,32.773719787597656,-2.676280975341797
EV_002,205.0,11777.92,35.45000076293945,33.43117904663086,-2.0188217163085938
EV_002,206.0,11777.92,35.45000076293945,33.29117202758789,-2.1588287353515625
EV_002,207.0,11777.92,35.45000076293945,33.72455596923828,-1.7254447937011719
EV_002,208.0,11777.92,35.45000076293945,34.740535736083984,-0.7094650268554688
EV_002,209.0,11777.92,35.45000076293945,34.730690002441406,-0.7193107604980469
EV_002,210.0,11777.92,35.45000076293945,34.595672607421875,-0.8543281555175781
EV_002,211.0,11777.92,35.45000076293945,35.311126708984375,-0.13887405395507812
EV_002,212.0,11777.92,35.45000076293945,35.57699966430664,0.1269989013671875
EV_002,214.0,11777.92,35.45000076293945,34.3177604675293,-1.1322402954101562
EV_002,215.0,11777.92,35.45000076293945,34.92513656616211,-0.5248641967773438
EV_002,216.0,11777.92,35.45000076293945,34.95058059692383,-0.499420166015625
EV_002,217.0,11777.92,35.45000076293945,34.69309616088867,-0.7569046020507812
EV_002,218.0,11777.92,35.45000076293945,33.53622055053711,-1.9137802124023438
EV_002,219.0,11777.92,35.45000076293945,34.24556350708008,-1.204437255859375
EV_002,220.0,11777.92,35.45000076293945,33.44105529785156,-2.0089454650878906
EV_002,221.0,11777.92,35.45000076293945,32.73527145385742,-2.7147293090820312
EV_002,222.0,11777.92,35.45000076293945,32.58803176879883,-2.861968994140625
EV_002,223.0,11777.92,35.45000076293945,33.77480697631836,-1.6751937866210938
EV_002,224.0,11777.92,35.45000076293945,34.60316848754883,-0.846832275390625
EV_002,228.0,11777.92,35.45000076293945,34.80781936645508,-0.642181396484375
EV_002,230.0,11777.92,35.45000076293945,32.504703521728516,-2.9452972412109375
EV_002,231.0,11777.92,35.45000076293945,32.770999908447266,-2.6790008544921875
EV_002,232.0,11777.92,35.45000076293945,33.05919647216797,-2.3908042907714844
EV_002,233.0,11777.92,35.45000076293945,33.20820617675781,-2.2417945861816406
EV_002,234.0,11777.92,35.45000076293945,33.3328971862793,-2.1171035766601562
EV_002,235.0,11777.92,35.45000076293945,33.25716781616211,-2.1928329467773438
EV_002,236.0,11777.92,35.45000076293945,32.770992279052734,-2.6790084838867188
EV_002,237.0,11777.92,35.45000076293945,33.49227523803711,-1.9577255249023438
EV_002,238.0,11777.92,35.45000076293945,34.27730178833008,-1.172698974609375
EV_002,239.0,11777.92,35.45000076293945,32.63352966308594,-2.8164710998535156
EV_002,241.0,11777.92,35.45000076293945,32.766910552978516,-2.6830902099609375
EV_002,242.0,11777.92,35.45000076293945,32.755531311035156,-2.694469451904297
EV_002,243.0,11777.92,35.45000076293945,33.85493469238281,-1.5950660705566406
EV_002,245.0,11777.92,35.45000076293945,34.1335334777832,-1.31646728515625
EV_002,250.0,11777.92,35.45000076293945,34.36621856689453,-1.0837821960449219
EV_002,251.0,11777.92,35.45000076293945,34.411251068115234,-1.0387496948242188
EV_002,252.0,11777.92,35.45000076293945,34.45560073852539,-0.9944000244140625
EV_002,253.0,11777.92,35.45000076293945,34.48771286010742,-0.9622879028320312
EV_002,254.0,11777.92,35.45000076293945,34.4278678894043,-1.0221328735351562
EV_002,255.0,11777.92,35.45000076293945,34.30449295043945,-1.1455078125
EV_002,256.0,11777.92,35.45000076293945,34.7057991027832,-0.74420166015625
EV_002,257.0,11777.92,35.45000076293945,34.7057991027832,-0.74420166015625
EV_002,256.0,11777.92,35.45000076293945,32.64009475708008,-2.809906005859375
EV_002,256.0,11777.92,35.45000076293945,33.21441650390625,-2.235584259033203
EV_002,257.0,11777.92,35.45000076293945,32.952056884765625,-2.497943878173828
EV_002,259.0,11777.92,35.45000076293945,34.3177604675293,-1.1322402954101562
EV_002,258.0,11777.92,35.45000076293945,33.06193542480469,-2.3880653381347656
EV_002,260.0,11777.92,35.45000076293945,34.3177604675293,-1.1322402954101562
EV_002,257.0,11777.92,35.45000076293945,33.5781135559082,-1.87188720703125
EV_002,261.0,11777.92,35.45000076293945,34.3177604675293,-1.1322402954101562
EV_002,258.0,11777.92,35.45000076293945,33.837955474853516,-1.6120452880859375
EV_002,259.0,11777.92,35.45000076293945,32.777069091796875,-2.672931671142578
EV_002,259.0,11777.92,35.45000076293945,33.599124908447266,-1.8508758544921875
EV_002,260.0,11777.92,35.45000076293945,33.61908721923828,-1.8309135437011719
EV_002,262.0,11777.92,35.45000076293945,34.48771286010742,-0.9622879028320312
EV_002,261.0,11777.92,35.45000076293945,34.751991271972656,-0.6980094909667969
EV_002,261.0,11777.92,35.45000076293945,32.95200729370117,-2.4979934692382812
EV_002,262.0,11777.92,35.45000076293945,35.56045150756836,0.11045074462890625
EV_002,264.0,11777.92,35.45000076293945,34.3177604675293,-1.1322402954101562
EV_002,265.0,11777.92,35.45000076293945,34.71343994140625,-0.7365608215332031
EV_002,266.0,11777.92,35.45000076293945,34.78115463256836,-0.6688461303710938
EV_002,264.0,11777.92,35.45000076293945,34.411251068115234,-1.0387496948242188
EV_002,263.0,11777.92,35.45000076293945,33.7884521484375,-1.6615486145019531
EV_002,267.0,11777.92,35.45000076293945,34.825984954833984,-0.6240158081054688
EV_002,264.0,11777.92,35.45000076293945,32.88498306274414,-2.5650177001953125
EV_002,268.0,11777.92,35.45000076293945,33.63798522949219,-1.8120155334472656
EV_002,266.0,11777.92,35.45000076293945,34.3177604675293,-1.1322402954101562
EV_002,269.0,11777.92,35.45000076293945,33.63862228393555,-1.8113784790039062
EV_002,265.0,11777.92,35.45000076293945,34.665367126464844,-0.7846336364746094
EV_002,267.0,11777.92,35.45000076293945,34.3177604675293,-1.1322402954101562
EV_002,266.0,11777.92,35.45000076293945,34.130401611328125,-1.3195991516113281
EV_002,270.0,11777.92,35.45000076293945,33.16501998901367,-2.2849807739257812
EV_002,267.0,11777.92,35.45000076293945,32.98978805541992,-2.4602127075195312
EV_002,268.0,11777.92,35.45000076293945,34.3177604675293,-1.1322402954101562
EV_002,271.0,11777.92,35.45000076293945,33.007564544677734,-2.4424362182617188
EV_002,269.0,11777.92,35.45000076293945,34.3177604675293,-1.1322402954101562
EV_002,272.0,11777.92,35.45000076293945,32.556556701660156,-2.893444061279297
EV_002,270.0,11777.92,35.45000076293945,34.3177604675293,-1.1322402954101562
EV_002,269.0,11777.92,35.45000076293945,33.836856842041016,-1.6131439208984375
EV_002,273.0,11777.92,35.45000076293945,32.591796875,-2.858203887939453
EV_002,271.0,11777.92,35.45000076293945,34.411251068115234,-1.0387496948242188
EV_002,274.0,11777.92,35.45000076293945,32.54369354248047,-2.9063072204589844
EV_002,270.0,11777.92,35.45000076293945,34.400146484375,-1.0498542785644531
EV_002,272.0,11777.92,35.45000076293945,34.411251068115234,-1.0387496948242188
EV_002,275.0,11777.92,35.45000076293945,33.72283935546875,-1.7271614074707031
EV_002,273.0,11777.92,35.45000076293945,34.4278678894043,-1.0221328735351562
EV_002,276.0,11777.92,35.45000076293945,33.636817932128906,-1.8131828308105469
EV_002,274.0,11777.92,35.45000076293945,34.42509841918945,-1.02490234375
EV_002,272.0,11777.92,35.45000076293945,34.3696403503418,-1.0803604125976562
EV_002,277.0,11777.92,35.45000076293945,34.787391662597656,-0.6626091003417969
EV_002,273.0,11777.92,35.45000076293945,34.10042953491211,-1.3495712280273438
EV_002,278.0,11777.92,35.45000076293945,34.916358947753906,-0.5336418151855469
EV_002,274.0,11777.92,35.45000076293945,33.54904556274414,-1.9009552001953125
EV_002,276.0,11777.92,35.45000076293945,33.27866744995117,-2.1713333129882812
EV_002,279.0,11777.92,35.45000076293945,33.997314453125,-1.4526863098144531
EV_002,275.0,11777.92,35.45000076293945,32.67900848388672,-2.7709922790527344
EV_002,277.0,11777.92,35.45000076293945,34.92380142211914,-0.5261993408203125
EV_002,280.0,11777.92,35.45000076293945,34.67539978027344,-0.7746009826660156
EV_002,278.0,11777.92,35.45000076293945,33.22216033935547,-2.2278404235839844
EV_002,281.0,11777.92,35.45000076293945,34.123477935791016,-1.3265228271484375
EV_002,282.0,11777.92,35.45000076293945,33.06049346923828,-2.389507293701172
EV_002,277.0,11777.92,35.45000076293945,32.4234619140625,-3.026538848876953
EV_002,279.0,11777.92,35.45000076293945,33.82291030883789,-1.6270904541015625
EV_002,278.0,11777.92,35.45000076293945,33.02881622314453,-2.421184539794922
EV_002,280.0,11777.92,35.45000076293945,33.564231872558594,-1.8857688903808594
EV_002,279.0,11777.92,35.45000076293945,32.700653076171875,-2.749347686767578
EV_002,281.0,11777.92,35.45000076293945,33.26664352416992,-2.1833572387695312
EV_002,284.0,11777.92,35.45000076293945,33.69628143310547,-1.7537193298339844
EV_002,280.0,11777.92,35.45000076293945,32.45806884765625,-2.991931915283203
EV_002,282.0,11777.92,35.45000076293945,33.987060546875,-1.4629402160644531
EV_002,281.0,11777.92,35.45000076293945,32.289737701416016,-3.1602630615234375
EV_002,283.0,11777.92,35.45000076293945,33.5792121887207,-1.87078857421875
EV_002,285.0,11777.92,35.45000076293945,33.075462341308594,-2.3745384216308594
EV_002,282.0,11777.92,35.45000076293945,32.32330322265625,-3.126697540283203
EV_002,284.0,11777.92,35.45000076293945,32.676239013671875,-2.773761749267578
EV_002,286.0,11777.92,35.45000076293945,33.64044189453125,-1.8095588684082031
EV_002,285.0,11777.92,35.45000076293945,32.75361633300781,-2.6963844299316406
EV_002,287.0,11777.92,35.45000076293945,32.819393157958984,-2.6306076049804688
EV_002,283.0,11777.92,35.45000076293945,33.21342849731445,-2.236572265625
EV_002,284.0,11777.92,35.45000076293945,34.32497787475586,-1.1250228881835938
EV_002,286.0,11777.92,35.45000076293945,35.08195495605469,-0.3680458068847656
EV_002,288.0,11777.92,35.45000076293945,32.943931579589844,-2.5060691833496094
EV_002,285.0,11777.92,35.45000076293945,34.30449295043945,-1.1455078125
EV_002,287.0,11777.92,35.45000076293945,34.19676208496094,-1.2532386779785156
EV_002,289.0,11777.92,35.45000076293945,32.766849517822266,-2.6831512451171875
EV_002,290.0,11777.92,35.45000076293945,32.87504577636719,-2.5749549865722656
EV_002,286.0,11777.92,35.45000076293945,34.7057991027832,-0.74420166015625
EV_002,287.0,11777.92,35.45000076293945,34.7057991027832,-0.74420166015625
EV_002,289.0,11777.92,35.45000076293945,33.74197769165039,-1.7080230712890625
EV_002,291.0,11777.92,35.45000076293945,32.5583381652832,-2.89166259765625
EV_002,288.0,11777.92,35.45000076293945,34.84626388549805,-0.6037368774414062
EV_002,292.0,11777.92,35.45000076293945,34.72758102416992,-0.7224197387695312
EV_002,290.0,11777.92,35.45000076293945,34.45560073852539,-0.9944000244140625
EV_002,292.0,11777.92,35.45000076293945,32.61341857910156,-2.8365821838378906
EV_002,291.0,11777.92,35.45000076293945,34.48771286010742,-0.9622879028320312
EV_002,295.0,11777.92,35.45000076293945,33.14689636230469,-2.3031044006347656
EV_002,292.0,11777.92,35.45000076293945,34.42509841918945,-1.02490234375
EV_002,293.0,11777.92,35.45000076293945,32.52130889892578,-2.928691864013672
EV_002,296.0,11777.92,35.45000076293945,33.2160530090332,-2.23394775390625
EV_002,293.0,11777.92,35.45000076293945,34.42509841918945,-1.02490234375
EV_002,294.0,11777.92,35.45000076293945,32.53934860229492,-2.9106521606445312
EV_002,297.0,11777.92,35.45000076293945,33.101531982421875,-2.348468780517578
EV_002,295.0,11777.92,35.45000076293945,32.74215316772461,-2.7078475952148438
EV_002,294.0,11777.92,35.45000076293945,34.30449295043945,-1.1455078125
EV_002,298.0,11777.92,35.45000076293945,32.802249908447266,-2.6477508544921875
EV_002,296.0,11777.92,35.45000076293945,34.352928161621094,-1.0970726013183594
EV_002,297.0,11777.92,35.45000076293945,34.64299011230469,-0.8070106506347656
EV_002,296.0,11777.92,35.45000076293945,34.3177604675293,-1.1322402954101562
EV_002,298.0,11777.92,35.45000076293945,33.37526321411133,-2.074737548828125
EV_002,297.0,11777.92,35.45000076293945,32.475502014160156,-2.974498748779297
EV_002,298.0,11777.92,35.45000076293945,32.373291015625,-3.076709747314453
EV_002,299.0,11777.92,35.45000076293945,32.952064514160156,-2.497936248779297
EV_002,299.0,11777.92,35.45000076293945,32.60289001464844,-2.8471107482910156
EV_002,302.0,11777.92,35.45000076293945,32.95709991455078,-2.492900848388672
EV_002,300.0,11777.92,35.45000076293945,33.1459846496582,-2.30401611328125
EV_002,301.0,11777.92,35.45000076293945,32.38787078857422,-3.0621299743652344
EV_002,303.0,11777.92,35.45000076293945,32.64521789550781,-2.8047828674316406
EV_002,301.0,11777.92,35.45000076293945,32.983089447021484,-2.4669113159179688
EV_002,302.0,11777.92,35.45000076293945,32.43992614746094,-3.0100746154785156
EV_002,304.0,11777.92,35.45000076293945,34.51133728027344,-0.9386634826660156
EV_002,302.0,11777.92,35.45000076293945,33.32642364501953,-2.123577117919922
EV_002,303.0,11777.92,35.45000076293945,32.63270568847656,-2.8172950744628906
EV_002,305.0,11777.92,35.45000076293945,33.529537200927734,-1.9204635620117188
EV_002,303.0,11777.92,35.45000076293945,32.75096130371094,-2.6990394592285156
EV_002,304.0,11777.92,35.45000076293945,32.470333099365234,-2.9796676635742188
EV_002,306.0,11777.92,35.45000076293945,33.86305236816406,-1.5869483947753906
EV_002,304.0,11777.92,35.45000076293945,33.51349639892578,-1.9365043640136719
EV_002,305.0,11777.92,35.45000076293945,33.13797378540039,-2.3120269775390625
EV_002,307.0,11777.92,35.45000076293945,34.55329513549805,-0.8967056274414062
EV_002,305.0,11777.92,35.45000076293945,33.967193603515625,-1.4828071594238281
EV_002,306.0,11777.92,35.45000076293945,32.78437423706055,-2.6656265258789062
EV_002,308.0,11777.92,35.45000076293945,34.04311752319336,-1.4068832397460938
EV_002,306.0,11777.92,35.45000076293945,33.28902053833008,-2.160980224609375
EV_002,307.0,11777.92,35.45000076293945,32.72240447998047,-2.7275962829589844
EV_002,309.0,11777.92,35.45000076293945,32.80248260498047,-2.6475181579589844
EV_002,307.0,11777.92,35.45000076293945,34.64603805541992,-0.8039627075195312
EV_002,308.0,11777.92,35.45000076293945,32.9088134765625,-2.541187286376953
EV_002,310.0,11777.92,35.45000076293945,32.636802673339844,-2.8131980895996094
EV_002,308.0,11777.92,35.45000076293945,33.53135299682617,-1.9186477661132812
EV_002,309.0,11777.92,35.45000076293945,34.64605712890625,-0.8039436340332031
EV_002,311.0,11777.92,35.45000076293945,32.81536865234375,-2.634632110595703
EV_002,309.0,11777.92,35.45000076293945,32.48085021972656,-2.9691505432128906
EV_002,310.0,11777.92,35.45000076293945,34.7057991027832,-0.74420166015625
EV_002,312.0,11777.92,35.45000076293945,32.77771759033203,-2.672283172607422
EV_002,310.0,11777.92,35.45000076293945,32.5496711730957,-2.90032958984375
EV_002,311.0,11777.92,35.45000076293945,34.7057991027832,-0.74420166015625
EV_002,311.0,11777.92,35.45000076293945,32.76661682128906,-2.6833839416503906
EV_002,312.0,11777.92,35.45000076293945,34.84626388549805,-0.6037368774414062
EV_002,312.0,11777.92,35.45000076293945,34.17393493652344,-1.2760658264160156
EV_002,314.0,11777.92,35.45000076293945,32.571266174316406,-2.878734588623047
EV_002,315.0,11777.92,35.45000076293945,32.33738708496094,-3.1126136779785156
EV_002,316.0,11777.92,35.45000076293945,32.36018753051758,-3.089813232421875
EV_002,317.0,11777.92,35.45000076293945,32.23377990722656,-3.2162208557128906
EV_002,318.0,11777.92,35.45000076293945,33.01558303833008,-2.434417724609375
EV_002,319.0,11777.92,35.45000076293945,34.22911071777344,-1.2208900451660156
EV_002,320.0,11777.92,35.45000076293945,34.4504508972168,-0.9995498657226562
EV_002,321.0,11777.92,35.45000076293945,34.48771286010742,-0.9622879028320312
EV_002,322.0,11777.92,35.45000076293945,34.42509841918945,-1.02490234375
EV_002,323.0,11777.92,35.45000076293945,34.42509841918945,-1.02490234375
EV_002,324.0,11777.92,35.45000076293945,34.42509841918945,-1.02490234375
EV_002,325.0,11777.92,35.45000076293945,34.30449295043945,-1.1455078125
EV_002,326.0,11777.92,35.45000076293945,34.7057991027832,-0.74420166015625
EV_002,328.0,11777.92,35.45000076293945,34.3177604675293,-1.1322402954101562
EV_002,329.0,11777.92,35.45000076293945,34.3177604675293,-1.1322402954101562
EV_002,330.0,11777.92,35.45000076293945,34.3177604675293,-1.1322402954101562
EV_002,331.0,11777.92,35.45000076293945,34.411251068115234,-1.0387496948242188
EV_002,332.0,11777.92,35.45000076293945,34.4278678894043,-1.0221328735351562
EV_002,333.0,11777.92,35.45000076293945,34.4278678894043,-1.0221328735351562
EV_002,337.0,11777.92,35.45000076293945,32.832881927490234,-2.6171188354492188
EV_002,338.0,11777.92,35.45000076293945,33.33439254760742,-2.1156082153320312
EV_002,339.0,11777.92,35.45000076293945,33.661251068115234,-1.7887496948242188
EV_002,340.0,11777.92,35.45000076293945,32.609493255615234,-2.8405075073242188
EV_002,341.0,11777.92,35.45000076293945,33.23448181152344,-2.2155189514160156
EV_002,342.0,11777.92,35.45000076293945,32.68262481689453,-2.767375946044922
EV_002,343.0,11777.92,35.45000076293945,33.88587188720703,-1.5641288757324219
EV_002,344.0,11777.92,35.45000076293945,34.1930046081543,-1.2569961547851562
EV_002,345.0,11777.92,35.45000076293945,34.44968032836914,-1.0003204345703125
EV_002,346.0,11777.92,35.45000076293945,34.537837982177734,-0.9121627807617188
EV_002,347.0,11777.92,35.45000076293945,33.790096282958984,-1.6599044799804688
EV_002,348.0,11777.92,35.45000076293945,33.81875228881836,-1.6312484741210938
EV_002,350.0,11777.92,35.45000076293945,33.08829116821289,-2.3617095947265625
EV_002,351.0,11777.92,35.45000076293945,33.40531921386719,-2.0446815490722656
EV_002,352.0,11777.92,35.45000076293945,34.63884735107422,-0.8111534118652344
EV_002,353.0,11777.92,35.45000076293945,35.05720138549805,-0.39279937744140625
EV_002,354.0,11777.92,35.45000076293945,35.05780792236328,-0.3921928405761719
EV_002,355.0,11777.92,35.45000076293945,34.55944061279297,-0.8905601501464844
EV_002,352.0,11777.92,35.45000076293945,32.55305480957031,-2.8969459533691406
EV_002,356.0,11777.92,35.45000076293945,34.672760009765625,-0.7772407531738281
EV_002,353.0,11777.92,35.45000076293945,32.67639923095703,-2.773601531982422
EV_003,123.0,19141.97,35.66999816894531,32.42231750488281,-3.2476806640625
EV_003,124.0,19141.97,35.66999816894531,34.62664794921875,-1.0433502197265625
EV_003,126.0,19141.97,35.66999816894531,32.55015182495117,-3.1198463439941406
EV_003,127.0,19141.97,35.66999816894531,33.341495513916016,-2.328502655029297
EV_003,128.0,19141.97,35.66999816894531,33.590763092041016,-2.079235076904297
EV_003,129.0,19141.97,35.66999816894531,35.110008239746094,-0.5599899291992188
EV_003,130.0,19141.97,35.66999816894531,35.29801559448242,-0.3719825744628906
EV_003,134.0,19141.97,35.66999816894531,34.63955307006836,-1.0304450988769531
EV_003,135.0,19141.97,35.66999816894531,34.304256439208984,-1.3657417297363281
EV_003,137.0,19141.97,35.66999816894531,34.39774703979492,-1.2722511291503906
EV_003,140.0,19141.97,35.66999816894531,34.3177604675293,-1.3522377014160156
EV_003,141.0,19141.97,35.66999816894531,34.3177604675293,-1.3522377014160156
EV_003,142.0,19141.97,35.66999816894531,34.3177604675293,-1.3522377014160156
EV_003,143.0,19141.97,35.66999816894531,34.3177604675293,-1.3522377014160156
EV_003,144.0,19141.97,35.66999816894531,34.3177604675293,-1.3522377014160156
EV_003,145.0,19141.97,35.66999816894531,34.45560073852539,-1.2143974304199219
EV_003,147.0,19141.97,35.66999816894531,34.3177604675293,-1.3522377014160156
EV_003,148.0,19141.97,35.66999816894531,34.3177604675293,-1.3522377014160156
EV_003,149.0,19141.97,35.66999816894531,34.3177604675293,-1.3522377014160156
EV_003,150.0,19141.97,35.66999816894531,34.3177604675293,-1.3522377014160156
EV_003,151.0,19141.97,35.66999816894531,34.31211853027344,-1.357879638671875
EV_003,154.0,19141.97,35.66999816894531,33.64054870605469,-2.029449462890625
EV_003,155.0,19141.97,35.66999816894531,34.028324127197266,-1.6416740417480469
EV_003,156.0,19141.97,35.66999816894531,33.1473503112793,-2.5226478576660156
EV_003,157.0,19141.97,35.66999816894531,32.9724006652832,-2.6975975036621094
EV_003,158.0,19141.97,35.66999816894531,32.4885139465332,-3.1814842224121094
EV_003,159.0,19141.97,35.66999816894531,32.812477111816406,-2.8575210571289062
EV_003,172.0,19141.97,35.66999816894531,32.50452423095703,-3.1654739379882812
EV_003,171.0,19141.97,35.66999816894531,32.771881103515625,-2.8981170654296875
EV_003,174.0,19141.97,35.66999816894531,32.75843048095703,-2.9115676879882812
EV_003,173.0,19141.97,35.66999816894531,32.39153289794922,-3.2784652709960938
EV_003,175.0,19141.97,35.66999816894531,33.21470642089844,-2.455291748046875
EV_003,174.0,19141.97,35.66999816894531,32.59532165527344,-3.074676513671875
EV_003,176.0,19141.97,35.66999816894531,32.75940704345703,-2.9105911254882812
EV_003,175.0,19141.97,35.66999816894531,34.80632400512695,-0.8636741638183594
EV_003,177.0,19141.97,35.66999816894531,32.724647521972656,-2.9453506469726562
EV_003,177.0,19141.97,35.66999816894531,34.22911071777344,-1.440887451171875
EV_003,179.0,19141.97,35.66999816894531,33.497196197509766,-2.172801971435547
EV_003,178.0,19141.97,35.66999816894531,34.3177604675293,-1.3522377014160156
EV_003,180.0,19141.97,35.66999816894531,33.613922119140625,-2.0560760498046875
EV_003,179.0,19141.97,35.66999816894531,34.45486831665039,-1.2151298522949219
EV_003,181.0,19141.97,35.66999816894531,33.36955261230469,-2.300445556640625
EV_003,180.0,19141.97,35.66999816894531,34.411251068115234,-1.2587471008300781
EV_003,182.0,19141.97,35.66999816894531,32.756832122802734,-2.913166046142578
EV_003,181.0,19141.97,35.66999816894531,34.4278678894043,-1.2421302795410156
EV_003,182.0,19141.97,35.66999816894531,34.42509841918945,-1.2448997497558594
EV_003,183.0,19141.97,35.66999816894531,32.71803283691406,-2.95196533203125
EV_003,183.0,19141.97,35.66999816894531,34.29055404663086,-1.3794441223144531
EV_003,186.0,19141.97,35.66999816894531,33.43509292602539,-2.234905242919922
EV_003,186.0,19141.97,35.66999816894531,34.3177604675293,-1.3522377014160156
EV_003,187.0,19141.97,35.66999816894531,34.3177604675293,-1.3522377014160156
EV_003,188.0,19141.97,35.66999816894531,33.040061950683594,-2.6299362182617188
EV_003,188.0,19141.97,35.66999816894531,34.3177604675293,-1.3522377014160156
EV_003,189.0,19141.97,35.66999816894531,34.45176696777344,-1.218231201171875
EV_003,189.0,19141.97,35.66999816894531,34.3177604675293,-1.3522377014160156
EV_003,190.0,19141.97,35.66999816894531,34.44065475463867,-1.2293434143066406
EV_003,190.0,19141.97,35.66999816894531,34.3177604675293,-1.3522377014160156
EV_003,191.0,19141.97,35.66999816894531,33.432308197021484,-2.237689971923828
EV_003,191.0,19141.97,35.66999816894531,34.3177604675293,-1.3522377014160156
EV_003,202.0,19141.97,35.66999816894531,35.116878509521484,-0.5531196594238281
EV_003,204.0,19141.97,35.66999816894531,33.40313720703125,-2.2668609619140625
EV_003,203.0,19141.97,35.66999816894531,33.98134231567383,-1.6886558532714844
EV_003,205.0,19141.97,35.66999816894531,33.20977783203125,-2.4602203369140625
EV_003,204.0,19141.97,35.66999816894531,32.99695587158203,-2.6730422973632812
EV_003,206.0,19141.97,35.66999816894531,33.687496185302734,-1.9825019836425781
EV_003,205.0,19141.97,35.66999816894531,32.637916564941406,-3.0320816040039062
EV_003,207.0,19141.97,35.66999816894531,34.24284744262695,-1.4271507263183594
EV_003,206.0,19141.97,35.66999816894531,34.14826202392578,-1.5217361450195312
EV_003,208.0,19141.97,35.66999816894531,33.76231002807617,-1.9076881408691406
EV_003,207.0,19141.97,35.66999816894531,33.60414505004883,-2.0658531188964844
EV_003,209.0,19141.97,35.66999816894531,33.27546310424805,-2.3945350646972656
EV_003,208.0,19141.97,35.66999816894531,32.602294921875,-3.0677032470703125
EV_003,210.0,19141.97,35.66999816894531,33.50748062133789,-2.162517547607422
EV_003,209.0,19141.97,35.66999816894531,32.761993408203125,-2.9080047607421875
EV_003,211.0,19141.97,35.66999816894531,32.83346939086914,-2.836528778076172
EV_003,212.0,19141.97,35.66999816894531,33.32278060913086,-2.347217559814453
EV_003,211.0,19141.97,35.66999816894531,35.018409729003906,-0.6515884399414062
EV_003,214.0,19141.97,35.66999816894531,33.50181198120117,-2.1681861877441406
EV_003,215.0,19141.97,35.66999816894531,33.046730041503906,-2.6232681274414062
EV_003,213.0,19141.97,35.66999816894531,32.85496520996094,-2.815032958984375
EV_003,216.0,19141.97,35.66999816894531,32.6574821472168,-3.0125160217285156
EV_003,214.0,19141.97,35.66999816894531,33.26314163208008,-2.4068565368652344
EV_003,217.0,19141.97,35.66999816894531,32.92280197143555,-2.7471961975097656
EV_003,218.0,19141.97,35.66999816894531,32.59786605834961,-3.072132110595703
EV_003,215.0,19141.97,35.66999816894531,33.07295608520508,-2.5970420837402344
EV_003,216.0,19141.97,35.66999816894531,33.59989547729492,-2.0701026916503906
EV_003,219.0,19141.97,35.66999816894531,32.48691177368164,-3.183086395263672
EV_003,217.0,19141.97,35.66999816894531,33.76849365234375,-1.9015045166015625
EV_003,220.0,19141.97,35.66999816894531,32.370845794677734,-3.299152374267578
EV_003,218.0,19141.97,35.66999816894531,33.30403518676758,-2.3659629821777344
EV_003,221.0,19141.97,35.66999816894531,32.86093521118164,-2.809062957763672
EV_003,219.0,19141.97,35.66999816894531,33.19757843017578,-2.4724197387695312
EV_003,222.0,19141.97,35.66999816894531,33.941768646240234,-1.7282295227050781
EV_003,220.0,19141.97,35.66999816894531,34.01885223388672,-1.6511459350585938
EV_003,223.0,19141.97,35.66999816894531,33.990169525146484,-1.6798286437988281
EV_003,224.0,19141.97,35.66999816894531,33.45677185058594,-2.213226318359375
EV_003,222.0,19141.97,35.66999816894531,34.64605712890625,-1.0239410400390625
EV_003,225.0,19141.97,35.66999816894531,32.823768615722656,-2.8462295532226562
EV_003,226.0,19141.97,35.66999816894531,32.640464782714844,-3.0295333862304688
EV_003,223.0,19141.97,35.66999816894531,34.7057991027832,-0.9641990661621094
EV_003,224.0,19141.97,35.66999816894531,34.84626388549805,-0.8237342834472656
EV_003,228.0,19141.97,35.66999816894531,32.43202590942383,-3.2379722595214844
EV_003,229.0,19141.97,35.66999816894531,32.46479415893555,-3.2052040100097656
EV_003,226.0,19141.97,35.66999816894531,34.48771286010742,-1.1822853088378906
EV_003,227.0,19141.97,35.66999816894531,34.42509841918945,-1.2448997497558594
EV_003,230.0,19141.97,35.66999816894531,33.710514068603516,-1.9594841003417969
EV_003,228.0,19141.97,35.66999816894531,34.42509841918945,-1.2448997497558594
EV_003,231.0,19141.97,35.66999816894531,33.56260299682617,-2.1073951721191406
EV_003,232.0,19141.97,35.66999816894531,34.247554779052734,-1.4224433898925781
EV_003,229.0,19141.97,35.66999816894531,34.30449295043945,-1.3655052185058594
EV_003,233.0,19141.97,35.66999816894531,33.828189849853516,-1.8418083190917969
EV_003,230.0,19141.97,35.66999816894531,34.31449508666992,-1.3555030822753906
EV_003,234.0,19141.97,35.66999816894531,32.8330078125,-2.8369903564453125
EV_003,235.0,19141.97,35.66999816894531,32.65048599243164,-3.019512176513672
EV_003,236.0,19141.97,35.66999816894531,32.6749153137207,-2.9950828552246094
EV_003,238.0,19141.97,35.66999816894531,34.314727783203125,-1.3552703857421875
EV_003,239.0,19141.97,35.66999816894531,34.0310173034668,-1.6389808654785156
EV_003,235.0,19141.97,35.66999816894531,34.42509841918945,-1.2448997497558594
EV_003,240.0,19141.97,35.66999816894531,32.590946197509766,-3.079051971435547
EV_003,241.0,19141.97,35.66999816894531,33.013607025146484,-2.656391143798828
EV_003,236.0,19141.97,35.66999816894531,34.29055404663086,-1.3794441223144531
EV_003,238.0,19141.97,35.66999816894531,34.30449295043945,-1.3655052185058594
EV_003,239.0,19141.97,35.66999816894531,34.7057991027832,-0.9641990661621094
EV_003,244.0,19141.97,35.66999816894531,33.50138473510742,-2.1686134338378906
EV_003,241.0,19141.97,35.66999816894531,34.3177604675293,-1.3522377014160156
EV_003,246.0,19141.97,35.66999816894531,34.99095916748047,-0.6790390014648438
EV_003,242.0,19141.97,35.66999816894531,34.3177604675293,-1.3522377014160156
EV_003,243.0,19141.97,35.66999816894531,34.3177604675293,-1.3522377014160156
EV_003,244.0,19141.97,35.66999816894531,34.3177604675293,-1.3522377014160156
EV_003,248.0,19141.97,35.66999816894531,32.96221923828125,-2.7077789306640625
EV_003,245.0,19141.97,35.66999816894531,34.3177604675293,-1.3522377014160156
EV_003,249.0,19141.97,35.66999816894531,33.85485076904297,-1.8151473999023438
EV_003,246.0,19141.97,35.66999816894531,34.3177604675293,-1.3522377014160156
EV_003,250.0,19141.97,35.66999816894531,33.31850051879883,-2.3514976501464844
EV_003,247.0,19141.97,35.66999816894531,34.3177604675293,-1.3522377014160156
EV_003,251.0,19141.97,35.66999816894531,34.822261810302734,-0.8477363586425781
EV_003,248.0,19141.97,35.66999816894531,34.3177604675293,-1.3522377014160156
EV_003,249.0,19141.97,35.66999816894531,34.45486831665039,-1.2151298522949219
EV_003,253.0,19141.97,35.66999816894531,33.42414474487305,-2.2458534240722656
EV_003,254.0,19141.97,35.66999816894531,32.90251541137695,-2.7674827575683594
EV_003,251.0,19141.97,35.66999816894531,33.284305572509766,-2.385692596435547
EV_003,255.0,19141.97,35.66999816894531,32.62016296386719,-3.049835205078125
EV_003,252.0,19141.97,35.66999816894531,33.09165573120117,-2.5783424377441406
EV_003,253.0,19141.97,35.66999816894531,33.939796447753906,-1.7302017211914062
EV_003,254.0,19141.97,35.66999816894531,32.77965545654297,-2.8903427124023438
EV_003,255.0,19141.97,35.66999816894531,32.77077102661133,-2.8992271423339844
EV_003,256.0,19141.97,35.66999816894531,32.787803649902344,-2.8821945190429688
EV_003,257.0,19141.97,35.66999816894531,32.414306640625,-3.2556915283203125
EV_003,258.0,19141.97,35.66999816894531,32.6130256652832,-3.0569725036621094
EV_003,259.0,19141.97,35.66999816894531,34.53486633300781,-1.1351318359375
EV_003,260.0,19141.97,35.66999816894531,32.777809143066406,-2.8921890258789062
EV_003,261.0,19141.97,35.66999816894531,33.54619598388672,-2.1238021850585938
EV_003,260.0,19141.97,35.66999816894531,34.07316589355469,-1.596832275390625
EV_003,262.0,19141.97,35.66999816894531,32.76317596435547,-2.9068222045898438
EV_003,263.0,19141.97,35.66999816894531,33.21836471557617,-2.4516334533691406
EV_003,262.0,19141.97,35.66999816894531,33.461524963378906,-2.2084732055664062
EV_003,265.0,19141.97,35.66999816894531,32.4234619140625,-3.2465362548828125
EV_003,264.0,19141.97,35.66999816894531,32.541038513183594,-3.1289596557617188
EV_003,266.0,19141.97,35.66999816894531,33.05429458618164,-2.615703582763672
EV_003,265.0,19141.97,35.66999816894531,32.74546432495117,-2.9245338439941406
EV_003,267.0,19141.97,35.66999816894531,34.429874420166016,-1.2401237487792969
EV_003,268.0,19141.97,35.66999816894531,35.231597900390625,-0.4384002685546875
EV_003,269.0,19141.97,35.66999816894531,35.181419372558594,-0.48857879638671875
EV_003,267.0,19141.97,35.66999816894531,33.07316970825195,-2.5968284606933594
EV_003,270.0,19141.97,35.66999816894531,34.46686553955078,-1.2031326293945312
EV_003,268.0,19141.97,35.66999816894531,32.567588806152344,-3.1024093627929688
EV_003,271.0,19141.97,35.66999816894531,33.764610290527344,-1.9053878784179688
EV_003,269.0,19141.97,35.66999816894531,33.6264533996582,-2.0435447692871094
EV_003,270.0,19141.97,35.66999816894531,34.348331451416016,-1.3216667175292969
EV_003,272.0,19141.97,35.66999816894531,33.3453483581543,-2.3246498107910156
EV_003,273.0,19141.97,35.66999816894531,32.764442443847656,-2.9055557250976562
EV_003,274.0,19141.97,35.66999816894531,32.89338302612305,-2.7766151428222656
EV_003,272.0,19141.97,35.66999816894531,34.64605712890625,-1.0239410400390625
EV_003,275.0,19141.97,35.66999816894531,33.790096282958984,-1.8799018859863281
EV_003,273.0,19141.97,35.66999816894531,34.83756637573242,-0.8324317932128906
EV_003,276.0,19141.97,35.66999816894531,34.47012710571289,-1.1998710632324219
EV_003,275.0,19141.97,35.66999816894531,34.22911071777344,-1.440887451171875
EV_003,278.0,19141.97,35.66999816894531,33.99993133544922,-1.6700668334960938
EV_003,276.0,19141.97,35.66999816894531,34.3177604675293,-1.3522377014160156
EV_003,279.0,19141.97,35.66999816894531,33.03323745727539,-2.636760711669922
EV_003,277.0,19141.97,35.66999816894531,34.3177604675293,-1.3522377014160156
EV_003,280.0,19141.97,35.66999816894531,33.18515396118164,-2.484844207763672
EV_003,278.0,19141.97,35.66999816894531,34.3177604675293,-1.3522377014160156
EV_003,281.0,19141.97,35.66999816894531,32.83478546142578,-2.8352127075195312
EV_003,279.0,19141.97,35.66999816894531,34.3177604675293,-1.3522377014160156
EV_003,282.0,19141.97,35.66999816894531,32.659976959228516,-3.010021209716797
EV_003,280.0,19141.97,35.66999816894531,34.3177604675293,-1.3522377014160156
EV_003,283.0,19141.97,35.66999816894531,32.82240295410156,-2.84759521484375
EV_003,281.0,19141.97,35.66999816894531,34.3177604675293,-1.3522377014160156
EV_003,284.0,19141.97,35.66999816894531,32.70069885253906,-2.96929931640625
EV_003,282.0,19141.97,35.66999816894531,34.3177604675293,-1.3522377014160156
EV_003,285.0,19141.97,35.66999816894531,32.510799407958984,-3.159198760986328
EV_003,283.0,19141.97,35.66999816894531,34.45486831665039,-1.2151298522949219
EV_003,286.0,19141.97,35.66999816894531,34.49264144897461,-1.1773567199707031
EV_003,284.0,19141.97,35.66999816894531,34.43814468383789,-1.2318534851074219
EV_003,287.0,19141.97,35.66999816894531,33.56329345703125,-2.1067047119140625
EV_003,285.0,19141.97,35.66999816894531,34.42509841918945,-1.2448997497558594
EV_003,288.0,19141.97,35.66999816894531,32.839447021484375,-2.8305511474609375
EV_003,286.0,19141.97,35.66999816894531,34.30449295043945,-1.3655052185058594
EV_003,289.0,19141.97,35.66999816894531,34.236663818359375,-1.4333343505859375
EV_003,290.0,19141.97,35.66999816894531,34.34825897216797,-1.3217391967773438
EV_003,291.0,19141.97,35.66999816894531,33.22663879394531,-2.443359375
EV_003,288.0,19141.97,35.66999816894531,34.3177604675293,-1.3522377014160156
EV_003,292.0,19141.97,35.66999816894531,32.73155212402344,-2.938446044921875
EV_003,289.0,19141.97,35.66999816894531,34.3177604675293,-1.3522377014160156
EV_003,293.0,19141.97,35.66999816894531,32.643768310546875,-3.0262298583984375
EV_003,290.0,19141.97,35.66999816894531,34.3177604675293,-1.3522377014160156
EV_003,291.0,19141.97,35.66999816894531,34.3177604675293,-1.3522377014160156
EV_003,292.0,19141.97,35.66999816894531,34.3177604675293,-1.3522377014160156
EV_003,295.0,19141.97,35.66999816894531,33.56682205200195,-2.1031761169433594
EV_003,293.0,19141.97,35.66999816894531,34.3177604675293,-1.3522377014160156
EV_003,296.0,19141.97,35.66999816894531,34.26084518432617,-1.4091529846191406
EV_003,294.0,19141.97,35.66999816894531,34.3177604675293,-1.3522377014160156
EV_003,298.0,19141.97,35.66999816894531,32.49818420410156,-3.17181396484375
EV_003,296.0,19141.97,35.66999816894531,34.3177604675293,-1.3522377014160156
EV_003,299.0,19141.97,35.66999816894531,32.64002990722656,-3.02996826171875
EV_003,297.0,19141.97,35.66999816894531,34.3177604675293,-1.3522377014160156
EV_003,300.0,19141.97,35.66999816894531,32.95098114013672,-2.7190170288085938
EV_003,298.0,19141.97,35.66999816894531,34.3177604675293,-1.3522377014160156
EV_003,301.0,19141.97,35.66999816894531,32.81670379638672,-2.8532943725585938
EV_003,302.0,19141.97,35.66999816894531,33.1124153137207,-2.5575828552246094
EV_003,300.0,19141.97,35.66999816894531,32.30315017700195,-3.3668479919433594
EV_003,303.0,19141.97,35.66999816894531,33.6002197265625,-2.0697784423828125
EV_003,304.0,19141.97,35.66999816894531,33.07251739501953,-2.5974807739257812
EV_003,301.0,19141.97,35.66999816894531,33.22796630859375,-2.4420318603515625
EV_003,302.0,19141.97,35.66999816894531,33.154266357421875,-2.5157318115234375
EV_003,305.0,19141.97,35.66999816894531,32.443824768066406,-3.2261734008789062
EV_003,303.0,19141.97,35.66999816894531,33.01536178588867,-2.6546363830566406
EV_003,306.0,19141.97,35.66999816894531,32.656166076660156,-3.0138320922851562
EV_003,307.0,19141.97,35.66999816894531,32.64192199707031,-3.028076171875
EV_003,304.0,19141.97,35.66999816894531,32.943931579589844,-2.7260665893554688
EV_003,305.0,19141.97,35.66999816894531,32.34050750732422,-3.3294906616210938
EV_003,308.0,19141.97,35.66999816894531,32.530311584472656,-3.1396865844726562
EV_003,306.0,19141.97,35.66999816894531,32.55927276611328,-3.1107254028320312
EV_003,309.0,19141.97,35.66999816894531,32.72933578491211,-2.940662384033203
EV_003,310.0,19141.97,35.66999816894531,32.48847198486328,-3.1815261840820312
EV_003,307.0,19141.97,35.66999816894531,32.51367950439453,-3.1563186645507812
EV_003,308.0,19141.97,35.66999816894531,34.27357864379883,-1.3964195251464844
EV_003,311.0,19141.97,35.66999816894531,32.63563919067383,-3.0343589782714844
EV_003,312.0,19141.97,35.66999816894531,32.259727478027344,-3.4102706909179688
EV_003,313.0,19141.97,35.66999816894531,33.31779479980469,-2.352203369140625
EV_003,310.0,19141.97,35.66999816894531,33.17930221557617,-2.4906959533691406
EV_003,314.0,19141.97,35.66999816894531,33.88652038574219,-1.783477783203125
EV_003,311.0,19141.97,35.66999816894531,32.76065444946289,-2.909343719482422
EV_003,315.0,19141.97,35.66999816894531,33.79853057861328,-1.8714675903320312
EV_003,316.0,19141.97,35.66999816894531,32.87554931640625,-2.7944488525390625
EV_003,313.0,19141.97,35.66999816894531,32.69426345825195,-2.9757347106933594
EV_003,314.0,19141.97,35.66999816894531,32.862648010253906,-2.8073501586914062
EV_003,318.0,19141.97,35.66999816894531,32.75006103515625,-2.9199371337890625
EV_003,315.0,19141.97,35.66999816894531,32.62082290649414,-3.049175262451172
EV_003,316.0,19141.97,35.66999816894531,34.48833084106445,-1.1816673278808594
EV_003,317.0,19141.97,35.66999816894531,33.9256591796875,-1.7443389892578125
EV_003,318.0,19141.97,35.66999816894531,32.679962158203125,-2.9900360107421875
EV_003,321.0,19141.97,35.66999816894531,32.735408782958984,-2.934589385986328
EV_003,322.0,19141.97,35.66999816894531,32.824134826660156,-2.8458633422851562
EV_003,323.0,19141.97,35.66999816894531,32.47373962402344,-3.196258544921875
EV_003,321.0,19141.97,35.66999816894531,33.05178451538086,-2.618213653564453
EV_003,324.0,19141.97,35.66999816894531,33.17373275756836,-2.496265411376953
EV_003,322.0,19141.97,35.66999816894531,33.15392303466797,-2.5160751342773438
EV_003,325.0,19141.97,35.66999816894531,33.55820846557617,-2.1117897033691406
EV_003,323.0,19141.97,35.66999816894531,34.91254806518555,-0.7574501037597656
EV_003,326.0,19141.97,35.66999816894531,34.142425537109375,-1.5275726318359375
EV_003,327.0,19141.97,35.66999816894531,34.3157958984375,-1.3542022705078125
EV_003,325.0,19141.97,35.66999816894531,33.14520263671875,-2.5247955322265625
EV_003,328.0,19141.97,35.66999816894531,34.635345458984375,-1.0346527099609375
EV_003,329.0,19141.97,35.66999816894531,34.054866790771484,-1.6151313781738281
EV_003,326.0,19141.97,35.66999816894531,33.678749084472656,-1.9912490844726562
EV_003,330.0,19141.97,35.66999816894531,34.84122085571289,-0.8287773132324219
EV_003,327.0,19141.97,35.66999816894531,33.766502380371094,-1.9034957885742188
EV_003,328.0,19141.97,35.66999816894531,33.643375396728516,-2.026622772216797
EV_003,329.0,19141.97,35.66999816894531,32.91212463378906,-2.75787353515625
EV_003,330.0,19141.97,35.66999816894531,32.84389877319336,-2.826099395751953
EV_003,332.0,19141.97,35.66999816894531,32.96714782714844,-2.702850341796875
EV_003,333.0,19141.97,35.66999816894531,32.81815719604492,-2.8518409729003906
EV_003,334.0,19141.97,35.66999816894531,32.73951721191406,-2.93048095703125
EV_003,339.0,19141.97,35.66999816894531,34.48771286010742,-1.1822853088378906
EV_003,349.0,19141.97,35.66999816894531,35.19879913330078,-0.47119903564453125
EV_003,350.0,19141.97,35.66999816894531,35.259395599365234,-0.4106025695800781
EV_003,349.0,19141.97,35.66999816894531,32.65113067626953,-3.0188674926757812
EV_003,351.0,19141.97,35.66999816894531,32.620845794677734,-3.049152374267578
EV_003,350.0,19141.97,35.66999816894531,32.559043884277344,-3.1109542846679688
EV_003,351.0,19141.97,35.66999816894531,32.58221435546875,-3.0877838134765625
EV_003,352.0,19141.97,35.66999816894531,34.17879867553711,-1.4911994934082031
EV_003,352.0,19141.97,35.66999816894531,32.515380859375,-3.1546173095703125
EV_003,353.0,19141.97,35.66999816894531,32.40403747558594,-3.265960693359375
EV_003,354.0,19141.97,35.66999816894531,34.479095458984375,-1.1909027099609375
EV_003,354.0,19141.97,35.66999816894531,32.60881042480469,-3.061187744140625
EV_003,363.0,19141.97,35.66999816894531,34.14472579956055,-1.5252723693847656
EV_003,363.0,19141.97,35.66999816894531,34.7057991027832,-0.9641990661621094
EV_003,365.0,19141.97,35.66999816894531,32.610740661621094,-3.0592575073242188
EV_003,366.0,19141.97,35.66999816894531,33.78157424926758,-1.8884239196777344
EV_003,367.0,19141.97,35.66999816894531,34.32843780517578,-1.3415603637695312
EV_003,365.0,19141.97,35.66999816894531,34.7057991027832,-0.9641990661621094
EV_003,366.0,19141.97,35.66999816894531,34.7057991027832,-0.9641990661621094
EV_003,368.0,19141.97,35.66999816894531,33.42749786376953,-2.2425003051757812
EV_003,367.0,19141.97,35.66999816894531,34.7057991027832,-0.9641990661621094
EV_003,369.0,19141.97,35.66999816894531,32.667789459228516,-3.002208709716797
EV_003,370.0,19141.97,35.66999816894531,32.617950439453125,-3.0520477294921875
EV_003,369.0,19141.97,35.66999816894531,34.3177604675293,-1.3522377014160156
EV_003,371.0,19141.97,35.66999816894531,32.632080078125,-3.0379180908203125
EV_003,372.0,19141.97,35.66999816894531,32.73170471191406,-2.93829345703125
EV_003,370.0,19141.97,35.66999816894531,34.3177604675293,-1.3522377014160156
EV_003,373.0,19141.97,35.66999816894531,32.7650260925293,-2.9049720764160156
EV_003,371.0,19141.97,35.66999816894531,34.3177604675293,-1.3522377014160156
EV_003,372.0,19141.97,35.66999816894531,34.3177604675293,-1.3522377014160156
EV_003,373.0,19141.97,35.66999816894531,34.45486831665039,-1.2151298522949219
EV_003,374.0,19141.97,35.66999816894531,34.4278678894043,-1.2421302795410156
EV_003,385.0,19141.97,35.66999816894531,34.04837417602539,-1.6216239929199219
EV_003,385.0,19141.97,35.66999816894531,34.3177604675293,-1.3522377014160156
EV_003,386.0,19141.97,35.66999816894531,34.25715255737305,-1.4128456115722656
EV_003,386.0,19141.97,35.66999816894531,34.3177604675293,-1.3522377014160156
EV_003,387.0,19141.97,35.66999816894531,33.22146224975586,-2.448535919189453
EV_003,387.0,19141.97,35.66999816894531,34.22911071777344,-1.440887451171875
EV_003,388.0,19141.97,35.66999816894531,33.65180206298828,-2.0181961059570312
EV_003,389.0,19141.97,35.66999816894531,33.59970474243164,-2.070293426513672
EV_003,388.0,19141.97,35.66999816894531,34.2262077331543,-1.4437904357910156
EV_003,389.0,19141.97,35.66999816894531,32.70384979248047,-2.9661483764648438
EV_003,390.0,19141.97,35.66999816894531,33.16728973388672,-2.5027084350585938
EV_003,390.0,19141.97,35.66999816894531,33.26609420776367,-2.4039039611816406
EV_003,391.0,19141.97,35.66999816894531,32.94129180908203,-2.7287063598632812
EV_003,392.0,19141.97,35.66999816894531,34.7081298828125,-0.9618682861328125
EV_003,391.0,19141.97,35.66999816894531,32.77112579345703,-2.8988723754882812
EV_003,392.0,19141.97,35.66999816894531,32.99342346191406,-2.67657470703125
EV_003,393.0,19141.97,35.66999816894531,34.58195877075195,-1.0880393981933594
EV_003,393.0,19141.97,35.66999816894531,32.77885055541992,-2.8911476135253906
EV_003,394.0,19141.97,35.66999816894531,33.479610443115234,-2.190387725830078
EV_003,394.0,19141.97,35.66999816894531,32.86351776123047,-2.8064804077148438
EV_003,395.0,19141.97,35.66999816894531,32.77687072753906,-2.89312744140625
EV_003,395.0,19141.97,35.66999816894531,32.8467903137207,-2.8232078552246094
EV_003,405.0,19141.97,35.66999816894531,33.013031005859375,-2.6569671630859375
EV_003,406.0,19141.97,35.66999816894531,32.46568298339844,-3.204315185546875
EV_003,405.0,19141.97,35.66999816894531,34.11786651611328,-1.5521316528320312
EV_003,407.0,19141.97,35.66999816894531,33.501007080078125,-2.1689910888671875
EV_003,406.0,19141.97,35.66999816894531,33.807647705078125,-1.8623504638671875
EV_003,408.0,19141.97,35.66999816894531,33.65431213378906,-2.01568603515625
EV_003,407.0,19141.97,35.66999816894531,33.526275634765625,-2.1437225341796875
EV_003,409.0,19141.97,35.66999816894531,34.64605712890625,-1.0239410400390625
EV_003,408.0,19141.97,35.66999816894531,33.71455764770508,-1.9554405212402344
EV_003,410.0,19141.97,35.66999816894531,34.58867263793945,-1.0813255310058594
EV_003,409.0,19141.97,35.66999816894531,33.7198486328125,-1.9501495361328125
EV_003,411.0,19141.97,35.66999816894531,34.80696487426758,-0.8630332946777344
EV_003,410.0,19141.97,35.66999816894531,32.67930221557617,-2.9906959533691406
EV_003,412.0,19141.97,35.66999816894531,34.83756637573242,-0.8324317932128906
EV_003,411.0,19141.97,35.66999816894531,32.819881439208984,-2.850116729736328
EV_003,412.0,19141.97,35.66999816894531,32.59746551513672,-3.0725326538085938
EV_003,414.0,19141.97,35.66999816894531,34.3177604675293,-1.3522377014160156
EV_003,413.0,19141.97,35.66999816894531,34.237548828125,-1.4324493408203125
EV_003,414.0,19141.97,35.66999816894531,33.87971115112305,-1.7902870178222656
EV_003,415.0,19141.97,35.66999816894531,34.3177604675293,-1.3522377014160156
EV_003,416.0,19141.97,35.66999816894531,34.3177604675293,-1.3522377014160156
EV_003,417.0,19141.97,35.66999816894531,34.3177604675293,-1.3522377014160156
EV_003,418.0,19141.97,35.66999816894531,34.3177604675293,-1.3522377014160156
EV_003,416.0,19141.97,35.66999816894531,32.64608383178711,-3.023914337158203
EV_003,417.0,19141.97,35.66999816894531,33.27298355102539,-2.397014617919922
EV_003,419.0,19141.97,35.66999816894531,34.3177604675293,-1.3522377014160156
EV_003,418.0,19141.97,35.66999816894531,32.81614303588867,-2.8538551330566406
EV_003,420.0,19141.97,35.66999816894531,34.3177604675293,-1.3522377014160156
EV_003,421.0,19141.97,35.66999816894531,34.45486831665039,-1.2151298522949219
EV_003,419.0,19141.97,35.66999816894531,32.61737060546875,-3.0526275634765625
EV_003,420.0,19141.97,35.66999816894531,33.044281005859375,-2.6257171630859375
EV_003,422.0,19141.97,35.66999816894531,34.42509841918945,-1.2448997497558594
EV_003,421.0,19141.97,35.66999816894531,33.62395477294922,-2.0460433959960938
EV_003,422.0,19141.97,35.66999816894531,33.88589859008789,-1.7840995788574219
EV_003,424.0,19141.97,35.66999816894531,34.3177604675293,-1.3522377014160156
EV_003,423.0,19141.97,35.66999816894531,34.281105041503906,-1.3888931274414062
EV_003,425.0,19141.97,35.66999816894531,34.3177604675293,-1.3522377014160156
EV_003,424.0,19141.97,35.66999816894531,34.21465301513672,-1.4553451538085938
EV_003,425.0,19141.97,35.66999816894531,35.012733459472656,-0.6572647094726562
EV_003,426.0,19141.97,35.66999816894531,34.80632400512695,-0.8636741638183594
EV_003,428.0,19141.97,35.66999816894531,34.3177604675293,-1.3522377014160156
EV_003,430.0,19141.97,35.66999816894531,35.14404296875,-0.5259552001953125
EV_003,429.0,19141.97,35.66999816894531,32.96319580078125,-2.7068023681640625
EV_003,431.0,19141.97,35.66999816894531,34.51211929321289,-1.1578788757324219
EV_003,433.0,19141.97,35.66999816894531,34.77638244628906,-0.89361572265625
EV_003,432.0,19141.97,35.66999816894531,33.28280258178711,-2.387195587158203
EV_003,433.0,19141.97,35.66999816894531,32.44486999511719,-3.225128173828125
EV_003,435.0,19141.97,35.66999816894531,35.13285446166992,-0.5371437072753906
EV_003,434.0,19141.97,35.66999816894531,32.784393310546875,-2.8856048583984375
EV_003,435.0,19141.97,35.66999816894531,32.55207824707031,-3.117919921875
EV_003,444.0,19141.97,35.66999816894531,32.512367248535156,-3.1576309204101562
EV_003,445.0,19141.97,35.66999816894531,33.32553482055664,-2.344463348388672
EV_003,446.0,19141.97,35.66999816894531,33.91286849975586,-1.7571296691894531
EV_003,445.0,19141.97,35.66999816894531,32.804744720458984,-2.865253448486328
EV_003,447.0,19141.97,35.66999816894531,33.120208740234375,-2.5497894287109375
EV_003,448.0,19141.97,35.66999816894531,32.46568298339844,-3.204315185546875
EV_003,447.0,19141.97,35.66999816894531,32.637508392333984,-3.032489776611328
EV_003,449.0,19141.97,35.66999816894531,33.35805130004883,-2.3119468688964844
EV_003,450.0,19141.97,35.66999816894531,33.46860885620117,-2.2013893127441406
EV_003,448.0,19141.97,35.66999816894531,32.76694869995117,-2.9030494689941406
EV_003,449.0,19141.97,35.66999816894531,32.74624252319336,-2.923755645751953
EV_003,451.0,19141.97,35.66999816894531,34.64605712890625,-1.0239410400390625
EV_003,452.0,19141.97,35.66999816894531,34.7057991027832,-0.9641990661621094
EV_003,453.0,19141.97,35.66999816894531,34.83756637573242,-0.8324317932128906
EV_003,451.0,19141.97,35.66999816894531,33.8168830871582,-1.8531150817871094
EV_003,452.0,19141.97,35.66999816894531,33.3151741027832,-2.3548240661621094
EV_003,455.0,19141.97,35.66999816894531,34.3177604675293,-1.3522377014160156
EV_003,453.0,19141.97,35.66999816894531,32.659278869628906,-3.0107192993164062
EV_003,454.0,19141.97,35.66999816894531,34.0169563293457,-1.6530418395996094
EV_003,456.0,19141.97,35.66999816894531,34.3177604675293,-1.3522377014160156
EV_003,455.0,19141.97,35.66999816894531,33.66543960571289,-2.004558563232422
EV_003,457.0,19141.97,35.66999816894531,34.3177604675293,-1.3522377014160156
EV_003,458.0,19141.97,35.66999816894531,34.3177604675293,-1.3522377014160156
EV_003,456.0,19141.97,35.66999816894531,35.323265075683594,-0.34673309326171875
EV_003,457.0,19141.97,35.66999816894531,35.4090461730957,-0.2609519958496094
EV_003,459.0,19141.97,35.66999816894531,34.3177604675293,-1.3522377014160156
EV_003,458.0,19141.97,35.66999816894531,34.83756637573242,-0.8324317932128906
EV_003,460.0,19141.97,35.66999816894531,34.3177604675293,-1.3522377014160156
EV_003,461.0,19141.97,35.66999816894531,34.3177604675293,-1.3522377014160156
EV_003,462.0,19141.97,35.66999816894531,34.304256439208984,-1.3657417297363281
EV_003,460.0,19141.97,35.66999816894531,34.3177604675293,-1.3522377014160156
EV_003,463.0,19141.97,35.66999816894531,34.304256439208984,-1.3657417297363281
EV_003,461.0,19141.97,35.66999816894531,34.3177604675293,-1.3522377014160156
EV_003,464.0,19141.97,35.66999816894531,34.3177604675293,-1.3522377014160156
EV_003,462.0,19141.97,35.66999816894531,34.3177604675293,-1.3522377014160156
EV_003,465.0,19141.97,35.66999816894531,34.3177604675293,-1.3522377014160156
EV_003,463.0,19141.97,35.66999816894531,34.3177604675293,-1.3522377014160156
EV_003,466.0,19141.97,35.66999816894531,34.411251068115234,-1.2587471008300781
EV_003,464.0,19141.97,35.66999816894531,34.3177604675293,-1.3522377014160156
EV_003,465.0,19141.97,35.66999816894531,34.45486831665039,-1.2151298522949219
EV_003,466.0,19141.97,35.66999816894531,34.411251068115234,-1.2587471008300781
EV_003,467.0,19141.97,35.66999816894531,34.411251068115234,-1.2587471008300781
EV_003,468.0,19141.97,35.66999816894531,34.48771286010742,-1.1822853088378906
EV_004,166.0,32664.12,32.560001373291016,32.69402313232422,0.13402175903320312
EV_004,167.0,32664.12,32.560001373291016,33.164310455322266,0.60430908203125
EV_004,168.0,32664.12,32.560001373291016,33.131553649902344,0.5715522766113281
EV_004,172.0,32664.12,32.560001373291016,33.32279968261719,0.7627983093261719
EV_004,176.0,32664.12,32.560001373291016,32.58561706542969,0.025615692138671875
EV_004,177.0,32664.12,32.560001373291016,34.01816940307617,1.4581680297851562
EV_004,179.0,32664.12,32.560001373291016,33.1251335144043,0.5651321411132812
EV_004,181.0,32664.12,32.560001373291016,32.57259750366211,0.01259613037109375
EV_004,182.0,32664.12,32.560001373291016,32.96792984008789,0.407928466796875
EV_004,183.0,32664.12,32.560001373291016,33.43085861206055,0.8708572387695312
EV_004,184.0,32664.12,32.560001373291016,33.97795867919922,1.4179573059082031
EV_004,186.0,32664.12,32.560001373291016,32.75550842285156,0.19550704956054688
EV_004,187.0,32664.12,32.560001373291016,32.6103515625,0.050350189208984375
EV_004,188.0,32664.12,32.560001373291016,34.80632400512695,2.2463226318359375
EV_004,189.0,32664.12,32.560001373291016,34.835697174072266,2.27569580078125
EV_004,193.0,32664.12,32.560001373291016,33.20591735839844,0.6459159851074219
EV_004,196.0,32664.12,32.560001373291016,33.2150764465332,0.6550750732421875
EV_004,197.0,32664.12,32.560001373291016,32.55146026611328,-0.008541107177734375
EV_004,198.0,32664.12,32.560001373291016,32.585391998291016,0.025390625
EV_004,199.0,32664.12,32.560001373291016,32.56461715698242,0.00461578369140625
EV_004,200.0,32664.12,32.560001373291016,32.77771759033203,0.21771621704101562
EV_004,202.0,32664.12,32.560001373291016,32.63094711303711,0.07094573974609375
EV_004,203.0,32664.12,32.560001373291016,33.823951721191406,1.2639503479003906
EV_004,204.0,32664.12,32.560001373291016,34.730159759521484,2.1701583862304688
EV_004,209.0,32664.12,32.560001373291016,34.2424430847168,1.6824417114257812
EV_004,211.0,32664.12,32.560001373291016,33.6039924621582,1.0439910888671875
EV_004,212.0,32664.12,32.560001373291016,34.67451477050781,2.114513397216797
EV_004,215.0,32664.12,32.560001373291016,32.99640655517578,0.4364051818847656
EV_004,217.0,32664.12,32.560001373291016,33.56884002685547,1.0088386535644531
EV_004,218.0,32664.12,32.560001373291016,34.1225700378418,1.5625686645507812
EV_004,219.0,32664.12,32.560001373291016,32.87974548339844,0.3197441101074219
EV_004,220.0,32664.12,32.560001373291016,32.914794921875,0.3547935485839844
EV_004,224.0,32664.12,32.560001373291016,33.31712341308594,0.7571220397949219
EV_004,225.0,32664.12,32.560001373291016,33.78213882446289,1.222137451171875
EV_004,226.0,32664.12,32.560001373291016,34.459476470947266,1.89947509765625
EV_004,228.0,32664.12,32.560001373291016,34.38304901123047,1.8230476379394531
EV_004,230.0,32664.12,32.560001373291016,33.05926513671875,0.4992637634277344
EV_004,231.0,32664.12,32.560001373291016,33.55393600463867,0.9939346313476562
EV_004,232.0,32664.12,32.560001373291016,33.65903091430664,1.099029541015625
EV_004,234.0,32664.12,32.560001373291016,32.913330078125,0.3533287048339844
EV_004,237.0,32664.12,32.560001373291016,32.8309211730957,0.2709197998046875
EV_004,238.0,32664.12,32.560001373291016,32.543643951416016,-0.016357421875
EV_004,239.0,32664.12,32.560001373291016,33.34871292114258,0.7887115478515625
EV_004,240.0,32664.12,32.560001373291016,33.44377136230469,0.8837699890136719
EV_004,242.0,32664.12,32.560001373291016,35.15147399902344,2.591472625732422
EV_004,244.0,32664.12,32.560001373291016,32.88525390625,0.3252525329589844
EV_004,246.0,32664.12,32.560001373291016,33.89541244506836,1.3354110717773438
EV_004,247.0,32664.12,32.560001373291016,33.962520599365234,1.4025192260742188
EV_004,249.0,32664.12,32.560001373291016,33.48490524291992,0.9249038696289062
EV_004,260.0,32664.12,32.560001373291016,34.20414352416992,1.6441421508789062
EV_004,260.0,32664.12,32.560001373291016,32.527313232421875,-0.032688140869140625
EV_004,261.0,32664.12,32.560001373291016,33.08608627319336,0.5260848999023438
EV_004,261.0,32664.12,32.560001373291016,32.60212326049805,0.04212188720703125
EV_004,262.0,32664.12,32.560001373291016,33.17061233520508,0.6106109619140625
EV_004,263.0,32664.12,32.560001373291016,32.60582733154297,0.045825958251953125
EV_004,262.0,32664.12,32.560001373291016,33.58440399169922,1.0244026184082031
EV_004,263.0,32664.12,32.560001373291016,32.9970703125,0.4370689392089844
EV_004,264.0,32664.12,32.560001373291016,32.8280029296875,0.2680015563964844
EV_004,264.0,32664.12,32.560001373291016,33.22865676879883,0.6686553955078125
EV_004,265.0,32664.12,32.560001373291016,32.787288665771484,0.22728729248046875
EV_004,266.0,32664.12,32.560001373291016,32.84749221801758,0.2874908447265625
EV_004,265.0,32664.12,32.560001373291016,32.96955871582031,0.4095573425292969
EV_004,266.0,32664.12,32.560001373291016,32.67451477050781,0.11451339721679688
EV_004,296.0,32664.12,32.560001373291016,32.78376770019531,0.22376632690429688
EV_004,297.0,32664.12,32.560001373291016,32.47591018676758,-0.0840911865234375
EV_004,296.0,32664.12,32.560001373291016,34.3177604675293,1.7577590942382812
EV_004,297.0,32664.12,32.560001373291016,33.447303771972656,0.8873023986816406
EV_004,298.0,32664.12,32.560001373291016,33.989471435546875,1.4294700622558594
EV_004,298.0,32664.12,32.560001373291016,33.87630081176758,1.3162994384765625
EV_004,299.0,32664.12,32.560001373291016,33.6936149597168,1.1336135864257812
EV_004,299.0,32664.12,32.560001373291016,34.1166877746582,1.5566864013671875
EV_004,400.0,32664.12,32.560001373291016,33.35805130004883,0.7980499267578125
EV_004,400.0,32664.12,32.560001373291016,32.41563034057617,-0.14437103271484375
EV_004,401.0,32664.12,32.560001373291016,33.2956428527832,0.7356414794921875
EV_004,401.0,32664.12,32.560001373291016,32.44696044921875,-0.11304092407226562
EV_004,402.0,32664.12,32.560001373291016,33.967247009277344,1.4072456359863281
EV_004,402.0,32664.12,32.560001373291016,32.24659729003906,-0.3134040832519531
EV_004,403.0,32664.12,32.560001373291016,34.347286224365234,1.7872848510742188
EV_004,403.0,32664.12,32.560001373291016,32.82170867919922,0.2617073059082031
EV_004,424.0,32664.12,32.560001373291016,34.3177604675293,1.7577590942382812
EV_004,424.0,32664.12,32.560001373291016,34.3177604675293,1.7577590942382812
EV_004,427.0,32664.12,32.560001373291016,34.687477111816406,2.1274757385253906
EV_004,427.0,32664.12,32.560001373291016,34.3177604675293,1.7577590942382812
EV_004,444.0,32664.12,32.560001373291016,33.67054748535156,1.1105461120605469
EV_004,444.0,32664.12,32.560001373291016,33.69401550292969,1.1340141296386719
EV_004,445.0,32664.12,32.560001373291016,33.03330993652344,0.4733085632324219
EV_004,446.0,32664.12,32.560001373291016,32.8875846862793,0.32758331298828125
EV_004,447.0,32664.12,32.560001373291016,32.585391998291016,0.025390625
EV_004,448.0,32664.12,32.560001373291016,33.3604850769043,0.8004837036132812
EV_004,447.0,32664.12,32.560001373291016,33.097415924072266,0.53741455078125
EV_004,449.0,32664.12,32.560001373291016,33.15105438232422,0.5910530090332031
EV_004,450.0,32664.12,32.560001373291016,32.68868637084961,0.12868499755859375
EV_004,449.0,32664.12,32.560001373291016,32.632080078125,0.07207870483398438
EV_004,450.0,32664.12,32.560001373291016,32.63456344604492,0.07456207275390625
EV_004,452.0,32664.12,32.560001373291016,33.33992004394531,0.7799186706542969
EV_004,451.0,32664.12,32.560001373291016,32.79225540161133,0.2322540283203125
EV_004,453.0,32664.12,32.560001373291016,32.96595001220703,0.4059486389160156
EV_004,453.0,32664.12,32.560001373291016,34.118499755859375,1.5584983825683594
EV_004,455.0,32664.12,32.560001373291016,32.5832633972168,0.02326202392578125
EV_004,456.0,32664.12,32.560001373291016,32.758384704589844,0.19838333129882812
EV_004,455.0,32664.12,32.560001373291016,33.792076110839844,1.2320747375488281
EV_004,457.0,32664.12,32.560001373291016,35.05780792236328,2.4978065490722656
EV_004,458.0,32664.12,32.560001373291016,34.52488327026367,1.9648818969726562
EV_004,459.0,32664.12,32.560001373291016,34.70027160644531,2.140270233154297
EV_004,457.0,32664.12,32.560001373291016,34.6883430480957,2.1283416748046875
EV_004,460.0,32664.12,32.560001373291016,34.47012710571289,1.910125732421875
EV_004,459.0,32664.12,32.560001373291016,33.41082763671875,0.8508262634277344
EV_004,462.0,32664.12,32.560001373291016,32.93128967285156,0.3712882995605469
EV_004,460.0,32664.12,32.560001373291016,33.01903533935547,0.4590339660644531
EV_004,463.0,32664.12,32.560001373291016,33.286312103271484,0.7263107299804688
EV_004,461.0,32664.12,32.560001373291016,33.008399963378906,0.4483985900878906
EV_004,464.0,32664.12,32.560001373291016,33.678829193115234,1.1188278198242188
EV_004,462.0,32664.12,32.560001373291016,32.87889099121094,0.3188896179199219
EV_004,465.0,32664.12,32.560001373291016,32.79658508300781,0.23658370971679688
EV_004,463.0,32664.12,32.560001373291016,32.532100677490234,-0.02790069580078125
EV_004,466.0,32664.12,32.560001373291016,32.593910217285156,0.033908843994140625
EV_004,464.0,32664.12,32.560001373291016,32.543880462646484,-0.01612091064453125
EV_004,468.0,32664.12,32.560001373291016,32.570274353027344,0.010272979736328125
EV_004,466.0,32664.12,32.560001373291016,33.918880462646484,1.3588790893554688
EV_004,470.0,32664.12,32.560001373291016,33.10177230834961,0.5417709350585938
EV_004,468.0,32664.12,32.560001373291016,33.017337799072266,0.45733642578125
EV_004,471.0,32664.12,32.560001373291016,32.661598205566406,0.10159683227539062
EV_004,472.0,32664.12,32.560001373291016,34.140846252441406,1.5808448791503906
EV_004,473.0,32664.12,32.560001373291016,35.12737274169922,2.567371368408203
EV_004,471.0,32664.12,32.560001373291016,34.42509841918945,1.8650970458984375
EV_004,475.0,32664.12,32.560001373291016,34.50582504272461,1.9458236694335938
EV_004,472.0,32664.12,32.560001373291016,34.42509841918945,1.8650970458984375
EV_004,473.0,32664.12,32.560001373291016,34.30449295043945,1.7444915771484375
EV_004,474.0,32664.12,32.560001373291016,34.7057991027832,2.1457977294921875
EV_004,475.0,32664.12,32.560001373291016,34.7057991027832,2.1457977294921875
EV_004,476.0,32664.12,32.560001373291016,34.7057991027832,2.1457977294921875
EV_004,479.0,32664.12,32.560001373291016,34.7057991027832,2.1457977294921875
EV_004,480.0,32664.12,32.560001373291016,34.7057991027832,2.1457977294921875
EV_004,478.0,32664.12,32.560001373291016,34.3177604675293,1.7577590942382812
EV_004,479.0,32664.12,32.560001373291016,34.3177604675293,1.7577590942382812
EV_004,481.0,32664.12,32.560001373291016,34.7057991027832,2.1457977294921875
EV_004,480.0,32664.12,32.560001373291016,34.3177604675293,1.7577590942382812
EV_004,482.0,32664.12,32.560001373291016,34.7057991027832,2.1457977294921875
EV_004,481.0,32664.12,32.560001373291016,34.3177604675293,1.7577590942382812
EV_004,482.0,32664.12,32.560001373291016,34.45486831665039,1.894866943359375
EV_004,483.0,32664.12,32.560001373291016,34.411251068115234,1.8512496948242188
EV_004,485.0,32664.12,32.560001373291016,32.72116470336914,0.161163330078125
EV_004,484.0,32664.12,32.560001373291016,34.4278678894043,1.8678665161132812
EV_004,486.0,32664.12,32.560001373291016,32.602455139160156,0.042453765869140625
EV_004,487.0,32664.12,32.560001373291016,32.552059173583984,-0.00794219970703125
EV_004,486.0,32664.12,32.560001373291016,34.545291900634766,1.98529052734375
EV_004,488.0,32664.12,32.560001373291016,32.764549255371094,0.20454788208007812
EV_004,487.0,32664.12,32.560001373291016,33.870147705078125,1.3101463317871094
EV_004,489.0,32664.12,32.560001373291016,32.77058410644531,0.21058273315429688
EV_004,488.0,32664.12,32.560001373291016,33.686283111572266,1.12628173828125
EV_004,490.0,32664.12,32.560001373291016,32.50923156738281,-0.050769805908203125
EV_004,489.0,32664.12,32.560001373291016,32.89479064941406,0.3347892761230469
EV_004,491.0,32664.12,32.560001373291016,32.65837097167969,0.09836959838867188
EV_004,490.0,32664.12,32.560001373291016,32.8134651184082,0.2534637451171875
EV_004,492.0,32664.12,32.560001373291016,33.625,1.0649986267089844
EV_004,491.0,32664.12,32.560001373291016,32.787288665771484,0.22728729248046875
EV_004,493.0,32664.12,32.560001373291016,32.63639831542969,0.07639694213867188
EV_004,492.0,32664.12,32.560001373291016,32.85380554199219,0.2938041687011719
EV_004,494.0,32664.12,32.560001373291016,34.772701263427734,2.2126998901367188
EV_004,495.0,32664.12,32.560001373291016,32.587406158447266,0.02740478515625
EV_004,494.0,32664.12,32.560001373291016,35.12687301635742,2.5668716430664062
EV_004,496.0,32664.12,32.560001373291016,33.078857421875,0.5188560485839844
EV_004,495.0,32664.12,32.560001373291016,34.520328521728516,1.9603271484375
EV_004,496.0,32664.12,32.560001373291016,34.92473220825195,2.3647308349609375
EV_004,498.0,32664.12,32.560001373291016,32.79639434814453,0.23639297485351562
EV_004,499.0,32664.12,32.560001373291016,33.35707092285156,0.7970695495605469
EV_004,500.0,32664.12,32.560001373291016,33.18682861328125,0.6268272399902344
EV_004,498.0,32664.12,32.560001373291016,33.90690231323242,1.3469009399414062
EV_004,501.0,32664.12,32.560001373291016,32.88176727294922,0.3217658996582031
EV_004,499.0,32664.12,32.560001373291016,34.11394119262695,1.5539398193359375
EV_004,502.0,32664.12,32.560001373291016,32.99374771118164,0.433746337890625
EV_004,500.0,32664.12,32.560001373291016,33.574459075927734,1.0144577026367188
EV_004,503.0,32664.12,32.560001373291016,33.64525604248047,1.0852546691894531
EV_004,501.0,32664.12,32.560001373291016,32.83375549316406,0.2737541198730469
EV_004,502.0,32664.12,32.560001373291016,32.62990188598633,0.0699005126953125
EV_004,504.0,32664.12,32.560001373291016,33.42709732055664,0.867095947265625
EV_004,505.0,32664.12,32.560001373291016,34.87861633300781,2.318614959716797
EV_004,506.0,32664.12,32.560001373291016,35.024532318115234,2.4645309448242188
EV_004,505.0,32664.12,32.560001373291016,33.0814208984375,0.5214195251464844
EV_004,506.0,32664.12,32.560001373291016,33.18996810913086,0.6299667358398438
EV_004,509.0,32664.12,32.560001373291016,34.64605712890625,2.0860557556152344
EV_004,507.0,32664.12,32.560001373291016,33.744163513183594,1.1841621398925781
EV_004,508.0,32664.12,32.560001373291016,33.853031158447266,1.29302978515625
EV_004,510.0,32664.12,32.560001373291016,34.7057991027832,2.1457977294921875
EV_004,511.0,32664.12,32.560001373291016,34.58867263793945,2.0286712646484375
EV_004,509.0,32664.12,32.560001373291016,33.9547119140625,1.3947105407714844
EV_004,512.0,32664.12,32.560001373291016,34.83756637573242,2.2775650024414062
EV_004,510.0,32664.12,32.560001373291016,34.226802825927734,1.6668014526367188
EV_004,511.0,32664.12,32.560001373291016,32.9266471862793,0.36664581298828125
EV_004,512.0,32664.12,32.560001373291016,32.829349517822266,0.26934814453125
EV_004,514.0,32664.12,32.560001373291016,32.94066619873047,0.3806648254394531
EV_004,513.0,32664.12,32.560001373291016,33.3973388671875,0.8373374938964844
EV_004,515.0,32664.12,32.560001373291016,32.622047424316406,0.062046051025390625
EV_004,514.0,32664.12,32.560001373291016,33.847557067871094,1.2875556945800781
EV_004,515.0,32664.12,32.560001373291016,33.74678039550781,1.1867790222167969
EV_004,516.0,32664.12,32.560001373291016,33.73355484008789,1.173553466796875
EV_004,517.0,32664.12,32.560001373291016,33.12260437011719,0.5626029968261719
EV_004,518.0,32664.12,32.560001373291016,32.42308807373047,-0.13691329956054688
EV_004,519.0,32664.12,32.560001373291016,33.455772399902344,0.8957710266113281
EV_004,517.0,32664.12,32.560001373291016,33.144893646240234,0.5848922729492188
EV_004,520.0,32664.12,32.560001373291016,34.47521209716797,1.9152107238769531
EV_004,521.0,32664.12,32.560001373291016,33.487037658691406,0.9270362854003906
EV_004,519.0,32664.12,32.560001373291016,34.55656433105469,1.9965629577636719
EV_004,522.0,32664.12,32.560001373291016,32.716819763183594,0.15681838989257812
EV_004,523.0,32664.12,32.560001373291016,32.552093505859375,-0.007907867431640625
EV_004,533.0,32664.12,32.560001373291016,34.64605712890625,2.0860557556152344
EV_004,534.0,32664.12,32.560001373291016,34.7057991027832,2.1457977294921875
EV_005,618.0,13450.41,32.150001525878906,33.78125762939453,1.631256103515625
EV_005,619.0,13450.41,32.150001525878906,32.90090560913086,0.7509040832519531
EV_005,620.0,13450.41,32.150001525878906,32.68732833862305,0.5373268127441406
EV_005,621.0,13450.41,32.150001525878906,32.92878723144531,0.7787857055664062
EV_005,623.0,13450.41,32.150001525878906,33.46497344970703,1.314971923828125
EV_005,624.0,13450.41,32.150001525878906,33.22522735595703,1.075225830078125
EV_005,626.0,13450.41,32.150001525878906,32.93167495727539,0.7816734313964844
EV_005,630.0,13450.41,32.150001525878906,32.45943069458008,0.3094291687011719
EV_005,632.0,13450.41,32.150001525878906,34.61201858520508,2.462017059326172
EV_005,633.0,13450.41,32.150001525878906,32.666770935058594,0.5167694091796875
EV_005,634.0,13450.41,32.150001525878906,33.679656982421875,1.5296554565429688
EV_005,636.0,13450.41,32.150001525878906,34.373172760009766,2.2231712341308594
EV_005,638.0,13450.41,32.150001525878906,32.631282806396484,0.4812812805175781
EV_005,639.0,13450.41,32.150001525878906,33.224945068359375,1.0749435424804688
EV_005,640.0,13450.41,32.150001525878906,34.24940490722656,2.0994033813476562
EV_005,641.0,13450.41,32.150001525878906,34.85208511352539,2.7020835876464844
EV_005,642.0,13450.41,32.150001525878906,33.38481903076172,1.2348175048828125
EV_005,643.0,13450.41,32.150001525878906,33.67054748535156,1.5205459594726562
EV_005,644.0,13450.41,32.150001525878906,33.45726013183594,1.3072586059570312
EV_005,646.0,13450.41,32.150001525878906,32.67945098876953,0.529449462890625
EV_005,647.0,13450.41,32.150001525878906,32.89144515991211,0.7414436340332031
EV_005,650.0,13450.41,32.150001525878906,34.92473220825195,2.774730682373047
EV_005,652.0,13450.41,32.150001525878906,32.50373458862305,0.3537330627441406
EV_005,653.0,13450.41,32.150001525878906,32.83830261230469,0.6883010864257812
EV_005,654.0,13450.41,32.150001525878906,33.453338623046875,1.3033370971679688
EV_005,655.0,13450.41,32.150001525878906,33.1392936706543,0.9892921447753906
EV_005,656.0,13450.41,32.150001525878906,32.72529602050781,0.5752944946289062
EV_005,657.0,13450.41,32.150001525878906,32.629676818847656,0.47967529296875
EV_005,658.0,13450.41,32.150001525878906,33.020626068115234,0.8706245422363281
EV_005,659.0,13450.41,32.150001525878906,33.73723602294922,1.5872344970703125
EV_005,660.0,13450.41,32.150001525878906,35.14899826049805,2.9989967346191406
EV_005,661.0,13450.41,32.150001525878906,34.4547233581543,2.3047218322753906
EV_005,662.0,13450.41,32.150001525878906,34.564632415771484,2.414630889892578
EV_005,666.0,13450.41,32.150001525878906,34.66606903076172,2.5160675048828125
EV_005,667.0,13450.41,32.150001525878906,34.13301086425781,1.9830093383789062
EV_005,668.0,13450.41,32.150001525878906,34.294132232666016,2.1441307067871094
EV_005,671.0,13450.41,32.150001525878906,33.589717864990234,1.4397163391113281
EV_005,672.0,13450.41,32.150001525878906,32.6790657043457,0.5290641784667969
EV_005,673.0,13450.41,32.150001525878906,33.04545974731445,0.8954582214355469
EV_005,674.0,13450.41,32.150001525878906,33.13473892211914,0.9847373962402344
EV_005,675.0,13450.41,32.150001525878906,32.88174819946289,0.7317466735839844
EV_005,676.0,13450.41,32.150001525878906,33.01216125488281,0.8621597290039062
EV_005,677.0,13450.41,32.150001525878906,33.65715408325195,1.5071525573730469
EV_005,678.0,13450.41,32.150001525878906,32.8941535949707,0.7441520690917969
EV_005,679.0,13450.41,32.150001525878906,34.939117431640625,2.7891159057617188
EV_005,680.0,13450.41,32.150001525878906,34.13242721557617,1.9824256896972656
EV_005,681.0,13450.41,32.150001525878906,34.39018630981445,2.240184783935547
EV_005,682.0,13450.41,32.150001525878906,34.60316848754883,2.453166961669922
EV_005,685.0,13450.41,32.150001525878906,35.09027862548828,2.940277099609375
EV_005,686.0,13450.41,32.150001525878906,34.54606628417969,2.3960647583007812
EV_005,687.0,13450.41,32.150001525878906,34.9054069519043,2.7554054260253906
EV_005,688.0,13450.41,32.150001525878906,34.269283294677734,2.119281768798828
EV_005,690.0,13450.41,32.150001525878906,34.1213493347168,1.9713478088378906
EV_005,692.0,13450.41,32.150001525878906,33.956729888916016,1.8067283630371094
EV_005,694.0,13450.41,32.150001525878906,34.35270309448242,2.2027015686035156
EV_005,695.0,13450.41,32.150001525878906,33.035247802734375,0.8852462768554688
EV_005,696.0,13450.41,32.150001525878906,33.54153060913086,1.3915290832519531
EV_005,697.0,13450.41,32.150001525878906,33.15022277832031,1.0002212524414062
EV_005,698.0,13450.41,32.150001525878906,32.759952545166016,0.6099510192871094
EV_005,699.0,13450.41,32.150001525878906,32.96797180175781,0.8179702758789062
EV_005,700.0,13450.41,32.150001525878906,32.82573318481445,0.6757316589355469
EV_005,701.0,13450.41,32.150001525878906,33.44400405883789,1.2940025329589844
EV_005,702.0,13450.41,32.150001525878906,33.68278503417969,1.5327835083007812
EV_005,703.0,13450.41,32.150001525878906,32.80007553100586,0.6500740051269531
EV_005,704.0,13450.41,32.150001525878906,35.019039154052734,2.869037628173828
EV_005,705.0,13450.41,32.150001525878906,34.51487731933594,2.3648757934570312
EV_005,707.0,13450.41,32.150001525878906,34.779720306396484,2.629718780517578
EV_005,708.0,13450.41,32.150001525878906,34.445945739746094,2.2959442138671875
EV_005,709.0,13450.41,32.150001525878906,34.621070861816406,2.4710693359375
EV_005,710.0,13450.41,32.150001525878906,34.40306854248047,2.2530670166015625
EV_005,711.0,13450.41,32.150001525878906,33.33333969116211,1.1833381652832031
EV_005,712.0,13450.41,32.150001525878906,32.81614685058594,0.6661453247070312
EV_005,714.0,13450.41,32.150001525878906,33.91062545776367,1.7606239318847656
EV_005,715.0,13450.41,32.150001525878906,33.808815002441406,1.6588134765625
EV_005,716.0,13450.41,32.150001525878906,33.83517074584961,1.6851692199707031
EV_005,717.0,13450.41,32.150001525878906,33.54008483886719,1.3900833129882812
EV_005,718.0,13450.41,32.150001525878906,32.785423278808594,0.6354217529296875
EV_005,719.0,13450.41,32.150001525878906,32.61707305908203,0.467071533203125
EV_005,720.0,13450.41,32.150001525878906,32.57012176513672,0.4201202392578125
EV_005,721.0,13450.41,32.150001525878906,32.69557189941406,0.5455703735351562
EV_005,723.0,13450.41,32.150001525878906,34.39625930786133,2.246257781982422
EV_005,724.0,13450.41,32.150001525878906,34.903560638427734,2.753559112548828
EV_005,726.0,13450.41,32.150001525878906,33.61820602416992,1.4682044982910156
EV_005,728.0,13450.41,32.150001525878906,33.199790954589844,1.0497894287109375
EV_005,732.0,13450.41,32.150001525878906,34.52122497558594,2.3712234497070312
EV_005,734.0,13450.41,32.150001525878906,34.03927993774414,1.8892784118652344
EV_005,735.0,13450.41,32.150001525878906,33.217769622802734,1.0677680969238281
EV_005,736.0,13450.41,32.150001525878906,34.09246826171875,1.9424667358398438
EV_005,737.0,13450.41,32.150001525878906,34.20333480834961,2.053333282470703
EV_005,738.0,13450.41,32.150001525878906,33.95689010620117,1.8068885803222656
EV_005,739.0,13450.41,32.150001525878906,34.665618896484375,2.5156173706054688
EV_005,740.0,13450.41,32.150001525878906,33.18390655517578,1.033905029296875
EV_005,741.0,13450.41,32.150001525878906,33.38516616821289,1.2351646423339844
EV_005,742.0,13450.41,32.150001525878906,33.36958312988281,1.2195816040039062
EV_005,743.0,13450.41,32.150001525878906,33.41322326660156,1.2632217407226562
EV_005,744.0,13450.41,32.150001525878906,33.163551330566406,1.0135498046875
EV_005,746.0,13450.41,32.150001525878906,33.387611389160156,1.23760986328125
EV_005,749.0,13450.41,32.150001525878906,33.38050079345703,1.230499267578125
EV_005,750.0,13450.41,32.150001525878906,34.540008544921875,2.3900070190429688
EV_005,751.0,13450.41,32.150001525878906,34.606178283691406,2.4561767578125
EV_005,752.0,13450.41,32.150001525878906,34.65791320800781,2.5079116821289062
EV_005,753.0,13450.41,32.150001525878906,34.80119323730469,2.6511917114257812
EV_005,755.0,13450.41,32.150001525878906,33.34135437011719,1.1913528442382812
EV_005,756.0,13450.41,32.150001525878906,32.85016632080078,0.700164794921875
EV_005,757.0,13450.41,32.150001525878906,32.537940979003906,0.387939453125
EV_005,758.0,13450.41,32.150001525878906,32.71662902832031,0.5666275024414062
EV_005,759.0,13450.41,32.150001525878906,32.61019515991211,0.4601936340332031
EV_005,760.0,13450.41,32.150001525878906,32.43202209472656,0.28202056884765625
EV_005,761.0,13450.41,32.150001525878906,32.6246337890625,0.47463226318359375
EV_005,762.0,13450.41,32.150001525878906,33.51338195800781,1.3633804321289062
EV_005,763.0,13450.41,32.150001525878906,33.70930862426758,1.5593070983886719
EV_005,764.0,13450.41,32.150001525878906,34.439449310302734,2.289447784423828
EV_005,765.0,13450.41,32.150001525878906,34.55494689941406,2.4049453735351562
EV_005,766.0,13450.41,32.150001525878906,33.485260009765625,1.3352584838867188
EV_005,767.0,13450.41,32.150001525878906,32.969608306884766,0.8196067810058594
EV_005,768.0,13450.41,32.150001525878906,32.487247467041016,0.3372459411621094
EV_005,770.0,13450.41,32.150001525878906,32.830135345458984,0.6801338195800781
EV_005,771.0,13450.41,32.150001525878906,32.65849685668945,0.5084953308105469
EV_005,774.0,13450.41,32.150001525878906,33.36354446411133,1.2135429382324219
EV_005,778.0,13450.41,32.150001525878906,34.80632400512695,2.656322479248047
EV_005,780.0,13450.41,32.150001525878906,34.3177604675293,2.1677589416503906
EV_005,781.0,13450.41,32.150001525878906,34.45486831665039,2.3048667907714844
EV_005,782.0,13450.41,32.150001525878906,34.411251068115234,2.261249542236328
EV_005,783.0,13450.41,32.150001525878906,34.48771286010742,2.3377113342285156
EV_005,784.0,13450.41,32.150001525878906,34.43814468383789,2.2881431579589844
EV_005,785.0,13450.41,32.150001525878906,32.82000732421875,0.6700057983398438
EV_005,786.0,13450.41,32.150001525878906,34.587650299072266,2.4376487731933594
EV_005,787.0,13450.41,32.150001525878906,34.4991340637207,2.349132537841797
EV_005,789.0,13450.41,32.150001525878906,34.469844818115234,2.319843292236328
EV_005,790.0,13450.41,32.150001525878906,33.149574279785156,0.99957275390625
EV_005,791.0,13450.41,32.150001525878906,32.94673538208008,0.7967338562011719
EV_005,792.0,13450.41,32.150001525878906,32.60769271850586,0.4576911926269531
EV_005,794.0,13450.41,32.150001525878906,34.510719299316406,2.3607177734375
EV_005,795.0,13450.41,32.150001525878906,34.61479187011719,2.4647903442382812
EV_005,796.0,13450.41,32.150001525878906,33.20396041870117,1.0539588928222656
EV_005,798.0,13450.41,32.150001525878906,33.93282699584961,1.7828254699707031
EV_005,799.0,13450.41,32.150001525878906,34.57741165161133,2.427410125732422
EV_005,802.0,13450.41,32.150001525878906,32.659976959228516,0.5099754333496094
EV_005,803.0,13450.41,32.150001525878906,32.575714111328125,0.42571258544921875
EV_005,804.0,13450.41,32.150001525878906,32.380027770996094,0.2300262451171875
EV_005,805.0,13450.41,32.150001525878906,33.52245330810547,1.3724517822265625
EV_005,806.0,13450.41,32.150001525878906,34.972694396972656,2.82269287109375
EV_005,807.0,13450.41,32.150001525878906,34.245914459228516,2.0959129333496094
EV_005,810.0,13450.41,32.150001525878906,34.96879196166992,2.8187904357910156
EV_005,812.0,13450.41,32.150001525878906,33.07090759277344,0.9209060668945312
EV_005,813.0,13450.41,32.150001525878906,34.29745101928711,2.147449493408203
EV_005,814.0,13450.41,32.150001525878906,34.014991760253906,1.864990234375
EV_005,815.0,13450.41,32.150001525878906,33.468536376953125,1.3185348510742188
EV_005,816.0,13450.41,32.150001525878906,34.473289489746094,2.3232879638671875
EV_005,817.0,13450.41,32.150001525878906,33.60103225708008,1.4510307312011719
EV_005,818.0,13450.41,32.150001525878906,33.68397903442383,1.5339775085449219
EV_005,819.0,13450.41,32.150001525878906,34.724639892578125,2.5746383666992188
EV_005,820.0,13450.41,32.150001525878906,33.31094741821289,1.1609458923339844
EV_005,821.0,13450.41,32.150001525878906,32.946407318115234,0.7964057922363281
EV_005,822.0,13450.41,32.150001525878906,32.635501861572266,0.4855003356933594
EV_005,824.0,13450.41,32.150001525878906,32.46885681152344,0.31885528564453125
EV_005,825.0,13450.41,32.150001525878906,32.43052673339844,0.28052520751953125
EV_005,826.0,13450.41,32.150001525878906,32.50196838378906,0.35196685791015625
EV_005,827.0,13450.41,32.150001525878906,33.77103805541992,1.6210365295410156
EV_005,828.0,13450.41,32.150001525878906,33.17694854736328,1.026947021484375
EV_005,829.0,13450.41,32.150001525878906,33.71553039550781,1.5655288696289062
EV_005,830.0,13450.41,32.150001525878906,33.5703010559082,1.4202995300292969
EV_005,831.0,13450.41,32.150001525878906,32.790069580078125,0.6400680541992188
EV_005,832.0,13450.41,32.150001525878906,32.94500732421875,0.7950057983398438
EV_005,833.0,13450.41,32.150001525878906,32.938114166259766,0.7881126403808594
EV_005,834.0,13450.41,32.150001525878906,33.42357635498047,1.2735748291015625
EV_005,835.0,13450.41,32.150001525878906,33.37625503540039,1.2262535095214844
EV_005,836.0,13450.41,32.150001525878906,34.057350158691406,1.9073486328125
EV_005,838.0,13450.41,32.150001525878906,32.93086242675781,0.7808609008789062
EV_005,840.0,13450.41,32.150001525878906,33.037113189697266,0.8871116638183594
EV_005,841.0,13450.41,32.150001525878906,32.611480712890625,0.46147918701171875
EV_005,842.0,13450.41,32.150001525878906,33.67792510986328,1.527923583984375
EV_005,843.0,13450.41,32.150001525878906,33.834774017333984,1.6847724914550781
EV_005,844.0,13450.41,32.150001525878906,32.8248405456543,0.6748390197753906
EV_005,845.0,13450.41,32.150001525878906,32.98161315917969,0.8316116333007812
EV_005,846.0,13450.41,32.150001525878906,32.71242904663086,0.5624275207519531
EV_005,847.0,13450.41,32.150001525878906,33.357574462890625,1.2075729370117188
EV_005,848.0,13450.41,32.150001525878906,33.54701232910156,1.3970108032226562
EV_005,849.0,13450.41,32.150001525878906,34.48286056518555,2.3328590393066406
EV_005,852.0,13450.41,32.150001525878906,32.63036346435547,0.4803619384765625
EV_005,853.0,13450.41,32.150001525878906,33.16922378540039,1.0192222595214844
EV_005,854.0,13450.41,32.150001525878906,33.89295959472656,1.7429580688476562
EV_005,855.0,13450.41,32.150001525878906,33.03073501586914,0.8807334899902344
EV_005,856.0,13450.41,32.150001525878906,32.73182678222656,0.5818252563476562
EV_005,857.0,13450.41,32.150001525878906,32.949974060058594,0.7999725341796875
EV_005,858.0,13450.41,32.150001525878906,33.042030334472656,0.89202880859375
EV_005,859.0,13450.41,32.150001525878906,33.79889678955078,1.648895263671875
EV_005,860.0,13450.41,32.150001525878906,34.277488708496094,2.1274871826171875
EV_005,861.0,13450.41,32.150001525878906,35.009559631347656,2.85955810546875
EV_005,862.0,13450.41,32.150001525878906,34.355438232421875,2.2054367065429688
EV_005,863.0,13450.41,32.150001525878906,34.65538787841797,2.5053863525390625
EV_005,864.0,13450.41,32.150001525878906,34.65388107299805,2.5038795471191406
EV_005,866.0,13450.41,32.150001525878906,34.492835998535156,2.34283447265625
EV_005,869.0,13450.41,32.150001525878906,33.73261642456055,1.5826148986816406
EV_005,870.0,13450.41,32.150001525878906,32.874534606933594,0.7245330810546875
EV_005,871.0,13450.41,32.150001525878906,33.3270263671875,1.1770248413085938
EV_005,872.0,13450.41,32.150001525878906,33.41345977783203,1.263458251953125
EV_005,873.0,13450.41,32.150001525878906,32.77742385864258,0.6274223327636719
EV_005,874.0,13450.41,32.150001525878906,32.86556625366211,0.7155647277832031
EV_005,875.0,13450.41,32.150001525878906,33.14564514160156,0.9956436157226562
EV_005,876.0,13450.41,32.150001525878906,33.508148193359375,1.3581466674804688
EV_005,877.0,13450.41,32.150001525878906,34.04473876953125,1.8947372436523438
EV_005,878.0,13450.41,32.150001525878906,34.21533966064453,2.065338134765625
EV_005,879.0,13450.41,32.150001525878906,34.9295654296875,2.7795639038085938
EV_005,881.0,13450.41,32.150001525878906,32.60012435913086,0.4501228332519531
EV_005,882.0,13450.41,32.150001525878906,34.22911071777344,2.0791091918945312
EV_005,883.0,13450.41,32.150001525878906,34.36695098876953,2.216949462890625
EV_005,884.0,13450.41,32.150001525878906,34.48771286010742,2.3377113342285156
EV_005,885.0,13450.41,32.150001525878906,34.48771286010742,2.3377113342285156
EV_005,886.0,13450.41,32.150001525878906,34.42509841918945,2.275096893310547
EV_005,887.0,13450.41,32.150001525878906,34.29055404663086,2.140552520751953
EV_005,888.0,13450.41,32.150001525878906,34.7057991027832,2.555797576904297
EV_005,889.0,13450.41,32.150001525878906,34.7057991027832,2.555797576904297
EV_005,890.0,13450.41,32.150001525878906,34.84626388549805,2.6962623596191406
EV_005,893.0,13450.41,32.150001525878906,34.7057991027832,2.555797576904297
EV_005,895.0,13450.41,32.150001525878906,34.45486831665039,2.3048667907714844
EV_005,896.0,13450.41,32.150001525878906,34.42509841918945,2.275096893310547
EV_005,898.0,13450.41,32.150001525878906,33.16033935546875,1.0103378295898438
EV_005,899.0,13450.41,32.150001525878906,33.6275520324707,1.4775505065917969
EV_005,900.0,13450.41,32.150001525878906,34.731483459472656,2.58148193359375
EV_005,901.0,13450.41,32.150001525878906,33.36405944824219,1.2140579223632812
EV_005,902.0,13450.41,32.150001525878906,33.187076568603516,1.0370750427246094
EV_005,903.0,13450.41,32.150001525878906,33.54867172241211,1.3986701965332031
EV_005,904.0,13450.41,32.150001525878906,32.513023376464844,0.3630218505859375
EV_005,905.0,13450.41,32.150001525878906,32.60634994506836,0.4563484191894531
EV_005,906.0,13450.41,32.150001525878906,32.55305480957031,0.40305328369140625
EV_005,907.0,13450.41,32.150001525878906,33.687744140625,1.5377426147460938
EV_005,909.0,13450.41,32.150001525878906,33.917293548583984,1.7672920227050781
EV_005,910.0,13450.41,32.150001525878906,33.657867431640625,1.5078659057617188
EV_005,911.0,13450.41,32.150001525878906,32.82164001464844,0.6716384887695312
EV_005,912.0,13450.41,32.150001525878906,33.561973571777344,1.4119720458984375
EV_005,913.0,13450.41,32.150001525878906,33.29216766357422,1.1421661376953125
EV_005,914.0,13450.41,32.150001525878906,32.7371711730957,0.5871696472167969
EV_005,915.0,13450.41,32.150001525878906,32.66127014160156,0.5112686157226562
EV_005,916.0,13450.41,32.150001525878906,32.700714111328125,0.5507125854492188
EV_005,917.0,13450.41,32.150001525878906,32.671783447265625,0.5217819213867188
EV_005,918.0,13450.41,32.150001525878906,32.50373077392578,0.353729248046875
EV_005,919.0,13450.41,32.150001525878906,33.42235565185547,1.2723541259765625
EV_005,921.0,13450.41,32.150001525878906,32.19389343261719,0.04389190673828125
EV_005,922.0,13450.41,32.150001525878906,33.16123580932617,1.0112342834472656
EV_005,923.0,13450.41,32.150001525878906,34.30449295043945,2.154491424560547
EV_005,924.0,13450.41,32.150001525878906,34.7057991027832,2.555797576904297
EV_005,926.0,13450.41,32.150001525878906,34.7057991027832,2.555797576904297
EV_005,930.0,13450.41,32.150001525878906,34.3177604675293,2.1677589416503906
EV_005,931.0,13450.41,32.150001525878906,34.3177604675293,2.1677589416503906
EV_005,932.0,13450.41,32.150001525878906,34.3177604675293,2.1677589416503906
EV_005,933.0,13450.41,32.150001525878906,34.411251068115234,2.261249542236328
EV_005,934.0,13450.41,32.150001525878906,34.42509841918945,2.275096893310547
EV_005,938.0,13450.41,32.150001525878906,35.094425201416016,2.9444236755371094
EV_005,939.0,13450.41,32.150001525878906,34.52252960205078,2.372528076171875
EV_005,940.0,13450.41,32.150001525878906,34.37651443481445,2.226512908935547
EV_005,942.0,13450.41,32.150001525878906,33.247169494628906,1.09716796875
EV_005,943.0,13450.41,32.150001525878906,33.05440139770508,0.9043998718261719
EV_005,944.0,13450.41,32.150001525878906,32.47104263305664,0.3210411071777344
EV_005,945.0,13450.41,32.150001525878906,32.532249450683594,0.3822479248046875
EV_005,946.0,13450.41,32.150001525878906,32.629032135009766,0.4790306091308594
EV_005,947.0,13450.41,32.150001525878906,33.04930114746094,0.8992996215820312
EV_005,948.0,13450.41,32.150001525878906,32.85882568359375,0.7088241577148438
EV_005,949.0,13450.41,32.150001525878906,33.107154846191406,0.9571533203125
EV_005,950.0,13450.41,32.150001525878906,33.47450637817383,1.3245048522949219
EV_005,951.0,13450.41,32.150001525878906,33.7276496887207,1.5776481628417969
EV_005,952.0,13450.41,32.150001525878906,34.316680908203125,2.1666793823242188
EV_005,953.0,13450.41,32.150001525878906,33.18395233154297,1.0339508056640625
EV_005,954.0,13450.41,32.150001525878906,32.6859130859375,0.5359115600585938
EV_005,956.0,13450.41,32.150001525878906,33.94792938232422,1.7979278564453125
EV_005,957.0,13450.41,32.150001525878906,33.64402389526367,1.4940223693847656
EV_005,958.0,13450.41,32.150001525878906,34.16633987426758,2.016338348388672
EV_005,959.0,13450.41,32.150001525878906,33.01926040649414,0.8692588806152344
EV_005,961.0,13450.41,32.150001525878906,33.479705810546875,1.3297042846679688
EV_005,962.0,13450.41,32.150001525878906,33.760398864746094,1.6103973388671875
EV_005,963.0,13450.41,32.150001525878906,33.71928787231445,1.5692863464355469
EV_005,964.0,13450.41,32.150001525878906,32.58992385864258,0.4399223327636719
EV_005,965.0,13450.41,32.150001525878906,32.69205093383789,0.5420494079589844
EV_005,967.0,13450.41,32.150001525878906,34.960174560546875,2.8101730346679688
EV_005,968.0,13450.41,32.150001525878906,35.31687545776367,3.1668739318847656
EV_005,969.0,13450.41,32.150001525878906,34.44396209716797,2.2939605712890625
EV_005,971.0,13450.41,32.150001525878906,34.68510437011719,2.5351028442382812
EV_005,972.0,13450.41,32.150001525878906,33.12657165527344,0.9765701293945312
EV_005,973.0,13450.41,32.150001525878906,34.063926696777344,1.9139251708984375
EV_005,974.0,13450.41,32.150001525878906,34.187252044677734,2.037250518798828
EV_005,975.0,13450.41,32.150001525878906,33.561458587646484,1.4114570617675781
EV_005,976.0,13450.41,32.150001525878906,32.468841552734375,0.31884002685546875
EV_005,977.0,13450.41,32.150001525878906,32.65943145751953,0.509429931640625
EV_005,978.0,13450.41,32.150001525878906,32.57320785522461,0.4232063293457031
EV_005,979.0,13450.41,32.150001525878906,32.54674530029297,0.3967437744140625
EV_005,980.0,13450.41,32.150001525878906,33.53742218017578,1.387420654296875
EV_005,982.0,13450.41,32.150001525878906,34.67023468017578,2.520233154296875
EV_005,983.0,13450.41,32.150001525878906,33.44073486328125,1.2907333374023438
EV_005,984.0,13450.41,32.150001525878906,33.659603118896484,1.5096015930175781
EV_005,985.0,13450.41,32.150001525878906,34.16595458984375,2.0159530639648438
EV_005,986.0,13450.41,32.150001525878906,33.63877868652344,1.4887771606445312
EV_006,686.0,37317.47,32.560001373291016,34.6642951965332,2.1042938232421875
EV_006,695.0,37317.47,32.560001373291016,33.39984130859375,0.8398399353027344
EV_006,696.0,37317.47,32.560001373291016,34.020748138427734,1.4607467651367188
EV_006,697.0,37317.47,32.560001373291016,34.171234130859375,1.6112327575683594
EV_006,700.0,37317.47,32.560001373291016,32.60012435913086,0.04012298583984375
EV_006,701.0,37317.47,32.560001373291016,34.22911071777344,1.6691093444824219
EV_006,702.0,37317.47,32.560001373291016,34.39905548095703,1.8390541076660156
EV_006,706.0,37317.47,32.560001373291016,32.444889068603516,-0.1151123046875
EV_006,707.0,37317.47,32.560001373291016,33.52189636230469,0.9618949890136719
EV_006,711.0,37317.47,32.560001373291016,34.62489318847656,2.064891815185547
EV_006,712.0,37317.47,32.560001373291016,34.78915023803711,2.2291488647460938
EV_006,713.0,37317.47,32.560001373291016,34.48854446411133,1.9285430908203125
EV_006,715.0,37317.47,32.560001373291016,33.89730453491211,1.3373031616210938
EV_006,716.0,37317.47,32.560001373291016,34.56599426269531,2.005992889404297
EV_006,717.0,37317.47,32.560001373291016,34.437557220458984,1.8775558471679688
EV_006,719.0,37317.47,32.560001373291016,33.00743103027344,0.4474296569824219
EV_006,720.0,37317.47,32.560001373291016,33.20429229736328,0.6442909240722656
EV_006,722.0,37317.47,32.560001373291016,32.96339416503906,0.4033927917480469
EV_006,723.0,37317.47,32.560001373291016,33.213287353515625,0.6532859802246094
EV_006,725.0,37317.47,32.560001373291016,33.055519104003906,0.4955177307128906
EV_006,726.0,37317.47,32.560001373291016,32.9162712097168,0.35626983642578125
EV_006,727.0,37317.47,32.560001373291016,32.683250427246094,0.12324905395507812
EV_006,728.0,37317.47,32.560001373291016,32.41318893432617,-0.14681243896484375
EV_006,729.0,37317.47,32.560001373291016,32.63581085205078,0.07580947875976562
EV_006,730.0,37317.47,32.560001373291016,32.69447326660156,0.13447189331054688
EV_006,732.0,37317.47,32.560001373291016,33.901527404785156,1.3415260314941406
EV_006,734.0,37317.47,32.560001373291016,33.159942626953125,0.5999412536621094
EV_006,735.0,37317.47,32.560001373291016,33.53084945678711,0.9708480834960938
EV_006,736.0,37317.47,32.560001373291016,33.854461669921875,1.2944602966308594
EV_006,737.0,37317.47,32.560001373291016,33.66664123535156,1.1066398620605469
EV_006,738.0,37317.47,32.560001373291016,32.872802734375,0.3128013610839844
EV_006,739.0,37317.47,32.560001373291016,33.104366302490234,0.5443649291992188
EV_006,740.0,37317.47,32.560001373291016,33.56553649902344,1.0055351257324219
EV_006,741.0,37317.47,32.560001373291016,33.60143280029297,1.0414314270019531
EV_006,744.0,37317.47,32.560001373291016,33.35466003417969,0.7946586608886719
EV_006,745.0,37317.47,32.560001373291016,33.14025115966797,0.5802497863769531
EV_006,746.0,37317.47,32.560001373291016,33.16611099243164,0.606109619140625
EV_006,747.0,37317.47,32.560001373291016,33.11021041870117,0.5502090454101562
EV_006,748.0,37317.47,32.560001373291016,33.67054748535156,1.1105461120605469
EV_006,749.0,37317.47,32.560001373291016,33.76332473754883,1.2033233642578125
EV_006,750.0,37317.47,32.560001373291016,33.08769989013672,0.5276985168457031
EV_006,751.0,37317.47,32.560001373291016,33.71445846557617,1.1544570922851562
EV_006,752.0,37317.47,32.560001373291016,33.09348678588867,0.5334854125976562
EV_006,753.0,37317.47,32.560001373291016,33.39743423461914,0.837432861328125
EV_006,754.0,37317.47,32.560001373291016,32.513877868652344,-0.046123504638671875
EV_006,756.0,37317.47,32.560001373291016,34.17596435546875,1.6159629821777344
EV_006,758.0,37317.47,32.560001373291016,33.218780517578125,0.6587791442871094
EV_006,760.0,37317.47,32.560001373291016,34.97057342529297,2.410572052001953
EV_006,761.0,37317.47,32.560001373291016,35.14334487915039,2.583343505859375
EV_006,763.0,37317.47,32.560001373291016,32.63664627075195,0.0766448974609375
EV_006,764.0,37317.47,32.560001373291016,32.342262268066406,-0.21773910522460938
EV_006,765.0,37317.47,32.560001373291016,32.15443420410156,-0.4055671691894531
EV_006,766.0,37317.47,32.560001373291016,32.97460174560547,0.4146003723144531
EV_006,767.0,37317.47,32.560001373291016,33.346920013427734,0.7869186401367188
EV_006,768.0,37317.47,32.560001373291016,33.14198684692383,0.5819854736328125
EV_006,769.0,37317.47,32.560001373291016,33.301979064941406,0.7419776916503906
EV_006,770.0,37317.47,32.560001373291016,32.68262481689453,0.12262344360351562
EV_006,771.0,37317.47,32.560001373291016,32.73625183105469,0.17625045776367188
EV_006,772.0,37317.47,32.560001373291016,33.0846061706543,0.5246047973632812
EV_006,773.0,37317.47,32.560001373291016,35.090293884277344,2.530292510986328
EV_006,774.0,37317.47,32.560001373291016,35.14334487915039,2.583343505859375
EV_006,775.0,37317.47,32.560001373291016,33.41352844238281,0.8535270690917969
EV_006,777.0,37317.47,32.560001373291016,33.373512268066406,0.8135108947753906
EV_006,778.0,37317.47,32.560001373291016,34.47605514526367,1.9160537719726562
EV_006,779.0,37317.47,32.560001373291016,32.78036117553711,0.22035980224609375
EV_006,780.0,37317.47,32.560001373291016,32.62603759765625,0.06603622436523438
EV_006,781.0,37317.47,32.560001373291016,32.712615966796875,0.15261459350585938
EV_006,783.0,37317.47,32.560001373291016,32.557838439941406,-0.002162933349609375
EV_006,784.0,37317.47,32.560001373291016,32.85380554199219,0.2938041687011719
EV_006,819.0,37317.47,32.560001373291016,34.48617172241211,1.9261703491210938
EV_006,820.0,37317.47,32.560001373291016,34.218013763427734,1.6580123901367188
EV_006,824.0,37317.47,32.560001373291016,34.258270263671875,1.6982688903808594
EV_006,825.0,37317.47,32.560001373291016,34.983070373535156,2.4230690002441406
EV_006,826.0,37317.47,32.560001373291016,34.373172760009766,1.81317138671875
EV_006,827.0,37317.47,32.560001373291016,34.14023971557617,1.5802383422851562
EV_006,829.0,37317.47,32.560001373291016,33.81646728515625,1.2564659118652344
EV_006,829.0,37317.47,32.560001373291016,33.555519104003906,0.9955177307128906
EV_006,829.0,37317.47,32.560001373291016,32.410125732421875,-0.14987564086914062
EV_006,830.0,37317.47,32.560001373291016,32.64335250854492,0.08335113525390625
EV_006,831.0,37317.47,32.560001373291016,33.010215759277344,0.4502143859863281
EV_006,832.0,37317.47,32.560001373291016,33.025840759277344,0.4658393859863281
EV_006,833.0,37317.47,32.560001373291016,32.79170227050781,0.23170089721679688
EV_006,834.0,37317.47,32.560001373291016,33.81435012817383,1.2543487548828125
EV_006,835.0,37317.47,32.560001373291016,33.77224349975586,1.2122421264648438
EV_006,844.0,37317.47,32.560001373291016,32.99245071411133,0.4324493408203125
EV_006,845.0,37317.47,32.560001373291016,33.89567565917969,1.3356742858886719
EV_006,846.0,37317.47,32.560001373291016,33.996673583984375,1.4366722106933594
EV_006,847.0,37317.47,32.560001373291016,32.8303108215332,0.2703094482421875
EV_006,848.0,37317.47,32.560001373291016,32.94411849975586,0.38411712646484375
EV_006,848.0,37317.47,32.560001373291016,32.74108123779297,0.18107986450195312
EV_006,849.0,37317.47,32.560001373291016,32.766483306884766,0.20648193359375
EV_006,848.0,37317.47,32.560001373291016,32.697933197021484,0.13793182373046875
EV_006,849.0,37317.47,32.560001373291016,33.470855712890625,0.9108543395996094
EV_006,850.0,37317.47,32.560001373291016,32.74123001098633,0.1812286376953125
EV_006,849.0,37317.47,32.560001373291016,32.63318634033203,0.07318496704101562
EV_006,850.0,37317.47,32.560001373291016,33.54330825805664,0.983306884765625
EV_006,851.0,37317.47,32.560001373291016,33.35958480834961,0.7995834350585938
EV_006,852.0,37317.47,32.560001373291016,33.167442321777344,0.6074409484863281
EV_006,850.0,37317.47,32.560001373291016,32.71929931640625,0.15929794311523438
EV_006,853.0,37317.47,32.560001373291016,33.58930587768555,1.0293045043945312
EV_006,855.0,37317.47,32.560001373291016,35.10734939575195,2.5473480224609375
EV_006,856.0,37317.47,32.560001373291016,33.61903381347656,1.0590324401855469
EV_006,858.0,37317.47,32.560001373291016,32.55874252319336,-0.00125885009765625
EV_006,859.0,37317.47,32.560001373291016,32.61424255371094,0.054241180419921875
EV_006,860.0,37317.47,32.560001373291016,32.46089172363281,-0.09910964965820312
EV_006,861.0,37317.47,32.560001373291016,32.591453552246094,0.031452178955078125
EV_006,862.0,37317.47,32.560001373291016,32.4789924621582,-0.0810089111328125
EV_006,863.0,37317.47,32.560001373291016,34.756683349609375,2.1966819763183594
EV_006,864.0,37317.47,32.560001373291016,34.397212982177734,1.8372116088867188
EV_006,868.0,37317.47,32.560001373291016,34.64556121826172,2.085559844970703
EV_006,883.0,37317.47,32.560001373291016,32.835323333740234,0.27532196044921875
EV_006,883.0,37317.47,32.560001373291016,33.849422454833984,1.2894210815429688
EV_006,884.0,37317.47,32.560001373291016,34.94816970825195,2.3881683349609375
EV_006,883.0,37317.47,32.560001373291016,33.239418029785156,0.6794166564941406
EV_006,884.0,37317.47,32.560001373291016,33.12936782836914,0.569366455078125
EV_006,884.0,37317.47,32.560001373291016,33.83317184448242,1.2731704711914062
EV_006,885.0,37317.47,32.560001373291016,34.028079986572266,1.46807861328125
EV_006,886.0,37317.47,32.560001373291016,33.27809524536133,0.7180938720703125
EV_006,888.0,37317.47,32.560001373291016,32.406856536865234,-0.15314483642578125
EV_006,889.0,37317.47,32.560001373291016,32.61537170410156,0.055370330810546875
EV_006,891.0,37317.47,32.560001373291016,34.695335388183594,2.135334014892578
EV_006,892.0,37317.47,32.560001373291016,35.382450103759766,2.82244873046875
EV_006,894.0,37317.47,32.560001373291016,34.45486831665039,1.894866943359375
EV_006,895.0,37317.47,32.560001373291016,34.44136428833008,1.8813629150390625
EV_006,896.0,37317.47,32.560001373291016,34.48771286010742,1.9277114868164062
EV_006,897.0,37317.47,32.560001373291016,34.42509841918945,1.8650970458984375
EV_006,898.0,37317.47,32.560001373291016,34.7057991027832,2.1457977294921875
EV_006,899.0,37317.47,32.560001373291016,34.7057991027832,2.1457977294921875
EV_006,901.0,37317.47,32.560001373291016,34.7057991027832,2.1457977294921875
EV_006,903.0,37317.47,32.560001373291016,34.411251068115234,1.8512496948242188
EV_006,904.0,37317.47,32.560001373291016,34.411251068115234,1.8512496948242188
EV_006,905.0,37317.47,32.560001373291016,34.48771286010742,1.9277114868164062
EV_006,906.0,37317.47,32.560001373291016,34.42509841918945,1.8650970458984375
EV_006,907.0,37317.47,32.560001373291016,34.30449295043945,1.7444915771484375
EV_006,909.0,37317.47,32.560001373291016,32.80278778076172,0.24278640747070312
EV_006,910.0,37317.47,32.560001373291016,33.262916564941406,0.7029151916503906
EV_006,910.0,37317.47,32.560001373291016,33.550167083740234,0.9901657104492188
EV_006,911.0,37317.47,32.560001373291016,34.12258529663086,1.5625839233398438
EV_006,909.0,37317.47,32.560001373291016,34.3177604675293,1.7577590942382812
EV_006,911.0,37317.47,32.560001373291016,33.957035064697266,1.39703369140625
EV_006,912.0,37317.47,32.560001373291016,33.027992248535156,0.4679908752441406
EV_006,910.0,37317.47,32.560001373291016,34.3177604675293,1.7577590942382812
EV_006,911.0,37317.47,32.560001373291016,33.02490997314453,0.4649085998535156
EV_006,912.0,37317.47,32.560001373291016,32.757781982421875,0.19778060913085938
EV_006,913.0,37317.47,32.560001373291016,32.83864974975586,0.27864837646484375
EV_006,913.0,37317.47,32.560001373291016,33.18171691894531,0.6217155456542969
EV_006,914.0,37317.47,32.560001373291016,32.60712814331055,0.04712677001953125
EV_006,912.0,37317.47,32.560001373291016,32.551734924316406,-0.008266448974609375
EV_006,914.0,37317.47,32.560001373291016,33.470481872558594,0.9104804992675781
EV_006,915.0,37317.47,32.560001373291016,32.58013916015625,0.020137786865234375
EV_006,913.0,37317.47,32.560001373291016,33.44669723510742,0.8866958618164062
EV_006,914.0,37317.47,32.560001373291016,33.82537078857422,1.2653694152832031
EV_006,915.0,37317.47,32.560001373291016,34.62744140625,2.0674400329589844
EV_006,916.0,37317.47,32.560001373291016,32.609230041503906,0.049228668212890625
EV_006,916.0,37317.47,32.560001373291016,34.756797790527344,2.196796417236328
EV_006,917.0,37317.47,32.560001373291016,33.64988708496094,1.0898857116699219
EV_006,915.0,37317.47,32.560001373291016,33.45393371582031,0.8939323425292969
EV_006,918.0,37317.47,32.560001373291016,32.623634338378906,0.06363296508789062
EV_006,916.0,37317.47,32.560001373291016,32.94411849975586,0.38411712646484375
EV_006,917.0,37317.47,32.560001373291016,32.785160064697266,0.22515869140625
EV_006,918.0,37317.47,32.560001373291016,34.3177604675293,1.7577590942382812
EV_006,918.0,37317.47,32.560001373291016,32.7689208984375,0.20891952514648438
EV_006,919.0,37317.47,32.560001373291016,33.51335906982422,0.9533576965332031
EV_006,920.0,37317.47,32.560001373291016,32.601158142089844,0.041156768798828125
EV_006,921.0,37317.47,32.560001373291016,34.48286056518555,1.9228591918945312
EV_006,923.0,37317.47,32.560001373291016,32.29258728027344,-0.2674140930175781
EV_006,924.0,37317.47,32.560001373291016,32.341068267822266,-0.21893310546875
EV_006,925.0,37317.47,32.560001373291016,32.463443756103516,-0.0965576171875
EV_006,926.0,37317.47,32.560001373291016,32.48296356201172,-0.07703781127929688
EV_006,927.0,37317.47,32.560001373291016,32.68754196166992,0.12754058837890625
EV_006,928.0,37317.47,32.560001373291016,32.724395751953125,0.16439437866210938
EV_006,929.0,37317.47,32.560001373291016,32.78376388549805,0.22376251220703125
EV_006,931.0,37317.47,32.560001373291016,34.081783294677734,1.5217819213867188
EV_006,932.0,37317.47,32.560001373291016,34.70823669433594,2.148235321044922
EV_006,937.0,37317.47,32.560001373291016,34.3177604675293,1.7577590942382812
EV_006,940.0,37317.47,32.560001373291016,32.88900375366211,0.32900238037109375
EV_006,938.0,37317.47,32.560001373291016,34.3177604675293,1.7577590942382812
EV_006,941.0,37317.47,32.560001373291016,32.26416015625,-0.2958412170410156
EV_006,939.0,37317.47,32.560001373291016,34.45486831665039,1.894866943359375
EV_006,940.0,37317.47,32.560001373291016,33.151763916015625,0.5917625427246094
EV_006,940.0,37317.47,32.560001373291016,34.411251068115234,1.8512496948242188
EV_006,941.0,37317.47,32.560001373291016,33.2117805480957,0.6517791748046875
EV_006,942.0,37317.47,32.560001373291016,32.613304138183594,0.053302764892578125
EV_006,942.0,37317.47,32.560001373291016,33.8902702331543,1.3302688598632812
EV_006,943.0,37317.47,32.560001373291016,35.18766403198242,2.6276626586914062
EV_006,941.0,37317.47,32.560001373291016,34.48771286010742,1.9277114868164062
EV_006,943.0,37317.47,32.560001373291016,33.269771575927734,0.7097702026367188
EV_006,944.0,37317.47,32.560001373291016,34.13822937011719,1.5782279968261719
EV_006,942.0,37317.47,32.560001373291016,34.4504508972168,1.8904495239257812
EV_006,944.0,37317.47,32.560001373291016,33.040321350097656,0.4803199768066406
EV_006,945.0,37317.47,32.560001373291016,34.3177604675293,1.7577590942382812
EV_006,946.0,37317.47,32.560001373291016,34.3177604675293,1.7577590942382812
EV_006,947.0,37317.47,32.560001373291016,34.3177604675293,1.7577590942382812
EV_006,948.0,37317.47,32.560001373291016,34.3177604675293,1.7577590942382812
EV_006,949.0,37317.47,32.560001373291016,34.3177604675293,1.7577590942382812
EV_006,950.0,37317.47,32.560001373291016,34.3177604675293,1.7577590942382812
EV_006,951.0,37317.47,32.560001373291016,34.411251068115234,1.8512496948242188
EV_006,952.0,37317.47,32.560001373291016,34.42509841918945,1.8650970458984375
EV_006,954.0,37317.47,32.560001373291016,34.3177604675293,1.7577590942382812
EV_006,955.0,37317.47,32.560001373291016,34.3177604675293,1.7577590942382812
EV_006,965.0,37317.47,32.560001373291016,33.2528190612793,0.6928176879882812
EV_006,967.0,37317.47,32.560001373291016,33.50498580932617,0.9449844360351562
EV_006,968.0,37317.47,32.560001373291016,33.514644622802734,0.9546432495117188
EV_006,971.0,37317.47,32.560001373291016,34.60082244873047,2.040821075439453
EV_006,973.0,37317.47,32.560001373291016,33.44084548950195,0.8808441162109375
EV_006,974.0,37317.47,32.560001373291016,33.48545455932617,0.9254531860351562
EV_006,979.0,37317.47,32.560001373291016,32.373504638671875,-0.18649673461914062
EV_006,977.0,37317.47,32.560001373291016,32.54650115966797,-0.013500213623046875
EV_006,980.0,37317.47,32.560001373291016,33.579193115234375,1.0191917419433594
EV_006,981.0,37317.47,32.560001373291016,34.26934051513672,1.7093391418457031
EV_006,982.0,37317.47,32.560001373291016,34.86461639404297,2.304615020751953
EV_006,983.0,37317.47,32.560001373291016,35.42325210571289,2.863250732421875
EV_006,985.0,37317.47,32.560001373291016,32.60012435913086,0.04012298583984375
EV_006,986.0,37317.47,32.560001373291016,34.22911071777344,1.6691093444824219
EV_006,987.0,37317.47,32.560001373291016,34.3177604675293,1.7577590942382812
EV_006,988.0,37317.47,32.560001373291016,34.3177604675293,1.7577590942382812
EV_006,989.0,37317.47,32.560001373291016,34.45560073852539,1.895599365234375
EV_006,990.0,37317.47,32.560001373291016,34.48771286010742,1.9277114868164062
EV_006,991.0,37317.47,32.560001373291016,34.09455108642578,1.5345497131347656
EV_006,992.0,37317.47,32.560001373291016,34.451778411865234,1.8917770385742188
EV_006,994.0,37317.47,32.560001373291016,32.533905029296875,-0.026096343994140625
EV_006,995.0,37317.47,32.560001373291016,33.3929557800293,0.8329544067382812
EV_006,996.0,37317.47,32.560001373291016,33.050758361816406,0.4907569885253906
EV_006,997.0,37317.47,32.560001373291016,32.860191345214844,0.3001899719238281
EV_006,998.0,37317.47,32.560001373291016,33.997772216796875,1.4377708435058594
EV_006,997.0,37317.47,32.560001373291016,34.42509841918945,1.8650970458984375
EV_006,999.0,37317.47,32.560001373291016,34.17793273925781,1.6179313659667969
EV_006,998.0,37317.47,32.560001373291016,34.29055404663086,1.7305526733398438
EV_006,101.0,37317.47,32.560001373291016,34.3297119140625,1.7697105407714844
EV_006,100.0,37317.47,32.560001373291016,34.3177604675293,1.7577590942382812
EV_006,102.0,37317.47,32.560001373291016,33.94753646850586,1.3875350952148438
EV_006,998.0,37317.47,32.560001373291016,34.12712860107422,1.5671272277832031
EV_006,999.0,37317.47,32.560001373291016,32.60184097290039,0.041839599609375
EV_006,101.0,37317.47,32.560001373291016,34.3177604675293,1.7577590942382812
EV_006,103.0,37317.47,32.560001373291016,34.2786865234375,1.7186851501464844
EV_006,102.0,37317.47,32.560001373291016,33.03102493286133,0.4710235595703125
EV_006,104.0,37317.47,32.560001373291016,33.27214050292969,0.7121391296386719
EV_006,101.0,37317.47,32.560001373291016,32.44184112548828,-0.11816024780273438
EV_006,103.0,37317.47,32.560001373291016,32.97291564941406,0.4129142761230469
EV_006,105.0,37317.47,32.560001373291016,32.65385437011719,0.09385299682617188
EV_006,102.0,37317.47,32.560001373291016,32.43052673339844,-0.12947463989257812
EV_006,104.0,37317.47,32.560001373291016,33.64260482788086,1.0826034545898438
EV_006,106.0,37317.47,32.560001373291016,32.591796875,0.031795501708984375
EV_006,103.0,37317.47,32.560001373291016,32.66986846923828,0.10986709594726562
EV_006,105.0,37317.47,32.560001373291016,32.65264892578125,0.09264755249023438
EV_006,107.0,37317.47,32.560001373291016,32.92113494873047,0.3611335754394531
EV_006,104.0,37317.47,32.560001373291016,32.783241271972656,0.22323989868164062
EV_006,106.0,37317.47,32.560001373291016,33.58027267456055,1.0202713012695312
EV_006,108.0,37317.47,32.560001373291016,32.716552734375,0.15655136108398438
EV_006,105.0,37317.47,32.560001373291016,34.264793395996094,1.7047920227050781
EV_006,107.0,37317.47,32.560001373291016,33.77224349975586,1.2122421264648438
EV_006,106.0,37317.47,32.560001373291016,34.704586029052734,2.1445846557617188
EV_006,108.0,37317.47,32.560001373291016,33.03324508666992,0.47324371337890625
EV_006,110.0,37317.47,32.560001373291016,33.708316802978516,1.1483154296875
EV_006,107.0,37317.47,32.560001373291016,33.58397674560547,1.0239753723144531
EV_006,109.0,37317.47,32.560001373291016,32.48634719848633,-0.0736541748046875
EV_006,111.0,37317.47,32.560001373291016,33.075401306152344,0.5153999328613281
EV_006,108.0,37317.47,32.560001373291016,33.04146194458008,0.4814605712890625
EV_006,110.0,37317.47,32.560001373291016,32.75447463989258,0.1944732666015625
EV_006,112.0,37317.47,32.560001373291016,32.57917022705078,0.019168853759765625
EV_006,109.0,37317.47,32.560001373291016,32.330230712890625,-0.22977066040039062
EV_006,111.0,37317.47,32.560001373291016,34.49501037597656,1.9350090026855469
EV_006,113.0,37317.47,32.560001373291016,32.87137222290039,0.311370849609375
EV_006,110.0,37317.47,32.560001373291016,32.62883758544922,0.06883621215820312
EV_006,112.0,37317.47,32.560001373291016,34.73062515258789,2.170623779296875
EV_006,114.0,37317.47,32.560001373291016,33.354713439941406,0.7947120666503906
EV_006,111.0,37317.47,32.560001373291016,33.378299713134766,0.81829833984375
EV_006,113.0,37317.47,32.560001373291016,33.27222442626953,0.7122230529785156
EV_006,115.0,37317.47,32.560001373291016,33.13350296020508,0.5735015869140625
EV_006,112.0,37317.47,32.560001373291016,33.33122634887695,0.7712249755859375
EV_006,114.0,37317.47,32.560001373291016,32.999393463134766,0.43939208984375
EV_006,116.0,37317.47,32.560001373291016,34.167198181152344,1.6071968078613281
EV_006,117.0,37317.47,32.560001373291016,33.71650695800781,1.1565055847167969
EV_006,114.0,37317.47,32.560001373291016,32.823970794677734,0.26396942138671875
EV_006,116.0,37317.47,32.560001373291016,33.359622955322266,0.79962158203125
EV_006,118.0,37317.47,32.560001373291016,33.71522521972656,1.1552238464355469
EV_006,115.0,37317.47,32.560001373291016,32.68474197387695,0.1247406005859375
EV_006,119.0,37317.47,32.560001373291016,33.279850006103516,0.7198486328125
EV_006,116.0,37317.47,32.560001373291016,32.69740676879883,0.1374053955078125
EV_006,118.0,37317.47,32.560001373291016,32.633522033691406,0.07352066040039062
EV_006,117.0,37317.47,32.560001373291016,32.71131896972656,0.15131759643554688
EV_006,119.0,37317.47,32.560001373291016,32.69434356689453,0.13434219360351562
EV_006,121.0,37317.47,32.560001373291016,33.144893646240234,0.5848922729492188
EV_006,118.0,37317.47,32.560001373291016,34.190433502197266,1.63043212890625
EV_006,122.0,37317.47,32.560001373291016,33.19771194458008,0.6377105712890625
EV_006,119.0,37317.47,32.560001373291016,34.64605712890625,2.0860557556152344
EV_006,123.0,37317.47,32.560001373291016,33.148170471191406,0.5881690979003906
EV_006,120.0,37317.47,32.560001373291016,34.64605712890625,2.0860557556152344
EV_006,125.0,37317.47,32.560001373291016,33.237525939941406,0.6775245666503906
EV_006,124.0,37317.47,32.560001373291016,34.3177604675293,1.7577590942382812
EV_006,126.0,37317.47,32.560001373291016,33.329551696777344,0.7695503234863281
EV_006,125.0,37317.47,32.560001373291016,34.3177604675293,1.7577590942382812
EV_006,127.0,37317.47,32.560001373291016,33.367164611816406,0.8071632385253906
EV_006,124.0,37317.47,32.560001373291016,34.3177604675293,1.7577590942382812
EV_006,128.0,37317.47,32.560001373291016,33.367164611816406,0.8071632385253906
EV_006,125.0,37317.47,32.560001373291016,34.3177604675293,1.7577590942382812
EV_006,126.0,37317.47,32.560001373291016,34.3177604675293,1.7577590942382812
EV_006,126.0,37317.47,32.560001373291016,34.3177604675293,1.7577590942382812
EV_006,127.0,37317.47,32.560001373291016,34.3177604675293,1.7577590942382812
EV_006,129.0,37317.47,32.560001373291016,33.387611389160156,0.8276100158691406
EV_006,128.0,37317.47,32.560001373291016,34.411251068115234,1.8512496948242188
EV_006,130.0,37317.47,32.560001373291016,32.516502380371094,-0.043498992919921875
EV_006,127.0,37317.47,32.560001373291016,34.48771286010742,1.9277114868164062
EV_006,129.0,37317.47,32.560001373291016,34.48771286010742,1.9277114868164062
EV_006,131.0,37317.47,32.560001373291016,33.18171691894531,0.6217155456542969
EV_006,128.0,37317.47,32.560001373291016,34.30449295043945,1.7444915771484375
EV_006,132.0,37317.47,32.560001373291016,33.378562927246094,0.8185615539550781
EV_006,129.0,37317.47,32.560001373291016,34.7057991027832,2.1457977294921875
EV_006,130.0,37317.47,32.560001373291016,34.4278678894043,1.8678665161132812
EV_006,131.0,37317.47,32.560001373291016,34.4278678894043,1.8678665161132812
EV_006,133.0,37317.47,32.560001373291016,34.756797790527344,2.196796417236328
EV_006,132.0,37317.47,32.560001373291016,34.42509841918945,1.8650970458984375
EV_006,131.0,37317.47,32.560001373291016,34.3177604675293,1.7577590942382812
EV_006,132.0,37317.47,32.560001373291016,34.3177604675293,1.7577590942382812
EV_006,135.0,37317.47,32.560001373291016,35.05558776855469,2.495586395263672
EV_006,133.0,37317.47,32.560001373291016,34.4278678894043,1.8678665161132812
EV_006,134.0,37317.47,32.560001373291016,34.3177604675293,1.7577590942382812
EV_006,136.0,37317.47,32.560001373291016,35.15211486816406,2.592113494873047
EV_006,135.0,37317.47,32.560001373291016,34.3177604675293,1.7577590942382812
EV_006,136.0,37317.47,32.560001373291016,34.4504508972168,1.8904495239257812
EV_006,137.0,37317.47,32.560001373291016,34.87777328491211,2.3177719116210938
EV_006,135.0,37317.47,32.560001373291016,34.3177604675293,1.7577590942382812
EV_006,138.0,37317.47,32.560001373291016,34.7057991027832,2.1457977294921875
EV_006,137.0,37317.47,32.560001373291016,34.48771286010742,1.9277114868164062
EV_006,136.0,37317.47,32.560001373291016,34.3177604675293,1.7577590942382812
EV_006,137.0,37317.47,32.560001373291016,33.076290130615234,0.5162887573242188
EV_006,140.0,37317.47,32.560001373291016,34.3177604675293,1.7577590942382812
EV_006,138.0,37317.47,32.560001373291016,34.075191497802734,1.5151901245117188
EV_006,139.0,37317.47,32.560001373291016,33.23341751098633,0.6734161376953125
EV_006,140.0,37317.47,32.560001373291016,32.99992752075195,0.4399261474609375
EV_006,141.0,37317.47,32.560001373291016,34.3177604675293,1.7577590942382812
EV_006,139.0,37317.47,32.560001373291016,33.837806701660156,1.2778053283691406
EV_006,141.0,37317.47,32.560001373291016,32.964534759521484,0.40453338623046875
EV_006,142.0,37317.47,32.560001373291016,34.3177604675293,1.7577590942382812
EV_006,140.0,37317.47,32.560001373291016,33.652462005615234,1.0924606323242188
EV_006,143.0,37317.47,32.560001373291016,34.3177604675293,1.7577590942382812
EV_006,141.0,37317.47,32.560001373291016,33.709938049316406,1.1499366760253906
EV_006,142.0,37317.47,32.560001373291016,33.21666717529297,0.6566658020019531
EV_006,142.0,37317.47,32.560001373291016,33.67054748535156,1.1105461120605469
EV_006,143.0,37317.47,32.560001373291016,32.6026611328125,0.042659759521484375
EV_006,144.0,37317.47,32.560001373291016,34.3177604675293,1.7577590942382812
EV_006,144.0,37317.47,32.560001373291016,32.69672775268555,0.13672637939453125
EV_006,145.0,37317.47,32.560001373291016,34.3177604675293,1.7577590942382812
EV_006,143.0,37317.47,32.560001373291016,32.9364128112793,0.37641143798828125
EV_006,146.0,37317.47,32.560001373291016,34.3177604675293,1.7577590942382812
EV_006,144.0,37317.47,32.560001373291016,32.766746520996094,0.20674514770507812
EV_006,145.0,37317.47,32.560001373291016,32.58908462524414,0.029083251953125
EV_006,145.0,37317.47,32.560001373291016,32.625892639160156,0.06589126586914062
EV_006,146.0,37317.47,32.560001373291016,34.82073211669922,2.260730743408203
EV_006,146.0,37317.47,32.560001373291016,32.66082000732422,0.10081863403320312
EV_006,147.0,37317.47,32.560001373291016,34.51938247680664,1.959381103515625
EV_006,148.0,37317.47,32.560001373291016,34.5191764831543,1.9591751098632812
EV_006,153.0,37317.47,32.560001373291016,33.657867431640625,1.0978660583496094
EV_006,152.0,37317.47,32.560001373291016,34.20425033569336,1.6442489624023438
EV_006,153.0,37317.47,32.560001373291016,33.018428802490234,0.45842742919921875
EV_007,954.0,47900.86,32.560001373291016,34.452144622802734,1.8921432495117188
EV_007,955.0,47900.86,32.560001373291016,34.80632400512695,2.2463226318359375
EV_007,956.0,47900.86,32.560001373291016,34.80632400512695,2.2463226318359375
EV_007,957.0,47900.86,32.560001373291016,34.322601318359375,1.7625999450683594
EV_007,958.0,47900.86,32.560001373291016,34.22911071777344,1.6691093444824219
EV_007,960.0,47900.86,32.560001373291016,34.3177604675293,1.7577590942382812
EV_007,961.0,47900.86,32.560001373291016,34.3177604675293,1.7577590942382812
EV_007,962.0,47900.86,32.560001373291016,34.3177604675293,1.7577590942382812
EV_007,963.0,47900.86,32.560001373291016,34.4504508972168,1.8904495239257812
EV_007,967.0,47900.86,32.560001373291016,34.30449295043945,1.7444915771484375
EV_007,968.0,47900.86,32.560001373291016,34.31449508666992,1.7544937133789062
EV_007,970.0,47900.86,32.560001373291016,34.3177604675293,1.7577590942382812
EV_007,972.0,47900.86,32.560001373291016,34.3177604675293,1.7577590942382812
EV_007,973.0,47900.86,32.560001373291016,34.3177604675293,1.7577590942382812
EV_007,974.0,47900.86,32.560001373291016,34.3177604675293,1.7577590942382812
EV_007,975.0,47900.86,32.560001373291016,34.3177604675293,1.7577590942382812
EV_007,977.0,47900.86,32.560001373291016,34.3177604675293,1.7577590942382812
EV_007,978.0,47900.86,32.560001373291016,34.3177604675293,1.7577590942382812
EV_007,979.0,47900.86,32.560001373291016,34.3177604675293,1.7577590942382812
EV_007,980.0,47900.86,32.560001373291016,34.3177604675293,1.7577590942382812
EV_007,981.0,47900.86,32.560001373291016,33.11431121826172,0.5543098449707031
EV_007,982.0,47900.86,32.560001373291016,32.693939208984375,0.13393783569335938
EV_007,983.0,47900.86,32.560001373291016,33.528629302978516,0.9686279296875
EV_007,984.0,47900.86,32.560001373291016,34.74955368041992,2.1895523071289062
EV_007,986.0,47900.86,32.560001373291016,34.40715789794922,1.8471565246582031
EV_007,987.0,47900.86,32.560001373291016,34.57904815673828,2.0190467834472656
EV_007,989.0,47900.86,32.560001373291016,33.050819396972656,0.4908180236816406
EV_007,992.0,47900.86,32.560001373291016,34.11732864379883,1.5573272705078125
EV_007,993.0,47900.86,32.560001373291016,34.3520393371582,1.7920379638671875
EV_007,994.0,47900.86,32.560001373291016,33.41530227661133,0.8553009033203125
EV_007,995.0,47900.86,32.560001373291016,32.951602935791016,0.3916015625
EV_007,997.0,47900.86,32.560001373291016,32.54960632324219,-0.010395050048828125
EV_007,998.0,47900.86,32.560001373291016,32.46784591674805,-0.09215545654296875
EV_007,999.0,47900.86,32.560001373291016,32.97956085205078,0.4195594787597656
EV_007,100.0,47900.86,32.560001373291016,32.550479888916016,-0.009521484375
EV_007,101.0,47900.86,32.560001373291016,32.6103515625,0.050350189208984375
EV_007,102.0,47900.86,32.560001373291016,32.952171325683594,0.3921699523925781
EV_007,103.0,47900.86,32.560001373291016,34.64605712890625,2.0860557556152344
EV_007,104.0,47900.86,32.560001373291016,34.7057991027832,2.1457977294921875
EV_007,105.0,47900.86,32.560001373291016,34.83756637573242,2.2775650024414062
EV_007,106.0,47900.86,32.560001373291016,34.835697174072266,2.27569580078125
EV_007,108.0,47900.86,32.560001373291016,33.99076843261719,1.4307670593261719
EV_007,109.0,47900.86,32.560001373291016,33.3681526184082,0.8081512451171875
EV_007,110.0,47900.86,32.560001373291016,32.7064208984375,0.14641952514648438
EV_007,113.0,47900.86,32.560001373291016,34.17955780029297,1.6195564270019531
EV_007,114.0,47900.86,32.560001373291016,33.92398452758789,1.363983154296875
EV_007,115.0,47900.86,32.560001373291016,33.29619598388672,0.7361946105957031
EV_007,116.0,47900.86,32.560001373291016,33.47970962524414,0.919708251953125
EV_007,117.0,47900.86,32.560001373291016,34.24529266357422,1.6852912902832031
EV_007,118.0,47900.86,32.560001373291016,33.870243072509766,1.31024169921875
EV_007,119.0,47900.86,32.560001373291016,33.37301254272461,0.8130111694335938
EV_007,120.0,47900.86,32.560001373291016,32.758365631103516,0.1983642578125
EV_007,121.0,47900.86,32.560001373291016,32.81852722167969,0.2585258483886719
EV_007,122.0,47900.86,32.560001373291016,33.006797790527344,0.4467964172363281
EV_007,124.0,47900.86,32.560001373291016,32.452884674072266,-0.10711669921875
EV_007,125.0,47900.86,32.560001373291016,32.81777572631836,0.25777435302734375
EV_007,126.0,47900.86,32.560001373291016,32.67683792114258,0.1168365478515625
EV_007,127.0,47900.86,32.560001373291016,32.84433364868164,0.284332275390625
EV_007,128.0,47900.86,32.560001373291016,34.13155746459961,1.5715560913085938
EV_007,129.0,47900.86,32.560001373291016,33.72026824951172,1.1602668762207031
EV_007,130.0,47900.86,32.560001373291016,33.72285842895508,1.1628570556640625
EV_007,131.0,47900.86,32.560001373291016,34.314056396484375,1.7540550231933594
EV_007,132.0,47900.86,32.560001373291016,34.54403305053711,1.9840316772460938
EV_007,133.0,47900.86,32.560001373291016,33.71133804321289,1.151336669921875
EV_007,134.0,47900.86,32.560001373291016,33.44333267211914,0.883331298828125
EV_007,136.0,47900.86,32.560001373291016,33.69527816772461,1.1352767944335938
EV_007,137.0,47900.86,32.560001373291016,34.261234283447266,1.70123291015625
EV_007,138.0,47900.86,32.560001373291016,33.43758773803711,0.8775863647460938
EV_007,139.0,47900.86,32.560001373291016,32.971527099609375,0.4115257263183594
EV_007,140.0,47900.86,32.560001373291016,33.07345199584961,0.5134506225585938
EV_007,141.0,47900.86,32.560001373291016,32.55929183959961,-0.00070953369140625
EV_007,142.0,47900.86,32.560001373291016,33.54701232910156,0.9870109558105469
EV_007,143.0,47900.86,32.560001373291016,33.3878173828125,0.8278160095214844
EV_007,147.0,47900.86,32.560001373291016,33.641971588134766,1.08197021484375
EV_007,149.0,47900.86,32.560001373291016,32.472190856933594,-0.08781051635742188
EV_007,150.0,47900.86,32.560001373291016,32.79774475097656,0.23774337768554688
EV_007,151.0,47900.86,32.560001373291016,32.75766372680664,0.197662353515625
EV_007,153.0,47900.86,32.560001373291016,32.43052673339844,-0.12947463989257812
EV_007,154.0,47900.86,32.560001373291016,32.68212127685547,0.12211990356445312
EV_007,155.0,47900.86,32.560001373291016,32.373291015625,-0.18671035766601562
EV_007,156.0,47900.86,32.560001373291016,32.60289001464844,0.042888641357421875
EV_007,157.0,47900.86,32.560001373291016,32.940643310546875,0.3806419372558594
EV_007,158.0,47900.86,32.560001373291016,32.92304611206055,0.36304473876953125
EV_007,159.0,47900.86,32.560001373291016,32.72880554199219,0.16880416870117188
EV_007,160.0,47900.86,32.560001373291016,33.32015609741211,0.7601547241210938
EV_007,161.0,47900.86,32.560001373291016,32.43010711669922,-0.12989425659179688
EV_007,162.0,47900.86,32.560001373291016,34.60292053222656,2.042919158935547
EV_007,163.0,47900.86,32.560001373291016,33.6302604675293,1.0702590942382812
EV_007,164.0,47900.86,32.560001373291016,32.89015197753906,0.3301506042480469
EV_007,165.0,47900.86,32.560001373291016,32.67724609375,0.11724472045898438
EV_007,167.0,47900.86,32.560001373291016,32.68336868286133,0.1233673095703125
EV_007,168.0,47900.86,32.560001373291016,32.43324661254883,-0.1267547607421875
EV_007,169.0,47900.86,32.560001373291016,33.17228317260742,0.6122817993164062
EV_007,170.0,47900.86,32.560001373291016,32.86600875854492,0.30600738525390625
EV_007,171.0,47900.86,32.560001373291016,32.42295837402344,-0.13704299926757812
EV_007,172.0,47900.86,32.560001373291016,32.63656997680664,0.076568603515625
EV_007,173.0,47900.86,32.560001373291016,32.494163513183594,-0.06583786010742188
EV_007,174.0,47900.86,32.560001373291016,32.81878662109375,0.2587852478027344
EV_007,175.0,47900.86,32.560001373291016,34.87490463256836,2.3149032592773438
EV_007,176.0,47900.86,32.560001373291016,33.929325103759766,1.36932373046875
EV_007,177.0,47900.86,32.560001373291016,33.46040725708008,0.9004058837890625
EV_007,180.0,47900.86,32.560001373291016,32.48760986328125,-0.07239151000976562
EV_007,181.0,47900.86,32.560001373291016,32.504737854003906,-0.055263519287109375
EV_007,182.0,47900.86,32.560001373291016,32.93925476074219,0.3792533874511719
EV_007,183.0,47900.86,32.560001373291016,32.46568298339844,-0.09431838989257812
EV_007,184.0,47900.86,32.560001373291016,34.049564361572266,1.48956298828125
EV_007,185.0,47900.86,32.560001373291016,34.31001281738281,1.7500114440917969
EV_007,186.0,47900.86,32.560001373291016,34.905662536621094,2.345661163330078
EV_007,187.0,47900.86,32.560001373291016,34.58867263793945,2.0286712646484375
EV_007,189.0,47900.86,32.560001373291016,34.4504508972168,1.8904495239257812
EV_007,190.0,47900.86,32.560001373291016,34.411251068115234,1.8512496948242188
EV_007,191.0,47900.86,32.560001373291016,34.43814468383789,1.878143310546875
EV_007,192.0,47900.86,32.560001373291016,34.42509841918945,1.8650970458984375
EV_007,193.0,47900.86,32.560001373291016,34.42509841918945,1.8650970458984375
EV_007,194.0,47900.86,32.560001373291016,34.30449295043945,1.7444915771484375
EV_007,195.0,47900.86,32.560001373291016,34.31449508666992,1.7544937133789062
EV_007,196.0,47900.86,32.560001373291016,34.7057991027832,2.1457977294921875
EV_007,198.0,47900.86,32.560001373291016,34.3177604675293,1.7577590942382812
EV_007,199.0,47900.86,32.560001373291016,34.3177604675293,1.7577590942382812
EV_007,200.0,47900.86,32.560001373291016,34.3177604675293,1.7577590942382812
EV_007,201.0,47900.86,32.560001373291016,34.3177604675293,1.7577590942382812
EV_007,202.0,47900.86,32.560001373291016,34.3177604675293,1.7577590942382812
EV_007,203.0,47900.86,32.560001373291016,34.3177604675293,1.7577590942382812
EV_007,204.0,47900.86,32.560001373291016,34.3177604675293,1.7577590942382812
EV_007,205.0,47900.86,32.560001373291016,34.3177604675293,1.7577590942382812
EV_007,206.0,47900.86,32.560001373291016,34.3177604675293,1.7577590942382812
EV_007,207.0,47900.86,32.560001373291016,34.3177604675293,1.7577590942382812
EV_007,209.0,47900.86,32.560001373291016,34.3177604675293,1.7577590942382812
EV_007,210.0,47900.86,32.560001373291016,34.3177604675293,1.7577590942382812
EV_007,211.0,47900.86,32.560001373291016,34.3177604675293,1.7577590942382812
EV_007,212.0,47900.86,32.560001373291016,34.3177604675293,1.7577590942382812
EV_007,215.0,47900.86,32.560001373291016,34.3177604675293,1.7577590942382812
EV_007,217.0,47900.86,32.560001373291016,32.96091079711914,0.400909423828125
EV_007,218.0,47900.86,32.560001373291016,32.69131088256836,0.13130950927734375
EV_007,219.0,47900.86,32.560001373291016,32.87757110595703,0.3175697326660156
EV_007,220.0,47900.86,32.560001373291016,33.20163345336914,0.641632080078125
EV_007,221.0,47900.86,32.560001373291016,34.079071044921875,1.5190696716308594
EV_007,222.0,47900.86,32.560001373291016,32.92790222167969,0.3679008483886719
EV_007,223.0,47900.86,32.560001373291016,32.88337707519531,0.3233757019042969
EV_007,224.0,47900.86,32.560001373291016,32.58753967285156,0.027538299560546875
EV_007,225.0,47900.86,32.560001373291016,33.382286071777344,0.8222846984863281
EV_007,226.0,47900.86,32.560001373291016,33.374847412109375,0.8148460388183594
EV_007,228.0,47900.86,32.560001373291016,32.78249740600586,0.22249603271484375
EV_007,229.0,47900.86,32.560001373291016,33.45659637451172,0.8965950012207031
EV_007,230.0,47900.86,32.560001373291016,33.83364486694336,1.2736434936523438
EV_007,231.0,47900.86,32.560001373291016,34.960166931152344,2.400165557861328
EV_007,232.0,47900.86,32.560001373291016,35.17423629760742,2.6142349243164062
EV_007,233.0,47900.86,32.560001373291016,34.3177604675293,1.7577590942382812
EV_007,234.0,47900.86,32.560001373291016,34.3177604675293,1.7577590942382812
EV_007,235.0,47900.86,32.560001373291016,34.3177604675293,1.7577590942382812
EV_007,236.0,47900.86,32.560001373291016,34.45560073852539,1.895599365234375
EV_007,237.0,47900.86,32.560001373291016,34.43814468383789,1.878143310546875
EV_007,238.0,47900.86,32.560001373291016,34.42509841918945,1.8650970458984375
EV_007,239.0,47900.86,32.560001373291016,34.30449295043945,1.7444915771484375
EV_007,240.0,47900.86,32.560001373291016,34.7057991027832,2.1457977294921875
EV_007,242.0,47900.86,32.560001373291016,34.3177604675293,1.7577590942382812
EV_007,243.0,47900.86,32.560001373291016,34.3177604675293,1.7577590942382812
EV_007,244.0,47900.86,32.560001373291016,34.3177604675293,1.7577590942382812
EV_007,245.0,47900.86,32.560001373291016,34.3177604675293,1.7577590942382812
EV_007,246.0,47900.86,32.560001373291016,34.3177604675293,1.7577590942382812
EV_007,247.0,47900.86,32.560001373291016,34.3177604675293,1.7577590942382812
EV_007,248.0,47900.86,32.560001373291016,34.3177604675293,1.7577590942382812
EV_007,249.0,47900.86,32.560001373291016,34.4504508972168,1.8904495239257812
EV_007,251.0,47900.86,32.560001373291016,34.3177604675293,1.7577590942382812
EV_007,253.0,47900.86,32.560001373291016,34.3177604675293,1.7577590942382812
EV_007,254.0,47900.86,32.560001373291016,34.3177604675293,1.7577590942382812
EV_007,257.0,47900.86,32.560001373291016,34.3177604675293,1.7577590942382812
EV_007,258.0,47900.86,32.560001373291016,34.3177604675293,1.7577590942382812
EV_007,259.0,47900.86,32.560001373291016,34.3177604675293,1.7577590942382812
EV_007,260.0,47900.86,32.560001373291016,34.3177604675293,1.7577590942382812
EV_007,261.0,47900.86,32.560001373291016,34.3177604675293,1.7577590942382812
EV_007,264.0,47900.86,32.560001373291016,34.3177604675293,1.7577590942382812
EV_007,265.0,47900.86,32.560001373291016,34.29055404663086,1.7305526733398438
EV_007,267.0,47900.86,32.560001373291016,34.28994369506836,1.7299423217773438
EV_007,268.0,47900.86,32.560001373291016,34.01726531982422,1.4572639465332031
EV_007,269.0,47900.86,32.560001373291016,34.44575119018555,1.8857498168945312
EV_007,270.0,47900.86,32.560001373291016,33.08329772949219,0.5232963562011719
EV_007,271.0,47900.86,32.560001373291016,34.445472717285156,1.8854713439941406
EV_007,272.0,47900.86,32.560001373291016,34.32372283935547,1.7637214660644531
EV_007,273.0,47900.86,32.560001373291016,33.818302154541016,1.25830078125
EV_007,274.0,47900.86,32.560001373291016,34.02143478393555,1.4614334106445312
EV_007,275.0,47900.86,32.560001373291016,33.099876403808594,0.5398750305175781
EV_007,277.0,47900.86,32.560001373291016,32.71026611328125,0.15026473999023438
EV_007,278.0,47900.86,32.560001373291016,32.7371711730957,0.1771697998046875
EV_007,279.0,47900.86,32.560001373291016,33.465728759765625,0.9057273864746094
EV_007,280.0,47900.86,32.560001373291016,32.498653411865234,-0.06134796142578125
EV_007,282.0,47900.86,32.560001373291016,33.838626861572266,1.27862548828125
EV_007,283.0,47900.86,32.560001373291016,33.8982048034668,1.3382034301757812
EV_007,284.0,47900.86,32.560001373291016,33.08015060424805,0.5201492309570312
EV_007,285.0,47900.86,32.560001373291016,32.9052734375,0.3452720642089844
EV_007,286.0,47900.86,32.560001373291016,32.7451057434082,0.1851043701171875
EV_007,287.0,47900.86,32.560001373291016,32.67817687988281,0.11817550659179688
EV_007,288.0,47900.86,32.560001373291016,32.76694869995117,0.20694732666015625
EV_007,289.0,47900.86,32.560001373291016,32.840457916259766,0.28045654296875
EV_007,290.0,47900.86,32.560001373291016,33.484832763671875,0.9248313903808594
EV_007,291.0,47900.86,32.560001373291016,33.157405853271484,0.5974044799804688
EV_007,293.0,47900.86,32.560001373291016,32.5833625793457,0.0233612060546875
EV_007,294.0,47900.86,32.560001373291016,32.48987579345703,-0.07012557983398438
EV_007,295.0,47900.86,32.560001373291016,32.50837707519531,-0.051624298095703125
EV_007,296.0,47900.86,32.560001373291016,32.99871063232422,0.4387092590332031
EV_007,297.0,47900.86,32.560001373291016,32.50096893310547,-0.059032440185546875
EV_007,298.0,47900.86,32.560001373291016,33.42756652832031,0.8675651550292969
EV_007,299.0,47900.86,32.560001373291016,33.14970397949219,0.5897026062011719
EV_007,300.0,47900.86,32.560001373291016,33.26849365234375,0.7084922790527344
EV_007,301.0,47900.86,32.560001373291016,33.30072784423828,0.7407264709472656
EV_007,302.0,47900.86,32.560001373291016,33.80881118774414,1.248809814453125
EV_007,304.0,47900.86,32.560001373291016,33.78123474121094,1.2212333679199219
EV_007,305.0,47900.86,32.560001373291016,33.82191467285156,1.2619132995605469
EV_007,306.0,47900.86,32.560001373291016,33.011409759521484,0.45140838623046875
EV_007,307.0,47900.86,32.560001373291016,32.97171401977539,0.411712646484375
EV_007,308.0,47900.86,32.560001373291016,32.874794006347656,0.3147926330566406
EV_007,309.0,47900.86,32.560001373291016,32.432674407958984,-0.12732696533203125
EV_007,310.0,47900.86,32.560001373291016,33.44987869262695,0.8898773193359375
EV_007,311.0,47900.86,32.560001373291016,34.100223541259766,1.54022216796875
EV_007,312.0,47900.86,32.560001373291016,34.13242721557617,1.5724258422851562
EV_007,314.0,47900.86,32.560001373291016,33.6068115234375,1.0468101501464844
EV_007,315.0,47900.86,32.560001373291016,34.44395446777344,1.8839530944824219
EV_007,316.0,47900.86,32.560001373291016,34.44515609741211,1.8851547241210938
EV_007,317.0,47900.86,32.560001373291016,33.43558883666992,0.8755874633789062
EV_007,318.0,47900.86,32.560001373291016,34.11183547973633,1.5518341064453125
EV_007,319.0,47900.86,32.560001373291016,33.08140182495117,0.5214004516601562
EV_007,320.0,47900.86,32.560001373291016,32.570831298828125,0.010829925537109375
EV_007,321.0,47900.86,32.560001373291016,32.56245803833008,0.0024566650390625
EV_007,322.0,47900.86,32.560001373291016,33.44718551635742,0.8871841430664062
EV_007,323.0,47900.86,32.560001373291016,33.842857360839844,1.2828559875488281
EV_007,325.0,47900.86,32.560001373291016,32.48126983642578,-0.07873153686523438
EV_007,326.0,47900.86,32.560001373291016,32.5715217590332,0.0115203857421875
EV_007,327.0,47900.86,32.560001373291016,32.62095260620117,0.06095123291015625
EV_007,328.0,47900.86,32.560001373291016,33.12677764892578,0.5667762756347656
EV_007,329.0,47900.86,32.560001373291016,34.20437240600586,1.6443710327148438
EV_007,330.0,47900.86,32.560001373291016,33.47465896606445,0.9146575927734375
EV_007,331.0,47900.86,32.560001373291016,34.40193557739258,1.8419342041015625
EV_007,332.0,47900.86,32.560001373291016,34.66971969604492,2.1097183227539062
EV_007,333.0,47900.86,32.560001373291016,33.4735221862793,0.9135208129882812
EV_007,335.0,47900.86,32.560001373291016,32.813880920410156,0.2538795471191406
EV_007,337.0,47900.86,32.560001373291016,32.498130798339844,-0.061870574951171875
EV_007,338.0,47900.86,32.560001373291016,32.996891021728516,0.4368896484375
EV_007,339.0,47900.86,32.560001373291016,32.95572280883789,0.395721435546875
EV_007,340.0,47900.86,32.560001373291016,32.576148986816406,0.016147613525390625
EV_007,341.0,47900.86,32.560001373291016,33.344058990478516,0.7840576171875
EV_007,342.0,47900.86,32.560001373291016,34.26052474975586,1.7005233764648438
EV_007,343.0,47900.86,32.560001373291016,34.64605712890625,2.0860557556152344
EV_007,344.0,47900.86,32.560001373291016,34.7057991027832,2.1457977294921875
EV_007,345.0,47900.86,32.560001373291016,34.83756637573242,2.2775650024414062
EV_007,346.0,47900.86,32.560001373291016,34.83756637573242,2.2775650024414062
EV_007,350.0,47900.86,32.560001373291016,35.01118087768555,2.4511795043945312
EV_007,351.0,47900.86,32.560001373291016,33.89250946044922,1.3325080871582031
EV_007,352.0,47900.86,32.560001373291016,33.27546691894531,0.7154655456542969
EV_007,353.0,47900.86,32.560001373291016,33.11153793334961,0.5515365600585938
EV_007,354.0,47900.86,32.560001373291016,34.56700134277344,2.006999969482422
EV_007,355.0,47900.86,32.560001373291016,33.311363220214844,0.7513618469238281
EV_007,356.0,47900.86,32.560001373291016,32.93946075439453,0.3794593811035156
EV_007,357.0,47900.86,32.560001373291016,33.372867584228516,0.8128662109375
EV_007,358.0,47900.86,32.560001373291016,33.22130584716797,0.6613044738769531
EV_007,360.0,47900.86,32.560001373291016,32.79305648803711,0.23305511474609375
EV_007,362.0,47900.86,32.560001373291016,32.53534698486328,-0.024654388427734375
EV_007,363.0,47900.86,32.560001373291016,32.86570358276367,0.30570220947265625
EV_007,364.0,47900.86,32.560001373291016,33.648033142089844,1.0880317687988281
EV_007,365.0,47900.86,32.560001373291016,33.0494499206543,0.48944854736328125
EV_007,366.0,47900.86,32.560001373291016,33.58069610595703,1.0206947326660156
EV_007,367.0,47900.86,32.560001373291016,33.01881408691406,0.4588127136230469
EV_007,368.0,47900.86,32.560001373291016,32.92240905761719,0.3624076843261719
EV_007,369.0,47900.86,32.560001373291016,32.881568908691406,0.3215675354003906
EV_007,370.0,47900.86,32.560001373291016,33.2894287109375,0.7294273376464844
EV_007,371.0,47900.86,32.560001373291016,32.660736083984375,0.10073471069335938
EV_007,372.0,47900.86,32.560001373291016,32.571556091308594,0.011554718017578125
EV_007,373.0,47900.86,32.560001373291016,32.912353515625,0.3523521423339844
EV_007,374.0,47900.86,32.560001373291016,33.76618957519531,1.2061882019042969
EV_007,375.0,47900.86,32.560001373291016,32.77436828613281,0.21436691284179688
EV_007,376.0,47900.86,32.560001373291016,33.430667877197266,0.87066650390625
EV_007,377.0,47900.86,32.560001373291016,34.06716537475586,1.5071640014648438
EV_007,378.0,47900.86,32.560001373291016,35.110008239746094,2.550006866455078
EV_007,379.0,47900.86,32.560001373291016,35.17423629760742,2.6142349243164062
EV_007,380.0,47900.86,32.560001373291016,35.281982421875,2.7219810485839844
EV_007,381.0,47900.86,32.560001373291016,35.471553802490234,2.9115524291992188
EV_007,382.0,47900.86,32.560001373291016,35.141319274902344,2.581317901611328
EV_007,383.0,47900.86,32.560001373291016,35.18239212036133,2.6223907470703125
EV_007,384.0,47900.86,32.560001373291016,35.22710418701172,2.667102813720703
EV_007,385.0,47900.86,32.560001373291016,34.6672248840332,2.1072235107421875
EV_007,386.0,47900.86,32.560001373291016,33.9555778503418,1.3955764770507812
EV_007,388.0,47900.86,32.560001373291016,32.53534698486328,-0.024654388427734375
EV_007,389.0,47900.86,32.560001373291016,33.77842330932617,1.2184219360351562
EV_007,390.0,47900.86,32.560001373291016,33.83584976196289,1.275848388671875
EV_007,392.0,47900.86,32.560001373291016,32.369667053222656,-0.19033432006835938
EV_007,393.0,47900.86,32.560001373291016,32.465423583984375,-0.09457778930664062
EV_007,394.0,47900.86,32.560001373291016,32.441261291503906,-0.11874008178710938
EV_007,395.0,47900.86,32.560001373291016,32.42607116699219,-0.13393020629882812
EV_007,396.0,47900.86,32.560001373291016,32.45420455932617,-0.10579681396484375
EV_007,397.0,47900.86,32.560001373291016,33.4537353515625,0.8937339782714844
EV_007,398.0,47900.86,32.560001373291016,33.88597106933594,1.3259696960449219
EV_007,399.0,47900.86,32.560001373291016,33.77633285522461,1.2163314819335938
EV_007,400.0,47900.86,32.560001373291016,34.41828155517578,1.8582801818847656
EV_007,401.0,47900.86,32.560001373291016,33.50580596923828,0.9458045959472656
EV_007,402.0,47900.86,32.560001373291016,33.836238861083984,1.2762374877929688
EV_007,403.0,47900.86,32.560001373291016,33.20937728881836,0.6493759155273438
EV_007,405.0,47900.86,32.560001373291016,32.47441101074219,-0.08559036254882812
EV_007,406.0,47900.86,32.560001373291016,33.21890640258789,0.658905029296875
EV_007,407.0,47900.86,32.560001373291016,33.4614372253418,0.9014358520507812
EV_007,408.0,47900.86,32.560001373291016,33.26939010620117,0.7093887329101562
EV_007,409.0,47900.86,32.560001373291016,33.38230895996094,0.8223075866699219
EV_007,411.0,47900.86,32.560001373291016,34.49116516113281,1.9311637878417969
EV_007,414.0,47900.86,32.560001373291016,33.03622817993164,0.476226806640625
EV_007,416.0,47900.86,32.560001373291016,33.232051849365234,0.6720504760742188
EV_007,417.0,47900.86,32.560001373291016,32.45671844482422,-0.10328292846679688
EV_007,418.0,47900.86,32.560001373291016,32.414093017578125,-0.14590835571289062
EV_007,419.0,47900.86,32.560001373291016,32.74108123779297,0.18107986450195312
EV_007,420.0,47900.86,32.560001373291016,32.504676818847656,-0.055324554443359375
EV_007,421.0,47900.86,32.560001373291016,33.15861511230469,0.5986137390136719
EV_007,423.0,47900.86,32.560001373291016,34.85087203979492,2.2908706665039062
EV_007,425.0,47900.86,32.560001373291016,33.44587707519531,0.8858757019042969
EV_007,426.0,47900.86,32.560001373291016,33.523231506347656,0.9632301330566406
EV_007,427.0,47900.86,32.560001373291016,34.521278381347656,1.9612770080566406
EV_007,428.0,47900.86,32.560001373291016,32.91609191894531,0.3560905456542969
EV_007,430.0,47900.86,32.560001373291016,32.66240692138672,0.10240554809570312
EV_007,431.0,47900.86,32.560001373291016,32.72316360473633,0.1631622314453125
EV_007,432.0,47900.86,32.560001373291016,32.61970138549805,0.05970001220703125
EV_007,433.0,47900.86,32.560001373291016,33.224159240722656,0.6641578674316406
EV_008,599.0,19322.06,32.5,33.80226135253906,1.3022613525390625
EV_008,606.0,19322.06,32.5,32.7760124206543,0.2760124206542969
EV_008,608.0,19322.06,32.5,32.98528289794922,0.48528289794921875
EV_008,610.0,19322.06,32.5,33.39168167114258,0.8916816711425781
EV_008,612.0,19322.06,32.5,32.93546676635742,0.4354667663574219
EV_008,613.0,19322.06,32.5,32.68748092651367,0.18748092651367188
EV_008,617.0,19322.06,32.5,32.56496047973633,0.06496047973632812
EV_008,618.0,19322.06,32.5,33.14635467529297,0.6463546752929688
EV_008,619.0,19322.06,32.5,32.68657684326172,0.18657684326171875
EV_008,621.0,19322.06,32.5,32.655616760253906,0.15561676025390625
EV_008,622.0,19322.06,32.5,33.42235565185547,0.9223556518554688
EV_008,624.0,19322.06,32.5,33.430667877197266,0.9306678771972656
EV_008,625.0,19322.06,32.5,33.585941314697266,1.0859413146972656
EV_008,626.0,19322.06,32.5,34.65235137939453,2.1523513793945312
EV_008,627.0,19322.06,32.5,34.66587829589844,2.1658782958984375
EV_008,628.0,19322.06,32.5,34.804656982421875,2.304656982421875
EV_008,629.0,19322.06,32.5,35.24492263793945,2.744922637939453
EV_008,630.0,19322.06,32.5,35.30370330810547,2.8037033081054688
EV_008,631.0,19322.06,32.5,35.43952560424805,2.939525604248047
EV_008,632.0,19322.06,32.5,35.38301086425781,2.8830108642578125
EV_008,634.0,19322.06,32.5,34.3177604675293,1.8177604675292969
EV_008,636.0,19322.06,32.5,34.3177604675293,1.8177604675292969
EV_008,637.0,19322.06,32.5,34.3177604675293,1.8177604675292969
EV_008,639.0,19322.06,32.5,34.3177604675293,1.8177604675292969
EV_008,640.0,19322.06,32.5,34.3177604675293,1.8177604675292969
EV_008,641.0,19322.06,32.5,34.3177604675293,1.8177604675292969
EV_008,642.0,19322.06,32.5,34.45486831665039,1.9548683166503906
EV_008,643.0,19322.06,32.5,34.411251068115234,1.9112510681152344
EV_008,645.0,19322.06,32.5,33.055580139160156,0.5555801391601562
EV_008,646.0,19322.06,32.5,35.25044250488281,2.7504425048828125
EV_008,647.0,19322.06,32.5,35.284393310546875,2.784393310546875
EV_008,648.0,19322.06,32.5,35.07341766357422,2.5734176635742188
EV_008,649.0,19322.06,32.5,34.26930236816406,1.7693023681640625
EV_008,653.0,19322.06,32.5,33.62863540649414,1.1286354064941406
EV_008,654.0,19322.06,32.5,33.51347351074219,1.0134735107421875
EV_008,655.0,19322.06,32.5,32.8375244140625,0.3375244140625
EV_008,656.0,19322.06,32.5,32.605873107910156,0.10587310791015625
EV_008,657.0,19322.06,32.5,32.7763786315918,0.2763786315917969
EV_008,658.0,19322.06,32.5,32.72539138793945,0.22539138793945312
EV_008,660.0,19322.06,32.5,33.013023376464844,0.5130233764648438
EV_008,661.0,19322.06,32.5,32.50096893310547,0.00096893310546875
EV_008,662.0,19322.06,32.5,34.006492614746094,1.5064926147460938
EV_008,663.0,19322.06,32.5,33.77619552612305,1.2761955261230469
EV_008,664.0,19322.06,32.5,33.9011344909668,1.4011344909667969
EV_008,666.0,19322.06,32.5,33.0865478515625,0.5865478515625
EV_008,667.0,19322.06,32.5,32.81958770751953,0.31958770751953125
EV_008,668.0,19322.06,32.5,32.644874572753906,0.14487457275390625
EV_008,670.0,19322.06,32.5,32.294403076171875,-0.205596923828125
EV_008,671.0,19322.06,32.5,32.47393035888672,-0.02606964111328125
EV_008,672.0,19322.06,32.5,32.48694610595703,-0.01305389404296875
EV_008,673.0,19322.06,32.5,32.74342727661133,0.24342727661132812
EV_008,674.0,19322.06,32.5,33.01175308227539,0.5117530822753906
EV_008,675.0,19322.06,32.5,32.959197998046875,0.459197998046875
EV_008,676.0,19322.06,32.5,32.47637939453125,-0.02362060546875
EV_008,677.0,19322.06,32.5,32.829429626464844,0.32942962646484375
EV_008,678.0,19322.06,32.5,33.75914001464844,1.2591400146484375
EV_008,679.0,19322.06,32.5,33.35154724121094,0.8515472412109375
EV_008,680.0,19322.06,32.5,34.665504455566406,2.1655044555664062
EV_008,681.0,19322.06,32.5,34.04866409301758,1.5486640930175781
EV_008,683.0,19322.06,32.5,34.648197174072266,2.1481971740722656
EV_008,685.0,19322.06,32.5,33.406890869140625,0.906890869140625
EV_008,686.0,19322.06,32.5,32.76158905029297,0.26158905029296875
EV_008,687.0,19322.06,32.5,33.17127227783203,0.6712722778320312
EV_008,688.0,19322.06,32.5,33.17127227783203,0.6712722778320312
EV_008,689.0,19322.06,32.5,33.283504486083984,0.7835044860839844
EV_008,690.0,19322.06,32.5,33.34922409057617,0.8492240905761719
EV_008,691.0,19322.06,32.5,33.260101318359375,0.760101318359375
EV_008,692.0,19322.06,32.5,32.710166931152344,0.21016693115234375
EV_008,693.0,19322.06,32.5,32.676239013671875,0.176239013671875
EV_008,694.0,19322.06,32.5,32.50596618652344,0.0059661865234375
EV_008,695.0,19322.06,32.5,32.87811279296875,0.37811279296875
EV_008,696.0,19322.06,32.5,32.78822326660156,0.2882232666015625
EV_008,698.0,19322.06,32.5,32.6409912109375,0.1409912109375
EV_008,702.0,19322.06,32.5,32.41148376464844,-0.0885162353515625
EV_008,703.0,19322.06,32.5,32.47264099121094,-0.0273590087890625
EV_008,704.0,19322.06,32.5,32.863616943359375,0.363616943359375
EV_008,705.0,19322.06,32.5,32.49209976196289,-0.007900238037109375
EV_008,706.0,19322.06,32.5,32.54383850097656,0.0438385009765625
EV_008,707.0,19322.06,32.5,32.50568389892578,0.00568389892578125
EV_008,708.0,19322.06,32.5,32.622314453125,0.122314453125
EV_008,709.0,19322.06,32.5,32.98307418823242,0.4830741882324219
EV_008,710.0,19322.06,32.5,33.18648147583008,0.6864814758300781
EV_008,711.0,19322.06,32.5,33.7686767578125,1.2686767578125
EV_008,712.0,19322.06,32.5,34.515079498291016,2.0150794982910156
EV_008,713.0,19322.06,32.5,35.48353576660156,2.9835357666015625
EV_008,715.0,19322.06,32.5,34.215606689453125,1.715606689453125
EV_008,718.0,19322.06,32.5,34.7057991027832,2.205799102783203
EV_008,720.0,19322.06,32.5,33.6171875,1.1171875
EV_008,721.0,19322.06,32.5,34.4405632019043,1.9405632019042969
EV_008,722.0,19322.06,32.5,33.733943939208984,1.2339439392089844
EV_008,723.0,19322.06,32.5,33.040802001953125,0.540802001953125
EV_008,724.0,19322.06,32.5,32.57389450073242,0.07389450073242188
EV_008,725.0,19322.06,32.5,32.572505950927734,0.07250595092773438
EV_008,726.0,19322.06,32.5,32.59749984741211,0.09749984741210938
EV_008,727.0,19322.06,32.5,32.787288665771484,0.2872886657714844
EV_008,729.0,19322.06,32.5,32.917301177978516,0.4173011779785156
EV_008,730.0,19322.06,32.5,33.36152648925781,0.8615264892578125
EV_008,731.0,19322.06,32.5,33.63826370239258,1.1382637023925781
EV_008,732.0,19322.06,32.5,33.653663635253906,1.1536636352539062
EV_008,733.0,19322.06,32.5,33.8344612121582,1.3344612121582031
EV_008,734.0,19322.06,32.5,33.011383056640625,0.511383056640625
EV_008,735.0,19322.06,32.5,32.99342346191406,0.4934234619140625
EV_008,736.0,19322.06,32.5,32.798465728759766,0.2984657287597656
EV_008,737.0,19322.06,32.5,32.49965286254883,-0.000347137451171875
EV_008,738.0,19322.06,32.5,32.7763786315918,0.2763786315917969
EV_008,739.0,19322.06,32.5,34.790252685546875,2.290252685546875
EV_008,741.0,19322.06,32.5,33.9045295715332,1.4045295715332031
EV_008,744.0,19322.06,32.5,33.606693267822266,1.1066932678222656
EV_008,745.0,19322.06,32.5,32.80812072753906,0.3081207275390625
EV_008,746.0,19322.06,32.5,33.08909606933594,0.5890960693359375
EV_008,747.0,19322.06,32.5,32.39094161987305,-0.10905838012695312
EV_008,748.0,19322.06,32.5,33.500762939453125,1.000762939453125
EV_008,749.0,19322.06,32.5,34.15707778930664,1.6570777893066406
EV_008,750.0,19322.06,32.5,34.38983917236328,1.8898391723632812
EV_008,754.0,19322.06,32.5,32.65385437011719,0.1538543701171875
EV_008,755.0,19322.06,32.5,32.52956008911133,0.029560089111328125
EV_008,756.0,19322.06,32.5,32.95073699951172,0.45073699951171875
EV_008,758.0,19322.06,32.5,32.64138412475586,0.14138412475585938
EV_008,759.0,19322.06,32.5,32.854713439941406,0.35471343994140625
EV_008,760.0,19322.06,32.5,34.50544738769531,2.0054473876953125
EV_008,761.0,19322.06,32.5,33.51707077026367,1.0170707702636719
EV_008,762.0,19322.06,32.5,33.63361740112305,1.1336174011230469
EV_008,763.0,19322.06,32.5,33.87712097167969,1.3771209716796875
EV_008,764.0,19322.06,32.5,34.02650833129883,1.5265083312988281
EV_008,765.0,19322.06,32.5,33.74403762817383,1.2440376281738281
EV_008,766.0,19322.06,32.5,32.949832916259766,0.4498329162597656
EV_008,767.0,19322.06,32.5,34.28000259399414,1.7800025939941406
EV_008,769.0,19322.06,32.5,33.95621871948242,1.4562187194824219
EV_008,770.0,19322.06,32.5,34.64740753173828,2.1474075317382812
EV_008,771.0,19322.06,32.5,34.514564514160156,2.0145645141601562
EV_008,772.0,19322.06,32.5,34.71278381347656,2.2127838134765625
EV_008,773.0,19322.06,32.5,33.33981704711914,0.8398170471191406
EV_008,774.0,19322.06,32.5,32.97390365600586,0.4739036560058594
EV_008,775.0,19322.06,32.5,33.01025390625,0.51025390625
EV_008,776.0,19322.06,32.5,32.96595001220703,0.46595001220703125
EV_008,778.0,19322.06,32.5,33.980735778808594,1.4807357788085938
EV_008,779.0,19322.06,32.5,33.55018997192383,1.0501899719238281
EV_008,780.0,19322.06,32.5,34.24840545654297,1.7484054565429688
EV_008,781.0,19322.06,32.5,33.973716735839844,1.4737167358398438
EV_008,782.0,19322.06,32.5,33.33804702758789,0.8380470275878906
EV_008,783.0,19322.06,32.5,33.17824172973633,0.6782417297363281
EV_008,784.0,19322.06,32.5,32.54946517944336,0.049465179443359375
EV_008,785.0,19322.06,32.5,32.73630905151367,0.23630905151367188
EV_008,786.0,19322.06,32.5,32.809417724609375,0.309417724609375
EV_008,788.0,19322.06,32.5,32.46885681152344,-0.0311431884765625
EV_008,789.0,19322.06,32.5,33.64585494995117,1.1458549499511719
EV_008,790.0,19322.06,32.5,34.367862701416016,1.8678627014160156
EV_008,791.0,19322.06,32.5,35.168643951416016,2.6686439514160156
EV_008,792.0,19322.06,32.5,34.32857894897461,1.8285789489746094
EV_008,793.0,19322.06,32.5,33.571380615234375,1.071380615234375
EV_008,794.0,19322.06,32.5,33.9696159362793,1.4696159362792969
EV_008,795.0,19322.06,32.5,34.42280197143555,1.9228019714355469
EV_008,796.0,19322.06,32.5,32.94804382324219,0.4480438232421875
EV_008,797.0,19322.06,32.5,32.63496398925781,0.1349639892578125
EV_008,798.0,19322.06,32.5,32.879390716552734,0.3793907165527344
EV_008,799.0,19322.06,32.5,34.46879196166992,1.9687919616699219
EV_008,801.0,19322.06,32.5,32.371524810791016,-0.12847518920898438
EV_008,802.0,19322.06,32.5,32.73820877075195,0.23820877075195312
EV_008,803.0,19322.06,32.5,32.65113067626953,0.15113067626953125
EV_008,804.0,19322.06,32.5,32.67585372924805,0.17585372924804688
EV_008,805.0,19322.06,32.5,32.604583740234375,0.104583740234375
EV_008,806.0,19322.06,32.5,32.559104919433594,0.05910491943359375
EV_008,807.0,19322.06,32.5,32.639488220214844,0.13948822021484375
EV_008,808.0,19322.06,32.5,32.4835205078125,-0.0164794921875
EV_008,809.0,19322.06,32.5,32.55934524536133,0.059345245361328125
EV_008,810.0,19322.06,32.5,32.84711456298828,0.34711456298828125
EV_008,811.0,19322.06,32.5,33.60413360595703,1.1041336059570312
EV_008,812.0,19322.06,32.5,34.070892333984375,1.570892333984375
EV_008,813.0,19322.06,32.5,34.76700973510742,2.267009735107422
EV_008,814.0,19322.06,32.5,34.81295394897461,2.3129539489746094
EV_008,815.0,19322.06,32.5,34.83756637573242,2.337566375732422
EV_008,817.0,19322.06,32.5,34.3177604675293,1.8177604675292969
EV_008,818.0,19322.06,32.5,34.3177604675293,1.8177604675292969
EV_008,819.0,19322.06,32.5,34.45486831665039,1.9548683166503906
EV_008,820.0,19322.06,32.5,34.411251068115234,1.9112510681152344
EV_008,821.0,19322.06,32.5,34.48771286010742,1.9877128601074219
EV_008,822.0,19322.06,32.5,34.4278678894043,1.9278678894042969
EV_008,823.0,19322.06,32.5,34.30449295043945,1.8044929504394531
EV_008,824.0,19322.06,32.5,34.7057991027832,2.205799102783203
EV_008,825.0,19322.06,32.5,34.7057991027832,2.205799102783203
EV_008,827.0,19322.06,32.5,34.3177604675293,1.8177604675292969
EV_008,829.0,19322.06,32.5,34.3177604675293,1.8177604675292969
EV_008,830.0,19322.06,32.5,34.3177604675293,1.8177604675292969
EV_008,831.0,19322.06,32.5,34.3177604675293,1.8177604675292969
EV_008,832.0,19322.06,32.5,34.3177604675293,1.8177604675292969
EV_008,833.0,19322.06,32.5,34.4504508972168,1.9504508972167969
EV_008,834.0,19322.06,32.5,34.48771286010742,1.9877128601074219
EV_008,836.0,19322.06,32.5,34.3177604675293,1.8177604675292969
EV_008,837.0,19322.06,32.5,34.89997863769531,2.3999786376953125
EV_008,838.0,19322.06,32.5,35.39662170410156,2.8966217041015625
EV_008,839.0,19322.06,32.5,35.0324821472168,2.532482147216797
EV_008,840.0,19322.06,32.5,34.678951263427734,2.1789512634277344
EV_008,841.0,19322.06,32.5,33.58441162109375,1.08441162109375
EV_008,842.0,19322.06,32.5,33.87249755859375,1.37249755859375
EV_008,843.0,19322.06,32.5,33.861202239990234,1.3612022399902344
EV_008,844.0,19322.06,32.5,34.86536407470703,2.3653640747070312
EV_008,845.0,19322.06,32.5,35.13639831542969,2.6363983154296875
EV_008,846.0,19322.06,32.5,34.58551025390625,2.08551025390625
EV_008,847.0,19322.06,32.5,34.121971130371094,1.6219711303710938
EV_008,850.0,19322.06,32.5,33.868125915527344,1.3681259155273438
EV_008,851.0,19322.06,32.5,33.671791076660156,1.1717910766601562
EV_008,852.0,19322.06,32.5,33.77492141723633,1.2749214172363281
EV_008,853.0,19322.06,32.5,33.29581832885742,0.7958183288574219
EV_008,854.0,19322.06,32.5,33.29437255859375,0.79437255859375
EV_008,855.0,19322.06,32.5,33.40473937988281,0.9047393798828125
EV_008,856.0,19322.06,32.5,33.34270477294922,0.8427047729492188
EV_008,858.0,19322.06,32.5,33.38261032104492,0.8826103210449219
EV_008,859.0,19322.06,32.5,34.24375915527344,1.7437591552734375
EV_008,861.0,19322.06,32.5,33.60169219970703,1.1016921997070312
EV_008,862.0,19322.06,32.5,34.011070251464844,1.5110702514648438
EV_008,863.0,19322.06,32.5,32.88804626464844,0.3880462646484375
EV_008,864.0,19322.06,32.5,32.58073043823242,0.08073043823242188
EV_008,867.0,19322.06,32.5,32.509368896484375,0.009368896484375
EV_008,868.0,19322.06,32.5,32.62701416015625,0.12701416015625
EV_008,871.0,19322.06,32.5,33.26993942260742,0.7699394226074219
EV_008,872.0,19322.06,32.5,34.34825897216797,1.8482589721679688
EV_008,873.0,19322.06,32.5,33.53879928588867,1.0387992858886719
EV_008,874.0,19322.06,32.5,33.4030876159668,0.9030876159667969
EV_008,875.0,19322.06,32.5,32.6588020324707,0.15880203247070312
EV_008,876.0,19322.06,32.5,32.721771240234375,0.221771240234375
EV_008,878.0,19322.06,32.5,33.691009521484375,1.191009521484375
EV_008,879.0,19322.06,32.5,33.376399993896484,0.8763999938964844
EV_008,880.0,19322.06,32.5,33.25609588623047,0.7560958862304688
EV_008,881.0,19322.06,32.5,34.52377700805664,2.0237770080566406
EV_008,882.0,19322.06,32.5,34.81295394897461,2.3129539489746094
EV_008,883.0,19322.06,32.5,34.80632400512695,2.306324005126953
EV_008,885.0,19322.06,32.5,34.30449295043945,1.8044929504394531
EV_008,886.0,19322.06,32.5,34.29055404663086,1.7905540466308594
EV_008,887.0,19322.06,32.5,34.7057991027832,2.205799102783203
EV_008,888.0,19322.06,32.5,34.7057991027832,2.205799102783203
EV_008,889.0,19322.06,32.5,34.58867263793945,2.088672637939453
EV_008,891.0,19322.06,32.5,34.48771286010742,1.9877128601074219
EV_008,892.0,19322.06,32.5,34.43814468383789,1.9381446838378906
EV_008,893.0,19322.06,32.5,34.42509841918945,1.9250984191894531
EV_008,894.0,19322.06,32.5,34.30449295043945,1.8044929504394531
EV_008,896.0,19322.06,32.5,32.864715576171875,0.364715576171875
EV_008,897.0,19322.06,32.5,33.21767044067383,0.7176704406738281
EV_008,898.0,19322.06,32.5,33.33302307128906,0.8330230712890625
EV_008,899.0,19322.06,32.5,33.26590347290039,0.7659034729003906
EV_008,900.0,19322.06,32.5,33.19773483276367,0.6977348327636719
EV_008,901.0,19322.06,32.5,32.816123962402344,0.31612396240234375
EV_008,902.0,19322.06,32.5,32.829429626464844,0.32942962646484375
EV_008,903.0,19322.06,32.5,33.935585021972656,1.4355850219726562
EV_008,904.0,19322.06,32.5,34.288143157958984,1.7881431579589844
EV_008,905.0,19322.06,32.5,35.10324478149414,2.6032447814941406
EV_008,906.0,19322.06,32.5,34.80433654785156,2.3043365478515625
EV_008,908.0,19322.06,32.5,34.26052474975586,1.7605247497558594
EV_008,909.0,19322.06,32.5,34.80632400512695,2.306324005126953
EV_008,912.0,19322.06,32.5,34.22911071777344,1.7291107177734375
EV_008,913.0,19322.06,32.5,34.3177604675293,1.8177604675292969
EV_008,914.0,19322.06,32.5,34.3177604675293,1.8177604675292969
EV_008,915.0,19322.06,32.5,34.3177604675293,1.8177604675292969
EV_008,916.0,19322.06,32.5,34.3177604675293,1.8177604675292969
EV_008,917.0,19322.06,32.5,34.3177604675293,1.8177604675292969
EV_008,918.0,19322.06,32.5,34.3177604675293,1.8177604675292969
EV_008,919.0,19322.06,32.5,34.3177604675293,1.8177604675292969
EV_008,920.0,19322.06,32.5,34.3177604675293,1.8177604675292969
EV_008,921.0,19322.06,32.5,34.3177604675293,1.8177604675292969
EV_008,922.0,19322.06,32.5,34.45486831665039,1.9548683166503906
EV_008,923.0,19322.06,32.5,34.48771286010742,1.9877128601074219
EV_008,924.0,19322.06,32.5,34.4278678894043,1.9278678894042969
EV_008,926.0,19322.06,32.5,32.35894775390625,-0.14105224609375
EV_008,927.0,19322.06,32.5,34.78115463256836,2.2811546325683594
EV_008,928.0,19322.06,32.5,34.799644470214844,2.2996444702148438
EV_008,929.0,19322.06,32.5,32.75554656982422,0.25554656982421875
EV_008,930.0,19322.06,32.5,34.24556350708008,1.7455635070800781
EV_008,931.0,19322.06,32.5,33.64382553100586,1.1438255310058594
EV_008,932.0,19322.06,32.5,32.38053894042969,-0.1194610595703125
EV_008,933.0,19322.06,32.5,32.603370666503906,0.10337066650390625
EV_008,934.0,19322.06,32.5,34.69733810424805,2.197338104248047
EV_008,935.0,19322.06,32.5,34.58408737182617,2.084087371826172
EV_008,936.0,19322.06,32.5,33.61764144897461,1.1176414489746094
EV_008,938.0,19322.06,32.5,32.31075668334961,-0.18924331665039062
EV_008,939.0,19322.06,32.5,32.46003723144531,-0.0399627685546875
EV_008,940.0,19322.06,32.5,32.449676513671875,-0.050323486328125
EV_008,941.0,19322.06,32.5,33.39257049560547,0.8925704956054688
EV_008,942.0,19322.06,32.5,33.8063850402832,1.3063850402832031
EV_008,943.0,19322.06,32.5,33.00648498535156,0.5064849853515625
EV_008,944.0,19322.06,32.5,33.91169357299805,1.4116935729980469
EV_008,945.0,19322.06,32.5,33.857940673828125,1.357940673828125
EV_008,946.0,19322.06,32.5,33.49147033691406,0.9914703369140625
EV_008,947.0,19322.06,32.5,32.771568298339844,0.27156829833984375
EV_008,948.0,19322.06,32.5,33.67863082885742,1.1786308288574219
EV_008,949.0,19322.06,32.5,32.59907531738281,0.0990753173828125
EV_008,950.0,19322.06,32.5,33.71797180175781,1.2179718017578125
EV_008,952.0,19322.06,32.5,33.322811126708984,0.8228111267089844
EV_008,953.0,19322.06,32.5,34.575347900390625,2.075347900390625
EV_008,954.0,19322.06,32.5,35.11149597167969,2.6114959716796875
EV_008,955.0,19322.06,32.5,34.738319396972656,2.2383193969726562
EV_008,956.0,19322.06,32.5,35.13028335571289,2.6302833557128906
EV_008,957.0,19322.06,32.5,34.22057342529297,1.7205734252929688
EV_008,958.0,19322.06,32.5,33.44790267944336,0.9479026794433594
EV_008,960.0,19322.06,32.5,34.528114318847656,2.0281143188476562
EV_008,961.0,19322.06,32.5,34.113304138183594,1.6133041381835938
EV_008,962.0,19322.06,32.5,33.7275505065918,1.2275505065917969
EV_008,963.0,19322.06,32.5,33.367286682128906,0.8672866821289062
EV_008,964.0,19322.06,32.5,33.61493682861328,1.1149368286132812
EV_008,965.0,19322.06,32.5,33.300601959228516,0.8006019592285156
EV_008,966.0,19322.06,32.5,34.53986740112305,2.039867401123047
EV_008,967.0,19322.06,32.5,32.722999572753906,0.22299957275390625
EV_008,968.0,19322.06,32.5,32.65654754638672,0.15654754638671875
EV_008,969.0,19322.06,32.5,32.50424575805664,0.004245758056640625
EV_008,970.0,19322.06,32.5,32.522132873535156,0.02213287353515625
EV_008,972.0,19322.06,32.5,32.43052673339844,-0.0694732666015625
EV_008,973.0,19322.06,32.5,33.039337158203125,0.539337158203125
EV_008,974.0,19322.06,32.5,33.54728317260742,1.0472831726074219
EV_008,975.0,19322.06,32.5,33.863128662109375,1.363128662109375
EV_008,976.0,19322.06,32.5,33.99967956542969,1.4996795654296875
EV_008,977.0,19322.06,32.5,33.5533447265625,1.0533447265625
EV_008,978.0,19322.06,32.5,33.64382553100586,1.1438255310058594
EV_008,979.0,19322.06,32.5,33.09063720703125,0.59063720703125
EV_008,980.0,19322.06,32.5,32.88585662841797,0.38585662841796875
EV_008,981.0,19322.06,32.5,33.55353927612305,1.0535392761230469
EV_008,982.0,19322.06,32.5,33.706111907958984,1.2061119079589844
EV_008,983.0,19322.06,32.5,33.62674331665039,1.1267433166503906
EV_009,828.0,47582.04,32.150001525878906,34.14384460449219,1.9938430786132812
EV_009,833.0,47582.04,32.150001525878906,35.07505798339844,2.9250564575195312
EV_009,834.0,47582.04,32.150001525878906,35.03741455078125,2.8874130249023438
EV_009,835.0,47582.04,32.150001525878906,33.32157897949219,1.1715774536132812
EV_009,838.0,47582.04,32.150001525878906,33.247169494628906,1.09716796875
EV_009,839.0,47582.04,32.150001525878906,33.16508102416992,1.0150794982910156
EV_009,840.0,47582.04,32.150001525878906,33.03682327270508,0.8868217468261719
EV_009,843.0,47582.04,32.150001525878906,33.886356353759766,1.7363548278808594
EV_009,844.0,47582.04,32.150001525878906,33.44538497924805,1.2953834533691406
EV_009,845.0,47582.04,32.150001525878906,33.16975021362305,1.0197486877441406
EV_009,846.0,47582.04,32.150001525878906,32.94251251220703,0.792510986328125
EV_009,847.0,47582.04,32.150001525878906,32.467323303222656,0.31732177734375
EV_009,848.0,47582.04,32.150001525878906,32.56343078613281,0.41342926025390625
EV_009,849.0,47582.04,32.150001525878906,32.585391998291016,0.4353904724121094
EV_009,850.0,47582.04,32.150001525878906,32.55207824707031,0.40207672119140625
EV_009,851.0,47582.04,32.150001525878906,33.004798889160156,0.85479736328125
EV_009,852.0,47582.04,32.150001525878906,32.52389144897461,0.3738899230957031
EV_009,854.0,47582.04,32.150001525878906,32.586151123046875,0.43614959716796875
EV_009,855.0,47582.04,32.150001525878906,32.93586730957031,0.7858657836914062
EV_009,860.0,47582.04,32.150001525878906,33.239051818847656,1.08905029296875
EV_009,861.0,47582.04,32.150001525878906,32.88787078857422,0.7378692626953125
EV_009,862.0,47582.04,32.150001525878906,32.54069137573242,0.3906898498535156
EV_009,863.0,47582.04,32.150001525878906,33.34670639038086,1.1967048645019531
EV_009,866.0,47582.04,32.150001525878906,32.69060134887695,0.5405998229980469
EV_009,867.0,47582.04,32.150001525878906,33.29631423950195,1.1463127136230469
EV_009,868.0,47582.04,32.150001525878906,32.65769577026367,0.5076942443847656
EV_009,869.0,47582.04,32.150001525878906,33.24192428588867,1.0919227600097656
EV_009,870.0,47582.04,32.150001525878906,33.750301361083984,1.6002998352050781
EV_009,871.0,47582.04,32.150001525878906,33.03097915649414,0.8809776306152344
EV_009,872.0,47582.04,32.150001525878906,33.349609375,1.1996078491210938
EV_009,873.0,47582.04,32.150001525878906,32.87086868286133,0.7208671569824219
EV_009,874.0,47582.04,32.150001525878906,33.804500579833984,1.6544990539550781
EV_009,875.0,47582.04,32.150001525878906,33.03981399536133,0.8898124694824219
EV_009,876.0,47582.04,32.150001525878906,32.67913055419922,0.5291290283203125
EV_009,877.0,47582.04,32.150001525878906,34.69965362548828,2.549652099609375
EV_009,879.0,47582.04,32.150001525878906,34.7454948425293,2.5954933166503906
EV_009,880.0,47582.04,32.150001525878906,33.809661865234375,1.6596603393554688
EV_009,881.0,47582.04,32.150001525878906,33.51990509033203,1.369903564453125
EV_009,882.0,47582.04,32.150001525878906,34.34825897216797,2.1982574462890625
EV_009,883.0,47582.04,32.150001525878906,34.53465270996094,2.3846511840820312
EV_009,884.0,47582.04,32.150001525878906,33.334999084472656,1.18499755859375
EV_009,885.0,47582.04,32.150001525878906,33.465091705322266,1.3150901794433594
EV_009,886.0,47582.04,32.150001525878906,33.14744567871094,0.9974441528320312
EV_009,889.0,47582.04,32.150001525878906,33.88658142089844,1.7365798950195312
EV_009,891.0,47582.04,32.150001525878906,33.65716552734375,1.5071640014648438
EV_009,893.0,47582.04,32.150001525878906,32.463443756103516,0.3134422302246094
EV_009,894.0,47582.04,32.150001525878906,32.876258850097656,0.72625732421875
EV_009,895.0,47582.04,32.150001525878906,34.13095474243164,1.9809532165527344
EV_009,896.0,47582.04,32.150001525878906,34.773284912109375,2.6232833862304688
EV_009,897.0,47582.04,32.150001525878906,34.60598373413086,2.455982208251953
EV_009,898.0,47582.04,32.150001525878906,33.349117279052734,1.1991157531738281
EV_009,899.0,47582.04,32.150001525878906,34.16434860229492,2.0143470764160156
EV_009,900.0,47582.04,32.150001525878906,33.76778793334961,1.6177864074707031
EV_009,901.0,47582.04,32.150001525878906,32.90791320800781,0.7579116821289062
EV_009,902.0,47582.04,32.150001525878906,32.44419479370117,0.2941932678222656
EV_009,903.0,47582.04,32.150001525878906,34.31536102294922,2.1653594970703125
EV_009,904.0,47582.04,32.150001525878906,34.77863693237305,2.6286354064941406
EV_009,905.0,47582.04,32.150001525878906,33.844139099121094,1.6941375732421875
EV_009,906.0,47582.04,32.150001525878906,32.91004943847656,0.7600479125976562
EV_009,907.0,47582.04,32.150001525878906,32.68246841430664,0.5324668884277344
EV_009,908.0,47582.04,32.150001525878906,32.646095275878906,0.49609375
EV_009,910.0,47582.04,32.150001525878906,33.058170318603516,0.9081687927246094
EV_009,911.0,47582.04,32.150001525878906,32.99052429199219,0.8405227661132812
EV_009,912.0,47582.04,32.150001525878906,32.746116638183594,0.5961151123046875
EV_009,913.0,47582.04,32.150001525878906,33.129150390625,0.9791488647460938
EV_009,914.0,47582.04,32.150001525878906,32.55322265625,0.40322113037109375
EV_009,915.0,47582.04,32.150001525878906,33.04948806762695,0.8994865417480469
EV_009,916.0,47582.04,32.150001525878906,34.64605712890625,2.4960556030273438
EV_009,917.0,47582.04,32.150001525878906,34.7057991027832,2.555797576904297
EV_009,918.0,47582.04,32.150001525878906,34.83756637573242,2.6875648498535156
EV_009,919.0,47582.04,32.150001525878906,34.8658332824707,2.715831756591797
EV_009,922.0,47582.04,32.150001525878906,34.3177604675293,2.1677589416503906
EV_009,923.0,47582.04,32.150001525878906,34.411251068115234,2.261249542236328
EV_009,924.0,47582.04,32.150001525878906,34.4278678894043,2.2778663635253906
EV_009,925.0,47582.04,32.150001525878906,34.42509841918945,2.275096893310547
EV_009,926.0,47582.04,32.150001525878906,34.30449295043945,2.154491424560547
EV_009,927.0,47582.04,32.150001525878906,34.7057991027832,2.555797576904297
EV_009,928.0,47582.04,32.150001525878906,34.3177604675293,2.1677589416503906
EV_009,929.0,47582.04,32.150001525878906,34.3177604675293,2.1677589416503906
EV_009,930.0,47582.04,32.150001525878906,34.3177604675293,2.1677589416503906
EV_009,931.0,47582.04,32.150001525878906,34.3177604675293,2.1677589416503906
EV_009,932.0,47582.04,32.150001525878906,34.3177604675293,2.1677589416503906
EV_009,933.0,47582.04,32.150001525878906,34.411251068115234,2.261249542236328
EV_009,936.0,47582.04,32.150001525878906,32.929359436035156,0.77935791015625
EV_009,937.0,47582.04,32.150001525878906,33.13554000854492,0.9855384826660156
EV_009,938.0,47582.04,32.150001525878906,33.12115478515625,0.9711532592773438
EV_009,939.0,47582.04,32.150001525878906,32.853729248046875,0.7037277221679688
EV_009,940.0,47582.04,32.150001525878906,32.42082214355469,0.27082061767578125
EV_009,941.0,47582.04,32.150001525878906,32.8309211730957,0.6809196472167969
EV_009,942.0,47582.04,32.150001525878906,32.460445404052734,0.3104438781738281
EV_009,943.0,47582.04,32.150001525878906,32.5260124206543,0.3760108947753906
EV_009,944.0,47582.04,32.150001525878906,34.48286056518555,2.3328590393066406
EV_009,946.0,47582.04,32.150001525878906,33.27663803100586,1.1266365051269531
EV_009,947.0,47582.04,32.150001525878906,32.993629455566406,0.8436279296875
EV_009,948.0,47582.04,32.150001525878906,32.70641326904297,0.5564117431640625
EV_009,949.0,47582.04,32.150001525878906,32.693050384521484,0.5430488586425781
EV_009,950.0,47582.04,32.150001525878906,33.49353790283203,1.343536376953125
EV_009,951.0,47582.04,32.150001525878906,34.277488708496094,2.1274871826171875
EV_009,952.0,47582.04,32.150001525878906,32.911590576171875,0.7615890502929688
EV_009,953.0,47582.04,32.150001525878906,33.138099670410156,0.98809814453125
EV_009,954.0,47582.04,32.150001525878906,33.70983123779297,1.5598297119140625
EV_009,957.0,47582.04,32.150001525878906,34.206993103027344,2.0569915771484375
EV_009,958.0,47582.04,32.150001525878906,35.19120788574219,3.0412063598632812
EV_009,960.0,47582.04,32.150001525878906,33.43842697143555,1.2884254455566406
EV_009,961.0,47582.04,32.150001525878906,32.75299072265625,0.6029891967773438
EV_009,962.0,47582.04,32.150001525878906,32.5110969543457,0.3610954284667969
EV_009,963.0,47582.04,32.150001525878906,33.0565071105957,0.9065055847167969
EV_009,964.0,47582.04,32.150001525878906,33.933040618896484,1.7830390930175781
EV_009,965.0,47582.04,32.150001525878906,33.20644760131836,1.0564460754394531
EV_009,966.0,47582.04,32.150001525878906,32.97175598144531,0.8217544555664062
EV_009,967.0,47582.04,32.150001525878906,32.63044738769531,0.48044586181640625
EV_009,968.0,47582.04,32.150001525878906,33.954769134521484,1.8047676086425781
EV_009,969.0,47582.04,32.150001525878906,35.0261344909668,2.8761329650878906
EV_009,970.0,47582.04,32.150001525878906,34.71600341796875,2.5660018920898438
EV_009,971.0,47582.04,32.150001525878906,34.291690826416016,2.1416893005371094
EV_009,972.0,47582.04,32.150001525878906,33.091651916503906,0.941650390625
EV_009,975.0,47582.04,32.150001525878906,33.45387268066406,1.3038711547851562
EV_009,977.0,47582.04,32.150001525878906,33.58427047729492,1.4342689514160156
EV_009,978.0,47582.04,32.150001525878906,33.750911712646484,1.6009101867675781
EV_009,979.0,47582.04,32.150001525878906,32.92632293701172,0.7763214111328125
EV_009,980.0,47582.04,32.150001525878906,32.63511657714844,0.48511505126953125
EV_009,981.0,47582.04,32.150001525878906,32.39501190185547,0.2450103759765625
EV_009,982.0,47582.04,32.150001525878906,32.7763786315918,0.6263771057128906
EV_009,983.0,47582.04,32.150001525878906,33.715274810791016,1.5652732849121094
EV_009,984.0,47582.04,32.150001525878906,34.396541595458984,2.246540069580078
EV_009,987.0,47582.04,32.150001525878906,32.55013656616211,0.4001350402832031
EV_009,988.0,47582.04,32.150001525878906,32.89569854736328,0.745697021484375
EV_009,989.0,47582.04,32.150001525878906,32.22553634643555,0.07553482055664062
EV_009,990.0,47582.04,32.150001525878906,32.72178268432617,0.5717811584472656
EV_009,991.0,47582.04,32.150001525878906,32.662410736083984,0.5124092102050781
EV_009,992.0,47582.04,32.150001525878906,32.726051330566406,0.5760498046875
EV_009,993.0,47582.04,32.150001525878906,32.7811164855957,0.6311149597167969
EV_009,994.0,47582.04,32.150001525878906,33.480709075927734,1.3307075500488281
EV_009,995.0,47582.04,32.150001525878906,32.536231994628906,0.38623046875
EV_009,996.0,47582.04,32.150001525878906,34.32075881958008,2.170757293701172
EV_009,997.0,47582.04,32.150001525878906,34.05231475830078,1.902313232421875
EV_009,998.0,47582.04,32.150001525878906,32.95604705810547,0.8060455322265625
EV_009,999.0,47582.04,32.150001525878906,32.69203186035156,0.5420303344726562
EV_009,101.0,47582.04,32.150001525878906,32.6032600402832,0.4532585144042969
EV_009,102.0,47582.04,32.150001525878906,32.849674224853516,0.6996726989746094
EV_009,103.0,47582.04,32.150001525878906,33.346168518066406,1.1961669921875
EV_009,104.0,47582.04,32.150001525878906,33.7686767578125,1.6186752319335938
EV_009,108.0,47582.04,32.150001525878906,34.7057991027832,2.555797576904297
EV_009,109.0,47582.04,32.150001525878906,34.58867263793945,2.438671112060547
EV_009,110.0,47582.04,32.150001525878906,34.83756637573242,2.6875648498535156
EV_009,113.0,47582.04,32.150001525878906,34.3177604675293,2.1677589416503906
EV_009,114.0,47582.04,32.150001525878906,34.411251068115234,2.261249542236328
EV_009,115.0,47582.04,32.150001525878906,34.60082244873047,2.4508209228515625
EV_009,116.0,47582.04,32.150001525878906,34.670379638671875,2.5203781127929688
EV_009,117.0,47582.04,32.150001525878906,33.234596252441406,1.0845947265625
EV_009,118.0,47582.04,32.150001525878906,32.7569580078125,0.6069564819335938
EV_009,120.0,47582.04,32.150001525878906,32.64959716796875,0.49959564208984375
EV_009,123.0,47582.04,32.150001525878906,32.77333068847656,0.6233291625976562
EV_009,124.0,47582.04,32.150001525878906,34.59175109863281,2.4417495727539062
EV_009,125.0,47582.04,32.150001525878906,33.494564056396484,1.3445625305175781
EV_009,127.0,47582.04,32.150001525878906,33.9450798034668,1.7950782775878906
EV_009,128.0,47582.04,32.150001525878906,33.7254524230957,1.5754508972167969
EV_009,130.0,47582.04,32.150001525878906,33.85032272338867,1.7003211975097656
EV_009,131.0,47582.04,32.150001525878906,33.49034118652344,1.3403396606445312
EV_009,132.0,47582.04,32.150001525878906,33.7538948059082,1.6038932800292969
EV_009,134.0,47582.04,32.150001525878906,32.54355239868164,0.3935508728027344
EV_009,135.0,47582.04,32.150001525878906,33.642662048339844,1.4926605224609375
EV_009,137.0,47582.04,32.150001525878906,34.22044372558594,2.0704421997070312
EV_009,138.0,47582.04,32.150001525878906,34.511016845703125,2.3610153198242188
EV_009,139.0,47582.04,32.150001525878906,33.96226501464844,1.8122634887695312
EV_009,141.0,47582.04,32.150001525878906,34.05947494506836,1.9094734191894531
EV_009,143.0,47582.04,32.150001525878906,34.49264144897461,2.342639923095703
EV_009,145.0,47582.04,32.150001525878906,33.63083267211914,1.4808311462402344
EV_009,146.0,47582.04,32.150001525878906,34.46597671508789,2.3159751892089844
EV_009,147.0,47582.04,32.150001525878906,34.75670623779297,2.6067047119140625
EV_009,148.0,47582.04,32.150001525878906,34.4348258972168,2.2848243713378906
EV_009,149.0,47582.04,32.150001525878906,33.893577575683594,1.7435760498046875
EV_009,151.0,47582.04,32.150001525878906,32.60671615600586,0.4567146301269531
EV_009,152.0,47582.04,32.150001525878906,32.632225036621094,0.4822235107421875
EV_009,153.0,47582.04,32.150001525878906,33.17179489135742,1.0217933654785156
EV_009,154.0,47582.04,32.150001525878906,33.162593841552734,1.0125923156738281
EV_009,155.0,47582.04,32.150001525878906,34.58104705810547,2.4310455322265625
EV_009,156.0,47582.04,32.150001525878906,34.647281646728516,2.4972801208496094
EV_009,158.0,47582.04,32.150001525878906,33.44073486328125,1.2907333374023438
EV_009,161.0,47582.04,32.150001525878906,33.09588623046875,0.9458847045898438
EV_009,163.0,47582.04,32.150001525878906,32.632080078125,0.48207855224609375
EV_009,164.0,47582.04,32.150001525878906,32.74108123779297,0.5910797119140625
EV_009,165.0,47582.04,32.150001525878906,33.734615325927734,1.5846138000488281
EV_009,166.0,47582.04,32.150001525878906,32.554656982421875,0.40465545654296875
EV_009,168.0,47582.04,32.150001525878906,32.98956298828125,0.8395614624023438
EV_009,169.0,47582.04,32.150001525878906,32.685184478759766,0.5351829528808594
EV_009,170.0,47582.04,32.150001525878906,32.873313903808594,0.7233123779296875
EV_009,171.0,47582.04,32.150001525878906,32.68450927734375,0.5345077514648438
EV_009,172.0,47582.04,32.150001525878906,32.6865234375,0.5365219116210938
EV_009,173.0,47582.04,32.150001525878906,32.83473205566406,0.6847305297851562
EV_009,174.0,47582.04,32.150001525878906,34.1866455078125,2.0366439819335938
EV_009,175.0,47582.04,32.150001525878906,34.11749267578125,1.9674911499023438
EV_009,176.0,47582.04,32.150001525878906,34.186431884765625,2.0364303588867188
EV_009,177.0,47582.04,32.150001525878906,34.831016540527344,2.6810150146484375
EV_009,178.0,47582.04,32.150001525878906,33.29829025268555,1.1482887268066406
EV_009,179.0,47582.04,32.150001525878906,33.074119567871094,0.9241180419921875
EV_009,181.0,47582.04,32.150001525878906,32.66292190551758,0.5129203796386719
EV_009,183.0,47582.04,32.150001525878906,32.45600509643555,0.3060035705566406
EV_009,184.0,47582.04,32.150001525878906,32.749168395996094,0.5991668701171875
EV_009,185.0,47582.04,32.150001525878906,32.501304626464844,0.3513031005859375
EV_009,186.0,47582.04,32.150001525878906,32.30315017700195,0.15314865112304688
EV_009,187.0,47582.04,32.150001525878906,32.35016632080078,0.200164794921875
EV_009,188.0,47582.04,32.150001525878906,33.16123580932617,1.0112342834472656
EV_009,189.0,47582.04,32.150001525878906,34.327754974365234,2.177753448486328
EV_009,190.0,47582.04,32.150001525878906,34.42509841918945,2.275096893310547
EV_009,191.0,47582.04,32.150001525878906,34.29055404663086,2.140552520751953
EV_009,192.0,47582.04,32.150001525878906,34.7057991027832,2.555797576904297
EV_009,193.0,47582.04,32.150001525878906,34.7057991027832,2.555797576904297
EV_009,194.0,47582.04,32.150001525878906,34.84626388549805,2.6962623596191406
EV_009,197.0,47582.04,32.150001525878906,34.3177604675293,2.1677589416503906
EV_009,198.0,47582.04,32.150001525878906,34.3177604675293,2.1677589416503906
EV_009,199.0,47582.04,32.150001525878906,34.3177604675293,2.1677589416503906
EV_009,200.0,47582.04,32.150001525878906,34.3177604675293,2.1677589416503906
EV_009,201.0,47582.04,32.150001525878906,34.3177604675293,2.1677589416503906
EV_009,202.0,47582.04,32.150001525878906,34.3177604675293,2.1677589416503906
EV_009,203.0,47582.04,32.150001525878906,34.3177604675293,2.1677589416503906
EV_009,204.0,47582.04,32.150001525878906,34.3177604675293,2.1677589416503906
EV_009,205.0,47582.04,32.150001525878906,34.3177604675293,2.1677589416503906
EV_009,206.0,47582.04,32.150001525878906,34.3177604675293,2.1677589416503906
EV_009,207.0,47582.04,32.150001525878906,34.3177604675293,2.1677589416503906
EV_009,209.0,47582.04,32.150001525878906,34.3177604675293,2.1677589416503906
EV_009,210.0,47582.04,32.150001525878906,34.3177604675293,2.1677589416503906
EV_009,211.0,47582.04,32.150001525878906,34.3177604675293,2.1677589416503906
EV_009,212.0,47582.04,32.150001525878906,34.3177604675293,2.1677589416503906
EV_009,213.0,47582.04,32.150001525878906,34.3177604675293,2.1677589416503906
EV_009,214.0,47582.04,32.150001525878906,34.3177604675293,2.1677589416503906
EV_009,215.0,47582.04,32.150001525878906,34.3177604675293,2.1677589416503906
EV_009,216.0,47582.04,32.150001525878906,34.3177604675293,2.1677589416503906
EV_009,217.0,47582.04,32.150001525878906,34.3177604675293,2.1677589416503906
EV_009,218.0,47582.04,32.150001525878906,34.3177604675293,2.1677589416503906
EV_009,219.0,47582.04,32.150001525878906,34.3177604675293,2.1677589416503906
EV_009,221.0,47582.04,32.150001525878906,34.3177604675293,2.1677589416503906
EV_009,222.0,47582.04,32.150001525878906,34.3177604675293,2.1677589416503906
EV_009,223.0,47582.04,32.150001525878906,34.3177604675293,2.1677589416503906
EV_009,224.0,47582.04,32.150001525878906,34.3177604675293,2.1677589416503906
EV_009,225.0,47582.04,32.150001525878906,33.745704650878906,1.595703125
EV_009,226.0,47582.04,32.150001525878906,33.63618469238281,1.4861831665039062
EV_009,227.0,47582.04,32.150001525878906,33.75385665893555,1.6038551330566406
EV_009,228.0,47582.04,32.150001525878906,34.10863494873047,1.9586334228515625
EV_009,229.0,47582.04,32.150001525878906,33.34097671508789,1.1909751892089844
EV_009,230.0,47582.04,32.150001525878906,33.4920768737793,1.3420753479003906
EV_009,231.0,47582.04,32.150001525878906,32.71488952636719,0.5648880004882812
EV_009,232.0,47582.04,32.150001525878906,33.46906280517578,1.319061279296875
EV_009,233.0,47582.04,32.150001525878906,33.574459075927734,1.4244575500488281
EV_009,234.0,47582.04,32.150001525878906,33.5567626953125,1.4067611694335938
EV_009,235.0,47582.04,32.150001525878906,33.30356979370117,1.1535682678222656
EV_009,237.0,47582.04,32.150001525878906,32.95724105834961,0.8072395324707031
EV_009,238.0,47582.04,32.150001525878906,32.43696594238281,0.28696441650390625
EV_009,239.0,47582.04,32.150001525878906,32.6796989440918,0.5296974182128906
EV_009,240.0,47582.04,32.150001525878906,33.37232971191406,1.2223281860351562
EV_009,241.0,47582.04,32.150001525878906,32.765499114990234,0.6154975891113281
EV_009,242.0,47582.04,32.150001525878906,33.19119644165039,1.0411949157714844
EV_009,243.0,47582.04,32.150001525878906,33.35169219970703,1.201690673828125
EV_009,244.0,47582.04,32.150001525878906,33.40849304199219,1.2584915161132812
EV_009,245.0,47582.04,32.150001525878906,33.82244873046875,1.6724472045898438
EV_009,246.0,47582.04,32.150001525878906,33.53982925415039,1.3898277282714844
EV_009,247.0,47582.04,32.150001525878906,32.64139175415039,0.4913902282714844
EV_009,248.0,47582.04,32.150001525878906,32.6694450378418,0.5194435119628906
EV_009,249.0,47582.04,32.150001525878906,33.21510314941406,1.0651016235351562
EV_009,252.0,47582.04,32.150001525878906,32.81184387207031,0.6618423461914062
EV_009,254.0,47582.04,32.150001525878906,34.21952819824219,2.0695266723632812
EV_009,255.0,47582.04,32.150001525878906,33.44783020019531,1.2978286743164062
EV_009,256.0,47582.04,32.150001525878906,32.88948440551758,0.7394828796386719
EV_009,257.0,47582.04,32.150001525878906,32.48854064941406,0.33853912353515625
EV_009,258.0,47582.04,32.150001525878906,32.54531478881836,0.3953132629394531
EV_009,259.0,47582.04,32.150001525878906,33.60143280029297,1.4514312744140625
EV_009,260.0,47582.04,32.150001525878906,34.621421813964844,2.4714202880859375
EV_009,261.0,47582.04,32.150001525878906,34.30388259887695,2.153881072998047
EV_009,263.0,47582.04,32.150001525878906,32.409324645996094,0.2593231201171875
EV_009,264.0,47582.04,32.150001525878906,32.49382400512695,0.3438224792480469
EV_009,265.0,47582.04,32.150001525878906,32.573768615722656,0.42376708984375
EV_009,266.0,47582.04,32.150001525878906,32.49855422973633,0.3485527038574219
EV_009,267.0,47582.04,32.150001525878906,32.56406784057617,0.4140663146972656
EV_009,268.0,47582.04,32.150001525878906,32.49652099609375,0.34651947021484375
EV_009,269.0,47582.04,32.150001525878906,32.50568389892578,0.355682373046875
EV_009,270.0,47582.04,32.150001525878906,32.76899337768555,0.6189918518066406
EV_009,271.0,47582.04,32.150001525878906,33.501007080078125,1.3510055541992188
EV_009,272.0,47582.04,32.150001525878906,33.46860885620117,1.3186073303222656
EV_009,273.0,47582.04,32.150001525878906,34.64605712890625,2.4960556030273438
EV_009,274.0,47582.04,32.150001525878906,34.83756637573242,2.6875648498535156
EV_009,275.0,47582.04,32.150001525878906,34.83756637573242,2.6875648498535156
EV_009,277.0,47582.04,32.150001525878906,34.45486831665039,2.3048667907714844
EV_009,278.0,47582.04,32.150001525878906,34.48771286010742,2.3377113342285156
EV_009,279.0,47582.04,32.150001525878906,34.4278678894043,2.2778663635253906
EV_009,280.0,47582.04,32.150001525878906,34.42509841918945,2.275096893310547
EV_009,281.0,47582.04,32.150001525878906,34.42509841918945,2.275096893310547
EV_009,282.0,47582.04,32.150001525878906,34.31449508666992,2.1644935607910156
EV_009,283.0,47582.04,32.150001525878906,34.31449508666992,2.1644935607910156
EV_009,284.0,47582.04,32.150001525878906,34.7057991027832,2.555797576904297
EV_009,288.0,47582.04,32.150001525878906,34.3177604675293,2.1677589416503906
EV_009,289.0,47582.04,32.150001525878906,34.3177604675293,2.1677589416503906
EV_009,295.0,47582.04,32.150001525878906,34.3177604675293,2.1677589416503906
EV_009,295.0,47582.04,32.150001525878906,34.1563606262207,2.006359100341797
EV_009,296.0,47582.04,32.150001525878906,34.3177604675293,2.1677589416503906
EV_009,297.0,47582.04,32.150001525878906,34.02347946166992,1.8734779357910156
EV_009,298.0,47582.04,32.150001525878906,34.3177604675293,2.1677589416503906
EV_010,460.0,23800.43,35.66999816894531,33.898521423339844,-1.7714767456054688
EV_010,467.0,23800.43,35.66999816894531,32.82427215576172,-2.8457260131835938
EV_010,469.0,23800.43,35.66999816894531,32.849674224853516,-2.820323944091797
EV_010,470.0,23800.43,35.66999816894531,32.75802230834961,-2.911975860595703
EV_010,471.0,23800.43,35.66999816894531,34.09905242919922,-1.5709457397460938
EV_010,472.0,23800.43,35.66999816894531,34.77827072143555,-0.8917274475097656
EV_010,474.0,23800.43,35.66999816894531,34.22911071777344,-1.440887451171875
EV_010,475.0,23800.43,35.66999816894531,35.106380462646484,-0.5636177062988281
EV_010,476.0,23800.43,35.66999816894531,35.39958190917969,-0.270416259765625
EV_010,480.0,23800.43,35.66999816894531,34.3177604675293,-1.3522377014160156
EV_010,481.0,23800.43,35.66999816894531,34.3177604675293,-1.3522377014160156
EV_010,485.0,23800.43,35.66999816894531,34.30573272705078,-1.3642654418945312
EV_010,487.0,23800.43,35.66999816894531,35.06098937988281,-0.6090087890625
EV_010,488.0,23800.43,35.66999816894531,34.6619987487793,-1.0079994201660156
EV_010,489.0,23800.43,35.66999816894531,32.742271423339844,-2.9277267456054688
EV_010,490.0,23800.43,35.66999816894531,33.731422424316406,-1.9385757446289062
EV_010,493.0,23800.43,35.66999816894531,32.98956298828125,-2.6804351806640625
EV_010,494.0,23800.43,35.66999816894531,32.945186614990234,-2.724811553955078
EV_010,495.0,23800.43,35.66999816894531,32.97897720336914,-2.691020965576172
EV_010,497.0,23800.43,35.66999816894531,34.162841796875,-1.5071563720703125
EV_010,498.0,23800.43,35.66999816894531,33.565025329589844,-2.1049728393554688
EV_010,500.0,23800.43,35.66999816894531,32.683570861816406,-2.9864273071289062
EV_010,501.0,23800.43,35.66999816894531,32.68071746826172,-2.9892807006835938
EV_010,502.0,23800.43,35.66999816894531,33.02427673339844,-2.645721435546875
EV_010,503.0,23800.43,35.66999816894531,33.24742889404297,-2.4225692749023438
EV_010,505.0,23800.43,35.66999816894531,33.62483215332031,-2.045166015625
EV_010,506.0,23800.43,35.66999816894531,35.05962371826172,-0.6103744506835938
EV_010,507.0,23800.43,35.66999816894531,35.139373779296875,-0.5306243896484375
EV_010,508.0,23800.43,35.66999816894531,35.18238067626953,-0.48761749267578125
EV_010,509.0,23800.43,35.66999816894531,35.20592498779297,-0.46407318115234375
EV_010,510.0,23800.43,35.66999816894531,34.76219177246094,-0.907806396484375
EV_010,512.0,23800.43,35.66999816894531,34.304256439208984,-1.3657417297363281
EV_010,513.0,23800.43,35.66999816894531,33.73514175415039,-1.9348564147949219
EV_010,514.0,23800.43,35.66999816894531,34.04579544067383,-1.6242027282714844
EV_010,515.0,23800.43,35.66999816894531,33.28469467163086,-2.385303497314453
EV_010,516.0,23800.43,35.66999816894531,32.61199951171875,-3.0579986572265625
EV_010,517.0,23800.43,35.66999816894531,33.67482376098633,-1.9951744079589844
EV_010,518.0,23800.43,35.66999816894531,32.970703125,-2.6992950439453125
EV_010,519.0,23800.43,35.66999816894531,33.206809997558594,-2.4631881713867188
EV_010,520.0,23800.43,35.66999816894531,34.28852844238281,-1.3814697265625
EV_010,521.0,23800.43,35.66999816894531,33.22223663330078,-2.4477615356445312
EV_010,522.0,23800.43,35.66999816894531,33.6507453918457,-2.0192527770996094
EV_010,523.0,23800.43,35.66999816894531,33.622005462646484,-2.047992706298828
EV_010,524.0,23800.43,35.66999816894531,33.60416793823242,-2.0658302307128906
EV_010,525.0,23800.43,35.66999816894531,33.95683288574219,-1.713165283203125
EV_010,526.0,23800.43,35.66999816894531,33.313968658447266,-2.356029510498047
EV_010,527.0,23800.43,35.66999816894531,33.36227035522461,-2.307727813720703
EV_010,528.0,23800.43,35.66999816894531,34.189208984375,-1.4807891845703125
EV_010,529.0,23800.43,35.66999816894531,33.26331329345703,-2.4066848754882812
EV_010,530.0,23800.43,35.66999816894531,32.89710998535156,-2.77288818359375
EV_010,531.0,23800.43,35.66999816894531,32.71971893310547,-2.9502792358398438
EV_010,532.0,23800.43,35.66999816894531,33.12653350830078,-2.5434646606445312
EV_010,533.0,23800.43,35.66999816894531,33.10614013671875,-2.5638580322265625
EV_010,536.0,23800.43,35.66999816894531,33.91386795043945,-1.7561302185058594
EV_010,537.0,23800.43,35.66999816894531,32.779571533203125,-2.8904266357421875
EV_010,539.0,23800.43,35.66999816894531,32.51350402832031,-3.156494140625
EV_010,540.0,23800.43,35.66999816894531,34.685546875,-0.9844512939453125
EV_010,541.0,23800.43,35.66999816894531,34.36331558227539,-1.3066825866699219
EV_010,542.0,23800.43,35.66999816894531,33.12653350830078,-2.5434646606445312
EV_010,545.0,23800.43,35.66999816894531,33.46619415283203,-2.2038040161132812
EV_010,546.0,23800.43,35.66999816894531,33.71144485473633,-1.9585533142089844
EV_010,547.0,23800.43,35.66999816894531,32.729610443115234,-2.940387725830078
EV_010,548.0,23800.43,35.66999816894531,32.657711029052734,-3.012287139892578
EV_010,549.0,23800.43,35.66999816894531,32.95217514038086,-2.717823028564453
EV_010,550.0,23800.43,35.66999816894531,34.104759216308594,-1.5652389526367188
EV_010,551.0,23800.43,35.66999816894531,33.81574249267578,-1.8542556762695312
EV_010,552.0,23800.43,35.66999816894531,33.183319091796875,-2.4866790771484375
EV_010,553.0,23800.43,35.66999816894531,32.719879150390625,-2.9501190185546875
EV_010,554.0,23800.43,35.66999816894531,32.716033935546875,-2.9539642333984375
EV_010,555.0,23800.43,35.66999816894531,32.66095733642578,-3.0090408325195312
EV_010,556.0,23800.43,35.66999816894531,32.66017150878906,-3.00982666015625
EV_010,557.0,23800.43,35.66999816894531,33.391029357910156,-2.2789688110351562
EV_010,559.0,23800.43,35.66999816894531,34.07847213745117,-1.5915260314941406
EV_010,560.0,23800.43,35.66999816894531,32.45341491699219,-3.216583251953125
EV_010,561.0,23800.43,35.66999816894531,33.745235443115234,-1.9247627258300781
EV_010,575.0,23800.43,35.66999816894531,34.488521575927734,-1.1814765930175781
EV_010,593.0,23800.43,35.66999816894531,33.330989837646484,-2.339008331298828
EV_010,594.0,23800.43,35.66999816894531,32.98612594604492,-2.6838722229003906
EV_010,597.0,23800.43,35.66999816894531,33.485416412353516,-2.184581756591797
EV_010,598.0,23800.43,35.66999816894531,33.732975006103516,-1.9370231628417969
EV_010,599.0,23800.43,35.66999816894531,32.85597229003906,-2.81402587890625
EV_010,600.0,23800.43,35.66999816894531,32.615562438964844,-3.0544357299804688
EV_010,601.0,23800.43,35.66999816894531,33.43507766723633,-2.2349205017089844
EV_010,602.0,23800.43,35.66999816894531,33.747337341308594,-1.9226608276367188
EV_010,603.0,23800.43,35.66999816894531,32.794185638427734,-2.875812530517578
EV_010,604.0,23800.43,35.66999816894531,34.92473220825195,-0.7452659606933594
EV_010,607.0,23800.43,35.66999816894531,34.1213493347168,-1.5486488342285156
EV_010,608.0,23800.43,35.66999816894531,33.628475189208984,-2.041522979736328
EV_010,609.0,23800.43,35.66999816894531,33.14121627807617,-2.5287818908691406
EV_010,610.0,23800.43,35.66999816894531,33.0031852722168,-2.6668128967285156
EV_010,611.0,23800.43,35.66999816894531,33.37879180908203,-2.2912063598632812
EV_010,612.0,23800.43,35.66999816894531,32.53980255126953,-3.1301956176757812
EV_010,614.0,23800.43,35.66999816894531,32.794105529785156,-2.8758926391601562
EV_010,620.0,23800.43,35.66999816894531,33.622005462646484,-2.047992706298828
EV_010,621.0,23800.43,35.66999816894531,33.12379455566406,-2.54620361328125
EV_010,622.0,23800.43,35.66999816894531,32.905155181884766,-2.764842987060547
EV_010,644.0,23800.43,35.66999816894531,35.25811004638672,-0.41188812255859375
EV_010,642.0,23800.43,35.66999816894531,34.781219482421875,-0.8887786865234375
EV_010,645.0,23800.43,35.66999816894531,34.297096252441406,-1.3729019165039062
EV_010,646.0,23800.43,35.66999816894531,34.85665512084961,-0.8133430480957031
EV_010,644.0,23800.43,35.66999816894531,33.690792083740234,-1.9792060852050781
EV_010,647.0,23800.43,35.66999816894531,34.18386459350586,-1.4861335754394531
EV_010,645.0,23800.43,35.66999816894531,33.988094329833984,-1.6819038391113281
EV_010,646.0,23800.43,35.66999816894531,33.82882308959961,-1.8411750793457031
EV_010,647.0,23800.43,35.66999816894531,35.04164123535156,-0.62835693359375
EV_010,654.0,23800.43,35.66999816894531,33.184757232666016,-2.485240936279297
EV_010,654.0,23800.43,35.66999816894531,32.61994934082031,-3.050048828125
EV_010,655.0,23800.43,35.66999816894531,33.01835632324219,-2.651641845703125
EV_010,655.0,23800.43,35.66999816894531,32.74108123779297,-2.9289169311523438
EV_010,656.0,23800.43,35.66999816894531,32.824440002441406,-2.8455581665039062
EV_010,657.0,23800.43,35.66999816894531,32.54184341430664,-3.128154754638672
EV_010,656.0,23800.43,35.66999816894531,33.04407501220703,-2.6259231567382812
EV_010,659.0,23800.43,35.66999816894531,32.6690788269043,-3.0009193420410156
EV_010,660.0,23800.43,35.66999816894531,32.607486724853516,-3.062511444091797
EV_010,661.0,23800.43,35.66999816894531,32.85303497314453,-2.8169631958007812
EV_010,662.0,23800.43,35.66999816894531,33.2202033996582,-2.4497947692871094
EV_010,663.0,23800.43,35.66999816894531,33.04379653930664,-2.626201629638672
EV_010,664.0,23800.43,35.66999816894531,33.967262268066406,-1.7027359008789062
EV_010,660.0,23800.43,35.66999816894531,32.999576568603516,-2.670421600341797
EV_010,665.0,23800.43,35.66999816894531,33.95204162597656,-1.71795654296875
EV_010,661.0,23800.43,35.66999816894531,34.95933151245117,-0.7106666564941406
EV_010,666.0,23800.43,35.66999816894531,34.489837646484375,-1.1801605224609375
EV_010,662.0,23800.43,35.66999816894531,34.79887771606445,-0.8711204528808594
EV_010,667.0,23800.43,35.66999816894531,34.32801055908203,-1.3419876098632812
EV_010,668.0,23800.43,35.66999816894531,34.162662506103516,-1.5073356628417969
EV_010,669.0,23800.43,35.66999816894531,34.03217315673828,-1.6378250122070312
EV_010,670.0,23800.43,35.66999816894531,33.878936767578125,-1.7910614013671875
EV_010,668.0,23800.43,35.66999816894531,32.97016906738281,-2.6998291015625
EV_010,668.0,23800.43,35.66999816894531,34.3177604675293,-1.3522377014160156
EV_010,669.0,23800.43,35.66999816894531,34.85200881958008,-0.8179893493652344
EV_010,666.0,23800.43,35.66999816894531,34.30449295043945,-1.3655052185058594
EV_010,669.0,23800.43,35.66999816894531,34.3177604675293,-1.3522377014160156
EV_010,672.0,23800.43,35.66999816894531,32.814170837402344,-2.8558273315429688
EV_010,667.0,23800.43,35.66999816894531,34.7057991027832,-0.9641990661621094
EV_010,673.0,23800.43,35.66999816894531,33.68627166748047,-1.9837265014648438
EV_010,675.0,23800.43,35.66999816894531,32.73566436767578,-2.9343338012695312
EV_010,670.0,23800.43,35.66999816894531,33.300045013427734,-2.369953155517578
EV_010,675.0,23800.43,35.66999816894531,32.681922912597656,-2.9880752563476562
EV_010,676.0,23800.43,35.66999816894531,32.65632247924805,-3.0136756896972656
EV_010,671.0,23800.43,35.66999816894531,33.732975006103516,-1.9370231628417969
EV_010,677.0,23800.43,35.66999816894531,33.48660659790039,-2.183391571044922
EV_010,672.0,23800.43,35.66999816894531,32.8204345703125,-2.8495635986328125
EV_010,676.0,23800.43,35.66999816894531,32.93476104736328,-2.7352371215820312
EV_010,677.0,23800.43,35.66999816894531,33.39107894897461,-2.278919219970703
EV_010,678.0,23800.43,35.66999816894531,32.69163513183594,-2.978363037109375
EV_010,673.0,23800.43,35.66999816894531,32.62907028198242,-3.0409278869628906
EV_010,678.0,23800.43,35.66999816894531,34.80462646484375,-0.8653717041015625
EV_010,679.0,23800.43,35.66999816894531,33.72455596923828,-1.9454421997070312
EV_010,674.0,23800.43,35.66999816894531,33.05950164794922,-2.6104965209960938
EV_010,680.0,23800.43,35.66999816894531,35.16801452636719,-0.501983642578125
EV_010,675.0,23800.43,35.66999816894531,32.79490661621094,-2.875091552734375
EV_010,679.0,23800.43,35.66999816894531,35.155120849609375,-0.5148773193359375
EV_010,678.0,23800.43,35.66999816894531,32.7714729309082,-2.8985252380371094
EV_010,680.0,23800.43,35.66999816894531,34.22021484375,-1.4497833251953125
EV_010,681.0,23800.43,35.66999816894531,34.962196350097656,-0.7078018188476562
EV_010,676.0,23800.43,35.66999816894531,32.481544494628906,-3.1884536743164062
EV_010,681.0,23800.43,35.66999816894531,34.44820785522461,-1.2217903137207031
EV_010,682.0,23800.43,35.66999816894531,34.97943115234375,-0.6905670166015625
EV_010,677.0,23800.43,35.66999816894531,33.39469909667969,-2.275299072265625
EV_010,679.0,23800.43,35.66999816894531,33.58161926269531,-2.08837890625
EV_010,683.0,23800.43,35.66999816894531,34.90532684326172,-0.7646713256835938
EV_010,678.0,23800.43,35.66999816894531,32.815738677978516,-2.854259490966797
EV_010,680.0,23800.43,35.66999816894531,33.07862854003906,-2.59136962890625
EV_010,682.0,23800.43,35.66999816894531,33.86851501464844,-1.801483154296875
EV_010,684.0,23800.43,35.66999816894531,35.42298126220703,-0.24701690673828125
EV_010,683.0,23800.43,35.66999816894531,33.6587028503418,-2.0112953186035156
EV_010,679.0,23800.43,35.66999816894531,32.8504524230957,-2.8195457458496094
EV_010,684.0,23800.43,35.66999816894531,32.971004486083984,-2.698993682861328
EV_010,680.0,23800.43,35.66999816894531,33.01361083984375,-2.6563873291015625
EV_010,681.0,23800.43,35.66999816894531,34.41946792602539,-1.2505302429199219
EV_010,685.0,23800.43,35.66999816894531,32.74430847167969,-2.925689697265625
EV_010,686.0,23800.43,35.66999816894531,34.3177604675293,-1.3522377014160156
EV_010,686.0,23800.43,35.66999816894531,32.59238052368164,-3.077617645263672
EV_010,687.0,23800.43,35.66999816894531,32.73731994628906,-2.93267822265625
EV_010,682.0,23800.43,35.66999816894531,32.53984451293945,-3.1301536560058594
EV_010,687.0,23800.43,35.66999816894531,32.79835891723633,-2.8716392517089844
EV_010,688.0,23800.43,35.66999816894531,35.170040130615234,-0.4999580383300781
EV_010,688.0,23800.43,35.66999816894531,34.45707702636719,-1.212921142578125
EV_010,689.0,23800.43,35.66999816894531,34.968353271484375,-0.7016448974609375
EV_010,689.0,23800.43,35.66999816894531,33.65753936767578,-2.0124588012695312
EV_010,690.0,23800.43,35.66999816894531,34.467838287353516,-1.2021598815917969
EV_010,691.0,23800.43,35.66999816894531,33.49343490600586,-2.176563262939453
EV_010,692.0,23800.43,35.66999816894531,32.52595138549805,-3.1440467834472656
EV_010,693.0,23800.43,35.66999816894531,32.61133575439453,-3.0586624145507812
EV_010,692.0,23800.43,35.66999816894531,34.814579010009766,-0.8554191589355469
EV_010,694.0,23800.43,35.66999816894531,34.675079345703125,-0.9949188232421875
EV_010,693.0,23800.43,35.66999816894531,33.874088287353516,-1.7959098815917969
EV_010,695.0,23800.43,35.66999816894531,33.593605041503906,-2.0763931274414062
EV_010,690.0,23800.43,35.66999816894531,34.48771286010742,-1.1822853088378906
EV_010,696.0,23800.43,35.66999816894531,34.18972396850586,-1.4802742004394531
EV_010,690.0,23800.43,35.66999816894531,35.128868103027344,-0.5411300659179688
EV_010,691.0,23800.43,35.66999816894531,34.48771286010742,-1.1822853088378906
EV_010,697.0,23800.43,35.66999816894531,33.84532165527344,-1.824676513671875
EV_010,691.0,23800.43,35.66999816894531,34.17867660522461,-1.4913215637207031
EV_010,692.0,23800.43,35.66999816894531,34.42509841918945,-1.2448997497558594
EV_010,693.0,23800.43,35.66999816894531,35.38976287841797,-0.28023529052734375
EV_010,698.0,23800.43,35.66999816894531,33.6482048034668,-2.0217933654785156
EV_010,692.0,23800.43,35.66999816894531,34.02705764770508,-1.6429405212402344
EV_010,699.0,23800.43,35.66999816894531,33.5600471496582,-2.1099510192871094
EV_010,693.0,23800.43,35.66999816894531,32.88777160644531,-2.7822265625
EV_010,697.0,23800.43,35.66999816894531,32.80559539794922,-2.8644027709960938
EV_010,700.0,23800.43,35.66999816894531,32.90651321411133,-2.7634849548339844
EV_010,695.0,23800.43,35.66999816894531,35.11125946044922,-0.5587387084960938
EV_010,701.0,23800.43,35.66999816894531,32.87901306152344,-2.790985107421875
EV_010,696.0,23800.43,35.66999816894531,35.11125946044922,-0.5587387084960938
EV_010,702.0,23800.43,35.66999816894531,32.415836334228516,-3.254161834716797
EV_010,697.0,23800.43,35.66999816894531,35.11125946044922,-0.5587387084960938
EV_010,699.0,23800.43,35.66999816894531,32.47200012207031,-3.197998046875
EV_010,703.0,23800.43,35.66999816894531,33.97736358642578,-1.6926345825195312
EV_010,698.0,23800.43,35.66999816894531,35.11125946044922,-0.5587387084960938
EV_010,700.0,23800.43,35.66999816894531,33.16596221923828,-2.5040359497070312
EV_010,704.0,23800.43,35.66999816894531,33.366493225097656,-2.3035049438476562
EV_010,701.0,23800.43,35.66999816894531,33.075660705566406,-2.5943374633789062
EV_010,697.0,23800.43,35.66999816894531,33.38938903808594,-2.280609130859375
EV_010,699.0,23800.43,35.66999816894531,35.11125946044922,-0.5587387084960938
EV_010,705.0,23800.43,35.66999816894531,34.60316848754883,-1.0668296813964844
EV_010,700.0,23800.43,35.66999816894531,35.11125946044922,-0.5587387084960938
EV_010,702.0,23800.43,35.66999816894531,35.15213394165039,-0.5178642272949219
EV_010,698.0,23800.43,35.66999816894531,33.349449157714844,-2.3205490112304688
EV_010,701.0,23800.43,35.66999816894531,35.11125946044922,-0.5587387084960938
EV_010,703.0,23800.43,35.66999816894531,34.54538345336914,-1.1246147155761719
EV_010,704.0,23800.43,35.66999816894531,33.29939651489258,-2.3706016540527344
EV_010,702.0,23800.43,35.66999816894531,35.11125946044922,-0.5587387084960938
EV_010,707.0,23800.43,35.66999816894531,33.9283447265625,-1.7416534423828125
EV_010,700.0,23800.43,35.66999816894531,33.698631286621094,-1.9713668823242188
EV_010,703.0,23800.43,35.66999816894531,35.11125946044922,-0.5587387084960938
EV_010,705.0,23800.43,35.66999816894531,34.5526008605957,-1.1173973083496094
EV_010,708.0,23800.43,35.66999816894531,32.93840026855469,-2.731597900390625
EV_010,706.0,23800.43,35.66999816894531,34.09199142456055,-1.5780067443847656
EV_010,704.0,23800.43,35.66999816894531,35.11125946044922,-0.5587387084960938
EV_010,707.0,23800.43,35.66999816894531,33.386016845703125,-2.2839813232421875
EV_010,710.0,23800.43,35.66999816894531,32.63077163696289,-3.039226531982422
EV_010,702.0,23800.43,35.66999816894531,33.22270965576172,-2.4472885131835938
EV_010,706.0,23800.43,35.66999816894531,33.62053680419922,-2.0494613647460938
EV_010,708.0,23800.43,35.66999816894531,34.250736236572266,-1.4192619323730469
EV_010,703.0,23800.43,35.66999816894531,33.90753173828125,-1.7624664306640625
EV_010,711.0,23800.43,35.66999816894531,33.62471008300781,-2.0452880859375
EV_010,704.0,23800.43,35.66999816894531,35.05662536621094,-0.613372802734375
EV_010,707.0,23800.43,35.66999816894531,33.32107925415039,-2.348918914794922
EV_010,705.0,23800.43,35.66999816894531,34.63117980957031,-1.038818359375
EV_010,710.0,23800.43,35.66999816894531,33.13237762451172,-2.5376205444335938
EV_010,706.0,23800.43,35.66999816894531,34.70697784423828,-0.9630203247070312
EV_010,709.0,23800.43,35.66999816894531,33.40239715576172,-2.2676010131835938
EV_010,707.0,23800.43,35.66999816894531,34.70697784423828,-0.9630203247070312
EV_010,710.0,23800.43,35.66999816894531,33.336204528808594,-2.3337936401367188
EV_010,712.0,23800.43,35.66999816894531,33.41616439819336,-2.253833770751953
EV_010,708.0,23800.43,35.66999816894531,33.364280700683594,-2.3057174682617188
EV_010,713.0,23800.43,35.66999816894531,33.098304748535156,-2.5716934204101562
EV_010,711.0,23800.43,35.66999816894531,33.177181243896484,-2.492816925048828
EV_010,715.0,23800.43,35.66999816894531,33.84638214111328,-1.8236160278320312
EV_010,709.0,23800.43,35.66999816894531,33.417076110839844,-2.2529220581054688
EV_010,712.0,23800.43,35.66999816894531,33.237525939941406,-2.4324722290039062
EV_010,714.0,23800.43,35.66999816894531,32.97173309326172,-2.6982650756835938
EV_010,716.0,23800.43,35.66999816894531,33.885231018066406,-1.7847671508789062
EV_010,710.0,23800.43,35.66999816894531,33.01228713989258,-2.6577110290527344
EV_010,713.0,23800.43,35.66999816894531,34.19998550415039,-1.4700126647949219
EV_010,715.0,23800.43,35.66999816894531,32.95134353637695,-2.7186546325683594
EV_010,717.0,23800.43,35.66999816894531,32.88410949707031,-2.785888671875
EV_010,716.0,23800.43,35.66999816894531,32.81726837158203,-2.8527297973632812
EV_010,714.0,23800.43,35.66999816894531,33.59500503540039,-2.074993133544922
EV_010,718.0,23800.43,35.66999816894531,32.65496063232422,-3.0150375366210938
EV_010,715.0,23800.43,35.66999816894531,33.653629302978516,-2.016368865966797
EV_010,717.0,23800.43,35.66999816894531,32.65668487548828,-3.0133132934570312
EV_010,719.0,23800.43,35.66999816894531,32.59749984741211,-3.072498321533203
EV_010,716.0,23800.43,35.66999816894531,33.7567024230957,-1.9132957458496094
EV_010,718.0,23800.43,35.66999816894531,34.1866455078125,-1.4833526611328125
EV_010,713.0,23800.43,35.66999816894531,33.5543212890625,-2.1156768798828125
EV_010,717.0,23800.43,35.66999816894531,33.55152893066406,-2.11846923828125
EV_010,719.0,23800.43,35.66999816894531,34.46650314331055,-1.2034950256347656
EV_010,714.0,23800.43,35.66999816894531,32.75843048095703,-2.9115676879882812
EV_010,718.0,23800.43,35.66999816894531,33.36958312988281,-2.3004150390625
EV_010,720.0,23800.43,35.66999816894531,33.720619201660156,-1.9493789672851562
EV_010,721.0,23800.43,35.66999816894531,33.23627471923828,-2.4337234497070312
EV_010,724.0,23800.43,35.66999816894531,32.60744857788086,-3.062549591064453
EV_010,717.0,23800.43,35.66999816894531,33.40849304199219,-2.261505126953125
EV_010,724.0,23800.43,35.66999816894531,32.33148193359375,-3.3385162353515625
EV_010,725.0,23800.43,35.66999816894531,32.761905670166016,-2.908092498779297
EV_010,718.0,23800.43,35.66999816894531,34.07218551635742,-1.5978126525878906
EV_010,722.0,23800.43,35.66999816894531,33.25141906738281,-2.4185791015625
EV_010,726.0,23800.43,35.66999816894531,34.64605712890625,-1.0239410400390625
EV_010,723.0,23800.43,35.66999816894531,33.67371368408203,-1.9962844848632812
EV_010,725.0,23800.43,35.66999816894531,32.586151123046875,-3.0838470458984375
EV_010,719.0,23800.43,35.66999816894531,34.3404655456543,-1.3295326232910156
EV_010,726.0,23800.43,35.66999816894531,33.8370475769043,-1.8329505920410156
EV_010,725.0,23800.43,35.66999816894531,33.3341064453125,-2.3358917236328125
EV_010,721.0,23800.43,35.66999816894531,33.48849868774414,-2.181499481201172
EV_010,722.0,23800.43,35.66999816894531,33.46603012084961,-2.203968048095703
EV_010,723.0,23800.43,35.66999816894531,32.82172393798828,-2.8482742309570312
EV_010,727.0,23800.43,35.66999816894531,33.669490814208984,-2.000507354736328
EV_010,724.0,23800.43,35.66999816894531,32.51620101928711,-3.153797149658203
EV_010,728.0,23800.43,35.66999816894531,33.1185188293457,-2.5514793395996094
EV_010,725.0,23800.43,35.66999816894531,33.198265075683594,-2.4717330932617188
EV_010,726.0,23800.43,35.66999816894531,33.3953857421875,-2.2746124267578125
EV_010,730.0,23800.43,35.66999816894531,33.33635330200195,-2.3336448669433594
EV_010,727.0,23800.43,35.66999816894531,33.204891204833984,-2.465106964111328
EV_010,731.0,23800.43,35.66999816894531,33.27016067504883,-2.3998374938964844
EV_010,728.0,23800.43,35.66999816894531,33.26776885986328,-2.4022293090820312
EV_010,732.0,23800.43,35.66999816894531,33.177181243896484,-2.492816925048828
EV_010,729.0,23800.43,35.66999816894531,33.96074295043945,-1.7092552185058594
EV_010,733.0,23800.43,35.66999816894531,33.247161865234375,-2.4228363037109375
EV_010,730.0,23800.43,35.66999816894531,34.03920364379883,-1.6307945251464844
EV_010,734.0,23800.43,35.66999816894531,33.393341064453125,-2.2766571044921875
EV_010,731.0,23800.43,35.66999816894531,33.48688507080078,-2.1831130981445312
EV_010,735.0,23800.43,35.66999816894531,33.731903076171875,-1.9380950927734375
EV_010,732.0,23800.43,35.66999816894531,33.5278434753418,-2.1421546936035156
EV_010,736.0,23800.43,35.66999816894531,33.668067932128906,-2.0019302368164062
EV_010,733.0,23800.43,35.66999816894531,33.03608703613281,-2.6339111328125
EV_010,738.0,23800.43,35.66999816894531,33.34333038330078,-2.3266677856445312
EV_010,735.0,23800.43,35.66999816894531,33.62921142578125,-2.0407867431640625
EV_010,739.0,23800.43,35.66999816894531,33.77311706542969,-1.896881103515625
EV_010,736.0,23800.43,35.66999816894531,33.589717864990234,-2.080280303955078
EV_010,740.0,23800.43,35.66999816894531,33.27867889404297,-2.3913192749023438
EV_010,737.0,23800.43,35.66999816894531,33.52429962158203,-2.1456985473632812
EV_010,741.0,23800.43,35.66999816894531,33.27867889404297,-2.3913192749023438
EV_010,738.0,23800.43,35.66999816894531,33.17054748535156,-2.49945068359375
EV_010,742.0,23800.43,35.66999816894531,33.9635009765625,-1.7064971923828125
EV_010,739.0,23800.43,35.66999816894531,33.00550842285156,-2.66448974609375
EV_010,743.0,23800.43,35.66999816894531,35.05962371826172,-0.6103744506835938
EV_010,740.0,23800.43,35.66999816894531,32.799076080322266,-2.870922088623047
EV_010,744.0,23800.43,35.66999816894531,35.11125946044922,-0.5587387084960938
EV_010,741.0,23800.43,35.66999816894531,32.810821533203125,-2.8591766357421875
EV_010,745.0,23800.43,35.66999816894531,35.11125946044922,-0.5587387084960938
EV_010,742.0,23800.43,35.66999816894531,33.39622116088867,-2.2737770080566406
EV_010,746.0,23800.43,35.66999816894531,35.11125946044922,-0.5587387084960938
EV_010,743.0,23800.43,35.66999816894531,32.554264068603516,-3.115734100341797
EV_010,747.0,23800.43,35.66999816894531,35.11125946044922,-0.5587387084960938
EV_010,744.0,23800.43,35.66999816894531,34.899715423583984,-0.7702827453613281
EV_010,745.0,23800.43,35.66999816894531,34.30263137817383,-1.3673667907714844
EV_010,748.0,23800.43,35.66999816894531,35.11125946044922,-0.5587387084960938
EV_010,749.0,23800.43,35.66999816894531,35.11125946044922,-0.5587387084960938
EV_010,746.0,23800.43,35.66999816894531,34.771484375,-0.8985137939453125
EV_010,750.0,23800.43,35.66999816894531,35.11125946044922,-0.5587387084960938
EV_010,747.0,23800.43,35.66999816894531,33.9834098815918,-1.6865882873535156
EV_010,751.0,23800.43,35.66999816894531,35.11125946044922,-0.5587387084960938
EV_010,752.0,23800.43,35.66999816894531,35.11125946044922,-0.5587387084960938
EV_010,749.0,23800.43,35.66999816894531,33.59794235229492,-2.0720558166503906
EV_010,753.0,23800.43,35.66999816894531,35.11125946044922,-0.5587387084960938
EV_010,750.0,23800.43,35.66999816894531,33.25864791870117,-2.4113502502441406
EV_010,751.0,23800.43,35.66999816894531,32.94781494140625,-2.7221832275390625
EV_010,752.0,23800.43,35.66999816894531,32.93974304199219,-2.730255126953125
EV_010,759.0,23800.43,35.66999816894531,33.002498626708984,-2.667499542236328
EV_010,753.0,23800.43,35.66999816894531,32.373504638671875,-3.2964935302734375
EV_010,754.0,23800.43,35.66999816894531,33.1606559753418,-2.5093421936035156
EV_010,757.0,23800.43,35.66999816894531,35.11125946044922,-0.5587387084960938
EV_010,759.0,23800.43,35.66999816894531,34.3177604675293,-1.3522377014160156
EV_010,760.0,23800.43,35.66999816894531,32.62150192260742,-3.0484962463378906
EV_010,755.0,23800.43,35.66999816894531,34.03786087036133,-1.6321372985839844
EV_010,760.0,23800.43,35.66999816894531,34.3177604675293,-1.3522377014160156
EV_010,761.0,23800.43,35.66999816894531,32.94270706176758,-2.7272911071777344
EV_010,762.0,23800.43,35.66999816894531,33.290496826171875,-2.3795013427734375
EV_010,756.0,23800.43,35.66999816894531,33.527259826660156,-2.1427383422851562
EV_010,759.0,23800.43,35.66999816894531,35.11125946044922,-0.5587387084960938
EV_010,761.0,23800.43,35.66999816894531,34.3177604675293,-1.3522377014160156
EV_010,760.0,23800.43,35.66999816894531,34.63117980957031,-1.038818359375
EV_010,763.0,23800.43,35.66999816894531,33.287017822265625,-2.3829803466796875
EV_010,761.0,23800.43,35.66999816894531,34.729347229003906,-0.9406509399414062
EV_010,763.0,23800.43,35.66999816894531,33.88852310180664,-1.7814750671386719
EV_010,759.0,23800.43,35.66999816894531,32.73002624511719,-2.939971923828125
EV_010,764.0,23800.43,35.66999816894531,33.18906021118164,-2.480937957763672
EV_010,765.0,23800.43,35.66999816894531,33.52540969848633,-2.1445884704589844
EV_010,763.0,23800.43,35.66999816894531,33.367164611816406,-2.3028335571289062
EV_010,765.0,23800.43,35.66999816894531,33.57023239135742,-2.0997657775878906
EV_010,766.0,23800.43,35.66999816894531,32.79684829711914,-2.873149871826172
EV_010,760.0,23800.43,35.66999816894531,33.11781311035156,-2.55218505859375
EV_010,761.0,23800.43,35.66999816894531,34.537837982177734,-1.1321601867675781
EV_010,764.0,23800.43,35.66999816894531,33.1185188293457,-2.5514793395996094
EV_010,766.0,23800.43,35.66999816894531,33.27935028076172,-2.3906478881835938
EV_010,767.0,23800.43,35.66999816894531,33.321075439453125,-2.3489227294921875
EV_010,762.0,23800.43,35.66999816894531,34.703269958496094,-0.9667282104492188
EV_010,767.0,23800.43,35.66999816894531,32.73685073852539,-2.933147430419922
EV_010,768.0,23800.43,35.66999816894531,33.190574645996094,-2.4794235229492188
EV_010,765.0,23800.43,35.66999816894531,33.144893646240234,-2.525104522705078
EV_010,768.0,23800.43,35.66999816894531,33.59804153442383,-2.0719566345214844
EV_010,766.0,23800.43,35.66999816894531,33.570411682128906,-2.0995864868164062
EV_010,764.0,23800.43,35.66999816894531,34.26261520385742,-1.4073829650878906
EV_010,765.0,23800.43,35.66999816894531,35.0402717590332,-0.6297264099121094
EV_010,768.0,23800.43,35.66999816894531,33.602481842041016,-2.067516326904297
EV_010,772.0,23800.43,35.66999816894531,35.106380462646484,-0.5636177062988281
EV_010,769.0,23800.43,35.66999816894531,33.393341064453125,-2.2766571044921875
EV_010,772.0,23800.43,35.66999816894531,34.14366912841797,-1.5263290405273438
EV_010,773.0,23800.43,35.66999816894531,34.70697784423828,-0.9630203247070312
EV_010,767.0,23800.43,35.66999816894531,35.0781135559082,-0.5918846130371094
EV_010,770.0,23800.43,35.66999816894531,33.367164611816406,-2.3028335571289062
EV_010,773.0,23800.43,35.66999816894531,33.67717742919922,-1.9928207397460938
EV_010,774.0,23800.43,35.66999816894531,35.245357513427734,-0.4246406555175781
EV_010,771.0,23800.43,35.66999816894531,33.63609313964844,-2.033905029296875
EV_010,774.0,23800.43,35.66999816894531,33.634132385253906,-2.0358657836914062
EV_010,769.0,23800.43,35.66999816894531,34.68678665161133,-0.9832115173339844
EV_010,773.0,23800.43,35.66999816894531,33.144893646240234,-2.525104522705078
EV_010,770.0,23800.43,35.66999816894531,34.24317932128906,-1.42681884765625
EV_010,777.0,23800.43,35.66999816894531,35.106380462646484,-0.5636177062988281
EV_010,771.0,23800.43,35.66999816894531,33.224876403808594,-2.4451217651367188
EV_010,774.0,23800.43,35.66999816894531,33.33635330200195,-2.3336448669433594
EV_010,778.0,23800.43,35.66999816894531,35.036163330078125,-0.6338348388671875
EV_010,772.0,23800.43,35.66999816894531,32.622642517089844,-3.0473556518554688
EV_010,775.0,23800.43,35.66999816894531,33.27016067504883,-2.3998374938964844
EV_010,777.0,23800.43,35.66999816894531,33.60362243652344,-2.066375732421875
EV_010,779.0,23800.43,35.66999816894531,35.37700271606445,-0.2929954528808594
EV_010,776.0,23800.43,35.66999816894531,33.19771194458008,-2.4722862243652344
EV_010,780.0,23800.43,35.66999816894531,34.728660583496094,-0.9413375854492188
EV_010,777.0,23800.43,35.66999816894531,33.25141906738281,-2.4185791015625
EV_010,781.0,23800.43,35.66999816894531,34.15617370605469,-1.513824462890625
EV_010,774.0,23800.43,35.66999816894531,32.50993728637695,-3.1600608825683594
EV_010,778.0,23800.43,35.66999816894531,33.2308464050293,-2.4391517639160156
EV_010,782.0,23800.43,35.66999816894531,33.47187042236328,-2.1981277465820312
EV_010,779.0,23800.43,35.66999816894531,33.3341064453125,-2.3358917236328125
EV_010,780.0,23800.43,35.66999816894531,33.58306884765625,-2.0869293212890625
EV_010,780.0,23800.43,35.66999816894531,33.367164611816406,-2.3028335571289062
EV_010,781.0,23800.43,35.66999816894531,32.69694900512695,-2.9730491638183594
EV_010,776.0,23800.43,35.66999816894531,32.94594192504883,-2.7240562438964844
EV_010,784.0,23800.43,35.66999816894531,32.9671630859375,-2.7028350830078125
EV_010,781.0,23800.43,35.66999816894531,33.31695556640625,-2.3530426025390625
EV_010,782.0,23800.43,35.66999816894531,33.77558135986328,-1.8944168090820312
EV_010,785.0,23800.43,35.66999816894531,32.794105529785156,-2.8758926391601562
EV_010,786.0,23800.43,35.66999816894531,34.294132232666016,-1.3758659362792969
EV_010,778.0,23800.43,35.66999816894531,32.320613861083984,-3.349384307861328
EV_010,787.0,23800.43,35.66999816894531,34.373172760009766,-1.2968254089355469
EV_010,779.0,23800.43,35.66999816894531,32.47529983520508,-3.1946983337402344
EV_010,788.0,23800.43,35.66999816894531,34.17353820800781,-1.4964599609375
EV_010,780.0,23800.43,35.66999816894531,32.550838470458984,-3.119159698486328
EV_010,781.0,23800.43,35.66999816894531,34.36180114746094,-1.308197021484375
EV_010,782.0,23800.43,35.66999816894531,34.91765594482422,-0.7523422241210938
EV_010,790.0,23800.43,35.66999816894531,33.52324295043945,-2.1467552185058594
EV_010,791.0,23800.43,35.66999816894531,34.13188171386719,-1.538116455078125
EV_010,783.0,23800.43,35.66999816894531,34.80854797363281,-0.8614501953125
EV_010,792.0,23800.43,35.66999816894531,33.39120864868164,-2.278789520263672
EV_010,784.0,23800.43,35.66999816894531,35.4555549621582,-0.21444320678710938
EV_010,793.0,23800.43,35.66999816894531,32.90760040283203,-2.7623977661132812
EV_010,786.0,23800.43,35.66999816894531,34.81689453125,-0.8531036376953125
EV_010,787.0,23800.43,35.66999816894531,34.902923583984375,-0.7670745849609375
EV_010,795.0,23800.43,35.66999816894531,32.53934860229492,-3.1306495666503906
EV_010,793.0,23800.43,35.66999816894531,32.48055648803711,-3.189441680908203
EV_010,796.0,23800.43,35.66999816894531,32.56269073486328,-3.1073074340820312
EV_010,794.0,23800.43,35.66999816894531,32.64696502685547,-3.0230331420898438
EV_010,797.0,23800.43,35.66999816894531,33.417640686035156,-2.2523574829101562
EV_010,793.0,23800.43,35.66999816894531,33.144893646240234,-2.525104522705078
EV_010,795.0,23800.43,35.66999816894531,33.555240631103516,-2.114757537841797
EV_010,794.0,23800.43,35.66999816894531,33.18162155151367,-2.4883766174316406
EV_010,790.0,23800.43,35.66999816894531,32.62668991088867,-3.0433082580566406
EV_010,795.0,23800.43,35.66999816894531,33.47681427001953,-2.1931838989257812
EV_010,796.0,23800.43,35.66999816894531,33.34699630737305,-2.3230018615722656
EV_010,799.0,23800.43,35.66999816894531,34.93593978881836,-0.7340583801269531
EV_010,797.0,23800.43,35.66999816894531,34.908935546875,-0.7610626220703125
EV_010,791.0,23800.43,35.66999816894531,32.97306823730469,-2.696929931640625
EV_010,796.0,23800.43,35.66999816894531,33.67435836791992,-1.9956398010253906
EV_010,800.0,23800.43,35.66999816894531,34.16852951049805,-1.5014686584472656
EV_010,792.0,23800.43,35.66999816894531,33.39582061767578,-2.2741775512695312
EV_010,797.0,23800.43,35.66999816894531,33.164485931396484,-2.505512237548828
EV_010,801.0,23800.43,35.66999816894531,33.43046951293945,-2.2395286560058594
EV_010,793.0,23800.43,35.66999816894531,33.05830001831055,-2.6116981506347656
EV_010,802.0,23800.43,35.66999816894531,33.099876403808594,-2.5701217651367188
EV_010,794.0,23800.43,35.66999816894531,32.787139892578125,-2.8828582763671875
EV_010,799.0,23800.43,35.66999816894531,33.21823501586914,-2.451763153076172
EV_010,800.0,23800.43,35.66999816894531,34.53505325317383,-1.1349449157714844
EV_010,795.0,23800.43,35.66999816894531,33.369850158691406,-2.3001480102539062
EV_010,804.0,23800.43,35.66999816894531,34.14462661743164,-1.5253715515136719
EV_010,796.0,23800.43,35.66999816894531,32.93302917480469,-2.736968994140625
EV_010,800.0,23800.43,35.66999816894531,33.237525939941406,-2.4324722290039062
EV_010,797.0,23800.43,35.66999816894531,33.81130599975586,-1.8586921691894531
EV_010,798.0,23800.43,35.66999816894531,34.19221496582031,-1.477783203125
EV_010,806.0,23800.43,35.66999816894531,32.53534698486328,-3.1346511840820312
EV_010,799.0,23800.43,35.66999816894531,34.17792892456055,-1.4920692443847656
EV_010,807.0,23800.43,35.66999816894531,32.60289001464844,-3.067108154296875
EV_010,800.0,23800.43,35.66999816894531,33.24037170410156,-2.42962646484375
EV_010,808.0,23800.43,35.66999816894531,33.15916061401367,-2.5108375549316406
EV_010,809.0,23800.43,35.66999816894531,32.754154205322266,-2.915843963623047
EV_010,801.0,23800.43,35.66999816894531,32.539669036865234,-3.130329132080078
EV_010,806.0,23800.43,35.66999816894531,32.78547286987305,-2.8845252990722656
EV_010,802.0,23800.43,35.66999816894531,32.68035888671875,-2.9896392822265625
EV_010,806.0,23800.43,35.66999816894531,33.59171676635742,-2.0782814025878906
EV_010,807.0,23800.43,35.66999816894531,32.685279846191406,-2.9847183227539062
EV_010,810.0,23800.43,35.66999816894531,32.49944305419922,-3.1705551147460938
EV_010,807.0,23800.43,35.66999816894531,33.17576599121094,-2.494232177734375
EV_010,808.0,23800.43,35.66999816894531,32.8188591003418,-2.8511390686035156
EV_010,811.0,23800.43,35.66999816894531,32.663673400878906,-3.0063247680664062
EV_010,812.0,23800.43,35.66999816894531,33.58998107910156,-2.08001708984375
EV_010,808.0,23800.43,35.66999816894531,33.31452178955078,-2.3554763793945312
EV_010,809.0,23800.43,35.66999816894531,33.41691970825195,-2.2530784606933594
EV_010,810.0,23800.43,35.66999816894531,32.62403106689453,-3.0459671020507812
EV_010,813.0,23800.43,35.66999816894531,32.53793716430664,-3.132061004638672
EV_010,811.0,23800.43,35.66999816894531,34.670379638671875,-0.9996185302734375
EV_010,814.0,23800.43,35.66999816894531,34.52895736694336,-1.1410408020019531
EV_010,810.0,23800.43,35.66999816894531,33.19771194458008,-2.4722862243652344
EV_010,812.0,23800.43,35.66999816894531,33.26765441894531,-2.40234375
EV_010,815.0,23800.43,35.66999816894531,34.59175109863281,-1.0782470703125
EV_010,806.0,23800.43,35.66999816894531,33.14103317260742,-2.5289649963378906
EV_010,811.0,23800.43,35.66999816894531,33.27523422241211,-2.394763946533203
EV_010,807.0,23800.43,35.66999816894531,33.324737548828125,-2.3452606201171875
EV_010,812.0,23800.43,35.66999816894531,33.58332824707031,-2.086669921875
EV_010,816.0,23800.43,35.66999816894531,33.222137451171875,-2.4478607177734375
EV_010,808.0,23800.43,35.66999816894531,32.56585693359375,-3.1041412353515625
EV_010,813.0,23800.43,35.66999816894531,33.527400970458984,-2.142597198486328
EV_010,809.0,23800.43,35.66999816894531,33.55977249145508,-2.1102256774902344
EV_010,815.0,23800.43,35.66999816894531,33.917598724365234,-1.7523994445800781
EV_010,818.0,23800.43,35.66999816894531,33.41431427001953,-2.2556838989257812
EV_010,810.0,23800.43,35.66999816894531,33.72777557373047,-1.9422225952148438
EV_010,819.0,23800.43,35.66999816894531,33.710514068603516,-1.9594841003417969
EV_010,811.0,23800.43,35.66999816894531,34.503211975097656,-1.1667861938476562
EV_010,816.0,23800.43,35.66999816894531,34.48101043701172,-1.1889877319335938
EV_010,817.0,23800.43,35.66999816894531,33.45024108886719,-2.219757080078125
EV_010,820.0,23800.43,35.66999816894531,34.062538146972656,-1.6074600219726562
EV_010,812.0,23800.43,35.66999816894531,32.93731689453125,-2.7326812744140625
EV_010,818.0,23800.43,35.66999816894531,34.5980110168457,-1.0719871520996094
EV_010,821.0,23800.43,35.66999816894531,33.757999420166016,-1.9119987487792969
EV_010,813.0,23800.43,35.66999816894531,33.56638717651367,-2.1036109924316406
EV_010,822.0,23800.43,35.66999816894531,33.96726608276367,-1.7027320861816406
EV_010,814.0,23800.43,35.66999816894531,33.32122802734375,-2.3487701416015625
EV_010,817.0,23800.43,35.66999816894531,34.05709457397461,-1.6129035949707031
EV_010,819.0,23800.43,35.66999816894531,33.796470642089844,-1.8735275268554688
EV_010,815.0,23800.43,35.66999816894531,32.93671417236328,-2.7332839965820312
EV_010,818.0,23800.43,35.66999816894531,33.266788482666016,-2.403209686279297
EV_010,823.0,23800.43,35.66999816894531,33.1954231262207,-2.4745750427246094
EV_010,824.0,23800.43,35.66999816894531,33.37112808227539,-2.298870086669922
EV_010,816.0,23800.43,35.66999816894531,32.787498474121094,-2.8824996948242188
EV_010,819.0,23800.43,35.66999816894531,33.56248474121094,-2.107513427734375
EV_010,825.0,23800.43,35.66999816894531,34.27126693725586,-1.3987312316894531
EV_010,817.0,23800.43,35.66999816894531,32.92906188964844,-2.740936279296875
EV_010,820.0,23800.43,35.66999816894531,33.519065856933594,-2.1509323120117188
EV_010,822.0,23800.43,35.66999816894531,33.28337860107422,-2.3866195678710938
EV_010,818.0,23800.43,35.66999816894531,34.260093688964844,-1.4099044799804688
EV_010,821.0,23800.43,35.66999816894531,33.299686431884766,-2.370311737060547
EV_010,823.0,23800.43,35.66999816894531,33.70262908935547,-1.9673690795898438
EV_010,819.0,23800.43,35.66999816894531,34.27457046508789,-1.3954277038574219
EV_010,822.0,23800.43,35.66999816894531,33.54050064086914,-2.129497528076172
EV_010,827.0,23800.43,35.66999816894531,33.855106353759766,-1.8148918151855469
EV_010,820.0,23800.43,35.66999816894531,33.94878005981445,-1.7212181091308594
EV_010,823.0,23800.43,35.66999816894531,33.661102294921875,-2.0088958740234375
EV_010,824.0,23800.43,35.66999816894531,33.58696746826172,-2.0830307006835938
EV_010,828.0,23800.43,35.66999816894531,33.34097671508789,-2.329021453857422
EV_010,825.0,23800.43,35.66999816894531,33.808135986328125,-1.8618621826171875
EV_010,829.0,23800.43,35.66999816894531,33.49009323120117,-2.1799049377441406
EV_010,821.0,23800.43,35.66999816894531,33.898284912109375,-1.7717132568359375
EV_010,824.0,23800.43,35.66999816894531,33.148170471191406,-2.5218276977539062
EV_010,826.0,23800.43,35.66999816894531,32.7420768737793,-2.9279212951660156
EV_010,822.0,23800.43,35.66999816894531,32.829864501953125,-2.8401336669921875
EV_010,825.0,23800.43,35.66999816894531,33.144893646240234,-2.525104522705078
EV_010,830.0,23800.43,35.66999816894531,33.24522399902344,-2.424774169921875
EV_010,823.0,23800.43,35.66999816894531,32.9822883605957,-2.6877098083496094
EV_010,831.0,23800.43,35.66999816894531,32.75563049316406,-2.91436767578125
EV_010,832.0,23800.43,35.66999816894531,34.74087905883789,-0.9291191101074219
EV_010,824.0,23800.43,35.66999816894531,32.56710433959961,-3.102893829345703
EV_010,827.0,23800.43,35.66999816894531,33.2365837097168,-2.4334144592285156
EV_010,828.0,23800.43,35.66999816894531,32.75212097167969,-2.917877197265625
EV_010,825.0,23800.43,35.66999816894531,32.73878479003906,-2.93121337890625
EV_010,829.0,23800.43,35.66999816894531,32.77967834472656,-2.89031982421875
EV_010,826.0,23800.43,35.66999816894531,32.97016906738281,-2.6998291015625
EV_010,828.0,23800.43,35.66999816894531,33.540008544921875,-2.1299896240234375
EV_010,830.0,23800.43,35.66999816894531,33.306251525878906,-2.3637466430664062
EV_010,829.0,23800.43,35.66999816894531,33.28607940673828,-2.3839187622070312
EV_010,831.0,23800.43,35.66999816894531,33.04378128051758,-2.6262168884277344
EV_010,830.0,23800.43,35.66999816894531,33.61813735961914,-2.051860809326172
