volt_V,accelerator_pedal_pct,payload_kg,motor_rpm,charger_connected,min_single_volt_V,hvac_active,soc_pct,max_single_volt_V,avg_speed_kmh,current_A,nominal_capacity_Ah,vehicle_name,regenerative_braking_Ah,timestamp_s,brake_pedal_pct,id_segment,min_temp_C,mileage_km,id,actual_max_capacity_Ah,label,max_temp_C,gear_position,car_model,car_id
365.212,25.0,18.24,1400.0,0,4.09,1,93.11,4.13,22.0,45.0,185.0,EV_106,0.0,650,0.0,DR402462_3,47.45,96453.55,DR402462,173.9,0.0,52.42,D,SimuProB-1,EV_106
357.291,60.0,18.24,2900.0,0,4.05,1,93.09,4.15,45.0,125.0,185.0,EV_106,0.0,660,0.0,DR402462_3,47.52,96453.68,DR402462,173.9,0.0,52.55,D,SimuProB-1,EV_106
362.316,0.0,18.24,300.0,0,4.1,1,93.07,4.14,5.0,15.0,185.0,EV_106,0.0,670,15.0,DR402462_3,47.58,96453.69,DR402462,173.9,0.0,52.6,D,SimuProB-1,EV_106
375.984,10.0,18.24,800.0,0,4.11,1,93.05,4.14,12.0,8.5,185.0,EV_106,0.0,680,0.0,DR402462_3,47.61,96453.72,DR402462,173.9,0.0,52.63,D,SimuProB-1,EV_106
360.549,45.0,18.24,2200.0,0,4.07,1,93.04,4.15,35.0,85.0,185.0,EV_106,0.0,690,0.0,DR402462_3,47.69,96453.82,DR402462,173.9,0.0,52.7,D,SimuProB-1,EV_106
358.407,0.0,18.24,1100.0,0,4.05,1,93.04,4.12,18.0,-35.0,185.0,EV_106,0.015,700,65.0,DR402462_3,47.71,96453.87,DR402462,173.9,0.0,52.72,D,SimuProB-1,EV_106
365.529,35.0,18.24,1800.0,0,4.08,1,93.02,4.14,28.0,45.0,185.0,EV_106,0.0,710,0.0,DR402462_3,47.75,96453.95,DR402462,173.9,0.0,52.75,D,SimuProB-1,EV_106
355.945,65.0,18.24,3100.0,0,4.06,1,93.0,4.15,48.0,110.0,185.0,EV_106,0.0,720,0.0,DR402462_3,47.8,96454.08,DR402462,173.9,0.0,52.82,D,SimuProB-1,EV_106
370.85,0.0,18.24,950.0,0,4.07,1,93.0,4.13,15.0,-25.0,185.0,EV_106,0.018,730,45.0,DR402462_3,47.85,96454.12,DR402462,173.9,0.0,52.88,D,SimuProB-1,EV_106
359.776,70.0,18.24,3400.0,0,4.06,1,92.96,4.15,52.0,95.0,185.0,EV_106,0.0,740,0.0,DR402462_3,47.92,96454.26,DR402462,173.9,0.0,52.96,D,SimuProB-1,EV_106
368.71,0.0,18.24,1600.0,0,4.08,1,92.96,4.14,25.0,-30.0,185.0,EV_106,0.02,750,55.0,DR402462_3,47.95,96454.33,DR402462,173.9,0.0,52.99,D,SimuProB-1,EV_106
357.134,75.0,18.24,2900.0,0,4.05,1,92.94,4.15,45.0,120.0,185.0,EV_106,0.0,760,0.0,DR402462_3,48.08,96454.46,DR402462,173.9,0.0,53.12,D,SimuProB-1,EV_106
378.99,0.0,18.24,1150.0,0,4.09,1,92.93,4.14,18.0,-35.0,185.0,EV_106,0.022,770,60.0,DR402462_3,48.12,96454.51,DR402462,173.9,0.0,53.18,D,SimuProB-1,EV_106
395.479,15.0,18.24,750.0,0,4.08,1,92.93,4.12,12.0,8.0,185.0,EV_106,0.0,780,5.0,DR402462_3,48.18,96454.54,DR402462,173.9,0.0,53.25,D,SimuProB-1,EV_106
365.539,55.0,18.24,2200.0,0,4.06,1,92.92,4.15,35.0,95.0,185.0,EV_106,0.0,790,0.0,DR402462_3,48.25,96454.64,DR402462,173.9,0.0,53.32,D,SimuProB-1,EV_106
385.733,35.0,18.24,1400.0,0,4.07,1,92.92,4.13,22.0,45.0,185.0,EV_106,0.0,800,0.0,DR402462_3,48.3,96454.7,DR402462,173.9,0.0,53.38,D,SimuProB-1,EV_106
398.9,5.0,18.24,500.0,0,4.1,1,92.9,4.14,8.0,15.0,185.0,EV_106,0.015,810,45.0,DR402462_3,48.35,96454.72,DR402462,173.9,0.0,53.4,D,SimuProB-1,EV_106
402.037,2.0,18.24,320.0,0,4.11,1,92.9,4.14,5.0,10.0,185.0,EV_106,0.0,820,10.0,DR402462_3,48.38,96454.74,DR402462,173.9,0.0,53.42,D,SimuProB-1,EV_106
399.663,25.0,18.24,1100.0,0,4.105,1,92.89,4.145,18.0,22.5,185.0,EV_106,0.0,830,0.0,DR402462_3,48.41,96454.79,DR402462,173.9,0.0,53.45,D,SimuProB-1,EV_106
387.895,50.0,18.24,2000.0,0,4.09,1,92.88,4.15,32.0,65.0,185.0,EV_106,0.0,840,0.0,DR402462_3,48.46,96454.88,DR402462,173.9,0.0,53.52,D,SimuProB-1,EV_106
396.611,0.0,18.24,600.0,0,4.12,1,92.87,4.14,10.0,-25.0,185.0,EV_106,0.02,850,60.0,DR402462_3,48.5,96454.91,DR402462,173.9,0.0,53.55,D,SimuProB-1,EV_106
404.817,30.0,18.24,1600.0,0,4.11,1,92.86,4.14,25.0,12.0,185.0,EV_106,0.0,860,0.0,DR402462_3,48.6,96454.98,DR402462,173.9,0.0,53.6,D,SimuProB-1,EV_106
392.841,65.0,18.24,2800.0,0,4.08,1,92.86,4.15,42.0,85.0,185.0,EV_106,0.0,870,0.0,DR402462_3,48.7,96455.1,DR402462,173.9,0.0,53.7,D,SimuProB-1,EV_106
395.351,0.0,18.24,800.0,0,4.11,1,92.83,4.14,12.0,-35.0,185.0,EV_106,0.025,880,75.0,DR402462_3,48.7,96455.13,DR402462,173.9,0.0,53.7,D,SimuProB-1,EV_106
388.251,55.0,18.24,2400.0,0,4.07,1,92.81,4.15,38.0,75.0,185.0,EV_106,0.0,890,0.0,DR402462_3,48.8,96455.24,DR402462,173.9,0.0,53.8,D,SimuProB-1,EV_106
402.187,25.0,18.24,1400.0,0,4.11,1,92.81,4.14,22.0,15.0,185.0,EV_106,0.0,900,0.0,DR402462_3,48.9,96455.3,DR402462,173.9,0.0,53.9,D,SimuProB-1,EV_106
390.647,0.0,18.24,500.0,0,4.12,1,92.8,4.14,8.0,-30.0,185.0,EV_106,0.022,910,65.0,DR402462_3,49.0,96455.32,DR402462,173.9,0.0,54.0,D,SimuProB-1,EV_106
396.881,30.0,18.24,1600.0,0,4.1,1,92.78,4.13,25.0,12.0,185.0,EV_106,0.0,920,0.0,DR402462_3,49.05,96455.39,DR402462,173.9,0.0,54.05,D,SimuProB-1,EV_106
385.458,60.0,18.24,3000.0,0,4.08,1,92.78,4.15,45.0,80.0,185.0,EV_106,0.0,930,0.0,DR402462_3,49.12,96455.51,DR402462,173.9,0.0,54.12,D,SimuProB-1,EV_106
394.802,40.0,18.24,2200.0,0,4.11,1,92.77,4.14,35.0,25.0,185.0,EV_106,0.0,940,0.0,DR402462_3,49.15,96455.61,DR402462,173.9,0.0,54.15,D,SimuProB-1,EV_106
391.352,45.0,18.24,2400.0,0,4.11,1,92.73,4.14,38.0,55.0,185.0,EV_106,0.0,950,0.0,DR402462_3,49.25,96455.72,DR402462,173.9,0.0,54.25,D,SimuProB-1,EV_106
388.561,55.0,18.24,3200.0,0,4.09,1,92.71,4.15,48.0,75.0,185.0,EV_106,0.0,960,0.0,DR402462_3,49.4,96455.85,DR402462,173.9,0.0,54.4,D,SimuProB-1,EV_106
394.869,20.0,18.24,1800.0,0,4.12,1,92.71,4.14,28.0,18.0,185.0,EV_106,0.015,970,15.0,DR402462_3,49.45,96455.93,DR402462,173.9,0.0,54.45,D,SimuProB-1,EV_106
387.032,70.0,18.24,3500.0,0,4.08,1,92.69,4.15,52.0,95.0,185.0,EV_106,0.0,980,0.0,DR402462_3,49.5,96456.07,DR402462,173.9,0.0,54.5,D,SimuProB-1,EV_106
382.666,80.0,18.24,4200.0,0,4.05,1,92.67,4.15,62.0,145.0,185.0,EV_106,0.0,990,0.0,DR402462_3,49.6,96456.25,DR402462,173.9,0.0,54.6,D,SimuProB-1,EV_106
378.215,80.0,18.24,4500.0,0,4.02,1,92.66,4.15,65.0,180.0,185.0,EV_106,0.0,1000,0.0,DR402462_3,49.7,96456.43,DR402462,173.9,0.0,54.7,D,SimuProB-1,EV_106
376.997,75.0,18.24,4300.0,0,4.01,1,92.64,4.15,63.0,160.0,185.0,EV_106,0.0,1010,0.0,DR402462_3,49.8,96456.6,DR402462,173.9,0.0,54.8,D,SimuProB-1,EV_106
398.425,15.0,18.24,2400.0,0,4.1,1,92.64,4.14,35.0,12.0,185.0,EV_106,0.018,1020,25.0,DR402462_3,49.85,96456.7,DR402462,173.9,0.0,54.85,D,SimuProB-1,EV_106
385.11,30.0,18.24,1500.0,0,4.08,1,92.63,4.15,22.0,45.0,185.0,EV_106,0.0,1030,0.0,DR402462_3,49.9,96456.76,DR402462,173.9,0.0,54.9,D,SimuProB-1,EV_106
378.836,25.0,18.24,1900.0,0,4.09,1,92.62,4.14,28.0,15.0,185.0,EV_106,0.0,1040,0.0,DR402462_3,50.0,96456.84,DR402462,173.9,0.0,55.0,D,SimuProB-1,EV_106
374.639,45.0,18.24,2800.0,0,4.06,1,92.61,4.15,42.0,65.0,185.0,EV_106,0.0,1050,0.0,DR402462_3,50.1,96456.95,DR402462,173.9,0.0,55.1,D,SimuProB-1,EV_106
383.325,0.0,18.24,1200.0,0,4.1,1,92.61,4.15,18.0,-12.0,185.0,EV_106,0.015,1060,45.0,DR402462_3,50.1,96457.0,DR402462,173.9,0.0,55.1,D,SimuProB-1,EV_106
388.215,20.0,18.24,2200.0,0,4.1,1,92.6,4.14,32.0,18.0,185.0,EV_106,0.0,1070,0.0,DR402462_3,50.2,96457.09,DR402462,173.9,0.0,55.2,D,SimuProB-1,EV_106
371.939,65.0,18.24,3400.0,0,4.07,1,92.56,4.15,48.0,85.0,185.0,EV_106,0.0,1080,0.0,DR402462_3,50.3,96457.22,DR402462,173.9,0.0,55.3,D,SimuProB-1,EV_106
379.326,0.0,18.24,1000.0,0,4.11,1,92.56,4.15,15.0,-25.0,185.0,EV_106,0.022,1090,60.0,DR402462_3,50.4,96457.26,DR402462,173.9,0.0,55.4,D,SimuProB-1,EV_106
370.243,70.0,18.24,3700.0,0,4.06,1,92.51,4.15,52.0,95.0,185.0,EV_106,0.0,1100,0.0,DR402462_3,50.5,96457.4,DR402462,173.9,0.0,55.5,D,SimuProB-1,EV_106
375.347,25.0,18.24,2000.0,0,4.09,1,92.5,4.14,30.0,35.0,185.0,EV_106,0.0,1110,10.0,DR402462_3,50.6,96457.49,DR402462,173.9,0.0,55.6,D,SimuProB-1,EV_106
372.32,55.0,18.24,3200.0,0,4.07,1,92.49,4.15,45.0,75.0,185.0,EV_106,0.0,1120,0.0,DR402462_3,50.7,96457.61,DR402462,173.9,0.0,55.7,D,SimuProB-1,EV_106
368.737,75.0,18.24,3900.0,0,4.04,1,92.45,4.15,55.0,110.0,185.0,EV_106,0.0,1130,0.0,DR402462_3,50.8,96457.76,DR402462,173.9,0.0,55.8,D,SimuProB-1,EV_106
376.378,15.0,18.24,1500.0,0,4.1,1,92.43,4.15,22.0,25.0,185.0,EV_106,0.0,1140,20.0,DR402462_3,50.9,96457.82,DR402462,173.9,0.0,55.9,D,SimuProB-1,EV_106
366.225,80.0,18.24,2900.0,0,4.02,1,92.39,4.15,42.0,135.0,185.0,EV_106,0.0,1150,0.0,DR402462_3,51.1,96457.94,DR402462,173.9,0.0,56.1,D,SimuProB-1,EV_106
370.694,45.0,18.24,2600.0,0,4.06,1,92.37,4.15,38.0,65.0,185.0,EV_106,0.0,1160,0.0,DR402462_3,51.2,96458.05,DR402462,173.9,0.0,56.2,D,SimuProB-1,EV_106
361.83,0.0,18.24,800.0,0,4.05,1,92.35,4.12,12.0,-35.0,185.0,EV_106,0.015,1170,65.0,DR402462_3,51.3,96458.08,DR402462,173.9,0.0,56.3,D,SimuProB-1,EV_106
378.015,0.0,18.24,0.0,0,4.11,1,92.34,4.15,0.0,12.0,185.0,EV_106,0.0,1180,85.0,DR402462_3,51.3,96458.08,DR402462,173.9,0.0,56.3,D,SimuProB-1,EV_106
377.786,10.0,18.24,350.0,0,4.11,1,92.34,4.15,5.2,12.5,185.0,EV_106,0.0,1190,5.0,DR402462_3,51.4,96458.09,DR402462,173.9,0.0,56.4,D,SimuProB-1,EV_106
379.637,35.0,18.24,1100.0,0,4.09,1,92.33,4.15,18.5,45.0,185.0,EV_106,0.0,1200,0.0,DR402462_3,51.5,96458.15,DR402462,173.9,0.0,56.5,D,SimuProB-1,EV_106
372.035,60.0,18.24,2100.0,0,4.05,1,92.33,4.15,32.0,85.0,185.0,EV_106,0.0,1210,0.0,DR402462_3,51.6,96458.23,DR402462,173.9,0.0,56.6,D,SimuProB-1,EV_106
365.085,65.0,18.24,2850.0,0,4.03,1,92.31,4.14,42.5,95.0,185.0,EV_106,0.0,1220,0.0,DR402462_3,51.8,96458.35,DR402462,173.9,0.0,56.8,D,SimuProB-1,EV_106
376.426,0.0,18.24,950.0,0,4.08,1,92.3,4.16,15.0,-38.0,185.0,EV_106,0.028,1230,75.0,DR402462_3,51.8,96458.39,DR402462,173.9,0.0,56.8,D,SimuProB-1,EV_106
379.713,0.0,18.24,0.0,0,4.12,1,92.3,4.15,0.0,14.0,185.0,EV_106,0.0,1240,90.0,DR402462_3,51.9,96458.39,DR402462,173.9,0.0,56.9,D,SimuProB-1,EV_106
381.066,0.0,18.24,0.0,0,4.12,1,92.28,4.15,0.0,12.0,185.0,EV_106,0.0,1250,90.0,DR402462_3,52.0,96458.39,DR402462,173.9,0.0,57.0,D,SimuProB-1,EV_106
385.608,15.0,18.24,500.0,0,4.11,1,92.28,4.15,8.0,25.0,185.0,EV_106,0.0,1260,0.0,DR402462_3,52.1,96458.41,DR402462,173.9,0.0,57.1,D,SimuProB-1,EV_106
381.625,30.0,18.24,1150.0,0,4.09,1,92.28,4.15,18.0,45.0,185.0,EV_106,0.0,1270,0.0,DR402462_3,52.2,96458.46,DR402462,173.9,0.0,57.2,D,SimuProB-1,EV_106
378.455,45.0,18.24,1800.0,0,4.08,1,92.26,4.15,28.0,85.0,185.0,EV_106,0.0,0,0.0,DR402462_4,52.3,96458.54,DR402462,173.9,0.0,57.3,D,SimuProB-1,EV_106
380.621,10.0,18.24,900.0,0,4.11,1,92.23,4.15,15.0,35.0,185.0,EV_106,0.002,10,15.0,DR402462_4,52.4,96458.58,DR402462,173.9,0.0,57.4,D,SimuProB-1,EV_106
376.97,60.0,18.24,2400.0,0,4.07,1,92.23,4.15,38.0,110.0,185.0,EV_106,0.0,20,0.0,DR402462_4,52.5,96458.69,DR402462,173.9,0.0,57.5,D,SimuProB-1,EV_106
382.225,25.0,18.24,1600.0,0,4.1,1,92.2,4.15,25.0,40.0,185.0,EV_106,0.0,30,0.0,DR402462_4,52.55,96458.76,DR402462,173.9,0.0,57.55,D,SimuProB-1,EV_106
374.917,70.0,18.24,3800.0,0,4.06,1,92.18,4.15,55.0,125.0,185.0,EV_106,0.0,40,0.0,DR402462_4,52.65,96458.91,DR402462,173.9,0.0,57.7,D,SimuProB-1,EV_106
381.88,0.0,18.24,2200.0,0,4.12,1,92.16,4.15,35.0,-35.0,185.0,EV_106,0.025,50,45.0,DR402462_4,52.7,96459.01,DR402462,173.9,0.0,57.75,D,SimuProB-1,EV_106
378.29,55.0,18.24,3000.0,0,4.08,1,92.12,4.15,48.0,95.0,185.0,EV_106,0.0,60,0.0,DR402462_4,52.75,96459.14,DR402462,173.9,0.0,57.8,D,SimuProB-1,EV_106
372.351,65.0,18.24,2650.0,0,4.05,1,92.1,4.15,42.0,140.0,185.0,EV_106,0.0,70,0.0,DR402462_4,52.85,96459.26,DR402462,173.9,0.0,57.9,D,SimuProB-1,EV_106
384.18,0.0,18.24,1750.0,0,4.11,1,92.1,4.15,28.0,-25.0,185.0,EV_106,0.018,80,35.0,DR402462_4,52.9,96459.34,DR402462,173.9,0.0,57.95,D,SimuProB-1,EV_106
375.727,45.0,18.24,2400.0,0,4.07,1,92.08,4.15,38.0,110.0,185.0,EV_106,0.0,90,0.0,DR402462_4,53.0,96459.45,DR402462,173.9,0.0,58.0,D,SimuProB-1,EV_106
380.748,0.0,18.24,1250.0,0,4.13,1,92.05,4.15,20.0,-20.0,185.0,EV_106,0.02,100,30.0,DR402462_4,53.05,96459.5,DR402462,173.9,0.0,58.05,D,SimuProB-1,EV_106
372.977,35.0,18.24,2000.0,0,4.09,1,92.03,4.15,32.0,85.0,185.0,EV_106,0.0,110,0.0,DR402462_4,53.1,96459.59,DR402462,173.9,0.0,58.1,D,SimuProB-1,EV_106
378.337,30.0,18.24,2200.0,0,4.08,1,92.0,4.14,35.0,55.0,185.0,EV_106,0.0,120,0.0,DR402462_4,53.15,96459.69,DR402462,173.9,0.0,58.15,D,SimuProB-1,EV_106
369.832,60.0,18.24,2850.0,0,4.06,1,91.97,4.15,45.0,130.0,185.0,EV_106,0.0,130,0.0,DR402462_4,53.25,96459.81,DR402462,173.9,0.0,58.25,D,SimuProB-1,EV_106
382.512,0.0,18.24,750.0,0,4.12,1,91.96,4.15,12.0,-35.0,185.0,EV_106,0.025,140,45.0,DR402462_4,53.3,96459.85,DR402462,173.9,0.0,58.3,D,SimuProB-1,EV_106
385.288,25.0,18.24,2375.0,0,4.12,1,91.93,4.15,38.0,12.5,185.0,EV_106,0.0,150,0.0,DR402462_4,53.35,96459.96,DR402462,173.9,0.0,58.35,D,SimuProB-1,EV_106
370.195,70.0,18.24,3437.0,0,4.08,1,91.93,4.15,55.0,145.0,185.0,EV_106,0.0,160,0.0,DR402462_4,53.45,96460.11,DR402462,173.9,0.0,58.45,D,SimuProB-1,EV_106
365.402,0.0,18.24,1375.0,0,4.1,1,91.91,4.15,22.0,-25.0,185.0,EV_106,0.02,170,60.0,DR402462_4,53.5,96460.17,DR402462,173.9,0.0,58.5,D,SimuProB-1,EV_106
360.665,0.0,18.24,312.0,0,4.09,1,91.89,4.14,5.0,-38.0,185.0,EV_106,0.028,180,75.0,DR402462_4,53.6,96460.18,DR402462,173.9,0.0,58.6,D,SimuProB-1,EV_106
395.016,35.0,18.24,1562.0,0,4.11,1,91.86,4.15,25.0,45.0,185.0,EV_106,0.0,190,0.0,DR402462_4,53.7,96460.25,DR402462,173.9,0.0,58.7,D,SimuProB-1,EV_106
388.105,0.0,18.24,500.0,0,4.1,1,91.84,4.15,8.0,-28.0,185.0,EV_106,0.022,200,55.0,DR402462_4,53.8,96460.28,DR402462,173.9,0.0,58.8,D,SimuProB-1,EV_106
392.414,40.0,18.24,1875.0,0,4.09,1,91.8,4.15,30.0,55.0,185.0,EV_106,0.0,210,0.0,DR402462_4,53.85,96460.36,DR402462,173.9,0.0,58.85,D,SimuProB-1,EV_106
384.815,55.0,18.24,2625.0,0,4.08,1,91.76,4.15,42.0,85.0,185.0,EV_106,0.0,220,0.0,DR402462_4,54.0,96460.48,DR402462,173.9,0.0,59.0,D,SimuProB-1,EV_106
389.962,0.0,18.24,937.0,0,4.1,1,91.73,4.15,15.0,-35.0,185.0,EV_106,0.025,230,65.0,DR402462_4,54.1,96460.52,DR402462,173.9,0.0,59.1,D,SimuProB-1,EV_106
396.108,30.0,18.24,2375.0,0,4.11,1,91.72,4.15,38.0,30.0,185.0,EV_106,0.0,240,0.0,DR402462_4,54.25,96460.63,DR402462,173.9,0.0,59.25,D,SimuProB-1,EV_106
384.754,0.0,18.24,625.0,0,4.12,1,91.71,4.15,10.0,-38.0,185.0,EV_106,0.028,250,70.0,DR402462_4,54.35,96460.65,DR402462,173.9,0.0,59.35,D,SimuProB-1,EV_106
393.529,35.0,18.24,1750.0,0,4.1,1,91.69,4.15,28.0,42.0,185.0,EV_106,0.0,260,0.0,DR402462_4,54.5,96460.73,DR402462,173.9,0.0,59.5,D,SimuProB-1,EV_106
387.999,45.0,18.24,2187.0,0,4.09,1,91.66,4.15,35.0,65.0,185.0,EV_106,0.0,270,0.0,DR402462_4,54.6,96460.83,DR402462,173.9,0.0,59.6,D,SimuProB-1,EV_106
395.795,0.0,18.24,750.0,0,4.11,1,91.66,4.15,12.0,-25.0,185.0,EV_106,0.022,280,55.0,DR402462_4,54.7,96460.86,DR402462,173.9,0.0,59.7,D,SimuProB-1,EV_106
391.479,40.0,18.24,1875.0,0,4.08,1,91.66,4.15,30.0,50.0,185.0,EV_106,0.0,290,0.0,DR402462_4,54.85,96460.94,DR402462,173.9,0.0,59.85,D,SimuProB-1,EV_106
385.527,55.0,18.24,2800.0,0,4.08,1,91.64,4.15,42.0,72.0,185.0,EV_106,0.0,300,0.0,DR402462_4,54.95,96461.06,DR402462,173.9,0.0,59.95,D,SimuProB-1,EV_106
388.33,0.0,18.24,1667.0,0,4.12,1,91.64,4.15,25.0,-18.0,185.0,EV_106,0.015,310,35.0,DR402462_4,55.0,96461.13,DR402462,173.9,0.0,60.0,D,SimuProB-1,EV_106
383.6,60.0,18.24,3000.0,0,4.07,1,91.62,4.15,45.0,85.0,185.0,EV_106,0.0,320,0.0,DR402462_4,55.15,96461.25,DR402462,173.9,0.0,60.15,D,SimuProB-1,EV_106
385.765,0.0,18.24,1000.0,0,4.13,1,91.6,4.15,15.0,-28.0,185.0,EV_106,0.025,330,65.0,DR402462_4,55.25,96461.29,DR402462,173.9,0.0,60.25,D,SimuProB-1,EV_106
384.053,35.0,18.24,1850.0,0,4.1,1,91.59,4.15,28.0,45.0,185.0,EV_106,0.0,340,0.0,DR402462_4,55.35,96461.37,DR402462,173.9,0.0,60.35,D,SimuProB-1,EV_106
382.387,50.0,18.24,2650.0,0,4.08,1,91.57,4.15,40.0,75.0,185.0,EV_106,0.0,350,0.0,DR402462_4,55.5,96461.48,DR402462,173.9,0.0,60.5,D,SimuProB-1,EV_106
388.058,15.0,18.24,667.0,0,4.14,1,91.55,4.16,10.0,12.0,185.0,EV_106,0.0,360,5.0,DR402462_4,55.58,96461.51,DR402462,173.9,0.0,60.58,D,SimuProB-1,EV_106
378.989,55.0,18.24,2300.0,0,4.11,1,91.52,4.16,35.0,85.0,185.0,EV_106,0.0,370,0.0,DR402462_4,55.66,96461.6,DR402462,173.9,0.0,60.66,D,SimuProB-1,EV_106
386.221,0.0,18.24,1000.0,0,4.13,1,91.52,4.17,15.0,-32.0,185.0,EV_106,0.028,380,70.0,DR402462_4,55.72,96461.65,DR402462,173.9,0.0,60.72,D,SimuProB-1,EV_106
375.64,60.0,18.24,3000.0,0,4.1,1,91.48,4.16,45.0,95.0,185.0,EV_106,0.0,390,0.0,DR402462_4,55.85,96461.77,DR402462,173.9,0.0,60.85,D,SimuProB-1,EV_106
379.715,0.0,18.24,1667.0,0,4.14,1,91.47,4.18,25.0,-25.0,185.0,EV_106,0.025,400,65.0,DR402462_4,55.9,96461.84,DR402462,173.9,0.0,60.9,D,SimuProB-1,EV_106
388.29,10.0,18.24,800.0,0,4.15,1,91.45,4.17,12.0,18.0,185.0,EV_106,0.0,410,10.0,DR402462_4,55.95,96461.88,DR402462,173.9,0.0,60.95,D,SimuProB-1,EV_106
385.328,25.0,18.24,1467.0,0,4.14,1,91.43,4.17,22.0,45.0,185.0,EV_106,0.0,420,0.0,DR402462_4,55.98,96461.94,DR402462,173.9,0.0,60.98,D,SimuProB-1,EV_106
372.177,0.0,18.24,533.0,0,4.12,1,91.43,4.16,8.0,-35.0,185.0,EV_106,0.032,430,85.0,DR402462_4,56.05,96461.96,DR402462,173.9,0.0,61.05,D,SimuProB-1,EV_106
389.379,5.0,18.24,333.0,0,4.15,1,91.42,4.17,5.0,12.0,185.0,EV_106,0.0,440,5.0,DR402462_4,56.12,96461.98,DR402462,173.9,0.0,61.12,D,SimuProB-1,EV_106
392.046,15.0,18.24,800.0,0,4.15,1,91.4,4.17,12.0,15.0,185.0,EV_106,0.0,450,0.0,DR402462_4,56.15,96462.01,DR402462,173.9,0.0,61.15,D,SimuProB-1,EV_106
382.561,45.0,18.24,2333.0,0,4.14,1,91.4,4.18,35.0,55.0,185.0,EV_106,0.0,460,0.0,DR402462_4,56.22,96462.11,DR402462,173.9,0.0,61.22,D,SimuProB-1,EV_106
390.682,0.0,18.24,667.0,0,4.15,1,91.38,4.17,10.0,-20.0,185.0,EV_106,0.018,470,60.0,DR402462_4,56.25,96462.14,DR402462,173.9,0.0,61.25,D,SimuProB-1,EV_106
385.675,35.0,18.24,1667.0,0,4.14,1,91.36,4.16,25.0,45.0,185.0,EV_106,0.0,480,0.0,DR402462_4,56.3,96462.21,DR402462,173.9,0.0,61.3,D,SimuProB-1,EV_106
388.094,15.0,18.24,1000.0,0,4.15,1,91.36,4.17,15.0,20.0,185.0,EV_106,0.0,490,0.0,DR402462_4,56.35,96462.25,DR402462,173.9,0.0,61.35,D,SimuProB-1,EV_106
379.306,65.0,18.24,2800.0,0,4.14,1,91.35,4.19,42.0,85.0,185.0,EV_106,0.0,500,0.0,DR402462_4,56.45,96462.37,DR402462,173.9,0.0,61.45,D,SimuProB-1,EV_106
386.452,20.0,18.24,1333.0,0,4.142,1,91.33,4.175,20.0,35.0,185.0,EV_106,0.0,510,0.0,DR402462_4,56.5,96462.43,DR402462,173.9,0.0,61.5,D,SimuProB-1,EV_106
394.915,0.0,18.24,533.0,0,4.155,1,91.33,4.182,8.0,-15.0,185.0,EV_106,0.015,520,45.0,DR402462_4,56.52,96462.45,DR402462,173.9,0.0,61.52,D,SimuProB-1,EV_106
382.783,50.0,18.24,2000.0,0,4.14,1,91.33,4.188,30.0,60.0,185.0,EV_106,0.0,530,0.0,DR402462_4,56.6,96462.53,DR402462,173.9,0.0,61.6,D,SimuProB-1,EV_106
383.54,30.0,18.24,1666.0,0,4.145,1,91.32,4.185,25.0,45.0,185.0,EV_106,0.0,540,0.0,DR402462_4,56.65,96462.6,DR402462,173.9,0.0,61.65,D,SimuProB-1,EV_106
378.127,70.0,18.24,2666.0,0,4.138,1,91.31,4.192,40.0,95.0,185.0,EV_106,0.0,550,0.0,DR402462_4,56.78,96462.71,DR402462,173.9,0.0,61.78,D,SimuProB-1,EV_106
387.675,0.0,18.24,800.0,0,4.15,1,91.31,4.195,12.0,-25.0,185.0,EV_106,0.022,560,60.0,DR402462_4,56.82,96462.74,DR402462,173.9,0.0,61.82,D,SimuProB-1,EV_106
375.949,75.0,18.24,3466.0,0,4.135,1,91.3,4.198,52.0,110.0,185.0,EV_106,0.0,570,0.0,DR402462_4,56.9,96462.88,DR402462,173.9,0.0,61.9,D,SimuProB-1,EV_106
388.664,0.0,18.24,1000.0,0,4.16,1,91.29,4.205,15.0,-35.0,185.0,EV_106,0.028,580,55.0,DR402462_4,56.95,96462.93,DR402462,173.9,0.0,61.95,D,SimuProB-1,EV_106
376.848,60.0,18.24,2533.0,0,4.142,1,91.29,4.202,38.0,85.0,185.0,EV_106,0.0,590,0.0,DR402462_4,57.0,96463.03,DR402462,173.9,0.0,62.0,D,SimuProB-1,EV_106
382.457,0.0,18.24,533.0,0,4.162,1,91.28,4.208,8.0,-28.0,185.0,EV_106,0.025,600,45.0,DR402462_4,57.05,96463.05,DR402462,173.9,0.0,62.05,D,SimuProB-1,EV_106
376.723,35.0,18.24,1466.0,0,4.145,1,91.27,4.204,22.0,45.0,185.0,EV_106,0.0,610,0.0,DR402462_4,57.1,96463.11,DR402462,173.9,0.0,62.1,D,SimuProB-1,EV_106
386.513,0.0,18.24,333.0,0,4.168,1,91.27,4.21,5.0,-18.0,185.0,EV_106,0.015,620,25.0,DR402462_4,57.12,96463.13,DR402462,173.9,0.0,62.12,D,SimuProB-1,EV_106
392.606,45.0,18.24,1866.0,0,4.165,1,91.26,4.212,28.0,65.0,185.0,EV_106,0.0,630,0.0,DR402462_4,57.25,96463.21,DR402462,173.9,0.0,62.25,D,SimuProB-1,EV_106
385.305,0.0,18.24,800.0,0,4.17,1,91.25,4.215,12.0,-32.0,185.0,EV_106,0.026,640,40.0,DR402462_4,57.35,96463.24,DR402462,173.9,0.0,62.35,D,SimuProB-1,EV_106
391.269,40.0,18.24,1666.0,0,4.16,1,91.24,4.21,25.0,55.0,185.0,EV_106,0.0,650,0.0,DR402462_4,57.45,96463.31,DR402462,173.9,0.0,62.45,D,SimuProB-1,EV_106
381.667,55.0,18.24,2533.0,0,4.155,1,91.21,4.218,38.0,85.0,185.0,EV_106,0.0,660,0.0,DR402462_4,57.58,96463.42,DR402462,173.9,0.0,62.58,D,SimuProB-1,EV_106
390.619,25.0,18.24,2800.0,0,4.162,1,91.21,4.212,42.0,15.0,185.0,EV_106,0.0,670,0.0,DR402462_4,57.65,96463.53,DR402462,173.9,0.0,62.65,D,SimuProB-1,EV_106
378.918,65.0,18.24,3466.0,0,4.158,1,91.18,4.225,52.0,110.0,185.0,EV_106,0.0,680,0.0,DR402462_4,57.82,96463.68,DR402462,173.9,0.0,62.82,D,SimuProB-1,EV_106
375.409,75.0,18.24,3866.0,0,4.155,1,91.15,4.228,58.0,125.0,185.0,EV_106,0.0,690,0.0,DR402462_4,58.12,96463.84,DR402462,173.9,0.0,63.12,D,SimuProB-1,EV_106
388.067,0.0,18.24,3000.0,0,4.162,1,91.12,4.226,45.0,-28.0,185.0,EV_106,0.022,700,15.0,DR402462_4,58.18,96463.97,DR402462,173.9,0.0,63.18,D,SimuProB-1,EV_106
391.97,20.0,18.24,2000.0,0,4.168,1,91.12,4.224,30.0,18.0,185.0,EV_106,0.0,710,0.0,DR402462_4,58.25,96464.05,DR402462,173.9,0.0,63.25,D,SimuProB-1,EV_106
389.633,35.0,18.24,1666.0,0,4.165,1,91.1,4.22,25.0,45.0,185.0,EV_106,0.0,720,0.0,DR402462_4,58.3,96464.12,DR402462,173.9,0.0,63.3,D,SimuProB-1,EV_106
381.699,55.0,18.24,2533.0,0,4.16,1,91.07,4.218,38.0,85.0,185.0,EV_106,0.0,730,0.0,DR402462_4,58.4,96464.22,DR402462,173.9,0.0,63.4,D,SimuProB-1,EV_106
386.967,0.0,18.24,800.0,0,4.168,1,91.07,4.222,12.0,-15.0,185.0,EV_106,0.018,740,45.0,DR402462_4,58.5,96464.26,DR402462,173.9,0.0,63.5,D,SimuProB-1,EV_106
379.448,45.0,18.24,2700.0,0,4.155,1,91.04,4.215,42.0,65.0,185.0,EV_106,0.0,750,0.0,DR402462_4,58.65,96464.38,DR402462,173.9,0.0,63.65,D,SimuProB-1,EV_106
384.869,0.0,18.24,1850.0,0,4.16,1,91.04,4.22,28.0,-25.0,185.0,EV_106,0.015,760,35.0,DR402462_4,58.75,96464.45,DR402462,173.9,0.0,63.75,D,SimuProB-1,EV_106
392.738,30.0,18.24,2300.0,0,4.17,1,91.03,4.225,35.0,30.0,185.0,EV_106,0.0,770,0.0,DR402462_4,58.85,96464.55,DR402462,173.9,0.0,63.85,D,SimuProB-1,EV_106
380.996,35.0,18.24,2550.0,0,4.16,1,91.01,4.22,38.0,45.0,185.0,EV_106,0.0,780,0.0,DR402462_4,59.0,96464.66,DR402462,173.9,0.0,64.0,D,SimuProB-1,EV_106
375.502,75.0,18.24,3200.0,0,4.14,1,90.99,4.23,48.0,120.0,185.0,EV_106,0.0,790,0.0,DR402462_4,59.1,96464.79,DR402462,173.9,0.0,64.15,D,SimuProB-1,EV_106
372.722,0.0,18.24,1650.0,0,4.18,1,90.97,4.24,25.0,-35.0,185.0,EV_106,0.025,800,60.0,DR402462_4,59.2,96464.86,DR402462,173.9,0.0,64.25,D,SimuProB-1,EV_106
378.59,20.0,18.24,2100.0,0,4.17,1,90.95,4.235,32.0,25.0,185.0,EV_106,0.0,810,0.0,DR402462_4,59.3,96464.95,DR402462,173.9,0.0,64.35,D,SimuProB-1,EV_106
382.255,15.0,18.24,1850.0,0,4.175,1,90.93,4.23,28.0,15.0,185.0,EV_106,0.0,820,0.0,DR402462_4,59.35,96465.03,DR402462,173.9,0.0,64.4,D,SimuProB-1,EV_106
370.629,0.0,18.24,950.0,0,4.185,1,90.93,4.24,15.0,-30.0,185.0,EV_106,0.02,830,50.0,DR402462_4,59.45,96465.07,DR402462,173.9,0.0,64.5,D,SimuProB-1,EV_106
379.722,30.0,18.24,2500.0,0,4.175,1,90.92,4.24,38.0,35.0,185.0,EV_106,0.0,840,0.0,DR402462_4,59.5,96465.18,DR402462,173.9,0.0,64.55,D,SimuProB-1,EV_106
374.144,65.0,18.24,3600.0,0,4.165,1,90.9,4.25,52.0,85.0,185.0,EV_106,0.0,850,0.0,DR402462_4,59.6,96465.32,DR402462,173.9,0.0,64.65,D,SimuProB-1,EV_106
371.645,70.0,18.24,4200.0,0,4.155,1,90.87,4.26,60.0,110.0,185.0,EV_106,0.0,860,0.0,DR402462_4,59.7,96465.49,DR402462,173.9,0.0,64.75,D,SimuProB-1,EV_106
368.018,75.0,18.24,4100.0,0,4.14,1,90.83,4.28,58.0,145.0,185.0,EV_106,0.0,870,0.0,DR402462_4,59.9,96465.65,DR402462,173.9,0.0,64.9,D,SimuProB-1,EV_106
374.894,0.0,18.24,3200.0,0,4.16,1,90.83,4.27,45.0,-25.0,185.0,EV_106,0.025,880,45.0,DR402462_4,59.95,96465.78,DR402462,173.9,0.0,64.95,D,SimuProB-1,EV_106
381.711,25.0,18.24,1600.0,0,4.17,1,90.8,4.25,25.0,40.0,185.0,EV_106,0.0,890,0.0,DR402462_4,60.0,96465.85,DR402462,173.9,0.0,65.0,D,SimuProB-1,EV_106
378.117,35.0,18.24,2200.0,0,4.18,1,90.78,4.24,35.0,55.0,185.0,EV_106,0.0,900,0.0,DR402462_4,60.05,96465.95,DR402462,173.9,0.0,65.0,D,SimuProB-1,EV_106
372.172,55.0,18.24,3300.0,0,4.16,1,90.75,4.26,48.0,95.0,185.0,EV_106,0.0,910,0.0,DR402462_4,60.1,96466.08,DR402462,173.9,0.0,65.0,D,SimuProB-1,EV_106
365.999,70.0,18.24,3900.0,0,4.14,1,90.73,4.29,55.0,135.0,185.0,EV_106,0.0,920,0.0,DR402462_4,60.2,96466.23,DR402462,173.9,0.0,65.0,D,SimuProB-1,EV_106
375.063,45.0,18.24,3500.0,0,4.15,1,90.71,4.28,50.0,85.0,185.0,EV_106,0.0,930,0.0,DR402462_4,60.35,96466.37,DR402462,173.9,0.0,65.0,D,SimuProB-1,EV_106
383.32,0.0,18.24,1000.0,0,4.17,1,90.69,4.29,15.0,-28.0,185.0,EV_106,0.022,940,60.0,DR402462_4,60.38,96466.41,DR402462,173.9,0.0,65.0,D,SimuProB-1,EV_106
370.557,30.0,18.24,2000.0,0,4.16,1,90.67,4.27,30.0,65.0,185.0,EV_106,0.0,950,0.0,DR402462_4,60.45,96466.49,DR402462,173.9,0.0,65.0,D,SimuProB-1,EV_106
368.234,35.0,18.24,2200.0,0,4.15,1,90.64,4.28,35.0,75.0,185.0,EV_106,0.0,960,0.0,DR402462_4,60.6,96466.59,DR402462,173.9,0.0,65.0,D,SimuProB-1,EV_106
362.405,50.0,18.24,3100.0,0,4.14,1,90.62,4.3,45.0,110.0,185.0,EV_106,0.0,970,0.0,DR402462_4,60.7,96466.71,DR402462,173.9,0.0,65.0,D,SimuProB-1,EV_106
377.986,0.0,18.24,700.0,0,4.18,1,90.61,4.31,10.0,-15.0,185.0,EV_106,0.015,980,45.0,DR402462_4,60.75,96466.74,DR402462,173.9,0.0,65.0,D,SimuProB-1,EV_106
365.536,25.0,18.24,1600.0,0,4.16,1,90.6,4.28,25.0,45.0,185.0,EV_106,0.0,990,0.0,DR402462_4,60.8,96466.81,DR402462,173.9,0.0,65.0,D,SimuProB-1,EV_106
358.545,40.0,18.24,2200.0,0,4.13,1,90.58,4.3,35.0,95.0,185.0,EV_106,0.0,1000,0.0,DR402462_4,60.9,96466.91,DR402462,173.9,0.0,65.0,D,SimuProB-1,EV_106
372.01,0.0,18.24,1000.0,0,4.19,1,90.58,4.32,15.0,-20.0,185.0,EV_106,0.018,1010,55.0,DR402462_4,60.9,96466.95,DR402462,173.9,0.0,65.0,D,SimuProB-1,EV_106
355.167,55.0,18.24,2700.0,0,4.11,1,90.58,4.31,42.0,115.0,185.0,EV_106,0.0,1020,0.0,DR402462_4,61.0,96467.07,DR402462,173.9,0.0,65.0,D,SimuProB-1,EV_106
370.696,0.0,18.24,800.0,0,4.19,1,90.57,4.33,12.0,-35.0,185.0,EV_106,0.022,1030,60.0,DR402462_4,61.05,96467.1,DR402462,173.9,0.0,65.0,D,SimuProB-1,EV_106
367.89,15.0,18.24,1100.0,0,4.15,1,90.57,4.29,18.0,25.0,185.0,EV_106,0.0,1040,0.0,DR402462_4,61.1,96467.15,DR402462,173.9,0.0,65.0,D,SimuProB-1,EV_106
352.501,45.0,18.24,1350.0,0,4.09,1,90.55,4.32,22.0,125.0,185.0,EV_106,0.0,1050,0.0,DR402462_4,61.12,96467.21,DR402462,173.9,0.0,65.0,D,SimuProB-1,EV_106
368.032,0.0,18.24,500.0,0,4.18,1,90.55,4.34,8.0,-15.0,185.0,EV_106,0.015,1060,35.0,DR402462_4,61.15,96467.23,DR402462,173.9,0.0,65.0,D,SimuProB-1,EV_106
359.243,30.0,18.24,1550.0,0,4.12,1,90.54,4.31,25.0,65.0,185.0,EV_106,0.0,1070,0.0,DR402462_4,61.18,96467.3,DR402462,173.9,0.0,65.0,D,SimuProB-1,EV_106
361.8,35.0,18.24,1700.0,0,4.15,1,90.52,4.3,28.0,55.0,185.0,EV_106,0.0,1080,0.0,DR402462_4,61.2,96467.38,DR402462,173.9,0.0,65.0,D,SimuProB-1,EV_106
358.641,50.0,18.24,2200.0,0,4.11,1,90.52,4.31,35.0,85.0,185.0,EV_106,0.0,1090,0.0,DR402462_4,61.25,96467.48,DR402462,173.9,0.0,65.0,D,SimuProB-1,EV_106
365.974,0.0,18.24,1150.0,0,4.16,1,90.51,4.33,18.0,-25.0,185.0,EV_106,0.018,1100,45.0,DR402462_4,61.3,96467.53,DR402462,173.9,0.0,65.0,D,SimuProB-1,EV_106
372.159,15.0,18.24,600.0,0,4.14,1,90.51,4.32,10.0,12.5,185.0,EV_106,0.0,1110,5.0,DR402462_4,61.35,96467.56,DR402462,173.9,0.0,65.0,D,SimuProB-1,EV_106
368.254,35.0,18.24,1350.0,0,4.13,1,90.5,4.3,22.0,45.0,185.0,EV_106,0.0,1120,0.0,DR402462_4,61.42,96467.62,DR402462,173.9,0.0,65.0,D,SimuProB-1,EV_106
364.552,55.0,18.24,2400.0,0,4.12,1,90.5,4.31,38.0,75.0,185.0,EV_106,0.0,1130,0.0,DR402462_4,61.55,96467.72,DR402462,173.9,0.0,65.0,D,SimuProB-1,EV_106
359.883,60.0,18.24,2650.0,0,4.11,1,90.47,4.32,42.0,95.0,185.0,EV_106,0.0,1140,0.0,DR402462_4,61.65,96467.84,DR402462,173.9,0.0,65.0,D,SimuProB-1,EV_106
363.017,0.0,18.24,1550.0,0,4.15,1,90.47,4.34,25.0,-32.0,185.0,EV_106,0.022,1150,55.0,DR402462_4,61.72,96467.91,DR402462,173.9,0.0,65.0,D,SimuProB-1,EV_106
366.889,25.0,18.24,700.0,0,4.14,1,90.47,4.33,12.0,18.5,185.0,EV_106,0.0,1160,10.0,DR402462_4,61.78,96467.94,DR402462,173.9,0.0,65.0,D,SimuProB-1,EV_106
365.498,40.0,18.24,1750.0,0,4.13,1,90.46,4.32,28.0,42.5,185.0,EV_106,0.0,1170,0.0,DR402462_4,61.85,96468.02,DR402462,173.9,0.0,65.0,D,SimuProB-1,EV_106
362.014,58.0,18.24,2850.0,0,4.12,1,90.43,4.33,45.0,68.0,185.0,EV_106,0.0,1180,0.0,DR402462_4,61.9,96468.14,DR402462,173.9,0.0,65.0,D,SimuProB-1,EV_106
367.342,0.0,18.24,1100.0,0,4.14,1,90.43,4.34,18.0,-18.0,185.0,EV_106,0.015,1190,45.0,DR402462_4,61.95,96468.19,DR402462,173.9,0.0,65.0,D,SimuProB-1,EV_106
364.918,52.0,18.24,2600.0,0,4.12,1,90.4,4.33,42.0,55.0,185.0,EV_106,0.0,1200,0.0,DR402462_4,62.0,96468.31,DR402462,173.9,0.0,65.0,D,SimuProB-1,EV_106
371.379,0.0,18.24,950.0,0,4.13,1,90.39,4.34,15.0,-25.0,185.0,EV_106,0.018,1210,65.0,DR402462_4,62.05,96468.35,DR402462,173.9,0.0,65.0,D,SimuProB-1,EV_106
365.582,35.0,18.24,1850.0,0,4.12,1,90.37,4.33,30.0,38.0,185.0,EV_106,0.0,1220,0.0,DR402462_4,62.1,96468.43,DR402462,173.9,0.0,65.0,D,SimuProB-1,EV_106
360.63,65.0,18.24,3200.0,0,4.12,1,90.36,4.33,52.0,75.0,185.0,EV_106,0.0,1230,0.0,DR402462_4,62.15,96468.57,DR402462,173.9,0.0,65.0,D,SimuProB-1,EV_106
356.362,75.0,18.24,3600.0,0,4.11,1,90.35,4.35,58.0,120.0,185.0,EV_106,0.0,1240,0.0,DR402462_4,62.2,96468.74,DR402462,173.9,0.0,65.0,D,SimuProB-1,EV_106
359.295,0.0,18.24,2200.0,0,4.13,1,90.33,4.34,35.0,-35.0,185.0,EV_106,0.025,1250,55.0,DR402462_4,62.22,96468.83,DR402462,173.9,0.0,65.0,D,SimuProB-1,EV_106
385.867,30.0,18.24,2800.0,0,3.98,1,90.31,4.02,45.0,15.0,185.0,EV_106,0.0,1260,0.0,DR402462_4,62.4,96468.96,DR402462,173.9,0.0,65.0,D,SimuProB-1,EV_106
377.752,55.0,18.24,3100.0,0,3.97,1,90.3,4.01,50.0,85.0,185.0,EV_106,0.0,1270,0.0,DR402462_4,62.5,96469.09,DR402462,173.9,0.0,65.0,D,SimuProB-1,EV_106
370.343,0.0,18.24,1500.0,0,3.99,1,90.28,4.03,25.0,-28.0,185.0,EV_106,0.022,0,45.0,DR402462_5,62.5,96469.16,DR402462,173.9,0.0,65.0,D,SimuProB-1,EV_106
374.335,35.0,18.24,2000.0,0,4.0,1,90.27,4.04,32.0,45.0,185.0,EV_106,0.0,10,0.0,DR402462_5,62.55,96469.25,DR402462,173.9,0.0,65.0,D,SimuProB-1,EV_106
368.424,60.0,18.24,2650.0,0,3.98,1,90.23,4.05,42.0,95.0,185.0,EV_106,0.0,20,0.0,DR402462_5,62.6,96469.37,DR402462,173.9,0.0,65.0,D,SimuProB-1,EV_106
382.755,0.0,18.24,1100.0,0,4.02,1,90.23,4.08,18.0,-25.0,185.0,EV_106,0.018,30,40.0,DR402462_5,62.65,96469.42,DR402462,173.9,0.0,65.0,D,SimuProB-1,EV_106
361.822,65.0,18.24,3000.0,0,4.01,1,90.22,4.06,48.0,110.0,185.0,EV_106,0.0,40,0.0,DR402462_5,62.72,96469.55,DR402462,173.9,0.0,65.0,D,SimuProB-1,EV_106
354.945,75.0,18.24,3800.0,0,3.99,1,90.19,4.09,55.0,145.0,185.0,EV_106,0.0,50,0.0,DR402462_5,62.85,96469.71,DR402462,173.9,0.0,65.0,D,SimuProB-1,EV_106
365.813,0.0,18.24,1300.0,0,4.03,1,90.18,4.07,22.0,-35.0,185.0,EV_106,0.028,60,60.0,DR402462_5,62.9,96469.77,DR402462,173.9,0.0,65.0,D,SimuProB-1,EV_106
372.521,35.0,18.24,2000.0,0,3.99,1,90.16,4.04,32.0,45.0,185.0,EV_106,0.0,70,0.0,DR402462_5,62.95,96469.86,DR402462,173.9,0.0,65.0,D,SimuProB-1,EV_106
357.864,70.0,18.24,3600.0,0,3.98,1,90.16,4.1,52.0,130.0,185.0,EV_106,0.0,80,0.0,DR402462_5,63.0,96470.0,DR402462,173.9,0.0,65.0,D,SimuProB-1,EV_106
370.255,0.0,18.24,900.0,0,4.02,1,90.14,4.08,15.0,-28.0,185.0,EV_106,0.022,90,55.0,DR402462_5,63.05,96470.05,DR402462,173.9,0.0,65.0,D,SimuProB-1,EV_106
395.168,55.0,18.24,2400.0,0,4.01,1,90.13,4.12,38.0,85.0,185.0,EV_106,0.0,100,0.0,DR402462_5,63.1,96470.16,DR402462,173.9,0.0,65.0,D,SimuProB-1,EV_106
388.527,65.0,18.24,3000.0,0,4.0,1,90.12,4.14,45.0,110.0,185.0,EV_106,0.0,110,0.0,DR402462_5,63.2,96470.28,DR402462,173.9,0.0,65.0,D,SimuProB-1,EV_106
398.011,25.0,18.24,1900.0,0,4.03,1,90.11,4.1,30.0,55.0,185.0,EV_106,0.015,120,10.0,DR402462_5,63.3,96470.36,DR402462,173.9,0.0,65.0,D,SimuProB-1,EV_106
378.937,60.0,18.24,3200.0,0,4.0,1,90.08,4.13,48.0,145.0,185.0,EV_106,0.0,130,0.0,DR402462_5,63.35,96470.49,DR402462,173.9,0.0,65.0,D,SimuProB-1,EV_106
365.689,75.0,18.24,3800.0,0,3.99,1,90.08,4.15,55.0,180.0,185.0,EV_106,0.0,140,0.0,DR402462_5,63.4,96470.65,DR402462,173.9,0.0,65.0,D,SimuProB-1,EV_106
392.067,0.0,18.24,1200.0,0,4.04,1,90.08,4.11,20.0,-35.0,185.0,EV_106,0.025,150,65.0,DR402462_5,63.45,96470.7,DR402462,173.9,0.0,65.0,D,SimuProB-1,EV_106
375.752,55.0,18.24,2800.0,0,4.01,1,90.06,4.14,42.0,120.0,185.0,EV_106,0.0,160,0.0,DR402462_5,63.5,96470.82,DR402462,173.9,0.0,65.0,D,SimuProB-1,EV_106
368.157,70.0,18.24,3900.0,0,3.99,1,90.05,4.15,58.0,165.0,185.0,EV_106,0.0,170,0.0,DR402462_5,63.55,96470.98,DR402462,173.9,0.0,65.0,D,SimuProB-1,EV_106
390.557,0.0,18.24,1100.0,0,4.05,1,90.05,4.12,18.0,-25.0,185.0,EV_106,0.02,180,55.0,DR402462_5,63.6,96471.03,DR402462,173.9,0.0,65.0,D,SimuProB-1,EV_106
364.837,60.0,18.24,3000.0,0,3.98,1,90.04,4.13,45.0,145.0,185.0,EV_106,0.0,190,0.0,DR402462_5,63.65,96471.15,DR402462,173.9,0.0,63.7,D,SimuProB-1,EV_106
378.126,0.0,18.24,900.0,0,4.03,1,90.03,4.12,15.0,-28.0,185.0,EV_106,0.022,200,45.0,DR402462_5,63.7,96471.2,DR402462,173.9,0.0,63.75,D,SimuProB-1,EV_106
362.88,72.0,18.24,3500.0,0,3.97,1,90.0,4.14,52.0,175.0,185.0,EV_106,0.0,210,0.0,DR402462_5,63.75,96471.34,DR402462,173.9,0.0,63.85,D,SimuProB-1,EV_106
395.324,0.0,18.24,750.0,0,4.08,1,89.98,4.14,12.0,-32.0,185.0,EV_106,0.025,220,65.0,DR402462_5,63.85,96471.37,DR402462,173.9,0.0,64.0,D,SimuProB-1,EV_106
375.455,35.0,18.24,1600.0,0,4.01,1,89.96,4.12,25.0,45.0,185.0,EV_106,0.0,230,0.0,DR402462_5,63.9,96471.44,DR402462,173.9,0.0,64.15,D,SimuProB-1,EV_106
381.936,40.0,18.24,2400.0,0,4.05,1,89.96,4.11,38.0,12.0,185.0,EV_106,0.0,240,0.0,DR402462_5,63.95,96471.55,DR402462,173.9,0.0,64.2,D,SimuProB-1,EV_106
388.48,45.0,18.24,2650.0,0,4.04,1,89.95,4.13,42.0,65.0,185.0,EV_106,0.0,250,0.0,DR402462_5,64.05,96471.67,DR402462,173.9,0.0,64.35,D,SimuProB-1,EV_106
371.778,65.0,18.24,3700.0,0,4.01,1,89.93,4.14,55.0,110.0,185.0,EV_106,0.0,260,0.0,DR402462_5,64.2,96471.82,DR402462,173.9,0.0,64.5,D,SimuProB-1,EV_106
392.71,0.0,18.24,1900.0,0,4.08,1,89.92,4.13,30.0,-18.0,185.0,EV_106,0.015,270,35.0,DR402462_5,64.35,96471.9,DR402462,173.9,0.0,64.65,D,SimuProB-1,EV_106
378.326,30.0,18.24,2000.0,0,4.02,1,89.9,4.13,32.0,55.0,185.0,EV_106,0.0,280,0.0,DR402462_5,64.4,96471.99,DR402462,173.9,0.0,64.7,D,SimuProB-1,EV_106
374.443,55.0,18.24,2900.0,0,4.0,1,89.9,4.14,45.0,85.0,185.0,EV_106,0.0,290,0.0,DR402462_5,64.5,96472.11,DR402462,173.9,0.0,64.85,D,SimuProB-1,EV_106
368.53,75.0,18.24,3850.0,0,3.98,1,89.9,4.15,58.0,120.0,185.0,EV_106,0.0,300,0.0,DR402462_5,64.65,96472.27,DR402462,173.9,0.0,65.0,D,SimuProB-1,EV_106
372.119,50.0,18.24,3100.0,0,4.01,1,89.89,4.14,48.0,95.0,185.0,EV_106,0.0,310,0.0,DR402462_5,64.7,96472.4,DR402462,173.9,0.0,65.0,D,SimuProB-1,EV_106
385.19,0.0,18.24,1700.0,0,4.09,1,89.88,4.13,28.0,-25.0,185.0,EV_106,0.012,320,45.0,DR402462_5,64.8,96472.48,DR402462,173.9,0.0,65.0,D,SimuProB-1,EV_106
376.731,35.0,18.24,2250.0,0,4.03,1,89.87,4.14,35.0,65.0,185.0,EV_106,0.0,330,0.0,DR402462_5,64.9,96472.58,DR402462,173.9,0.0,65.0,D,SimuProB-1,EV_106
373.304,40.0,18.24,2650.0,0,4.02,1,89.86,4.14,42.0,75.0,185.0,EV_106,0.0,340,0.0,DR402462_5,65.0,96472.7,DR402462,173.9,0.0,65.0,D,SimuProB-1,EV_106
369.541,65.0,18.24,3400.0,0,4.0,1,89.84,4.15,52.0,110.0,185.0,EV_106,0.0,350,0.0,DR402462_5,65.0,96472.84,DR402462,173.9,0.0,65.0,D,SimuProB-1,EV_106
375.331,0.0,18.24,900.0,0,4.08,1,89.84,4.14,15.0,-18.0,185.0,EV_106,0.015,360,55.0,DR402462_5,65.0,96472.88,DR402462,173.9,0.0,65.0,D,SimuProB-1,EV_106
370.052,30.0,18.24,1900.0,0,4.03,1,89.81,4.14,30.0,55.0,185.0,EV_106,0.0,370,0.0,DR402462_5,65.0,96472.96,DR402462,173.9,0.0,65.0,D,SimuProB-1,EV_106
368.237,50.0,18.24,2800.0,0,4.01,1,89.78,4.15,45.0,85.0,185.0,EV_106,0.0,380,0.0,DR402462_5,65.0,96473.09,DR402462,173.9,0.0,65.0,D,SimuProB-1,EV_106
379.855,0.0,18.24,600.0,0,4.1,1,89.78,4.14,10.0,-32.0,185.0,EV_106,0.025,390,60.0,DR402462_5,65.0,96473.12,DR402462,173.9,0.0,65.0,D,SimuProB-1,EV_106
367.913,55.0,18.24,3100.0,0,4.02,1,89.76,4.15,48.0,95.0,185.0,EV_106,0.0,400,0.0,DR402462_5,65.0,96473.25,DR402462,173.9,0.0,65.0,D,SimuProB-1,EV_106
362.22,75.0,18.24,4200.0,0,3.98,1,89.73,4.15,58.0,145.0,185.0,EV_106,0.0,410,0.0,DR402462_5,65.0,96473.41,DR402462,173.9,0.0,65.0,D,SimuProB-1,EV_106
358.867,0.0,18.24,0.0,0,4.12,1,89.72,4.14,0.0,11.0,185.0,EV_106,0.0,420,45.0,DR402462_5,65.0,96473.41,DR402462,173.9,0.0,65.0,D,SimuProB-1,EV_106
368.072,35.0,18.24,1600.0,0,4.05,1,89.7,4.15,25.0,45.0,185.0,EV_106,0.0,430,0.0,DR402462_5,65.0,96473.48,DR402462,173.9,0.0,65.0,D,SimuProB-1,EV_106
362.194,65.0,18.24,2700.0,0,4.0,1,89.67,4.15,42.0,120.0,185.0,EV_106,0.0,440,0.0,DR402462_5,65.0,96473.6,DR402462,173.9,0.0,65.0,D,SimuProB-1,EV_106
365.459,0.0,18.24,1100.0,0,4.1,1,89.67,4.15,18.0,-25.0,185.0,EV_106,0.02,450,40.0,DR402462_5,65.0,96473.65,DR402462,173.9,0.0,65.0,D,SimuProB-1,EV_106
358.836,60.0,18.24,3500.0,0,3.95,1,89.66,4.15,50.0,135.0,185.0,EV_106,0.0,460,0.0,DR402462_5,65.0,96473.79,DR402462,173.9,0.0,65.0,D,SimuProB-1,EV_106
364.539,0.0,18.24,1400.0,0,4.12,1,89.66,4.15,22.0,-30.0,185.0,EV_106,0.025,470,65.0,DR402462_5,65.0,96473.85,DR402462,173.9,0.0,65.0,D,SimuProB-1,EV_106
361.587,45.0,18.24,2200.0,0,4.02,1,89.63,4.15,32.0,95.0,185.0,EV_106,0.0,480,0.0,DR402462_5,65.0,96473.94,DR402462,173.9,0.0,65.0,D,SimuProB-1,EV_106
367.981,0.0,18.24,250.0,0,4.14,1,89.63,4.15,5.0,-42.0,185.0,EV_106,0.03,490,75.0,DR402462_5,65.0,96473.95,DR402462,173.9,0.0,65.0,D,SimuProB-1,EV_106
360.055,40.0,18.24,1800.0,0,3.98,1,89.6,4.15,28.0,85.0,185.0,EV_106,0.0,500,0.0,DR402462_5,65.0,96474.03,DR402462,173.9,0.0,65.0,D,SimuProB-1,EV_106
356.668,70.0,18.24,3200.0,0,3.92,1,89.6,4.15,48.0,145.0,185.0,EV_106,0.0,510,0.0,DR402462_5,65.0,96474.17,DR402462,173.9,0.0,65.0,D,SimuProB-1,EV_106
372.42,0.0,18.24,750.0,0,4.13,1,89.59,4.15,12.0,-35.0,185.0,EV_106,0.028,520,45.0,DR402462_5,65.0,96474.2,DR402462,173.9,0.0,65.0,D,SimuProB-1,EV_106
365.244,35.0,18.24,1600.0,0,4.05,1,89.58,4.14,25.0,65.0,185.0,EV_106,0.0,530,0.0,DR402462_5,65.0,96474.27,DR402462,173.9,0.0,65.0,D,SimuProB-1,EV_106
358.759,60.0,18.24,3600.0,0,3.95,1,89.56,4.15,52.0,130.0,185.0,EV_106,0.0,540,0.0,DR402462_5,65.0,96474.42,DR402462,173.9,0.0,65.0,D,SimuProB-1,EV_106
362.931,45.0,18.24,2400.0,0,3.96,1,89.54,4.14,38.0,95.0,185.0,EV_106,0.0,550,0.0,DR402462_5,44.5,96474.53,DR402462,173.9,0.0,46.2,D,SimuProB-1,EV_106
378.459,0.0,18.24,125.0,0,4.1,1,89.54,4.15,5.0,-25.0,185.0,EV_106,0.025,560,65.0,DR402462_5,44.6,96474.54,DR402462,173.9,0.0,46.3,D,SimuProB-1,EV_106
364.524,25.0,18.24,1100.0,0,4.02,1,89.54,4.14,18.0,55.0,185.0,EV_106,0.0,570,0.0,DR402462_5,44.7,96474.59,DR402462,173.9,0.0,46.4,D,SimuProB-1,EV_106
366.933,38.0,18.24,2000.0,0,4.03,1,89.52,4.14,32.0,72.5,185.0,EV_106,0.0,580,0.0,DR402462_5,44.8,96474.68,DR402462,173.9,0.0,46.5,D,SimuProB-1,EV_106
375.187,0.0,18.24,750.0,0,4.11,1,89.52,4.15,12.0,-18.0,185.0,EV_106,0.018,590,45.0,DR402462_5,44.9,96474.71,DR402462,173.9,0.0,46.6,D,SimuProB-1,EV_106
363.806,30.0,18.24,1750.0,0,4.01,1,89.5,4.14,28.0,48.0,185.0,EV_106,0.0,600,0.0,DR402462_5,45.0,96474.79,DR402462,173.9,0.0,46.7,D,SimuProB-1,EV_106
372.745,15.0,18.24,900.0,0,4.08,1,89.48,4.13,15.0,12.5,185.0,EV_106,0.0,610,5.0,DR402462_5,45.05,96474.83,DR402462,173.9,0.0,46.75,D,SimuProB-1,EV_106
368.116,0.0,18.24,350.0,0,4.1,1,89.48,4.15,6.0,-28.0,185.0,EV_106,0.028,620,60.0,DR402462_5,45.1,96474.85,DR402462,173.9,0.0,46.8,D,SimuProB-1,EV_106
374.064,0.0,18.24,0.0,0,4.09,1,89.48,4.14,0.0,5.0,185.0,EV_106,0.0,630,85.0,DR402462_5,45.15,96474.85,DR402462,173.9,0.0,46.85,D,SimuProB-1,EV_106
373.097,25.0,18.24,300.0,0,4.1,1,89.46,4.14,8.5,12.0,185.0,EV_106,0.0,640,10.0,DR402462_5,45.18,96474.87,DR402462,173.9,0.0,46.88,D,SimuProB-1,EV_106
366.971,40.0,18.24,1300.0,0,4.05,1,89.45,4.14,22.0,45.0,185.0,EV_106,0.0,650,0.0,DR402462_5,45.22,96474.93,DR402462,173.9,0.0,46.92,D,SimuProB-1,EV_106
371.04,0.0,18.24,200.0,0,4.11,1,89.45,4.15,5.0,-32.0,185.0,EV_106,0.032,660,55.0,DR402462_5,45.25,96474.95,DR402462,173.9,0.0,46.95,D,SimuProB-1,EV_106
375.296,30.0,18.24,600.0,0,4.105,1,89.45,4.145,12.0,18.0,185.0,EV_106,0.0,670,0.0,DR402462_5,45.3,96474.98,DR402462,173.9,0.0,47.0,D,SimuProB-1,EV_106
372.431,55.0,18.24,1800.0,0,4.08,1,89.42,4.14,28.0,55.0,185.0,EV_106,0.0,680,0.0,DR402462_5,45.38,96475.06,DR402462,173.9,0.0,47.08,D,SimuProB-1,EV_106
376.992,0.0,18.24,850.0,0,4.12,1,89.42,4.15,15.0,-22.0,185.0,EV_106,0.022,690,35.0,DR402462_5,45.42,96475.1,DR402462,173.9,0.0,47.12,D,SimuProB-1,EV_106
370.398,60.0,18.24,2200.0,0,4.09,1,89.41,4.142,35.0,65.0,185.0,EV_106,0.0,700,0.0,DR402462_5,45.45,96475.2,DR402462,173.9,0.0,47.15,D,SimuProB-1,EV_106
374.879,0.0,18.24,1100.0,0,4.11,1,89.41,4.148,18.0,-28.0,185.0,EV_106,0.028,710,45.0,DR402462_5,45.48,96475.25,DR402462,173.9,0.0,47.18,D,SimuProB-1,EV_106
371.674,45.0,18.24,1600.0,0,4.085,1,89.4,4.14,25.0,40.0,185.0,EV_106,0.0,720,0.0,DR402462_5,45.5,96475.32,DR402462,173.9,0.0,47.2,D,SimuProB-1,EV_106
376.339,35.0,18.24,1400.0,0,4.088,1,89.38,4.141,22.0,45.0,185.0,EV_106,0.0,730,0.0,DR402462_5,45.53,96475.38,DR402462,173.9,0.0,47.23,D,SimuProB-1,EV_106
368.091,65.0,18.24,2800.0,0,4.082,1,89.38,4.144,42.0,85.0,185.0,EV_106,0.0,740,0.0,DR402462_5,45.56,96475.5,DR402462,173.9,0.0,47.26,D,SimuProB-1,EV_106
376.004,0.0,18.24,1800.0,0,4.115,1,89.38,4.149,28.0,-32.0,185.0,EV_106,0.032,750,55.0,DR402462_5,45.59,96475.58,DR402462,173.9,0.0,47.29,D,SimuProB-1,EV_106
364.877,70.0,18.24,3600.0,0,4.08,1,89.35,4.145,52.0,95.0,185.0,EV_106,0.0,760,0.0,DR402462_5,45.65,96475.72,DR402462,173.9,0.0,47.35,D,SimuProB-1,EV_106
378.247,0.0,18.24,900.0,0,4.12,1,89.35,4.15,15.0,-22.0,185.0,EV_106,0.022,770,60.0,DR402462_5,45.68,96475.77,DR402462,173.9,0.0,47.38,D,SimuProB-1,EV_106
370.565,40.0,18.24,2000.0,0,4.085,1,89.31,4.142,32.0,55.0,185.0,EV_106,0.0,780,0.0,DR402462_5,45.72,96475.86,DR402462,173.9,0.0,47.42,D,SimuProB-1,EV_106
365.893,55.0,18.24,3000.0,0,4.078,1,89.29,4.143,45.0,75.0,185.0,EV_106,0.0,790,0.0,DR402462_5,45.78,96475.99,DR402462,173.9,0.0,47.48,D,SimuProB-1,EV_106
382.306,0.0,18.24,600.0,0,4.125,1,89.27,4.15,10.0,-35.0,185.0,EV_106,0.035,800,45.0,DR402462_5,45.8,96476.01,DR402462,173.9,0.0,47.5,D,SimuProB-1,EV_106
369.467,45.0,18.24,2300.0,0,4.075,1,89.27,4.14,35.0,60.0,185.0,EV_106,0.0,810,0.0,DR402462_5,45.85,96476.11,DR402462,173.9,0.0,47.55,D,SimuProB-1,EV_106
363.665,65.0,18.24,3200.0,0,4.072,1,89.25,4.145,48.0,85.0,185.0,EV_106,0.0,820,0.0,DR402462_5,45.92,96476.24,DR402462,173.9,0.0,47.62,D,SimuProB-1,EV_106
375.571,0.0,18.24,800.0,0,4.13,1,89.24,4.15,12.0,-25.0,185.0,EV_106,0.025,830,70.0,DR402462_5,45.98,96476.28,DR402462,173.9,0.0,47.68,D,SimuProB-1,EV_106
367.814,35.0,18.24,1600.0,0,4.08,1,89.23,4.142,25.0,45.0,185.0,EV_106,0.0,840,0.0,DR402462_5,46.04,96476.35,DR402462,173.9,0.0,47.74,D,SimuProB-1,EV_106
369.05,40.0,18.24,2100.0,0,4.085,1,89.22,4.145,32.0,55.0,185.0,EV_106,0.0,850,0.0,DR402462_5,46.15,96476.44,DR402462,173.9,0.0,47.85,D,SimuProB-1,EV_106
378.311,0.0,18.24,550.0,0,4.122,1,89.19,4.148,8.0,-20.0,185.0,EV_106,0.022,860,60.0,DR402462_5,46.22,96476.46,DR402462,173.9,0.0,47.92,D,SimuProB-1,EV_106
370.904,25.0,18.24,1000.0,0,4.09,1,89.18,4.142,15.0,30.0,185.0,EV_106,0.0,870,0.0,DR402462_5,46.3,96476.5,DR402462,173.9,0.0,48.0,D,SimuProB-1,EV_106
366.419,30.0,18.24,1450.0,0,4.088,1,89.16,4.148,22.0,65.0,185.0,EV_106,0.0,880,0.0,DR402462_5,46.38,96476.56,DR402462,173.9,0.0,48.05,D,SimuProB-1,EV_106
371.934,0.0,18.24,350.0,0,4.125,1,89.16,4.15,5.0,-35.0,185.0,EV_106,0.028,890,45.0,DR402462_5,46.42,96476.57,DR402462,173.9,0.0,48.08,D,SimuProB-1,EV_106
376.3,0.0,18.24,650.0,0,4.13,1,89.13,4.148,10.0,12.0,185.0,EV_106,0.0,900,5.0,DR402462_5,46.48,96476.6,DR402462,173.9,0.0,48.12,D,SimuProB-1,EV_106
378.355,5.0,18.24,720.0,0,4.132,1,89.11,4.15,12.0,5.0,185.0,EV_106,0.0,910,0.0,DR402462_5,46.5,96476.63,DR402462,173.9,0.0,48.15,D,SimuProB-1,EV_106
362.647,45.0,18.24,2200.0,0,4.095,1,89.1,4.145,35.0,85.0,185.0,EV_106,0.0,920,0.0,DR402462_5,46.55,96476.73,DR402462,173.9,0.0,48.2,D,SimuProB-1,EV_106
368.587,0.0,18.24,1100.0,0,4.128,1,89.1,4.148,18.0,-25.0,185.0,EV_106,0.025,930,35.0,DR402462_5,46.58,96476.78,DR402462,173.9,0.0,48.22,D,SimuProB-1,EV_106
365.033,35.0,18.24,1800.0,0,4.115,1,89.07,4.146,28.0,62.0,185.0,EV_106,0.0,940,0.0,DR402462_5,46.61,96476.86,DR402462,173.9,0.0,48.25,D,SimuProB-1,EV_106
370.542,0.0,18.24,450.0,0,4.13,1,89.06,4.149,8.0,-28.0,185.0,EV_106,0.026,950,55.0,DR402462_5,46.64,96476.88,DR402462,173.9,0.0,48.28,D,SimuProB-1,EV_106
360.84,55.0,18.24,2800.0,0,4.09,1,89.02,4.142,42.0,95.0,185.0,EV_106,0.0,960,0.0,DR402462_5,46.68,96477.0,DR402462,173.9,0.0,48.32,D,SimuProB-1,EV_106
357.881,65.0,18.24,3600.0,0,4.085,1,88.98,4.14,52.0,110.0,185.0,EV_106,0.0,970,0.0,DR402462_5,46.72,96477.14,DR402462,173.9,0.0,48.38,D,SimuProB-1,EV_106
364.23,0.0,18.24,900.0,0,4.115,1,88.96,4.145,15.0,-32.0,185.0,EV_106,0.028,980,60.0,DR402462_5,46.75,96477.19,DR402462,173.9,0.0,48.4,D,SimuProB-1,EV_106
361.291,40.0,18.24,2100.0,0,4.105,1,88.95,4.143,32.0,75.0,185.0,EV_106,0.0,990,0.0,DR402462_5,46.78,96477.28,DR402462,173.9,0.0,48.43,D,SimuProB-1,EV_106
358.085,50.0,18.24,3200.0,0,4.095,1,88.92,4.138,48.0,95.0,185.0,EV_106,0.0,1000,0.0,DR402462_5,46.82,96477.41,DR402462,173.9,0.0,48.48,D,SimuProB-1,EV_106
351.635,75.0,18.24,4100.0,0,4.08,1,88.91,4.145,55.0,135.0,185.0,EV_106,0.0,1010,0.0,DR402462_5,46.88,96477.57,DR402462,173.9,0.0,48.55,D,SimuProB-1,EV_106
355.664,0.0,18.24,1400.0,0,4.105,1,88.89,4.142,22.0,-25.0,185.0,EV_106,0.025,1020,45.0,DR402462_5,46.9,96477.63,DR402462,173.9,0.0,48.58,D,SimuProB-1,EV_106
372.835,35.0,18.24,2300.0,0,4.09,1,88.87,4.12,35.0,45.0,185.0,EV_106,0.0,1030,0.0,DR402462_5,46.92,96477.73,DR402462,173.9,0.0,48.6,D,SimuProB-1,EV_106
368.691,55.0,18.24,2800.0,0,4.085,1,88.83,4.13,42.0,85.0,185.0,EV_106,0.0,1040,0.0,DR402462_5,46.95,96477.84,DR402462,173.9,0.0,48.65,D,SimuProB-1,EV_106
360.297,70.0,18.24,3800.0,0,4.075,1,88.82,4.14,52.0,125.0,185.0,EV_106,0.0,1050,0.0,DR402462_5,46.98,96477.99,DR402462,173.9,0.0,48.72,D,SimuProB-1,EV_106
353.838,80.0,18.24,4400.0,0,4.065,1,88.78,4.148,58.0,145.0,185.0,EV_106,0.0,1060,0.0,DR402462_5,47.02,96478.15,DR402462,173.9,0.0,48.78,D,SimuProB-1,EV_106
364.889,0.0,18.24,1100.0,0,4.095,1,88.77,4.135,18.0,-32.0,185.0,EV_106,0.028,1070,55.0,DR402462_5,47.05,96478.2,DR402462,173.9,0.0,48.8,D,SimuProB-1,EV_106
378.269,30.0,18.24,1800.0,0,4.095,1,88.76,4.115,28.0,35.0,185.0,EV_106,0.0,1080,0.0,DR402462_5,47.08,96478.28,DR402462,173.9,0.0,48.82,D,SimuProB-1,EV_106
374.902,35.0,18.24,2000.0,0,4.105,1,88.73,4.12,32.0,42.0,185.0,EV_106,0.0,1090,0.0,DR402462_5,47.1,96478.37,DR402462,173.9,0.0,48.84,D,SimuProB-1,EV_106
362.243,60.0,18.24,3200.0,0,4.085,1,88.73,4.14,48.0,110.0,185.0,EV_106,0.0,1100,0.0,DR402462_5,47.13,96478.5,DR402462,173.9,0.0,48.88,D,SimuProB-1,EV_106
368.415,0.0,18.24,1400.0,0,4.11,1,88.73,4.135,22.0,-25.0,185.0,EV_106,0.022,1110,45.0,DR402462_5,47.15,96478.56,DR402462,173.9,0.0,48.9,D,SimuProB-1,EV_106
388.498,45.0,18.24,3600.0,0,4.11,1,88.72,4.145,52.0,55.0,185.0,EV_106,0.0,1120,0.0,DR402462_5,47.2,96478.7,DR402462,173.9,0.0,49.0,D,SimuProB-1,EV_106
371.949,65.0,18.24,2700.0,0,4.09,1,88.69,4.15,42.0,120.0,185.0,EV_106,0.0,1130,0.0,DR402462_5,47.25,96478.82,DR402462,173.9,0.0,49.1,D,SimuProB-1,EV_106
365.751,0.0,18.24,900.0,0,4.105,1,88.67,4.14,15.0,-35.0,185.0,EV_106,0.025,1140,75.0,DR402462_5,47.3,96478.86,DR402462,173.9,0.0,49.15,D,SimuProB-1,EV_106
378.222,35.0,18.24,2200.0,0,4.095,1,88.65,4.13,35.0,45.0,185.0,EV_106,0.0,1150,0.0,DR402462_5,47.45,96478.96,DR402462,173.9,0.0,49.25,D,SimuProB-1,EV_106
363.928,75.0,18.24,3800.0,0,4.08,1,88.64,4.15,55.0,135.0,185.0,EV_106,0.0,1160,0.0,DR402462_5,47.6,96479.11,DR402462,173.9,0.0,49.4,D,SimuProB-1,EV_106
384.685,0.0,18.24,1600.0,0,4.11,1,88.63,4.14,25.0,-20.0,185.0,EV_106,0.018,1170,30.0,DR402462_5,47.7,96479.18,DR402462,173.9,0.0,49.5,D,SimuProB-1,EV_106
392.95,45.0,18.24,2600.0,0,4.105,1,88.61,4.135,40.0,45.0,185.0,EV_106,0.0,1180,0.0,DR402462_5,47.75,96479.29,DR402462,173.9,0.0,49.55,D,SimuProB-1,EV_106
368.451,60.0,18.24,3300.0,0,4.085,1,88.61,4.145,50.0,110.0,185.0,EV_106,0.0,1190,0.0,DR402462_5,47.85,96479.43,DR402462,173.9,0.0,49.65,D,SimuProB-1,EV_106
385.194,0.0,18.24,750.0,0,4.115,1,88.61,4.14,12.0,-25.0,185.0,EV_106,0.022,1200,65.0,DR402462_5,47.9,96479.46,DR402462,173.9,0.0,49.7,D,SimuProB-1,EV_106
398.31,15.0,18.24,200.0,0,4.11,1,88.6,4.14,5.0,12.0,185.0,EV_106,0.0,1210,5.0,DR402462_5,47.95,96479.47,DR402462,173.9,0.0,49.75,D,SimuProB-1,EV_106
381.654,55.0,18.24,2000.0,0,4.09,1,88.59,4.13,32.0,85.0,185.0,EV_106,0.0,1220,0.0,DR402462_5,48.0,96479.56,DR402462,173.9,0.0,49.82,D,SimuProB-1,EV_106
373.065,70.0,18.24,3100.0,0,4.08,1,88.59,4.15,48.0,145.0,185.0,EV_106,0.0,1230,0.0,DR402462_5,48.05,96479.7,DR402462,173.9,0.0,49.9,D,SimuProB-1,EV_106
401.485,20.0,18.24,300.0,0,4.11,1,88.58,4.145,8.0,15.0,185.0,EV_106,0.0,1240,5.0,DR402462_5,48.1,96479.72,DR402462,173.9,0.0,49.95,D,SimuProB-1,EV_106
394.979,45.0,18.24,1500.0,0,4.095,1,88.57,4.14,25.0,65.0,185.0,EV_106,0.0,1250,0.0,DR402462_5,48.15,96479.79,DR402462,173.9,0.0,50.02,D,SimuProB-1,EV_106
388.4,65.0,18.24,2700.0,0,4.075,1,88.55,4.15,42.0,135.0,185.0,EV_106,0.0,1260,0.0,DR402462_5,48.2,96479.91,DR402462,173.9,0.0,50.15,D,SimuProB-1,EV_106
378.005,50.0,18.24,2400.0,0,4.085,1,88.53,4.145,38.0,110.0,185.0,EV_106,0.0,1270,0.0,DR402462_5,48.3,96480.02,DR402462,173.9,0.0,50.25,D,SimuProB-1,EV_106
400.317,5.0,18.24,150.0,0,4.12,1,88.53,4.14,5.0,10.0,185.0,EV_106,0.0,0,10.0,DR402462_6,48.35,96480.03,DR402462,173.9,0.0,50.3,D,SimuProB-1,EV_106
385.28,45.0,18.24,1900.0,0,4.09,1,88.52,4.15,30.0,95.0,185.0,EV_106,0.0,10,0.0,DR402462_6,48.4,96480.11,DR402462,173.9,0.0,50.4,D,SimuProB-1,EV_106
392.627,35.0,18.24,1350.0,0,4.08,1,88.51,4.135,22.0,55.0,185.0,EV_106,0.0,20,0.0,DR402462_6,48.45,96480.17,DR402462,173.9,0.0,50.45,D,SimuProB-1,EV_106
375.436,70.0,18.24,2850.0,0,4.065,1,88.5,4.15,45.0,125.0,185.0,EV_106,0.0,30,0.0,DR402462_6,48.55,96480.3,DR402462,173.9,0.0,50.55,D,SimuProB-1,EV_106
399.221,0.0,18.24,900.0,0,4.09,1,88.5,4.14,15.0,-25.0,185.0,EV_106,0.012,40,15.0,DR402462_6,48.6,96480.34,DR402462,173.9,0.0,50.6,D,SimuProB-1,EV_106
382.262,55.0,18.24,2100.0,0,4.085,1,88.47,4.145,35.0,75.0,185.0,EV_106,0.0,50,0.0,DR402462_6,48.7,96480.44,DR402462,173.9,0.0,50.7,D,SimuProB-1,EV_106
394.784,25.0,18.24,1200.0,0,4.095,1,88.46,4.13,20.0,45.0,185.0,EV_106,0.0,60,0.0,DR402462_6,48.75,96480.49,DR402462,173.9,0.0,50.75,D,SimuProB-1,EV_106
378.476,65.0,18.24,2600.0,0,4.07,1,88.45,4.15,42.0,110.0,185.0,EV_106,0.0,70,0.0,DR402462_6,48.85,96480.61,DR402462,173.9,0.0,50.85,D,SimuProB-1,EV_106
398.328,30.0,18.24,1550.0,0,4.105,1,88.45,4.135,25.0,35.0,185.0,EV_106,0.0,80,0.0,DR402462_6,48.88,96480.68,DR402462,173.9,0.0,50.88,D,SimuProB-1,EV_106
385.371,60.0,18.24,2400.0,0,4.08,1,88.43,4.15,40.0,95.0,185.0,EV_106,0.0,90,0.0,DR402462_6,48.93,96480.79,DR402462,173.9,0.0,50.93,D,SimuProB-1,EV_106
393.268,0.0,18.24,750.0,0,4.11,1,88.43,4.14,12.0,-18.0,185.0,EV_106,0.015,100,45.0,DR402462_6,48.95,96480.82,DR402462,173.9,0.0,50.95,D,SimuProB-1,EV_106
397.51,28.0,18.24,1350.0,0,4.108,1,88.4,4.132,22.0,32.0,185.0,EV_106,0.0,110,0.0,DR402462_6,49.02,96480.88,DR402462,173.9,0.0,51.02,D,SimuProB-1,EV_106
382.48,55.0,18.24,2800.0,0,4.085,1,88.4,4.148,45.0,85.0,185.0,EV_106,0.0,120,0.0,DR402462_6,49.15,96481.01,DR402462,173.9,0.0,51.15,D,SimuProB-1,EV_106
395.73,0.0,18.24,1100.0,0,4.115,1,88.4,4.145,18.0,-25.0,185.0,EV_106,0.018,130,35.0,DR402462_6,49.18,96481.06,DR402462,173.9,0.0,51.18,D,SimuProB-1,EV_106
387.846,45.0,18.24,2600.0,0,4.092,1,88.38,4.145,42.0,65.0,185.0,EV_106,0.0,140,0.0,DR402462_6,49.22,96481.18,DR402462,173.9,0.0,51.22,D,SimuProB-1,EV_106
397.036,0.0,18.24,400.0,0,4.122,1,88.37,4.148,8.0,-32.0,185.0,EV_106,0.022,150,55.0,DR402462_6,49.24,96481.2,DR402462,173.9,0.0,51.24,D,SimuProB-1,EV_106
383.25,70.0,18.24,1550.0,0,4.08,1,88.34,4.15,25.0,110.0,185.0,EV_106,0.0,160,0.0,DR402462_6,49.35,96481.27,DR402462,173.9,0.0,51.35,D,SimuProB-1,EV_106
385.001,35.0,18.24,2000.0,0,4.095,1,88.31,4.149,32.0,45.0,185.0,EV_106,0.0,170,0.0,DR402462_6,49.4,96481.36,DR402462,173.9,0.0,51.4,D,SimuProB-1,EV_106
392.358,0.0,18.24,750.0,0,4.12,1,88.31,4.15,12.0,-15.0,185.0,EV_106,0.01,180,40.0,DR402462_6,49.45,96481.39,DR402462,173.9,0.0,51.45,D,SimuProB-1,EV_106
381.397,60.0,18.24,2400.0,0,4.082,1,88.29,4.15,38.0,95.0,185.0,EV_106,0.0,190,0.0,DR402462_6,49.55,96481.5,DR402462,173.9,0.0,51.55,D,SimuProB-1,EV_106
386.628,20.0,18.24,1150.0,0,4.11,1,88.28,4.145,18.0,25.0,185.0,EV_106,0.0,200,10.0,DR402462_6,49.6,96481.55,DR402462,173.9,0.0,51.6,D,SimuProB-1,EV_106
379.22,75.0,18.24,2200.0,0,4.075,1,88.25,4.15,35.0,145.0,185.0,EV_106,0.0,210,0.0,DR402462_6,49.75,96481.65,DR402462,173.9,0.0,51.75,D,SimuProB-1,EV_106
382.7,0.0,18.24,900.0,0,4.115,1,88.24,4.148,15.0,-35.0,185.0,EV_106,0.025,220,65.0,DR402462_6,49.85,96481.69,DR402462,173.9,0.0,51.85,D,SimuProB-1,EV_106
376.066,65.0,18.24,2650.0,0,4.07,1,88.23,4.15,42.0,110.0,185.0,EV_106,0.0,230,0.0,DR402462_6,49.95,96481.81,DR402462,173.9,0.0,51.95,D,SimuProB-1,EV_106
388.486,0.0,18.24,500.0,0,4.112,1,88.23,4.148,8.0,5.0,185.0,EV_106,0.0,240,35.0,DR402462_6,50.0,96481.83,DR402462,173.9,0.0,52.0,D,SimuProB-1,EV_106
378.06,70.0,18.24,3100.0,0,4.065,1,88.22,4.15,48.0,130.0,185.0,EV_106,0.0,250,0.0,DR402462_6,50.1,96481.96,DR402462,173.9,0.0,52.1,D,SimuProB-1,EV_106
374.648,78.0,18.24,3300.0,0,4.062,1,88.21,4.15,52.0,165.0,185.0,EV_106,0.0,260,0.0,DR402462_6,50.15,96482.1,DR402462,173.9,0.0,52.18,D,SimuProB-1,EV_106
362.339,0.0,18.24,750.0,0,4.04,1,88.21,4.12,12.0,-38.0,185.0,EV_106,0.028,270,75.0,DR402462_6,50.2,96482.14,DR402462,173.9,0.0,52.25,D,SimuProB-1,EV_106
375.567,35.0,18.24,1400.0,0,4.078,1,88.21,4.145,22.0,45.0,185.0,EV_106,0.0,280,0.0,DR402462_6,50.28,96482.2,DR402462,173.9,0.0,52.3,D,SimuProB-1,EV_106
382.197,15.0,18.24,950.0,0,4.085,1,88.21,4.142,15.0,25.0,185.0,EV_106,0.0,290,0.0,DR402462_6,50.35,96482.24,DR402462,173.9,0.0,52.35,D,SimuProB-1,EV_106
365.585,45.0,18.24,2100.0,0,4.072,1,88.21,4.148,32.0,85.0,185.0,EV_106,0.0,300,0.0,DR402462_6,50.42,96482.33,DR402462,173.9,0.0,52.42,D,SimuProB-1,EV_106
390.973,0.0,18.24,500.0,0,4.095,1,88.21,4.15,8.0,-28.0,185.0,EV_106,0.025,310,60.0,DR402462_6,50.5,96482.35,DR402462,173.9,0.0,52.48,D,SimuProB-1,EV_106
368.523,30.0,18.24,1800.0,0,4.082,1,88.2,4.145,28.0,42.0,185.0,EV_106,0.0,320,0.0,DR402462_6,50.55,96482.43,DR402462,173.9,0.0,52.5,D,SimuProB-1,EV_106
358.029,65.0,18.24,3200.0,0,4.075,1,88.18,4.148,45.0,95.0,185.0,EV_106,0.0,330,0.0,DR402462_6,50.6,96482.55,DR402462,173.9,0.0,52.65,D,SimuProB-1,EV_106
372.477,0.0,18.24,1100.0,0,4.09,1,88.18,4.15,18.0,-35.0,185.0,EV_106,0.028,340,55.0,DR402462_6,50.65,96482.6,DR402462,173.9,0.0,52.7,D,SimuProB-1,EV_106
362.189,55.0,18.24,2650.0,0,4.078,1,88.15,4.146,38.0,78.5,185.0,EV_106,0.0,350,0.0,DR402462_6,50.68,96482.71,DR402462,173.9,0.0,52.72,D,SimuProB-1,EV_106
355.121,70.0,18.24,3500.0,0,4.074,1,88.14,4.148,48.0,92.0,185.0,EV_106,0.0,360,0.0,DR402462_6,50.75,96482.84,DR402462,173.9,0.0,52.8,D,SimuProB-1,EV_106
385.432,0.0,18.24,750.0,0,4.092,1,88.14,4.15,12.0,-38.0,185.0,EV_106,0.029,370,75.0,DR402462_6,50.8,96482.87,DR402462,173.9,0.0,52.85,D,SimuProB-1,EV_106
352.211,60.0,18.24,3000.0,0,4.072,1,88.12,4.147,42.0,88.5,185.0,EV_106,0.0,380,0.0,DR402462_6,50.82,96482.99,DR402462,173.9,0.0,52.9,D,SimuProB-1,EV_106
348.494,45.0,18.24,1800.0,0,4.068,1,88.09,4.149,25.0,115.0,185.0,EV_106,0.0,390,15.0,DR402462_6,50.9,96483.06,DR402462,173.9,0.0,53.05,D,SimuProB-1,EV_106
356.904,0.0,18.24,350.0,0,4.085,1,88.09,4.15,5.0,-32.0,185.0,EV_106,0.026,400,45.0,DR402462_6,50.95,96483.07,DR402462,173.9,0.0,53.1,D,SimuProB-1,EV_106
341.787,65.0,18.24,2200.0,0,4.065,1,88.07,4.149,35.0,145.0,185.0,EV_106,0.0,410,0.0,DR402462_6,51.0,96483.17,DR402462,173.9,0.0,53.15,D,SimuProB-1,EV_106
358.274,25.0,18.24,1100.0,0,4.08,1,88.06,4.148,18.0,45.0,185.0,EV_106,0.015,420,10.0,DR402462_6,51.02,96483.22,DR402462,173.9,0.0,53.18,D,SimuProB-1,EV_106
346.113,55.0,18.24,1800.0,0,4.07,1,88.03,4.147,28.0,98.0,185.0,EV_106,0.0,430,0.0,DR402462_6,51.08,96483.3,DR402462,173.9,0.0,53.25,D,SimuProB-1,EV_106
352.405,30.0,18.24,750.0,0,4.075,1,87.99,4.148,12.0,62.0,185.0,EV_106,0.012,440,5.0,DR402462_6,51.15,96483.33,DR402462,173.9,0.0,53.32,D,SimuProB-1,EV_106
344.591,40.0,18.24,1400.0,0,4.062,1,87.97,4.149,22.0,110.0,185.0,EV_106,0.0,450,0.0,DR402462_6,51.22,96483.39,DR402462,173.9,0.0,53.38,D,SimuProB-1,EV_106
355.009,0.0,18.24,500.0,0,4.088,1,87.97,4.15,8.0,-28.0,185.0,EV_106,0.024,460,35.0,DR402462_6,51.28,96483.42,DR402462,173.9,0.0,53.42,D,SimuProB-1,EV_106
368.058,35.0,18.24,1550.0,0,4.082,1,87.94,4.149,25.0,75.0,185.0,EV_106,0.0,470,0.0,DR402462_6,51.3,96483.49,DR402462,173.9,0.0,53.44,D,SimuProB-1,EV_106
341.707,65.0,18.24,2400.0,0,4.065,1,87.93,4.15,38.0,125.0,185.0,EV_106,0.0,480,0.0,DR402462_6,51.34,96483.59,DR402462,173.9,0.0,53.47,D,SimuProB-1,EV_106
350.86,0.0,18.24,300.0,0,4.095,1,87.91,4.15,5.0,-35.0,185.0,EV_106,0.028,490,45.0,DR402462_6,51.36,96483.61,DR402462,173.9,0.0,53.49,D,SimuProB-1,EV_106
372.011,25.0,18.24,900.0,0,4.09,1,87.91,4.148,18.0,45.0,185.0,EV_106,0.0,500,0.0,DR402462_6,51.38,96483.66,DR402462,173.9,0.0,53.51,D,SimuProB-1,EV_106
338.614,55.0,18.24,2000.0,0,4.058,1,87.9,4.15,32.0,135.0,185.0,EV_106,0.0,510,0.0,DR402462_6,51.4,96483.75,DR402462,173.9,0.0,53.54,D,SimuProB-1,EV_106
349.397,0.0,18.24,350.0,0,4.102,1,87.88,4.15,6.0,-38.0,185.0,EV_106,0.032,520,50.0,DR402462_6,51.42,96483.77,DR402462,173.9,0.0,53.56,D,SimuProB-1,EV_106
335.467,70.0,18.24,2800.0,0,4.055,1,87.88,4.15,45.0,145.0,185.0,EV_106,0.0,530,0.0,DR402462_6,51.44,96483.9,DR402462,173.9,0.0,53.58,D,SimuProB-1,EV_106
345.731,0.0,18.24,150.0,0,4.105,1,87.88,4.15,2.0,-40.0,185.0,EV_106,0.035,540,60.0,DR402462_6,51.46,96483.9,DR402462,173.9,0.0,53.6,D,SimuProB-1,EV_106
370.969,30.0,18.24,1100.0,0,4.092,1,87.88,4.145,22.0,35.0,185.0,EV_106,0.0,550,0.0,DR402462_6,51.48,96483.96,DR402462,173.9,0.0,53.62,D,SimuProB-1,EV_106
341.959,45.0,18.24,1600.0,0,4.085,1,87.86,4.148,28.0,85.0,185.0,EV_106,0.0,560,0.0,DR402462_6,51.51,96484.04,DR402462,173.9,0.0,53.65,D,SimuProB-1,EV_106
339.843,60.0,18.24,2300.0,0,4.06,1,87.84,4.15,38.0,120.0,185.0,EV_106,0.0,570,0.0,DR402462_6,51.54,96484.14,DR402462,173.9,0.0,53.68,D,SimuProB-1,EV_106
348.963,0.0,18.24,700.0,0,4.095,1,87.84,4.15,12.0,-35.0,185.0,EV_106,0.03,580,40.0,DR402462_6,51.56,96484.18,DR402462,173.9,0.0,53.7,D,SimuProB-1,EV_106
355.075,25.0,18.24,950.0,0,4.098,1,87.84,4.142,18.0,15.0,185.0,EV_106,0.0,590,0.0,DR402462_6,51.58,96484.23,DR402462,173.9,0.0,53.72,D,SimuProB-1,EV_106
338.416,50.0,18.24,1850.0,0,4.082,1,87.81,4.149,32.0,95.0,185.0,EV_106,0.0,600,0.0,DR402462_6,51.61,96484.32,DR402462,173.9,0.0,53.75,D,SimuProB-1,EV_106
365.773,0.0,18.24,400.0,0,4.105,1,87.81,4.15,8.0,-25.0,185.0,EV_106,0.02,610,55.0,DR402462_6,51.64,96484.34,DR402462,173.9,0.0,53.78,D,SimuProB-1,EV_106
342.185,70.0,18.24,2800.0,0,4.075,1,87.78,4.148,42.0,135.0,185.0,EV_106,0.0,620,0.0,DR402462_6,51.68,96484.46,DR402462,173.9,0.0,53.82,D,SimuProB-1,EV_106
349.247,0.0,18.24,850.0,0,4.102,1,87.78,4.15,15.0,-18.0,185.0,EV_106,0.02,630,30.0,DR402462_6,51.7,96484.5,DR402462,173.9,0.0,53.84,D,SimuProB-1,EV_106
357.294,20.0,18.24,1250.0,0,4.105,1,87.78,4.145,22.0,12.0,185.0,EV_106,0.0,640,0.0,DR402462_6,51.72,96484.56,DR402462,173.9,0.0,53.86,D,SimuProB-1,EV_106
348.449,35.0,18.24,1600.0,0,4.095,1,87.77,4.142,28.0,45.0,185.0,EV_106,0.0,650,0.0,DR402462_6,51.8,96484.64,DR402462,173.9,0.0,53.95,D,SimuProB-1,EV_106
352.269,15.0,18.24,1050.0,0,4.11,1,87.77,4.146,18.0,15.0,185.0,EV_106,0.0,660,0.0,DR402462_6,51.86,96484.69,DR402462,173.9,0.0,54.02,D,SimuProB-1,EV_106
346.821,0.0,18.24,250.0,0,4.1,1,87.74,4.15,5.0,-22.0,185.0,EV_106,0.02,670,60.0,DR402462_6,51.92,96484.7,DR402462,173.9,0.0,54.08,D,SimuProB-1,EV_106
357.805,10.0,18.24,600.0,0,4.098,1,87.73,4.148,12.0,8.5,185.0,EV_106,0.0,680,0.0,DR402462_6,52.01,96484.73,DR402462,173.9,0.0,54.15,D,SimuProB-1,EV_106
342.111,45.0,18.24,2200.0,0,4.085,1,87.72,4.15,35.0,85.0,185.0,EV_106,0.0,690,0.0,DR402462_6,52.18,96484.83,DR402462,173.9,0.0,54.28,D,SimuProB-1,EV_106
355.916,0.0,18.24,400.0,0,4.108,1,87.71,4.145,8.0,-28.0,185.0,EV_106,0.025,700,85.0,DR402462_6,52.25,96484.85,DR402462,173.9,0.0,54.32,D,SimuProB-1,EV_106
371.138,35.0,18.24,2750.0,0,4.105,1,87.66,4.145,42.0,65.0,185.0,EV_106,0.0,710,0.0,DR402462_6,52.3,96484.97,DR402462,173.9,0.0,54.35,D,SimuProB-1,EV_106
344.911,75.0,18.24,1600.0,0,4.09,1,87.56,4.15,25.0,120.0,185.0,EV_106,0.0,720,0.0,DR402462_6,52.4,96485.04,DR402462,173.9,0.0,54.42,D,SimuProB-1,EV_106
350.556,0.0,18.24,300.0,0,4.11,1,87.55,4.148,5.0,-35.0,185.0,EV_106,0.028,730,90.0,DR402462_6,52.42,96485.05,DR402462,173.9,0.0,54.45,D,SimuProB-1,EV_106
348.618,15.0,18.24,750.0,0,4.108,1,87.55,4.149,12.0,15.0,185.0,EV_106,0.0,740,0.0,DR402462_6,52.43,96485.08,DR402462,173.9,0.0,54.46,D,SimuProB-1,EV_106
339.174,60.0,18.24,2400.0,0,4.088,1,87.51,4.15,38.0,110.0,185.0,EV_106,0.0,750,0.0,DR402462_6,52.48,96485.19,DR402462,173.9,0.0,54.55,D,SimuProB-1,EV_106
352.07,0.0,18.24,600.0,0,4.112,1,87.51,4.147,10.0,-32.0,185.0,EV_106,0.026,760,75.0,DR402462_6,52.5,96485.22,DR402462,173.9,0.0,54.58,D,SimuProB-1,EV_106
344.83,45.0,18.24,1900.0,0,4.105,1,87.49,4.148,30.0,85.0,185.0,EV_106,0.0,770,0.0,DR402462_6,52.55,96485.3,DR402462,173.9,0.0,54.62,D,SimuProB-1,EV_106
352.126,0.0,18.24,950.0,0,4.114,1,87.48,4.146,15.0,-28.0,185.0,EV_106,0.024,780,65.0,DR402462_6,52.57,96485.35,DR402462,173.9,0.0,54.65,D,SimuProB-1,EV_106
346.638,35.0,18.24,1400.0,0,4.108,1,87.47,4.149,22.0,60.0,185.0,EV_106,0.0,790,0.0,DR402462_6,52.6,96485.41,DR402462,173.9,0.0,54.68,D,SimuProB-1,EV_106
345.485,65.0,18.24,2800.0,0,4.095,1,87.45,4.15,42.0,120.0,185.0,EV_106,0.0,800,0.0,DR402462_6,52.65,96485.53,DR402462,173.9,0.0,54.72,D,SimuProB-1,EV_106
338.227,75.0,18.24,3400.0,0,4.09,1,87.42,4.15,50.0,145.0,185.0,EV_106,0.0,810,0.0,DR402462_6,52.7,96485.67,DR402462,173.9,0.0,54.76,D,SimuProB-1,EV_106
350.634,0.0,18.24,1100.0,0,4.11,1,87.42,4.148,18.0,-22.0,185.0,EV_106,0.022,820,60.0,DR402462_6,52.72,96485.72,DR402462,173.9,0.0,54.78,D,SimuProB-1,EV_106
362.285,30.0,18.24,1600.0,0,4.115,1,87.41,4.145,25.0,45.0,185.0,EV_106,0.0,830,0.0,DR402462_6,52.76,96485.79,DR402462,173.9,0.0,54.82,D,SimuProB-1,EV_106
342.238,70.0,18.24,3200.0,0,4.092,1,87.38,4.15,48.0,135.0,185.0,EV_106,0.0,840,0.0,DR402462_6,52.8,96485.92,DR402462,173.9,0.0,54.86,D,SimuProB-1,EV_106
355.685,0.0,18.24,750.0,0,4.112,1,87.38,4.146,12.0,-35.0,185.0,EV_106,0.035,850,75.0,DR402462_6,52.84,96485.96,DR402462,173.9,0.0,54.89,D,SimuProB-1,EV_106
368.649,15.0,18.24,900.0,0,4.118,1,87.36,4.148,15.0,25.0,185.0,EV_106,0.0,860,0.0,DR402462_6,52.88,96486.0,DR402462,173.9,0.0,54.92,D,SimuProB-1,EV_106
345.08,55.0,18.24,2200.0,0,4.095,1,87.33,4.15,35.0,120.0,185.0,EV_106,0.0,870,0.0,DR402462_6,52.95,96486.1,DR402462,173.9,0.0,55.0,D,SimuProB-1,EV_106
357.871,0.0,18.24,1150.0,0,4.111,1,87.33,4.149,18.0,-28.0,185.0,EV_106,0.028,880,55.0,DR402462_6,53.02,96486.15,DR402462,173.9,0.0,55.08,D,SimuProB-1,EV_106
362.819,0.0,18.24,450.0,0,4.115,1,87.3,4.145,8.0,-15.0,185.0,EV_106,0.015,890,40.0,DR402462_6,53.1,96486.17,DR402462,173.9,0.0,55.15,D,SimuProB-1,EV_106
371.881,25.0,18.24,1400.0,0,4.118,1,87.3,4.142,22.0,45.0,185.0,EV_106,0.0,900,0.0,DR402462_6,53.15,96486.23,DR402462,173.9,0.0,55.2,D,SimuProB-1,EV_106
359.383,45.0,18.24,2400.0,0,4.105,1,87.29,4.148,38.0,95.0,185.0,EV_106,0.0,910,0.0,DR402462_6,53.25,96486.34,DR402462,173.9,0.0,55.3,D,SimuProB-1,EV_106
351.904,65.0,18.24,3300.0,0,4.09,1,87.27,4.15,52.0,135.0,185.0,EV_106,0.0,920,0.0,DR402462_6,53.3,96486.48,DR402462,173.9,0.0,55.35,D,SimuProB-1,EV_106
368.067,30.0,18.24,1900.0,0,4.11,1,87.25,4.145,30.0,40.0,185.0,EV_106,0.0,930,0.0,DR402462_6,53.35,96486.57,DR402462,173.9,0.0,55.4,D,SimuProB-1,EV_106
342.375,75.0,18.24,3700.0,0,4.08,1,87.23,4.15,58.0,180.0,185.0,EV_106,0.0,940,0.0,DR402462_6,53.45,96486.73,DR402462,173.9,0.0,55.5,D,SimuProB-1,EV_106
362.278,28.0,18.24,2050.0,0,4.108,1,87.22,4.146,32.0,65.0,185.0,EV_106,0.0,950,0.0,DR402462_6,53.52,96486.82,DR402462,173.9,0.0,55.58,D,SimuProB-1,EV_106
354.941,48.0,18.24,2850.0,0,4.095,1,87.18,4.15,45.0,110.0,185.0,EV_106,0.0,960,0.0,DR402462_6,53.65,96486.94,DR402462,173.9,0.0,55.72,D,SimuProB-1,EV_106
372.538,0.0,18.24,1400.0,0,4.115,1,87.18,4.148,22.0,-28.0,185.0,EV_106,0.018,970,65.0,DR402462_6,53.68,96487.0,DR402462,173.9,0.0,55.75,D,SimuProB-1,EV_106
360.098,35.0,18.24,2200.0,0,4.112,1,87.18,4.147,35.0,55.0,185.0,EV_106,0.0,980,0.0,DR402462_6,53.7,96487.1,DR402462,173.9,0.0,55.8,D,SimuProB-1,EV_106
355.35,45.0,18.24,2650.0,0,4.105,1,87.15,4.149,42.0,85.0,185.0,EV_106,0.0,990,0.0,DR402462_6,53.78,96487.21,DR402462,173.9,0.0,55.88,D,SimuProB-1,EV_106
370.097,0.0,18.24,1750.0,0,4.118,1,87.15,4.146,28.0,-15.0,185.0,EV_106,0.012,1000,45.0,DR402462_6,53.82,96487.29,DR402462,173.9,0.0,55.92,D,SimuProB-1,EV_106
362.304,40.0,18.24,2400.0,0,4.115,1,87.14,4.145,38.0,45.0,185.0,EV_106,0.0,1010,0.0,DR402462_6,53.85,96487.4,DR402462,173.9,0.0,55.95,D,SimuProB-1,EV_106
347.822,0.0,18.24,1100.0,0,4.108,1,87.13,4.148,18.0,-32.0,185.0,EV_106,0.022,1020,60.0,DR402462_6,53.88,96487.45,DR402462,173.9,0.0,55.98,D,SimuProB-1,EV_106
357.962,20.0,18.24,1400.0,0,4.118,1,87.12,4.146,22.0,25.0,185.0,EV_106,0.0,1030,5.0,DR402462_6,53.9,96487.51,DR402462,173.9,0.0,56.0,D,SimuProB-1,EV_106
368.812,35.0,18.24,1875.0,0,4.116,1,87.11,4.147,30.0,55.0,185.0,EV_106,0.0,1040,0.0,DR402462_6,53.98,96487.59,DR402462,173.9,0.0,56.08,D,SimuProB-1,EV_106
351.966,0.0,18.24,750.0,0,4.109,1,87.09,4.149,12.0,-38.0,185.0,EV_106,0.025,1050,65.0,DR402462_6,54.04,96487.63,DR402462,173.9,0.0,56.14,D,SimuProB-1,EV_106
360.133,25.0,18.24,1125.0,0,4.117,1,87.08,4.146,18.0,30.0,185.0,EV_106,0.0,1060,0.0,DR402462_6,54.1,96487.68,DR402462,173.9,0.0,56.2,D,SimuProB-1,EV_106
365.089,30.0,18.24,1560.0,0,4.115,1,87.05,4.148,25.0,45.0,185.0,EV_106,0.0,1070,0.0,DR402462_6,54.2,96487.75,DR402462,173.9,0.0,56.3,D,SimuProB-1,EV_106
358.368,0.0,18.24,500.0,0,4.11,1,87.05,4.15,8.0,-28.0,185.0,EV_106,0.02,1080,55.0,DR402462_6,54.25,96487.77,DR402462,173.9,0.0,56.35,D,SimuProB-1,EV_106
372.677,45.0,18.24,2180.0,0,4.118,1,87.05,4.149,35.0,60.0,185.0,EV_106,0.0,1090,0.0,DR402462_6,54.32,96487.87,DR402462,173.9,0.0,56.42,D,SimuProB-1,EV_106
353.897,65.0,18.24,3300.0,0,4.105,1,87.04,4.15,48.0,145.0,185.0,EV_106,0.0,1100,0.0,DR402462_6,54.4,96488.0,DR402462,173.9,0.0,56.5,D,SimuProB-1,EV_106
348.136,75.0,18.24,3800.0,0,4.095,1,87.01,4.145,55.0,180.0,185.0,EV_106,0.0,1110,0.0,DR402462_6,54.5,96488.16,DR402462,173.9,0.0,56.6,D,SimuProB-1,EV_106
378.722,0.0,18.24,900.0,0,4.112,1,87.01,4.148,15.0,-32.0,185.0,EV_106,0.022,1120,45.0,DR402462_6,54.45,96488.2,DR402462,173.9,0.0,56.55,D,SimuProB-1,EV_106
362.799,35.0,18.24,2000.0,0,4.108,1,87.0,4.142,32.0,45.0,185.0,EV_106,0.0,1130,0.0,DR402462_6,54.55,96488.29,DR402462,173.9,0.0,56.65,D,SimuProB-1,EV_106
344.824,70.0,18.24,3600.0,0,4.098,1,86.98,4.148,52.0,165.0,185.0,EV_106,0.0,1140,0.0,DR402462_6,54.7,96488.43,DR402462,173.9,0.0,56.8,D,SimuProB-1,EV_106
374.891,0.0,18.24,750.0,0,4.115,1,86.97,4.15,12.0,-35.0,185.0,EV_106,0.025,1150,60.0,DR402462_6,54.75,96488.47,DR402462,173.9,0.0,56.85,D,SimuProB-1,EV_106
349.306,55.0,18.24,3100.0,0,4.09,1,86.94,4.14,45.0,120.0,185.0,EV_106,0.0,1160,0.0,DR402462_6,54.9,96488.6,DR402462,173.9,0.0,57.0,D,SimuProB-1,EV_106
372.578,0.0,18.24,600.0,0,4.11,1,86.94,4.145,10.0,-28.0,185.0,EV_106,0.02,1170,50.0,DR402462_6,54.95,96488.62,DR402462,173.9,0.0,57.05,D,SimuProB-1,EV_106
354.814,30.0,18.24,1600.0,0,4.085,1,86.94,4.135,25.0,65.0,185.0,EV_106,0.0,1180,0.0,DR402462_6,55.05,96488.69,DR402462,173.9,0.0,57.15,D,SimuProB-1,EV_106
376.476,45.0,18.24,2200.0,0,4.108,1,86.93,4.142,35.0,12.0,185.0,EV_106,0.0,1190,0.0,DR402462_6,55.1,96488.79,DR402462,173.9,0.0,57.2,D,SimuProB-1,EV_106
348.157,65.0,18.24,2800.0,0,4.095,1,86.92,4.145,42.0,145.0,185.0,EV_106,0.0,1200,0.0,DR402462_6,55.25,96488.9,DR402462,173.9,0.0,57.35,D,SimuProB-1,EV_106
378.554,0.0,18.24,350.0,0,4.118,1,86.92,4.15,5.0,-38.0,185.0,EV_106,0.028,1210,75.0,DR402462_6,55.3,96488.92,DR402462,173.9,0.0,57.4,D,SimuProB-1,EV_106
395.374,35.0,18.24,1900.0,0,4.105,1,86.9,4.14,30.0,45.0,185.0,EV_106,0.0,1220,0.0,DR402462_6,55.38,96489.0,DR402462,173.9,0.0,57.48,D,SimuProB-1,EV_106
370.158,70.0,18.24,3100.0,0,4.092,1,86.88,4.148,48.0,135.0,185.0,EV_106,0.0,1230,0.0,DR402462_6,55.45,96489.14,DR402462,173.9,0.0,57.55,D,SimuProB-1,EV_106
387.528,0.0,18.24,750.0,0,4.112,1,86.88,4.145,12.0,-25.0,185.0,EV_106,0.022,1240,60.0,DR402462_6,55.52,96489.17,DR402462,173.9,0.0,57.62,D,SimuProB-1,EV_106
392.33,30.0,18.24,1600.0,0,4.108,1,86.86,4.142,25.0,65.0,185.0,EV_106,0.0,1250,0.0,DR402462_6,55.58,96489.24,DR402462,173.9,0.0,57.68,D,SimuProB-1,EV_106
355.033,75.0,18.24,3800.0,0,4.09,1,86.84,4.148,55.0,165.0,185.0,EV_106,0.0,1260,0.0,DR402462_6,55.65,96489.39,DR402462,173.9,0.0,57.75,D,SimuProB-1,EV_106
386.093,0.0,18.24,500.0,0,4.115,1,86.83,4.15,8.0,-35.0,185.0,EV_106,0.025,1270,80.0,DR402462_6,55.72,96489.41,DR402462,173.9,0.0,57.82,D,SimuProB-1,EV_106
378.885,45.0,18.24,4200.0,0,4.095,1,86.81,4.145,65.0,125.0,185.0,EV_106,0.0,0,0.0,DR402462_7,55.75,96489.59,DR402462,173.9,0.0,57.85,D,SimuProB-1,EV_106
382.493,35.0,18.24,5400.0,0,4.102,1,86.78,4.142,85.0,95.0,185.0,EV_106,0.0,10,0.0,DR402462_7,55.8,96489.83,DR402462,173.9,0.0,57.9,D,SimuProB-1,EV_106
375.596,60.0,18.24,6000.0,0,4.09,1,86.77,4.148,105.0,145.0,185.0,EV_106,0.0,20,0.0,DR402462_7,55.88,96490.12,DR402462,173.9,0.0,57.98,D,SimuProB-1,EV_106
378.609,40.0,18.24,5200.0,0,4.1,1,86.75,4.145,95.0,110.0,185.0,EV_106,0.0,30,0.0,DR402462_7,55.95,96490.38,DR402462,173.9,0.0,58.05,D,SimuProB-1,EV_106
371.735,65.0,18.24,5900.0,0,4.095,1,86.72,4.148,108.0,140.0,185.0,EV_106,0.0,40,0.0,DR402462_7,56.05,96490.68,DR402462,173.9,0.0,58.15,D,SimuProB-1,EV_106
374.777,35.0,18.24,5400.0,0,4.102,1,86.7,4.146,100.0,95.0,185.0,EV_106,0.0,50,0.0,DR402462_7,56.1,96490.96,DR402462,173.9,0.0,58.2,D,SimuProB-1,EV_106
372.27,45.0,18.24,5500.0,0,4.096,1,86.69,4.146,102.0,125.0,185.0,EV_106,0.0,60,0.0,DR402462_7,56.18,96491.24,DR402462,173.9,0.0,58.28,D,SimuProB-1,EV_106
376.554,25.0,18.24,4800.0,0,4.104,1,86.67,4.144,90.0,85.0,185.0,EV_106,0.0,70,0.0,DR402462_7,56.22,96491.49,DR402462,173.9,0.0,58.32,D,SimuProB-1,EV_106
379.783,20.0,18.24,4400.0,0,4.108,1,86.66,4.142,82.0,70.0,185.0,EV_106,0.0,80,0.0,DR402462_7,56.25,96491.72,DR402462,173.9,0.0,58.35,D,SimuProB-1,EV_106
378.145,22.0,18.24,4600.0,0,4.109,1,86.64,4.141,85.0,75.0,185.0,EV_106,0.0,90,0.0,DR402462_7,56.28,96491.96,DR402462,173.9,0.0,58.38,D,SimuProB-1,EV_106
375.185,38.0,18.24,5100.0,0,4.098,1,86.64,4.14,95.0,110.0,185.0,EV_106,0.0,100,0.0,DR402462_7,56.35,96492.22,DR402462,173.9,0.0,58.45,D,SimuProB-1,EV_106
377.11,30.0,18.24,4950.0,0,4.101,1,86.62,4.139,92.0,90.0,185.0,EV_106,0.0,110,0.0,DR402462_7,56.4,96492.48,DR402462,173.9,0.0,58.5,D,SimuProB-1,EV_106
376.43,32.0,18.24,5000.0,0,4.102,1,86.61,4.141,93.0,95.0,185.0,EV_106,0.0,120,0.0,DR402462_7,56.45,96492.74,DR402462,173.9,0.0,58.55,D,SimuProB-1,EV_106
373.87,45.0,18.24,5250.0,0,4.095,1,86.59,4.143,98.0,120.0,185.0,EV_106,0.0,130,0.0,DR402462_7,56.52,96493.01,DR402462,173.9,0.0,58.62,D,SimuProB-1,EV_106
377.475,22.0,18.24,4800.0,0,4.105,1,86.57,4.14,90.0,80.0,185.0,EV_106,0.0,140,0.0,DR402462_7,56.55,96493.26,DR402462,173.9,0.0,58.65,D,SimuProB-1,EV_106
376.288,35.0,18.24,5050.0,0,4.103,1,86.55,4.142,94.0,92.0,185.0,EV_106,0.0,150,0.0,DR402462_7,56.62,96493.52,DR402462,173.9,0.0,58.72,D,SimuProB-1,EV_106
374.438,42.0,18.24,5180.0,0,4.092,1,86.53,4.145,97.0,115.0,185.0,EV_106,0.0,160,0.0,DR402462_7,56.7,96493.79,DR402462,173.9,0.0,58.8,D,SimuProB-1,EV_106
377.809,20.0,18.24,4720.0,0,4.108,1,86.53,4.138,88.0,75.0,185.0,EV_106,0.0,170,0.0,DR402462_7,56.75,96494.04,DR402462,173.9,0.0,58.85,D,SimuProB-1,EV_106
374.923,38.0,18.24,5100.0,0,4.098,1,86.52,4.141,95.0,105.0,185.0,EV_106,0.0,180,0.0,DR402462_7,56.78,96494.3,DR402462,173.9,0.0,58.88,D,SimuProB-1,EV_106
373.278,55.0,18.24,5450.0,0,4.089,1,86.51,4.146,102.0,135.0,185.0,EV_106,0.0,190,0.0,DR402462_7,56.85,96494.59,DR402462,173.9,0.0,58.95,D,SimuProB-1,EV_106
376.666,18.0,18.24,4550.0,0,4.106,1,86.49,4.139,85.0,70.0,185.0,EV_106,0.0,200,0.0,DR402462_7,56.9,96494.82,DR402462,173.9,0.0,59.0,D,SimuProB-1,EV_106
374.947,35.0,18.24,4950.0,0,4.095,1,86.45,4.142,92.0,95.0,185.0,EV_106,0.0,210,0.0,DR402462_7,56.98,96495.08,DR402462,173.9,0.0,59.08,D,SimuProB-1,EV_106
373.68,45.0,18.24,5250.0,0,4.09,1,86.44,4.148,98.0,120.0,185.0,EV_106,0.0,220,0.0,DR402462_7,57.05,96495.35,DR402462,173.9,0.0,59.15,D,SimuProB-1,EV_106
377.276,22.0,18.24,4600.0,0,4.108,1,86.41,4.14,86.0,65.0,185.0,EV_106,0.0,230,0.0,DR402462_7,57.1,96495.59,DR402462,173.9,0.0,59.2,D,SimuProB-1,EV_106
372.668,65.0,18.24,5600.0,0,4.085,1,86.39,4.15,105.0,145.0,185.0,EV_106,0.0,240,0.0,DR402462_7,57.15,96495.88,DR402462,173.9,0.0,59.25,D,SimuProB-1,EV_106
370.807,85.0,18.24,5950.0,0,4.075,1,86.37,4.155,112.0,185.0,185.0,EV_106,0.0,250,0.0,DR402462_7,57.22,96496.19,DR402462,173.9,0.0,59.32,D,SimuProB-1,EV_106
368.913,92.0,18.24,6000.0,0,4.07,1,86.33,4.16,118.0,195.0,185.0,EV_106,0.0,260,0.0,DR402462_7,57.3,96496.52,DR402462,173.9,0.0,59.4,D,SimuProB-1,EV_106
374.862,75.0,18.24,5900.0,0,4.082,1,86.29,4.152,115.0,135.0,185.0,EV_106,0.0,270,0.0,DR402462_7,57.38,96496.84,DR402462,173.9,0.0,59.48,D,SimuProB-1,EV_106
371.403,88.0,18.24,6000.0,0,4.072,1,86.29,4.158,119.0,165.0,185.0,EV_106,0.0,280,0.0,DR402462_7,57.45,96497.17,DR402462,173.9,0.0,59.55,D,SimuProB-1,EV_106
369.071,90.0,18.24,6000.0,0,4.068,1,86.26,4.162,120.0,175.0,185.0,EV_106,0.0,290,0.0,DR402462_7,57.52,96497.5,DR402462,173.9,0.0,59.62,D,SimuProB-1,EV_106
365.04,91.0,18.24,5980.0,0,4.065,1,86.22,4.165,118.0,190.0,185.0,EV_106,0.0,300,0.0,DR402462_7,57.65,96497.83,DR402462,173.9,0.0,59.75,D,SimuProB-1,EV_106
363.837,95.0,18.24,6000.0,0,4.06,1,86.17,4.17,120.0,205.0,185.0,EV_106,0.0,310,0.0,DR402462_7,57.78,96498.16,DR402462,173.9,0.0,59.88,D,SimuProB-1,EV_106
367.514,70.0,18.24,5920.0,0,4.075,1,86.15,4.16,112.0,140.0,185.0,EV_106,0.0,320,0.0,DR402462_7,57.9,96498.47,DR402462,173.9,0.0,60.0,D,SimuProB-1,EV_106
365.885,75.0,18.24,5950.0,0,4.068,1,86.11,4.155,115.0,155.0,185.0,EV_106,0.0,330,0.0,DR402462_7,58.05,96498.79,DR402462,173.9,0.0,60.15,D,SimuProB-1,EV_106
365.037,78.0,18.24,5960.0,0,4.065,1,86.08,4.158,116.0,160.0,185.0,EV_106,0.0,340,0.0,DR402462_7,58.18,96499.11,DR402462,173.9,0.0,60.28,D,SimuProB-1,EV_106
368.236,60.0,18.24,5800.0,0,4.07,1,86.06,4.152,105.0,110.0,185.0,EV_106,0.0,350,0.0,DR402462_7,58.25,96499.4,DR402462,173.9,0.0,60.35,D,SimuProB-1,EV_106
366.736,65.0,18.24,5850.0,0,4.072,1,86.03,4.155,110.0,135.0,185.0,EV_106,0.0,360,0.0,DR402462_7,58.35,96499.71,DR402462,173.9,0.0,60.45,D,SimuProB-1,EV_106
366.186,72.0,18.24,5890.0,0,4.065,1,86.02,4.15,113.0,150.0,185.0,EV_106,0.0,370,0.0,DR402462_7,58.45,96500.02,DR402462,173.9,0.0,60.55,D,SimuProB-1,EV_106
368.721,55.0,18.24,5820.0,0,4.075,1,86.02,4.158,108.0,120.0,185.0,EV_106,0.0,380,0.0,DR402462_7,58.5,96500.32,DR402462,173.9,0.0,60.6,D,SimuProB-1,EV_106
365.868,75.0,18.24,5950.0,0,4.062,1,85.98,4.148,115.0,155.0,185.0,EV_106,0.0,390,0.0,DR402462_7,58.6,96500.64,DR402462,173.9,0.0,60.7,D,SimuProB-1,EV_106
369.813,50.0,18.24,5700.0,0,4.078,1,85.98,4.155,102.0,105.0,185.0,EV_106,0.0,400,0.0,DR402462_7,58.65,96500.92,DR402462,173.9,0.0,60.75,D,SimuProB-1,EV_106
366.332,68.0,18.24,5880.0,0,4.065,1,85.95,4.15,112.0,140.0,185.0,EV_106,0.0,410,0.0,DR402462_7,58.75,96501.23,DR402462,173.9,0.0,60.85,D,SimuProB-1,EV_106
364.849,78.0,18.24,5980.0,0,4.064,1,85.9,4.152,116.5,158.0,185.0,EV_106,0.0,420,0.0,DR402462_7,58.85,96501.55,DR402462,173.9,0.0,60.95,D,SimuProB-1,EV_106
367.598,45.0,18.24,5750.0,0,4.072,1,85.9,4.155,105.0,115.0,185.0,EV_106,0.0,430,0.0,DR402462_7,58.9,96501.85,DR402462,173.9,0.0,61.0,D,SimuProB-1,EV_106
363.526,82.0,18.24,6050.0,0,4.06,1,85.86,4.148,118.0,165.0,185.0,EV_106,0.0,440,0.0,DR402462_7,59.0,96502.17,DR402462,173.9,0.0,61.1,D,SimuProB-1,EV_106
362.573,85.0,18.24,6100.0,0,4.058,1,85.81,4.145,120.0,172.0,185.0,EV_106,0.0,450,0.0,DR402462_7,59.15,96502.5,DR402462,173.9,0.0,61.25,D,SimuProB-1,EV_106
365.192,48.0,18.24,5720.0,0,4.068,1,85.78,4.15,108.0,110.0,185.0,EV_106,0.0,460,0.0,DR402462_7,59.2,96502.8,DR402462,173.9,0.0,61.3,D,SimuProB-1,EV_106
363.723,72.0,18.24,5900.0,0,4.062,1,85.74,4.148,115.0,145.0,185.0,EV_106,0.0,470,0.0,DR402462_7,59.3,96503.12,DR402462,173.9,0.0,61.4,D,SimuProB-1,EV_106
363.417,75.0,18.24,5950.0,0,4.063,1,85.7,4.146,116.0,155.0,185.0,EV_106,0.0,480,0.0,DR402462_7,59.35,96503.44,DR402462,173.9,0.0,61.45,D,SimuProB-1,EV_106
366.307,42.0,18.24,5600.0,0,4.069,1,85.67,4.152,106.0,105.0,185.0,EV_106,0.0,490,0.0,DR402462_7,59.4,96503.74,DR402462,173.9,0.0,61.5,D,SimuProB-1,EV_106
364.81,65.0,18.24,5800.0,0,4.065,1,85.64,4.15,112.0,130.0,185.0,EV_106,0.0,500,0.0,DR402462_7,59.45,96504.05,DR402462,173.9,0.0,61.55,D,SimuProB-1,EV_106
365.076,40.0,18.24,5400.0,0,4.07,1,85.6,4.154,102.0,95.0,185.0,EV_106,0.0,510,0.0,DR402462_7,59.5,96504.33,DR402462,173.9,0.0,61.6,D,SimuProB-1,EV_106
361.797,68.0,18.24,5750.0,0,4.06,1,85.56,4.145,108.0,135.0,185.0,EV_106,0.0,520,0.0,DR402462_7,59.55,96504.63,DR402462,173.9,0.0,61.65,D,SimuProB-1,EV_106
365.287,0.0,18.24,5200.0,0,4.066,1,85.54,4.152,98.0,-25.0,185.0,EV_106,0.06,530,12.0,DR402462_7,59.6,96504.91,DR402462,173.9,0.0,61.7,D,SimuProB-1,EV_106
363.809,45.0,18.24,5450.0,0,4.065,1,85.5,4.15,104.0,115.0,185.0,EV_106,0.0,540,0.0,DR402462_7,59.65,96505.2,DR402462,173.9,0.0,61.75,D,SimuProB-1,EV_106
361.971,62.0,18.24,5700.0,0,4.062,1,85.48,4.148,110.0,140.0,185.0,EV_106,0.0,550,0.0,DR402462_7,59.7,96505.5,DR402462,173.9,0.0,61.8,D,SimuProB-1,EV_106
363.729,38.0,18.24,5300.0,0,4.068,1,85.43,4.155,100.0,90.0,185.0,EV_106,0.0,560,0.0,DR402462_7,59.75,96505.78,DR402462,173.9,0.0,61.85,D,SimuProB-1,EV_106
361.559,65.0,18.24,5680.0,0,4.063,1,85.39,4.148,107.0,132.0,185.0,EV_106,0.0,570,0.0,DR402462_7,59.78,96506.08,DR402462,173.9,0.0,61.88,D,SimuProB-1,EV_106
362.796,0.0,18.24,5100.0,0,4.068,1,85.37,4.152,96.0,-18.0,185.0,EV_106,0.05,580,15.0,DR402462_7,59.82,96506.34,DR402462,173.9,0.0,61.92,D,SimuProB-1,EV_106
361.709,60.0,18.24,5580.0,0,4.061,1,85.34,4.146,105.0,128.0,185.0,EV_106,0.0,590,0.0,DR402462_7,59.85,96506.64,DR402462,173.9,0.0,61.95,D,SimuProB-1,EV_106
361.125,68.0,18.24,5850.0,0,4.06,1,85.3,4.145,112.0,145.0,185.0,EV_106,0.0,600,0.0,DR402462_7,59.9,96506.95,DR402462,173.9,0.0,62.0,D,SimuProB-1,EV_106
361.845,40.0,18.24,5400.0,0,4.065,1,85.28,4.15,102.0,95.0,185.0,EV_106,0.0,610,0.0,DR402462_7,59.95,96507.23,DR402462,173.9,0.0,62.05,D,SimuProB-1,EV_106
363.509,35.0,18.24,5200.0,0,4.067,1,85.23,4.152,98.0,85.0,185.0,EV_106,0.0,620,0.0,DR402462_7,60.0,96507.51,DR402462,173.9,0.0,62.1,D,SimuProB-1,EV_106
362.528,45.0,18.24,5300.0,0,4.068,1,85.17,4.155,100.0,105.0,185.0,EV_106,0.0,630,0.0,DR402462_7,60.1,96507.79,DR402462,173.9,0.0,62.2,D,SimuProB-1,EV_106
360.398,65.0,18.24,5750.0,0,4.058,1,85.14,4.148,110.0,135.0,185.0,EV_106,0.0,640,0.0,DR402462_7,60.25,96508.09,DR402462,173.9,0.0,62.35,D,SimuProB-1,EV_106
362.881,30.0,18.24,5050.0,0,4.066,1,85.09,4.153,95.0,90.0,185.0,EV_106,0.0,650,0.0,DR402462_7,60.3,96508.36,DR402462,173.9,0.0,62.4,D,SimuProB-1,EV_106
361.988,38.0,18.24,5175.0,0,4.064,1,85.03,4.151,97.5,98.5,185.0,EV_106,0.0,660,0.0,DR402462_7,60.4,96508.63,DR402462,173.9,0.0,62.5,D,SimuProB-1,EV_106
361.022,55.0,18.24,5550.0,0,4.06,1,84.95,4.156,105.0,125.0,185.0,EV_106,0.0,670,0.0,DR402462_7,60.6,96508.92,DR402462,173.9,0.0,62.7,D,SimuProB-1,EV_106
363.21,32.0,18.24,5100.0,0,4.067,1,84.89,4.154,96.0,88.0,185.0,EV_106,0.0,680,0.0,DR402462_7,60.7,96509.19,DR402462,173.9,0.0,62.8,D,SimuProB-1,EV_106
361.186,45.0,18.24,5300.0,0,4.062,1,84.82,4.152,100.0,105.0,185.0,EV_106,0.0,690,0.0,DR402462_7,60.8,96509.47,DR402462,173.9,0.0,62.9,D,SimuProB-1,EV_106
360.348,50.0,18.24,5450.0,0,4.059,1,84.75,4.155,103.0,115.0,185.0,EV_106,0.0,700,0.0,DR402462_7,60.9,96509.75,DR402462,173.9,0.0,63.0,D,SimuProB-1,EV_106
361.638,35.0,18.24,5200.0,0,4.065,1,84.7,4.15,98.0,92.0,185.0,EV_106,0.0,710,0.0,DR402462_7,61.0,96510.03,DR402462,173.9,0.0,63.1,D,SimuProB-1,EV_106
360.795,48.0,18.24,5350.0,0,4.061,1,84.62,4.153,101.5,108.0,185.0,EV_106,0.0,720,0.0,DR402462_7,61.1,96510.31,DR402462,173.9,0.0,63.2,D,SimuProB-1,EV_106
362.184,28.0,18.24,5000.0,0,4.064,1,84.57,4.151,94.0,75.0,185.0,EV_106,0.0,730,0.0,DR402462_7,61.2,96510.57,DR402462,173.9,0.0,63.3,D,SimuProB-1,EV_106
359.24,65.0,18.24,5700.0,0,4.058,1,84.49,4.157,108.0,135.0,185.0,EV_106,0.0,740,0.0,DR402462_7,61.4,96510.87,DR402462,173.9,0.0,63.5,D,SimuProB-1,EV_106
358.971,55.0,18.24,5550.0,0,4.057,1,84.41,4.156,105.0,125.0,185.0,EV_106,0.0,750,0.0,DR402462_7,61.6,96511.16,DR402462,173.9,0.0,63.7,D,SimuProB-1,EV_106
360.138,32.0,18.24,5150.0,0,4.062,1,84.37,4.152,97.0,95.0,185.0,EV_106,0.0,760,0.0,DR402462_7,61.7,96511.43,DR402462,173.9,0.0,63.8,D,SimuProB-1,EV_106
357.985,70.0,18.24,5900.0,0,4.055,1,84.3,4.158,112.0,145.0,185.0,EV_106,0.0,770,0.0,DR402462_7,62.0,96511.74,DR402462,173.9,0.0,64.1,D,SimuProB-1,EV_106
356.608,68.0,18.24,5750.0,0,4.052,1,84.22,4.155,109.0,140.0,185.0,EV_106,0.0,780,0.0,DR402462_7,62.2,96512.04,DR402462,173.9,0.0,64.3,D,SimuProB-1,EV_106
358.443,45.0,18.24,5400.0,0,4.058,1,84.14,4.153,102.0,105.0,185.0,EV_106,0.0,790,0.0,DR402462_7,62.4,96512.33,DR402462,173.9,0.0,64.5,D,SimuProB-1,EV_106
361.308,0.0,18.24,5200.0,0,4.065,1,84.06,4.158,98.0,-25.0,185.0,EV_106,0.05,800,12.0,DR402462_7,62.6,96512.6,DR402462,173.9,0.0,64.7,D,SimuProB-1,EV_106
360.882,25.0,18.24,5050.0,0,4.06,1,83.97,4.154,95.0,85.0,185.0,EV_106,0.0,810,0.0,DR402462_7,62.7,96512.86,DR402462,173.9,0.0,64.8,D,SimuProB-1,EV_106
359.66,20.0,18.24,4900.0,0,4.058,1,83.91,4.152,92.0,75.0,185.0,EV_106,0.0,820,0.0,DR402462_7,62.8,96513.12,DR402462,173.9,0.0,64.9,D,SimuProB-1,EV_106
358.925,22.0,18.24,5000.0,0,4.055,1,83.84,4.15,94.0,80.0,185.0,EV_106,0.0,830,0.0,DR402462_7,62.9,96513.38,DR402462,173.9,0.0,65.0,D,SimuProB-1,EV_106
357.001,30.0,18.24,5200.0,0,4.053,1,83.76,4.148,98.0,95.0,185.0,EV_106,0.0,840,0.0,DR402462_7,63.0,96513.65,DR402462,173.9,0.0,65.0,D,SimuProB-1,EV_106
355.897,40.0,18.24,5550.0,0,4.05,1,83.65,4.145,105.0,115.0,185.0,EV_106,0.0,850,0.0,DR402462_7,63.1,96513.94,DR402462,173.9,0.0,65.0,D,SimuProB-1,EV_106
358.077,0.0,18.24,5250.0,0,4.058,1,83.6,4.152,99.0,-35.0,185.0,EV_106,0.06,860,10.0,DR402462_7,63.2,96514.22,DR402462,173.9,0.0,65.0,D,SimuProB-1,EV_106
356.521,25.0,18.24,5450.0,0,4.052,1,83.5,4.146,103.0,105.0,185.0,EV_106,0.0,870,0.0,DR402462_7,63.3,96514.51,DR402462,173.9,0.0,65.0,D,SimuProB-1,EV_106
353.715,45.0,18.24,5900.0,0,4.048,1,83.43,4.144,112.0,135.0,185.0,EV_106,0.0,880,0.0,DR402462_7,63.5,96514.82,DR402462,173.9,0.0,65.0,D,SimuProB-1,EV_106
355.759,0.0,18.24,5700.0,0,4.056,1,83.37,4.15,108.0,-25.0,185.0,EV_106,0.04,890,5.0,DR402462_7,63.6,96515.12,DR402462,173.9,0.0,65.0,D,SimuProB-1,EV_106
357.049,30.0,18.24,5600.0,0,4.054,1,83.31,4.148,106.0,95.0,185.0,EV_106,0.0,900,0.0,DR402462_7,63.7,96515.41,DR402462,173.9,0.0,65.0,D,SimuProB-1,EV_106
355.049,50.0,18.24,6000.0,0,4.046,1,83.24,4.142,114.0,125.0,185.0,EV_106,0.0,910,0.0,DR402462_7,63.8,96515.73,DR402462,173.9,0.0,65.0,D,SimuProB-1,EV_106
355.862,0.0,18.24,5750.0,0,4.052,1,83.17,4.15,109.0,-30.0,185.0,EV_106,0.05,920,8.0,DR402462_7,63.9,96516.03,DR402462,173.9,0.0,65.0,D,SimuProB-1,EV_106
354.594,55.0,18.24,6050.0,0,4.045,1,83.1,4.145,115.0,140.0,185.0,EV_106,0.0,930,0.0,DR402462_7,64.0,96516.35,DR402462,173.9,0.0,65.0,D,SimuProB-1,EV_106
356.766,0.0,18.24,5800.0,0,4.05,1,83.05,4.148,110.0,-15.0,185.0,EV_106,0.03,940,6.0,DR402462_7,64.1,96516.65,DR402462,173.9,0.0,65.0,D,SimuProB-1,EV_106
353.578,60.0,18.24,6200.0,0,4.042,1,82.98,4.146,118.0,145.0,185.0,EV_106,0.0,950,0.0,DR402462_7,64.2,96516.98,DR402462,173.9,0.0,65.0,D,SimuProB-1,EV_106
352.805,65.0,18.24,6250.0,0,4.038,1,82.88,4.14,119.0,155.0,185.0,EV_106,0.0,960,0.0,DR402462_7,64.5,96517.31,DR402462,173.9,0.0,65.0,D,SimuProB-1,EV_106
355.246,0.0,18.24,5900.0,0,4.048,1,82.84,4.145,112.0,-25.0,185.0,EV_106,0.04,970,10.0,DR402462_7,64.6,96517.62,DR402462,173.9,0.0,65.0,D,SimuProB-1,EV_106
353.368,58.0,18.24,6100.0,0,4.04,1,82.74,4.138,116.0,135.0,185.0,EV_106,0.0,980,0.0,DR402462_7,64.8,96517.94,DR402462,173.9,0.0,65.0,D,SimuProB-1,EV_106
349.966,55.0,18.24,6180.0,0,4.035,1,82.66,4.135,117.5,148.5,185.0,EV_106,0.0,990,0.0,DR402462_7,65.0,96518.27,DR402462,173.9,0.0,65.0,D,SimuProB-1,EV_106
348.651,62.0,18.24,6290.0,0,4.031,1,82.55,4.132,119.8,162.3,185.0,EV_106,0.0,1000,0.0,DR402462_7,65.0,96518.6,DR402462,173.9,0.0,65.0,D,SimuProB-1,EV_106
351.589,0.0,18.24,5650.0,0,4.045,1,82.51,4.14,108.0,-35.2,185.0,EV_106,0.05,1010,35.0,DR402462_7,65.0,96518.9,DR402462,173.9,0.0,65.0,D,SimuProB-1,EV_106
356.621,0.0,18.24,5500.0,0,4.048,1,82.48,4.142,105.0,-45.0,185.0,EV_106,0.06,1020,25.0,DR402462_7,65.0,96519.19,DR402462,173.9,0.0,65.0,D,SimuProB-1,EV_106
362.791,25.0,18.24,5680.0,0,4.042,1,82.46,4.148,108.5,15.0,185.0,EV_106,0.0,1030,0.0,DR402462_7,65.0,96519.49,DR402462,173.9,0.0,65.0,D,SimuProB-1,EV_106
358.511,52.0,18.24,5980.0,0,4.038,1,82.44,4.145,114.0,110.0,185.0,EV_106,0.0,1040,0.0,DR402462_7,65.0,96519.81,DR402462,173.9,0.0,65.0,D,SimuProB-1,EV_106
352.075,55.0,18.24,5900.0,0,4.041,1,82.41,4.148,112.5,145.2,185.0,EV_106,0.0,1050,0.0,DR402462_7,65.0,96520.12,DR402462,173.9,0.0,65.0,D,SimuProB-1,EV_106
349.941,70.0,18.24,6180.0,0,4.035,1,82.39,4.15,118.0,175.5,185.0,EV_106,0.0,1060,0.0,DR402462_7,65.0,96520.45,DR402462,173.9,0.0,65.0,D,SimuProB-1,EV_106
354.613,35.0,18.24,5720.0,0,4.04,1,82.36,4.146,109.0,95.3,185.0,EV_106,0.0,1070,0.0,DR402462_7,65.0,96520.75,DR402462,173.9,0.0,65.0,D,SimuProB-1,EV_106
351.158,40.0,18.24,5800.0,0,4.032,1,82.32,4.142,110.5,125.4,185.0,EV_106,0.0,1080,0.0,DR402462_7,65.0,96521.06,DR402462,173.9,0.0,65.0,D,SimuProB-1,EV_106
348.583,50.0,18.24,5950.0,0,4.028,1,82.29,4.145,113.2,140.8,185.0,EV_106,0.0,1090,0.0,DR402462_7,65.0,96521.37,DR402462,173.9,0.0,65.0,D,SimuProB-1,EV_106
353.273,30.0,18.24,5620.0,0,4.035,1,82.27,4.141,107.0,85.6,185.0,EV_106,0.0,1100,0.0,DR402462_7,65.0,96521.67,DR402462,173.9,0.0,65.0,D,SimuProB-1,EV_106
346.609,55.0,18.24,6050.0,0,4.025,1,82.24,4.138,115.0,145.3,185.0,EV_106,0.0,1110,0.0,DR402462_7,65.0,96521.99,DR402462,173.9,0.0,65.0,D,SimuProB-1,EV_106
351.855,32.0,18.24,5700.0,0,4.038,1,82.19,4.145,108.5,92.5,185.0,EV_106,0.0,1120,0.0,DR402462_7,65.0,96522.29,DR402462,173.9,0.0,65.0,D,SimuProB-1,EV_106
349.027,48.0,18.24,5880.0,0,4.029,1,82.17,4.14,112.0,130.2,185.0,EV_106,0.0,1130,0.0,DR402462_7,65.0,96522.6,DR402462,173.9,0.0,65.0,D,SimuProB-1,EV_106
347.72,45.0,18.24,5850.0,0,4.031,1,82.15,4.142,111.5,135.4,185.0,EV_106,0.0,1140,0.0,DR402462_7,65.0,96522.91,DR402462,173.9,0.0,65.0,D,SimuProB-1,EV_106
352.364,28.0,18.24,5510.0,0,4.036,1,82.12,4.144,105.0,88.2,185.0,EV_106,0.0,1150,0.0,DR402462_7,65.0,96523.2,DR402462,173.9,0.0,65.0,D,SimuProB-1,EV_106
347.261,52.0,18.24,6010.0,0,4.024,1,82.1,4.139,114.5,142.6,185.0,EV_106,0.0,1160,0.0,DR402462_7,65.0,96523.52,DR402462,173.9,0.0,65.0,D,SimuProB-1,EV_106
348.172,40.0,18.24,5730.0,0,4.032,1,82.06,4.141,109.2,128.5,185.0,EV_106,0.0,1170,0.0,DR402462_7,65.0,96523.82,DR402462,173.9,0.0,65.0,D,SimuProB-1,EV_106
347.303,55.0,18.24,6080.0,0,4.026,1,82.06,4.138,115.8,138.2,185.0,EV_106,0.0,1180,0.0,DR402462_7,65.0,96524.15,DR402462,173.9,0.0,65.0,D,SimuProB-1,EV_106
350.611,25.0,18.24,5380.0,0,4.035,1,82.02,4.143,102.5,95.4,185.0,EV_106,0.0,1190,0.0,DR402462_7,65.0,96524.43,DR402462,173.9,0.0,65.0,D,SimuProB-1,EV_106
349.786,32.0,18.24,5690.0,0,4.031,1,81.97,4.142,108.4,105.5,185.0,EV_106,0.0,1200,0.0,DR402462_7,64.95,96524.73,DR402462,173.9,0.0,65.0,D,SimuProB-1,EV_106
351.366,22.0,18.24,5260.0,0,4.038,1,81.95,4.145,100.2,78.2,185.0,EV_106,0.0,1210,0.0,DR402462_7,65.0,96525.01,DR402462,173.9,0.0,65.0,D,SimuProB-1,EV_106
352.469,0.0,18.24,4960.0,0,4.042,1,81.92,4.148,94.5,-25.6,185.0,EV_106,0.06,1220,12.0,DR402462_7,65.0,96525.27,DR402462,173.9,0.0,65.0,D,SimuProB-1,EV_106
354.231,28.0,18.24,5150.0,0,4.045,1,81.9,4.152,98.2,85.3,185.0,EV_106,0.0,1230,0.0,DR402462_7,65.0,96525.54,DR402462,173.9,0.0,65.0,D,SimuProB-1,EV_106
356.084,35.0,18.24,5540.0,0,4.048,1,81.88,4.155,105.6,62.1,185.0,EV_106,0.0,1240,0.0,DR402462_7,65.0,96525.84,DR402462,173.9,0.0,65.0,D,SimuProB-1,EV_106
353.687,48.0,18.24,5900.0,0,4.05,1,81.85,4.158,112.4,98.7,185.0,EV_106,0.0,1250,0.0,DR402462_7,65.0,96526.15,DR402462,173.9,0.0,65.0,D,SimuProB-1,EV_106
351.31,55.0,18.24,6080.0,0,4.052,1,81.74,4.16,115.8,110.5,185.0,EV_106,0.0,1260,0.0,DR402462_7,65.0,96526.47,DR402462,173.9,0.0,65.0,D,SimuProB-1,EV_106
353.246,38.0,18.24,5780.0,0,4.055,1,81.66,4.162,110.2,88.4,185.0,EV_106,0.0,1270,0.0,DR402462_7,65.0,96526.78,DR402462,173.9,0.0,65.0,D,SimuProB-1,EV_106
354.129,25.0,18.24,5380.0,0,4.058,1,81.59,4.165,102.5,65.2,185.0,EV_106,0.0,0,0.0,DR402462_8,65.0,96527.06,DR402462,173.9,0.0,65.0,D,SimuProB-1,EV_106
354.74,30.0,18.24,5470.0,0,4.06,1,81.52,4.168,104.2,72.4,185.0,EV_106,0.0,10,0.0,DR402462_8,65.0,96527.35,DR402462,173.9,0.0,65.0,D,SimuProB-1,EV_106
355.784,22.0,18.24,5345.0,0,4.062,1,81.48,4.17,101.8,58.9,185.0,EV_106,0.0,20,0.0,DR402462_8,65.0,96527.63,DR402462,173.9,0.0,65.0,D,SimuProB-1,EV_106
355.154,28.0,18.24,5435.0,0,4.064,1,81.42,4.172,103.5,64.5,185.0,EV_106,0.0,30,0.0,DR402462_8,65.0,96527.92,DR402462,173.9,0.0,65.0,D,SimuProB-1,EV_106
354.891,35.0,18.24,5555.0,0,4.065,1,81.36,4.173,105.8,75.3,185.0,EV_106,0.0,40,0.0,DR402462_8,65.0,96528.21,DR402462,173.9,0.0,65.0,D,SimuProB-1,EV_106
354.189,42.0,18.24,5700.0,0,4.063,1,81.28,4.175,108.5,92.1,185.0,EV_106,0.0,50,0.0,DR402462_8,65.0,96528.52,DR402462,173.9,0.0,65.0,D,SimuProB-1,EV_106
354.744,24.0,18.24,5365.0,0,4.066,1,81.22,4.176,102.1,60.5,185.0,EV_106,0.0,60,0.0,DR402462_8,65.0,96528.8,DR402462,173.9,0.0,65.0,D,SimuProB-1,EV_106
354.096,40.0,18.24,5740.0,0,4.064,1,81.17,4.177,109.2,88.4,185.0,EV_106,0.0,70,0.0,DR402462_8,65.0,96529.1,DR402462,173.9,0.0,65.0,D,SimuProB-1,EV_106
354.63,18.0,18.24,5180.0,0,4.065,1,81.12,4.178,98.5,52.3,185.0,EV_106,0.0,80,0.0,DR402462_8,65.0,96529.38,DR402462,173.9,0.0,65.0,D,SimuProB-1,EV_106
354.334,15.0,18.24,5010.0,0,4.066,1,81.09,4.179,95.2,45.1,185.0,EV_106,0.0,90,0.0,DR402462_8,65.0,96529.64,DR402462,173.9,0.0,65.0,D,SimuProB-1,EV_106
353.954,45.0,18.24,5812.0,0,4.062,1,81.04,4.18,110.5,105.2,185.0,EV_106,0.0,100,0.0,DR402462_8,65.0,96529.95,DR402462,173.9,0.0,65.0,D,SimuProB-1,EV_106
354.325,32.0,18.24,5534.0,0,4.064,1,80.97,4.181,105.2,78.6,185.0,EV_106,0.0,110,0.0,DR402462_8,65.0,96530.24,DR402462,173.9,0.0,65.0,D,SimuProB-1,EV_106
353.428,65.0,18.24,6090.0,0,4.061,1,80.91,4.182,115.8,125.4,185.0,EV_106,0.0,120,0.0,DR402462_8,65.0,96530.56,DR402462,173.9,0.0,65.0,D,SimuProB-1,EV_106
352.54,42.0,18.24,5914.0,0,4.06,1,80.83,4.183,112.4,118.5,185.0,EV_106,0.0,130,0.0,DR402462_8,65.0,96530.87,DR402462,173.9,0.0,65.0,D,SimuProB-1,EV_106
352.996,35.0,18.24,5708.0,0,4.061,1,80.78,4.182,108.5,95.2,185.0,EV_106,0.0,140,0.0,DR402462_8,65.0,96531.17,DR402462,173.9,0.0,65.0,D,SimuProB-1,EV_106
353.452,28.0,18.24,5482.0,0,4.062,1,80.76,4.181,104.2,72.4,185.0,EV_106,0.0,150,0.0,DR402462_8,65.0,96531.46,DR402462,173.9,0.0,65.0,D,SimuProB-1,EV_106
353.37,30.0,18.24,5605.0,0,4.063,1,80.74,4.182,106.5,68.5,185.0,EV_106,0.0,160,0.0,DR402462_8,65.0,96531.76,DR402462,173.9,0.0,65.0,D,SimuProB-1,EV_106
354.33,25.0,18.24,5410.0,0,4.064,1,80.71,4.183,102.8,62.3,185.0,EV_106,0.0,170,0.0,DR402462_8,65.0,96532.04,DR402462,173.9,0.0,65.0,D,SimuProB-1,EV_106
354.491,22.0,18.24,5182.0,0,4.065,1,80.68,4.184,98.4,58.1,185.0,EV_106,0.0,180,0.0,DR402462_8,65.0,96532.31,DR402462,173.9,0.0,65.0,D,SimuProB-1,EV_106
354.477,24.0,18.24,5276.0,0,4.065,1,80.64,4.184,100.2,65.8,185.0,EV_106,0.0,190,0.0,DR402462_8,65.0,96532.59,DR402462,173.9,0.0,65.0,D,SimuProB-1,EV_106
354.242,27.0,18.24,5449.0,0,4.066,1,80.6,4.184,103.5,70.5,185.0,EV_106,0.0,200,0.0,DR402462_8,65.0,96532.88,DR402462,173.9,0.0,65.0,D,SimuProB-1,EV_106
354.797,21.0,18.24,5217.0,0,4.066,1,80.59,4.184,99.1,59.4,185.0,EV_106,0.0,210,0.0,DR402462_8,65.0,96533.15,DR402462,173.9,0.0,65.0,D,SimuProB-1,EV_106
354.532,23.0,18.24,5291.0,0,4.066,1,80.57,4.184,100.5,63.2,185.0,EV_106,0.0,220,0.0,DR402462_8,65.0,96533.43,DR402462,173.9,0.0,65.0,D,SimuProB-1,EV_106
353.42,65.0,18.24,5703.0,0,4.064,1,80.57,4.185,108.2,115.4,185.0,EV_106,0.0,230,0.0,DR402462_8,65.0,96533.73,DR402462,173.9,0.0,65.0,D,SimuProB-1,EV_106
354.312,28.0,18.24,5481.0,0,4.065,1,80.54,4.184,104.1,78.9,185.0,EV_106,0.0,240,0.0,DR402462_8,65.0,96534.02,DR402462,173.9,0.0,65.0,D,SimuProB-1,EV_106
354.067,35.0,18.24,5628.0,0,4.064,1,80.52,4.184,106.8,92.3,185.0,EV_106,0.0,250,0.0,DR402462_8,65.0,96534.32,DR402462,173.9,0.0,65.0,D,SimuProB-1,EV_106
354.213,24.0,18.24,5395.0,0,4.065,1,80.5,4.184,102.4,75.6,185.0,EV_106,0.0,260,0.0,DR402462_8,65.0,96534.6,DR402462,173.9,0.0,65.0,D,SimuProB-1,EV_106
353.518,22.0,18.24,5279.0,0,4.064,1,80.5,4.184,100.2,68.1,185.0,EV_106,0.0,270,0.0,DR402462_8,65.0,96534.88,DR402462,173.9,0.0,65.0,D,SimuProB-1,EV_106
354.167,25.0,18.24,5347.0,0,4.064,1,80.49,4.183,101.5,82.5,185.0,EV_106,0.0,280,0.0,DR402462_8,65.0,96535.16,DR402462,173.9,0.0,65.0,D,SimuProB-1,EV_106
353.825,18.0,18.24,5179.0,0,4.065,1,80.48,4.183,98.3,71.2,185.0,EV_106,0.0,290,0.0,DR402462_8,65.0,96535.44,DR402462,173.9,0.0,65.0,D,SimuProB-1,EV_106
353.767,32.0,18.24,5462.0,0,4.063,1,80.47,4.184,103.7,95.8,185.0,EV_106,0.0,300,0.0,DR402462_8,65.0,96535.72,DR402462,173.9,0.0,65.0,D,SimuProB-1,EV_106
353.635,28.0,18.24,5541.0,0,4.062,1,80.46,4.182,105.2,88.4,185.0,EV_106,0.0,310,0.0,DR402462_8,64.85,96536.01,DR402462,173.9,0.0,65.0,D,SimuProB-1,EV_106
355.139,16.0,18.24,5152.0,0,4.064,1,80.44,4.183,97.8,62.3,185.0,EV_106,0.0,320,0.0,DR402462_8,65.0,96536.28,DR402462,173.9,0.0,65.0,D,SimuProB-1,EV_106
351.966,45.0,18.24,5928.0,0,4.06,1,80.44,4.18,112.5,112.5,185.0,EV_106,0.0,330,0.0,DR402462_8,65.0,96536.6,DR402462,173.9,0.0,65.0,D,SimuProB-1,EV_106
351.444,38.0,18.24,5823.0,0,4.058,1,80.42,4.178,110.5,105.2,185.0,EV_106,0.0,340,0.0,DR402462_8,65.0,96536.91,DR402462,173.9,0.0,65.0,D,SimuProB-1,EV_106
348.414,65.0,18.24,6000.0,0,4.055,1,80.41,4.175,118.2,142.8,185.0,EV_106,0.0,350,0.0,DR402462_8,65.0,96537.24,DR402462,173.9,0.0,65.0,D,SimuProB-1,EV_106
351.79,0.0,18.24,5715.0,0,4.061,1,80.4,4.179,108.4,-15.4,185.0,EV_106,0.05,360,12.0,DR402462_8,65.0,96537.54,DR402462,173.9,0.0,65.0,D,SimuProB-1,EV_106
350.028,42.0,18.24,6000.0,0,4.059,1,80.39,4.176,114.2,85.4,185.0,EV_106,0.0,370,0.0,DR402462_8,65.0,96537.86,DR402462,173.9,0.0,65.0,D,SimuProB-1,EV_106
349.792,55.0,18.24,6000.0,0,4.057,1,80.36,4.174,116.8,98.7,185.0,EV_106,0.0,380,0.0,DR402462_8,65.0,96538.18,DR402462,173.9,0.0,65.0,D,SimuProB-1,EV_106
352.067,0.0,18.24,5560.0,0,4.062,1,80.36,4.18,105.6,-22.5,185.0,EV_106,0.06,390,18.0,DR402462_8,65.0,96538.47,DR402462,173.9,0.0,65.0,D,SimuProB-1,EV_106
353.733,0.0,18.24,5390.0,0,4.065,1,80.35,4.182,102.3,-18.5,185.0,EV_106,0.05,400,10.0,DR402462_8,65.0,96538.75,DR402462,173.9,0.0,65.0,D,SimuProB-1,EV_106
353.26,45.0,18.24,5930.0,0,4.063,1,80.32,4.181,112.5,75.2,185.0,EV_106,0.0,410,0.0,DR402462_8,65.0,96539.07,DR402462,173.9,0.0,65.0,D,SimuProB-1,EV_106
352.373,58.0,18.24,6000.0,0,4.06,1,80.32,4.179,119.8,105.6,185.0,EV_106,0.0,420,0.0,DR402462_8,65.0,96539.4,DR402462,173.9,0.0,65.0,D,SimuProB-1,EV_106
348.925,52.0,18.24,5950.0,0,4.055,1,80.3,4.175,118.2,135.4,185.0,EV_106,0.0,430,0.0,DR402462_8,65.0,96539.73,DR402462,173.9,0.0,65.0,D,SimuProB-1,EV_106
349.712,48.0,18.24,5850.0,0,4.052,1,80.27,4.172,115.5,110.2,185.0,EV_106,0.0,440,0.0,DR402462_8,65.0,96540.05,DR402462,173.9,0.0,65.0,D,SimuProB-1,EV_106
351.734,42.0,18.24,5750.0,0,4.05,1,80.27,4.17,112.8,92.5,185.0,EV_106,0.0,450,0.0,DR402462_8,65.0,96540.36,DR402462,173.9,0.0,65.0,D,SimuProB-1,EV_106
353.068,40.0,18.24,5700.0,0,4.048,1,80.26,4.168,111.2,88.5,185.0,EV_106,0.0,460,0.0,DR402462_8,65.0,96540.67,DR402462,173.9,0.0,65.0,D,SimuProB-1,EV_106
350.202,44.0,18.24,5800.0,0,4.045,1,80.25,4.165,113.5,95.2,185.0,EV_106,0.0,470,0.0,DR402462_8,65.0,96540.98,DR402462,173.9,0.0,65.0,D,SimuProB-1,EV_106
347.885,55.0,18.24,5920.0,0,4.042,1,80.24,4.162,116.8,115.8,185.0,EV_106,0.0,480,0.0,DR402462_8,65.0,96541.31,DR402462,173.9,0.0,65.0,D,SimuProB-1,EV_106
346.107,62.0,18.24,5980.0,0,4.04,1,80.23,4.16,118.2,122.5,185.0,EV_106,0.0,490,0.0,DR402462_8,65.0,96541.64,DR402462,173.9,0.0,65.0,D,SimuProB-1,EV_106
348.581,45.0,18.24,5820.0,0,4.038,1,80.21,4.158,114.5,98.4,185.0,EV_106,0.0,500,0.0,DR402462_8,65.0,96541.96,DR402462,173.9,0.0,65.0,D,SimuProB-1,EV_106
351.106,0.0,18.24,5500.0,0,4.045,1,80.21,4.165,108.0,-25.3,185.0,EV_106,0.05,510,15.0,DR402462_8,65.0,96542.26,DR402462,173.9,0.0,65.0,D,SimuProB-1,EV_106
350.001,35.0,18.24,5525.0,0,4.035,1,80.16,4.155,108.5,75.5,185.0,EV_106,0.0,520,0.0,DR402462_8,65.0,96542.56,DR402462,173.9,0.0,65.0,D,SimuProB-1,EV_106
352.321,0.0,18.24,5350.0,0,4.048,1,80.16,4.168,105.0,-15.2,185.0,EV_106,0.03,530,10.0,DR402462_8,65.0,96542.85,DR402462,173.9,0.0,65.0,D,SimuProB-1,EV_106
349.607,40.0,18.24,5670.0,0,4.042,1,80.14,4.162,111.2,82.1,185.0,EV_106,0.0,540,0.0,DR402462_8,65.0,96543.16,DR402462,173.9,0.0,65.0,D,SimuProB-1,EV_106
348.092,65.0,18.24,5920.0,0,4.045,1,80.05,4.165,116.5,115.4,185.0,EV_106,0.0,550,0.0,DR402462_8,65.0,96543.48,DR402462,173.9,0.0,65.0,D,SimuProB-1,EV_106
346.648,85.0,18.24,6000.0,0,4.05,1,79.91,4.17,118.2,145.8,185.0,EV_106,0.0,560,0.0,DR402462_8,65.0,96543.81,DR402462,173.9,0.0,65.0,D,SimuProB-1,EV_106
348.507,0.0,18.24,5520.0,0,4.055,1,79.82,4.175,108.5,-35.2,185.0,EV_106,0.06,570,25.0,DR402462_8,65.0,96544.11,DR402462,173.9,0.0,65.0,D,SimuProB-1,EV_106
353.867,0.0,18.24,5410.0,0,4.058,1,79.81,4.178,106.2,-12.5,185.0,EV_106,0.02,580,8.0,DR402462_8,65.0,96544.4,DR402462,173.9,0.0,65.0,D,SimuProB-1,EV_106
358.147,0.0,18.24,5230.0,0,4.062,1,79.81,4.182,102.5,-5.8,185.0,EV_106,0.01,590,3.0,DR402462_8,65.0,96544.69,DR402462,173.9,0.0,65.0,D,SimuProB-1,EV_106
362.629,25.0,18.24,5000.0,0,4.065,1,79.8,4.185,98.0,45.2,185.0,EV_106,0.0,600,0.0,DR402462_8,65.0,96544.96,DR402462,173.9,0.0,65.0,D,SimuProB-1,EV_106
363.93,35.0,18.24,5076.0,0,4.066,1,79.78,4.186,99.5,68.4,185.0,EV_106,0.0,610,0.0,DR402462_8,65.0,96545.24,DR402462,173.9,0.0,65.0,D,SimuProB-1,EV_106
362.558,55.0,18.24,5340.0,0,4.063,1,79.78,4.187,104.8,85.2,185.0,EV_106,0.0,620,0.0,DR402462_8,65.0,96545.53,DR402462,173.9,0.0,65.0,D,SimuProB-1,EV_106
361.191,40.0,18.24,5160.0,0,4.064,1,79.78,4.185,101.2,72.6,185.0,EV_106,0.0,630,0.0,DR402462_8,65.0,96545.81,DR402462,173.9,0.0,65.0,D,SimuProB-1,EV_106
360.08,48.0,18.24,5270.0,0,4.065,1,79.78,4.186,103.4,78.5,185.0,EV_106,0.0,640,0.0,DR402462_8,64.98,96546.1,DR402462,173.9,0.0,65.0,D,SimuProB-1,EV_106
364.469,20.0,18.24,4940.0,0,4.067,1,79.76,4.187,96.8,55.3,185.0,EV_106,0.0,650,0.0,DR402462_8,65.0,96546.37,DR402462,173.9,0.0,65.0,D,SimuProB-1,EV_106
361.727,32.0,18.24,5125.0,0,4.063,1,79.74,4.185,100.5,62.1,185.0,EV_106,0.0,660,0.0,DR402462_8,65.0,96546.65,DR402462,173.9,0.0,65.0,D,SimuProB-1,EV_106
361.885,38.0,18.24,5195.0,0,4.064,1,79.72,4.186,102.1,68.4,185.0,EV_106,0.0,670,0.0,DR402462_8,64.99,96546.93,DR402462,173.9,0.0,65.0,D,SimuProB-1,EV_106
360.469,45.0,18.24,5385.0,0,4.065,1,79.71,4.187,105.8,75.9,185.0,EV_106,0.0,680,0.0,DR402462_8,65.0,96547.23,DR402462,173.9,0.0,65.0,D,SimuProB-1,EV_106
362.201,22.0,18.24,5015.0,0,4.063,1,79.71,4.185,98.5,58.2,185.0,EV_106,0.0,690,0.0,DR402462_8,65.0,96547.5,DR402462,173.9,0.0,65.0,D,SimuProB-1,EV_106
362.024,24.0,18.24,5055.0,0,4.064,1,79.69,4.186,99.2,64.8,185.0,EV_106,0.0,700,0.0,DR402462_8,65.0,96547.78,DR402462,173.9,0.0,65.0,D,SimuProB-1,EV_106
359.473,55.0,18.24,5325.0,0,4.062,1,79.69,4.188,104.5,82.3,185.0,EV_106,0.0,710,0.0,DR402462_8,65.0,96548.07,DR402462,173.9,0.0,65.0,D,SimuProB-1,EV_106
362.507,12.0,18.24,4705.0,0,4.065,1,79.68,4.187,92.4,48.5,185.0,EV_106,0.0,720,0.0,DR402462_8,65.0,96548.32,DR402462,173.9,0.0,65.0,D,SimuProB-1,EV_106
361.647,18.0,18.24,4840.0,0,4.063,1,79.66,4.186,95.1,68.4,185.0,EV_106,0.0,730,0.0,DR402462_8,65.0,96548.58,DR402462,173.9,0.0,65.0,D,SimuProB-1,EV_106
359.186,42.0,18.24,5160.0,0,4.061,1,79.64,4.189,101.3,92.5,185.0,EV_106,0.0,740,0.0,DR402462_8,65.0,96548.87,DR402462,173.9,0.0,65.0,D,SimuProB-1,EV_106
360.301,25.0,18.24,4980.0,0,4.064,1,79.64,4.187,97.8,71.2,185.0,EV_106,0.0,750,0.0,DR402462_8,65.0,96549.14,DR402462,173.9,0.0,65.0,D,SimuProB-1,EV_106
358.108,45.0,18.24,5270.0,0,4.06,1,79.63,4.19,103.5,95.2,185.0,EV_106,0.0,760,0.0,DR402462_8,65.0,96549.43,DR402462,173.9,0.0,65.0,D,SimuProB-1,EV_106
363.069,15.0,18.24,4800.0,0,4.063,1,79.62,4.188,94.2,55.8,185.0,EV_106,0.0,770,0.0,DR402462_8,65.0,96549.69,DR402462,173.9,0.0,65.0,D,SimuProB-1,EV_106
357.632,65.0,18.24,5500.0,0,4.058,1,79.6,4.192,108.0,110.5,185.0,EV_106,0.0,780,0.0,DR402462_8,65.0,96549.99,DR402462,173.9,0.0,65.0,D,SimuProB-1,EV_106
355.024,72.0,18.24,5720.0,0,4.055,1,79.57,4.195,112.4,125.3,185.0,EV_106,0.0,790,0.0,DR402462_8,65.0,96550.3,DR402462,173.9,0.0,65.0,D,SimuProB-1,EV_106
358.901,28.0,18.24,5340.0,0,4.062,1,79.57,4.191,104.8,68.4,185.0,EV_106,0.0,800,0.0,DR402462_8,65.0,96550.59,DR402462,173.9,0.0,65.0,D,SimuProB-1,EV_106
356.924,55.0,18.24,5560.0,0,4.057,1,79.57,4.193,109.2,98.7,185.0,EV_106,0.0,810,0.0,DR402462_8,65.0,96550.9,DR402462,173.9,0.0,65.0,D,SimuProB-1,EV_106
356.976,45.0,18.24,5530.0,0,4.056,1,79.56,4.194,108.5,102.4,185.0,EV_106,0.0,820,0.0,DR402462_8,65.0,96551.2,DR402462,173.9,0.0,65.0,D,SimuProB-1,EV_106
356.287,58.0,18.24,5660.0,0,4.055,1,79.54,4.195,111.2,115.2,185.0,EV_106,0.0,830,0.0,DR402462_8,65.0,96551.51,DR402462,173.9,0.0,65.0,D,SimuProB-1,EV_106
355.989,32.0,18.24,5380.0,0,4.058,1,79.53,4.193,105.6,85.6,185.0,EV_106,0.0,840,0.0,DR402462_8,65.0,96551.8,DR402462,173.9,0.0,65.0,D,SimuProB-1,EV_106
355.245,25.0,18.24,5250.0,0,4.055,1,79.52,4.19,103.2,78.5,185.0,EV_106,0.0,850,0.0,DR402462_8,65.0,96552.09,DR402462,173.9,0.0,65.0,D,SimuProB-1,EV_106
354.908,35.0,18.24,5420.0,0,4.056,1,79.51,4.192,106.5,82.1,185.0,EV_106,0.0,860,0.0,DR402462_8,65.0,96552.38,DR402462,173.9,0.0,65.0,D,SimuProB-1,EV_106
355.003,22.0,18.24,5190.0,0,4.053,1,79.49,4.188,101.8,75.3,185.0,EV_106,0.0,870,0.0,DR402462_8,65.0,96552.67,DR402462,173.9,0.0,65.0,D,SimuProB-1,EV_106
355.055,28.0,18.24,5300.0,0,4.052,1,79.47,4.187,104.3,79.8,185.0,EV_106,0.0,880,0.0,DR402462_8,65.0,96552.96,DR402462,173.9,0.0,65.0,D,SimuProB-1,EV_106
353.544,52.0,18.24,5520.0,0,4.05,1,79.45,4.191,108.7,112.5,185.0,EV_106,0.0,890,0.0,DR402462_8,65.0,96553.26,DR402462,173.9,0.0,65.0,D,SimuProB-1,EV_106
353.499,65.0,18.24,5800.0,0,4.048,1,79.44,4.194,114.2,128.4,185.0,EV_106,0.0,900,0.0,DR402462_8,65.0,96553.58,DR402462,173.9,0.0,65.0,D,SimuProB-1,EV_106
353.816,45.0,18.24,5620.0,0,4.049,1,79.42,4.19,110.5,115.2,185.0,EV_106,0.0,910,0.0,DR402462_8,65.0,96553.89,DR402462,173.9,0.0,65.0,D,SimuProB-1,EV_106
354.5,38.0,18.24,5500.0,0,4.051,1,79.39,4.189,108.2,98.5,185.0,EV_106,0.0,920,0.0,DR402462_8,65.0,96554.19,DR402462,173.9,0.0,65.0,D,SimuProB-1,EV_106
354.606,32.0,18.24,5380.0,0,4.053,1,79.38,4.188,105.8,88.7,185.0,EV_106,0.0,930,0.0,DR402462_8,65.0,96554.48,DR402462,173.9,0.0,65.0,D,SimuProB-1,EV_106
353.077,42.0,18.24,5550.0,0,4.052,1,79.37,4.187,109.5,105.3,185.0,EV_106,0.0,940,0.0,DR402462_8,65.0,96554.78,DR402462,173.9,0.0,65.0,D,SimuProB-1,EV_106
353.299,68.0,18.24,5900.0,0,4.046,1,79.36,4.192,116.2,125.8,185.0,EV_106,0.0,950,0.0,DR402462_8,65.0,96555.11,DR402462,173.9,0.0,65.0,D,SimuProB-1,EV_106
354.698,35.0,18.24,5400.0,0,4.05,1,79.35,4.188,106.4,92.1,185.0,EV_106,0.0,960,0.0,DR402462_8,65.0,96555.4,DR402462,173.9,0.0,65.0,D,SimuProB-1,EV_106
354.285,36.0,18.24,5450.0,0,4.051,1,79.33,4.189,107.5,95.4,185.0,EV_106,0.0,970,0.0,DR402462_8,65.0,96555.7,DR402462,173.9,0.0,65.0,D,SimuProB-1,EV_106
353.495,48.0,18.24,5720.0,0,4.048,1,79.33,4.191,112.8,112.3,185.0,EV_106,0.0,980,0.0,DR402462_8,65.0,96556.01,DR402462,173.9,0.0,65.0,D,SimuProB-1,EV_106
353.919,28.0,18.24,5180.0,0,4.052,1,79.3,4.188,102.1,85.6,185.0,EV_106,0.0,990,0.0,DR402462_8,65.0,96556.3,DR402462,173.9,0.0,65.0,D,SimuProB-1,EV_106
354.207,32.0,18.24,5290.0,0,4.053,1,79.28,4.19,104.3,98.5,185.0,EV_106,0.0,1000,0.0,DR402462_8,65.0,96556.59,DR402462,173.9,0.0,65.0,D,SimuProB-1,EV_106
353.803,42.0,18.24,5610.0,0,4.05,1,79.28,4.191,110.5,108.2,185.0,EV_106,0.0,1010,0.0,DR402462_8,65.0,96556.9,DR402462,173.9,0.0,65.0,D,SimuProB-1,EV_106
353.215,58.0,18.24,6000.0,0,4.048,1,79.27,4.193,118.2,122.4,185.0,EV_106,0.0,1020,0.0,DR402462_8,65.0,96557.23,DR402462,173.9,0.0,65.0,D,SimuProB-1,EV_106
352.908,52.0,18.24,5870.0,0,4.045,1,79.25,4.194,115.4,135.6,185.0,EV_106,0.0,1030,0.0,DR402462_8,65.0,96557.55,DR402462,173.9,0.0,65.0,D,SimuProB-1,EV_106
353.934,25.0,18.24,5380.0,0,4.051,1,79.24,4.192,105.8,88.2,185.0,EV_106,0.0,1040,0.0,DR402462_8,65.0,96557.84,DR402462,173.9,0.0,65.0,D,SimuProB-1,EV_106
353.344,40.0,18.24,5660.0,0,4.049,1,79.23,4.193,111.2,105.4,185.0,EV_106,0.0,1050,0.0,DR402462_8,65.0,96558.15,DR402462,173.9,0.0,65.0,D,SimuProB-1,EV_106
352.23,48.0,18.24,5830.0,0,4.043,1,79.22,4.195,114.6,128.5,185.0,EV_106,0.0,1060,0.0,DR402462_8,65.0,96558.47,DR402462,173.9,0.0,65.0,D,SimuProB-1,EV_106
352.014,62.0,18.24,6000.0,0,4.041,1,79.2,4.196,118.8,145.2,185.0,EV_106,0.0,1070,0.0,DR402462_8,65.0,96558.8,DR402462,173.9,0.0,65.0,D,SimuProB-1,EV_106
353.143,28.0,18.24,5410.0,0,4.048,1,79.2,4.194,106.2,92.4,185.0,EV_106,0.0,1080,0.0,DR402462_8,65.0,96559.09,DR402462,173.9,0.0,65.0,D,SimuProB-1,EV_106
352.471,32.0,18.24,5530.0,0,4.045,1,79.19,4.195,108.5,112.5,185.0,EV_106,0.0,1090,0.0,DR402462_8,65.0,96559.39,DR402462,173.9,0.0,65.0,D,SimuProB-1,EV_106
351.88,38.0,18.24,5710.0,0,4.042,1,79.18,4.196,112.0,125.8,185.0,EV_106,0.0,1100,0.0,DR402462_8,65.0,96559.7,DR402462,173.9,0.0,65.0,D,SimuProB-1,EV_106
352.12,26.0,18.24,5310.0,0,4.046,1,79.17,4.194,104.2,108.3,185.0,EV_106,0.0,1110,0.0,DR402462_8,65.0,96559.99,DR402462,173.9,0.0,65.0,D,SimuProB-1,EV_106
351.939,45.0,18.24,5880.0,0,4.038,1,79.14,4.197,115.5,135.6,185.0,EV_106,0.0,1120,0.0,DR402462_8,65.0,96560.31,DR402462,173.9,0.0,65.0,D,SimuProB-1,EV_106
352.923,20.0,18.24,5000.0,0,4.049,1,79.13,4.195,98.2,88.5,185.0,EV_106,0.0,1130,0.0,DR402462_8,65.0,96560.58,DR402462,173.9,0.0,65.0,D,SimuProB-1,EV_106
351.291,58.0,18.24,6000.0,0,4.035,1,79.13,4.198,119.8,155.2,185.0,EV_106,0.0,1140,0.0,DR402462_8,65.0,96560.92,DR402462,173.9,0.0,65.0,D,SimuProB-1,EV_106
348.644,62.0,18.24,6000.0,0,4.032,1,79.11,4.195,121.0,165.2,185.0,EV_106,0.0,1150,0.0,DR402462_8,65.0,96561.26,DR402462,173.9,0.0,65.0,D,SimuProB-1,EV_106
351.205,32.0,18.24,5520.0,0,4.041,1,79.09,4.196,108.5,115.4,185.0,EV_106,0.0,1160,0.0,DR402462_8,65.0,96561.56,DR402462,173.9,0.0,65.0,D,SimuProB-1,EV_106
351.105,24.0,18.24,5180.0,0,4.045,1,79.09,4.197,102.0,95.8,185.0,EV_106,0.0,1170,0.0,DR402462_8,65.0,96561.84,DR402462,173.9,0.0,65.0,D,SimuProB-1,EV_106
350.293,22.0,18.24,5010.0,0,4.042,1,79.06,4.196,98.5,105.2,185.0,EV_106,0.0,1180,0.0,DR402462_8,65.0,96562.11,DR402462,173.9,0.0,65.0,D,SimuProB-1,EV_106
349.801,18.0,18.24,4880.0,0,4.04,1,79.03,4.195,96.0,98.7,185.0,EV_106,0.0,1190,0.0,DR402462_8,65.0,96562.38,DR402462,173.9,0.0,65.0,D,SimuProB-1,EV_106
350.609,28.0,18.24,5340.0,0,4.043,1,79.03,4.197,105.0,112.5,185.0,EV_106,0.0,1200,0.0,DR402462_8,65.0,96562.67,DR402462,173.9,0.0,65.0,D,SimuProB-1,EV_106
349.708,26.0,18.24,5390.0,0,4.044,1,78.98,4.198,106.2,108.3,185.0,EV_106,0.0,1210,0.0,DR402462_8,65.0,96562.96,DR402462,173.9,0.0,65.0,D,SimuProB-1,EV_106
348.455,45.0,18.24,5710.0,0,4.041,1,78.95,4.199,112.5,145.6,185.0,EV_106,0.0,1220,0.0,DR402462_8,65.0,96563.28,DR402462,173.9,0.0,65.0,D,SimuProB-1,EV_106
349.412,29.0,18.24,5570.0,0,4.045,1,78.92,4.198,109.8,118.9,185.0,EV_106,0.0,1230,0.0,DR402462_8,65.0,96563.58,DR402462,173.9,0.0,65.0,D,SimuProB-1,EV_106
347.977,32.0,18.24,5610.0,0,4.038,1,78.89,4.196,110.5,135.4,185.0,EV_106,0.0,1240,0.0,DR402462_8,65.0,96563.89,DR402462,173.9,0.0,65.0,D,SimuProB-1,EV_106
347.481,55.0,18.24,5850.0,0,4.035,1,78.85,4.197,115.2,152.1,185.0,EV_106,0.0,1250,0.0,DR402462_8,65.0,96564.21,DR402462,173.9,0.0,65.0,D,SimuProB-1,EV_106
349.214,24.0,18.24,5510.0,0,4.042,1,78.82,4.195,108.4,105.6,185.0,EV_106,0.0,1260,0.0,DR402462_8,65.0,96564.51,DR402462,173.9,0.0,65.0,D,SimuProB-1,EV_106
348.152,28.0,18.24,5550.0,0,4.04,1,78.79,4.198,109.2,125.3,185.0,EV_106,0.0,1270,0.0,DR402462_8,65.0,96564.81,DR402462,173.9,0.0,65.0,D,SimuProB-1,EV_106
347.098,52.0,18.24,5840.0,0,4.037,1,78.77,4.196,114.8,142.8,185.0,EV_106,0.0,0,0.0,DR402462_9,65.0,96565.13,DR402462,173.9,0.0,65.0,D,SimuProB-1,EV_106
346.817,62.0,18.24,5980.0,0,4.032,1,78.73,4.194,117.5,155.2,185.0,EV_106,0.0,10,0.0,DR402462_9,65.0,96565.46,DR402462,173.9,0.0,65.0,D,SimuProB-1,EV_106
345.075,68.0,18.24,6020.0,0,4.03,1,78.7,4.195,118.5,165.0,185.0,EV_106,0.0,20,0.0,DR402462_9,65.0,96565.79,DR402462,173.9,0.0,65.0,D,SimuProB-1,EV_106
348.606,35.0,18.24,5700.0,0,4.033,1,78.7,4.196,112.0,135.0,185.0,EV_106,0.0,30,0.0,DR402462_9,65.0,96566.1,DR402462,173.9,0.0,65.0,D,SimuProB-1,EV_106
347.866,58.0,18.24,5900.0,0,4.031,1,78.69,4.195,116.0,145.0,185.0,EV_106,0.0,40,0.0,DR402462_9,65.0,96566.42,DR402462,173.9,0.0,65.0,D,SimuProB-1,EV_106
347.607,60.0,18.24,5960.0,0,4.03,1,78.68,4.194,117.2,152.4,185.0,EV_106,0.0,50,0.0,DR402462_9,65.0,96566.75,DR402462,173.9,0.0,65.0,D,SimuProB-1,EV_106
346.322,72.0,18.24,6100.0,0,4.028,1,78.65,4.193,119.8,168.5,185.0,EV_106,0.0,60,0.0,DR402462_9,65.0,96567.08,DR402462,173.9,0.0,65.0,D,SimuProB-1,EV_106
348.432,32.0,18.24,5620.0,0,4.034,1,78.64,4.196,110.5,130.2,185.0,EV_106,0.0,70,0.0,DR402462_9,65.0,96567.39,DR402462,173.9,0.0,65.0,D,SimuProB-1,EV_106
345.432,45.0,18.24,5870.0,0,4.025,1,78.62,4.192,115.4,158.3,185.0,EV_106,0.0,80,0.0,DR402462_9,65.0,96567.71,DR402462,173.9,0.0,65.0,D,SimuProB-1,EV_106
345.218,82.0,18.24,6180.0,0,4.023,1,78.6,4.191,121.5,175.6,185.0,EV_106,0.0,90,0.0,DR402462_9,65.0,96568.05,DR402462,173.9,0.0,65.0,D,SimuProB-1,EV_106
346.471,28.0,18.24,5505.0,0,4.029,1,78.59,4.194,108.2,142.8,185.0,EV_106,0.0,100,0.0,DR402462_9,65.0,96568.35,DR402462,173.9,0.0,65.0,D,SimuProB-1,EV_106
347.493,35.0,18.24,5730.0,0,4.031,1,78.58,4.195,112.5,125.3,185.0,EV_106,0.0,110,0.0,DR402462_9,65.0,96568.66,DR402462,173.9,0.0,65.0,D,SimuProB-1,EV_106
344.846,55.0,18.24,6060.0,0,4.024,1,78.56,4.193,118.9,162.7,185.0,EV_106,0.0,120,0.0,DR402462_9,65.0,96568.99,DR402462,173.9,0.0,65.0,D,SimuProB-1,EV_106
348.772,22.0,18.24,5390.0,0,4.035,1,78.55,4.197,105.8,98.4,185.0,EV_106,0.0,130,0.0,DR402462_9,65.0,96569.29,DR402462,173.9,0.0,65.0,D,SimuProB-1,EV_106
350.248,18.0,18.24,5215.0,0,4.037,1,78.52,4.198,102.4,88.5,185.0,EV_106,0.0,140,0.0,DR402462_9,65.0,96569.57,DR402462,173.9,0.0,65.0,D,SimuProB-1,EV_106
345.82,58.0,18.24,5890.0,0,4.025,1,78.52,4.194,115.6,145.2,185.0,EV_106,0.0,150,0.0,DR402462_9,65.0,96569.9,DR402462,173.9,0.0,65.0,D,SimuProB-1,EV_106
348.135,32.0,18.24,5550.0,0,4.032,1,78.5,4.196,108.9,110.4,185.0,EV_106,0.0,160,0.0,DR402462_9,65.0,96570.2,DR402462,173.9,0.0,65.0,D,SimuProB-1,EV_106
346.204,42.0,18.24,5740.0,0,4.028,1,78.48,4.195,112.5,135.2,185.0,EV_106,0.0,170,0.0,DR402462_9,65.0,96570.51,DR402462,173.9,0.0,65.0,D,SimuProB-1,EV_106
343.439,58.0,18.24,5980.0,0,4.022,1,78.46,4.193,117.2,155.8,185.0,EV_106,0.0,180,0.0,DR402462_9,65.0,96570.84,DR402462,173.9,0.0,65.0,D,SimuProB-1,EV_106
349.288,20.0,18.24,5350.0,0,4.031,1,78.46,4.196,104.8,92.5,185.0,EV_106,0.0,190,0.0,DR402462_9,65.0,96571.13,DR402462,173.9,0.0,65.0,D,SimuProB-1,EV_106
347.222,35.0,18.24,5620.0,0,4.029,1,78.44,4.195,110.2,125.4,185.0,EV_106,0.0,200,0.0,DR402462_9,65.0,96571.44,DR402462,173.9,0.0,65.0,D,SimuProB-1,EV_106
344.757,55.0,18.24,5940.0,0,4.024,1,78.42,4.193,116.5,148.6,185.0,EV_106,0.0,210,0.0,DR402462_9,65.0,96571.76,DR402462,173.9,0.0,65.0,D,SimuProB-1,EV_106
349.94,18.0,18.24,5220.0,0,4.033,1,78.41,4.197,102.4,85.2,185.0,EV_106,0.0,220,0.0,DR402462_9,65.0,96572.04,DR402462,173.9,0.0,65.0,D,SimuProB-1,EV_106
345.489,42.0,18.24,5540.0,0,4.026,1,78.39,4.194,108.5,138.5,185.0,EV_106,0.0,230,0.0,DR402462_9,65.0,96572.34,DR402462,173.9,0.0,65.0,D,SimuProB-1,EV_106
342.865,55.0,18.24,5880.0,0,4.023,1,78.38,4.192,115.2,162.3,185.0,EV_106,0.0,240,0.0,DR402462_9,65.0,96572.66,DR402462,173.9,0.0,65.0,D,SimuProB-1,EV_106
348.546,22.0,18.24,5300.0,0,4.03,1,78.36,4.196,103.8,95.4,185.0,EV_106,0.0,250,0.0,DR402462_9,65.0,96572.95,DR402462,173.9,0.0,65.0,D,SimuProB-1,EV_106
343.477,52.0,18.24,5840.0,0,4.021,1,78.34,4.191,114.2,155.8,185.0,EV_106,0.0,260,0.0,DR402462_9,65.0,96573.27,DR402462,173.9,0.0,65.0,D,SimuProB-1,EV_106
347.343,16.0,18.24,5140.0,0,4.029,1,78.33,4.195,100.5,88.5,185.0,EV_106,0.0,270,0.0,DR402462_9,65.0,96573.55,DR402462,173.9,0.0,65.0,D,SimuProB-1,EV_106
344.527,45.0,18.24,5620.0,0,4.025,1,78.29,4.193,109.8,142.1,185.0,EV_106,0.0,280,0.0,DR402462_9,65.0,96573.85,DR402462,173.9,0.0,65.0,D,SimuProB-1,EV_106
346.366,24.0,18.24,5240.0,0,4.027,1,78.27,4.194,102.5,98.2,185.0,EV_106,0.0,290,0.0,DR402462_9,65.0,96574.13,DR402462,173.9,0.0,65.0,D,SimuProB-1,EV_106
341.89,48.0,18.24,5720.0,0,4.02,1,78.25,4.191,111.8,158.4,185.0,EV_106,0.0,300,0.0,DR402462_9,65.0,96574.45,DR402462,173.9,0.0,65.0,D,SimuProB-1,EV_106
347.868,18.0,18.24,5040.0,0,4.028,1,78.25,4.195,98.4,85.6,185.0,EV_106,0.0,310,0.0,DR402462_9,65.0,96574.72,DR402462,173.9,0.0,65.0,D,SimuProB-1,EV_106
344.256,38.0,18.24,5540.0,0,4.024,1,78.21,4.193,108.2,135.4,185.0,EV_106,0.0,320,0.0,DR402462_9,65.0,96575.02,DR402462,173.9,0.0,65.0,D,SimuProB-1,EV_106
347.792,14.0,18.24,4940.0,0,4.03,1,78.21,4.196,96.5,78.9,185.0,EV_106,0.0,330,0.0,DR402462_9,65.0,96575.29,DR402462,173.9,0.0,65.0,D,SimuProB-1,EV_106
341.708,75.0,18.24,6000.0,0,4.018,1,78.19,4.19,118.5,165.2,185.0,EV_106,0.0,340,0.0,DR402462_9,65.0,96575.62,DR402462,173.9,0.0,65.0,D,SimuProB-1,EV_106
339.911,65.0,18.24,5900.0,0,4.015,1,78.17,4.192,115.3,175.2,185.0,EV_106,0.0,350,0.0,DR402462_9,65.0,96575.94,DR402462,173.9,0.0,65.0,D,SimuProB-1,EV_106
351.967,16.0,18.24,4900.0,0,4.022,1,78.16,4.194,95.8,92.4,185.0,EV_106,0.0,360,0.0,DR402462_9,65.0,96576.21,DR402462,173.9,0.0,65.0,D,SimuProB-1,EV_106
343.286,42.0,18.24,5400.0,0,4.019,1,78.12,4.191,105.6,148.6,185.0,EV_106,0.0,370,0.0,DR402462_9,65.0,96576.5,DR402462,173.9,0.0,65.0,D,SimuProB-1,EV_106
342.233,38.0,18.24,5320.0,0,4.018,1,78.09,4.191,104.2,142.5,185.0,EV_106,0.0,380,0.0,DR402462_9,65.0,96576.79,DR402462,173.9,0.0,65.0,D,SimuProB-1,EV_106
346.713,18.0,18.24,5030.0,0,4.021,1,78.06,4.193,98.5,88.4,185.0,EV_106,0.0,390,0.0,DR402462_9,65.0,96577.06,DR402462,173.9,0.0,65.0,D,SimuProB-1,EV_106
340.25,52.0,18.24,5540.0,0,4.016,1,78.01,4.19,108.4,155.8,185.0,EV_106,0.0,400,0.0,DR402462_9,65.0,96577.36,DR402462,173.9,0.0,65.0,D,SimuProB-1,EV_106
339.519,58.0,18.24,5640.0,0,4.015,1,77.98,4.189,110.5,160.2,185.0,EV_106,0.0,410,0.0,DR402462_9,65.0,96577.67,DR402462,173.9,0.0,65.0,D,SimuProB-1,EV_106
343.356,28.0,18.24,5220.0,0,4.017,1,77.97,4.191,102.3,125.4,185.0,EV_106,0.0,420,0.0,DR402462_9,65.0,96577.95,DR402462,173.9,0.0,65.0,D,SimuProB-1,EV_106
340.809,45.0,18.24,5450.0,0,4.016,1,77.95,4.19,106.8,145.7,185.0,EV_106,0.0,430,0.0,DR402462_9,65.0,96578.25,DR402462,173.9,0.0,65.0,D,SimuProB-1,EV_106
337.568,48.0,18.24,5530.0,0,4.014,1,77.91,4.188,108.2,158.5,185.0,EV_106,0.0,440,0.0,DR402462_9,65.0,96578.55,DR402462,173.9,0.0,65.0,D,SimuProB-1,EV_106
335.958,62.0,18.24,5690.0,0,4.013,1,77.89,4.187,111.5,165.2,185.0,EV_106,0.0,450,0.0,DR402462_9,65.0,96578.86,DR402462,173.9,0.0,65.0,D,SimuProB-1,EV_106
341.364,22.0,18.24,5130.0,0,4.016,1,77.87,4.19,100.5,130.8,185.0,EV_106,0.0,460,0.0,DR402462_9,65.0,96579.14,DR402462,173.9,0.0,65.0,D,SimuProB-1,EV_106
339.814,32.0,18.24,5300.0,0,4.015,1,77.86,4.189,103.8,138.6,185.0,EV_106,0.0,470,0.0,DR402462_9,65.0,96579.43,DR402462,173.9,0.0,65.0,D,SimuProB-1,EV_106
338.777,38.0,18.24,5440.0,0,4.014,1,77.84,4.188,106.5,142.3,185.0,EV_106,0.0,480,0.0,DR402462_9,65.0,96579.72,DR402462,173.9,0.0,65.0,D,SimuProB-1,EV_106
337.294,42.0,18.24,5580.0,0,4.013,1,77.84,4.187,109.2,149.1,185.0,EV_106,0.0,490,0.0,DR402462_9,65.0,96580.03,DR402462,173.9,0.0,65.0,D,SimuProB-1,EV_106
338.798,35.0,18.24,5540.0,0,4.015,1,77.81,4.188,108.5,135.4,185.0,EV_106,0.0,500,0.0,DR402462_9,65.0,96580.33,DR402462,173.9,0.0,65.0,D,SimuProB-1,EV_106
336.364,55.0,18.24,5830.0,0,4.012,1,77.81,4.19,114.2,155.8,185.0,EV_106,0.0,510,0.0,DR402462_9,65.0,96580.65,DR402462,173.9,0.0,65.0,D,SimuProB-1,EV_106
334.45,70.0,18.24,6000.0,0,4.01,1,77.8,4.192,118.5,168.5,185.0,EV_106,0.0,520,0.0,DR402462_9,65.0,96580.98,DR402462,173.9,0.0,65.0,D,SimuProB-1,EV_106
332.578,65.0,18.24,5980.0,0,4.005,1,77.76,4.195,117.8,175.2,185.0,EV_106,0.0,530,0.0,DR402462_9,64.95,96581.31,DR402462,173.9,0.0,65.0,D,SimuProB-1,EV_106
335.533,48.0,18.24,5780.0,0,4.01,1,77.76,4.19,113.5,145.6,185.0,EV_106,0.0,540,0.0,DR402462_9,65.0,96581.62,DR402462,173.9,0.0,65.0,D,SimuProB-1,EV_106
338.506,0.0,18.24,5500.0,0,4.018,1,77.75,4.195,108.0,-15.4,185.0,EV_106,0.05,550,12.0,DR402462_9,65.0,96581.92,DR402462,173.9,0.0,65.0,D,SimuProB-1,EV_106
337.582,42.0,18.24,5620.0,0,4.015,1,77.72,4.192,110.5,125.4,185.0,EV_106,0.0,560,0.0,DR402462_9,65.0,96582.23,DR402462,173.9,0.0,65.0,D,SimuProB-1,EV_106
335.123,58.0,18.24,5860.0,0,4.008,1,77.69,4.196,115.2,158.2,185.0,EV_106,0.0,570,0.0,DR402462_9,65.0,96582.55,DR402462,173.9,0.0,65.0,D,SimuProB-1,EV_106
336.079,45.0,18.24,5700.0,0,4.011,1,77.67,4.194,112.0,132.1,185.0,EV_106,0.0,580,0.0,DR402462_9,65.0,96582.86,DR402462,173.9,0.0,65.0,D,SimuProB-1,EV_106
333.609,62.0,18.24,5950.0,0,4.005,1,77.64,4.198,116.8,162.5,185.0,EV_106,0.0,590,0.0,DR402462_9,65.0,96583.18,DR402462,173.9,0.0,65.0,D,SimuProB-1,EV_106
336.123,44.0,18.24,5760.0,0,4.012,1,77.62,4.195,113.2,128.3,185.0,EV_106,0.0,600,0.0,DR402462_9,65.0,96583.5,DR402462,173.9,0.0,65.0,D,SimuProB-1,EV_106
334.904,72.0,18.24,6030.0,0,4.009,1,77.59,4.197,118.5,155.8,185.0,EV_106,0.0,610,0.0,DR402462_9,65.0,96583.83,DR402462,173.9,0.0,65.0,D,SimuProB-1,EV_106
332.463,75.0,18.24,6080.0,0,4.003,1,77.54,4.199,119.4,165.3,185.0,EV_106,0.0,620,0.0,DR402462_9,65.0,96584.16,DR402462,173.9,0.0,65.0,D,SimuProB-1,EV_106
334.499,52.0,18.24,5850.0,0,4.007,1,77.52,4.196,114.8,140.5,185.0,EV_106,0.0,630,0.0,DR402462_9,65.0,96584.48,DR402462,173.9,0.0,65.0,D,SimuProB-1,EV_106
333.341,65.0,18.24,5990.0,0,4.005,1,77.48,4.198,117.5,152.7,185.0,EV_106,0.0,640,0.0,DR402462_9,65.0,96584.81,DR402462,173.9,0.0,65.0,D,SimuProB-1,EV_106
332.601,58.0,18.24,5955.0,0,4.002,1,77.44,4.197,116.8,160.4,185.0,EV_106,0.0,650,0.0,DR402462_9,65.0,96585.13,DR402462,173.9,0.0,65.0,D,SimuProB-1,EV_106
334.367,42.0,18.24,5735.0,0,4.004,1,77.39,4.198,112.5,145.2,185.0,EV_106,0.0,660,0.0,DR402462_9,65.0,96585.45,DR402462,173.9,0.0,65.0,D,SimuProB-1,EV_106
331.066,85.0,18.24,6130.0,0,4.001,1,77.35,4.199,120.2,168.9,185.0,EV_106,0.0,670,0.0,DR402462_9,65.0,96585.78,DR402462,173.9,0.0,65.0,D,SimuProB-1,EV_106
330.063,88.0,18.24,6200.0,0,4.003,1,77.27,4.201,121.5,172.3,185.0,EV_106,0.0,680,0.0,DR402462_9,65.0,96586.12,DR402462,173.9,0.0,65.0,D,SimuProB-1,EV_106
334.136,60.0,18.24,6040.0,0,4.005,1,77.23,4.199,118.2,155.6,185.0,EV_106,0.0,690,0.0,DR402462_9,65.0,96586.45,DR402462,173.9,0.0,65.0,D,SimuProB-1,EV_106
335.325,0.0,18.24,5640.0,0,4.008,1,77.2,4.202,110.5,-25.4,185.0,EV_106,0.05,700,15.0,DR402462_9,65.0,96586.75,DR402462,173.9,0.0,65.0,D,SimuProB-1,EV_106
333.497,55.0,18.24,5815.0,0,4.006,1,77.16,4.2,114.0,140.5,185.0,EV_106,0.0,710,0.0,DR402462_9,65.0,96587.07,DR402462,173.9,0.0,65.0,D,SimuProB-1,EV_106
331.677,82.0,18.24,6100.0,0,4.002,1,77.1,4.201,119.5,165.8,185.0,EV_106,0.0,720,0.0,DR402462_9,65.0,96587.4,DR402462,173.9,0.0,65.0,D,SimuProB-1,EV_106
335.542,0.0,18.24,5720.0,0,4.009,1,77.07,4.203,112.0,-18.5,185.0,EV_106,0.06,730,12.0,DR402462_9,65.0,96587.71,DR402462,173.9,0.0,65.0,D,SimuProB-1,EV_106
333.042,58.0,18.24,5945.0,0,4.004,1,77.03,4.201,116.5,148.2,185.0,EV_106,0.0,740,0.0,DR402462_9,65.0,96588.03,DR402462,173.9,0.0,65.0,D,SimuProB-1,EV_106
336.038,0.0,18.24,5510.0,0,4.01,1,77.01,4.204,108.0,-22.1,185.0,EV_106,0.07,750,18.0,DR402462_9,65.0,96588.33,DR402462,173.9,0.0,65.0,D,SimuProB-1,EV_106
333.639,75.0,18.24,6165.0,0,4.003,1,76.96,4.202,120.8,152.4,185.0,EV_106,0.0,760,0.0,DR402462_9,65.0,96588.67,DR402462,173.9,0.0,65.0,D,SimuProB-1,EV_106
331.548,85.0,18.24,6240.0,0,4.001,1,76.91,4.202,122.4,168.5,185.0,EV_106,0.0,770,0.0,DR402462_9,65.0,96589.01,DR402462,173.9,0.0,65.0,D,SimuProB-1,EV_106
334.678,0.0,18.24,5840.0,0,4.008,1,76.88,4.205,114.5,-15.2,185.0,EV_106,0.05,780,15.0,DR402462_9,65.0,96589.33,DR402462,173.9,0.0,65.0,D,SimuProB-1,EV_106
332.298,70.0,18.24,6030.0,0,4.002,1,76.82,4.203,118.2,155.6,185.0,EV_106,0.0,790,0.0,DR402462_9,65.0,96589.66,DR402462,173.9,0.0,65.0,D,SimuProB-1,EV_106
330.241,72.0,18.24,6100.0,0,3.999,1,76.76,4.201,119.5,162.3,185.0,EV_106,0.0,800,0.0,DR402462_9,65.0,96589.99,DR402462,173.9,0.0,65.0,D,SimuProB-1,EV_106
327.807,80.0,18.24,6175.0,0,3.995,1,76.67,4.2,121.0,175.8,185.0,EV_106,0.0,810,0.0,DR402462_9,65.0,96590.33,DR402462,173.9,0.0,65.0,D,SimuProB-1,EV_106
329.96,0.0,18.24,5960.0,0,4.005,1,76.65,4.203,116.8,-18.5,185.0,EV_106,0.06,820,12.0,DR402462_9,65.0,96590.65,DR402462,173.9,0.0,65.0,D,SimuProB-1,EV_106
326.946,75.0,18.24,6150.0,0,3.992,1,76.58,4.198,120.5,168.5,185.0,EV_106,0.0,830,0.0,DR402462_9,65.0,96590.98,DR402462,173.9,0.0,65.0,D,SimuProB-1,EV_106
325.094,45.0,18.24,5880.0,0,3.988,1,76.5,4.195,115.2,152.3,185.0,EV_106,0.0,840,0.0,DR402462_9,65.0,96591.3,DR402462,173.9,0.0,65.0,D,SimuProB-1,EV_106
324.446,40.0,18.24,5750.0,0,3.985,1,76.43,4.192,112.8,148.9,185.0,EV_106,0.0,850,0.0,DR402462_9,65.0,96591.62,DR402462,173.9,0.0,65.0,D,SimuProB-1,EV_106
324.807,42.0,18.24,5790.0,0,3.991,1,76.33,4.196,113.5,155.4,185.0,EV_106,0.0,860,0.0,DR402462_9,65.0,96591.94,DR402462,173.9,0.0,65.0,D,SimuProB-1,EV_106
323.514,65.0,18.24,5930.0,0,3.986,1,76.27,4.198,116.2,182.1,185.0,EV_106,0.0,870,0.0,DR402462_9,65.0,96592.26,DR402462,173.9,0.0,65.0,D,SimuProB-1,EV_106
324.661,38.0,18.24,5700.0,0,3.989,1,76.19,4.195,111.8,145.2,185.0,EV_106,0.0,880,0.0,DR402462_9,65.0,96592.57,DR402462,173.9,0.0,65.0,D,SimuProB-1,EV_106
324.195,52.0,18.24,5845.0,0,3.987,1,76.08,4.196,114.5,165.4,185.0,EV_106,0.0,890,0.0,DR402462_9,65.0,96592.89,DR402462,173.9,0.0,65.0,D,SimuProB-1,EV_106
324.575,48.0,18.24,5765.0,0,3.985,1,75.98,4.194,112.9,158.7,185.0,EV_106,0.0,900,0.0,DR402462_9,65.0,96593.2,DR402462,173.9,0.0,65.0,D,SimuProB-1,EV_106
323.681,58.0,18.24,5910.0,0,3.988,1,75.88,4.197,115.8,172.3,185.0,EV_106,0.0,910,0.0,DR402462_9,65.0,96593.52,DR402462,173.9,0.0,65.0,D,SimuProB-1,EV_106
322.622,62.0,18.24,5980.0,0,3.985,1,75.77,4.199,117.2,178.5,185.0,EV_106,0.0,920,0.0,DR402462_9,65.0,96593.85,DR402462,173.9,0.0,65.0,D,SimuProB-1,EV_106
324.341,45.0,18.24,5795.0,0,3.988,1,75.67,4.196,113.5,152.3,185.0,EV_106,0.0,930,0.0,DR402462_9,65.0,96594.16,DR402462,173.9,0.0,65.0,D,SimuProB-1,EV_106
323.186,55.0,18.24,5915.0,0,3.986,1,75.56,4.197,115.8,168.9,185.0,EV_106,0.0,940,0.0,DR402462_9,65.0,96594.48,DR402462,173.9,0.0,65.0,D,SimuProB-1,EV_106
322.375,52.0,18.24,5850.0,0,3.987,1,75.44,4.198,114.5,165.4,185.0,EV_106,0.0,950,0.0,DR402462_9,65.0,96594.8,DR402462,173.9,0.0,65.0,D,SimuProB-1,EV_106
321.515,56.0,18.24,5945.0,0,3.986,1,75.35,4.199,116.2,170.2,185.0,EV_106,0.0,960,0.0,DR402462_9,65.0,96595.12,DR402462,173.9,0.0,65.0,D,SimuProB-1,EV_106
322.22,46.0,18.24,5775.0,0,3.988,1,75.24,4.197,112.8,155.8,185.0,EV_106,0.0,970,0.0,DR402462_9,65.0,96595.43,DR402462,173.9,0.0,65.0,D,SimuProB-1,EV_106
322.338,48.0,18.24,5795.0,0,3.987,1,75.14,4.196,113.2,158.4,185.0,EV_106,0.0,980,0.0,DR402462_9,65.0,96595.74,DR402462,173.9,0.0,65.0,D,SimuProB-1,EV_106
321.035,52.0,18.24,5860.0,0,3.985,1,75.04,4.198,114.5,162.1,185.0,EV_106,0.0,990,0.0,DR402462_9,65.0,96596.06,DR402462,173.9,0.0,65.0,D,SimuProB-1,EV_106
319.709,54.0,18.24,5890.0,0,3.986,1,74.95,4.199,115.1,164.8,185.0,EV_106,0.0,1000,0.0,DR402462_9,65.0,96596.38,DR402462,173.9,0.0,65.0,D,SimuProB-1,EV_106
318.38,58.0,18.24,5980.0,0,3.984,1,74.85,4.198,116.8,168.5,185.0,EV_106,0.0,1010,0.0,DR402462_9,65.0,96596.7,DR402462,173.9,0.0,65.0,D,SimuProB-1,EV_106
319.924,38.0,18.24,5660.0,0,3.987,1,74.76,4.197,110.5,152.3,185.0,EV_106,0.0,1020,0.0,DR402462_9,65.0,96597.01,DR402462,173.9,0.0,65.0,D,SimuProB-1,EV_106
319.146,49.0,18.24,5835.0,0,3.985,1,74.64,4.199,113.9,161.7,185.0,EV_106,0.0,1030,0.0,DR402462_9,65.0,96597.33,DR402462,173.9,0.0,65.0,D,SimuProB-1,EV_106
318.24,48.0,18.24,5848.0,0,3.984,1,74.55,4.198,114.2,158.2,185.0,EV_106,0.0,1040,0.0,DR402462_9,65.0,96597.65,DR402462,173.9,0.0,65.0,D,SimuProB-1,EV_106
317.922,55.0,18.24,5965.0,0,3.983,1,74.48,4.197,116.5,165.4,185.0,EV_106,0.0,1050,0.0,DR402462_9,65.0,96597.97,DR402462,173.9,0.0,65.0,D,SimuProB-1,EV_106
319.231,35.0,18.24,5625.0,0,3.986,1,74.4,4.199,109.8,142.6,185.0,EV_106,0.0,1060,0.0,DR402462_9,65.0,96598.28,DR402462,173.9,0.0,65.0,D,SimuProB-1,EV_106
317.007,36.0,18.24,5697.0,0,3.982,1,74.29,4.196,111.2,158.4,185.0,EV_106,0.0,1070,0.0,DR402462_9,65.0,96598.59,DR402462,173.9,0.0,65.0,D,SimuProB-1,EV_106
318.712,28.0,18.24,5410.0,0,3.985,1,74.21,4.198,105.6,132.1,185.0,EV_106,0.0,1080,0.0,DR402462_9,65.0,96598.88,DR402462,173.9,0.0,65.0,D,SimuProB-1,EV_106
317.706,33.0,18.24,5553.0,0,3.983,1,74.13,4.197,108.4,148.9,185.0,EV_106,0.0,1090,0.0,DR402462_9,65.0,96599.18,DR402462,173.9,0.0,65.0,D,SimuProB-1,EV_106
316.931,32.0,18.24,5610.0,0,3.982,1,74.04,4.196,109.5,145.2,185.0,EV_106,0.0,1100,0.0,DR402462_9,65.0,96599.48,DR402462,173.9,0.0,65.0,D,SimuProB-1,EV_106
317.275,38.0,18.24,5755.0,0,3.984,1,73.97,4.198,112.3,152.7,185.0,EV_106,0.0,1110,0.0,DR402462_9,65.0,96599.8,DR402462,173.9,0.0,65.0,D,SimuProB-1,EV_106
317.641,29.0,18.24,5475.0,0,3.981,1,73.89,4.195,106.8,138.5,185.0,EV_106,0.0,1120,0.0,DR402462_9,65.0,96600.09,DR402462,173.9,0.0,65.0,D,SimuProB-1,EV_106
317.101,31.0,18.24,5547.0,0,3.98,1,73.81,4.194,108.2,142.3,185.0,EV_106,0.0,1130,0.0,DR402462_9,65.0,96600.39,DR402462,173.9,0.0,65.0,D,SimuProB-1,EV_106
316.351,42.0,18.24,5869.0,0,3.978,1,73.72,4.196,114.5,158.6,185.0,EV_106,0.0,1140,0.0,DR402462_9,65.0,96600.71,DR402462,173.9,0.0,65.0,D,SimuProB-1,EV_106
317.193,27.0,18.24,5426.0,0,3.981,1,73.63,4.195,105.9,135.2,185.0,EV_106,0.0,1150,0.0,DR402462_9,65.0,96601.0,DR402462,173.9,0.0,65.0,D,SimuProB-1,EV_106
316.336,34.0,18.24,5627.0,0,3.975,1,73.54,4.192,109.8,148.5,185.0,EV_106,0.0,1160,0.0,DR402462_9,65.0,96601.3,DR402462,173.9,0.0,65.0,D,SimuProB-1,EV_106
315.47,45.0,18.24,5971.0,0,3.971,1,73.45,4.19,116.5,165.2,185.0,EV_106,0.0,1170,0.0,DR402462_9,65.0,96601.63,DR402462,173.9,0.0,65.0,D,SimuProB-1,EV_106
316.579,26.0,18.24,5340.0,0,3.978,1,73.37,4.193,104.2,132.1,185.0,EV_106,0.0,1180,0.0,DR402462_9,65.0,96601.92,DR402462,173.9,0.0,65.0,D,SimuProB-1,EV_106
317.375,30.0,18.24,5551.0,0,3.98,1,73.28,4.194,108.3,125.4,185.0,EV_106,0.0,1190,0.0,DR402462_9,65.0,96602.22,DR402462,173.9,0.0,65.0,D,SimuProB-1,EV_106
315.554,48.0,18.24,5934.0,0,3.973,1,73.21,4.191,115.8,162.7,185.0,EV_106,0.0,1200,0.0,DR402462_9,65.0,96602.54,DR402462,173.9,0.0,65.0,D,SimuProB-1,EV_106
316.922,32.0,18.24,5611.0,0,3.976,1,73.14,4.193,109.5,140.3,185.0,EV_106,0.0,1210,0.0,DR402462_9,65.0,96602.85,DR402462,173.9,0.0,65.0,D,SimuProB-1,EV_106
314.608,42.0,18.24,5768.0,0,3.971,1,73.06,4.189,112.4,155.3,185.0,EV_106,0.0,1220,0.0,DR402462_9,65.0,96603.16,DR402462,173.9,0.0,65.0,D,SimuProB-1,EV_106
316.303,28.0,18.24,5533.0,0,3.975,1,72.97,4.192,107.8,138.7,185.0,EV_106,0.0,1230,0.0,DR402462_9,65.0,96603.46,DR402462,173.9,0.0,65.0,D,SimuProB-1,EV_106
313.718,46.0,18.24,5895.0,0,3.968,1,72.89,4.188,114.9,168.4,185.0,EV_106,0.0,1240,0.0,DR402462_9,65.0,96603.78,DR402462,173.9,0.0,65.0,D,SimuProB-1,EV_106
314.556,35.0,18.24,5664.0,0,3.974,1,72.8,4.19,110.5,145.2,185.0,EV_106,0.0,1250,0.0,DR402462_9,65.0,96604.09,DR402462,173.9,0.0,65.0,D,SimuProB-1,EV_106
312.361,48.0,18.24,5956.0,0,3.965,1,72.71,4.187,116.2,165.8,185.0,EV_106,0.0,1260,0.0,DR402462_9,65.0,96604.41,DR402462,173.9,0.0,65.0,D,SimuProB-1,EV_106
315.012,22.0,18.24,5320.0,0,3.978,1,72.63,4.192,103.8,125.5,185.0,EV_106,0.0,1270,0.0,DR402462_9,65.0,96604.7,DR402462,173.9,0.0,65.0,D,SimuProB-1,EV_106
313.639,32.0,18.24,5556.0,0,3.972,1,72.55,4.19,108.4,142.5,185.0,EV_106,0.0,0,0.0,DR402462_10,65.0,96605.0,DR402462,173.9,0.0,65.0,D,SimuProB-1,EV_106
311.596,44.0,18.24,5804.0,0,3.968,1,72.46,4.188,113.2,158.3,185.0,EV_106,0.0,10,0.0,DR402462_10,65.0,96605.32,DR402462,173.9,0.0,65.0,D,SimuProB-1,EV_106
314.315,26.0,18.24,5413.0,0,3.975,1,72.39,4.191,105.6,135.6,185.0,EV_106,0.0,20,0.0,DR402462_10,65.0,96605.61,DR402462,173.9,0.0,65.0,D,SimuProB-1,EV_106
311.659,28.0,18.24,5515.0,0,3.971,1,72.29,4.189,107.5,148.2,185.0,EV_106,0.0,30,0.0,DR402462_10,65.0,96605.91,DR402462,173.9,0.0,65.0,D,SimuProB-1,EV_106
310.078,38.0,18.24,5736.0,0,3.962,1,72.21,4.193,111.8,172.4,185.0,EV_106,0.0,40,0.0,DR402462_10,65.0,96606.22,DR402462,173.9,0.0,65.0,D,SimuProB-1,EV_106
313.815,24.0,18.24,5450.0,0,3.974,1,72.13,4.19,106.2,138.9,185.0,EV_106,0.0,50,0.0,DR402462_10,65.0,96606.51,DR402462,173.9,0.0,65.0,D,SimuProB-1,EV_106
312.867,27.0,18.24,5570.0,0,3.97,1,72.04,4.185,108.5,145.2,185.0,EV_106,0.0,60,0.0,DR402462_10,65.0,96606.81,DR402462,173.9,0.0,65.0,D,SimuProB-1,EV_106
309.705,39.0,18.24,5864.0,0,3.965,1,71.94,4.19,114.2,162.8,185.0,EV_106,0.0,70,0.0,DR402462_10,65.0,96607.13,DR402462,173.9,0.0,65.0,D,SimuProB-1,EV_106
313.148,22.0,18.24,5326.0,0,3.972,1,71.87,4.187,103.8,132.5,185.0,EV_106,0.0,80,0.0,DR402462_10,65.0,96607.42,DR402462,173.9,0.0,65.0,D,SimuProB-1,EV_106
311.926,28.0,18.24,5515.0,0,3.968,1,71.78,4.188,107.5,148.6,185.0,EV_106,0.0,90,0.0,DR402462_10,65.0,96607.72,DR402462,173.9,0.0,65.0,D,SimuProB-1,EV_106
308.477,40.0,18.24,5842.0,0,3.964,1,71.71,4.191,113.8,165.3,185.0,EV_106,0.0,100,0.0,DR402462_10,65.0,96608.03,DR402462,173.9,0.0,65.0,D,SimuProB-1,EV_106
313.12,23.0,18.24,5347.0,0,3.971,1,71.65,4.186,104.2,135.1,185.0,EV_106,0.0,110,0.0,DR402462_10,65.0,96608.32,DR402462,173.9,0.0,65.0,D,SimuProB-1,EV_106
311.846,29.0,18.24,5569.0,0,3.969,1,71.6,4.188,108.5,142.3,185.0,EV_106,0.0,120,0.0,DR402462_10,65.0,96608.62,DR402462,173.9,0.0,65.0,D,SimuProB-1,EV_106
310.223,38.0,18.24,5907.0,0,3.966,1,71.54,4.19,115.1,158.7,185.0,EV_106,0.0,130,0.0,DR402462_10,65.0,96608.94,DR402462,173.9,0.0,65.0,D,SimuProB-1,EV_106
312.229,18.0,18.24,5225.0,0,3.973,1,71.48,4.185,101.8,128.4,185.0,EV_106,0.0,140,0.0,DR402462_10,65.0,96609.22,DR402462,173.9,0.0,65.0,D,SimuProB-1,EV_106
309.967,31.0,18.24,5655.0,0,3.965,1,71.43,4.189,110.2,147.6,185.0,EV_106,0.0,150,0.0,DR402462_10,65.0,96609.53,DR402462,173.9,0.0,65.0,D,SimuProB-1,EV_106
311.136,19.0,18.24,5253.0,0,3.972,1,71.37,4.187,102.4,121.5,185.0,EV_106,0.0,160,0.0,DR402462_10,65.0,96609.81,DR402462,173.9,0.0,65.0,D,SimuProB-1,EV_106
308.477,37.0,18.24,5872.0,0,3.963,1,71.31,4.19,114.5,155.2,185.0,EV_106,0.0,170,0.0,DR402462_10,65.0,96610.13,DR402462,173.9,0.0,65.0,D,SimuProB-1,EV_106
310.568,28.0,18.24,5572.0,0,3.968,1,71.24,4.188,108.5,142.3,185.0,EV_106,0.0,180,0.0,DR402462_10,65.0,96610.43,DR402462,173.9,0.0,65.0,D,SimuProB-1,EV_106
312.338,16.0,18.24,5039.0,0,3.975,1,71.18,4.186,98.2,115.6,185.0,EV_106,0.0,190,0.0,DR402462_10,65.0,96610.7,DR402462,173.9,0.0,65.0,D,SimuProB-1,EV_106
308.766,34.0,18.24,5789.0,0,3.962,1,71.13,4.191,112.8,151.8,185.0,EV_106,0.0,200,0.0,DR402462_10,65.0,96611.02,DR402462,173.9,0.0,65.0,D,SimuProB-1,EV_106
306.153,42.0,18.24,5961.0,0,3.96,1,71.04,4.192,116.2,165.4,185.0,EV_106,0.0,210,0.0,DR402462_10,65.0,96611.34,DR402462,173.9,0.0,65.0,D,SimuProB-1,EV_106
309.766,22.0,18.24,5420.0,0,3.965,1,70.98,4.189,105.6,125.8,185.0,EV_106,0.0,220,0.0,DR402462_10,65.0,96611.64,DR402462,173.9,0.0,65.0,D,SimuProB-1,EV_106
304.35,55.0,18.24,6085.0,0,3.958,1,70.88,4.194,118.5,178.5,185.0,EV_106,0.0,230,0.0,DR402462_10,65.0,96611.97,DR402462,173.9,0.0,65.0,D,SimuProB-1,EV_106
306.235,28.0,18.24,5670.0,0,3.961,1,70.81,4.191,110.5,142.3,185.0,EV_106,0.0,240,0.0,DR402462_10,65.0,96612.28,DR402462,173.9,0.0,65.0,D,SimuProB-1,EV_106
302.352,52.0,18.24,6045.0,0,3.957,1,70.75,4.193,117.8,168.7,185.0,EV_106,0.0,250,0.0,DR402462_10,65.0,96612.6,DR402462,173.9,0.0,65.0,D,SimuProB-1,EV_106
307.815,0.0,18.24,5255.0,0,3.963,1,70.73,4.19,102.4,-45.2,185.0,EV_106,0.08,260,45.0,DR402462_10,65.0,96612.89,DR402462,173.9,0.0,65.0,D,SimuProB-1,EV_106
305.046,25.0,18.24,5550.0,0,3.96,1,70.67,4.192,108.2,135.4,185.0,EV_106,0.0,270,0.0,DR402462_10,65.0,96613.19,DR402462,173.9,0.0,65.0,D,SimuProB-1,EV_106
303.874,45.0,18.24,5925.0,0,3.955,1,70.62,4.195,115.5,155.2,185.0,EV_106,0.0,280,0.0,DR402462_10,65.0,96613.51,DR402462,173.9,0.0,65.0,D,SimuProB-1,EV_106
306.366,30.0,18.24,5745.0,0,3.962,1,70.55,4.193,112.0,120.5,185.0,EV_106,0.0,290,0.0,DR402462_10,65.0,96613.82,DR402462,173.9,0.0,65.0,D,SimuProB-1,EV_106
303.395,55.0,18.24,6070.0,0,3.953,1,70.53,4.196,118.2,162.4,185.0,EV_106,0.0,300,0.0,DR402462_10,65.0,96614.15,DR402462,173.9,0.0,65.0,D,SimuProB-1,EV_106
306.241,32.0,18.24,5880.0,0,3.961,1,70.51,4.194,114.5,128.6,185.0,EV_106,0.0,310,0.0,DR402462_10,65.0,96614.47,DR402462,173.9,0.0,65.0,D,SimuProB-1,EV_106
304.248,42.0,18.24,5995.0,0,3.956,1,70.49,4.197,116.8,148.9,185.0,EV_106,0.0,320,0.0,DR402462_10,65.0,96614.79,DR402462,173.9,0.0,65.0,D,SimuProB-1,EV_106
306.271,35.0,18.24,5815.0,0,3.96,1,70.47,4.195,113.5,132.4,185.0,EV_106,0.0,330,0.0,DR402462_10,65.0,96615.11,DR402462,173.9,0.0,65.0,D,SimuProB-1,EV_106
302.261,58.0,18.24,6110.0,0,3.951,1,70.44,4.198,119.2,168.7,185.0,EV_106,0.0,340,0.0,DR402462_10,65.0,96615.44,DR402462,173.9,0.0,65.0,D,SimuProB-1,EV_106
307.143,25.0,18.24,5560.0,0,3.964,1,70.43,4.194,108.5,115.2,185.0,EV_106,0.0,350,0.0,DR402462_10,65.0,96615.74,DR402462,173.9,0.0,65.0,D,SimuProB-1,EV_106
303.426,55.0,18.24,6075.0,0,3.953,1,70.4,4.196,118.5,155.3,185.0,EV_106,0.0,360,0.0,DR402462_10,65.0,96616.07,DR402462,173.9,0.0,65.0,D,SimuProB-1,EV_106
308.406,28.0,18.24,5740.0,0,3.962,1,70.39,4.195,112.0,110.5,185.0,EV_106,0.0,370,0.0,DR402462_10,65.0,96616.38,DR402462,173.9,0.0,65.0,D,SimuProB-1,EV_106
305.442,45.0,18.24,5935.0,0,3.955,1,70.36,4.197,115.8,138.2,185.0,EV_106,0.0,380,0.0,DR402462_10,65.0,96616.7,DR402462,173.9,0.0,65.0,D,SimuProB-1,EV_106
303.763,48.0,18.24,5970.0,0,3.954,1,70.35,4.196,116.5,142.5,185.0,EV_106,0.0,390,0.0,DR402462_10,65.0,96617.02,DR402462,173.9,0.0,65.0,D,SimuProB-1,EV_106
302.72,62.0,18.24,6140.0,0,3.95,1,70.34,4.198,119.8,165.3,185.0,EV_106,0.0,400,0.0,DR402462_10,65.0,96617.36,DR402462,173.9,0.0,65.0,D,SimuProB-1,EV_106
306.052,22.0,18.24,5600.0,0,3.965,1,70.33,4.195,109.2,108.9,185.0,EV_106,0.0,410,0.0,DR402462_10,65.0,96617.66,DR402462,173.9,0.0,65.0,D,SimuProB-1,EV_106
309.65,35.0,18.24,5875.0,0,3.964,1,70.3,4.196,114.5,115.4,185.0,EV_106,0.0,420,0.0,DR402462_10,65.0,96617.98,DR402462,173.9,0.0,65.0,D,SimuProB-1,EV_106
304.429,58.0,18.24,6065.0,0,3.952,1,70.28,4.198,118.2,148.7,185.0,EV_106,0.0,430,0.0,DR402462_10,65.0,96618.31,DR402462,173.9,0.0,65.0,D,SimuProB-1,EV_106
307.71,20.0,18.24,5670.0,0,3.968,1,70.26,4.197,110.5,98.2,185.0,EV_106,0.0,440,0.0,DR402462_10,65.0,96618.61,DR402462,173.9,0.0,65.0,D,SimuProB-1,EV_106
304.75,42.0,18.24,5775.0,0,3.955,1,70.23,4.198,112.5,135.5,185.0,EV_106,0.0,450,0.0,DR402462_10,65.0,96618.92,DR402462,173.9,0.0,65.0,D,SimuProB-1,EV_106
308.754,25.0,18.24,5550.0,0,3.97,1,70.21,4.196,108.0,102.3,185.0,EV_106,0.0,460,0.0,DR402462_10,65.0,96619.22,DR402462,173.9,0.0,65.0,D,SimuProB-1,EV_106
304.281,55.0,18.24,5930.0,0,3.952,1,70.16,4.199,115.5,155.2,185.0,EV_106,0.0,470,0.0,DR402462_10,65.0,96619.54,DR402462,173.9,0.0,65.0,D,SimuProB-1,EV_106
307.137,22.0,18.24,5410.0,0,3.965,1,70.13,4.197,105.2,95.4,185.0,EV_106,0.0,480,0.0,DR402462_10,65.0,96619.83,DR402462,173.9,0.0,65.0,D,SimuProB-1,EV_106
303.723,48.0,18.24,5850.0,0,3.95,1,70.09,4.199,113.8,142.8,185.0,EV_106,0.0,490,0.0,DR402462_10,65.0,96620.15,DR402462,173.9,0.0,65.0,D,SimuProB-1,EV_106
307.701,18.0,18.24,5280.0,0,3.972,1,70.08,4.196,102.5,88.5,185.0,EV_106,0.0,500,0.0,DR402462_10,65.0,96620.43,DR402462,173.9,0.0,65.0,D,SimuProB-1,EV_106
305.766,28.0,18.24,5460.0,0,3.962,1,70.05,4.197,106.2,110.5,185.0,EV_106,0.0,510,0.0,DR402462_10,65.0,96620.72,DR402462,173.9,0.0,65.0,D,SimuProB-1,EV_106
302.434,42.0,18.24,5740.0,0,3.955,1,70.03,4.198,111.5,135.2,185.0,EV_106,0.0,520,0.0,DR402462_10,65.0,96621.03,DR402462,173.9,0.0,65.0,D,SimuProB-1,EV_106
306.154,20.0,18.24,5340.0,0,3.968,1,70.02,4.196,103.8,92.7,185.0,EV_106,0.0,530,0.0,DR402462_10,65.0,96621.32,DR402462,173.9,0.0,65.0,D,SimuProB-1,EV_106
304.687,35.0,18.24,5580.0,0,3.96,1,69.99,4.197,108.5,125.3,185.0,EV_106,0.0,540,0.0,DR402462_10,65.0,96621.62,DR402462,173.9,0.0,65.0,D,SimuProB-1,EV_106
308.222,16.0,18.24,5160.0,0,3.975,1,69.97,4.195,100.2,78.4,185.0,EV_106,0.0,550,0.0,DR402462_10,65.0,96621.9,DR402462,173.9,0.0,65.0,D,SimuProB-1,EV_106
306.315,22.0,18.24,5400.0,0,3.965,1,69.96,4.198,105.0,95.6,185.0,EV_106,0.0,560,0.0,DR402462_10,65.0,96622.19,DR402462,173.9,0.0,65.0,D,SimuProB-1,EV_106
307.789,18.0,18.24,5260.0,0,3.962,1,69.95,4.196,102.3,85.4,185.0,EV_106,0.0,570,0.0,DR402462_10,65.0,96622.47,DR402462,173.9,0.0,65.0,D,SimuProB-1,EV_106
305.259,32.0,18.24,5590.0,0,3.958,1,69.93,4.197,108.7,115.6,185.0,EV_106,0.0,580,0.0,DR402462_10,65.0,96622.78,DR402462,173.9,0.0,65.0,D,SimuProB-1,EV_106
309.375,14.0,18.24,5070.0,0,3.971,1,69.9,4.195,98.5,72.1,185.0,EV_106,0.0,590,0.0,DR402462_10,65.0,96623.05,DR402462,173.9,0.0,65.0,D,SimuProB-1,EV_106
305.902,19.0,18.24,5220.0,0,3.96,1,69.88,4.196,101.5,88.5,185.0,EV_106,0.0,600,0.0,DR402462_10,65.0,96623.33,DR402462,173.9,0.0,65.0,D,SimuProB-1,EV_106
305.134,28.0,18.24,5540.0,0,3.955,1,69.85,4.198,107.8,105.2,185.0,EV_106,0.0,610,0.0,DR402462_10,65.0,96623.63,DR402462,173.9,0.0,65.0,D,SimuProB-1,EV_106
307.424,15.0,18.24,5100.0,0,3.97,1,69.85,4.195,99.2,75.3,185.0,EV_106,0.0,620,0.0,DR402462_10,65.0,96623.91,DR402462,173.9,0.0,65.0,D,SimuProB-1,EV_106
306.892,16.0,18.24,5260.0,0,3.965,1,69.82,4.196,102.4,82.4,185.0,EV_106,0.0,630,0.0,DR402462_10,65.0,96624.19,DR402462,173.9,0.0,65.0,D,SimuProB-1,EV_106
304.739,45.0,18.24,5780.0,0,3.952,1,69.8,4.199,112.5,118.9,185.0,EV_106,0.0,640,0.0,DR402462_10,65.0,96624.51,DR402462,173.9,0.0,65.0,D,SimuProB-1,EV_106
307.644,12.0,18.24,4980.0,0,3.975,1,69.78,4.194,96.8,68.2,185.0,EV_106,0.0,650,0.0,DR402462_10,65.0,96624.78,DR402462,173.9,0.0,65.0,D,SimuProB-1,EV_106
306.668,22.0,18.24,5160.0,0,3.968,1,69.76,4.196,100.5,88.5,185.0,EV_106,0.0,660,0.0,DR402462_10,65.0,96625.06,DR402462,173.9,0.0,65.0,D,SimuProB-1,EV_106
304.771,38.0,18.24,5560.0,0,3.958,1,69.73,4.199,108.2,112.3,185.0,EV_106,0.0,670,0.0,DR402462_10,65.0,96625.36,DR402462,173.9,0.0,65.0,D,SimuProB-1,EV_106
307.743,10.0,18.24,4850.0,0,3.972,1,69.72,4.193,94.5,62.4,185.0,EV_106,0.0,680,0.0,DR402462_10,65.0,96625.62,DR402462,173.9,0.0,65.0,D,SimuProB-1,EV_106
306.466,18.0,18.24,5040.0,0,3.965,1,69.7,4.197,98.2,75.3,185.0,EV_106,0.0,690,0.0,DR402462_10,65.0,96625.89,DR402462,173.9,0.0,65.0,D,SimuProB-1,EV_106
304.431,32.0,18.24,5430.0,0,3.955,1,69.69,4.198,105.8,105.6,185.0,EV_106,0.0,700,0.0,DR402462_10,65.0,96626.19,DR402462,173.9,0.0,65.0,D,SimuProB-1,EV_106
307.057,11.0,18.24,4750.0,0,3.971,1,69.67,4.194,92.5,65.8,185.0,EV_106,0.0,710,0.0,DR402462_10,65.0,96626.44,DR402462,173.9,0.0,65.0,D,SimuProB-1,EV_106
304.976,22.0,18.24,4970.0,0,3.961,1,69.65,4.196,96.8,88.5,185.0,EV_106,0.0,720,0.0,DR402462_10,65.0,96626.71,DR402462,173.9,0.0,65.0,D,SimuProB-1,EV_106
303.958,35.0,18.24,5320.0,0,3.956,1,69.61,4.197,103.5,102.1,185.0,EV_106,0.0,730,0.0,DR402462_10,65.0,96627.0,DR402462,173.9,0.0,65.0,D,SimuProB-1,EV_106
308.528,8.0,18.24,4540.0,0,3.974,1,69.6,4.192,88.4,55.2,185.0,EV_106,0.0,740,0.0,DR402462_10,65.0,96627.24,DR402462,173.9,0.0,65.0,D,SimuProB-1,EV_106
305.22,14.0,18.24,4680.0,0,3.962,1,69.59,4.195,91.2,72.3,185.0,EV_106,0.0,750,0.0,DR402462_10,65.0,96627.49,DR402462,173.9,0.0,65.0,D,SimuProB-1,EV_106
303.987,30.0,18.24,5210.0,0,3.954,1,69.56,4.197,101.4,98.7,185.0,EV_106,0.0,760,0.0,DR402462_10,65.0,96627.77,DR402462,173.9,0.0,65.0,D,SimuProB-1,EV_106
305.922,9.0,18.24,4600.0,0,3.97,1,69.56,4.193,89.6,58.9,185.0,EV_106,0.0,770,0.0,DR402462_10,65.0,96628.02,DR402462,173.9,0.0,65.0,D,SimuProB-1,EV_106
304.25,18.0,18.24,4810.0,0,3.965,1,69.55,4.196,93.5,85.2,185.0,EV_106,0.0,780,0.0,DR402462_10,65.0,96628.28,DR402462,173.9,0.0,65.0,D,SimuProB-1,EV_106
300.97,45.0,18.24,5050.0,0,3.952,1,69.52,4.198,98.2,115.5,185.0,EV_106,0.0,790,0.0,DR402462_10,65.0,96628.55,DR402462,173.9,0.0,65.0,D,SimuProB-1,EV_106
306.886,5.0,18.24,4390.0,0,3.978,1,69.51,4.191,85.4,45.3,185.0,EV_106,0.0,800,0.0,DR402462_10,65.0,96628.79,DR402462,173.9,0.0,65.0,D,SimuProB-1,EV_106
302.11,35.0,18.24,4980.0,0,3.958,1,69.5,4.195,96.8,105.4,185.0,EV_106,0.0,810,0.0,DR402462_10,65.0,96629.06,DR402462,173.9,0.0,65.0,D,SimuProB-1,EV_106
308.54,8.0,18.24,4430.0,0,3.982,1,69.49,4.19,86.2,42.1,185.0,EV_106,0.0,820,0.0,DR402462_10,65.0,96629.3,DR402462,173.9,0.0,65.0,D,SimuProB-1,EV_106
306.26,15.0,18.24,4710.0,0,3.975,1,69.49,4.192,91.5,62.5,185.0,EV_106,0.0,830,0.0,DR402462_10,65.0,96629.55,DR402462,173.9,0.0,65.0,D,SimuProB-1,EV_106
303.499,38.0,18.24,4860.0,0,3.968,1,69.48,4.193,94.3,95.2,185.0,EV_106,0.0,840,0.0,DR402462_10,65.0,96629.81,DR402462,173.9,0.0,65.0,D,SimuProB-1,EV_106
304.79,22.0,18.24,4560.0,0,3.98,1,69.47,4.19,88.7,55.8,185.0,EV_106,0.0,850,0.0,DR402462_10,65.0,96630.06,DR402462,173.9,0.0,65.0,D,SimuProB-1,EV_106
301.526,65.0,18.24,5280.0,0,3.962,1,69.44,4.195,102.5,125.6,185.0,EV_106,0.0,860,0.0,DR402462_10,65.0,96630.34,DR402462,173.9,0.0,65.0,D,SimuProB-1,EV_106
300.0,72.0,18.24,5590.0,0,3.958,1,69.4,4.196,108.4,142.5,185.0,EV_106,0.0,870,0.0,DR402462_10,65.0,96630.64,DR402462,173.9,0.0,65.0,D,SimuProB-1,EV_106
302.81,45.0,18.24,5420.0,0,3.965,1,69.37,4.194,105.2,98.3,185.0,EV_106,0.0,880,0.0,DR402462_10,65.0,96630.93,DR402462,173.9,0.0,65.0,D,SimuProB-1,EV_106
306.816,28.0,18.24,5080.0,0,3.972,1,69.36,4.192,98.5,65.2,185.0,EV_106,0.0,890,0.0,DR402462_10,65.0,96631.21,DR402462,173.9,0.0,65.0,D,SimuProB-1,EV_106
304.982,32.0,18.24,4910.0,0,3.975,1,69.33,4.19,95.2,72.5,185.0,EV_106,0.0,900,0.0,DR402462_10,65.0,96631.47,DR402462,173.9,0.0,65.0,D,SimuProB-1,EV_106
308.044,25.0,18.24,4730.0,0,3.982,1,69.33,4.188,91.8,58.3,185.0,EV_106,0.0,910,0.0,DR402462_10,65.0,96631.73,DR402462,173.9,0.0,65.0,D,SimuProB-1,EV_106
303.594,55.0,18.24,5130.0,0,3.968,1,69.31,4.195,99.5,115.4,185.0,EV_106,0.0,920,0.0,DR402462_10,65.0,96632.01,DR402462,173.9,0.0,65.0,D,SimuProB-1,EV_106
306.175,22.0,18.24,4560.0,0,3.985,1,69.3,4.189,88.4,45.2,185.0,EV_106,0.0,930,0.0,DR402462_10,65.0,96632.26,DR402462,173.9,0.0,65.0,D,SimuProB-1,EV_106
302.577,38.0,18.24,4980.0,0,3.97,1,69.27,4.193,96.7,82.6,185.0,EV_106,0.0,940,0.0,DR402462_10,65.0,96632.52,DR402462,173.9,0.0,65.0,D,SimuProB-1,EV_106
304.74,29.0,18.24,4800.0,0,3.978,1,69.26,4.191,93.1,61.5,185.0,EV_106,0.0,950,0.0,DR402462_10,65.0,96632.78,DR402462,173.9,0.0,65.0,D,SimuProB-1,EV_106
304.833,26.0,18.24,4660.0,0,3.975,1,69.24,4.192,90.5,55.0,185.0,EV_106,0.0,960,0.0,DR402462_10,65.0,96633.03,DR402462,173.9,0.0,65.0,D,SimuProB-1,EV_106
308.042,0.0,18.24,4390.0,0,3.98,1,69.23,4.195,85.2,-25.0,185.0,EV_106,0.04,970,15.0,DR402462_10,65.0,96633.27,DR402462,173.9,0.0,65.0,D,SimuProB-1,EV_106
304.362,42.0,18.24,5070.0,0,3.965,1,69.2,4.19,98.4,78.0,185.0,EV_106,0.0,980,0.0,DR402462_10,65.0,96633.54,DR402462,173.9,0.0,65.0,D,SimuProB-1,EV_106
301.994,55.0,18.24,5280.0,0,3.968,1,69.18,4.192,102.5,95.4,185.0,EV_106,0.0,990,0.0,DR402462_10,65.0,96633.82,DR402462,173.9,0.0,65.0,D,SimuProB-1,EV_106
305.351,22.0,18.24,4560.0,0,3.972,1,69.16,4.194,88.4,45.2,185.0,EV_106,0.0,1000,0.0,DR402462_10,65.0,96634.07,DR402462,173.9,0.0,65.0,D,SimuProB-1,EV_106
303.737,48.0,18.24,5140.0,0,3.965,1,69.15,4.191,99.8,88.7,185.0,EV_106,0.0,1010,0.0,DR402462_10,65.0,96634.35,DR402462,173.9,0.0,65.0,D,SimuProB-1,EV_106
302.271,45.0,18.24,5180.0,0,3.966,1,69.13,4.193,100.5,92.3,185.0,EV_106,0.0,1020,0.0,DR402462_10,65.0,96634.63,DR402462,173.9,0.0,65.0,D,SimuProB-1,EV_106
300.417,58.0,18.24,5380.0,0,3.962,1,69.1,4.195,104.2,105.6,185.0,EV_106,0.0,1030,0.0,DR402462_10,65.0,96634.92,DR402462,173.9,0.0,65.0,D,SimuProB-1,EV_106
304.313,20.0,18.24,4630.0,0,3.968,1,69.08,4.194,89.8,38.5,185.0,EV_106,0.0,1040,0.0,DR402462_10,65.0,96635.17,DR402462,173.9,0.0,65.0,D,SimuProB-1,EV_106
305.422,24.0,18.24,4670.0,0,3.969,1,69.05,4.195,90.5,42.5,185.0,EV_106,0.0,1050,0.0,DR402462_10,65.0,96635.42,DR402462,173.9,0.0,65.0,D,SimuProB-1,EV_106
303.691,32.0,18.24,4860.0,0,3.967,1,69.05,4.193,94.2,55.3,185.0,EV_106,0.0,1060,0.0,DR402462_10,65.0,96635.68,DR402462,173.9,0.0,65.0,D,SimuProB-1,EV_106
302.372,38.0,18.24,5080.0,0,3.965,1,69.05,4.192,98.6,68.1,185.0,EV_106,0.0,1070,0.0,DR402462_10,65.0,96635.96,DR402462,173.9,0.0,65.0,D,SimuProB-1,EV_106
301.225,42.0,18.24,5190.0,0,3.963,1,69.02,4.191,100.8,75.4,185.0,EV_106,0.0,1080,0.0,DR402462_10,65.0,96636.24,DR402462,173.9,0.0,65.0,D,SimuProB-1,EV_106
300.0,55.0,18.24,5480.0,0,3.96,1,69.02,4.189,106.5,92.6,185.0,EV_106,0.0,1090,0.0,DR402462_10,65.0,96636.54,DR402462,173.9,0.0,65.0,D,SimuProB-1,EV_106
300.0,72.0,18.24,5790.0,0,3.958,1,69.01,4.187,112.3,115.2,185.0,EV_106,0.0,1100,0.0,DR402462_10,65.0,96636.85,DR402462,173.9,0.0,65.0,D,SimuProB-1,EV_106
300.0,85.0,18.24,6000.0,0,3.955,1,68.99,4.185,116.8,142.5,185.0,EV_106,0.0,1110,0.0,DR402462_10,65.0,96637.17,DR402462,173.9,0.0,65.0,D,SimuProB-1,EV_106
300.0,80.0,18.24,6000.0,0,3.954,1,68.95,4.184,118.2,128.4,185.0,EV_106,0.0,1120,0.0,DR402462_10,65.0,96637.5,DR402462,173.9,0.0,65.0,D,SimuProB-1,EV_106
300.0,75.0,18.24,5880.0,0,3.953,1,68.95,4.183,114.5,110.5,185.0,EV_106,0.0,1130,0.0,DR402462_10,65.0,96637.82,DR402462,173.9,0.0,65.0,D,SimuProB-1,EV_106
332.894,70.0,18.24,5800.0,0,3.952,1,68.94,4.182,112.8,118.4,185.0,EV_106,0.0,1140,0.0,DR402462_10,65.0,96638.13,DR402462,173.9,0.0,65.0,D,SimuProB-1,EV_106
328.471,78.0,18.24,5980.0,0,3.95,1,68.92,4.18,116.2,135.6,185.0,EV_106,0.0,1150,0.0,DR402462_10,65.0,96638.46,DR402462,173.9,0.0,65.0,D,SimuProB-1,EV_106
340.445,0.0,18.24,5580.0,0,3.953,1,68.89,4.183,108.5,-25.3,185.0,EV_106,0.04,1160,15.0,DR402462_10,65.0,96638.76,DR402462,173.9,0.0,65.0,D,SimuProB-1,EV_106
337.999,72.0,18.24,5940.0,0,3.952,1,68.86,4.182,115.4,125.6,185.0,EV_106,0.0,1170,0.0,DR402462_10,65.0,96639.08,DR402462,173.9,0.0,65.0,D,SimuProB-1,EV_106
336.141,82.0,18.24,6000.0,0,3.951,1,68.85,4.181,117.8,142.3,185.0,EV_106,0.0,1180,0.0,DR402462_10,65.0,96639.41,DR402462,173.9,0.0,65.0,D,SimuProB-1,EV_106
342.206,0.0,18.24,5620.0,0,3.953,1,68.83,4.183,109.2,-18.7,185.0,EV_106,0.06,1190,12.0,DR402462_10,65.0,96639.71,DR402462,173.9,0.0,65.0,D,SimuProB-1,EV_106
327.294,85.0,18.24,6000.0,0,3.95,1,68.8,4.181,118.5,148.2,185.0,EV_106,0.0,1200,0.0,DR402462_10,65.0,96640.04,DR402462,173.9,0.0,65.0,D,SimuProB-1,EV_106
338.432,0.0,18.24,5700.0,0,3.952,1,68.79,4.182,110.8,-22.1,185.0,EV_106,0.05,1210,18.0,DR402462_10,65.0,96640.35,DR402462,173.9,0.0,65.0,D,SimuProB-1,EV_106
329.501,75.0,18.24,5980.0,0,3.949,1,68.76,4.18,116.2,132.4,185.0,EV_106,0.0,1220,0.0,DR402462_10,65.0,96640.67,DR402462,173.9,0.0,65.0,D,SimuProB-1,EV_106
335.898,80.0,18.24,5990.0,0,3.948,1,68.7,4.18,119.5,145.5,185.0,EV_106,0.0,1230,0.0,DR402462_10,46.5,96641.0,DR402462,173.9,0.0,48.2,D,SimuProB-1,EV_106
328.724,88.0,18.24,6000.0,0,3.945,1,68.66,4.179,120.0,155.2,185.0,EV_106,0.0,1240,0.0,DR402462_10,46.8,96641.34,DR402462,173.9,0.0,48.5,D,SimuProB-1,EV_106
339.942,0.0,18.24,5850.0,0,3.95,1,68.64,4.182,112.5,-15.4,185.0,EV_106,0.07,1250,15.0,DR402462_10,46.9,96641.65,DR402462,173.9,0.0,48.6,D,SimuProB-1,EV_106
348.656,0.0,18.24,5650.0,0,3.951,1,68.62,4.181,108.3,-12.5,185.0,EV_106,0.04,1260,10.0,DR402462_10,47.0,96641.95,DR402462,173.9,0.0,48.7,D,SimuProB-1,EV_106
362.173,35.0,18.24,5350.0,0,3.948,1,68.58,4.18,102.5,65.4,185.0,EV_106,0.0,1270,0.0,DR402462_10,47.2,96642.24,DR402462,173.9,0.0,48.9,D,SimuProB-1,EV_106
368.729,45.0,18.24,5570.0,0,3.946,1,68.57,4.179,106.8,82.1,185.0,EV_106,0.0,0,0.0,DR402462_11,47.4,96642.53,DR402462,173.9,0.0,49.1,D,SimuProB-1,EV_106
365.174,48.0,18.24,5590.0,0,3.945,1,68.54,4.178,107.2,78.5,185.0,EV_106,0.0,10,0.0,DR402462_11,47.5,96642.83,DR402462,173.9,0.0,49.2,D,SimuProB-1,EV_106
361.349,62.0,18.24,5810.0,0,3.943,1,68.54,4.177,111.5,92.3,185.0,EV_106,0.0,20,0.0,DR402462_11,47.7,96643.14,DR402462,173.9,0.0,49.4,D,SimuProB-1,EV_106
367.618,42.0,18.24,5630.0,0,3.942,1,68.53,4.176,108.0,68.9,185.0,EV_106,0.0,30,0.0,DR402462_11,47.8,96643.44,DR402462,173.9,0.0,49.5,D,SimuProB-1,EV_106
364.701,46.0,18.24,5705.0,0,3.941,1,68.53,4.175,109.4,74.6,185.0,EV_106,0.0,40,0.0,DR402462_11,48.0,96643.74,DR402462,173.9,0.0,49.7,D,SimuProB-1,EV_106
361.098,58.0,18.24,5882.0,0,3.939,1,68.5,4.174,112.8,88.4,185.0,EV_106,0.0,50,0.0,DR402462_11,48.2,96644.06,DR402462,173.9,0.0,49.9,D,SimuProB-1,EV_106
366.17,38.0,18.24,5560.0,0,3.938,1,68.5,4.173,106.5,62.5,185.0,EV_106,0.0,60,0.0,DR402462_11,48.3,96644.35,DR402462,173.9,0.0,50.0,D,SimuProB-1,EV_106
365.606,45.0,18.24,5648.0,0,3.94,1,68.5,4.175,108.2,71.5,185.0,EV_106,0.0,70,0.0,DR402462_11,48.4,96644.65,DR402462,173.9,0.0,50.1,D,SimuProB-1,EV_106
363.121,55.0,18.24,5768.0,0,3.939,1,68.5,4.174,110.5,85.2,185.0,EV_106,0.0,80,0.0,DR402462_11,48.5,96644.96,DR402462,173.9,0.0,50.3,D,SimuProB-1,EV_106
368.393,32.0,18.24,5475.0,0,3.938,1,68.5,4.173,104.8,58.4,185.0,EV_106,0.0,90,0.0,DR402462_11,48.6,96645.25,DR402462,173.9,0.0,50.4,D,SimuProB-1,EV_106
366.94,34.0,18.24,5496.0,0,3.939,1,68.49,4.174,105.2,65.3,185.0,EV_106,0.0,100,0.0,DR402462_11,48.7,96645.54,DR402462,173.9,0.0,50.5,D,SimuProB-1,EV_106
364.348,52.0,18.24,5826.0,0,3.938,1,68.49,4.175,111.5,82.1,185.0,EV_106,0.0,110,0.0,DR402462_11,48.8,96645.85,DR402462,173.9,0.0,50.7,D,SimuProB-1,EV_106
369.648,28.0,18.24,5349.0,0,3.939,1,68.49,4.173,102.4,55.8,185.0,EV_106,0.0,120,0.0,DR402462_11,48.9,96646.14,DR402462,173.9,0.0,50.8,D,SimuProB-1,EV_106
367.837,38.0,18.24,5583.0,0,3.938,1,68.46,4.175,106.8,72.5,185.0,EV_106,0.0,130,0.0,DR402462_11,49.0,96646.44,DR402462,173.9,0.0,50.9,D,SimuProB-1,EV_106
365.378,56.0,18.24,5881.0,0,3.937,1,68.45,4.174,112.5,88.4,185.0,EV_106,0.0,140,0.0,DR402462_11,49.1,96646.75,DR402462,173.9,0.0,51.0,D,SimuProB-1,EV_106
369.147,30.0,18.24,5414.0,0,3.938,1,68.45,4.173,103.6,61.2,185.0,EV_106,0.0,150,0.0,DR402462_11,49.2,96647.04,DR402462,173.9,0.0,51.1,D,SimuProB-1,EV_106
363.739,65.0,18.24,5971.0,0,3.936,1,68.43,4.176,114.2,95.2,185.0,EV_106,0.0,160,0.0,DR402462_11,49.3,96647.36,DR402462,173.9,0.0,51.2,D,SimuProB-1,EV_106
367.0,42.0,18.24,5672.0,0,3.937,1,68.41,4.175,108.5,78.4,185.0,EV_106,0.0,170,0.0,DR402462_11,49.4,96647.66,DR402462,173.9,0.0,51.3,D,SimuProB-1,EV_106
360.94,75.0,18.24,6098.0,0,3.935,1,68.41,4.177,118.4,105.6,185.0,EV_106,0.0,180,0.0,DR402462_11,49.5,96647.99,DR402462,173.9,0.0,51.5,D,SimuProB-1,EV_106
364.668,72.0,18.24,6021.0,0,3.936,1,68.39,4.176,116.8,92.3,185.0,EV_106,0.0,190,0.0,DR402462_11,49.6,96648.31,DR402462,173.9,0.0,51.6,D,SimuProB-1,EV_106
360.886,85.0,18.24,6250.0,0,3.934,1,68.37,4.178,122.5,115.8,185.0,EV_106,0.0,200,0.0,DR402462_11,49.8,96648.65,DR402462,173.9,0.0,51.8,D,SimuProB-1,EV_106
366.965,45.0,18.24,5635.0,0,3.937,1,68.36,4.175,109.2,70.5,185.0,EV_106,0.0,210,0.0,DR402462_11,49.9,96648.96,DR402462,173.9,0.0,51.9,D,SimuProB-1,EV_106
363.46,50.0,18.24,5800.0,0,3.936,1,68.34,4.176,112.4,85.2,185.0,EV_106,0.0,220,0.0,DR402462_11,50.0,96649.27,DR402462,173.9,0.0,52.0,D,SimuProB-1,EV_106
361.622,78.0,18.24,6120.0,0,3.934,1,68.3,4.178,118.8,110.5,185.0,EV_106,0.0,230,0.0,DR402462_11,50.2,96649.6,DR402462,173.9,0.0,52.2,D,SimuProB-1,EV_106
365.739,0.0,18.24,5430.0,0,3.935,1,68.27,4.179,105.5,-25.4,185.0,EV_106,0.05,240,15.0,DR402462_11,50.3,96649.9,DR402462,173.9,0.0,52.3,D,SimuProB-1,EV_106
368.263,0.0,18.24,5265.0,0,3.937,1,68.22,4.18,102.3,-18.2,185.0,EV_106,0.04,250,12.0,DR402462_11,50.3,96650.18,DR402462,173.9,0.0,52.3,D,SimuProB-1,EV_106
371.462,0.0,18.24,4940.0,0,3.939,1,68.21,4.182,95.8,-32.5,185.0,EV_106,0.06,260,28.0,DR402462_11,50.4,96650.45,DR402462,173.9,0.0,52.4,D,SimuProB-1,EV_106
370.111,35.0,18.24,5075.0,0,3.935,1,68.16,4.178,98.5,45.6,185.0,EV_106,0.0,270,0.0,DR402462_11,50.5,96650.72,DR402462,173.9,0.0,52.5,D,SimuProB-1,EV_106
369.783,65.0,18.24,5580.0,0,3.936,1,68.1,4.179,108.2,95.2,185.0,EV_106,0.0,280,0.0,DR402462_11,50.6,96651.02,DR402462,173.9,0.0,52.6,D,SimuProB-1,EV_106
372.391,45.0,18.24,5400.0,0,3.938,1,68.05,4.181,105.0,82.5,185.0,EV_106,0.0,290,0.0,DR402462_11,50.7,96651.31,DR402462,173.9,0.0,52.7,D,SimuProB-1,EV_106
374.773,40.0,18.24,5275.0,0,3.94,1,68.0,4.182,102.5,75.8,185.0,EV_106,0.0,300,0.0,DR402462_11,50.8,96651.6,DR402462,173.9,0.0,52.8,D,SimuProB-1,EV_106
373.503,55.0,18.24,5488.0,0,3.941,1,67.92,4.183,106.4,88.4,185.0,EV_106,0.0,310,0.0,DR402462_11,50.9,96651.9,DR402462,173.9,0.0,52.9,D,SimuProB-1,EV_106
372.091,60.0,18.24,5610.0,0,3.942,1,67.84,4.184,108.8,92.1,185.0,EV_106,0.0,320,0.0,DR402462_11,51.0,96652.2,DR402462,173.9,0.0,53.0,D,SimuProB-1,EV_106
374.445,42.0,18.24,5368.0,0,3.94,1,67.79,4.182,104.2,78.5,185.0,EV_106,0.0,330,0.0,DR402462_11,51.1,96652.49,DR402462,173.9,0.0,53.1,D,SimuProB-1,EV_106
374.133,48.0,18.24,5540.0,0,3.941,1,67.72,4.183,107.5,85.6,185.0,EV_106,0.0,340,0.0,DR402462_11,51.2,96652.79,DR402462,173.9,0.0,53.2,D,SimuProB-1,EV_106
371.667,62.0,18.24,5680.0,0,3.943,1,67.67,4.185,110.2,95.2,185.0,EV_106,0.0,350,0.0,DR402462_11,51.3,96653.09,DR402462,173.9,0.0,53.3,D,SimuProB-1,EV_106
375.01,38.0,18.24,5350.0,0,3.94,1,67.62,4.182,103.8,72.4,185.0,EV_106,0.0,360,0.0,DR402462_11,51.4,96653.38,DR402462,173.9,0.0,53.4,D,SimuProB-1,EV_106
372.953,45.0,18.24,5495.0,0,3.941,1,67.57,4.184,106.5,88.4,185.0,EV_106,0.0,370,0.0,DR402462_11,51.5,96653.68,DR402462,173.9,0.0,53.5,D,SimuProB-1,EV_106
375.833,35.0,18.24,5285.0,0,3.942,1,67.52,4.183,102.4,76.2,185.0,EV_106,0.0,380,0.0,DR402462_11,51.6,96653.96,DR402462,173.9,0.0,53.6,D,SimuProB-1,EV_106
373.07,58.0,18.24,5665.0,0,3.94,1,67.47,4.185,109.8,91.8,185.0,EV_106,0.0,390,0.0,DR402462_11,51.7,96654.27,DR402462,173.9,0.0,53.7,D,SimuProB-1,EV_106
374.114,42.0,18.24,5545.0,0,3.942,1,67.42,4.183,107.5,82.5,185.0,EV_106,0.0,400,0.0,DR402462_11,51.8,96654.57,DR402462,173.9,0.0,53.8,D,SimuProB-1,EV_106
372.683,55.0,18.24,5795.0,0,3.941,1,67.36,4.184,112.3,98.1,185.0,EV_106,0.0,410,0.0,DR402462_11,52.0,96654.88,DR402462,173.9,0.0,54.0,D,SimuProB-1,EV_106
376.058,32.0,18.24,5405.0,0,3.943,1,67.34,4.182,104.8,65.3,185.0,EV_106,0.0,420,0.0,DR402462_11,52.1,96655.17,DR402462,173.9,0.0,54.1,D,SimuProB-1,EV_106
372.405,62.0,18.24,5900.0,0,3.938,1,67.27,4.186,114.5,102.5,185.0,EV_106,0.0,430,0.0,DR402462_11,52.2,96655.49,DR402462,173.9,0.0,54.2,D,SimuProB-1,EV_106
370.458,85.0,18.24,6000.0,0,3.932,1,67.14,4.188,118.2,145.2,185.0,EV_106,0.0,440,0.0,DR402462_11,52.5,96655.82,DR402462,173.9,0.0,54.5,D,SimuProB-1,EV_106
368.463,78.0,18.24,6000.0,0,3.93,1,67.01,4.187,117.5,138.6,185.0,EV_106,0.0,450,0.0,DR402462_11,52.8,96656.14,DR402462,173.9,0.0,54.8,D,SimuProB-1,EV_106
369.135,70.0,18.24,5940.0,0,3.931,1,66.93,4.186,115.2,125.5,185.0,EV_106,0.0,460,0.0,DR402462_11,53.0,96656.46,DR402462,173.9,0.0,55.0,D,SimuProB-1,EV_106
373.361,45.0,18.24,5595.0,0,3.935,1,66.89,4.185,108.5,85.2,185.0,EV_106,0.0,470,0.0,DR402462_11,53.1,96656.76,DR402462,173.9,0.0,55.1,D,SimuProB-1,EV_106
377.834,0.0,18.24,5260.0,0,3.938,1,66.87,4.184,102.1,-25.4,185.0,EV_106,0.05,480,15.0,DR402462_11,53.2,96657.04,DR402462,173.9,0.0,55.2,D,SimuProB-1,EV_106
378.863,55.0,18.24,5445.0,0,3.94,1,66.83,4.183,105.8,95.0,185.0,EV_106,0.0,490,0.0,DR402462_11,53.3,96657.33,DR402462,173.9,0.0,55.3,D,SimuProB-1,EV_106
375.8,65.0,18.24,5590.0,0,3.942,1,66.8,4.182,108.5,110.5,185.0,EV_106,0.0,500,0.0,DR402462_11,53.5,96657.64,DR402462,173.9,0.0,55.5,D,SimuProB-1,EV_106
374.935,72.0,18.24,5770.0,0,3.945,1,66.79,4.181,112.0,120.0,185.0,EV_106,0.0,510,0.0,DR402462_11,53.7,96657.95,DR402462,173.9,0.0,55.7,D,SimuProB-1,EV_106
372.968,75.0,18.24,5880.0,0,3.948,1,66.77,4.18,114.2,125.4,185.0,EV_106,0.0,520,0.0,DR402462_11,53.9,96658.27,DR402462,173.9,0.0,55.9,D,SimuProB-1,EV_106
371.634,78.0,18.24,5990.0,0,3.95,1,66.76,4.178,116.5,135.8,185.0,EV_106,0.0,530,0.0,DR402462_11,54.1,96658.59,DR402462,173.9,0.0,56.1,D,SimuProB-1,EV_106
369.932,80.0,18.24,6000.0,0,3.952,1,66.74,4.175,118.0,142.1,185.0,EV_106,0.0,540,0.0,DR402462_11,54.3,96658.92,DR402462,173.9,0.0,56.3,D,SimuProB-1,EV_106
368.269,82.0,18.24,6000.0,0,3.955,1,66.69,4.172,119.2,148.5,185.0,EV_106,0.0,550,0.0,DR402462_11,54.5,96659.25,DR402462,173.9,0.0,56.5,D,SimuProB-1,EV_106
366.142,80.0,18.24,5960.0,0,3.958,1,66.67,4.17,118.5,152.0,185.0,EV_106,0.0,560,0.0,DR402462_11,54.7,96659.58,DR402462,173.9,0.0,56.7,D,SimuProB-1,EV_106
364.795,78.0,18.24,5885.0,0,3.96,1,66.65,4.168,117.0,145.2,185.0,EV_106,0.0,570,0.0,DR402462_11,54.9,96659.91,DR402462,173.9,0.0,56.9,D,SimuProB-1,EV_106
363.591,72.0,18.24,5800.0,0,3.962,1,66.61,4.165,115.2,138.5,185.0,EV_106,0.0,580,0.0,DR402462_11,55.1,96660.23,DR402462,173.9,0.0,57.1,D,SimuProB-1,EV_106
365.471,0.0,18.24,5650.0,0,3.968,1,66.57,4.17,112.5,-25.4,185.0,EV_106,0.05,590,15.0,DR402462_11,55.0,96660.54,DR402462,173.9,0.0,57.0,D,SimuProB-1,EV_106
362.406,85.0,18.24,5950.0,0,3.955,1,66.55,4.162,118.5,145.0,185.0,EV_106,0.0,600,0.0,DR402462_11,55.3,96660.87,DR402462,173.9,0.0,57.3,D,SimuProB-1,EV_106
363.722,82.0,18.24,6010.0,0,3.958,1,66.52,4.165,119.8,148.5,185.0,EV_106,0.0,610,0.0,DR402462_11,55.5,96661.2,DR402462,173.9,0.0,57.5,D,SimuProB-1,EV_106
362.25,88.0,18.24,6075.0,0,3.952,1,66.49,4.168,121.0,155.2,185.0,EV_106,0.0,620,0.0,DR402462_11,55.8,96661.54,DR402462,173.9,0.0,57.8,D,SimuProB-1,EV_106
364.542,0.0,18.24,5750.0,0,3.965,1,66.48,4.172,114.5,-35.8,185.0,EV_106,0.06,630,18.0,DR402462_11,55.7,96661.86,DR402462,173.9,0.0,57.7,D,SimuProB-1,EV_106
361.874,75.0,18.24,5980.0,0,3.96,1,66.47,4.175,119.2,142.3,185.0,EV_106,0.0,640,0.0,DR402462_11,56.0,96662.19,DR402462,173.9,0.0,58.0,D,SimuProB-1,EV_106
359.83,92.0,18.24,6125.0,0,3.95,1,66.46,4.17,122.5,165.7,185.0,EV_106,0.0,650,0.0,DR402462_11,56.3,96662.53,DR402462,173.9,0.0,58.3,D,SimuProB-1,EV_106
364.026,0.0,18.24,5675.0,0,3.962,1,66.45,4.178,113.0,-28.5,185.0,EV_106,0.05,660,12.0,DR402462_11,56.2,96662.85,DR402462,173.9,0.0,58.2,D,SimuProB-1,EV_106
362.221,70.0,18.24,5950.0,0,3.958,1,66.44,4.172,118.5,148.6,185.0,EV_106,0.0,670,0.0,DR402462_11,56.5,96663.18,DR402462,173.9,0.0,58.5,D,SimuProB-1,EV_106
358.861,90.0,18.24,6160.0,0,3.948,1,66.42,4.168,123.2,162.3,185.0,EV_106,0.0,680,0.0,DR402462_11,56.8,96663.52,DR402462,173.9,0.0,58.8,D,SimuProB-1,EV_106
364.036,0.0,18.24,5640.0,0,3.96,1,66.42,4.175,112.5,-32.1,185.0,EV_106,0.07,690,15.0,DR402462_11,56.7,96663.83,DR402462,173.9,0.0,58.7,D,SimuProB-1,EV_106
357.57,75.0,18.24,6025.0,0,3.945,1,66.4,4.165,119.8,158.2,185.0,EV_106,0.0,700,0.0,DR402462_11,57.0,96664.16,DR402462,173.9,0.0,59.0,D,SimuProB-1,EV_106
361.753,0.0,18.24,5530.0,0,3.955,1,66.39,4.17,110.2,-25.4,185.0,EV_106,0.06,710,10.0,DR402462_11,56.9,96664.47,DR402462,173.9,0.0,58.9,D,SimuProB-1,EV_106
356.152,88.0,18.24,6100.0,0,3.94,1,66.36,4.16,121.5,172.5,185.0,EV_106,0.0,720,0.0,DR402462_11,57.2,96664.81,DR402462,173.9,0.0,59.2,D,SimuProB-1,EV_106
356.994,85.0,18.24,6050.0,0,3.942,1,66.32,4.162,120.5,145.5,185.0,EV_106,0.0,730,0.0,DR402462_11,57.3,96665.14,DR402462,173.9,0.0,59.3,D,SimuProB-1,EV_106
353.157,70.0,18.24,5800.0,0,3.935,1,66.3,4.158,115.0,168.0,185.0,EV_106,0.0,740,0.0,DR402462_11,57.5,96665.46,DR402462,173.9,0.0,59.5,D,SimuProB-1,EV_106
359.72,0.0,18.24,5450.0,0,3.958,1,66.3,4.172,108.0,-28.5,185.0,EV_106,0.08,750,12.0,DR402462_11,57.4,96665.76,DR402462,173.9,0.0,59.4,D,SimuProB-1,EV_106
358.824,82.0,18.24,5950.0,0,3.945,1,66.28,4.165,118.5,155.2,185.0,EV_106,0.0,760,0.0,DR402462_11,57.6,96666.09,DR402462,173.9,0.0,59.6,D,SimuProB-1,EV_106
353.884,65.0,18.24,5650.0,0,3.938,1,66.26,4.155,112.0,175.8,185.0,EV_106,0.0,770,0.0,DR402462_11,57.8,96666.4,DR402462,173.9,0.0,59.8,D,SimuProB-1,EV_106
355.823,78.0,18.24,5850.0,0,3.94,1,66.22,4.16,116.0,140.5,185.0,EV_106,0.0,780,0.0,DR402462_11,57.9,96666.72,DR402462,173.9,0.0,59.9,D,SimuProB-1,EV_106
354.243,75.0,18.24,5900.0,0,3.942,1,66.2,4.162,117.5,162.4,185.0,EV_106,0.0,790,0.0,DR402462_11,58.1,96667.05,DR402462,173.9,0.0,60.1,D,SimuProB-1,EV_106
356.246,0.0,18.24,5600.0,0,3.948,1,66.18,4.168,111.0,-15.2,185.0,EV_106,0.06,800,8.0,DR402462_11,58.2,96667.35,DR402462,173.9,0.0,60.2,D,SimuProB-1,EV_106
353.074,88.0,18.24,6000.0,0,3.932,1,66.16,4.152,119.0,178.5,185.0,EV_106,0.0,810,0.0,DR402462_11,58.5,96667.69,DR402462,173.9,0.0,60.5,D,SimuProB-1,EV_106
351.108,72.0,18.24,5980.0,0,3.93,1,66.13,4.15,118.5,185.4,185.0,EV_106,0.0,820,0.0,DR402462_11,58.7,96668.02,DR402462,173.9,0.0,60.7,D,SimuProB-1,EV_106
351.908,55.0,18.24,5680.0,0,3.935,1,66.12,4.155,112.0,145.2,185.0,EV_106,0.0,830,0.0,DR402462_11,58.8,96668.33,DR402462,173.9,0.0,60.8,D,SimuProB-1,EV_106
350.796,85.0,18.24,6050.0,0,3.928,1,66.08,4.148,120.0,170.8,185.0,EV_106,0.0,840,0.0,DR402462_11,59.0,96668.66,DR402462,173.9,0.0,61.0,D,SimuProB-1,EV_106
349.349,65.0,18.24,5800.0,0,3.925,1,66.03,4.145,115.0,165.0,185.0,EV_106,0.0,850,0.0,DR402462_11,59.2,96668.98,DR402462,173.9,0.0,61.2,D,SimuProB-1,EV_106
350.947,50.0,18.24,5450.0,0,3.932,1,65.99,4.152,108.0,140.0,185.0,EV_106,0.0,860,0.0,DR402462_11,59.4,96669.28,DR402462,173.9,0.0,61.4,D,SimuProB-1,EV_106
351.775,35.0,18.24,4800.0,0,3.938,1,65.96,4.158,95.0,110.0,185.0,EV_106,0.0,870,0.0,DR402462_11,59.5,96669.54,DR402462,173.9,0.0,61.5,D,SimuProB-1,EV_106
351.259,38.0,18.24,4950.0,0,3.94,1,65.92,4.16,98.0,115.5,185.0,EV_106,0.0,880,0.0,DR402462_11,59.7,96669.81,DR402462,173.9,0.0,61.7,D,SimuProB-1,EV_106
350.092,48.0,18.24,5300.0,0,3.935,1,65.88,4.155,105.0,135.0,185.0,EV_106,0.0,890,0.0,DR402462_11,59.9,96670.1,DR402462,173.9,0.0,61.9,D,SimuProB-1,EV_106
348.829,60.0,18.24,5550.0,0,3.93,1,65.84,4.15,110.0,160.0,185.0,EV_106,0.0,900,0.0,DR402462_11,60.1,96670.41,DR402462,173.9,0.0,62.1,D,SimuProB-1,EV_106
347.913,65.0,18.24,5600.0,0,3.925,1,65.78,4.145,112.0,175.0,185.0,EV_106,0.0,910,0.0,DR402462_11,60.3,96670.72,DR402462,173.9,0.0,62.3,D,SimuProB-1,EV_106
346.59,70.0,18.24,5750.0,0,3.92,1,65.72,4.14,115.0,185.0,185.0,EV_106,0.0,920,0.0,DR402462_11,60.5,96671.04,DR402462,173.9,0.0,62.5,D,SimuProB-1,EV_106
345.215,75.0,18.24,5900.0,0,3.915,1,65.68,4.135,118.0,190.0,185.0,EV_106,0.0,930,0.0,DR402462_11,60.7,96671.37,DR402462,173.9,0.0,62.7,D,SimuProB-1,EV_106
343.413,78.0,18.24,5950.0,0,3.91,1,65.64,4.13,119.0,195.0,185.0,EV_106,0.0,940,0.0,DR402462_11,60.9,96671.7,DR402462,173.9,0.0,62.9,D,SimuProB-1,EV_106
341.664,75.0,18.24,5925.0,0,3.905,1,65.58,4.125,118.5,210.0,185.0,EV_106,0.0,950,0.0,DR402462_11,61.1,96672.03,DR402462,173.9,0.0,63.1,D,SimuProB-1,EV_106
344.821,0.0,18.24,5500.0,0,3.91,1,65.53,4.13,110.0,-25.0,185.0,EV_106,0.05,960,30.0,DR402462_11,61.2,96672.34,DR402462,173.9,0.0,63.2,D,SimuProB-1,EV_106
342.59,65.0,18.24,5600.0,0,3.905,1,65.48,4.125,112.0,145.0,185.0,EV_106,0.0,970,0.0,DR402462_11,61.4,96672.65,DR402462,173.9,0.0,63.4,D,SimuProB-1,EV_106
340.448,70.0,18.24,5725.0,0,3.9,1,65.44,4.12,114.5,160.0,185.0,EV_106,0.0,980,0.0,DR402462_11,61.6,96672.97,DR402462,173.9,0.0,63.6,D,SimuProB-1,EV_106
339.645,68.0,18.24,5650.0,0,3.895,1,65.4,4.115,113.0,155.0,185.0,EV_106,0.0,990,0.0,DR402462_11,61.8,96673.28,DR402462,173.9,0.0,63.8,D,SimuProB-1,EV_106
339.285,72.0,18.24,5750.0,0,3.89,1,65.35,4.11,115.0,165.0,185.0,EV_106,0.0,1000,0.0,DR402462_11,62.0,96673.6,DR402462,173.9,0.0,64.0,D,SimuProB-1,EV_106
337.065,80.0,18.24,5900.0,0,3.885,1,65.28,4.105,118.0,180.0,185.0,EV_106,0.0,1010,0.0,DR402462_11,62.2,96673.93,DR402462,173.9,0.0,64.2,D,SimuProB-1,EV_106
337.248,75.0,18.24,5850.0,0,3.88,1,65.22,4.1,117.0,175.0,185.0,EV_106,0.0,1020,0.0,DR402462_11,62.4,96674.25,DR402462,173.9,0.0,64.4,D,SimuProB-1,EV_106
336.27,82.0,18.24,5950.0,0,3.87,1,65.14,4.1,119.0,185.0,185.0,EV_106,0.0,1030,0.0,DR402462_11,62.6,96674.58,DR402462,173.9,0.0,64.6,D,SimuProB-1,EV_106
336.525,76.0,18.24,5825.0,0,3.865,1,65.08,4.095,116.5,170.0,185.0,EV_106,0.0,1040,0.0,DR402462_11,62.8,96674.9,DR402462,173.9,0.0,64.8,D,SimuProB-1,EV_106
337.386,0.0,18.24,5400.0,0,3.86,1,65.03,4.09,108.0,-15.0,185.0,EV_106,0.05,1050,45.0,DR402462_11,63.0,96675.2,DR402462,173.9,0.0,65.0,D,SimuProB-1,EV_106
337.839,65.0,18.24,5600.0,0,3.85,1,65.0,4.08,112.0,145.0,185.0,EV_106,0.0,1060,0.0,DR402462_11,63.2,96675.51,DR402462,173.9,0.0,65.0,D,SimuProB-1,EV_106
337.013,72.0,18.24,5750.0,0,3.84,1,65.0,4.07,115.0,165.0,185.0,EV_106,0.0,1070,0.0,DR402462_11,63.4,96675.83,DR402462,173.9,0.0,65.0,D,SimuProB-1,EV_106
336.498,85.0,18.24,5900.0,0,3.83,1,64.99,4.06,118.0,180.0,185.0,EV_106,0.0,1080,0.0,DR402462_11,63.6,96676.16,DR402462,173.9,0.0,65.0,D,SimuProB-1,EV_106
335.919,88.0,18.24,5960.0,0,3.825,1,64.98,4.055,119.2,185.0,185.0,EV_106,0.0,1090,0.0,DR402462_11,63.7,96676.49,DR402462,173.9,0.0,65.0,D,SimuProB-1,EV_106
334.541,92.0,18.24,6000.0,0,3.82,1,64.96,4.05,120.0,195.0,185.0,EV_106,0.0,1100,0.0,DR402462_11,63.8,96676.82,DR402462,173.9,0.0,65.0,D,SimuProB-1,EV_106
335.698,60.0,18.24,5725.0,0,3.825,1,64.96,4.055,114.5,140.0,185.0,EV_106,0.0,1110,0.0,DR402462_11,63.9,96677.14,DR402462,173.9,0.0,65.0,D,SimuProB-1,EV_106
337.985,35.0,18.24,5500.0,0,3.83,1,64.95,4.06,110.0,45.0,185.0,EV_106,0.0,1120,0.0,DR402462_11,64.0,96677.45,DR402462,173.9,0.0,65.0,D,SimuProB-1,EV_106
337.918,45.0,18.24,5650.0,0,3.835,1,64.93,4.065,113.0,55.0,185.0,EV_106,0.0,1130,0.0,DR402462_11,64.1,96677.76,DR402462,173.9,0.0,65.0,D,SimuProB-1,EV_106
336.48,80.0,18.24,6000.0,0,3.82,1,64.93,4.07,120.0,160.0,185.0,EV_106,0.0,1140,0.0,DR402462_11,64.3,96678.09,DR402462,173.9,0.0,65.0,D,SimuProB-1,EV_106
332.4,85.0,18.24,5900.0,0,3.81,1,64.88,4.08,118.0,185.0,185.0,EV_106,0.0,1150,0.0,DR402462_11,64.5,96678.42,DR402462,173.9,0.0,65.0,D,SimuProB-1,EV_106
338.255,25.0,18.24,5250.0,0,3.83,1,64.88,4.07,105.0,50.0,185.0,EV_106,0.0,1160,0.0,DR402462_11,64.6,96678.71,DR402462,173.9,0.0,65.0,D,SimuProB-1,EV_106
334.786,0.0,18.24,4600.0,0,3.8,1,64.87,4.06,92.0,-45.0,185.0,EV_106,0.08,1170,40.0,DR402462_11,64.7,96678.97,DR402462,173.9,0.0,65.0,D,SimuProB-1,EV_106
335.628,35.0,18.24,4900.0,0,3.825,1,64.86,4.065,98.0,65.0,185.0,EV_106,0.0,1180,0.0,DR402462_11,64.8,96679.24,DR402462,173.9,0.0,65.0,D,SimuProB-1,EV_106
337.288,40.0,18.24,5100.0,0,3.83,1,64.84,4.06,102.0,55.0,185.0,EV_106,0.0,1190,0.0,DR402462_11,64.9,96679.53,DR402462,173.9,0.0,65.0,D,SimuProB-1,EV_106
338.044,30.0,18.24,5000.0,0,3.835,1,64.84,4.07,100.0,48.0,185.0,EV_106,0.0,1200,0.0,DR402462_11,65.0,96679.8,DR402462,173.9,0.0,65.0,D,SimuProB-1,EV_106
337.985,32.0,18.24,5050.0,0,3.83,1,64.81,4.065,101.0,52.0,185.0,EV_106,0.0,1210,0.0,DR402462_11,65.0,96680.08,DR402462,173.9,0.0,65.0,D,SimuProB-1,EV_106
337.221,38.0,18.24,5150.0,0,3.825,1,64.81,4.07,103.0,58.0,185.0,EV_106,0.0,1220,0.0,DR402462_11,65.0,96680.37,DR402462,173.9,0.0,65.0,D,SimuProB-1,EV_106
335.952,42.0,18.24,5300.0,0,3.82,1,64.79,4.075,106.0,68.0,185.0,EV_106,0.0,1230,0.0,DR402462_11,65.0,96680.66,DR402462,173.9,0.0,65.0,D,SimuProB-1,EV_106
334.726,45.0,18.24,5400.0,0,3.815,1,64.78,4.078,108.0,72.0,185.0,EV_106,0.0,1240,0.0,DR402462_11,65.0,96680.96,DR402462,173.9,0.0,65.0,D,SimuProB-1,EV_106
336.262,38.0,18.24,5250.0,0,3.818,1,64.76,4.075,105.0,65.0,185.0,EV_106,0.0,1250,0.0,DR402462_11,65.0,96681.25,DR402462,173.9,0.0,65.0,D,SimuProB-1,EV_106
335.272,50.0,18.24,5500.0,0,3.81,1,64.75,4.08,110.0,80.0,185.0,EV_106,0.0,1260,0.0,DR402462_11,65.0,96681.56,DR402462,173.9,0.0,65.0,D,SimuProB-1,EV_106
333.919,55.0,18.24,5600.0,0,3.805,1,64.74,4.082,112.0,85.0,185.0,EV_106,0.0,1270,0.0,DR402462_11,65.0,96681.87,DR402462,173.9,0.0,65.0,D,SimuProB-1,EV_106
332.943,60.0,18.24,5750.0,0,3.8,1,64.72,4.085,115.0,92.0,185.0,EV_106,0.0,0,0.0,DR402462_12,65.0,96682.19,DR402462,173.9,0.0,65.0,D,SimuProB-1,EV_106
334.057,40.0,18.24,5400.0,0,3.812,1,64.71,4.08,108.0,75.0,185.0,EV_106,0.0,10,0.0,DR402462_12,65.0,96682.49,DR402462,173.9,0.0,65.0,D,SimuProB-1,EV_106
332.674,45.0,18.24,5525.0,0,3.815,1,64.7,4.078,110.5,82.5,185.0,EV_106,0.0,20,0.0,DR402462_12,65.0,96682.8,DR402462,173.9,0.0,65.0,D,SimuProB-1,EV_106
333.29,48.0,18.24,5590.0,0,3.81,1,64.69,4.08,111.8,88.0,185.0,EV_106,0.0,30,0.0,DR402462_12,65.0,96683.11,DR402462,173.9,0.0,65.0,D,SimuProB-1,EV_106
333.548,42.0,18.24,5450.0,0,3.818,1,64.68,4.075,109.0,78.0,185.0,EV_106,0.0,40,0.0,DR402462_12,65.0,96683.41,DR402462,173.9,0.0,65.0,D,SimuProB-1,EV_106
334.278,38.0,18.24,5325.0,0,3.82,1,64.67,4.072,106.5,72.5,185.0,EV_106,0.0,50,0.0,DR402462_12,44.8,96683.71,DR402462,173.9,0.0,46.2,D,SimuProB-1,EV_106
334.146,40.5,18.24,5410.0,0,3.815,1,64.64,4.075,108.2,76.0,185.0,EV_106,0.0,60,0.0,DR402462_12,45.0,96684.01,DR402462,173.9,0.0,46.4,D,SimuProB-1,EV_106
333.249,43.0,18.24,5475.0,0,3.81,1,64.64,4.078,109.5,80.2,185.0,EV_106,0.0,70,0.0,DR402462_12,45.2,96684.31,DR402462,173.9,0.0,46.6,D,SimuProB-1,EV_106
332.573,45.0,18.24,5510.0,0,3.805,1,64.62,4.08,110.2,82.5,185.0,EV_106,0.0,80,0.0,DR402462_12,45.4,96684.62,DR402462,173.9,0.0,46.8,D,SimuProB-1,EV_106
332.655,47.0,18.24,5575.0,0,3.802,1,64.61,4.082,111.5,90.0,185.0,EV_106,0.0,90,0.0,DR402462_12,45.6,96684.93,DR402462,173.9,0.0,47.0,D,SimuProB-1,EV_106
332.924,41.0,18.24,5440.0,0,3.81,1,64.61,4.078,108.8,75.0,185.0,EV_106,0.0,100,0.0,DR402462_12,45.7,96685.23,DR402462,173.9,0.0,47.1,D,SimuProB-1,EV_106
333.099,42.0,18.24,5525.0,0,3.805,1,64.58,4.08,110.5,78.5,185.0,EV_106,0.0,110,0.0,DR402462_12,45.9,96685.54,DR402462,173.9,0.0,47.3,D,SimuProB-1,EV_106
331.914,65.0,18.24,5800.0,0,3.815,1,64.58,4.085,116.0,125.0,185.0,EV_106,0.0,120,0.0,DR402462_12,46.2,96685.86,DR402462,173.9,0.0,47.6,D,SimuProB-1,EV_106
332.36,45.0,18.24,5600.0,0,3.808,1,64.56,4.082,112.0,85.0,185.0,EV_106,0.0,130,0.0,DR402462_12,46.4,96686.17,DR402462,173.9,0.0,47.8,D,SimuProB-1,EV_106
331.387,72.0,18.24,5925.0,0,3.812,1,64.52,4.088,118.5,135.0,185.0,EV_106,0.0,140,0.0,DR402462_12,46.6,96686.5,DR402462,173.9,0.0,48.0,D,SimuProB-1,EV_106
333.533,48.0,18.24,5700.0,0,3.806,1,64.5,4.084,114.0,82.0,185.0,EV_106,0.0,150,0.0,DR402462_12,46.7,96686.82,DR402462,173.9,0.0,48.1,D,SimuProB-1,EV_106
332.709,42.0,18.24,5475.0,0,3.81,1,64.48,4.086,109.5,95.0,185.0,EV_106,0.0,160,0.0,DR402462_12,46.9,96687.12,DR402462,173.9,0.0,48.3,D,SimuProB-1,EV_106
332.491,44.0,18.24,5510.0,0,3.809,1,64.47,4.084,110.2,98.5,185.0,EV_106,0.0,170,0.0,DR402462_12,47.05,96687.43,DR402462,173.9,0.0,48.45,D,SimuProB-1,EV_106
331.769,52.0,18.24,5590.0,0,3.811,1,64.45,4.086,111.8,105.2,185.0,EV_106,0.0,180,0.0,DR402462_12,47.2,96687.74,DR402462,173.9,0.0,48.6,D,SimuProB-1,EV_106
332.33,40.0,18.24,5425.0,0,3.807,1,64.43,4.083,108.5,88.0,185.0,EV_106,0.0,190,0.0,DR402462_12,47.35,96688.04,DR402462,173.9,0.0,48.7,D,SimuProB-1,EV_106
332.17,50.0,18.24,5600.0,0,3.808,1,64.42,4.085,112.0,102.5,185.0,EV_106,0.0,200,0.0,DR402462_12,47.4,96688.35,DR402462,173.9,0.0,48.75,D,SimuProB-1,EV_106
333.065,0.0,18.24,5250.0,0,3.812,1,64.4,4.087,105.0,-25.5,185.0,EV_106,0.05,210,15.0,DR402462_12,47.5,96688.64,DR402462,173.9,0.0,48.8,D,SimuProB-1,EV_106
332.536,48.0,18.24,5525.0,0,3.809,1,64.39,4.084,110.5,95.0,185.0,EV_106,0.0,220,0.0,DR402462_12,47.6,96688.95,DR402462,173.9,0.0,48.9,D,SimuProB-1,EV_106
331.573,65.0,18.24,5760.0,0,3.813,1,64.38,4.089,115.2,115.3,185.0,EV_106,0.0,230,0.0,DR402462_12,47.65,96689.27,DR402462,173.9,0.0,48.95,D,SimuProB-1,EV_106
332.416,45.0,18.24,5625.0,0,3.808,1,64.35,4.085,112.5,98.7,185.0,EV_106,0.0,240,0.0,DR402462_12,47.7,96689.58,DR402462,173.9,0.0,49.0,D,SimuProB-1,EV_106
332.26,75.0,18.24,5900.0,0,3.815,1,64.35,4.091,118.0,122.1,185.0,EV_106,0.0,250,0.0,DR402462_12,47.8,96689.91,DR402462,173.9,0.0,49.1,D,SimuProB-1,EV_106
332.159,52.0,18.24,5725.0,0,3.81,1,64.34,4.086,114.5,105.4,185.0,EV_106,0.0,260,0.0,DR402462_12,47.9,96690.23,DR402462,173.9,0.0,49.2,D,SimuProB-1,EV_106
333.544,0.0,18.24,5400.0,0,3.814,1,64.31,4.088,108.0,-18.2,185.0,EV_106,0.06,270,28.0,DR402462_12,48.0,96690.53,DR402462,173.9,0.0,49.3,D,SimuProB-1,EV_106
334.528,0.0,18.24,4800.0,0,3.816,1,64.31,4.09,96.0,-35.6,185.0,EV_106,0.08,280,45.0,DR402462_12,48.05,96690.79,DR402462,173.9,0.0,49.35,D,SimuProB-1,EV_106
334.23,0.0,18.24,4625.0,0,3.815,1,64.29,4.089,92.5,-28.5,185.0,EV_106,0.07,290,35.0,DR402462_12,48.1,96691.05,DR402462,173.9,0.0,49.4,D,SimuProB-1,EV_106
334.212,0.0,18.24,4400.0,0,3.818,1,64.28,4.092,88.0,-15.0,185.0,EV_106,0.04,300,15.0,DR402462_12,48.15,96691.29,DR402462,173.9,0.0,49.45,D,SimuProB-1,EV_106
335.117,40.0,18.24,4750.0,0,3.82,1,64.26,4.095,95.0,75.2,185.0,EV_106,0.0,310,0.0,DR402462_12,48.2,96691.56,DR402462,173.9,0.0,49.5,D,SimuProB-1,EV_106
334.807,45.0,18.24,5100.0,0,3.822,1,64.24,4.098,102.0,82.5,185.0,EV_106,0.0,320,0.0,DR402462_12,48.25,96691.84,DR402462,173.9,0.0,49.55,D,SimuProB-1,EV_106
334.481,55.0,18.24,5425.0,0,3.824,1,64.2,4.1,108.5,95.8,185.0,EV_106,0.0,330,0.0,DR402462_12,48.3,96692.14,DR402462,173.9,0.0,49.6,D,SimuProB-1,EV_106
334.045,70.0,18.24,5750.0,0,3.826,1,64.19,4.102,115.0,112.3,185.0,EV_106,0.0,340,0.0,DR402462_12,48.35,96692.46,DR402462,173.9,0.0,49.65,D,SimuProB-1,EV_106
333.736,75.0,18.24,5925.0,0,3.828,1,64.16,4.105,118.5,125.4,185.0,EV_106,0.0,350,0.0,DR402462_12,48.4,96692.79,DR402462,173.9,0.0,49.7,D,SimuProB-1,EV_106
333.809,60.0,18.24,5600.0,0,3.83,1,64.16,4.108,112.0,138.9,185.0,EV_106,0.0,360,0.0,DR402462_12,48.45,96693.1,DR402462,173.9,0.0,49.75,D,SimuProB-1,EV_106
333.368,50.0,18.24,5275.0,0,3.832,1,64.16,4.11,105.5,145.2,185.0,EV_106,0.0,370,0.0,DR402462_12,48.5,96693.39,DR402462,173.9,0.0,49.8,D,SimuProB-1,EV_106
333.441,58.0,18.24,5460.0,0,3.834,1,64.16,4.112,109.2,142.5,185.0,EV_106,0.0,380,0.0,DR402462_12,48.55,96693.69,DR402462,173.9,0.0,49.85,D,SimuProB-1,EV_106
332.427,52.0,18.24,5325.0,0,3.836,1,64.15,4.114,106.5,135.8,185.0,EV_106,0.0,390,0.0,DR402462_12,48.6,96693.99,DR402462,173.9,0.0,49.9,D,SimuProB-1,EV_106
332.788,0.0,18.24,4900.0,0,3.838,1,64.15,4.116,98.0,-15.4,185.0,EV_106,0.05,400,12.0,DR402462_12,48.65,96694.26,DR402462,173.9,0.0,49.95,D,SimuProB-1,EV_106
333.391,55.0,18.24,5425.0,0,3.84,1,64.14,4.118,108.5,140.2,185.0,EV_106,0.0,410,0.0,DR402462_12,48.7,96694.56,DR402462,173.9,0.0,50.0,D,SimuProB-1,EV_106
332.363,65.0,18.24,5750.0,0,3.842,1,64.14,4.12,115.0,148.5,185.0,EV_106,0.0,420,0.0,DR402462_12,48.75,96694.88,DR402462,173.9,0.0,50.05,D,SimuProB-1,EV_106
333.759,45.0,18.24,5100.0,0,3.844,1,64.14,4.122,102.0,132.0,185.0,EV_106,0.0,430,0.0,DR402462_12,48.8,96695.16,DR402462,173.9,0.0,50.1,D,SimuProB-1,EV_106
331.911,58.0,18.24,5250.0,0,3.841,1,64.13,4.121,105.0,155.3,185.0,EV_106,0.0,440,0.0,DR402462_12,48.85,96695.45,DR402462,173.9,0.0,50.15,D,SimuProB-1,EV_106
333.676,42.0,18.24,4800.0,0,3.846,1,64.13,4.124,96.0,125.6,185.0,EV_106,0.0,450,0.0,DR402462_12,48.9,96695.72,DR402462,173.9,0.0,50.2,D,SimuProB-1,EV_106
332.233,68.0,18.24,5600.0,0,3.843,1,64.12,4.125,112.0,162.8,185.0,EV_106,0.0,460,0.0,DR402462_12,48.95,96696.03,DR402462,173.9,0.0,50.25,D,SimuProB-1,EV_106
332.623,55.0,18.24,5400.0,0,3.844,1,64.1,4.123,108.0,140.5,185.0,EV_106,0.0,470,0.0,DR402462_12,49.0,96696.33,DR402462,173.9,0.0,50.3,D,SimuProB-1,EV_106
331.151,72.0,18.24,5900.0,0,3.84,1,64.09,4.126,118.0,165.2,185.0,EV_106,0.0,480,0.0,DR402462_12,49.1,96696.66,DR402462,173.9,0.0,50.4,D,SimuProB-1,EV_106
333.964,35.0,18.24,4750.0,0,3.847,1,64.08,4.128,95.0,120.8,185.0,EV_106,0.0,490,0.0,DR402462_12,49.15,96696.92,DR402462,173.9,0.0,50.5,D,SimuProB-1,EV_106
332.258,25.0,18.24,4400.0,0,3.849,1,64.07,4.129,88.0,98.5,185.0,EV_106,0.0,500,0.0,DR402462_12,49.2,96697.16,DR402462,173.9,0.0,50.55,D,SimuProB-1,EV_106
334.73,0.0,18.24,4100.0,0,3.851,1,64.04,4.131,82.0,-15.2,185.0,EV_106,0.05,510,8.0,DR402462_12,49.25,96697.39,DR402462,173.9,0.0,50.6,D,SimuProB-1,EV_106
333.47,20.0,18.24,4250.0,0,3.85,1,64.04,4.13,85.0,75.3,185.0,EV_106,0.0,520,0.0,DR402462_12,49.3,96697.63,DR402462,173.9,0.0,50.65,D,SimuProB-1,EV_106
332.361,18.0,18.24,4200.0,0,3.852,1,64.03,4.132,84.0,82.5,185.0,EV_106,0.0,530,0.0,DR402462_12,49.35,96697.86,DR402462,173.9,0.0,50.7,D,SimuProB-1,EV_106
331.989,22.0,18.24,4300.0,0,3.853,1,64.0,4.133,86.0,88.1,185.0,EV_106,0.0,540,0.0,DR402462_12,49.4,96698.1,DR402462,173.9,0.0,50.75,D,SimuProB-1,EV_106
333.096,0.0,18.24,4000.0,0,3.854,1,64.0,4.134,80.0,-12.4,185.0,EV_106,0.06,550,10.0,DR402462_12,49.45,96698.32,DR402462,173.9,0.0,50.8,D,SimuProB-1,EV_106
331.789,24.0,18.24,4350.0,0,3.855,1,63.98,4.135,87.0,86.4,185.0,EV_106,0.0,560,0.0,DR402462_12,49.5,96698.56,DR402462,173.9,0.0,50.85,D,SimuProB-1,EV_106
331.371,28.0,18.24,4450.0,0,3.856,1,63.98,4.136,89.0,92.8,185.0,EV_106,0.0,570,0.0,DR402462_12,49.55,96698.81,DR402462,173.9,0.0,50.9,D,SimuProB-1,EV_106
333.537,0.0,18.24,4200.0,0,3.857,1,63.97,4.137,84.0,-18.6,185.0,EV_106,0.07,580,12.0,DR402462_12,49.6,96699.04,DR402462,173.9,0.0,50.95,D,SimuProB-1,EV_106
331.148,30.0,18.24,4550.0,0,3.858,1,63.97,4.138,91.0,95.2,185.0,EV_106,0.0,590,0.0,DR402462_12,49.65,96699.29,DR402462,173.9,0.0,51.0,D,SimuProB-1,EV_106
330.893,32.0,18.24,4650.0,0,3.859,1,63.94,4.139,93.0,98.5,185.0,EV_106,0.0,600,0.0,DR402462_12,49.7,96699.55,DR402462,173.9,0.0,51.05,D,SimuProB-1,EV_106
332.766,0.0,18.24,4400.0,0,3.86,1,63.94,4.14,88.0,-15.2,185.0,EV_106,0.05,610,8.0,DR402462_12,49.75,96699.8,DR402462,173.9,0.0,51.1,D,SimuProB-1,EV_106
330.806,35.0,18.24,4710.0,0,3.861,1,63.92,4.141,94.2,105.3,185.0,EV_106,0.0,620,0.0,DR402462_12,49.8,96700.06,DR402462,173.9,0.0,51.15,D,SimuProB-1,EV_106
329.751,40.0,18.24,4825.0,0,3.862,1,63.92,4.142,96.5,112.7,185.0,EV_106,0.0,630,0.0,DR402462_12,49.85,96700.33,DR402462,173.9,0.0,51.2,D,SimuProB-1,EV_106
331.55,0.0,18.24,4390.0,0,3.863,1,63.91,4.143,87.8,-22.4,185.0,EV_106,0.08,640,15.0,DR402462_12,49.9,96700.57,DR402462,173.9,0.0,51.25,D,SimuProB-1,EV_106
328.935,42.0,18.24,4910.0,0,3.864,1,63.9,4.144,98.2,118.5,185.0,EV_106,0.0,650,0.0,DR402462_12,50.0,96700.84,DR402462,173.9,0.0,51.35,D,SimuProB-1,EV_106
327.162,45.0,18.24,5075.0,0,3.865,1,63.89,4.145,101.5,125.8,185.0,EV_106,0.0,660,0.0,DR402462_12,50.15,96701.12,DR402462,173.9,0.0,51.5,D,SimuProB-1,EV_106
328.826,0.0,18.24,4600.0,0,3.866,1,63.89,4.146,92.0,-18.5,185.0,EV_106,0.06,670,12.0,DR402462_12,50.2,96701.38,DR402462,173.9,0.0,51.55,D,SimuProB-1,EV_106
329.799,35.0,18.24,4725.0,0,3.866,1,63.86,4.146,94.5,95.4,185.0,EV_106,0.0,680,0.0,DR402462_12,50.25,96701.64,DR402462,173.9,0.0,51.6,D,SimuProB-1,EV_106
327.468,41.0,18.24,4990.0,0,3.865,1,63.86,4.147,99.8,115.2,185.0,EV_106,0.0,690,0.0,DR402462_12,50.35,96701.92,DR402462,173.9,0.0,51.7,D,SimuProB-1,EV_106
329.578,25.0,18.24,4560.0,0,3.866,1,63.85,4.147,91.2,88.6,185.0,EV_106,0.04,700,5.0,DR402462_12,50.4,96702.17,DR402462,173.9,0.0,51.75,D,SimuProB-1,EV_106
326.522,55.0,18.24,5210.0,0,3.864,1,63.84,4.148,104.2,128.5,185.0,EV_106,0.0,710,0.0,DR402462_12,50.5,96702.46,DR402462,173.9,0.0,51.8,D,SimuProB-1,EV_106
331.074,0.0,18.24,4775.0,0,3.867,1,63.82,4.149,95.5,-25.4,185.0,EV_106,0.07,720,15.0,DR402462_12,50.55,96702.72,DR402462,173.9,0.0,51.85,D,SimuProB-1,EV_106
326.141,65.0,18.24,5425.0,0,3.863,1,63.8,4.15,108.5,142.3,185.0,EV_106,0.0,730,0.0,DR402462_12,50.7,96703.03,DR402462,173.9,0.0,52.0,D,SimuProB-1,EV_106
325.132,72.0,18.24,5620.0,0,3.86,1,63.77,4.152,112.4,155.2,185.0,EV_106,0.0,740,0.0,DR402462_12,50.85,96703.34,DR402462,173.9,0.0,52.15,D,SimuProB-1,EV_106
328.171,58.0,18.24,5340.0,0,3.862,1,63.76,4.155,106.8,130.5,185.0,EV_106,0.0,750,0.0,DR402462_12,50.95,96703.64,DR402462,173.9,0.0,52.3,D,SimuProB-1,EV_106
330.186,0.0,18.24,5025.0,0,3.865,1,63.73,4.158,100.5,-18.5,185.0,EV_106,0.06,760,12.0,DR402462_12,51.05,96703.92,DR402462,173.9,0.0,52.45,D,SimuProB-1,EV_106
331.036,25.0,18.24,5060.0,0,3.868,1,63.71,4.16,101.2,45.2,185.0,EV_106,0.0,770,0.0,DR402462_12,51.2,96704.2,DR402462,173.9,0.0,52.6,D,SimuProB-1,EV_106
333.677,35.0,18.24,5280.0,0,3.87,1,63.7,4.162,105.6,55.8,185.0,EV_106,0.0,780,0.0,DR402462_12,51.35,96704.49,DR402462,173.9,0.0,52.75,D,SimuProB-1,EV_106
335.285,42.0,18.24,5525.0,0,3.872,1,63.69,4.165,110.5,62.1,185.0,EV_106,0.0,790,0.0,DR402462_12,51.5,96704.8,DR402462,173.9,0.0,52.9,D,SimuProB-1,EV_106
335.656,45.0,18.24,5615.0,0,3.875,1,63.68,4.168,112.3,65.2,185.0,EV_106,0.0,800,0.0,DR402462_12,51.65,96705.11,DR402462,173.9,0.0,53.05,D,SimuProB-1,EV_106
334.614,50.0,18.24,5750.0,0,3.878,1,63.67,4.17,115.0,72.4,185.0,EV_106,0.0,810,0.0,DR402462_12,51.8,96705.43,DR402462,173.9,0.0,53.2,D,SimuProB-1,EV_106
332.41,85.0,18.24,5925.0,0,3.88,1,63.65,4.175,118.5,145.0,185.0,EV_106,0.0,820,0.0,DR402462_12,52.0,96705.76,DR402462,173.9,0.0,53.45,D,SimuProB-1,EV_106
329.646,92.0,18.24,6060.0,0,3.885,1,63.62,4.178,121.2,175.3,185.0,EV_106,0.0,830,0.0,DR402462_12,52.25,96706.1,DR402462,173.9,0.0,53.72,D,SimuProB-1,EV_106
330.368,88.0,18.24,5975.0,0,3.882,1,63.62,4.176,119.5,162.8,185.0,EV_106,0.0,840,0.0,DR402462_12,52.48,96706.43,DR402462,173.9,0.0,53.98,D,SimuProB-1,EV_106
331.267,75.0,18.24,5840.0,0,3.88,1,63.62,4.174,116.8,138.5,185.0,EV_106,0.0,850,0.0,DR402462_12,52.65,96706.75,DR402462,173.9,0.0,54.15,D,SimuProB-1,EV_106
331.104,65.0,18.24,5760.0,0,3.879,1,63.59,4.173,115.2,125.4,185.0,EV_106,0.0,860,0.0,DR402462_12,52.72,96707.07,DR402462,173.9,0.0,54.22,D,SimuProB-1,EV_106
331.656,55.0,18.24,5625.0,0,3.878,1,63.58,4.172,112.5,95.2,185.0,EV_106,0.0,870,0.0,DR402462_12,52.78,96707.38,DR402462,173.9,0.0,54.28,D,SimuProB-1,EV_106
333.176,45.0,18.24,5400.0,0,3.877,1,63.55,4.171,108.0,78.6,185.0,EV_106,0.0,880,0.0,DR402462_12,52.84,96707.68,DR402462,173.9,0.0,54.34,D,SimuProB-1,EV_106
334.272,38.0,18.24,5260.0,0,3.875,1,63.54,4.169,105.2,65.4,185.0,EV_106,0.0,890,0.0,DR402462_12,52.91,96707.97,DR402462,173.9,0.0,54.41,D,SimuProB-1,EV_106
335.345,32.0,18.24,5140.0,0,3.874,1,63.52,4.167,102.8,58.2,185.0,EV_106,0.0,900,0.0,DR402462_12,52.98,96708.26,DR402462,173.9,0.0,54.48,D,SimuProB-1,EV_106
335.462,28.0,18.24,5025.0,0,3.873,1,63.51,4.166,100.5,52.1,185.0,EV_106,0.0,910,0.0,DR402462_12,53.05,96708.54,DR402462,173.9,0.0,54.55,D,SimuProB-1,EV_106
335.811,25.0,18.24,4910.0,0,3.872,1,63.49,4.165,98.2,48.5,185.0,EV_106,0.0,920,0.0,DR402462_12,53.11,96708.81,DR402462,173.9,0.0,54.61,D,SimuProB-1,EV_106
336.421,22.0,18.24,4825.0,0,3.871,1,63.47,4.164,96.5,45.2,185.0,EV_106,0.0,930,0.0,DR402462_12,53.18,96709.08,DR402462,173.9,0.0,54.68,D,SimuProB-1,EV_106
336.649,20.0,18.24,4740.0,0,3.87,1,63.47,4.163,94.8,42.8,185.0,EV_106,0.0,940,0.0,DR402462_12,53.24,96709.34,DR402462,173.9,0.0,54.74,D,SimuProB-1,EV_106
336.505,23.0,18.24,4805.0,0,3.869,1,63.45,4.162,96.1,48.5,185.0,EV_106,0.0,950,0.0,DR402462_12,53.29,96709.61,DR402462,173.9,0.0,54.79,D,SimuProB-1,EV_106
336.095,28.0,18.24,4920.0,0,3.868,1,63.45,4.161,98.4,55.3,185.0,EV_106,0.0,960,0.0,DR402462_12,53.35,96709.88,DR402462,173.9,0.0,54.85,D,SimuProB-1,EV_106
335.947,34.0,18.24,5040.0,0,3.867,1,63.43,4.16,100.8,61.8,185.0,EV_106,0.0,970,0.0,DR402462_12,53.41,96710.16,DR402462,173.9,0.0,54.91,D,SimuProB-1,EV_106
335.726,36.0,18.24,5125.0,0,3.866,1,63.41,4.159,102.5,65.4,185.0,EV_106,0.0,980,0.0,DR402462_12,53.46,96710.44,DR402462,173.9,0.0,54.96,D,SimuProB-1,EV_106
335.825,40.0,18.24,5260.0,0,3.865,1,63.39,4.158,105.2,72.1,185.0,EV_106,0.0,990,0.0,DR402462_12,53.52,96710.74,DR402462,173.9,0.0,55.02,D,SimuProB-1,EV_106
336.17,32.0,18.24,5090.0,0,3.866,1,63.39,4.159,101.8,58.2,185.0,EV_106,0.0,1000,0.0,DR402462_12,53.57,96711.02,DR402462,173.9,0.0,55.07,D,SimuProB-1,EV_106
336.074,38.0,18.24,5175.0,0,3.864,1,63.37,4.158,103.5,68.5,185.0,EV_106,0.0,1010,0.0,DR402462_12,53.62,96711.31,DR402462,173.9,0.0,55.12,D,SimuProB-1,EV_106
335.657,42.0,18.24,5305.0,0,3.863,1,63.37,4.157,106.1,74.2,185.0,EV_106,0.0,1020,0.0,DR402462_12,53.68,96711.6,DR402462,173.9,0.0,55.18,D,SimuProB-1,EV_106
335.86,33.0,18.24,5095.0,0,3.865,1,63.34,4.158,101.9,62.1,185.0,EV_106,0.0,1030,0.0,DR402462_12,53.73,96711.89,DR402462,173.9,0.0,55.23,D,SimuProB-1,EV_106
335.146,45.0,18.24,5375.0,0,3.862,1,63.33,4.157,107.5,75.4,185.0,EV_106,0.0,1040,0.0,DR402462_12,53.8,96712.19,DR402462,173.9,0.0,55.3,D,SimuProB-1,EV_106
335.915,28.0,18.24,4990.0,0,3.866,1,63.31,4.159,99.8,55.8,185.0,EV_106,0.0,1050,0.0,DR402462_12,53.85,96712.47,DR402462,173.9,0.0,55.35,D,SimuProB-1,EV_106
335.198,52.0,18.24,5620.0,0,3.86,1,63.29,4.156,112.4,82.6,185.0,EV_106,0.0,1060,0.0,DR402462_12,53.92,96712.78,DR402462,173.9,0.0,55.42,D,SimuProB-1,EV_106
334.961,68.0,18.24,5760.0,0,3.858,1,63.26,4.155,115.2,88.5,185.0,EV_106,0.0,1070,0.0,DR402462_12,54.0,96713.1,DR402462,173.9,0.0,55.5,D,SimuProB-1,EV_106
334.089,85.0,18.24,5925.0,0,3.855,1,63.23,4.152,118.5,142.3,185.0,EV_106,0.0,1080,0.0,DR402462_12,54.15,96713.43,DR402462,173.9,0.0,55.65,D,SimuProB-1,EV_106
336.301,0.0,18.24,5140.0,0,3.861,1,63.23,4.158,102.8,-15.4,185.0,EV_106,0.04,1090,35.0,DR402462_12,54.2,96713.71,DR402462,173.9,0.0,55.7,D,SimuProB-1,EV_106
333.794,78.0,18.24,5820.0,0,3.854,1,63.16,4.151,116.4,135.6,185.0,EV_106,0.0,1100,0.0,DR402462_12,54.22,96714.03,DR402462,173.9,0.0,55.72,D,SimuProB-1,EV_106
333.733,90.0,18.24,5990.0,0,3.852,1,63.11,4.149,119.8,148.2,185.0,EV_106,0.0,1110,0.0,DR402462_12,54.25,96714.37,DR402462,173.9,0.0,55.75,D,SimuProB-1,EV_106
335.721,0.0,18.24,5280.0,0,3.86,1,63.11,4.156,105.6,-12.8,185.0,EV_106,0.06,1120,40.0,DR402462_12,54.28,96714.66,DR402462,173.9,0.0,55.78,D,SimuProB-1,EV_106
334.26,95.0,18.24,6000.0,0,3.858,1,63.06,4.155,121.5,155.2,185.0,EV_106,0.0,1130,0.0,DR402462_12,54.3,96715.0,DR402462,173.9,0.0,55.8,D,SimuProB-1,EV_106
337.248,0.0,18.24,5410.0,0,3.863,1,63.05,4.16,108.2,-18.5,185.0,EV_106,0.07,1140,25.0,DR402462_12,54.32,96715.3,DR402462,173.9,0.0,55.82,D,SimuProB-1,EV_106
332.868,82.0,18.24,5740.0,0,3.851,1,63.0,4.148,114.8,162.8,185.0,EV_106,0.0,1150,0.0,DR402462_12,54.35,96715.62,DR402462,173.9,0.0,55.85,D,SimuProB-1,EV_106
331.246,85.0,18.24,5925.0,0,3.845,1,62.91,4.15,118.5,175.0,185.0,EV_106,0.0,1160,0.0,DR402462_12,54.45,96715.95,DR402462,173.9,0.0,55.95,D,SimuProB-1,EV_106
327.799,92.0,18.24,6000.0,0,3.838,1,62.83,4.142,122.0,188.5,185.0,EV_106,0.0,1170,0.0,DR402462_12,54.55,96716.29,DR402462,173.9,0.0,56.05,D,SimuProB-1,EV_106
335.72,0.0,18.24,5325.0,0,3.862,1,62.81,4.158,106.5,-15.2,185.0,EV_106,0.08,1180,35.0,DR402462_12,54.58,96716.58,DR402462,173.9,0.0,56.08,D,SimuProB-1,EV_106
341.667,35.0,18.24,4770.0,0,3.865,1,62.78,4.155,95.4,45.2,185.0,EV_106,0.0,1190,0.0,DR402462_12,54.65,96716.85,DR402462,173.9,0.0,56.15,D,SimuProB-1,EV_106
348.639,48.0,18.24,5115.0,0,3.872,1,62.72,4.162,102.3,68.5,185.0,EV_106,0.0,1200,0.0,DR402462_12,54.72,96717.13,DR402462,173.9,0.0,56.22,D,SimuProB-1,EV_106
345.033,55.0,18.24,5430.0,0,3.868,1,62.68,4.158,108.6,82.1,185.0,EV_106,0.0,1210,0.0,DR402462_12,54.85,96717.43,DR402462,173.9,0.0,56.35,D,SimuProB-1,EV_106
342.653,62.0,18.24,5625.0,0,3.875,1,62.63,4.165,112.5,95.4,185.0,EV_106,0.0,1220,0.0,DR402462_12,54.98,96717.74,DR402462,173.9,0.0,56.48,D,SimuProB-1,EV_106
338.185,75.0,18.24,5900.0,0,3.878,1,62.58,4.168,118.0,115.8,185.0,EV_106,0.0,1230,0.0,DR402462_12,55.15,96718.07,DR402462,173.9,0.0,56.65,D,SimuProB-1,EV_106
344.751,45.0,18.24,5760.0,0,3.872,1,62.53,4.162,115.2,78.3,185.0,EV_106,0.0,1240,0.0,DR402462_12,55.22,96718.39,DR402462,173.9,0.0,56.72,D,SimuProB-1,EV_106
341.348,52.0,18.24,5825.0,0,3.871,1,62.47,4.163,116.5,92.4,185.0,EV_106,0.0,1250,0.0,DR402462_12,55.35,96718.71,DR402462,173.9,0.0,56.85,D,SimuProB-1,EV_106
342.74,48.0,18.24,5740.0,0,3.869,1,62.43,4.16,114.8,85.2,185.0,EV_106,0.0,1260,0.0,DR402462_12,55.42,96719.03,DR402462,173.9,0.0,56.92,D,SimuProB-1,EV_106
340.132,68.0,18.24,5960.0,0,3.874,1,62.37,4.166,119.2,105.6,185.0,EV_106,0.0,1270,0.0,DR402462_12,55.58,96719.36,DR402462,173.9,0.0,57.08,D,SimuProB-1,EV_106
336.741,78.0,18.24,6075.0,0,3.865,1,62.29,4.17,121.5,125.4,185.0,EV_106,0.0,0,0.0,DR402462_13,55.75,96719.7,DR402462,173.9,0.0,57.25,D,SimuProB-1,EV_106
342.963,55.0,18.24,5900.0,0,3.87,1,62.24,4.165,118.0,88.6,185.0,EV_106,0.0,10,0.0,DR402462_13,55.82,96720.03,DR402462,173.9,0.0,57.32,D,SimuProB-1,EV_106
339.02,62.0,18.24,5810.0,0,3.868,1,62.18,4.168,116.2,102.1,185.0,EV_106,0.0,20,0.0,DR402462_13,55.98,96720.35,DR402462,173.9,0.0,57.48,D,SimuProB-1,EV_106
336.034,65.0,18.24,5875.0,0,3.862,1,62.11,4.172,117.5,118.5,185.0,EV_106,0.0,30,0.0,DR402462_13,56.12,96720.68,DR402462,173.9,0.0,57.62,D,SimuProB-1,EV_106
338.691,52.0,18.24,5790.0,0,3.865,1,62.06,4.169,115.8,95.3,185.0,EV_106,0.0,40,0.0,DR402462_13,56.25,96721.0,DR402462,173.9,0.0,57.75,D,SimuProB-1,EV_106
333.995,82.0,18.24,5990.0,0,3.858,1,62.0,4.175,119.8,132.7,185.0,EV_106,0.0,50,0.0,DR402462_13,56.45,96721.33,DR402462,173.9,0.0,57.95,D,SimuProB-1,EV_106
330.996,85.0,18.24,6000.0,0,3.855,1,61.92,4.178,121.5,145.2,185.0,EV_106,0.0,60,0.0,DR402462_13,56.65,96721.67,DR402462,173.9,0.0,58.15,D,SimuProB-1,EV_106
335.355,58.0,18.24,5740.0,0,3.862,1,61.85,4.176,114.8,108.4,185.0,EV_106,0.0,70,0.0,DR402462_13,56.82,96721.99,DR402462,173.9,0.0,58.32,D,SimuProB-1,EV_106
328.373,0.0,18.24,5425.0,0,3.868,1,61.8,4.174,108.5,-15.6,185.0,EV_106,0.05,80,35.0,DR402462_13,56.98,96722.29,DR402462,173.9,0.0,58.48,D,SimuProB-1,EV_106
326.621,48.0,18.24,5510.0,0,3.863,1,61.7,4.171,110.2,98.5,185.0,EV_106,0.0,90,0.0,DR402462_13,57.08,96722.6,DR402462,173.9,0.0,58.58,D,SimuProB-1,EV_106
328.324,55.0,18.24,5675.0,0,3.86,1,61.64,4.173,113.5,105.2,185.0,EV_106,0.0,100,0.0,DR402462_13,57.16,96722.91,DR402462,173.9,0.0,58.66,D,SimuProB-1,EV_106
332.929,0.0,18.24,5290.0,0,3.865,1,61.57,4.176,105.8,-22.4,185.0,EV_106,0.06,110,42.0,DR402462_13,57.24,96723.21,DR402462,173.9,0.0,58.74,D,SimuProB-1,EV_106
327.86,52.0,18.24,5575.0,0,3.861,1,61.49,4.174,111.5,112.3,185.0,EV_106,0.0,120,0.0,DR402462_13,57.32,96723.52,DR402462,173.9,0.0,58.82,D,SimuProB-1,EV_106
329.625,0.0,18.24,5310.0,0,3.864,1,61.45,4.178,106.2,-18.7,185.0,EV_106,0.04,130,30.0,DR402462_13,57.41,96723.81,DR402462,173.9,0.0,58.91,D,SimuProB-1,EV_106
326.579,62.0,18.24,5790.0,0,3.859,1,61.36,4.172,115.8,118.9,185.0,EV_106,0.0,140,0.0,DR402462_13,57.55,96724.14,DR402462,173.9,0.0,59.05,D,SimuProB-1,EV_106
324.832,65.0,18.24,5910.0,0,3.857,1,61.27,4.171,118.2,125.4,185.0,EV_106,0.0,150,0.0,DR402462_13,57.75,96724.47,DR402462,173.9,0.0,59.25,D,SimuProB-1,EV_106
328.032,45.0,18.24,5725.0,0,3.86,1,61.2,4.174,114.5,95.8,185.0,EV_106,0.0,160,0.0,DR402462_13,57.88,96724.79,DR402462,173.9,0.0,59.38,D,SimuProB-1,EV_106
325.297,72.0,18.24,5990.0,0,3.855,1,61.11,4.17,119.8,132.6,185.0,EV_106,0.0,170,0.0,DR402462_13,58.08,96725.12,DR402462,173.9,0.0,59.58,D,SimuProB-1,EV_106
322.182,58.0,18.24,5825.0,0,3.852,1,61.01,4.168,116.5,145.2,185.0,EV_106,0.0,180,0.0,DR402462_13,58.22,96725.44,DR402462,173.9,0.0,59.72,D,SimuProB-1,EV_106
325.344,42.0,18.24,5615.0,0,3.858,1,60.92,4.171,112.3,102.5,185.0,EV_106,0.0,190,0.0,DR402462_13,58.35,96725.76,DR402462,173.9,0.0,59.85,D,SimuProB-1,EV_106
320.829,68.0,18.24,5945.0,0,3.849,1,60.84,4.165,118.9,155.8,185.0,EV_106,0.0,200,0.0,DR402462_13,58.52,96726.09,DR402462,173.9,0.0,60.02,D,SimuProB-1,EV_106
319.583,85.0,18.24,6000.0,0,3.845,1,60.73,4.162,121.5,162.3,185.0,EV_106,0.0,210,0.0,DR402462_13,58.68,96726.43,DR402462,173.9,0.0,60.18,D,SimuProB-1,EV_106
322.635,48.0,18.24,5760.0,0,3.854,1,60.67,4.168,115.2,118.4,185.0,EV_106,0.0,220,0.0,DR402462_13,58.82,96726.75,DR402462,173.9,0.0,60.32,D,SimuProB-1,EV_106
321.626,62.0,18.24,5900.0,0,3.851,1,60.59,4.165,118.0,135.7,185.0,EV_106,0.0,230,0.0,DR402462_13,58.95,96727.08,DR402462,173.9,0.0,60.45,D,SimuProB-1,EV_106
320.449,58.0,18.24,5875.0,0,3.85,1,60.5,4.163,117.5,140.2,185.0,EV_106,0.0,240,0.0,DR402462_13,59.02,96727.41,DR402462,173.9,0.0,60.52,D,SimuProB-1,EV_106
323.424,40.0,18.24,5690.0,0,3.853,1,60.42,4.166,113.8,95.4,185.0,EV_106,0.0,250,0.0,DR402462_13,59.08,96727.72,DR402462,173.9,0.0,60.58,D,SimuProB-1,EV_106
319.498,72.0,18.24,6010.0,0,3.846,1,60.33,4.161,120.2,148.9,185.0,EV_106,0.0,260,0.0,DR402462_13,59.15,96728.06,DR402462,173.9,0.0,60.65,D,SimuProB-1,EV_106
318.301,78.0,18.24,6075.0,0,3.842,1,60.23,4.158,121.5,155.3,185.0,EV_106,0.0,270,0.0,DR402462_13,59.22,96728.4,DR402462,173.9,0.0,60.72,D,SimuProB-1,EV_106
317.163,85.0,18.24,6190.0,0,3.838,1,60.13,4.155,123.8,162.1,185.0,EV_106,0.0,280,0.0,DR402462_13,59.35,96728.74,DR402462,173.9,0.0,60.85,D,SimuProB-1,EV_106
320.551,75.0,18.24,6105.0,0,3.848,1,60.03,4.16,122.1,145.6,185.0,EV_106,0.0,290,0.0,DR402462_13,59.42,96729.08,DR402462,173.9,0.0,60.92,D,SimuProB-1,EV_106
322.636,65.0,18.24,5925.0,0,3.845,1,60.0,4.162,118.5,110.5,185.0,EV_106,0.0,300,0.0,DR402462_13,59.55,96729.41,DR402462,173.9,0.0,61.05,D,SimuProB-1,EV_106
326.163,0.0,18.24,5260.0,0,3.85,1,59.97,4.165,105.2,-45.2,185.0,EV_106,0.05,310,15.0,DR402462_13,59.68,96729.7,DR402462,173.9,0.0,61.18,D,SimuProB-1,EV_106
335.804,35.0,18.24,4620.0,0,3.855,1,59.96,4.168,92.4,25.8,185.0,EV_106,0.0,320,0.0,DR402462_13,59.75,96729.96,DR402462,173.9,0.0,61.25,D,SimuProB-1,EV_106
331.367,40.0,18.24,4725.0,0,3.852,1,59.95,4.17,94.5,45.2,185.0,EV_106,0.0,330,0.0,DR402462_13,59.8,96730.22,DR402462,173.9,0.0,61.3,D,SimuProB-1,EV_106
328.09,50.0,18.24,4910.0,0,3.85,1,59.92,4.172,98.2,65.8,185.0,EV_106,0.0,340,0.0,DR402462_13,59.85,96730.5,DR402462,173.9,0.0,61.35,D,SimuProB-1,EV_106
332.922,0.0,18.24,4790.0,0,3.858,1,59.92,4.175,95.8,-25.4,185.0,EV_106,0.04,350,10.0,DR402462_13,59.9,96730.76,DR402462,173.9,0.0,61.4,D,SimuProB-1,EV_106
330.575,42.0,18.24,4825.0,0,3.854,1,59.91,4.174,96.5,52.3,185.0,EV_106,0.0,360,0.0,DR402462_13,59.94,96731.03,DR402462,173.9,0.0,61.48,D,SimuProB-1,EV_106
328.438,55.0,18.24,4955.0,0,3.851,1,59.89,4.176,99.1,68.5,185.0,EV_106,0.0,370,0.0,DR402462_13,60.0,96731.3,DR402462,173.9,0.0,61.55,D,SimuProB-1,EV_106
327.284,65.0,18.24,5070.0,0,3.848,1,59.89,4.178,101.4,78.2,185.0,EV_106,0.0,380,0.0,DR402462_13,60.05,96731.58,DR402462,173.9,0.0,61.62,D,SimuProB-1,EV_106
326.869,68.0,18.24,5185.0,0,3.845,1,59.86,4.18,103.5,82.5,185.0,EV_106,0.0,390,0.0,DR402462_13,60.12,96731.87,DR402462,173.9,0.0,61.7,D,SimuProB-1,EV_106
326.199,72.0,18.24,5320.0,0,3.842,1,59.86,4.182,106.2,88.3,185.0,EV_106,0.0,400,0.0,DR402462_13,60.25,96732.16,DR402462,173.9,0.0,61.85,D,SimuProB-1,EV_106
324.911,78.0,18.24,5510.0,0,3.838,1,59.86,4.185,109.8,95.1,185.0,EV_106,0.0,410,0.0,DR402462_13,60.4,96732.47,DR402462,173.9,0.0,62.05,D,SimuProB-1,EV_106
322.789,82.0,18.24,5635.0,0,3.835,1,59.85,4.188,112.5,105.4,185.0,EV_106,0.0,420,0.0,DR402462_13,60.55,96732.78,DR402462,173.9,0.0,62.25,D,SimuProB-1,EV_106
322.409,85.0,18.24,5770.0,0,3.832,1,59.84,4.19,115.2,112.1,185.0,EV_106,0.0,430,0.0,DR402462_13,60.7,96733.1,DR402462,173.9,0.0,62.45,D,SimuProB-1,EV_106
324.908,60.0,18.24,5425.0,0,3.838,1,59.82,4.192,108.5,85.2,185.0,EV_106,0.0,440,15.0,DR402462_13,60.85,96733.4,DR402462,173.9,0.0,62.6,D,SimuProB-1,EV_106
323.317,68.0,18.24,5565.0,0,3.836,1,59.81,4.191,111.3,92.4,185.0,EV_106,0.0,450,0.0,DR402462_13,60.95,96733.71,DR402462,173.9,0.0,62.7,D,SimuProB-1,EV_106
325.562,55.0,18.24,5290.0,0,3.839,1,59.79,4.189,105.8,75.6,185.0,EV_106,0.0,460,0.0,DR402462_13,61.05,96734.0,DR402462,173.9,0.0,62.8,D,SimuProB-1,EV_106
326.487,45.0,18.24,4925.0,0,3.841,1,59.78,4.187,98.5,62.1,185.0,EV_106,0.0,470,0.0,DR402462_13,61.1,96734.28,DR402462,173.9,0.0,62.9,D,SimuProB-1,EV_106
327.174,40.0,18.24,4760.0,0,3.843,1,59.77,4.185,95.2,55.3,185.0,EV_106,0.0,480,0.0,DR402462_13,61.2,96734.54,DR402462,173.9,0.0,63.0,D,SimuProB-1,EV_106
327.67,35.0,18.24,4640.0,0,3.844,1,59.74,4.184,92.8,48.7,185.0,EV_106,0.0,490,0.0,DR402462_13,61.3,96734.8,DR402462,173.9,0.0,63.1,D,SimuProB-1,EV_106
327.898,38.0,18.24,4725.0,0,3.845,1,59.74,4.183,94.5,52.1,185.0,EV_106,0.0,500,0.0,DR402462_13,61.4,96735.06,DR402462,173.9,0.0,63.2,D,SimuProB-1,EV_106
328.79,42.0,18.24,4820.0,0,3.844,1,59.73,4.185,96.4,64.2,185.0,EV_106,0.0,510,0.0,DR402462_13,61.5,96735.33,DR402462,173.9,0.0,63.3,D,SimuProB-1,EV_106
328.179,58.0,18.24,5115.0,0,3.842,1,59.7,4.186,102.3,78.5,185.0,EV_106,0.0,520,0.0,DR402462_13,61.6,96735.61,DR402462,173.9,0.0,63.5,D,SimuProB-1,EV_106
326.484,65.0,18.24,5435.0,0,3.839,1,59.7,4.188,108.7,92.1,185.0,EV_106,0.0,530,0.0,DR402462_13,61.8,96735.91,DR402462,173.9,0.0,63.8,D,SimuProB-1,EV_106
325.233,72.0,18.24,5625.0,0,3.835,1,59.69,4.189,112.5,105.4,185.0,EV_106,0.0,540,0.0,DR402462_13,62.1,96736.22,DR402462,173.9,0.0,64.1,D,SimuProB-1,EV_106
325.107,55.0,18.24,5410.0,0,3.837,1,59.65,4.187,108.2,88.2,185.0,EV_106,0.0,550,0.0,DR402462_13,62.3,96736.52,DR402462,173.9,0.0,64.3,D,SimuProB-1,EV_106
326.042,40.0,18.24,5140.0,0,3.839,1,59.63,4.186,102.8,65.7,185.0,EV_106,0.0,560,0.0,DR402462_13,62.5,96736.81,DR402462,173.9,0.0,64.4,D,SimuProB-1,EV_106
325.726,42.0,18.24,5225.0,0,3.838,1,59.6,4.185,104.5,72.3,185.0,EV_106,0.0,570,0.0,DR402462_13,62.7,96737.1,DR402462,173.9,0.0,64.6,D,SimuProB-1,EV_106
324.452,60.0,18.24,5410.0,0,3.834,1,59.58,4.187,108.2,95.6,185.0,EV_106,0.0,580,0.0,DR402462_13,63.0,96737.4,DR402462,173.9,0.0,64.9,D,SimuProB-1,EV_106
326.237,0.0,18.24,5040.0,0,3.837,1,59.55,4.186,100.8,-15.2,185.0,EV_106,0.05,590,12.0,DR402462_13,63.2,96737.68,DR402462,173.9,0.0,65.0,D,SimuProB-1,EV_106
324.406,48.0,18.24,5325.0,0,3.835,1,59.52,4.186,106.5,82.5,185.0,EV_106,0.0,600,0.0,DR402462_13,63.4,96737.98,DR402462,173.9,0.0,65.0,D,SimuProB-1,EV_106
323.234,65.0,18.24,5600.0,0,3.832,1,59.48,4.188,112.0,110.4,185.0,EV_106,0.0,610,0.0,DR402462_13,63.7,96738.29,DR402462,173.9,0.0,65.0,D,SimuProB-1,EV_106
325.012,0.0,18.24,5175.0,0,3.836,1,59.48,4.187,103.5,-25.8,185.0,EV_106,0.08,620,35.0,DR402462_13,63.9,96738.57,DR402462,173.9,0.0,65.0,D,SimuProB-1,EV_106
323.412,55.0,18.24,5525.0,0,3.833,1,59.43,4.186,110.5,105.2,185.0,EV_106,0.0,630,0.0,DR402462_13,64.0,96738.88,DR402462,173.9,0.0,65.0,D,SimuProB-1,EV_106
322.615,75.0,18.24,5760.0,0,3.83,1,59.39,4.188,115.2,125.8,185.0,EV_106,0.0,640,0.0,DR402462_13,64.2,96739.2,DR402462,173.9,0.0,65.0,D,SimuProB-1,EV_106
324.504,0.0,18.24,5400.0,0,3.835,1,59.39,4.187,108.0,-18.5,185.0,EV_106,0.06,650,15.0,DR402462_13,64.4,96739.5,DR402462,173.9,0.0,65.0,D,SimuProB-1,EV_106
321.763,85.0,18.24,5925.0,0,3.828,1,59.34,4.189,118.5,135.2,185.0,EV_106,0.0,660,0.0,DR402462_13,64.5,96739.83,DR402462,173.9,0.0,65.0,D,SimuProB-1,EV_106
321.498,90.0,18.24,6000.0,0,3.825,1,59.3,4.19,121.0,142.6,185.0,EV_106,0.0,670,0.0,DR402462_13,64.7,96740.17,DR402462,173.9,0.0,65.0,D,SimuProB-1,EV_106
323.756,0.0,18.24,5650.0,0,3.834,1,59.3,4.188,113.0,-22.4,185.0,EV_106,0.07,680,25.0,DR402462_13,64.9,96740.48,DR402462,173.9,0.0,65.0,D,SimuProB-1,EV_106
320.175,88.0,18.24,5975.0,0,3.822,1,59.21,4.192,119.5,148.5,185.0,EV_106,0.0,690,0.0,DR402462_13,65.0,96740.81,DR402462,173.9,0.0,65.0,D,SimuProB-1,EV_106
322.33,0.0,18.24,5600.0,0,3.829,1,59.19,4.19,112.0,-15.2,185.0,EV_106,0.05,700,10.0,DR402462_13,65.0,96741.12,DR402462,173.9,0.0,65.0,D,SimuProB-1,EV_106
320.072,92.0,18.24,6125.0,0,3.819,1,59.1,4.194,122.5,155.2,185.0,EV_106,0.0,710,0.0,DR402462_13,65.0,96741.46,DR402462,173.9,0.0,65.0,D,SimuProB-1,EV_106
321.461,0.0,18.24,5750.0,0,3.826,1,59.08,4.191,115.0,-18.5,185.0,EV_106,0.06,720,15.0,DR402462_13,65.0,96741.78,DR402462,173.9,0.0,65.0,D,SimuProB-1,EV_106
319.037,85.0,18.24,6000.0,0,3.821,1,59.04,4.193,120.0,145.0,185.0,EV_106,0.0,730,0.0,DR402462_13,65.0,96742.11,DR402462,173.9,0.0,65.0,D,SimuProB-1,EV_106
322.911,0.0,18.24,5500.0,0,3.83,1,59.02,4.189,110.0,-25.0,185.0,EV_106,0.08,740,30.0,DR402462_13,65.0,96742.42,DR402462,173.9,0.0,65.0,D,SimuProB-1,EV_106
320.112,88.0,18.24,5900.0,0,3.822,1,58.98,4.192,118.0,148.5,185.0,EV_106,0.0,750,0.0,DR402462_13,65.0,96742.75,DR402462,173.9,0.0,65.0,D,SimuProB-1,EV_106
323.787,0.0,18.24,5400.0,0,3.828,1,58.98,4.19,108.0,-22.0,185.0,EV_106,0.07,760,18.0,DR402462_13,65.0,96743.05,DR402462,173.9,0.0,65.0,D,SimuProB-1,EV_106
321.543,82.0,18.24,5800.0,0,3.823,1,58.96,4.193,116.0,142.0,185.0,EV_106,0.0,770,0.0,DR402462_13,65.0,96743.37,DR402462,173.9,0.0,65.0,D,SimuProB-1,EV_106
320.266,86.0,18.24,5950.0,0,3.824,1,58.93,4.192,119.0,146.5,185.0,EV_106,0.0,780,0.0,DR402462_13,65.0,96743.7,DR402462,173.9,0.0,65.0,D,SimuProB-1,EV_106
323.093,0.0,18.24,5350.0,0,3.832,1,58.9,4.191,107.0,-24.5,185.0,EV_106,0.09,790,35.0,DR402462_13,65.0,96744.0,DR402462,173.9,0.0,65.0,D,SimuProB-1,EV_106
321.79,90.0,18.24,6000.0,0,3.82,1,58.86,4.194,121.0,151.2,185.0,EV_106,0.0,800,0.0,DR402462_13,65.0,96744.33,DR402462,173.9,0.0,65.0,D,SimuProB-1,EV_106
322.238,75.0,18.24,5700.0,0,3.822,1,58.81,4.195,114.0,138.0,185.0,EV_106,0.0,810,0.0,DR402462_13,65.0,96744.65,DR402462,173.9,0.0,65.0,D,SimuProB-1,EV_106
320.758,88.0,18.24,5980.0,0,3.818,1,58.78,4.198,120.0,155.0,185.0,EV_106,0.0,820,0.0,DR402462_13,65.0,96744.98,DR402462,173.9,0.0,65.0,D,SimuProB-1,EV_106
323.164,0.0,18.24,5450.0,0,3.825,1,58.75,4.196,109.0,-18.0,185.0,EV_106,0.06,830,15.0,DR402462_13,65.0,96745.28,DR402462,173.9,0.0,65.0,D,SimuProB-1,EV_106
321.295,80.0,18.24,5600.0,0,3.824,1,58.71,4.197,112.0,145.0,185.0,EV_106,0.0,840,0.0,DR402462_13,65.0,96745.59,DR402462,173.9,0.0,65.0,D,SimuProB-1,EV_106
322.65,70.0,18.24,5400.0,0,3.826,1,58.66,4.198,108.0,125.0,185.0,EV_106,0.0,850,0.0,DR402462_13,65.0,96745.89,DR402462,173.9,0.0,65.0,D,SimuProB-1,EV_106
320.347,85.0,18.24,5750.0,0,3.821,1,58.63,4.199,115.0,160.0,185.0,EV_106,0.0,860,0.0,DR402462_13,65.0,96746.21,DR402462,173.9,0.0,65.0,D,SimuProB-1,EV_106
321.918,45.0,18.24,5250.0,0,3.823,1,58.59,4.197,105.0,110.0,185.0,EV_106,0.0,870,0.0,DR402462_13,65.0,96746.5,DR402462,173.9,0.0,65.0,D,SimuProB-1,EV_106
320.91,75.0,18.24,5500.0,0,3.82,1,58.54,4.198,110.0,140.0,185.0,EV_106,0.0,880,0.0,DR402462_13,65.0,96746.81,DR402462,173.9,0.0,65.0,D,SimuProB-1,EV_106
319.065,85.0,18.24,5800.0,0,3.819,1,58.49,4.199,116.0,165.0,185.0,EV_106,0.0,890,0.0,DR402462_13,65.0,96747.13,DR402462,173.9,0.0,65.0,D,SimuProB-1,EV_106
318.845,75.0,18.24,5600.0,0,3.818,1,58.43,4.198,112.0,155.0,185.0,EV_106,0.0,900,0.0,DR402462_13,65.0,96747.44,DR402462,173.9,0.0,65.0,D,SimuProB-1,EV_106
319.861,55.0,18.24,5300.0,0,3.82,1,58.38,4.197,106.0,130.0,185.0,EV_106,0.0,910,0.0,DR402462_13,65.0,96747.74,DR402462,173.9,0.0,65.0,D,SimuProB-1,EV_106
317.713,90.0,18.24,5900.0,0,3.817,1,58.33,4.199,118.0,168.0,185.0,EV_106,0.0,920,0.0,DR402462_13,65.0,96748.06,DR402462,173.9,0.0,65.0,D,SimuProB-1,EV_106
317.634,95.0,18.24,6000.0,0,3.815,1,58.26,4.199,120.0,175.0,185.0,EV_106,0.0,930,0.0,DR402462_13,65.0,96748.39,DR402462,173.9,0.0,65.0,D,SimuProB-1,EV_106
318.565,65.0,18.24,5700.0,0,3.817,1,58.22,4.198,114.0,145.0,185.0,EV_106,0.0,940,0.0,DR402462_13,65.0,96748.71,DR402462,173.9,0.0,65.0,D,SimuProB-1,EV_106
318.927,50.0,18.24,5400.0,0,3.819,1,58.19,4.197,108.0,125.0,185.0,EV_106,0.0,950,0.0,DR402462_13,65.0,96749.01,DR402462,173.9,0.0,65.0,D,SimuProB-1,EV_106
318.287,45.0,18.24,5250.0,0,3.821,1,58.14,4.196,105.0,120.0,185.0,EV_106,0.0,960,0.0,DR402462_13,65.0,96749.3,DR402462,173.9,0.0,65.0,D,SimuProB-1,EV_106
318.795,40.0,18.24,5100.0,0,3.822,1,58.12,4.195,102.0,110.0,185.0,EV_106,0.0,970,0.0,DR402462_13,65.0,96749.59,DR402462,173.9,0.0,65.0,D,SimuProB-1,EV_106
318.508,42.0,18.24,5150.0,0,3.82,1,58.08,4.196,103.0,115.0,185.0,EV_106,0.0,980,0.0,DR402462_13,65.0,96749.87,DR402462,173.9,0.0,65.0,D,SimuProB-1,EV_106
318.453,45.0,18.24,5225.0,0,3.819,1,58.04,4.195,104.5,128.0,185.0,EV_106,0.0,990,0.0,DR402462_13,65.0,96750.16,DR402462,173.9,0.0,65.0,D,SimuProB-1,EV_106
317.744,50.0,18.24,5350.0,0,3.818,1,58.0,4.194,107.0,135.0,185.0,EV_106,0.0,1000,0.0,DR402462_13,65.0,96750.46,DR402462,173.9,0.0,65.0,D,SimuProB-1,EV_106
318.343,55.0,18.24,5475.0,0,3.816,1,57.95,4.193,109.5,142.0,185.0,EV_106,0.0,1010,0.0,DR402462_13,65.0,96750.76,DR402462,173.9,0.0,65.0,D,SimuProB-1,EV_106
317.364,58.0,18.24,5550.0,0,3.815,1,57.91,4.192,111.0,148.0,185.0,EV_106,0.0,1020,0.0,DR402462_13,65.0,96751.07,DR402462,173.9,0.0,65.0,D,SimuProB-1,EV_106
317.361,62.0,18.24,5625.0,0,3.813,1,57.86,4.191,112.5,152.0,185.0,EV_106,0.0,1030,0.0,DR402462_13,65.0,96751.38,DR402462,173.9,0.0,65.0,D,SimuProB-1,EV_106
317.312,55.0,18.24,5575.0,0,3.814,1,57.81,4.191,111.5,145.0,185.0,EV_106,0.0,1040,0.0,DR402462_13,65.0,96751.69,DR402462,173.9,0.0,65.0,D,SimuProB-1,EV_106
317.136,65.0,18.24,5675.0,0,3.812,1,57.75,4.19,113.0,155.0,185.0,EV_106,0.0,1050,0.0,DR402462_13,65.0,96752.0,DR402462,173.9,0.0,65.0,D,SimuProB-1,EV_106
317.343,55.0,18.24,5550.0,0,3.813,1,57.69,4.189,111.0,140.0,185.0,EV_106,0.0,1060,0.0,DR402462_13,65.0,96752.31,DR402462,173.9,0.0,65.0,D,SimuProB-1,EV_106
316.46,70.0,18.24,5750.0,0,3.811,1,57.65,4.188,114.5,160.0,185.0,EV_106,0.0,1070,0.0,DR402462_13,65.0,96752.63,DR402462,173.9,0.0,65.0,D,SimuProB-1,EV_106
315.887,75.0,18.24,5800.0,0,3.81,1,57.59,4.187,116.0,165.0,185.0,EV_106,0.0,1080,0.0,DR402462_13,65.0,96752.95,DR402462,173.9,0.0,65.0,D,SimuProB-1,EV_106
317.311,58.0,18.24,5675.0,0,3.812,1,57.57,4.188,113.5,148.0,185.0,EV_106,0.0,1090,0.0,DR402462_13,65.0,96753.27,DR402462,173.9,0.0,65.0,D,SimuProB-1,EV_106
316.156,68.0,18.24,5750.0,0,3.809,1,57.52,4.186,115.0,158.0,185.0,EV_106,0.0,1100,0.0,DR402462_13,65.0,96753.59,DR402462,173.9,0.0,65.0,D,SimuProB-1,EV_106
314.98,65.0,18.24,5775.0,0,3.808,1,57.47,4.185,115.5,162.0,185.0,EV_106,0.0,1110,0.0,DR402462_13,65.0,96753.91,DR402462,173.9,0.0,65.0,D,SimuProB-1,EV_106
314.683,78.0,18.24,5900.0,0,3.806,1,57.41,4.184,118.0,170.0,185.0,EV_106,0.0,1120,0.0,DR402462_13,65.0,96754.24,DR402462,173.9,0.0,65.0,D,SimuProB-1,EV_106
313.738,82.0,18.24,5975.0,0,3.805,1,57.35,4.183,119.5,175.0,185.0,EV_106,0.0,1130,0.0,DR402462_13,65.0,96754.57,DR402462,173.9,0.0,65.0,D,SimuProB-1,EV_106
312.808,85.0,18.24,6000.0,0,3.804,1,57.27,4.182,120.0,180.0,185.0,EV_106,0.0,1140,0.0,DR402462_13,65.0,96754.9,DR402462,173.9,0.0,65.0,D,SimuProB-1,EV_106
313.199,70.0,18.24,5900.0,0,3.805,1,57.22,4.182,118.0,145.0,185.0,EV_106,0.0,1150,0.0,DR402462_13,65.0,96755.23,DR402462,173.9,0.0,65.0,D,SimuProB-1,EV_106
313.967,60.0,18.24,5750.0,0,3.806,1,57.18,4.181,115.0,130.0,185.0,EV_106,0.0,1160,0.0,DR402462_13,65.0,96755.55,DR402462,173.9,0.0,65.0,D,SimuProB-1,EV_106
314.395,55.0,18.24,5650.0,0,3.807,1,57.13,4.18,113.0,120.0,185.0,EV_106,0.0,1170,0.0,DR402462_13,65.0,96755.86,DR402462,173.9,0.0,65.0,D,SimuProB-1,EV_106
313.675,65.0,18.24,5825.0,0,3.808,1,57.09,4.179,116.5,135.0,185.0,EV_106,0.0,1180,0.0,DR402462_13,65.0,96756.19,DR402462,173.9,0.0,65.0,D,SimuProB-1,EV_106
311.711,75.0,18.24,5950.0,0,3.809,1,57.04,4.178,119.0,155.0,185.0,EV_106,0.0,1190,0.0,DR402462_13,65.0,96756.52,DR402462,173.9,0.0,65.0,D,SimuProB-1,EV_106
310.334,80.0,18.24,6000.0,0,3.81,1,56.98,4.177,120.0,165.0,185.0,EV_106,0.0,1200,0.0,DR402462_13,65.0,96756.85,DR402462,173.9,0.0,65.0,D,SimuProB-1,EV_106
312.976,60.0,18.24,5750.0,0,3.811,1,56.93,4.176,115.0,140.0,185.0,EV_106,0.0,1210,0.0,DR402462_13,65.0,96757.17,DR402462,173.9,0.0,65.0,D,SimuProB-1,EV_106
313.409,50.0,18.24,5600.0,0,3.812,1,56.89,4.175,112.0,125.0,185.0,EV_106,0.0,1220,0.0,DR402462_13,65.0,96757.48,DR402462,173.9,0.0,65.0,D,SimuProB-1,EV_106
311.673,52.0,18.24,5650.0,0,3.813,1,56.83,4.174,113.0,130.0,185.0,EV_106,0.0,1230,0.0,DR402462_13,65.0,96757.79,DR402462,173.9,0.0,65.0,D,SimuProB-1,EV_106
313.037,48.0,18.24,5500.0,0,3.814,1,56.81,4.173,110.0,115.0,185.0,EV_106,0.0,1240,0.0,DR402462_13,65.0,96758.1,DR402462,173.9,0.0,65.0,D,SimuProB-1,EV_106
311.638,50.0,18.24,5575.0,0,3.815,1,56.78,4.172,111.5,120.0,185.0,EV_106,0.0,1250,0.0,DR402462_13,65.0,96758.41,DR402462,173.9,0.0,65.0,D,SimuProB-1,EV_106
313.446,45.0,18.24,5400.0,0,3.816,1,56.72,4.17,108.0,95.0,185.0,EV_106,0.0,1260,0.0,DR402462_13,65.0,96758.71,DR402462,173.9,0.0,65.0,D,SimuProB-1,EV_106
311.502,58.0,18.24,5700.0,0,3.818,1,56.68,4.168,114.0,135.0,185.0,EV_106,0.0,1270,0.0,DR402462_13,65.0,96759.03,DR402462,173.9,0.0,65.0,D,SimuProB-1,EV_106
312.479,50.0,18.24,5550.0,0,3.819,1,56.63,4.167,111.0,105.0,185.0,EV_106,0.0,0,0.0,DR402462_14,65.0,96759.34,DR402462,173.9,0.0,65.0,D,SimuProB-1,EV_106
310.402,52.0,18.24,5625.0,0,3.82,1,56.59,4.165,112.5,125.0,185.0,EV_106,0.0,10,0.0,DR402462_14,65.0,96759.65,DR402462,173.9,0.0,65.0,D,SimuProB-1,EV_106
312.62,42.0,18.24,5450.0,0,3.821,1,56.56,4.166,109.0,98.0,185.0,EV_106,0.0,20,0.0,DR402462_14,65.0,96759.96,DR402462,173.9,0.0,65.0,D,SimuProB-1,EV_106
310.972,55.0,18.24,5675.0,0,3.822,1,56.53,4.164,113.5,130.0,185.0,EV_106,0.0,30,0.0,DR402462_14,65.0,96760.27,DR402462,173.9,0.0,65.0,D,SimuProB-1,EV_106
312.506,48.0,18.24,5500.0,0,3.82,1,56.49,4.166,110.0,115.0,185.0,EV_106,0.0,40,0.0,DR402462_14,65.0,96760.58,DR402462,173.9,0.0,65.0,D,SimuProB-1,EV_106
311.169,56.0,18.24,5725.0,0,3.823,1,56.45,4.164,114.5,138.0,185.0,EV_106,0.0,50,0.0,DR402462_14,65.0,96760.89,DR402462,173.9,0.0,65.0,D,SimuProB-1,EV_106
312.926,40.0,18.24,5350.0,0,3.821,1,56.44,4.167,107.0,95.0,185.0,EV_106,0.0,60,0.0,DR402462_14,65.0,96761.19,DR402462,173.9,0.0,65.0,D,SimuProB-1,EV_106
310.16,60.0,18.24,5800.0,0,3.825,1,56.4,4.163,116.0,145.0,185.0,EV_106,0.0,70,0.0,DR402462_14,65.0,96761.51,DR402462,173.9,0.0,65.0,D,SimuProB-1,EV_106
311.773,45.0,18.24,5400.0,0,3.822,1,56.36,4.165,108.0,110.0,185.0,EV_106,0.0,80,0.0,DR402462_14,65.0,96761.81,DR402462,173.9,0.0,65.0,D,SimuProB-1,EV_106
312.266,0.0,18.24,4900.0,0,3.824,1,56.31,4.166,98.0,-15.0,185.0,EV_106,0.05,90,10.0,DR402462_14,65.0,96762.08,DR402462,173.9,0.0,65.0,D,SimuProB-1,EV_106
310.875,50.0,18.24,5600.0,0,3.82,1,56.25,4.165,112.0,125.0,185.0,EV_106,0.0,100,0.0,DR402462_14,65.0,96762.39,DR402462,173.9,0.0,65.0,D,SimuProB-1,EV_106
310.271,75.0,18.24,5900.0,0,3.815,1,56.18,4.162,118.0,155.0,185.0,EV_106,0.0,110,0.0,DR402462_14,65.0,96762.72,DR402462,173.9,0.0,65.0,D,SimuProB-1,EV_106
311.414,0.0,18.24,5250.0,0,3.825,1,56.15,4.168,105.0,-25.0,185.0,EV_106,0.06,120,15.0,DR402462_14,65.0,96763.01,DR402462,173.9,0.0,65.0,D,SimuProB-1,EV_106
309.163,60.0,18.24,5750.0,0,3.818,1,56.1,4.164,115.0,145.0,185.0,EV_106,0.0,130,0.0,DR402462_14,65.0,96763.33,DR402462,173.9,0.0,65.0,D,SimuProB-1,EV_106
312.12,0.0,18.24,5100.0,0,3.823,1,56.08,4.167,102.0,-18.0,185.0,EV_106,0.05,140,12.0,DR402462_14,65.0,96763.61,DR402462,173.9,0.0,65.0,D,SimuProB-1,EV_106
309.918,48.0,18.24,5400.0,0,3.816,1,56.04,4.163,108.0,130.0,185.0,EV_106,0.0,150,0.0,DR402462_14,65.0,96763.91,DR402462,173.9,0.0,65.0,D,SimuProB-1,EV_106
311.922,55.0,18.24,5600.0,0,3.819,1,56.0,4.165,112.0,140.0,185.0,EV_106,0.0,160,0.0,DR402462_14,65.0,96764.22,DR402462,173.9,0.0,65.0,D,SimuProB-1,EV_106
308.452,80.0,18.24,5950.0,0,3.814,1,55.96,4.163,119.0,165.0,185.0,EV_106,0.0,170,0.0,DR402462_14,65.0,96764.55,DR402462,173.9,0.0,65.0,D,SimuProB-1,EV_106
312.283,0.0,18.24,5300.0,0,3.824,1,55.94,4.168,106.0,-20.0,185.0,EV_106,0.05,180,10.0,DR402462_14,65.0,96764.85,DR402462,173.9,0.0,65.0,D,SimuProB-1,EV_106
309.98,62.0,18.24,5700.0,0,3.821,1,55.9,4.166,114.0,145.0,185.0,EV_106,0.0,190,0.0,DR402462_14,65.0,96765.17,DR402462,173.9,0.0,65.0,D,SimuProB-1,EV_106
311.41,50.0,18.24,5500.0,0,3.82,1,55.88,4.165,110.0,135.0,185.0,EV_106,0.0,200,0.0,DR402462_14,65.0,96765.47,DR402462,173.9,0.0,65.0,D,SimuProB-1,EV_106
313.358,0.0,18.24,5200.0,0,3.825,1,55.87,4.169,104.0,-15.0,185.0,EV_106,0.05,210,8.0,DR402462_14,65.0,96765.76,DR402462,173.9,0.0,65.0,D,SimuProB-1,EV_106
314.829,45.0,18.24,5250.0,0,3.828,1,55.84,4.17,105.0,125.0,185.0,EV_106,0.0,220,0.0,DR402462_14,65.0,96766.05,DR402462,173.9,0.0,65.0,D,SimuProB-1,EV_106
309.785,65.0,18.24,5600.0,0,3.815,1,55.83,4.175,112.0,155.0,185.0,EV_106,0.0,230,0.0,DR402462_14,65.0,96766.36,DR402462,173.9,0.0,65.0,D,SimuProB-1,EV_106
313.006,0.0,18.24,4900.0,0,3.822,1,55.82,4.178,98.0,-18.0,185.0,EV_106,0.06,240,12.0,DR402462_14,65.0,96766.63,DR402462,173.9,0.0,65.0,D,SimuProB-1,EV_106
310.274,48.0,18.24,5400.0,0,3.818,1,55.81,4.172,108.0,142.0,185.0,EV_106,0.0,250,0.0,DR402462_14,65.0,96766.93,DR402462,173.9,0.0,65.0,D,SimuProB-1,EV_106
314.362,0.0,18.24,5000.0,0,3.82,1,55.78,4.175,100.0,-12.0,185.0,EV_106,0.04,260,6.0,DR402462_14,65.0,96767.21,DR402462,173.9,0.0,65.0,D,SimuProB-1,EV_106
308.85,70.0,18.24,5750.0,0,3.812,1,55.76,4.18,115.0,165.0,185.0,EV_106,0.0,270,0.0,DR402462_14,65.0,96767.53,DR402462,173.9,0.0,65.0,D,SimuProB-1,EV_106
304.974,85.0,18.24,5900.0,0,3.808,1,55.71,4.182,118.0,175.0,185.0,EV_106,0.0,280,0.0,DR402462_14,65.0,96767.86,DR402462,173.9,0.0,65.0,D,SimuProB-1,EV_106
311.764,0.0,18.24,5250.0,0,3.815,1,55.67,4.178,105.0,-15.0,185.0,EV_106,0.05,290,8.0,DR402462_14,65.0,96768.15,DR402462,173.9,0.0,65.0,D,SimuProB-1,EV_106
316.54,25.0,18.24,4750.0,0,3.818,1,55.67,4.176,95.0,45.0,185.0,EV_106,0.0,300,0.0,DR402462_14,65.0,96768.41,DR402462,173.9,0.0,65.0,D,SimuProB-1,EV_106
312.438,30.0,18.24,4900.0,0,3.822,1,55.64,4.175,98.0,65.0,185.0,EV_106,0.0,310,0.0,DR402462_14,65.0,96768.68,DR402462,173.9,0.0,65.0,D,SimuProB-1,EV_106
308.408,65.0,18.24,5400.0,0,3.815,1,55.63,4.182,108.0,140.0,185.0,EV_106,0.0,320,0.0,DR402462_14,65.0,96768.98,DR402462,173.9,0.0,65.0,D,SimuProB-1,EV_106
310.56,0.0,18.24,5100.0,0,3.818,1,55.61,4.179,102.0,-18.0,185.0,EV_106,0.06,330,12.0,DR402462_14,65.0,96769.27,DR402462,173.9,0.0,65.0,D,SimuProB-1,EV_106
314.811,25.0,18.24,5000.0,0,3.82,1,55.59,4.177,100.0,55.0,185.0,EV_106,0.0,340,0.0,DR402462_14,65.0,96769.55,DR402462,173.9,0.0,65.0,D,SimuProB-1,EV_106
313.026,55.0,18.24,5500.0,0,3.816,1,55.58,4.18,110.0,95.0,185.0,EV_106,0.0,350,0.0,DR402462_14,65.0,96769.85,DR402462,173.9,0.0,65.0,D,SimuProB-1,EV_106
314.49,20.0,18.24,5100.0,0,3.819,1,55.58,4.178,102.0,40.0,185.0,EV_106,0.0,360,0.0,DR402462_14,65.0,96770.14,DR402462,173.9,0.0,65.0,D,SimuProB-1,EV_106
311.889,45.0,18.24,5250.0,0,3.817,1,55.57,4.18,105.0,85.0,185.0,EV_106,0.0,370,0.0,DR402462_14,65.0,96770.43,DR402462,173.9,0.0,65.0,D,SimuProB-1,EV_106
310.818,60.0,18.24,5600.0,0,3.815,1,55.56,4.181,112.0,110.0,185.0,EV_106,0.0,380,0.0,DR402462_14,65.0,96770.74,DR402462,173.9,0.0,65.0,D,SimuProB-1,EV_106
313.512,0.0,18.24,4900.0,0,3.818,1,55.55,4.182,98.0,-25.0,185.0,EV_106,0.08,390,15.0,DR402462_14,65.0,96771.01,DR402462,173.9,0.0,65.0,D,SimuProB-1,EV_106
309.748,65.0,18.24,5700.0,0,3.814,1,55.54,4.183,114.0,115.0,185.0,EV_106,0.0,400,0.0,DR402462_14,65.0,96771.33,DR402462,173.9,0.0,65.0,D,SimuProB-1,EV_106
313.044,0.0,18.24,5300.0,0,3.819,1,55.53,4.184,106.0,-15.0,185.0,EV_106,0.04,410,10.0,DR402462_14,65.0,96771.62,DR402462,173.9,0.0,65.0,D,SimuProB-1,EV_106
311.82,50.0,18.24,5500.0,0,3.816,1,55.51,4.182,110.0,90.0,185.0,EV_106,0.0,420,0.0,DR402462_14,65.0,96771.93,DR402462,173.9,0.0,65.0,D,SimuProB-1,EV_106
308.11,75.0,18.24,5900.0,0,3.81,1,55.49,4.185,118.0,125.0,185.0,EV_106,0.0,430,0.0,DR402462_14,65.0,96772.26,DR402462,173.9,0.0,65.0,D,SimuProB-1,EV_106
312.14,0.0,18.24,5000.0,0,3.82,1,55.49,4.186,100.0,-30.0,185.0,EV_106,0.09,440,20.0,DR402462_14,65.0,96772.54,DR402462,173.9,0.0,65.0,D,SimuProB-1,EV_106
309.874,55.0,18.24,5400.0,0,3.812,1,55.46,4.184,108.0,95.0,185.0,EV_106,0.0,450,0.0,DR402462_14,65.0,96772.84,DR402462,173.9,0.0,65.0,D,SimuProB-1,EV_106
311.318,45.0,18.24,5250.0,0,3.814,1,55.44,4.183,105.0,98.0,185.0,EV_106,0.0,460,0.0,DR402462_14,65.0,96773.13,DR402462,173.9,0.0,65.0,D,SimuProB-1,EV_106
312.724,35.0,18.24,5100.0,0,3.816,1,55.42,4.182,102.0,85.0,185.0,EV_106,0.0,470,0.0,DR402462_14,65.0,96773.42,DR402462,173.9,0.0,65.0,D,SimuProB-1,EV_106
314.032,25.0,18.24,4900.0,0,3.817,1,55.41,4.181,98.0,70.0,185.0,EV_106,0.0,480,0.0,DR402462_14,65.0,96773.69,DR402462,173.9,0.0,65.0,D,SimuProB-1,EV_106
312.92,28.0,18.24,4975.0,0,3.817,1,55.38,4.181,99.5,75.0,185.0,EV_106,0.0,490,0.0,DR402462_14,65.0,96773.97,DR402462,173.9,0.0,65.0,D,SimuProB-1,EV_106
310.587,40.0,18.24,5150.0,0,3.815,1,55.38,4.18,103.0,88.0,185.0,EV_106,0.0,500,0.0,DR402462_14,65.0,96774.25,DR402462,173.9,0.0,65.0,D,SimuProB-1,EV_106
312.032,22.0,18.24,4850.0,0,3.816,1,55.37,4.181,97.0,72.0,185.0,EV_106,0.0,510,0.0,DR402462_14,65.0,96774.52,DR402462,173.9,0.0,65.0,D,SimuProB-1,EV_106
310.277,42.0,18.24,5225.0,0,3.814,1,55.36,4.179,104.5,92.5,185.0,EV_106,0.0,520,0.0,DR402462_14,65.0,96774.81,DR402462,173.9,0.0,65.0,D,SimuProB-1,EV_106
311.97,26.0,18.24,4925.0,0,3.815,1,55.35,4.18,98.5,78.0,185.0,EV_106,0.0,530,0.0,DR402462_14,65.0,96775.08,DR402462,173.9,0.0,65.0,D,SimuProB-1,EV_106
309.732,55.0,18.24,5400.0,0,3.813,1,55.35,4.178,108.0,105.0,185.0,EV_106,0.0,540,0.0,DR402462_14,65.0,96775.38,DR402462,173.9,0.0,65.0,D,SimuProB-1,EV_106
312.883,28.0,18.24,4975.0,0,3.815,1,55.34,4.18,99.5,75.0,185.0,EV_106,0.0,550,0.0,DR402462_14,65.0,96775.66,DR402462,173.9,0.0,65.0,D,SimuProB-1,EV_106
310.704,35.0,18.24,5100.0,0,3.814,1,55.32,4.179,102.0,85.0,185.0,EV_106,0.0,560,0.0,DR402462_14,65.0,96775.94,DR402462,173.9,0.0,65.0,D,SimuProB-1,EV_106
310.962,45.0,18.24,5275.0,0,3.813,1,55.31,4.178,105.5,90.0,185.0,EV_106,0.0,570,0.0,DR402462_14,65.0,96776.23,DR402462,173.9,0.0,65.0,D,SimuProB-1,EV_106
313.654,22.0,18.24,4900.0,0,3.814,1,55.28,4.179,98.0,72.5,185.0,EV_106,0.0,580,0.0,DR402462_14,65.0,96776.5,DR402462,173.9,0.0,65.0,D,SimuProB-1,EV_106
310.051,58.0,18.24,5425.0,0,3.812,1,55.28,4.18,108.5,110.0,185.0,EV_106,0.0,590,0.0,DR402462_14,65.0,96776.8,DR402462,173.9,0.0,65.0,D,SimuProB-1,EV_106
311.322,32.0,18.24,5050.0,0,3.813,1,55.28,4.179,101.0,88.0,185.0,EV_106,0.0,600,0.0,DR402462_14,65.0,96777.08,DR402462,173.9,0.0,65.0,D,SimuProB-1,EV_106
310.964,38.0,18.24,5150.0,0,3.813,1,55.27,4.179,103.0,95.0,185.0,EV_106,0.0,610,0.0,DR402462_14,65.0,96777.37,DR402462,173.9,0.0,65.0,D,SimuProB-1,EV_106
308.913,68.0,18.24,5600.0,0,3.811,1,55.25,4.18,112.0,135.0,185.0,EV_106,0.0,620,0.0,DR402462_14,65.0,96777.68,DR402462,173.9,0.0,65.0,D,SimuProB-1,EV_106
312.871,0.0,18.24,5000.0,0,3.815,1,55.25,4.181,100.0,-25.0,185.0,EV_106,0.05,630,12.0,DR402462_14,65.0,96777.96,DR402462,173.9,0.0,65.0,D,SimuProB-1,EV_106
310.407,45.0,18.24,5300.0,0,3.814,1,55.23,4.178,106.0,105.0,185.0,EV_106,0.0,640,0.0,DR402462_14,65.0,96778.25,DR402462,173.9,0.0,65.0,D,SimuProB-1,EV_106
310.219,55.0,18.24,5500.0,0,3.811,1,55.23,4.18,110.0,125.0,185.0,EV_106,0.0,650,0.0,DR402462_14,65.0,96778.56,DR402462,173.9,0.0,65.0,D,SimuProB-1,EV_106
311.496,0.0,18.24,5100.0,0,3.816,1,55.21,4.182,102.0,-15.0,185.0,EV_106,0.06,660,8.0,DR402462_14,65.0,96778.84,DR402462,173.9,0.0,65.0,D,SimuProB-1,EV_106
310.982,50.0,18.24,5400.0,0,3.813,1,55.2,4.179,108.0,115.0,185.0,EV_106,0.0,670,0.0,DR402462_14,65.0,96779.14,DR402462,173.9,0.0,65.0,D,SimuProB-1,EV_106
311.671,0.0,18.24,4900.0,0,3.817,1,55.19,4.183,98.0,-20.0,185.0,EV_106,0.05,680,15.0,DR402462_14,65.0,96779.41,DR402462,173.9,0.0,65.0,D,SimuProB-1,EV_106
310.934,45.0,18.24,5250.0,0,3.814,1,55.17,4.18,105.0,100.0,185.0,EV_106,0.0,690,0.0,DR402462_14,65.0,96779.7,DR402462,173.9,0.0,65.0,D,SimuProB-1,EV_106
310.381,48.0,18.24,5375.0,0,3.812,1,55.16,4.181,107.5,108.5,185.0,EV_106,0.0,700,0.0,DR402462_14,65.0,96780.0,DR402462,173.9,0.0,65.0,D,SimuProB-1,EV_106
310.061,65.0,18.24,5600.0,0,3.808,1,55.14,4.185,112.0,135.0,185.0,EV_106,0.0,710,0.0,DR402462_14,65.0,96780.31,DR402462,173.9,0.0,65.0,D,SimuProB-1,EV_106
309.815,75.0,18.24,5750.0,0,3.805,1,55.11,4.188,115.0,145.0,185.0,EV_106,0.0,720,0.0,DR402462_14,65.0,96780.63,DR402462,173.9,0.0,65.0,D,SimuProB-1,EV_106
307.666,68.0,18.24,5650.0,0,3.806,1,55.07,4.186,113.0,142.0,185.0,EV_106,0.0,730,0.0,DR402462_14,65.0,96780.94,DR402462,173.9,0.0,65.0,D,SimuProB-1,EV_106
309.661,35.0,18.24,5250.0,0,3.808,1,55.06,4.185,105.0,85.0,185.0,EV_106,0.0,740,0.0,DR402462_14,65.0,96781.24,DR402462,173.9,0.0,65.0,D,SimuProB-1,EV_106
309.263,55.0,18.24,5500.0,0,3.804,1,55.01,4.187,110.0,110.0,185.0,EV_106,0.0,750,0.0,DR402462_14,65.0,96781.54,DR402462,173.9,0.0,65.0,D,SimuProB-1,EV_106
311.39,40.0,18.24,5000.0,0,3.809,1,54.99,4.182,100.0,75.0,185.0,EV_106,0.0,760,0.0,DR402462_14,65.0,96781.82,DR402462,173.9,0.0,65.0,D,SimuProB-1,EV_106
309.862,30.0,18.24,4750.0,0,3.811,1,54.98,4.18,95.0,65.0,185.0,EV_106,0.0,770,0.0,DR402462_14,65.0,96782.08,DR402462,173.9,0.0,65.0,D,SimuProB-1,EV_106
314.259,0.0,18.24,4500.0,0,3.815,1,54.96,4.185,90.0,-15.0,185.0,EV_106,0.05,780,10.0,DR402462_14,65.0,96782.33,DR402462,173.9,0.0,65.0,D,SimuProB-1,EV_106
315.748,0.0,18.24,4600.0,0,3.816,1,54.95,4.186,92.0,-12.0,185.0,EV_106,0.04,790,8.0,DR402462_14,65.0,96782.59,DR402462,173.9,0.0,65.0,D,SimuProB-1,EV_106
315.545,20.0,18.24,4800.0,0,3.815,1,54.93,4.185,96.0,-8.0,185.0,EV_106,0.02,800,0.0,DR402462_14,65.0,96782.85,DR402462,173.9,0.0,65.0,D,SimuProB-1,EV_106
312.425,45.0,18.24,5100.0,0,3.812,1,54.91,4.184,102.0,45.0,185.0,EV_106,0.0,810,0.0,DR402462_14,65.0,96783.14,DR402462,173.9,0.0,65.0,D,SimuProB-1,EV_106
308.137,55.0,18.24,5250.0,0,3.81,1,54.89,4.182,105.0,95.0,185.0,EV_106,0.0,820,0.0,DR402462_14,64.95,96783.43,DR402462,173.9,0.0,65.0,D,SimuProB-1,EV_106
309.766,50.0,18.24,5400.0,0,3.811,1,54.86,4.183,108.0,82.0,185.0,EV_106,0.0,830,0.0,DR402462_14,65.0,96783.73,DR402462,173.9,0.0,65.0,D,SimuProB-1,EV_106
310.217,48.0,18.24,5500.0,0,3.812,1,54.84,4.184,110.0,78.0,185.0,EV_106,0.0,840,0.0,DR402462_14,65.0,96784.04,DR402462,173.9,0.0,65.0,D,SimuProB-1,EV_106
309.952,52.0,18.24,5600.0,0,3.813,1,54.81,4.185,112.0,85.0,185.0,EV_106,0.0,850,0.0,DR402462_14,65.0,96784.35,DR402462,173.9,0.0,65.0,D,SimuProB-1,EV_106
309.178,55.0,18.24,5700.0,0,3.814,1,54.78,4.186,114.0,92.0,185.0,EV_106,0.0,860,0.0,DR402462_14,65.0,96784.67,DR402462,173.9,0.0,65.0,D,SimuProB-1,EV_106
309.788,40.0,18.24,5500.0,0,3.812,1,54.76,4.185,110.0,65.0,185.0,EV_106,0.0,870,0.0,DR402462_14,65.0,96784.97,DR402462,173.9,0.0,65.0,D,SimuProB-1,EV_106
308.325,65.0,18.24,5750.0,0,3.815,1,54.73,4.187,115.0,95.0,185.0,EV_106,0.0,880,0.0,DR402462_14,65.0,96785.29,DR402462,173.9,0.0,65.0,D,SimuProB-1,EV_106
307.644,75.0,18.24,5900.0,0,3.816,1,54.73,4.188,118.0,102.0,185.0,EV_106,0.0,890,0.0,DR402462_14,65.0,96785.62,DR402462,173.9,0.0,65.0,D,SimuProB-1,EV_106
309.693,45.0,18.24,5600.0,0,3.817,1,54.73,4.189,112.0,70.0,185.0,EV_106,0.0,900,0.0,DR402462_14,65.0,96785.93,DR402462,173.9,0.0,65.0,D,SimuProB-1,EV_106
308.267,50.0,18.24,5650.0,0,3.815,1,54.71,4.185,113.0,85.0,185.0,EV_106,0.0,910,0.0,DR402462_14,65.0,96786.24,DR402462,173.9,0.0,65.0,D,SimuProB-1,EV_106
306.795,60.0,18.24,5800.0,0,3.812,1,54.7,4.188,116.0,110.0,185.0,EV_106,0.0,920,0.0,DR402462_14,65.0,96786.57,DR402462,173.9,0.0,65.0,D,SimuProB-1,EV_106
308.492,35.0,18.24,5500.0,0,3.816,1,54.69,4.186,110.0,60.0,185.0,EV_106,0.0,930,0.0,DR402462_14,65.0,96786.87,DR402462,173.9,0.0,65.0,D,SimuProB-1,EV_106
307.439,55.0,18.24,5700.0,0,3.814,1,54.67,4.187,114.0,95.0,185.0,EV_106,0.0,940,0.0,DR402462_14,65.0,96787.19,DR402462,173.9,0.0,65.0,D,SimuProB-1,EV_106
309.857,40.0,18.24,5400.0,0,3.816,1,54.64,4.188,108.0,65.0,185.0,EV_106,0.0,950,0.0,DR402462_14,65.0,96787.49,DR402462,173.9,0.0,65.0,D,SimuProB-1,EV_106
306.872,65.0,18.24,5800.0,0,3.813,1,54.62,4.189,116.0,105.0,185.0,EV_106,0.0,960,0.0,DR402462_14,65.0,96787.81,DR402462,173.9,0.0,65.0,D,SimuProB-1,EV_106
305.388,70.0,18.24,5900.0,0,3.811,1,54.6,4.19,118.0,135.0,185.0,EV_106,0.0,970,0.0,DR402462_14,65.0,96788.14,DR402462,173.9,0.0,65.0,D,SimuProB-1,EV_106
307.84,45.0,18.24,5600.0,0,3.814,1,54.6,4.189,112.0,85.0,185.0,EV_106,0.0,980,0.0,DR402462_14,65.0,96788.45,DR402462,173.9,0.0,65.0,D,SimuProB-1,EV_106
304.587,80.0,18.24,6000.0,0,3.81,1,54.59,4.191,120.0,145.0,185.0,EV_106,0.0,990,0.0,DR402462_14,65.0,96788.78,DR402462,173.9,0.0,65.0,D,SimuProB-1,EV_106
302.844,85.0,18.24,5925.0,0,3.808,1,54.56,4.192,118.5,165.0,185.0,EV_106,0.0,1000,0.0,DR402462_14,65.0,96789.11,DR402462,173.9,0.0,65.0,D,SimuProB-1,EV_106
308.064,35.0,18.24,5250.0,0,3.812,1,54.55,4.19,105.0,75.0,185.0,EV_106,0.0,1010,0.0,DR402462_14,65.0,96789.4,DR402462,173.9,0.0,65.0,D,SimuProB-1,EV_106
307.064,50.0,18.24,5500.0,0,3.813,1,54.55,4.189,110.0,95.0,185.0,EV_106,0.0,1020,0.0,DR402462_14,65.0,96789.71,DR402462,173.9,0.0,65.0,D,SimuProB-1,EV_106
304.176,48.0,18.24,5575.0,0,3.811,1,54.54,4.19,111.5,110.0,185.0,EV_106,0.0,1030,0.0,DR402462_14,65.0,96790.02,DR402462,173.9,0.0,65.0,D,SimuProB-1,EV_106
306.13,42.0,18.24,5400.0,0,3.813,1,54.52,4.189,108.0,90.0,185.0,EV_106,0.0,1040,0.0,DR402462_14,65.0,96790.32,DR402462,173.9,0.0,65.0,D,SimuProB-1,EV_106
303.131,55.0,18.24,5725.0,0,3.81,1,54.52,4.191,114.5,135.0,185.0,EV_106,0.0,1050,0.0,DR402462_14,65.0,96790.64,DR402462,173.9,0.0,65.0,D,SimuProB-1,EV_106
301.398,52.0,18.24,5600.0,0,3.809,1,54.5,4.19,112.0,145.0,185.0,EV_106,0.0,1060,0.0,DR402462_14,65.0,96790.95,DR402462,173.9,0.0,65.0,D,SimuProB-1,EV_106
303.436,45.0,18.24,5475.0,0,3.811,1,54.5,4.192,109.5,105.0,185.0,EV_106,0.0,1070,0.0,DR402462_14,65.0,96791.26,DR402462,173.9,0.0,65.0,D,SimuProB-1,EV_106
305.795,38.0,18.24,5300.0,0,3.813,1,54.47,4.19,106.0,85.0,185.0,EV_106,0.0,1080,0.0,DR402462_14,65.0,96791.55,DR402462,173.9,0.0,65.0,D,SimuProB-1,EV_106
304.221,44.0,18.24,5425.0,0,3.812,1,54.46,4.191,108.5,115.0,185.0,EV_106,0.0,1090,0.0,DR402462_14,65.0,96791.85,DR402462,173.9,0.0,65.0,D,SimuProB-1,EV_106
302.007,50.0,18.24,5550.0,0,3.81,1,54.45,4.193,111.0,130.0,185.0,EV_106,0.0,1100,0.0,DR402462_14,65.0,96792.16,DR402462,173.9,0.0,65.0,D,SimuProB-1,EV_106
304.664,36.0,18.24,5250.0,0,3.814,1,54.42,4.19,105.0,95.0,185.0,EV_106,0.0,1110,0.0,DR402462_14,65.0,96792.45,DR402462,173.9,0.0,65.0,D,SimuProB-1,EV_106
303.544,42.0,18.24,5400.0,0,3.811,1,54.39,4.192,108.0,125.0,185.0,EV_106,0.0,1120,0.0,DR402462_14,65.0,96792.75,DR402462,173.9,0.0,65.0,D,SimuProB-1,EV_106
305.784,32.0,18.24,5100.0,0,3.813,1,54.39,4.191,102.0,80.0,185.0,EV_106,0.0,1130,0.0,DR402462_14,65.0,96793.03,DR402462,173.9,0.0,65.0,D,SimuProB-1,EV_106
302.59,52.0,18.24,5600.0,0,3.81,1,54.39,4.193,112.0,135.0,185.0,EV_106,0.0,1140,0.0,DR402462_14,65.0,96793.34,DR402462,173.9,0.0,65.0,D,SimuProB-1,EV_106
304.176,38.0,18.24,5300.0,0,3.812,1,54.37,4.191,106.0,90.0,185.0,EV_106,0.0,1150,0.0,DR402462_14,65.0,96793.63,DR402462,173.9,0.0,65.0,D,SimuProB-1,EV_106
303.299,55.0,18.24,5650.0,0,3.81,1,54.36,4.193,113.0,140.0,185.0,EV_106,0.0,1160,0.0,DR402462_14,65.0,96793.95,DR402462,173.9,0.0,65.0,D,SimuProB-1,EV_106
306.128,28.0,18.24,5000.0,0,3.814,1,54.34,4.19,100.0,75.0,185.0,EV_106,0.0,1170,0.0,DR402462_14,65.0,96794.23,DR402462,173.9,0.0,65.0,D,SimuProB-1,EV_106
308.146,30.0,18.24,5150.0,0,3.813,1,54.32,4.192,103.0,65.0,185.0,EV_106,0.0,1180,0.0,DR402462_14,65.0,96794.52,DR402462,173.9,0.0,65.0,D,SimuProB-1,EV_106
304.052,48.0,18.24,5500.0,0,3.811,1,54.3,4.194,110.0,125.0,185.0,EV_106,0.0,1190,0.0,DR402462_14,65.0,96794.82,DR402462,173.9,0.0,65.0,D,SimuProB-1,EV_106
309.253,28.0,18.24,5050.0,0,3.815,1,54.3,4.193,101.0,60.0,185.0,EV_106,0.0,1200,0.0,DR402462_14,65.0,96795.1,DR402462,173.9,0.0,65.0,D,SimuProB-1,EV_106
310.649,29.0,18.24,5100.0,0,3.816,1,54.3,4.194,102.0,55.0,185.0,EV_106,0.0,1210,0.0,DR402462_14,65.0,96795.38,DR402462,173.9,0.0,65.0,D,SimuProB-1,EV_106
307.472,38.0,18.24,5300.0,0,3.812,1,54.28,4.195,106.0,85.0,185.0,EV_106,0.0,1220,0.0,DR402462_14,65.0,96795.68,DR402462,173.9,0.0,65.0,D,SimuProB-1,EV_106
309.359,32.0,18.24,5200.0,0,3.814,1,54.27,4.193,104.0,62.0,185.0,EV_106,0.0,1230,0.0,DR402462_14,65.0,96795.97,DR402462,173.9,0.0,65.0,D,SimuProB-1,EV_106
308.13,30.0,18.24,5150.0,0,3.815,1,54.25,4.192,103.0,58.0,185.0,EV_106,0.0,1240,0.0,DR402462_14,65.0,96796.26,DR402462,173.9,0.0,65.0,D,SimuProB-1,EV_106
306.443,42.0,18.24,5400.0,0,3.813,1,54.24,4.194,108.0,72.0,185.0,EV_106,0.0,1250,0.0,DR402462_14,65.0,96796.56,DR402462,173.9,0.0,65.0,D,SimuProB-1,EV_106
311.449,0.0,18.24,5000.0,0,3.816,1,54.24,4.195,100.0,-15.0,185.0,EV_106,0.04,1260,12.0,DR402462_14,65.0,96796.83,DR402462,173.9,0.0,65.0,D,SimuProB-1,EV_106
309.83,0.0,18.24,4900.0,0,3.818,1,54.24,4.196,98.0,-25.0,185.0,EV_106,0.06,1270,18.0,DR402462_14,65.0,96797.1,DR402462,173.9,0.0,65.0,D,SimuProB-1,EV_106
313.011,35.0,18.24,5100.0,0,3.817,1,54.22,4.195,102.0,45.0,185.0,EV_106,0.0,0,0.0,DR402462_15,65.0,96797.39,DR402462,173.9,0.0,65.0,D,SimuProB-1,EV_106
308.42,65.0,18.24,5600.0,0,3.811,1,54.22,4.198,112.0,95.0,185.0,EV_106,0.0,10,0.0,DR402462_15,65.0,96797.7,DR402462,173.9,0.0,65.0,D,SimuProB-1,EV_106
303.708,72.0,18.24,5725.0,0,3.808,1,54.22,4.202,114.5,125.0,185.0,EV_106,0.0,20,0.0,DR402462_15,65.0,96798.02,DR402462,173.9,0.0,65.0,D,SimuProB-1,EV_106
309.666,45.0,18.24,5400.0,0,3.815,1,54.22,4.199,108.0,85.0,185.0,EV_106,0.0,30,0.0,DR402462_15,65.0,96798.32,DR402462,173.9,0.0,65.0,D,SimuProB-1,EV_106
311.354,38.0,18.24,5250.0,0,3.818,1,54.21,4.196,105.0,60.0,185.0,EV_106,0.0,40,0.0,DR402462_15,65.0,96798.61,DR402462,173.9,0.0,65.0,D,SimuProB-1,EV_106
313.653,40.0,18.24,5325.0,0,3.816,1,54.19,4.197,106.5,55.0,185.0,EV_106,0.0,50,0.0,DR402462_15,65.0,96798.91,DR402462,173.9,0.0,65.0,D,SimuProB-1,EV_106
307.844,60.0,18.24,5550.0,0,3.813,1,54.18,4.199,111.0,90.0,185.0,EV_106,0.0,60,0.0,DR402462_15,65.0,96799.21,DR402462,173.9,0.0,65.0,D,SimuProB-1,EV_106
312.823,42.0,18.24,5450.0,0,3.817,1,54.18,4.198,109.0,65.0,185.0,EV_106,0.0,70,0.0,DR402462_15,65.0,96799.52,DR402462,173.9,0.0,65.0,D,SimuProB-1,EV_106
311.238,40.0,18.24,5350.0,0,3.815,1,54.16,4.198,107.0,72.0,185.0,EV_106,0.0,80,0.0,DR402462_15,65.0,96799.82,DR402462,173.9,0.0,65.0,D,SimuProB-1,EV_106
308.066,55.0,18.24,5600.0,0,3.812,1,54.13,4.2,112.0,88.0,185.0,EV_106,0.0,90,0.0,DR402462_15,65.0,96800.13,DR402462,173.9,0.0,65.0,D,SimuProB-1,EV_106
312.695,35.0,18.24,5150.0,0,3.818,1,54.13,4.199,103.0,58.0,185.0,EV_106,0.0,100,0.0,DR402462_15,65.0,96800.41,DR402462,173.9,0.0,65.0,D,SimuProB-1,EV_106
310.334,48.0,18.24,5400.0,0,3.814,1,54.12,4.199,108.0,85.0,185.0,EV_106,0.0,110,0.0,DR402462_15,65.0,96800.71,DR402462,173.9,0.0,65.0,D,SimuProB-1,EV_106
313.548,32.0,18.24,5100.0,0,3.819,1,54.1,4.2,102.0,55.0,185.0,EV_106,0.0,120,0.0,DR402462_15,65.0,96800.99,DR402462,173.9,0.0,65.0,D,SimuProB-1,EV_106
309.676,62.0,18.24,5750.0,0,3.812,1,54.08,4.198,115.0,95.0,185.0,EV_106,0.0,130,0.0,DR402462_15,65.0,96801.31,DR402462,173.9,0.0,65.0,D,SimuProB-1,EV_106
308.891,60.0,18.24,5700.0,0,3.811,1,54.07,4.197,114.0,92.0,185.0,EV_106,0.0,140,0.0,DR402462_15,65.0,96801.63,DR402462,173.9,0.0,65.0,D,SimuProB-1,EV_106
311.7,38.0,18.24,5250.0,0,3.815,1,54.06,4.198,105.0,65.0,185.0,EV_106,0.0,150,0.0,DR402462_15,65.0,96801.92,DR402462,173.9,0.0,65.0,D,SimuProB-1,EV_106
307.946,72.0,18.24,5900.0,0,3.809,1,54.04,4.196,118.0,105.0,185.0,EV_106,0.0,160,0.0,DR402462_15,65.0,96802.25,DR402462,173.9,0.0,65.0,D,SimuProB-1,EV_106
310.024,45.0,18.24,5400.0,0,3.812,1,54.02,4.198,108.0,88.5,185.0,EV_106,0.0,170,0.0,DR402462_15,65.0,96802.55,DR402462,173.9,0.0,65.0,D,SimuProB-1,EV_106
305.798,85.0,18.24,6000.0,0,3.805,1,53.98,4.195,120.0,115.2,185.0,EV_106,0.0,180,0.0,DR402462_15,65.0,96802.88,DR402462,173.9,0.0,65.0,D,SimuProB-1,EV_106
312.035,0.0,18.24,4750.0,0,3.818,1,53.97,4.201,95.0,-45.0,185.0,EV_106,0.05,190,15.0,DR402462_15,65.0,96803.15,DR402462,173.9,0.0,65.0,D,SimuProB-1,EV_106
340.736,42.0,18.24,5400.0,0,3.808,1,53.95,4.192,108.0,145.0,185.0,EV_106,0.0,200,0.0,DR402462_15,65.0,96803.45,DR402462,173.9,0.0,65.0,D,SimuProB-1,EV_106
364.861,0.0,18.24,4900.0,0,3.81,1,53.95,4.195,98.0,-35.0,185.0,EV_106,0.04,210,12.0,DR402462_15,65.0,96803.72,DR402462,173.9,0.0,65.0,D,SimuProB-1,EV_106
385.93,35.0,18.24,5100.0,0,3.805,1,53.92,4.19,102.0,75.0,185.0,EV_106,0.0,220,0.0,DR402462_15,65.0,96804.01,DR402462,173.9,0.0,65.0,D,SimuProB-1,EV_106
371.905,45.0,18.24,5250.0,0,3.812,1,53.88,4.198,105.0,125.5,185.0,EV_106,0.0,230,0.0,DR402462_15,65.0,96804.3,DR402462,173.9,0.0,65.0,D,SimuProB-1,EV_106
368.402,55.0,18.24,5600.0,0,3.808,1,53.84,4.205,112.0,138.2,185.0,EV_106,0.0,240,0.0,DR402462_15,65.0,96804.61,DR402462,173.9,0.0,65.0,D,SimuProB-1,EV_106
376.323,0.0,18.24,5000.0,0,3.815,1,53.83,4.196,100.0,-28.5,185.0,EV_106,0.03,250,10.0,DR402462_15,65.0,96804.89,DR402462,173.9,0.0,65.0,D,SimuProB-1,EV_106
358.258,50.0,18.24,5500.0,0,3.805,1,53.81,4.195,110.0,145.0,185.0,EV_106,0.0,260,0.0,DR402462_15,65.0,96805.2,DR402462,173.9,0.0,65.0,D,SimuProB-1,EV_106
372.417,40.0,18.24,5250.0,0,3.81,1,53.79,4.2,105.0,110.5,185.0,EV_106,0.0,270,0.0,DR402462_15,65.0,96805.49,DR402462,173.9,0.0,65.0,D,SimuProB-1,EV_106
365.598,55.0,18.24,5750.0,0,3.808,1,53.74,4.202,115.0,130.0,185.0,EV_106,0.0,280,0.0,DR402462_15,65.0,96805.81,DR402462,173.9,0.0,65.0,D,SimuProB-1,EV_106
361.105,58.0,18.24,5800.0,0,3.807,1,53.73,4.201,116.0,142.5,185.0,EV_106,0.0,290,0.0,DR402462_15,65.0,96806.13,DR402462,173.9,0.0,65.0,D,SimuProB-1,EV_106
355.683,65.0,18.24,5900.0,0,3.802,1,53.69,4.198,118.0,165.0,185.0,EV_106,0.0,300,0.0,DR402462_15,65.0,96806.46,DR402462,173.9,0.0,65.0,D,SimuProB-1,EV_106
368.073,0.0,18.24,5400.0,0,3.812,1,53.69,4.203,108.0,-15.2,185.0,EV_106,0.04,310,15.0,DR402462_15,65.0,96806.76,DR402462,173.9,0.0,65.0,D,SimuProB-1,EV_106
363.269,45.0,18.24,5600.0,0,3.815,1,53.64,4.205,112.0,125.0,185.0,EV_106,0.0,320,0.0,DR402462_15,65.0,96807.07,DR402462,173.9,0.0,65.0,D,SimuProB-1,EV_106
370.49,0.0,18.24,5300.0,0,3.818,1,53.64,4.208,106.0,-12.5,185.0,EV_106,0.03,330,10.0,DR402462_15,65.0,96807.37,DR402462,173.9,0.0,65.0,D,SimuProB-1,EV_106
366.851,42.0,18.24,5500.0,0,3.814,1,53.62,4.206,110.0,115.0,185.0,EV_106,0.0,340,0.0,DR402462_15,65.0,96807.67,DR402462,173.9,0.0,65.0,D,SimuProB-1,EV_106
358.912,55.0,18.24,5750.0,0,3.825,1,53.58,4.212,115.0,145.0,185.0,EV_106,0.0,350,0.0,DR402462_15,65.0,96807.99,DR402462,173.9,0.0,65.0,D,SimuProB-1,EV_106
361.671,0.0,18.24,5400.0,0,3.83,1,53.58,4.215,108.0,-18.5,185.0,EV_106,0.05,360,12.0,DR402462_15,65.0,96808.29,DR402462,173.9,0.0,65.0,D,SimuProB-1,EV_106
355.154,60.0,18.24,5900.0,0,3.815,1,53.56,4.21,118.0,160.0,185.0,EV_106,0.0,370,0.0,DR402462_15,65.0,96808.62,DR402462,173.9,0.0,65.0,D,SimuProB-1,EV_106
360.258,45.0,18.24,5600.0,0,3.819,1,53.54,4.214,112.0,125.0,185.0,EV_106,0.0,380,0.0,DR402462_15,65.0,96808.93,DR402462,173.9,0.0,65.0,D,SimuProB-1,EV_106
353.882,58.0,18.24,5800.0,0,3.812,1,53.52,4.209,116.0,155.0,185.0,EV_106,0.0,390,0.0,DR402462_15,65.0,96809.25,DR402462,173.9,0.0,65.0,D,SimuProB-1,EV_106
357.915,0.0,18.24,5250.0,0,3.828,1,53.51,4.218,105.0,-25.0,185.0,EV_106,0.06,400,15.0,DR402462_15,65.0,96809.54,DR402462,173.9,0.0,65.0,D,SimuProB-1,EV_106
354.515,40.0,18.24,5500.0,0,3.815,1,53.48,4.212,110.0,140.0,185.0,EV_106,0.0,410,0.0,DR402462_15,65.0,96809.85,DR402462,173.9,0.0,65.0,D,SimuProB-1,EV_106
348.641,65.0,18.24,5750.0,0,3.808,1,53.45,4.208,115.0,165.0,185.0,EV_106,0.0,420,0.0,DR402462_15,65.0,96810.16,DR402462,173.9,0.0,65.0,D,SimuProB-1,EV_106
356.707,0.0,18.24,5000.0,0,3.832,1,53.43,4.22,100.0,-35.0,185.0,EV_106,0.08,430,25.0,DR402462_15,65.0,96810.44,DR402462,173.9,0.0,65.0,D,SimuProB-1,EV_106
353.467,45.0,18.24,5400.0,0,3.825,1,53.39,4.215,108.0,145.0,185.0,EV_106,0.0,440,0.0,DR402462_15,65.0,96810.74,DR402462,173.9,0.0,65.0,D,SimuProB-1,EV_106
349.793,55.0,18.24,5600.0,0,3.818,1,53.39,4.21,112.0,160.0,185.0,EV_106,0.0,450,0.0,DR402462_15,65.0,96811.05,DR402462,173.9,0.0,65.0,D,SimuProB-1,EV_106
352.939,0.0,18.24,4900.0,0,3.835,1,53.37,4.222,98.0,-20.0,185.0,EV_106,0.05,460,10.0,DR402462_15,65.0,96811.32,DR402462,173.9,0.0,65.0,D,SimuProB-1,EV_106
349.799,50.0,18.24,5500.0,0,3.82,1,53.36,4.212,110.0,155.0,185.0,EV_106,0.0,470,0.0,DR402462_15,65.0,96811.63,DR402462,173.9,0.0,65.0,D,SimuProB-1,EV_106
348.898,55.0,18.24,5650.0,0,3.815,1,53.35,4.209,113.0,162.0,185.0,EV_106,0.0,480,0.0,DR402462_15,65.0,96811.94,DR402462,173.9,0.0,65.0,D,SimuProB-1,EV_106
354.048,0.0,18.24,4750.0,0,3.828,1,53.32,4.218,95.0,-25.0,185.0,EV_106,0.06,490,15.0,DR402462_15,65.0,96812.2,DR402462,173.9,0.0,65.0,D,SimuProB-1,EV_106
347.838,60.0,18.24,5725.0,0,3.812,1,53.31,4.205,114.5,165.0,185.0,EV_106,0.0,500,0.0,DR402462_15,65.0,96812.52,DR402462,173.9,0.0,65.0,D,SimuProB-1,EV_106
351.532,0.0,18.24,5100.0,0,3.825,1,53.31,4.215,102.0,-15.0,185.0,EV_106,0.04,510,12.0,DR402462_15,65.0,96812.8,DR402462,173.9,0.0,65.0,D,SimuProB-1,EV_106
348.072,65.0,18.24,5900.0,0,3.808,1,53.31,4.202,118.0,170.0,185.0,EV_106,0.0,520,0.0,DR402462_15,65.0,96813.13,DR402462,173.9,0.0,65.0,D,SimuProB-1,EV_106
344.673,70.0,18.24,6000.0,0,3.805,1,53.29,4.2,120.0,175.0,185.0,EV_106,0.0,530,0.0,DR402462_15,65.0,96813.46,DR402462,173.9,0.0,65.0,D,SimuProB-1,EV_106
350.348,0.0,18.24,5400.0,0,3.818,1,53.28,4.21,108.0,-35.0,185.0,EV_106,0.08,540,25.0,DR402462_15,65.0,96813.76,DR402462,173.9,0.0,65.0,D,SimuProB-1,EV_106
347.146,62.0,18.24,5800.0,0,3.802,1,53.27,4.198,116.0,168.0,185.0,EV_106,0.0,550,0.0,DR402462_15,65.0,96814.09,DR402462,173.9,0.0,65.0,D,SimuProB-1,EV_106
343.356,68.0,18.24,5900.0,0,3.8,1,53.26,4.195,118.0,172.0,185.0,EV_106,0.0,560,0.0,DR402462_15,65.0,96814.42,DR402462,173.9,0.0,65.0,D,SimuProB-1,EV_106
348.292,0.0,18.24,5250.0,0,3.81,1,53.25,4.205,105.0,-20.0,185.0,EV_106,0.05,570,15.0,DR402462_15,65.0,96814.71,DR402462,173.9,0.0,65.0,D,SimuProB-1,EV_106
344.927,55.0,18.24,5600.0,0,3.795,1,53.24,4.19,112.0,145.0,185.0,EV_106,0.0,580,0.0,DR402462_15,65.0,96815.02,DR402462,173.9,0.0,65.0,D,SimuProB-1,EV_106
341.178,58.0,18.24,5700.0,0,3.79,1,53.21,4.185,114.0,158.0,185.0,EV_106,0.0,590,0.0,DR402462_15,65.0,96815.34,DR402462,173.9,0.0,65.0,D,SimuProB-1,EV_106
346.198,0.0,18.24,5100.0,0,3.805,1,53.21,4.195,102.0,-25.0,185.0,EV_106,0.06,600,12.0,DR402462_15,65.0,96815.62,DR402462,173.9,0.0,65.0,D,SimuProB-1,EV_106
343.443,60.0,18.24,5500.0,0,3.798,1,53.18,4.192,110.0,165.0,185.0,EV_106,0.0,610,0.0,DR402462_15,65.0,96815.93,DR402462,173.9,0.0,65.0,D,SimuProB-1,EV_106
339.353,62.0,18.24,5750.0,0,3.795,1,53.13,4.19,115.0,160.0,185.0,EV_106,0.0,620,0.0,DR402462_15,65.0,96816.25,DR402462,173.9,0.0,65.0,D,SimuProB-1,EV_106
342.197,55.0,18.24,5500.0,0,3.79,1,53.12,4.185,110.0,140.0,185.0,EV_106,0.0,630,0.0,DR402462_15,65.0,96816.55,DR402462,173.9,0.0,65.0,D,SimuProB-1,EV_106
337.294,68.0,18.24,5900.0,0,3.785,1,53.08,4.195,118.0,175.0,185.0,EV_106,0.0,640,0.0,DR402462_15,65.0,96816.88,DR402462,173.9,0.0,65.0,D,SimuProB-1,EV_106
340.658,58.0,18.24,5600.0,0,3.78,1,53.04,4.19,112.0,155.0,185.0,EV_106,0.0,650,0.0,DR402462_15,65.0,96817.19,DR402462,173.9,0.0,65.0,D,SimuProB-1,EV_106
345.403,35.0,18.24,5000.0,0,3.77,1,53.01,4.18,100.0,90.0,185.0,EV_106,0.0,660,0.0,DR402462_15,65.0,96817.47,DR402462,173.9,0.0,65.0,D,SimuProB-1,EV_106
347.708,25.0,18.24,4750.0,0,3.77,1,52.99,4.18,95.0,45.0,185.0,EV_106,0.0,670,0.0,DR402462_15,65.0,96817.73,DR402462,173.9,0.0,65.0,D,SimuProB-1,EV_106
346.506,22.0,18.24,4600.0,0,3.765,1,52.97,4.178,92.0,55.0,185.0,EV_106,0.0,680,0.0,DR402462_15,65.0,96817.99,DR402462,173.9,0.0,65.0,D,SimuProB-1,EV_106
348.335,18.0,18.24,4400.0,0,3.762,1,52.96,4.175,88.0,38.0,185.0,EV_106,0.0,690,0.0,DR402462_15,65.0,96818.23,DR402462,173.9,0.0,65.0,D,SimuProB-1,EV_106
348.775,20.0,18.24,4500.0,0,3.764,1,52.95,4.176,90.0,42.0,185.0,EV_106,0.0,700,0.0,DR402462_15,65.0,96818.48,DR402462,173.9,0.0,65.0,D,SimuProB-1,EV_106
349.256,21.0,18.24,4575.0,0,3.763,1,52.93,4.177,91.5,44.5,185.0,EV_106,0.0,710,0.0,DR402462_15,65.0,96818.73,DR402462,173.9,0.0,65.0,D,SimuProB-1,EV_106
347.494,32.0,18.24,4800.0,0,3.761,1,52.93,4.178,96.0,62.0,185.0,EV_106,0.0,720,0.0,DR402462_15,65.0,96819.0,DR402462,173.9,0.0,65.0,D,SimuProB-1,EV_106
346.471,45.0,18.24,5125.0,0,3.758,1,52.91,4.18,102.5,78.5,185.0,EV_106,0.0,730,0.0,DR402462_15,65.0,96819.29,DR402462,173.9,0.0,65.0,D,SimuProB-1,EV_106
345.211,52.0,18.24,5300.0,0,3.755,1,52.9,4.182,106.0,95.2,185.0,EV_106,0.0,740,0.0,DR402462_15,65.0,96819.58,DR402462,173.9,0.0,65.0,D,SimuProB-1,EV_106
345.551,48.0,18.24,5250.0,0,3.757,1,52.87,4.183,105.0,82.5,185.0,EV_106,0.0,750,0.0,DR402462_15,65.0,96819.88,DR402462,173.9,0.0,65.0,D,SimuProB-1,EV_106
347.242,35.0,18.24,5075.0,0,3.759,1,52.87,4.185,101.5,65.0,185.0,EV_106,0.0,760,0.0,DR402462_15,65.0,96820.16,DR402462,173.9,0.0,65.0,D,SimuProB-1,EV_106
345.827,38.0,18.24,5160.0,0,3.756,1,52.85,4.184,103.2,72.3,185.0,EV_106,0.0,770,0.0,DR402462_15,65.0,96820.45,DR402462,173.9,0.0,65.0,D,SimuProB-1,EV_106
344.723,55.0,18.24,5425.0,0,3.754,1,52.84,4.186,108.5,88.5,185.0,EV_106,0.0,780,0.0,DR402462_15,65.0,96820.75,DR402462,173.9,0.0,65.0,D,SimuProB-1,EV_106
345.898,42.0,18.24,5200.0,0,3.756,1,52.83,4.185,104.0,75.0,185.0,EV_106,0.0,790,0.0,DR402462_15,65.0,96821.04,DR402462,173.9,0.0,65.0,D,SimuProB-1,EV_106
346.379,40.0,18.24,5125.0,0,3.757,1,52.81,4.184,102.5,68.5,185.0,EV_106,0.0,800,0.0,DR402462_15,65.0,96821.32,DR402462,173.9,0.0,65.0,D,SimuProB-1,EV_106
345.355,62.0,18.24,5510.0,0,3.753,1,52.79,4.187,110.2,92.4,185.0,EV_106,0.0,810,0.0,DR402462_15,65.0,96821.63,DR402462,173.9,0.0,65.0,D,SimuProB-1,EV_106
346.544,32.0,18.24,4825.0,0,3.758,1,52.79,4.185,96.5,60.2,185.0,EV_106,0.0,820,0.0,DR402462_15,65.0,96821.9,DR402462,173.9,0.0,65.0,D,SimuProB-1,EV_106
345.924,35.0,18.24,4910.0,0,3.755,1,52.77,4.186,98.2,72.3,185.0,EV_106,0.0,830,0.0,DR402462_15,65.0,96822.17,DR402462,173.9,0.0,65.0,D,SimuProB-1,EV_106
344.355,58.0,18.24,5340.0,0,3.751,1,52.75,4.188,106.8,105.6,185.0,EV_106,0.0,840,0.0,DR402462_15,65.0,96822.47,DR402462,173.9,0.0,65.0,D,SimuProB-1,EV_106
343.611,75.0,18.24,5770.0,0,3.748,1,52.73,4.189,115.4,132.4,185.0,EV_106,0.0,850,0.0,DR402462_15,65.0,96822.79,DR402462,173.9,0.0,65.0,D,SimuProB-1,EV_106
343.123,82.0,18.24,5925.0,0,3.745,1,52.7,4.192,118.5,145.2,185.0,EV_106,0.0,860,0.0,DR402462_15,65.0,96823.12,DR402462,173.9,0.0,65.0,D,SimuProB-1,EV_106
344.583,68.0,18.24,5615.0,0,3.747,1,52.7,4.19,112.3,118.5,185.0,EV_106,0.0,870,0.0,DR402462_15,65.0,96823.43,DR402462,173.9,0.0,65.0,D,SimuProB-1,EV_106
343.021,78.0,18.24,5840.0,0,3.744,1,52.69,4.193,116.8,135.8,185.0,EV_106,0.0,880,0.0,DR402462_15,65.0,96823.76,DR402462,173.9,0.0,65.0,D,SimuProB-1,EV_106
343.519,72.0,18.24,5675.0,0,3.746,1,52.68,4.191,113.5,128.5,185.0,EV_106,0.0,890,0.0,DR402462_15,65.0,96824.08,DR402462,173.9,0.0,65.0,D,SimuProB-1,EV_106
342.627,80.0,18.24,5860.0,0,3.743,1,52.65,4.194,117.2,141.2,185.0,EV_106,0.0,900,0.0,DR402462_15,65.0,96824.4,DR402462,173.9,0.0,65.0,D,SimuProB-1,EV_106
343.548,65.0,18.24,5540.0,0,3.745,1,52.65,4.19,110.8,122.8,185.0,EV_106,0.0,910,0.0,DR402462_15,65.0,96824.71,DR402462,173.9,0.0,65.0,D,SimuProB-1,EV_106
342.167,82.0,18.24,5925.0,0,3.741,1,52.63,4.196,118.5,145.2,185.0,EV_106,0.0,920,0.0,DR402462_15,65.0,96825.04,DR402462,173.9,0.0,65.0,D,SimuProB-1,EV_106
342.734,70.0,18.24,5710.0,0,3.744,1,52.61,4.192,114.2,125.6,185.0,EV_106,0.0,930,0.0,DR402462_15,65.0,96825.36,DR402462,173.9,0.0,65.0,D,SimuProB-1,EV_106
344.252,62.0,18.24,5550.0,0,3.746,1,52.61,4.189,111.0,115.4,185.0,EV_106,0.0,940,0.0,DR402462_15,65.0,96825.66,DR402462,173.9,0.0,65.0,D,SimuProB-1,EV_106
343.743,68.0,18.24,5620.0,0,3.742,1,52.57,4.193,112.4,128.5,185.0,EV_106,0.0,950,0.0,DR402462_15,65.0,96825.97,DR402462,173.9,0.0,65.0,D,SimuProB-1,EV_106
342.709,81.0,18.24,5840.0,0,3.74,1,52.56,4.195,116.8,148.2,185.0,EV_106,0.0,960,0.0,DR402462_15,65.0,96826.3,DR402462,173.9,0.0,65.0,D,SimuProB-1,EV_106
342.912,72.0,18.24,5680.0,0,3.744,1,52.53,4.191,113.5,132.7,185.0,EV_106,0.0,970,0.0,DR402462_15,65.0,96826.61,DR402462,173.9,0.0,65.0,D,SimuProB-1,EV_106
343.041,75.0,18.24,5775.0,0,3.742,1,52.51,4.193,115.5,140.3,185.0,EV_106,0.0,980,0.0,DR402462_15,65.0,96826.93,DR402462,173.9,0.0,65.0,D,SimuProB-1,EV_106
342.352,88.0,18.24,5960.0,0,3.739,1,52.5,4.196,119.2,165.8,185.0,EV_106,0.0,990,0.0,DR402462_15,65.0,96827.26,DR402462,173.9,0.0,65.0,D,SimuProB-1,EV_106
341.648,82.0,18.24,5890.0,0,3.74,1,52.48,4.194,117.8,152.4,185.0,EV_106,0.0,1000,0.0,DR402462_15,65.0,96827.59,DR402462,173.9,0.0,65.0,D,SimuProB-1,EV_106
340.771,92.0,18.24,6075.0,0,3.738,1,52.47,4.197,121.5,175.5,185.0,EV_106,0.0,1010,0.0,DR402462_15,65.0,96827.93,DR402462,173.9,0.0,65.0,D,SimuProB-1,EV_106
342.988,68.0,18.24,5620.0,0,3.742,1,52.45,4.195,112.4,138.2,185.0,EV_106,0.0,1020,0.0,DR402462_15,65.0,96828.24,DR402462,173.9,0.0,65.0,D,SimuProB-1,EV_106
343.253,0.0,18.24,5260.0,0,3.745,1,52.43,4.198,105.2,-15.4,185.0,EV_106,0.05,1030,12.0,DR402462_15,65.0,96828.53,DR402462,173.9,0.0,65.0,D,SimuProB-1,EV_106
342.277,72.0,18.24,5425.0,0,3.74,1,52.4,4.195,108.5,145.6,185.0,EV_106,0.0,1040,0.0,DR402462_15,65.0,96828.83,DR402462,173.9,0.0,65.0,D,SimuProB-1,EV_106
340.052,85.0,18.24,5710.0,0,3.736,1,52.37,4.198,114.2,168.3,185.0,EV_106,0.0,1050,0.0,DR402462_15,65.0,96829.15,DR402462,173.9,0.0,65.0,D,SimuProB-1,EV_106
342.006,55.0,18.24,5140.0,0,3.743,1,52.35,4.196,102.8,125.4,185.0,EV_106,0.0,1060,0.0,DR402462_15,65.0,96829.43,DR402462,173.9,0.0,65.0,D,SimuProB-1,EV_106
338.0,90.0,18.24,5925.0,0,3.732,1,52.31,4.198,118.5,185.6,185.0,EV_106,0.0,1070,0.0,DR402462_15,65.0,96829.76,DR402462,173.9,0.0,65.0,D,SimuProB-1,EV_106
344.673,0.0,18.24,5215.0,0,3.738,1,52.27,4.201,104.3,-45.2,185.0,EV_106,0.08,1080,35.0,DR402462_15,65.0,96830.05,DR402462,173.9,0.0,65.0,D,SimuProB-1,EV_106
341.767,75.0,18.24,5585.0,0,3.735,1,52.25,4.196,111.7,142.5,185.0,EV_106,0.0,1090,0.0,DR402462_15,65.0,96830.36,DR402462,173.9,0.0,65.0,D,SimuProB-1,EV_106
343.398,65.0,18.24,5425.0,0,3.739,1,52.22,4.197,108.5,135.2,185.0,EV_106,0.0,1100,0.0,DR402462_15,65.0,96830.66,DR402462,173.9,0.0,65.0,D,SimuProB-1,EV_106
341.287,72.0,18.24,5660.0,0,3.734,1,52.18,4.199,113.2,152.8,185.0,EV_106,0.0,1110,0.0,DR402462_15,65.0,96830.98,DR402462,173.9,0.0,65.0,D,SimuProB-1,EV_106
339.193,82.0,18.24,5840.0,0,3.731,1,52.16,4.2,116.8,178.4,185.0,EV_106,0.0,1120,0.0,DR402462_15,65.0,96831.3,DR402462,173.9,0.0,65.0,D,SimuProB-1,EV_106
338.804,88.0,18.24,5910.0,0,3.728,1,52.13,4.2,118.2,185.2,185.0,EV_106,0.0,1130,0.0,DR402462_15,65.0,96831.63,DR402462,173.9,0.0,65.0,D,SimuProB-1,EV_106
339.361,68.0,18.24,5775.0,0,3.732,1,52.11,4.198,115.5,148.6,185.0,EV_106,0.0,1140,0.0,DR402462_15,65.0,96831.95,DR402462,173.9,0.0,65.0,D,SimuProB-1,EV_106
337.757,92.0,18.24,5990.0,0,3.725,1,52.1,4.199,119.8,192.4,185.0,EV_106,0.0,1150,0.0,DR402462_15,65.0,96832.28,DR402462,173.9,0.0,65.0,D,SimuProB-1,EV_106
337.293,75.0,18.24,5870.0,0,3.724,1,52.07,4.198,117.4,196.5,185.0,EV_106,0.0,1160,0.0,DR402462_15,65.0,96832.61,DR402462,173.9,0.0,65.0,D,SimuProB-1,EV_106
336.325,95.0,18.24,6000.0,0,3.722,1,52.07,4.197,120.0,201.3,185.0,EV_106,0.0,1170,0.0,DR402462_15,65.0,96832.94,DR402462,173.9,0.0,65.0,D,SimuProB-1,EV_106
336.863,60.0,18.24,5790.0,0,3.725,1,52.07,4.196,115.8,165.2,185.0,EV_106,0.0,1180,0.0,DR402462_15,65.0,96833.26,DR402462,173.9,0.0,65.0,D,SimuProB-1,EV_106
335.824,85.0,18.24,5925.0,0,3.72,1,52.05,4.196,118.5,205.8,185.0,EV_106,0.0,1190,0.0,DR402462_15,65.0,96833.59,DR402462,173.9,0.0,65.0,D,SimuProB-1,EV_106
336.103,45.0,18.24,5600.0,0,3.722,1,52.03,4.195,112.0,155.4,185.0,EV_106,0.0,1200,0.0,DR402462_15,65.0,96833.9,DR402462,173.9,0.0,65.0,D,SimuProB-1,EV_106
336.931,35.0,18.24,5410.0,0,3.724,1,52.03,4.194,108.2,132.6,185.0,EV_106,0.0,1210,0.0,DR402462_15,65.0,96834.2,DR402462,173.9,0.0,65.0,D,SimuProB-1,EV_106
336.695,40.0,18.24,5525.0,0,3.721,1,52.02,4.193,110.5,145.8,185.0,EV_106,0.0,1220,0.0,DR402462_15,65.0,96834.51,DR402462,173.9,0.0,65.0,D,SimuProB-1,EV_106
335.284,70.0,18.24,5710.0,0,3.719,1,51.99,4.194,114.2,180.5,185.0,EV_106,0.0,1230,0.0,DR402462_15,65.0,96834.82,DR402462,173.9,0.0,65.0,D,SimuProB-1,EV_106
337.042,30.0,18.24,5340.0,0,3.723,1,51.99,4.193,106.8,125.4,185.0,EV_106,0.0,1240,0.0,DR402462_15,65.0,96835.12,DR402462,173.9,0.0,65.0,D,SimuProB-1,EV_106
336.155,42.0,18.24,5675.0,0,3.72,1,51.96,4.192,113.5,142.5,185.0,EV_106,0.0,1250,0.0,DR402462_15,65.0,96835.44,DR402462,173.9,0.0,65.0,D,SimuProB-1,EV_106
336.598,32.0,18.24,5490.0,0,3.722,1,51.96,4.191,109.8,128.2,185.0,EV_106,0.0,1260,0.0,DR402462_15,65.0,96835.74,DR402462,173.9,0.0,65.0,D,SimuProB-1,EV_106
334.965,65.0,18.24,5810.0,0,3.718,1,51.95,4.193,116.2,165.3,185.0,EV_106,0.0,1270,0.0,DR402462_15,65.0,96836.06,DR402462,173.9,0.0,65.0,D,SimuProB-1,EV_106
335.468,45.0,18.24,5625.0,0,3.715,1,51.94,4.19,112.5,155.2,185.0,EV_106,0.0,0,0.0,DR402462_16,65.0,96836.37,DR402462,173.9,0.0,65.0,D,SimuProB-1,EV_106
336.588,35.0,18.24,5400.0,0,3.718,1,51.93,4.188,108.0,135.6,185.0,EV_106,0.0,10,0.0,DR402462_16,65.0,96836.67,DR402462,173.9,0.0,65.0,D,SimuProB-1,EV_106
335.014,60.0,18.24,5790.0,0,3.714,1,51.91,4.192,115.8,170.4,185.0,EV_106,0.0,20,0.0,DR402462_16,65.0,96836.99,DR402462,173.9,0.0,65.0,D,SimuProB-1,EV_106
333.996,40.0,18.24,5510.0,0,3.716,1,51.89,4.19,110.2,142.5,185.0,EV_106,0.0,30,0.0,DR402462_16,65.0,96837.3,DR402462,173.9,0.0,65.0,D,SimuProB-1,EV_106
337.347,30.0,18.24,5275.0,0,3.715,1,51.88,4.188,105.5,125.3,185.0,EV_106,0.0,40,0.0,DR402462_16,65.0,96837.59,DR402462,173.9,0.0,65.0,D,SimuProB-1,EV_106
335.483,55.0,18.24,5700.0,0,3.713,1,51.88,4.191,114.0,158.7,185.0,EV_106,0.0,50,0.0,DR402462_16,65.0,96837.91,DR402462,173.9,0.0,65.0,D,SimuProB-1,EV_106
333.777,38.0,18.24,5425.0,0,3.712,1,51.86,4.19,108.5,145.0,185.0,EV_106,0.0,60,0.0,DR402462_16,65.0,96838.21,DR402462,173.9,0.0,65.0,D,SimuProB-1,EV_106
332.861,52.0,18.24,5600.0,0,3.71,1,51.86,4.192,112.0,165.0,185.0,EV_106,0.0,70,0.0,DR402462_16,65.0,96838.52,DR402462,173.9,0.0,65.0,D,SimuProB-1,EV_106
335.663,25.0,18.24,5100.0,0,3.715,1,51.85,4.188,102.0,110.0,185.0,EV_106,0.0,80,0.0,DR402462_16,65.0,96838.81,DR402462,173.9,0.0,65.0,D,SimuProB-1,EV_106
334.218,35.0,18.24,5300.0,0,3.713,1,51.83,4.19,106.0,135.5,185.0,EV_106,0.0,90,0.0,DR402462_16,65.0,96839.1,DR402462,173.9,0.0,65.0,D,SimuProB-1,EV_106
331.968,48.0,18.24,5525.0,0,3.711,1,51.81,4.192,110.5,152.4,185.0,EV_106,0.0,100,0.0,DR402462_16,65.0,96839.41,DR402462,173.9,0.0,65.0,D,SimuProB-1,EV_106
335.953,20.0,18.24,4900.0,0,3.716,1,51.8,4.189,98.0,95.2,185.0,EV_106,0.0,110,0.0,DR402462_16,65.0,96839.68,DR402462,173.9,0.0,65.0,D,SimuProB-1,EV_106
333.579,45.0,18.24,5425.0,0,3.712,1,51.78,4.191,108.5,140.2,185.0,EV_106,0.0,120,0.0,DR402462_16,65.0,96839.98,DR402462,173.9,0.0,65.0,D,SimuProB-1,EV_106
331.286,58.0,18.24,5710.0,0,3.71,1,51.77,4.193,114.2,168.5,185.0,EV_106,0.0,130,0.0,DR402462_16,65.0,96840.3,DR402462,173.9,0.0,65.0,D,SimuProB-1,EV_106
333.965,30.0,18.24,5250.0,0,3.714,1,51.74,4.189,105.0,115.3,185.0,EV_106,0.0,140,0.0,DR402462_16,65.0,96840.59,DR402462,173.9,0.0,65.0,D,SimuProB-1,EV_106
330.454,72.0,18.24,5925.0,0,3.708,1,51.73,4.195,118.5,175.2,185.0,EV_106,0.0,150,0.0,DR402462_16,65.0,96840.92,DR402462,173.9,0.0,65.0,D,SimuProB-1,EV_106
330.254,85.0,18.24,6000.0,0,3.705,1,51.71,4.196,120.0,188.6,185.0,EV_106,0.0,160,0.0,DR402462_16,65.0,96841.25,DR402462,173.9,0.0,65.0,D,SimuProB-1,EV_106
332.631,35.0,18.24,5600.0,0,3.712,1,51.7,4.192,112.0,105.8,185.0,EV_106,0.0,170,0.0,DR402462_16,65.0,96841.56,DR402462,173.9,0.0,65.0,D,SimuProB-1,EV_106
328.56,45.0,18.24,5775.0,0,3.71,1,51.67,4.19,115.5,145.2,185.0,EV_106,0.0,180,0.0,DR402462_16,65.0,96841.88,DR402462,173.9,0.0,65.0,D,SimuProB-1,EV_106
329.317,32.0,18.24,5400.0,0,3.715,1,51.65,4.185,108.0,120.5,185.0,EV_106,0.0,190,0.0,DR402462_16,65.0,96842.18,DR402462,173.9,0.0,65.0,D,SimuProB-1,EV_106
327.669,65.0,18.24,5950.0,0,3.705,1,51.62,4.195,119.0,160.8,185.0,EV_106,0.0,200,0.0,DR402462_16,65.0,96842.51,DR402462,173.9,0.0,65.0,D,SimuProB-1,EV_106
327.767,55.0,18.24,5825.0,0,3.708,1,51.6,4.194,116.5,155.4,185.0,EV_106,0.0,210,0.0,DR402462_16,65.0,96842.83,DR402462,173.9,0.0,65.0,D,SimuProB-1,EV_106
327.12,68.0,18.24,5900.0,0,3.704,1,51.58,4.196,118.0,175.2,185.0,EV_106,0.0,220,0.0,DR402462_16,65.0,96843.16,DR402462,173.9,0.0,65.0,D,SimuProB-1,EV_106
329.417,30.0,18.24,5525.0,0,3.71,1,51.56,4.191,110.5,95.6,185.0,EV_106,0.0,230,0.0,DR402462_16,65.0,96843.47,DR402462,173.9,0.0,65.0,D,SimuProB-1,EV_106
328.733,25.0,18.24,5250.0,0,3.709,1,51.52,4.192,105.0,115.2,185.0,EV_106,0.0,240,0.0,DR402462_16,65.0,96843.76,DR402462,173.9,0.0,65.0,D,SimuProB-1,EV_106
327.121,45.0,18.24,5625.0,0,3.703,1,51.47,4.195,112.5,145.6,185.0,EV_106,0.0,250,0.0,DR402462_16,65.0,96844.07,DR402462,173.9,0.0,65.0,D,SimuProB-1,EV_106
327.045,20.0,18.24,5100.0,0,3.708,1,51.44,4.19,102.0,108.4,185.0,EV_106,0.0,260,0.0,DR402462_16,65.0,96844.36,DR402462,173.9,0.0,65.0,D,SimuProB-1,EV_106
327.17,35.0,18.24,5425.0,0,3.706,1,51.4,4.194,108.5,130.5,185.0,EV_106,0.0,270,0.0,DR402462_16,65.0,96844.66,DR402462,173.9,0.0,65.0,D,SimuProB-1,EV_106
326.131,55.0,18.24,5800.0,0,3.701,1,51.35,4.197,116.0,165.0,185.0,EV_106,0.0,280,0.0,DR402462_16,65.0,96844.98,DR402462,173.9,0.0,65.0,D,SimuProB-1,EV_106
326.613,18.0,18.24,5000.0,0,3.707,1,51.31,4.193,100.0,120.8,185.0,EV_106,0.0,290,0.0,DR402462_16,65.0,96845.26,DR402462,173.9,0.0,65.0,D,SimuProB-1,EV_106
326.87,22.0,18.24,4925.0,0,3.709,1,51.27,4.192,98.5,115.2,185.0,EV_106,0.0,300,0.0,DR402462_16,65.0,96845.53,DR402462,173.9,0.0,65.0,D,SimuProB-1,EV_106
327.694,15.0,18.24,4600.0,0,3.712,1,51.21,4.188,92.0,95.8,185.0,EV_106,0.0,310,0.0,DR402462_16,65.0,96845.79,DR402462,173.9,0.0,65.0,D,SimuProB-1,EV_106
326.7,38.0,18.24,5250.0,0,3.704,1,51.17,4.196,105.0,135.5,185.0,EV_106,0.0,320,0.0,DR402462_16,65.0,96846.08,DR402462,173.9,0.0,65.0,D,SimuProB-1,EV_106
327.428,25.0,18.24,5100.0,0,3.706,1,51.1,4.194,102.0,125.4,185.0,EV_106,0.0,330,0.0,DR402462_16,65.0,96846.36,DR402462,173.9,0.0,65.0,D,SimuProB-1,EV_106
326.145,42.0,18.24,5400.0,0,3.702,1,51.05,4.198,108.0,142.8,185.0,EV_106,0.0,340,0.0,DR402462_16,65.0,96846.66,DR402462,173.9,0.0,65.0,D,SimuProB-1,EV_106
327.059,28.0,18.24,5225.0,0,3.708,1,51.01,4.195,104.5,118.6,185.0,EV_106,0.0,350,0.0,DR402462_16,65.0,96846.95,DR402462,173.9,0.0,65.0,D,SimuProB-1,EV_106
326.075,45.0,18.24,5600.0,0,3.701,1,50.94,4.199,112.0,148.5,185.0,EV_106,0.0,360,0.0,DR402462_16,65.0,96847.26,DR402462,173.9,0.0,65.0,D,SimuProB-1,EV_106
326.105,32.0,18.24,5325.0,0,3.703,1,50.9,4.197,106.5,132.2,185.0,EV_106,0.0,370,0.0,DR402462_16,65.0,96847.56,DR402462,173.9,0.0,65.0,D,SimuProB-1,EV_106
324.884,65.0,18.24,5900.0,0,3.7,1,50.83,4.201,118.0,155.8,185.0,EV_106,0.0,380,0.0,DR402462_16,65.0,96847.88,DR402462,173.9,0.0,65.0,D,SimuProB-1,EV_106
324.859,35.0,18.24,5750.0,0,3.704,1,50.75,4.196,115.0,145.2,185.0,EV_106,0.0,390,0.0,DR402462_16,65.0,96848.2,DR402462,173.9,0.0,65.0,D,SimuProB-1,EV_106
323.647,75.0,18.24,6000.0,0,3.702,1,50.67,4.198,120.0,162.5,185.0,EV_106,0.0,400,0.0,DR402462_16,65.0,96848.53,DR402462,173.9,0.0,65.0,D,SimuProB-1,EV_106
325.008,25.0,18.24,5500.0,0,3.706,1,50.63,4.195,110.0,110.4,185.0,EV_106,0.0,410,0.0,DR402462_16,65.0,96848.84,DR402462,173.9,0.0,65.0,D,SimuProB-1,EV_106
324.098,45.0,18.24,5800.0,0,3.701,1,50.6,4.199,116.0,148.5,185.0,EV_106,0.0,420,0.0,DR402462_16,65.0,96849.16,DR402462,173.9,0.0,65.0,D,SimuProB-1,EV_106
326.527,22.0,18.24,5400.0,0,3.708,1,50.58,4.202,108.0,95.2,185.0,EV_106,0.0,430,0.0,DR402462_16,65.0,96849.46,DR402462,173.9,0.0,65.0,D,SimuProB-1,EV_106
323.625,70.0,18.24,5950.0,0,3.698,1,50.53,4.205,119.0,165.0,185.0,EV_106,0.0,440,0.0,DR402462_16,65.0,96849.79,DR402462,173.9,0.0,65.0,D,SimuProB-1,EV_106
322.69,35.0,18.24,5600.0,0,3.695,1,50.47,4.208,112.0,155.2,185.0,EV_106,0.0,450,0.0,DR402462_16,65.0,96850.1,DR402462,173.9,0.0,65.0,D,SimuProB-1,EV_106
322.228,65.0,18.24,5900.0,0,3.692,1,50.42,4.21,118.0,172.8,185.0,EV_106,0.0,460,0.0,DR402462_16,65.0,96850.43,DR402462,173.9,0.0,65.0,D,SimuProB-1,EV_106
325.925,0.0,18.24,5250.0,0,3.705,1,50.4,4.212,105.0,-15.5,185.0,EV_106,0.04,470,10.0,DR402462_16,65.0,96850.72,DR402462,173.9,0.0,65.0,D,SimuProB-1,EV_106
324.064,45.0,18.24,5750.0,0,3.7,1,50.35,4.211,115.0,140.5,185.0,EV_106,0.0,480,0.0,DR402462_16,65.0,96851.04,DR402462,173.9,0.0,65.0,D,SimuProB-1,EV_106
321.856,85.0,18.24,6100.0,0,3.688,1,50.26,4.215,122.0,185.0,185.0,EV_106,0.0,490,0.0,DR402462_16,65.0,96851.38,DR402462,173.9,0.0,65.0,D,SimuProB-1,EV_106
325.713,0.0,18.24,5400.0,0,3.71,1,50.25,4.218,108.0,-25.0,185.0,EV_106,0.06,500,30.0,DR402462_16,65.0,96851.68,DR402462,173.9,0.0,65.0,D,SimuProB-1,EV_106
323.79,55.0,18.24,5600.0,0,3.695,1,50.21,4.216,112.0,145.2,185.0,EV_106,0.0,510,0.0,DR402462_16,65.0,96851.99,DR402462,173.9,0.0,65.0,D,SimuProB-1,EV_106
326.32,0.0,18.24,5300.0,0,3.708,1,50.19,4.219,106.0,-12.5,185.0,EV_106,0.03,520,15.0,DR402462_16,65.0,96852.29,DR402462,173.9,0.0,65.0,D,SimuProB-1,EV_106
321.269,75.0,18.24,5900.0,0,3.69,1,50.18,4.22,118.0,165.0,185.0,EV_106,0.0,530,0.0,DR402462_16,65.0,96852.61,DR402462,173.9,0.0,65.0,D,SimuProB-1,EV_106
322.034,65.0,18.24,5775.0,0,3.692,1,50.16,4.218,115.5,155.3,185.0,EV_106,0.0,540,0.0,DR402462_16,65.0,96852.93,DR402462,173.9,0.0,65.0,D,SimuProB-1,EV_106
319.487,80.0,18.24,5950.0,0,3.685,1,50.15,4.222,119.0,188.5,185.0,EV_106,0.0,550,0.0,DR402462_16,65.0,96853.26,DR402462,173.9,0.0,65.0,D,SimuProB-1,EV_106
323.655,0.0,18.24,5425.0,0,3.7,1,50.12,4.22,108.5,-18.2,185.0,EV_106,0.05,560,12.0,DR402462_16,65.0,96853.56,DR402462,173.9,0.0,65.0,D,SimuProB-1,EV_106
328.147,0.0,18.24,5100.0,0,3.705,1,50.1,4.215,102.0,-45.2,185.0,EV_106,0.06,570,18.0,DR402462_16,65.0,96853.84,DR402462,173.9,0.0,65.0,D,SimuProB-1,EV_106
325.508,45.0,18.24,5275.0,0,3.698,1,50.1,4.212,105.5,85.6,185.0,EV_106,0.0,580,0.0,DR402462_16,65.0,96854.14,DR402462,173.9,0.0,65.0,D,SimuProB-1,EV_106
321.698,60.0,18.24,5600.0,0,3.688,1,50.08,4.218,112.0,142.3,185.0,EV_106,0.0,590,0.0,DR402462_16,65.0,96854.45,DR402462,173.9,0.0,65.0,D,SimuProB-1,EV_106
317.913,75.0,18.24,5925.0,0,3.68,1,50.05,4.21,118.5,165.2,185.0,EV_106,0.0,600,0.0,DR402462_16,65.0,96854.78,DR402462,173.9,0.0,65.0,D,SimuProB-1,EV_106
323.288,0.0,18.24,5510.0,0,3.685,1,50.03,4.205,110.2,-25.4,185.0,EV_106,0.04,610,8.0,DR402462_16,65.0,96855.09,DR402462,173.9,0.0,65.0,D,SimuProB-1,EV_106
326.547,0.0,18.24,5340.0,0,3.69,1,50.03,4.202,106.8,-12.5,185.0,EV_106,0.03,620,5.0,DR402462_16,65.0,96855.38,DR402462,173.9,0.0,65.0,D,SimuProB-1,EV_106
329.886,35.0,18.24,5120.0,0,3.695,1,50.0,4.195,102.4,45.2,185.0,EV_106,0.0,630,0.0,DR402462_16,65.0,96855.66,DR402462,173.9,0.0,65.0,D,SimuProB-1,EV_106
328.927,48.0,18.24,5430.0,0,3.692,1,50.0,4.192,108.6,62.8,185.0,EV_106,0.0,640,0.0,DR402462_16,65.0,96855.97,DR402462,173.9,0.0,65.0,D,SimuProB-1,EV_106
324.459,65.0,18.24,5710.0,0,3.685,1,49.99,4.188,114.2,115.4,185.0,EV_106,0.0,650,0.0,DR402462_16,65.0,96856.28,DR402462,173.9,0.0,65.0,D,SimuProB-1,EV_106
321.813,72.0,18.24,5825.0,0,3.682,1,49.96,4.185,116.5,135.2,185.0,EV_106,0.0,660,0.0,DR402462_16,65.0,96856.6,DR402462,173.9,0.0,65.0,D,SimuProB-1,EV_106
323.997,45.0,18.24,5690.0,0,3.68,1,49.96,4.182,113.8,98.4,185.0,EV_106,0.0,670,0.0,DR402462_16,65.0,96856.92,DR402462,173.9,0.0,65.0,D,SimuProB-1,EV_106
325.338,38.0,18.24,5560.0,0,3.678,1,49.94,4.18,111.2,75.6,185.0,EV_106,0.0,680,0.0,DR402462_16,65.0,96857.23,DR402462,173.9,0.0,65.0,D,SimuProB-1,EV_106
324.51,42.0,18.24,5525.0,0,3.675,1,49.9,4.178,110.5,85.3,185.0,EV_106,0.0,690,0.0,DR402462_16,65.0,96857.54,DR402462,173.9,0.0,65.0,D,SimuProB-1,EV_106
326.039,35.0,18.24,5410.0,0,3.672,1,49.87,4.175,108.2,68.5,185.0,EV_106,0.0,700,0.0,DR402462_16,65.0,96857.84,DR402462,173.9,0.0,65.0,D,SimuProB-1,EV_106
325.364,38.0,18.24,5490.0,0,3.67,1,49.83,4.173,109.8,72.1,185.0,EV_106,0.0,710,0.0,DR402462_16,65.0,96858.14,DR402462,173.9,0.0,65.0,D,SimuProB-1,EV_106
324.628,36.0,18.24,5420.0,0,3.668,1,49.8,4.17,108.5,78.5,185.0,EV_106,0.0,720,0.0,DR402462_16,65.0,96858.44,DR402462,173.9,0.0,65.0,D,SimuProB-1,EV_106
323.509,48.0,18.24,5610.0,0,3.665,1,49.77,4.168,112.3,92.3,185.0,EV_106,0.0,730,0.0,DR402462_16,65.0,96858.75,DR402462,173.9,0.0,65.0,D,SimuProB-1,EV_106
325.428,34.0,18.24,5490.0,0,3.662,1,49.73,4.165,109.9,70.2,185.0,EV_106,0.0,740,0.0,DR402462_16,65.0,96859.06,DR402462,173.9,0.0,65.0,D,SimuProB-1,EV_106
323.039,36.0,18.24,5505.0,0,3.663,1,49.7,4.166,110.1,95.2,185.0,EV_106,0.0,750,0.0,DR402462_16,65.0,96859.37,DR402462,173.9,0.0,65.0,D,SimuProB-1,EV_106
322.466,52.0,18.24,5725.0,0,3.661,1,49.69,4.167,114.5,102.5,185.0,EV_106,0.0,760,0.0,DR402462_16,65.0,96859.68,DR402462,173.9,0.0,65.0,D,SimuProB-1,EV_106
324.922,20.0,18.24,5115.0,0,3.664,1,49.69,4.169,102.3,65.8,185.0,EV_106,0.0,770,8.0,DR402462_16,65.0,96859.97,DR402462,173.9,0.0,65.0,D,SimuProB-1,EV_106
322.274,55.0,18.24,5760.0,0,3.659,1,49.67,4.168,115.2,108.4,185.0,EV_106,0.0,780,0.0,DR402462_16,65.0,96860.29,DR402462,173.9,0.0,65.0,D,SimuProB-1,EV_106
319.936,85.0,18.24,5925.0,0,3.655,1,49.65,4.169,118.5,145.2,185.0,EV_106,0.0,790,0.0,DR402462_16,65.0,96860.62,DR402462,173.9,0.0,65.0,D,SimuProB-1,EV_106
322.004,38.0,18.24,5640.0,0,3.658,1,49.65,4.167,112.8,82.1,185.0,EV_106,0.0,800,12.0,DR402462_16,65.0,96860.93,DR402462,173.9,0.0,65.0,D,SimuProB-1,EV_106
324.247,32.0,18.24,5425.0,0,3.659,1,49.63,4.168,108.5,75.3,185.0,EV_106,0.0,810,0.0,DR402462_16,65.0,96861.23,DR402462,173.9,0.0,65.0,D,SimuProB-1,EV_106
321.398,45.0,18.24,5760.0,0,3.657,1,49.61,4.167,115.2,95.6,185.0,EV_106,0.0,820,0.0,DR402462_16,65.0,96861.55,DR402462,173.9,0.0,65.0,D,SimuProB-1,EV_106
318.21,75.0,18.24,5990.0,0,3.653,1,49.61,4.169,119.8,135.4,185.0,EV_106,0.0,830,0.0,DR402462_16,65.0,96861.88,DR402462,173.9,0.0,65.0,D,SimuProB-1,EV_106
317.014,72.0,18.24,5860.0,0,3.65,1,49.6,4.17,117.2,142.8,185.0,EV_106,0.0,840,0.0,DR402462_16,65.0,96862.21,DR402462,173.9,0.0,65.0,D,SimuProB-1,EV_106
319.879,35.0,18.24,5270.0,0,3.656,1,49.57,4.168,105.4,88.5,185.0,EV_106,0.0,850,8.0,DR402462_16,65.0,96862.5,DR402462,173.9,0.0,65.0,D,SimuProB-1,EV_106
323.71,28.0,18.24,4930.0,0,3.66,1,49.57,4.166,98.6,68.2,185.0,EV_106,0.0,860,0.0,DR402462_16,65.0,96862.77,DR402462,173.9,0.0,65.0,D,SimuProB-1,EV_106
322.187,30.0,18.24,4860.0,0,3.662,1,49.55,4.165,97.2,72.5,185.0,EV_106,0.0,870,0.0,DR402462_16,65.0,96863.04,DR402462,173.9,0.0,65.0,D,SimuProB-1,EV_106
320.137,42.0,18.24,5140.0,0,3.665,1,49.54,4.164,102.8,98.4,185.0,EV_106,0.0,880,0.0,DR402462_16,65.0,96863.33,DR402462,173.9,0.0,65.0,D,SimuProB-1,EV_106
318.022,68.0,18.24,5625.0,0,3.668,1,49.54,4.162,112.5,125.6,185.0,EV_106,0.0,890,0.0,DR402462_16,65.0,96863.64,DR402462,173.9,0.0,65.0,D,SimuProB-1,EV_106
316.389,75.0,18.24,5760.0,0,3.67,1,49.51,4.16,115.2,145.2,185.0,EV_106,0.0,900,0.0,DR402462_16,65.0,96863.96,DR402462,173.9,0.0,65.0,D,SimuProB-1,EV_106
319.577,55.0,18.24,5425.0,0,3.672,1,49.51,4.158,108.5,110.5,185.0,EV_106,0.0,910,0.0,DR402462_16,65.0,96864.26,DR402462,173.9,0.0,65.0,D,SimuProB-1,EV_106
316.878,0.0,18.24,5105.0,0,3.67,1,49.51,4.16,102.1,-15.4,185.0,EV_106,0.05,920,15.0,DR402462_16,65.0,96864.54,DR402462,173.9,0.0,65.0,D,SimuProB-1,EV_106
321.605,45.0,18.24,5265.0,0,3.675,1,49.48,4.155,105.3,85.2,185.0,EV_106,0.0,930,0.0,DR402462_16,65.0,96864.83,DR402462,173.9,0.0,65.0,D,SimuProB-1,EV_106
317.205,72.0,18.24,5725.0,0,3.668,1,49.45,4.162,114.5,135.8,185.0,EV_106,0.0,940,0.0,DR402462_16,65.0,96865.15,DR402462,173.9,0.0,65.0,D,SimuProB-1,EV_106
319.246,50.0,18.24,5460.0,0,3.672,1,49.43,4.158,109.2,105.3,185.0,EV_106,0.0,950,0.0,DR402462_16,65.0,96865.45,DR402462,173.9,0.0,65.0,D,SimuProB-1,EV_106
316.336,62.0,18.24,5640.0,0,3.669,1,49.4,4.161,112.8,128.7,185.0,EV_106,0.0,960,0.0,DR402462_16,65.0,96865.76,DR402462,173.9,0.0,65.0,D,SimuProB-1,EV_106
319.004,48.0,18.24,5375.0,0,3.671,1,49.37,4.159,107.5,95.4,185.0,EV_106,0.0,970,0.0,DR402462_16,65.0,96866.06,DR402462,173.9,0.0,65.0,D,SimuProB-1,EV_106
315.754,75.0,18.24,5810.0,0,3.667,1,49.34,4.163,116.2,142.1,185.0,EV_106,0.0,980,0.0,DR402462_16,65.0,96866.38,DR402462,173.9,0.0,65.0,D,SimuProB-1,EV_106
313.919,78.0,18.24,5925.0,0,3.665,1,49.3,4.165,118.5,155.2,185.0,EV_106,0.0,990,0.0,DR402462_16,65.0,96866.71,DR402462,173.9,0.0,65.0,D,SimuProB-1,EV_106
318.493,55.0,18.24,5600.0,0,3.67,1,49.26,4.16,112.0,110.5,185.0,EV_106,0.0,1000,0.0,DR402462_16,65.0,96867.02,DR402462,173.9,0.0,65.0,D,SimuProB-1,EV_106
314.162,70.0,18.24,5790.0,0,3.666,1,49.25,4.164,115.8,148.3,185.0,EV_106,0.0,1010,0.0,DR402462_16,65.0,96867.34,DR402462,173.9,0.0,65.0,D,SimuProB-1,EV_106
317.293,68.0,18.24,5725.0,0,3.668,1,49.21,4.162,114.5,135.2,185.0,EV_106,0.0,1020,0.0,DR402462_16,65.0,96867.66,DR402462,173.9,0.0,65.0,D,SimuProB-1,EV_106
318.965,52.0,18.24,5410.0,0,3.67,1,49.19,4.16,108.2,105.6,185.0,EV_106,0.0,1030,0.0,DR402462_16,65.0,96867.96,DR402462,173.9,0.0,65.0,D,SimuProB-1,EV_106
317.196,60.0,18.24,5550.0,0,3.669,1,49.17,4.161,111.0,122.8,185.0,EV_106,0.0,1040,0.0,DR402462_16,65.0,96868.27,DR402462,173.9,0.0,65.0,D,SimuProB-1,EV_106
315.924,65.0,18.24,5675.0,0,3.671,1,49.15,4.163,113.5,132.5,185.0,EV_106,0.0,1050,0.0,DR402462_16,65.0,96868.59,DR402462,173.9,0.0,65.0,D,SimuProB-1,EV_106
316.718,62.0,18.24,5590.0,0,3.672,1,49.15,4.162,111.8,125.1,185.0,EV_106,0.0,1060,0.0,DR402462_16,65.0,96868.9,DR402462,173.9,0.0,65.0,D,SimuProB-1,EV_106
317.526,55.0,18.24,5325.0,0,3.673,1,49.13,4.161,106.5,108.4,185.0,EV_106,0.0,1070,0.0,DR402462_16,65.0,96869.19,DR402462,173.9,0.0,65.0,D,SimuProB-1,EV_106
318.32,54.0,18.24,5390.0,0,3.674,1,49.11,4.161,107.8,115.5,185.0,EV_106,0.0,1080,0.0,DR402462_16,65.0,96869.49,DR402462,173.9,0.0,65.0,D,SimuProB-1,EV_106
317.481,58.0,18.24,5475.0,0,3.673,1,49.11,4.162,109.5,120.2,185.0,EV_106,0.0,1090,0.0,DR402462_16,65.0,96869.79,DR402462,173.9,0.0,65.0,D,SimuProB-1,EV_106
316.446,70.0,18.24,5710.0,0,3.67,1,49.1,4.164,114.2,135.0,185.0,EV_106,0.0,1100,0.0,DR402462_16,65.0,96870.11,DR402462,173.9,0.0,65.0,D,SimuProB-1,EV_106
316.274,72.0,18.24,5820.0,0,3.669,1,49.09,4.165,116.4,142.3,185.0,EV_106,0.0,1110,0.0,DR402462_16,65.0,96870.43,DR402462,173.9,0.0,65.0,D,SimuProB-1,EV_106
315.076,85.0,18.24,5910.0,0,3.668,1,49.06,4.166,118.2,155.8,185.0,EV_106,0.0,1120,0.0,DR402462_16,65.0,96870.76,DR402462,173.9,0.0,65.0,D,SimuProB-1,EV_106
314.119,90.0,18.24,5975.0,0,3.667,1,49.04,4.167,119.5,168.4,185.0,EV_106,0.0,1130,0.0,DR402462_16,65.0,96871.09,DR402462,173.9,0.0,65.0,D,SimuProB-1,EV_106
313.183,65.0,18.24,5900.0,0,3.666,1,49.01,4.168,118.0,150.0,185.0,EV_106,0.0,1140,0.0,DR402462_16,65.0,96871.42,DR402462,173.9,0.0,65.0,D,SimuProB-1,EV_106
314.351,50.0,18.24,5750.0,0,3.665,1,48.96,4.167,115.0,130.0,185.0,EV_106,0.0,1150,0.0,DR402462_16,65.0,96871.74,DR402462,173.9,0.0,65.0,D,SimuProB-1,EV_106
315.674,45.0,18.24,5600.0,0,3.664,1,48.95,4.166,112.0,110.0,185.0,EV_106,0.0,1160,0.0,DR402462_16,65.0,96872.05,DR402462,173.9,0.0,65.0,D,SimuProB-1,EV_106
315.34,48.0,18.24,5675.0,0,3.665,1,48.94,4.167,113.5,118.5,185.0,EV_106,0.0,1170,0.0,DR402462_16,65.0,96872.37,DR402462,173.9,0.0,65.0,D,SimuProB-1,EV_106
316.628,38.0,18.24,5500.0,0,3.666,1,48.91,4.168,110.0,95.2,185.0,EV_106,0.0,1180,0.0,DR402462_16,65.0,96872.67,DR402462,173.9,0.0,65.0,D,SimuProB-1,EV_106
315.285,55.0,18.24,5790.0,0,3.665,1,48.91,4.167,115.8,125.4,185.0,EV_106,0.0,1190,0.0,DR402462_16,65.0,96872.99,DR402462,173.9,0.0,65.0,D,SimuProB-1,EV_106
314.201,65.0,18.24,5900.0,0,3.664,1,48.88,4.168,118.0,142.5,185.0,EV_106,0.0,1200,0.0,DR402462_16,65.0,96873.32,DR402462,173.9,0.0,65.0,D,SimuProB-1,EV_106
316.582,40.0,18.24,5425.0,0,3.665,1,48.88,4.169,108.5,98.4,185.0,EV_106,0.0,1210,0.0,DR402462_16,65.0,96873.62,DR402462,173.9,0.0,65.0,D,SimuProB-1,EV_106
315.562,52.0,18.24,5710.0,0,3.664,1,48.86,4.167,114.2,128.6,185.0,EV_106,0.0,1220,0.0,DR402462_16,65.0,96873.94,DR402462,173.9,0.0,65.0,D,SimuProB-1,EV_106
314.954,48.0,18.24,5625.0,0,3.665,1,48.85,4.168,112.5,115.3,185.0,EV_106,0.0,1230,0.0,DR402462_16,65.0,96874.25,DR402462,173.9,0.0,65.0,D,SimuProB-1,EV_106
313.95,58.0,18.24,5840.0,0,3.663,1,48.81,4.169,116.8,138.7,185.0,EV_106,0.0,1240,0.0,DR402462_16,65.0,96874.58,DR402462,173.9,0.0,65.0,D,SimuProB-1,EV_106
315.273,35.0,18.24,5260.0,0,3.666,1,48.81,4.168,105.2,102.5,185.0,EV_106,0.0,1250,0.0,DR402462_16,65.0,96874.87,DR402462,173.9,0.0,65.0,D,SimuProB-1,EV_106
315.037,55.0,18.24,5750.0,0,3.664,1,48.8,4.168,115.0,125.4,185.0,EV_106,0.0,1260,0.0,DR402462_16,65.0,96875.19,DR402462,173.9,0.0,65.0,D,SimuProB-1,EV_106
317.135,0.0,18.24,5100.0,0,3.665,1,48.79,4.169,102.0,-18.5,185.0,EV_106,0.05,1270,15.0,DR402462_16,65.0,96875.47,DR402462,173.9,0.0,65.0,D,SimuProB-1,EV_106
318.718,0.0,18.24,4400.0,0,3.666,1,48.77,4.17,88.0,-22.1,185.0,EV_106,0.06,0,20.0,DR402462_17,65.0,96875.72,DR402462,173.9,0.0,65.0,D,SimuProB-1,EV_106
320.919,0.0,18.24,4275.0,0,3.667,1,48.75,4.171,85.5,-15.2,185.0,EV_106,0.04,10,10.0,DR402462_17,65.0,96875.96,DR402462,173.9,0.0,65.0,D,SimuProB-1,EV_106
334.93,45.0,18.24,4760.0,0,3.668,1,48.75,4.172,95.2,75.4,185.0,EV_106,0.0,20,0.0,DR402462_17,65.0,96876.22,DR402462,173.9,0.0,65.0,D,SimuProB-1,EV_106
343.268,65.0,18.24,5425.0,0,3.669,1,48.74,4.173,108.5,110.6,185.0,EV_106,0.0,30,0.0,DR402462_17,65.0,96876.52,DR402462,173.9,0.0,65.0,D,SimuProB-1,EV_106
338.331,75.0,18.24,5625.0,0,3.67,1,48.72,4.175,112.5,145.2,185.0,EV_106,0.0,40,0.0,DR402462_17,65.0,96876.83,DR402462,173.9,0.0,65.0,D,SimuProB-1,EV_106
340.574,60.0,18.24,5450.0,0,3.671,1,48.69,4.176,109.0,130.8,185.0,EV_106,0.0,50,0.0,DR402462_17,65.0,96877.14,DR402462,173.9,0.0,65.0,D,SimuProB-1,EV_106
342.704,55.0,18.24,5275.0,0,3.672,1,48.69,4.177,105.5,115.5,185.0,EV_106,0.0,60,0.0,DR402462_17,65.0,96877.43,DR402462,173.9,0.0,65.0,D,SimuProB-1,EV_106
341.628,58.0,18.24,5390.0,0,3.672,1,48.67,4.177,107.8,125.3,185.0,EV_106,0.0,70,0.0,DR402462_17,65.0,96877.73,DR402462,173.9,0.0,65.0,D,SimuProB-1,EV_106
339.776,70.0,18.24,5560.0,0,3.673,1,48.67,4.178,111.2,138.6,185.0,EV_106,0.0,80,0.0,DR402462_17,65.0,96878.04,DR402462,173.9,0.0,65.0,D,SimuProB-1,EV_106
343.054,42.0,18.24,5125.0,0,3.673,1,48.64,4.178,102.5,95.4,185.0,EV_106,0.0,90,0.0,DR402462_17,65.0,96878.32,DR402462,173.9,0.0,65.0,D,SimuProB-1,EV_106
339.66,65.0,18.24,5525.0,0,3.671,1,48.63,4.179,110.5,132.5,185.0,EV_106,0.0,100,0.0,DR402462_17,65.0,96878.63,DR402462,173.9,0.0,65.0,D,SimuProB-1,EV_106
343.1,48.0,18.24,5210.0,0,3.674,1,48.62,4.18,104.2,105.2,185.0,EV_106,0.0,110,0.0,DR402462_17,65.0,96878.92,DR402462,173.9,0.0,65.0,D,SimuProB-1,EV_106
341.382,56.0,18.24,5400.0,0,3.672,1,48.61,4.179,108.0,118.7,185.0,EV_106,0.0,120,0.0,DR402462_17,65.0,96879.22,DR402462,173.9,0.0,65.0,D,SimuProB-1,EV_106
338.111,75.0,18.24,5625.0,0,3.668,1,48.6,4.182,112.5,145.2,185.0,EV_106,0.0,130,0.0,DR402462_17,65.0,96879.53,DR402462,173.9,0.0,65.0,D,SimuProB-1,EV_106
344.16,40.0,18.24,5300.0,0,3.675,1,48.59,4.18,106.0,88.5,185.0,EV_106,0.0,140,0.0,DR402462_17,65.0,96879.83,DR402462,173.9,0.0,65.0,D,SimuProB-1,EV_106
341.074,68.0,18.24,5550.0,0,3.67,1,48.57,4.181,111.0,125.4,185.0,EV_106,0.0,150,0.0,DR402462_17,65.0,96880.14,DR402462,173.9,0.0,65.0,D,SimuProB-1,EV_106
340.177,62.0,18.24,5525.0,0,3.672,1,48.55,4.18,110.5,130.5,185.0,EV_106,0.0,160,0.0,DR402462_17,65.0,96880.45,DR402462,173.9,0.0,65.0,D,SimuProB-1,EV_106
342.15,45.0,18.24,5250.0,0,3.673,1,48.54,4.181,105.0,95.3,185.0,EV_106,0.0,170,0.0,DR402462_17,65.0,96880.74,DR402462,173.9,0.0,65.0,D,SimuProB-1,EV_106
337.36,72.0,18.24,5650.0,0,3.669,1,48.53,4.183,113.0,142.1,185.0,EV_106,0.0,180,0.0,DR402462_17,65.0,96881.05,DR402462,173.9,0.0,65.0,D,SimuProB-1,EV_106
336.814,70.0,18.24,5600.0,0,3.668,1,48.52,4.182,112.0,138.2,185.0,EV_106,0.0,190,0.0,DR402462_17,65.0,96881.36,DR402462,173.9,0.0,65.0,D,SimuProB-1,EV_106
341.566,50.0,18.24,5400.0,0,3.671,1,48.51,4.181,108.0,105.4,185.0,EV_106,0.0,200,0.0,DR402462_17,65.0,96881.66,DR402462,173.9,0.0,65.0,D,SimuProB-1,EV_106
339.134,58.0,18.24,5500.0,0,3.67,1,48.5,4.18,110.0,118.6,185.0,EV_106,0.0,210,0.0,DR402462_17,65.0,96881.97,DR402462,173.9,0.0,65.0,D,SimuProB-1,EV_106
338.887,55.0,18.24,5550.0,0,3.672,1,48.48,4.179,111.0,112.5,185.0,EV_106,0.0,220,0.0,DR402462_17,65.0,96882.28,DR402462,173.9,0.0,65.0,D,SimuProB-1,EV_106
334.771,75.0,18.24,5750.0,0,3.665,1,48.47,4.184,115.0,145.8,185.0,EV_106,0.0,230,0.0,DR402462_17,65.0,96882.6,DR402462,173.9,0.0,65.0,D,SimuProB-1,EV_106
338.1,48.0,18.24,5300.0,0,3.67,1,48.46,4.181,106.0,108.2,185.0,EV_106,0.0,240,0.0,DR402462_17,65.0,96882.89,DR402462,173.9,0.0,65.0,D,SimuProB-1,EV_106
336.3,52.0,18.24,5425.0,0,3.67,1,48.44,4.18,108.5,115.3,185.0,EV_106,0.0,250,0.0,DR402462_17,65.0,96883.19,DR402462,173.9,0.0,65.0,D,SimuProB-1,EV_106
335.872,65.0,18.24,5600.0,0,3.671,1,48.42,4.179,112.0,122.7,185.0,EV_106,0.0,260,0.0,DR402462_17,65.0,96883.5,DR402462,173.9,0.0,65.0,D,SimuProB-1,EV_106
337.804,45.0,18.24,5250.0,0,3.67,1,48.42,4.18,105.0,102.1,185.0,EV_106,0.0,270,0.0,DR402462_17,65.0,96883.79,DR402462,173.9,0.0,65.0,D,SimuProB-1,EV_106
334.991,50.0,18.24,5350.0,0,3.672,1,48.41,4.178,107.0,118.5,185.0,EV_106,0.0,280,0.0,DR402462_17,65.0,96884.09,DR402462,173.9,0.0,65.0,D,SimuProB-1,EV_106
333.69,60.0,18.24,5500.0,0,3.673,1,48.38,4.177,110.0,135.2,185.0,EV_106,0.0,290,0.0,DR402462_17,65.0,96884.39,DR402462,173.9,0.0,65.0,D,SimuProB-1,EV_106
336.96,45.0,18.24,5200.0,0,3.67,1,48.38,4.18,104.0,105.8,185.0,EV_106,0.0,300,0.0,DR402462_17,65.0,96884.68,DR402462,173.9,0.0,65.0,D,SimuProB-1,EV_106
332.753,70.0,18.24,5625.0,0,3.674,1,48.34,4.176,112.5,145.3,185.0,EV_106,0.0,310,0.0,DR402462_17,65.0,96884.99,DR402462,173.9,0.0,65.0,D,SimuProB-1,EV_106
334.385,55.0,18.24,5410.0,0,3.672,1,48.34,4.178,108.2,115.6,185.0,EV_106,0.0,320,0.0,DR402462_17,65.0,96885.29,DR402462,173.9,0.0,65.0,D,SimuProB-1,EV_106
331.981,62.0,18.24,5590.0,0,3.673,1,48.33,4.177,111.8,138.9,185.0,EV_106,0.0,330,0.0,DR402462_17,65.0,96885.6,DR402462,173.9,0.0,65.0,D,SimuProB-1,EV_106
335.167,52.0,18.24,5475.0,0,3.672,1,48.31,4.178,109.5,108.5,185.0,EV_106,0.0,340,0.0,DR402462_17,65.0,96885.9,DR402462,173.9,0.0,65.0,D,SimuProB-1,EV_106
333.504,68.0,18.24,5660.0,0,3.673,1,48.31,4.177,113.2,142.1,185.0,EV_106,0.0,350,0.0,DR402462_17,65.0,96886.22,DR402462,173.9,0.0,65.0,D,SimuProB-1,EV_106
334.667,56.0,18.24,5390.0,0,3.671,1,48.29,4.179,107.8,118.4,185.0,EV_106,0.0,360,0.0,DR402462_17,65.0,96886.52,DR402462,173.9,0.0,65.0,D,SimuProB-1,EV_106
332.001,60.0,18.24,5525.0,0,3.672,1,48.27,4.178,110.5,135.2,185.0,EV_106,0.0,370,0.0,DR402462_17,65.0,96886.83,DR402462,173.9,0.0,65.0,D,SimuProB-1,EV_106
330.733,65.0,18.24,5640.0,0,3.673,1,48.27,4.177,112.8,148.5,185.0,EV_106,0.0,380,0.0,DR402462_17,65.0,96887.14,DR402462,173.9,0.0,65.0,D,SimuProB-1,EV_106
333.276,54.0,18.24,5425.0,0,3.671,1,48.25,4.179,108.5,122.8,185.0,EV_106,0.0,390,0.0,DR402462_17,65.0,96887.44,DR402462,173.9,0.0,65.0,D,SimuProB-1,EV_106
331.771,62.0,18.24,5510.0,0,3.672,1,48.25,4.178,110.2,145.3,185.0,EV_106,0.0,400,0.0,DR402462_17,65.0,96887.75,DR402462,173.9,0.0,65.0,D,SimuProB-1,EV_106
330.109,66.0,18.24,5625.0,0,3.671,1,48.22,4.179,112.5,158.7,185.0,EV_106,0.0,410,0.0,DR402462_17,65.0,96888.06,DR402462,173.9,0.0,65.0,D,SimuProB-1,EV_106
331.951,58.0,18.24,5450.0,0,3.673,1,48.22,4.178,109.0,128.6,185.0,EV_106,0.0,420,0.0,DR402462_17,65.0,96888.36,DR402462,173.9,0.0,65.0,D,SimuProB-1,EV_106
329.388,70.0,18.24,5725.0,0,3.67,1,48.2,4.18,114.5,162.3,185.0,EV_106,0.0,430,0.0,DR402462_17,65.0,96888.68,DR402462,173.9,0.0,65.0,D,SimuProB-1,EV_106
332.452,50.0,18.24,5360.0,0,3.672,1,48.19,4.179,107.2,115.4,185.0,EV_106,0.0,440,0.0,DR402462_17,65.0,96888.98,DR402462,173.9,0.0,65.0,D,SimuProB-1,EV_106
330.062,60.0,18.24,5550.0,0,3.671,1,48.15,4.178,111.0,140.1,185.0,EV_106,0.0,450,0.0,DR402462_17,65.0,96889.28,DR402462,173.9,0.0,65.0,D,SimuProB-1,EV_106
330.792,55.0,18.24,5425.0,0,3.671,1,48.12,4.179,108.5,135.2,185.0,EV_106,0.0,460,0.0,DR402462_17,65.0,96889.58,DR402462,173.9,0.0,65.0,D,SimuProB-1,EV_106
330.711,52.0,18.24,5250.0,0,3.672,1,48.12,4.178,105.0,125.8,185.0,EV_106,0.0,470,0.0,DR402462_17,65.0,96889.87,DR402462,173.9,0.0,65.0,D,SimuProB-1,EV_106
329.509,62.0,18.24,5525.0,0,3.67,1,48.11,4.18,110.5,148.5,185.0,EV_106,0.0,480,0.0,DR402462_17,65.0,96890.18,DR402462,173.9,0.0,65.0,D,SimuProB-1,EV_106
328.563,68.0,18.24,5620.0,0,3.669,1,48.09,4.181,112.4,155.2,185.0,EV_106,0.0,490,0.0,DR402462_17,65.0,96890.49,DR402462,173.9,0.0,65.0,D,SimuProB-1,EV_106
329.822,54.0,18.24,5490.0,0,3.671,1,48.08,4.18,109.8,132.6,185.0,EV_106,0.0,500,0.0,DR402462_17,65.0,96890.8,DR402462,173.9,0.0,65.0,D,SimuProB-1,EV_106
329.791,48.0,18.24,5325.0,0,3.672,1,48.08,4.179,106.5,128.4,185.0,EV_106,0.0,510,0.0,DR402462_17,65.0,96891.09,DR402462,173.9,0.0,65.0,D,SimuProB-1,EV_106
328.669,55.0,18.24,5410.0,0,3.671,1,48.06,4.18,108.2,135.2,185.0,EV_106,0.0,520,0.0,DR402462_17,65.0,96891.39,DR402462,173.9,0.0,65.0,D,SimuProB-1,EV_106
327.786,65.0,18.24,5575.0,0,3.668,1,48.05,4.182,111.5,145.6,185.0,EV_106,0.0,530,0.0,DR402462_17,65.0,96891.7,DR402462,173.9,0.0,65.0,D,SimuProB-1,EV_106
328.946,42.0,18.24,5240.0,0,3.672,1,48.04,4.18,104.8,120.5,185.0,EV_106,0.0,540,0.0,DR402462_17,65.0,96891.99,DR402462,173.9,0.0,65.0,D,SimuProB-1,EV_106
327.141,68.0,18.24,5625.0,0,3.667,1,48.03,4.182,112.5,148.3,185.0,EV_106,0.0,550,0.0,DR402462_17,65.0,96892.3,DR402462,173.9,0.0,65.0,D,SimuProB-1,EV_106
328.063,45.0,18.24,5360.0,0,3.67,1,48.03,4.181,107.2,125.4,185.0,EV_106,0.0,560,0.0,DR402462_17,65.0,96892.6,DR402462,173.9,0.0,65.0,D,SimuProB-1,EV_106
329.148,0.0,18.24,4925.0,0,3.673,1,48.02,4.18,98.5,-15.2,185.0,EV_106,0.04,570,35.0,DR402462_17,65.0,96892.87,DR402462,173.9,0.0,65.0,D,SimuProB-1,EV_106
328.997,48.0,18.24,5475.0,0,3.671,1,48.01,4.181,109.5,135.2,185.0,EV_106,0.0,580,0.0,DR402462_17,65.0,96893.17,DR402462,173.9,0.0,65.0,D,SimuProB-1,EV_106
326.364,72.0,18.24,5760.0,0,3.669,1,48.0,4.182,115.2,155.4,185.0,EV_106,0.0,590,0.0,DR402462_17,65.0,96893.49,DR402462,173.9,0.0,65.0,D,SimuProB-1,EV_106
327.72,44.0,18.24,5340.0,0,3.672,1,47.98,4.18,106.8,128.6,185.0,EV_106,0.0,600,0.0,DR402462_17,65.0,96893.79,DR402462,173.9,0.0,65.0,D,SimuProB-1,EV_106
327.462,58.0,18.24,5625.0,0,3.671,1,47.96,4.179,112.5,142.5,185.0,EV_106,0.0,610,0.0,DR402462_17,65.0,96894.1,DR402462,173.9,0.0,65.0,D,SimuProB-1,EV_106
329.384,0.0,18.24,5100.0,0,3.672,1,47.95,4.18,102.0,-25.4,185.0,EV_106,0.06,620,45.0,DR402462_17,65.0,96894.39,DR402462,173.9,0.0,65.0,D,SimuProB-1,EV_106
326.993,55.0,18.24,5540.0,0,3.67,1,47.94,4.181,110.8,138.2,185.0,EV_106,0.0,630,0.0,DR402462_17,65.0,96894.69,DR402462,173.9,0.0,65.0,D,SimuProB-1,EV_106
326.457,56.0,18.24,5575.0,0,3.67,1,47.91,4.18,111.5,145.0,185.0,EV_106,0.0,640,0.0,DR402462_17,65.0,96895.0,DR402462,173.9,0.0,65.0,D,SimuProB-1,EV_106
328.502,48.0,18.24,5400.0,0,3.668,1,47.91,4.179,108.0,135.0,185.0,EV_106,0.0,650,0.0,DR402462_17,65.0,96895.3,DR402462,173.9,0.0,65.0,D,SimuProB-1,EV_106
327.28,52.0,18.24,5500.0,0,3.669,1,47.89,4.181,110.0,140.0,185.0,EV_106,0.0,660,0.0,DR402462_17,65.0,96895.61,DR402462,173.9,0.0,65.0,D,SimuProB-1,EV_106
325.517,54.0,18.24,5560.0,0,3.669,1,47.87,4.18,111.2,142.5,185.0,EV_106,0.0,670,0.0,DR402462_17,65.0,96895.92,DR402462,173.9,0.0,65.0,D,SimuProB-1,EV_106
326.788,50.0,18.24,5475.0,0,3.67,1,47.87,4.18,109.5,138.0,185.0,EV_106,0.0,680,0.0,DR402462_17,65.0,96896.22,DR402462,173.9,0.0,65.0,D,SimuProB-1,EV_106
327.089,46.0,18.24,5350.0,0,3.668,1,47.85,4.179,107.0,132.0,185.0,EV_106,0.0,690,0.0,DR402462_17,65.0,96896.52,DR402462,173.9,0.0,65.0,D,SimuProB-1,EV_106
325.844,47.0,18.24,5425.0,0,3.667,1,47.82,4.178,108.5,134.0,185.0,EV_106,0.0,700,0.0,DR402462_17,65.0,96896.82,DR402462,173.9,0.0,65.0,D,SimuProB-1,EV_106
324.052,58.0,18.24,5600.0,0,3.666,1,47.82,4.182,112.0,145.0,185.0,EV_106,0.0,710,0.0,DR402462_17,65.0,96897.13,DR402462,173.9,0.0,65.0,D,SimuProB-1,EV_106
326.199,42.0,18.24,5250.0,0,3.668,1,47.8,4.18,105.0,125.0,185.0,EV_106,0.0,720,0.0,DR402462_17,65.0,96897.42,DR402462,173.9,0.0,65.0,D,SimuProB-1,EV_106
325.13,44.0,18.24,5300.0,0,3.665,1,47.77,4.18,106.0,130.0,185.0,EV_106,0.0,730,0.0,DR402462_17,65.0,96897.71,DR402462,173.9,0.0,65.0,D,SimuProB-1,EV_106
325.132,55.0,18.24,5525.0,0,3.663,1,47.75,4.181,110.5,142.0,185.0,EV_106,0.0,740,0.0,DR402462_17,65.0,96898.02,DR402462,173.9,0.0,65.0,D,SimuProB-1,EV_106
326.304,40.0,18.24,5150.0,0,3.667,1,47.72,4.179,103.0,118.0,185.0,EV_106,0.0,750,0.0,DR402462_17,65.0,96898.31,DR402462,173.9,0.0,65.0,D,SimuProB-1,EV_106
324.959,48.0,18.24,5425.0,0,3.664,1,47.68,4.18,108.5,138.5,185.0,EV_106,0.0,760,0.0,DR402462_17,65.0,96898.61,DR402462,173.9,0.0,65.0,D,SimuProB-1,EV_106
325.445,38.0,18.24,5100.0,0,3.666,1,47.67,4.179,102.0,122.0,185.0,EV_106,0.0,770,0.0,DR402462_17,65.0,96898.89,DR402462,173.9,0.0,65.0,D,SimuProB-1,EV_106
324.52,62.0,18.24,5700.0,0,3.662,1,47.64,4.182,114.0,148.0,185.0,EV_106,0.0,780,0.0,DR402462_17,65.0,96899.21,DR402462,173.9,0.0,65.0,D,SimuProB-1,EV_106
323.425,68.0,18.24,5825.0,0,3.661,1,47.61,4.183,116.5,155.2,185.0,EV_106,0.0,790,0.0,DR402462_17,65.0,96899.53,DR402462,173.9,0.0,65.0,D,SimuProB-1,EV_106
324.526,52.0,18.24,5600.0,0,3.663,1,47.58,4.181,112.0,135.8,185.0,EV_106,0.0,800,0.0,DR402462_17,65.0,96899.84,DR402462,173.9,0.0,65.0,D,SimuProB-1,EV_106
323.492,75.0,18.24,5900.0,0,3.66,1,47.57,4.184,118.0,162.5,185.0,EV_106,0.0,810,0.0,DR402462_17,65.0,96900.17,DR402462,173.9,0.0,65.0,D,SimuProB-1,EV_106
323.321,78.0,18.24,5950.0,0,3.658,1,47.55,4.185,119.0,168.5,185.0,EV_106,0.0,820,0.0,DR402462_17,65.0,96900.5,DR402462,173.9,0.0,65.0,D,SimuProB-1,EV_106
324.273,58.0,18.24,5750.0,0,3.66,1,47.55,4.183,115.0,142.0,185.0,EV_106,0.0,830,0.0,DR402462_17,65.0,96900.82,DR402462,173.9,0.0,65.0,D,SimuProB-1,EV_106
325.506,42.0,18.24,5400.0,0,3.662,1,47.53,4.181,108.0,115.0,185.0,EV_106,0.0,840,0.0,DR402462_17,65.0,96901.12,DR402462,173.9,0.0,65.0,D,SimuProB-1,EV_106
325.794,38.0,18.24,5250.0,0,3.665,1,47.5,4.18,105.0,105.2,185.0,EV_106,0.0,850,0.0,DR402462_17,65.0,96901.41,DR402462,173.9,0.0,65.0,D,SimuProB-1,EV_106
327.561,28.0,18.24,4900.0,0,3.668,1,47.48,4.178,98.0,85.5,185.0,EV_106,0.0,860,0.0,DR402462_17,65.0,96901.68,DR402462,173.9,0.0,65.0,D,SimuProB-1,EV_106
328.005,25.0,18.24,4750.0,0,3.67,1,47.46,4.175,95.0,75.0,185.0,EV_106,0.0,870,0.0,DR402462_17,65.0,96901.95,DR402462,173.9,0.0,65.0,D,SimuProB-1,EV_106
328.323,24.0,18.24,4710.0,0,3.672,1,47.42,4.173,94.2,72.4,185.0,EV_106,0.0,880,0.0,DR402462_17,65.0,96902.21,DR402462,173.9,0.0,65.0,D,SimuProB-1,EV_106
327.984,26.5,18.24,4825.0,0,3.674,1,47.4,4.175,96.5,76.8,185.0,EV_106,0.0,890,0.0,DR402462_17,65.0,96902.48,DR402462,173.9,0.0,65.0,D,SimuProB-1,EV_106
327.446,35.0,18.24,5140.0,0,3.67,1,47.4,4.172,102.8,88.2,185.0,EV_106,0.0,900,0.0,DR402462_17,65.0,96902.77,DR402462,173.9,0.0,65.0,D,SimuProB-1,EV_106
326.37,38.0,18.24,5275.0,0,3.665,1,47.39,4.17,105.5,92.5,185.0,EV_106,0.0,910,0.0,DR402462_17,65.0,96903.06,DR402462,173.9,0.0,65.0,D,SimuProB-1,EV_106
327.747,25.0,18.24,4900.0,0,3.668,1,47.38,4.173,98.0,78.0,185.0,EV_106,0.0,920,0.0,DR402462_17,65.0,96903.34,DR402462,173.9,0.0,65.0,D,SimuProB-1,EV_106
327.204,27.0,18.24,5025.0,0,3.666,1,47.35,4.171,100.5,82.0,185.0,EV_106,0.0,930,0.0,DR402462_17,65.0,96903.61,DR402462,173.9,0.0,65.0,D,SimuProB-1,EV_106
326.445,28.0,18.24,5060.0,0,3.665,1,47.34,4.171,101.2,85.5,185.0,EV_106,0.0,940,0.0,DR402462_17,65.0,96903.89,DR402462,173.9,0.0,65.0,D,SimuProB-1,EV_106
325.163,42.5,18.24,5420.0,0,3.662,1,47.3,4.168,108.4,98.2,185.0,EV_106,0.0,950,0.0,DR402462_17,65.0,96904.19,DR402462,173.9,0.0,65.0,D,SimuProB-1,EV_106
327.178,30.0,18.24,5150.0,0,3.664,1,47.3,4.17,103.0,88.0,185.0,EV_106,0.0,960,0.0,DR402462_17,65.0,96904.48,DR402462,173.9,0.0,65.0,D,SimuProB-1,EV_106
326.777,31.0,18.24,5190.0,0,3.663,1,47.27,4.169,103.8,86.0,185.0,EV_106,0.0,970,0.0,DR402462_17,65.0,96904.77,DR402462,173.9,0.0,65.0,D,SimuProB-1,EV_106
326.151,38.0,18.24,5375.0,0,3.662,1,47.27,4.168,107.5,92.5,185.0,EV_106,0.0,980,0.0,DR402462_17,65.0,96905.07,DR402462,173.9,0.0,65.0,D,SimuProB-1,EV_106
327.109,28.0,18.24,5060.0,0,3.664,1,47.26,4.17,101.2,84.0,185.0,EV_106,0.0,990,0.0,DR402462_17,65.0,96905.35,DR402462,173.9,0.0,65.0,D,SimuProB-1,EV_106
326.418,35.0,18.24,5210.0,0,3.663,1,47.26,4.169,104.2,95.4,185.0,EV_106,0.0,1000,0.0,DR402462_17,65.0,96905.64,DR402462,173.9,0.0,65.0,D,SimuProB-1,EV_106
326.389,45.0,18.24,5425.0,0,3.662,1,47.24,4.17,108.5,102.7,185.0,EV_106,0.0,1010,0.0,DR402462_17,65.0,96905.94,DR402462,173.9,0.0,65.0,D,SimuProB-1,EV_106
325.845,32.0,18.24,5140.0,0,3.663,1,47.24,4.169,102.8,89.3,185.0,EV_106,0.0,1020,0.0,DR402462_17,65.0,96906.23,DR402462,173.9,0.0,65.0,D,SimuProB-1,EV_106
325.398,42.0,18.24,5310.0,0,3.661,1,47.21,4.171,106.2,98.5,185.0,EV_106,0.0,1030,0.0,DR402462_17,65.0,96906.52,DR402462,173.9,0.0,65.0,D,SimuProB-1,EV_106
326.604,25.0,18.24,4925.0,0,3.665,1,47.21,4.172,98.5,75.2,185.0,EV_106,0.0,1040,0.0,DR402462_17,65.0,96906.8,DR402462,173.9,0.0,65.0,D,SimuProB-1,EV_106
326.911,34.0,18.24,5190.0,0,3.663,1,47.2,4.17,103.8,88.1,185.0,EV_106,0.0,1050,0.0,DR402462_17,65.0,96907.09,DR402462,173.9,0.0,65.0,D,SimuProB-1,EV_106
327.3,22.0,18.24,4810.0,0,3.668,1,47.2,4.175,96.2,72.5,185.0,EV_106,0.0,1060,0.0,DR402462_17,65.0,96907.36,DR402462,173.9,0.0,65.0,D,SimuProB-1,EV_106
327.018,30.0,18.24,5075.0,0,3.666,1,47.17,4.173,101.5,85.4,185.0,EV_106,0.0,1070,0.0,DR402462_17,65.0,96907.64,DR402462,173.9,0.0,65.0,D,SimuProB-1,EV_106
326.531,38.0,18.24,5365.0,0,3.664,1,47.17,4.178,107.3,95.8,185.0,EV_106,0.0,1080,0.0,DR402462_17,65.0,96907.94,DR402462,173.9,0.0,65.0,D,SimuProB-1,EV_106
326.191,42.0,18.24,5420.0,0,3.662,1,47.17,4.18,108.4,110.5,185.0,EV_106,0.0,1090,0.0,DR402462_17,65.0,96908.24,DR402462,173.9,0.0,65.0,D,SimuProB-1,EV_106
326.687,28.0,18.24,5105.0,0,3.665,1,47.14,4.176,102.1,82.3,185.0,EV_106,0.0,1100,0.0,DR402462_17,65.0,96908.52,DR402462,173.9,0.0,65.0,D,SimuProB-1,EV_106
326.016,35.0,18.24,5290.0,0,3.663,1,47.14,4.179,105.8,92.7,185.0,EV_106,0.0,1110,0.0,DR402462_17,65.0,96908.82,DR402462,173.9,0.0,65.0,D,SimuProB-1,EV_106
325.002,32.0,18.24,5210.0,0,3.66,1,47.13,4.18,104.2,105.2,185.0,EV_106,0.0,1120,0.0,DR402462_17,65.0,96909.11,DR402462,173.9,0.0,65.0,D,SimuProB-1,EV_106
324.436,38.0,18.24,5325.0,0,3.658,1,47.12,4.182,106.5,118.6,185.0,EV_106,0.0,1130,0.0,DR402462_17,65.0,96909.41,DR402462,173.9,0.0,65.0,D,SimuProB-1,EV_106
324.976,29.0,18.24,5090.0,0,3.662,1,47.09,4.18,101.8,98.4,185.0,EV_106,0.0,1140,0.0,DR402462_17,65.0,96909.69,DR402462,173.9,0.0,65.0,D,SimuProB-1,EV_106
323.747,42.0,18.24,5410.0,0,3.655,1,47.07,4.185,108.2,125.4,185.0,EV_106,0.0,1150,0.0,DR402462_17,64.95,96909.99,DR402462,173.9,0.0,65.0,D,SimuProB-1,EV_106
325.522,30.0,18.24,5175.0,0,3.66,1,47.05,4.182,103.5,88.6,185.0,EV_106,0.0,1160,0.0,DR402462_17,65.0,96910.28,DR402462,173.9,0.0,65.0,D,SimuProB-1,EV_106
324.672,33.0,18.24,5250.0,0,3.658,1,47.05,4.184,105.0,95.1,185.0,EV_106,0.0,1170,0.0,DR402462_17,65.0,96910.57,DR402462,173.9,0.0,65.0,D,SimuProB-1,EV_106
323.716,36.0,18.24,5360.0,0,3.656,1,47.03,4.183,107.2,112.4,185.0,EV_106,0.0,1180,0.0,DR402462_17,64.98,96910.87,DR402462,173.9,0.0,65.0,D,SimuProB-1,EV_106
321.764,65.0,18.24,5625.0,0,3.652,1,46.99,4.188,112.5,145.8,185.0,EV_106,0.0,1190,0.0,DR402462_17,65.0,96911.18,DR402462,173.9,0.0,65.0,D,SimuProB-1,EV_106
325.169,28.0,18.24,5240.0,0,3.661,1,46.94,4.185,104.8,82.5,185.0,EV_106,0.0,1200,0.0,DR402462_17,65.0,96911.47,DR402462,173.9,0.0,65.0,D,SimuProB-1,EV_106
324.762,35.0,18.24,5310.0,0,3.659,1,46.89,4.186,106.2,98.4,185.0,EV_106,0.0,1210,0.0,DR402462_17,65.0,96911.76,DR402462,173.9,0.0,65.0,D,SimuProB-1,EV_106
325.815,32.0,18.24,5425.0,0,3.662,1,46.86,4.188,108.5,85.2,185.0,EV_106,0.0,1220,0.0,DR402462_17,65.0,96912.07,DR402462,173.9,0.0,65.0,D,SimuProB-1,EV_106
322.943,55.0,18.24,5740.0,0,3.655,1,46.79,4.19,114.8,118.6,185.0,EV_106,0.0,1230,0.0,DR402462_17,65.0,96912.39,DR402462,173.9,0.0,65.0,D,SimuProB-1,EV_106
320.93,58.0,18.24,5760.0,0,3.651,1,46.72,4.192,115.2,125.4,185.0,EV_106,0.0,1240,0.0,DR402462_17,65.0,96912.71,DR402462,173.9,0.0,65.0,D,SimuProB-1,EV_106
324.622,30.0,18.24,5370.0,0,3.658,1,46.65,4.189,107.4,92.1,185.0,EV_106,0.0,1250,0.0,DR402462_17,65.0,96913.01,DR402462,173.9,0.0,65.0,D,SimuProB-1,EV_106
327.093,25.0,18.24,5075.0,0,3.663,1,46.63,4.187,101.5,78.5,185.0,EV_106,0.0,1260,0.0,DR402462_17,65.0,96913.29,DR402462,173.9,0.0,65.0,D,SimuProB-1,EV_106
322.935,38.0,18.24,5260.0,0,3.66,1,46.55,4.186,105.2,105.3,185.0,EV_106,0.0,1270,0.0,DR402462_17,65.0,96913.58,DR402462,173.9,0.0,65.0,D,SimuProB-1,EV_106
326.061,22.0,18.24,4930.0,0,3.664,1,46.51,4.188,98.6,72.8,185.0,EV_106,0.0,0,0.0,DR402462_18,65.0,96913.86,DR402462,173.9,0.0,65.0,D,SimuProB-1,EV_106
321.87,62.0,18.24,5620.0,0,3.656,1,46.43,4.191,112.4,135.6,185.0,EV_106,0.0,10,0.0,DR402462_18,65.0,96914.17,DR402462,173.9,0.0,65.0,D,SimuProB-1,EV_106
320.166,68.0,18.24,5690.0,0,3.655,1,46.37,4.192,113.8,142.3,185.0,EV_106,0.0,20,0.0,DR402462_18,65.0,96914.49,DR402462,173.9,0.0,65.0,D,SimuProB-1,EV_106
324.599,35.0,18.24,5425.0,0,3.66,1,46.34,4.19,108.5,95.7,185.0,EV_106,0.0,30,0.0,DR402462_18,65.0,96914.79,DR402462,173.9,0.0,65.0,D,SimuProB-1,EV_106
320.157,55.0,18.24,5510.0,0,3.657,1,46.31,4.193,110.2,118.4,185.0,EV_106,0.0,40,0.0,DR402462_18,65.0,96915.09,DR402462,173.9,0.0,65.0,D,SimuProB-1,EV_106
318.409,58.0,18.24,5565.0,0,3.654,1,46.26,4.194,111.5,125.3,185.0,EV_106,0.0,50,0.0,DR402462_18,65.0,96915.4,DR402462,173.9,0.0,65.0,D,SimuProB-1,EV_106
314.802,72.0,18.24,5760.0,0,3.651,1,46.19,4.195,115.2,148.7,185.0,EV_106,0.0,60,0.0,DR402462_18,65.0,96915.72,DR402462,173.9,0.0,65.0,D,SimuProB-1,EV_106
323.053,0.0,18.24,5115.0,0,3.658,1,46.19,4.192,102.3,-12.5,185.0,EV_106,0.04,70,15.0,DR402462_18,65.0,96916.0,DR402462,173.9,0.0,65.0,D,SimuProB-1,EV_106
321.74,42.0,18.24,5390.0,0,3.656,1,46.14,4.191,107.8,105.2,185.0,EV_106,0.0,80,0.0,DR402462_18,65.0,96916.3,DR402462,173.9,0.0,65.0,D,SimuProB-1,EV_106
324.513,0.0,18.24,4925.0,0,3.659,1,46.14,4.193,98.5,-15.8,185.0,EV_106,0.05,90,12.0,DR402462_18,65.0,96916.57,DR402462,173.9,0.0,65.0,D,SimuProB-1,EV_106
323.058,38.0,18.24,5280.0,0,3.657,1,46.1,4.192,105.6,88.4,185.0,EV_106,0.0,100,0.0,DR402462_18,65.0,96916.87,DR402462,173.9,0.0,65.0,D,SimuProB-1,EV_106
320.498,65.0,18.24,5625.0,0,3.653,1,46.06,4.193,112.5,135.6,185.0,EV_106,0.0,110,0.0,DR402462_18,65.0,96917.18,DR402462,173.9,0.0,65.0,D,SimuProB-1,EV_106
319.373,82.0,18.24,5920.0,0,3.65,1,46.03,4.195,118.4,155.2,185.0,EV_106,0.0,120,0.0,DR402462_18,65.0,96917.51,DR402462,173.9,0.0,65.0,D,SimuProB-1,EV_106
318.205,88.0,18.24,5990.0,0,3.648,1,45.99,4.196,119.8,162.4,185.0,EV_106,0.0,130,0.0,DR402462_18,65.0,96917.84,DR402462,173.9,0.0,65.0,D,SimuProB-1,EV_106
322.338,0.0,18.24,5510.0,0,3.651,1,45.98,4.194,110.2,-25.3,185.0,EV_106,0.04,140,15.0,DR402462_18,65.0,96918.15,DR402462,173.9,0.0,65.0,D,SimuProB-1,EV_106
328.693,55.0,18.24,5790.0,0,3.654,1,45.95,4.195,115.8,75.6,185.0,EV_106,0.0,150,0.0,DR402462_18,65.0,96918.47,DR402462,173.9,0.0,65.0,D,SimuProB-1,EV_106
331.298,68.0,18.24,5925.0,0,3.656,1,45.95,4.196,118.5,92.1,185.0,EV_106,0.0,160,0.0,DR402462_18,65.0,96918.8,DR402462,173.9,0.0,65.0,D,SimuProB-1,EV_106
329.347,75.0,18.24,5860.0,0,3.652,1,45.94,4.192,117.2,145.3,185.0,EV_106,0.0,170,0.0,DR402462_18,65.0,96919.13,DR402462,173.9,0.0,65.0,D,SimuProB-1,EV_106
327.691,85.0,18.24,5975.0,0,3.649,1,45.93,4.194,119.5,168.5,185.0,EV_106,0.0,180,0.0,DR402462_18,65.0,96919.46,DR402462,173.9,0.0,65.0,D,SimuProB-1,EV_106
324.561,78.0,18.24,5845.0,0,3.645,1,45.9,4.195,116.8,182.2,185.0,EV_106,0.0,190,0.0,DR402462_18,65.0,96919.78,DR402462,173.9,0.0,65.0,D,SimuProB-1,EV_106
326.009,72.0,18.24,5925.0,0,3.647,1,45.88,4.193,118.5,155.2,185.0,EV_106,0.0,200,0.0,DR402462_18,65.0,96920.11,DR402462,173.9,0.0,65.0,D,SimuProB-1,EV_106
328.283,65.0,18.24,5810.0,0,3.645,1,45.86,4.191,116.2,135.8,185.0,EV_106,0.0,210,0.0,DR402462_18,65.0,96920.43,DR402462,173.9,0.0,65.0,D,SimuProB-1,EV_106
330.437,50.0,18.24,5700.0,0,3.644,1,45.86,4.19,114.0,95.4,185.0,EV_106,0.0,220,0.0,DR402462_18,65.0,96920.75,DR402462,173.9,0.0,65.0,D,SimuProB-1,EV_106
329.856,68.0,18.24,5775.0,0,3.646,1,45.83,4.192,115.5,145.2,185.0,EV_106,0.0,230,0.0,DR402462_18,65.0,96921.07,DR402462,173.9,0.0,65.0,D,SimuProB-1,EV_106
331.376,55.0,18.24,5600.0,0,3.645,1,45.82,4.191,112.0,110.5,185.0,EV_106,0.0,240,0.0,DR402462_18,65.0,96921.38,DR402462,173.9,0.0,65.0,D,SimuProB-1,EV_106
334.122,45.0,18.24,5425.0,0,3.644,1,45.82,4.19,108.5,85.3,185.0,EV_106,0.0,250,0.0,DR402462_18,65.0,96921.68,DR402462,173.9,0.0,65.0,D,SimuProB-1,EV_106
333.108,42.0,18.24,5460.0,0,3.643,1,45.81,4.19,109.2,88.4,185.0,EV_106,0.0,260,0.0,DR402462_18,65.0,96921.98,DR402462,173.9,0.0,65.0,D,SimuProB-1,EV_106
332.305,52.0,18.24,5575.0,0,3.642,1,45.79,4.188,111.5,98.2,185.0,EV_106,0.0,270,0.0,DR402462_18,65.0,96922.29,DR402462,173.9,0.0,65.0,D,SimuProB-1,EV_106
331.231,62.0,18.24,5740.0,0,3.644,1,45.79,4.191,114.8,125.6,185.0,EV_106,0.0,280,0.0,DR402462_18,65.0,96922.61,DR402462,173.9,0.0,65.0,D,SimuProB-1,EV_106
330.48,68.0,18.24,5825.0,0,3.641,1,45.78,4.192,116.5,135.2,185.0,EV_106,0.0,290,0.0,DR402462_18,65.0,96922.93,DR402462,173.9,0.0,65.0,D,SimuProB-1,EV_106
329.794,75.0,18.24,5910.0,0,3.64,1,45.77,4.193,118.2,148.5,185.0,EV_106,0.0,300,0.0,DR402462_18,65.0,96923.26,DR402462,173.9,0.0,65.0,D,SimuProB-1,EV_106
332.689,45.0,18.24,5500.0,0,3.642,1,45.74,4.191,110.0,95.0,185.0,EV_106,0.0,310,0.0,DR402462_18,65.0,96923.57,DR402462,173.9,0.0,65.0,D,SimuProB-1,EV_106
331.436,58.0,18.24,5675.0,0,3.643,1,45.71,4.192,113.5,112.4,185.0,EV_106,0.0,320,0.0,DR402462_18,65.0,96923.89,DR402462,173.9,0.0,65.0,D,SimuProB-1,EV_106
330.69,54.0,18.24,5610.0,0,3.641,1,45.7,4.19,112.2,105.6,185.0,EV_106,0.0,330,0.0,DR402462_18,65.0,96924.2,DR402462,173.9,0.0,65.0,D,SimuProB-1,EV_106
331.278,65.0,18.24,5790.0,0,3.64,1,45.67,4.193,115.8,128.9,185.0,EV_106,0.0,340,0.0,DR402462_18,65.0,96924.52,DR402462,173.9,0.0,65.0,D,SimuProB-1,EV_106
330.746,60.0,18.24,5725.0,0,3.641,1,45.64,4.191,114.5,118.2,185.0,EV_106,0.0,350,0.0,DR402462_18,65.0,96924.84,DR402462,173.9,0.0,65.0,D,SimuProB-1,EV_106
331.369,52.0,18.24,5640.0,0,3.642,1,45.64,4.19,112.8,102.4,185.0,EV_106,0.0,360,0.0,DR402462_18,65.0,96925.15,DR402462,173.9,0.0,65.0,D,SimuProB-1,EV_106
329.894,68.0,18.24,5860.0,0,3.638,1,45.62,4.194,117.2,135.6,185.0,EV_106,0.0,370,0.0,DR402462_18,65.0,96925.48,DR402462,173.9,0.0,65.0,D,SimuProB-1,EV_106
329.947,55.0,18.24,5675.0,0,3.64,1,45.57,4.192,113.5,110.5,185.0,EV_106,0.0,380,0.0,DR402462_18,65.0,96925.8,DR402462,173.9,0.0,65.0,D,SimuProB-1,EV_106
329.483,72.0,18.24,5920.0,0,3.637,1,45.53,4.195,118.4,145.2,185.0,EV_106,0.0,390,0.0,DR402462_18,65.0,96926.12,DR402462,173.9,0.0,65.0,D,SimuProB-1,EV_106
331.736,0.0,18.24,5340.0,0,3.644,1,45.52,4.198,106.8,-25.4,185.0,EV_106,0.04,400,35.0,DR402462_18,65.0,96926.42,DR402462,173.9,0.0,65.0,D,SimuProB-1,EV_106
330.755,58.0,18.24,5560.0,0,3.641,1,45.5,4.193,111.2,128.5,185.0,EV_106,0.0,410,0.0,DR402462_18,65.0,96926.73,DR402462,173.9,0.0,65.0,D,SimuProB-1,EV_106
331.837,0.0,18.24,5225.0,0,3.643,1,45.48,4.196,104.5,-15.2,185.0,EV_106,0.05,420,12.0,DR402462_18,65.0,96927.02,DR402462,173.9,0.0,65.0,D,SimuProB-1,EV_106
331.075,54.0,18.24,5490.0,0,3.639,1,45.47,4.191,109.8,115.8,185.0,EV_106,0.0,430,0.0,DR402462_18,65.0,96927.32,DR402462,173.9,0.0,65.0,D,SimuProB-1,EV_106
331.299,62.0,18.24,5675.0,0,3.638,1,45.44,4.192,113.5,132.4,185.0,EV_106,0.0,440,0.0,DR402462_18,65.0,96927.64,DR402462,173.9,0.0,65.0,D,SimuProB-1,EV_106
329.841,75.0,18.24,5840.0,0,3.635,1,45.4,4.194,116.8,148.9,185.0,EV_106,0.0,450,0.0,DR402462_18,65.0,96927.96,DR402462,173.9,0.0,65.0,D,SimuProB-1,EV_106
332.419,0.0,18.24,5410.0,0,3.64,1,45.38,4.197,108.2,-18.6,185.0,EV_106,0.04,460,28.0,DR402462_18,65.0,96928.26,DR402462,173.9,0.0,65.0,D,SimuProB-1,EV_106
331.362,35.0,18.24,5575.0,0,3.641,1,45.34,4.195,111.5,95.3,185.0,EV_106,0.0,470,0.0,DR402462_18,65.0,96928.57,DR402462,173.9,0.0,65.0,D,SimuProB-1,EV_106
331.268,48.0,18.24,5710.0,0,3.638,1,45.33,4.193,114.2,110.5,185.0,EV_106,0.0,480,0.0,DR402462_18,65.0,96928.89,DR402462,173.9,0.0,65.0,D,SimuProB-1,EV_106
329.143,70.0,18.24,5890.0,0,3.636,1,45.31,4.191,117.8,142.7,185.0,EV_106,0.0,490,0.0,DR402462_18,65.0,96929.21,DR402462,173.9,0.0,65.0,D,SimuProB-1,EV_106
327.441,78.0,18.24,5925.0,0,3.634,1,45.28,4.189,118.5,165.2,185.0,EV_106,0.0,500,0.0,DR402462_18,65.0,96929.54,DR402462,173.9,0.0,65.0,D,SimuProB-1,EV_106
330.015,0.0,18.24,5515.0,0,3.638,1,45.28,4.192,110.3,-22.4,185.0,EV_106,0.05,510,32.0,DR402462_18,65.0,96929.85,DR402462,173.9,0.0,65.0,D,SimuProB-1,EV_106
328.631,55.0,18.24,5695.0,0,3.633,1,45.25,4.187,113.9,125.6,185.0,EV_106,0.0,520,0.0,DR402462_18,65.0,96930.16,DR402462,173.9,0.0,65.0,D,SimuProB-1,EV_106
328.379,62.0,18.24,5780.0,0,3.635,1,45.22,4.188,115.6,138.4,185.0,EV_106,0.0,530,0.0,DR402462_18,65.0,96930.48,DR402462,173.9,0.0,65.0,D,SimuProB-1,EV_106
326.058,85.0,18.24,5960.0,0,3.632,1,45.18,4.186,119.2,155.9,185.0,EV_106,0.0,540,0.0,DR402462_18,65.0,96930.81,DR402462,173.9,0.0,65.0,D,SimuProB-1,EV_106
329.208,0.0,18.24,5620.0,0,3.636,1,45.17,4.189,112.4,-18.6,185.0,EV_106,0.04,550,28.0,DR402462_18,65.0,96931.12,DR402462,173.9,0.0,65.0,D,SimuProB-1,EV_106
332.696,35.0,18.24,5425.0,0,3.63,1,45.13,4.185,108.5,85.2,185.0,EV_106,0.0,560,0.0,DR402462_18,65.0,96931.42,DR402462,173.9,0.0,65.0,D,SimuProB-1,EV_106
335.789,22.0,18.24,5140.0,0,3.634,1,45.13,4.19,102.8,45.8,185.0,EV_106,0.0,570,0.0,DR402462_18,65.0,96931.71,DR402462,173.9,0.0,65.0,D,SimuProB-1,EV_106
338.145,18.0,18.24,4910.0,0,3.637,1,45.11,4.193,98.2,28.5,185.0,EV_106,0.0,580,0.0,DR402462_18,65.0,96931.98,DR402462,173.9,0.0,65.0,D,SimuProB-1,EV_106
338.911,20.0,18.24,4975.0,0,3.638,1,45.09,4.194,99.5,32.1,185.0,EV_106,0.0,590,0.0,DR402462_18,65.0,96932.26,DR402462,173.9,0.0,65.0,D,SimuProB-1,EV_106
337.397,45.0,18.24,5260.0,0,3.639,1,45.06,4.195,105.2,68.4,185.0,EV_106,0.0,600,0.0,DR402462_18,65.0,96932.55,DR402462,173.9,0.0,65.0,D,SimuProB-1,EV_106
339.561,25.0,18.24,5040.0,0,3.64,1,45.06,4.196,100.8,42.5,185.0,EV_106,0.0,610,0.0,DR402462_18,65.0,96932.83,DR402462,173.9,0.0,65.0,D,SimuProB-1,EV_106
338.089,23.0,18.24,5075.0,0,3.641,1,45.04,4.196,101.5,38.5,185.0,EV_106,0.0,620,0.0,DR402462_18,65.0,96933.11,DR402462,173.9,0.0,65.0,D,SimuProB-1,EV_106
337.386,55.0,18.24,5340.0,0,3.642,1,45.03,4.197,106.8,72.3,185.0,EV_106,0.0,630,0.0,DR402462_18,65.0,96933.41,DR402462,173.9,0.0,65.0,D,SimuProB-1,EV_106
339.592,24.0,18.24,5105.0,0,3.643,1,45.02,4.198,102.1,41.2,185.0,EV_106,0.0,640,0.0,DR402462_18,65.0,96933.69,DR402462,173.9,0.0,65.0,D,SimuProB-1,EV_106
337.134,58.0,18.24,5420.0,0,3.642,1,45.01,4.198,108.4,78.5,185.0,EV_106,0.0,650,0.0,DR402462_18,65.0,96933.99,DR402462,173.9,0.0,65.0,D,SimuProB-1,EV_106
339.935,26.0,18.24,5160.0,0,3.644,1,45.0,4.199,103.2,44.8,185.0,EV_106,0.0,660,0.0,DR402462_18,65.0,96934.28,DR402462,173.9,0.0,65.0,D,SimuProB-1,EV_106
338.189,22.0,18.24,5075.0,0,3.645,1,44.98,4.199,101.5,39.2,185.0,EV_106,0.0,670,0.0,DR402462_18,65.0,96934.56,DR402462,173.9,0.0,65.0,D,SimuProB-1,EV_106
336.223,62.0,18.24,5510.0,0,3.641,1,44.95,4.199,110.2,82.6,185.0,EV_106,0.0,680,0.0,DR402462_18,65.0,96934.87,DR402462,173.9,0.0,65.0,D,SimuProB-1,EV_106
339.038,28.0,18.24,5225.0,0,3.644,1,44.94,4.2,104.5,45.3,185.0,EV_106,0.0,690,0.0,DR402462_18,65.0,96935.16,DR402462,173.9,0.0,65.0,D,SimuProB-1,EV_106
337.735,48.0,18.24,5390.0,0,3.642,1,44.94,4.198,107.8,68.9,185.0,EV_106,0.0,700,0.0,DR402462_18,65.0,96935.46,DR402462,173.9,0.0,65.0,D,SimuProB-1,EV_106
335.784,72.0,18.24,5625.0,0,3.64,1,44.92,4.199,112.5,95.4,185.0,EV_106,0.0,710,0.0,DR402462_18,65.0,96935.77,DR402462,173.9,0.0,65.0,D,SimuProB-1,EV_106
333.175,85.0,18.24,5840.0,0,3.638,1,44.89,4.198,116.8,112.8,185.0,EV_106,0.0,720,0.0,DR402462_18,65.0,96936.1,DR402462,173.9,0.0,65.0,D,SimuProB-1,EV_106
338.928,32.0,18.24,5410.0,0,3.643,1,44.89,4.199,108.2,52.1,185.0,EV_106,0.0,730,0.0,DR402462_18,65.0,96936.4,DR402462,173.9,0.0,65.0,D,SimuProB-1,EV_106
336.584,42.0,18.24,5475.0,0,3.641,1,44.88,4.198,109.5,78.5,185.0,EV_106,0.0,740,0.0,DR402462_18,65.0,96936.7,DR402462,173.9,0.0,65.0,D,SimuProB-1,EV_106
337.634,25.0,18.24,5300.0,0,3.643,1,44.85,4.199,106.0,48.2,185.0,EV_106,0.0,750,0.0,DR402462_18,65.0,96937.0,DR402462,173.9,0.0,65.0,D,SimuProB-1,EV_106
338.491,20.0,18.24,5175.0,0,3.644,1,44.85,4.2,103.5,42.1,185.0,EV_106,0.0,760,0.0,DR402462_18,65.0,96937.29,DR402462,173.9,0.0,65.0,D,SimuProB-1,EV_106
336.174,35.0,18.24,5360.0,0,3.64,1,44.82,4.198,107.2,65.4,185.0,EV_106,0.0,770,0.0,DR402462_18,65.0,96937.59,DR402462,173.9,0.0,65.0,D,SimuProB-1,EV_106
335.558,55.0,18.24,5625.0,0,3.639,1,44.82,4.199,112.5,88.6,185.0,EV_106,0.0,780,0.0,DR402462_18,65.0,96937.9,DR402462,173.9,0.0,65.0,D,SimuProB-1,EV_106
337.769,22.0,18.24,5240.0,0,3.642,1,44.81,4.199,104.8,45.2,185.0,EV_106,0.0,790,0.0,DR402462_18,65.0,96938.19,DR402462,173.9,0.0,65.0,D,SimuProB-1,EV_106
336.686,24.0,18.24,5260.0,0,3.641,1,44.8,4.2,105.2,52.8,185.0,EV_106,0.0,800,0.0,DR402462_18,65.0,96938.48,DR402462,173.9,0.0,65.0,D,SimuProB-1,EV_106
335.532,38.0,18.24,5430.0,0,3.639,1,44.78,4.199,108.6,68.5,185.0,EV_106,0.0,810,0.0,DR402462_18,65.0,96938.78,DR402462,173.9,0.0,65.0,D,SimuProB-1,EV_106
337.953,0.0,18.24,5125.0,0,3.643,1,44.78,4.2,102.5,-15.4,185.0,EV_106,0.04,820,12.0,DR402462_18,65.0,96939.07,DR402462,173.9,0.0,65.0,D,SimuProB-1,EV_106
335.138,35.0,18.24,5340.0,0,3.638,1,44.76,4.198,106.8,72.5,185.0,EV_106,0.0,830,0.0,DR402462_18,65.0,96939.37,DR402462,173.9,0.0,65.0,D,SimuProB-1,EV_106
335.207,48.0,18.24,5525.0,0,3.636,1,44.74,4.197,110.5,95.2,185.0,EV_106,0.0,840,0.0,DR402462_18,65.0,96939.67,DR402462,173.9,0.0,65.0,D,SimuProB-1,EV_106
335.654,0.0,18.24,5260.0,0,3.64,1,44.74,4.199,105.2,-22.5,185.0,EV_106,0.05,850,8.0,DR402462_18,65.0,96939.97,DR402462,173.9,0.0,65.0,D,SimuProB-1,EV_106
335.943,36.0,18.24,5370.0,0,3.634,1,44.73,4.196,107.4,55.2,185.0,EV_106,0.0,860,0.0,DR402462_18,65.0,96940.27,DR402462,173.9,0.0,65.0,D,SimuProB-1,EV_106
334.429,85.0,18.24,5910.0,0,3.63,1,44.7,4.194,118.2,145.8,185.0,EV_106,0.0,870,0.0,DR402462_18,65.0,96940.6,DR402462,173.9,0.0,65.0,D,SimuProB-1,EV_106
335.896,0.0,18.24,5475.0,0,3.635,1,44.68,4.197,109.5,-35.4,185.0,EV_106,0.08,880,18.0,DR402462_18,65.0,96940.9,DR402462,173.9,0.0,65.0,D,SimuProB-1,EV_106
333.65,72.0,18.24,5840.0,0,3.628,1,44.65,4.192,116.8,132.5,185.0,EV_106,0.0,890,0.0,DR402462_18,65.0,96941.22,DR402462,173.9,0.0,65.0,D,SimuProB-1,EV_106
335.352,35.0,18.24,5420.0,0,3.632,1,44.64,4.195,108.4,88.3,185.0,EV_106,0.0,900,0.0,DR402462_18,65.0,96941.53,DR402462,173.9,0.0,65.0,D,SimuProB-1,EV_106
333.812,55.0,18.24,5625.0,0,3.629,1,44.61,4.193,112.5,105.6,185.0,EV_106,0.0,910,0.0,DR402462_18,65.0,96941.84,DR402462,173.9,0.0,65.0,D,SimuProB-1,EV_106
332.37,62.0,18.24,5710.0,0,3.625,1,44.57,4.191,114.2,125.4,185.0,EV_106,0.0,920,0.0,DR402462_18,65.0,96942.16,DR402462,173.9,0.0,65.0,D,SimuProB-1,EV_106
334.733,0.0,18.24,5340.0,0,3.631,1,44.56,4.196,106.8,-18.5,185.0,EV_106,0.06,930,12.0,DR402462_18,65.0,96942.45,DR402462,173.9,0.0,65.0,D,SimuProB-1,EV_106
332.099,88.0,18.24,5975.0,0,3.627,1,44.53,4.193,119.5,140.2,185.0,EV_106,0.0,940,0.0,DR402462_18,65.0,96942.79,DR402462,173.9,0.0,65.0,D,SimuProB-1,EV_106
331.252,85.0,18.24,5910.0,0,3.626,1,44.48,4.194,118.2,145.3,185.0,EV_106,0.0,950,0.0,DR402462_18,65.0,96943.12,DR402462,173.9,0.0,65.0,D,SimuProB-1,EV_106
330.719,60.0,18.24,5750.0,0,3.628,1,44.46,4.195,115.0,110.5,185.0,EV_106,0.0,960,0.0,DR402462_18,65.0,96943.44,DR402462,173.9,0.0,65.0,D,SimuProB-1,EV_106
332.939,45.0,18.24,5525.0,0,3.63,1,44.46,4.196,110.5,85.2,185.0,EV_106,0.0,970,0.0,DR402462_18,65.0,96943.74,DR402462,173.9,0.0,65.0,D,SimuProB-1,EV_106
332.745,55.0,18.24,5625.0,0,3.631,1,44.44,4.196,112.5,92.4,185.0,EV_106,0.0,980,0.0,DR402462_18,65.0,96944.05,DR402462,173.9,0.0,65.0,D,SimuProB-1,EV_106
331.416,75.0,18.24,5840.0,0,3.629,1,44.42,4.195,116.8,125.6,185.0,EV_106,0.0,990,0.0,DR402462_18,65.0,96944.38,DR402462,173.9,0.0,65.0,D,SimuProB-1,EV_106
332.62,40.0,18.24,5410.0,0,3.632,1,44.42,4.197,108.2,78.9,185.0,EV_106,0.0,1000,0.0,DR402462_18,65.0,96944.68,DR402462,173.9,0.0,65.0,D,SimuProB-1,EV_106
331.86,42.0,18.24,5475.0,0,3.63,1,44.39,4.196,109.5,88.5,185.0,EV_106,0.0,1010,0.0,DR402462_18,65.0,96944.98,DR402462,173.9,0.0,65.0,D,SimuProB-1,EV_106
330.409,85.0,18.24,5925.0,0,3.628,1,44.39,4.197,118.5,135.2,185.0,EV_106,0.0,1020,0.0,DR402462_18,65.0,96945.31,DR402462,173.9,0.0,65.0,D,SimuProB-1,EV_106
331.65,38.0,18.24,5550.0,0,3.633,1,44.38,4.198,111.0,75.4,185.0,EV_106,0.0,1030,0.0,DR402462_18,65.0,96945.62,DR402462,173.9,0.0,65.0,D,SimuProB-1,EV_106
332.216,45.0,18.24,5625.0,0,3.631,1,44.36,4.197,112.5,95.2,185.0,EV_106,0.0,1040,0.0,DR402462_18,65.0,96945.93,DR402462,173.9,0.0,65.0,D,SimuProB-1,EV_106
333.288,35.0,18.24,5400.0,0,3.634,1,44.35,4.196,108.0,68.4,185.0,EV_106,0.0,1050,0.0,DR402462_18,65.0,96946.23,DR402462,173.9,0.0,65.0,D,SimuProB-1,EV_106
335.15,30.0,18.24,5250.0,0,3.636,1,44.34,4.195,105.0,55.1,185.0,EV_106,0.0,1060,0.0,DR402462_18,65.0,96946.52,DR402462,173.9,0.0,65.0,D,SimuProB-1,EV_106
334.432,32.0,18.24,5310.0,0,3.638,1,44.33,4.194,106.2,62.3,185.0,EV_106,0.0,1070,0.0,DR402462_18,65.0,96946.82,DR402462,173.9,0.0,65.0,D,SimuProB-1,EV_106
336.495,28.0,18.24,5225.0,0,3.64,1,44.31,4.193,104.5,58.7,185.0,EV_106,0.0,1080,0.0,DR402462_18,65.0,96947.11,DR402462,173.9,0.0,65.0,D,SimuProB-1,EV_106
338.082,25.0,18.24,5190.0,0,3.642,1,44.31,4.192,103.8,52.1,185.0,EV_106,0.0,1090,0.0,DR402462_18,65.0,96947.39,DR402462,173.9,0.0,65.0,D,SimuProB-1,EV_106
336.346,29.0,18.24,5260.0,0,3.641,1,44.28,4.191,105.2,64.2,185.0,EV_106,0.0,1100,0.0,DR402462_18,65.0,96947.68,DR402462,173.9,0.0,65.0,D,SimuProB-1,EV_106
335.204,38.0,18.24,5425.0,0,3.639,1,44.28,4.19,108.5,72.5,185.0,EV_106,0.0,1110,0.0,DR402462_18,65.0,96947.98,DR402462,173.9,0.0,65.0,D,SimuProB-1,EV_106
336.786,26.0,18.24,5240.0,0,3.643,1,44.27,4.189,104.8,56.8,185.0,EV_106,0.0,1120,0.0,DR402462_18,65.0,96948.27,DR402462,173.9,0.0,65.0,D,SimuProB-1,EV_106
335.801,32.0,18.24,5310.0,0,3.642,1,44.22,4.188,106.2,68.5,185.0,EV_106,0.0,1130,0.0,DR402462_18,65.0,96948.57,DR402462,173.9,0.0,65.0,D,SimuProB-1,EV_106
334.206,55.0,18.24,5625.0,0,3.638,1,44.21,4.187,112.5,85.3,185.0,EV_106,0.0,1140,0.0,DR402462_18,65.0,96948.88,DR402462,173.9,0.0,65.0,D,SimuProB-1,EV_106
334.844,40.0,18.24,5445.0,0,3.641,1,44.17,4.186,108.9,74.8,185.0,EV_106,0.0,1150,0.0,DR402462_18,65.0,96949.18,DR402462,173.9,0.0,65.0,D,SimuProB-1,EV_106
334.347,45.0,18.24,5510.0,0,3.637,1,44.16,4.185,110.2,82.4,185.0,EV_106,0.0,1160,0.0,DR402462_18,65.0,96949.49,DR402462,173.9,0.0,65.0,D,SimuProB-1,EV_106
334.1,62.0,18.24,5725.0,0,3.635,1,44.12,4.184,114.5,95.6,185.0,EV_106,0.0,1170,0.0,DR402462_18,65.0,96949.8,DR402462,173.9,0.0,65.0,D,SimuProB-1,EV_106
333.29,35.0,18.24,5490.0,0,3.636,1,44.11,4.183,109.8,78.2,185.0,EV_106,0.0,1180,0.0,DR402462_18,65.0,96950.11,DR402462,173.9,0.0,65.0,D,SimuProB-1,EV_106
332.358,58.0,18.24,5660.0,0,3.634,1,44.1,4.182,113.2,88.5,185.0,EV_106,0.0,1190,0.0,DR402462_18,65.0,96950.42,DR402462,173.9,0.0,65.0,D,SimuProB-1,EV_106
333.602,38.0,18.24,5425.0,0,3.635,1,44.07,4.181,108.5,72.1,185.0,EV_106,0.0,1200,0.0,DR402462_18,65.0,96950.73,DR402462,173.9,0.0,65.0,D,SimuProB-1,EV_106
333.243,48.0,18.24,5590.0,0,3.633,1,44.07,4.18,111.8,81.9,185.0,EV_106,0.0,1210,0.0,DR402462_18,65.0,96951.04,DR402462,173.9,0.0,65.0,D,SimuProB-1,EV_106
332.618,65.0,18.24,5770.0,0,3.631,1,44.02,4.178,115.2,92.4,185.0,EV_106,0.0,1220,0.0,DR402462_18,65.0,96951.36,DR402462,173.9,0.0,65.0,D,SimuProB-1,EV_106
331.589,78.0,18.24,5935.0,0,3.628,1,44.01,4.175,118.5,105.2,185.0,EV_106,0.0,1230,0.0,DR402462_18,65.0,96951.69,DR402462,173.9,0.0,65.0,D,SimuProB-1,EV_106
330.824,88.0,18.24,6000.0,0,3.625,1,43.97,4.172,120.8,118.7,185.0,EV_106,0.0,1240,0.0,DR402462_18,65.0,96952.02,DR402462,173.9,0.0,65.0,D,SimuProB-1,EV_106
328.333,92.0,18.24,6000.0,0,3.62,1,43.88,4.168,124.5,145.2,185.0,EV_106,0.0,1250,0.0,DR402462_18,65.0,96952.37,DR402462,173.9,0.0,65.0,D,SimuProB-1,EV_106
327.287,95.0,18.24,6000.0,0,3.615,1,43.77,4.165,128.2,168.5,185.0,EV_106,0.0,1260,0.0,DR402462_18,65.0,96952.72,DR402462,173.9,0.0,65.0,D,SimuProB-1,EV_106
329.44,0.0,18.24,5750.0,0,3.618,1,43.71,4.17,115.0,-45.3,185.0,EV_106,0.05,1270,45.0,DR402462_18,65.0,96953.04,DR402462,173.9,0.0,65.0,D,SimuProB-1,EV_106
330.584,65.0,18.24,5620.0,0,3.619,1,43.66,4.169,112.4,112.4,185.0,EV_106,0.0,0,0.0,DR402462_19,44.2,96953.35,DR402462,173.9,0.0,46.8,D,SimuProB-1,EV_106
330.01,72.0,18.24,5825.0,0,3.621,1,43.6,4.171,116.5,118.9,185.0,EV_106,0.0,10,0.0,DR402462_19,44.5,96953.68,DR402462,173.9,0.0,47.1,D,SimuProB-1,EV_106
328.971,85.0,18.24,6000.0,0,3.617,1,43.54,4.167,121.2,125.6,185.0,EV_106,0.0,20,0.0,DR402462_19,44.8,96954.01,DR402462,173.9,0.0,47.4,D,SimuProB-1,EV_106
327.265,88.0,18.24,6000.0,0,3.618,1,43.47,4.168,125.5,145.2,185.0,EV_106,0.0,30,0.0,DR402462_19,45.1,96954.36,DR402462,173.9,0.0,47.8,D,SimuProB-1,EV_106
326.296,92.0,18.24,6000.0,0,3.615,1,43.38,4.165,129.8,162.8,185.0,EV_106,0.0,40,0.0,DR402462_19,45.5,96954.72,DR402462,173.9,0.0,48.3,D,SimuProB-1,EV_106
325.229,85.0,18.24,6000.0,0,3.612,1,43.3,4.162,126.2,155.4,185.0,EV_106,0.0,50,0.0,DR402462_19,45.9,96955.07,DR402462,173.9,0.0,48.8,D,SimuProB-1,EV_106
324.015,78.0,18.24,5950.0,0,3.609,1,43.22,4.159,122.5,148.2,185.0,EV_106,0.0,60,0.0,DR402462_19,46.3,96955.41,DR402462,173.9,0.0,49.2,D,SimuProB-1,EV_106
323.215,72.0,18.24,5900.0,0,3.606,1,43.14,4.156,119.0,142.5,185.0,EV_106,0.0,70,0.0,DR402462_19,46.7,96955.74,DR402462,173.9,0.0,49.6,D,SimuProB-1,EV_106
322.266,65.0,18.24,5850.0,0,3.603,1,43.06,4.153,115.8,135.8,185.0,EV_106,0.0,80,0.0,DR402462_19,47.1,96956.06,DR402462,173.9,0.0,50.0,D,SimuProB-1,EV_106
320.961,58.0,18.24,5800.0,0,3.6,1,42.98,4.15,112.4,130.5,185.0,EV_106,0.0,90,0.0,DR402462_19,47.3,96956.37,DR402462,173.9,0.0,50.2,D,SimuProB-1,EV_106
321.332,52.0,18.24,5750.0,0,3.598,1,42.89,4.148,109.5,125.2,185.0,EV_106,0.0,100,0.0,DR402462_19,47.5,96956.68,DR402462,173.9,0.0,50.4,D,SimuProB-1,EV_106
319.747,48.0,18.24,5680.0,0,3.595,1,42.81,4.145,106.2,118.8,185.0,EV_106,0.0,110,0.0,DR402462_19,47.7,96956.97,DR402462,173.9,0.0,50.6,D,SimuProB-1,EV_106
318.851,42.0,18.24,5550.0,0,3.593,1,42.72,4.143,103.5,115.4,185.0,EV_106,0.0,120,0.0,DR402462_19,47.9,96957.26,DR402462,173.9,0.0,50.8,D,SimuProB-1,EV_106
318.761,38.0,18.24,5450.0,0,3.591,1,42.61,4.141,101.2,112.1,185.0,EV_106,0.0,130,0.0,DR402462_19,48.1,96957.54,DR402462,173.9,0.0,51.0,D,SimuProB-1,EV_106
318.393,35.0,18.24,5300.0,0,3.589,1,42.54,4.139,98.8,108.7,185.0,EV_106,0.0,140,0.0,DR402462_19,48.3,96957.81,DR402462,173.9,0.0,51.2,D,SimuProB-1,EV_106
317.672,32.0,18.24,5180.0,0,3.587,1,42.45,4.137,96.5,105.4,185.0,EV_106,0.0,150,0.0,DR402462_19,48.4,96958.08,DR402462,173.9,0.0,51.3,D,SimuProB-1,EV_106
317.594,28.0,18.24,5050.0,0,3.585,1,42.37,4.135,94.2,102.8,185.0,EV_106,0.0,160,0.0,DR402462_19,48.5,96958.34,DR402462,173.9,0.0,51.4,D,SimuProB-1,EV_106
317.888,0.0,18.24,4980.0,0,3.586,1,42.32,4.136,92.8,-15.2,185.0,EV_106,0.04,170,8.0,DR402462_19,48.5,96958.6,DR402462,173.9,0.0,51.4,D,SimuProB-1,EV_106
317.172,25.0,18.24,5020.0,0,3.584,1,42.28,4.134,93.5,98.5,185.0,EV_106,0.0,180,0.0,DR402462_19,48.6,96958.86,DR402462,173.9,0.0,51.5,D,SimuProB-1,EV_106
317.245,30.0,18.24,5100.0,0,3.582,1,42.26,4.132,95.1,105.2,185.0,EV_106,0.0,190,0.0,DR402462_19,48.7,96959.12,DR402462,173.9,0.0,51.6,D,SimuProB-1,EV_106
317.225,36.0,18.24,5230.0,0,3.58,1,42.23,4.13,97.4,115.8,185.0,EV_106,0.0,200,0.0,DR402462_19,48.8,96959.39,DR402462,173.9,0.0,51.7,D,SimuProB-1,EV_106
316.9,38.0,18.24,5290.0,0,3.578,1,42.19,4.128,98.5,122.4,185.0,EV_106,0.0,210,0.0,DR402462_19,48.9,96959.66,DR402462,173.9,0.0,51.8,D,SimuProB-1,EV_106
315.835,45.0,18.24,5430.0,0,3.575,1,42.17,4.125,101.2,135.6,185.0,EV_106,0.0,220,0.0,DR402462_19,49.1,96959.94,DR402462,173.9,0.0,52.0,D,SimuProB-1,EV_106
315.976,0.0,18.24,5300.0,0,3.576,1,42.14,4.126,98.8,-18.5,185.0,EV_106,0.05,230,5.0,DR402462_19,49.1,96960.22,DR402462,173.9,0.0,52.0,D,SimuProB-1,EV_106
315.896,52.0,18.24,5550.0,0,3.572,1,42.1,4.122,103.5,142.5,185.0,EV_106,0.0,240,0.0,DR402462_19,49.3,96960.51,DR402462,173.9,0.0,52.3,D,SimuProB-1,EV_106
315.821,42.0,18.24,5410.0,0,3.574,1,42.07,4.124,100.8,128.3,185.0,EV_106,0.0,250,0.0,DR402462_19,49.5,96960.79,DR402462,173.9,0.0,52.5,D,SimuProB-1,EV_106
315.227,65.0,18.24,5700.0,0,3.57,1,42.05,4.12,106.2,155.2,185.0,EV_106,0.0,260,0.0,DR402462_19,49.7,96961.08,DR402462,173.9,0.0,52.8,D,SimuProB-1,EV_106
314.63,55.0,18.24,5660.0,0,3.568,1,42.01,4.118,105.5,148.5,185.0,EV_106,0.0,270,0.0,DR402462_19,49.8,96961.37,DR402462,173.9,0.0,53.0,D,SimuProB-1,EV_106
315.18,0.0,18.24,5480.0,0,3.57,1,41.98,4.12,102.1,-25.4,185.0,EV_106,0.04,280,8.0,DR402462_19,49.9,96961.66,DR402462,173.9,0.0,53.1,D,SimuProB-1,EV_106
314.482,70.0,18.24,5890.0,0,3.565,1,41.96,4.115,109.8,162.3,185.0,EV_106,0.0,290,0.0,DR402462_19,50.1,96961.96,DR402462,173.9,0.0,53.4,D,SimuProB-1,EV_106
313.557,75.0,18.24,6040.0,0,3.562,1,41.92,4.112,112.5,175.4,185.0,EV_106,0.0,300,0.0,DR402462_19,50.2,96962.27,DR402462,173.9,0.0,53.6,D,SimuProB-1,EV_106
314.829,45.0,18.24,5820.0,0,3.566,1,41.88,4.116,108.3,140.2,185.0,EV_106,0.0,310,0.0,DR402462_19,50.4,96962.57,DR402462,173.9,0.0,53.8,D,SimuProB-1,EV_106
315.506,0.0,18.24,5570.0,0,3.568,1,41.86,4.118,103.6,-18.5,185.0,EV_106,0.05,320,12.0,DR402462_19,50.5,96962.86,DR402462,173.9,0.0,53.9,D,SimuProB-1,EV_106
316.357,35.0,18.24,5680.0,0,3.57,1,41.85,4.12,105.4,55.3,185.0,EV_106,0.0,330,0.0,DR402462_19,50.6,96963.15,DR402462,173.9,0.0,54.0,D,SimuProB-1,EV_106
316.069,55.0,18.24,5860.0,0,3.568,1,41.82,4.118,108.9,68.7,185.0,EV_106,0.0,340,0.0,DR402462_19,50.8,96963.46,DR402462,173.9,0.0,54.2,D,SimuProB-1,EV_106
316.834,25.0,18.24,5610.0,0,3.572,1,41.8,4.122,104.2,42.1,185.0,EV_106,0.0,350,0.0,DR402462_19,50.9,96963.74,DR402462,173.9,0.0,54.3,D,SimuProB-1,EV_106
316.948,60.0,18.24,5930.0,0,3.574,1,41.76,4.124,110.2,75.4,185.0,EV_106,0.0,360,0.0,DR402462_19,51.0,96964.05,DR402462,173.9,0.0,54.5,D,SimuProB-1,EV_106
316.162,85.0,18.24,6050.0,0,3.576,1,41.73,4.126,112.8,125.6,185.0,EV_106,0.0,370,0.0,DR402462_19,51.2,96964.36,DR402462,173.9,0.0,54.7,D,SimuProB-1,EV_106
317.681,30.0,18.24,5880.0,0,3.578,1,41.71,4.128,109.5,50.2,185.0,EV_106,0.0,380,0.0,DR402462_19,51.3,96964.66,DR402462,173.9,0.0,54.8,D,SimuProB-1,EV_106
316.457,70.0,18.24,6090.0,0,3.579,1,41.68,4.129,113.5,88.4,185.0,EV_106,0.0,390,0.0,DR402462_19,51.4,96964.98,DR402462,173.9,0.0,55.0,D,SimuProB-1,EV_106
317.115,35.0,18.24,5950.0,0,3.58,1,41.67,4.13,110.8,55.8,185.0,EV_106,0.0,400,0.0,DR402462_19,51.5,96965.28,DR402462,173.9,0.0,55.2,D,SimuProB-1,EV_106
316.553,40.0,18.24,5980.0,0,3.581,1,41.64,4.131,111.4,62.3,185.0,EV_106,0.0,410,0.0,DR402462_19,51.6,96965.59,DR402462,173.9,0.0,55.4,D,SimuProB-1,EV_106
317.314,32.0,18.24,5920.0,0,3.582,1,41.63,4.132,110.2,58.5,185.0,EV_106,0.0,420,0.0,DR402462_19,51.7,96965.9,DR402462,173.9,0.0,55.5,D,SimuProB-1,EV_106
317.098,25.0,18.24,5830.0,0,3.583,1,41.62,4.133,108.5,45.2,185.0,EV_106,0.0,430,0.0,DR402462_19,51.8,96966.2,DR402462,173.9,0.0,55.6,D,SimuProB-1,EV_106
315.911,75.0,18.24,6110.0,0,3.585,1,41.6,4.135,113.8,95.4,185.0,EV_106,0.0,440,0.0,DR402462_19,51.9,96966.51,DR402462,173.9,0.0,55.8,D,SimuProB-1,EV_106
315.192,85.0,18.24,6250.0,0,3.586,1,41.57,4.136,116.5,145.2,185.0,EV_106,0.0,450,0.0,DR402462_19,52.2,96966.83,DR402462,173.9,0.0,56.1,D,SimuProB-1,EV_106
316.688,45.0,18.24,6050.0,0,3.587,1,41.57,4.137,112.8,102.4,185.0,EV_106,0.0,460,0.0,DR402462_19,52.4,96967.15,DR402462,173.9,0.0,56.3,D,SimuProB-1,EV_106
315.179,78.0,18.24,6340.0,0,3.588,1,41.57,4.138,118.2,125.8,185.0,EV_106,0.0,470,0.0,DR402462_19,52.6,96967.48,DR402462,173.9,0.0,56.5,D,SimuProB-1,EV_106
315.597,55.0,18.24,6130.0,0,3.588,1,41.54,4.138,114.2,118.5,185.0,EV_106,0.0,480,0.0,DR402462_19,52.7,96967.8,DR402462,173.9,0.0,56.6,D,SimuProB-1,EV_106
317.483,35.0,18.24,5670.0,0,3.589,1,41.54,4.139,105.6,82.3,185.0,EV_106,0.0,490,0.0,DR402462_19,52.8,96968.09,DR402462,173.9,0.0,56.7,D,SimuProB-1,EV_106
316.205,50.0,18.24,5920.0,0,3.59,1,41.54,4.14,110.4,98.7,185.0,EV_106,0.0,500,0.0,DR402462_19,52.9,96968.4,DR402462,173.9,0.0,56.8,D,SimuProB-1,EV_106
315.516,65.0,18.24,6250.0,0,3.585,1,41.5,4.141,116.5,115.2,185.0,EV_106,0.0,510,0.0,DR402462_19,53.1,96968.72,DR402462,173.9,0.0,57.0,D,SimuProB-1,EV_106
314.396,92.0,18.24,6540.0,0,3.582,1,41.46,4.142,121.8,145.6,185.0,EV_106,0.0,520,0.0,DR402462_19,53.4,96969.06,DR402462,173.9,0.0,57.3,D,SimuProB-1,EV_106
316.425,40.0,18.24,6080.0,0,3.591,1,41.44,4.143,113.4,88.4,185.0,EV_106,0.0,530,0.0,DR402462_19,53.6,96969.38,DR402462,173.9,0.0,57.5,D,SimuProB-1,EV_106
315.222,55.0,18.24,6340.0,0,3.593,1,41.43,4.144,118.2,105.5,185.0,EV_106,0.0,540,0.0,DR402462_19,53.8,96969.71,DR402462,173.9,0.0,57.7,D,SimuProB-1,EV_106
313.699,85.0,18.24,6470.0,0,3.588,1,41.39,4.145,120.5,142.3,185.0,EV_106,0.0,550,0.0,DR402462_19,54.0,96970.04,DR402462,173.9,0.0,57.9,D,SimuProB-1,EV_106
314.513,45.0,18.24,6160.0,0,3.595,1,41.39,4.146,114.8,95.8,185.0,EV_106,0.0,560,0.0,DR402462_19,54.2,96970.36,DR402462,173.9,0.0,58.1,D,SimuProB-1,EV_106
316.434,35.0,18.24,5820.0,0,3.602,1,41.38,4.147,108.5,78.5,185.0,EV_106,0.0,570,0.0,DR402462_19,54.4,96970.66,DR402462,173.9,0.0,58.3,D,SimuProB-1,EV_106
318.59,25.0,18.24,5480.0,0,3.605,1,41.36,4.148,102.3,55.2,185.0,EV_106,0.0,580,0.0,DR402462_19,54.5,96970.95,DR402462,173.9,0.0,58.4,D,SimuProB-1,EV_106
315.338,65.0,18.24,6250.0,0,3.598,1,41.36,4.15,116.7,110.8,185.0,EV_106,0.0,590,0.0,DR402462_19,54.7,96971.27,DR402462,173.9,0.0,58.6,D,SimuProB-1,EV_106
316.751,28.0,18.24,5650.0,0,3.601,1,41.35,4.149,105.2,68.4,185.0,EV_106,0.0,600,0.0,DR402462_19,54.8,96971.56,DR402462,173.9,0.0,58.7,D,SimuProB-1,EV_106
315.264,55.0,18.24,6050.0,0,3.592,1,41.32,4.152,112.5,125.6,185.0,EV_106,0.0,610,0.0,DR402462_19,55.0,96971.87,DR402462,173.9,0.0,58.9,D,SimuProB-1,EV_106
316.119,38.0,18.24,5800.0,0,3.599,1,41.32,4.151,108.0,82.3,185.0,EV_106,0.0,620,0.0,DR402462_19,55.1,96972.17,DR402462,173.9,0.0,59.0,D,SimuProB-1,EV_106
314.7,60.0,18.24,6150.0,0,3.59,1,41.3,4.153,114.8,135.4,185.0,EV_106,0.0,630,0.0,DR402462_19,55.3,96972.49,DR402462,173.9,0.0,59.2,D,SimuProB-1,EV_106
316.755,22.0,18.24,5550.0,0,3.602,1,41.28,4.15,103.5,75.6,185.0,EV_106,0.0,640,0.0,DR402462_19,55.4,96972.78,DR402462,173.9,0.0,59.3,D,SimuProB-1,EV_106
316.116,42.0,18.24,5850.0,0,3.597,1,41.25,4.151,109.2,92.1,185.0,EV_106,0.0,650,0.0,DR402462_19,55.6,96973.08,DR402462,173.9,0.0,59.5,D,SimuProB-1,EV_106
315.628,40.0,18.24,5800.0,0,3.595,1,41.23,4.152,108.0,110.5,185.0,EV_106,0.0,660,0.0,DR402462_19,55.7,96973.38,DR402462,173.9,0.0,59.6,D,SimuProB-1,EV_106
313.679,65.0,18.24,6200.0,0,3.592,1,41.21,4.154,115.5,145.2,185.0,EV_106,0.0,670,0.0,DR402462_19,55.9,96973.7,DR402462,173.9,0.0,59.8,D,SimuProB-1,EV_106
316.092,25.0,18.24,5650.0,0,3.6,1,41.19,4.151,105.0,85.4,185.0,EV_106,0.0,680,0.0,DR402462_19,56.1,96973.99,DR402462,173.9,0.0,60.0,D,SimuProB-1,EV_106
315.577,28.0,18.24,5750.0,0,3.598,1,41.18,4.15,106.8,78.5,185.0,EV_106,0.0,690,0.0,DR402462_19,56.2,96974.29,DR402462,173.9,0.0,60.1,D,SimuProB-1,EV_106
315.332,32.0,18.24,5840.0,0,3.597,1,41.18,4.151,108.5,82.3,185.0,EV_106,0.0,700,0.0,DR402462_19,56.3,96974.59,DR402462,173.9,0.0,60.2,D,SimuProB-1,EV_106
314.438,38.0,18.24,5980.0,0,3.595,1,41.17,4.152,111.2,88.1,185.0,EV_106,0.0,710,0.0,DR402462_19,56.5,96974.9,DR402462,173.9,0.0,60.4,D,SimuProB-1,EV_106
313.98,42.0,18.24,6100.0,0,3.593,1,41.14,4.153,113.5,92.4,185.0,EV_106,0.0,720,0.0,DR402462_19,56.7,96975.22,DR402462,173.9,0.0,60.6,D,SimuProB-1,EV_106
312.774,55.0,18.24,6250.0,0,3.589,1,41.13,4.155,116.2,135.8,185.0,EV_106,0.0,730,0.0,DR402462_19,57.0,96975.54,DR402462,173.9,0.0,60.9,D,SimuProB-1,EV_106
313.72,22.0,18.24,6170.0,0,3.594,1,41.12,4.152,114.8,75.6,185.0,EV_106,0.0,740,0.0,DR402462_19,57.2,96975.86,DR402462,173.9,0.0,61.1,D,SimuProB-1,EV_106
312.909,48.0,18.24,6310.0,0,3.588,1,41.11,4.154,117.5,128.5,185.0,EV_106,0.0,750,0.0,DR402462_19,57.4,96976.19,DR402462,173.9,0.0,61.3,D,SimuProB-1,EV_106
312.081,52.0,18.24,6390.0,0,3.585,1,41.1,4.156,119.0,142.2,185.0,EV_106,0.0,760,0.0,DR402462_19,57.6,96976.52,DR402462,173.9,0.0,61.5,D,SimuProB-1,EV_106
314.101,0.0,18.24,6020.0,0,3.59,1,41.08,4.158,112.0,-15.5,185.0,EV_106,0.05,770,12.0,DR402462_19,57.7,96976.83,DR402462,173.9,0.0,61.6,D,SimuProB-1,EV_106
314.767,0.0,18.24,5830.0,0,3.591,1,41.06,4.159,108.5,-8.5,185.0,EV_106,0.04,780,8.0,DR402462_19,57.8,96977.13,DR402462,173.9,0.0,61.7,D,SimuProB-1,EV_106
311.214,58.0,18.24,6350.0,0,3.584,1,41.05,4.157,118.2,138.2,185.0,EV_106,0.0,790,0.0,DR402462_19,58.0,96977.46,DR402462,173.9,0.0,61.9,D,SimuProB-1,EV_106
312.999,25.0,18.24,6060.0,0,3.59,1,41.04,4.153,112.8,78.4,185.0,EV_106,0.0,800,0.0,DR402462_19,58.2,96977.77,DR402462,173.9,0.0,62.1,D,SimuProB-1,EV_106
313.937,28.0,18.24,6090.0,0,3.592,1,41.02,4.155,113.5,85.6,185.0,EV_106,0.0,810,0.0,DR402462_19,58.4,96978.09,DR402462,173.9,0.0,62.3,D,SimuProB-1,EV_106
311.475,55.0,18.24,6270.0,0,3.586,1,40.99,4.157,116.8,145.3,185.0,EV_106,0.0,820,0.0,DR402462_19,58.6,96978.41,DR402462,173.9,0.0,62.5,D,SimuProB-1,EV_106
313.714,0.0,18.24,5860.0,0,3.593,1,40.98,4.159,109.2,-12.4,185.0,EV_106,0.06,830,15.0,DR402462_19,58.7,96978.71,DR402462,173.9,0.0,62.6,D,SimuProB-1,EV_106
314.885,22.0,18.24,5940.0,0,3.595,1,40.95,4.161,110.5,45.2,185.0,EV_106,0.0,840,0.0,DR402462_19,58.9,96979.02,DR402462,173.9,0.0,62.8,D,SimuProB-1,EV_106
312.467,52.0,18.24,6190.0,0,3.588,1,40.95,4.163,115.2,125.6,185.0,EV_106,0.0,850,0.0,DR402462_19,59.1,96979.34,DR402462,173.9,0.0,63.0,D,SimuProB-1,EV_106
313.003,28.0,18.24,6020.0,0,3.591,1,40.93,4.16,112.0,68.9,185.0,EV_106,0.0,860,0.0,DR402462_19,59.3,96979.65,DR402462,173.9,0.0,63.2,D,SimuProB-1,EV_106
310.534,48.0,18.24,6160.0,0,3.585,1,40.9,4.165,114.5,138.5,185.0,EV_106,0.0,870,0.0,DR402462_19,59.5,96979.97,DR402462,173.9,0.0,63.4,D,SimuProB-1,EV_106
312.864,25.0,18.24,6010.0,0,3.59,1,40.89,4.162,111.8,72.4,185.0,EV_106,0.0,880,0.0,DR402462_19,59.7,96980.28,DR402462,173.9,0.0,63.6,D,SimuProB-1,EV_106
313.496,20.0,18.24,5920.0,0,3.592,1,40.89,4.16,110.2,55.1,185.0,EV_106,0.0,890,0.0,DR402462_19,59.9,96980.58,DR402462,173.9,0.0,63.8,D,SimuProB-1,EV_106
312.269,22.0,18.24,6040.0,0,3.591,1,40.87,4.161,112.5,62.3,185.0,EV_106,0.0,900,0.0,DR402462_19,60.0,96980.89,DR402462,173.9,0.0,63.9,D,SimuProB-1,EV_106
314.633,24.0,18.24,6110.0,0,3.593,1,40.85,4.162,113.8,58.1,185.0,EV_106,0.0,910,0.0,DR402462_19,60.2,96981.21,DR402462,173.9,0.0,64.1,D,SimuProB-1,EV_106
311.698,65.0,18.24,6340.0,0,3.586,1,40.85,4.164,118.0,142.5,185.0,EV_106,0.0,920,0.0,DR402462_19,60.4,96981.54,DR402462,173.9,0.0,64.3,D,SimuProB-1,EV_106
313.849,21.0,18.24,5930.0,0,3.592,1,40.83,4.163,110.5,65.2,185.0,EV_106,0.0,930,0.0,DR402462_19,60.5,96981.85,DR402462,173.9,0.0,64.4,D,SimuProB-1,EV_106
312.439,62.0,18.24,6290.0,0,3.585,1,40.81,4.165,117.2,135.8,185.0,EV_106,0.0,940,0.0,DR402462_19,60.7,96982.17,DR402462,173.9,0.0,64.6,D,SimuProB-1,EV_106
311.983,70.0,18.24,6410.0,0,3.584,1,40.8,4.166,119.5,148.2,185.0,EV_106,0.0,950,0.0,DR402462_19,60.9,96982.5,DR402462,173.9,0.0,64.9,D,SimuProB-1,EV_106
307.977,60.0,18.24,6260.0,0,3.581,1,40.78,4.168,116.8,145.3,185.0,EV_106,0.0,960,0.0,DR402462_19,61.1,96982.82,DR402462,173.9,0.0,65.0,D,SimuProB-1,EV_106
310.6,28.0,18.24,5800.0,0,3.583,1,40.74,4.167,108.2,82.4,185.0,EV_106,0.0,970,0.0,DR402462_19,61.3,96983.12,DR402462,173.9,0.0,65.0,D,SimuProB-1,EV_106
307.77,68.0,18.24,6400.0,0,3.579,1,40.74,4.169,119.4,138.9,185.0,EV_106,0.0,980,0.0,DR402462_19,61.5,96983.46,DR402462,173.9,0.0,65.0,D,SimuProB-1,EV_106
306.966,65.0,18.24,6350.0,0,3.577,1,40.73,4.17,118.6,142.5,185.0,EV_106,0.0,990,0.0,DR402462_19,61.7,96983.79,DR402462,173.9,0.0,65.0,D,SimuProB-1,EV_106
308.961,32.0,18.24,5920.0,0,3.58,1,40.72,4.172,110.5,85.2,185.0,EV_106,0.0,1000,0.0,DR402462_19,62.0,96984.1,DR402462,173.9,0.0,65.0,D,SimuProB-1,EV_106
305.95,72.0,18.24,6420.0,0,3.575,1,40.7,4.175,119.8,148.6,185.0,EV_106,0.0,1010,0.0,DR402462_19,62.3,96984.43,DR402462,173.9,0.0,65.0,D,SimuProB-1,EV_106
307.465,35.0,18.24,6020.0,0,3.578,1,40.68,4.173,112.5,95.3,185.0,EV_106,0.0,1020,0.0,DR402462_19,62.4,96984.74,DR402462,173.9,0.0,65.0,D,SimuProB-1,EV_106
304.68,65.0,18.24,6310.0,0,3.576,1,40.67,4.176,118.0,145.2,185.0,EV_106,0.0,1030,0.0,DR402462_19,62.6,96985.07,DR402462,173.9,0.0,65.0,D,SimuProB-1,EV_106
306.948,25.0,18.24,5620.0,0,3.579,1,40.65,4.174,105.2,78.5,185.0,EV_106,0.0,1040,0.0,DR402462_19,62.8,96985.36,DR402462,173.9,0.0,65.0,D,SimuProB-1,EV_106
307.292,28.0,18.24,5700.0,0,3.577,1,40.63,4.174,106.8,82.4,185.0,EV_106,0.0,1050,0.0,DR402462_19,62.9,96985.66,DR402462,173.9,0.0,65.0,D,SimuProB-1,EV_106
305.104,62.0,18.24,6150.0,0,3.575,1,40.61,4.176,114.5,135.7,185.0,EV_106,0.0,1060,0.0,DR402462_19,63.0,96985.97,DR402462,173.9,0.0,65.0,D,SimuProB-1,EV_106
308.229,18.0,18.24,5280.0,0,3.58,1,40.58,4.173,98.5,72.1,185.0,EV_106,0.0,1070,0.0,DR402462_19,63.1,96986.25,DR402462,173.9,0.0,65.0,D,SimuProB-1,EV_106
306.092,35.0,18.24,5800.0,0,3.578,1,40.55,4.175,108.4,95.3,185.0,EV_106,0.0,1080,0.0,DR402462_19,63.2,96986.55,DR402462,173.9,0.0,65.0,D,SimuProB-1,EV_106
307.735,22.0,18.24,5450.0,0,3.58,1,40.53,4.174,102.1,68.2,185.0,EV_106,0.0,1090,0.0,DR402462_19,63.3,96986.83,DR402462,173.9,0.0,65.0,D,SimuProB-1,EV_106
305.894,55.0,18.24,6050.0,0,3.577,1,40.5,4.176,112.8,115.6,185.0,EV_106,0.0,1100,0.0,DR402462_19,63.4,96987.15,DR402462,173.9,0.0,65.0,D,SimuProB-1,EV_106
306.383,28.0,18.24,5620.0,0,3.576,1,40.47,4.174,105.2,88.5,185.0,EV_106,0.0,1110,0.0,DR402462_19,63.5,96987.44,DR402462,173.9,0.0,65.0,D,SimuProB-1,EV_106
304.606,65.0,18.24,6240.0,0,3.573,1,40.43,4.177,116.5,125.3,185.0,EV_106,0.0,1120,0.0,DR402462_19,63.6,96987.77,DR402462,173.9,0.0,65.0,D,SimuProB-1,EV_106
307.629,15.0,18.24,5380.0,0,3.579,1,40.42,4.173,100.8,55.8,185.0,EV_106,0.0,1130,0.0,DR402462_19,63.7,96988.05,DR402462,173.9,0.0,65.0,D,SimuProB-1,EV_106
305.13,45.0,18.24,5800.0,0,3.578,1,40.39,4.175,108.3,92.5,185.0,EV_106,0.0,1140,0.0,DR402462_19,63.8,96988.35,DR402462,173.9,0.0,65.0,D,SimuProB-1,EV_106
308.476,18.0,18.24,5120.0,0,3.581,1,40.37,4.174,95.6,45.2,185.0,EV_106,0.0,1150,0.0,DR402462_19,63.9,96988.62,DR402462,173.9,0.0,65.0,D,SimuProB-1,EV_106
304.133,72.0,18.24,6350.0,0,3.575,1,40.36,4.178,118.5,135.4,185.0,EV_106,0.0,1160,0.0,DR402462_19,64.0,96988.95,DR402462,173.9,0.0,65.0,D,SimuProB-1,EV_106
307.242,35.0,18.24,6020.0,0,3.577,1,40.34,4.176,112.4,78.5,185.0,EV_106,0.0,1170,0.0,DR402462_19,64.1,96989.26,DR402462,173.9,0.0,65.0,D,SimuProB-1,EV_106
302.176,68.0,18.24,6360.0,0,3.572,1,40.3,4.179,118.8,142.3,185.0,EV_106,0.0,1180,0.0,DR402462_19,64.2,96989.59,DR402462,173.9,0.0,65.0,D,SimuProB-1,EV_106
309.511,16.0,18.24,5280.0,0,3.58,1,40.3,4.175,98.5,52.1,185.0,EV_106,0.0,1190,0.0,DR402462_19,64.3,96989.87,DR402462,173.9,0.0,65.0,D,SimuProB-1,EV_106
307.026,42.0,18.24,5630.0,0,3.574,1,40.27,4.177,105.2,95.4,185.0,EV_106,0.0,1200,0.0,DR402462_19,64.3,96990.16,DR402462,173.9,0.0,65.0,D,SimuProB-1,EV_106
302.837,65.0,18.24,6200.0,0,3.571,1,40.27,4.179,115.8,128.6,185.0,EV_106,0.0,1210,0.0,DR402462_19,64.4,96990.48,DR402462,173.9,0.0,65.0,D,SimuProB-1,EV_106
308.765,22.0,18.24,4930.0,0,3.578,1,40.24,4.176,92.1,62.3,185.0,EV_106,0.0,1220,0.0,DR402462_19,64.5,96990.74,DR402462,173.9,0.0,65.0,D,SimuProB-1,EV_106
304.27,48.0,18.24,5800.0,0,3.575,1,40.22,4.178,108.4,110.2,185.0,EV_106,0.0,1230,0.0,DR402462_19,64.6,96991.04,DR402462,173.9,0.0,65.0,D,SimuProB-1,EV_106
309.802,20.0,18.24,5120.0,0,3.582,1,40.21,4.176,95.6,55.8,185.0,EV_106,0.0,1240,0.0,DR402462_19,64.7,96991.31,DR402462,173.9,0.0,65.0,D,SimuProB-1,EV_106
307.023,35.0,18.24,5480.0,0,3.576,1,40.21,4.177,102.3,88.5,185.0,EV_106,0.0,1250,0.0,DR402462_19,64.8,96991.59,DR402462,173.9,0.0,65.0,D,SimuProB-1,EV_106
306.001,42.0,18.24,5920.0,0,3.574,1,40.18,4.175,110.5,95.2,185.0,EV_106,0.0,1260,0.0,DR402462_19,64.9,96991.9,DR402462,173.9,0.0,65.0,D,SimuProB-1,EV_106
303.668,72.0,18.24,6340.0,0,3.57,1,40.17,4.178,118.2,135.4,185.0,EV_106,0.0,1270,0.0,DR402462_19,65.0,96992.23,DR402462,173.9,0.0,65.0,D,SimuProB-1,EV_106
305.337,38.0,18.24,5670.0,0,3.573,1,40.16,4.176,105.8,78.6,185.0,EV_106,0.0,0,0.0,DR402462_20,65.0,96992.52,DR402462,173.9,0.0,65.0,D,SimuProB-1,EV_106
302.179,65.0,18.24,6180.0,0,3.575,1,40.14,4.178,115.4,110.5,185.0,EV_106,0.0,10,0.0,DR402462_20,65.0,96992.84,DR402462,173.9,0.0,65.0,D,SimuProB-1,EV_106
305.005,30.0,18.24,5830.0,0,3.576,1,40.14,4.179,108.9,72.3,185.0,EV_106,0.0,20,0.0,DR402462_20,65.0,96993.14,DR402462,173.9,0.0,65.0,D,SimuProB-1,EV_106
308.061,0.0,18.24,5470.0,0,3.578,1,40.13,4.18,102.1,-25.4,185.0,EV_106,0.04,30,12.0,DR402462_20,65.0,96993.43,DR402462,173.9,0.0,65.0,D,SimuProB-1,EV_106
306.812,42.0,18.24,5860.0,0,3.577,1,40.12,4.179,109.5,95.2,185.0,EV_106,0.0,40,0.0,DR402462_20,65.0,96993.73,DR402462,173.9,0.0,65.0,D,SimuProB-1,EV_106
302.778,68.0,18.24,6250.0,0,3.579,1,40.1,4.18,116.8,125.8,185.0,EV_106,0.0,50,0.0,DR402462_20,65.0,96994.06,DR402462,173.9,0.0,65.0,D,SimuProB-1,EV_106
308.899,0.0,18.24,5630.0,0,3.58,1,40.1,4.181,105.2,-18.5,185.0,EV_106,0.06,60,8.0,DR402462_20,65.0,96994.35,DR402462,173.9,0.0,65.0,D,SimuProB-1,EV_106
