volt_V,accelerator_pedal_pct,payload_kg,motor_rpm,charger_connected,min_single_volt_V,hvac_active,soc_pct,max_single_volt_V,avg_speed_kmh,current_A,nominal_capacity_Ah,vehicle_name,regenerative_braking_Ah,timestamp_s,brake_pedal_pct,id_segment,min_temp_C,mileage_km,id,actual_max_capacity_Ah,label,max_temp_C,gear_position,car_model,car_id
391.281,35.0,90.59,2800.0,0,3.5,1,89.26,3.96,42.0,35.0,210.0,EV_105,0.0,690,0.0,DR692730_4,44.25,118464.37,DR692730,195.09,0.0,45.75,D,SimuProA-5,EV_105
388.532,60.0,90.59,3800.0,0,3.49,1,89.25,3.98,52.0,75.0,210.0,EV_105,0.0,700,0.0,DR692730_4,44.35,118464.51,DR692730,195.09,0.0,45.85,D,SimuProA-5,EV_105
392.82,0.0,90.59,1900.0,0,3.51,1,89.24,3.99,30.0,-28.0,210.0,EV_105,0.025,710,55.0,DR692730_4,44.4,118464.59,DR692730,195.09,0.0,45.9,D,SimuProA-5,EV_105
380.312,75.0,90.59,4200.0,0,3.45,1,89.22,4.05,55.0,145.0,210.0,EV_105,0.0,720,0.0,DR692730_4,44.65,118464.74,DR692730,195.09,0.0,46.15,D,SimuProA-5,EV_105
397.875,0.0,90.59,950.0,0,3.52,1,89.22,4.08,15.0,-35.0,210.0,EV_105,0.028,730,65.0,DR692730_4,44.7,118464.78,DR692730,195.09,0.0,46.2,D,SimuProA-5,EV_105
386.97,40.0,90.59,2300.0,0,3.48,1,89.21,3.98,35.0,45.0,210.0,EV_105,0.0,740,0.0,DR692730_4,44.8,118464.88,DR692730,195.09,0.0,46.3,D,SimuProA-5,EV_105
389.47,45.0,90.59,2700.0,0,3.49,1,89.18,3.99,42.0,55.0,210.0,EV_105,0.0,750,0.0,DR692730_4,44.95,118465.0,DR692730,195.09,0.0,46.45,D,SimuProA-5,EV_105
395.571,0.0,90.59,1100.0,0,3.5,1,89.18,4.01,18.0,-18.0,210.0,EV_105,0.022,760,35.0,DR692730_4,45.0,118465.05,DR692730,195.09,0.0,46.5,D,SimuProA-5,EV_105
391.242,55.0,90.59,3200.0,0,3.48,1,89.17,3.98,48.0,65.0,210.0,EV_105,0.0,770,0.0,DR692730_4,45.1,118465.18,DR692730,195.09,0.0,46.6,D,SimuProA-5,EV_105
388.146,65.0,90.59,3800.0,0,3.51,1,89.13,4.02,52.0,110.0,210.0,EV_105,0.0,780,0.0,DR692730_4,45.2,118465.32,DR692730,195.09,0.0,46.7,D,SimuProA-5,EV_105
382.599,75.0,90.59,4200.0,0,3.49,1,89.09,4.03,58.0,145.0,210.0,EV_105,0.0,790,0.0,DR692730_4,45.3,118465.49,DR692730,195.09,0.0,46.8,D,SimuProA-5,EV_105
385.913,0.0,90.59,2200.0,0,3.5,1,89.06,4.04,35.0,-28.0,210.0,EV_105,0.025,800,55.0,DR692730_4,45.4,118465.58,DR692730,195.09,0.0,46.9,D,SimuProA-5,EV_105
392.529,35.0,90.59,2800.0,0,3.52,1,89.05,4.01,42.0,45.0,210.0,EV_105,0.0,810,0.0,DR692730_4,45.5,118465.7,DR692730,195.09,0.0,47.0,D,SimuProA-5,EV_105
386.731,60.0,90.59,3900.0,0,3.48,1,89.01,4.05,55.0,120.0,210.0,EV_105,0.0,820,0.0,DR692730_4,45.6,118465.85,DR692730,195.09,0.0,47.1,D,SimuProA-5,EV_105
390.376,0.0,90.59,1600.0,0,3.5,1,89.0,4.04,25.0,-22.0,210.0,EV_105,0.024,830,45.0,DR692730_4,45.7,118465.92,DR692730,195.09,0.0,47.2,D,SimuProA-5,EV_105
384.299,55.0,90.59,3600.0,0,3.51,1,88.99,4.03,52.0,110.0,210.0,EV_105,0.0,840,0.0,DR692730_4,45.8,118466.06,DR692730,195.09,0.0,47.2,D,SimuProA-5,EV_105
378.289,78.0,90.59,4500.0,0,3.47,1,88.97,4.06,62.0,165.0,210.0,EV_105,0.0,850,0.0,DR692730_4,45.9,118466.24,DR692730,195.09,0.0,47.4,D,SimuProA-5,EV_105
388.474,0.0,90.59,1100.0,0,3.52,1,88.94,4.05,18.0,-35.0,210.0,EV_105,0.028,860,65.0,DR692730_4,46.0,118466.29,DR692730,195.09,0.0,47.5,D,SimuProA-5,EV_105
372.821,70.0,90.59,4200.0,0,3.45,1,88.91,4.07,58.0,145.0,210.0,EV_105,0.0,870,0.0,DR692730_4,46.1,118466.45,DR692730,195.09,0.0,47.6,D,SimuProA-5,EV_105
392.492,0.0,90.59,1400.0,0,3.51,1,88.9,4.06,22.0,-28.0,210.0,EV_105,0.022,880,50.0,DR692730_4,46.2,118466.51,DR692730,195.09,0.0,47.6,D,SimuProA-5,EV_105
382.341,45.0,90.59,3100.0,0,3.49,1,88.89,4.05,45.0,95.0,210.0,EV_105,0.0,890,0.0,DR692730_4,46.3,118466.64,DR692730,195.09,0.0,47.7,D,SimuProA-5,EV_105
376.198,60.0,90.59,3600.0,0,3.46,1,88.86,4.06,52.0,135.0,210.0,EV_105,0.0,900,0.0,DR692730_4,46.4,118466.78,DR692730,195.09,0.0,47.8,D,SimuProA-5,EV_105
390.254,0.0,90.59,800.0,0,3.5,1,88.86,4.07,12.0,-32.0,210.0,EV_105,0.025,910,55.0,DR692730_4,46.5,118466.82,DR692730,195.09,0.0,47.9,D,SimuProA-5,EV_105
374.61,75.0,90.59,2700.0,0,3.44,1,88.83,4.08,38.0,155.0,210.0,EV_105,0.0,920,0.0,DR692730_4,46.6,118466.92,DR692730,195.09,0.0,48.0,D,SimuProA-5,EV_105
384.999,25.0,90.59,1600.0,0,3.48,1,88.8,4.05,25.0,45.0,210.0,EV_105,0.0,930,0.0,DR692730_4,46.7,118466.99,DR692730,195.09,0.0,48.1,D,SimuProA-5,EV_105
378.094,55.0,90.59,2800.0,0,3.45,1,88.8,4.06,42.0,110.0,210.0,EV_105,0.0,940,0.0,DR692730_4,46.8,118467.11,DR692730,195.09,0.0,48.2,D,SimuProA-5,EV_105
391.591,0.0,90.59,500.0,0,3.49,1,88.79,4.07,8.0,-35.0,210.0,EV_105,0.028,950,65.0,DR692730_4,46.9,118467.13,DR692730,195.09,0.0,48.3,D,SimuProA-5,EV_105
382.368,30.0,90.59,1800.0,0,3.47,1,88.78,4.06,28.0,65.0,210.0,EV_105,0.0,960,0.0,DR692730_4,46.95,118467.21,DR692730,195.09,0.0,48.35,D,SimuProA-5,EV_105
392.831,0.0,90.59,600.0,0,3.51,1,88.77,4.08,10.0,-25.0,210.0,EV_105,0.02,970,45.0,DR692730_4,47.0,118467.24,DR692730,195.09,0.0,48.4,D,SimuProA-5,EV_105
376.687,65.0,90.59,2400.0,0,3.42,1,88.76,4.09,35.0,140.0,210.0,EV_105,0.0,980,0.0,DR692730_4,47.15,118467.33,DR692730,195.09,0.0,48.55,D,SimuProA-5,EV_105
394.138,15.0,90.59,1600.0,0,3.52,1,88.74,4.09,25.0,15.0,210.0,EV_105,0.0,990,0.0,DR692730_4,47.2,118467.4,DR692730,195.09,0.0,48.6,D,SimuProA-5,EV_105
385.631,45.0,90.59,2600.0,0,3.44,1,88.74,4.1,40.0,85.0,210.0,EV_105,0.0,1000,0.0,DR692730_4,47.25,118467.51,DR692730,195.09,0.0,48.65,D,SimuProA-5,EV_105
372.287,75.0,90.59,3800.0,0,3.4,1,88.72,4.12,55.0,160.0,210.0,EV_105,0.0,1010,0.0,DR692730_4,47.35,118467.66,DR692730,195.09,0.0,48.75,D,SimuProA-5,EV_105
370.53,80.0,90.59,4200.0,0,3.38,1,88.68,4.13,60.0,180.0,210.0,EV_105,0.0,1020,0.0,DR692730_4,47.5,118467.83,DR692730,195.09,0.0,48.9,D,SimuProA-5,EV_105
396.551,0.0,90.59,800.0,0,3.48,1,88.68,4.11,12.0,-35.0,210.0,EV_105,0.025,1030,60.0,DR692730_4,47.6,118467.86,DR692730,195.09,0.0,49.0,D,SimuProA-5,EV_105
408.671,0.0,90.59,300.0,0,3.5,1,88.66,4.09,5.0,5.0,210.0,EV_105,0.0,1040,10.0,DR692730_4,47.7,118467.87,DR692730,195.09,0.0,49.1,D,SimuProA-5,EV_105
409.611,15.0,90.59,1000.0,0,3.51,1,88.64,4.095,15.0,12.0,210.0,EV_105,0.0,1050,0.0,DR692730_4,47.75,118467.91,DR692730,195.09,0.0,49.15,D,SimuProA-5,EV_105
392.971,35.0,90.59,2000.0,0,3.48,1,88.63,4.1,30.0,65.0,210.0,EV_105,0.0,1060,0.0,DR692730_4,47.85,118467.99,DR692730,195.09,0.0,49.25,D,SimuProA-5,EV_105
398.493,20.0,90.59,1600.0,0,3.5,1,88.63,4.105,25.0,18.0,210.0,EV_105,0.0,1070,5.0,DR692730_4,47.95,118468.06,DR692730,195.09,0.0,49.35,D,SimuProA-5,EV_105
394.15,28.0,90.59,2400.0,0,3.49,1,88.61,4.115,32.0,45.0,210.0,EV_105,0.0,1080,0.0,DR692730_4,48.0,118468.15,DR692730,195.09,0.0,49.4,D,SimuProA-5,EV_105
408.182,5.0,90.59,1100.0,0,3.52,1,88.61,4.105,18.0,8.0,210.0,EV_105,0.0,1090,15.0,DR692730_4,48.05,118468.2,DR692730,195.09,0.0,49.45,D,SimuProA-5,EV_105
388.463,55.0,90.59,3200.0,0,3.47,1,88.6,4.12,42.0,85.0,210.0,EV_105,0.0,1100,0.0,DR692730_4,48.1,118468.32,DR692730,195.09,0.0,49.6,D,SimuProA-5,EV_105
386.051,65.0,90.59,3800.0,0,3.46,1,88.58,4.125,52.0,110.0,210.0,EV_105,0.0,1110,0.0,DR692730_4,48.25,118468.46,DR692730,195.09,0.0,49.75,D,SimuProA-5,EV_105
376.249,0.0,90.59,2800.0,0,3.52,1,88.55,4.11,38.0,-35.0,210.0,EV_105,0.015,1120,65.0,DR692730_4,48.35,118468.57,DR692730,195.09,0.0,49.85,D,SimuProA-5,EV_105
395.646,25.0,90.59,1500.0,0,3.48,1,88.55,4.115,22.0,45.0,210.0,EV_105,0.0,1130,5.0,DR692730_4,48.45,118468.63,DR692730,195.09,0.0,49.95,D,SimuProA-5,EV_105
392.146,35.0,90.59,1800.0,0,3.49,1,88.53,4.118,28.0,55.0,210.0,EV_105,0.0,1140,0.0,DR692730_4,48.55,118468.71,DR692730,195.09,0.0,50.0,D,SimuProA-5,EV_105
378.7,60.0,90.59,3400.0,0,3.45,1,88.52,4.122,45.0,95.0,210.0,EV_105,0.0,1150,0.0,DR692730_4,48.65,118468.83,DR692730,195.09,0.0,50.1,D,SimuProA-5,EV_105
401.876,0.0,90.59,1600.0,0,3.5,1,88.52,4.125,25.0,-25.0,210.0,EV_105,0.012,1160,45.0,DR692730_4,48.7,118468.9,DR692730,195.09,0.0,50.15,D,SimuProA-5,EV_105
385.724,55.0,90.59,3100.0,0,3.48,1,88.5,4.12,42.0,75.0,210.0,EV_105,0.0,1170,0.0,DR692730_4,48.85,118469.02,DR692730,195.09,0.0,50.25,D,SimuProA-5,EV_105
372.257,75.0,90.59,4600.0,0,3.42,1,88.47,4.14,58.0,140.0,210.0,EV_105,0.0,1180,0.0,DR692730_4,48.95,118469.18,DR692730,195.09,0.0,50.4,D,SimuProA-5,EV_105
407.705,0.0,90.59,2500.0,0,3.55,1,88.47,4.15,35.0,-38.0,210.0,EV_105,0.025,1190,60.0,DR692730_4,49.0,118469.27,DR692730,195.09,0.0,50.45,D,SimuProA-5,EV_105
375.124,65.0,90.59,4200.0,0,3.41,1,88.44,4.145,52.0,135.0,210.0,EV_105,0.0,1200,0.0,DR692730_4,49.05,118469.41,DR692730,195.09,0.0,50.5,D,SimuProA-5,EV_105
401.973,0.0,90.59,1200.0,0,3.52,1,88.44,4.15,20.0,-35.0,210.0,EV_105,0.022,1210,55.0,DR692730_4,49.1,118469.47,DR692730,195.09,0.0,50.55,D,SimuProA-5,EV_105
382.491,45.0,90.59,2800.0,0,3.46,1,88.41,4.13,38.0,85.0,210.0,EV_105,0.0,1220,0.0,DR692730_4,49.15,118469.58,DR692730,195.09,0.0,50.6,D,SimuProA-5,EV_105
402.735,15.0,90.59,400.0,0,3.58,1,88.41,4.15,12.0,15.0,210.0,EV_105,0.01,1230,20.0,DR692730_4,49.22,118469.61,DR692730,195.09,0.0,50.72,D,SimuProA-5,EV_105
368.374,70.0,90.59,3200.0,0,3.38,1,88.41,4.14,45.0,185.0,210.0,EV_105,0.0,1240,0.0,DR692730_4,49.35,118469.74,DR692730,195.09,0.0,50.85,D,SimuProA-5,EV_105
398.52,0.0,90.59,1100.0,0,3.5,1,88.4,4.15,18.0,-42.0,210.0,EV_105,0.028,1250,75.0,DR692730_4,49.4,118469.79,DR692730,195.09,0.0,50.92,D,SimuProA-5,EV_105
412.711,25.0,90.59,1800.0,0,3.62,1,88.4,4.15,25.0,10.0,210.0,EV_105,0.0,1260,0.0,DR692730_4,49.45,118469.86,DR692730,195.09,0.0,50.98,D,SimuProA-5,EV_105
374.995,55.0,90.59,2900.0,0,3.48,1,88.4,4.14,42.0,110.0,210.0,EV_105,0.0,1270,0.0,DR692730_4,49.5,118469.98,DR692730,195.09,0.0,51.05,D,SimuProA-5,EV_105
395.644,0.0,90.59,500.0,0,3.55,1,88.4,4.15,15.0,-25.0,210.0,EV_105,0.015,0,45.0,DR692730_5,49.55,118470.02,DR692730,195.09,0.0,51.1,D,SimuProA-5,EV_105
382.803,65.0,90.59,2600.0,0,3.52,1,88.37,4.14,38.0,145.0,210.0,EV_105,0.0,10,0.0,DR692730_5,49.7,118470.13,DR692730,195.09,0.0,51.25,D,SimuProA-5,EV_105
396.677,0.0,90.59,300.0,0,3.65,1,88.37,4.15,12.0,-35.0,210.0,EV_105,0.022,20,60.0,DR692730_5,49.75,118470.16,DR692730,195.09,0.0,51.3,D,SimuProA-5,EV_105
377.78,70.0,90.59,2400.0,0,3.45,1,88.36,4.14,35.0,160.0,210.0,EV_105,0.0,30,0.0,DR692730_5,49.85,118470.26,DR692730,195.09,0.0,51.4,D,SimuProA-5,EV_105
394.809,5.0,90.59,250.0,0,3.46,1,88.36,4.12,8.0,12.5,210.0,EV_105,0.0,40,0.0,DR692730_5,49.9,118470.28,DR692730,195.09,0.0,51.45,D,SimuProA-5,EV_105
372.36,60.0,90.59,1800.0,0,3.42,1,88.35,4.14,28.0,180.0,210.0,EV_105,0.0,50,0.0,DR692730_5,50.0,118470.36,DR692730,195.09,0.0,51.55,D,SimuProA-5,EV_105
398.639,0.0,90.59,150.0,0,3.58,1,88.35,4.15,5.0,-40.0,210.0,EV_105,0.025,60,75.0,DR692730_5,50.05,118470.37,DR692730,195.09,0.0,51.6,D,SimuProA-5,EV_105
385.219,35.0,90.59,1450.0,0,3.55,1,88.33,4.13,22.0,45.2,210.0,EV_105,0.0,70,0.0,DR692730_5,50.1,118470.43,DR692730,195.09,0.0,51.65,D,SimuProA-5,EV_105
370.225,65.0,90.59,3200.0,0,3.43,1,88.32,4.15,42.0,155.0,210.0,EV_105,0.0,80,0.0,DR692730_5,50.15,118470.55,DR692730,195.09,0.0,51.75,D,SimuProA-5,EV_105
395.984,0.0,90.59,350.0,0,3.59,1,88.32,4.14,10.0,-32.0,210.0,EV_105,0.02,90,55.0,DR692730_5,50.2,118470.58,DR692730,195.09,0.0,51.8,D,SimuProA-5,EV_105
375.187,45.0,90.59,2000.0,0,3.58,1,88.29,4.14,30.0,110.0,210.0,EV_105,0.0,100,0.0,DR692730_5,50.3,118470.66,DR692730,195.09,0.0,51.9,D,SimuProA-5,EV_105
391.9,0.0,90.59,400.0,0,3.65,1,88.29,4.14,12.0,-25.0,210.0,EV_105,0.018,110,40.0,DR692730_5,50.35,118470.7,DR692730,195.09,0.0,52.0,D,SimuProA-5,EV_105
378.355,30.0,90.59,1600.0,0,3.59,1,88.27,4.13,25.0,65.0,210.0,EV_105,0.0,120,0.0,DR692730_5,50.4,118470.77,DR692730,195.09,0.0,52.1,D,SimuProA-5,EV_105
398.994,0.0,90.59,150.0,0,3.72,1,88.26,4.14,5.0,-20.0,210.0,EV_105,0.015,130,35.0,DR692730_5,50.45,118470.78,DR692730,195.09,0.0,52.15,D,SimuProA-5,EV_105
384.806,25.0,90.59,800.0,0,3.6,1,88.26,4.13,18.0,45.0,210.0,EV_105,0.0,140,0.0,DR692730_5,50.5,118470.83,DR692730,195.09,0.0,52.2,D,SimuProA-5,EV_105
402.375,0.0,90.59,80.0,0,3.75,1,88.25,4.15,2.0,-35.0,210.0,EV_105,0.025,150,85.0,DR692730_5,50.6,118470.84,DR692730,195.09,0.0,52.3,D,SimuProA-5,EV_105
394.607,15.0,90.59,250.0,0,3.68,1,88.25,4.14,8.0,12.0,210.0,EV_105,0.0,160,0.0,DR692730_5,50.65,118470.86,DR692730,195.09,0.0,52.35,D,SimuProA-5,EV_105
388.656,35.0,90.59,1000.0,0,3.62,1,88.25,4.15,22.0,55.0,210.0,EV_105,0.0,170,0.0,DR692730_5,50.7,118470.92,DR692730,195.09,0.0,52.4,D,SimuProA-5,EV_105
399.63,0.0,90.59,300.0,0,3.7,1,88.23,4.14,10.0,-18.0,210.0,EV_105,0.012,180,25.0,DR692730_5,50.75,118470.95,DR692730,195.09,0.0,52.45,D,SimuProA-5,EV_105
386.611,45.0,90.59,1400.0,0,3.63,1,88.23,4.15,28.0,60.0,210.0,EV_105,0.0,190,0.0,DR692730_5,50.75,118471.03,DR692730,195.09,0.0,52.5,D,SimuProA-5,EV_105
397.228,0.0,90.59,400.0,0,3.72,1,88.22,4.14,12.0,-25.0,210.0,EV_105,0.018,200,60.0,DR692730_5,50.8,118471.06,DR692730,195.09,0.0,52.55,D,SimuProA-5,EV_105
392.413,30.0,90.59,600.0,0,3.65,1,88.21,4.15,15.0,35.0,210.0,EV_105,0.0,210,0.0,DR692730_5,50.85,118471.1,DR692730,195.09,0.0,52.6,D,SimuProA-5,EV_105
396.826,0.0,90.59,150.0,0,3.75,1,88.2,4.14,5.0,-32.0,210.0,EV_105,0.025,220,75.0,DR692730_5,50.88,118471.11,DR692730,195.09,0.0,52.62,D,SimuProA-5,EV_105
388.753,40.0,90.59,800.0,0,3.64,1,88.19,4.15,18.0,45.0,210.0,EV_105,0.0,230,0.0,DR692730_5,51.0,118471.16,DR692730,195.09,0.0,52.75,D,SimuProA-5,EV_105
395.716,0.0,90.59,250.0,0,3.71,1,88.19,4.14,8.0,-28.0,210.0,EV_105,0.022,240,55.0,DR692730_5,51.05,118471.19,DR692730,195.09,0.0,52.8,D,SimuProA-5,EV_105
390.851,35.0,90.59,1100.0,0,3.66,1,88.17,4.15,22.0,48.0,210.0,EV_105,0.0,250,0.0,DR692730_5,51.08,118471.25,DR692730,195.09,0.0,52.82,D,SimuProA-5,EV_105
384.342,55.0,90.59,2100.0,0,3.62,1,88.15,4.15,32.0,85.0,210.0,EV_105,0.0,260,0.0,DR692730_5,51.15,118471.34,DR692730,195.09,0.0,52.95,D,SimuProA-5,EV_105
396.607,0.0,90.59,300.0,0,3.74,1,88.14,4.14,10.0,-35.0,210.0,EV_105,0.028,270,80.0,DR692730_5,51.2,118471.37,DR692730,195.09,0.0,53.0,D,SimuProA-5,EV_105
382.499,65.0,90.59,3200.0,0,3.6,1,88.11,4.15,42.0,95.0,210.0,EV_105,0.0,280,0.0,DR692730_5,51.25,118471.49,DR692730,195.09,0.0,53.05,D,SimuProA-5,EV_105
398.386,0.0,90.59,450.0,0,3.75,1,88.11,4.14,12.0,-15.0,210.0,EV_105,0.015,290,45.0,DR692730_5,51.3,118471.52,DR692730,195.09,0.0,53.1,D,SimuProA-5,EV_105
386.334,40.0,90.59,1500.0,0,3.63,1,88.11,4.15,25.0,55.0,210.0,EV_105,0.0,300,0.0,DR692730_5,51.35,118471.59,DR692730,195.09,0.0,53.15,D,SimuProA-5,EV_105
392.747,15.0,90.59,800.0,0,3.78,1,88.09,4.13,15.0,12.0,210.0,EV_105,0.0,310,0.0,DR692730_5,51.4,118471.63,DR692730,195.09,0.0,53.2,D,SimuProA-5,EV_105
378.071,50.0,90.59,2800.0,0,3.65,1,88.09,4.15,38.0,88.0,210.0,EV_105,0.0,320,0.0,DR692730_5,51.55,118471.74,DR692730,195.09,0.0,53.35,D,SimuProA-5,EV_105
388.991,0.0,90.59,1100.0,0,3.72,1,88.09,4.14,18.0,-25.0,210.0,EV_105,0.022,330,35.0,DR692730_5,51.6,118471.79,DR692730,195.09,0.0,53.4,D,SimuProA-5,EV_105
395.646,35.0,90.59,2000.0,0,3.79,1,88.06,4.14,32.0,65.0,210.0,EV_105,0.0,340,0.0,DR692730_5,51.7,118471.88,DR692730,195.09,0.0,53.5,D,SimuProA-5,EV_105
382.001,60.0,90.59,3000.0,0,3.66,1,88.05,4.15,42.0,95.0,210.0,EV_105,0.0,350,0.0,DR692730_5,51.85,118472.0,DR692730,195.09,0.0,53.65,D,SimuProA-5,EV_105
390.876,0.0,90.59,650.0,0,3.74,1,88.05,4.14,10.0,-30.0,210.0,EV_105,0.025,360,85.0,DR692730_5,51.95,118472.02,DR692730,195.09,0.0,53.75,D,SimuProA-5,EV_105
384.874,70.0,90.59,3200.0,0,3.68,1,88.03,4.15,45.0,110.0,210.0,EV_105,0.0,370,0.0,DR692730_5,52.0,118472.15,DR692730,195.09,0.0,53.8,D,SimuProA-5,EV_105
376.385,75.0,90.59,3800.0,0,3.62,1,88.0,4.15,52.0,145.0,210.0,EV_105,0.0,380,0.0,DR692730_5,52.1,118472.29,DR692730,195.09,0.0,53.9,D,SimuProA-5,EV_105
391.736,0.0,90.59,800.0,0,3.75,1,88.0,4.14,12.0,-35.0,210.0,EV_105,0.028,390,60.0,DR692730_5,52.2,118472.32,DR692730,195.09,0.0,54.0,D,SimuProA-5,EV_105
380.056,65.0,90.59,3500.0,0,3.64,1,87.97,4.15,48.0,125.0,210.0,EV_105,0.0,400,0.0,DR692730_5,52.25,118472.45,DR692730,195.09,0.0,54.05,D,SimuProA-5,EV_105
392.001,0.0,90.59,1000.0,0,3.76,1,87.96,4.14,15.0,-38.0,210.0,EV_105,0.029,410,70.0,DR692730_5,52.3,118472.5,DR692730,195.09,0.0,54.1,D,SimuProA-5,EV_105
384.622,55.0,90.59,2800.0,0,3.68,1,87.94,4.15,38.0,90.0,210.0,EV_105,0.0,420,0.0,DR692730_5,52.4,118472.6,DR692730,195.09,0.0,54.2,D,SimuProA-5,EV_105
396.551,45.0,90.59,3200.0,0,3.78,1,87.94,4.15,45.0,15.0,210.0,EV_105,0.0,430,0.0,DR692730_5,52.55,118472.73,DR692730,195.09,0.0,54.35,D,SimuProA-5,EV_105
382.409,60.0,90.59,3600.0,0,3.7,1,87.93,4.15,50.0,110.0,210.0,EV_105,0.0,440,0.0,DR692730_5,52.65,118472.86,DR692730,195.09,0.0,54.45,D,SimuProA-5,EV_105
388.129,0.0,90.59,1200.0,0,3.72,1,87.93,4.14,18.0,-25.0,210.0,EV_105,0.025,450,55.0,DR692730_5,52.75,118472.91,DR692730,195.09,0.0,54.55,D,SimuProA-5,EV_105
380.72,65.0,90.59,4200.0,0,3.68,1,87.92,4.15,55.0,125.0,210.0,EV_105,0.0,460,0.0,DR692730_5,52.8,118473.06,DR692730,195.09,0.0,54.6,D,SimuProA-5,EV_105
374.947,70.0,90.59,4500.0,0,3.65,1,87.91,4.15,58.0,145.0,210.0,EV_105,0.0,470,0.0,DR692730_5,52.9,118473.22,DR692730,195.09,0.0,54.7,D,SimuProA-5,EV_105
378.764,40.0,90.59,3500.0,0,3.7,1,87.89,4.14,48.0,85.0,210.0,EV_105,0.0,480,0.0,DR692730_5,53.0,118473.36,DR692730,195.09,0.0,54.8,D,SimuProA-5,EV_105
375.083,35.0,90.59,3200.0,0,3.71,1,87.87,4.14,45.0,95.0,210.0,EV_105,0.0,490,0.0,DR692730_5,53.1,118473.49,DR692730,195.09,0.0,54.9,D,SimuProA-5,EV_105
382.489,0.0,90.59,900.0,0,3.73,1,87.87,4.15,15.0,-35.0,210.0,EV_105,0.028,500,65.0,DR692730_5,53.2,118473.53,DR692730,195.09,0.0,55.0,D,SimuProA-5,EV_105
387.108,15.0,90.59,300.0,0,3.75,1,87.87,4.13,5.0,12.0,210.0,EV_105,0.0,510,5.0,DR692730_5,53.3,118473.54,DR692730,195.09,0.0,55.1,D,SimuProA-5,EV_105
376.422,30.0,90.59,1500.0,0,3.76,1,87.85,4.14,22.0,45.0,210.0,EV_105,0.0,520,0.0,DR692730_5,53.4,118473.6,DR692730,195.09,0.0,55.2,D,SimuProA-5,EV_105
373.045,55.0,90.59,2800.0,0,3.72,1,87.83,4.15,38.0,110.0,210.0,EV_105,0.0,530,0.0,DR692730_5,53.5,118473.71,DR692730,195.09,0.0,55.3,D,SimuProA-5,EV_105
379.548,0.0,90.59,800.0,0,3.78,1,87.83,4.15,12.0,-25.0,210.0,EV_105,0.022,540,45.0,DR692730_5,53.6,118473.74,DR692730,195.09,0.0,55.4,D,SimuProA-5,EV_105
384.907,20.0,90.59,1100.0,0,3.79,1,87.8,4.13,18.0,22.0,210.0,EV_105,0.0,550,0.0,DR692730_5,53.7,118473.79,DR692730,195.09,0.0,55.5,D,SimuProA-5,EV_105
374.535,45.0,90.59,2100.0,0,3.74,1,87.8,4.15,32.0,85.0,210.0,EV_105,0.0,560,0.0,DR692730_5,53.8,118473.88,DR692730,195.09,0.0,55.6,D,SimuProA-5,EV_105
390.501,0.0,90.59,250.0,0,3.82,1,87.79,4.14,5.0,-30.0,210.0,EV_105,0.025,570,75.0,DR692730_5,53.9,118473.89,DR692730,195.09,0.0,55.7,D,SimuProA-5,EV_105
391.895,5.0,90.59,280.0,0,3.81,1,87.79,4.14,5.0,8.5,210.0,EV_105,0.0,580,10.0,DR692730_5,53.95,118473.9,DR692730,195.09,0.0,55.75,D,SimuProA-5,EV_105
388.714,25.0,90.59,950.0,0,3.76,1,87.77,4.13,15.0,45.0,210.0,EV_105,0.0,590,0.0,DR692730_5,54.0,118473.95,DR692730,195.09,0.0,55.8,D,SimuProA-5,EV_105
396.096,0.0,90.59,500.0,0,3.8,1,87.77,4.15,8.0,-18.0,210.0,EV_105,0.018,600,55.0,DR692730_5,54.05,118473.97,DR692730,195.09,0.0,55.85,D,SimuProA-5,EV_105
392.282,35.0,90.59,1450.0,0,3.78,1,87.74,4.14,22.0,65.0,210.0,EV_105,0.0,610,0.0,DR692730_5,54.1,118474.03,DR692730,195.09,0.0,55.9,D,SimuProA-5,EV_105
378.086,70.0,90.59,2800.0,0,3.72,1,87.74,4.15,42.0,145.0,210.0,EV_105,0.0,620,0.0,DR692730_5,54.2,118474.15,DR692730,195.09,0.0,56.0,D,SimuProA-5,EV_105
395.7,0.0,90.59,1650.0,0,3.75,1,87.72,4.15,25.0,-28.0,210.0,EV_105,0.028,630,65.0,DR692730_5,54.3,118474.22,DR692730,195.09,0.0,56.1,D,SimuProA-5,EV_105
395.014,45.0,90.59,2200.0,0,3.79,1,87.72,4.14,35.0,55.0,210.0,EV_105,0.0,640,0.0,DR692730_5,54.35,118474.32,DR692730,195.09,0.0,56.15,D,SimuProA-5,EV_105
381.817,65.0,90.59,3100.0,0,3.73,1,87.7,4.15,48.0,120.0,210.0,EV_105,0.0,650,0.0,DR692730_5,54.48,118474.45,DR692730,195.09,0.0,56.28,D,SimuProA-5,EV_105
393.627,0.0,90.59,1900.0,0,3.76,1,87.68,4.15,30.0,-35.0,210.0,EV_105,0.035,660,75.0,DR692730_5,54.55,118474.53,DR692730,195.09,0.0,56.35,D,SimuProA-5,EV_105
377.15,75.0,90.59,3400.0,0,3.7,1,87.64,4.15,52.0,160.0,210.0,EV_105,0.0,670,0.0,DR692730_5,54.65,118474.67,DR692730,195.09,0.0,56.45,D,SimuProA-5,EV_105
392.432,0.0,90.59,1500.0,0,3.74,1,87.63,4.15,28.0,-25.0,210.0,EV_105,0.025,680,55.0,DR692730_5,54.7,118474.75,DR692730,195.09,0.0,56.5,D,SimuProA-5,EV_105
385.335,50.0,90.59,2400.0,0,3.71,1,87.59,4.14,38.0,95.0,210.0,EV_105,0.0,690,0.0,DR692730_5,54.8,118474.86,DR692730,195.09,0.0,56.6,D,SimuProA-5,EV_105
374.444,60.0,90.59,2900.0,0,3.69,1,87.57,4.14,45.0,145.0,210.0,EV_105,0.0,700,0.0,DR692730_5,54.9,118474.99,DR692730,195.09,0.0,56.7,D,SimuProA-5,EV_105
388.026,0.0,90.59,1200.0,0,3.72,1,87.55,4.14,22.0,-30.0,210.0,EV_105,0.03,710,65.0,DR692730_5,54.95,118475.05,DR692730,195.09,0.0,56.75,D,SimuProA-5,EV_105
377.02,45.0,90.59,2200.0,0,3.7,1,87.53,4.13,35.0,110.0,210.0,EV_105,0.0,720,0.0,DR692730_5,55.05,118475.14,DR692730,195.09,0.0,56.85,D,SimuProA-5,EV_105
382.317,35.0,90.59,2100.0,0,3.71,1,87.49,4.13,32.0,75.0,210.0,EV_105,0.0,730,0.0,DR692730_5,55.2,118475.23,DR692730,195.09,0.0,57.0,D,SimuProA-5,EV_105
390.882,0.0,90.59,1000.0,0,3.73,1,87.48,4.14,18.0,-22.0,210.0,EV_105,0.028,740,45.0,DR692730_5,55.3,118475.28,DR692730,195.09,0.0,57.1,D,SimuProA-5,EV_105
394.136,15.0,90.59,400.0,0,3.72,1,87.46,4.12,8.0,12.0,210.0,EV_105,0.0,750,5.0,DR692730_5,55.4,118475.3,DR692730,195.09,0.0,57.2,D,SimuProA-5,EV_105
389.222,25.0,90.59,950.0,0,3.72,1,87.44,4.13,15.0,45.0,210.0,EV_105,0.0,760,0.0,DR692730_5,55.5,118475.34,DR692730,195.09,0.0,57.3,D,SimuProA-5,EV_105
392.158,10.0,90.59,650.0,0,3.73,1,87.43,4.12,10.0,18.0,210.0,EV_105,0.0,770,5.0,DR692730_5,55.6,118475.37,DR692730,195.09,0.0,57.4,D,SimuProA-5,EV_105
385.499,55.0,90.59,1600.0,0,3.71,1,87.42,4.14,25.0,85.0,210.0,EV_105,0.0,780,0.0,DR692730_5,55.7,118475.44,DR692730,195.09,0.0,57.5,D,SimuProA-5,EV_105
378.31,70.0,90.59,2800.0,0,3.7,1,87.4,4.15,35.0,145.0,210.0,EV_105,0.0,790,0.0,DR692730_5,55.9,118475.54,DR692730,195.09,0.0,57.7,D,SimuProA-5,EV_105
382.199,0.0,90.59,550.0,0,3.71,1,87.39,4.14,12.0,-28.0,210.0,EV_105,0.025,800,65.0,DR692730_5,56.0,118475.57,DR692730,195.09,0.0,57.8,D,SimuProA-5,EV_105
391.545,0.0,90.59,200.0,0,3.72,1,87.37,4.13,5.0,10.0,210.0,EV_105,0.0,810,15.0,DR692730_5,56.1,118475.58,DR692730,195.09,0.0,57.9,D,SimuProA-5,EV_105
387.925,25.0,90.59,1200.0,0,3.725,1,87.36,4.135,18.0,45.0,210.0,EV_105,0.0,820,0.0,DR692730_5,56.2,118475.63,DR692730,195.09,0.0,58.0,D,SimuProA-5,EV_105
394.49,0.0,90.59,0.0,0,3.73,1,87.36,4.13,0.0,8.5,210.0,EV_105,0.0,830,45.0,DR692730_5,56.3,118475.63,DR692730,195.09,0.0,58.1,D,SimuProA-5,EV_105
390.352,35.0,90.59,1400.0,0,3.72,1,87.36,4.14,22.0,55.0,210.0,EV_105,0.0,840,0.0,DR692730_5,56.4,118475.69,DR692730,195.09,0.0,58.2,D,SimuProA-5,EV_105
388.284,15.0,90.59,900.0,0,3.728,1,87.35,4.132,15.0,32.0,210.0,EV_105,0.0,850,0.0,DR692730_5,56.5,118475.73,DR692730,195.09,0.0,58.3,D,SimuProA-5,EV_105
385.432,45.0,90.59,1800.0,0,3.722,1,87.34,4.138,28.0,65.0,210.0,EV_105,0.0,860,0.0,DR692730_5,56.6,118475.81,DR692730,195.09,0.0,58.4,D,SimuProA-5,EV_105
392.331,0.0,90.59,350.0,0,3.735,1,87.34,4.142,12.0,-22.0,210.0,EV_105,0.022,870,55.0,DR692730_5,56.7,118475.84,DR692730,195.09,0.0,58.5,D,SimuProA-5,EV_105
389.184,25.0,90.59,1200.0,0,3.725,1,87.32,4.135,20.0,45.0,210.0,EV_105,0.0,880,0.0,DR692730_5,56.8,118475.9,DR692730,195.09,0.0,58.6,D,SimuProA-5,EV_105
396.038,0.0,90.59,150.0,0,3.738,1,87.32,4.145,5.0,-28.0,210.0,EV_105,0.028,890,65.0,DR692730_5,56.9,118475.91,DR692730,195.09,0.0,58.7,D,SimuProA-5,EV_105
391.275,20.0,90.59,1100.0,0,3.73,1,87.32,4.138,18.0,38.0,210.0,EV_105,0.0,900,0.0,DR692730_5,57.0,118475.96,DR692730,195.09,0.0,58.8,D,SimuProA-5,EV_105
386.42,55.0,90.59,2100.0,0,3.728,1,87.29,4.14,32.0,75.0,210.0,EV_105,0.0,910,0.0,DR692730_5,57.1,118476.05,DR692730,195.09,0.0,58.9,D,SimuProA-5,EV_105
398.404,0.0,90.59,250.0,0,3.745,1,87.29,4.148,8.0,-35.0,210.0,EV_105,0.035,920,75.0,DR692730_5,57.2,118476.07,DR692730,195.09,0.0,59.0,D,SimuProA-5,EV_105
394.27,15.0,90.59,600.0,0,3.732,1,87.28,4.136,15.0,25.0,210.0,EV_105,0.0,930,0.0,DR692730_5,57.3,118476.11,DR692730,195.09,0.0,59.1,D,SimuProA-5,EV_105
392.322,35.0,90.59,1600.0,0,3.734,1,87.27,4.138,25.0,45.0,210.0,EV_105,0.0,940,0.0,DR692730_5,57.35,118476.18,DR692730,195.09,0.0,59.15,D,SimuProA-5,EV_105
387.819,60.0,90.59,2600.0,0,3.725,1,87.25,4.142,40.0,85.0,210.0,EV_105,0.0,950,0.0,DR692730_5,57.4,118476.29,DR692730,195.09,0.0,59.2,D,SimuProA-5,EV_105
397.891,0.0,90.59,400.0,0,3.735,1,87.25,4.146,12.0,-22.0,210.0,EV_105,0.022,960,30.0,DR692730_5,57.45,118476.32,DR692730,195.09,0.0,59.25,D,SimuProA-5,EV_105
388.012,55.0,90.59,2750.0,0,3.728,1,87.22,4.14,42.0,75.0,210.0,EV_105,0.0,970,0.0,DR692730_5,57.5,118476.44,DR692730,195.09,0.0,59.3,D,SimuProA-5,EV_105
395.693,0.0,90.59,700.0,0,3.732,1,87.21,4.145,18.0,-28.0,210.0,EV_105,0.028,980,60.0,DR692730_5,57.55,118476.49,DR692730,195.09,0.0,59.35,D,SimuProA-5,EV_105
401.302,5.0,90.59,180.0,0,3.74,1,87.21,4.15,5.0,5.0,210.0,EV_105,0.0,990,10.0,DR692730_5,57.6,118476.5,DR692730,195.09,0.0,59.4,D,SimuProA-5,EV_105
392.891,35.0,90.59,1500.0,0,3.73,1,87.19,4.148,25.0,45.0,210.0,EV_105,0.0,1000,0.0,DR692730_5,57.62,118476.57,DR692730,195.09,0.0,59.42,D,SimuProA-5,EV_105
385.165,70.0,90.59,3200.0,0,3.72,1,87.18,4.145,50.0,95.0,210.0,EV_105,0.0,1010,0.0,DR692730_5,57.75,118476.71,DR692730,195.09,0.0,59.55,D,SimuProA-5,EV_105
378.442,75.0,90.59,4200.0,0,3.71,1,87.16,4.14,60.0,110.0,210.0,EV_105,0.0,1020,0.0,DR692730_5,57.88,118476.88,DR692730,195.09,0.0,59.68,D,SimuProA-5,EV_105
388.383,45.0,90.59,2800.0,0,3.72,1,87.11,4.14,45.0,75.0,210.0,EV_105,0.0,1030,0.0,DR692730_5,57.9,118477.01,DR692730,195.09,0.0,59.7,D,SimuProA-5,EV_105
375.138,65.0,90.59,3800.0,0,3.7,1,87.09,4.14,55.0,120.0,210.0,EV_105,0.0,1040,0.0,DR692730_5,58.0,118477.16,DR692730,195.09,0.0,59.8,D,SimuProA-5,EV_105
382.083,0.0,90.59,1800.0,0,3.71,1,87.07,4.145,30.0,-25.0,210.0,EV_105,0.025,1050,55.0,DR692730_5,58.05,118477.24,DR692730,195.09,0.0,59.85,D,SimuProA-5,EV_105
376.476,72.0,90.59,4050.0,0,3.7,1,87.04,4.14,58.0,105.0,210.0,EV_105,0.0,1060,0.0,DR692730_5,58.1,118477.4,DR692730,195.09,0.0,59.9,D,SimuProA-5,EV_105
367.926,55.0,90.59,2600.0,0,3.68,1,86.98,4.15,40.0,135.0,210.0,EV_105,0.0,1070,0.0,DR692730_5,58.2,118477.51,DR692730,195.09,0.0,60.0,D,SimuProA-5,EV_105
378.968,0.0,90.59,1400.0,0,3.71,1,86.95,4.14,22.0,-32.0,210.0,EV_105,0.028,1080,65.0,DR692730_5,58.2,118477.57,DR692730,195.09,0.0,60.1,D,SimuProA-5,EV_105
385.638,0.0,90.59,750.0,0,3.715,1,86.92,4.148,12.0,-18.5,210.0,EV_105,0.018,1090,45.0,DR692730_5,58.25,118477.6,DR692730,195.09,0.0,60.15,D,SimuProA-5,EV_105
389.668,15.0,90.59,300.0,0,3.72,1,86.91,4.145,5.0,5.2,210.0,EV_105,0.0,1100,5.0,DR692730_5,58.3,118477.62,DR692730,195.09,0.0,60.2,D,SimuProA-5,EV_105
398.663,35.0,90.59,1800.0,0,3.73,1,86.88,4.14,28.0,45.0,210.0,EV_105,0.0,1110,0.0,DR692730_5,58.35,118477.7,DR692730,195.09,0.0,60.25,D,SimuProA-5,EV_105
396.343,40.0,90.59,2200.0,0,3.74,1,86.86,4.135,35.0,65.0,210.0,EV_105,0.0,1120,0.0,DR692730_5,58.4,118477.8,DR692730,195.09,0.0,60.3,D,SimuProA-5,EV_105
388.328,0.0,90.59,1100.0,0,3.7,1,86.84,4.145,18.0,-35.0,210.0,EV_105,0.032,1130,70.0,DR692730_5,58.45,118477.85,DR692730,195.09,0.0,60.35,D,SimuProA-5,EV_105
393.826,10.0,90.59,500.0,0,3.72,1,86.83,4.14,8.0,12.5,210.0,EV_105,0.0,1140,15.0,DR692730_5,58.5,118477.87,DR692730,195.09,0.0,60.4,D,SimuProA-5,EV_105
394.955,30.0,90.59,1600.0,0,3.73,1,86.8,4.14,25.0,32.0,210.0,EV_105,0.0,1150,0.0,DR692730_5,58.6,118477.94,DR692730,195.09,0.0,60.5,D,SimuProA-5,EV_105
387.714,0.0,90.59,750.0,0,3.71,1,86.8,4.145,12.0,-25.0,210.0,EV_105,0.028,1160,45.0,DR692730_5,58.65,118477.97,DR692730,195.09,0.0,60.55,D,SimuProA-5,EV_105
398.885,5.0,90.59,100.0,0,3.72,1,86.77,4.14,2.0,6.5,210.0,EV_105,0.0,1170,10.0,DR692730_5,58.7,118477.98,DR692730,195.09,0.0,60.6,D,SimuProA-5,EV_105
396.182,35.0,90.59,2000.0,0,3.71,1,86.75,4.14,32.0,45.0,210.0,EV_105,0.0,1180,0.0,DR692730_5,58.75,118478.07,DR692730,195.09,0.0,60.65,D,SimuProA-5,EV_105
390.633,55.0,90.59,2650.0,0,3.7,1,86.73,4.14,42.0,85.0,210.0,EV_105,0.0,1190,0.0,DR692730_5,58.85,118478.19,DR692730,195.09,0.0,60.75,D,SimuProA-5,EV_105
382.426,65.0,90.59,3200.0,0,3.69,1,86.71,4.145,50.0,120.0,210.0,EV_105,0.0,1200,0.0,DR692730_5,58.95,118478.32,DR692730,195.09,0.0,60.9,D,SimuProA-5,EV_105
379.758,50.0,90.59,3450.0,0,3.695,1,86.69,4.142,55.0,95.0,210.0,EV_105,0.0,1210,0.0,DR692730_5,59.0,118478.47,DR692730,195.09,0.0,61.0,D,SimuProA-5,EV_105
376.136,60.0,90.59,3000.0,0,3.685,1,86.66,4.145,48.0,110.0,210.0,EV_105,0.0,1220,0.0,DR692730_5,59.1,118478.61,DR692730,195.09,0.0,61.1,D,SimuProA-5,EV_105
392.412,0.0,90.59,950.0,0,3.7,1,86.64,4.148,15.0,-35.0,210.0,EV_105,0.025,1230,85.0,DR692730_5,59.2,118478.65,DR692730,195.09,0.0,61.2,D,SimuProA-5,EV_105
378.527,5.0,90.59,300.0,0,3.68,1,86.63,4.142,10.0,15.0,210.0,EV_105,0.0,1240,10.0,DR692730_5,59.25,118478.68,DR692730,195.09,0.0,61.25,D,SimuProA-5,EV_105
385.226,25.0,90.59,1500.0,0,3.685,1,86.62,4.145,25.0,45.0,210.0,EV_105,0.0,1250,0.0,DR692730_5,59.3,118478.75,DR692730,195.09,0.0,61.3,D,SimuProA-5,EV_105
380.274,35.0,90.59,2200.0,0,3.69,1,86.6,4.148,35.0,75.0,210.0,EV_105,0.0,1260,0.0,DR692730_5,59.4,118478.84,DR692730,195.09,0.0,61.4,D,SimuProA-5,EV_105
372.406,55.0,90.59,3300.0,0,3.675,1,86.57,4.145,50.0,120.0,210.0,EV_105,0.0,1270,0.0,DR692730_5,59.55,118478.98,DR692730,195.09,0.0,61.55,D,SimuProA-5,EV_105
395.592,0.0,90.59,1200.0,0,3.68,1,86.57,4.15,20.0,-25.0,210.0,EV_105,0.018,0,65.0,DR692730_6,59.6,118479.03,DR692730,195.09,0.0,61.6,D,SimuProA-5,EV_105
387.924,30.0,90.59,2000.0,0,3.682,1,86.54,4.146,30.0,35.0,210.0,EV_105,0.0,10,0.0,DR692730_6,59.7,118479.12,DR692730,195.09,0.0,61.7,D,SimuProA-5,EV_105
382.334,32.0,90.59,2400.0,0,3.683,1,86.51,4.147,38.0,65.0,210.0,EV_105,0.0,20,0.0,DR692730_6,59.85,118479.23,DR692730,195.09,0.0,61.85,D,SimuProA-5,EV_105
378.205,15.0,90.59,1600.0,0,3.681,1,86.49,4.145,25.0,40.0,210.0,EV_105,0.0,30,10.0,DR692730_6,60.0,118479.29,DR692730,195.09,0.0,62.0,D,SimuProA-5,EV_105
390.567,0.0,90.59,600.0,0,3.678,1,86.49,4.148,10.0,-35.0,210.0,EV_105,0.025,40,75.0,DR692730_6,60.1,118479.32,DR692730,195.09,0.0,62.1,D,SimuProA-5,EV_105
385.549,25.0,90.59,2200.0,0,3.685,1,86.46,4.149,32.0,45.0,210.0,EV_105,0.0,50,0.0,DR692730_6,60.2,118479.41,DR692730,195.09,0.0,62.2,D,SimuProA-5,EV_105
391.957,0.0,90.59,1000.0,0,3.68,1,86.46,4.15,15.0,-20.0,210.0,EV_105,0.015,60,50.0,DR692730_6,60.25,118479.45,DR692730,195.09,0.0,62.25,D,SimuProA-5,EV_105
376.566,60.0,90.59,3200.0,0,3.675,1,86.45,4.148,48.0,85.0,210.0,EV_105,0.0,70,0.0,DR692730_6,60.35,118479.58,DR692730,195.09,0.0,62.35,D,SimuProA-5,EV_105
392.051,20.0,90.59,1800.0,0,3.682,1,86.44,4.147,28.0,35.0,210.0,EV_105,0.0,80,0.0,DR692730_6,60.4,118479.66,DR692730,195.09,0.0,62.4,D,SimuProA-5,EV_105
374.139,55.0,90.59,2900.0,0,3.67,1,86.41,4.149,45.0,95.0,210.0,EV_105,0.0,90,0.0,DR692730_6,60.55,118479.78,DR692730,195.09,0.0,62.55,D,SimuProA-5,EV_105
394.145,0.0,90.59,700.0,0,3.675,1,86.41,4.15,12.0,-25.0,210.0,EV_105,0.02,100,60.0,DR692730_6,60.6,118479.82,DR692730,195.09,0.0,62.6,D,SimuProA-5,EV_105
372.885,65.0,90.59,3500.0,0,3.665,1,86.4,4.148,52.0,105.0,210.0,EV_105,0.0,110,0.0,DR692730_6,60.65,118479.96,DR692730,195.09,0.0,62.65,D,SimuProA-5,EV_105
393.771,0.0,90.59,1600.0,0,3.68,1,86.4,4.15,25.0,-35.0,210.0,EV_105,0.025,120,70.0,DR692730_6,60.7,118480.03,DR692730,195.09,0.0,62.7,D,SimuProA-5,EV_105
373.03,55.0,90.59,2400.0,0,3.66,1,86.38,4.145,38.0,110.0,210.0,EV_105,0.0,130,0.0,DR692730_6,60.75,118480.14,DR692730,195.09,0.0,62.75,D,SimuProA-5,EV_105
374.919,50.0,90.59,2800.0,0,3.665,1,86.35,4.142,42.0,85.0,210.0,EV_105,0.0,140,0.0,DR692730_6,60.8,118480.26,DR692730,195.09,0.0,62.8,D,SimuProA-5,EV_105
391.64,0.0,90.59,1200.0,0,3.67,1,86.34,4.148,20.0,-30.0,210.0,EV_105,0.022,150,50.0,DR692730_6,60.85,118480.31,DR692730,195.09,0.0,62.85,D,SimuProA-5,EV_105
375.118,70.0,90.59,3800.0,0,3.66,1,86.33,4.145,55.0,120.0,210.0,EV_105,0.0,160,0.0,DR692730_6,60.9,118480.47,DR692730,195.09,0.0,62.9,D,SimuProA-5,EV_105
370.604,75.0,90.59,4100.0,0,3.655,1,86.31,4.145,58.0,145.0,210.0,EV_105,0.0,170,0.0,DR692730_6,60.95,118480.63,DR692730,195.09,0.0,62.95,D,SimuProA-5,EV_105
378.411,30.0,90.59,2200.0,0,3.665,1,86.29,4.14,35.0,45.0,210.0,EV_105,0.0,180,0.0,DR692730_6,61.0,118480.73,DR692730,195.09,0.0,63.0,D,SimuProA-5,EV_105
365.521,60.0,90.59,3100.0,0,3.66,1,86.29,4.142,48.0,95.0,210.0,EV_105,0.0,190,0.0,DR692730_6,61.05,118480.86,DR692730,195.09,0.0,63.08,D,SimuProA-5,EV_105
376.435,25.0,90.59,2400.0,0,3.665,1,86.26,4.14,38.0,35.0,210.0,EV_105,0.0,200,0.0,DR692730_6,61.08,118480.97,DR692730,195.09,0.0,63.12,D,SimuProA-5,EV_105
368.603,55.0,90.59,2900.0,0,3.655,1,86.25,4.145,45.0,85.0,210.0,EV_105,0.0,210,0.0,DR692730_6,61.15,118481.09,DR692730,195.09,0.0,63.2,D,SimuProA-5,EV_105
384.65,0.0,90.59,950.0,0,3.67,1,86.25,4.15,15.0,-25.0,210.0,EV_105,0.015,220,45.0,DR692730_6,61.2,118481.13,DR692730,195.09,0.0,63.25,D,SimuProA-5,EV_105
371.696,35.0,90.59,2650.0,0,3.66,1,86.24,4.148,42.0,60.0,210.0,EV_105,0.0,230,0.0,DR692730_6,61.25,118481.25,DR692730,195.09,0.0,63.3,D,SimuProA-5,EV_105
395.729,0.0,90.59,1600.0,0,3.675,1,86.24,4.15,25.0,-35.0,210.0,EV_105,0.012,240,55.0,DR692730_6,61.3,118481.32,DR692730,195.09,0.0,63.35,D,SimuProA-5,EV_105
369.186,65.0,90.59,2850.0,0,3.65,1,86.23,4.145,45.0,90.0,210.0,EV_105,0.0,250,0.0,DR692730_6,61.4,118481.44,DR692730,195.09,0.0,63.45,D,SimuProA-5,EV_105
364.991,70.0,90.59,3200.0,0,3.645,1,86.2,4.142,50.0,110.0,210.0,EV_105,0.0,260,0.0,DR692730_6,61.45,118481.58,DR692730,195.09,0.0,63.5,D,SimuProA-5,EV_105
358.65,15.0,90.59,1500.0,0,3.638,1,86.18,4.148,25.0,145.0,210.0,EV_105,0.0,270,20.0,DR692730_6,61.55,118481.65,DR692730,195.09,0.0,63.65,D,SimuProA-5,EV_105
392.693,0.0,90.59,300.0,0,3.665,1,86.18,4.15,5.0,-30.0,210.0,EV_105,0.018,280,60.0,DR692730_6,61.6,118481.66,DR692730,195.09,0.0,63.7,D,SimuProA-5,EV_105
394.209,0.0,90.59,900.0,0,3.68,1,86.17,4.15,15.0,-25.0,210.0,EV_105,0.015,290,35.0,DR692730_6,61.65,118481.7,DR692730,195.09,0.0,63.75,D,SimuProA-5,EV_105
398.083,25.0,90.59,1200.0,0,3.685,1,86.16,4.145,20.0,12.0,210.0,EV_105,0.0,300,0.0,DR692730_6,61.7,118481.76,DR692730,195.09,0.0,63.8,D,SimuProA-5,EV_105
397.07,40.0,90.59,2200.0,0,3.69,1,86.14,4.14,35.0,45.0,210.0,EV_105,0.0,310,0.0,DR692730_6,61.75,118481.85,DR692730,195.09,0.0,63.85,D,SimuProA-5,EV_105
395.077,55.0,90.59,2650.0,0,3.695,1,86.1,4.138,42.0,65.0,210.0,EV_105,0.0,320,0.0,DR692730_6,61.82,118481.97,DR692730,195.09,0.0,63.92,D,SimuProA-5,EV_105
398.402,25.0,90.59,1750.0,0,3.702,1,86.1,4.135,28.0,18.0,210.0,EV_105,0.0,330,0.0,DR692730_6,61.88,118482.04,DR692730,195.09,0.0,63.96,D,SimuProA-5,EV_105
396.831,45.0,90.59,2400.0,0,3.708,1,86.08,4.132,38.0,75.0,210.0,EV_105,0.0,340,0.0,DR692730_6,61.95,118482.15,DR692730,195.09,0.0,64.04,D,SimuProA-5,EV_105
393.39,60.0,90.59,2850.0,0,3.712,1,86.06,4.125,45.0,85.0,210.0,EV_105,0.0,350,0.0,DR692730_6,62.0,118482.27,DR692730,195.09,0.0,64.1,D,SimuProA-5,EV_105
394.173,0.0,90.59,1600.0,0,3.715,1,86.04,4.128,25.0,-25.0,210.0,EV_105,0.015,360,65.0,DR692730_6,62.05,118482.34,DR692730,195.09,0.0,64.15,D,SimuProA-5,EV_105
397.13,10.0,90.59,650.0,0,3.718,1,86.04,4.132,10.0,15.0,210.0,EV_105,0.0,370,5.0,DR692730_6,62.1,118482.37,DR692730,195.09,0.0,64.2,D,SimuProA-5,EV_105
397.317,15.0,90.59,950.0,0,3.72,1,86.03,4.134,15.0,12.5,210.0,EV_105,0.0,380,0.0,DR692730_6,62.12,118482.41,DR692730,195.09,0.0,64.22,D,SimuProA-5,EV_105
394.731,35.0,90.59,1600.0,0,3.725,1,86.02,4.13,25.0,45.0,210.0,EV_105,0.0,390,0.0,DR692730_6,62.15,118482.48,DR692730,195.09,0.0,64.25,D,SimuProA-5,EV_105
393.991,45.0,90.59,2250.0,0,3.73,1,86.02,4.126,35.0,65.0,210.0,EV_105,0.0,400,0.0,DR692730_6,62.18,118482.58,DR692730,195.09,0.0,64.29,D,SimuProA-5,EV_105
391.036,55.0,90.59,3100.0,0,3.735,1,85.98,4.122,45.0,85.0,210.0,EV_105,0.0,410,0.0,DR692730_6,62.25,118482.71,DR692730,195.09,0.0,64.35,D,SimuProA-5,EV_105
393.974,0.0,90.59,900.0,0,3.738,1,85.97,4.125,15.0,-35.0,210.0,EV_105,0.02,420,70.0,DR692730_6,62.3,118482.75,DR692730,195.09,0.0,64.4,D,SimuProA-5,EV_105
396.516,25.0,90.59,1200.0,0,3.74,1,85.97,4.13,20.0,18.0,210.0,EV_105,0.0,430,0.0,DR692730_6,62.38,118482.8,DR692730,195.09,0.0,64.48,D,SimuProA-5,EV_105
394.038,40.0,90.59,1800.0,0,3.742,1,85.95,4.128,30.0,55.0,210.0,EV_105,0.0,440,0.0,DR692730_6,62.45,118482.88,DR692730,195.09,0.0,64.55,D,SimuProA-5,EV_105
392.742,50.0,90.59,2800.0,0,3.738,1,85.94,4.132,42.0,75.0,210.0,EV_105,0.0,450,0.0,DR692730_6,62.52,118483.0,DR692730,195.09,0.0,64.62,D,SimuProA-5,EV_105
395.37,0.0,90.59,1100.0,0,3.745,1,85.93,4.135,18.0,-25.0,210.0,EV_105,0.015,460,45.0,DR692730_6,62.58,118483.05,DR692730,195.09,0.0,64.68,D,SimuProA-5,EV_105
393.64,55.0,90.59,3000.0,0,3.74,1,85.92,4.134,45.0,65.0,210.0,EV_105,0.0,470,0.0,DR692730_6,62.65,118483.18,DR692730,195.09,0.0,64.75,D,SimuProA-5,EV_105
394.495,0.0,90.59,1700.0,0,3.742,1,85.92,4.138,28.0,-18.0,210.0,EV_105,0.012,480,35.0,DR692730_6,62.72,118483.25,DR692730,195.09,0.0,64.82,D,SimuProA-5,EV_105
393.936,45.0,90.59,2400.0,0,3.739,1,85.89,4.135,38.0,48.0,210.0,EV_105,0.0,490,0.0,DR692730_6,62.78,118483.36,DR692730,195.09,0.0,64.88,D,SimuProA-5,EV_105
392.993,48.0,90.59,2900.0,0,3.741,1,85.87,4.136,44.0,62.0,210.0,EV_105,0.0,500,0.0,DR692730_6,62.85,118483.48,DR692730,195.09,0.0,64.95,D,SimuProA-5,EV_105
396.033,0.0,90.59,700.0,0,3.748,1,85.86,4.14,12.0,-32.0,210.0,EV_105,0.018,510,65.0,DR692730_6,62.92,118483.52,DR692730,195.09,0.0,65.0,D,SimuProA-5,EV_105
393.349,42.0,90.59,2200.0,0,3.742,1,85.83,4.134,35.0,55.0,210.0,EV_105,0.0,520,0.0,DR692730_6,63.0,118483.61,DR692730,195.09,0.0,65.0,D,SimuProA-5,EV_105
394.906,0.0,90.59,1200.0,0,3.745,1,85.82,4.142,20.0,-25.0,210.0,EV_105,0.015,530,55.0,DR692730_6,63.08,118483.67,DR692730,195.09,0.0,65.0,D,SimuProA-5,EV_105
398.179,15.0,90.59,300.0,0,3.748,1,85.8,4.139,5.0,12.0,210.0,EV_105,0.0,540,5.0,DR692730_6,63.15,118483.68,DR692730,195.09,0.0,65.0,D,SimuProA-5,EV_105
393.875,40.0,90.59,2000.0,0,3.741,1,85.8,4.136,32.0,45.0,210.0,EV_105,0.0,550,0.0,DR692730_6,63.25,118483.77,DR692730,195.09,0.0,65.0,D,SimuProA-5,EV_105
397.585,55.0,90.59,2800.0,0,3.743,1,85.79,4.138,45.0,68.0,210.0,EV_105,0.0,560,0.0,DR692730_6,63.32,118483.9,DR692730,195.09,0.0,65.0,D,SimuProA-5,EV_105
394.3,0.0,90.59,1500.0,0,3.746,1,85.79,4.141,25.0,-28.0,210.0,EV_105,0.016,570,45.0,DR692730_6,63.4,118483.96,DR692730,195.09,0.0,65.0,D,SimuProA-5,EV_105
398.227,10.0,90.59,500.0,0,3.749,1,85.79,4.137,10.0,8.0,210.0,EV_105,0.0,580,15.0,DR692730_6,63.48,118483.99,DR692730,195.09,0.0,65.0,D,SimuProA-5,EV_105
398.744,12.0,90.59,600.0,0,3.75,1,85.78,4.138,12.0,5.0,210.0,EV_105,0.0,590,0.0,DR692730_6,63.55,118484.02,DR692730,195.09,0.0,65.0,D,SimuProA-5,EV_105
396.008,35.0,90.59,1800.0,0,3.745,1,85.77,4.14,28.0,35.0,210.0,EV_105,0.0,600,0.0,DR692730_6,63.62,118484.1,DR692730,195.09,0.0,65.0,D,SimuProA-5,EV_105
398.317,0.0,90.59,900.0,0,3.748,1,85.77,4.142,15.0,-18.0,210.0,EV_105,0.012,610,25.0,DR692730_6,63.68,118484.14,DR692730,195.09,0.0,65.0,D,SimuProA-5,EV_105
395.957,40.0,90.59,2200.0,0,3.744,1,85.76,4.141,35.0,45.0,210.0,EV_105,0.0,620,0.0,DR692730_6,63.75,118484.24,DR692730,195.09,0.0,65.0,D,SimuProA-5,EV_105
399.672,0.0,90.59,1100.0,0,3.749,1,85.76,4.145,18.0,-22.0,210.0,EV_105,0.018,630,60.0,DR692730_6,63.8,118484.29,DR692730,195.09,0.0,65.0,D,SimuProA-5,EV_105
398.19,30.0,90.59,1500.0,0,3.746,1,85.75,4.142,25.0,30.0,210.0,EV_105,0.0,640,0.0,DR692730_6,63.85,118484.36,DR692730,195.09,0.0,65.0,D,SimuProA-5,EV_105
394.48,55.0,90.59,2600.0,0,3.738,1,85.73,4.148,42.0,85.0,210.0,EV_105,0.0,650,0.0,DR692730_6,63.92,118484.48,DR692730,195.09,0.0,65.0,D,SimuProA-5,EV_105
397.373,0.0,90.59,700.0,0,3.752,1,85.72,4.15,12.0,-35.0,210.0,EV_105,0.025,660,75.0,DR692730_6,64.0,118484.51,DR692730,195.09,0.0,65.0,D,SimuProA-5,EV_105
394.895,45.0,90.59,1350.0,0,3.74,1,85.7,4.145,22.0,60.0,210.0,EV_105,0.0,670,0.0,DR692730_6,64.08,118484.57,DR692730,195.09,0.0,65.0,D,SimuProA-5,EV_105
392.007,65.0,90.59,2200.0,0,3.735,1,85.67,4.15,35.0,110.0,210.0,EV_105,0.0,680,0.0,DR692730_6,64.15,118484.67,DR692730,195.09,0.0,65.0,D,SimuProA-5,EV_105
398.774,0.0,90.59,600.0,0,3.745,1,85.66,4.148,10.0,-25.0,210.0,EV_105,0.02,690,45.0,DR692730_6,64.2,118484.7,DR692730,195.09,0.0,65.0,D,SimuProA-5,EV_105
395.366,50.0,90.59,1750.0,0,3.742,1,85.65,4.149,28.0,75.0,210.0,EV_105,0.0,700,0.0,DR692730_6,64.28,118484.77,DR692730,195.09,0.0,65.0,D,SimuProA-5,EV_105
392.611,55.0,90.59,2000.0,0,3.74,1,85.62,4.148,32.0,95.0,210.0,EV_105,0.0,710,0.0,DR692730_6,64.35,118484.86,DR692730,195.09,0.0,65.0,D,SimuProA-5,EV_105
398.69,0.0,90.59,950.0,0,3.738,1,85.62,4.145,15.0,-30.0,210.0,EV_105,0.022,720,55.0,DR692730_6,64.45,118484.9,DR692730,195.09,0.0,65.0,D,SimuProA-5,EV_105
402.517,5.0,90.59,100.0,0,3.74,1,85.62,4.142,2.0,5.0,210.0,EV_105,0.0,730,15.0,DR692730_6,64.5,118484.91,DR692730,195.09,0.0,65.0,D,SimuProA-5,EV_105
399.695,25.0,90.59,1100.0,0,3.742,1,85.59,4.14,18.0,12.5,210.0,EV_105,0.0,740,0.0,DR692730_6,64.58,118484.96,DR692730,195.09,0.0,65.0,D,SimuProA-5,EV_105
396.922,45.0,90.59,2100.0,0,3.738,1,85.58,4.142,35.0,65.0,210.0,EV_105,0.0,750,0.0,DR692730_6,64.65,118485.06,DR692730,195.09,0.0,65.0,D,SimuProA-5,EV_105
391.516,70.0,90.59,3200.0,0,3.735,1,85.56,4.145,52.0,110.0,210.0,EV_105,0.0,760,0.0,DR692730_6,64.75,118485.2,DR692730,195.09,0.0,65.0,D,SimuProA-5,EV_105
388.593,75.0,90.59,3600.0,0,3.732,1,85.53,4.148,58.0,125.0,210.0,EV_105,0.0,770,0.0,DR692730_6,64.82,118485.36,DR692730,195.09,0.0,65.0,D,SimuProA-5,EV_105
394.832,0.0,90.59,2600.0,0,3.74,1,85.53,4.15,42.0,-35.0,210.0,EV_105,0.025,780,60.0,DR692730_6,64.88,118485.48,DR692730,195.09,0.0,65.0,D,SimuProA-5,EV_105
399.552,20.0,90.59,1500.0,0,3.745,1,85.5,4.145,25.0,15.0,210.0,EV_105,0.0,790,0.0,DR692730_6,64.95,118485.55,DR692730,195.09,0.0,65.0,D,SimuProA-5,EV_105
397.512,35.0,90.59,2000.0,0,3.742,1,85.49,4.146,32.0,45.0,210.0,EV_105,0.0,800,0.0,DR692730_6,65.0,118485.64,DR692730,195.09,0.0,65.0,D,SimuProA-5,EV_105
391.757,60.0,90.59,3000.0,0,3.739,1,85.45,4.148,48.0,95.0,210.0,EV_105,0.0,810,0.0,DR692730_6,65.0,118485.77,DR692730,195.09,0.0,65.0,D,SimuProA-5,EV_105
388.434,78.0,90.59,3900.0,0,3.735,1,85.44,4.15,62.0,130.0,210.0,EV_105,0.0,820,0.0,DR692730_6,65.0,118485.94,DR692730,195.09,0.0,65.0,D,SimuProA-5,EV_105
382.444,80.0,90.59,4050.0,0,3.73,1,85.41,4.149,64.0,145.0,210.0,EV_105,0.0,830,0.0,DR692730_6,65.0,118486.12,DR692730,195.09,0.0,65.0,D,SimuProA-5,EV_105
390.171,15.0,90.59,2200.0,0,3.738,1,85.39,4.147,35.0,25.0,210.0,EV_105,0.01,840,5.0,DR692730_6,65.0,118486.21,DR692730,195.09,0.0,65.0,D,SimuProA-5,EV_105
396.99,5.0,90.59,1100.0,0,3.742,1,85.39,4.145,18.0,12.0,210.0,EV_105,0.0,850,10.0,DR692730_6,65.0,118486.26,DR692730,195.09,0.0,65.0,D,SimuProA-5,EV_105
385.565,25.0,90.59,1750.0,0,3.745,1,85.38,4.14,28.0,45.0,210.0,EV_105,0.0,860,0.0,DR692730_6,65.0,118486.34,DR692730,195.09,0.0,65.0,D,SimuProA-5,EV_105
382.275,45.0,90.59,2375.0,0,3.742,1,85.34,4.138,38.0,65.0,210.0,EV_105,0.0,870,0.0,DR692730_6,65.0,118486.44,DR692730,195.09,0.0,65.0,D,SimuProA-5,EV_105
393.055,0.0,90.59,750.0,0,3.746,1,85.34,4.142,12.0,15.0,210.0,EV_105,0.01,880,25.0,DR692730_6,65.0,118486.48,DR692730,195.09,0.0,65.0,D,SimuProA-5,EV_105
388.567,20.0,90.59,1350.0,0,3.743,1,85.3,4.142,22.0,35.0,210.0,EV_105,0.0,890,0.0,DR692730_6,65.0,118486.54,DR692730,195.09,0.0,65.0,D,SimuProA-5,EV_105
377.796,65.0,90.59,2800.0,0,3.735,1,85.28,4.145,45.0,85.0,210.0,EV_105,0.0,900,0.0,DR692730_6,65.0,118486.67,DR692730,195.09,0.0,65.0,D,SimuProA-5,EV_105
385.891,0.0,90.59,1700.0,0,3.74,1,85.28,4.148,28.0,-25.0,210.0,EV_105,0.015,910,45.0,DR692730_6,65.0,118486.74,DR692730,195.09,0.0,65.0,D,SimuProA-5,EV_105
372.497,75.0,90.59,3500.0,0,3.72,1,85.26,4.15,55.0,120.0,210.0,EV_105,0.0,920,0.0,DR692730_6,65.0,118486.89,DR692730,195.09,0.0,65.0,D,SimuProA-5,EV_105
367.957,60.0,90.59,2600.0,0,3.7,1,85.23,4.15,42.0,145.0,210.0,EV_105,0.0,930,10.0,DR692730_6,65.0,118487.01,DR692730,195.09,0.0,65.0,D,SimuProA-5,EV_105
376.161,0.0,90.59,1100.0,0,3.73,1,85.23,4.15,18.0,-35.0,210.0,EV_105,0.025,940,65.0,DR692730_6,65.0,118487.06,DR692730,195.09,0.0,65.0,D,SimuProA-5,EV_105
365.418,55.0,90.59,2400.0,0,3.68,1,85.2,4.145,38.0,130.0,210.0,EV_105,0.0,950,0.0,DR692730_6,65.0,118487.17,DR692730,195.09,0.0,65.0,D,SimuProA-5,EV_105
358.091,70.0,90.59,3100.0,0,3.65,1,85.18,4.15,48.0,165.0,210.0,EV_105,0.0,960,0.0,DR692730_6,65.0,118487.3,DR692730,195.09,0.0,65.0,D,SimuProA-5,EV_105
370.17,0.0,90.59,1400.0,0,3.71,1,85.16,4.15,22.0,-38.0,210.0,EV_105,0.028,970,50.0,DR692730_6,65.0,118487.36,DR692730,195.09,0.0,65.0,D,SimuProA-5,EV_105
362.512,65.0,90.59,3400.0,0,3.62,1,85.15,4.15,52.0,155.0,210.0,EV_105,0.0,980,0.0,DR692730_6,65.0,118487.5,DR692730,195.09,0.0,65.0,D,SimuProA-5,EV_105
372.713,0.0,90.59,1800.0,0,3.68,1,85.15,4.15,28.0,-25.0,210.0,EV_105,0.02,990,35.0,DR692730_6,65.0,118487.58,DR692730,195.09,0.0,65.0,D,SimuProA-5,EV_105
368.121,45.0,90.59,2300.0,0,3.65,1,85.14,4.15,35.0,95.0,210.0,EV_105,0.0,1000,0.0,DR692730_6,65.0,118487.68,DR692730,195.09,0.0,65.0,D,SimuProA-5,EV_105
352.726,55.0,90.59,2700.0,0,3.6,1,85.12,4.15,42.0,145.0,210.0,EV_105,0.0,1010,0.0,DR692730_6,65.0,118487.8,DR692730,195.09,0.0,65.0,D,SimuProA-5,EV_105
385.382,0.0,90.59,700.0,0,3.68,1,85.11,4.15,12.0,-32.0,210.0,EV_105,0.025,1020,45.0,DR692730_6,65.0,118487.83,DR692730,195.09,0.0,65.0,D,SimuProA-5,EV_105
360.381,40.0,90.59,2000.0,0,3.64,1,85.09,4.14,30.0,85.0,210.0,EV_105,0.0,1030,0.0,DR692730_6,65.0,118487.91,DR692730,195.09,0.0,65.0,D,SimuProA-5,EV_105
366.153,50.0,90.59,2400.0,0,3.66,1,85.07,4.15,38.0,110.0,210.0,EV_105,0.0,1040,0.0,DR692730_6,65.0,118488.02,DR692730,195.09,0.0,65.0,D,SimuProA-5,EV_105
345.52,0.0,90.59,600.0,0,3.71,1,85.06,4.15,10.0,-38.0,210.0,EV_105,0.028,1050,65.0,DR692730_6,65.0,118488.04,DR692730,195.09,0.0,65.0,D,SimuProA-5,EV_105
378.169,15.0,90.59,350.0,0,3.69,1,85.05,4.15,5.0,15.0,210.0,EV_105,0.0,1060,5.0,DR692730_6,65.0,118488.06,DR692730,195.09,0.0,65.0,D,SimuProA-5,EV_105
382.393,35.0,90.59,1300.0,0,3.7,1,85.03,4.15,22.0,45.0,210.0,EV_105,0.0,1070,0.0,DR692730_6,65.0,118488.12,DR692730,195.09,0.0,65.0,D,SimuProA-5,EV_105
375.898,45.0,90.59,2800.0,0,3.67,1,85.01,4.15,42.0,75.0,210.0,EV_105,0.0,1080,0.0,DR692730_6,65.0,118488.24,DR692730,195.09,0.0,65.0,D,SimuProA-5,EV_105
380.368,0.0,90.59,850.0,0,3.72,1,85.01,4.15,15.0,-25.0,210.0,EV_105,0.022,1090,55.0,DR692730_6,65.0,118488.28,DR692730,195.09,0.0,65.0,D,SimuProA-5,EV_105
379.001,40.0,90.59,3200.0,0,3.71,1,84.99,4.15,48.0,55.0,210.0,EV_105,0.0,1100,0.0,DR692730_6,65.0,118488.41,DR692730,195.09,0.0,65.0,D,SimuProA-5,EV_105
385.598,25.0,90.59,2200.0,0,3.73,1,84.97,4.15,35.0,30.0,210.0,EV_105,0.0,1110,0.0,DR692730_6,65.0,118488.51,DR692730,195.09,0.0,65.0,D,SimuProA-5,EV_105
392.947,10.0,90.59,1100.0,0,3.75,1,84.97,4.15,18.0,12.0,210.0,EV_105,0.0,1120,5.0,DR692730_6,65.0,118488.56,DR692730,195.09,0.0,65.0,D,SimuProA-5,EV_105
376.065,35.0,90.59,2100.0,0,3.76,1,84.95,4.14,32.0,65.0,210.0,EV_105,0.0,1130,0.0,DR692730_6,45.8,118488.65,DR692730,195.09,0.0,46.2,D,SimuProA-5,EV_105
382.023,0.0,90.59,400.0,0,3.74,1,84.95,4.15,8.0,-32.0,210.0,EV_105,0.028,1140,65.0,DR692730_6,45.9,118488.67,DR692730,195.09,0.0,46.3,D,SimuProA-5,EV_105
374.251,45.0,90.59,1600.0,0,3.72,1,84.92,4.14,25.0,85.0,210.0,EV_105,0.0,1150,0.0,DR692730_6,46.0,118488.74,DR692730,195.09,0.0,46.4,D,SimuProA-5,EV_105
379.949,30.0,90.59,2400.0,0,3.73,1,84.9,4.13,38.0,45.0,210.0,EV_105,0.0,1160,0.0,DR692730_6,46.1,118488.85,DR692730,195.09,0.0,46.5,D,SimuProA-5,EV_105
372.365,55.0,90.59,2700.0,0,3.71,1,84.88,4.15,42.0,95.0,210.0,EV_105,0.0,1170,0.0,DR692730_6,46.2,118488.96,DR692730,195.09,0.0,46.6,D,SimuProA-5,EV_105
384.567,0.0,90.59,800.0,0,3.74,1,84.88,4.14,12.0,-25.0,210.0,EV_105,0.025,1180,45.0,DR692730_6,46.3,118489.0,DR692730,195.09,0.0,46.7,D,SimuProA-5,EV_105
371.534,65.0,90.59,3600.0,0,3.7,1,84.84,4.15,55.0,110.0,210.0,EV_105,0.0,1190,0.0,DR692730_6,46.4,118489.15,DR692730,195.09,0.0,46.8,D,SimuProA-5,EV_105
368.588,75.0,90.59,4100.0,0,3.69,1,84.8,4.15,62.0,135.0,210.0,EV_105,0.0,1200,0.0,DR692730_6,46.5,118489.32,DR692730,195.09,0.0,46.9,D,SimuProA-5,EV_105
380.311,0.0,90.59,900.0,0,3.75,1,84.8,4.14,15.0,-35.0,210.0,EV_105,0.029,1210,55.0,DR692730_6,46.6,118489.37,DR692730,195.09,0.0,47.0,D,SimuProA-5,EV_105
385.295,0.0,90.59,300.0,0,3.76,1,84.78,4.14,5.0,-40.0,210.0,EV_105,0.032,1220,60.0,DR692730_6,46.7,118489.38,DR692730,195.09,0.0,47.1,D,SimuProA-5,EV_105
392.211,45.0,90.59,1600.0,0,3.72,1,84.77,4.15,25.0,85.0,210.0,EV_105,0.0,1230,0.0,DR692730_6,46.8,118489.45,DR692730,195.09,0.0,47.2,D,SimuProA-5,EV_105
379.14,0.0,90.59,600.0,0,3.74,1,84.75,4.14,10.0,-30.0,210.0,EV_105,0.028,1240,35.0,DR692730_6,46.9,118489.48,DR692730,195.09,0.0,47.3,D,SimuProA-5,EV_105
365.774,55.0,90.59,2100.0,0,3.71,1,84.73,4.15,32.0,110.0,210.0,EV_105,0.0,1250,0.0,DR692730_6,47.0,118489.57,DR692730,195.09,0.0,47.4,D,SimuProA-5,EV_105
398.354,0.0,90.59,750.0,0,3.78,1,84.72,4.15,12.0,-40.0,210.0,EV_105,0.03,1260,65.0,DR692730_6,47.1,118489.6,DR692730,195.09,0.0,47.5,D,SimuProA-5,EV_105
372.522,50.0,90.59,1850.0,0,3.73,1,84.69,4.15,28.0,95.0,210.0,EV_105,0.0,1270,0.0,DR692730_6,47.2,118489.68,DR692730,195.09,0.0,47.6,D,SimuProA-5,EV_105
370.285,45.0,90.59,2800.0,0,3.72,1,84.67,4.15,62.0,105.0,210.0,EV_105,0.0,0,0.0,DR692730_7,47.4,118489.85,DR692730,195.09,0.0,47.8,D,SimuProA-5,EV_105
374.845,35.0,90.59,3900.0,0,3.74,1,84.64,4.15,85.0,82.0,210.0,EV_105,0.0,10,0.0,DR692730_7,47.5,118490.09,DR692730,195.09,0.0,47.9,D,SimuProA-5,EV_105
367.939,65.0,90.59,4800.0,0,3.71,1,84.62,4.15,105.0,135.0,210.0,EV_105,0.0,20,0.0,DR692730_7,47.7,118490.38,DR692730,195.09,0.0,48.2,D,SimuProA-5,EV_105
365.484,70.0,90.59,5100.0,0,3.7,1,84.59,4.14,112.0,145.0,210.0,EV_105,0.0,30,0.0,DR692730_7,47.9,118490.69,DR692730,195.09,0.0,48.4,D,SimuProA-5,EV_105
368.092,40.0,90.59,4900.0,0,3.72,1,84.55,4.13,108.0,110.0,210.0,EV_105,0.0,40,0.0,DR692730_7,48.1,118490.99,DR692730,195.09,0.0,48.6,D,SimuProA-5,EV_105
365.631,60.0,90.59,5250.0,0,3.71,1,84.52,4.14,115.0,125.0,210.0,EV_105,0.0,50,0.0,DR692730_7,48.3,118491.31,DR692730,195.09,0.0,48.8,D,SimuProA-5,EV_105
362.626,45.0,90.59,5000.0,0,3.69,1,84.49,4.13,110.0,138.5,210.0,EV_105,0.0,60,0.0,DR692730_7,48.5,118491.62,DR692730,195.09,0.0,49.0,D,SimuProA-5,EV_105
360.949,75.0,90.59,5350.0,0,3.67,1,84.46,4.12,118.0,155.2,210.0,EV_105,0.0,70,0.0,DR692730_7,48.7,118491.94,DR692730,195.09,0.0,49.2,D,SimuProA-5,EV_105
366.421,0.0,90.59,4750.0,0,3.7,1,84.41,4.13,105.0,-25.4,210.0,EV_105,0.04,80,15.0,DR692730_7,48.6,118492.24,DR692730,195.09,0.0,49.1,D,SimuProA-5,EV_105
363.591,30.0,90.59,4600.0,0,3.71,1,84.37,4.14,102.0,95.3,210.0,EV_105,0.0,90,0.0,DR692730_7,48.8,118492.52,DR692730,195.09,0.0,49.3,D,SimuProA-5,EV_105
367.359,20.0,90.59,4300.0,0,3.72,1,84.32,4.15,96.0,65.8,210.0,EV_105,0.0,100,0.0,DR692730_7,48.9,118492.79,DR692730,195.09,0.0,49.4,D,SimuProA-5,EV_105
364.759,25.0,90.59,4500.0,0,3.7,1,84.28,4.14,100.0,82.1,210.0,EV_105,0.0,110,0.0,DR692730_7,49.0,118493.07,DR692730,195.09,0.0,49.5,D,SimuProA-5,EV_105
365.239,22.0,90.59,4400.0,0,3.71,1,84.23,4.15,98.0,78.5,210.0,EV_105,0.0,120,0.0,DR692730_7,49.1,118493.34,DR692730,195.09,0.0,49.6,D,SimuProA-5,EV_105
364.17,35.0,90.59,4750.0,0,3.7,1,84.2,4.14,105.0,88.2,210.0,EV_105,0.0,130,0.0,DR692730_7,49.2,118493.63,DR692730,195.09,0.0,49.7,D,SimuProA-5,EV_105
362.179,55.0,90.59,5050.0,0,3.69,1,84.16,4.16,112.0,115.6,210.0,EV_105,0.0,140,0.0,DR692730_7,49.4,118493.95,DR692730,195.09,0.0,49.9,D,SimuProA-5,EV_105
361.031,60.0,90.59,5200.0,0,3.68,1,84.11,4.17,115.0,125.4,210.0,EV_105,0.0,150,0.0,DR692730_7,49.5,118494.27,DR692730,195.09,0.0,50.0,D,SimuProA-5,EV_105
361.173,50.0,90.59,5350.0,0,3.67,1,84.07,4.16,118.0,110.2,210.0,EV_105,0.0,160,0.0,DR692730_7,49.6,118494.6,DR692730,195.09,0.0,50.1,D,SimuProA-5,EV_105
359.666,45.0,90.59,5100.0,0,3.65,1,84.04,4.18,110.0,135.8,210.0,EV_105,0.0,170,0.0,DR692730_7,49.7,118494.9,DR692730,195.09,0.0,50.2,D,SimuProA-5,EV_105
357.713,58.0,90.59,5250.0,0,3.64,1,83.97,4.19,116.5,142.5,210.0,EV_105,0.0,180,0.0,DR692730_7,49.8,118495.22,DR692730,195.09,0.0,50.3,D,SimuProA-5,EV_105
360.553,40.0,90.59,4880.0,0,3.66,1,83.94,4.17,108.2,105.3,210.0,EV_105,0.0,190,0.0,DR692730_7,49.9,118495.52,DR692730,195.09,0.0,50.4,D,SimuProA-5,EV_105
357.691,65.0,90.59,5400.0,0,3.62,1,83.86,4.2,120.0,155.1,210.0,EV_105,0.0,200,0.0,DR692730_7,50.0,118495.86,DR692730,195.09,0.0,50.6,D,SimuProA-5,EV_105
356.955,62.0,90.59,5380.0,0,3.61,1,83.83,4.2,119.2,160.5,210.0,EV_105,0.0,210,0.0,DR692730_7,50.1,118496.19,DR692730,195.09,0.0,50.7,D,SimuProA-5,EV_105
357.938,48.0,90.59,5150.0,0,3.63,1,83.83,4.19,112.5,130.2,210.0,EV_105,0.0,220,0.0,DR692730_7,50.2,118496.5,DR692730,195.09,0.0,50.8,D,SimuProA-5,EV_105
358.677,42.0,90.59,4800.0,0,3.64,1,83.79,4.18,105.8,125.8,210.0,EV_105,0.0,230,0.0,DR692730_7,50.3,118496.8,DR692730,195.09,0.0,50.9,D,SimuProA-5,EV_105
358.997,35.0,90.59,4420.0,0,3.65,1,83.75,4.19,98.4,118.5,210.0,EV_105,0.0,240,0.0,DR692730_7,50.4,118497.07,DR692730,195.09,0.0,51.0,D,SimuProA-5,EV_105
360.243,32.0,90.59,4270.0,0,3.66,1,83.7,4.2,95.2,112.3,210.0,EV_105,0.0,250,0.0,DR692730_7,50.5,118497.34,DR692730,195.09,0.0,51.1,D,SimuProA-5,EV_105
360.445,28.0,90.59,4130.0,0,3.67,1,83.67,4.19,92.1,108.9,210.0,EV_105,0.0,260,0.0,DR692730_7,50.6,118497.59,DR692730,195.09,0.0,51.2,D,SimuProA-5,EV_105
360.206,29.5,90.59,4207.0,0,3.67,1,83.63,4.19,93.8,105.4,210.0,EV_105,0.0,270,0.0,DR692730_7,50.7,118497.85,DR692730,195.09,0.0,51.3,D,SimuProA-5,EV_105
359.711,33.0,90.59,4328.0,0,3.66,1,83.59,4.18,96.5,115.2,210.0,EV_105,0.0,280,0.0,DR692730_7,50.8,118498.12,DR692730,195.09,0.0,51.4,D,SimuProA-5,EV_105
359.455,45.0,90.59,4608.0,0,3.65,1,83.53,4.19,102.4,128.7,210.0,EV_105,0.0,290,0.0,DR692730_7,50.9,118498.4,DR692730,195.09,0.0,51.6,D,SimuProA-5,EV_105
359.251,52.0,90.59,4761.0,0,3.64,1,83.45,4.18,105.8,135.6,210.0,EV_105,0.0,300,0.0,DR692730_7,51.1,118498.69,DR692730,195.09,0.0,51.8,D,SimuProA-5,EV_105
359.591,38.0,90.59,4554.0,0,3.63,1,83.41,4.17,101.2,122.4,210.0,EV_105,0.0,310,0.0,DR692730_7,51.3,118498.97,DR692730,195.09,0.0,52.0,D,SimuProA-5,EV_105
358.955,58.0,90.59,4883.0,0,3.62,1,83.34,4.17,108.5,142.8,210.0,EV_105,0.0,320,0.0,DR692730_7,51.6,118499.28,DR692730,195.09,0.0,52.3,D,SimuProA-5,EV_105
357.785,68.0,90.59,5058.0,0,3.61,1,83.23,4.16,112.4,165.3,210.0,EV_105,0.0,330,0.0,DR692730_7,51.9,118499.59,DR692730,195.09,0.0,52.6,D,SimuProA-5,EV_105
357.55,75.0,90.59,5256.0,0,3.59,1,83.11,4.15,116.8,178.9,210.0,EV_105,0.0,340,0.0,DR692730_7,52.3,118499.92,DR692730,195.09,0.0,53.0,D,SimuProA-5,EV_105
358.035,48.0,90.59,4973.0,0,3.6,1,83.02,4.16,110.5,145.2,210.0,EV_105,0.0,350,0.0,DR692730_7,52.5,118500.22,DR692730,195.09,0.0,53.2,D,SimuProA-5,EV_105
357.16,62.0,90.59,5140.0,0,3.58,1,82.89,4.15,114.2,170.5,210.0,EV_105,0.0,360,0.0,DR692730_7,52.7,118500.54,DR692730,195.09,0.0,53.4,D,SimuProA-5,EV_105
356.57,78.0,90.59,5334.0,0,3.57,1,82.78,4.14,118.5,185.2,210.0,EV_105,0.0,370,0.0,DR692730_7,53.0,118500.87,DR692730,195.09,0.0,53.7,D,SimuProA-5,EV_105
356.93,52.0,90.59,5080.0,0,3.59,1,82.68,4.15,112.8,155.8,210.0,EV_105,0.0,380,0.0,DR692730_7,53.2,118501.18,DR692730,195.09,0.0,53.9,D,SimuProA-5,EV_105
356.013,58.0,90.59,5197.0,0,3.58,1,82.57,4.15,115.4,162.5,210.0,EV_105,0.0,390,0.0,DR692730_7,53.4,118501.5,DR692730,195.09,0.0,54.1,D,SimuProA-5,EV_105
355.88,72.0,90.59,5368.0,0,3.57,1,82.44,4.14,119.2,175.3,210.0,EV_105,0.0,400,0.0,DR692730_7,53.6,118501.83,DR692730,195.09,0.0,54.3,D,SimuProA-5,EV_105
355.846,45.0,90.59,5025.0,0,3.59,1,82.32,4.15,111.6,148.7,210.0,EV_105,0.0,410,0.0,DR692730_7,53.8,118502.14,DR692730,195.09,0.0,54.5,D,SimuProA-5,EV_105
355.396,62.0,90.59,5265.0,0,3.61,1,82.21,4.16,116.8,168.4,210.0,EV_105,0.0,420,0.0,DR692730_7,54.0,118502.46,DR692730,195.09,0.0,54.7,D,SimuProA-5,EV_105
355.275,82.0,90.59,5430.0,0,3.62,1,82.09,4.17,120.5,178.9,210.0,EV_105,0.0,430,0.0,DR692730_7,54.2,118502.8,DR692730,195.09,0.0,54.9,D,SimuProA-5,EV_105
355.412,48.0,90.59,5104.0,0,3.6,1,81.96,4.16,113.2,142.3,210.0,EV_105,0.0,440,0.0,DR692730_7,54.4,118503.11,DR692730,195.09,0.0,55.1,D,SimuProA-5,EV_105
355.355,85.0,90.59,5490.0,0,3.61,1,81.96,4.17,121.8,182.5,210.0,EV_105,0.0,450,0.0,DR692730_7,54.5,118503.45,DR692730,195.09,0.0,55.2,D,SimuProA-5,EV_105
355.193,88.0,90.59,5562.0,0,3.62,1,81.96,4.18,123.4,195.2,210.0,EV_105,0.0,460,0.0,DR692730_7,54.6,118503.79,DR692730,195.09,0.0,55.3,D,SimuProA-5,EV_105
354.514,84.0,90.59,5503.0,0,3.61,1,81.96,4.17,122.1,188.7,210.0,EV_105,0.0,470,0.0,DR692730_7,54.7,118504.13,DR692730,195.09,0.0,55.4,D,SimuProA-5,EV_105
353.451,90.0,90.59,5600.0,0,3.61,1,81.91,4.18,124.2,198.5,210.0,EV_105,0.0,480,0.0,DR692730_7,54.9,118504.48,DR692730,195.09,0.0,55.6,D,SimuProA-5,EV_105
354.76,65.0,90.59,5340.0,0,3.62,1,81.88,4.17,118.5,165.3,210.0,EV_105,0.0,490,0.0,DR692730_7,55.1,118504.8,DR692730,195.09,0.0,55.8,D,SimuProA-5,EV_105
354.994,55.0,90.59,5218.0,0,3.6,1,81.85,4.16,115.8,145.8,210.0,EV_105,0.0,500,0.0,DR692730_7,55.3,118505.13,DR692730,195.09,0.0,56.0,D,SimuProA-5,EV_105
353.429,70.0,90.59,5282.0,0,3.61,1,81.82,4.17,117.2,175.5,210.0,EV_105,0.0,510,0.0,DR692730_7,55.4,118505.46,DR692730,195.09,0.0,56.1,D,SimuProA-5,EV_105
352.256,82.0,90.59,5385.0,0,3.6,1,81.81,4.18,119.5,190.2,210.0,EV_105,0.0,520,0.0,DR692730_7,55.5,118505.79,DR692730,195.09,0.0,56.3,D,SimuProA-5,EV_105
353.604,60.0,90.59,5263.0,0,3.61,1,81.78,4.17,116.8,155.6,210.0,EV_105,0.0,530,0.0,DR692730_7,55.7,118506.11,DR692730,195.09,0.0,56.5,D,SimuProA-5,EV_105
351.338,78.0,90.59,5328.0,0,3.59,1,81.77,4.17,118.2,185.4,210.0,EV_105,0.0,540,0.0,DR692730_7,55.8,118506.44,DR692730,195.09,0.0,56.6,D,SimuProA-5,EV_105
350.375,88.0,90.59,5412.0,0,3.58,1,81.75,4.18,120.0,195.1,210.0,EV_105,0.0,550,0.0,DR692730_7,55.9,118506.77,DR692730,195.09,0.0,56.8,D,SimuProA-5,EV_105
353.502,45.0,90.59,5074.0,0,3.6,1,81.73,4.16,112.5,140.2,210.0,EV_105,0.0,560,0.0,DR692730_7,56.0,118507.08,DR692730,195.09,0.0,56.9,D,SimuProA-5,EV_105
351.487,55.0,90.59,5190.0,0,3.61,1,81.7,4.17,115.2,165.4,210.0,EV_105,0.0,570,0.0,DR692730_7,56.2,118507.4,DR692730,195.09,0.0,57.1,D,SimuProA-5,EV_105
349.863,72.0,90.59,5344.0,0,3.59,1,81.68,4.18,118.6,188.7,210.0,EV_105,0.0,580,0.0,DR692730_7,56.4,118507.73,DR692730,195.09,0.0,57.3,D,SimuProA-5,EV_105
353.278,35.0,90.59,4978.0,0,3.62,1,81.65,4.16,110.4,135.8,210.0,EV_105,0.0,590,0.0,DR692730_7,56.5,118508.04,DR692730,195.09,0.0,57.4,D,SimuProA-5,EV_105
351.053,68.0,90.59,5312.0,0,3.605,1,81.61,4.175,117.8,175.5,210.0,EV_105,0.0,600,0.0,DR692730_7,56.7,118508.37,DR692730,195.09,0.0,57.6,D,SimuProA-5,EV_105
355.289,38.0,90.59,4875.0,0,3.615,1,81.58,4.165,108.2,125.3,210.0,EV_105,0.0,610,0.0,DR692730_7,56.9,118508.67,DR692730,195.09,0.0,57.8,D,SimuProA-5,EV_105
352.053,52.0,90.59,5112.0,0,3.608,1,81.57,4.172,113.5,155.2,210.0,EV_105,0.0,620,0.0,DR692730_7,57.1,118508.98,DR692730,195.09,0.0,58.0,D,SimuProA-5,EV_105
353.792,36.0,90.59,5014.0,0,3.612,1,81.54,4.168,111.2,132.5,210.0,EV_105,0.0,630,0.0,DR692730_7,57.25,118509.29,DR692730,195.09,0.0,58.12,D,SimuProA-5,EV_105
349.239,74.0,90.59,5253.0,0,3.598,1,81.53,4.182,116.5,192.3,210.0,EV_105,0.0,640,0.0,DR692730_7,57.38,118509.61,DR692730,195.09,0.0,58.28,D,SimuProA-5,EV_105
355.275,32.0,90.59,4861.0,0,3.618,1,81.51,4.165,107.8,128.6,210.0,EV_105,0.0,650,0.0,DR692730_7,57.48,118509.91,DR692730,195.09,0.0,58.35,D,SimuProA-5,EV_105
351.906,42.0,90.59,5068.0,0,3.61,1,81.48,4.17,112.4,145.8,210.0,EV_105,0.0,660,0.0,DR692730_7,57.65,118510.22,DR692730,195.09,0.0,58.52,D,SimuProA-5,EV_105
349.343,68.0,90.59,5345.0,0,3.595,1,81.47,4.185,118.6,178.5,210.0,EV_105,0.0,670,0.0,DR692730_7,57.88,118510.55,DR692730,195.09,0.0,58.78,D,SimuProA-5,EV_105
354.406,28.0,90.59,4748.0,0,3.622,1,81.46,4.162,105.3,115.2,210.0,EV_105,0.0,680,0.0,DR692730_7,57.95,118510.84,DR692730,195.09,0.0,58.85,D,SimuProA-5,EV_105
348.307,70.0,90.59,5316.0,0,3.592,1,81.46,4.188,117.8,185.4,210.0,EV_105,0.0,690,0.0,DR692730_7,58.02,118511.17,DR692730,195.09,0.0,58.96,D,SimuProA-5,EV_105
356.337,35.0,90.59,4884.0,0,3.615,1,81.45,4.168,108.2,132.7,210.0,EV_105,0.0,700,0.0,DR692730_7,58.15,118511.47,DR692730,195.09,0.0,59.05,D,SimuProA-5,EV_105
353.397,55.0,90.59,5167.0,0,3.605,1,81.43,4.175,114.5,155.9,210.0,EV_105,0.0,710,0.0,DR692730_7,58.28,118511.79,DR692730,195.09,0.0,59.18,D,SimuProA-5,EV_105
347.445,65.0,90.59,5385.0,0,3.598,1,81.42,4.182,119.4,162.3,210.0,EV_105,0.0,720,0.0,DR692730_7,58.41,118512.12,DR692730,195.09,0.0,59.32,D,SimuProA-5,EV_105
355.07,22.0,90.59,4603.0,0,3.611,1,81.41,4.171,102.1,98.7,210.0,EV_105,0.0,730,0.0,DR692730_7,58.54,118512.41,DR692730,195.09,0.0,59.45,D,SimuProA-5,EV_105
347.303,72.0,90.59,5522.0,0,3.587,1,81.39,4.189,122.5,175.4,210.0,EV_105,0.0,740,0.0,DR692730_7,58.72,118512.75,DR692730,195.09,0.0,59.61,D,SimuProA-5,EV_105
358.344,25.0,90.59,4892.0,0,3.618,1,81.38,4.173,108.5,85.4,210.0,EV_105,0.0,750,0.0,DR692730_7,58.83,118513.05,DR692730,195.09,0.0,59.72,D,SimuProA-5,EV_105
354.702,48.0,90.59,5226.0,0,3.609,1,81.36,4.181,115.8,128.6,210.0,EV_105,0.0,760,0.0,DR692730_7,58.95,118513.37,DR692730,195.09,0.0,59.85,D,SimuProA-5,EV_105
361.864,0.0,90.59,4163.0,0,3.614,1,81.34,4.178,92.3,-45.2,210.0,EV_105,0.04,770,15.0,DR692730_7,59.02,118513.63,DR692730,195.09,0.0,59.92,D,SimuProA-5,EV_105
356.531,35.0,90.59,4756.0,0,3.612,1,81.31,4.175,105.4,110.5,210.0,EV_105,0.0,780,0.0,DR692730_7,59.15,118513.92,DR692730,195.09,0.0,60.05,D,SimuProA-5,EV_105
349.846,55.0,90.59,5083.0,0,3.595,1,81.29,4.182,112.7,145.2,210.0,EV_105,0.0,790,0.0,DR692730_7,59.28,118514.24,DR692730,195.09,0.0,60.18,D,SimuProA-5,EV_105
360.632,0.0,90.59,4428.0,0,3.615,1,81.27,4.179,98.2,-35.8,210.0,EV_105,0.05,800,12.0,DR692730_7,59.35,118514.51,DR692730,195.09,0.0,60.25,D,SimuProA-5,EV_105
352.774,42.0,90.59,4892.0,0,3.602,1,81.21,4.178,108.5,135.4,210.0,EV_105,0.0,810,0.0,DR692730_7,59.48,118514.81,DR692730,195.09,0.0,60.38,D,SimuProA-5,EV_105
348.322,65.0,90.59,5330.0,0,3.588,1,81.17,4.185,118.2,158.2,210.0,EV_105,0.0,820,0.0,DR692730_7,59.65,118515.14,DR692730,195.09,0.0,60.55,D,SimuProA-5,EV_105
355.337,0.0,90.59,4618.0,0,3.611,1,81.16,4.176,102.4,-28.5,210.0,EV_105,0.06,830,18.0,DR692730_7,59.72,118515.42,DR692730,195.09,0.0,60.62,D,SimuProA-5,EV_105
347.032,52.0,90.59,5158.0,0,3.591,1,81.13,4.184,114.3,148.6,210.0,EV_105,0.0,840,0.0,DR692730_7,59.81,118515.74,DR692730,195.09,0.0,60.71,D,SimuProA-5,EV_105
341.89,75.0,90.59,5432.0,0,3.575,1,81.1,4.189,120.5,185.3,210.0,EV_105,0.0,850,0.0,DR692730_7,59.95,118516.07,DR692730,195.09,0.0,60.85,D,SimuProA-5,EV_105
345.585,0.0,90.59,4772.0,0,3.608,1,81.09,4.181,105.8,-32.1,210.0,EV_105,0.07,860,15.0,DR692730_7,60.02,118516.37,DR692730,195.09,0.0,60.92,D,SimuProA-5,EV_105
350.847,45.0,90.59,5070.0,0,3.595,1,81.07,4.182,112.5,142.5,210.0,EV_105,0.0,870,0.0,DR692730_7,60.15,118516.68,DR692730,195.09,0.0,61.05,D,SimuProA-5,EV_105
343.891,68.0,90.59,5400.0,0,3.58,1,81.07,4.19,119.8,175.8,210.0,EV_105,0.0,880,0.0,DR692730_7,60.35,118517.02,DR692730,195.09,0.0,61.22,D,SimuProA-5,EV_105
352.435,0.0,90.59,4875.0,0,3.615,1,81.05,4.175,108.2,-25.4,210.0,EV_105,0.06,890,12.0,DR692730_7,60.48,118517.32,DR692730,195.09,0.0,61.35,D,SimuProA-5,EV_105
342.288,72.0,90.59,5480.0,0,3.572,1,81.03,4.185,121.5,180.2,210.0,EV_105,0.0,900,0.0,DR692730_7,60.58,118517.66,DR692730,195.09,0.0,61.45,D,SimuProA-5,EV_105
348.498,0.0,90.59,4890.0,0,3.605,1,81.01,4.178,108.5,-45.8,210.0,EV_105,0.08,910,18.0,DR692730_7,60.72,118517.96,DR692730,195.09,0.0,61.58,D,SimuProA-5,EV_105
343.984,65.0,90.59,5320.0,0,3.585,1,80.98,4.188,118.0,165.5,210.0,EV_105,0.0,920,0.0,DR692730_7,60.88,118518.29,DR692730,195.09,0.0,61.75,D,SimuProA-5,EV_105
338.374,75.0,90.59,5600.0,0,3.57,1,80.94,4.19,125.0,185.0,210.0,EV_105,0.0,930,0.0,DR692730_7,61.0,118518.64,DR692730,195.09,0.0,61.9,D,SimuProA-5,EV_105
345.55,0.0,90.59,5040.0,0,3.6,1,80.93,4.18,112.0,-30.5,210.0,EV_105,0.07,940,15.0,DR692730_7,61.1,118518.95,DR692730,195.09,0.0,62.0,D,SimuProA-5,EV_105
339.857,70.0,90.59,5480.0,0,3.58,1,80.91,4.185,122.0,170.0,210.0,EV_105,0.0,950,0.0,DR692730_7,61.2,118519.29,DR692730,195.09,0.0,62.15,D,SimuProA-5,EV_105
337.87,45.0,90.59,5175.0,0,3.575,1,80.87,4.182,115.0,160.0,210.0,EV_105,0.0,960,0.0,DR692730_7,61.4,118519.61,DR692730,195.09,0.0,62.3,D,SimuProA-5,EV_105
342.235,15.0,90.59,4725.0,0,3.572,1,80.84,4.18,105.0,25.0,210.0,EV_105,0.0,970,0.0,DR692730_7,61.5,118519.9,DR692730,195.09,0.0,62.4,D,SimuProA-5,EV_105
352.81,0.0,90.59,4275.0,0,3.568,1,80.84,4.175,95.0,-40.0,210.0,EV_105,0.09,980,20.0,DR692730_7,61.6,118520.16,DR692730,195.09,0.0,62.5,D,SimuProA-5,EV_105
344.564,25.0,90.59,4500.0,0,3.57,1,80.82,4.178,100.0,18.5,210.0,EV_105,0.0,990,0.0,DR692730_7,61.65,118520.44,DR692730,195.09,0.0,62.55,D,SimuProA-5,EV_105
346.525,55.0,90.59,4860.0,0,3.573,1,80.82,4.18,108.0,42.0,210.0,EV_105,0.0,1000,0.0,DR692730_7,61.7,118520.74,DR692730,195.09,0.0,62.62,D,SimuProA-5,EV_105
339.885,75.0,90.59,5175.0,0,3.565,1,80.8,4.185,115.0,115.0,210.0,EV_105,0.0,1010,0.0,DR692730_7,61.8,118521.06,DR692730,195.09,0.0,62.75,D,SimuProA-5,EV_105
336.236,85.0,90.59,5310.0,0,3.56,1,80.77,4.185,118.0,145.0,210.0,EV_105,0.0,1020,0.0,DR692730_7,61.9,118521.39,DR692730,195.09,0.0,62.85,D,SimuProA-5,EV_105
338.238,65.0,90.59,5040.0,0,3.565,1,80.77,4.182,112.0,105.0,210.0,EV_105,0.0,1030,0.0,DR692730_7,61.95,118521.7,DR692730,195.09,0.0,62.9,D,SimuProA-5,EV_105
341.949,30.0,90.59,4590.0,0,3.568,1,80.76,4.178,102.0,55.0,210.0,EV_105,0.0,1040,0.0,DR692730_7,62.0,118521.98,DR692730,195.09,0.0,62.95,D,SimuProA-5,EV_105
340.611,35.0,90.59,4500.0,0,3.57,1,80.74,4.175,100.0,65.0,210.0,EV_105,0.0,1050,0.0,DR692730_7,62.05,118522.26,DR692730,195.09,0.0,63.0,D,SimuProA-5,EV_105
337.946,45.0,90.59,4725.0,0,3.565,1,80.73,4.17,105.0,85.0,210.0,EV_105,0.0,1060,0.0,DR692730_7,62.1,118522.55,DR692730,195.09,0.0,63.1,D,SimuProA-5,EV_105
341.825,25.0,90.59,4410.0,0,3.568,1,80.73,4.172,98.0,48.0,210.0,EV_105,0.0,1070,0.0,DR692730_7,62.15,118522.82,DR692730,195.09,0.0,63.15,D,SimuProA-5,EV_105
339.564,32.0,90.59,4522.0,0,3.567,1,80.71,4.174,100.5,58.5,210.0,EV_105,0.0,1080,0.0,DR692730_7,62.22,118523.1,DR692730,195.09,0.0,63.22,D,SimuProA-5,EV_105
337.305,55.0,90.59,4860.0,0,3.564,1,80.68,4.17,108.0,92.0,210.0,EV_105,0.0,1090,0.0,DR692730_7,62.35,118523.4,DR692730,195.09,0.0,63.35,D,SimuProA-5,EV_105
341.301,38.0,90.59,4680.0,0,3.569,1,80.66,4.176,104.0,62.0,210.0,EV_105,0.0,1100,0.0,DR692730_7,62.45,118523.69,DR692730,195.09,0.0,63.45,D,SimuProA-5,EV_105
337.365,42.0,90.59,4770.0,0,3.562,1,80.62,4.172,106.0,88.5,210.0,EV_105,0.0,1110,0.0,DR692730_7,62.55,118523.98,DR692730,195.09,0.0,63.55,D,SimuProA-5,EV_105
338.645,30.0,90.59,4590.0,0,3.566,1,80.6,4.175,102.0,72.0,210.0,EV_105,0.0,1120,0.0,DR692730_7,62.65,118524.27,DR692730,195.09,0.0,63.65,D,SimuProA-5,EV_105
335.36,65.0,90.59,5040.0,0,3.56,1,80.54,4.178,112.0,115.0,210.0,EV_105,0.0,1130,0.0,DR692730_7,62.8,118524.58,DR692730,195.09,0.0,63.8,D,SimuProA-5,EV_105
332.515,72.0,90.59,5175.0,0,3.555,1,80.47,4.18,115.0,135.0,210.0,EV_105,0.0,1140,0.0,DR692730_7,63.0,118524.9,DR692730,195.09,0.0,64.0,D,SimuProA-5,EV_105
336.366,45.0,90.59,4860.0,0,3.562,1,80.44,4.175,108.0,85.0,210.0,EV_105,0.0,1150,0.0,DR692730_7,63.15,118525.2,DR692730,195.09,0.0,64.15,D,SimuProA-5,EV_105
340.946,32.0,90.59,4590.0,0,3.568,1,80.4,4.172,102.0,55.0,210.0,EV_105,0.0,1160,0.0,DR692730_7,63.25,118525.48,DR692730,195.09,0.0,64.25,D,SimuProA-5,EV_105
337.868,35.0,90.59,4725.0,0,3.564,1,80.36,4.176,105.0,68.0,210.0,EV_105,0.0,1170,0.0,DR692730_7,63.35,118525.77,DR692730,195.09,0.0,64.35,D,SimuProA-5,EV_105
334.667,48.0,90.59,4860.0,0,3.56,1,80.3,4.179,108.0,95.0,210.0,EV_105,0.0,1180,0.0,DR692730_7,63.5,118526.07,DR692730,195.09,0.0,64.5,D,SimuProA-5,EV_105
330.084,62.0,90.59,5130.0,0,3.556,1,80.23,4.181,114.0,125.0,210.0,EV_105,0.0,1190,0.0,DR692730_7,63.7,118526.39,DR692730,195.09,0.0,64.7,D,SimuProA-5,EV_105
327.601,72.0,90.59,5310.0,0,3.553,1,80.12,4.183,118.0,145.0,210.0,EV_105,0.0,1200,0.0,DR692730_7,63.9,118526.72,DR692730,195.09,0.0,64.9,D,SimuProA-5,EV_105
326.175,75.0,90.59,5400.0,0,3.55,1,80.04,4.185,120.0,155.0,210.0,EV_105,0.0,1210,0.0,DR692730_7,64.1,118527.05,DR692730,195.09,0.0,65.0,D,SimuProA-5,EV_105
328.099,0.0,90.59,4950.0,0,3.555,1,79.97,4.18,110.0,-35.0,210.0,EV_105,0.05,1220,35.0,DR692730_7,64.2,118527.36,DR692730,195.09,0.0,65.0,D,SimuProA-5,EV_105
332.447,35.0,90.59,4725.0,0,3.558,1,79.89,4.182,105.0,78.0,210.0,EV_105,0.0,1230,0.0,DR692730_7,64.4,118527.65,DR692730,195.09,0.0,65.0,D,SimuProA-5,EV_105
336.102,25.0,90.59,4410.0,0,3.561,1,79.83,4.184,98.0,55.0,210.0,EV_105,0.0,1240,0.0,DR692730_7,64.6,118527.92,DR692730,195.09,0.0,65.0,D,SimuProA-5,EV_105
339.149,20.0,90.59,4275.0,0,3.564,1,79.79,4.186,95.0,42.0,210.0,EV_105,0.0,1250,0.0,DR692730_7,64.8,118528.19,DR692730,195.09,0.0,65.0,D,SimuProA-5,EV_105
341.39,22.0,90.59,4320.0,0,3.566,1,79.72,4.188,96.0,38.5,210.0,EV_105,0.0,1260,0.0,DR692730_7,65.0,118528.46,DR692730,195.09,0.0,65.0,D,SimuProA-5,EV_105
340.042,28.0,90.59,4455.0,0,3.565,1,79.67,4.187,99.0,45.0,210.0,EV_105,0.0,1270,0.0,DR692730_7,65.0,118528.73,DR692730,195.09,0.0,65.0,D,SimuProA-5,EV_105
338.284,32.0,90.59,4635.0,0,3.564,1,79.6,4.186,103.0,52.0,210.0,EV_105,0.0,0,0.0,DR692730_8,65.0,118529.02,DR692730,195.09,0.0,65.0,D,SimuProA-5,EV_105
337.714,35.0,90.59,4680.0,0,3.563,1,79.53,4.185,104.0,58.0,210.0,EV_105,0.0,10,0.0,DR692730_8,65.0,118529.31,DR692730,195.09,0.0,65.0,D,SimuProA-5,EV_105
336.209,42.0,90.59,4815.0,0,3.562,1,79.44,4.184,107.0,72.0,210.0,EV_105,0.0,20,0.0,DR692730_8,65.0,118529.61,DR692730,195.09,0.0,65.0,D,SimuProA-5,EV_105
334.18,48.0,90.59,4905.0,0,3.561,1,79.32,4.183,109.0,85.0,210.0,EV_105,0.0,30,0.0,DR692730_8,65.0,118529.91,DR692730,195.09,0.0,65.0,D,SimuProA-5,EV_105
333.759,45.0,90.59,4860.0,0,3.56,1,79.21,4.182,108.0,78.0,210.0,EV_105,0.0,40,0.0,DR692730_8,65.0,118530.21,DR692730,195.09,0.0,65.0,D,SimuProA-5,EV_105
335.248,38.0,90.59,4725.0,0,3.559,1,79.15,4.181,105.0,62.0,210.0,EV_105,0.0,50,0.0,DR692730_8,65.0,118530.5,DR692730,195.09,0.0,65.0,D,SimuProA-5,EV_105
332.823,48.0,90.59,4950.0,0,3.558,1,79.06,4.18,110.0,82.0,210.0,EV_105,0.0,60,0.0,DR692730_8,65.0,118530.81,DR692730,195.09,0.0,65.0,D,SimuProA-5,EV_105
333.675,50.0,90.59,5040.0,0,3.557,1,78.95,4.179,112.0,88.0,210.0,EV_105,0.0,70,0.0,DR692730_8,65.0,118531.12,DR692730,195.09,0.0,65.0,D,SimuProA-5,EV_105
331.14,62.0,90.59,5175.0,0,3.556,1,78.82,4.178,115.0,105.0,210.0,EV_105,0.0,80,0.0,DR692730_8,65.0,118531.44,DR692730,195.09,0.0,65.0,D,SimuProA-5,EV_105
334.23,44.0,90.59,4950.0,0,3.555,1,78.75,4.177,110.0,75.0,210.0,EV_105,0.0,90,0.0,DR692730_8,65.0,118531.75,DR692730,195.09,0.0,65.0,D,SimuProA-5,EV_105
332.727,65.0,90.59,5220.0,0,3.554,1,78.63,4.176,116.0,95.0,210.0,EV_105,0.0,100,0.0,DR692730_8,65.0,118532.07,DR692730,195.09,0.0,65.0,D,SimuProA-5,EV_105
333.559,45.0,90.59,5000.0,0,3.553,1,78.53,4.175,111.0,78.0,210.0,EV_105,0.0,110,0.0,DR692730_8,65.0,118532.38,DR692730,195.09,0.0,65.0,D,SimuProA-5,EV_105
332.302,70.0,90.59,5310.0,0,3.552,1,78.41,4.174,118.0,110.0,210.0,EV_105,0.0,120,0.0,DR692730_8,65.0,118532.71,DR692730,195.09,0.0,65.0,D,SimuProA-5,EV_105
331.767,72.0,90.59,5355.0,0,3.551,1,78.38,4.173,119.0,115.0,210.0,EV_105,0.0,130,0.0,DR692730_8,65.0,118533.04,DR692730,195.09,0.0,65.0,D,SimuProA-5,EV_105
333.012,50.0,90.59,5130.0,0,3.55,1,78.35,4.172,114.0,85.0,210.0,EV_105,0.0,140,0.0,DR692730_8,65.0,118533.36,DR692730,195.09,0.0,65.0,D,SimuProA-5,EV_105
332.64,68.0,90.59,5265.0,0,3.549,1,78.34,4.171,117.0,100.0,210.0,EV_105,0.0,150,0.0,DR692730_8,65.0,118533.68,DR692730,195.09,0.0,65.0,D,SimuProA-5,EV_105
331.142,65.0,90.59,5220.0,0,3.548,1,78.3,4.17,116.0,125.0,210.0,EV_105,0.0,160,0.0,DR692730_8,65.0,118534.0,DR692730,195.09,0.0,65.0,D,SimuProA-5,EV_105
331.968,55.0,90.59,5040.0,0,3.547,1,78.27,4.169,112.0,95.0,210.0,EV_105,0.0,170,0.0,DR692730_8,65.0,118534.31,DR692730,195.09,0.0,65.0,D,SimuProA-5,EV_105
331.696,60.0,90.59,5175.0,0,3.546,1,78.23,4.168,115.0,105.0,210.0,EV_105,0.0,180,0.0,DR692730_8,65.0,118534.63,DR692730,195.09,0.0,65.0,D,SimuProA-5,EV_105
330.678,62.0,90.59,5242.0,0,3.545,1,78.17,4.167,116.5,118.0,210.0,EV_105,0.0,190,0.0,DR692730_8,65.0,118534.95,DR692730,195.09,0.0,65.0,D,SimuProA-5,EV_105
330.95,75.0,90.59,5355.0,0,3.544,1,78.14,4.166,119.0,135.0,210.0,EV_105,0.0,200,0.0,DR692730_8,65.0,118535.28,DR692730,195.09,0.0,65.0,D,SimuProA-5,EV_105
330.362,70.0,90.59,5310.0,0,3.543,1,78.09,4.165,118.0,142.0,210.0,EV_105,0.0,210,0.0,DR692730_8,65.0,118535.61,DR692730,195.09,0.0,65.0,D,SimuProA-5,EV_105
329.282,65.0,90.59,5287.0,0,3.542,1,78.04,4.164,117.5,125.0,210.0,EV_105,0.0,220,0.0,DR692730_8,65.0,118535.94,DR692730,195.09,0.0,65.0,D,SimuProA-5,EV_105
330.166,60.0,90.59,5220.0,0,3.541,1,78.0,4.163,116.0,110.0,210.0,EV_105,0.0,230,0.0,DR692730_8,65.0,118536.26,DR692730,195.09,0.0,65.0,D,SimuProA-5,EV_105
330.941,0.0,90.59,5085.0,0,3.543,1,78.0,4.165,113.0,-15.0,210.0,EV_105,0.05,240,10.0,DR692730_8,65.0,118536.57,DR692730,195.09,0.0,65.0,D,SimuProA-5,EV_105
330.82,55.0,90.59,5152.0,0,3.542,1,77.95,4.164,114.5,95.0,210.0,EV_105,0.0,250,0.0,DR692730_8,65.0,118536.89,DR692730,195.09,0.0,65.0,D,SimuProA-5,EV_105
330.094,65.0,90.59,5220.0,0,3.541,1,77.89,4.165,116.0,115.0,210.0,EV_105,0.0,260,0.0,DR692730_8,65.0,118537.21,DR692730,195.09,0.0,65.0,D,SimuProA-5,EV_105
329.655,70.0,90.59,5310.0,0,3.54,1,77.84,4.166,118.0,130.0,210.0,EV_105,0.0,270,0.0,DR692730_8,65.0,118537.54,DR692730,195.09,0.0,65.0,D,SimuProA-5,EV_105
328.815,75.0,90.59,5377.0,0,3.535,1,77.77,4.168,119.5,145.0,210.0,EV_105,0.0,280,0.0,DR692730_8,65.0,118537.87,DR692730,195.09,0.0,65.0,D,SimuProA-5,EV_105
329.893,50.0,90.59,5175.0,0,3.538,1,77.72,4.166,115.0,100.0,210.0,EV_105,0.0,290,0.0,DR692730_8,65.0,118538.19,DR692730,195.09,0.0,65.0,D,SimuProA-5,EV_105
327.845,80.0,90.59,5400.0,0,3.532,1,77.66,4.17,120.0,155.0,210.0,EV_105,0.0,300,0.0,DR692730_8,65.0,118538.52,DR692730,195.09,0.0,65.0,D,SimuProA-5,EV_105
325.773,75.0,90.59,5332.0,0,3.528,1,77.58,4.172,118.5,165.0,210.0,EV_105,0.0,310,0.0,DR692730_8,65.0,118538.85,DR692730,195.09,0.0,65.0,D,SimuProA-5,EV_105
325.753,85.0,90.59,5400.0,0,3.525,1,77.49,4.175,120.0,175.0,210.0,EV_105,0.0,320,0.0,DR692730_8,65.0,118539.18,DR692730,195.09,0.0,65.0,D,SimuProA-5,EV_105
328.313,45.0,90.59,5040.0,0,3.535,1,77.43,4.17,112.0,110.0,210.0,EV_105,0.0,330,0.0,DR692730_8,65.0,118539.49,DR692730,195.09,0.0,65.0,D,SimuProA-5,EV_105
329.948,40.0,90.59,4950.0,0,3.54,1,77.37,4.168,110.0,95.0,210.0,EV_105,0.0,340,0.0,DR692730_8,65.0,118539.8,DR692730,195.09,0.0,65.0,D,SimuProA-5,EV_105
332.825,30.0,90.59,4725.0,0,3.545,1,77.33,4.172,105.0,70.0,210.0,EV_105,0.0,350,0.0,DR692730_8,65.0,118540.09,DR692730,195.09,0.0,65.0,D,SimuProA-5,EV_105
334.196,25.0,90.59,4500.0,0,3.548,1,77.29,4.175,100.0,55.0,210.0,EV_105,0.0,360,0.0,DR692730_8,65.0,118540.37,DR692730,195.09,0.0,65.0,D,SimuProA-5,EV_105
336.531,22.0,90.59,4432.0,0,3.55,1,77.25,4.176,98.5,48.5,210.0,EV_105,0.0,370,0.0,DR692730_8,65.0,118540.64,DR692730,195.09,0.0,65.0,D,SimuProA-5,EV_105
337.017,18.5,90.59,4329.0,0,3.552,1,77.2,4.175,96.2,42.0,210.0,EV_105,0.0,380,0.0,DR692730_8,65.0,118540.91,DR692730,195.09,0.0,65.0,D,SimuProA-5,EV_105
335.654,28.0,90.59,4590.0,0,3.549,1,77.17,4.178,102.0,58.0,210.0,EV_105,0.0,390,0.0,DR692730_8,65.0,118541.19,DR692730,195.09,0.0,65.0,D,SimuProA-5,EV_105
333.84,29.0,90.59,4657.0,0,3.547,1,77.12,4.18,103.5,65.0,210.0,EV_105,0.0,400,0.0,DR692730_8,65.0,118541.48,DR692730,195.09,0.0,65.0,D,SimuProA-5,EV_105
335.314,24.0,90.59,4455.0,0,3.548,1,77.09,4.179,99.0,52.0,210.0,EV_105,0.0,410,0.0,DR692730_8,65.0,118541.75,DR692730,195.09,0.0,65.0,D,SimuProA-5,EV_105
336.644,21.0,90.59,4387.0,0,3.55,1,77.04,4.178,97.5,45.0,210.0,EV_105,0.0,420,0.0,DR692730_8,65.0,118542.02,DR692730,195.09,0.0,65.0,D,SimuProA-5,EV_105
335.218,22.0,90.59,4419.0,0,3.546,1,77.0,4.182,98.2,48.5,210.0,EV_105,0.0,430,0.0,DR692730_8,65.0,118542.29,DR692730,195.09,0.0,65.0,D,SimuProA-5,EV_105
332.969,38.0,90.59,4747.0,0,3.542,1,76.93,4.185,105.5,72.0,210.0,EV_105,0.0,440,0.0,DR692730_8,65.0,118542.59,DR692730,195.09,0.0,65.0,D,SimuProA-5,EV_105
334.772,26.0,90.59,4545.0,0,3.544,1,76.89,4.183,101.0,55.0,210.0,EV_105,0.0,450,0.0,DR692730_8,65.0,118542.87,DR692730,195.09,0.0,65.0,D,SimuProA-5,EV_105
333.49,30.0,90.59,4657.0,0,3.54,1,76.85,4.18,103.5,65.0,210.0,EV_105,0.0,460,0.0,DR692730_8,65.0,118543.16,DR692730,195.09,0.0,65.0,D,SimuProA-5,EV_105
334.924,25.0,90.59,4491.0,0,3.542,1,76.8,4.182,99.8,58.0,210.0,EV_105,0.0,470,0.0,DR692730_8,65.0,118543.43,DR692730,195.09,0.0,65.0,D,SimuProA-5,EV_105
331.984,45.0,90.59,4869.0,0,3.538,1,76.75,4.185,108.2,85.0,210.0,EV_105,0.0,480,0.0,DR692730_8,65.0,118543.74,DR692730,195.09,0.0,65.0,D,SimuProA-5,EV_105
332.716,40.0,90.59,4792.0,0,3.54,1,76.71,4.182,106.5,75.0,210.0,EV_105,0.0,490,0.0,DR692730_8,65.0,118544.04,DR692730,195.09,0.0,65.0,D,SimuProA-5,EV_105
333.84,28.0,90.59,4590.0,0,3.542,1,76.67,4.184,102.0,60.0,210.0,EV_105,0.0,500,0.0,DR692730_8,65.0,118544.32,DR692730,195.09,0.0,65.0,D,SimuProA-5,EV_105
331.513,55.0,90.59,5062.0,0,3.538,1,76.64,4.186,112.5,95.0,210.0,EV_105,0.0,510,0.0,DR692730_8,65.0,118544.63,DR692730,195.09,0.0,65.0,D,SimuProA-5,EV_105
331.645,58.0,90.59,5121.0,0,3.537,1,76.59,4.186,113.8,98.0,210.0,EV_105,0.0,520,0.0,DR692730_8,65.0,118544.95,DR692730,195.09,0.0,65.0,D,SimuProA-5,EV_105
333.135,22.0,90.59,4833.0,0,3.541,1,76.57,4.184,107.4,62.0,210.0,EV_105,0.0,530,0.0,DR692730_8,65.0,118545.24,DR692730,195.09,0.0,65.0,D,SimuProA-5,EV_105
335.812,18.0,90.59,4554.0,0,3.543,1,76.54,4.183,101.2,45.0,210.0,EV_105,0.0,540,0.0,DR692730_8,65.0,118545.53,DR692730,195.09,0.0,65.0,D,SimuProA-5,EV_105
332.28,24.0,90.59,4657.0,0,3.54,1,76.5,4.185,103.5,72.5,210.0,EV_105,0.0,550,0.0,DR692730_8,65.0,118545.82,DR692730,195.09,0.0,65.0,D,SimuProA-5,EV_105
330.826,35.0,90.59,4869.0,0,3.538,1,76.48,4.186,108.2,88.0,210.0,EV_105,0.0,560,0.0,DR692730_8,65.0,118546.12,DR692730,195.09,0.0,65.0,D,SimuProA-5,EV_105
335.132,16.0,90.59,4432.0,0,3.542,1,76.45,4.184,98.5,52.0,210.0,EV_105,0.0,570,0.0,DR692730_8,65.0,118546.39,DR692730,195.09,0.0,65.0,D,SimuProA-5,EV_105
332.719,28.0,90.59,4761.0,0,3.539,1,76.42,4.186,105.8,78.5,210.0,EV_105,0.0,580,0.0,DR692730_8,65.0,118546.68,DR692730,195.09,0.0,65.0,D,SimuProA-5,EV_105
334.342,17.0,90.59,4464.0,0,3.541,1,76.39,4.185,99.2,55.0,210.0,EV_105,0.0,590,0.0,DR692730_8,65.0,118546.96,DR692730,195.09,0.0,65.0,D,SimuProA-5,EV_105
331.428,32.0,90.59,4972.0,0,3.537,1,76.35,4.187,110.5,82.0,210.0,EV_105,0.0,600,0.0,DR692730_8,65.0,118547.27,DR692730,195.09,0.0,65.0,D,SimuProA-5,EV_105
332.695,34.0,90.59,5062.0,0,3.535,1,76.3,4.188,112.5,85.0,210.0,EV_105,0.0,610,0.0,DR692730_8,65.0,118547.58,DR692730,195.09,0.0,65.0,D,SimuProA-5,EV_105
336.178,20.0,90.59,4626.0,0,3.54,1,76.26,4.186,102.8,58.0,210.0,EV_105,0.0,620,0.0,DR692730_8,65.0,118547.87,DR692730,195.09,0.0,65.0,D,SimuProA-5,EV_105
334.452,26.0,90.59,4779.0,0,3.538,1,76.22,4.187,106.2,72.5,210.0,EV_105,0.0,630,0.0,DR692730_8,65.0,118548.16,DR692730,195.09,0.0,65.0,D,SimuProA-5,EV_105
333.616,28.0,90.59,4882.0,0,3.537,1,76.16,4.186,108.5,78.2,210.0,EV_105,0.0,640,0.0,DR692730_8,65.0,118548.46,DR692730,195.09,0.0,65.0,D,SimuProA-5,EV_105
332.502,38.0,90.59,5184.0,0,3.534,1,76.13,4.189,115.2,92.5,210.0,EV_105,0.0,650,0.0,DR692730_8,65.0,118548.78,DR692730,195.09,0.0,65.0,D,SimuProA-5,EV_105
335.254,18.0,90.59,4522.0,0,3.542,1,76.09,4.187,100.5,52.1,210.0,EV_105,0.0,660,0.0,DR692730_8,65.0,118549.06,DR692730,195.09,0.0,65.0,D,SimuProA-5,EV_105
333.931,22.0,90.59,4644.0,0,3.541,1,76.05,4.188,103.2,65.4,210.0,EV_105,0.0,670,0.0,DR692730_8,65.0,118549.35,DR692730,195.09,0.0,65.0,D,SimuProA-5,EV_105
332.417,27.0,90.59,4882.0,0,3.539,1,75.98,4.189,108.5,75.8,210.0,EV_105,0.0,680,0.0,DR692730_8,65.0,118549.65,DR692730,195.09,0.0,65.0,D,SimuProA-5,EV_105
331.346,32.0,90.59,5040.0,0,3.536,1,75.94,4.19,112.0,88.2,210.0,EV_105,0.0,690,0.0,DR692730_8,65.0,118549.96,DR692730,195.09,0.0,65.0,D,SimuProA-5,EV_105
331.003,42.0,90.59,5242.0,0,3.535,1,75.89,4.191,116.5,95.3,210.0,EV_105,0.0,700,0.0,DR692730_8,65.0,118550.28,DR692730,195.09,0.0,65.0,D,SimuProA-5,EV_105
331.624,24.0,90.59,4761.0,0,3.537,1,75.84,4.19,105.8,72.6,210.0,EV_105,0.0,710,0.0,DR692730_8,65.0,118550.58,DR692730,195.09,0.0,65.0,D,SimuProA-5,EV_105
330.574,48.0,90.59,5319.0,0,3.534,1,75.79,4.192,118.2,105.4,210.0,EV_105,0.0,720,0.0,DR692730_8,65.0,118550.91,DR692730,195.09,0.0,65.0,D,SimuProA-5,EV_105
329.681,38.0,90.59,5139.0,0,3.532,1,75.71,4.193,114.2,112.5,210.0,EV_105,0.0,730,0.0,DR692730_8,65.0,118551.23,DR692730,195.09,0.0,65.0,D,SimuProA-5,EV_105
329.716,30.0,90.59,4927.0,0,3.535,1,75.65,4.191,109.5,98.4,210.0,EV_105,0.0,740,0.0,DR692730_8,65.0,118551.53,DR692730,195.09,0.0,65.0,D,SimuProA-5,EV_105
328.869,52.0,90.59,5391.0,0,3.531,1,75.55,4.194,119.8,125.6,210.0,EV_105,0.0,750,0.0,DR692730_8,65.0,118551.86,DR692730,195.09,0.0,65.0,D,SimuProA-5,EV_105
327.716,55.0,90.59,5422.0,0,3.529,1,75.44,4.195,120.5,138.2,210.0,EV_105,0.0,760,0.0,DR692730_8,65.0,118552.19,DR692730,195.09,0.0,65.0,D,SimuProA-5,EV_105
328.104,35.0,90.59,5058.0,0,3.53,1,75.37,4.194,112.4,115.8,210.0,EV_105,0.0,770,0.0,DR692730_8,65.0,118552.51,DR692730,195.09,0.0,65.0,D,SimuProA-5,EV_105
328.795,28.0,90.59,4716.0,0,3.533,1,75.32,4.193,104.8,95.3,210.0,EV_105,0.0,780,0.0,DR692730_8,65.0,118552.8,DR692730,195.09,0.0,65.0,D,SimuProA-5,EV_105
328.571,32.0,90.59,4828.0,0,3.532,1,75.26,4.193,107.3,105.2,210.0,EV_105,0.0,790,0.0,DR692730_8,65.0,118553.1,DR692730,195.09,0.0,65.0,D,SimuProA-5,EV_105
327.736,48.0,90.59,5202.0,0,3.528,1,75.21,4.195,115.6,128.7,210.0,EV_105,0.0,800,0.0,DR692730_8,65.0,118553.42,DR692730,195.09,0.0,65.0,D,SimuProA-5,EV_105
326.943,58.0,90.59,5448.0,0,3.526,1,75.13,4.196,121.2,142.1,210.0,EV_105,0.0,810,0.0,DR692730_8,65.0,118553.76,DR692730,195.09,0.0,65.0,D,SimuProA-5,EV_105
326.041,52.0,90.59,5325.0,0,3.525,1,75.04,4.197,118.5,138.5,210.0,EV_105,0.0,820,0.0,DR692730_8,65.0,118554.09,DR692730,195.09,0.0,65.0,D,SimuProA-5,EV_105
325.844,65.0,90.59,5571.0,0,3.522,1,74.96,4.198,123.8,155.2,210.0,EV_105,0.0,830,0.0,DR692730_8,65.0,118554.43,DR692730,195.09,0.0,65.0,D,SimuProA-5,EV_105
325.939,30.0,90.59,4914.0,0,3.524,1,74.87,4.196,109.2,110.4,210.0,EV_105,0.0,840,0.0,DR692730_8,65.0,118554.74,DR692730,195.09,0.0,65.0,D,SimuProA-5,EV_105
326.762,28.0,90.59,4972.0,0,3.523,1,74.79,4.195,110.5,105.3,210.0,EV_105,0.0,850,0.0,DR692730_8,65.0,118555.05,DR692730,195.09,0.0,65.0,D,SimuProA-5,EV_105
325.408,45.0,90.59,5229.0,0,3.521,1,74.68,4.197,116.2,122.6,210.0,EV_105,0.0,860,0.0,DR692730_8,65.0,118555.37,DR692730,195.09,0.0,65.0,D,SimuProA-5,EV_105
324.948,62.0,90.59,5391.0,0,3.519,1,74.59,4.199,119.8,148.9,210.0,EV_105,0.0,870,0.0,DR692730_8,65.0,118555.7,DR692730,195.09,0.0,65.0,D,SimuProA-5,EV_105
324.577,70.0,90.59,5467.0,0,3.516,1,74.49,4.201,121.5,162.5,210.0,EV_105,0.0,880,0.0,DR692730_8,65.0,118556.04,DR692730,195.09,0.0,65.0,D,SimuProA-5,EV_105
325.583,48.0,90.59,5175.0,0,3.518,1,74.41,4.2,115.0,135.8,210.0,EV_105,0.0,890,0.0,DR692730_8,65.0,118556.36,DR692730,195.09,0.0,65.0,D,SimuProA-5,EV_105
325.074,58.0,90.59,5319.0,0,3.515,1,74.33,4.202,118.2,145.2,210.0,EV_105,0.0,900,0.0,DR692730_8,65.0,118556.69,DR692730,195.09,0.0,65.0,D,SimuProA-5,EV_105
324.58,65.0,90.59,5422.0,0,3.516,1,74.25,4.201,120.5,152.3,210.0,EV_105,0.0,910,0.0,DR692730_8,65.0,118557.02,DR692730,195.09,0.0,65.0,D,SimuProA-5,EV_105
325.629,42.0,90.59,5139.0,0,3.517,1,74.16,4.2,114.2,128.4,210.0,EV_105,0.0,920,0.0,DR692730_8,65.0,118557.34,DR692730,195.09,0.0,65.0,D,SimuProA-5,EV_105
324.932,55.0,90.59,5301.0,0,3.514,1,74.1,4.203,117.8,138.9,210.0,EV_105,0.0,930,0.0,DR692730_8,65.0,118557.67,DR692730,195.09,0.0,65.0,D,SimuProA-5,EV_105
324.228,52.0,90.59,5238.0,0,3.512,1,74.02,4.205,116.4,148.5,210.0,EV_105,0.0,940,0.0,DR692730_8,65.0,118557.99,DR692730,195.09,0.0,65.0,D,SimuProA-5,EV_105
324.328,62.0,90.59,5391.0,0,3.51,1,73.95,4.208,119.8,155.2,210.0,EV_105,0.0,950,0.0,DR692730_8,65.0,118558.33,DR692730,195.09,0.0,65.0,D,SimuProA-5,EV_105
324.435,45.0,90.59,5107.0,0,3.513,1,73.88,4.206,113.5,132.1,210.0,EV_105,0.0,960,0.0,DR692730_8,65.0,118558.64,DR692730,195.09,0.0,65.0,D,SimuProA-5,EV_105
323.702,58.0,90.59,5319.0,0,3.508,1,73.78,4.21,118.2,142.5,210.0,EV_105,0.0,970,0.0,DR692730_8,65.0,118558.97,DR692730,195.09,0.0,65.0,D,SimuProA-5,EV_105
324.275,40.0,90.59,5062.0,0,3.511,1,73.72,4.208,112.5,125.8,210.0,EV_105,0.0,980,0.0,DR692730_8,65.0,118559.28,DR692730,195.09,0.0,65.0,D,SimuProA-5,EV_105
323.834,50.0,90.59,5211.0,0,3.509,1,73.65,4.212,115.8,135.2,210.0,EV_105,0.0,990,0.0,DR692730_8,65.0,118559.6,DR692730,195.09,0.0,65.0,D,SimuProA-5,EV_105
323.639,65.0,90.59,5467.0,0,3.507,1,73.57,4.211,121.5,148.5,210.0,EV_105,0.0,1000,0.0,DR692730_8,65.0,118559.94,DR692730,195.09,0.0,65.0,D,SimuProA-5,EV_105
323.197,72.0,90.59,5409.0,0,3.505,1,73.49,4.215,120.2,165.2,210.0,EV_105,0.0,1010,0.0,DR692730_8,65.0,118560.27,DR692730,195.09,0.0,65.0,D,SimuProA-5,EV_105
323.24,55.0,90.59,5211.0,0,3.508,1,73.42,4.212,115.8,138.7,210.0,EV_105,0.0,1020,0.0,DR692730_8,65.0,118560.59,DR692730,195.09,0.0,65.0,D,SimuProA-5,EV_105
323.135,52.0,90.59,5274.0,0,3.51,1,73.35,4.21,117.2,130.0,210.0,EV_105,0.0,1030,0.0,DR692730_8,65.0,118560.92,DR692730,195.09,0.0,65.0,D,SimuProA-5,EV_105
324.138,58.0,90.59,5378.0,0,3.509,1,73.28,4.213,119.5,142.5,210.0,EV_105,0.0,1040,0.0,DR692730_8,65.0,118561.25,DR692730,195.09,0.0,65.0,D,SimuProA-5,EV_105
322.914,68.0,90.59,5445.0,0,3.507,1,73.18,4.216,121.0,155.0,210.0,EV_105,0.0,1050,0.0,DR692730_8,65.0,118561.58,DR692730,195.09,0.0,65.0,D,SimuProA-5,EV_105
322.629,65.0,90.59,5338.0,0,3.505,1,73.1,4.218,118.5,162.5,210.0,EV_105,0.0,1060,0.0,DR692730_8,65.0,118561.91,DR692730,195.09,0.0,65.0,D,SimuProA-5,EV_105
321.558,75.0,90.59,5441.0,0,3.502,1,73.0,4.22,120.8,175.0,210.0,EV_105,0.0,1070,0.0,DR692730_8,65.0,118562.24,DR692730,195.09,0.0,65.0,D,SimuProA-5,EV_105
322.097,50.0,90.59,5233.0,0,3.504,1,72.93,4.217,116.2,148.0,210.0,EV_105,0.0,1080,0.0,DR692730_8,65.0,118562.57,DR692730,195.09,0.0,65.0,D,SimuProA-5,EV_105
321.364,52.0,90.59,5292.0,0,3.503,1,72.85,4.219,117.5,152.3,210.0,EV_105,0.0,1090,0.0,DR692730_8,65.0,118562.9,DR692730,195.09,0.0,65.0,D,SimuProA-5,EV_105
322.728,45.0,90.59,5171.0,0,3.505,1,72.78,4.221,114.8,138.7,210.0,EV_105,0.0,1100,0.0,DR692730_8,65.0,118563.22,DR692730,195.09,0.0,65.0,D,SimuProA-5,EV_105
322.196,48.0,90.59,5225.0,0,3.504,1,72.68,4.22,116.0,145.2,210.0,EV_105,0.0,1110,0.0,DR692730_8,65.0,118563.54,DR692730,195.09,0.0,65.0,D,SimuProA-5,EV_105
321.878,46.0,90.59,5189.0,0,3.503,1,72.59,4.218,115.2,142.5,210.0,EV_105,0.0,1120,0.0,DR692730_8,65.0,118563.86,DR692730,195.09,0.0,65.0,D,SimuProA-5,EV_105
322.618,42.0,90.59,5112.0,0,3.504,1,72.53,4.219,113.5,135.0,210.0,EV_105,0.0,1130,0.0,DR692730_8,65.0,118564.18,DR692730,195.09,0.0,65.0,D,SimuProA-5,EV_105
322.009,50.0,90.59,5272.0,0,3.502,1,72.45,4.217,117.0,148.2,210.0,EV_105,0.0,1140,0.0,DR692730_8,65.0,118564.5,DR692730,195.09,0.0,65.0,D,SimuProA-5,EV_105
321.684,44.0,90.59,5150.0,0,3.501,1,72.37,4.216,114.5,140.5,210.0,EV_105,0.0,1150,0.0,DR692730_8,65.0,118564.82,DR692730,195.09,0.0,65.0,D,SimuProA-5,EV_105
321.872,38.0,90.59,5000.0,0,3.503,1,72.29,4.218,111.0,132.8,210.0,EV_105,0.0,1160,0.0,DR692730_8,65.0,118565.13,DR692730,195.09,0.0,65.0,D,SimuProA-5,EV_105
321.206,52.0,90.59,5320.0,0,3.5,1,72.19,4.215,118.2,155.4,210.0,EV_105,0.0,1170,0.0,DR692730_8,65.0,118565.45,DR692730,195.09,0.0,65.0,D,SimuProA-5,EV_105
320.769,46.0,90.59,5208.0,0,3.505,1,72.11,4.214,115.8,142.3,210.0,EV_105,0.0,1180,0.0,DR692730_8,65.0,118565.77,DR692730,195.09,0.0,65.0,D,SimuProA-5,EV_105
321.019,40.0,90.59,5058.0,0,3.507,1,72.01,4.213,112.4,138.6,210.0,EV_105,0.0,1190,0.0,DR692730_8,65.0,118566.08,DR692730,195.09,0.0,65.0,D,SimuProA-5,EV_105
320.731,51.0,90.59,5272.0,0,3.504,1,71.95,4.211,117.2,146.5,210.0,EV_105,0.0,1200,0.0,DR692730_8,65.0,118566.41,DR692730,195.09,0.0,65.0,D,SimuProA-5,EV_105
319.992,58.0,90.59,5467.0,0,3.502,1,71.85,4.208,121.5,158.2,210.0,EV_105,0.0,1210,0.0,DR692730_8,64.98,118566.75,DR692730,195.09,0.0,65.0,D,SimuProA-5,EV_105
320.381,48.0,90.59,5346.0,0,3.5,1,71.78,4.205,118.8,145.6,210.0,EV_105,0.0,1220,0.0,DR692730_8,65.0,118567.08,DR692730,195.09,0.0,65.0,D,SimuProA-5,EV_105
320.172,42.0,90.59,5180.0,0,3.498,1,71.69,4.202,115.0,130.4,210.0,EV_105,0.0,1230,0.0,DR692730_8,65.0,118567.4,DR692730,195.09,0.0,65.0,D,SimuProA-5,EV_105
319.753,45.0,90.59,5242.0,0,3.495,1,71.62,4.199,116.5,142.3,210.0,EV_105,0.0,1240,0.0,DR692730_8,64.99,118567.72,DR692730,195.09,0.0,65.0,D,SimuProA-5,EV_105
318.576,52.0,90.59,5318.0,0,3.492,1,71.54,4.196,118.2,151.7,210.0,EV_105,0.0,1250,0.0,DR692730_8,65.0,118568.05,DR692730,195.09,0.0,65.0,D,SimuProA-5,EV_105
319.737,38.0,90.59,5076.0,0,3.489,1,71.47,4.193,112.8,125.8,210.0,EV_105,0.0,1260,0.0,DR692730_8,65.0,118568.37,DR692730,195.09,0.0,65.0,D,SimuProA-5,EV_105
318.426,40.0,90.59,5110.0,0,3.485,1,71.36,4.19,113.5,135.5,210.0,EV_105,0.0,1270,0.0,DR692730_8,65.0,118568.69,DR692730,195.09,0.0,65.0,D,SimuProA-5,EV_105
319.477,35.0,90.59,4965.0,0,3.482,1,71.29,4.188,110.2,128.2,210.0,EV_105,0.0,0,0.0,DR692730_9,65.0,118568.99,DR692730,195.09,0.0,65.0,D,SimuProA-5,EV_105
317.815,50.0,90.59,5262.0,0,3.478,1,71.18,4.185,116.8,148.9,210.0,EV_105,0.0,10,0.0,DR692730_9,65.0,118569.32,DR692730,195.09,0.0,65.0,D,SimuProA-5,EV_105
316.219,65.0,90.59,5378.0,0,3.475,1,71.05,4.182,119.5,165.4,210.0,EV_105,0.0,20,0.0,DR692730_9,65.0,118569.65,DR692730,195.09,0.0,65.0,D,SimuProA-5,EV_105
317.099,45.0,90.59,5139.0,0,3.472,1,70.97,4.18,114.2,142.3,210.0,EV_105,0.0,30,0.0,DR692730_9,65.0,118569.97,DR692730,195.09,0.0,65.0,D,SimuProA-5,EV_105
318.607,38.0,90.59,5017.0,0,3.47,1,70.92,4.178,111.5,120.8,210.0,EV_105,0.0,40,0.0,DR692730_9,65.0,118570.28,DR692730,195.09,0.0,65.0,D,SimuProA-5,EV_105
317.307,42.0,90.59,5076.0,0,3.468,1,70.84,4.175,112.8,135.5,210.0,EV_105,0.0,50,0.0,DR692730_9,65.0,118570.59,DR692730,195.09,0.0,65.0,D,SimuProA-5,EV_105
318.604,0.0,90.59,4882.0,0,3.469,1,70.81,4.176,108.5,-25.4,210.0,EV_105,0.04,60,15.0,DR692730_9,65.0,118570.89,DR692730,195.09,0.0,65.0,D,SimuProA-5,EV_105
317.987,55.0,90.59,5184.0,0,3.466,1,70.74,4.174,115.2,145.2,210.0,EV_105,0.0,70,0.0,DR692730_9,65.0,118571.21,DR692730,195.09,0.0,65.0,D,SimuProA-5,EV_105
316.25,62.0,90.59,5332.0,0,3.464,1,70.67,4.172,118.5,155.2,210.0,EV_105,0.0,80,0.0,DR692730_9,65.0,118571.54,DR692730,195.09,0.0,65.0,D,SimuProA-5,EV_105
318.217,48.0,90.59,5040.0,0,3.465,1,70.62,4.174,112.0,138.4,210.0,EV_105,0.0,90,0.0,DR692730_9,65.0,118571.85,DR692730,195.09,0.0,65.0,D,SimuProA-5,EV_105
318.353,0.0,90.59,4747.0,0,3.466,1,70.57,4.175,105.5,-35.6,210.0,EV_105,0.06,100,28.0,DR692730_9,65.0,118572.14,DR692730,195.09,0.0,65.0,D,SimuProA-5,EV_105
317.668,52.0,90.59,5139.0,0,3.465,1,70.53,4.173,114.2,142.5,210.0,EV_105,0.0,110,0.0,DR692730_9,65.0,118572.46,DR692730,195.09,0.0,65.0,D,SimuProA-5,EV_105
316.997,68.0,90.59,5391.0,0,3.463,1,70.49,4.171,119.8,158.3,210.0,EV_105,0.0,120,0.0,DR692730_9,65.0,118572.79,DR692730,195.09,0.0,65.0,D,SimuProA-5,EV_105
318.58,45.0,90.59,5017.0,0,3.466,1,70.43,4.174,111.5,135.6,210.0,EV_105,0.0,130,0.0,DR692730_9,65.0,118573.1,DR692730,195.09,0.0,65.0,D,SimuProA-5,EV_105
317.083,50.0,90.59,5188.0,0,3.464,1,70.37,4.172,115.3,145.8,210.0,EV_105,0.0,140,0.0,DR692730_9,65.0,118573.42,DR692730,195.09,0.0,65.0,D,SimuProA-5,EV_105
318.197,42.0,90.59,4891.0,0,3.465,1,70.31,4.173,108.7,128.4,210.0,EV_105,0.0,150,0.0,DR692730_9,65.0,118573.72,DR692730,195.09,0.0,65.0,D,SimuProA-5,EV_105
317.865,46.0,90.59,5058.0,0,3.464,1,70.28,4.172,112.4,132.1,210.0,EV_105,0.0,160,0.0,DR692730_9,65.0,118574.03,DR692730,195.09,0.0,65.0,D,SimuProA-5,EV_105
317.721,48.0,90.59,5152.0,0,3.463,1,70.2,4.171,114.5,142.5,210.0,EV_105,0.0,170,0.0,DR692730_9,65.0,118574.35,DR692730,195.09,0.0,65.0,D,SimuProA-5,EV_105
315.972,62.0,90.59,5318.0,0,3.462,1,70.15,4.172,118.2,155.2,210.0,EV_105,0.0,180,0.0,DR692730_9,65.0,118574.68,DR692730,195.09,0.0,65.0,D,SimuProA-5,EV_105
317.739,40.0,90.59,4926.0,0,3.465,1,70.1,4.173,109.5,125.8,210.0,EV_105,0.0,190,0.0,DR692730_9,65.0,118574.98,DR692730,195.09,0.0,65.0,D,SimuProA-5,EV_105
318.902,38.0,90.59,4734.0,0,3.466,1,70.03,4.175,105.2,115.2,210.0,EV_105,0.0,200,0.0,DR692730_9,65.0,118575.27,DR692730,195.09,0.0,65.0,D,SimuProA-5,EV_105
316.371,45.0,90.59,4972.0,0,3.464,1,69.93,4.173,110.5,135.8,210.0,EV_105,0.0,210,0.0,DR692730_9,65.0,118575.58,DR692730,195.09,0.0,65.0,D,SimuProA-5,EV_105
315.356,52.0,90.59,5121.0,0,3.463,1,69.85,4.174,113.8,148.3,210.0,EV_105,0.0,220,0.0,DR692730_9,65.0,118575.9,DR692730,195.09,0.0,65.0,D,SimuProA-5,EV_105
316.445,38.0,90.59,4878.0,0,3.464,1,69.77,4.174,108.4,128.5,210.0,EV_105,0.0,230,0.0,DR692730_9,65.0,118576.2,DR692730,195.09,0.0,65.0,D,SimuProA-5,EV_105
318.952,32.0,90.59,4626.0,0,3.465,1,69.69,4.176,102.8,112.3,210.0,EV_105,0.0,240,0.0,DR692730_9,65.0,118576.49,DR692730,195.09,0.0,65.0,D,SimuProA-5,EV_105
317.257,35.0,90.59,4752.0,0,3.464,1,69.64,4.175,105.6,118.9,210.0,EV_105,0.0,250,0.0,DR692730_9,65.0,118576.78,DR692730,195.09,0.0,65.0,D,SimuProA-5,EV_105
318.939,28.0,90.59,4509.0,0,3.466,1,69.55,4.177,100.2,105.4,210.0,EV_105,0.0,260,0.0,DR692730_9,65.0,118577.06,DR692730,195.09,0.0,65.0,D,SimuProA-5,EV_105
318.518,33.0,90.59,4658.0,0,3.465,1,69.47,4.176,103.5,115.7,210.0,EV_105,0.0,270,0.0,DR692730_9,65.0,118577.35,DR692730,195.09,0.0,65.0,D,SimuProA-5,EV_105
320.824,22.0,90.59,4311.0,0,3.467,1,69.39,4.178,95.8,98.2,210.0,EV_105,0.0,280,0.0,DR692730_9,65.0,118577.61,DR692730,195.09,0.0,65.0,D,SimuProA-5,EV_105
321.814,25.0,90.59,4419.0,0,3.469,1,69.29,4.18,98.2,88.5,210.0,EV_105,0.0,290,0.0,DR692730_9,65.0,118577.88,DR692730,195.09,0.0,65.0,D,SimuProA-5,EV_105
319.896,29.0,90.59,4567.0,0,3.468,1,69.22,4.179,101.5,95.3,210.0,EV_105,0.0,300,0.0,DR692730_9,65.0,118578.16,DR692730,195.09,0.0,65.0,D,SimuProA-5,EV_105
319.406,31.0,90.59,4685.0,0,3.466,1,69.13,4.178,104.1,102.8,210.0,EV_105,0.0,310,0.0,DR692730_9,65.0,118578.45,DR692730,195.09,0.0,65.0,D,SimuProA-5,EV_105
317.227,35.0,90.59,4780.0,0,3.465,1,69.03,4.175,106.2,125.3,210.0,EV_105,0.0,320,0.0,DR692730_9,65.0,118578.74,DR692730,195.09,0.0,65.0,D,SimuProA-5,EV_105
319.59,24.0,90.59,4480.0,0,3.466,1,68.95,4.177,99.5,92.1,210.0,EV_105,0.0,330,0.0,DR692730_9,65.0,118579.02,DR692730,195.09,0.0,65.0,D,SimuProA-5,EV_105
318.341,38.0,90.59,4880.0,0,3.465,1,68.87,4.176,108.4,108.6,210.0,EV_105,0.0,340,0.0,DR692730_9,65.0,118579.32,DR692730,195.09,0.0,65.0,D,SimuProA-5,EV_105
318.107,39.0,90.59,4916.0,0,3.464,1,68.78,4.175,109.2,112.4,210.0,EV_105,0.0,350,0.0,DR692730_9,65.0,118579.62,DR692730,195.09,0.0,65.0,D,SimuProA-5,EV_105
319.483,32.0,90.59,4716.0,0,3.465,1,68.72,4.176,104.8,88.5,210.0,EV_105,0.0,360,0.0,DR692730_9,65.0,118579.91,DR692730,195.09,0.0,65.0,D,SimuProA-5,EV_105
316.055,45.0,90.59,5062.0,0,3.463,1,68.63,4.174,112.5,135.2,210.0,EV_105,0.0,370,0.0,DR692730_9,65.0,118580.23,DR692730,195.09,0.0,65.0,D,SimuProA-5,EV_105
314.281,82.0,90.59,5328.0,0,3.461,1,68.53,4.172,118.4,155.3,210.0,EV_105,0.0,380,0.0,DR692730_9,65.0,118580.56,DR692730,195.09,0.0,65.0,D,SimuProA-5,EV_105
319.38,28.0,90.59,4603.0,0,3.463,1,68.49,4.174,102.3,95.4,210.0,EV_105,0.0,390,0.0,DR692730_9,65.0,118580.84,DR692730,195.09,0.0,65.0,D,SimuProA-5,EV_105
321.117,0.0,90.59,4234.0,0,3.465,1,68.45,4.176,94.1,-45.2,210.0,EV_105,0.04,400,12.0,DR692730_9,65.0,118581.1,DR692730,195.09,0.0,65.0,D,SimuProA-5,EV_105
324.968,0.0,90.59,4059.0,0,3.467,1,68.41,4.178,90.2,-28.4,210.0,EV_105,0.03,410,8.0,DR692730_9,65.0,118581.35,DR692730,195.09,0.0,65.0,D,SimuProA-5,EV_105
328.472,0.0,90.59,3847.0,0,3.468,1,68.38,4.179,85.5,-15.2,210.0,EV_105,0.02,420,4.0,DR692730_9,65.0,118581.59,DR692730,195.09,0.0,65.0,D,SimuProA-5,EV_105
332.803,22.0,90.59,3959.0,0,3.469,1,68.36,4.181,88.0,55.8,210.0,EV_105,0.0,430,0.0,DR692730_9,65.0,118581.83,DR692730,195.09,0.0,65.0,D,SimuProA-5,EV_105
330.134,35.0,90.59,4117.0,0,3.47,1,68.31,4.182,91.5,78.2,210.0,EV_105,0.0,440,0.0,DR692730_9,65.0,118582.08,DR692730,195.09,0.0,65.0,D,SimuProA-5,EV_105
326.98,65.0,90.59,4419.0,0,3.471,1,68.24,4.183,98.2,115.5,210.0,EV_105,0.0,450,0.0,DR692730_9,65.0,118582.36,DR692730,195.09,0.0,65.0,D,SimuProA-5,EV_105
335.014,25.0,90.59,4221.0,0,3.472,1,68.18,4.184,93.8,62.4,210.0,EV_105,0.0,460,0.0,DR692730_9,65.0,118582.62,DR692730,195.09,0.0,65.0,D,SimuProA-5,EV_105
329.345,30.0,90.59,4338.0,0,3.473,1,68.15,4.185,96.4,85.3,210.0,EV_105,0.0,470,0.0,DR692730_9,65.0,118582.89,DR692730,195.09,0.0,65.0,D,SimuProA-5,EV_105
327.601,45.0,90.59,4595.0,0,3.474,1,68.1,4.186,102.1,105.2,210.0,EV_105,0.0,480,0.0,DR692730_9,65.0,118583.17,DR692730,195.09,0.0,65.0,D,SimuProA-5,EV_105
326.253,60.0,90.59,4883.0,0,3.475,1,68.08,4.187,108.5,135.8,210.0,EV_105,0.0,490,0.0,DR692730_9,65.0,118583.47,DR692730,195.09,0.0,65.0,D,SimuProA-5,EV_105
324.814,62.0,90.59,5058.0,0,3.476,1,68.0,4.188,112.4,155.2,210.0,EV_105,0.0,500,0.0,DR692730_9,65.0,118583.78,DR692730,195.09,0.0,65.0,D,SimuProA-5,EV_105
322.928,85.0,90.59,5337.0,0,3.477,1,67.94,4.189,118.6,178.5,210.0,EV_105,0.0,510,0.0,DR692730_9,65.0,118584.11,DR692730,195.09,0.0,65.0,D,SimuProA-5,EV_105
332.294,0.0,90.59,4734.0,0,3.478,1,67.94,4.19,105.2,-25.3,210.0,EV_105,0.04,520,45.0,DR692730_9,65.0,118584.4,DR692730,195.09,0.0,65.0,D,SimuProA-5,EV_105
321.422,55.0,90.59,5166.0,0,3.478,1,67.87,4.19,114.8,165.4,210.0,EV_105,0.0,530,0.0,DR692730_9,65.0,118584.72,DR692730,195.09,0.0,65.0,D,SimuProA-5,EV_105
322.672,48.0,90.59,4928.0,0,3.479,1,67.86,4.19,109.5,142.7,210.0,EV_105,0.0,540,0.0,DR692730_9,65.0,118585.02,DR692730,195.09,0.0,65.0,D,SimuProA-5,EV_105
324.846,42.0,90.59,4779.0,0,3.479,1,67.84,4.19,106.2,128.9,210.0,EV_105,0.0,550,0.0,DR692730_9,65.0,118585.32,DR692730,195.09,0.0,65.0,D,SimuProA-5,EV_105
322.634,43.0,90.59,4793.0,0,3.479,1,67.81,4.191,106.5,135.2,210.0,EV_105,0.0,560,0.0,DR692730_9,65.0,118585.62,DR692730,195.09,0.0,65.0,D,SimuProA-5,EV_105
322.277,41.0,90.59,4761.0,0,3.48,1,67.8,4.19,105.8,129.5,210.0,EV_105,0.0,570,0.0,DR692730_9,65.0,118585.91,DR692730,195.09,0.0,65.0,D,SimuProA-5,EV_105
322.078,0.0,90.59,4604.0,0,3.48,1,67.78,4.192,102.3,-15.4,210.0,EV_105,0.03,580,35.0,DR692730_9,65.0,118586.19,DR692730,195.09,0.0,65.0,D,SimuProA-5,EV_105
321.918,52.0,90.59,4881.0,0,3.48,1,67.76,4.19,108.5,145.2,210.0,EV_105,0.0,590,0.0,DR692730_9,65.0,118586.49,DR692730,195.09,0.0,65.0,D,SimuProA-5,EV_105
322.936,44.0,90.59,4723.0,0,3.48,1,67.73,4.19,105.0,130.5,210.0,EV_105,0.0,600,0.0,DR692730_9,65.0,118586.78,DR692730,195.09,0.0,65.0,D,SimuProA-5,EV_105
323.581,38.0,90.59,4589.0,0,3.48,1,67.72,4.19,102.0,115.8,210.0,EV_105,0.0,610,0.0,DR692730_9,65.0,118587.07,DR692730,195.09,0.0,65.0,D,SimuProA-5,EV_105
321.337,42.0,90.59,4702.0,0,3.48,1,67.71,4.19,104.5,135.0,210.0,EV_105,0.0,620,0.0,DR692730_9,65.0,118587.36,DR692730,195.09,0.0,65.0,D,SimuProA-5,EV_105
322.732,35.0,90.59,4545.0,0,3.48,1,67.7,4.19,101.0,110.5,210.0,EV_105,0.0,630,0.0,DR692730_9,65.0,118587.64,DR692730,195.09,0.0,65.0,D,SimuProA-5,EV_105
320.658,55.0,90.59,4860.0,0,3.48,1,67.68,4.19,108.0,148.0,210.0,EV_105,0.0,640,0.0,DR692730_9,65.0,118587.94,DR692730,195.09,0.0,65.0,D,SimuProA-5,EV_105
319.939,62.0,90.59,5040.0,0,3.47,1,67.67,4.19,112.0,155.2,210.0,EV_105,0.0,650,0.0,DR692730_9,65.0,118588.25,DR692730,195.09,0.0,65.0,D,SimuProA-5,EV_105
321.586,48.0,90.59,4882.0,0,3.48,1,67.66,4.19,108.5,125.4,210.0,EV_105,0.0,660,0.0,DR692730_9,65.0,118588.55,DR692730,195.09,0.0,65.0,D,SimuProA-5,EV_105
320.095,50.0,90.59,4725.0,0,3.47,1,67.64,4.19,105.0,138.6,210.0,EV_105,0.0,670,0.0,DR692730_9,65.0,118588.84,DR692730,195.09,0.0,65.0,D,SimuProA-5,EV_105
319.247,45.0,90.59,4657.0,0,3.47,1,67.62,4.19,103.5,142.3,210.0,EV_105,0.0,680,0.0,DR692730_9,65.0,118589.13,DR692730,195.09,0.0,65.0,D,SimuProA-5,EV_105
318.568,52.0,90.59,4815.0,0,3.47,1,67.6,4.19,107.0,152.1,210.0,EV_105,0.0,690,0.0,DR692730_9,65.0,118589.42,DR692730,195.09,0.0,65.0,D,SimuProA-5,EV_105
319.385,42.0,90.59,4590.0,0,3.47,1,67.56,4.19,102.0,135.8,210.0,EV_105,0.0,700,0.0,DR692730_9,65.0,118589.71,DR692730,195.09,0.0,65.0,D,SimuProA-5,EV_105
318.082,55.0,90.59,4972.0,0,3.46,1,67.5,4.19,110.5,158.5,210.0,EV_105,0.0,710,0.0,DR692730_9,65.0,118590.02,DR692730,195.09,0.0,65.0,D,SimuProA-5,EV_105
316.608,65.0,90.59,5175.0,0,3.45,1,67.48,4.19,115.0,175.2,210.0,EV_105,0.0,720,0.0,DR692730_9,65.0,118590.34,DR692730,195.09,0.0,65.0,D,SimuProA-5,EV_105
318.54,48.0,90.59,4860.0,0,3.46,1,67.44,4.19,108.0,145.6,210.0,EV_105,0.0,730,0.0,DR692730_9,65.0,118590.64,DR692730,195.09,0.0,65.0,D,SimuProA-5,EV_105
316.778,58.0,90.59,5017.0,0,3.44,1,67.41,4.19,111.5,160.4,210.0,EV_105,0.0,740,0.0,DR692730_9,65.0,118590.95,DR692730,195.09,0.0,65.0,D,SimuProA-5,EV_105
315.663,68.0,90.59,5220.0,0,3.42,1,67.36,4.19,116.0,172.5,210.0,EV_105,0.0,750,0.0,DR692730_9,65.0,118591.27,DR692730,195.09,0.0,65.0,D,SimuProA-5,EV_105
317.956,50.0,90.59,4905.0,0,3.45,1,67.34,4.19,109.0,148.2,210.0,EV_105,0.0,760,0.0,DR692730_9,65.0,118591.57,DR692730,195.09,0.0,65.0,D,SimuProA-5,EV_105
315.891,55.0,90.59,5062.0,0,3.41,1,67.31,4.19,112.5,168.5,210.0,EV_105,0.0,770,0.0,DR692730_9,65.0,118591.88,DR692730,195.09,0.0,65.0,D,SimuProA-5,EV_105
317.01,45.0,90.59,4770.0,0,3.46,1,67.29,4.19,106.0,142.3,210.0,EV_105,0.0,780,0.0,DR692730_9,65.0,118592.18,DR692730,195.09,0.0,65.0,D,SimuProA-5,EV_105
315.21,72.0,90.59,5310.0,0,3.4,1,67.27,4.19,118.0,178.9,210.0,EV_105,0.0,790,0.0,DR692730_9,65.0,118592.5,DR692730,195.09,0.0,65.0,D,SimuProA-5,EV_105
315.452,52.0,90.59,5152.0,0,3.43,1,67.24,4.19,114.5,165.2,210.0,EV_105,0.0,800,0.0,DR692730_9,65.0,118592.82,DR692730,195.09,0.0,65.0,D,SimuProA-5,EV_105
314.898,75.0,90.59,5364.0,0,3.41,1,67.23,4.19,119.2,182.1,210.0,EV_105,0.0,810,0.0,DR692730_9,65.0,118593.15,DR692730,195.09,0.0,65.0,D,SimuProA-5,EV_105
316.263,48.0,90.59,4837.0,0,3.44,1,67.19,4.19,107.5,155.8,210.0,EV_105,0.0,820,0.0,DR692730_9,65.0,118593.45,DR692730,195.09,0.0,65.0,D,SimuProA-5,EV_105
316.969,46.0,90.59,4869.0,0,3.45,1,67.18,4.19,108.2,145.5,210.0,EV_105,0.0,830,0.0,DR692730_9,65.0,118593.75,DR692730,195.09,0.0,65.0,D,SimuProA-5,EV_105
314.164,55.0,90.59,5058.0,0,3.42,1,67.15,4.19,112.4,168.3,210.0,EV_105,0.0,840,0.0,DR692730_9,65.0,118594.06,DR692730,195.09,0.0,65.0,D,SimuProA-5,EV_105
315.794,49.0,90.59,4941.0,0,3.46,1,67.12,4.19,109.8,152.1,210.0,EV_105,0.0,850,0.0,DR692730_9,65.0,118594.37,DR692730,195.09,0.0,65.0,D,SimuProA-5,EV_105
316.452,47.0,90.59,4973.0,0,3.43,1,67.08,4.19,110.5,148.3,210.0,EV_105,0.0,860,0.0,DR692730_9,65.0,118594.68,DR692730,195.09,0.0,65.0,D,SimuProA-5,EV_105
314.587,62.0,90.59,5256.0,0,3.4,1,67.07,4.19,116.8,175.6,210.0,EV_105,0.0,870,0.0,DR692730_9,65.0,118595.0,DR692730,195.09,0.0,65.0,D,SimuProA-5,EV_105
315.502,42.0,90.59,4734.0,0,3.45,1,67.06,4.19,105.2,142.7,210.0,EV_105,0.0,880,0.0,DR692730_9,65.0,118595.29,DR692730,195.09,0.0,65.0,D,SimuProA-5,EV_105
313.133,45.0,90.59,4842.0,0,3.44,1,67.05,4.19,107.6,158.4,210.0,EV_105,0.0,890,0.0,DR692730_9,65.0,118595.59,DR692730,195.09,0.0,65.0,D,SimuProA-5,EV_105
316.329,38.0,90.59,4603.0,0,3.46,1,67.02,4.19,102.3,132.5,210.0,EV_105,0.0,900,0.0,DR692730_9,65.0,118595.87,DR692730,195.09,0.0,65.0,D,SimuProA-5,EV_105
316.087,41.0,90.59,4716.0,0,3.45,1,67.02,4.19,104.8,145.2,210.0,EV_105,0.0,910,0.0,DR692730_9,65.0,118596.16,DR692730,195.09,0.0,65.0,D,SimuProA-5,EV_105
314.183,39.0,90.59,4657.0,0,3.46,1,67.0,4.19,103.5,148.5,210.0,EV_105,0.0,920,0.0,DR692730_9,65.0,118596.45,DR692730,195.09,0.0,65.0,D,SimuProA-5,EV_105
313.645,48.0,90.59,4869.0,0,3.45,1,67.0,4.19,108.2,162.3,210.0,EV_105,0.0,930,0.0,DR692730_9,65.0,118596.75,DR692730,195.09,0.0,65.0,D,SimuProA-5,EV_105
315.147,36.0,90.59,4581.0,0,3.47,1,66.99,4.19,101.8,135.1,210.0,EV_105,0.0,940,0.0,DR692730_9,65.0,118597.03,DR692730,195.09,0.0,65.0,D,SimuProA-5,EV_105
314.476,39.0,90.59,4644.0,0,3.46,1,66.97,4.19,103.2,140.8,210.0,EV_105,0.0,950,0.0,DR692730_9,65.0,118597.32,DR692730,195.09,0.0,65.0,D,SimuProA-5,EV_105
314.218,44.0,90.59,4793.0,0,3.45,1,66.95,4.19,106.5,155.4,210.0,EV_105,0.0,960,0.0,DR692730_9,65.0,118597.61,DR692730,195.09,0.0,65.0,D,SimuProA-5,EV_105
314.392,37.0,90.59,4626.0,0,3.46,1,66.95,4.19,102.8,138.6,210.0,EV_105,0.0,970,0.0,DR692730_9,65.0,118597.9,DR692730,195.09,0.0,65.0,D,SimuProA-5,EV_105
313.817,41.0,90.59,4730.0,0,3.45,1,66.93,4.19,105.1,148.2,210.0,EV_105,0.0,980,0.0,DR692730_9,65.0,118598.19,DR692730,195.09,0.0,65.0,D,SimuProA-5,EV_105
315.138,32.0,90.59,4428.0,0,3.46,1,66.91,4.19,98.4,128.5,210.0,EV_105,0.0,990,0.0,DR692730_9,65.0,118598.47,DR692730,195.09,0.0,65.0,D,SimuProA-5,EV_105
315.003,38.0,90.59,4671.0,0,3.45,1,66.87,4.19,103.8,142.1,210.0,EV_105,0.0,1000,0.0,DR692730_9,65.0,118598.75,DR692730,195.09,0.0,65.0,D,SimuProA-5,EV_105
314.923,35.0,90.59,4567.0,0,3.46,1,66.84,4.19,101.5,135.2,210.0,EV_105,0.0,1010,0.0,DR692730_9,65.0,118599.03,DR692730,195.09,0.0,65.0,D,SimuProA-5,EV_105
313.759,48.0,90.59,4869.0,0,3.45,1,66.82,4.19,108.2,165.8,210.0,EV_105,0.0,1020,0.0,DR692730_9,65.0,118599.33,DR692730,195.09,0.0,65.0,D,SimuProA-5,EV_105
314.413,28.0,90.59,4482.0,0,3.47,1,66.81,4.19,99.6,118.4,210.0,EV_105,0.0,1030,0.0,DR692730_9,65.0,118599.61,DR692730,195.09,0.0,65.0,D,SimuProA-5,EV_105
313.885,30.0,90.59,4509.0,0,3.46,1,66.79,4.19,100.2,122.4,210.0,EV_105,0.0,1040,0.0,DR692730_9,65.0,118599.89,DR692730,195.09,0.0,65.0,D,SimuProA-5,EV_105
314.291,36.0,90.59,4702.0,0,3.45,1,66.77,4.19,104.5,138.6,210.0,EV_105,0.0,1050,0.0,DR692730_9,65.0,118600.18,DR692730,195.09,0.0,65.0,D,SimuProA-5,EV_105
313.837,25.0,90.59,4452.0,0,3.47,1,66.77,4.19,98.8,115.3,210.0,EV_105,0.0,1060,0.0,DR692730_9,65.0,118600.45,DR692730,195.09,0.0,65.0,D,SimuProA-5,EV_105
313.001,32.0,90.59,4612.0,0,3.45,1,66.75,4.19,102.5,145.2,210.0,EV_105,0.0,1070,0.0,DR692730_9,65.0,118600.73,DR692730,195.09,0.0,65.0,D,SimuProA-5,EV_105
314.435,24.0,90.59,4338.0,0,3.46,1,66.74,4.19,96.4,110.5,210.0,EV_105,0.0,1080,0.0,DR692730_9,65.0,118601.0,DR692730,195.09,0.0,65.0,D,SimuProA-5,EV_105
312.683,42.0,90.59,4806.0,0,3.44,1,66.72,4.19,106.8,155.3,210.0,EV_105,0.0,1090,0.0,DR692730_9,65.0,118601.3,DR692730,195.09,0.0,65.0,D,SimuProA-5,EV_105
312.314,35.0,90.59,4644.0,0,3.43,1,66.71,4.19,103.2,142.5,210.0,EV_105,0.0,1100,0.0,DR692730_9,65.0,118601.59,DR692730,195.09,0.0,65.0,D,SimuProA-5,EV_105
312.02,45.0,90.59,4882.0,0,3.42,1,66.7,4.19,108.5,158.2,210.0,EV_105,0.0,1110,0.0,DR692730_9,65.0,118601.89,DR692730,195.09,0.0,65.0,D,SimuProA-5,EV_105
311.249,52.0,90.59,5058.0,0,3.41,1,66.68,4.19,112.4,165.4,210.0,EV_105,0.0,1120,0.0,DR692730_9,65.0,118602.2,DR692730,195.09,0.0,65.0,D,SimuProA-5,EV_105
310.956,58.0,90.59,5211.0,0,3.4,1,66.65,4.19,115.8,172.3,210.0,EV_105,0.0,1130,0.0,DR692730_9,65.0,118602.52,DR692730,195.09,0.0,65.0,D,SimuProA-5,EV_105
310.673,40.0,90.59,4927.0,0,3.41,1,66.65,4.19,109.5,148.6,210.0,EV_105,0.0,1140,0.0,DR692730_9,65.0,118602.83,DR692730,195.09,0.0,65.0,D,SimuProA-5,EV_105
310.816,32.0,90.59,4734.0,0,3.42,1,66.63,4.19,105.2,135.4,210.0,EV_105,0.0,1150,0.0,DR692730_9,65.0,118603.12,DR692730,195.09,0.0,65.0,D,SimuProA-5,EV_105
310.198,35.0,90.59,4873.0,0,3.41,1,66.61,4.18,108.3,140.2,210.0,EV_105,0.0,1160,0.0,DR692730_9,65.0,118603.42,DR692730,195.09,0.0,65.0,D,SimuProA-5,EV_105
309.705,48.0,90.59,5116.0,0,3.4,1,66.57,4.18,113.7,155.8,210.0,EV_105,0.0,1170,0.0,DR692730_9,65.0,118603.74,DR692730,195.09,0.0,65.0,D,SimuProA-5,EV_105
309.335,55.0,90.59,5229.0,0,3.39,1,66.55,4.19,116.2,162.5,210.0,EV_105,0.0,1180,0.0,DR692730_9,65.0,118604.06,DR692730,195.09,0.0,65.0,D,SimuProA-5,EV_105
308.476,62.0,90.59,5333.0,0,3.38,1,66.54,4.19,118.5,175.3,210.0,EV_105,0.0,1190,0.0,DR692730_9,65.0,118604.39,DR692730,195.09,0.0,65.0,D,SimuProA-5,EV_105
307.254,68.0,90.59,5391.0,0,3.37,1,66.52,4.19,119.8,182.1,210.0,EV_105,0.0,1200,0.0,DR692730_9,65.0,118604.72,DR692730,195.09,0.0,65.0,D,SimuProA-5,EV_105
308.27,42.0,90.59,5063.0,0,3.38,1,66.5,4.18,112.4,145.6,210.0,EV_105,0.0,1210,0.0,DR692730_9,65.0,118605.03,DR692730,195.09,0.0,65.0,D,SimuProA-5,EV_105
307.391,45.0,90.59,5184.0,0,3.38,1,66.48,4.18,115.2,158.4,210.0,EV_105,0.0,1220,0.0,DR692730_9,65.0,118605.35,DR692730,195.09,0.0,65.0,D,SimuProA-5,EV_105
308.454,35.0,90.59,4883.0,0,3.39,1,66.48,4.19,108.5,142.7,210.0,EV_105,0.0,1230,0.0,DR692730_9,65.0,118605.65,DR692730,195.09,0.0,65.0,D,SimuProA-5,EV_105
307.821,60.0,90.59,5373.0,0,3.37,1,66.46,4.19,119.4,168.9,210.0,EV_105,0.0,1240,0.0,DR692730_9,65.0,118605.98,DR692730,195.09,0.0,65.0,D,SimuProA-5,EV_105
306.893,58.0,90.59,5310.0,0,3.37,1,66.43,4.19,118.0,175.0,210.0,EV_105,0.0,1250,0.0,DR692730_9,65.0,118606.31,DR692730,195.09,0.0,65.0,D,SimuProA-5,EV_105
309.159,32.0,90.59,4725.0,0,3.38,1,66.42,4.18,105.0,130.5,210.0,EV_105,0.0,1260,0.0,DR692730_9,65.0,118606.6,DR692730,195.09,0.0,65.0,D,SimuProA-5,EV_105
307.434,55.0,90.59,5220.0,0,3.37,1,66.4,4.19,116.0,155.2,210.0,EV_105,0.0,1270,0.0,DR692730_9,65.0,118606.92,DR692730,195.09,0.0,65.0,D,SimuProA-5,EV_105
396.369,28.0,90.59,2100.0,0,3.92,1,66.39,3.98,32.5,45.2,210.0,EV_105,0.0,0,0.0,DR692730_10,34.2,118607.01,DR692730,195.09,0.0,36.8,D,SimuProA-5,EV_105
394.485,45.0,90.59,2800.0,0,3.89,1,66.37,4.01,42.0,85.6,210.0,EV_105,0.0,10,0.0,DR692730_10,34.5,118607.13,DR692730,195.09,0.0,37.1,D,SimuProA-5,EV_105
401.498,0.0,90.59,1650.0,0,3.96,1,66.37,4.04,25.0,-25.4,210.0,EV_105,0.015,20,15.0,DR692730_10,34.6,118607.2,DR692730,195.09,0.0,37.2,D,SimuProA-5,EV_105
392.439,42.0,90.59,2480.0,0,3.94,1,66.34,4.03,38.0,110.4,210.0,EV_105,0.0,30,0.0,DR692730_10,34.7,118607.31,DR692730,195.09,0.0,37.3,D,SimuProA-5,EV_105
396.141,0.0,90.59,1170.0,0,3.97,1,66.33,4.06,18.0,-18.5,210.0,EV_105,0.012,40,35.0,DR692730_10,34.8,118607.36,DR692730,195.09,0.0,37.4,D,SimuProA-5,EV_105
398.657,30.0,90.59,1855.0,0,3.99,1,66.32,4.08,28.5,55.2,210.0,EV_105,0.0,50,0.0,DR692730_10,34.9,118607.43,DR692730,195.09,0.0,37.5,D,SimuProA-5,EV_105
395.837,35.0,90.59,2080.0,0,4.0,1,66.3,4.09,32.0,65.2,210.0,EV_105,0.0,60,0.0,DR692730_10,35.0,118607.52,DR692730,195.09,0.0,37.6,D,SimuProA-5,EV_105
388.19,55.0,90.59,3050.0,0,3.98,1,66.27,4.11,45.0,125.4,210.0,EV_105,0.0,70,0.0,DR692730_10,35.2,118607.64,DR692730,195.09,0.0,37.8,D,SimuProA-5,EV_105
397.217,0.0,90.59,780.0,0,4.02,1,66.27,4.13,12.0,-32.8,210.0,EV_105,0.022,80,45.0,DR692730_10,35.3,118607.68,DR692730,195.09,0.0,37.9,D,SimuProA-5,EV_105
392.079,40.0,90.59,2470.0,0,3.99,1,66.25,4.1,38.0,85.3,210.0,EV_105,0.0,90,0.0,DR692730_10,35.4,118607.79,DR692730,195.09,0.0,38.0,D,SimuProA-5,EV_105
385.342,65.0,90.59,3380.0,0,3.97,1,66.23,4.12,52.0,145.6,210.0,EV_105,0.0,100,0.0,DR692730_10,35.5,118607.93,DR692730,195.09,0.0,38.1,D,SimuProA-5,EV_105
394.837,0.0,90.59,975.0,0,4.03,1,66.23,4.14,15.0,-25.4,210.0,EV_105,0.018,110,55.0,DR692730_10,35.6,118607.97,DR692730,195.09,0.0,38.2,D,SimuProA-5,EV_105
382.968,75.0,90.59,3850.0,0,4.0,1,66.21,4.14,58.0,165.2,210.0,EV_105,0.0,120,0.0,DR692730_10,35.7,118608.13,DR692730,195.09,0.0,38.3,D,SimuProA-5,EV_105
389.192,20.0,90.59,1650.0,0,4.01,1,66.19,4.12,25.0,45.6,210.0,EV_105,0.0,130,10.0,DR692730_10,35.75,118608.2,DR692730,195.09,0.0,38.35,D,SimuProA-5,EV_105
386.198,45.0,90.59,2750.0,0,4.02,1,66.19,4.13,42.0,95.8,210.0,EV_105,0.0,140,0.0,DR692730_10,35.8,118608.32,DR692730,195.09,0.0,38.4,D,SimuProA-5,EV_105
378.434,55.0,90.59,3100.0,0,3.98,1,66.17,4.11,48.0,135.2,210.0,EV_105,0.0,150,0.0,DR692730_10,35.9,118608.45,DR692730,195.09,0.0,38.5,D,SimuProA-5,EV_105
391.778,0.0,90.59,1450.0,0,4.05,1,66.17,4.13,22.0,-32.5,210.0,EV_105,0.021,160,65.0,DR692730_10,35.95,118608.51,DR692730,195.09,0.0,38.55,D,SimuProA-5,EV_105
381.338,40.0,90.59,2250.0,0,3.99,1,66.15,4.12,35.0,110.4,210.0,EV_105,0.0,170,0.0,DR692730_10,36.0,118608.61,DR692730,195.09,0.0,38.6,D,SimuProA-5,EV_105
375.58,52.0,90.59,2900.0,0,3.97,1,66.12,4.14,45.0,145.3,210.0,EV_105,0.0,180,0.0,DR692730_10,36.15,118608.74,DR692730,195.09,0.0,38.72,D,SimuProA-5,EV_105
382.821,10.0,90.59,1100.0,0,4.04,1,66.12,4.13,18.0,25.4,210.0,EV_105,0.0,190,15.0,DR692730_10,36.25,118608.79,DR692730,195.09,0.0,38.8,D,SimuProA-5,EV_105
379.465,35.0,90.59,2050.0,0,4.01,1,66.11,4.12,32.0,88.7,210.0,EV_105,0.0,200,0.0,DR692730_10,36.4,118608.87,DR692730,195.09,0.0,38.92,D,SimuProA-5,EV_105
378.404,22.0,90.59,1600.0,0,4.03,1,66.1,4.12,25.0,45.2,210.0,EV_105,0.0,210,0.0,DR692730_10,36.5,118608.94,DR692730,195.09,0.0,39.05,D,SimuProA-5,EV_105
395.926,0.0,90.59,800.0,0,4.06,1,66.08,4.14,12.0,-35.8,210.0,EV_105,0.022,220,75.0,DR692730_10,36.55,118608.97,DR692730,195.09,0.0,39.12,D,SimuProA-5,EV_105
392.264,0.0,90.59,500.0,0,4.05,1,66.08,4.13,8.0,12.5,210.0,EV_105,0.0,230,15.0,DR692730_10,36.6,118608.99,DR692730,195.09,0.0,39.18,D,SimuProA-5,EV_105
389.025,18.0,90.59,1350.0,0,4.05,1,66.07,4.13,22.0,42.3,210.0,EV_105,0.0,240,0.0,DR692730_10,36.66,118609.05,DR692730,195.09,0.0,39.24,D,SimuProA-5,EV_105
398.072,0.0,90.59,300.0,0,4.06,1,66.05,4.14,5.0,-28.5,210.0,EV_105,0.018,250,60.0,DR692730_10,36.71,118609.07,DR692730,195.09,0.0,39.31,D,SimuProA-5,EV_105
394.532,0.0,90.59,0.0,0,4.05,1,66.05,4.13,0.0,8.5,210.0,EV_105,0.0,260,45.0,DR692730_10,36.75,118609.07,DR692730,195.09,0.0,39.36,D,SimuProA-5,EV_105
395.674,35.0,90.59,1150.0,0,4.05,1,66.05,4.14,18.0,55.2,210.0,EV_105,0.0,270,0.0,DR692730_10,36.82,118609.12,DR692730,195.09,0.0,39.42,D,SimuProA-5,EV_105
388.107,65.0,90.59,2100.0,0,4.04,1,66.01,4.15,32.0,145.8,210.0,EV_105,0.0,280,0.0,DR692730_10,36.95,118609.21,DR692730,195.09,0.0,39.55,D,SimuProA-5,EV_105
392.748,0.0,90.59,950.0,0,4.06,1,66.01,4.14,15.0,-22.5,210.0,EV_105,0.015,290,40.0,DR692730_10,37.05,118609.25,DR692730,195.09,0.0,39.68,D,SimuProA-5,EV_105
385.734,75.0,90.59,2800.0,0,4.03,1,65.98,4.15,42.0,165.3,210.0,EV_105,0.0,300,0.0,DR692730_10,37.16,118609.37,DR692730,195.09,0.0,39.79,D,SimuProA-5,EV_105
393.396,0.0,90.59,1850.0,0,4.07,1,65.98,4.15,28.0,-12.4,210.0,EV_105,0.012,310,15.0,DR692730_10,37.21,118609.44,DR692730,195.09,0.0,39.86,D,SimuProA-5,EV_105
391.269,30.0,90.59,1450.0,0,4.06,1,65.97,4.14,22.0,45.8,210.0,EV_105,0.0,320,0.0,DR692730_10,37.3,118609.51,DR692730,195.09,0.0,39.94,D,SimuProA-5,EV_105
382.427,55.0,90.59,2500.0,0,4.02,1,65.95,4.15,38.0,155.2,210.0,EV_105,0.0,330,0.0,DR692730_10,37.45,118609.62,DR692730,195.09,0.0,40.05,D,SimuProA-5,EV_105
390.578,0.0,90.59,1200.0,0,4.05,1,65.93,4.14,20.0,-25.8,210.0,EV_105,0.018,340,55.0,DR692730_10,37.52,118609.67,DR692730,195.09,0.0,40.12,D,SimuProA-5,EV_105
387.012,40.0,90.59,1600.0,0,4.04,1,65.92,4.15,25.0,85.4,210.0,EV_105,0.0,350,0.0,DR692730_10,37.65,118609.74,DR692730,195.09,0.0,40.22,D,SimuProA-5,EV_105
386.116,45.0,90.59,2100.0,0,4.03,1,65.89,4.15,32.0,95.2,210.0,EV_105,0.0,360,0.0,DR692730_10,37.75,118609.83,DR692730,195.09,0.0,40.35,D,SimuProA-5,EV_105
389.402,0.0,90.59,750.0,0,4.06,1,65.88,4.14,12.0,-18.5,210.0,EV_105,0.015,370,60.0,DR692730_10,37.82,118609.86,DR692730,195.09,0.0,40.42,D,SimuProA-5,EV_105
391.742,35.0,90.59,1700.0,0,4.05,1,65.88,4.15,26.0,55.3,210.0,EV_105,0.0,380,0.0,DR692730_10,37.88,118609.93,DR692730,195.09,0.0,40.48,D,SimuProA-5,EV_105
388.039,42.0,90.59,2300.0,0,4.04,1,65.87,4.14,35.0,78.4,210.0,EV_105,0.0,390,0.0,DR692730_10,37.95,118610.03,DR692730,195.09,0.0,40.55,D,SimuProA-5,EV_105
385.438,65.0,90.59,3100.0,0,4.02,1,65.86,4.15,48.0,145.2,210.0,EV_105,0.0,400,0.0,DR692730_10,38.05,118610.16,DR692730,195.09,0.0,40.68,D,SimuProA-5,EV_105
392.298,0.0,90.59,950.0,0,4.06,1,65.86,4.14,15.0,-32.5,210.0,EV_105,0.022,410,45.0,DR692730_10,38.1,118610.2,DR692730,195.09,0.0,40.72,D,SimuProA-5,EV_105
378.673,75.0,90.59,3600.0,0,4.01,1,65.84,4.15,52.0,185.2,210.0,EV_105,0.0,420,0.0,DR692730_10,38.25,118610.34,DR692730,195.09,0.0,40.85,D,SimuProA-5,EV_105
393.829,0.0,90.59,1850.0,0,4.07,1,65.84,4.15,28.0,-25.8,210.0,EV_105,0.018,430,55.0,DR692730_10,38.3,118610.42,DR692730,195.09,0.0,40.9,D,SimuProA-5,EV_105
398.271,30.0,90.59,2500.0,0,4.05,1,65.81,4.15,38.0,45.6,210.0,EV_105,0.0,440,0.0,DR692730_10,38.32,118610.53,DR692730,195.09,0.0,40.92,D,SimuProA-5,EV_105
380.395,55.0,90.59,3850.0,0,4.04,1,65.79,4.15,55.0,110.5,210.0,EV_105,0.0,450,0.0,DR692730_10,38.45,118610.68,DR692730,195.09,0.0,41.05,D,SimuProA-5,EV_105
396.296,0.0,90.59,1400.0,0,4.08,1,65.77,4.14,22.0,-35.2,210.0,EV_105,0.025,460,60.0,DR692730_10,38.52,118610.74,DR692730,195.09,0.0,41.12,D,SimuProA-5,EV_105
388.49,45.0,90.59,2800.0,0,4.05,1,65.77,4.15,42.0,85.3,210.0,EV_105,0.0,470,0.0,DR692730_10,38.6,118610.86,DR692730,195.09,0.0,41.2,D,SimuProA-5,EV_105
392.726,35.0,90.59,2250.0,0,4.04,1,65.75,4.14,35.0,65.2,210.0,EV_105,0.0,480,0.0,DR692730_10,38.75,118610.96,DR692730,195.09,0.0,41.35,D,SimuProA-5,EV_105
395.745,5.0,90.59,750.0,0,4.06,1,65.75,4.15,12.0,22.5,210.0,EV_105,0.0,490,15.0,DR692730_10,38.8,118610.99,DR692730,195.09,0.0,41.4,D,SimuProA-5,EV_105
398.552,0.0,90.59,0.0,0,4.09,1,65.74,4.15,0.0,8.5,210.0,EV_105,0.0,500,85.0,DR692730_10,38.85,118610.99,DR692730,195.09,0.0,41.45,D,SimuProA-5,EV_105
399.467,5.0,90.59,150.0,0,4.1,1,65.73,4.15,5.0,12.5,210.0,EV_105,0.0,510,10.0,DR692730_10,38.88,118611.0,DR692730,195.09,0.0,41.48,D,SimuProA-5,EV_105
396.413,30.0,90.59,1100.0,0,4.06,1,65.72,4.15,18.0,45.2,210.0,EV_105,0.0,520,0.0,DR692730_10,38.92,118611.05,DR692730,195.09,0.0,41.55,D,SimuProA-5,EV_105
392.731,55.0,90.59,2100.0,0,4.04,1,65.72,4.15,32.0,78.5,210.0,EV_105,0.0,530,0.0,DR692730_10,39.0,118611.14,DR692730,195.09,0.0,41.65,D,SimuProA-5,EV_105
394.383,45.0,90.59,2300.0,0,4.05,1,65.69,4.14,35.0,65.0,210.0,EV_105,0.0,540,0.0,DR692730_10,39.05,118611.24,DR692730,195.09,0.0,41.7,D,SimuProA-5,EV_105
397.904,20.0,90.59,1600.0,0,4.07,1,65.68,4.13,25.0,40.0,210.0,EV_105,0.0,550,0.0,DR692730_10,39.1,118611.31,DR692730,195.09,0.0,41.75,D,SimuProA-5,EV_105
390.565,0.0,90.59,350.0,0,4.08,1,65.68,4.16,10.0,-35.0,210.0,EV_105,0.02,560,60.0,DR692730_10,39.08,118611.33,DR692730,195.09,0.0,41.72,D,SimuProA-5,EV_105
391.534,35.0,90.59,1800.0,0,4.05,1,65.67,4.14,28.0,55.0,210.0,EV_105,0.0,570,0.0,DR692730_10,39.15,118611.41,DR692730,195.09,0.0,41.8,D,SimuProA-5,EV_105
385.25,65.0,90.59,3000.0,0,4.04,1,65.66,4.15,45.0,110.0,210.0,EV_105,0.0,580,0.0,DR692730_10,39.2,118611.53,DR692730,195.09,0.0,41.9,D,SimuProA-5,EV_105
388.247,0.0,90.59,900.0,0,4.07,1,65.64,4.15,15.0,-25.0,210.0,EV_105,0.01,590,45.0,DR692730_10,39.18,118611.57,DR692730,195.09,0.0,41.85,D,SimuProA-5,EV_105
383.156,75.0,90.59,3400.0,0,4.03,1,65.63,4.15,52.0,145.0,210.0,EV_105,0.0,600,0.0,DR692730_10,39.3,118611.71,DR692730,195.09,0.0,42.05,D,SimuProA-5,EV_105
378.301,78.0,90.59,3850.0,0,4.02,1,65.6,4.14,58.0,180.0,210.0,EV_105,0.0,610,0.0,DR692730_10,39.45,118611.88,DR692730,195.09,0.0,42.2,D,SimuProA-5,EV_105
386.295,0.0,90.59,2600.0,0,4.09,1,65.59,4.16,40.0,-30.0,210.0,EV_105,0.02,620,35.0,DR692730_10,39.4,118611.99,DR692730,195.09,0.0,42.15,D,SimuProA-5,EV_105
389.886,35.0,90.59,2800.0,0,4.065,1,65.58,4.155,42.0,85.0,210.0,EV_105,0.0,630,0.0,DR692730_10,39.5,118612.11,DR692730,195.09,0.0,42.3,D,SimuProA-5,EV_105
390.744,20.0,90.59,1800.0,0,4.072,1,65.57,4.148,28.0,45.0,210.0,EV_105,0.0,640,0.0,DR692730_10,39.52,118612.18,DR692730,195.09,0.0,42.35,D,SimuProA-5,EV_105
384.595,60.0,90.59,3200.0,0,4.04,1,65.57,4.15,48.0,125.0,210.0,EV_105,0.0,650,0.0,DR692730_10,39.58,118612.32,DR692730,195.09,0.0,42.45,D,SimuProA-5,EV_105
372.008,75.0,90.59,3650.0,0,4.01,1,65.56,4.14,55.0,195.0,210.0,EV_105,0.0,660,0.0,DR692730_10,39.65,118612.47,DR692730,195.09,0.0,42.55,D,SimuProA-5,EV_105
381.997,0.0,90.59,2300.0,0,4.08,1,65.55,4.15,35.0,-25.0,210.0,EV_105,0.02,670,45.0,DR692730_10,39.6,118612.57,DR692730,195.09,0.0,42.5,D,SimuProA-5,EV_105
388.894,25.0,90.59,1650.0,0,4.07,1,65.54,4.145,25.0,65.0,210.0,EV_105,0.0,680,0.0,DR692730_10,39.68,118612.64,DR692730,195.09,0.0,42.6,D,SimuProA-5,EV_105
391.693,15.0,90.59,1450.0,0,4.065,1,65.52,4.142,22.0,35.0,210.0,EV_105,0.0,690,0.0,DR692730_10,39.75,118612.7,DR692730,195.09,0.0,42.75,D,SimuProA-5,EV_105
378.713,55.0,90.59,2800.0,0,4.05,1,65.51,4.15,42.0,110.0,210.0,EV_105,0.0,700,0.0,DR692730_10,39.85,118612.82,DR692730,195.09,0.0,42.9,D,SimuProA-5,EV_105
394.088,0.0,90.59,1200.0,0,4.09,1,65.5,4.14,18.0,-35.0,210.0,EV_105,0.02,710,60.0,DR692730_10,39.8,118612.87,DR692730,195.09,0.0,42.85,D,SimuProA-5,EV_105
375.803,65.0,90.59,3800.0,0,4.04,1,65.47,4.15,55.0,125.0,210.0,EV_105,0.0,720,0.0,DR692730_10,39.95,118613.02,DR692730,195.09,0.0,43.05,D,SimuProA-5,EV_105
385.529,0.0,90.59,2450.0,0,4.1,1,65.47,4.145,38.0,-28.0,210.0,EV_105,0.018,730,45.0,DR692730_10,40.0,118613.13,DR692730,195.09,0.0,43.1,D,SimuProA-5,EV_105
379.97,45.0,90.59,3200.0,0,4.06,1,65.46,4.148,48.0,95.0,210.0,EV_105,0.0,740,0.0,DR692730_10,40.15,118613.26,DR692730,195.09,0.0,43.25,D,SimuProA-5,EV_105
372.809,70.0,90.59,3500.0,0,4.02,1,65.45,4.15,52.0,145.0,210.0,EV_105,0.0,750,0.0,DR692730_10,40.25,118613.4,DR692730,195.09,0.0,43.4,D,SimuProA-5,EV_105
388.411,0.0,90.59,1600.0,0,4.11,1,65.44,4.14,25.0,-32.0,210.0,EV_105,0.022,760,75.0,DR692730_10,40.3,118613.47,DR692730,195.09,0.0,43.3,D,SimuProA-5,EV_105
377.141,60.0,90.59,3000.0,0,4.03,1,65.41,4.15,45.0,130.0,210.0,EV_105,0.0,770,0.0,DR692730_10,40.4,118613.6,DR692730,195.09,0.0,43.5,D,SimuProA-5,EV_105
382.147,35.0,90.59,2200.0,0,4.05,1,65.39,4.148,35.0,45.0,210.0,EV_105,0.0,780,0.0,DR692730_10,40.5,118613.7,DR692730,195.09,0.0,43.6,D,SimuProA-5,EV_105
370.433,75.0,90.59,3800.0,0,4.01,1,65.37,4.15,55.0,155.0,210.0,EV_105,0.0,790,0.0,DR692730_10,40.6,118613.85,DR692730,195.09,0.0,43.75,D,SimuProA-5,EV_105
384.766,0.0,90.59,1800.0,0,4.12,1,65.37,4.142,28.0,-18.0,210.0,EV_105,0.012,800,30.0,DR692730_10,40.65,118613.93,DR692730,195.09,0.0,43.7,D,SimuProA-5,EV_105
372.393,55.0,90.59,3200.0,0,4.02,1,65.36,4.148,50.0,140.0,210.0,EV_105,0.0,810,0.0,DR692730_10,40.7,118614.07,DR692730,195.09,0.0,43.8,D,SimuProA-5,EV_105
390.609,0.0,90.59,1200.0,0,4.115,1,65.36,4.145,20.0,-25.0,210.0,EV_105,0.018,820,45.0,DR692730_10,40.65,118614.12,DR692730,195.09,0.0,43.75,D,SimuProA-5,EV_105
385.993,40.0,90.59,1900.0,0,4.06,1,65.35,4.142,30.0,65.0,210.0,EV_105,0.0,830,0.0,DR692730_10,40.75,118614.21,DR692730,195.09,0.0,43.85,D,SimuProA-5,EV_105
388.476,0.0,90.59,500.0,0,4.13,1,65.35,4.148,8.0,-32.0,210.0,EV_105,0.022,840,55.0,DR692730_10,40.7,118614.23,DR692730,195.09,0.0,43.8,D,SimuProA-5,EV_105
402.453,35.0,90.59,1100.0,0,4.125,1,65.34,4.145,18.0,25.0,210.0,EV_105,0.0,850,0.0,DR692730_10,40.75,118614.28,DR692730,195.09,0.0,43.85,D,SimuProA-5,EV_105
398.563,0.0,90.59,650.0,0,4.128,1,65.34,4.142,10.0,-28.0,210.0,EV_105,0.019,860,40.0,DR692730_10,40.7,118614.31,DR692730,195.09,0.0,43.8,D,SimuProA-5,EV_105
396.016,30.0,90.59,1400.0,0,4.122,1,65.33,4.144,22.0,45.0,210.0,EV_105,0.0,870,0.0,DR692730_10,40.8,118614.37,DR692730,195.09,0.0,43.9,D,SimuProA-5,EV_105
391.847,55.0,90.59,2200.0,0,4.11,1,65.32,4.146,35.0,75.0,210.0,EV_105,0.0,880,0.0,DR692730_10,40.9,118614.47,DR692730,195.09,0.0,44.0,D,SimuProA-5,EV_105
387.654,65.0,90.59,3100.0,0,4.095,1,65.29,4.149,48.0,110.0,210.0,EV_105,0.0,890,0.0,DR692730_10,41.05,118614.6,DR692730,195.09,0.0,44.15,D,SimuProA-5,EV_105
383.973,75.0,90.59,4200.0,0,4.082,1,65.26,4.152,60.0,135.0,210.0,EV_105,0.0,900,0.0,DR692730_10,41.35,118614.77,DR692730,195.09,0.0,44.35,D,SimuProA-5,EV_105
390.167,0.0,90.59,1800.0,0,4.09,1,65.25,4.148,30.0,-25.0,210.0,EV_105,0.015,910,45.0,DR692730_10,41.5,118614.85,DR692730,195.09,0.0,44.45,D,SimuProA-5,EV_105
396.068,25.0,90.59,900.0,0,4.12,1,65.25,4.145,15.0,30.0,210.0,EV_105,0.0,920,0.0,DR692730_10,41.6,118614.89,DR692730,195.09,0.0,44.55,D,SimuProA-5,EV_105
388.868,30.0,90.59,1500.0,0,4.115,1,65.23,4.142,25.0,65.0,210.0,EV_105,0.0,930,0.0,DR692730_10,41.7,118614.96,DR692730,195.09,0.0,44.6,D,SimuProA-5,EV_105
382.586,70.0,90.59,2800.0,0,4.088,1,65.23,4.15,45.0,145.0,210.0,EV_105,0.0,940,0.0,DR692730_10,41.85,118615.08,DR692730,195.09,0.0,44.75,D,SimuProA-5,EV_105
395.113,0.0,90.59,600.0,0,4.095,1,65.22,4.148,10.0,-35.0,210.0,EV_105,0.02,950,60.0,DR692730_10,42.0,118615.11,DR692730,195.09,0.0,44.85,D,SimuProA-5,EV_105
392.352,40.0,90.59,2100.0,0,4.118,1,65.2,4.146,35.0,45.0,210.0,EV_105,0.0,960,0.0,DR692730_10,42.1,118615.21,DR692730,195.09,0.0,44.9,D,SimuProA-5,EV_105
385.039,65.0,90.59,3500.0,0,4.095,1,65.18,4.149,55.0,110.0,210.0,EV_105,0.0,970,0.0,DR692730_10,42.2,118615.36,DR692730,195.09,0.0,45.0,D,SimuProA-5,EV_105
394.983,0.0,90.59,1200.0,0,4.1,1,65.18,4.147,20.0,-28.0,210.0,EV_105,0.018,980,55.0,DR692730_10,42.3,118615.42,DR692730,195.09,0.0,45.1,D,SimuProA-5,EV_105
381.277,75.0,90.59,3800.0,0,4.092,1,65.16,4.148,60.0,165.0,210.0,EV_105,0.0,990,0.0,DR692730_10,42.5,118615.59,DR692730,195.09,0.0,45.25,D,SimuProA-5,EV_105
397.079,0.0,90.59,300.0,0,4.105,1,65.15,4.15,5.0,-38.0,210.0,EV_105,0.028,1000,85.0,DR692730_10,42.6,118615.6,DR692730,195.09,0.0,45.3,D,SimuProA-5,EV_105
388.489,45.0,90.59,1500.0,0,4.112,1,65.13,4.146,25.0,85.0,210.0,EV_105,0.0,1010,0.0,DR692730_10,42.7,118615.67,DR692730,195.09,0.0,45.4,D,SimuProA-5,EV_105
384.294,55.0,90.59,2800.0,0,4.09,1,65.09,4.145,45.0,120.0,210.0,EV_105,0.0,1020,0.0,DR692730_10,42.8,118615.79,DR692730,195.09,0.0,45.5,D,SimuProA-5,EV_105
378.233,78.0,90.59,3650.0,0,4.085,1,65.09,4.148,58.0,175.0,210.0,EV_105,0.0,1030,0.0,DR692730_10,42.9,118615.96,DR692730,195.09,0.0,45.6,D,SimuProA-5,EV_105
402.288,0.0,90.59,600.0,0,4.108,1,65.07,4.146,12.0,-35.0,210.0,EV_105,0.025,1040,65.0,DR692730_10,43.0,118615.99,DR692730,195.09,0.0,45.7,D,SimuProA-5,EV_105
395.165,0.0,90.59,900.0,0,4.115,1,65.03,4.142,18.0,-25.0,210.0,EV_105,0.015,1050,35.0,DR692730_10,43.1,118616.04,DR692730,195.09,0.0,45.8,D,SimuProA-5,EV_105
399.966,30.0,90.59,1700.0,0,4.118,1,65.03,4.138,28.0,45.0,210.0,EV_105,0.0,1060,0.0,DR692730_10,43.15,118616.12,DR692730,195.09,0.0,45.85,D,SimuProA-5,EV_105
392.436,50.0,90.59,2600.0,0,4.105,1,64.99,4.135,42.0,95.0,210.0,EV_105,0.0,1070,0.0,DR692730_10,43.2,118616.23,DR692730,195.09,0.0,45.9,D,SimuProA-5,EV_105
384.858,65.0,90.59,3400.0,0,4.092,1,64.95,4.132,55.0,145.0,210.0,EV_105,0.0,1080,0.0,DR692730_10,43.35,118616.38,DR692730,195.09,0.0,46.05,D,SimuProA-5,EV_105
387.941,0.0,90.59,350.0,0,4.112,1,64.92,4.138,10.0,-28.0,210.0,EV_105,0.022,1090,75.0,DR692730_10,43.4,118616.41,DR692730,195.09,0.0,46.1,D,SimuProA-5,EV_105
398.868,15.0,90.59,120.0,0,4.125,1,64.92,4.142,5.0,12.0,210.0,EV_105,0.0,1100,5.0,DR692730_10,43.5,118616.42,DR692730,195.09,0.0,46.2,D,SimuProA-5,EV_105
388.615,40.0,90.59,1350.0,0,4.11,1,64.88,4.136,22.0,65.0,210.0,EV_105,0.0,1110,0.0,DR692730_10,43.55,118616.48,DR692730,195.09,0.0,46.25,D,SimuProA-5,EV_105
393.863,25.0,90.59,1100.0,0,4.122,1,64.88,4.14,18.0,35.0,210.0,EV_105,0.0,1120,5.0,DR692730_10,43.6,118616.53,DR692730,195.09,0.0,46.3,D,SimuProA-5,EV_105
381.664,55.0,90.59,2350.0,0,4.098,1,64.86,4.134,38.0,110.0,210.0,EV_105,0.0,1130,0.0,DR692730_10,43.7,118616.64,DR692730,195.09,0.0,46.45,D,SimuProA-5,EV_105
396.128,35.0,90.59,1750.0,0,4.115,1,64.85,4.14,28.0,45.0,210.0,EV_105,0.0,1140,0.0,DR692730_10,43.75,118616.72,DR692730,195.09,0.0,46.5,D,SimuProA-5,EV_105
384.94,60.0,90.59,2850.0,0,4.095,1,64.82,4.135,45.0,95.0,210.0,EV_105,0.0,1150,0.0,DR692730_10,43.85,118616.84,DR692730,195.09,0.0,46.65,D,SimuProA-5,EV_105
394.953,0.0,90.59,400.0,0,4.118,1,64.81,4.142,12.0,-32.0,210.0,EV_105,0.025,1160,85.0,DR692730_10,43.9,118616.88,DR692730,195.09,0.0,46.75,D,SimuProA-5,EV_105
382.351,50.0,90.59,2650.0,0,4.092,1,64.79,4.138,42.0,105.0,210.0,EV_105,0.0,1170,0.0,DR692730_10,43.95,118617.0,DR692730,195.09,0.0,46.8,D,SimuProA-5,EV_105
391.424,15.0,90.59,950.0,0,4.12,1,64.77,4.14,15.0,28.0,210.0,EV_105,0.0,1180,10.0,DR692730_10,44.0,118617.04,DR692730,195.09,0.0,46.9,D,SimuProA-5,EV_105
378.475,75.0,90.59,3450.0,0,4.085,1,64.77,4.145,55.0,135.0,210.0,EV_105,0.0,1190,0.0,DR692730_10,44.1,118617.19,DR692730,195.09,0.0,47.0,D,SimuProA-5,EV_105
388.314,30.0,90.59,1550.0,0,4.115,1,64.75,4.142,25.0,45.0,210.0,EV_105,0.0,1200,0.0,DR692730_10,44.22,118617.26,DR692730,195.09,0.0,47.12,D,SimuProA-5,EV_105
376.135,70.0,90.59,3100.0,0,4.088,1,64.75,4.148,50.0,140.0,210.0,EV_105,0.0,1210,0.0,DR692730_10,44.35,118617.4,DR692730,195.09,0.0,47.25,D,SimuProA-5,EV_105
395.32,0.0,90.59,250.0,0,4.122,1,64.74,4.145,8.0,-25.0,210.0,EV_105,0.028,1220,65.0,DR692730_10,44.4,118617.42,DR692730,195.09,0.0,47.3,D,SimuProA-5,EV_105
375.468,65.0,90.59,3050.0,0,4.092,1,64.73,4.146,48.0,125.0,210.0,EV_105,0.0,1230,0.0,DR692730_10,44.48,118617.55,DR692730,195.09,0.0,47.38,D,SimuProA-5,EV_105
382.127,25.0,90.59,1250.0,0,4.118,1,64.73,4.143,20.0,40.0,210.0,EV_105,0.015,1240,5.0,DR692730_10,44.55,118617.61,DR692730,195.09,0.0,47.45,D,SimuProA-5,EV_105
391.873,5.0,90.59,150.0,0,4.125,1,64.71,4.141,5.0,12.0,210.0,EV_105,0.0,1250,20.0,DR692730_10,44.6,118617.62,DR692730,195.09,0.0,47.5,D,SimuProA-5,EV_105
396.883,2.0,90.59,50.0,0,4.13,1,64.7,4.138,2.0,5.0,210.0,EV_105,0.0,1260,15.0,DR692730_10,44.65,118617.63,DR692730,195.09,0.0,47.58,D,SimuProA-5,EV_105
372.414,55.0,90.59,2200.0,0,4.105,1,64.66,4.145,35.0,95.0,210.0,EV_105,0.0,1270,0.0,DR692730_10,44.75,118617.72,DR692730,195.09,0.0,47.68,D,SimuProA-5,EV_105
402.025,0.0,90.59,950.0,0,4.128,1,64.66,4.142,15.0,-18.0,210.0,EV_105,0.022,0,45.0,DR692730_11,44.82,118617.76,DR692730,195.09,0.0,47.75,D,SimuProA-5,EV_105
378.663,45.0,90.59,1850.0,0,4.112,1,64.63,4.148,30.0,75.0,210.0,EV_105,0.0,10,0.0,DR692730_11,44.9,118617.84,DR692730,195.09,0.0,47.82,D,SimuProA-5,EV_105
384.729,10.0,90.59,600.0,0,4.12,1,64.62,4.146,10.0,35.0,210.0,EV_105,0.0,20,15.0,DR692730_11,44.95,118617.87,DR692730,195.09,0.0,47.88,D,SimuProA-5,EV_105
374.187,60.0,90.59,2800.0,0,4.108,1,64.59,4.15,40.0,85.0,210.0,EV_105,0.0,30,0.0,DR692730_11,45.02,118617.98,DR692730,195.09,0.0,47.95,D,SimuProA-5,EV_105
368.396,70.0,90.59,3800.0,0,4.102,1,64.54,4.15,55.0,125.0,210.0,EV_105,0.0,40,0.0,DR692730_11,45.12,118618.13,DR692730,195.09,0.0,48.05,D,SimuProA-5,EV_105
382.106,0.0,90.59,1500.0,0,4.132,1,64.54,4.148,25.0,-35.0,210.0,EV_105,0.025,50,65.0,DR692730_11,45.18,118618.2,DR692730,195.09,0.0,48.12,D,SimuProA-5,EV_105
371.386,50.0,90.59,2400.0,0,4.11,1,64.51,4.147,35.0,65.0,210.0,EV_105,0.0,60,0.0,DR692730_11,45.25,118618.3,DR692730,195.09,0.0,48.2,D,SimuProA-5,EV_105
375.052,35.0,90.59,2100.0,0,4.115,1,64.5,4.145,30.0,45.0,210.0,EV_105,0.0,70,0.0,DR692730_11,45.4,118618.38,DR692730,195.09,0.0,48.35,D,SimuProA-5,EV_105
362.799,65.0,90.59,3400.0,0,4.095,1,64.48,4.15,50.0,110.0,210.0,EV_105,0.0,80,0.0,DR692730_11,45.55,118618.52,DR692730,195.09,0.0,48.48,D,SimuProA-5,EV_105
380.014,0.0,90.59,900.0,0,4.125,1,64.48,4.142,15.0,-25.0,210.0,EV_105,0.02,90,55.0,DR692730_11,45.6,118618.56,DR692730,195.09,0.0,48.55,D,SimuProA-5,EV_105
367.985,55.0,90.59,2800.0,0,4.105,1,64.47,4.148,42.0,85.0,210.0,EV_105,0.0,100,0.0,DR692730_11,45.7,118618.68,DR692730,195.09,0.0,48.62,D,SimuProA-5,EV_105
385.26,10.0,90.59,1100.0,0,4.135,1,64.45,4.145,18.0,12.0,210.0,EV_105,0.01,110,15.0,DR692730_11,45.8,118618.73,DR692730,195.09,0.0,48.7,D,SimuProA-5,EV_105
372.518,40.0,90.59,2200.0,0,4.12,1,64.44,4.146,32.0,45.0,210.0,EV_105,0.0,120,0.0,DR692730_11,45.9,118618.82,DR692730,195.09,0.0,48.78,D,SimuProA-5,EV_105
368.564,45.0,90.59,2550.0,0,4.115,1,64.42,4.148,38.0,75.0,210.0,EV_105,0.0,130,0.0,DR692730_11,46.0,118618.93,DR692730,195.09,0.0,48.9,D,SimuProA-5,EV_105
391.721,0.0,90.59,500.0,0,4.138,1,64.42,4.15,8.0,-32.0,210.0,EV_105,0.025,140,65.0,DR692730_11,46.1,118618.95,DR692730,195.09,0.0,49.0,D,SimuProA-5,EV_105
373.767,35.0,90.59,1650.0,0,4.118,1,64.42,4.145,25.0,55.0,210.0,EV_105,0.0,150,0.0,DR692730_11,46.2,118619.02,DR692730,195.09,0.0,49.1,D,SimuProA-5,EV_105
378.168,20.0,90.59,950.0,0,4.125,1,64.41,4.146,15.0,25.0,210.0,EV_105,0.0,160,0.0,DR692730_11,46.25,118619.06,DR692730,195.09,0.0,49.15,D,SimuProA-5,EV_105
365.574,55.0,90.59,2800.0,0,4.11,1,64.39,4.15,42.0,85.0,210.0,EV_105,0.0,170,0.0,DR692730_11,46.35,118619.18,DR692730,195.09,0.0,49.25,D,SimuProA-5,EV_105
395.509,0.0,90.59,300.0,0,4.14,1,64.39,4.15,5.0,-28.0,210.0,EV_105,0.02,180,50.0,DR692730_11,46.4,118619.19,DR692730,195.09,0.0,49.3,D,SimuProA-5,EV_105
388.584,30.0,90.59,1800.0,0,4.122,1,64.37,4.148,28.0,45.0,210.0,EV_105,0.0,190,0.0,DR692730_11,46.48,118619.27,DR692730,195.09,0.0,49.38,D,SimuProA-5,EV_105
368.598,65.0,90.59,3200.0,0,4.108,1,64.34,4.15,48.0,95.0,210.0,EV_105,0.0,200,0.0,DR692730_11,46.62,118619.4,DR692730,195.09,0.0,49.52,D,SimuProA-5,EV_105
391.747,0.0,90.59,250.0,0,4.135,1,64.34,4.148,5.0,-35.0,210.0,EV_105,0.028,210,85.0,DR692730_11,46.65,118619.42,DR692730,195.09,0.0,49.55,D,SimuProA-5,EV_105
375.106,45.0,90.59,2200.0,0,4.105,1,64.31,4.145,35.0,72.0,210.0,EV_105,0.0,220,0.0,DR692730_11,46.75,118619.52,DR692730,195.09,0.0,49.65,D,SimuProA-5,EV_105
362.326,75.0,90.59,3400.0,0,4.098,1,64.27,4.15,52.0,110.0,210.0,EV_105,0.0,230,0.0,DR692730_11,46.88,118619.66,DR692730,195.09,0.0,49.78,D,SimuProA-5,EV_105
398.494,0.0,90.59,450.0,0,4.132,1,64.27,4.148,8.0,-32.0,210.0,EV_105,0.025,240,60.0,DR692730_11,46.95,118619.68,DR692730,195.09,0.0,49.85,D,SimuProA-5,EV_105
372.397,55.0,90.59,2600.0,0,4.105,1,64.22,4.145,42.0,85.0,210.0,EV_105,0.0,250,0.0,DR692730_11,47.0,118619.8,DR692730,195.09,0.0,49.88,D,SimuProA-5,EV_105
385.231,0.0,90.59,750.0,0,4.135,1,64.21,4.148,12.0,-28.0,210.0,EV_105,0.022,260,45.0,DR692730_11,47.02,118619.83,DR692730,195.09,0.0,49.9,D,SimuProA-5,EV_105
378.437,35.0,90.59,1600.0,0,4.108,1,64.19,4.142,25.0,60.0,210.0,EV_105,0.0,270,0.0,DR692730_11,47.15,118619.9,DR692730,195.09,0.0,50.0,D,SimuProA-5,EV_105
368.885,50.0,90.59,2400.0,0,4.102,1,64.17,4.146,38.0,95.0,210.0,EV_105,0.0,280,0.0,DR692730_11,47.22,118620.01,DR692730,195.09,0.0,50.05,D,SimuProA-5,EV_105
382.075,0.0,90.59,900.0,0,4.14,1,64.16,4.15,15.0,-35.0,210.0,EV_105,0.028,290,55.0,DR692730_11,47.28,118620.05,DR692730,195.09,0.0,50.12,D,SimuProA-5,EV_105
370.879,40.0,90.59,1800.0,0,4.105,1,64.13,4.144,28.0,75.0,210.0,EV_105,0.0,300,0.0,DR692730_11,47.35,118620.12,DR692730,195.09,0.0,50.18,D,SimuProA-5,EV_105
375.964,30.0,90.59,2000.0,0,4.11,1,64.1,4.145,32.0,65.0,210.0,EV_105,0.0,310,0.0,DR692730_11,47.4,118620.21,DR692730,195.09,0.0,50.25,D,SimuProA-5,EV_105
365.419,55.0,90.59,2800.0,0,4.095,1,64.09,4.148,45.0,110.0,210.0,EV_105,0.0,320,0.0,DR692730_11,47.5,118620.33,DR692730,195.09,0.0,50.38,D,SimuProA-5,EV_105
371.993,0.0,90.59,1400.0,0,4.138,1,64.08,4.15,22.0,-25.0,210.0,EV_105,0.025,330,40.0,DR692730_11,47.55,118620.39,DR692730,195.09,0.0,50.42,D,SimuProA-5,EV_105
373.289,25.0,90.59,2200.0,0,4.112,1,64.07,4.146,35.0,45.0,210.0,EV_105,0.0,340,0.0,DR692730_11,47.6,118620.49,DR692730,195.09,0.0,50.5,D,SimuProA-5,EV_105
368.375,50.0,90.59,3100.0,0,4.108,1,64.05,4.149,48.0,85.0,210.0,EV_105,0.0,350,0.0,DR692730_11,47.7,118620.62,DR692730,195.09,0.0,50.62,D,SimuProA-5,EV_105
375.69,0.0,90.59,1200.0,0,4.14,1,64.04,4.15,20.0,-32.0,210.0,EV_105,0.029,360,45.0,DR692730_11,47.8,118620.68,DR692730,195.09,0.0,50.7,D,SimuProA-5,EV_105
366.127,60.0,90.59,3400.0,0,4.105,1,64.02,4.148,52.0,95.0,210.0,EV_105,0.0,370,0.0,DR692730_11,47.85,118620.82,DR692730,195.09,0.0,50.75,D,SimuProA-5,EV_105
362.739,75.0,90.59,4100.0,0,4.098,1,63.99,4.145,62.0,125.0,210.0,EV_105,0.0,380,0.0,DR692730_11,47.95,118621.0,DR692730,195.09,0.0,50.85,D,SimuProA-5,EV_105
369.867,0.0,90.59,2500.0,0,4.135,1,63.98,4.15,38.0,-35.0,210.0,EV_105,0.032,390,55.0,DR692730_11,48.0,118621.1,DR692730,195.09,0.0,50.9,D,SimuProA-5,EV_105
361.772,70.0,90.59,3800.0,0,4.095,1,63.95,4.144,58.0,130.0,210.0,EV_105,0.0,400,0.0,DR692730_11,48.1,118621.26,DR692730,195.09,0.0,51.0,D,SimuProA-5,EV_105
372.358,0.0,90.59,1600.0,0,4.14,1,63.94,4.148,25.0,-28.0,210.0,EV_105,0.025,410,40.0,DR692730_11,48.2,118621.33,DR692730,195.09,0.0,51.1,D,SimuProA-5,EV_105
363.83,55.0,90.59,2900.0,0,4.1,1,63.94,4.146,45.0,110.0,210.0,EV_105,0.0,420,0.0,DR692730_11,48.25,118621.46,DR692730,195.09,0.0,51.15,D,SimuProA-5,EV_105
378.162,10.0,90.59,250.0,0,4.115,1,63.94,4.142,5.0,12.5,210.0,EV_105,0.0,430,5.0,DR692730_11,48.3,118621.47,DR692730,195.09,0.0,51.2,D,SimuProA-5,EV_105
382.178,35.0,90.59,1400.0,0,4.11,1,63.92,4.138,22.0,45.0,210.0,EV_105,0.0,440,0.0,DR692730_11,48.35,118621.54,DR692730,195.09,0.0,51.25,D,SimuProA-5,EV_105
370.606,50.0,90.59,2200.0,0,4.105,1,63.92,4.14,35.0,85.0,210.0,EV_105,0.0,450,0.0,DR692730_11,48.4,118621.63,DR692730,195.09,0.0,51.3,D,SimuProA-5,EV_105
388.16,25.0,90.59,1100.0,0,4.118,1,63.89,4.14,18.0,25.0,210.0,EV_105,0.0,460,0.0,DR692730_11,48.45,118621.68,DR692730,195.09,0.0,51.35,D,SimuProA-5,EV_105
365.246,65.0,90.59,2700.0,0,4.095,1,63.87,4.145,42.0,145.0,210.0,EV_105,0.0,470,0.0,DR692730_11,48.52,118621.8,DR692730,195.09,0.0,51.42,D,SimuProA-5,EV_105
375.365,0.0,90.59,750.0,0,4.122,1,63.87,4.142,12.0,-15.0,210.0,EV_105,0.012,480,15.0,DR692730_11,48.58,118621.83,DR692730,195.09,0.0,51.48,D,SimuProA-5,EV_105
378.027,40.0,90.59,1800.0,0,4.115,1,63.85,4.14,28.0,55.0,210.0,EV_105,0.0,490,0.0,DR692730_11,48.65,118621.91,DR692730,195.09,0.0,51.55,D,SimuProA-5,EV_105
368.551,60.0,90.59,2900.0,0,4.1,1,63.83,4.145,45.0,95.0,210.0,EV_105,0.0,500,0.0,DR692730_11,48.75,118622.03,DR692730,195.09,0.0,51.65,D,SimuProA-5,EV_105
373.262,0.0,90.59,950.0,0,4.125,1,63.83,4.142,15.0,-25.0,210.0,EV_105,0.025,510,55.0,DR692730_11,48.8,118622.07,DR692730,195.09,0.0,51.7,D,SimuProA-5,EV_105
362.515,55.0,90.59,2400.0,0,4.09,1,63.8,4.148,38.0,135.0,210.0,EV_105,0.0,520,0.0,DR692730_11,48.88,118622.18,DR692730,195.09,0.0,51.78,D,SimuProA-5,EV_105
370.267,15.0,90.59,1100.0,0,4.11,1,63.78,4.144,18.0,25.0,210.0,EV_105,0.0,530,10.0,DR692730_11,48.95,118622.23,DR692730,195.09,0.0,51.85,D,SimuProA-5,EV_105
365.534,0.0,90.59,300.0,0,4.12,1,63.78,4.146,5.0,-35.0,210.0,EV_105,0.028,540,45.0,DR692730_11,49.0,118622.24,DR692730,195.09,0.0,51.9,D,SimuProA-5,EV_105
363.424,25.0,90.59,750.0,0,4.115,1,63.77,4.145,12.0,45.0,210.0,EV_105,0.0,550,5.0,DR692730_11,49.1,118622.27,DR692730,195.09,0.0,52.05,D,SimuProA-5,EV_105
361.501,40.0,90.59,1400.0,0,4.105,1,63.76,4.149,22.0,85.0,210.0,EV_105,0.0,560,0.0,DR692730_11,49.22,118622.33,DR692730,195.09,0.0,52.18,D,SimuProA-5,EV_105
364.973,0.0,90.59,500.0,0,4.122,1,63.75,4.147,8.0,-15.0,210.0,EV_105,0.012,570,35.0,DR692730_11,49.3,118622.36,DR692730,195.09,0.0,52.25,D,SimuProA-5,EV_105
372.369,35.0,90.59,1800.0,0,4.118,1,63.73,4.148,28.0,55.0,210.0,EV_105,0.0,580,0.0,DR692730_11,49.45,118622.44,DR692730,195.09,0.0,52.38,D,SimuProA-5,EV_105
366.631,0.0,90.59,650.0,0,4.128,1,63.71,4.152,10.0,-38.0,210.0,EV_105,0.025,590,65.0,DR692730_11,49.52,118622.47,DR692730,195.09,0.0,52.45,D,SimuProA-5,EV_105
375.305,5.0,90.59,250.0,0,4.135,1,63.71,4.145,4.0,12.0,210.0,EV_105,0.0,600,5.0,DR692730_11,49.6,118622.48,DR692730,195.09,0.0,52.52,D,SimuProA-5,EV_105
368.779,30.0,90.59,1100.0,0,4.125,1,63.69,4.149,18.0,45.0,210.0,EV_105,0.0,610,0.0,DR692730_11,49.75,118622.53,DR692730,195.09,0.0,52.65,D,SimuProA-5,EV_105
361.807,55.0,90.59,2200.0,0,4.115,1,63.67,4.151,35.0,95.0,210.0,EV_105,0.0,620,0.0,DR692730_11,49.82,118622.63,DR692730,195.09,0.0,52.78,D,SimuProA-5,EV_105
369.843,0.0,90.59,750.0,0,4.13,1,63.66,4.153,12.0,-25.0,210.0,EV_105,0.018,630,50.0,DR692730_11,49.9,118622.66,DR692730,195.09,0.0,52.85,D,SimuProA-5,EV_105
358.787,45.0,90.59,2800.0,0,4.112,1,63.65,4.151,42.0,85.0,210.0,EV_105,0.0,640,0.0,DR692730_11,50.05,118622.78,DR692730,195.09,0.0,53.05,D,SimuProA-5,EV_105
365.071,0.0,90.59,1150.0,0,4.132,1,63.63,4.155,18.0,-32.0,210.0,EV_105,0.022,650,60.0,DR692730_11,50.18,118622.83,DR692730,195.09,0.0,53.12,D,SimuProA-5,EV_105
370.89,8.0,90.59,350.0,0,4.138,1,63.62,4.148,6.0,15.0,210.0,EV_105,0.0,660,10.0,DR692730_11,50.3,118622.84,DR692730,195.09,0.0,53.25,D,SimuProA-5,EV_105
354.731,65.0,90.59,2400.0,0,4.11,1,63.59,4.152,38.0,110.0,210.0,EV_105,0.0,670,0.0,DR692730_11,50.42,118622.95,DR692730,195.09,0.0,53.38,D,SimuProA-5,EV_105
362.52,0.0,90.59,600.0,0,4.135,1,63.59,4.156,10.0,-35.0,210.0,EV_105,0.025,680,55.0,DR692730_11,50.5,118622.97,DR692730,195.09,0.0,53.45,D,SimuProA-5,EV_105
369.166,0.0,90.59,0.0,0,4.14,1,63.59,4.15,0.0,5.0,210.0,EV_105,0.0,690,100.0,DR692730_11,50.55,118622.97,DR692730,195.09,0.0,53.5,D,SimuProA-5,EV_105
372.742,15.0,90.59,750.0,0,4.135,1,63.57,4.145,12.0,25.0,210.0,EV_105,0.0,700,0.0,DR692730_11,50.6,118623.0,DR692730,195.09,0.0,53.58,D,SimuProA-5,EV_105
357.813,45.0,90.59,2000.0,0,4.115,1,63.57,4.152,32.0,85.0,210.0,EV_105,0.0,710,0.0,DR692730_11,50.7,118623.09,DR692730,195.09,0.0,53.65,D,SimuProA-5,EV_105
368.182,0.0,90.59,500.0,0,4.14,1,63.56,4.158,8.0,-28.0,210.0,EV_105,0.02,720,70.0,DR692730_11,50.78,118623.11,DR692730,195.09,0.0,53.7,D,SimuProA-5,EV_105
365.335,35.0,90.59,1400.0,0,4.13,1,63.56,4.155,22.0,45.0,210.0,EV_105,0.0,730,0.0,DR692730_11,50.85,118623.17,DR692730,195.09,0.0,53.78,D,SimuProA-5,EV_105
360.816,55.0,90.59,2400.0,0,4.125,1,63.55,4.158,38.0,75.0,210.0,EV_105,0.0,740,0.0,DR692730_11,50.92,118623.28,DR692730,195.09,0.0,53.88,D,SimuProA-5,EV_105
366.392,0.0,90.59,950.0,0,4.14,1,63.55,4.15,15.0,-18.0,210.0,EV_105,0.015,750,45.0,DR692730_11,50.98,118623.32,DR692730,195.09,0.0,53.95,D,SimuProA-5,EV_105
363.798,40.0,90.59,1900.0,0,4.135,1,63.53,4.156,30.0,65.0,210.0,EV_105,0.0,760,0.0,DR692730_11,51.0,118623.4,DR692730,195.09,0.0,54.0,D,SimuProA-5,EV_105
359.04,60.0,90.59,2800.0,0,4.12,1,63.51,4.158,45.0,95.0,210.0,EV_105,0.0,770,0.0,DR692730_11,51.05,118623.53,DR692730,195.09,0.0,54.1,D,SimuProA-5,EV_105
365.306,0.0,90.59,750.0,0,4.145,1,63.51,4.16,12.0,-32.0,210.0,EV_105,0.025,780,65.0,DR692730_11,51.1,118623.56,DR692730,195.09,0.0,54.15,D,SimuProA-5,EV_105
355.943,65.0,90.59,3200.0,0,4.11,1,63.5,4.16,50.0,110.0,210.0,EV_105,0.0,790,0.0,DR692730_11,51.15,118623.7,DR692730,195.09,0.0,54.2,D,SimuProA-5,EV_105
368.643,0.0,90.59,600.0,0,4.15,1,63.5,4.165,10.0,-25.0,210.0,EV_105,0.02,800,55.0,DR692730_11,51.2,118623.73,DR692730,195.09,0.0,54.25,D,SimuProA-5,EV_105
369.725,10.0,90.59,450.0,0,4.14,1,63.48,4.15,8.0,5.0,210.0,EV_105,0.0,810,5.0,DR692730_11,51.25,118623.75,DR692730,195.09,0.0,54.3,D,SimuProA-5,EV_105
362.765,45.0,90.59,2200.0,0,4.12,1,63.47,4.155,35.0,65.0,210.0,EV_105,0.0,820,0.0,DR692730_11,51.35,118623.85,DR692730,195.09,0.0,54.4,D,SimuProA-5,EV_105
351.852,20.0,90.59,950.0,0,4.1,1,63.46,4.16,15.0,120.0,210.0,EV_105,0.0,830,15.0,DR692730_11,51.45,118623.89,DR692730,195.09,0.0,54.5,D,SimuProA-5,EV_105
358.611,0.0,90.59,300.0,0,4.14,1,63.45,4.165,5.0,-18.0,210.0,EV_105,0.015,840,45.0,DR692730_11,51.5,118623.9,DR692730,195.09,0.0,54.55,D,SimuProA-5,EV_105
372.181,35.0,90.59,1800.0,0,4.13,1,63.44,4.16,28.0,45.0,210.0,EV_105,0.0,850,0.0,DR692730_11,51.6,118623.98,DR692730,195.09,0.0,54.65,D,SimuProA-5,EV_105
364.982,60.0,90.59,2800.0,0,4.11,1,63.42,4.165,42.0,85.0,210.0,EV_105,0.0,860,0.0,DR692730_11,51.75,118624.09,DR692730,195.09,0.0,54.8,D,SimuProA-5,EV_105
370.251,0.0,90.59,1100.0,0,4.14,1,63.42,4.16,18.0,12.0,210.0,EV_105,0.0,870,15.0,DR692730_11,51.85,118624.14,DR692730,195.09,0.0,54.9,D,SimuProA-5,EV_105
368.368,25.0,90.59,2100.0,0,4.13,1,63.41,4.15,32.0,25.0,210.0,EV_105,0.0,880,0.0,DR692730_11,52.0,118624.23,DR692730,195.09,0.0,55.0,D,SimuProA-5,EV_105
362.255,55.0,90.59,3000.0,0,4.11,1,63.4,4.16,45.0,95.0,210.0,EV_105,0.0,890,0.0,DR692730_11,52.1,118624.35,DR692730,195.09,0.0,55.1,D,SimuProA-5,EV_105
375.99,0.0,90.59,1600.0,0,4.14,1,63.39,4.17,25.0,-28.0,210.0,EV_105,0.02,900,65.0,DR692730_11,52.15,118624.42,DR692730,195.09,0.0,55.15,D,SimuProA-5,EV_105
367.91,45.0,90.59,2500.0,0,4.135,1,63.37,4.175,38.0,65.0,210.0,EV_105,0.0,910,0.0,DR692730_11,52.2,118624.53,DR692730,195.09,0.0,55.2,D,SimuProA-5,EV_105
358.468,75.0,90.59,3600.0,0,4.12,1,63.37,4.18,52.0,110.0,210.0,EV_105,0.0,920,0.0,DR692730_11,52.3,118624.67,DR692730,195.09,0.0,55.35,D,SimuProA-5,EV_105
372.858,0.0,90.59,2700.0,0,4.14,1,63.37,4.185,40.0,-15.0,210.0,EV_105,0.025,930,30.0,DR692730_11,52.35,118624.78,DR692730,195.09,0.0,55.4,D,SimuProA-5,EV_105
360.458,80.0,90.59,4300.0,0,4.115,1,63.35,4.185,62.0,125.0,210.0,EV_105,0.0,940,0.0,DR692730_11,52.4,118624.95,DR692730,195.09,0.0,55.5,D,SimuProA-5,EV_105
377.975,0.0,90.59,2400.0,0,4.15,1,63.35,4.19,35.0,-25.0,210.0,EV_105,0.028,950,45.0,DR692730_11,52.45,118625.05,DR692730,195.09,0.0,55.55,D,SimuProA-5,EV_105
365.536,50.0,90.59,2800.0,0,4.125,1,63.35,4.18,42.0,85.0,210.0,EV_105,0.0,960,0.0,DR692730_11,52.5,118625.17,DR692730,195.09,0.0,55.6,D,SimuProA-5,EV_105
354.924,70.0,90.59,3800.0,0,4.105,1,63.32,4.18,55.0,145.0,210.0,EV_105,0.0,970,0.0,DR692730_11,52.6,118625.32,DR692730,195.09,0.0,55.7,D,SimuProA-5,EV_105
368.465,0.0,90.59,1700.0,0,4.135,1,63.32,4.185,25.0,-35.0,210.0,EV_105,0.032,980,60.0,DR692730_11,52.65,118625.39,DR692730,195.09,0.0,55.75,D,SimuProA-5,EV_105
374.793,35.0,90.59,850.0,0,4.14,1,63.31,4.175,12.0,45.0,210.0,EV_105,0.0,990,0.0,DR692730_11,52.7,118625.43,DR692730,195.09,0.0,55.8,D,SimuProA-5,EV_105
365.182,55.0,90.59,2600.0,0,4.13,1,63.3,4.17,38.0,95.0,210.0,EV_105,0.0,1000,0.0,DR692730_11,52.8,118625.54,DR692730,195.09,0.0,55.9,D,SimuProA-5,EV_105
382.132,0.0,90.59,1000.0,0,4.15,1,63.28,4.18,15.0,-32.0,210.0,EV_105,0.03,1010,75.0,DR692730_11,52.85,118625.58,DR692730,195.09,0.0,55.95,D,SimuProA-5,EV_105
378.514,15.0,90.59,550.0,0,4.135,1,63.28,4.165,8.0,12.0,210.0,EV_105,0.0,1020,0.0,DR692730_11,52.9,118625.6,DR692730,195.09,0.0,56.0,D,SimuProA-5,EV_105
362.232,45.0,90.59,2100.0,0,4.125,1,63.26,4.165,30.0,75.0,210.0,EV_105,0.0,1030,0.0,DR692730_11,53.0,118625.68,DR692730,195.09,0.0,56.15,D,SimuProA-5,EV_105
389.907,0.0,90.59,700.0,0,4.14,1,63.26,4.18,10.0,-28.0,210.0,EV_105,0.025,1040,55.0,DR692730_11,53.05,118625.71,DR692730,195.09,0.0,56.2,D,SimuProA-5,EV_105
367.815,30.0,90.59,1500.0,0,4.13,1,63.26,4.17,22.0,55.0,210.0,EV_105,0.0,1050,0.0,DR692730_11,53.15,118625.77,DR692730,195.09,0.0,56.3,D,SimuProA-5,EV_105
375.264,35.0,90.59,1800.0,0,4.135,1,63.25,4.165,25.0,45.0,210.0,EV_105,0.0,1060,0.0,DR692730_11,53.2,118625.84,DR692730,195.09,0.0,56.35,D,SimuProA-5,EV_105
391.741,0.0,90.59,350.0,0,4.145,1,63.25,4.175,5.0,-25.0,210.0,EV_105,0.02,1070,60.0,DR692730_11,53.25,118625.85,DR692730,195.09,0.0,56.4,D,SimuProA-5,EV_105
379.731,25.0,90.59,1200.0,0,4.13,1,63.25,4.16,18.0,30.0,210.0,EV_105,0.0,1080,0.0,DR692730_11,53.3,118625.9,DR692730,195.09,0.0,56.5,D,SimuProA-5,EV_105
374.121,38.0,90.59,1950.0,0,4.138,1,63.24,4.168,28.0,42.0,210.0,EV_105,0.0,1090,0.0,DR692730_11,53.4,118625.98,DR692730,195.09,0.0,56.6,D,SimuProA-5,EV_105
367.922,52.0,90.59,2650.0,0,4.132,1,63.22,4.175,38.0,65.0,210.0,EV_105,0.0,1100,0.0,DR692730_11,53.5,118626.08,DR692730,195.09,0.0,56.7,D,SimuProA-5,EV_105
380.625,0.0,90.59,850.0,0,4.14,1,63.22,4.18,12.0,-35.0,210.0,EV_105,0.028,1110,75.0,DR692730_11,53.6,118626.12,DR692730,195.09,0.0,56.8,D,SimuProA-5,EV_105
395.22,42.0,90.59,2800.0,0,4.142,1,63.21,4.172,42.0,45.0,210.0,EV_105,0.0,1120,0.0,DR692730_11,53.7,118626.24,DR692730,195.09,0.0,56.9,D,SimuProA-5,EV_105
369.78,58.0,90.59,3600.0,0,4.135,1,63.19,4.178,52.0,75.0,210.0,EV_105,0.0,1130,0.0,DR692730_11,53.8,118626.38,DR692730,195.09,0.0,57.0,D,SimuProA-5,EV_105
365.198,65.0,90.59,4100.0,0,4.128,1,63.16,4.182,58.0,85.0,210.0,EV_105,0.0,1140,0.0,DR692730_11,53.9,118626.54,DR692730,195.09,0.0,57.1,D,SimuProA-5,EV_105
372.557,35.0,90.59,3100.0,0,4.138,1,63.14,4.17,45.0,55.0,210.0,EV_105,0.0,1150,0.0,DR692730_11,54.0,118626.66,DR692730,195.09,0.0,57.2,D,SimuProA-5,EV_105
361.637,75.0,90.59,1500.0,0,4.125,1,63.13,4.185,22.0,95.0,210.0,EV_105,0.0,1160,5.0,DR692730_11,54.2,118626.73,DR692730,195.09,0.0,57.4,D,SimuProA-5,EV_105
385.252,0.0,90.59,500.0,0,4.145,1,63.12,4.19,8.0,-25.0,210.0,EV_105,0.015,1170,60.0,DR692730_11,54.3,118626.75,DR692730,195.09,0.0,57.5,D,SimuProA-5,EV_105
367.951,30.0,90.59,2100.0,0,4.112,1,63.12,4.165,30.0,45.0,210.0,EV_105,0.0,1180,0.0,DR692730_11,54.4,118626.83,DR692730,195.09,0.0,57.6,D,SimuProA-5,EV_105
361.662,55.0,90.59,2900.0,0,4.132,1,63.1,4.188,42.0,80.0,210.0,EV_105,0.0,1190,0.0,DR692730_11,54.5,118626.95,DR692730,195.09,0.0,57.7,D,SimuProA-5,EV_105
378.762,0.0,90.59,850.0,0,4.148,1,63.1,4.195,12.0,-15.0,210.0,EV_105,0.012,1200,45.0,DR692730_11,54.6,118626.98,DR692730,195.09,0.0,57.8,D,SimuProA-5,EV_105
368.011,45.0,90.59,2650.0,0,4.118,1,63.08,4.172,38.0,52.0,210.0,EV_105,0.0,1210,0.0,DR692730_11,54.7,118627.09,DR692730,195.09,0.0,57.9,D,SimuProA-5,EV_105
360.186,70.0,90.59,4100.0,0,4.128,1,63.07,4.182,55.0,110.0,210.0,EV_105,0.0,1220,0.0,DR692730_11,54.9,118627.24,DR692730,195.09,0.0,58.1,D,SimuProA-5,EV_105
376.132,0.0,90.59,1250.0,0,4.142,1,63.04,4.192,18.0,-22.0,210.0,EV_105,0.018,1230,65.0,DR692730_11,55.0,118627.29,DR692730,195.09,0.0,58.2,D,SimuProA-5,EV_105
354.5,75.0,90.59,4350.0,0,4.125,1,63.02,4.185,58.0,145.0,210.0,EV_105,0.0,1240,0.0,DR692730_11,55.1,118627.45,DR692730,195.09,0.0,58.3,D,SimuProA-5,EV_105
366.686,0.0,90.59,1600.0,0,4.145,1,62.97,4.198,25.0,-35.0,210.0,EV_105,0.022,1250,55.0,DR692730_11,55.2,118627.52,DR692730,195.09,0.0,58.4,D,SimuProA-5,EV_105
358.623,50.0,90.59,2200.0,0,4.12,1,62.95,4.18,32.0,95.0,210.0,EV_105,0.0,1260,0.0,DR692730_11,55.3,118627.61,DR692730,195.09,0.0,58.5,D,SimuProA-5,EV_105
378.01,15.0,90.59,800.0,0,4.135,1,62.93,4.195,12.0,15.0,210.0,EV_105,0.0,1270,10.0,DR692730_11,55.4,118627.64,DR692730,195.09,0.0,58.6,D,SimuProA-5,EV_105
385.112,0.0,90.59,0.0,0,4.14,1,62.9,4.2,0.0,-18.0,210.0,EV_105,0.015,0,85.0,DR692730_12,55.5,118627.64,DR692730,195.09,0.0,58.7,D,SimuProA-5,EV_105
371.679,45.0,90.59,1100.0,0,4.13,1,62.87,4.19,18.0,85.0,210.0,EV_105,0.0,10,0.0,DR692730_12,55.6,118627.69,DR692730,195.09,0.0,58.8,D,SimuProA-5,EV_105
364.826,65.0,90.59,2300.0,0,4.11,1,62.83,4.18,35.0,125.0,210.0,EV_105,0.0,20,0.0,DR692730_12,55.7,118627.79,DR692730,195.09,0.0,58.9,D,SimuProA-5,EV_105
372.554,25.0,90.59,1450.0,0,4.14,1,62.8,4.19,22.0,45.0,210.0,EV_105,0.0,30,15.0,DR692730_12,55.8,118627.85,DR692730,195.09,0.0,59.0,D,SimuProA-5,EV_105
381.972,0.0,90.59,500.0,0,4.15,1,62.8,4.2,8.0,5.0,210.0,EV_105,0.01,40,40.0,DR692730_12,55.9,118627.87,DR692730,195.09,0.0,59.1,D,SimuProA-5,EV_105
368.21,35.0,90.59,1950.0,0,4.12,1,62.77,4.17,30.0,65.0,210.0,EV_105,0.0,50,0.0,DR692730_12,55.95,118627.95,DR692730,195.09,0.0,59.15,D,SimuProA-5,EV_105
378.24,0.0,90.59,350.0,0,4.15,1,62.75,4.19,5.0,12.0,210.0,EV_105,0.008,60,60.0,DR692730_12,56.0,118627.97,DR692730,195.09,0.0,59.2,D,SimuProA-5,EV_105
374.815,20.0,90.59,950.0,0,4.13,1,62.75,4.18,15.0,40.0,210.0,EV_105,0.0,70,0.0,DR692730_12,56.05,118628.01,DR692730,195.09,0.0,59.25,D,SimuProA-5,EV_105
385.31,0.0,90.59,0.0,0,4.15,1,62.74,4.2,0.0,5.0,210.0,EV_105,0.0,80,100.0,DR692730_12,56.1,118628.01,DR692730,195.09,0.0,59.3,D,SimuProA-5,EV_105
370.405,30.0,90.59,1600.0,0,4.12,1,62.72,4.17,25.0,55.0,210.0,EV_105,0.0,90,0.0,DR692730_12,56.15,118628.08,DR692730,195.09,0.0,59.35,D,SimuProA-5,EV_105
375.543,5.0,90.59,650.0,0,4.14,1,62.7,4.19,10.0,15.0,210.0,EV_105,0.012,100,30.0,DR692730_12,56.2,118628.11,DR692730,195.09,0.0,59.4,D,SimuProA-5,EV_105
371.748,25.0,90.59,1250.0,0,4.135,1,62.68,4.185,20.0,45.0,210.0,EV_105,0.0,110,0.0,DR692730_12,56.32,118628.17,DR692730,195.09,0.0,59.52,D,SimuProA-5,EV_105
378.491,5.0,90.59,500.0,0,4.148,1,62.68,4.192,8.0,8.0,210.0,EV_105,0.0,120,10.0,DR692730_12,56.38,118628.19,DR692730,195.09,0.0,59.58,D,SimuProA-5,EV_105
371.754,40.0,90.59,2200.0,0,4.132,1,62.67,4.188,35.0,65.0,210.0,EV_105,0.0,130,0.0,DR692730_12,56.45,118628.29,DR692730,195.09,0.0,59.7,D,SimuProA-5,EV_105
368.185,75.0,90.59,3500.0,0,4.11,1,62.65,4.19,52.0,185.0,210.0,EV_105,0.0,140,0.0,DR692730_12,56.52,118628.43,DR692730,195.09,0.0,59.78,D,SimuProA-5,EV_105
397.958,0.0,90.59,2600.0,0,4.1,1,62.64,4.14,38.0,-25.0,210.0,EV_105,0.015,150,45.0,DR692730_12,56.56,118628.54,DR692730,195.09,0.0,59.82,D,SimuProA-5,EV_105
392.473,25.0,90.59,1800.0,0,4.12,1,62.61,4.16,28.0,40.0,210.0,EV_105,0.0,160,0.0,DR692730_12,56.65,118628.62,DR692730,195.09,0.0,59.9,D,SimuProA-5,EV_105
385.693,30.0,90.59,2050.0,0,4.115,1,62.59,4.155,32.0,55.0,210.0,EV_105,0.0,170,0.0,DR692730_12,56.7,118628.71,DR692730,195.09,0.0,59.95,D,SimuProA-5,EV_105
362.896,65.0,90.59,3200.0,0,4.09,1,62.57,4.17,48.0,140.0,210.0,EV_105,0.0,180,0.0,DR692730_12,56.8,118628.84,DR692730,195.09,0.0,60.05,D,SimuProA-5,EV_105
391.01,0.0,90.59,1600.0,0,4.1,1,62.56,4.14,25.0,-30.0,210.0,EV_105,0.018,190,55.0,DR692730_12,56.85,118628.91,DR692730,195.09,0.0,60.1,D,SimuProA-5,EV_105
388.076,20.0,90.59,1900.0,0,4.095,1,62.55,4.135,30.0,35.0,210.0,EV_105,0.0,200,0.0,DR692730_12,56.9,118628.99,DR692730,195.09,0.0,60.15,D,SimuProA-5,EV_105
378.319,45.0,90.59,2800.0,0,4.11,1,62.53,4.15,42.0,65.0,210.0,EV_105,0.0,210,0.0,DR692730_12,57.0,118629.11,DR692730,195.09,0.0,60.25,D,SimuProA-5,EV_105
365.93,70.0,90.59,3800.0,0,4.1,1,62.51,4.165,55.0,110.0,210.0,EV_105,0.0,220,0.0,DR692730_12,57.15,118629.26,DR692730,195.09,0.0,60.4,D,SimuProA-5,EV_105
372.526,30.0,90.59,2200.0,0,4.095,1,62.49,4.145,35.0,45.0,210.0,EV_105,0.0,230,0.0,DR692730_12,57.2,118629.36,DR692730,195.09,0.0,60.45,D,SimuProA-5,EV_105
395.55,0.0,90.59,950.0,0,4.105,1,62.49,4.15,15.0,-25.0,210.0,EV_105,0.015,240,45.0,DR692730_12,57.25,118629.4,DR692730,195.09,0.0,60.5,D,SimuProA-5,EV_105
385.99,25.0,90.59,1750.0,0,4.09,1,62.48,4.14,28.0,50.0,210.0,EV_105,0.0,250,0.0,DR692730_12,57.3,118629.48,DR692730,195.09,0.0,60.55,D,SimuProA-5,EV_105
370.191,35.0,90.59,2400.0,0,4.095,1,62.45,4.145,38.0,55.0,210.0,EV_105,0.0,260,0.0,DR692730_12,57.31,118629.59,DR692730,195.09,0.0,60.56,D,SimuProA-5,EV_105
363.145,75.0,90.59,3600.0,0,4.085,1,62.44,4.15,52.0,135.0,210.0,EV_105,0.0,270,0.0,DR692730_12,57.33,118629.73,DR692730,195.09,0.0,60.58,D,SimuProA-5,EV_105
388.693,0.0,90.59,750.0,0,4.1,1,62.42,4.15,12.0,-35.0,210.0,EV_105,0.025,280,65.0,DR692730_12,57.34,118629.76,DR692730,195.09,0.0,60.59,D,SimuProA-5,EV_105
394.219,0.0,90.59,300.0,0,4.095,1,62.39,4.145,5.0,-28.0,210.0,EV_105,0.02,290,55.0,DR692730_12,57.36,118629.77,DR692730,195.09,0.0,60.61,D,SimuProA-5,EV_105
398.739,15.0,90.59,650.0,0,4.09,1,62.39,4.14,10.0,8.0,210.0,EV_105,0.0,300,0.0,DR692730_12,57.38,118629.8,DR692730,195.09,0.0,60.63,D,SimuProA-5,EV_105
385.272,30.0,90.59,1400.0,0,4.09,1,62.38,4.145,22.0,45.0,210.0,EV_105,0.0,310,0.0,DR692730_12,57.4,118629.86,DR692730,195.09,0.0,60.65,D,SimuProA-5,EV_105
382.81,45.0,90.59,2100.0,0,4.088,1,62.36,4.142,32.0,65.0,210.0,EV_105,0.0,320,0.0,DR692730_12,57.41,118629.95,DR692730,195.09,0.0,60.66,D,SimuProA-5,EV_105
377.871,55.0,90.59,2500.0,0,4.085,1,62.35,4.145,38.0,85.0,210.0,EV_105,0.0,330,0.0,DR692730_12,57.42,118630.05,DR692730,195.09,0.0,60.67,D,SimuProA-5,EV_105
392.305,0.0,90.59,1800.0,0,4.092,1,62.35,4.148,28.0,-15.0,210.0,EV_105,0.015,340,45.0,DR692730_12,57.43,118630.13,DR692730,195.09,0.0,60.68,D,SimuProA-5,EV_105
396.177,20.0,90.59,1100.0,0,4.091,1,62.33,4.146,18.0,25.0,210.0,EV_105,0.0,350,0.0,DR692730_12,57.44,118630.18,DR692730,195.09,0.0,60.69,D,SimuProA-5,EV_105
388.05,35.0,90.59,1600.0,0,4.087,1,62.33,4.144,25.0,55.0,210.0,EV_105,0.0,360,0.0,DR692730_12,57.45,118630.25,DR692730,195.09,0.0,60.7,D,SimuProA-5,EV_105
372.557,60.0,90.59,2700.0,0,4.084,1,62.32,4.149,42.0,95.0,210.0,EV_105,0.0,370,0.0,DR692730_12,57.46,118630.37,DR692730,195.09,0.0,60.72,D,SimuProA-5,EV_105
382.737,40.0,90.59,2000.0,0,4.083,1,62.29,4.142,32.0,45.0,210.0,EV_105,0.0,380,0.0,DR692730_12,57.47,118630.46,DR692730,195.09,0.0,60.74,D,SimuProA-5,EV_105
374.989,50.0,90.59,2900.0,0,4.08,1,62.28,4.146,45.0,75.0,210.0,EV_105,0.0,390,0.0,DR692730_12,57.48,118630.58,DR692730,195.09,0.0,60.76,D,SimuProA-5,EV_105
368.017,65.0,90.59,3400.0,0,4.075,1,62.25,4.15,52.0,110.0,210.0,EV_105,0.0,400,0.0,DR692730_12,57.5,118630.73,DR692730,195.09,0.0,60.78,D,SimuProA-5,EV_105
376.498,45.0,90.59,2400.0,0,4.082,1,62.22,4.145,38.0,65.0,210.0,EV_105,0.0,410,0.0,DR692730_12,57.5,118630.84,DR692730,195.09,0.0,60.8,D,SimuProA-5,EV_105
384.991,20.0,90.59,1400.0,0,4.085,1,62.22,4.143,22.0,40.0,210.0,EV_105,0.0,420,10.0,DR692730_12,57.52,118630.9,DR692730,195.09,0.0,60.82,D,SimuProA-5,EV_105
362.218,70.0,90.59,3600.0,0,4.072,1,62.19,4.15,55.0,125.0,210.0,EV_105,0.0,430,0.0,DR692730_12,57.55,118631.05,DR692730,195.09,0.0,60.85,D,SimuProA-5,EV_105
372.391,45.0,90.59,2300.0,0,4.078,1,62.15,4.148,35.0,85.0,210.0,EV_105,0.0,440,0.0,DR692730_12,57.58,118631.15,DR692730,195.09,0.0,60.88,D,SimuProA-5,EV_105
364.715,60.0,90.59,3200.0,0,4.074,1,62.14,4.15,48.0,115.0,210.0,EV_105,0.0,450,0.0,DR692730_12,57.61,118631.28,DR692730,195.09,0.0,60.91,D,SimuProA-5,EV_105
378.467,0.0,90.59,800.0,0,4.081,1,62.13,4.142,12.0,-35.0,210.0,EV_105,0.015,460,45.0,DR692730_12,57.63,118631.31,DR692730,195.09,0.0,60.93,D,SimuProA-5,EV_105
395.19,35.0,90.59,1900.0,0,4.08,1,62.1,4.145,30.0,55.0,210.0,EV_105,0.0,470,0.0,DR692730_12,57.66,118631.39,DR692730,195.09,0.0,60.96,D,SimuProA-5,EV_105
370.733,65.0,90.59,2900.0,0,4.068,1,62.09,4.15,45.0,130.0,210.0,EV_105,0.0,480,0.0,DR692730_12,57.69,118631.52,DR692730,195.09,0.0,60.99,D,SimuProA-5,EV_105
358.2,0.0,90.59,500.0,0,4.075,1,62.09,4.14,8.0,-40.0,210.0,EV_105,0.02,490,60.0,DR692730_12,57.72,118631.54,DR692730,195.09,0.0,61.02,D,SimuProA-5,EV_105
362.802,45.0,90.59,950.0,0,4.072,1,62.07,4.148,15.0,120.0,210.0,EV_105,0.0,500,0.0,DR692730_12,57.75,118631.58,DR692730,195.09,0.0,61.05,D,SimuProA-5,EV_105
375.311,25.0,90.59,1600.0,0,4.078,1,62.07,4.145,25.0,45.0,210.0,EV_105,0.0,510,0.0,DR692730_12,57.76,118631.65,DR692730,195.09,0.0,61.06,D,SimuProA-5,EV_105
355.573,60.0,90.59,2700.0,0,4.065,1,62.05,4.15,42.0,145.0,210.0,EV_105,0.0,520,0.0,DR692730_12,57.78,118631.77,DR692730,195.09,0.0,61.08,D,SimuProA-5,EV_105
368.613,35.0,90.59,2050.0,0,4.082,1,62.02,4.146,32.0,85.0,210.0,EV_105,0.0,530,0.0,DR692730_12,57.85,118631.86,DR692730,195.09,0.0,61.15,D,SimuProA-5,EV_105
360.444,0.0,90.59,750.0,0,4.09,1,62.02,4.142,12.0,-25.0,210.0,EV_105,0.015,540,45.0,DR692730_12,57.88,118631.89,DR692730,195.09,0.0,61.18,D,SimuProA-5,EV_105
372.768,5.0,90.59,300.0,0,4.085,1,62.02,4.14,5.0,18.0,210.0,EV_105,0.0,550,10.0,DR692730_12,57.9,118631.91,DR692730,195.09,0.0,61.2,D,SimuProA-5,EV_105
374.507,15.0,90.59,550.0,0,4.088,1,62.02,4.142,8.5,22.0,210.0,EV_105,0.0,560,0.0,DR692730_12,57.92,118631.93,DR692730,195.09,0.0,61.22,D,SimuProA-5,EV_105
365.663,30.0,90.59,1150.0,0,4.075,1,62.01,4.148,18.0,55.0,210.0,EV_105,0.0,570,0.0,DR692730_12,57.95,118631.98,DR692730,195.09,0.0,61.26,D,SimuProA-5,EV_105
358.78,55.0,90.59,2200.0,0,4.068,1,61.99,4.15,35.0,135.0,210.0,EV_105,0.0,580,0.0,DR692730_12,57.98,118632.08,DR692730,195.09,0.0,61.3,D,SimuProA-5,EV_105
375.959,25.0,90.59,1400.0,0,4.082,1,61.96,4.135,22.0,12.0,210.0,EV_105,0.0,590,0.0,DR692730_12,57.94,118632.14,DR692730,195.09,0.0,61.32,D,SimuProA-5,EV_105
375.316,15.0,90.59,950.0,0,4.08,1,61.96,4.132,15.0,18.0,210.0,EV_105,0.0,600,10.0,DR692730_12,57.96,118632.18,DR692730,195.09,0.0,61.35,D,SimuProA-5,EV_105
352.517,0.0,90.59,500.0,0,4.085,1,61.96,4.138,8.0,-28.0,210.0,EV_105,0.012,610,65.0,DR692730_12,57.95,118632.21,DR692730,195.09,0.0,61.33,D,SimuProA-5,EV_105
375.918,18.0,90.59,780.0,0,4.082,1,61.95,4.138,12.0,25.0,210.0,EV_105,0.0,620,0.0,DR692730_12,58.02,118632.24,DR692730,195.09,0.0,61.45,D,SimuProA-5,EV_105
354.744,45.0,90.59,1800.0,0,4.065,1,61.94,4.15,28.0,85.0,210.0,EV_105,0.0,630,0.0,DR692730_12,58.08,118632.32,DR692730,195.09,0.0,61.52,D,SimuProA-5,EV_105
348.207,0.0,90.59,350.0,0,4.07,1,61.92,4.145,5.0,-35.0,210.0,EV_105,0.025,640,75.0,DR692730_12,58.1,118632.34,DR692730,195.09,0.0,61.55,D,SimuProA-5,EV_105
375.245,12.0,90.59,650.0,0,4.081,1,61.91,4.135,10.0,22.0,210.0,EV_105,0.0,650,5.0,DR692730_12,58.12,118632.37,DR692730,195.09,0.0,61.58,D,SimuProA-5,EV_105
378.256,20.0,90.59,1150.0,0,4.084,1,61.91,4.139,18.0,15.0,210.0,EV_105,0.0,660,0.0,DR692730_12,58.15,118632.42,DR692730,195.09,0.0,61.61,D,SimuProA-5,EV_105
365.147,38.0,90.59,2100.0,0,4.075,1,61.89,4.148,32.0,65.0,210.0,EV_105,0.0,670,0.0,DR692730_12,58.2,118632.51,DR692730,195.09,0.0,61.66,D,SimuProA-5,EV_105
360.262,55.0,90.59,2750.0,0,4.072,1,61.87,4.145,42.0,85.0,210.0,EV_105,0.0,680,0.0,DR692730_12,58.26,118632.63,DR692730,195.09,0.0,61.72,D,SimuProA-5,EV_105
395.708,0.0,90.59,950.0,0,4.08,1,61.85,4.15,15.0,-25.0,210.0,EV_105,0.018,690,45.0,DR692730_12,58.3,118632.67,DR692730,195.09,0.0,61.75,D,SimuProA-5,EV_105
372.399,18.0,90.59,1400.0,0,4.082,1,61.85,4.14,22.0,12.0,210.0,EV_105,0.0,700,0.0,DR692730_12,58.33,118632.73,DR692730,195.09,0.0,61.78,D,SimuProA-5,EV_105
368.4,32.0,90.59,2250.0,0,4.078,1,61.83,4.142,35.0,45.0,210.0,EV_105,0.0,710,0.0,DR692730_12,58.4,118632.83,DR692730,195.09,0.0,61.85,D,SimuProA-5,EV_105
398.182,0.0,90.59,520.0,0,4.085,1,61.82,4.15,8.0,-32.0,210.0,EV_105,0.022,720,65.0,DR692730_12,58.45,118632.85,DR692730,195.09,0.0,61.88,D,SimuProA-5,EV_105
376.232,15.0,90.59,780.0,0,4.08,1,61.8,4.145,12.0,18.0,210.0,EV_105,0.0,730,5.0,DR692730_12,58.5,118632.88,DR692730,195.09,0.0,61.92,D,SimuProA-5,EV_105
382.276,28.0,90.59,1550.0,0,4.082,1,61.78,4.148,25.0,35.0,210.0,EV_105,0.0,740,0.0,DR692730_12,58.55,118632.95,DR692730,195.09,0.0,61.96,D,SimuProA-5,EV_105
369.73,45.0,90.59,2700.0,0,4.075,1,61.76,4.15,42.0,65.0,210.0,EV_105,0.0,750,0.0,DR692730_12,58.6,118633.07,DR692730,195.09,0.0,62.02,D,SimuProA-5,EV_105
379.219,0.0,90.59,1800.0,0,4.085,1,61.76,4.145,28.0,-15.0,210.0,EV_105,0.012,760,25.0,DR692730_12,58.62,118633.14,DR692730,195.09,0.0,62.05,D,SimuProA-5,EV_105
388.328,35.0,90.59,2350.0,0,4.088,1,61.73,4.142,38.0,42.0,210.0,EV_105,0.0,770,0.0,DR692730_12,58.68,118633.25,DR692730,195.09,0.0,62.12,D,SimuProA-5,EV_105
374.362,55.0,90.59,3400.0,0,4.072,1,61.73,4.15,52.0,75.0,210.0,EV_105,0.0,780,0.0,DR692730_12,58.78,118633.39,DR692730,195.09,0.0,62.25,D,SimuProA-5,EV_105
385.746,0.0,90.59,1200.0,0,4.092,1,61.72,4.148,22.0,-28.0,210.0,EV_105,0.025,790,45.0,DR692730_12,58.82,118633.45,DR692730,195.09,0.0,62.3,D,SimuProA-5,EV_105
371.022,60.0,90.59,3100.0,0,4.065,1,61.68,4.15,48.0,85.0,210.0,EV_105,0.0,800,0.0,DR692730_12,58.95,118633.58,DR692730,195.09,0.0,62.45,D,SimuProA-5,EV_105
379.154,0.0,90.59,800.0,0,4.085,1,61.68,4.145,15.0,-35.0,210.0,EV_105,0.028,810,65.0,DR692730_12,59.05,118633.62,DR692730,195.09,0.0,62.55,D,SimuProA-5,EV_105
382.602,10.0,90.59,450.0,0,4.1,1,61.68,4.14,8.0,12.0,210.0,EV_105,0.0,820,5.0,DR692730_12,59.1,118633.65,DR692730,195.09,0.0,62.62,D,SimuProA-5,EV_105
369.8,52.0,90.59,2950.0,0,4.062,1,61.67,4.148,45.0,88.5,210.0,EV_105,0.0,830,0.0,DR692730_12,59.22,118633.77,DR692730,195.09,0.0,62.75,D,SimuProA-5,EV_105
378.167,0.0,90.59,650.0,0,4.088,1,61.65,4.145,12.0,-32.0,210.0,EV_105,0.026,840,55.0,DR692730_12,59.35,118633.81,DR692730,195.09,0.0,62.85,D,SimuProA-5,EV_105
372.786,42.0,90.59,2450.0,0,4.07,1,61.64,4.142,38.0,65.0,210.0,EV_105,0.0,850,0.0,DR692730_12,59.48,118633.91,DR692730,195.09,0.0,62.95,D,SimuProA-5,EV_105
374.374,35.0,90.59,2250.0,0,4.075,1,61.63,4.14,35.0,45.0,210.0,EV_105,0.0,860,0.0,DR692730_12,59.55,118634.01,DR692730,195.09,0.0,63.02,D,SimuProA-5,EV_105
368.737,55.0,90.59,3100.0,0,4.065,1,61.61,4.148,48.0,82.0,210.0,EV_105,0.0,870,0.0,DR692730_12,59.68,118634.14,DR692730,195.09,0.0,63.15,D,SimuProA-5,EV_105
384.894,0.0,90.59,1400.0,0,4.095,1,61.61,4.142,22.0,-28.0,210.0,EV_105,0.022,880,45.0,DR692730_12,59.7,118634.2,DR692730,195.09,0.0,63.18,D,SimuProA-5,EV_105
375.494,45.0,90.59,2750.0,0,4.072,1,61.59,4.145,42.0,55.0,210.0,EV_105,0.0,890,0.0,DR692730_12,59.75,118634.32,DR692730,195.09,0.0,63.25,D,SimuProA-5,EV_105
366.425,65.0,90.59,3400.0,0,4.06,1,61.56,4.15,52.0,95.0,210.0,EV_105,0.0,900,0.0,DR692730_12,59.85,118634.46,DR692730,195.09,0.0,63.4,D,SimuProA-5,EV_105
380.156,0.0,90.59,950.0,0,4.09,1,61.56,4.148,15.0,-38.0,210.0,EV_105,0.028,910,75.0,DR692730_12,59.9,118634.5,DR692730,195.09,0.0,63.45,D,SimuProA-5,EV_105
365.275,75.0,90.59,3900.0,0,4.055,1,61.53,4.149,62.0,110.0,210.0,EV_105,0.0,920,0.0,DR692730_12,60.02,118634.67,DR692730,195.09,0.0,63.55,D,SimuProA-5,EV_105
388.738,0.0,90.59,1550.0,0,4.092,1,61.53,4.147,25.0,-42.0,210.0,EV_105,0.035,930,85.0,DR692730_12,60.08,118634.74,DR692730,195.09,0.0,63.62,D,SimuProA-5,EV_105
372.167,35.0,90.59,2400.0,0,4.068,1,61.49,4.144,38.0,45.0,210.0,EV_105,0.0,940,0.0,DR692730_12,60.15,118634.85,DR692730,195.09,0.0,63.75,D,SimuProA-5,EV_105
361.472,70.0,90.59,3000.0,0,4.05,1,61.46,4.145,48.0,135.0,210.0,EV_105,0.0,950,0.0,DR692730_12,60.25,118634.98,DR692730,195.09,0.0,63.85,D,SimuProA-5,EV_105
355.223,80.0,90.59,3950.0,0,4.04,1,61.44,4.15,63.0,165.0,210.0,EV_105,0.0,960,0.0,DR692730_12,60.35,118635.16,DR692730,195.09,0.0,63.95,D,SimuProA-5,EV_105
376.009,0.0,90.59,1750.0,0,4.08,1,61.44,4.14,28.0,-32.0,210.0,EV_105,0.03,970,45.0,DR692730_12,60.4,118635.24,DR692730,195.09,0.0,63.98,D,SimuProA-5,EV_105
382.375,40.0,90.59,2000.0,0,4.095,1,61.41,4.135,32.0,55.0,210.0,EV_105,0.0,980,0.0,DR692730_12,60.45,118635.33,DR692730,195.09,0.0,64.02,D,SimuProA-5,EV_105
370.37,0.0,90.59,750.0,0,4.1,1,61.41,4.142,12.0,-35.0,210.0,EV_105,0.025,990,65.0,DR692730_12,60.48,118635.36,DR692730,195.09,0.0,64.05,D,SimuProA-5,EV_105
379.038,15.0,90.59,500.0,0,4.098,1,61.4,4.138,8.0,12.0,210.0,EV_105,0.0,1000,10.0,DR692730_12,60.5,118635.38,DR692730,195.09,0.0,64.08,D,SimuProA-5,EV_105
381.852,30.0,90.59,950.0,0,4.1,1,61.38,4.14,15.0,45.0,210.0,EV_105,0.0,1010,0.0,DR692730_12,60.52,118635.42,DR692730,195.09,0.0,64.1,D,SimuProA-5,EV_105
375.021,55.0,90.59,1600.0,0,4.09,1,61.36,4.145,25.0,85.0,210.0,EV_105,0.0,1020,0.0,DR692730_12,60.58,118635.49,DR692730,195.09,0.0,64.15,D,SimuProA-5,EV_105
368.993,70.0,90.59,2650.0,0,4.07,1,61.35,4.15,42.0,140.0,210.0,EV_105,0.0,1030,0.0,DR692730_12,60.65,118635.61,DR692730,195.09,0.0,64.25,D,SimuProA-5,EV_105
385.666,25.0,90.59,1150.0,0,4.105,1,61.34,4.148,18.0,35.0,210.0,EV_105,0.0,1040,0.0,DR692730_12,60.72,118635.66,DR692730,195.09,0.0,64.32,D,SimuProA-5,EV_105
372.358,75.0,90.59,3600.0,0,4.06,1,61.3,4.15,55.0,160.0,210.0,EV_105,0.0,1050,0.0,DR692730_12,60.85,118635.81,DR692730,195.09,0.0,64.48,D,SimuProA-5,EV_105
390.329,0.0,90.59,2550.0,0,4.095,1,61.28,4.135,40.0,-25.0,210.0,EV_105,0.028,1060,45.0,DR692730_12,60.9,118635.92,DR692730,195.09,0.0,64.55,D,SimuProA-5,EV_105
378.757,0.0,90.59,950.0,0,4.095,1,61.26,4.13,15.0,12.5,210.0,EV_105,0.002,1070,25.0,DR692730_12,60.95,118635.96,DR692730,195.09,0.0,64.6,D,SimuProA-5,EV_105
382.424,35.0,90.59,1800.0,0,4.1,1,61.26,4.14,28.0,45.0,210.0,EV_105,0.0,1080,0.0,DR692730_12,61.0,118636.04,DR692730,195.09,0.0,64.65,D,SimuProA-5,EV_105
370.784,60.0,90.59,3100.0,0,4.08,1,61.25,4.15,48.0,95.0,210.0,EV_105,0.0,1090,0.0,DR692730_12,61.1,118636.17,DR692730,195.09,0.0,64.75,D,SimuProA-5,EV_105
368.786,65.0,90.59,3350.0,0,4.07,1,61.23,4.15,52.0,145.0,210.0,EV_105,0.0,1100,0.0,DR692730_12,61.2,118636.31,DR692730,195.09,0.0,64.85,D,SimuProA-5,EV_105
385.23,0.0,90.59,1900.0,0,4.1,1,61.22,4.14,30.0,-32.0,210.0,EV_105,0.035,1110,55.0,DR692730_12,61.25,118636.4,DR692730,195.09,0.0,64.9,D,SimuProA-5,EV_105
375.336,50.0,90.59,2700.0,0,4.08,1,61.22,4.15,42.0,85.0,210.0,EV_105,0.0,1120,0.0,DR692730_12,61.35,118636.51,DR692730,195.09,0.0,65.0,D,SimuProA-5,EV_105
370.03,55.0,90.59,2850.0,0,4.08,1,61.21,4.15,45.0,110.0,210.0,EV_105,0.0,1130,0.0,DR692730_12,61.4,118636.63,DR692730,195.09,0.0,65.0,D,SimuProA-5,EV_105
362.487,70.0,90.59,3600.0,0,4.06,1,61.17,4.15,55.0,155.0,210.0,EV_105,0.0,1140,0.0,DR692730_12,61.45,118636.79,DR692730,195.09,0.0,65.0,D,SimuProA-5,EV_105
378.542,0.0,90.59,2050.0,0,4.09,1,61.17,4.14,32.0,-25.0,210.0,EV_105,0.028,1150,45.0,DR692730_12,61.48,118636.88,DR692730,195.09,0.0,65.0,D,SimuProA-5,EV_105
381.666,35.0,90.59,1400.0,0,4.09,1,61.14,4.13,22.0,45.0,210.0,EV_105,0.0,1160,0.0,DR692730_12,61.5,118636.94,DR692730,195.09,0.0,65.0,D,SimuProA-5,EV_105
372.683,55.0,90.59,2400.0,0,4.07,1,61.14,4.15,38.0,95.0,210.0,EV_105,0.0,1170,0.0,DR692730_12,61.55,118637.05,DR692730,195.09,0.0,65.0,D,SimuProA-5,EV_105
379.752,0.0,90.59,750.0,0,4.1,1,61.12,4.14,12.0,-35.0,210.0,EV_105,0.032,1180,60.0,DR692730_12,61.6,118637.08,DR692730,195.09,0.0,65.0,D,SimuProA-5,EV_105
372.75,50.0,90.59,2250.0,0,4.06,1,61.12,4.15,35.0,85.0,210.0,EV_105,0.0,1190,0.0,DR692730_12,61.62,118637.18,DR692730,195.09,0.0,65.0,D,SimuProA-5,EV_105
368.628,65.0,90.59,2900.0,0,4.05,1,61.1,4.15,45.0,120.0,210.0,EV_105,0.0,1200,0.0,DR692730_12,61.65,118637.3,DR692730,195.09,0.0,65.0,D,SimuProA-5,EV_105
374.77,30.0,90.59,1600.0,0,4.08,1,61.09,4.14,25.0,40.0,210.0,EV_105,0.0,1210,0.0,DR692730_12,61.68,118637.37,DR692730,195.09,0.0,65.0,D,SimuProA-5,EV_105
372.209,45.0,90.59,1900.0,0,4.06,1,61.08,4.15,30.0,85.0,210.0,EV_105,0.0,1220,0.0,DR692730_12,61.7,118637.45,DR692730,195.09,0.0,65.0,D,SimuProA-5,EV_105
368.65,70.0,90.59,3200.0,0,4.04,1,61.07,4.15,48.0,135.0,210.0,EV_105,0.0,1230,0.0,DR692730_12,61.75,118637.59,DR692730,195.09,0.0,65.0,D,SimuProA-5,EV_105
376.626,0.0,90.59,950.0,0,4.09,1,61.06,4.14,15.0,-25.0,210.0,EV_105,0.028,1240,45.0,DR692730_12,61.78,118637.63,DR692730,195.09,0.0,65.0,D,SimuProA-5,EV_105
365.458,75.0,90.59,3600.0,0,4.03,1,61.03,4.15,55.0,160.0,210.0,EV_105,0.0,1250,0.0,DR692730_12,61.82,118637.78,DR692730,195.09,0.0,65.0,D,SimuProA-5,EV_105
361.078,60.0,90.59,2800.0,0,4.01,1,61.03,4.15,42.0,190.0,210.0,EV_105,0.0,1260,0.0,DR692730_12,61.88,118637.9,DR692730,195.09,0.0,65.0,D,SimuProA-5,EV_105
378.434,0.0,90.59,750.0,0,4.1,1,61.01,4.14,12.0,-35.0,210.0,EV_105,0.032,1270,65.0,DR692730_12,61.92,118637.93,DR692730,195.09,0.0,65.0,D,SimuProA-5,EV_105
380.893,0.0,90.59,2500.0,0,4.11,1,60.99,4.14,62.0,-15.0,210.0,EV_105,0.015,0,10.0,DR692730_13,61.95,118638.1,DR692730,195.09,0.0,65.0,D,SimuProA-5,EV_105
365.392,45.0,90.59,3400.0,0,4.05,1,60.98,4.15,78.0,110.0,210.0,EV_105,0.0,10,0.0,DR692730_13,61.98,118638.32,DR692730,195.09,0.0,65.0,D,SimuProA-5,EV_105
358.012,65.0,90.59,4200.0,0,4.02,1,60.97,4.15,95.0,145.0,210.0,EV_105,0.0,20,0.0,DR692730_13,62.02,118638.58,DR692730,195.09,0.0,65.0,D,SimuProA-5,EV_105
352.51,75.0,90.59,4800.0,0,3.99,1,60.95,4.14,108.0,165.0,210.0,EV_105,0.0,30,0.0,DR692730_13,62.1,118638.88,DR692730,195.09,0.0,65.0,D,SimuProA-5,EV_105
350.458,70.0,90.59,5000.0,0,3.98,1,60.92,4.13,112.0,155.0,210.0,EV_105,0.0,40,0.0,DR692730_13,62.15,118639.19,DR692730,195.09,0.0,65.0,D,SimuProA-5,EV_105
349.033,60.0,90.59,4650.0,0,3.97,1,60.9,4.12,105.0,148.0,210.0,EV_105,0.0,50,0.0,DR692730_13,62.22,118639.48,DR692730,195.09,0.0,65.0,D,SimuProA-5,EV_105
348.639,62.0,90.59,4820.0,0,3.96,1,60.88,4.11,108.5,142.0,210.0,EV_105,0.0,60,0.0,DR692730_13,62.35,118639.78,DR692730,195.09,0.0,65.0,D,SimuProA-5,EV_105
347.254,78.0,90.59,5120.0,0,3.95,1,60.86,4.1,115.0,155.0,210.0,EV_105,0.0,70,0.0,DR692730_13,62.48,118640.1,DR692730,195.09,0.0,65.0,D,SimuProA-5,EV_105
346.69,68.0,90.59,4920.0,0,3.94,1,60.86,4.09,110.5,148.0,210.0,EV_105,0.0,80,0.0,DR692730_13,62.6,118640.41,DR692730,195.09,0.0,65.0,D,SimuProA-5,EV_105
346.103,82.0,90.59,5250.0,0,3.93,1,60.84,4.08,118.0,160.0,210.0,EV_105,0.0,90,0.0,DR692730_13,62.7,118640.74,DR692730,195.09,0.0,65.0,D,SimuProA-5,EV_105
346.557,65.0,90.59,5000.0,0,3.92,1,60.82,4.07,112.0,140.0,210.0,EV_105,0.0,100,0.0,DR692730_13,62.8,118641.05,DR692730,195.09,0.0,65.0,D,SimuProA-5,EV_105
345.76,75.0,90.59,5180.0,0,3.91,1,60.81,4.06,116.5,152.0,210.0,EV_105,0.0,110,0.0,DR692730_13,62.9,118641.37,DR692730,195.09,0.0,65.0,D,SimuProA-5,EV_105
344.913,85.0,90.59,5300.0,0,3.9,1,60.78,4.05,119.0,165.0,210.0,EV_105,0.0,120,0.0,DR692730_13,63.0,118641.7,DR692730,195.09,0.0,65.0,D,SimuProA-5,EV_105
345.366,70.0,90.59,5080.0,0,3.89,1,60.78,4.04,114.0,145.0,210.0,EV_105,0.0,130,0.0,DR692730_13,63.1,118642.02,DR692730,195.09,0.0,65.0,D,SimuProA-5,EV_105
345.888,80.0,90.59,5220.0,0,3.88,1,60.75,4.03,117.5,158.0,210.0,EV_105,0.0,140,0.0,DR692730_13,63.2,118642.34,DR692730,195.09,0.0,65.0,D,SimuProA-5,EV_105
346.303,82.0,90.59,5260.0,0,3.87,1,60.72,4.03,118.2,160.0,210.0,EV_105,0.0,150,0.0,DR692730_13,63.3,118642.67,DR692730,195.09,0.0,65.0,D,SimuProA-5,EV_105
347.27,68.0,90.59,5010.0,0,3.86,1,60.72,4.02,112.5,142.0,210.0,EV_105,0.0,160,0.0,DR692730_13,63.4,118642.98,DR692730,195.09,0.0,65.0,D,SimuProA-5,EV_105
346.939,72.0,90.59,5120.0,0,3.85,1,60.72,4.01,115.0,148.0,210.0,EV_105,0.0,170,0.0,DR692730_13,63.5,118643.3,DR692730,195.09,0.0,65.0,D,SimuProA-5,EV_105
347.833,65.0,90.59,5030.0,0,3.85,1,60.7,4.01,113.0,140.0,210.0,EV_105,0.0,180,0.0,DR692730_13,63.6,118643.61,DR692730,195.09,0.0,65.0,D,SimuProA-5,EV_105
347.073,75.0,90.59,5180.0,0,3.84,1,60.7,4.02,116.5,155.0,210.0,EV_105,0.0,190,0.0,DR692730_13,63.7,118643.94,DR692730,195.09,0.0,65.0,D,SimuProA-5,EV_105
345.616,85.0,90.59,5300.0,0,3.83,1,60.7,4.03,119.0,170.0,210.0,EV_105,0.0,200,0.0,DR692730_13,63.8,118644.27,DR692730,195.09,0.0,65.0,D,SimuProA-5,EV_105
344.775,90.0,90.59,5350.0,0,3.82,1,60.67,4.03,120.0,175.0,210.0,EV_105,0.0,210,0.0,DR692730_13,63.9,118644.6,DR692730,195.09,0.0,65.0,D,SimuProA-5,EV_105
346.474,70.0,90.59,5250.0,0,3.83,1,60.64,4.02,118.0,150.0,210.0,EV_105,0.0,220,0.0,DR692730_13,64.0,118644.93,DR692730,195.09,0.0,65.0,D,SimuProA-5,EV_105
345.103,82.0,90.59,5320.0,0,3.82,1,60.63,4.03,119.5,165.0,210.0,EV_105,0.0,230,0.0,DR692730_13,64.1,118645.26,DR692730,195.09,0.0,65.0,D,SimuProA-5,EV_105
345.854,72.0,90.59,5200.0,0,3.83,1,60.6,4.03,117.0,145.0,210.0,EV_105,0.0,240,0.0,DR692730_13,64.2,118645.58,DR692730,195.09,0.0,65.0,D,SimuProA-5,EV_105
345.574,80.0,90.59,5310.0,0,3.82,1,60.57,4.04,119.5,160.0,210.0,EV_105,0.0,250,0.0,DR692730_13,64.3,118645.92,DR692730,195.09,0.0,65.0,D,SimuProA-5,EV_105
346.599,65.0,90.59,5120.0,0,3.84,1,60.53,4.03,115.0,130.0,210.0,EV_105,0.0,260,0.0,DR692730_13,64.4,118646.24,DR692730,195.09,0.0,65.0,D,SimuProA-5,EV_105
345.084,75.0,90.59,5180.0,0,3.82,1,60.49,4.04,116.5,155.0,210.0,EV_105,0.0,270,0.0,DR692730_13,64.5,118646.56,DR692730,195.09,0.0,65.0,D,SimuProA-5,EV_105
344.739,80.0,90.59,5250.0,0,3.81,1,60.46,4.05,118.0,170.0,210.0,EV_105,0.0,280,0.0,DR692730_13,64.6,118646.89,DR692730,195.09,0.0,65.0,D,SimuProA-5,EV_105
345.741,68.0,90.59,5080.0,0,3.83,1,60.43,4.04,114.0,140.0,210.0,EV_105,0.0,290,0.0,DR692730_13,64.7,118647.21,DR692730,195.09,0.0,65.0,D,SimuProA-5,EV_105
344.022,78.0,90.59,5230.0,0,3.8,1,60.39,4.05,117.5,165.0,210.0,EV_105,0.0,300,0.0,DR692730_13,64.8,118647.54,DR692730,195.09,0.0,65.0,D,SimuProA-5,EV_105
343.944,65.0,90.59,4990.0,0,3.82,1,60.37,4.04,112.0,150.0,210.0,EV_105,0.0,310,0.0,DR692730_13,64.9,118647.85,DR692730,195.09,0.0,65.0,D,SimuProA-5,EV_105
343.144,82.0,90.59,5300.0,0,3.81,1,60.34,4.06,119.0,175.0,210.0,EV_105,0.0,320,0.0,DR692730_13,65.0,118648.18,DR692730,195.09,0.0,65.0,D,SimuProA-5,EV_105
343.203,72.0,90.59,5160.0,0,3.81,1,60.3,4.05,116.0,160.0,210.0,EV_105,0.0,330,0.0,DR692730_13,65.0,118648.5,DR692730,195.09,0.0,65.0,D,SimuProA-5,EV_105
341.416,85.0,90.59,5310.0,0,3.8,1,60.26,4.06,119.5,185.0,210.0,EV_105,0.0,340,0.0,DR692730_13,65.0,118648.83,DR692730,195.09,0.0,65.0,D,SimuProA-5,EV_105
342.93,62.0,90.59,5010.0,0,3.82,1,60.24,4.05,112.5,145.0,210.0,EV_105,0.0,350,0.0,DR692730_13,65.0,118649.15,DR692730,195.09,0.0,65.0,D,SimuProA-5,EV_105
342.093,68.0,90.59,5075.0,0,3.82,1,60.21,4.05,114.0,155.0,210.0,EV_105,0.0,360,0.0,DR692730_13,65.0,118649.47,DR692730,195.09,0.0,65.0,D,SimuProA-5,EV_105
341.991,75.0,90.59,5230.0,0,3.81,1,60.16,4.06,117.5,165.0,210.0,EV_105,0.0,370,0.0,DR692730_13,65.0,118649.79,DR692730,195.09,0.0,65.0,D,SimuProA-5,EV_105
342.188,60.0,90.59,5025.0,0,3.82,1,60.15,4.05,113.0,140.0,210.0,EV_105,0.0,380,0.0,DR692730_13,65.0,118650.11,DR692730,195.09,0.0,65.0,D,SimuProA-5,EV_105
341.471,58.0,90.59,4950.0,0,3.815,1,60.13,4.055,111.0,148.0,210.0,EV_105,0.0,390,0.0,DR692730_13,65.0,118650.42,DR692730,195.09,0.0,65.0,D,SimuProA-5,EV_105
342.128,52.0,90.59,4800.0,0,3.82,1,60.1,4.05,108.0,135.0,210.0,EV_105,0.0,400,0.0,DR692730_13,65.0,118650.72,DR692730,195.09,0.0,65.0,D,SimuProA-5,EV_105
343.293,48.0,90.59,4650.0,0,3.81,1,60.09,4.045,105.0,125.0,210.0,EV_105,0.0,410,0.0,DR692730_13,65.0,118651.01,DR692730,195.09,0.0,65.0,D,SimuProA-5,EV_105
343.048,50.0,90.59,4720.0,0,3.812,1,60.07,4.048,106.5,130.0,210.0,EV_105,0.0,420,0.0,DR692730_13,65.0,118651.31,DR692730,195.09,0.0,65.0,D,SimuProA-5,EV_105
341.134,65.0,90.59,4890.0,0,3.805,1,60.07,4.055,110.0,155.0,210.0,EV_105,0.0,430,0.0,DR692730_13,65.0,118651.61,DR692730,195.09,0.0,65.0,D,SimuProA-5,EV_105
342.221,55.0,90.59,4800.0,0,3.81,1,60.06,4.052,108.0,140.0,210.0,EV_105,0.0,440,0.0,DR692730_13,65.0,118651.91,DR692730,195.09,0.0,65.0,D,SimuProA-5,EV_105
341.492,53.0,90.59,4760.0,0,3.808,1,60.04,4.053,107.2,145.0,210.0,EV_105,0.0,450,0.0,DR692730_13,65.0,118652.21,DR692730,195.09,0.0,65.0,D,SimuProA-5,EV_105
341.22,68.0,90.59,4960.0,0,3.802,1,60.04,4.058,111.5,160.0,210.0,EV_105,0.0,460,0.0,DR692730_13,65.0,118652.52,DR692730,195.09,0.0,65.0,D,SimuProA-5,EV_105
341.768,48.0,90.59,4660.0,0,3.81,1,60.03,4.054,105.0,130.0,210.0,EV_105,0.0,470,0.0,DR692730_13,65.0,118652.81,DR692730,195.09,0.0,65.0,D,SimuProA-5,EV_105
341.246,62.0,90.59,5000.0,0,3.798,1,60.0,4.058,112.5,158.0,210.0,EV_105,0.0,480,0.0,DR692730_13,64.98,118653.12,DR692730,195.09,0.0,65.0,D,SimuProA-5,EV_105
341.924,50.0,90.59,4850.0,0,3.802,1,59.98,4.055,109.0,135.0,210.0,EV_105,0.0,490,0.0,DR692730_13,65.0,118653.43,DR692730,195.09,0.0,65.0,D,SimuProA-5,EV_105
339.914,72.0,90.59,5110.0,0,3.795,1,59.96,4.06,114.8,170.0,210.0,EV_105,0.0,500,0.0,DR692730_13,65.0,118653.74,DR692730,195.09,0.0,65.0,D,SimuProA-5,EV_105
338.737,65.0,90.59,5020.0,0,3.792,1,59.93,4.055,113.0,165.0,210.0,EV_105,0.0,510,0.0,DR692730_13,64.99,118654.05,DR692730,195.09,0.0,65.0,D,SimuProA-5,EV_105
338.236,75.0,90.59,5170.0,0,3.788,1,59.91,4.06,116.5,175.0,210.0,EV_105,0.0,520,0.0,DR692730_13,65.0,118654.38,DR692730,195.09,0.0,65.0,D,SimuProA-5,EV_105
340.549,55.0,90.59,4880.0,0,3.795,1,59.88,4.058,110.0,140.0,210.0,EV_105,0.0,530,0.0,DR692730_13,65.0,118654.68,DR692730,195.09,0.0,65.0,D,SimuProA-5,EV_105
337.733,58.0,90.59,4940.0,0,3.79,1,59.85,4.058,111.2,145.0,210.0,EV_105,0.0,540,0.0,DR692730_13,65.0,118654.99,DR692730,195.09,0.0,65.0,D,SimuProA-5,EV_105
339.43,45.0,90.59,4810.0,0,3.795,1,59.84,4.055,108.5,120.0,210.0,EV_105,0.0,550,0.0,DR692730_13,65.0,118655.29,DR692730,195.09,0.0,65.0,D,SimuProA-5,EV_105
341.23,40.0,90.59,4700.0,0,3.8,1,59.81,4.052,106.0,95.0,210.0,EV_105,0.0,560,0.0,DR692730_13,65.0,118655.58,DR692730,195.09,0.0,65.0,D,SimuProA-5,EV_105
340.832,42.0,90.59,4860.0,0,3.798,1,59.78,4.055,109.5,105.0,210.0,EV_105,0.0,570,0.0,DR692730_13,65.0,118655.88,DR692730,195.09,0.0,65.0,D,SimuProA-5,EV_105
338.64,65.0,90.59,5010.0,0,3.792,1,59.76,4.05,113.0,130.0,210.0,EV_105,0.0,580,0.0,DR692730_13,65.0,118656.2,DR692730,195.09,0.0,65.0,D,SimuProA-5,EV_105
341.581,38.0,90.59,4770.0,0,3.802,1,59.73,4.058,107.5,85.0,210.0,EV_105,0.0,590,0.0,DR692730_13,65.0,118656.5,DR692730,195.09,0.0,65.0,D,SimuProA-5,EV_105
339.597,55.0,90.59,4920.0,0,3.794,1,59.7,4.053,111.0,125.0,210.0,EV_105,0.0,600,0.0,DR692730_13,65.0,118656.81,DR692730,195.09,0.0,65.0,D,SimuProA-5,EV_105
340.414,42.0,90.59,4800.0,0,3.799,1,59.67,4.056,108.0,98.0,210.0,EV_105,0.0,610,0.0,DR692730_13,65.0,118657.11,DR692730,195.09,0.0,65.0,D,SimuProA-5,EV_105
338.795,68.0,90.59,5060.0,0,3.791,1,59.62,4.049,114.0,135.0,210.0,EV_105,0.0,620,0.0,DR692730_13,65.0,118657.43,DR692730,195.09,0.0,65.0,D,SimuProA-5,EV_105
341.013,35.0,90.59,4710.0,0,3.798,1,59.59,4.055,106.0,75.0,210.0,EV_105,0.0,630,0.0,DR692730_13,65.0,118657.72,DR692730,195.09,0.0,65.0,D,SimuProA-5,EV_105
337.484,72.0,90.59,5100.0,0,3.789,1,59.54,4.051,115.0,140.0,210.0,EV_105,0.0,640,0.0,DR692730_13,65.0,118658.04,DR692730,195.09,0.0,65.0,D,SimuProA-5,EV_105
341.611,30.0,90.59,4530.0,0,3.801,1,59.51,4.059,102.0,80.0,210.0,EV_105,0.0,650,0.0,DR692730_13,65.0,118658.33,DR692730,195.09,0.0,65.0,D,SimuProA-5,EV_105
337.887,65.0,90.59,5030.0,0,3.79,1,59.47,4.052,113.5,138.0,210.0,EV_105,0.0,660,0.0,DR692730_13,65.0,118658.65,DR692730,195.09,0.0,65.0,D,SimuProA-5,EV_105
341.983,32.0,90.59,4620.0,0,3.803,1,59.45,4.06,104.2,72.0,210.0,EV_105,0.0,670,0.0,DR692730_13,65.0,118658.93,DR692730,195.09,0.0,65.0,D,SimuProA-5,EV_105
338.09,58.0,90.59,4960.0,0,3.786,1,59.4,4.048,111.8,125.0,210.0,EV_105,0.0,680,0.0,DR692730_13,65.0,118659.25,DR692730,195.09,0.0,65.0,D,SimuProA-5,EV_105
337.507,68.0,90.59,5085.0,0,3.782,1,59.35,4.045,114.5,135.0,210.0,EV_105,0.0,690,0.0,DR692730_13,65.0,118659.57,DR692730,195.09,0.0,65.0,D,SimuProA-5,EV_105
341.383,28.0,90.59,4600.0,0,3.795,1,59.33,4.055,103.5,75.0,210.0,EV_105,0.0,700,0.0,DR692730_13,65.0,118659.86,DR692730,195.09,0.0,65.0,D,SimuProA-5,EV_105
336.99,75.0,90.59,5150.0,0,3.778,1,59.27,4.042,116.0,142.0,210.0,EV_105,0.0,710,0.0,DR692730_13,65.0,118660.18,DR692730,195.09,0.0,65.0,D,SimuProA-5,EV_105
336.276,65.0,90.59,5110.0,0,3.775,1,59.24,4.04,115.2,138.5,210.0,EV_105,0.0,720,0.0,DR692730_13,65.0,118660.5,DR692730,195.09,0.0,65.0,D,SimuProA-5,EV_105
340.823,35.0,90.59,4680.0,0,3.788,1,59.21,4.048,105.5,82.3,210.0,EV_105,0.0,730,0.0,DR692730_13,65.0,118660.79,DR692730,195.09,0.0,65.0,D,SimuProA-5,EV_105
335.166,78.0,90.59,5240.0,0,3.772,1,59.16,4.038,118.0,145.0,210.0,EV_105,0.0,740,0.0,DR692730_13,65.0,118661.12,DR692730,195.09,0.0,65.0,D,SimuProA-5,EV_105
336.34,30.0,90.59,4900.0,0,3.78,1,59.11,4.045,110.0,95.0,210.0,EV_105,0.0,750,0.0,DR692730_13,65.0,118661.43,DR692730,195.09,0.0,65.0,D,SimuProA-5,EV_105
337.878,25.0,90.59,4550.0,0,3.785,1,59.07,4.048,102.0,78.5,210.0,EV_105,0.0,760,0.0,DR692730_13,65.0,118661.71,DR692730,195.09,0.0,65.0,D,SimuProA-5,EV_105
335.975,40.0,90.59,4800.0,0,3.775,1,59.01,4.04,108.0,110.0,210.0,EV_105,0.0,770,0.0,DR692730_13,65.0,118662.01,DR692730,195.09,0.0,65.0,D,SimuProA-5,EV_105
335.664,32.0,90.59,4750.0,0,3.781,1,58.95,4.042,106.0,92.5,210.0,EV_105,0.0,780,0.0,DR692730_13,65.0,118662.3,DR692730,195.09,0.0,65.0,D,SimuProA-5,EV_105
334.39,45.0,90.59,4980.0,0,3.773,1,58.91,4.035,112.0,115.0,210.0,EV_105,0.0,790,0.0,DR692730_13,65.0,118662.62,DR692730,195.09,0.0,65.0,D,SimuProA-5,EV_105
335.441,28.0,90.59,4630.0,0,3.779,1,58.87,4.04,104.0,85.0,210.0,EV_105,0.0,800,0.0,DR692730_13,65.0,118662.9,DR692730,195.09,0.0,65.0,D,SimuProA-5,EV_105
333.679,55.0,90.59,5080.0,0,3.772,1,58.83,4.038,114.5,125.0,210.0,EV_105,0.0,810,0.0,DR692730_13,65.0,118663.22,DR692730,195.09,0.0,65.0,D,SimuProA-5,EV_105
334.788,35.0,90.59,4840.0,0,3.778,1,58.8,4.041,109.0,98.0,210.0,EV_105,0.0,820,0.0,DR692730_13,65.0,118663.52,DR692730,195.09,0.0,65.0,D,SimuProA-5,EV_105
332.71,60.0,90.59,5150.0,0,3.769,1,58.76,4.035,116.0,135.0,210.0,EV_105,0.0,830,0.0,DR692730_13,65.0,118663.84,DR692730,195.09,0.0,65.0,D,SimuProA-5,EV_105
331.398,65.0,90.59,5210.0,0,3.767,1,58.7,4.033,117.5,142.0,210.0,EV_105,0.0,840,0.0,DR692730_13,65.0,118664.17,DR692730,195.09,0.0,65.0,D,SimuProA-5,EV_105
335.237,30.0,90.59,4880.0,0,3.776,1,58.69,4.039,110.0,95.0,210.0,EV_105,0.0,850,0.0,DR692730_13,65.0,118664.47,DR692730,195.09,0.0,65.0,D,SimuProA-5,EV_105
335.768,0.0,90.59,4800.0,0,3.78,1,58.66,4.042,108.0,-15.0,210.0,EV_105,0.05,860,10.0,DR692730_13,65.0,118664.77,DR692730,195.09,0.0,65.0,D,SimuProA-5,EV_105
336.666,25.0,90.59,4650.0,0,3.782,1,58.63,4.045,105.0,85.0,210.0,EV_105,0.0,870,0.0,DR692730_13,65.0,118665.06,DR692730,195.09,0.0,65.0,D,SimuProA-5,EV_105
337.483,22.0,90.59,4520.0,0,3.785,1,58.6,4.048,102.0,78.0,210.0,EV_105,0.0,880,0.0,DR692730_13,65.0,118665.35,DR692730,195.09,0.0,65.0,D,SimuProA-5,EV_105
338.434,20.0,90.59,4430.0,0,3.788,1,58.57,4.05,100.0,72.0,210.0,EV_105,0.0,890,0.0,DR692730_13,65.0,118665.62,DR692730,195.09,0.0,65.0,D,SimuProA-5,EV_105
337.287,28.0,90.59,4570.0,0,3.79,1,58.51,4.052,103.5,88.5,210.0,EV_105,0.0,900,0.0,DR692730_13,65.0,118665.91,DR692730,195.09,0.0,65.0,D,SimuProA-5,EV_105
336.115,32.0,90.59,4720.0,0,3.785,1,58.46,4.055,107.2,92.0,210.0,EV_105,0.0,910,0.0,DR692730_13,65.0,118666.21,DR692730,195.09,0.0,65.0,D,SimuProA-5,EV_105
335.591,35.0,90.59,4850.0,0,3.782,1,58.41,4.058,109.8,96.5,210.0,EV_105,0.0,920,0.0,DR692730_13,65.0,118666.51,DR692730,195.09,0.0,65.0,D,SimuProA-5,EV_105
335.477,30.0,90.59,4800.0,0,3.78,1,58.35,4.06,108.5,98.2,210.0,EV_105,0.0,930,0.0,DR692730_13,65.0,118666.81,DR692730,195.09,0.0,65.0,D,SimuProA-5,EV_105
334.563,38.0,90.59,4910.0,0,3.778,1,58.29,4.062,111.0,105.4,210.0,EV_105,0.0,940,0.0,DR692730_13,65.0,118667.12,DR692730,195.09,0.0,65.0,D,SimuProA-5,EV_105
336.292,0.0,90.59,4650.0,0,3.782,1,58.25,4.065,105.2,-12.5,210.0,EV_105,0.05,950,15.0,DR692730_13,65.0,118667.41,DR692730,195.09,0.0,65.0,D,SimuProA-5,EV_105
335.734,33.0,90.59,4710.0,0,3.781,1,58.2,4.063,106.5,94.5,210.0,EV_105,0.0,960,0.0,DR692730_13,65.0,118667.71,DR692730,195.09,0.0,65.0,D,SimuProA-5,EV_105
334.446,48.0,90.59,5030.0,0,3.779,1,58.14,4.066,113.8,118.2,210.0,EV_105,0.0,970,0.0,DR692730_13,65.0,118668.02,DR692730,195.09,0.0,65.0,D,SimuProA-5,EV_105
335.767,0.0,90.59,4790.0,0,3.783,1,58.1,4.068,108.2,-8.5,210.0,EV_105,0.04,980,12.0,DR692730_13,65.0,118668.32,DR692730,195.09,0.0,65.0,D,SimuProA-5,EV_105
333.089,52.0,90.59,5110.0,0,3.785,1,58.0,4.07,115.5,135.5,210.0,EV_105,0.0,990,0.0,DR692730_13,65.0,118668.64,DR692730,195.09,0.0,65.0,D,SimuProA-5,EV_105
332.059,65.0,90.59,5230.0,0,3.788,1,57.89,4.075,118.2,155.2,210.0,EV_105,0.0,1000,0.0,DR692730_13,65.0,118668.97,DR692730,195.09,0.0,65.0,D,SimuProA-5,EV_105
330.864,70.0,90.59,5280.0,0,3.79,1,57.78,4.078,119.5,162.8,210.0,EV_105,0.0,1010,0.0,DR692730_13,65.0,118669.3,DR692730,195.09,0.0,65.0,D,SimuProA-5,EV_105
332.434,55.0,90.59,5180.0,0,3.792,1,57.76,4.08,116.8,148.3,210.0,EV_105,0.0,1020,0.0,DR692730_13,65.0,118669.62,DR692730,195.09,0.0,65.0,D,SimuProA-5,EV_105
335.905,0.0,90.59,4990.0,0,3.795,1,57.76,4.082,112.5,-12.5,210.0,EV_105,0.05,1030,8.0,DR692730_13,65.0,118669.94,DR692730,195.09,0.0,65.0,D,SimuProA-5,EV_105
332.138,75.0,90.59,5330.0,0,3.798,1,57.75,4.085,120.2,165.4,210.0,EV_105,0.0,1040,0.0,DR692730_13,65.0,118670.27,DR692730,195.09,0.0,65.0,D,SimuProA-5,EV_105
331.039,78.0,90.59,5380.0,0,3.801,1,57.73,4.088,121.5,172.5,210.0,EV_105,0.0,1050,0.0,DR692730_13,65.0,118670.61,DR692730,195.09,0.0,65.0,D,SimuProA-5,EV_105
332.69,50.0,90.59,5220.0,0,3.803,1,57.72,4.09,118.0,145.8,210.0,EV_105,0.0,1060,0.0,DR692730_13,65.0,118670.94,DR692730,195.09,0.0,65.0,D,SimuProA-5,EV_105
334.817,0.0,90.59,5060.0,0,3.805,1,57.72,4.092,114.2,-18.4,210.0,EV_105,0.06,1070,12.0,DR692730_13,65.0,118671.25,DR692730,195.09,0.0,65.0,D,SimuProA-5,EV_105
333.156,0.0,90.59,4810.0,0,3.807,1,57.71,4.094,108.5,-15.2,210.0,EV_105,0.04,1080,10.0,DR692730_13,65.0,118671.55,DR692730,195.09,0.0,65.0,D,SimuProA-5,EV_105
331.166,65.0,90.59,5180.0,0,3.809,1,57.68,4.096,116.8,155.6,210.0,EV_105,0.0,1090,0.0,DR692730_13,65.0,118671.88,DR692730,195.09,0.0,65.0,D,SimuProA-5,EV_105
332.843,55.0,90.59,5050.0,0,3.811,1,57.68,4.098,114.0,140.2,210.0,EV_105,0.0,1100,0.0,DR692730_13,65.0,118672.19,DR692730,195.09,0.0,65.0,D,SimuProA-5,EV_105
330.338,58.0,90.59,5170.0,0,3.812,1,57.65,4.099,116.5,152.3,210.0,EV_105,0.0,1110,0.0,DR692730_13,65.0,118672.51,DR692730,195.09,0.0,65.0,D,SimuProA-5,EV_105
332.097,45.0,90.59,5000.0,0,3.813,1,57.65,4.1,112.8,138.5,210.0,EV_105,0.0,1120,0.0,DR692730_13,65.0,118672.83,DR692730,195.09,0.0,65.0,D,SimuProA-5,EV_105
332.111,0.0,90.59,4840.0,0,3.814,1,57.64,4.101,109.2,-12.5,210.0,EV_105,0.05,1130,15.0,DR692730_13,65.0,118673.13,DR692730,195.09,0.0,65.0,D,SimuProA-5,EV_105
332.406,52.0,90.59,5030.0,0,3.815,1,57.62,4.102,113.5,142.8,210.0,EV_105,0.0,1140,0.0,DR692730_13,65.0,118673.45,DR692730,195.09,0.0,65.0,D,SimuProA-5,EV_105
332.259,56.0,90.59,5110.0,0,3.816,1,57.61,4.103,115.2,148.3,210.0,EV_105,0.0,1150,0.0,DR692730_13,65.0,118673.77,DR692730,195.09,0.0,65.0,D,SimuProA-5,EV_105
330.739,62.0,90.59,5250.0,0,3.817,1,57.61,4.105,118.4,158.6,210.0,EV_105,0.0,1160,0.0,DR692730_13,65.0,118674.09,DR692730,195.09,0.0,65.0,D,SimuProA-5,EV_105
329.744,68.0,90.59,5300.0,0,3.819,1,57.59,4.108,119.5,162.4,210.0,EV_105,0.0,1170,0.0,DR692730_13,65.0,118674.42,DR692730,195.09,0.0,65.0,D,SimuProA-5,EV_105
329.804,55.0,90.59,5235.0,0,3.82,1,57.58,4.109,118.0,155.8,210.0,EV_105,0.0,1180,0.0,DR692730_13,65.0,118674.75,DR692730,195.09,0.0,65.0,D,SimuProA-5,EV_105
328.713,72.0,90.59,5330.0,0,3.822,1,57.57,4.112,120.0,168.2,210.0,EV_105,0.0,1190,0.0,DR692730_13,65.0,118675.08,DR692730,195.09,0.0,65.0,D,SimuProA-5,EV_105
327.512,52.0,90.59,5210.0,0,3.825,1,57.55,4.115,117.5,172.5,210.0,EV_105,0.0,1200,0.0,DR692730_13,65.0,118675.41,DR692730,195.09,0.0,65.0,D,SimuProA-5,EV_105
326.65,48.0,90.59,5135.0,0,3.823,1,57.52,4.113,115.8,165.3,210.0,EV_105,0.0,1210,0.0,DR692730_13,65.0,118675.73,DR692730,195.09,0.0,65.0,D,SimuProA-5,EV_105
328.912,0.0,90.59,4970.0,0,3.828,1,57.5,4.118,112.0,-18.5,210.0,EV_105,0.04,1220,35.0,DR692730_13,65.0,118676.04,DR692730,195.09,0.0,65.0,D,SimuProA-5,EV_105
334.815,0.0,90.59,4910.0,0,3.83,1,57.48,4.12,110.5,-12.5,210.0,EV_105,0.03,1230,15.0,DR692730_13,65.0,118676.35,DR692730,195.09,0.0,65.0,D,SimuProA-5,EV_105
342.188,45.0,90.59,4945.0,0,3.832,1,57.48,4.122,111.2,85.4,210.0,EV_105,0.0,1240,0.0,DR692730_13,65.0,118676.66,DR692730,195.09,0.0,65.0,D,SimuProA-5,EV_105
349.008,58.0,90.59,5015.0,0,3.835,1,57.46,4.125,112.8,115.6,210.0,EV_105,0.0,1250,0.0,DR692730_13,65.0,118676.97,DR692730,195.09,0.0,65.0,D,SimuProA-5,EV_105
344.899,65.0,90.59,5180.0,0,3.838,1,57.44,4.128,116.5,135.5,210.0,EV_105,0.0,1260,0.0,DR692730_13,65.0,118677.29,DR692730,195.09,0.0,65.0,D,SimuProA-5,EV_105
348.13,72.0,90.59,5255.0,0,3.84,1,57.41,4.13,118.2,128.2,210.0,EV_105,0.0,1270,0.0,DR692730_13,65.0,118677.62,DR692730,195.09,0.0,65.0,D,SimuProA-5,EV_105
350.529,55.0,90.59,5065.0,0,3.842,1,57.4,4.132,114.0,110.8,210.0,EV_105,0.0,0,0.0,DR692730_14,65.0,118677.94,DR692730,195.09,0.0,65.0,D,SimuProA-5,EV_105
345.764,58.0,90.59,5135.0,0,3.845,1,57.38,4.135,115.5,125.4,210.0,EV_105,0.0,10,0.0,DR692730_14,65.0,118678.26,DR692730,195.09,0.0,65.0,D,SimuProA-5,EV_105
343.807,75.0,90.59,5280.0,0,3.848,1,57.36,4.138,118.8,142.1,210.0,EV_105,0.0,20,0.0,DR692730_14,65.0,118678.59,DR692730,195.09,0.0,65.0,D,SimuProA-5,EV_105
349.382,42.0,90.59,4900.0,0,3.85,1,57.35,4.14,110.2,95.2,210.0,EV_105,0.0,30,0.0,DR692730_14,65.0,118678.9,DR692730,195.09,0.0,65.0,D,SimuProA-5,EV_105
345.79,48.0,90.59,5016.0,0,3.852,1,57.34,4.142,112.8,132.5,210.0,EV_105,0.0,40,0.0,DR692730_14,65.0,118679.21,DR692730,195.09,0.0,65.0,D,SimuProA-5,EV_105
344.382,78.0,90.59,5312.0,0,3.855,1,57.33,4.145,119.5,145.3,210.0,EV_105,0.0,50,0.0,DR692730_14,65.0,118679.55,DR692730,195.09,0.0,65.0,D,SimuProA-5,EV_105
351.782,0.0,90.59,4812.0,0,3.858,1,57.3,4.148,108.2,-18.4,210.0,EV_105,0.06,60,15.0,DR692730_14,65.0,118679.85,DR692730,195.09,0.0,65.0,D,SimuProA-5,EV_105
346.588,55.0,90.59,5130.0,0,3.854,1,57.28,4.144,115.4,138.5,210.0,EV_105,0.0,70,0.0,DR692730_14,65.0,118680.17,DR692730,195.09,0.0,65.0,D,SimuProA-5,EV_105
342.263,85.0,90.59,5340.0,0,3.851,1,57.27,4.146,120.0,165.2,210.0,EV_105,0.0,80,0.0,DR692730_14,65.0,118680.5,DR692730,195.09,0.0,65.0,D,SimuProA-5,EV_105
349.373,0.0,90.59,5006.0,0,3.86,1,57.26,4.15,112.5,-22.5,210.0,EV_105,0.07,90,12.0,DR692730_14,65.0,118680.82,DR692730,195.09,0.0,65.0,D,SimuProA-5,EV_105
341.245,72.0,90.59,5173.0,0,3.848,1,57.24,4.148,116.2,155.2,210.0,EV_105,0.0,100,0.0,DR692730_14,65.0,118681.14,DR692730,195.09,0.0,65.0,D,SimuProA-5,EV_105
349.207,0.0,90.59,4798.0,0,3.855,1,57.24,4.152,107.8,-15.6,210.0,EV_105,0.05,110,18.0,DR692730_14,65.0,118681.44,DR692730,195.09,0.0,65.0,D,SimuProA-5,EV_105
342.7,82.0,90.59,5271.0,0,3.845,1,57.24,4.15,118.5,168.4,210.0,EV_105,0.0,120,0.0,DR692730_14,65.0,118681.77,DR692730,195.09,0.0,65.0,D,SimuProA-5,EV_105
341.316,88.0,90.59,5410.0,0,3.842,1,57.21,4.148,121.5,172.3,210.0,EV_105,0.0,130,0.0,DR692730_14,65.0,118682.11,DR692730,195.09,0.0,65.0,D,SimuProA-5,EV_105
349.59,0.0,90.59,5080.0,0,3.862,1,57.2,4.155,114.0,-18.2,210.0,EV_105,0.06,140,15.0,DR692730_14,65.0,118682.42,DR692730,195.09,0.0,65.0,D,SimuProA-5,EV_105
343.412,75.0,90.59,5250.0,0,3.846,1,57.18,4.15,117.8,161.5,210.0,EV_105,0.0,150,0.0,DR692730_14,65.0,118682.75,DR692730,195.09,0.0,65.0,D,SimuProA-5,EV_105
344.014,80.0,90.59,5320.0,0,3.848,1,57.17,4.151,119.5,165.2,210.0,EV_105,0.0,160,0.0,DR692730_14,65.0,118683.08,DR692730,195.09,0.0,65.0,D,SimuProA-5,EV_105
340.634,90.0,90.59,5380.0,0,3.843,1,57.16,4.149,120.8,175.5,210.0,EV_105,0.0,170,0.0,DR692730_14,65.0,118683.42,DR692730,195.09,0.0,65.0,D,SimuProA-5,EV_105
347.631,0.0,90.59,5130.0,0,3.859,1,57.14,4.153,115.2,-12.5,210.0,EV_105,0.04,180,12.0,DR692730_14,65.0,118683.74,DR692730,195.09,0.0,65.0,D,SimuProA-5,EV_105
345.059,70.0,90.59,5280.0,0,3.85,1,57.12,4.152,118.5,155.8,210.0,EV_105,0.0,190,0.0,DR692730_14,65.0,118684.07,DR692730,195.09,0.0,65.0,D,SimuProA-5,EV_105
341.839,85.0,90.59,5400.0,0,3.841,1,57.11,4.148,121.2,168.3,210.0,EV_105,0.0,200,0.0,DR692730_14,65.0,118684.41,DR692730,195.09,0.0,65.0,D,SimuProA-5,EV_105
345.728,0.0,90.59,5020.0,0,3.863,1,57.1,4.154,112.5,-15.4,210.0,EV_105,0.05,210,18.0,DR692730_14,65.0,118684.72,DR692730,195.09,0.0,65.0,D,SimuProA-5,EV_105
341.968,75.0,90.59,5270.0,0,3.839,1,57.08,4.147,118.3,162.4,210.0,EV_105,0.0,220,0.0,DR692730_14,65.0,118685.05,DR692730,195.09,0.0,65.0,D,SimuProA-5,EV_105
344.807,0.0,90.59,5110.0,0,3.855,1,57.07,4.151,114.6,-18.2,210.0,EV_105,0.06,230,15.0,DR692730_14,65.0,118685.37,DR692730,195.09,0.0,65.0,D,SimuProA-5,EV_105
341.021,88.0,90.59,5430.0,0,3.837,1,57.07,4.146,121.8,171.6,210.0,EV_105,0.0,240,0.0,DR692730_14,65.0,118685.71,DR692730,195.09,0.0,65.0,D,SimuProA-5,EV_105
340.277,82.0,90.59,5330.0,0,3.835,1,57.06,4.145,119.5,175.4,210.0,EV_105,0.0,250,0.0,DR692730_14,65.0,118686.04,DR692730,195.09,0.0,65.0,D,SimuProA-5,EV_105
343.457,0.0,90.59,4920.0,0,3.858,1,57.04,4.152,110.2,-22.1,210.0,EV_105,0.07,260,22.0,DR692730_14,65.0,118686.35,DR692730,195.09,0.0,65.0,D,SimuProA-5,EV_105
339.546,90.0,90.59,5390.0,0,3.832,1,57.02,4.143,120.8,180.2,210.0,EV_105,0.0,270,0.0,DR692730_14,65.0,118686.68,DR692730,195.09,0.0,65.0,D,SimuProA-5,EV_105
343.341,0.0,90.59,4850.0,0,3.85,1,56.99,4.148,108.5,-15.4,210.0,EV_105,0.05,280,18.0,DR692730_14,65.0,118686.98,DR692730,195.09,0.0,65.0,D,SimuProA-5,EV_105
339.41,85.0,90.59,5280.0,0,3.829,1,56.99,4.141,118.2,178.6,210.0,EV_105,0.0,290,0.0,DR692730_14,65.0,118687.31,DR692730,195.09,0.0,65.0,D,SimuProA-5,EV_105
342.193,0.0,90.59,4710.0,0,3.848,1,56.98,4.146,105.4,-12.8,210.0,EV_105,0.04,300,12.0,DR692730_14,65.0,118687.6,DR692730,195.09,0.0,65.0,D,SimuProA-5,EV_105
338.931,75.0,90.59,5160.0,0,3.825,1,56.93,4.138,115.5,165.3,210.0,EV_105,0.0,310,0.0,DR692730_14,65.0,118687.92,DR692730,195.09,0.0,65.0,D,SimuProA-5,EV_105
341.826,0.0,90.59,4750.0,0,3.845,1,56.91,4.142,106.2,-18.5,210.0,EV_105,0.06,320,15.0,DR692730_14,65.0,118688.22,DR692730,195.09,0.0,65.0,D,SimuProA-5,EV_105
339.1,70.0,90.59,5040.0,0,3.82,1,56.87,4.135,112.8,155.8,210.0,EV_105,0.0,330,0.0,DR692730_14,65.0,118688.53,DR692730,195.09,0.0,65.0,D,SimuProA-5,EV_105
336.905,82.0,90.59,5205.0,0,3.815,1,56.83,4.132,116.5,182.4,210.0,EV_105,0.0,340,0.0,DR692730_14,65.0,118688.85,DR692730,195.09,0.0,65.0,D,SimuProA-5,EV_105
339.455,0.0,90.59,4830.0,0,3.835,1,56.82,4.138,108.3,-15.2,210.0,EV_105,0.05,350,10.0,DR692730_14,65.0,118689.15,DR692730,195.09,0.0,65.0,D,SimuProA-5,EV_105
335.392,90.0,90.59,5350.0,0,3.805,1,56.78,4.128,119.8,195.6,210.0,EV_105,0.0,360,0.0,DR692730_14,65.0,118689.49,DR692730,195.09,0.0,65.0,D,SimuProA-5,EV_105
337.453,65.0,90.59,5100.0,0,3.81,1,56.74,4.13,114.2,165.3,210.0,EV_105,0.0,370,0.0,DR692730_14,65.0,118689.81,DR692730,195.09,0.0,65.0,D,SimuProA-5,EV_105
340.929,0.0,90.59,4700.0,0,3.85,1,56.73,4.145,105.5,-22.4,210.0,EV_105,0.07,380,20.0,DR692730_14,65.0,118690.1,DR692730,195.09,0.0,65.0,D,SimuProA-5,EV_105
343.37,35.0,90.59,4580.0,0,3.86,1,56.71,4.15,102.8,45.2,210.0,EV_105,0.0,390,0.0,DR692730_14,65.0,118690.39,DR692730,195.09,0.0,65.0,D,SimuProA-5,EV_105
342.09,45.0,90.59,4670.0,0,3.855,1,56.68,4.148,104.5,135.5,210.0,EV_105,0.0,400,0.0,DR692730_14,65.0,118690.68,DR692730,195.09,0.0,65.0,D,SimuProA-5,EV_105
348.535,0.0,90.59,4380.0,0,3.865,1,56.67,4.152,98.2,-35.8,210.0,EV_105,0.06,410,15.0,DR692730_14,65.0,118690.95,DR692730,195.09,0.0,65.0,D,SimuProA-5,EV_105
345.012,40.0,90.59,4550.0,0,3.858,1,56.63,4.145,101.8,110.2,210.0,EV_105,0.0,420,0.0,DR692730_14,65.0,118691.24,DR692730,195.09,0.0,65.0,D,SimuProA-5,EV_105
344.309,38.0,90.59,4610.0,0,3.856,1,56.61,4.146,103.2,95.3,210.0,EV_105,0.0,430,0.0,DR692730_14,65.0,118691.53,DR692730,195.09,0.0,65.0,D,SimuProA-5,EV_105
345.726,32.0,90.59,4530.0,0,3.857,1,56.57,4.147,101.5,78.5,210.0,EV_105,0.0,440,0.0,DR692730_14,65.0,118691.81,DR692730,195.09,0.0,65.0,D,SimuProA-5,EV_105
342.814,55.0,90.59,4730.0,0,3.854,1,56.57,4.149,106.0,125.4,210.0,EV_105,0.0,450,0.0,DR692730_14,65.0,118692.1,DR692730,195.09,0.0,65.0,D,SimuProA-5,EV_105
343.971,35.0,90.59,4580.0,0,3.855,1,56.53,4.148,102.5,88.4,210.0,EV_105,0.0,460,0.0,DR692730_14,65.0,118692.38,DR692730,195.09,0.0,65.0,D,SimuProA-5,EV_105
340.829,62.0,90.59,4850.0,0,3.85,1,56.5,4.151,108.4,135.6,210.0,EV_105,0.0,470,0.0,DR692730_14,65.0,118692.69,DR692730,195.09,0.0,65.0,D,SimuProA-5,EV_105
345.629,0.0,90.59,4480.0,0,3.852,1,56.48,4.155,100.1,-12.5,210.0,EV_105,0.04,480,18.0,DR692730_14,65.0,118692.96,DR692730,195.09,0.0,65.0,D,SimuProA-5,EV_105
341.716,45.0,90.59,4720.0,0,3.856,1,56.45,4.152,105.8,115.2,210.0,EV_105,0.0,490,0.0,DR692730_14,65.0,118693.25,DR692730,195.09,0.0,65.0,D,SimuProA-5,EV_105
340.172,68.0,90.59,4920.0,0,3.851,1,56.45,4.154,110.2,142.7,210.0,EV_105,0.0,500,0.0,DR692730_14,65.0,118693.56,DR692730,195.09,0.0,65.0,D,SimuProA-5,EV_105
343.738,0.0,90.59,4660.0,0,3.853,1,56.44,4.156,104.5,-8.5,210.0,EV_105,0.03,510,12.0,DR692730_14,65.0,118693.85,DR692730,195.09,0.0,65.0,D,SimuProA-5,EV_105
342.004,55.0,90.59,4790.0,0,3.852,1,56.43,4.153,107.2,128.4,210.0,EV_105,0.0,520,0.0,DR692730_14,65.0,118694.15,DR692730,195.09,0.0,65.0,D,SimuProA-5,EV_105
339.763,72.0,90.59,5030.0,0,3.849,1,56.4,4.155,112.5,145.2,210.0,EV_105,0.0,530,0.0,DR692730_14,65.0,118694.46,DR692730,195.09,0.0,65.0,D,SimuProA-5,EV_105
343.878,0.0,90.59,4780.0,0,3.854,1,56.4,4.157,106.8,-15.2,210.0,EV_105,0.05,540,15.0,DR692730_14,65.0,118694.76,DR692730,195.09,0.0,65.0,D,SimuProA-5,EV_105
341.512,62.0,90.59,4850.0,0,3.85,1,56.39,4.154,108.5,135.8,210.0,EV_105,0.0,550,0.0,DR692730_14,65.0,118695.06,DR692730,195.09,0.0,65.0,D,SimuProA-5,EV_105
343.801,0.0,90.59,4610.0,0,3.852,1,56.37,4.156,103.2,-12.4,210.0,EV_105,0.04,560,10.0,DR692730_14,65.0,118695.35,DR692730,195.09,0.0,65.0,D,SimuProA-5,EV_105
338.864,75.0,90.59,5000.0,0,3.848,1,56.36,4.153,111.8,152.3,210.0,EV_105,0.0,570,0.0,DR692730_14,65.0,118695.66,DR692730,195.09,0.0,65.0,D,SimuProA-5,EV_105
335.926,78.0,90.59,5150.0,0,3.846,1,56.35,4.152,115.2,158.5,210.0,EV_105,0.0,580,0.0,DR692730_14,65.0,118695.98,DR692730,195.09,0.0,65.0,D,SimuProA-5,EV_105
342.457,0.0,90.59,4800.0,0,3.856,1,56.32,4.158,107.5,-18.3,210.0,EV_105,0.06,590,18.0,DR692730_14,65.0,118696.28,DR692730,195.09,0.0,65.0,D,SimuProA-5,EV_105
339.232,65.0,90.59,4960.0,0,3.851,1,56.32,4.154,110.8,142.6,210.0,EV_105,0.0,600,0.0,DR692730_14,65.0,118696.59,DR692730,195.09,0.0,65.0,D,SimuProA-5,EV_105
336.351,68.0,90.59,5030.0,0,3.847,1,56.3,4.151,112.4,148.2,210.0,EV_105,0.0,610,0.0,DR692730_14,65.0,118696.9,DR692730,195.09,0.0,65.0,D,SimuProA-5,EV_105
341.07,0.0,90.59,4750.0,0,3.853,1,56.29,4.155,106.2,-22.5,210.0,EV_105,0.05,620,15.0,DR692730_14,65.0,118697.2,DR692730,195.09,0.0,65.0,D,SimuProA-5,EV_105
337.376,76.0,90.59,5140.0,0,3.845,1,56.27,4.15,114.8,155.8,210.0,EV_105,0.0,630,0.0,DR692730_14,65.0,118697.52,DR692730,195.09,0.0,65.0,D,SimuProA-5,EV_105
333.579,82.0,90.59,5290.0,0,3.842,1,56.25,4.148,118.2,162.5,210.0,EV_105,0.0,640,0.0,DR692730_14,65.0,118697.85,DR692730,195.09,0.0,65.0,D,SimuProA-5,EV_105
338.526,0.0,90.59,5030.0,0,3.849,1,56.23,4.152,112.5,-25.4,210.0,EV_105,0.07,650,22.0,DR692730_14,65.0,118698.16,DR692730,195.09,0.0,65.0,D,SimuProA-5,EV_105
335.228,70.0,90.59,5140.0,0,3.844,1,56.2,4.149,115.0,145.8,210.0,EV_105,0.0,660,0.0,DR692730_14,65.0,118698.48,DR692730,195.09,0.0,65.0,D,SimuProA-5,EV_105
331.979,85.0,90.59,5350.0,0,3.846,1,56.17,4.151,119.5,158.2,210.0,EV_105,0.0,670,0.0,DR692730_14,65.0,118698.81,DR692730,195.09,0.0,65.0,D,SimuProA-5,EV_105
335.998,0.0,90.59,5090.0,0,3.848,1,56.16,4.153,113.8,-18.5,210.0,EV_105,0.06,680,18.0,DR692730_14,65.0,118699.13,DR692730,195.09,0.0,65.0,D,SimuProA-5,EV_105
334.429,78.0,90.59,5210.0,0,3.844,1,56.12,4.15,116.5,152.4,210.0,EV_105,0.0,690,0.0,DR692730_14,65.0,118699.45,DR692730,195.09,0.0,65.0,D,SimuProA-5,EV_105
331.284,65.0,90.59,5110.0,0,3.842,1,56.08,4.148,114.2,148.6,210.0,EV_105,0.0,700,0.0,DR692730_14,65.0,118699.77,DR692730,195.09,0.0,65.0,D,SimuProA-5,EV_105
330.838,80.0,90.59,5305.0,0,3.841,1,56.06,4.15,118.5,155.3,210.0,EV_105,0.0,710,0.0,DR692730_14,65.0,118700.1,DR692730,195.09,0.0,65.0,D,SimuProA-5,EV_105
334.016,0.0,90.59,4945.0,0,3.843,1,56.05,4.151,110.5,-15.2,210.0,EV_105,0.05,720,12.0,DR692730_14,65.0,118700.4,DR692730,195.09,0.0,65.0,D,SimuProA-5,EV_105
332.526,60.0,90.59,5030.0,0,3.84,1,56.01,4.145,112.4,142.3,210.0,EV_105,0.0,730,0.0,DR692730_14,65.0,118700.71,DR692730,195.09,0.0,65.0,D,SimuProA-5,EV_105
331.196,68.0,90.59,5185.0,0,3.838,1,55.97,4.142,115.8,148.7,210.0,EV_105,0.0,740,0.0,DR692730_14,65.0,118701.03,DR692730,195.09,0.0,65.0,D,SimuProA-5,EV_105
333.617,0.0,90.59,4840.0,0,3.842,1,55.93,4.148,108.2,-12.4,210.0,EV_105,0.04,750,15.0,DR692730_14,65.0,118701.33,DR692730,195.09,0.0,65.0,D,SimuProA-5,EV_105
331.031,72.0,90.59,5198.0,0,3.839,1,55.88,4.144,116.2,152.1,210.0,EV_105,0.0,760,0.0,DR692730_14,65.0,118701.65,DR692730,195.09,0.0,65.0,D,SimuProA-5,EV_105
328.525,85.0,90.59,5348.0,0,3.835,1,55.84,4.138,119.5,165.4,210.0,EV_105,0.0,770,0.0,DR692730_14,65.0,118701.98,DR692730,195.09,0.0,65.0,D,SimuProA-5,EV_105
330.38,0.0,90.59,4912.0,0,3.844,1,55.8,4.146,109.8,-18.5,210.0,EV_105,0.06,780,18.0,DR692730_14,65.0,118702.29,DR692730,195.09,0.0,65.0,D,SimuProA-5,EV_105
332.377,65.0,90.59,5032.0,0,3.836,1,55.73,4.14,112.5,145.2,210.0,EV_105,0.0,790,0.0,DR692730_14,65.0,118702.6,DR692730,195.09,0.0,65.0,D,SimuProA-5,EV_105
336.243,0.0,90.59,4695.0,0,3.841,1,55.71,4.145,105.0,-15.3,210.0,EV_105,0.05,800,12.0,DR692730_14,65.0,118702.89,DR692730,195.09,0.0,65.0,D,SimuProA-5,EV_105
330.16,82.0,90.59,5278.0,0,3.834,1,55.68,4.139,118.0,158.6,210.0,EV_105,0.0,810,0.0,DR692730_14,65.0,118703.22,DR692730,195.09,0.0,65.0,D,SimuProA-5,EV_105
328.962,84.0,90.59,5287.0,0,3.838,1,55.64,4.142,118.2,172.3,210.0,EV_105,0.0,820,0.0,DR692730_14,65.0,118703.55,DR692730,195.09,0.0,65.0,D,SimuProA-5,EV_105
325.754,90.0,90.59,5435.0,0,3.832,1,55.61,4.145,121.5,188.5,210.0,EV_105,0.0,830,0.0,DR692730_14,65.0,118703.89,DR692730,195.09,0.0,65.0,D,SimuProA-5,EV_105
329.648,0.0,90.59,5048.0,0,3.839,1,55.59,4.148,112.8,-22.4,210.0,EV_105,0.07,840,15.0,DR692730_14,65.0,118704.2,DR692730,195.09,0.0,65.0,D,SimuProA-5,EV_105
341.665,65.0,90.59,5114.0,0,3.835,1,55.55,4.142,114.5,145.2,210.0,EV_105,0.0,850,0.0,DR692730_14,65.0,118704.52,DR692730,195.09,0.0,65.0,D,SimuProA-5,EV_105
337.931,55.0,90.59,4922.0,0,3.833,1,55.52,4.14,110.2,132.8,210.0,EV_105,0.0,860,0.0,DR692730_14,65.0,118704.82,DR692730,195.09,0.0,65.0,D,SimuProA-5,EV_105
340.356,45.0,90.59,4771.0,0,3.831,1,55.5,4.138,106.8,118.5,210.0,EV_105,0.0,870,0.0,DR692730_14,65.0,118705.12,DR692730,195.09,0.0,65.0,D,SimuProA-5,EV_105
338.66,50.0,90.59,4848.0,0,3.832,1,55.48,4.139,108.5,125.3,210.0,EV_105,0.0,880,0.0,DR692730_14,65.0,118705.42,DR692730,195.09,0.0,65.0,D,SimuProA-5,EV_105
342.943,40.0,90.59,4657.0,0,3.83,1,55.46,4.137,104.2,110.2,210.0,EV_105,0.0,890,0.0,DR692730_14,65.0,118705.71,DR692730,195.09,0.0,65.0,D,SimuProA-5,EV_105
335.188,60.0,90.59,4911.0,0,3.834,1,55.43,4.141,109.8,142.8,210.0,EV_105,0.0,900,0.0,DR692730_14,65.0,118706.02,DR692730,195.09,0.0,65.0,D,SimuProA-5,EV_105
336.171,58.0,90.59,4987.0,0,3.831,1,55.39,4.139,111.5,138.2,210.0,EV_105,0.0,910,0.0,DR692730_14,65.0,118706.33,DR692730,195.09,0.0,65.0,D,SimuProA-5,EV_105
338.772,42.0,90.59,4731.0,0,3.829,1,55.36,4.137,105.8,115.6,210.0,EV_105,0.0,920,0.0,DR692730_14,65.0,118706.62,DR692730,195.09,0.0,65.0,D,SimuProA-5,EV_105
335.159,62.0,90.59,5063.0,0,3.835,1,55.32,4.142,113.2,145.3,210.0,EV_105,0.0,930,0.0,DR692730_14,65.0,118706.94,DR692730,195.09,0.0,65.0,D,SimuProA-5,EV_105
339.087,35.0,90.59,4581.0,0,3.832,1,55.28,4.138,102.4,108.5,210.0,EV_105,0.0,940,0.0,DR692730_14,65.0,118707.22,DR692730,195.09,0.0,65.0,D,SimuProA-5,EV_105
334.567,65.0,90.59,5137.0,0,3.836,1,55.26,4.143,114.8,148.9,210.0,EV_105,0.0,950,0.0,DR692730_14,65.0,118707.54,DR692730,195.09,0.0,65.0,D,SimuProA-5,EV_105
337.917,48.0,90.59,4836.0,0,3.833,1,55.23,4.14,108.1,125.4,210.0,EV_105,0.0,960,0.0,DR692730_14,65.0,118707.84,DR692730,195.09,0.0,65.0,D,SimuProA-5,EV_105
333.633,72.0,90.59,5295.0,0,3.839,1,55.19,4.145,118.5,152.4,210.0,EV_105,0.0,970,0.0,DR692730_14,65.0,118708.17,DR692730,195.09,0.0,65.0,D,SimuProA-5,EV_105
341.119,0.0,90.59,4658.0,0,3.836,1,55.15,4.141,104.2,-28.5,210.0,EV_105,0.06,980,45.0,DR692730_14,65.0,118708.46,DR692730,195.09,0.0,65.0,D,SimuProA-5,EV_105
336.586,58.0,90.59,5045.0,0,3.834,1,55.13,4.148,112.8,132.7,210.0,EV_105,0.0,990,0.0,DR692730_14,65.0,118708.77,DR692730,195.09,0.0,65.0,D,SimuProA-5,EV_105
335.199,62.0,90.59,5160.0,0,3.835,1,55.09,4.142,115.4,142.5,210.0,EV_105,0.0,1000,0.0,DR692730_14,65.0,118709.09,DR692730,195.09,0.0,65.0,D,SimuProA-5,EV_105
338.355,0.0,90.59,4760.0,0,3.837,1,55.05,4.144,106.5,-15.2,210.0,EV_105,0.08,1010,15.0,DR692730_14,65.0,118709.39,DR692730,195.09,0.0,65.0,D,SimuProA-5,EV_105
334.126,55.0,90.59,4970.0,0,3.832,1,55.04,4.14,111.2,138.9,210.0,EV_105,0.0,1020,0.0,DR692730_14,65.0,118709.7,DR692730,195.09,0.0,65.0,D,SimuProA-5,EV_105
332.824,60.0,90.59,5080.0,0,3.83,1,55.02,4.138,113.5,145.2,210.0,EV_105,0.0,1030,0.0,DR692730_14,65.0,118710.02,DR692730,195.09,0.0,65.0,D,SimuProA-5,EV_105
330.285,68.0,90.59,5290.0,0,3.828,1,54.99,4.142,118.2,158.4,210.0,EV_105,0.0,1040,0.0,DR692730_14,65.0,118710.34,DR692730,195.09,0.0,65.0,D,SimuProA-5,EV_105
336.097,0.0,90.59,4850.0,0,3.835,1,54.96,4.145,108.4,-22.5,210.0,EV_105,0.07,1050,25.0,DR692730_14,65.0,118710.64,DR692730,195.09,0.0,65.0,D,SimuProA-5,EV_105
337.888,0.0,90.59,4910.0,0,3.838,1,54.93,4.146,109.8,-18.4,210.0,EV_105,0.06,1060,18.0,DR692730_14,65.0,118710.94,DR692730,195.09,0.0,65.0,D,SimuProA-5,EV_105
339.485,0.0,90.59,5030.0,0,3.84,1,54.92,4.148,112.5,-8.5,210.0,EV_105,0.02,1070,5.0,DR692730_14,65.0,118711.26,DR692730,195.09,0.0,65.0,D,SimuProA-5,EV_105
335.981,65.0,90.59,5150.0,0,3.835,1,54.92,4.15,115.2,142.6,210.0,EV_105,0.0,1080,0.0,DR692730_14,65.0,118711.58,DR692730,195.09,0.0,65.0,D,SimuProA-5,EV_105
339.716,62.0,90.59,5210.0,0,3.832,1,54.86,4.152,116.5,145.3,210.0,EV_105,0.0,1090,0.0,DR692730_14,65.0,118711.9,DR692730,195.09,0.0,65.0,D,SimuProA-5,EV_105
343.379,55.0,90.59,5270.0,0,3.829,1,54.82,4.155,117.8,138.2,210.0,EV_105,0.0,1100,0.0,DR692730_14,65.0,118712.23,DR692730,195.09,0.0,65.0,D,SimuProA-5,EV_105
338.73,72.0,90.59,5340.0,0,3.825,1,54.77,4.158,119.4,152.7,210.0,EV_105,0.0,1110,0.0,DR692730_14,65.0,118712.56,DR692730,195.09,0.0,65.0,D,SimuProA-5,EV_105
336.242,68.0,90.59,5370.0,0,3.822,1,54.72,4.16,120.0,148.5,210.0,EV_105,0.0,1120,0.0,DR692730_14,65.0,118712.89,DR692730,195.09,0.0,65.0,D,SimuProA-5,EV_105
339.406,52.0,90.59,5310.0,0,3.82,1,54.66,4.158,118.5,135.4,210.0,EV_105,0.0,1130,0.0,DR692730_14,65.0,118713.22,DR692730,195.09,0.0,65.0,D,SimuProA-5,EV_105
340.482,0.0,90.59,5110.0,0,3.825,1,54.66,4.162,114.0,-15.2,210.0,EV_105,0.04,1140,8.0,DR692730_14,65.0,118713.54,DR692730,195.09,0.0,65.0,D,SimuProA-5,EV_105
348.074,25.0,90.59,4830.0,0,3.835,1,54.61,4.165,108.0,85.4,210.0,EV_105,0.0,1150,0.0,DR692730_14,44.2,118713.84,DR692730,195.09,0.0,45.8,D,SimuProA-5,EV_105
342.346,45.0,90.59,5030.0,0,3.84,1,54.58,4.17,112.5,115.2,210.0,EV_105,0.0,1160,0.0,DR692730_14,44.5,118714.15,DR692730,195.09,0.0,46.1,D,SimuProA-5,EV_105
337.606,62.0,90.59,5190.0,0,3.832,1,54.57,4.168,116.2,142.6,210.0,EV_105,0.0,1170,0.0,DR692730_14,44.8,118714.48,DR692730,195.09,0.0,46.5,D,SimuProA-5,EV_105
334.81,65.0,90.59,5330.0,0,3.835,1,54.56,4.172,119.0,155.3,210.0,EV_105,0.0,1180,0.0,DR692730_14,45.1,118714.81,DR692730,195.09,0.0,46.8,D,SimuProA-5,EV_105
335.775,48.0,90.59,5220.0,0,3.838,1,54.54,4.175,116.5,128.7,210.0,EV_105,0.0,1190,0.0,DR692730_14,45.5,118715.13,DR692730,195.09,0.0,47.2,D,SimuProA-5,EV_105
338.765,35.0,90.59,5060.0,0,3.842,1,54.53,4.178,113.0,95.4,210.0,EV_105,0.0,1200,0.0,DR692730_14,45.8,118715.45,DR692730,195.09,0.0,47.5,D,SimuProA-5,EV_105
336.552,30.0,90.59,4920.0,0,3.845,1,54.51,4.18,110.0,105.0,210.0,EV_105,0.0,1210,0.0,DR692730_14,46.1,118715.76,DR692730,195.09,0.0,47.8,D,SimuProA-5,EV_105
339.474,22.0,90.59,4700.0,0,3.848,1,54.51,4.182,105.0,85.5,210.0,EV_105,0.0,1220,0.0,DR692730_14,46.4,118716.05,DR692730,195.09,0.0,48.1,D,SimuProA-5,EV_105
341.463,18.0,90.59,4380.0,0,3.85,1,54.48,4.185,98.0,70.0,210.0,EV_105,0.0,1230,0.0,DR692730_14,46.6,118716.32,DR692730,195.09,0.0,48.3,D,SimuProA-5,EV_105
343.189,16.5,90.59,4250.0,0,3.851,1,54.45,4.186,95.0,65.5,210.0,EV_105,0.0,1240,0.0,DR692730_14,46.8,118716.58,DR692730,195.09,0.0,48.5,D,SimuProA-5,EV_105
344.474,18.0,90.59,4410.0,0,3.852,1,54.45,4.187,98.5,60.2,210.0,EV_105,0.0,1250,0.0,DR692730_14,47.0,118716.86,DR692730,195.09,0.0,48.7,D,SimuProA-5,EV_105
342.735,20.5,90.59,4570.0,0,3.853,1,54.44,4.188,102.0,72.0,210.0,EV_105,0.0,1260,0.0,DR692730_14,47.2,118717.14,DR692730,195.09,0.0,49.0,D,SimuProA-5,EV_105
338.524,25.0,90.59,4870.0,0,3.854,1,54.42,4.189,108.5,82.3,210.0,EV_105,0.0,1270,0.0,DR692730_14,47.4,118717.44,DR692730,195.09,0.0,49.2,D,SimuProA-5,EV_105
340.45,19.0,90.59,4520.0,0,3.855,1,54.41,4.19,101.0,68.5,210.0,EV_105,0.0,0,0.0,DR692730_15,47.6,118717.72,DR692730,195.09,0.0,49.4,D,SimuProA-5,EV_105
337.696,32.0,90.59,5050.0,0,3.856,1,54.41,4.191,112.5,95.1,210.0,EV_105,0.0,10,0.0,DR692730_15,47.9,118718.03,DR692730,195.09,0.0,49.7,D,SimuProA-5,EV_105
336.49,35.0,90.59,5310.0,0,3.857,1,54.4,4.192,118.2,105.4,210.0,EV_105,0.0,20,0.0,DR692730_15,48.1,118718.36,DR692730,195.09,0.0,49.9,D,SimuProA-5,EV_105
338.266,22.0,90.59,5200.0,0,3.858,1,54.4,4.193,115.8,78.2,210.0,EV_105,0.0,30,0.0,DR692730_15,48.3,118718.68,DR692730,195.09,0.0,50.1,D,SimuProA-5,EV_105
338.894,19.5,90.59,5050.0,0,3.859,1,54.39,4.194,112.4,65.1,210.0,EV_105,0.0,40,0.0,DR692730_15,48.5,118718.99,DR692730,195.09,0.0,50.3,D,SimuProA-5,EV_105
337.712,21.0,90.59,5090.0,0,3.86,1,54.36,4.195,113.5,72.4,210.0,EV_105,0.0,50,0.0,DR692730_15,48.7,118719.31,DR692730,195.09,0.0,50.5,D,SimuProA-5,EV_105
335.765,45.0,90.59,5380.0,0,3.855,1,54.34,4.196,119.8,145.2,210.0,EV_105,0.0,60,0.0,DR692730_15,49.1,118719.64,DR692730,195.09,0.0,50.9,D,SimuProA-5,EV_105
338.808,0.0,90.59,4860.0,0,3.862,1,54.33,4.198,108.2,-25.6,210.0,EV_105,0.05,70,12.0,DR692730_15,49.2,118719.94,DR692730,195.09,0.0,51.0,D,SimuProA-5,EV_105
337.056,25.0,90.59,4960.0,0,3.858,1,54.29,4.195,110.5,95.3,210.0,EV_105,0.0,80,0.0,DR692730_15,49.4,118720.25,DR692730,195.09,0.0,51.2,D,SimuProA-5,EV_105
336.663,32.0,90.59,5125.0,0,3.856,1,54.28,4.196,114.2,110.7,210.0,EV_105,0.0,90,0.0,DR692730_15,49.7,118720.56,DR692730,195.09,0.0,51.5,D,SimuProA-5,EV_105
338.188,0.0,90.59,4748.0,0,3.86,1,54.24,4.197,105.8,-18.5,210.0,EV_105,0.06,100,8.0,DR692730_15,49.8,118720.86,DR692730,195.09,0.0,51.6,D,SimuProA-5,EV_105
336.556,35.0,90.59,5060.0,0,3.857,1,54.2,4.195,112.5,105.4,210.0,EV_105,0.0,110,0.0,DR692730_15,49.9,118721.17,DR692730,195.09,0.0,51.7,D,SimuProA-5,EV_105
338.007,0.0,90.59,4780.0,0,3.861,1,54.18,4.196,106.3,-15.2,210.0,EV_105,0.05,120,10.0,DR692730_15,50.0,118721.47,DR692730,195.09,0.0,51.8,D,SimuProA-5,EV_105
336.924,42.0,90.59,5180.0,0,3.855,1,54.16,4.194,115.2,88.5,210.0,EV_105,0.0,130,0.0,DR692730_15,50.1,118721.79,DR692730,195.09,0.0,51.9,D,SimuProA-5,EV_105
336.745,38.0,90.59,5238.0,0,3.858,1,54.14,4.196,116.5,95.2,210.0,EV_105,0.0,140,0.0,DR692730_15,50.2,118722.11,DR692730,195.09,0.0,52.0,D,SimuProA-5,EV_105
335.97,45.0,90.59,5310.0,0,3.852,1,54.11,4.198,118.1,118.4,210.0,EV_105,0.0,150,0.0,DR692730_15,50.4,118722.44,DR692730,195.09,0.0,52.2,D,SimuProA-5,EV_105
336.699,30.0,90.59,5076.0,0,3.856,1,54.07,4.197,112.8,82.1,210.0,EV_105,0.0,160,0.0,DR692730_15,50.5,118722.76,DR692730,195.09,0.0,52.3,D,SimuProA-5,EV_105
335.453,40.0,90.59,5283.0,0,3.85,1,54.04,4.195,117.4,105.3,210.0,EV_105,0.0,170,0.0,DR692730_15,50.7,118723.09,DR692730,195.09,0.0,52.5,D,SimuProA-5,EV_105
335.099,55.0,90.59,5400.0,0,3.845,1,54.0,4.199,120.0,132.8,210.0,EV_105,0.0,180,0.0,DR692730_15,50.9,118723.42,DR692730,195.09,0.0,52.7,D,SimuProA-5,EV_105
335.872,35.0,90.59,5260.0,0,3.853,1,53.98,4.197,116.9,98.6,210.0,EV_105,0.0,190,0.0,DR692730_15,51.0,118723.74,DR692730,195.09,0.0,52.8,D,SimuProA-5,EV_105
335.057,60.0,90.59,5400.0,0,3.843,1,53.9,4.199,120.0,145.3,210.0,EV_105,0.0,200,0.0,DR692730_15,51.1,118724.07,DR692730,195.09,0.0,52.9,D,SimuProA-5,EV_105
335.053,40.0,90.59,5332.0,0,3.851,1,53.88,4.198,118.5,110.2,210.0,EV_105,0.0,210,0.0,DR692730_15,51.2,118724.4,DR692730,195.09,0.0,53.0,D,SimuProA-5,EV_105
334.74,65.0,90.59,5390.0,0,3.84,1,53.82,4.201,119.8,155.7,210.0,EV_105,0.0,220,0.0,DR692730_15,51.3,118724.74,DR692730,195.09,0.0,53.2,D,SimuProA-5,EV_105
333.534,45.0,90.59,5318.0,0,3.835,1,53.79,4.2,118.2,148.5,210.0,EV_105,0.0,230,0.0,DR692730_15,51.45,118725.07,DR692730,195.09,0.0,53.35,D,SimuProA-5,EV_105
334.895,38.0,90.59,5286.0,0,3.848,1,53.77,4.198,117.5,125.3,210.0,EV_105,0.0,240,0.0,DR692730_15,51.6,118725.39,DR692730,195.09,0.0,53.5,D,SimuProA-5,EV_105
334.739,32.0,90.59,5219.0,0,3.855,1,53.75,4.199,116.0,105.6,210.0,EV_105,0.0,250,0.0,DR692730_15,51.75,118725.72,DR692730,195.09,0.0,53.65,D,SimuProA-5,EV_105
335.569,30.0,90.59,5183.0,0,3.858,1,53.72,4.199,115.2,102.4,210.0,EV_105,0.0,260,0.0,DR692730_15,51.88,118726.04,DR692730,195.09,0.0,53.78,D,SimuProA-5,EV_105
336.06,25.0,90.59,5120.0,0,3.865,1,53.69,4.201,113.8,85.3,210.0,EV_105,0.0,270,0.0,DR692730_15,52.02,118726.36,DR692730,195.09,0.0,53.92,D,SimuProA-5,EV_105
336.295,28.0,90.59,5152.0,0,3.862,1,53.69,4.202,114.5,92.7,210.0,EV_105,0.0,280,0.0,DR692730_15,52.15,118726.67,DR692730,195.09,0.0,54.05,D,SimuProA-5,EV_105
336.04,42.0,90.59,5318.0,0,3.858,1,53.67,4.205,118.2,135.2,210.0,EV_105,0.0,290,0.0,DR692730_15,52.28,118727.0,DR692730,195.09,0.0,54.18,D,SimuProA-5,EV_105
335.094,55.0,90.59,5400.0,0,3.852,1,53.67,4.208,120.0,148.5,210.0,EV_105,0.0,300,0.0,DR692730_15,52.45,118727.33,DR692730,195.09,0.0,54.35,D,SimuProA-5,EV_105
337.784,0.0,90.59,4972.0,0,3.86,1,53.66,4.21,110.5,-25.4,210.0,EV_105,0.05,310,35.0,DR692730_15,52.58,118727.64,DR692730,195.09,0.0,54.48,D,SimuProA-5,EV_105
334.893,38.0,90.59,5238.0,0,3.845,1,53.63,4.212,116.4,142.3,210.0,EV_105,0.0,320,0.0,DR692730_15,52.72,118727.96,DR692730,195.09,0.0,54.62,D,SimuProA-5,EV_105
335.465,22.0,90.59,5076.0,0,3.848,1,53.63,4.215,112.8,128.6,210.0,EV_105,0.0,330,0.0,DR692730_15,52.88,118728.28,DR692730,195.09,0.0,54.78,D,SimuProA-5,EV_105
336.684,0.0,90.59,4882.0,0,3.852,1,53.62,4.218,108.5,-15.2,210.0,EV_105,0.06,340,15.0,DR692730_15,53.05,118728.58,DR692730,195.09,0.0,54.95,D,SimuProA-5,EV_105
333.921,28.0,90.59,5139.0,0,3.846,1,53.61,4.216,114.2,138.5,210.0,EV_105,0.0,350,0.0,DR692730_15,53.12,118728.9,DR692730,195.09,0.0,55.02,D,SimuProA-5,EV_105
333.0,45.0,90.59,5332.0,0,3.835,1,53.6,4.22,118.5,165.0,210.0,EV_105,0.0,360,0.0,DR692730_15,53.28,118729.23,DR692730,195.09,0.0,55.18,D,SimuProA-5,EV_105
335.462,0.0,90.59,5040.0,0,3.842,1,53.6,4.222,112.0,-22.5,210.0,EV_105,0.07,370,25.0,DR692730_15,53.42,118729.54,DR692730,195.09,0.0,55.32,D,SimuProA-5,EV_105
334.51,35.0,90.59,5197.0,0,3.85,1,53.59,4.225,115.5,145.2,210.0,EV_105,0.0,380,0.0,DR692730_15,53.55,118729.86,DR692730,195.09,0.0,55.45,D,SimuProA-5,EV_105
336.096,0.0,90.59,4959.0,0,3.855,1,53.57,4.228,110.2,-18.5,210.0,EV_105,0.06,390,18.0,DR692730_15,53.68,118730.17,DR692730,195.09,0.0,55.58,D,SimuProA-5,EV_105
332.855,42.0,90.59,5301.0,0,3.845,1,53.55,4.22,117.8,152.8,210.0,EV_105,0.0,400,0.0,DR692730_15,53.82,118730.49,DR692730,195.09,0.0,55.72,D,SimuProA-5,EV_105
331.957,55.0,90.59,5400.0,0,3.84,1,53.51,4.22,120.0,175.0,210.0,EV_105,0.0,410,0.0,DR692730_15,53.95,118730.82,DR692730,195.09,0.0,55.85,D,SimuProA-5,EV_105
334.017,38.0,90.59,5242.0,0,3.848,1,53.49,4.225,116.5,140.5,210.0,EV_105,0.0,420,0.0,DR692730_15,54.08,118731.15,DR692730,195.09,0.0,55.98,D,SimuProA-5,EV_105
335.003,0.0,90.59,5085.0,0,3.852,1,53.49,4.228,113.0,-15.0,210.0,EV_105,0.05,430,15.0,DR692730_15,54.2,118731.46,DR692730,195.09,0.0,56.1,D,SimuProA-5,EV_105
333.107,32.0,90.59,5152.0,0,3.83,1,53.46,4.21,114.5,125.0,210.0,EV_105,0.0,440,0.0,DR692730_15,54.35,118731.78,DR692730,195.09,0.0,56.25,D,SimuProA-5,EV_105
331.595,48.0,90.59,5310.0,0,3.81,1,53.41,4.2,118.0,165.0,210.0,EV_105,0.0,450,0.0,DR692730_15,54.55,118732.11,DR692730,195.09,0.0,56.45,D,SimuProA-5,EV_105
337.004,0.0,90.59,4995.0,0,3.86,1,53.39,4.22,111.0,-22.0,210.0,EV_105,0.07,460,20.0,DR692730_15,54.65,118732.41,DR692730,195.09,0.0,56.55,D,SimuProA-5,EV_105
332.617,35.0,90.59,5175.0,0,3.825,1,53.38,4.215,115.0,135.0,210.0,EV_105,0.0,470,0.0,DR692730_15,54.75,118732.73,DR692730,195.09,0.0,56.65,D,SimuProA-5,EV_105
335.141,0.0,90.59,4950.0,0,3.855,1,53.36,4.23,110.0,-18.0,210.0,EV_105,0.06,480,12.0,DR692730_15,54.85,118733.04,DR692730,195.09,0.0,56.75,D,SimuProA-5,EV_105
331.355,45.0,90.59,5287.0,0,3.815,1,53.36,4.205,117.5,155.0,210.0,EV_105,0.0,490,0.0,DR692730_15,55.05,118733.36,DR692730,195.09,0.0,56.95,D,SimuProA-5,EV_105
330.822,50.0,90.59,5332.0,0,3.82,1,53.32,4.205,118.5,162.0,210.0,EV_105,0.0,500,0.0,DR692730_15,55.15,118733.69,DR692730,195.09,0.0,57.05,D,SimuProA-5,EV_105
335.203,0.0,90.59,5085.0,0,3.84,1,53.32,4.21,113.0,-15.0,210.0,EV_105,0.05,510,15.0,DR692730_15,55.25,118734.0,DR692730,195.09,0.0,57.15,D,SimuProA-5,EV_105
331.375,55.0,90.59,5355.0,0,3.81,1,53.27,4.2,119.0,148.0,210.0,EV_105,0.0,520,0.0,DR692730_15,55.35,118734.33,DR692730,195.09,0.0,57.25,D,SimuProA-5,EV_105
329.961,48.0,90.59,5319.0,0,3.818,1,53.21,4.202,118.2,158.5,210.0,EV_105,0.0,530,0.0,DR692730_15,55.42,118734.66,DR692730,195.09,0.0,57.32,D,SimuProA-5,EV_105
329.825,52.0,90.59,5377.0,0,3.825,1,53.14,4.208,119.5,165.2,210.0,EV_105,0.0,540,0.0,DR692730_15,55.55,118734.99,DR692730,195.09,0.0,57.45,D,SimuProA-5,EV_105
333.578,0.0,90.59,5166.0,0,3.845,1,53.14,4.215,114.8,-12.5,210.0,EV_105,0.04,550,8.0,DR692730_15,55.6,118735.31,DR692730,195.09,0.0,57.5,D,SimuProA-5,EV_105
337.75,0.0,90.59,5040.0,0,3.85,1,53.13,4.218,112.0,-5.0,210.0,EV_105,0.02,560,5.0,DR692730_15,55.65,118735.62,DR692730,195.09,0.0,57.55,D,SimuProA-5,EV_105
340.823,35.0,90.59,5198.0,0,3.86,1,53.12,4.212,115.5,45.0,210.0,EV_105,0.0,570,0.0,DR692730_15,55.7,118735.94,DR692730,195.09,0.0,57.6,D,SimuProA-5,EV_105
339.766,50.0,90.59,5310.0,0,3.835,1,53.1,4.205,118.0,135.0,210.0,EV_105,0.0,580,0.0,DR692730_15,55.78,118736.27,DR692730,195.09,0.0,57.68,D,SimuProA-5,EV_105
338.627,48.0,90.59,5242.0,0,3.828,1,53.08,4.202,116.5,142.5,210.0,EV_105,0.0,590,0.0,DR692730_15,55.82,118736.59,DR692730,195.09,0.0,57.72,D,SimuProA-5,EV_105
335.673,55.0,90.59,5364.0,0,3.82,1,53.04,4.198,119.2,155.8,210.0,EV_105,0.0,600,0.0,DR692730_15,55.88,118736.92,DR692730,195.09,0.0,57.78,D,SimuProA-5,EV_105
339.265,25.0,90.59,5175.0,0,3.832,1,53.04,4.205,115.0,18.5,210.0,EV_105,0.01,610,5.0,DR692730_15,55.92,118737.24,DR692730,195.09,0.0,57.82,D,SimuProA-5,EV_105
336.823,52.0,90.59,5300.0,0,3.825,1,52.99,4.195,117.8,148.2,210.0,EV_105,0.0,620,0.0,DR692730_15,56.05,118737.57,DR692730,195.09,0.0,57.95,D,SimuProA-5,EV_105
335.613,65.0,90.59,5376.0,0,3.818,1,52.95,4.19,119.5,162.5,210.0,EV_105,0.0,630,0.0,DR692730_15,56.15,118737.9,DR692730,195.09,0.0,58.05,D,SimuProA-5,EV_105
337.832,28.0,90.59,5062.0,0,3.83,1,52.93,4.198,112.5,42.1,210.0,EV_105,0.01,640,8.0,DR692730_15,56.2,118738.21,DR692730,195.09,0.0,58.1,D,SimuProA-5,EV_105
334.433,58.0,90.59,5332.0,0,3.815,1,52.92,4.192,118.5,158.4,210.0,EV_105,0.0,650,0.0,DR692730_15,56.28,118738.54,DR692730,195.09,0.0,58.18,D,SimuProA-5,EV_105
336.418,50.0,90.59,5219.0,0,3.822,1,52.89,4.195,116.0,145.2,210.0,EV_105,0.0,660,0.0,DR692730_15,56.35,118738.86,DR692730,195.09,0.0,58.25,D,SimuProA-5,EV_105
333.936,62.0,90.59,5391.0,0,3.812,1,52.89,4.198,119.8,172.6,210.0,EV_105,0.0,670,0.0,DR692730_15,56.45,118739.19,DR692730,195.09,0.0,58.35,D,SimuProA-5,EV_105
331.905,60.0,90.59,5321.0,0,3.81,1,52.84,4.196,118.2,168.3,210.0,EV_105,0.0,680,0.0,DR692730_15,56.58,118739.52,DR692730,195.09,0.0,58.48,D,SimuProA-5,EV_105
335.59,25.0,90.59,4976.0,0,3.835,1,52.84,4.199,110.5,45.6,210.0,EV_105,0.01,690,12.0,DR692730_15,56.65,118739.83,DR692730,195.09,0.0,58.55,D,SimuProA-5,EV_105
332.904,55.0,90.59,5357.0,0,3.813,1,52.82,4.194,119.0,155.8,210.0,EV_105,0.0,700,0.0,DR692730_15,56.82,118740.16,DR692730,195.09,0.0,58.72,D,SimuProA-5,EV_105
330.294,58.0,90.59,5290.0,0,3.811,1,52.79,4.192,117.5,162.4,210.0,EV_105,0.0,710,0.0,DR692730_15,56.98,118740.49,DR692730,195.09,0.0,58.88,D,SimuProA-5,EV_105
327.748,65.0,90.59,5400.0,0,3.808,1,52.74,4.189,120.0,178.9,210.0,EV_105,0.0,720,0.0,DR692730_15,57.15,118740.82,DR692730,195.09,0.0,59.05,D,SimuProA-5,EV_105
334.391,20.0,90.59,5040.0,0,3.825,1,52.73,4.191,112.0,38.5,210.0,EV_105,0.03,730,15.0,DR692730_15,57.22,118741.13,DR692730,195.09,0.0,59.12,D,SimuProA-5,EV_105
332.491,42.0,90.59,5152.0,0,3.815,1,52.69,4.19,114.5,95.2,210.0,EV_105,0.0,740,0.0,DR692730_15,57.35,118741.45,DR692730,195.09,0.0,59.25,D,SimuProA-5,EV_105
336.391,28.0,90.59,4860.0,0,3.828,1,52.67,4.192,108.0,65.4,210.0,EV_105,0.04,750,5.0,DR692730_15,57.48,118741.75,DR692730,195.09,0.0,59.38,D,SimuProA-5,EV_105
338.927,0.0,90.59,4612.0,0,3.832,1,52.67,4.195,102.5,-25.6,210.0,EV_105,0.06,760,10.0,DR692730_15,57.55,118742.03,DR692730,195.09,0.0,59.45,D,SimuProA-5,EV_105
337.515,35.0,90.59,4725.0,0,3.83,1,52.66,4.194,105.0,85.3,210.0,EV_105,0.0,770,0.0,DR692730_15,57.62,118742.32,DR692730,195.09,0.0,59.52,D,SimuProA-5,EV_105
339.545,18.0,90.59,4410.0,0,3.834,1,52.64,4.196,98.0,45.2,210.0,EV_105,0.05,780,8.0,DR692730_15,57.7,118742.59,DR692730,195.09,0.0,59.6,D,SimuProA-5,EV_105
341.226,25.0,90.59,4275.0,0,3.836,1,52.64,4.198,95.0,32.1,210.0,EV_105,0.0,790,0.0,DR692730_15,57.78,118742.86,DR692730,195.09,0.0,59.68,D,SimuProA-5,EV_105
341.135,22.0,90.59,4342.0,0,3.838,1,52.63,4.199,96.5,38.5,210.0,EV_105,0.0,800,0.0,DR692730_15,57.84,118743.13,DR692730,195.09,0.0,59.74,D,SimuProA-5,EV_105
338.901,28.0,90.59,4455.0,0,3.84,1,52.61,4.201,99.0,48.2,210.0,EV_105,0.0,810,0.0,DR692730_15,57.9,118743.4,DR692730,195.09,0.0,59.8,D,SimuProA-5,EV_105
338.167,32.0,90.59,4567.0,0,3.842,1,52.6,4.203,101.5,55.7,210.0,EV_105,0.0,820,0.0,DR692730_15,57.96,118743.68,DR692730,195.09,0.0,59.86,D,SimuProA-5,EV_105
336.001,35.0,90.59,4635.0,0,3.845,1,52.58,4.205,103.0,62.3,210.0,EV_105,0.0,830,0.0,DR692730_15,58.1,118743.97,DR692730,195.09,0.0,60.0,D,SimuProA-5,EV_105
338.124,30.0,90.59,4545.0,0,3.843,1,52.58,4.202,101.0,58.1,210.0,EV_105,0.0,840,0.0,DR692730_15,58.2,118744.25,DR692730,195.09,0.0,60.1,D,SimuProA-5,EV_105
339.406,0.0,90.59,4432.0,0,3.848,1,52.57,4.208,98.5,-15.5,210.0,EV_105,0.06,850,12.0,DR692730_15,58.3,118744.52,DR692730,195.09,0.0,60.2,D,SimuProA-5,EV_105
338.655,26.0,90.59,4491.0,0,3.844,1,52.55,4.204,99.8,52.4,210.0,EV_105,0.0,860,0.0,DR692730_15,58.4,118744.8,DR692730,195.09,0.0,60.3,D,SimuProA-5,EV_105
337.211,34.0,90.59,4613.0,0,3.846,1,52.54,4.206,102.5,64.8,210.0,EV_105,0.0,870,0.0,DR692730_15,58.5,118745.08,DR692730,195.09,0.0,60.4,D,SimuProA-5,EV_105
338.227,29.0,90.59,4509.0,0,3.844,1,52.53,4.205,100.2,56.2,210.0,EV_105,0.0,880,0.0,DR692730_15,58.6,118745.36,DR692730,195.09,0.0,60.5,D,SimuProA-5,EV_105
336.738,38.0,90.59,4738.0,0,3.842,1,52.51,4.208,105.3,72.5,210.0,EV_105,0.0,890,0.0,DR692730_15,58.7,118745.65,DR692730,195.09,0.0,60.6,D,SimuProA-5,EV_105
335.757,42.0,90.59,4890.0,0,3.84,1,52.49,4.21,108.7,85.2,210.0,EV_105,0.0,900,0.0,DR692730_15,58.9,118745.95,DR692730,195.09,0.0,60.8,D,SimuProA-5,EV_105
337.402,35.0,90.59,4773.0,0,3.843,1,52.48,4.207,106.1,61.4,210.0,EV_105,0.0,910,0.0,DR692730_15,59.0,118746.25,DR692730,195.09,0.0,60.9,D,SimuProA-5,EV_105
335.936,36.0,90.59,4850.0,0,3.841,1,52.47,4.209,107.8,78.3,210.0,EV_105,0.0,920,0.0,DR692730_15,59.1,118746.55,DR692730,195.09,0.0,61.0,D,SimuProA-5,EV_105
334.463,45.0,90.59,4972.0,0,3.839,1,52.45,4.211,110.5,92.5,210.0,EV_105,0.0,930,0.0,DR692730_15,59.2,118746.86,DR692730,195.09,0.0,61.1,D,SimuProA-5,EV_105
336.117,32.0,90.59,4778.0,0,3.842,1,52.45,4.208,106.2,68.7,210.0,EV_105,0.0,940,0.0,DR692730_15,59.3,118747.15,DR692730,195.09,0.0,61.2,D,SimuProA-5,EV_105
334.382,48.0,90.59,5053.0,0,3.838,1,52.42,4.21,112.3,88.4,210.0,EV_105,0.0,950,0.0,DR692730_15,59.4,118747.46,DR692730,195.09,0.0,61.3,D,SimuProA-5,EV_105
336.656,28.0,90.59,4758.0,0,3.84,1,52.42,4.209,105.8,64.2,210.0,EV_105,0.0,960,0.0,DR692730_15,59.5,118747.76,DR692730,195.09,0.0,61.4,D,SimuProA-5,EV_105
333.615,52.0,90.59,5170.0,0,3.836,1,52.41,4.212,114.9,96.1,210.0,EV_105,0.0,970,0.0,DR692730_15,59.6,118748.07,DR692730,195.09,0.0,61.5,D,SimuProA-5,EV_105
332.815,62.0,90.59,5242.0,0,3.835,1,52.4,4.213,116.5,105.2,210.0,EV_105,0.0,980,0.0,DR692730_15,59.7,118748.39,DR692730,195.09,0.0,61.6,D,SimuProA-5,EV_105
334.74,35.0,90.59,4869.0,0,3.839,1,52.39,4.21,108.2,72.4,210.0,EV_105,0.0,990,0.0,DR692730_15,59.8,118748.69,DR692730,195.09,0.0,61.7,D,SimuProA-5,EV_105
331.748,75.0,90.59,5350.0,0,3.833,1,52.38,4.214,118.9,115.8,210.0,EV_105,0.0,1000,0.0,DR692730_15,59.9,118749.02,DR692730,195.09,0.0,61.8,D,SimuProA-5,EV_105
332.258,85.0,90.59,5463.0,0,3.831,1,52.36,4.215,121.4,142.5,210.0,EV_105,0.0,1010,0.0,DR692730_15,60.0,118749.36,DR692730,195.09,0.0,61.9,D,SimuProA-5,EV_105
335.34,32.0,90.59,5256.0,0,3.836,1,52.34,4.212,116.8,78.6,210.0,EV_105,0.0,1020,0.0,DR692730_15,60.1,118749.68,DR692730,195.09,0.0,62.0,D,SimuProA-5,EV_105
333.602,48.0,90.59,5377.0,0,3.832,1,52.34,4.216,119.5,95.2,210.0,EV_105,0.0,1030,0.0,DR692730_15,60.2,118750.01,DR692730,195.09,0.0,62.1,D,SimuProA-5,EV_105
332.946,45.0,90.59,5318.0,0,3.831,1,52.32,4.214,118.2,98.5,210.0,EV_105,0.0,1040,0.0,DR692730_15,60.3,118750.34,DR692730,195.09,0.0,62.2,D,SimuProA-5,EV_105
332.531,50.0,90.59,5422.0,0,3.83,1,52.31,4.215,120.5,102.3,210.0,EV_105,0.0,1050,0.0,DR692730_15,60.4,118750.67,DR692730,195.09,0.0,62.3,D,SimuProA-5,EV_105
334.083,25.0,90.59,5076.0,0,3.833,1,52.31,4.213,112.8,65.2,210.0,EV_105,0.0,1060,0.0,DR692730_15,60.4,118750.99,DR692730,195.09,0.0,62.3,D,SimuProA-5,EV_105
332.184,55.0,90.59,5454.0,0,3.825,1,52.28,4.218,121.2,115.4,210.0,EV_105,0.0,1070,0.0,DR692730_15,60.6,118751.33,DR692730,195.09,0.0,62.5,D,SimuProA-5,EV_105
330.19,68.0,90.59,5557.0,0,3.818,1,52.28,4.22,123.5,142.8,210.0,EV_105,0.0,1080,0.0,DR692730_15,60.9,118751.67,DR692730,195.09,0.0,62.8,D,SimuProA-5,EV_105
336.179,0.0,90.59,5328.0,0,3.835,1,52.27,4.215,118.4,-25.3,210.0,EV_105,0.05,1090,15.0,DR692730_15,61.0,118752.0,DR692730,195.09,0.0,62.9,D,SimuProA-5,EV_105
331.837,65.0,90.59,5528.0,0,3.82,1,52.25,4.22,122.8,138.5,210.0,EV_105,0.0,1100,0.0,DR692730_15,61.1,118752.34,DR692730,195.09,0.0,63.0,D,SimuProA-5,EV_105
335.269,0.0,90.59,5202.0,0,3.832,1,52.25,4.218,115.6,-18.4,210.0,EV_105,0.06,1110,10.0,DR692730_15,61.2,118752.66,DR692730,195.09,0.0,63.1,D,SimuProA-5,EV_105
334.103,58.0,90.59,5364.0,0,3.825,1,52.23,4.219,119.2,125.6,210.0,EV_105,0.0,1120,0.0,DR692730_15,61.4,118752.99,DR692730,195.09,0.0,63.3,D,SimuProA-5,EV_105
328.156,72.0,90.59,5590.0,0,3.81,1,52.2,4.22,124.1,155.2,210.0,EV_105,0.0,1130,0.0,DR692730_15,61.6,118753.33,DR692730,195.09,0.0,63.5,D,SimuProA-5,EV_105
333.313,0.0,90.59,5280.0,0,3.825,1,52.2,4.215,117.3,-22.5,210.0,EV_105,0.05,1140,12.0,DR692730_15,61.7,118753.66,DR692730,195.09,0.0,63.6,D,SimuProA-5,EV_105
329.322,66.0,90.59,5470.0,0,3.815,1,52.19,4.218,121.5,148.7,210.0,EV_105,0.0,1150,0.0,DR692730_15,61.9,118754.0,DR692730,195.09,0.0,63.8,D,SimuProA-5,EV_105
325.343,78.0,90.59,5670.0,0,3.805,1,52.16,4.222,125.8,162.5,210.0,EV_105,0.0,1160,0.0,DR692730_15,62.1,118754.35,DR692730,195.09,0.0,64.0,D,SimuProA-5,EV_105
327.396,62.0,90.59,5515.0,0,3.81,1,52.16,4.22,122.4,135.2,210.0,EV_105,0.0,1170,0.0,DR692730_15,62.3,118754.69,DR692730,195.09,0.0,64.2,D,SimuProA-5,EV_105
321.936,85.0,90.59,5790.0,0,3.798,1,52.14,4.225,128.5,175.8,210.0,EV_105,0.0,1180,0.0,DR692730_15,62.6,118755.05,DR692730,195.09,0.0,64.5,D,SimuProA-5,EV_105
328.592,68.0,90.59,5568.0,0,3.812,1,52.12,4.219,123.6,145.3,210.0,EV_105,0.0,1190,0.0,DR692730_15,62.8,118755.39,DR692730,195.09,0.0,64.7,D,SimuProA-5,EV_105
331.291,55.0,90.59,5364.0,0,3.815,1,52.12,4.217,119.2,120.8,210.0,EV_105,0.0,1200,0.0,DR692730_15,63.0,118755.72,DR692730,195.09,0.0,64.9,D,SimuProA-5,EV_105
336.028,40.0,90.59,5062.0,0,3.818,1,52.1,4.214,112.5,85.4,210.0,EV_105,0.0,1210,0.0,DR692730_15,63.2,118756.04,DR692730,195.09,0.0,65.0,D,SimuProA-5,EV_105
338.31,35.0,90.59,4900.0,0,3.82,1,52.09,4.212,108.5,72.3,210.0,EV_105,0.0,1220,0.0,DR692730_15,63.4,118756.34,DR692730,195.09,0.0,65.0,D,SimuProA-5,EV_105
341.171,30.0,90.59,4750.0,0,3.822,1,52.08,4.21,105.2,65.8,210.0,EV_105,0.0,1230,0.0,DR692730_15,63.6,118756.63,DR692730,195.09,0.0,65.0,D,SimuProA-5,EV_105
344.138,28.0,90.59,4640.0,0,3.824,1,52.07,4.208,102.8,58.1,210.0,EV_105,0.0,1240,0.0,DR692730_15,63.8,118756.92,DR692730,195.09,0.0,65.0,D,SimuProA-5,EV_105
347.022,25.0,90.59,4536.0,0,3.826,1,52.04,4.206,100.5,52.4,210.0,EV_105,0.0,1250,0.0,DR692730_15,64.0,118757.2,DR692730,195.09,0.0,65.0,D,SimuProA-5,EV_105
348.678,22.0,90.59,4432.0,0,3.828,1,52.04,4.204,98.2,48.7,210.0,EV_105,0.0,1260,0.0,DR692730_15,64.2,118757.47,DR692730,195.09,0.0,65.0,D,SimuProA-5,EV_105
350.998,20.0,90.59,4333.0,0,3.83,1,52.04,4.202,96.0,45.1,210.0,EV_105,0.0,1270,0.0,DR692730_15,64.4,118757.74,DR692730,195.09,0.0,65.0,D,SimuProA-5,EV_105
346.399,15.0,90.59,1800.0,0,3.85,1,52.03,4.19,25.0,15.0,210.0,EV_105,0.0,0,0.0,DR692730_16,64.5,118757.81,DR692730,195.09,0.0,64.6,D,SimuProA-5,EV_105
342.774,35.0,90.59,3200.0,0,3.83,1,52.03,4.205,45.0,65.0,210.0,EV_105,0.0,10,0.0,DR692730_16,64.6,118757.93,DR692730,195.09,0.0,64.8,D,SimuProA-5,EV_105
348.247,0.0,90.59,2000.0,0,3.84,1,52.02,4.21,28.0,-25.0,210.0,EV_105,0.015,20,45.0,DR692730_16,64.7,118758.01,DR692730,195.09,0.0,64.9,D,SimuProA-5,EV_105
351.967,0.0,90.59,850.0,0,3.842,1,52.0,4.208,12.0,-12.0,210.0,EV_105,0.012,30,15.0,DR692730_16,64.8,118758.04,DR692730,195.09,0.0,65.0,D,SimuProA-5,EV_105
344.578,28.0,90.59,2200.0,0,3.825,1,52.0,4.212,32.0,55.0,210.0,EV_105,0.0,40,0.0,DR692730_16,64.9,118758.13,DR692730,195.09,0.0,65.0,D,SimuProA-5,EV_105
356.368,0.0,90.59,0.0,0,3.835,1,52.0,4.205,0.0,5.0,210.0,EV_105,0.0,50,65.0,DR692730_16,65.0,118758.13,DR692730,195.09,0.0,65.0,D,SimuProA-5,EV_105
352.125,15.0,90.59,350.0,0,3.82,1,51.98,4.18,5.0,12.0,210.0,EV_105,0.0,60,0.0,DR692730_16,65.0,118758.14,DR692730,195.09,0.0,65.0,D,SimuProA-5,EV_105
347.946,35.0,90.59,1500.0,0,3.81,1,51.98,4.19,22.0,45.0,210.0,EV_105,0.0,70,0.0,DR692730_16,65.0,118758.21,DR692730,195.09,0.0,65.0,D,SimuProA-5,EV_105
353.827,0.0,90.59,550.0,0,3.83,1,51.98,4.2,8.0,-28.0,210.0,EV_105,0.018,80,55.0,DR692730_16,65.0,118758.23,DR692730,195.09,0.0,65.0,D,SimuProA-5,EV_105
348.089,45.0,90.59,2600.0,0,3.84,1,51.96,4.22,38.0,65.0,210.0,EV_105,0.0,90,0.0,DR692730_16,65.0,118758.34,DR692730,195.09,0.0,65.0,D,SimuProA-5,EV_105
349.924,5.0,90.59,800.0,0,3.85,1,51.96,4.21,12.0,15.0,210.0,EV_105,0.012,100,15.0,DR692730_16,65.0,118758.37,DR692730,195.09,0.0,65.0,D,SimuProA-5,EV_105
345.861,55.0,90.59,2900.0,0,3.81,1,51.94,4.23,42.0,85.0,210.0,EV_105,0.0,110,0.0,DR692730_16,65.0,118758.49,DR692730,195.09,0.0,65.0,D,SimuProA-5,EV_105
346.224,25.0,90.59,1800.0,0,3.82,1,51.92,4.22,25.0,35.0,210.0,EV_105,0.0,120,0.0,DR692730_16,65.0,118758.56,DR692730,195.09,0.0,65.0,D,SimuProA-5,EV_105
358.189,0.0,90.59,700.0,0,3.83,1,51.92,4.24,10.0,-35.0,210.0,EV_105,0.025,130,60.0,DR692730_16,65.0,118758.59,DR692730,195.09,0.0,65.0,D,SimuProA-5,EV_105
352.304,0.0,90.59,0.0,0,3.84,1,51.92,4.21,0.0,12.0,210.0,EV_105,0.0,140,15.0,DR692730_16,65.0,118758.59,DR692730,195.09,0.0,65.0,D,SimuProA-5,EV_105
372.424,30.0,90.59,1200.0,0,3.83,1,51.9,4.21,18.0,45.0,210.0,EV_105,0.0,150,0.0,DR692730_16,65.0,118758.64,DR692730,195.09,0.0,65.0,D,SimuProA-5,EV_105
355.697,0.0,90.59,350.0,0,3.84,1,51.9,4.23,5.0,-25.0,210.0,EV_105,0.018,160,45.0,DR692730_16,65.0,118758.65,DR692730,195.09,0.0,65.0,D,SimuProA-5,EV_105
375.031,45.0,90.59,2200.0,0,3.82,1,51.9,4.22,32.0,55.0,210.0,EV_105,0.0,170,0.0,DR692730_16,65.0,118758.74,DR692730,195.09,0.0,65.0,D,SimuProA-5,EV_105
369.941,55.0,90.59,2850.0,0,3.825,1,51.89,4.215,42.0,65.0,210.0,EV_105,0.0,180,0.0,DR692730_16,65.0,118758.86,DR692730,195.09,0.0,65.0,D,SimuProA-5,EV_105
362.021,65.0,90.59,3600.0,0,3.815,1,51.86,4.22,52.0,85.0,210.0,EV_105,0.0,190,0.0,DR692730_16,65.0,118759.0,DR692730,195.09,0.0,65.0,D,SimuProA-5,EV_105
355.202,0.0,90.59,1000.0,0,3.8,1,51.85,4.18,15.0,-38.0,210.0,EV_105,0.028,200,75.0,DR692730_16,65.0,118759.04,DR692730,195.09,0.0,65.0,D,SimuProA-5,EV_105
364.428,35.0,90.59,3300.0,0,3.81,1,51.82,4.205,48.0,45.0,210.0,EV_105,0.0,210,0.0,DR692730_16,65.0,118759.17,DR692730,195.09,0.0,65.0,D,SimuProA-5,EV_105
358.37,60.0,90.59,3800.0,0,3.79,1,51.82,4.215,55.0,95.0,210.0,EV_105,0.0,220,0.0,DR692730_16,65.0,118759.33,DR692730,195.09,0.0,65.0,D,SimuProA-5,EV_105
368.347,0.0,90.59,1700.0,0,3.8,1,51.81,4.19,25.0,-32.0,210.0,EV_105,0.025,230,55.0,DR692730_16,65.0,118759.4,DR692730,195.09,0.0,65.0,D,SimuProA-5,EV_105
352.075,70.0,90.59,4200.0,0,3.78,1,51.8,4.18,60.0,110.0,210.0,EV_105,0.0,240,0.0,DR692730_16,65.0,118759.57,DR692730,195.09,0.0,65.0,D,SimuProA-5,EV_105
365.132,0.0,90.59,1400.0,0,3.82,1,51.8,4.2,20.0,-28.0,210.0,EV_105,0.022,250,45.0,DR692730_16,65.0,118759.62,DR692730,195.09,0.0,65.0,D,SimuProA-5,EV_105
359.025,40.0,90.59,3100.0,0,3.8,1,51.79,4.19,45.0,75.0,210.0,EV_105,0.0,260,0.0,DR692730_16,65.0,118759.75,DR692730,195.09,0.0,65.0,D,SimuProA-5,EV_105
355.199,65.0,90.59,4000.0,0,3.795,1,51.77,4.185,58.0,125.0,210.0,EV_105,0.0,270,0.0,DR692730_16,65.0,118759.91,DR692730,195.09,0.0,65.0,D,SimuProA-5,EV_105
363.212,0.0,90.59,1000.0,0,3.81,1,51.77,4.195,15.0,-35.0,210.0,EV_105,0.028,280,60.0,DR692730_16,65.0,118759.95,DR692730,195.09,0.0,65.0,D,SimuProA-5,EV_105
372.445,35.0,90.59,2200.0,0,3.805,1,51.77,4.175,32.0,55.0,210.0,EV_105,0.0,290,0.0,DR692730_16,65.0,118760.04,DR692730,195.09,0.0,65.0,D,SimuProA-5,EV_105
368.477,25.0,90.59,1750.0,0,3.81,1,51.76,4.18,25.0,35.0,210.0,EV_105,0.0,300,0.0,DR692730_16,65.0,118760.11,DR692730,195.09,0.0,65.0,D,SimuProA-5,EV_105
362.094,60.0,90.59,3600.0,0,3.8,1,51.76,4.19,52.0,110.0,210.0,EV_105,0.0,310,0.0,DR692730_16,65.0,118760.25,DR692730,195.09,0.0,65.0,D,SimuProA-5,EV_105
366.368,0.0,90.59,1200.0,0,3.805,1,51.75,4.185,18.0,-20.0,210.0,EV_105,0.025,320,30.0,DR692730_16,65.0,118760.3,DR692730,195.09,0.0,65.0,D,SimuProA-5,EV_105
370.453,0.0,90.59,700.0,0,3.805,1,51.75,4.185,10.0,-25.0,210.0,EV_105,0.022,330,45.0,DR692730_16,65.0,118760.33,DR692730,195.09,0.0,65.0,D,SimuProA-5,EV_105
374.247,30.0,90.59,1900.0,0,3.81,1,51.72,4.18,28.0,45.0,210.0,EV_105,0.0,340,0.0,DR692730_16,65.0,118760.41,DR692730,195.09,0.0,65.0,D,SimuProA-5,EV_105
369.12,40.0,90.59,2600.0,0,3.805,1,51.72,4.175,38.0,65.0,210.0,EV_105,0.0,350,0.0,DR692730_16,65.0,118760.51,DR692730,195.09,0.0,65.0,D,SimuProA-5,EV_105
367.324,50.0,90.59,3100.0,0,3.8,1,51.7,4.17,45.0,85.0,210.0,EV_105,0.0,360,0.0,DR692730_16,65.0,118760.63,DR692730,195.09,0.0,65.0,D,SimuProA-5,EV_105
363.696,65.0,90.59,3800.0,0,3.78,1,51.67,4.18,55.0,120.0,210.0,EV_105,0.0,370,0.0,DR692730_16,65.0,118760.79,DR692730,195.09,0.0,65.0,D,SimuProA-5,EV_105
365.581,0.0,90.59,2400.0,0,3.79,1,51.67,4.175,35.0,-30.0,210.0,EV_105,0.028,380,55.0,DR692730_16,65.0,118760.88,DR692730,195.09,0.0,65.0,D,SimuProA-5,EV_105
363.41,35.0,90.59,2700.0,0,3.78,1,51.64,4.17,40.0,75.0,210.0,EV_105,0.0,390,0.0,DR692730_16,65.0,118760.99,DR692730,195.09,0.0,65.0,D,SimuProA-5,EV_105
370.902,0.0,90.59,1000.0,0,3.785,1,51.63,4.175,15.0,-18.0,210.0,EV_105,0.012,400,45.0,DR692730_16,65.0,118761.03,DR692730,195.09,0.0,65.0,D,SimuProA-5,EV_105
365.155,25.0,90.59,1700.0,0,3.77,1,51.62,4.165,25.0,55.0,210.0,EV_105,0.0,410,0.0,DR692730_16,65.0,118761.1,DR692730,195.09,0.0,65.0,D,SimuProA-5,EV_105
362.383,45.0,90.59,2450.0,0,3.765,1,51.6,4.16,35.0,85.0,210.0,EV_105,0.0,420,0.0,DR692730_16,65.0,118761.2,DR692730,195.09,0.0,65.0,D,SimuProA-5,EV_105
367.862,0.0,90.59,700.0,0,3.77,1,51.6,4.165,10.0,-25.0,210.0,EV_105,0.02,430,60.0,DR692730_16,65.0,118761.23,DR692730,195.09,0.0,65.0,D,SimuProA-5,EV_105
363.982,30.0,90.59,1900.0,0,3.76,1,51.59,4.155,28.0,60.0,210.0,EV_105,0.0,440,0.0,DR692730_16,65.0,118761.3,DR692730,195.09,0.0,65.0,D,SimuProA-5,EV_105
360.891,55.0,90.59,2800.0,0,3.755,1,51.58,4.15,42.0,95.0,210.0,EV_105,0.0,450,0.0,DR692730_16,65.0,118761.42,DR692730,195.09,0.0,65.0,D,SimuProA-5,EV_105
368.839,0.0,90.59,1200.0,0,3.76,1,51.57,4.155,18.0,-32.0,210.0,EV_105,0.022,460,75.0,DR692730_16,65.0,118761.47,DR692730,195.09,0.0,65.0,D,SimuProA-5,EV_105
364.221,20.0,90.59,1500.0,0,3.75,1,51.55,4.15,22.0,45.0,210.0,EV_105,0.0,470,0.0,DR692730_16,65.0,118761.53,DR692730,195.09,0.0,65.0,D,SimuProA-5,EV_105
375.219,25.0,90.59,1750.0,0,3.752,1,51.53,4.145,25.0,12.5,210.0,EV_105,0.0,480,0.0,DR692730_16,65.0,118761.6,DR692730,195.09,0.0,65.0,D,SimuProA-5,EV_105
362.392,45.0,90.59,2600.0,0,3.748,1,51.53,4.15,38.0,85.0,210.0,EV_105,0.0,490,0.0,DR692730_16,65.0,118761.7,DR692730,195.09,0.0,65.0,D,SimuProA-5,EV_105
369.947,0.0,90.59,1050.0,0,3.755,1,51.53,4.152,15.0,-28.0,210.0,EV_105,0.021,500,65.0,DR692730_16,65.0,118761.75,DR692730,195.09,0.0,65.0,D,SimuProA-5,EV_105
373.516,30.0,90.59,1950.0,0,3.758,1,51.52,4.148,28.0,35.0,210.0,EV_105,0.0,510,0.0,DR692730_16,65.0,118761.83,DR692730,195.09,0.0,65.0,D,SimuProA-5,EV_105
366.616,65.0,90.59,2900.0,0,3.745,1,51.5,4.15,42.0,120.0,210.0,EV_105,0.0,520,0.0,DR692730_16,65.0,118761.94,DR692730,195.09,0.0,65.0,D,SimuProA-5,EV_105
371.322,0.0,90.59,700.0,0,3.76,1,51.5,4.152,10.0,-38.0,210.0,EV_105,0.028,530,85.0,DR692730_16,65.0,118761.97,DR692730,195.09,0.0,65.0,D,SimuProA-5,EV_105
363.596,55.0,90.59,3300.0,0,3.74,1,51.48,4.145,48.0,95.0,210.0,EV_105,0.0,540,0.0,DR692730_16,65.0,118762.1,DR692730,195.09,0.0,65.0,D,SimuProA-5,EV_105
374.939,0.0,90.59,850.0,0,3.765,1,51.48,4.15,12.0,-35.0,210.0,EV_105,0.025,550,75.0,DR692730_16,65.0,118762.14,DR692730,195.09,0.0,65.0,D,SimuProA-5,EV_105
378.344,10.0,90.59,420.0,0,3.752,1,51.48,4.142,6.0,12.0,210.0,EV_105,0.0,560,5.0,DR692730_16,65.0,118762.15,DR692730,195.09,0.0,65.0,D,SimuProA-5,EV_105
362.618,70.0,90.59,3600.0,0,3.738,1,51.47,4.148,52.0,145.0,210.0,EV_105,0.0,570,0.0,DR692730_16,65.0,118762.29,DR692730,195.09,0.0,65.0,D,SimuProA-5,EV_105
376.344,0.0,90.59,1050.0,0,3.762,1,51.45,4.155,15.0,-42.0,210.0,EV_105,0.03,580,90.0,DR692730_16,65.0,118762.34,DR692730,195.09,0.0,65.0,D,SimuProA-5,EV_105
368.788,45.0,90.59,2600.0,0,3.742,1,51.43,4.145,38.0,85.0,210.0,EV_105,0.0,590,0.0,DR692730_16,65.0,118762.44,DR692730,195.09,0.0,65.0,D,SimuProA-5,EV_105
374.638,35.0,90.59,2100.0,0,3.742,1,51.41,4.145,30.0,45.0,210.0,EV_105,0.0,600,0.0,DR692730_16,65.0,118762.52,DR692730,195.09,0.0,65.0,D,SimuProA-5,EV_105
376.074,15.0,90.59,1400.0,0,3.745,1,51.4,4.148,20.0,18.0,210.0,EV_105,0.0,610,0.0,DR692730_16,65.0,118762.58,DR692730,195.09,0.0,65.0,D,SimuProA-5,EV_105
371.316,40.0,90.59,1750.0,0,3.74,1,51.4,4.15,25.0,65.0,210.0,EV_105,0.0,620,0.0,DR692730_16,65.0,118762.65,DR692730,195.09,0.0,65.0,D,SimuProA-5,EV_105
366.73,55.0,90.59,2900.0,0,3.735,1,51.38,4.148,42.0,95.0,210.0,EV_105,0.0,630,0.0,DR692730_16,65.0,118762.77,DR692730,195.09,0.0,65.0,D,SimuProA-5,EV_105
378.36,0.0,90.59,850.0,0,3.748,1,51.37,4.152,12.0,-35.0,210.0,EV_105,0.025,640,65.0,DR692730_16,65.0,118762.8,DR692730,195.09,0.0,65.0,D,SimuProA-5,EV_105
370.835,30.0,90.59,1950.0,0,3.738,1,51.36,4.145,28.0,55.0,210.0,EV_105,0.0,650,0.0,DR692730_16,65.0,118762.88,DR692730,195.09,0.0,65.0,D,SimuProA-5,EV_105
368.459,25.0,90.59,2200.0,0,3.74,1,51.35,4.146,32.0,45.0,210.0,EV_105,0.0,660,0.0,DR692730_16,65.0,118762.97,DR692730,195.09,0.0,65.0,D,SimuProA-5,EV_105
378.973,0.0,90.59,1250.0,0,3.745,1,51.34,4.15,18.0,-20.0,210.0,EV_105,0.015,670,15.0,DR692730_16,65.0,118763.02,DR692730,195.09,0.0,65.0,D,SimuProA-5,EV_105
365.539,45.0,90.59,2650.0,0,3.738,1,51.33,4.147,38.0,75.0,210.0,EV_105,0.0,680,0.0,DR692730_16,65.0,118763.12,DR692730,195.09,0.0,65.0,D,SimuProA-5,EV_105
373.829,20.0,90.59,1750.0,0,3.742,1,51.31,4.148,25.0,35.0,210.0,EV_105,0.0,690,0.0,DR692730_16,65.0,118763.19,DR692730,195.09,0.0,65.0,D,SimuProA-5,EV_105
362.644,55.0,90.59,2950.0,0,3.735,1,51.3,4.145,42.0,85.0,210.0,EV_105,0.0,700,0.0,DR692730_16,65.0,118763.31,DR692730,195.09,0.0,65.0,D,SimuProA-5,EV_105
373.211,0.0,90.59,1050.0,0,3.746,1,51.29,4.151,15.0,-25.0,210.0,EV_105,0.02,710,45.0,DR692730_16,65.0,118763.35,DR692730,195.09,0.0,65.0,D,SimuProA-5,EV_105
368.896,35.0,90.59,1900.0,0,3.74,1,51.26,4.149,30.0,55.0,210.0,EV_105,0.0,720,0.0,DR692730_16,65.0,118763.43,DR692730,195.09,0.0,65.0,D,SimuProA-5,EV_105
359.906,65.0,90.59,3100.0,0,3.73,1,51.25,4.146,45.0,95.0,210.0,EV_105,0.0,730,0.0,DR692730_16,65.0,118763.56,DR692730,195.09,0.0,65.0,D,SimuProA-5,EV_105
365.326,0.0,90.59,1400.0,0,3.742,1,51.23,4.15,22.0,-35.0,210.0,EV_105,0.025,740,60.0,DR692730_16,65.0,118763.62,DR692730,195.09,0.0,65.0,D,SimuProA-5,EV_105
354.976,70.0,90.59,4200.0,0,3.728,1,51.21,4.148,55.0,110.0,210.0,EV_105,0.0,750,0.0,DR692730_16,65.0,118763.77,DR692730,195.09,0.0,65.0,D,SimuProA-5,EV_105
368.187,0.0,90.59,1100.0,0,3.745,1,51.21,4.15,18.0,-30.0,210.0,EV_105,0.02,760,55.0,DR692730_16,65.0,118763.82,DR692730,195.09,0.0,65.0,D,SimuProA-5,EV_105
362.727,40.0,90.59,1650.0,0,3.738,1,51.2,4.147,25.0,60.0,210.0,EV_105,0.0,770,0.0,DR692730_16,65.0,118763.89,DR692730,195.09,0.0,65.0,D,SimuProA-5,EV_105
360.306,45.0,90.59,2100.0,0,3.74,1,51.17,4.148,32.0,75.0,210.0,EV_105,0.0,780,0.0,DR692730_16,65.0,118763.98,DR692730,195.09,0.0,65.0,D,SimuProA-5,EV_105
357.376,75.0,90.59,3500.0,0,3.73,1,51.16,4.15,48.0,130.0,210.0,EV_105,0.0,790,0.0,DR692730_16,65.0,118764.11,DR692730,195.09,0.0,65.0,D,SimuProA-5,EV_105
363.945,0.0,90.59,950.0,0,3.745,1,51.16,4.15,15.0,-38.0,210.0,EV_105,0.028,800,65.0,DR692730_16,65.0,118764.15,DR692730,195.09,0.0,65.0,D,SimuProA-5,EV_105
361.418,35.0,90.59,1750.0,0,3.742,1,51.15,4.149,28.0,45.0,210.0,EV_105,0.0,810,0.0,DR692730_16,65.0,118764.23,DR692730,195.09,0.0,65.0,D,SimuProA-5,EV_105
358.675,60.0,90.59,2800.0,0,3.735,1,51.14,4.15,42.0,95.0,210.0,EV_105,0.0,820,0.0,DR692730_16,65.0,118764.34,DR692730,195.09,0.0,65.0,D,SimuProA-5,EV_105
365.279,0.0,90.59,750.0,0,3.748,1,51.13,4.15,12.0,-25.0,210.0,EV_105,0.025,830,45.0,DR692730_16,65.0,118764.38,DR692730,195.09,0.0,65.0,D,SimuProA-5,EV_105
371.421,25.0,90.59,2000.0,0,3.75,1,51.11,4.14,32.0,15.0,210.0,EV_105,0.0,840,0.0,DR692730_16,65.0,118764.47,DR692730,195.09,0.0,65.0,D,SimuProA-5,EV_105
358.806,55.0,90.59,2900.0,0,3.73,1,51.11,4.15,45.0,85.0,210.0,EV_105,0.0,850,0.0,DR692730_16,65.0,118764.59,DR692730,195.09,0.0,65.0,D,SimuProA-5,EV_105
366.332,0.0,90.59,1100.0,0,3.74,1,51.08,4.15,18.0,-28.0,210.0,EV_105,0.03,860,55.0,DR692730_16,65.0,118764.64,DR692730,195.09,0.0,65.0,D,SimuProA-5,EV_105
362.486,45.0,90.59,2400.0,0,3.72,1,51.06,4.15,38.0,75.0,210.0,EV_105,0.0,870,0.0,DR692730_16,65.0,118764.75,DR692730,195.09,0.0,65.0,D,SimuProA-5,EV_105
355.619,65.0,90.59,3100.0,0,3.71,1,51.04,4.15,48.0,90.0,210.0,EV_105,0.0,880,0.0,DR692730_16,65.0,118764.88,DR692730,195.09,0.0,65.0,D,SimuProA-5,EV_105
368.91,0.0,90.59,600.0,0,3.75,1,50.99,4.15,10.0,-35.0,210.0,EV_105,0.03,890,60.0,DR692730_16,65.0,118764.91,DR692730,195.09,0.0,65.0,D,SimuProA-5,EV_105
360.683,50.0,90.59,2750.0,0,3.73,1,50.97,4.15,42.0,82.0,210.0,EV_105,0.0,900,0.0,DR692730_16,65.0,118765.03,DR692730,195.09,0.0,65.0,D,SimuProA-5,EV_105
363.304,25.0,90.59,1600.0,0,3.74,1,50.94,4.15,25.0,45.0,210.0,EV_105,0.0,910,15.0,DR692730_16,65.0,118765.1,DR692730,195.09,0.0,65.0,D,SimuProA-5,EV_105
357.15,75.0,90.59,3600.0,0,3.71,1,50.92,4.15,55.0,95.0,210.0,EV_105,0.0,920,0.0,DR692730_16,65.0,118765.25,DR692730,195.09,0.0,65.0,D,SimuProA-5,EV_105
353.977,80.0,90.59,4000.0,0,3.7,1,50.9,4.15,60.0,110.0,210.0,EV_105,0.0,930,0.0,DR692730_16,65.0,118765.42,DR692730,195.09,0.0,65.0,D,SimuProA-5,EV_105
362.693,0.0,90.59,1200.0,0,3.72,1,50.88,4.14,15.0,-25.0,210.0,EV_105,0.02,940,45.0,DR692730_16,65.0,118765.46,DR692730,195.09,0.0,65.0,D,SimuProA-5,EV_105
365.492,35.0,90.59,2000.0,0,3.73,1,50.88,4.15,30.0,35.0,210.0,EV_105,0.0,950,0.0,DR692730_16,65.0,118765.54,DR692730,195.09,0.0,65.0,D,SimuProA-5,EV_105
361.177,40.0,90.59,2800.0,0,3.735,1,50.87,4.145,45.0,65.0,210.0,EV_105,0.0,960,0.0,DR692730_16,65.0,118765.66,DR692730,195.09,0.0,65.0,D,SimuProA-5,EV_105
358.335,55.0,90.59,3200.0,0,3.725,1,50.86,4.14,50.0,85.0,210.0,EV_105,0.0,970,0.0,DR692730_16,65.0,118765.8,DR692730,195.09,0.0,65.0,D,SimuProA-5,EV_105
364.076,0.0,90.59,1600.0,0,3.73,1,50.85,4.145,25.0,-18.0,210.0,EV_105,0.015,980,50.0,DR692730_16,65.0,118765.87,DR692730,195.09,0.0,65.0,D,SimuProA-5,EV_105
367.697,15.0,90.59,1100.0,0,3.728,1,50.82,4.138,18.0,12.5,210.0,EV_105,0.0,990,10.0,DR692730_16,65.0,118765.92,DR692730,195.09,0.0,65.0,D,SimuProA-5,EV_105
360.104,45.0,90.59,2200.0,0,3.722,1,50.82,4.142,35.0,72.0,210.0,EV_105,0.0,1000,0.0,DR692730_16,65.0,118766.02,DR692730,195.09,0.0,65.0,D,SimuProA-5,EV_105
362.15,0.0,90.59,750.0,0,3.732,1,50.82,4.148,12.0,-32.0,210.0,EV_105,0.028,1010,60.0,DR692730_16,65.0,118766.05,DR692730,195.09,0.0,65.0,D,SimuProA-5,EV_105
372.972,35.0,90.59,1800.0,0,3.725,1,50.8,4.14,28.0,45.0,210.0,EV_105,0.0,1020,0.0,DR692730_16,65.0,118766.13,DR692730,195.09,0.0,65.0,D,SimuProA-5,EV_105
368.622,60.0,90.59,2700.0,0,3.72,1,50.75,4.145,42.0,95.0,210.0,EV_105,0.0,1030,0.0,DR692730_16,65.0,118766.24,DR692730,195.09,0.0,65.0,D,SimuProA-5,EV_105
365.758,0.0,90.59,1400.0,0,3.728,1,50.75,4.142,22.0,-25.0,210.0,EV_105,0.022,1040,55.0,DR692730_16,65.0,118766.31,DR692730,195.09,0.0,65.0,D,SimuProA-5,EV_105
364.603,55.0,90.59,3100.0,0,3.721,1,50.73,4.143,48.0,85.0,210.0,EV_105,0.0,1050,0.0,DR692730_16,31.8,118766.44,DR692730,195.09,0.0,32.5,D,SimuProA-5,EV_105
358.236,70.0,90.59,3600.0,0,3.715,1,50.7,4.148,55.0,140.0,210.0,EV_105,0.0,1060,0.0,DR692730_16,32.0,118766.6,DR692730,195.09,0.0,32.8,D,SimuProA-5,EV_105
361.461,0.0,90.59,2400.0,0,3.725,1,50.69,4.145,38.0,-35.0,210.0,EV_105,0.025,1070,45.0,DR692730_16,32.2,118766.7,DR692730,195.09,0.0,33.0,D,SimuProA-5,EV_105
355.863,75.0,90.59,4100.0,0,3.718,1,50.67,4.146,62.0,110.0,210.0,EV_105,0.0,1080,0.0,DR692730_16,32.6,118766.87,DR692730,195.09,0.0,33.4,D,SimuProA-5,EV_105
372.246,0.0,90.59,1600.0,0,3.732,1,50.65,4.149,25.0,-40.0,210.0,EV_105,0.028,1090,60.0,DR692730_16,32.7,118766.94,DR692730,195.09,0.0,33.5,D,SimuProA-5,EV_105
368.536,10.0,90.59,800.0,0,3.725,1,50.65,4.147,12.0,15.0,210.0,EV_105,0.0,1100,5.0,DR692730_16,32.9,118766.97,DR692730,195.09,0.0,33.7,D,SimuProA-5,EV_105
356.039,35.0,90.59,2100.0,0,3.722,1,50.63,4.146,32.0,85.0,210.0,EV_105,0.0,1110,0.0,DR692730_16,33.0,118767.06,DR692730,195.09,0.0,33.8,D,SimuProA-5,EV_105
364.981,0.0,90.59,950.0,0,3.728,1,50.61,4.148,15.0,-25.0,210.0,EV_105,0.018,1120,35.0,DR692730_16,33.1,118767.1,DR692730,195.09,0.0,33.9,D,SimuProA-5,EV_105
354.401,65.0,90.59,3200.0,0,3.715,1,50.61,4.15,48.0,120.0,210.0,EV_105,0.0,1130,0.0,DR692730_16,33.3,118767.23,DR692730,195.09,0.0,34.1,D,SimuProA-5,EV_105
360.313,45.0,90.59,2400.0,0,3.718,1,50.61,4.145,38.0,65.0,210.0,EV_105,0.0,1140,0.0,DR692730_16,33.35,118767.34,DR692730,195.09,0.0,34.15,D,SimuProA-5,EV_105
352.548,70.0,90.59,3600.0,0,3.71,1,50.58,4.148,55.0,110.0,210.0,EV_105,0.0,1150,0.0,DR692730_16,33.4,118767.49,DR692730,195.09,0.0,34.25,D,SimuProA-5,EV_105
358.444,0.0,90.59,1400.0,0,3.715,1,50.58,4.142,22.0,-35.0,210.0,EV_105,0.025,1160,45.0,DR692730_16,33.5,118767.55,DR692730,195.09,0.0,34.35,D,SimuProA-5,EV_105
348.085,55.0,90.59,2700.0,0,3.705,1,50.55,4.15,42.0,135.0,210.0,EV_105,0.0,1170,0.0,DR692730_16,33.55,118767.67,DR692730,195.09,0.0,34.4,D,SimuProA-5,EV_105
362.53,0.0,90.59,750.0,0,3.72,1,50.55,4.145,12.0,-28.0,210.0,EV_105,0.022,1180,55.0,DR692730_16,33.6,118767.7,DR692730,195.09,0.0,34.45,D,SimuProA-5,EV_105
372.978,0.0,90.59,0.0,0,3.725,1,50.55,4.13,0.0,5.5,210.0,EV_105,0.0,1190,85.0,DR692730_16,33.62,118767.7,DR692730,195.09,0.0,34.48,D,SimuProA-5,EV_105
367.871,15.0,90.59,550.0,0,3.73,1,50.53,4.135,8.5,12.5,210.0,EV_105,0.0,1200,5.0,DR692730_16,33.65,118767.72,DR692730,195.09,0.0,34.52,D,SimuProA-5,EV_105
376.184,45.0,90.59,1800.0,0,3.735,1,50.53,4.14,28.0,65.0,210.0,EV_105,0.0,1210,0.0,DR692730_16,33.7,118767.8,DR692730,195.09,0.0,34.58,D,SimuProA-5,EV_105
365.302,50.0,90.59,3100.0,0,3.72,1,50.53,4.145,48.0,95.0,210.0,EV_105,0.0,1220,0.0,DR692730_16,33.75,118767.93,DR692730,195.09,0.0,34.65,D,SimuProA-5,EV_105
359.553,55.0,90.59,3400.0,0,3.71,1,50.5,4.15,52.0,110.5,210.0,EV_105,0.0,1230,0.0,DR692730_16,33.82,118768.07,DR692730,195.09,0.0,34.72,D,SimuProA-5,EV_105
370.851,0.0,90.59,1300.0,0,3.725,1,50.5,4.145,22.0,-35.0,210.0,EV_105,0.025,1240,65.0,DR692730_16,33.85,118768.14,DR692730,195.09,0.0,34.76,D,SimuProA-5,EV_105
368.574,12.0,90.59,700.0,0,3.73,1,50.5,4.14,12.0,10.5,210.0,EV_105,0.0,1250,8.0,DR692730_16,33.88,118768.17,DR692730,195.09,0.0,34.8,D,SimuProA-5,EV_105
365.826,35.0,90.59,1800.0,0,3.732,1,50.5,4.142,28.0,45.2,210.0,EV_105,0.0,1260,0.0,DR692730_16,33.92,118768.25,DR692730,195.09,0.0,34.84,D,SimuProA-5,EV_105
371.747,0.0,90.59,450.0,0,3.735,1,50.48,4.144,8.0,-28.5,210.0,EV_105,0.018,1270,55.0,DR692730_16,33.95,118768.27,DR692730,195.09,0.0,34.88,D,SimuProA-5,EV_105
362.745,42.0,90.59,2100.0,0,3.728,1,50.47,4.146,32.0,75.8,210.0,EV_105,0.0,0,0.0,DR692730_17,34.02,118768.36,DR692730,195.09,0.0,34.95,D,SimuProA-5,EV_105
359.581,68.0,90.59,3100.0,0,3.722,1,50.45,4.148,48.0,145.3,210.0,EV_105,0.0,10,0.0,DR692730_17,34.15,118768.49,DR692730,195.09,0.0,35.08,D,SimuProA-5,EV_105
364.006,0.0,90.59,950.0,0,3.725,1,50.43,4.15,15.0,-38.2,210.0,EV_105,0.028,20,75.0,DR692730_17,34.22,118768.54,DR692730,195.09,0.0,35.18,D,SimuProA-5,EV_105
372.956,0.0,90.59,0.0,0,3.73,1,50.43,4.145,0.0,4.5,210.0,EV_105,0.0,30,45.0,DR692730_17,34.28,118768.54,DR692730,195.09,0.0,35.25,D,SimuProA-5,EV_105
374.161,0.0,90.59,0.0,0,3.732,1,50.42,4.144,0.0,2.1,210.0,EV_105,0.0,40,55.0,DR692730_17,34.35,118768.54,DR692730,195.09,0.0,35.32,D,SimuProA-5,EV_105
378.123,15.0,90.59,750.0,0,3.738,1,50.41,4.146,12.0,18.5,210.0,EV_105,0.0,50,0.0,DR692730_17,34.41,118768.57,DR692730,195.09,0.0,35.38,D,SimuProA-5,EV_105
385.091,28.0,90.59,1600.0,0,3.742,1,50.41,4.148,25.0,35.2,210.0,EV_105,0.0,60,0.0,DR692730_17,34.48,118768.64,DR692730,195.09,0.0,35.45,D,SimuProA-5,EV_105
372.762,45.0,90.59,2200.0,0,3.74,1,50.39,4.147,35.0,45.8,210.0,EV_105,0.0,70,0.0,DR692730_17,34.55,118768.74,DR692730,195.09,0.0,35.52,D,SimuProA-5,EV_105
388.534,0.0,90.59,1400.0,0,3.748,1,50.38,4.15,22.0,-25.5,210.0,EV_105,0.018,80,60.0,DR692730_17,34.6,118768.8,DR692730,195.09,0.0,35.58,D,SimuProA-5,EV_105
375.098,35.0,90.59,1750.0,0,3.741,1,50.38,4.146,28.0,32.4,210.0,EV_105,0.0,90,0.0,DR692730_17,34.67,118768.88,DR692730,195.09,0.0,35.65,D,SimuProA-5,EV_105
374.901,48.0,90.59,2400.0,0,3.739,1,50.37,4.147,38.0,42.5,210.0,EV_105,0.0,100,0.0,DR692730_17,34.74,118768.99,DR692730,195.09,0.0,35.72,D,SimuProA-5,EV_105
369.706,65.0,90.59,2900.0,0,3.735,1,50.35,4.15,45.0,85.0,210.0,EV_105,0.0,110,0.0,DR692730_17,34.88,118769.11,DR692730,195.09,0.0,35.85,D,SimuProA-5,EV_105
381.936,0.0,90.59,1100.0,0,3.742,1,50.35,4.15,18.0,-32.0,210.0,EV_105,0.022,120,55.0,DR692730_17,34.95,118769.16,DR692730,195.09,0.0,35.92,D,SimuProA-5,EV_105
378.887,25.0,90.59,1600.0,0,3.745,1,50.32,4.148,25.0,15.2,210.0,EV_105,0.0,130,0.0,DR692730_17,35.02,118769.23,DR692730,195.09,0.0,36.01,D,SimuProA-5,EV_105
362.199,55.0,90.59,2000.0,0,3.738,1,50.32,4.15,32.0,95.0,210.0,EV_105,0.0,140,0.0,DR692730_17,35.18,118769.32,DR692730,195.09,0.0,36.15,D,SimuProA-5,EV_105
385.101,0.0,90.59,350.0,0,3.746,1,50.32,4.15,5.0,-28.0,210.0,EV_105,0.02,150,75.0,DR692730_17,35.22,118769.33,DR692730,195.09,0.0,36.2,D,SimuProA-5,EV_105
363.004,50.0,90.59,1900.0,0,3.735,1,50.29,4.15,30.0,92.0,210.0,EV_105,0.0,160,0.0,DR692730_17,35.35,118769.41,DR692730,195.09,0.0,36.35,D,SimuProA-5,EV_105
358.596,60.0,90.59,2400.0,0,3.73,1,50.28,4.15,38.0,110.0,210.0,EV_105,0.0,170,0.0,DR692730_17,35.5,118769.52,DR692730,195.09,0.0,36.5,D,SimuProA-5,EV_105
368.836,0.0,90.59,750.0,0,3.74,1,50.27,4.145,12.0,-25.0,210.0,EV_105,0.025,180,45.0,DR692730_17,35.6,118769.55,DR692730,195.09,0.0,36.6,D,SimuProA-5,EV_105
392.756,0.0,90.59,0.0,0,3.75,1,50.25,4.15,0.0,-35.0,210.0,EV_105,0.028,190,85.0,DR692730_17,35.72,118769.55,DR692730,195.09,0.0,36.72,D,SimuProA-5,EV_105
371.74,40.0,90.59,1000.0,0,3.72,1,50.25,4.14,15.0,75.0,210.0,EV_105,0.0,200,0.0,DR692730_17,35.85,118769.59,DR692730,195.09,0.0,36.85,D,SimuProA-5,EV_105
388.242,25.0,90.59,1800.0,0,3.71,1,50.24,4.13,28.0,45.0,210.0,EV_105,0.0,210,0.0,DR692730_17,35.95,118769.67,DR692730,195.09,0.0,36.95,D,SimuProA-5,EV_105
375.11,55.0,90.59,2800.0,0,3.7,1,50.21,4.12,42.0,95.0,210.0,EV_105,0.0,220,0.0,DR692730_17,36.05,118769.79,DR692730,195.09,0.0,37.05,D,SimuProA-5,EV_105
397.768,0.0,90.59,1600.0,0,3.72,1,50.21,4.14,25.0,-18.0,210.0,EV_105,0.018,230,35.0,DR692730_17,36.12,118769.86,DR692730,195.09,0.0,37.12,D,SimuProA-5,EV_105
372.588,70.0,90.59,3600.0,0,3.69,1,50.2,4.15,52.0,115.0,210.0,EV_105,0.0,240,0.0,DR692730_17,36.25,118770.0,DR692730,195.09,0.0,37.25,D,SimuProA-5,EV_105
382.009,35.0,90.59,2400.0,0,3.71,1,50.19,4.14,38.0,60.0,210.0,EV_105,0.0,250,0.0,DR692730_17,36.32,118770.11,DR692730,195.09,0.0,37.32,D,SimuProA-5,EV_105
396.291,0.0,90.59,1150.0,0,3.73,1,50.18,4.15,18.0,-25.0,210.0,EV_105,0.02,260,45.0,DR692730_17,36.38,118770.16,DR692730,195.09,0.0,37.38,D,SimuProA-5,EV_105
379.447,45.0,90.59,2200.0,0,3.7,1,50.18,4.14,35.0,85.0,210.0,EV_105,0.0,270,0.0,DR692730_17,36.45,118770.25,DR692730,195.09,0.0,37.45,D,SimuProA-5,EV_105
385.8,40.0,90.59,2700.0,0,3.71,1,50.16,4.14,42.0,55.0,210.0,EV_105,0.0,280,0.0,DR692730_17,36.5,118770.37,DR692730,195.09,0.0,37.5,D,SimuProA-5,EV_105
377.724,65.0,90.59,3800.0,0,3.68,1,50.15,4.15,55.0,95.0,210.0,EV_105,0.0,290,0.0,DR692730_17,36.62,118770.52,DR692730,195.09,0.0,37.62,D,SimuProA-5,EV_105
390.518,0.0,90.59,1400.0,0,3.72,1,50.15,4.14,22.0,-32.0,210.0,EV_105,0.025,300,60.0,DR692730_17,36.75,118770.58,DR692730,195.09,0.0,37.75,D,SimuProA-5,EV_105
382.499,55.0,90.59,3200.0,0,3.7,1,50.14,4.15,50.0,75.0,210.0,EV_105,0.0,310,0.0,DR692730_17,36.82,118770.72,DR692730,195.09,0.0,37.82,D,SimuProA-5,EV_105
376.531,70.0,90.59,3900.0,0,3.67,1,50.13,4.15,58.0,90.0,210.0,EV_105,0.0,320,0.0,DR692730_17,36.95,118770.88,DR692730,195.09,0.0,37.95,D,SimuProA-5,EV_105
378.146,0.0,90.59,2500.0,0,3.71,1,50.12,4.14,40.0,-15.0,210.0,EV_105,0.01,330,15.0,DR692730_17,36.98,118770.99,DR692730,195.09,0.0,37.98,D,SimuProA-5,EV_105
372.26,60.0,90.59,2700.0,0,3.65,1,50.1,4.15,42.0,110.0,210.0,EV_105,0.0,340,0.0,DR692730_17,37.05,118771.11,DR692730,195.09,0.0,38.05,D,SimuProA-5,EV_105
364.786,75.0,90.59,2200.0,0,3.62,1,50.08,4.15,35.0,145.0,210.0,EV_105,0.0,350,0.0,DR692730_17,37.12,118771.2,DR692730,195.09,0.0,38.18,D,SimuProA-5,EV_105
385.9,0.0,90.59,1100.0,0,3.68,1,50.07,4.14,18.0,-28.0,210.0,EV_105,0.022,360,45.0,DR692730_17,37.18,118771.25,DR692730,195.09,0.0,38.25,D,SimuProA-5,EV_105
372.827,45.0,90.59,2400.0,0,3.63,1,50.06,4.15,38.0,85.0,210.0,EV_105,0.0,370,0.0,DR692730_17,37.25,118771.36,DR692730,195.09,0.0,38.32,D,SimuProA-5,EV_105
368.164,65.0,90.59,3000.0,0,3.59,1,50.06,4.15,45.0,120.0,210.0,EV_105,0.0,380,0.0,DR692730_17,37.32,118771.48,DR692730,195.09,0.0,38.4,D,SimuProA-5,EV_105
375.248,0.0,90.59,1400.0,0,3.66,1,50.05,4.14,22.0,-18.0,210.0,EV_105,0.015,390,35.0,DR692730_17,37.38,118771.54,DR692730,195.09,0.0,38.45,D,SimuProA-5,EV_105
362.482,70.0,90.59,2650.0,0,3.58,1,50.03,4.15,42.0,135.0,210.0,EV_105,0.0,400,0.0,DR692730_17,37.45,118771.66,DR692730,195.09,0.0,38.52,D,SimuProA-5,EV_105
381.868,0.0,90.59,500.0,0,3.72,1,50.03,4.14,8.0,-32.0,210.0,EV_105,0.028,410,65.0,DR692730_17,37.5,118771.68,DR692730,195.09,0.0,38.58,D,SimuProA-5,EV_105
370.214,55.0,90.59,1800.0,0,3.61,1,50.03,4.15,28.0,95.0,210.0,EV_105,0.0,420,0.0,DR692730_17,37.58,118771.76,DR692730,195.09,0.0,38.65,D,SimuProA-5,EV_105
372.388,40.0,90.59,2100.0,0,3.65,1,50.02,4.13,32.0,45.0,210.0,EV_105,0.0,430,0.0,DR692730_17,37.65,118771.85,DR692730,195.09,0.0,38.72,D,SimuProA-5,EV_105
377.939,0.0,90.59,800.0,0,3.68,1,50.01,4.14,12.0,-25.0,210.0,EV_105,0.018,440,45.0,DR692730_17,37.7,118771.88,DR692730,195.09,0.0,38.78,D,SimuProA-5,EV_105
369.354,60.0,90.59,2400.0,0,3.6,1,50.01,4.15,38.0,110.0,210.0,EV_105,0.0,450,0.0,DR692730_17,37.78,118771.99,DR692730,195.09,0.0,38.85,D,SimuProA-5,EV_105
374.67,30.0,90.59,1600.0,0,3.66,1,49.99,4.13,25.0,35.0,210.0,EV_105,0.0,460,0.0,DR692730_17,37.82,118772.06,DR692730,195.09,0.0,38.88,D,SimuProA-5,EV_105
368.405,70.0,90.59,3200.0,0,3.58,1,49.99,4.15,48.0,125.0,210.0,EV_105,0.0,470,0.0,DR692730_17,37.9,118772.19,DR692730,195.09,0.0,38.95,D,SimuProA-5,EV_105
371.399,35.0,90.59,2300.0,0,3.64,1,49.99,4.14,35.0,45.0,210.0,EV_105,0.0,480,0.0,DR692730_17,37.95,118772.29,DR692730,195.09,0.0,39.0,D,SimuProA-5,EV_105
372.649,45.0,90.59,2600.0,0,3.65,1,49.97,4.14,40.0,55.0,210.0,EV_105,0.0,490,0.0,DR692730_17,38.0,118772.4,DR692730,195.09,0.0,39.05,D,SimuProA-5,EV_105
365.089,0.0,90.59,1000.0,0,3.62,1,49.97,4.12,15.0,-35.0,210.0,EV_105,0.025,500,65.0,DR692730_17,38.05,118772.44,DR692730,195.09,0.0,39.1,D,SimuProA-5,EV_105
378.087,10.0,90.59,500.0,0,3.67,1,49.97,4.13,8.0,12.0,210.0,EV_105,0.0,510,5.0,DR692730_17,38.1,118772.46,DR692730,195.09,0.0,39.15,D,SimuProA-5,EV_105
374.597,30.0,90.59,2100.0,0,3.66,1,49.95,4.13,32.0,42.0,210.0,EV_105,0.0,520,0.0,DR692730_17,38.15,118772.55,DR692730,195.09,0.0,39.2,D,SimuProA-5,EV_105
362.732,0.0,90.59,800.0,0,3.6,1,49.95,4.11,12.0,-25.0,210.0,EV_105,0.018,530,55.0,DR692730_17,38.2,118772.58,DR692730,195.09,0.0,39.25,D,SimuProA-5,EV_105
375.308,20.0,90.59,1500.0,0,3.68,1,49.95,4.14,22.0,18.0,210.0,EV_105,0.0,540,0.0,DR692730_17,38.25,118772.64,DR692730,195.09,0.0,39.3,D,SimuProA-5,EV_105
382.181,45.0,90.59,3000.0,0,3.69,1,49.94,4.14,45.0,65.0,210.0,EV_105,0.0,550,0.0,DR692730_17,38.3,118772.76,DR692730,195.09,0.0,39.35,D,SimuProA-5,EV_105
370.454,0.0,90.59,600.0,0,3.65,1,49.93,4.13,10.0,-30.0,210.0,EV_105,0.022,560,70.0,DR692730_17,38.35,118772.79,DR692730,195.09,0.0,39.4,D,SimuProA-5,EV_105
377.295,25.0,90.59,1200.0,0,3.67,1,49.91,4.14,18.0,15.0,210.0,EV_105,0.0,570,0.0,DR692730_17,38.4,118772.84,DR692730,195.09,0.0,39.45,D,SimuProA-5,EV_105
374.497,40.0,90.59,2400.0,0,3.66,1,49.89,4.13,38.0,55.0,210.0,EV_105,0.0,580,0.0,DR692730_17,38.5,118772.95,DR692730,195.09,0.0,39.55,D,SimuProA-5,EV_105
368.569,60.0,90.59,3300.0,0,3.62,1,49.86,4.14,52.0,85.0,210.0,EV_105,0.0,590,0.0,DR692730_17,38.6,118773.09,DR692730,195.09,0.0,39.65,D,SimuProA-5,EV_105
371.739,0.0,90.59,950.0,0,3.64,1,49.86,4.12,15.0,-35.0,210.0,EV_105,0.025,600,65.0,DR692730_17,38.65,118773.13,DR692730,195.09,0.0,39.7,D,SimuProA-5,EV_105
378.973,35.0,90.59,2800.0,0,3.66,1,49.84,4.13,45.0,12.0,210.0,EV_105,0.0,610,0.0,DR692730_17,38.75,118773.26,DR692730,195.09,0.0,39.8,D,SimuProA-5,EV_105
375.042,55.0,90.59,3500.0,0,3.65,1,49.83,4.14,55.0,65.0,210.0,EV_105,0.0,620,0.0,DR692730_17,38.85,118773.41,DR692730,195.09,0.0,39.9,D,SimuProA-5,EV_105
382.14,0.0,90.59,1300.0,0,3.67,1,49.82,4.12,20.0,-25.0,210.0,EV_105,0.028,630,50.0,DR692730_17,38.9,118773.46,DR692730,195.09,0.0,39.95,D,SimuProA-5,EV_105
375.847,45.0,90.59,3000.0,0,3.64,1,49.8,4.14,48.0,72.0,210.0,EV_105,0.0,640,0.0,DR692730_17,38.95,118773.59,DR692730,195.09,0.0,40.0,D,SimuProA-5,EV_105
369.793,75.0,90.59,4100.0,0,3.6,1,49.79,4.15,62.0,110.0,210.0,EV_105,0.0,650,0.0,DR692730_17,39.0,118773.77,DR692730,195.09,0.0,40.1,D,SimuProA-5,EV_105
385.375,0.0,90.59,800.0,0,3.65,1,49.79,4.13,12.0,-30.0,210.0,EV_105,0.032,660,55.0,DR692730_17,39.05,118773.8,DR692730,195.09,0.0,40.15,D,SimuProA-5,EV_105
370.887,60.0,90.59,2800.0,0,3.62,1,49.77,4.14,45.0,95.0,210.0,EV_105,0.0,670,0.0,DR692730_17,39.1,118773.93,DR692730,195.09,0.0,40.2,D,SimuProA-5,EV_105
378.207,10.0,90.59,1500.0,0,3.64,1,49.76,4.13,25.0,15.0,210.0,EV_105,0.0,680,5.0,DR692730_17,39.15,118773.99,DR692730,195.09,0.0,40.25,D,SimuProA-5,EV_105
368.062,70.0,90.59,3300.0,0,3.6,1,49.76,4.15,52.0,125.0,210.0,EV_105,0.0,690,0.0,DR692730_17,39.2,118774.14,DR692730,195.09,0.0,40.35,D,SimuProA-5,EV_105
362.864,78.0,90.59,3800.0,0,3.58,1,49.75,4.15,58.0,145.0,210.0,EV_105,0.0,700,0.0,DR692730_17,39.25,118774.3,DR692730,195.09,0.0,40.4,D,SimuProA-5,EV_105
355.604,80.0,90.59,4200.0,0,3.55,1,49.72,4.15,63.0,190.0,210.0,EV_105,0.0,710,0.0,DR692730_17,39.3,118774.48,DR692730,195.09,0.0,40.5,D,SimuProA-5,EV_105
365.677,25.0,90.59,2200.0,0,3.6,1,49.7,4.14,35.0,45.0,210.0,EV_105,0.0,720,0.0,DR692730_17,39.35,118774.57,DR692730,195.09,0.0,40.55,D,SimuProA-5,EV_105
372.315,35.0,90.59,2650.0,0,3.62,1,49.67,4.14,42.0,85.0,210.0,EV_105,0.0,730,0.0,DR692730_17,39.4,118774.69,DR692730,195.09,0.0,40.6,D,SimuProA-5,EV_105
368.626,45.0,90.59,3050.0,0,3.6,1,49.65,4.15,48.0,110.0,210.0,EV_105,0.0,740,0.0,DR692730_17,39.45,118774.82,DR692730,195.09,0.0,40.65,D,SimuProA-5,EV_105
382.531,0.0,90.59,750.0,0,3.65,1,49.64,4.13,12.0,-25.0,210.0,EV_105,0.018,750,15.0,DR692730_17,39.5,118774.85,DR692730,195.09,0.0,40.7,D,SimuProA-5,EV_105
376.922,30.0,90.59,2400.0,0,3.61,1,49.62,4.14,38.0,65.0,210.0,EV_105,0.0,760,0.0,DR692730_17,39.55,118774.96,DR692730,195.09,0.0,40.75,D,SimuProA-5,EV_105
384.745,0.0,90.59,600.0,0,3.64,1,49.61,4.13,10.0,-15.0,210.0,EV_105,0.015,770,20.0,DR692730_17,39.6,118774.98,DR692730,195.09,0.0,40.8,D,SimuProA-5,EV_105
392.352,0.0,90.59,0.0,0,3.62,1,49.6,4.12,0.0,5.0,210.0,EV_105,0.0,780,85.0,DR692730_17,39.65,118774.98,DR692730,195.09,0.0,40.85,D,SimuProA-5,EV_105
370.374,25.0,90.59,1100.0,0,3.62,1,49.6,4.14,18.0,45.0,210.0,EV_105,0.0,790,0.0,DR692730_17,39.7,118775.03,DR692730,195.09,0.0,40.9,D,SimuProA-5,EV_105
365.191,55.0,90.59,2200.0,0,3.59,1,49.59,4.15,35.0,85.0,210.0,EV_105,0.0,800,0.0,DR692730_17,39.8,118775.13,DR692730,195.09,0.0,41.0,D,SimuProA-5,EV_105
378.897,0.0,90.59,500.0,0,3.63,1,49.58,4.13,8.0,-30.0,210.0,EV_105,0.022,810,45.0,DR692730_17,39.9,118775.15,DR692730,195.09,0.0,41.1,D,SimuProA-5,EV_105
381.94,35.0,90.59,1400.0,0,3.64,1,49.57,4.14,22.0,12.0,210.0,EV_105,0.0,820,0.0,DR692730_17,39.95,118775.21,DR692730,195.09,0.0,41.15,D,SimuProA-5,EV_105
368.049,65.0,90.59,2800.0,0,3.6,1,49.55,4.15,45.0,95.0,210.0,EV_105,0.0,830,0.0,DR692730_17,40.0,118775.34,DR692730,195.09,0.0,41.25,D,SimuProA-5,EV_105
375.269,0.0,90.59,750.0,0,3.62,1,49.54,4.13,12.0,-25.0,210.0,EV_105,0.018,840,55.0,DR692730_17,40.05,118775.37,DR692730,195.09,0.0,41.2,D,SimuProA-5,EV_105
362.38,60.0,90.59,3200.0,0,3.58,1,49.51,4.15,50.0,110.0,210.0,EV_105,0.0,850,0.0,DR692730_17,40.1,118775.51,DR692730,195.09,0.0,41.35,D,SimuProA-5,EV_105
370.173,0.0,90.59,950.0,0,3.61,1,49.49,4.14,15.0,-35.0,210.0,EV_105,0.025,860,60.0,DR692730_17,40.15,118775.55,DR692730,195.09,0.0,41.3,D,SimuProA-5,EV_105
386.011,10.0,90.59,300.0,0,3.65,1,49.47,4.15,5.0,5.0,210.0,EV_105,0.0,870,15.0,DR692730_17,40.2,118775.56,DR692730,195.09,0.0,41.4,D,SimuProA-5,EV_105
372.731,35.0,90.59,1500.0,0,3.63,1,49.45,4.14,25.0,45.0,210.0,EV_105,0.0,880,0.0,DR692730_17,40.25,118775.63,DR692730,195.09,0.0,41.45,D,SimuProA-5,EV_105
364.849,55.0,90.59,2400.0,0,3.6,1,49.42,4.15,38.0,85.0,210.0,EV_105,0.0,890,0.0,DR692730_17,40.3,118775.73,DR692730,195.09,0.0,41.52,D,SimuProA-5,EV_105
375.233,0.0,90.59,600.0,0,3.62,1,49.42,4.13,10.0,-20.0,210.0,EV_105,0.015,900,45.0,DR692730_17,40.35,118775.76,DR692730,195.09,0.0,41.5,D,SimuProA-5,EV_105
382.109,25.0,90.59,1100.0,0,3.63,1,49.42,4.14,18.0,12.0,210.0,EV_105,0.0,910,0.0,DR692730_17,40.4,118775.81,DR692730,195.09,0.0,41.6,D,SimuProA-5,EV_105
378.18,45.0,90.59,2000.0,0,3.64,1,49.41,4.15,32.0,55.0,210.0,EV_105,0.0,920,0.0,DR692730_17,40.45,118775.9,DR692730,195.09,0.0,41.65,D,SimuProA-5,EV_105
390.752,0.0,90.59,250.0,0,3.61,1,49.39,4.14,5.0,-38.0,210.0,EV_105,0.028,930,75.0,DR692730_17,40.5,118775.91,DR692730,195.09,0.0,41.7,D,SimuProA-5,EV_105
376.317,40.0,90.59,2200.0,0,3.62,1,49.38,4.14,35.0,75.0,210.0,EV_105,0.0,940,0.0,DR692730_17,40.52,118776.01,DR692730,195.09,0.0,41.72,D,SimuProA-5,EV_105
364.932,55.0,90.59,2900.0,0,3.6,1,49.35,4.15,45.0,110.0,210.0,EV_105,0.0,950,0.0,DR692730_17,40.55,118776.13,DR692730,195.09,0.0,41.75,D,SimuProA-5,EV_105
380.139,0.0,90.59,1500.0,0,3.63,1,49.35,4.14,25.0,-25.0,210.0,EV_105,0.018,960,30.0,DR692730_17,40.56,118776.2,DR692730,195.09,0.0,41.76,D,SimuProA-5,EV_105
368.683,50.0,90.59,2650.0,0,3.61,1,49.34,4.15,42.0,85.0,210.0,EV_105,0.0,970,0.0,DR692730_17,40.6,118776.32,DR692730,195.09,0.0,41.8,D,SimuProA-5,EV_105
372.027,0.0,90.59,1100.0,0,3.63,1,49.33,4.14,18.0,-32.0,210.0,EV_105,0.022,980,65.0,DR692730_17,40.63,118776.37,DR692730,195.09,0.0,41.83,D,SimuProA-5,EV_105
379.447,15.0,90.59,750.0,0,3.64,1,49.33,4.13,12.0,10.0,210.0,EV_105,0.0,990,5.0,DR692730_17,40.65,118776.4,DR692730,195.09,0.0,41.85,D,SimuProA-5,EV_105
365.342,65.0,90.59,3100.0,0,3.6,1,49.3,4.15,48.0,125.0,210.0,EV_105,0.0,1000,0.0,DR692730_17,40.67,118776.53,DR692730,195.09,0.0,41.87,D,SimuProA-5,EV_105
370.298,0.0,90.59,1400.0,0,3.62,1,49.3,4.14,22.0,-38.0,210.0,EV_105,0.025,1010,75.0,DR692730_17,40.69,118776.59,DR692730,195.09,0.0,41.89,D,SimuProA-5,EV_105
381.457,10.0,90.59,600.0,0,3.65,1,49.3,4.13,10.0,5.0,210.0,EV_105,0.0,1020,15.0,DR692730_17,40.7,118776.62,DR692730,195.09,0.0,41.9,D,SimuProA-5,EV_105
374.795,35.0,90.59,1800.0,0,3.61,1,49.29,4.13,28.0,45.0,210.0,EV_105,0.0,1030,0.0,DR692730_17,40.72,118776.7,DR692730,195.09,0.0,41.92,D,SimuProA-5,EV_105
368.391,55.0,90.59,2600.0,0,3.59,1,49.27,4.15,42.0,95.0,210.0,EV_105,0.0,1040,0.0,DR692730_17,40.75,118776.81,DR692730,195.09,0.0,41.95,D,SimuProA-5,EV_105
377.296,0.0,90.59,950.0,0,3.63,1,49.26,4.14,15.0,-25.0,210.0,EV_105,0.018,1050,45.0,DR692730_17,40.78,118776.86,DR692730,195.09,0.0,41.98,D,SimuProA-5,EV_105
372.121,45.0,90.59,2850.0,0,3.6,1,49.24,4.15,45.0,65.0,210.0,EV_105,0.0,1060,0.0,DR692730_17,40.82,118776.99,DR692730,195.09,0.0,42.04,D,SimuProA-5,EV_105
364.963,70.0,90.59,3600.0,0,3.58,1,49.22,4.15,55.0,110.0,210.0,EV_105,0.0,1070,0.0,DR692730_17,40.88,118777.14,DR692730,195.09,0.0,42.12,D,SimuProA-5,EV_105
371.152,0.0,90.59,1600.0,0,3.64,1,49.19,4.14,25.0,-35.0,210.0,EV_105,0.022,1080,60.0,DR692730_17,40.9,118777.21,DR692730,195.09,0.0,42.16,D,SimuProA-5,EV_105
365.215,75.0,90.59,3850.0,0,3.57,1,49.17,4.15,58.0,130.0,210.0,EV_105,0.0,1090,0.0,DR692730_17,41.0,118777.37,DR692730,195.09,0.0,42.25,D,SimuProA-5,EV_105
359.781,60.0,90.59,3100.0,0,3.55,1,49.12,4.15,48.0,165.0,210.0,EV_105,0.0,1100,10.0,DR692730_17,41.12,118777.5,DR692730,195.09,0.0,42.38,D,SimuProA-5,EV_105
374.642,0.0,90.59,750.0,0,3.62,1,49.11,4.14,12.0,-38.0,210.0,EV_105,0.024,1110,85.0,DR692730_17,41.15,118777.54,DR692730,195.09,0.0,42.42,D,SimuProA-5,EV_105
378.416,10.0,90.59,300.0,0,3.68,1,49.08,4.14,5.0,15.0,210.0,EV_105,0.005,1120,5.0,DR692730_17,41.2,118777.55,DR692730,195.09,0.0,42.48,D,SimuProA-5,EV_105
366.539,45.0,90.59,1800.0,0,3.59,1,49.06,4.15,28.0,85.0,210.0,EV_105,0.0,1130,0.0,DR692730_17,41.35,118777.63,DR692730,195.09,0.0,42.6,D,SimuProA-5,EV_105
372.841,0.0,90.59,600.0,0,3.65,1,49.04,4.13,10.0,-22.0,210.0,EV_105,0.018,1140,40.0,DR692730_17,41.38,118777.66,DR692730,195.09,0.0,42.62,D,SimuProA-5,EV_105
370.581,15.0,90.59,400.0,0,3.64,1,49.02,4.14,8.0,12.0,210.0,EV_105,0.0,1150,5.0,DR692730_17,41.4,118777.68,DR692730,195.09,0.0,42.64,D,SimuProA-5,EV_105
365.194,55.0,90.59,2100.0,0,3.58,1,49.01,4.15,32.0,75.0,210.0,EV_105,0.0,1160,0.0,DR692730_17,41.45,118777.77,DR692730,195.09,0.0,42.7,D,SimuProA-5,EV_105
368.721,0.0,90.59,900.0,0,3.63,1,49.01,4.13,15.0,-35.0,210.0,EV_105,0.022,1170,65.0,DR692730_17,41.48,118777.81,DR692730,195.09,0.0,42.72,D,SimuProA-5,EV_105
364.075,50.0,90.59,2300.0,0,3.57,1,48.99,4.15,35.0,65.0,210.0,EV_105,0.0,1180,0.0,DR692730_17,41.52,118777.91,DR692730,195.09,0.0,42.78,D,SimuProA-5,EV_105
369.639,0.0,90.59,700.0,0,3.61,1,48.98,4.14,12.0,-25.0,210.0,EV_105,0.015,1190,55.0,DR692730_17,41.55,118777.94,DR692730,195.09,0.0,42.8,D,SimuProA-5,EV_105
374.842,35.0,90.59,1600.0,0,3.62,1,48.96,4.13,25.0,45.0,210.0,EV_105,0.0,1200,0.0,DR692730_17,41.58,118778.01,DR692730,195.09,0.0,42.82,D,SimuProA-5,EV_105
370.92,60.0,90.59,2800.0,0,3.6,1,48.94,4.14,42.0,85.0,210.0,EV_105,0.0,1210,0.0,DR692730_17,41.6,118778.13,DR692730,195.09,0.0,42.85,D,SimuProA-5,EV_105
362.814,0.0,90.59,1100.0,0,3.64,1,48.93,4.15,18.0,-38.0,210.0,EV_105,0.025,1220,75.0,DR692730_17,41.63,118778.18,DR692730,195.09,0.0,42.88,D,SimuProA-5,EV_105
373.957,0.0,90.59,350.0,0,3.62,1,48.93,4.13,5.0,5.5,210.0,EV_105,0.0,1230,15.0,DR692730_17,41.65,118778.19,DR692730,195.09,0.0,42.9,D,SimuProA-5,EV_105
371.023,25.0,90.59,1050.0,0,3.63,1,48.91,4.14,18.0,35.0,210.0,EV_105,0.0,1240,0.0,DR692730_17,41.67,118778.24,DR692730,195.09,0.0,42.92,D,SimuProA-5,EV_105
375.087,30.0,90.59,1800.0,0,3.64,1,48.91,4.14,28.0,12.0,210.0,EV_105,0.0,1250,0.0,DR692730_17,41.69,118778.32,DR692730,195.09,0.0,42.94,D,SimuProA-5,EV_105
365.983,65.0,90.59,3000.0,0,3.61,1,48.91,4.15,45.0,95.0,210.0,EV_105,0.0,1260,0.0,DR692730_17,41.72,118778.44,DR692730,195.09,0.0,42.98,D,SimuProA-5,EV_105
368.112,40.0,90.59,2200.0,0,3.63,1,48.9,4.14,35.0,45.0,210.0,EV_105,0.0,1270,0.0,DR692730_17,41.78,118778.54,DR692730,195.09,0.0,43.05,D,SimuProA-5,EV_105
378.131,0.0,90.59,1400.0,0,3.65,1,48.9,4.15,22.0,-25.0,210.0,EV_105,0.012,0,15.0,DR692730_18,41.8,118778.6,DR692730,195.09,0.0,43.08,D,SimuProA-5,EV_105
364.231,55.0,90.59,2600.0,0,3.61,1,48.88,4.15,42.0,75.0,210.0,EV_105,0.0,10,0.0,DR692730_18,41.85,118778.71,DR692730,195.09,0.0,43.15,D,SimuProA-5,EV_105
362.084,60.0,90.59,3000.0,0,3.6,1,48.85,4.15,48.0,85.0,210.0,EV_105,0.0,20,0.0,DR692730_18,41.95,118778.84,DR692730,195.09,0.0,43.25,D,SimuProA-5,EV_105
369.781,0.0,90.59,2400.0,0,3.63,1,48.85,4.15,38.0,-30.0,210.0,EV_105,0.015,30,20.0,DR692730_18,41.98,118778.95,DR692730,195.09,0.0,43.28,D,SimuProA-5,EV_105
373.141,25.0,90.59,1600.0,0,3.64,1,48.85,4.14,25.0,40.0,210.0,EV_105,0.0,40,5.0,DR692730_18,42.0,118779.02,DR692730,195.09,0.0,43.3,D,SimuProA-5,EV_105
371.593,35.0,90.59,2000.0,0,3.62,1,48.84,4.14,32.0,55.0,210.0,EV_105,0.0,50,0.0,DR692730_18,42.05,118779.11,DR692730,195.09,0.0,43.35,D,SimuProA-5,EV_105
368.072,40.0,90.59,2400.0,0,3.61,1,48.81,4.15,38.0,65.0,210.0,EV_105,0.0,60,0.0,DR692730_18,42.1,118779.21,DR692730,195.09,0.0,43.4,D,SimuProA-5,EV_105
369.619,0.0,90.59,1200.0,0,3.63,1,48.8,4.14,20.0,-20.0,210.0,EV_105,0.01,70,30.0,DR692730_18,42.15,118779.27,DR692730,195.09,0.0,43.45,D,SimuProA-5,EV_105
372.828,15.0,90.59,950.0,0,3.63,1,48.79,4.14,15.0,25.0,210.0,EV_105,0.0,80,10.0,DR692730_18,42.18,118779.31,DR692730,195.09,0.0,43.48,D,SimuProA-5,EV_105
365.666,65.0,90.59,2800.0,0,3.6,1,48.78,4.15,42.0,85.0,210.0,EV_105,0.0,90,0.0,DR692730_18,42.25,118779.43,DR692730,195.09,0.0,43.55,D,SimuProA-5,EV_105
371.299,0.0,90.59,600.0,0,3.62,1,48.78,4.14,10.0,-25.0,210.0,EV_105,0.012,100,45.0,DR692730_18,42.28,118779.46,DR692730,195.09,0.0,43.58,D,SimuProA-5,EV_105
366.905,55.0,90.59,2900.0,0,3.61,1,48.75,4.15,45.0,75.0,210.0,EV_105,0.0,110,0.0,DR692730_18,42.3,118779.59,DR692730,195.09,0.0,43.6,D,SimuProA-5,EV_105
369.961,0.0,90.59,350.0,0,3.64,1,48.75,4.14,5.0,-32.0,210.0,EV_105,0.015,120,65.0,DR692730_18,42.32,118779.6,DR692730,195.09,0.0,43.62,D,SimuProA-5,EV_105
372.64,10.0,90.59,800.0,0,3.65,1,48.73,4.14,12.0,18.0,210.0,EV_105,0.0,130,5.0,DR692730_18,42.34,118779.63,DR692730,195.09,0.0,43.64,D,SimuProA-5,EV_105
368.101,30.0,90.59,1600.0,0,3.63,1,48.72,4.14,25.0,45.0,210.0,EV_105,0.0,140,0.0,DR692730_18,42.36,118779.7,DR692730,195.09,0.0,43.66,D,SimuProA-5,EV_105
362.6,55.0,90.59,2400.0,0,3.58,1,48.69,4.15,38.0,95.0,210.0,EV_105,0.0,150,0.0,DR692730_18,42.38,118779.8,DR692730,195.09,0.0,43.68,D,SimuProA-5,EV_105
365.119,0.0,90.59,1000.0,0,3.6,1,48.68,4.13,15.0,-38.0,210.0,EV_105,0.018,160,75.0,DR692730_18,42.4,118779.85,DR692730,195.09,0.0,43.7,D,SimuProA-5,EV_105
362.95,45.0,90.59,2800.0,0,3.56,1,48.65,4.15,42.0,75.0,210.0,EV_105,0.0,170,0.0,DR692730_18,42.52,118779.97,DR692730,195.09,0.0,43.82,D,SimuProA-5,EV_105
360.956,65.0,90.59,3800.0,0,3.54,1,48.62,4.15,55.0,110.0,210.0,EV_105,0.0,180,0.0,DR692730_18,42.65,118780.12,DR692730,195.09,0.0,43.95,D,SimuProA-5,EV_105
364.449,0.0,90.59,1800.0,0,3.59,1,48.62,4.14,28.0,-25.0,210.0,EV_105,0.012,190,45.0,DR692730_18,42.75,118780.2,DR692730,195.09,0.0,44.05,D,SimuProA-5,EV_105
366.564,35.0,90.59,3000.0,0,3.61,1,48.61,4.14,45.0,65.0,210.0,EV_105,0.0,200,0.0,DR692730_18,42.85,118780.32,DR692730,195.09,0.0,44.15,D,SimuProA-5,EV_105
368.607,10.0,90.59,1900.0,0,3.62,1,48.6,4.13,30.0,25.0,210.0,EV_105,0.005,210,15.0,DR692730_18,42.95,118780.41,DR692730,195.09,0.0,44.25,D,SimuProA-5,EV_105
371.464,0.0,90.59,500.0,0,3.63,1,48.59,4.12,8.0,12.0,210.0,EV_105,0.0,220,5.0,DR692730_18,43.02,118780.43,DR692730,195.09,0.0,44.32,D,SimuProA-5,EV_105
371.979,0.0,90.59,0.0,0,3.62,1,48.57,4.11,0.0,2.5,210.0,EV_105,0.0,230,85.0,DR692730_18,43.08,118780.43,DR692730,195.09,0.0,44.38,D,SimuProA-5,EV_105
374.213,35.0,90.59,800.0,0,3.64,1,48.56,4.13,12.0,45.0,210.0,EV_105,0.0,240,0.0,DR692730_18,43.15,118780.46,DR692730,195.09,0.0,44.45,D,SimuProA-5,EV_105
370.657,0.0,90.59,400.0,0,3.63,1,48.56,4.14,6.0,-32.0,210.0,EV_105,0.015,250,60.0,DR692730_18,43.2,118780.48,DR692730,195.09,0.0,44.5,D,SimuProA-5,EV_105
376.538,5.0,90.59,350.0,0,3.638,1,48.55,4.135,5.0,8.5,210.0,EV_105,0.0,260,10.0,DR692730_18,43.26,118780.49,DR692730,195.09,0.0,44.56,D,SimuProA-5,EV_105
378.439,25.0,90.59,950.0,0,3.642,1,48.54,4.14,15.0,18.0,210.0,EV_105,0.0,270,0.0,DR692730_18,43.32,118780.54,DR692730,195.09,0.0,44.62,D,SimuProA-5,EV_105
375.82,0.0,90.59,500.0,0,3.64,1,48.53,4.142,8.0,-12.0,210.0,EV_105,0.008,280,35.0,DR692730_18,43.38,118780.56,DR692730,195.09,0.0,44.68,D,SimuProA-5,EV_105
373.73,45.0,90.59,1400.0,0,3.62,1,48.51,4.13,22.0,55.0,210.0,EV_105,0.0,290,0.0,DR692730_18,43.45,118780.62,DR692730,195.09,0.0,44.75,D,SimuProA-5,EV_105
377.141,0.0,90.59,600.0,0,3.63,1,48.51,4.14,10.0,-25.0,210.0,EV_105,0.012,300,50.0,DR692730_18,43.48,118780.65,DR692730,195.09,0.0,44.78,D,SimuProA-5,EV_105
375.141,55.0,90.59,1800.0,0,3.615,1,48.51,4.135,28.0,62.0,210.0,EV_105,0.0,310,0.0,DR692730_18,43.52,118780.73,DR692730,195.09,0.0,44.82,D,SimuProA-5,EV_105
373.753,40.0,90.59,2050.0,0,3.61,1,48.48,4.145,32.0,85.0,210.0,EV_105,0.0,320,0.0,DR692730_18,43.55,118780.82,DR692730,195.09,0.0,44.85,D,SimuProA-5,EV_105
376.767,0.0,90.59,1100.0,0,3.625,1,48.48,4.148,18.0,-32.0,210.0,EV_105,0.015,330,65.0,DR692730_18,43.58,118780.87,DR692730,195.09,0.0,44.88,D,SimuProA-5,EV_105
379.178,5.0,90.59,250.0,0,3.635,1,48.48,4.14,5.0,5.0,210.0,EV_105,0.0,340,15.0,DR692730_18,43.6,118780.88,DR692730,195.09,0.0,44.9,D,SimuProA-5,EV_105
378.847,25.0,90.59,900.0,0,3.63,1,48.48,4.138,15.0,45.0,210.0,EV_105,0.0,350,0.0,DR692730_18,43.62,118780.92,DR692730,195.09,0.0,44.92,D,SimuProA-5,EV_105
382.4,5.0,90.59,200.0,0,3.638,1,48.46,4.142,5.0,12.0,210.0,EV_105,0.0,360,10.0,DR692730_18,43.64,118780.94,DR692730,195.09,0.0,44.94,D,SimuProA-5,EV_105
376.434,45.0,90.59,1500.0,0,3.62,1,48.45,4.146,25.0,65.0,210.0,EV_105,0.0,370,0.0,DR692730_18,43.68,118781.01,DR692730,195.09,0.0,44.98,D,SimuProA-5,EV_105
379.427,15.0,90.59,400.0,0,3.632,1,48.43,4.14,8.0,18.0,210.0,EV_105,0.0,380,5.0,DR692730_18,43.75,118781.03,DR692730,195.09,0.0,45.05,D,SimuProA-5,EV_105
374.63,55.0,90.59,1300.0,0,3.615,1,48.43,4.148,22.0,85.0,210.0,EV_105,0.0,390,0.0,DR692730_18,43.82,118781.09,DR692730,195.09,0.0,45.15,D,SimuProA-5,EV_105
378.264,0.0,90.59,550.0,0,3.628,1,48.43,4.145,10.0,-25.0,210.0,EV_105,0.012,400,35.0,DR692730_18,43.88,118781.12,DR692730,195.09,0.0,45.22,D,SimuProA-5,EV_105
372.518,60.0,90.59,2100.0,0,3.61,1,48.4,4.15,35.0,95.0,210.0,EV_105,0.0,410,0.0,DR692730_18,43.95,118781.22,DR692730,195.09,0.0,45.3,D,SimuProA-5,EV_105
376.588,10.0,90.59,600.0,0,3.635,1,48.4,4.148,12.0,15.0,210.0,EV_105,0.0,420,15.0,DR692730_18,44.05,118781.25,DR692730,195.09,0.0,45.4,D,SimuProA-5,EV_105
370.038,70.0,90.59,2800.0,0,3.605,1,48.4,4.15,42.0,110.0,210.0,EV_105,0.0,430,0.0,DR692730_18,44.1,118781.37,DR692730,195.09,0.0,45.5,D,SimuProA-5,EV_105
371.454,25.0,90.59,1100.0,0,3.615,1,48.38,4.14,18.0,45.0,210.0,EV_105,0.0,440,0.0,DR692730_18,44.15,118781.42,DR692730,195.09,0.0,45.6,D,SimuProA-5,EV_105
368.032,65.0,90.59,2400.0,0,3.605,1,48.36,4.145,38.0,120.0,210.0,EV_105,0.0,450,0.0,DR692730_18,44.2,118781.53,DR692730,195.09,0.0,45.7,D,SimuProA-5,EV_105
360.306,0.0,90.59,250.0,0,3.61,1,48.36,4.15,5.0,-35.0,210.0,EV_105,0.015,460,85.0,DR692730_18,44.25,118781.54,DR692730,195.09,0.0,45.8,D,SimuProA-5,EV_105
384.967,0.0,90.59,500.0,0,3.62,1,48.35,4.15,10.0,-25.0,210.0,EV_105,0.02,470,60.0,DR692730_18,44.3,118781.57,DR692730,195.09,0.0,45.85,D,SimuProA-5,EV_105
362.743,55.0,90.59,1900.0,0,3.61,1,48.34,4.15,32.0,85.0,210.0,EV_105,0.0,480,0.0,DR692730_18,44.35,118781.66,DR692730,195.09,0.0,45.9,D,SimuProA-5,EV_105
373.079,15.0,90.59,800.0,0,3.625,1,48.32,4.145,15.0,35.0,210.0,EV_105,0.0,490,5.0,DR692730_18,44.4,118781.7,DR692730,195.09,0.0,45.95,D,SimuProA-5,EV_105
370.3,25.0,90.59,1200.0,0,3.63,1,48.3,4.145,22.0,45.0,210.0,EV_105,0.0,500,0.0,DR692730_18,44.45,118781.76,DR692730,195.09,0.0,46.0,D,SimuProA-5,EV_105
361.308,45.0,90.59,2200.0,0,3.62,1,48.28,4.15,35.0,95.0,210.0,EV_105,0.0,510,0.0,DR692730_18,44.5,118781.86,DR692730,195.09,0.0,46.1,D,SimuProA-5,EV_105
380.38,0.0,90.59,650.0,0,3.64,1,48.26,4.15,12.0,-28.0,210.0,EV_105,0.018,520,55.0,DR692730_18,44.55,118781.89,DR692730,195.09,0.0,46.15,D,SimuProA-5,EV_105
365.777,12.0,90.59,950.0,0,3.63,1,48.24,4.14,18.0,12.0,210.0,EV_105,0.0,530,0.0,DR692730_18,44.6,118781.94,DR692730,195.09,0.0,46.2,D,SimuProA-5,EV_105
371.645,35.0,90.59,1600.0,0,3.62,1,48.23,4.148,28.0,38.0,210.0,EV_105,0.0,540,0.0,DR692730_18,44.68,118782.02,DR692730,195.09,0.0,46.3,D,SimuProA-5,EV_105
357.691,75.0,90.59,3200.0,0,3.6,1,48.23,4.15,48.0,145.0,210.0,EV_105,0.0,550,0.0,DR692730_18,44.75,118782.15,DR692730,195.09,0.0,46.45,D,SimuProA-5,EV_105
348.648,80.0,90.59,3800.0,0,3.58,1,48.2,4.15,55.0,165.0,210.0,EV_105,0.0,560,0.0,DR692730_18,44.8,118782.3,DR692730,195.09,0.0,46.5,D,SimuProA-5,EV_105
355.241,0.0,90.59,1800.0,0,3.65,1,48.19,4.15,32.0,-35.0,210.0,EV_105,0.022,570,65.0,DR692730_18,44.85,118782.39,DR692730,195.09,0.0,46.55,D,SimuProA-5,EV_105
362.407,28.0,90.59,1400.0,0,3.61,1,48.18,4.15,25.0,55.0,210.0,EV_105,0.0,580,0.0,DR692730_18,44.9,118782.46,DR692730,195.09,0.0,46.6,D,SimuProA-5,EV_105
374.555,30.0,90.59,1700.0,0,3.63,1,48.16,4.15,30.0,45.0,210.0,EV_105,0.0,590,0.0,DR692730_18,44.95,118782.54,DR692730,195.09,0.0,46.68,D,SimuProA-5,EV_105
382.26,0.0,90.59,700.0,0,3.68,1,48.14,4.14,12.0,-12.0,210.0,EV_105,0.008,600,15.0,DR692730_18,45.0,118782.58,DR692730,195.09,0.0,46.75,D,SimuProA-5,EV_105
376.997,40.0,90.59,1250.0,0,3.61,1,48.14,4.15,22.0,60.0,210.0,EV_105,0.0,610,0.0,DR692730_18,45.1,118782.64,DR692730,195.09,0.0,46.85,D,SimuProA-5,EV_105
368.372,45.0,90.59,2200.0,0,3.6,1,48.12,4.15,35.0,75.0,210.0,EV_105,0.0,620,0.0,DR692730_18,45.15,118782.74,DR692730,195.09,0.0,46.92,D,SimuProA-5,EV_105
362.506,65.0,90.59,3100.0,0,3.58,1,48.11,4.15,48.0,140.0,210.0,EV_105,0.0,630,0.0,DR692730_18,45.25,118782.87,DR692730,195.09,0.0,47.05,D,SimuProA-5,EV_105
371.665,0.0,90.59,1000.0,0,3.64,1,48.1,4.15,18.0,-38.0,210.0,EV_105,0.025,640,55.0,DR692730_18,45.3,118782.92,DR692730,195.09,0.0,47.12,D,SimuProA-5,EV_105
366.115,30.0,90.59,1450.0,0,3.62,1,48.07,4.15,25.0,95.0,210.0,EV_105,0.0,650,0.0,DR692730_18,45.4,118782.99,DR692730,195.09,0.0,47.2,D,SimuProA-5,EV_105
378.747,5.0,90.59,450.0,0,3.66,1,48.07,4.15,8.0,18.0,210.0,EV_105,0.005,660,10.0,DR692730_18,45.45,118783.01,DR692730,195.09,0.0,47.25,D,SimuProA-5,EV_105
385.129,0.0,90.59,0.0,0,3.68,1,48.06,4.15,0.0,4.5,210.0,EV_105,0.0,670,45.0,DR692730_18,45.5,118783.01,DR692730,195.09,0.0,47.3,D,SimuProA-5,EV_105
382.839,25.0,90.59,650.0,0,3.69,1,48.05,4.15,12.0,35.0,210.0,EV_105,0.0,680,0.0,DR692730_18,45.55,118783.04,DR692730,195.09,0.0,47.35,D,SimuProA-5,EV_105
375.745,45.0,90.59,1800.0,0,3.67,1,48.04,4.15,28.0,85.0,210.0,EV_105,0.0,690,0.0,DR692730_18,45.62,118783.12,DR692730,195.09,0.0,47.42,D,SimuProA-5,EV_105
370.868,55.0,90.59,2500.0,0,3.65,1,48.03,4.15,38.0,110.0,210.0,EV_105,0.0,700,0.0,DR692730_18,45.7,118783.23,DR692730,195.09,0.0,47.5,D,SimuProA-5,EV_105
378.183,35.0,90.59,1500.0,0,3.66,1,48.01,4.15,25.0,45.0,210.0,EV_105,0.0,710,0.0,DR692730_18,45.75,118783.3,DR692730,195.09,0.0,47.55,D,SimuProA-5,EV_105
365.187,0.0,90.59,900.0,0,3.64,1,48.01,4.14,15.0,-35.0,210.0,EV_105,0.025,720,65.0,DR692730_18,45.8,118783.34,DR692730,195.09,0.0,47.6,D,SimuProA-5,EV_105
376.339,40.0,90.59,1850.0,0,3.67,1,48.01,4.15,30.0,60.0,210.0,EV_105,0.0,730,0.0,DR692730_18,45.85,118783.42,DR692730,195.09,0.0,47.65,D,SimuProA-5,EV_105
369.153,50.0,90.59,2800.0,0,3.64,1,47.98,4.15,42.0,95.0,210.0,EV_105,0.0,740,0.0,DR692730_18,45.9,118783.54,DR692730,195.09,0.0,47.7,D,SimuProA-5,EV_105
361.844,65.0,90.59,3800.0,0,3.62,1,47.96,4.15,55.0,125.0,210.0,EV_105,0.0,750,0.0,DR692730_18,46.0,118783.69,DR692730,195.09,0.0,47.8,D,SimuProA-5,EV_105
374.975,0.0,90.59,2200.0,0,3.68,1,47.96,4.15,35.0,-25.0,210.0,EV_105,0.028,760,75.0,DR692730_18,46.1,118783.79,DR692730,195.09,0.0,47.9,D,SimuProA-5,EV_105
358.774,75.0,90.59,4200.0,0,3.6,1,47.94,4.15,62.0,145.0,210.0,EV_105,0.0,770,0.0,DR692730_18,46.15,118783.96,DR692730,195.09,0.0,47.95,D,SimuProA-5,EV_105
372.179,25.0,90.59,2400.0,0,3.65,1,47.93,4.15,38.0,45.0,210.0,EV_105,0.012,780,15.0,DR692730_18,46.2,118784.07,DR692730,195.09,0.0,48.0,D,SimuProA-5,EV_105
364.634,60.0,90.59,3500.0,0,3.61,1,47.91,4.15,52.0,110.0,210.0,EV_105,0.0,790,0.0,DR692730_18,46.25,118784.21,DR692730,195.09,0.0,48.05,D,SimuProA-5,EV_105
355.141,55.0,90.59,2850.0,0,3.58,1,47.87,4.15,45.0,135.0,210.0,EV_105,0.0,800,0.0,DR692730_18,46.3,118784.34,DR692730,195.09,0.0,48.1,D,SimuProA-5,EV_105
378.448,0.0,90.59,950.0,0,3.69,1,47.87,4.15,15.0,-30.0,210.0,EV_105,0.025,810,65.0,DR692730_18,46.35,118784.38,DR692730,195.09,0.0,48.15,D,SimuProA-5,EV_105
363.317,35.0,90.59,1900.0,0,3.63,1,47.86,4.15,30.0,95.0,210.0,EV_105,0.0,820,0.0,DR692730_18,46.4,118784.46,DR692730,195.09,0.0,48.2,D,SimuProA-5,EV_105
358.165,30.0,90.59,1600.0,0,3.64,1,47.84,4.14,25.0,75.0,210.0,EV_105,0.0,830,0.0,DR692730_18,46.5,118784.53,DR692730,195.09,0.0,48.3,D,SimuProA-5,EV_105
376.175,0.0,90.59,500.0,0,3.67,1,47.84,4.15,8.0,-25.0,210.0,EV_105,0.018,840,45.0,DR692730_18,46.55,118784.55,DR692730,195.09,0.0,48.35,D,SimuProA-5,EV_105
361.952,35.0,90.59,2050.0,0,3.62,1,47.84,4.15,32.0,85.0,210.0,EV_105,0.0,850,0.0,DR692730_18,46.6,118784.64,DR692730,195.09,0.0,48.4,D,SimuProA-5,EV_105
372.665,25.0,90.59,1800.0,0,3.68,1,47.81,4.14,28.0,45.0,210.0,EV_105,0.0,860,0.0,DR692730_18,46.65,118784.72,DR692730,195.09,0.0,48.45,D,SimuProA-5,EV_105
354.935,55.0,90.59,3000.0,0,3.61,1,47.8,4.15,45.0,110.0,210.0,EV_105,0.0,870,0.0,DR692730_18,46.7,118784.84,DR692730,195.09,0.0,48.55,D,SimuProA-5,EV_105
385.168,0.0,90.59,800.0,0,3.7,1,47.8,4.15,12.0,-35.0,210.0,EV_105,0.028,880,55.0,DR692730_18,46.75,118784.88,DR692730,195.09,0.0,48.6,D,SimuProA-5,EV_105
374.332,28.0,90.59,1900.0,0,3.69,1,47.78,4.14,30.0,42.0,210.0,EV_105,0.0,890,0.0,DR692730_18,46.8,118784.96,DR692730,195.09,0.0,48.65,D,SimuProA-5,EV_105
367.884,40.0,90.59,2600.0,0,3.66,1,47.77,4.15,40.0,65.0,210.0,EV_105,0.0,900,0.0,DR692730_18,46.85,118785.07,DR692730,195.09,0.0,48.72,D,SimuProA-5,EV_105
382.061,0.0,90.59,950.0,0,3.72,1,47.75,4.15,15.0,-28.0,210.0,EV_105,0.022,910,50.0,DR692730_18,46.9,118785.12,DR692730,195.09,0.0,48.78,D,SimuProA-5,EV_105
372.52,35.0,90.59,2200.0,0,3.67,1,47.73,4.15,35.0,55.0,210.0,EV_105,0.0,920,0.0,DR692730_18,46.92,118785.22,DR692730,195.09,0.0,48.8,D,SimuProA-5,EV_105
367.73,45.0,90.59,2800.0,0,3.64,1,47.71,4.15,42.0,75.0,210.0,EV_105,0.0,930,0.0,DR692730_18,47.0,118785.33,DR692730,195.09,0.0,48.9,D,SimuProA-5,EV_105
358.477,65.0,90.59,3800.0,0,3.58,1,47.7,4.15,55.0,130.0,210.0,EV_105,0.0,940,0.0,DR692730_18,47.1,118785.49,DR692730,195.09,0.0,49.05,D,SimuProA-5,EV_105
362.044,70.0,90.59,4200.0,0,3.61,1,47.67,4.15,60.0,110.0,210.0,EV_105,0.0,950,0.0,DR692730_18,47.2,118785.66,DR692730,195.09,0.0,49.15,D,SimuProA-5,EV_105
378.22,0.0,90.59,350.0,0,3.69,1,47.65,4.15,10.0,-35.0,210.0,EV_105,0.025,960,65.0,DR692730_18,47.25,118785.68,DR692730,195.09,0.0,49.2,D,SimuProA-5,EV_105
364.845,30.0,90.59,1600.0,0,3.65,1,47.65,4.15,25.0,45.0,210.0,EV_105,0.0,970,0.0,DR692730_18,47.3,118785.75,DR692730,195.09,0.0,49.25,D,SimuProA-5,EV_105
363.381,25.0,90.59,1400.0,0,3.64,1,47.63,4.14,22.0,35.0,210.0,EV_105,0.0,980,0.0,DR692730_18,47.35,118785.81,DR692730,195.09,0.0,49.3,D,SimuProA-5,EV_105
368.793,0.0,90.59,250.0,0,3.65,1,47.63,4.13,5.0,8.0,210.0,EV_105,0.0,990,15.0,DR692730_18,47.4,118785.82,DR692730,195.09,0.0,49.35,D,SimuProA-5,EV_105
365.958,20.0,90.59,950.0,0,3.63,1,47.62,4.14,18.0,40.0,210.0,EV_105,0.0,1000,0.0,DR692730_18,47.45,118785.88,DR692730,195.09,0.0,49.45,D,SimuProA-5,EV_105
371.923,25.0,90.59,1900.0,0,3.62,1,47.61,4.12,28.0,12.0,210.0,EV_105,0.0,1010,0.0,DR692730_18,47.55,118785.96,DR692730,195.09,0.0,49.55,D,SimuProA-5,EV_105
366.019,45.0,90.59,2800.0,0,3.6,1,47.59,4.15,38.0,55.0,210.0,EV_105,0.0,1020,0.0,DR692730_18,47.65,118786.06,DR692730,195.09,0.0,49.65,D,SimuProA-5,EV_105
370.678,0.0,90.59,1200.0,0,3.61,1,47.59,4.14,20.0,-25.0,210.0,EV_105,0.015,1030,55.0,DR692730_18,47.7,118786.12,DR692730,195.09,0.0,49.7,D,SimuProA-5,EV_105
362.906,35.0,90.59,2200.0,0,3.58,1,47.57,4.15,35.0,65.0,210.0,EV_105,0.0,1040,0.0,DR692730_18,47.75,118786.22,DR692730,195.09,0.0,49.75,D,SimuProA-5,EV_105
356.15,75.0,90.59,3100.0,0,3.55,1,47.56,4.15,48.0,140.0,210.0,EV_105,0.0,1050,0.0,DR692730_18,47.8,118786.35,DR692730,195.09,0.0,49.85,D,SimuProA-5,EV_105
372.767,0.0,90.59,600.0,0,3.62,1,47.55,4.14,12.0,-15.0,210.0,EV_105,0.018,1060,45.0,DR692730_18,47.85,118786.38,DR692730,195.09,0.0,49.9,D,SimuProA-5,EV_105
352.248,80.0,90.59,4200.0,0,3.52,1,47.54,4.15,62.0,165.0,210.0,EV_105,0.0,1070,0.0,DR692730_18,47.85,118786.55,DR692730,195.09,0.0,50.0,D,SimuProA-5,EV_105
359.722,0.0,90.59,750.0,0,3.6,1,47.53,4.14,15.0,-35.0,210.0,EV_105,0.022,1080,65.0,DR692730_18,47.9,118786.59,DR692730,195.09,0.0,50.05,D,SimuProA-5,EV_105
368.785,5.0,90.59,200.0,0,3.61,1,47.51,4.13,5.0,12.0,210.0,EV_105,0.0,1090,10.0,DR692730_18,47.95,118786.61,DR692730,195.09,0.0,50.1,D,SimuProA-5,EV_105
368.836,45.0,90.59,2100.0,0,3.62,1,47.49,4.12,32.0,18.5,210.0,EV_105,0.0,1100,0.0,DR692730_18,48.05,118786.7,DR692730,195.09,0.0,50.25,D,SimuProA-5,EV_105
362.12,55.0,90.59,2800.0,0,3.59,1,47.48,4.13,42.0,55.0,210.0,EV_105,0.0,1110,0.0,DR692730_18,48.15,118786.82,DR692730,195.09,0.0,50.35,D,SimuProA-5,EV_105
369.637,0.0,90.59,950.0,0,3.63,1,47.47,4.14,18.0,-25.0,210.0,EV_105,0.015,1120,40.0,DR692730_18,48.2,118786.87,DR692730,195.09,0.0,50.4,D,SimuProA-5,EV_105
385.669,40.0,90.59,2300.0,0,3.61,1,47.45,4.12,35.0,45.0,210.0,EV_105,0.0,1130,0.0,DR692730_18,48.25,118786.97,DR692730,195.09,0.0,50.5,D,SimuProA-5,EV_105
378.094,55.0,90.59,3000.0,0,3.58,1,47.42,4.14,45.0,65.0,210.0,EV_105,0.0,1140,0.0,DR692730_18,48.3,118787.09,DR692730,195.09,0.0,50.6,D,SimuProA-5,EV_105
366.007,0.0,90.59,1400.0,0,3.64,1,47.41,4.15,22.0,-28.0,210.0,EV_105,0.018,1150,45.0,DR692730_18,48.35,118787.15,DR692730,195.09,0.0,50.7,D,SimuProA-5,EV_105
361.459,65.0,90.59,3500.0,0,3.57,1,47.4,4.14,52.0,72.0,210.0,EV_105,0.0,1160,0.0,DR692730_18,48.4,118787.29,DR692730,195.09,0.0,50.75,D,SimuProA-5,EV_105
354.845,75.0,90.59,4000.0,0,3.55,1,47.38,4.15,58.0,95.0,210.0,EV_105,0.0,1170,0.0,DR692730_18,48.5,118787.46,DR692730,195.09,0.0,50.85,D,SimuProA-5,EV_105
372.771,0.0,90.59,800.0,0,3.62,1,47.37,4.15,15.0,-32.0,210.0,EV_105,0.022,1180,55.0,DR692730_18,48.55,118787.5,DR692730,195.09,0.0,50.9,D,SimuProA-5,EV_105
384.757,40.0,90.59,2400.0,0,3.65,1,47.35,4.14,38.0,45.0,210.0,EV_105,0.0,1190,0.0,DR692730_18,48.6,118787.61,DR692730,195.09,0.0,51.0,D,SimuProA-5,EV_105
370.066,0.0,90.59,750.0,0,3.61,1,47.35,4.15,12.0,-22.0,210.0,EV_105,0.015,1200,35.0,DR692730_18,48.65,118787.64,DR692730,195.09,0.0,51.1,D,SimuProA-5,EV_105
369.379,35.0,90.59,1900.0,0,3.58,1,47.34,4.14,30.0,55.0,210.0,EV_105,0.0,1210,0.0,DR692730_18,48.7,118787.72,DR692730,195.09,0.0,51.2,D,SimuProA-5,EV_105
353.474,65.0,90.59,2800.0,0,3.52,1,47.33,4.15,45.0,110.0,210.0,EV_105,0.0,1220,0.0,DR692730_18,48.8,118787.85,DR692730,195.09,0.0,51.3,D,SimuProA-5,EV_105
395.159,0.0,90.59,250.0,0,3.6,1,47.31,4.15,5.0,25.0,210.0,EV_105,0.028,1230,60.0,DR692730_18,48.85,118787.86,DR692730,195.09,0.0,51.35,D,SimuProA-5,EV_105
362.635,45.0,90.59,1700.0,0,3.55,1,47.31,4.15,28.0,75.0,210.0,EV_105,0.0,1240,0.0,DR692730_18,48.9,118787.94,DR692730,195.09,0.0,51.5,D,SimuProA-5,EV_105
370.805,40.0,90.59,2000.0,0,3.56,1,47.28,4.15,32.0,65.0,210.0,EV_105,0.0,1250,0.0,DR692730_18,49.05,118788.03,DR692730,195.09,0.0,51.65,D,SimuProA-5,EV_105
385.303,0.0,90.59,600.0,0,3.62,1,47.28,4.15,10.0,-32.0,210.0,EV_105,0.025,1260,55.0,DR692730_18,49.15,118788.06,DR692730,195.09,0.0,51.75,D,SimuProA-5,EV_105
376.644,25.0,90.59,1100.0,0,3.58,1,47.27,4.14,18.0,45.0,210.0,EV_105,0.0,1270,0.0,DR692730_18,49.2,118788.11,DR692730,195.09,0.0,51.8,D,SimuProA-5,EV_105
381.764,45.0,90.59,2800.0,0,3.59,1,47.25,4.14,65.0,85.0,210.0,EV_105,0.0,0,0.0,DR692730_19,49.35,118788.29,DR692730,195.09,0.0,51.95,D,SimuProA-5,EV_105
378.074,55.0,90.59,4100.0,0,3.58,1,47.25,4.13,92.0,95.0,210.0,EV_105,0.0,10,0.0,DR692730_19,49.48,118788.55,DR692730,195.09,0.0,52.1,D,SimuProA-5,EV_105
385.235,35.0,90.59,3900.0,0,3.6,1,47.24,4.15,88.0,60.0,210.0,EV_105,0.0,20,0.0,DR692730_19,49.52,118788.79,DR692730,195.09,0.0,52.15,D,SimuProA-5,EV_105
376.041,65.0,90.59,4350.0,0,3.57,1,47.23,4.14,98.0,105.0,210.0,EV_105,0.0,30,0.0,DR692730_19,49.6,118789.06,DR692730,195.09,0.0,52.22,D,SimuProA-5,EV_105
382.59,45.0,90.59,4180.0,0,3.59,1,47.23,4.16,94.0,72.0,210.0,EV_105,0.0,40,0.0,DR692730_19,49.68,118789.32,DR692730,195.09,0.0,52.3,D,SimuProA-5,EV_105
379.726,58.0,90.59,4550.0,0,3.58,1,47.23,4.15,102.0,88.0,210.0,EV_105,0.0,50,0.0,DR692730_19,49.75,118789.61,DR692730,195.09,0.0,52.45,D,SimuProA-5,EV_105
375.235,70.0,90.59,4650.0,0,3.57,1,47.22,4.15,105.0,112.5,210.0,EV_105,0.0,60,0.0,DR692730_19,49.85,118789.9,DR692730,195.09,0.0,52.55,D,SimuProA-5,EV_105
370.775,85.0,90.59,4950.0,0,3.55,1,47.19,4.16,112.0,135.0,210.0,EV_105,0.0,70,0.0,DR692730_19,49.98,118790.21,DR692730,195.09,0.0,52.72,D,SimuProA-5,EV_105
368.61,92.0,90.59,5200.0,0,3.54,1,47.19,4.17,118.0,145.0,210.0,EV_105,0.0,80,0.0,DR692730_19,50.12,118790.54,DR692730,195.09,0.0,52.88,D,SimuProA-5,EV_105
364.526,75.0,90.59,5080.0,0,3.53,1,47.18,4.16,115.0,138.0,210.0,EV_105,0.0,90,0.0,DR692730_19,50.25,118790.86,DR692730,195.09,0.0,53.05,D,SimuProA-5,EV_105
367.18,40.0,90.59,4770.0,0,3.54,1,47.15,4.15,108.0,95.0,210.0,EV_105,0.0,100,0.0,DR692730_19,50.32,118791.16,DR692730,195.09,0.0,53.12,D,SimuProA-5,EV_105
365.456,50.0,90.59,4860.0,0,3.53,1,47.15,4.16,110.0,105.0,210.0,EV_105,0.0,110,0.0,DR692730_19,50.4,118791.46,DR692730,195.09,0.0,53.2,D,SimuProA-5,EV_105
362.75,55.0,90.59,5040.0,0,3.52,1,47.14,4.15,114.0,112.0,210.0,EV_105,0.0,120,0.0,DR692730_19,50.5,118791.78,DR692730,195.09,0.0,53.35,D,SimuProA-5,EV_105
362.274,62.0,90.59,5120.0,0,3.51,1,47.12,4.16,116.0,125.0,210.0,EV_105,0.0,130,0.0,DR692730_19,50.62,118792.1,DR692730,195.09,0.0,53.5,D,SimuProA-5,EV_105
362.52,45.0,90.59,4900.0,0,3.52,1,47.12,4.15,111.0,108.0,210.0,EV_105,0.0,140,0.0,DR692730_19,50.7,118792.41,DR692730,195.09,0.0,53.6,D,SimuProA-5,EV_105
364.548,35.0,90.59,4720.0,0,3.5,1,47.09,4.14,107.0,88.5,210.0,EV_105,0.0,150,0.0,DR692730_19,50.85,118792.71,DR692730,195.09,0.0,53.75,D,SimuProA-5,EV_105
365.924,28.0,90.59,4500.0,0,3.49,1,47.08,4.13,102.0,72.3,210.0,EV_105,0.0,160,0.0,DR692730_19,50.95,118792.99,DR692730,195.09,0.0,53.85,D,SimuProA-5,EV_105
365.291,32.0,90.59,4630.0,0,3.5,1,47.06,4.14,105.0,80.1,210.0,EV_105,0.0,170,0.0,DR692730_19,51.05,118793.28,DR692730,195.09,0.0,53.95,D,SimuProA-5,EV_105
366.72,31.0,90.59,4690.0,0,3.51,1,47.04,4.13,106.5,78.5,210.0,EV_105,0.0,180,0.0,DR692730_19,51.1,118793.58,DR692730,195.09,0.0,54.0,D,SimuProA-5,EV_105
369.913,22.0,90.59,4455.0,0,3.5,1,47.01,4.12,101.0,65.2,210.0,EV_105,0.0,190,0.0,DR692730_19,51.15,118793.86,DR692730,195.09,0.0,54.05,D,SimuProA-5,EV_105
371.286,18.0,90.59,4320.0,0,3.49,1,46.98,4.11,98.0,58.9,210.0,EV_105,0.0,200,0.0,DR692730_19,51.2,118794.13,DR692730,195.09,0.0,54.1,D,SimuProA-5,EV_105
370.799,24.0,90.59,4425.0,0,3.495,1,46.94,4.115,100.5,68.2,210.0,EV_105,0.0,210,0.0,DR692730_19,51.25,118794.41,DR692730,195.09,0.0,54.15,D,SimuProA-5,EV_105
368.13,42.0,90.59,4752.0,0,3.505,1,46.91,4.12,108.0,95.4,210.0,EV_105,0.0,220,0.0,DR692730_19,51.35,118794.71,DR692730,195.09,0.0,54.25,D,SimuProA-5,EV_105
371.73,15.0,90.59,4224.0,0,3.485,1,46.87,4.105,96.0,55.6,210.0,EV_105,0.0,230,0.0,DR692730_19,51.4,118794.98,DR692730,195.09,0.0,54.3,D,SimuProA-5,EV_105
370.473,25.0,90.59,4365.0,0,3.495,1,46.82,4.115,99.0,72.5,210.0,EV_105,0.0,240,0.0,DR692730_19,51.45,118795.25,DR692730,195.09,0.0,54.35,D,SimuProA-5,EV_105
368.846,38.0,90.59,4620.0,0,3.505,1,46.79,4.12,105.0,88.3,210.0,EV_105,0.0,250,0.0,DR692730_19,51.55,118795.55,DR692730,195.09,0.0,54.45,D,SimuProA-5,EV_105
370.841,19.0,90.59,4275.0,0,3.49,1,46.76,4.11,97.0,62.1,210.0,EV_105,0.0,260,0.0,DR692730_19,51.6,118795.82,DR692730,195.09,0.0,54.5,D,SimuProA-5,EV_105
369.062,28.0,90.59,4445.0,0,3.498,1,46.7,4.118,101.0,78.2,210.0,EV_105,0.0,270,0.0,DR692730_19,51.68,118796.1,DR692730,195.09,0.0,54.58,D,SimuProA-5,EV_105
367.773,35.0,90.59,4668.0,0,3.502,1,46.65,4.122,106.0,92.6,210.0,EV_105,0.0,280,0.0,DR692730_19,51.75,118796.4,DR692730,195.09,0.0,54.65,D,SimuProA-5,EV_105
368.823,16.0,90.59,4180.0,0,3.492,1,46.59,4.112,95.0,65.4,210.0,EV_105,0.0,290,0.0,DR692730_19,51.82,118796.66,DR692730,195.09,0.0,54.7,D,SimuProA-5,EV_105
366.736,42.0,90.59,4752.0,0,3.505,1,46.53,4.125,108.0,95.2,210.0,EV_105,0.0,300,0.0,DR692730_19,51.9,118796.96,DR692730,195.09,0.0,54.78,D,SimuProA-5,EV_105
364.458,55.0,90.59,4928.0,0,3.51,1,46.45,4.13,112.0,110.5,210.0,EV_105,0.0,310,0.0,DR692730_19,51.98,118797.27,DR692730,195.09,0.0,54.85,D,SimuProA-5,EV_105
368.596,0.0,90.59,4312.0,0,3.495,1,46.39,4.115,98.0,-25.3,210.0,EV_105,0.06,320,15.0,DR692730_19,52.05,118797.54,DR692730,195.09,0.0,54.9,D,SimuProA-5,EV_105
367.482,28.0,90.59,4488.0,0,3.508,1,46.31,4.118,102.0,78.5,210.0,EV_105,0.0,330,0.0,DR692730_19,52.12,118797.82,DR692730,195.09,0.0,54.95,D,SimuProA-5,EV_105
365.046,58.0,90.59,4840.0,0,3.512,1,46.24,4.132,110.0,115.2,210.0,EV_105,0.0,340,0.0,DR692730_19,52.2,118798.13,DR692730,195.09,0.0,55.05,D,SimuProA-5,EV_105
369.548,0.0,90.59,4048.0,0,3.498,1,46.17,4.112,92.0,-42.5,210.0,EV_105,0.08,350,22.0,DR692730_19,52.28,118798.38,DR692730,195.09,0.0,55.1,D,SimuProA-5,EV_105
361.842,85.0,90.59,5214.0,0,3.505,1,46.08,4.145,118.5,145.3,210.0,EV_105,0.0,360,0.0,DR692730_19,52.4,118798.71,DR692730,195.09,0.0,55.25,D,SimuProA-5,EV_105
367.09,0.0,90.59,4752.0,0,3.492,1,46.03,4.128,108.0,-18.4,210.0,EV_105,0.05,370,12.0,DR692730_19,52.55,118799.01,DR692730,195.09,0.0,55.35,D,SimuProA-5,EV_105
363.503,62.0,90.59,5025.0,0,3.515,1,45.95,4.138,114.2,102.6,210.0,EV_105,0.0,380,0.0,DR692730_19,52.68,118799.33,DR692730,195.09,0.0,55.5,D,SimuProA-5,EV_105
352.866,55.0,90.59,4950.0,0,3.51,1,45.91,4.135,112.5,135.8,210.0,EV_105,0.0,390,0.0,DR692730_19,52.8,118799.64,DR692730,195.09,0.0,55.65,D,SimuProA-5,EV_105
358.046,0.0,90.59,4620.0,0,3.49,1,45.91,4.12,105.0,-25.3,210.0,EV_105,0.06,400,15.0,DR692730_19,52.85,118799.93,DR692730,195.09,0.0,55.72,D,SimuProA-5,EV_105
348.465,78.0,90.59,5104.0,0,3.5,1,45.87,4.14,116.0,142.5,210.0,EV_105,0.0,410,0.0,DR692730_19,53.0,118800.26,DR692730,195.09,0.0,55.88,D,SimuProA-5,EV_105
354.43,58.0,90.59,4994.0,0,3.505,1,45.83,4.132,113.5,128.5,210.0,EV_105,0.0,420,0.0,DR692730_19,53.15,118800.58,DR692730,195.09,0.0,56.05,D,SimuProA-5,EV_105
359.767,0.0,90.59,4792.0,0,3.495,1,45.82,4.125,109.0,-15.2,210.0,EV_105,0.04,430,18.0,DR692730_19,53.2,118800.88,DR692730,195.09,0.0,56.12,D,SimuProA-5,EV_105
361.362,0.0,90.59,4682.0,0,3.49,1,45.81,4.122,106.5,-8.5,210.0,EV_105,0.03,440,10.0,DR692730_19,53.25,118801.17,DR692730,195.09,0.0,56.18,D,SimuProA-5,EV_105
357.385,45.0,90.59,4748.0,0,3.492,1,45.79,4.128,108.0,115.0,210.0,EV_105,0.0,450,0.0,DR692730_19,53.32,118801.47,DR692730,195.09,0.0,56.25,D,SimuProA-5,EV_105
352.607,55.0,90.59,4858.0,0,3.488,1,45.77,4.135,110.5,135.0,210.0,EV_105,0.0,460,0.0,DR692730_19,53.45,118801.78,DR692730,195.09,0.0,56.38,D,SimuProA-5,EV_105
348.494,65.0,90.59,4924.0,0,3.482,1,45.77,4.142,112.0,155.0,210.0,EV_105,0.0,470,0.0,DR692730_19,53.62,118802.09,DR692730,195.09,0.0,56.55,D,SimuProA-5,EV_105
345.621,50.0,90.59,4902.0,0,3.478,1,45.76,4.145,111.5,148.5,210.0,EV_105,0.0,480,0.0,DR692730_19,53.78,118802.4,DR692730,195.09,0.0,56.68,D,SimuProA-5,EV_105
344.33,58.0,90.59,4977.0,0,3.475,1,45.74,4.148,113.2,152.3,210.0,EV_105,0.0,490,0.0,DR692730_19,53.95,118802.71,DR692730,195.09,0.0,56.82,D,SimuProA-5,EV_105
346.406,0.0,90.59,4771.0,0,3.476,1,45.74,4.146,108.5,-12.4,210.0,EV_105,0.05,500,15.0,DR692730_19,54.01,118803.02,DR692730,195.09,0.0,56.88,D,SimuProA-5,EV_105
343.442,62.0,90.59,5031.0,0,3.474,1,45.71,4.149,114.5,158.2,210.0,EV_105,0.0,510,0.0,DR692730_19,54.08,118803.34,DR692730,195.09,0.0,56.95,D,SimuProA-5,EV_105
342.534,70.0,90.59,5106.0,0,3.472,1,45.7,4.151,116.2,165.5,210.0,EV_105,0.0,520,0.0,DR692730_19,54.22,118803.66,DR692730,195.09,0.0,57.08,D,SimuProA-5,EV_105
345.288,0.0,90.59,4868.0,0,3.474,1,45.69,4.148,110.8,-18.5,210.0,EV_105,0.06,530,12.0,DR692730_19,54.28,118803.97,DR692730,195.09,0.0,57.12,D,SimuProA-5,EV_105
341.598,85.0,90.59,5206.0,0,3.471,1,45.69,4.153,118.5,172.8,210.0,EV_105,0.0,540,0.0,DR692730_19,54.45,118804.3,DR692730,195.09,0.0,57.25,D,SimuProA-5,EV_105
343.843,0.0,90.59,4932.0,0,3.473,1,45.69,4.15,112.3,-22.4,210.0,EV_105,0.07,550,18.0,DR692730_19,54.5,118804.61,DR692730,195.09,0.0,57.3,D,SimuProA-5,EV_105
340.622,65.0,90.59,5086.0,0,3.47,1,45.67,4.155,115.8,168.5,210.0,EV_105,0.0,560,0.0,DR692730_19,54.62,118804.93,DR692730,195.09,0.0,57.42,D,SimuProA-5,EV_105
342.291,60.0,90.59,5029.0,0,3.471,1,45.65,4.152,114.5,158.2,210.0,EV_105,0.0,570,0.0,DR692730_19,54.75,118805.25,DR692730,195.09,0.0,57.55,D,SimuProA-5,EV_105
340.812,80.0,90.59,5234.0,0,3.468,1,45.65,4.158,119.2,175.6,210.0,EV_105,0.0,580,0.0,DR692730_19,54.92,118805.58,DR692730,195.09,0.0,57.72,D,SimuProA-5,EV_105
343.649,0.0,90.59,4954.0,0,3.47,1,45.62,4.155,112.8,-15.2,210.0,EV_105,0.05,590,8.0,DR692730_19,55.05,118805.89,DR692730,195.09,0.0,57.85,D,SimuProA-5,EV_105
339.612,85.0,90.59,5205.0,0,3.465,1,45.61,4.16,118.5,182.4,210.0,EV_105,0.0,600,0.0,DR692730_19,55.15,118806.22,DR692730,195.09,0.0,57.95,D,SimuProA-5,EV_105
341.243,55.0,90.59,4972.0,0,3.47,1,45.6,4.155,113.2,145.8,210.0,EV_105,0.0,610,0.0,DR692730_19,55.25,118806.53,DR692730,195.09,0.0,58.05,D,SimuProA-5,EV_105
337.745,90.0,90.59,5261.0,0,3.462,1,45.58,4.162,119.8,195.2,210.0,EV_105,0.0,620,0.0,DR692730_19,55.38,118806.87,DR692730,195.09,0.0,58.18,D,SimuProA-5,EV_105
334.974,75.0,90.59,5160.0,0,3.458,1,45.56,4.165,117.5,188.5,210.0,EV_105,0.0,630,0.0,DR692730_19,55.55,118807.2,DR692730,195.09,0.0,58.35,D,SimuProA-5,EV_105
342.318,45.0,90.59,4845.0,0,3.468,1,45.54,4.158,110.2,135.2,210.0,EV_105,0.0,640,0.0,DR692730_19,55.68,118807.5,DR692730,195.09,0.0,58.48,D,SimuProA-5,EV_105
333.461,88.0,90.59,5250.0,0,3.455,1,45.5,4.168,119.5,192.8,210.0,EV_105,0.0,650,0.0,DR692730_19,55.85,118807.83,DR692730,195.09,0.0,58.65,D,SimuProA-5,EV_105
331.034,92.0,90.59,5280.0,0,3.452,1,45.46,4.17,120.0,198.5,210.0,EV_105,0.0,660,0.0,DR692730_19,55.95,118808.16,DR692730,195.09,0.0,58.75,D,SimuProA-5,EV_105
338.582,60.0,90.59,5080.0,0,3.46,1,45.45,4.165,115.5,165.4,210.0,EV_105,0.0,670,0.0,DR692730_19,56.02,118808.48,DR692730,195.09,0.0,58.82,D,SimuProA-5,EV_105
335.553,65.0,90.59,5180.0,0,3.458,1,45.43,4.168,117.8,175.2,210.0,EV_105,0.0,680,0.0,DR692730_19,56.1,118808.81,DR692730,195.09,0.0,58.9,D,SimuProA-5,EV_105
333.441,55.0,90.59,5100.0,0,3.46,1,45.4,4.165,116.0,170.5,210.0,EV_105,0.0,690,0.0,DR692730_19,56.25,118809.13,DR692730,195.09,0.0,59.05,D,SimuProA-5,EV_105
336.605,40.0,90.59,4980.0,0,3.462,1,45.39,4.168,113.5,145.8,210.0,EV_105,0.0,700,0.0,DR692730_19,56.35,118809.45,DR692730,195.09,0.0,59.15,D,SimuProA-5,EV_105
334.204,48.0,90.59,5060.0,0,3.458,1,45.38,4.17,115.0,158.2,210.0,EV_105,0.0,710,0.0,DR692730_19,56.45,118809.77,DR692730,195.09,0.0,59.25,D,SimuProA-5,EV_105
331.878,45.0,90.59,5025.0,0,3.461,1,45.36,4.166,114.2,152.3,210.0,EV_105,0.0,720,0.0,DR692730_19,56.58,118810.09,DR692730,195.09,0.0,59.38,D,SimuProA-5,EV_105
333.747,38.0,90.59,4920.0,0,3.463,1,45.36,4.169,112.0,138.6,210.0,EV_105,0.0,730,0.0,DR692730_19,56.65,118810.4,DR692730,195.09,0.0,59.45,D,SimuProA-5,EV_105
331.507,52.0,90.59,5100.0,0,3.46,1,45.34,4.171,115.8,160.5,210.0,EV_105,0.0,740,0.0,DR692730_19,56.75,118810.72,DR692730,195.09,0.0,59.55,D,SimuProA-5,EV_105
332.683,42.0,90.59,5000.0,0,3.459,1,45.33,4.167,113.8,142.5,210.0,EV_105,0.0,750,0.0,DR692730_19,56.78,118811.04,DR692730,195.09,0.0,59.58,D,SimuProA-5,EV_105
334.289,35.0,90.59,4900.0,0,3.461,1,45.31,4.17,111.5,128.4,210.0,EV_105,0.0,760,0.0,DR692730_19,56.82,118811.35,DR692730,195.09,0.0,59.62,D,SimuProA-5,EV_105
335.87,30.0,90.59,4800.0,0,3.462,1,45.3,4.168,109.2,115.2,210.0,EV_105,0.0,770,0.0,DR692730_19,56.85,118811.65,DR692730,195.09,0.0,59.65,D,SimuProA-5,EV_105
333.62,28.0,90.59,4720.0,0,3.465,1,45.27,4.165,107.5,135.2,210.0,EV_105,0.0,780,0.0,DR692730_19,56.9,118811.95,DR692730,195.09,0.0,59.7,D,SimuProA-5,EV_105
334.525,25.0,90.59,4660.0,0,3.468,1,45.25,4.162,106.2,118.5,210.0,EV_105,0.0,790,0.0,DR692730_19,56.95,118812.24,DR692730,195.09,0.0,59.75,D,SimuProA-5,EV_105
335.215,24.0,90.59,4640.0,0,3.47,1,45.24,4.16,105.8,112.3,210.0,EV_105,0.0,800,0.0,DR692730_19,57.0,118812.54,DR692730,195.09,0.0,59.8,D,SimuProA-5,EV_105
335.134,28.0,90.59,4750.0,0,3.475,1,45.23,4.155,108.4,125.5,210.0,EV_105,0.0,810,0.0,DR692730_19,57.05,118812.84,DR692730,195.09,0.0,59.85,D,SimuProA-5,EV_105
332.346,35.0,90.59,4950.0,0,3.46,1,45.2,4.16,112.5,145.2,210.0,EV_105,0.0,820,0.0,DR692730_19,57.12,118813.15,DR692730,195.09,0.0,59.92,D,SimuProA-5,EV_105
335.83,22.0,90.59,4580.0,0,3.47,1,45.2,4.165,104.2,95.8,210.0,EV_105,0.0,830,0.0,DR692730_19,57.18,118813.44,DR692730,195.09,0.0,59.98,D,SimuProA-5,EV_105
334.975,30.0,90.59,4860.0,0,3.469,1,45.19,4.161,110.8,132.4,210.0,EV_105,0.0,840,0.0,DR692730_19,57.22,118813.75,DR692730,195.09,0.0,60.02,D,SimuProA-5,EV_105
336.67,20.0,90.59,4500.0,0,3.472,1,45.19,4.164,102.5,88.5,210.0,EV_105,0.0,850,0.0,DR692730_19,57.26,118814.03,DR692730,195.09,0.0,60.06,D,SimuProA-5,EV_105
332.73,38.0,90.59,5010.0,0,3.465,1,45.19,4.158,114.2,140.2,210.0,EV_105,0.0,860,0.0,DR692730_19,57.31,118814.35,DR692730,195.09,0.0,60.11,D,SimuProA-5,EV_105
333.061,28.0,90.59,4760.0,0,3.468,1,45.18,4.162,108.3,115.6,210.0,EV_105,0.0,870,0.0,DR692730_19,57.35,118814.65,DR692730,195.09,0.0,60.16,D,SimuProA-5,EV_105
337.61,20.0,90.59,4400.0,0,3.473,1,45.18,4.166,100.1,82.4,210.0,EV_105,0.0,880,0.0,DR692730_19,57.4,118814.93,DR692730,195.09,0.0,60.21,D,SimuProA-5,EV_105
332.255,42.0,90.59,5080.0,0,3.464,1,45.15,4.159,115.6,138.9,210.0,EV_105,0.0,890,0.0,DR692730_19,57.46,118815.25,DR692730,195.09,0.0,60.27,D,SimuProA-5,EV_105
328.294,45.0,90.59,5200.0,0,3.46,1,45.13,4.155,118.4,145.3,210.0,EV_105,0.0,900,0.0,DR692730_19,57.52,118815.58,DR692730,195.09,0.0,60.32,D,SimuProA-5,EV_105
330.026,32.0,90.59,4950.0,0,3.463,1,45.1,4.158,112.5,125.8,210.0,EV_105,0.0,910,0.0,DR692730_19,57.57,118815.89,DR692730,195.09,0.0,60.37,D,SimuProA-5,EV_105
327.376,48.0,90.59,5270.0,0,3.458,1,45.09,4.152,119.8,152.1,210.0,EV_105,0.0,920,0.0,DR692730_19,57.63,118816.22,DR692730,195.09,0.0,60.43,D,SimuProA-5,EV_105
325.934,52.0,90.59,5330.0,0,3.455,1,45.06,4.148,121.2,162.5,210.0,EV_105,0.0,930,0.0,DR692730_19,57.68,118816.56,DR692730,195.09,0.0,60.48,D,SimuProA-5,EV_105
327.814,38.0,90.59,5130.0,0,3.461,1,45.06,4.155,116.8,135.2,210.0,EV_105,0.0,940,0.0,DR692730_19,57.72,118816.88,DR692730,195.09,0.0,60.52,D,SimuProA-5,EV_105
331.216,0.0,90.59,4770.0,0,3.468,1,45.06,4.162,108.5,-18.5,210.0,EV_105,0.05,950,12.0,DR692730_19,57.76,118817.18,DR692730,195.09,0.0,60.56,D,SimuProA-5,EV_105
329.562,0.0,90.59,4630.0,0,3.465,1,45.04,4.16,105.2,-12.4,210.0,EV_105,0.04,960,8.5,DR692730_19,57.79,118817.47,DR692730,195.09,0.0,60.59,D,SimuProA-5,EV_105
332.334,28.0,90.59,4790.0,0,3.469,1,45.03,4.165,108.8,45.2,210.0,EV_105,0.0,970,0.0,DR692730_19,57.83,118817.77,DR692730,195.09,0.0,60.63,D,SimuProA-5,EV_105
329.899,42.0,90.59,5040.0,0,3.464,1,45.03,4.161,114.5,98.5,210.0,EV_105,0.0,980,0.0,DR692730_19,57.88,118818.09,DR692730,195.09,0.0,60.68,D,SimuProA-5,EV_105
328.029,45.0,90.59,5070.0,0,3.462,1,45.0,4.163,115.2,142.3,210.0,EV_105,0.0,990,0.0,DR692730_19,57.92,118818.41,DR692730,195.09,0.0,60.72,D,SimuProA-5,EV_105
326.903,52.0,90.59,5210.0,0,3.458,1,45.0,4.158,118.5,158.7,210.0,EV_105,0.0,1000,0.0,DR692730_19,57.98,118818.74,DR692730,195.09,0.0,60.78,D,SimuProA-5,EV_105
330.319,0.0,90.59,4930.0,0,3.465,1,44.97,4.165,112.0,-15.2,210.0,EV_105,0.06,1010,15.0,DR692730_19,58.02,118819.05,DR692730,195.09,0.0,60.82,D,SimuProA-5,EV_105
327.168,35.0,90.59,4990.0,0,3.46,1,44.9,4.16,113.2,85.3,210.0,EV_105,0.0,1020,0.0,DR692730_19,58.1,118819.36,DR692730,195.09,0.0,60.9,D,SimuProA-5,EV_105
331.281,0.0,90.59,4780.0,0,3.462,1,44.87,4.165,108.5,-25.6,210.0,EV_105,0.08,1030,12.0,DR692730_19,58.15,118819.67,DR692730,195.09,0.0,60.95,D,SimuProA-5,EV_105
328.575,38.0,90.59,4890.0,0,3.459,1,44.81,4.158,111.0,92.1,210.0,EV_105,0.0,1040,0.0,DR692730_19,58.2,118819.97,DR692730,195.09,0.0,61.02,D,SimuProA-5,EV_105
324.383,45.0,90.59,5150.0,0,3.455,1,44.76,4.162,116.8,145.2,210.0,EV_105,0.0,1050,0.0,DR692730_19,58.35,118820.29,DR692730,195.09,0.0,61.15,D,SimuProA-5,EV_105
322.366,58.0,90.59,5260.0,0,3.452,1,44.7,4.168,119.5,162.5,210.0,EV_105,0.0,1060,0.0,DR692730_19,58.52,118820.63,DR692730,195.09,0.0,61.32,D,SimuProA-5,EV_105
325.364,0.0,90.59,5030.0,0,3.458,1,44.68,4.17,114.2,-18.4,210.0,EV_105,0.07,1070,18.0,DR692730_19,58.6,118820.94,DR692730,195.09,0.0,61.4,D,SimuProA-5,EV_105
330.257,32.0,90.59,4870.0,0,3.465,1,44.62,4.172,110.5,85.3,210.0,EV_105,0.0,1080,0.0,DR692730_19,58.68,118821.25,DR692730,195.09,0.0,61.48,D,SimuProA-5,EV_105
331.991,18.0,90.59,4510.0,0,3.47,1,44.59,4.175,102.3,45.8,210.0,EV_105,0.0,1090,0.0,DR692730_19,58.72,118821.53,DR692730,195.09,0.0,61.52,D,SimuProA-5,EV_105
329.985,28.0,90.59,4790.0,0,3.468,1,44.57,4.178,108.7,68.4,210.0,EV_105,0.0,1100,0.0,DR692730_19,58.79,118821.83,DR692730,195.09,0.0,61.59,D,SimuProA-5,EV_105
331.36,22.0,90.59,4680.0,0,3.469,1,44.53,4.179,106.2,52.3,210.0,EV_105,0.0,1110,0.0,DR692730_19,58.84,118822.12,DR692730,195.09,0.0,61.64,D,SimuProA-5,EV_105
328.527,35.0,90.59,4960.0,0,3.471,1,44.49,4.181,112.5,88.7,210.0,EV_105,0.0,1120,0.0,DR692730_19,58.91,118822.44,DR692730,195.09,0.0,61.71,D,SimuProA-5,EV_105
334.244,19.0,90.59,4580.0,0,3.472,1,44.46,4.182,103.8,41.2,210.0,EV_105,0.0,1130,0.0,DR692730_19,58.98,118822.73,DR692730,195.09,0.0,61.78,D,SimuProA-5,EV_105
328.984,30.0,90.59,4830.0,0,3.473,1,44.45,4.183,109.5,75.2,210.0,EV_105,0.0,1140,0.0,DR692730_19,59.05,118823.03,DR692730,195.09,0.0,61.85,D,SimuProA-5,EV_105
332.426,20.0,90.59,4600.0,0,3.474,1,44.43,4.184,104.2,55.1,210.0,EV_105,0.0,1150,0.0,DR692730_19,59.11,118823.32,DR692730,195.09,0.0,61.91,D,SimuProA-5,EV_105
330.65,25.0,90.59,4760.0,0,3.475,1,44.42,4.185,107.8,65.8,210.0,EV_105,0.0,1160,0.0,DR692730_19,59.18,118823.62,DR692730,195.09,0.0,61.98,D,SimuProA-5,EV_105
327.156,28.0,90.59,4780.0,0,3.476,1,44.41,4.186,108.2,92.4,210.0,EV_105,0.0,1170,0.0,DR692730_19,59.24,118823.92,DR692730,195.09,0.0,62.04,D,SimuProA-5,EV_105
325.103,45.0,90.59,5010.0,0,3.478,1,44.39,4.188,113.5,115.6,210.0,EV_105,0.0,1180,0.0,DR692730_19,59.32,118824.24,DR692730,195.09,0.0,62.12,D,SimuProA-5,EV_105
329.05,22.0,90.59,4690.0,0,3.479,1,44.38,4.189,106.0,68.3,210.0,EV_105,0.0,1190,0.0,DR692730_19,59.39,118824.53,DR692730,195.09,0.0,62.19,D,SimuProA-5,EV_105
335.14,24.0,90.59,4800.0,0,3.481,1,44.36,4.19,108.5,42.5,210.0,EV_105,0.0,1200,0.0,DR692730_19,59.45,118824.83,DR692730,195.09,0.0,62.25,D,SimuProA-5,EV_105
326.159,55.0,90.59,5130.0,0,3.483,1,44.34,4.192,116.2,125.3,210.0,EV_105,0.0,1210,0.0,DR692730_19,59.58,118825.15,DR692730,195.09,0.0,62.38,D,SimuProA-5,EV_105
342.796,0.0,90.59,4520.0,0,3.485,1,44.34,4.195,102.4,-45.2,210.0,EV_105,0.05,1220,12.0,DR692730_19,59.62,118825.44,DR692730,195.09,0.0,62.42,D,SimuProA-5,EV_105
338.527,28.0,90.59,4640.0,0,3.486,1,44.31,4.196,104.8,55.2,210.0,EV_105,0.0,1230,0.0,DR692730_19,59.65,118825.73,DR692730,195.09,0.0,62.45,D,SimuProA-5,EV_105
332.422,52.0,90.59,4980.0,0,3.488,1,44.31,4.198,112.5,95.4,210.0,EV_105,0.0,1240,0.0,DR692730_19,59.7,118826.04,DR692730,195.09,0.0,62.5,D,SimuProA-5,EV_105
328.431,65.0,90.59,5220.0,0,3.49,1,44.3,4.2,118.0,108.6,210.0,EV_105,0.0,1250,0.0,DR692730_19,59.78,118826.37,DR692730,195.09,0.0,62.58,D,SimuProA-5,EV_105
325.337,70.0,90.59,5300.0,0,3.492,1,44.28,4.2,120.0,115.4,210.0,EV_105,0.0,1260,0.0,DR692730_19,59.85,118826.7,DR692730,195.09,0.0,62.65,D,SimuProA-5,EV_105
330.116,45.0,90.59,4980.0,0,3.491,1,44.27,4.198,112.5,75.2,210.0,EV_105,0.0,1270,0.0,DR692730_19,59.92,118827.02,DR692730,195.09,0.0,62.72,D,SimuProA-5,EV_105
326.128,58.0,90.59,5190.0,0,3.493,1,44.27,4.199,117.2,102.8,210.0,EV_105,0.0,0,0.0,DR692730_20,60.0,118827.34,DR692730,195.09,0.0,62.8,D,SimuProA-5,EV_105
324.724,62.0,90.59,5240.0,0,3.494,1,44.23,4.199,118.4,112.3,210.0,EV_105,0.0,10,0.0,DR692730_20,60.1,118827.67,DR692730,195.09,0.0,62.9,D,SimuProA-5,EV_105
329.106,48.0,90.59,5080.0,0,3.491,1,44.23,4.2,114.8,88.1,210.0,EV_105,0.0,20,0.0,DR692730_20,60.15,118827.99,DR692730,195.09,0.0,62.95,D,SimuProA-5,EV_105
324.965,60.0,90.59,5270.0,0,3.493,1,44.22,4.199,119.1,105.6,210.0,EV_105,0.0,30,0.0,DR692730_20,60.25,118828.32,DR692730,195.09,0.0,63.05,D,SimuProA-5,EV_105
323.821,65.0,90.59,5300.0,0,3.492,1,44.19,4.2,119.8,118.5,210.0,EV_105,0.0,40,0.0,DR692730_20,60.35,118828.65,DR692730,195.09,0.0,63.15,D,SimuProA-5,EV_105
325.371,50.0,90.59,5160.0,0,3.491,1,44.19,4.199,116.5,95.2,210.0,EV_105,0.0,50,0.0,DR692730_20,60.4,118828.98,DR692730,195.09,0.0,63.2,D,SimuProA-5,EV_105
322.131,70.0,90.59,5380.0,0,3.49,1,44.15,4.2,121.5,125.4,210.0,EV_105,0.0,60,0.0,DR692730_20,60.5,118829.31,DR692730,195.09,0.0,63.3,D,SimuProA-5,EV_105
321.901,75.0,90.59,5450.0,0,3.488,1,44.1,4.198,123.2,132.6,210.0,EV_105,0.0,70,0.0,DR692730_20,60.62,118829.65,DR692730,195.09,0.0,63.42,D,SimuProA-5,EV_105
326.549,45.0,90.59,5110.0,0,3.492,1,44.09,4.199,115.4,98.4,210.0,EV_105,0.0,80,0.0,DR692730_20,60.75,118829.97,DR692730,195.09,0.0,63.55,D,SimuProA-5,EV_105
323.318,58.0,90.59,5260.0,0,3.489,1,44.05,4.2,118.9,112.8,210.0,EV_105,0.0,90,0.0,DR692730_20,60.88,118830.3,DR692730,195.09,0.0,63.68,D,SimuProA-5,EV_105
324.511,52.0,90.59,5190.0,0,3.491,1,44.03,4.195,117.2,105.3,210.0,EV_105,0.0,100,0.0,DR692730_20,61.02,118830.63,DR692730,195.09,0.0,63.82,D,SimuProA-5,EV_105
321.384,72.0,90.59,5435.0,0,3.485,1,43.97,4.2,122.8,128.7,210.0,EV_105,0.0,110,0.0,DR692730_20,61.25,118830.97,DR692730,195.09,0.0,64.05,D,SimuProA-5,EV_105
326.055,42.0,90.59,5070.0,0,3.493,1,43.97,4.198,114.5,88.5,210.0,EV_105,0.0,120,0.0,DR692730_20,61.38,118831.28,DR692730,195.09,0.0,64.18,D,SimuProA-5,EV_105
323.998,65.0,90.59,5305.0,0,3.482,1,43.91,4.2,119.8,135.2,210.0,EV_105,0.0,130,0.0,DR692730_20,61.55,118831.61,DR692730,195.09,0.0,64.35,D,SimuProA-5,EV_105
328.159,40.0,90.59,4985.0,0,3.494,1,43.87,4.197,112.5,95.6,210.0,EV_105,0.0,140,0.0,DR692730_20,61.68,118831.93,DR692730,195.09,0.0,64.48,D,SimuProA-5,EV_105
324.691,55.0,90.59,5150.0,0,3.488,1,43.83,4.199,116.2,110.4,210.0,EV_105,0.0,150,0.0,DR692730_20,61.85,118832.25,DR692730,195.09,0.0,64.65,D,SimuProA-5,EV_105
325.956,48.0,90.59,5070.0,0,3.486,1,43.78,4.199,114.5,102.3,210.0,EV_105,0.0,160,0.0,DR692730_20,62.02,118832.57,DR692730,195.09,0.0,64.82,D,SimuProA-5,EV_105
321.885,78.0,90.59,5325.0,0,3.481,1,43.74,4.2,120.3,145.8,210.0,EV_105,0.0,170,0.0,DR692730_20,62.25,118832.9,DR692730,195.09,0.0,65.0,D,SimuProA-5,EV_105
327.739,35.0,90.59,4810.0,0,3.495,1,43.71,4.197,108.7,85.2,210.0,EV_105,0.0,180,0.0,DR692730_20,62.38,118833.2,DR692730,195.09,0.0,65.0,D,SimuProA-5,EV_105
326.723,38.0,90.59,4880.0,0,3.492,1,43.66,4.198,110.2,92.5,210.0,EV_105,0.0,190,0.0,DR692730_20,62.55,118833.51,DR692730,195.09,0.0,65.0,D,SimuProA-5,EV_105
324.047,45.0,90.59,5040.0,0,3.485,1,43.61,4.199,113.8,108.7,210.0,EV_105,0.0,200,0.0,DR692730_20,62.68,118833.82,DR692730,195.09,0.0,65.0,D,SimuProA-5,EV_105
323.202,50.0,90.59,5120.0,0,3.482,1,43.58,4.2,115.5,115.2,210.0,EV_105,0.0,210,0.0,DR692730_20,62.82,118834.14,DR692730,195.09,0.0,65.0,D,SimuProA-5,EV_105
323.391,42.0,90.59,4980.0,0,3.484,1,43.53,4.198,112.5,105.4,210.0,EV_105,0.0,220,0.0,DR692730_20,62.95,118834.45,DR692730,195.09,0.0,65.0,D,SimuProA-5,EV_105
324.64,38.0,90.59,4905.0,0,3.486,1,43.5,4.199,110.8,98.2,210.0,EV_105,0.0,230,0.0,DR692730_20,63.1,118834.76,DR692730,195.09,0.0,65.0,D,SimuProA-5,EV_105
322.037,48.0,90.59,5060.0,0,3.483,1,43.47,4.2,114.2,112.6,210.0,EV_105,0.0,240,0.0,DR692730_20,63.25,118835.08,DR692730,195.09,0.0,65.0,D,SimuProA-5,EV_105
321.468,52.0,90.59,5150.0,0,3.481,1,43.44,4.2,116.2,118.5,210.0,EV_105,0.0,250,0.0,DR692730_20,63.4,118835.4,DR692730,195.09,0.0,65.0,D,SimuProA-5,EV_105
322.214,40.0,90.59,4945.0,0,3.483,1,43.39,4.199,111.5,102.3,210.0,EV_105,0.0,260,0.0,DR692730_20,63.55,118835.71,DR692730,195.09,0.0,65.0,D,SimuProA-5,EV_105
323.018,35.0,90.59,4785.0,0,3.485,1,43.38,4.198,108.0,95.8,210.0,EV_105,0.0,270,0.0,DR692730_20,63.7,118836.01,DR692730,195.09,0.0,65.0,D,SimuProA-5,EV_105
321.277,36.0,90.59,4850.0,0,3.486,1,43.33,4.197,109.5,105.0,210.0,EV_105,0.0,280,0.0,DR692730_20,63.85,118836.31,DR692730,195.09,0.0,65.0,D,SimuProA-5,EV_105
320.39,42.0,90.59,5010.0,0,3.488,1,43.28,4.196,113.0,115.0,210.0,EV_105,0.0,290,0.0,DR692730_20,64.0,118836.63,DR692730,195.09,0.0,65.0,D,SimuProA-5,EV_105
319.064,55.0,90.59,5210.0,0,3.49,1,43.22,4.195,117.5,128.0,210.0,EV_105,0.0,300,0.0,DR692730_20,64.2,118836.95,DR692730,195.09,0.0,65.0,D,SimuProA-5,EV_105
317.494,65.0,90.59,5360.0,0,3.492,1,43.18,4.194,121.0,145.2,210.0,EV_105,0.0,310,0.0,DR692730_20,64.4,118837.29,DR692730,195.09,0.0,65.0,D,SimuProA-5,EV_105
324.515,0.0,90.59,4960.0,0,3.494,1,43.18,4.193,112.0,-35.5,210.0,EV_105,0.05,320,30.0,DR692730_20,64.5,118837.6,DR692730,195.09,0.0,65.0,D,SimuProA-5,EV_105
326.479,38.0,90.59,4665.0,0,3.495,1,43.17,4.192,105.5,78.4,210.0,EV_105,0.0,330,0.0,DR692730_20,64.6,118837.89,DR692730,195.09,0.0,65.0,D,SimuProA-5,EV_105
327.824,28.0,90.59,4540.0,0,3.496,1,43.14,4.191,102.5,52.3,210.0,EV_105,0.0,340,0.0,DR692730_20,64.8,118838.17,DR692730,195.09,0.0,65.0,D,SimuProA-5,EV_105
329.859,22.0,90.59,4345.0,0,3.497,1,43.11,4.19,98.0,45.1,210.0,EV_105,0.0,350,0.0,DR692730_20,65.0,118838.45,DR692730,195.09,0.0,65.0,D,SimuProA-5,EV_105
331.445,18.0,90.59,4188.0,0,3.498,1,43.08,4.189,94.5,38.5,210.0,EV_105,0.0,360,0.0,DR692730_20,65.0,118838.71,DR692730,195.09,0.0,65.0,D,SimuProA-5,EV_105
332.278,35.0,90.59,4263.0,0,3.499,1,43.07,4.188,96.2,62.5,210.0,EV_105,0.0,370,0.0,DR692730_20,65.0,118838.98,DR692730,195.09,0.0,65.0,D,SimuProA-5,EV_105
330.642,55.0,90.59,4476.0,0,3.501,1,43.05,4.187,100.8,88.2,210.0,EV_105,0.0,380,0.0,DR692730_20,65.0,118839.26,DR692730,195.09,0.0,65.0,D,SimuProA-5,EV_105
331.811,30.0,90.59,4395.0,0,3.502,1,43.03,4.186,99.0,55.8,210.0,EV_105,0.0,390,0.0,DR692730_20,65.0,118839.53,DR692730,195.09,0.0,65.0,D,SimuProA-5,EV_105
329.87,28.0,90.59,4328.0,0,3.503,1,43.01,4.185,97.5,68.5,210.0,EV_105,0.0,400,0.0,DR692730_20,65.0,118839.8,DR692730,195.09,0.0,65.0,D,SimuProA-5,EV_105
329.016,45.0,90.59,4490.0,0,3.504,1,42.98,4.184,101.2,82.1,210.0,EV_105,0.0,410,0.0,DR692730_20,65.0,118840.08,DR692730,195.09,0.0,65.0,D,SimuProA-5,EV_105
331.088,15.0,90.59,4215.0,0,3.505,1,42.98,4.183,95.0,48.3,210.0,EV_105,0.0,420,0.0,DR692730_20,65.0,118840.35,DR692730,195.09,0.0,65.0,D,SimuProA-5,EV_105
330.149,22.0,90.59,4270.0,0,3.506,1,42.96,4.182,96.2,58.4,210.0,EV_105,0.0,430,0.0,DR692730_20,65.0,118840.62,DR692730,195.09,0.0,65.0,D,SimuProA-5,EV_105
329.088,62.0,90.59,4595.0,0,3.508,1,42.93,4.181,103.5,95.2,210.0,EV_105,0.0,440,0.0,DR692730_20,65.0,118840.9,DR692730,195.09,0.0,65.0,D,SimuProA-5,EV_105
331.668,0.0,90.59,4350.0,0,3.509,1,42.92,4.18,98.0,-25.5,210.0,EV_105,0.05,450,12.0,DR692730_20,65.0,118841.18,DR692730,195.09,0.0,65.0,D,SimuProA-5,EV_105
328.362,55.0,90.59,4555.0,0,3.51,1,42.91,4.179,102.5,85.3,210.0,EV_105,0.0,460,0.0,DR692730_20,65.0,118841.46,DR692730,195.09,0.0,65.0,D,SimuProA-5,EV_105
327.04,75.0,90.59,4800.0,0,3.512,1,42.89,4.178,108.0,110.8,210.0,EV_105,0.0,470,0.0,DR692730_20,65.0,118841.76,DR692730,195.09,0.0,65.0,D,SimuProA-5,EV_105
330.852,0.0,90.59,4425.0,0,3.511,1,42.89,4.18,99.5,-15.2,210.0,EV_105,0.06,480,18.0,DR692730_20,65.0,118842.04,DR692730,195.09,0.0,65.0,D,SimuProA-5,EV_105
327.587,65.0,90.59,4710.0,0,3.513,1,42.88,4.179,106.0,105.0,210.0,EV_105,0.0,490,0.0,DR692730_20,65.0,118842.33,DR692730,195.09,0.0,65.0,D,SimuProA-5,EV_105
329.051,0.0,90.59,4465.0,0,3.514,1,42.87,4.18,100.5,-20.0,210.0,EV_105,0.05,500,15.0,DR692730_20,65.0,118842.61,DR692730,195.09,0.0,65.0,D,SimuProA-5,EV_105
326.939,78.0,90.59,4865.0,0,3.512,1,42.84,4.179,109.5,115.0,210.0,EV_105,0.0,510,0.0,DR692730_20,65.0,118842.92,DR692730,195.09,0.0,65.0,D,SimuProA-5,EV_105
324.215,80.0,90.59,4975.0,0,3.51,1,42.82,4.175,112.0,125.0,210.0,EV_105,0.0,520,0.0,DR692730_20,65.0,118843.23,DR692730,195.09,0.0,65.0,D,SimuProA-5,EV_105
322.51,85.0,90.59,5100.0,0,3.508,1,42.81,4.172,115.0,135.0,210.0,EV_105,0.0,530,0.0,DR692730_20,65.0,118843.55,DR692730,195.09,0.0,65.0,D,SimuProA-5,EV_105
324.257,0.0,90.59,4800.0,0,3.515,1,42.8,4.178,108.0,-18.0,210.0,EV_105,0.05,540,15.0,DR692730_20,65.0,118843.85,DR692730,195.09,0.0,65.0,D,SimuProA-5,EV_105
321.474,88.0,90.59,5175.0,0,3.505,1,42.78,4.165,116.5,140.0,210.0,EV_105,0.0,550,0.0,DR692730_20,65.0,118844.17,DR692730,195.09,0.0,65.0,D,SimuProA-5,EV_105
323.667,0.0,90.59,4660.0,0,3.512,1,42.77,4.175,105.0,-22.0,210.0,EV_105,0.06,560,35.0,DR692730_20,65.0,118844.47,DR692730,195.09,0.0,65.0,D,SimuProA-5,EV_105
332.042,65.0,90.59,4880.0,0,3.52,1,42.74,4.185,110.0,95.0,210.0,EV_105,0.0,570,0.0,DR692730_20,65.0,118844.77,DR692730,195.09,0.0,65.0,D,SimuProA-5,EV_105
320.602,70.0,90.59,4960.0,0,3.502,1,42.69,4.162,112.0,145.0,210.0,EV_105,0.0,580,0.0,DR692730_20,65.0,118845.08,DR692730,195.09,0.0,65.0,D,SimuProA-5,EV_105
319.779,92.0,90.59,5230.0,0,3.498,1,42.68,4.158,118.0,155.0,210.0,EV_105,0.0,590,0.0,DR692730_20,65.0,118845.41,DR692730,195.09,0.0,65.0,D,SimuProA-5,EV_105
322.576,0.0,90.59,4520.0,0,3.51,1,42.67,4.17,102.0,-25.0,210.0,EV_105,0.07,600,40.0,DR692730_20,65.0,118845.69,DR692730,195.09,0.0,65.0,D,SimuProA-5,EV_105
344.777,35.0,90.59,4790.0,0,3.505,1,42.65,4.168,108.5,85.0,210.0,EV_105,0.0,610,0.0,DR692730_20,65.0,118845.99,DR692730,195.09,0.0,65.0,D,SimuProA-5,EV_105
338.647,55.0,90.59,5090.0,0,3.498,1,42.65,4.16,115.0,110.0,210.0,EV_105,0.0,620,0.0,DR692730_20,65.0,118846.31,DR692730,195.09,0.0,65.0,D,SimuProA-5,EV_105
330.538,45.0,90.59,4960.0,0,3.492,1,42.62,4.155,112.0,135.0,210.0,EV_105,0.0,630,0.0,DR692730_20,65.0,118846.62,DR692730,195.09,0.0,65.0,D,SimuProA-5,EV_105
328.228,58.0,90.59,5150.0,0,3.488,1,42.61,4.152,116.5,145.0,210.0,EV_105,0.0,640,0.0,DR692730_20,65.0,118846.94,DR692730,195.09,0.0,65.0,D,SimuProA-5,EV_105
325.388,75.0,90.59,5260.0,0,3.482,1,42.58,4.148,119.0,160.0,210.0,EV_105,0.0,650,0.0,DR692730_20,65.0,118847.27,DR692730,195.09,0.0,65.0,D,SimuProA-5,EV_105
335.763,0.0,90.59,4860.0,0,3.495,1,42.57,4.16,110.0,-15.0,210.0,EV_105,0.05,660,35.0,DR692730_20,65.0,118847.58,DR692730,195.09,0.0,65.0,D,SimuProA-5,EV_105
326.166,60.0,90.59,5220.0,0,3.485,1,42.56,4.15,118.0,155.0,210.0,EV_105,0.0,670,0.0,DR692730_20,65.0,118847.91,DR692730,195.09,0.0,65.0,D,SimuProA-5,EV_105
324.825,55.0,90.59,5150.0,0,3.48,1,42.55,4.148,116.5,165.0,210.0,EV_105,0.0,680,0.0,DR692730_20,65.0,118848.23,DR692730,195.09,0.0,65.0,D,SimuProA-5,EV_105
327.562,0.0,90.59,4960.0,0,3.49,1,42.55,4.155,112.0,-20.0,210.0,EV_105,0.06,690,30.0,DR692730_20,65.0,118848.54,DR692730,195.09,0.0,65.0,D,SimuProA-5,EV_105
323.006,65.0,90.59,5240.0,0,3.475,1,42.54,4.15,118.5,170.0,210.0,EV_105,0.0,700,0.0,DR692730_20,65.0,118848.87,DR692730,195.09,0.0,65.0,D,SimuProA-5,EV_105
327.931,0.0,90.59,4650.0,0,3.492,1,42.53,4.158,105.0,-25.0,210.0,EV_105,0.08,710,40.0,DR692730_20,65.0,118849.16,DR692730,195.09,0.0,65.0,D,SimuProA-5,EV_105
324.773,70.0,90.59,5090.0,0,3.48,1,42.52,4.145,115.0,158.0,210.0,EV_105,0.0,720,0.0,DR692730_20,65.0,118849.48,DR692730,195.09,0.0,65.0,D,SimuProA-5,EV_105
324.541,60.0,90.59,5195.0,0,3.478,1,42.5,4.149,117.5,162.0,210.0,EV_105,0.0,730,0.0,DR692730_20,65.0,118849.81,DR692730,195.09,0.0,65.0,D,SimuProA-5,EV_105
326.889,0.0,90.59,5000.0,0,3.485,1,42.5,4.152,113.0,-15.0,210.0,EV_105,0.05,740,25.0,DR692730_20,65.0,118850.12,DR692730,195.09,0.0,65.0,D,SimuProA-5,EV_105
323.651,65.0,90.59,5130.0,0,3.475,1,42.49,4.147,116.0,155.0,210.0,EV_105,0.0,750,0.0,DR692730_20,65.0,118850.44,DR692730,195.09,0.0,65.0,D,SimuProA-5,EV_105
322.096,68.0,90.59,5210.0,0,3.472,1,42.47,4.145,118.0,165.0,210.0,EV_105,0.0,760,0.0,DR692730_20,65.0,118850.77,DR692730,195.09,0.0,65.0,D,SimuProA-5,EV_105
321.997,62.0,90.59,5150.0,0,3.47,1,42.46,4.142,116.5,160.0,210.0,EV_105,0.0,770,0.0,DR692730_20,65.0,118851.09,DR692730,195.09,0.0,65.0,D,SimuProA-5,EV_105
323.735,0.0,90.59,4950.0,0,3.475,1,42.46,4.148,112.0,-18.0,210.0,EV_105,0.06,780,30.0,DR692730_20,65.0,118851.4,DR692730,195.09,0.0,65.0,D,SimuProA-5,EV_105
322.002,64.0,90.59,5190.0,0,3.471,1,42.44,4.143,117.5,162.0,210.0,EV_105,0.0,790,0.0,DR692730_20,65.0,118851.73,DR692730,195.09,0.0,65.0,D,SimuProA-5,EV_105
323.753,0.0,90.59,5040.0,0,3.473,1,42.44,4.146,114.0,-12.0,210.0,EV_105,0.05,800,15.0,DR692730_20,65.0,118852.04,DR692730,195.09,0.0,65.0,D,SimuProA-5,EV_105
323.046,70.0,90.59,5220.0,0,3.47,1,42.44,4.144,118.0,158.0,210.0,EV_105,0.0,810,0.0,DR692730_20,65.0,118852.37,DR692730,195.09,0.0,65.0,D,SimuProA-5,EV_105
321.448,75.0,90.59,5260.0,0,3.472,1,42.42,4.145,119.0,165.0,210.0,EV_105,0.0,820,0.0,DR692730_20,65.0,118852.7,DR692730,195.09,0.0,65.0,D,SimuProA-5,EV_105
322.878,0.0,90.59,5130.0,0,3.474,1,42.41,4.147,116.0,-15.0,210.0,EV_105,0.07,830,20.0,DR692730_20,65.0,118853.02,DR692730,195.09,0.0,65.0,D,SimuProA-5,EV_105
321.627,60.0,90.59,5085.0,0,3.471,1,42.4,4.144,115.0,155.0,210.0,EV_105,0.0,840,0.0,DR692730_20,65.0,118853.34,DR692730,195.09,0.0,65.0,D,SimuProA-5,EV_105
320.953,65.0,90.59,5180.0,0,3.47,1,42.37,4.143,117.5,160.0,210.0,EV_105,0.0,850,0.0,DR692730_20,65.0,118853.67,DR692730,195.09,0.0,65.0,D,SimuProA-5,EV_105
320.858,55.0,90.59,5085.0,0,3.472,1,42.35,4.145,115.0,145.0,210.0,EV_105,0.0,860,0.0,DR692730_20,65.0,118853.99,DR692730,195.09,0.0,65.0,D,SimuProA-5,EV_105
319.161,78.0,90.59,5260.0,0,3.468,1,42.34,4.142,119.0,170.0,210.0,EV_105,0.0,870,0.0,DR692730_20,65.0,118854.32,DR692730,195.09,0.0,65.0,D,SimuProA-5,EV_105
318.251,72.0,90.59,5215.0,0,3.467,1,42.31,4.141,118.0,165.0,210.0,EV_105,0.0,880,0.0,DR692730_20,65.0,118854.65,DR692730,195.09,0.0,65.0,D,SimuProA-5,EV_105
317.412,82.0,90.59,5280.0,0,3.466,1,42.28,4.14,119.5,175.0,210.0,EV_105,0.0,890,0.0,DR692730_20,65.0,118854.98,DR692730,195.09,0.0,65.0,D,SimuProA-5,EV_105
317.076,85.0,90.59,5300.0,0,3.465,1,42.25,4.139,120.0,180.0,210.0,EV_105,0.0,900,0.0,DR692730_20,65.0,118855.31,DR692730,195.09,0.0,65.0,D,SimuProA-5,EV_105
315.155,45.0,90.59,5155.0,0,3.462,1,42.21,4.135,116.5,155.0,210.0,EV_105,0.0,910,0.0,DR692730_20,65.0,118855.63,DR692730,195.09,0.0,65.0,D,SimuProA-5,EV_105
317.028,0.0,90.59,4955.0,0,3.463,1,42.2,4.138,112.0,-25.0,210.0,EV_105,0.04,920,12.0,DR692730_20,65.0,118855.94,DR692730,195.09,0.0,65.0,D,SimuProA-5,EV_105
318.436,35.0,90.59,4775.0,0,3.466,1,42.18,4.142,108.0,95.0,210.0,EV_105,0.0,930,0.0,DR692730_20,65.0,118856.24,DR692730,195.09,0.0,65.0,D,SimuProA-5,EV_105
317.337,55.0,90.59,5040.0,0,3.464,1,42.14,4.138,114.0,145.0,210.0,EV_105,0.0,940,0.0,DR692730_20,65.0,118856.56,DR692730,195.09,0.0,65.0,D,SimuProA-5,EV_105
315.471,75.0,90.59,5235.0,0,3.461,1,42.08,4.135,118.5,165.0,210.0,EV_105,0.0,950,0.0,DR692730_20,65.0,118856.89,DR692730,195.09,0.0,65.0,D,SimuProA-5,EV_105
317.013,0.0,90.59,4850.0,0,3.463,1,42.05,4.14,110.0,-15.0,210.0,EV_105,0.03,960,8.0,DR692730_20,65.0,118857.19,DR692730,195.09,0.0,65.0,D,SimuProA-5,EV_105
314.159,85.0,90.59,5300.0,0,3.458,1,42.0,4.133,120.0,185.0,210.0,EV_105,0.0,970,0.0,DR692730_20,65.0,118857.52,DR692730,195.09,0.0,65.0,D,SimuProA-5,EV_105
318.58,45.0,90.59,5075.0,0,3.464,1,42.0,4.139,115.0,120.0,210.0,EV_105,0.0,980,0.0,DR692730_20,65.0,118857.84,DR692730,195.09,0.0,65.0,D,SimuProA-5,EV_105
315.892,65.0,90.59,5210.0,0,3.46,1,41.95,4.136,118.0,155.0,210.0,EV_105,0.0,990,0.0,DR692730_20,65.0,118858.17,DR692730,195.09,0.0,65.0,D,SimuProA-5,EV_105
312.034,70.0,90.59,5255.0,0,3.455,1,41.94,4.138,119.0,175.0,210.0,EV_105,0.0,1000,0.0,DR692730_20,65.0,118858.5,DR692730,195.09,0.0,65.0,D,SimuProA-5,EV_105
316.304,40.0,90.59,5035.0,0,3.46,1,41.91,4.14,114.0,110.0,210.0,EV_105,0.0,1010,0.0,DR692730_20,65.0,118858.82,DR692730,195.09,0.0,65.0,D,SimuProA-5,EV_105
319.794,0.0,90.59,4635.0,0,3.465,1,41.91,4.145,105.0,-45.0,210.0,EV_105,0.05,1020,15.0,DR692730_20,65.0,118859.11,DR692730,195.09,0.0,65.0,D,SimuProA-5,EV_105
322.697,35.0,90.59,4760.0,0,3.468,1,41.9,4.148,108.0,95.0,210.0,EV_105,0.0,1030,0.0,DR692730_20,65.0,118859.41,DR692730,195.09,0.0,65.0,D,SimuProA-5,EV_105
317.825,55.0,90.59,4940.0,0,3.462,1,41.88,4.142,112.0,135.0,210.0,EV_105,0.0,1040,0.0,DR692730_20,65.0,118859.72,DR692730,195.09,0.0,65.0,D,SimuProA-5,EV_105
320.842,30.0,90.59,4805.0,0,3.465,1,41.88,4.145,109.0,85.0,210.0,EV_105,0.0,1050,0.0,DR692730_20,65.0,118860.02,DR692730,195.09,0.0,65.0,D,SimuProA-5,EV_105
314.997,65.0,90.59,5200.0,0,3.458,1,41.83,4.14,118.0,145.0,210.0,EV_105,0.0,1060,0.0,DR692730_20,65.0,118860.35,DR692730,195.09,0.0,65.0,D,SimuProA-5,EV_105
321.76,0.0,90.59,4500.0,0,3.466,1,41.83,4.148,102.0,-35.0,210.0,EV_105,0.04,1070,25.0,DR692730_20,65.0,118860.63,DR692730,195.09,0.0,65.0,D,SimuProA-5,EV_105
318.636,45.0,90.59,4900.0,0,3.462,1,41.82,4.145,111.0,105.0,210.0,EV_105,0.0,1080,0.0,DR692730_20,65.0,118860.94,DR692730,195.09,0.0,65.0,D,SimuProA-5,EV_105
322.819,40.0,90.59,5060.0,0,3.463,1,41.8,4.146,115.0,92.0,210.0,EV_105,0.0,1090,0.0,DR692730_20,65.0,118861.26,DR692730,195.09,0.0,65.0,D,SimuProA-5,EV_105
315.173,60.0,90.59,5236.0,0,3.459,1,41.79,4.15,119.0,140.0,210.0,EV_105,0.0,1100,0.0,DR692730_20,65.0,118861.59,DR692730,195.09,0.0,65.0,D,SimuProA-5,EV_105
319.337,0.0,90.59,4664.0,0,3.464,1,41.79,4.149,106.0,-25.0,210.0,EV_105,0.06,1110,15.0,DR692730_20,65.0,118861.88,DR692730,195.09,0.0,65.0,D,SimuProA-5,EV_105
328.128,35.0,90.59,4750.0,0,3.462,1,41.78,4.148,108.0,85.0,210.0,EV_105,0.0,1120,0.0,DR692730_20,65.0,118862.18,DR692730,195.09,0.0,65.0,D,SimuProA-5,EV_105
330.285,30.0,90.59,4620.0,0,3.463,1,41.77,4.149,105.0,75.0,210.0,EV_105,0.0,1130,0.0,DR692730_20,65.0,118862.47,DR692730,195.09,0.0,65.0,D,SimuProA-5,EV_105
327.482,42.0,90.59,4930.0,0,3.461,1,41.76,4.147,112.0,95.0,210.0,EV_105,0.0,1140,0.0,DR692730_20,65.0,118862.78,DR692730,195.09,0.0,65.0,D,SimuProA-5,EV_105
325.016,45.0,90.59,5075.0,0,3.462,1,41.74,4.148,115.0,105.0,210.0,EV_105,0.0,1150,0.0,DR692730_20,65.0,118863.1,DR692730,195.09,0.0,65.0,D,SimuProA-5,EV_105
322.344,55.0,90.59,5206.0,0,3.461,1,41.73,4.147,118.0,130.0,210.0,EV_105,0.0,1160,0.0,DR692730_20,65.0,118863.43,DR692730,195.09,0.0,65.0,D,SimuProA-5,EV_105
336.058,0.0,90.59,4500.0,0,3.465,1,41.72,4.15,102.0,-15.0,210.0,EV_105,0.04,1170,10.0,DR692730_20,65.0,118863.71,DR692730,195.09,0.0,65.0,D,SimuProA-5,EV_105
323.69,48.0,90.59,5100.0,0,3.46,1,41.71,4.146,116.0,110.0,210.0,EV_105,0.0,1180,0.0,DR692730_20,65.0,118864.03,DR692730,195.09,0.0,65.0,D,SimuProA-5,EV_105
335.48,0.0,90.59,4400.0,0,3.466,1,41.71,4.152,100.0,-25.0,210.0,EV_105,0.05,1190,15.0,DR692730_20,65.0,118864.31,DR692730,195.09,0.0,65.0,D,SimuProA-5,EV_105
327.095,38.0,90.59,4750.0,0,3.462,1,41.7,4.148,108.0,85.0,210.0,EV_105,0.0,1200,0.0,DR692730_20,65.0,118864.61,DR692730,195.09,0.0,65.0,D,SimuProA-5,EV_105
334.33,0.0,90.59,4200.0,0,3.464,1,41.68,4.151,95.0,-18.5,210.0,EV_105,0.04,1210,12.0,DR692730_20,65.0,118864.87,DR692730,195.09,0.0,65.0,D,SimuProA-5,EV_105
326.234,42.0,90.59,4650.0,0,3.461,1,41.67,4.148,105.0,95.0,210.0,EV_105,0.0,1220,0.0,DR692730_20,65.0,118865.17,DR692730,195.09,0.0,65.0,D,SimuProA-5,EV_105
322.662,50.0,90.59,5100.0,0,3.46,1,41.67,4.147,115.0,125.0,210.0,EV_105,0.0,1230,0.0,DR692730_20,65.0,118865.49,DR692730,195.09,0.0,65.0,D,SimuProA-5,EV_105
328.561,45.0,90.59,5220.0,0,3.463,1,41.65,4.149,118.0,110.0,210.0,EV_105,0.0,1240,0.0,DR692730_20,65.0,118865.82,DR692730,195.09,0.0,65.0,D,SimuProA-5,EV_105
331.651,0.0,90.59,4960.0,0,3.465,1,41.64,4.15,112.0,-15.0,210.0,EV_105,0.03,1250,8.0,DR692730_20,65.0,118866.13,DR692730,195.09,0.0,65.0,D,SimuProA-5,EV_105
326.124,40.0,90.59,5130.0,0,3.461,1,41.64,4.148,116.0,105.0,210.0,EV_105,0.0,1260,0.0,DR692730_20,65.0,118866.45,DR692730,195.09,0.0,65.0,D,SimuProA-5,EV_105
321.135,55.0,90.59,5260.0,0,3.458,1,41.61,4.152,119.0,145.0,210.0,EV_105,0.0,1270,0.0,DR692730_20,65.0,118866.78,DR692730,195.09,0.0,65.0,D,SimuProA-5,EV_105
324.357,38.0,90.59,4995.0,0,3.462,1,41.61,4.15,113.0,108.0,210.0,EV_105,0.0,0,0.0,DR692730_21,65.0,118867.09,DR692730,195.09,0.0,65.0,D,SimuProA-5,EV_105
327.212,0.0,90.59,4775.0,0,3.46,1,41.6,4.155,108.0,-22.0,210.0,EV_105,0.04,10,12.0,DR692730_21,65.0,118867.39,DR692730,195.09,0.0,65.0,D,SimuProA-5,EV_105
322.331,45.0,90.59,4860.0,0,3.461,1,41.58,4.153,110.0,125.0,210.0,EV_105,0.0,20,0.0,DR692730_21,65.0,118867.7,DR692730,195.09,0.0,65.0,D,SimuProA-5,EV_105
327.21,0.0,90.59,4510.0,0,3.462,1,41.58,4.154,102.0,-18.0,210.0,EV_105,0.035,30,15.0,DR692730_21,65.0,118867.98,DR692730,195.09,0.0,65.0,D,SimuProA-5,EV_105
329.879,40.0,90.59,4775.0,0,3.463,1,41.56,4.155,108.0,85.0,210.0,EV_105,0.0,40,0.0,DR692730_21,65.0,118868.28,DR692730,195.09,0.0,65.0,D,SimuProA-5,EV_105
326.194,42.0,90.59,4950.0,0,3.464,1,41.52,4.156,112.0,115.0,210.0,EV_105,0.0,50,0.0,DR692730_21,65.0,118868.59,DR692730,195.09,0.0,65.0,D,SimuProA-5,EV_105
323.131,65.0,90.59,5220.0,0,3.46,1,41.5,4.158,118.0,135.0,210.0,EV_105,0.0,60,0.0,DR692730_21,65.0,118868.92,DR692730,195.09,0.0,65.0,D,SimuProA-5,EV_105
328.446,0.0,90.59,4640.0,0,3.465,1,41.48,4.159,105.0,-35.0,210.0,EV_105,0.05,70,18.0,DR692730_21,65.0,118869.21,DR692730,195.09,0.0,65.0,D,SimuProA-5,EV_105
330.669,35.0,90.59,4685.0,0,3.463,1,41.45,4.158,106.0,75.0,210.0,EV_105,0.0,80,0.0,DR692730_21,65.0,118869.5,DR692730,195.09,0.0,65.0,D,SimuProA-5,EV_105
328.543,45.0,90.59,4860.0,0,3.461,1,41.44,4.159,110.0,95.0,210.0,EV_105,0.0,90,0.0,DR692730_21,65.0,118869.81,DR692730,195.09,0.0,65.0,D,SimuProA-5,EV_105
327.407,38.0,90.59,4770.0,0,3.462,1,41.44,4.157,108.0,80.0,210.0,EV_105,0.0,100,0.0,DR692730_21,65.0,118870.11,DR692730,195.09,0.0,65.0,D,SimuProA-5,EV_105
326.189,42.0,90.59,4950.0,0,3.462,1,41.43,4.158,112.0,110.5,210.0,EV_105,0.0,110,0.0,DR692730_21,65.0,118870.42,DR692730,195.09,0.0,65.0,D,SimuProA-5,EV_105
323.651,55.0,90.59,5260.0,0,3.461,1,41.42,4.159,119.0,145.2,210.0,EV_105,0.0,120,0.0,DR692730_21,65.0,118870.75,DR692730,195.09,0.0,65.0,D,SimuProA-5,EV_105
321.355,75.0,90.59,5300.0,0,3.46,1,41.41,4.16,120.0,175.8,210.0,EV_105,0.0,130,0.0,DR692730_21,65.0,118871.08,DR692730,195.09,0.0,65.0,D,SimuProA-5,EV_105
319.838,70.0,90.59,5230.0,0,3.459,1,41.4,4.158,118.5,168.5,210.0,EV_105,0.0,140,0.0,DR692730_21,65.0,118871.41,DR692730,195.09,0.0,65.0,D,SimuProA-5,EV_105
321.905,55.0,90.59,5080.0,0,3.46,1,41.38,4.159,115.0,125.0,210.0,EV_105,0.0,150,0.0,DR692730_21,65.0,118871.73,DR692730,195.09,0.0,65.0,D,SimuProA-5,EV_105
324.153,45.0,90.59,4950.0,0,3.461,1,41.38,4.157,112.0,98.2,210.0,EV_105,0.0,160,0.0,DR692730_21,65.0,118872.04,DR692730,195.09,0.0,65.0,D,SimuProA-5,EV_105
323.78,48.0,90.59,5000.0,0,3.46,1,41.37,4.158,113.2,105.4,210.0,EV_105,0.0,170,0.0,DR692730_21,65.0,118872.35,DR692730,195.09,0.0,65.0,D,SimuProA-5,EV_105
325.606,40.0,90.59,4880.0,0,3.461,1,41.37,4.159,110.5,85.6,210.0,EV_105,0.0,180,0.0,DR692730_21,65.0,118872.66,DR692730,195.09,0.0,65.0,D,SimuProA-5,EV_105
323.215,52.0,90.59,5070.0,0,3.462,1,41.36,4.16,114.8,120.3,210.0,EV_105,0.0,190,0.0,DR692730_21,65.0,118872.98,DR692730,195.09,0.0,65.0,D,SimuProA-5,EV_105
322.37,42.0,90.59,4920.0,0,3.461,1,41.35,4.158,111.2,110.5,210.0,EV_105,0.0,200,0.0,DR692730_21,65.0,118873.29,DR692730,195.09,0.0,65.0,D,SimuProA-5,EV_105
324.919,38.0,90.59,4800.0,0,3.46,1,41.33,4.159,108.5,88.4,210.0,EV_105,0.0,210,0.0,DR692730_21,65.0,118873.59,DR692730,195.09,0.0,65.0,D,SimuProA-5,EV_105
321.437,65.0,90.59,5150.0,0,3.459,1,41.31,4.16,116.4,135.2,210.0,EV_105,0.0,220,0.0,DR692730_21,65.0,118873.91,DR692730,195.09,0.0,65.0,D,SimuProA-5,EV_105
323.178,45.0,90.59,4980.0,0,3.461,1,41.28,4.159,112.8,105.4,210.0,EV_105,0.0,230,0.0,DR692730_21,65.0,118874.22,DR692730,195.09,0.0,65.0,D,SimuProA-5,EV_105
320.941,68.0,90.59,5240.0,0,3.458,1,41.27,4.16,118.5,142.6,210.0,EV_105,0.0,240,0.0,DR692730_21,65.0,118874.55,DR692730,195.09,0.0,65.0,D,SimuProA-5,EV_105
324.555,0.0,90.59,4650.0,0,3.462,1,41.26,4.158,105.2,-25.3,210.0,EV_105,0.04,250,15.0,DR692730_21,65.0,118874.84,DR692730,195.09,0.0,65.0,D,SimuProA-5,EV_105
322.347,55.0,90.59,5050.0,0,3.455,1,41.22,4.162,114.2,128.5,210.0,EV_105,0.0,260,0.0,DR692730_21,65.0,118875.16,DR692730,195.09,0.0,65.0,D,SimuProA-5,EV_105
318.775,72.0,90.59,5350.0,0,3.452,1,41.22,4.165,120.8,148.3,210.0,EV_105,0.0,270,0.0,DR692730_21,65.0,118875.49,DR692730,195.09,0.0,65.0,D,SimuProA-5,EV_105
322.16,0.0,90.59,4800.0,0,3.46,1,41.19,4.16,108.5,-18.5,210.0,EV_105,0.05,280,12.0,DR692730_21,65.0,118875.79,DR692730,195.09,0.0,65.0,D,SimuProA-5,EV_105
318.61,75.0,90.59,5410.0,0,3.454,1,41.19,4.163,122.3,155.4,210.0,EV_105,0.0,290,0.0,DR692730_21,65.0,118876.13,DR692730,195.09,0.0,65.0,D,SimuProA-5,EV_105
322.189,0.0,90.59,4880.0,0,3.459,1,41.19,4.161,110.5,-22.1,210.0,EV_105,0.04,300,18.0,DR692730_21,65.0,118876.44,DR692730,195.09,0.0,65.0,D,SimuProA-5,EV_105
319.265,62.0,90.59,5120.0,0,3.453,1,41.16,4.164,115.8,135.2,210.0,EV_105,0.0,310,0.0,DR692730_21,65.0,118876.76,DR692730,195.09,0.0,65.0,D,SimuProA-5,EV_105
317.717,78.0,90.59,5510.0,0,3.448,1,41.11,4.168,124.5,162.5,210.0,EV_105,0.0,320,0.0,DR692730_21,65.0,118877.11,DR692730,195.09,0.0,65.0,D,SimuProA-5,EV_105
321.627,0.0,90.59,4950.0,0,3.455,1,41.11,4.165,112.0,-15.2,210.0,EV_105,0.06,330,15.0,DR692730_21,65.0,118877.42,DR692730,195.09,0.0,65.0,D,SimuProA-5,EV_105
318.278,70.0,90.59,5360.0,0,3.45,1,41.06,4.166,121.2,145.8,210.0,EV_105,0.0,340,0.0,DR692730_21,65.0,118877.75,DR692730,195.09,0.0,65.0,D,SimuProA-5,EV_105
314.448,68.0,90.59,5230.0,0,3.445,1,40.99,4.169,118.4,155.3,210.0,EV_105,0.0,350,0.0,DR692730_21,65.0,118878.08,DR692730,195.09,0.0,65.0,D,SimuProA-5,EV_105
320.378,0.0,90.59,4650.0,0,3.452,1,40.95,4.167,105.2,-18.5,210.0,EV_105,0.05,360,12.0,DR692730_21,65.0,118878.37,DR692730,195.09,0.0,65.0,D,SimuProA-5,EV_105
316.405,65.0,90.59,4990.0,0,3.447,1,40.91,4.17,112.8,140.6,210.0,EV_105,0.0,370,0.0,DR692730_21,65.0,118878.68,DR692730,195.09,0.0,65.0,D,SimuProA-5,EV_105
318.462,60.0,90.59,5100.0,0,3.45,1,40.85,4.168,115.5,135.2,210.0,EV_105,0.0,380,0.0,DR692730_21,65.0,118879.0,DR692730,195.09,0.0,65.0,D,SimuProA-5,EV_105
315.393,72.0,90.59,5260.0,0,3.448,1,40.79,4.172,119.0,148.5,210.0,EV_105,0.0,390,0.0,DR692730_21,65.0,118879.33,DR692730,195.09,0.0,65.0,D,SimuProA-5,EV_105
312.059,65.0,90.59,5140.0,0,3.442,1,40.73,4.175,116.2,165.0,210.0,EV_105,0.0,400,0.0,DR692730_21,65.0,118879.65,DR692730,195.09,0.0,65.0,D,SimuProA-5,EV_105
314.042,62.0,90.59,5198.0,0,3.445,1,40.71,4.178,117.5,152.3,210.0,EV_105,0.0,410,0.0,DR692730_21,65.0,118879.98,DR692730,195.09,0.0,65.0,D,SimuProA-5,EV_105
317.05,55.0,90.59,5043.0,0,3.448,1,40.71,4.175,114.0,138.7,210.0,EV_105,0.0,420,0.0,DR692730_21,65.0,118880.29,DR692730,195.09,0.0,65.0,D,SimuProA-5,EV_105
313.966,70.0,90.59,5302.0,0,3.44,1,40.68,4.18,119.8,160.1,210.0,EV_105,0.0,430,0.0,DR692730_21,65.0,118880.63,DR692730,195.09,0.0,65.0,D,SimuProA-5,EV_105
311.451,68.0,90.59,5235.0,0,3.441,1,40.64,4.182,118.5,162.5,210.0,EV_105,0.0,440,0.0,DR692730_21,65.0,118880.96,DR692730,195.09,0.0,65.0,D,SimuProA-5,EV_105
314.091,58.0,90.59,5082.0,0,3.444,1,40.64,4.179,115.0,145.2,210.0,EV_105,0.0,450,0.0,DR692730_21,65.0,118881.28,DR692730,195.09,0.0,65.0,D,SimuProA-5,EV_105
310.507,75.0,90.59,5264.0,0,3.439,1,40.61,4.185,119.2,170.8,210.0,EV_105,0.0,460,0.0,DR692730_21,65.0,118881.61,DR692730,195.09,0.0,65.0,D,SimuProA-5,EV_105
309.944,72.0,90.59,5212.0,0,3.435,1,40.58,4.188,118.0,175.3,210.0,EV_105,0.0,470,0.0,DR692730_21,65.0,118881.94,DR692730,195.09,0.0,65.0,D,SimuProA-5,EV_105
312.42,60.0,90.59,5012.0,0,3.442,1,40.55,4.184,113.5,155.6,210.0,EV_105,0.0,480,0.0,DR692730_21,65.0,118882.25,DR692730,195.09,0.0,65.0,D,SimuProA-5,EV_105
308.747,78.0,90.59,5295.0,0,3.432,1,40.52,4.19,119.8,182.1,210.0,EV_105,0.0,490,0.0,DR692730_21,65.0,118882.59,DR692730,195.09,0.0,65.0,D,SimuProA-5,EV_105
311.584,65.0,90.59,5152.0,0,3.438,1,40.48,4.186,116.5,165.4,210.0,EV_105,0.0,500,0.0,DR692730_21,65.0,118882.91,DR692730,195.09,0.0,65.0,D,SimuProA-5,EV_105
307.537,82.0,90.59,5350.0,0,3.43,1,40.44,4.192,121.0,188.5,210.0,EV_105,0.0,510,0.0,DR692730_21,65.0,118883.25,DR692730,195.09,0.0,65.0,D,SimuProA-5,EV_105
313.849,45.0,90.59,4864.0,0,3.44,1,40.43,4.188,110.0,140.2,210.0,EV_105,0.02,520,5.0,DR692730_21,65.0,118883.56,DR692730,195.09,0.0,65.0,D,SimuProA-5,EV_105
305.989,85.0,90.59,5418.0,0,3.435,1,40.38,4.195,122.5,195.3,210.0,EV_105,0.0,530,0.0,DR692730_21,65.0,118883.9,DR692730,195.09,0.0,65.0,D,SimuProA-5,EV_105
310.424,55.0,90.59,5096.0,0,3.441,1,40.37,4.19,115.2,148.7,210.0,EV_105,0.0,540,0.0,DR692730_21,65.0,118884.22,DR692730,195.09,0.0,65.0,D,SimuProA-5,EV_105
313.81,40.0,90.59,4812.0,0,3.445,1,40.35,4.187,108.8,125.4,210.0,EV_105,0.0,550,0.0,DR692730_21,65.0,118884.52,DR692730,195.09,0.0,65.0,D,SimuProA-5,EV_105
308.258,75.0,90.59,5254.0,0,3.438,1,40.31,4.19,118.5,165.4,210.0,EV_105,0.0,560,0.0,DR692730_21,65.0,118884.85,DR692730,195.09,0.0,65.0,D,SimuProA-5,EV_105
303.621,88.0,90.59,5465.0,0,3.432,1,40.29,4.194,123.2,192.8,210.0,EV_105,0.0,570,0.0,DR692730_21,65.0,118885.19,DR692730,195.09,0.0,65.0,D,SimuProA-5,EV_105
309.459,52.0,90.59,4982.0,0,3.44,1,40.28,4.189,112.4,145.6,210.0,EV_105,0.0,580,0.0,DR692730_21,65.0,118885.5,DR692730,195.09,0.0,65.0,D,SimuProA-5,EV_105
312.373,45.0,90.59,4895.0,0,3.442,1,40.25,4.192,110.5,138.2,210.0,EV_105,0.0,590,0.0,DR692730_21,65.0,118885.81,DR692730,195.09,0.0,65.0,D,SimuProA-5,EV_105
306.252,68.0,90.59,5180.0,0,3.435,1,40.23,4.195,116.8,175.4,210.0,EV_105,0.0,600,0.0,DR692730_21,65.0,118886.13,DR692730,195.09,0.0,65.0,D,SimuProA-5,EV_105
315.382,0.0,90.59,4520.0,0,3.444,1,40.23,4.193,102.1,-18.5,210.0,EV_105,0.05,610,15.0,DR692730_21,65.0,118886.41,DR692730,195.09,0.0,65.0,D,SimuProA-5,EV_105
309.699,58.0,90.59,5075.0,0,3.438,1,40.19,4.191,114.5,165.3,210.0,EV_105,0.0,620,0.0,DR692730_21,65.0,118886.73,DR692730,195.09,0.0,65.0,D,SimuProA-5,EV_105
314.347,0.0,90.59,4800.0,0,3.445,1,40.19,4.195,108.2,-12.4,210.0,EV_105,0.04,630,10.0,DR692730_21,65.0,118887.03,DR692730,195.09,0.0,65.0,D,SimuProA-5,EV_105
312.024,50.0,90.59,5000.0,0,3.441,1,40.18,4.193,112.8,148.7,210.0,EV_105,0.0,640,0.0,DR692730_21,65.0,118887.34,DR692730,195.09,0.0,65.0,D,SimuProA-5,EV_105
305.725,72.0,90.59,5240.0,0,3.432,1,40.16,4.196,118.2,182.5,210.0,EV_105,0.0,650,0.0,DR692730_21,65.0,118887.67,DR692730,195.09,0.0,65.0,D,SimuProA-5,EV_105
311.969,0.0,90.59,4670.0,0,3.438,1,40.15,4.194,105.4,-25.3,210.0,EV_105,0.06,660,18.0,DR692730_21,65.0,118887.96,DR692730,195.09,0.0,65.0,D,SimuProA-5,EV_105
307.1,55.0,90.59,5030.0,0,3.435,1,40.14,4.195,113.5,155.8,210.0,EV_105,0.0,670,0.0,DR692730_21,65.0,118888.28,DR692730,195.09,0.0,65.0,D,SimuProA-5,EV_105
313.84,48.0,90.59,4945.0,0,3.436,1,40.11,4.196,111.5,145.2,210.0,EV_105,0.0,680,0.0,DR692730_21,65.0,118888.59,DR692730,195.09,0.0,65.0,D,SimuProA-5,EV_105
310.142,62.0,90.59,5185.0,0,3.434,1,40.09,4.197,116.8,162.5,210.0,EV_105,0.0,690,0.0,DR692730_21,65.0,118888.91,DR692730,195.09,0.0,65.0,D,SimuProA-5,EV_105
316.222,0.0,90.59,4625.0,0,3.439,1,40.09,4.198,104.2,-18.5,210.0,EV_105,0.05,700,12.0,DR692730_21,65.0,118889.2,DR692730,195.09,0.0,65.0,D,SimuProA-5,EV_105
314.809,58.0,90.59,5080.0,0,3.435,1,40.06,4.198,114.5,158.2,210.0,EV_105,0.0,710,0.0,DR692730_21,65.0,118889.52,DR692730,195.09,0.0,65.0,D,SimuProA-5,EV_105
313.002,65.0,90.59,5200.0,0,3.433,1,40.04,4.199,117.2,165.4,210.0,EV_105,0.0,720,0.0,DR692730_21,65.0,118889.84,DR692730,195.09,0.0,65.0,D,SimuProA-5,EV_105
314.685,0.0,90.59,4815.0,0,3.44,1,40.02,4.2,108.5,-15.2,210.0,EV_105,0.04,730,10.0,DR692730_21,65.0,118890.14,DR692730,195.09,0.0,65.0,D,SimuProA-5,EV_105
308.521,68.0,90.59,5265.0,0,3.43,1,39.99,4.195,118.5,170.2,210.0,EV_105,0.0,740,0.0,DR692730_21,65.0,118890.47,DR692730,195.09,0.0,65.0,D,SimuProA-5,EV_105
312.476,0.0,90.59,4670.0,0,3.432,1,39.99,4.196,105.2,-22.4,210.0,EV_105,0.06,750,15.0,DR692730_21,65.0,118890.76,DR692730,195.09,0.0,65.0,D,SimuProA-5,EV_105
309.263,64.0,90.59,5155.0,0,3.436,1,39.99,4.198,116.0,168.5,210.0,EV_105,0.0,760,0.0,DR692730_21,65.0,118891.08,DR692730,195.09,0.0,65.0,D,SimuProA-5,EV_105
307.769,62.0,90.59,5265.0,0,3.435,1,39.96,4.198,118.5,172.3,210.0,EV_105,0.0,770,0.0,DR692730_21,65.0,118891.41,DR692730,195.09,0.0,65.0,D,SimuProA-5,EV_105
307.22,75.0,90.59,5320.0,0,3.432,1,39.94,4.197,120.0,185.6,210.0,EV_105,0.0,780,0.0,DR692730_21,65.0,118891.74,DR692730,195.09,0.0,65.0,D,SimuProA-5,EV_105
309.392,0.0,90.59,5000.0,0,3.434,1,39.94,4.199,112.5,-18.5,210.0,EV_105,0.05,790,12.0,DR692730_21,65.0,118892.05,DR692730,195.09,0.0,65.0,D,SimuProA-5,EV_105
307.947,68.0,90.59,5300.0,0,3.43,1,39.91,4.195,119.2,165.2,210.0,EV_105,0.0,800,0.0,DR692730_21,65.0,118892.38,DR692730,195.09,0.0,65.0,D,SimuProA-5,EV_105
310.924,0.0,90.59,5090.0,0,3.433,1,39.89,4.197,114.5,-25.8,210.0,EV_105,0.07,810,10.0,DR692730_21,65.0,118892.7,DR692730,195.09,0.0,65.0,D,SimuProA-5,EV_105
306.698,72.0,90.59,5330.0,0,3.428,1,39.87,4.196,120.0,178.5,210.0,EV_105,0.0,820,0.0,DR692730_21,65.0,118893.03,DR692730,195.09,0.0,65.0,D,SimuProA-5,EV_105
305.886,65.0,90.59,5270.0,0,3.427,1,39.84,4.196,118.5,182.3,210.0,EV_105,0.0,830,0.0,DR692730_21,65.0,118893.36,DR692730,195.09,0.0,65.0,D,SimuProA-5,EV_105
311.697,0.0,90.59,4890.0,0,3.432,1,39.84,4.198,110.0,-15.2,210.0,EV_105,0.06,840,8.0,DR692730_21,65.0,118893.66,DR692730,195.09,0.0,65.0,D,SimuProA-5,EV_105
305.717,60.0,90.59,5200.0,0,3.429,1,39.83,4.195,117.0,175.8,210.0,EV_105,0.0,850,0.0,DR692730_21,65.0,118893.99,DR692730,195.09,0.0,65.0,D,SimuProA-5,EV_105
306.311,68.0,90.59,5300.0,0,3.43,1,39.79,4.198,119.0,180.5,210.0,EV_105,0.0,860,0.0,DR692730_21,65.0,118894.32,DR692730,195.09,0.0,65.0,D,SimuProA-5,EV_105
312.625,0.0,90.59,4810.0,0,3.435,1,39.79,4.2,108.0,-18.5,210.0,EV_105,0.065,870,12.0,DR692730_21,65.0,118894.62,DR692730,195.09,0.0,65.0,D,SimuProA-5,EV_105
306.604,62.0,90.59,5160.0,0,3.428,1,39.76,4.196,116.0,172.0,210.0,EV_105,0.0,880,0.0,DR692730_21,65.0,118894.94,DR692730,195.09,0.0,65.0,D,SimuProA-5,EV_105
304.868,63.0,90.59,5235.0,0,3.426,1,39.71,4.197,117.5,178.5,210.0,EV_105,0.0,890,0.0,DR692730_21,65.0,118895.27,DR692730,195.09,0.0,65.0,D,SimuProA-5,EV_105
304.559,66.0,90.59,5266.0,0,3.424,1,39.7,4.199,118.2,182.3,210.0,EV_105,0.0,900,0.0,DR692730_21,65.0,118895.59,DR692730,195.09,0.0,65.0,D,SimuProA-5,EV_105
306.004,0.0,90.59,4882.0,0,3.431,1,39.69,4.2,109.5,-16.8,210.0,EV_105,0.062,910,10.0,DR692730_21,65.0,118895.9,DR692730,195.09,0.0,65.0,D,SimuProA-5,EV_105
308.359,0.0,90.59,4755.0,0,3.438,1,39.67,4.2,106.8,-12.3,210.0,EV_105,0.055,920,8.0,DR692730_21,65.0,118896.2,DR692730,195.09,0.0,65.0,D,SimuProA-5,EV_105
311.887,22.0,90.59,4832.0,0,3.432,1,39.65,4.198,108.5,45.2,210.0,EV_105,0.0,930,0.0,DR692730_21,65.0,118896.5,DR692730,195.09,0.0,65.0,D,SimuProA-5,EV_105
309.73,35.0,90.59,4952.0,0,3.429,1,39.65,4.195,111.2,68.5,210.0,EV_105,0.0,940,0.0,DR692730_21,65.0,118896.81,DR692730,195.09,0.0,65.0,D,SimuProA-5,EV_105
305.295,38.0,90.59,5010.0,0,3.43,1,39.62,4.196,112.5,95.4,210.0,EV_105,0.0,950,0.0,DR692730_21,65.0,118897.12,DR692730,195.09,0.0,65.0,D,SimuProA-5,EV_105
307.749,0.0,90.59,4675.0,0,3.432,1,39.62,4.198,105.0,-14.5,210.0,EV_105,0.058,960,6.0,DR692730_21,65.0,118897.41,DR692730,195.09,0.0,65.0,D,SimuProA-5,EV_105
309.978,25.0,90.59,4908.0,0,3.431,1,39.59,4.197,110.2,52.1,210.0,EV_105,0.0,970,0.0,DR692730_21,65.0,118897.72,DR692730,195.09,0.0,65.0,D,SimuProA-5,EV_105
308.65,30.0,90.59,4992.0,0,3.431,1,39.56,4.197,112.0,75.3,210.0,EV_105,0.0,980,0.0,DR692730_21,65.0,118898.03,DR692730,195.09,0.0,65.0,D,SimuProA-5,EV_105
303.839,45.0,90.59,5135.0,0,3.43,1,39.53,4.198,115.5,115.6,210.0,EV_105,0.0,990,0.0,DR692730_21,65.0,118898.35,DR692730,195.09,0.0,65.0,D,SimuProA-5,EV_105
311.609,0.0,90.59,4800.0,0,3.432,1,39.51,4.199,108.0,-22.4,210.0,EV_105,0.065,1000,8.0,DR692730_21,65.0,118898.65,DR692730,195.09,0.0,65.0,D,SimuProA-5,EV_105
310.073,32.0,90.59,5045.0,0,3.435,1,39.48,4.2,113.5,85.4,210.0,EV_105,0.0,1010,0.0,DR692730_21,65.0,118898.97,DR692730,195.09,0.0,65.0,D,SimuProA-5,EV_105
307.952,38.0,90.59,5190.0,0,3.433,1,39.45,4.2,116.8,98.2,210.0,EV_105,0.0,1020,0.0,DR692730_21,65.0,118899.29,DR692730,195.09,0.0,65.0,D,SimuProA-5,EV_105
309.66,28.0,90.59,4945.0,0,3.432,1,39.41,4.199,111.2,72.5,210.0,EV_105,0.0,1030,0.0,DR692730_21,65.0,118899.6,DR692730,195.09,0.0,65.0,D,SimuProA-5,EV_105
308.282,42.0,90.59,5220.0,0,3.431,1,39.36,4.199,117.4,105.3,210.0,EV_105,0.0,1040,0.0,DR692730_21,65.0,118899.93,DR692730,195.09,0.0,65.0,D,SimuProA-5,EV_105
305.953,55.0,90.59,5330.0,0,3.428,1,39.33,4.2,119.8,128.7,210.0,EV_105,0.0,1050,0.0,DR692730_21,65.0,118900.26,DR692730,195.09,0.0,65.0,D,SimuProA-5,EV_105
312.325,0.0,90.59,4870.0,0,3.43,1,39.31,4.2,109.5,-15.2,210.0,EV_105,0.08,1060,12.0,DR692730_21,65.0,118900.56,DR692730,195.09,0.0,65.0,D,SimuProA-5,EV_105
308.79,45.0,90.59,5260.0,0,3.425,1,39.28,4.2,118.2,115.4,210.0,EV_105,0.0,1070,0.0,DR692730_21,65.0,118900.89,DR692730,195.09,0.0,65.0,D,SimuProA-5,EV_105
309.897,0.0,90.59,5010.0,0,3.428,1,39.26,4.2,112.5,-22.5,210.0,EV_105,0.06,1080,15.0,DR692730_21,65.0,118901.2,DR692730,195.09,0.0,65.0,D,SimuProA-5,EV_105
306.316,48.0,90.59,5320.0,0,3.422,1,39.24,4.2,119.5,102.3,210.0,EV_105,0.0,1090,0.0,DR692730_21,65.0,118901.53,DR692730,195.09,0.0,65.0,D,SimuProA-5,EV_105
308.155,65.0,90.59,5200.0,0,3.42,1,39.2,4.2,116.8,135.2,210.0,EV_105,0.0,1100,0.0,DR692730_21,65.0,118901.85,DR692730,195.09,0.0,65.0,D,SimuProA-5,EV_105
304.23,85.0,90.59,5370.0,0,3.41,1,39.17,4.2,120.5,165.8,210.0,EV_105,0.0,1110,0.0,DR692730_21,65.0,118902.19,DR692730,195.09,0.0,65.0,D,SimuProA-5,EV_105
310.496,0.0,90.59,4910.0,0,3.425,1,39.14,4.2,110.2,-18.4,210.0,EV_105,0.07,1120,18.0,DR692730_21,65.0,118902.5,DR692730,195.09,0.0,65.0,D,SimuProA-5,EV_105
312.197,35.0,90.59,5020.0,0,3.435,1,39.13,4.195,112.8,85.4,210.0,EV_105,0.0,1130,0.0,DR692730_21,65.0,118902.81,DR692730,195.09,0.0,65.0,D,SimuProA-5,EV_105
316.284,0.0,90.59,4840.0,0,3.44,1,39.13,4.2,108.5,-12.5,210.0,EV_105,0.05,1140,12.0,DR692730_21,65.0,118903.11,DR692730,195.09,0.0,65.0,D,SimuProA-5,EV_105
318.13,28.0,90.59,5090.0,0,3.445,1,39.11,4.2,114.2,62.1,210.0,EV_105,0.0,1150,0.0,DR692730_21,65.0,118903.43,DR692730,195.09,0.0,65.0,D,SimuProA-5,EV_105
312.686,75.0,90.59,5290.0,0,3.44,1,39.09,4.195,118.5,145.2,210.0,EV_105,0.0,1160,0.0,DR692730_21,65.0,118903.76,DR692730,195.09,0.0,65.0,D,SimuProA-5,EV_105
315.652,0.0,90.59,4700.0,0,3.445,1,39.07,4.2,105.2,55.3,210.0,EV_105,0.06,1170,15.0,DR692730_21,65.0,118904.05,DR692730,195.09,0.0,65.0,D,SimuProA-5,EV_105
319.278,42.0,90.59,5040.0,0,3.442,1,39.06,4.198,112.8,92.7,210.0,EV_105,0.0,1180,0.0,DR692730_21,65.0,118904.36,DR692730,195.09,0.0,65.0,D,SimuProA-5,EV_105
317.306,45.0,90.59,4840.0,0,3.44,1,39.02,4.2,108.2,115.3,210.0,EV_105,0.0,1190,0.0,DR692730_21,65.0,118904.66,DR692730,195.09,0.0,65.0,D,SimuProA-5,EV_105
313.333,82.0,90.59,5160.0,0,3.435,1,39.02,4.198,115.5,165.8,210.0,EV_105,0.0,1200,0.0,DR692730_21,65.0,118904.98,DR692730,195.09,0.0,65.0,D,SimuProA-5,EV_105
315.742,0.0,90.59,4910.0,0,3.44,1,39.0,4.2,109.8,98.4,210.0,EV_105,0.05,1210,10.0,DR692730_21,65.0,118905.29,DR692730,195.09,0.0,65.0,D,SimuProA-5,EV_105
320.936,35.0,90.59,4950.0,0,3.445,1,38.99,4.195,110.5,75.2,210.0,EV_105,0.0,1220,0.0,DR692730_21,65.0,118905.6,DR692730,195.09,0.0,65.0,D,SimuProA-5,EV_105
318.249,48.0,90.59,5080.0,0,3.44,1,38.98,4.2,113.2,88.6,210.0,EV_105,0.0,1230,0.0,DR692730_21,65.0,118905.91,DR692730,195.09,0.0,65.0,D,SimuProA-5,EV_105
322.656,0.0,90.59,4780.0,0,3.448,1,38.95,4.2,106.8,-15.4,210.0,EV_105,0.04,1240,12.0,DR692730_21,65.0,118906.21,DR692730,195.09,0.0,65.0,D,SimuProA-5,EV_105
317.09,75.0,90.59,5280.0,0,3.45,1,38.9,4.195,118.2,142.5,210.0,EV_105,0.0,1250,0.0,DR692730_21,65.0,118906.54,DR692730,195.09,0.0,65.0,D,SimuProA-5,EV_105
314.242,88.0,90.59,5340.0,0,3.445,1,38.87,4.2,119.5,168.3,210.0,EV_105,0.0,1260,0.0,DR692730_21,65.0,118906.87,DR692730,195.09,0.0,65.0,D,SimuProA-5,EV_105
325.033,0.0,90.59,5010.0,0,3.452,1,38.84,4.2,112.0,-25.6,210.0,EV_105,0.06,1270,18.0,DR692730_21,65.0,118907.18,DR692730,195.09,0.0,65.0,D,SimuProA-5,EV_105
338.749,0.0,90.59,4860.0,0,3.455,1,38.82,4.2,108.5,-12.5,210.0,EV_105,0.03,0,8.0,DR692730_22,65.0,118907.48,DR692730,195.09,0.0,65.0,D,SimuProA-5,EV_105
344.934,25.0,90.59,4930.0,0,3.46,1,38.81,4.2,110.2,45.8,210.0,EV_105,0.0,10,0.0,DR692730_22,65.0,118907.79,DR692730,195.09,0.0,65.0,D,SimuProA-5,EV_105
341.8,42.0,90.59,5040.0,0,3.458,1,38.8,4.2,112.8,78.4,210.0,EV_105,0.0,20,0.0,DR692730_22,65.0,118908.1,DR692730,195.09,0.0,65.0,D,SimuProA-5,EV_105
338.566,45.0,90.59,5115.0,0,3.452,1,38.77,4.2,114.5,82.5,210.0,EV_105,0.0,30,0.0,DR692730_22,65.0,118908.42,DR692730,195.09,0.0,65.0,D,SimuProA-5,EV_105
335.128,55.0,90.59,5220.0,0,3.448,1,38.76,4.2,116.8,95.2,210.0,EV_105,0.0,40,0.0,DR692730_22,65.0,118908.74,DR692730,195.09,0.0,65.0,D,SimuProA-5,EV_105
339.089,0.0,90.59,5065.0,0,3.45,1,38.73,4.2,113.2,-15.3,210.0,EV_105,0.04,50,12.0,DR692730_22,65.0,118909.06,DR692730,195.09,0.0,65.0,D,SimuProA-5,EV_105
334.009,48.0,90.59,5150.0,0,3.445,1,38.7,4.198,115.4,88.2,210.0,EV_105,0.0,60,0.0,DR692730_22,65.0,118909.38,DR692730,195.09,0.0,65.0,D,SimuProA-5,EV_105
336.868,0.0,90.59,4900.0,0,3.448,1,38.66,4.195,109.8,-22.5,210.0,EV_105,0.06,70,18.0,DR692730_22,65.0,118909.69,DR692730,195.09,0.0,65.0,D,SimuProA-5,EV_105
336.364,35.0,90.59,4980.0,0,3.446,1,38.64,4.196,111.5,72.1,210.0,EV_105,0.0,80,0.0,DR692730_22,65.0,118910.0,DR692730,195.09,0.0,65.0,D,SimuProA-5,EV_105
335.004,52.0,90.59,5100.0,0,3.445,1,38.62,4.195,114.2,98.5,210.0,EV_105,0.0,90,0.0,DR692730_22,65.0,118910.32,DR692730,195.09,0.0,65.0,D,SimuProA-5,EV_105
333.909,75.0,90.59,5300.0,0,3.44,1,38.57,4.198,118.5,145.2,210.0,EV_105,0.0,100,0.0,DR692730_22,65.0,118910.65,DR692730,195.09,0.0,65.0,D,SimuProA-5,EV_105
337.506,0.0,90.59,5010.0,0,3.446,1,38.56,4.196,112.0,-18.4,210.0,EV_105,0.05,110,15.0,DR692730_22,65.0,118910.96,DR692730,195.09,0.0,65.0,D,SimuProA-5,EV_105
336.384,42.0,90.59,5150.0,0,3.442,1,38.55,4.197,115.3,85.4,210.0,EV_105,0.0,120,0.0,DR692730_22,65.0,118911.28,DR692730,195.09,0.0,65.0,D,SimuProA-5,EV_105
334.491,55.0,90.59,5260.0,0,3.438,1,38.54,4.199,117.8,110.2,210.0,EV_105,0.0,130,0.0,DR692730_22,65.0,118911.61,DR692730,195.09,0.0,65.0,D,SimuProA-5,EV_105
337.972,0.0,90.59,5070.0,0,3.448,1,38.53,4.201,113.5,-25.6,210.0,EV_105,0.07,140,12.0,DR692730_22,65.0,118911.92,DR692730,195.09,0.0,65.0,D,SimuProA-5,EV_105
335.444,58.0,90.59,5280.0,0,3.441,1,38.52,4.198,118.2,125.5,210.0,EV_105,0.0,150,0.0,DR692730_22,65.0,118912.25,DR692730,195.09,0.0,65.0,D,SimuProA-5,EV_105
333.669,62.0,90.59,5420.0,0,3.439,1,38.51,4.202,121.5,148.3,210.0,EV_105,0.0,160,0.0,DR692730_22,65.0,118912.59,DR692730,195.09,0.0,65.0,D,SimuProA-5,EV_105
337.026,0.0,90.59,5180.0,0,3.445,1,38.5,4.2,116.0,-22.1,210.0,EV_105,0.06,170,18.0,DR692730_22,65.0,118912.91,DR692730,195.09,0.0,65.0,D,SimuProA-5,EV_105
333.892,56.0,90.59,5340.0,0,3.442,1,38.48,4.205,119.5,135.4,210.0,EV_105,0.0,180,0.0,DR692730_22,65.0,118913.24,DR692730,195.09,0.0,65.0,D,SimuProA-5,EV_105
338.539,0.0,90.59,5040.0,0,3.449,1,38.47,4.21,112.8,-18.5,210.0,EV_105,0.08,190,15.0,DR692730_22,65.0,118913.56,DR692730,195.09,0.0,65.0,D,SimuProA-5,EV_105
334.072,60.0,90.59,5400.0,0,3.435,1,38.47,4.208,121.0,142.1,210.0,EV_105,0.0,200,0.0,DR692730_22,65.0,118913.89,DR692730,195.09,0.0,65.0,D,SimuProA-5,EV_105
332.969,58.0,90.59,5390.0,0,3.438,1,38.46,4.212,120.5,155.2,210.0,EV_105,0.0,210,0.0,DR692730_22,65.0,118914.22,DR692730,195.09,0.0,65.0,D,SimuProA-5,EV_105
338.186,0.0,90.59,5150.0,0,3.445,1,38.46,4.208,115.2,-25.4,210.0,EV_105,0.07,220,12.0,DR692730_22,65.0,118914.54,DR692730,195.09,0.0,65.0,D,SimuProA-5,EV_105
332.615,64.0,90.59,5460.0,0,3.44,1,38.45,4.215,122.1,145.8,210.0,EV_105,0.0,230,0.0,DR692730_22,65.0,118914.88,DR692730,195.09,0.0,65.0,D,SimuProA-5,EV_105
331.949,62.0,90.59,5430.0,0,3.438,1,38.43,4.214,121.5,148.5,210.0,EV_105,0.0,240,0.0,DR692730_22,65.0,118915.22,DR692730,195.09,0.0,65.0,D,SimuProA-5,EV_105
331.018,65.0,90.59,5510.0,0,3.436,1,38.41,4.216,123.2,152.3,210.0,EV_105,0.0,250,0.0,DR692730_22,65.0,118915.56,DR692730,195.09,0.0,65.0,D,SimuProA-5,EV_105
334.761,0.0,90.59,5120.0,0,3.442,1,38.41,4.218,114.5,-15.2,210.0,EV_105,0.06,260,10.0,DR692730_22,65.0,118915.88,DR692730,195.09,0.0,65.0,D,SimuProA-5,EV_105
331.176,63.0,90.59,5490.0,0,3.435,1,38.39,4.215,122.8,140.2,210.0,EV_105,0.0,270,0.0,DR692730_22,65.0,118916.22,DR692730,195.09,0.0,65.0,D,SimuProA-5,EV_105
329.8,68.0,90.59,5560.0,0,3.432,1,38.36,4.218,124.5,155.6,210.0,EV_105,0.0,280,0.0,DR692730_22,65.0,118916.57,DR692730,195.09,0.0,65.0,D,SimuProA-5,EV_105
332.561,0.0,90.59,5180.0,0,3.438,1,38.35,4.22,116.0,-18.5,210.0,EV_105,0.06,290,15.0,DR692730_22,65.0,118916.89,DR692730,195.09,0.0,65.0,D,SimuProA-5,EV_105
330.56,64.0,90.59,5430.0,0,3.43,1,38.32,4.214,121.5,148.5,210.0,EV_105,0.0,300,0.0,DR692730_22,65.0,118917.23,DR692730,195.09,0.0,65.0,D,SimuProA-5,EV_105
328.628,72.0,90.59,5620.0,0,3.428,1,38.27,4.219,125.8,162.1,210.0,EV_105,0.0,310,0.0,DR692730_22,65.0,118917.58,DR692730,195.09,0.0,65.0,D,SimuProA-5,EV_105
333.698,0.0,90.59,5150.0,0,3.435,1,38.27,4.221,115.2,-14.8,210.0,EV_105,0.07,320,12.0,DR692730_22,65.0,118917.9,DR692730,195.09,0.0,65.0,D,SimuProA-5,EV_105
331.876,0.0,90.59,4940.0,0,3.436,1,38.25,4.222,110.5,-12.4,210.0,EV_105,0.05,330,8.0,DR692730_22,64.88,118918.21,DR692730,195.09,0.0,65.0,D,SimuProA-5,EV_105
335.064,62.0,90.59,5270.0,0,3.425,1,38.24,4.215,118.0,142.3,210.0,EV_105,0.0,340,0.0,DR692730_22,65.0,118918.53,DR692730,195.09,0.0,65.0,D,SimuProA-5,EV_105
330.579,75.0,90.59,5470.0,0,3.43,1,38.24,4.225,122.5,168.5,210.0,EV_105,0.0,350,0.0,DR692730_22,65.0,118918.88,DR692730,195.09,0.0,65.0,D,SimuProA-5,EV_105
329.528,78.0,90.59,5640.0,0,3.432,1,38.22,4.228,126.2,175.4,210.0,EV_105,0.0,360,0.0,DR692730_22,65.0,118919.23,DR692730,195.09,0.0,65.0,D,SimuProA-5,EV_105
332.867,0.0,90.59,5340.0,0,3.438,1,38.22,4.23,119.5,-15.2,210.0,EV_105,0.08,370,15.0,DR692730_22,65.0,118919.56,DR692730,195.09,0.0,65.0,D,SimuProA-5,EV_105
331.039,70.0,90.59,5580.0,0,3.426,1,38.21,4.224,124.8,158.7,210.0,EV_105,0.0,380,0.0,DR692730_22,65.0,118919.91,DR692730,195.09,0.0,65.0,D,SimuProA-5,EV_105
327.955,72.0,90.59,5600.0,0,3.428,1,38.18,4.226,125.3,182.5,210.0,EV_105,0.0,390,0.0,DR692730_22,65.0,118920.26,DR692730,195.09,0.0,65.0,D,SimuProA-5,EV_105
326.358,85.0,90.59,5720.0,0,3.425,1,38.16,4.229,128.1,195.8,210.0,EV_105,0.0,400,0.0,DR692730_22,65.0,118920.61,DR692730,195.09,0.0,65.0,D,SimuProA-5,EV_105
330.173,0.0,90.59,5430.0,0,3.435,1,38.14,4.231,121.5,-18.5,210.0,EV_105,0.09,410,12.0,DR692730_22,65.0,118920.95,DR692730,195.09,0.0,65.0,D,SimuProA-5,EV_105
336.428,40.0,90.59,5520.0,0,3.44,1,38.12,4.235,123.5,45.2,210.0,EV_105,0.0,420,0.0,DR692730_22,65.0,118921.29,DR692730,195.09,0.0,65.0,D,SimuProA-5,EV_105
339.859,32.0,90.59,5280.0,0,3.438,1,38.11,4.232,118.2,28.5,210.0,EV_105,0.0,430,0.0,DR692730_22,65.0,118921.62,DR692730,195.09,0.0,65.0,D,SimuProA-5,EV_105
344.338,28.0,90.59,5030.0,0,3.436,1,38.1,4.23,112.5,15.8,210.0,EV_105,0.0,440,0.0,DR692730_22,65.0,118921.93,DR692730,195.09,0.0,65.0,D,SimuProA-5,EV_105
346.45,30.0,90.59,5130.0,0,3.434,1,38.08,4.228,114.8,22.4,210.0,EV_105,0.0,450,0.0,DR692730_22,65.0,118922.25,DR692730,195.09,0.0,65.0,D,SimuProA-5,EV_105
348.668,35.0,90.59,5205.0,0,3.436,1,38.07,4.23,116.5,35.6,210.0,EV_105,0.0,460,0.0,DR692730_22,65.0,118922.57,DR692730,195.09,0.0,65.0,D,SimuProA-5,EV_105
349.986,42.0,90.59,5310.0,0,3.438,1,38.06,4.232,118.9,42.1,210.0,EV_105,0.0,470,0.0,DR692730_22,65.0,118922.9,DR692730,195.09,0.0,65.0,D,SimuProA-5,EV_105
348.953,45.0,90.59,5337.0,0,3.435,1,38.05,4.235,119.5,45.2,210.0,EV_105,0.0,480,0.0,DR692730_22,65.0,118923.23,DR692730,195.09,0.0,65.0,D,SimuProA-5,EV_105
346.627,38.0,90.59,5261.0,0,3.432,1,38.03,4.238,117.8,68.5,210.0,EV_105,0.0,490,0.0,DR692730_22,65.0,118923.56,DR692730,195.09,0.0,65.0,D,SimuProA-5,EV_105
350.89,0.0,90.59,5021.0,0,3.44,1,38.01,4.24,112.4,-25.4,210.0,EV_105,0.05,500,15.0,DR692730_22,65.0,118923.87,DR692730,195.09,0.0,65.0,D,SimuProA-5,EV_105
347.762,32.0,90.59,5146.0,0,3.442,1,37.99,4.242,115.2,48.5,210.0,EV_105,0.0,510,0.0,DR692730_22,65.0,118924.19,DR692730,195.09,0.0,65.0,D,SimuProA-5,EV_105
347.425,36.0,90.59,5217.0,0,3.445,1,37.99,4.245,116.8,55.3,210.0,EV_105,0.0,520,0.0,DR692730_22,65.0,118924.51,DR692730,195.09,0.0,65.0,D,SimuProA-5,EV_105
349.389,0.0,90.59,4936.0,0,3.448,1,37.98,4.248,110.5,-15.2,210.0,EV_105,0.06,530,12.0,DR692730_22,65.0,118924.82,DR692730,195.09,0.0,65.0,D,SimuProA-5,EV_105
348.651,42.0,90.59,5016.0,0,3.448,1,37.96,4.248,112.3,72.3,210.0,EV_105,0.0,540,0.0,DR692730_22,65.0,118925.13,DR692730,195.09,0.0,65.0,D,SimuProA-5,EV_105
345.306,65.0,90.59,5292.0,0,3.45,1,37.92,4.252,118.5,115.6,210.0,EV_105,0.0,550,0.0,DR692730_22,65.0,118925.46,DR692730,195.09,0.0,65.0,D,SimuProA-5,EV_105
349.271,0.0,90.59,5101.0,0,3.452,1,37.9,4.255,114.2,-35.2,210.0,EV_105,0.08,560,18.0,DR692730_22,65.0,118925.78,DR692730,195.09,0.0,65.0,D,SimuProA-5,EV_105
348.043,45.0,90.59,5157.0,0,3.455,1,37.87,4.258,115.5,85.4,210.0,EV_105,0.0,570,0.0,DR692730_22,65.0,118926.1,DR692730,195.09,0.0,65.0,D,SimuProA-5,EV_105
350.221,0.0,90.59,4957.0,0,3.458,1,37.87,4.26,111.0,-22.1,210.0,EV_105,0.07,580,8.0,DR692730_22,65.0,118926.41,DR692730,195.09,0.0,65.0,D,SimuProA-5,EV_105
348.097,58.0,90.59,5262.0,0,3.46,1,37.85,4.262,117.8,98.2,210.0,EV_105,0.0,590,0.0,DR692730_22,65.0,118926.74,DR692730,195.09,0.0,65.0,D,SimuProA-5,EV_105
346.475,72.0,90.59,5333.0,0,3.462,1,37.82,4.265,119.2,128.5,210.0,EV_105,0.0,600,0.0,DR692730_22,65.0,118927.07,DR692730,195.09,0.0,65.0,D,SimuProA-5,EV_105
348.641,0.0,90.59,5075.0,0,3.464,1,37.82,4.267,113.5,-45.3,210.0,EV_105,0.09,610,22.0,DR692730_22,65.0,118927.39,DR692730,195.09,0.0,65.0,D,SimuProA-5,EV_105
345.595,85.0,90.59,5392.0,0,3.466,1,37.81,4.269,120.5,135.2,210.0,EV_105,0.0,620,0.0,DR692730_22,65.0,118927.72,DR692730,195.09,0.0,65.0,D,SimuProA-5,EV_105
342.866,88.0,90.59,5432.0,0,3.468,1,37.78,4.271,121.4,145.8,210.0,EV_105,0.0,630,0.0,DR692730_22,65.0,118928.06,DR692730,195.09,0.0,65.0,D,SimuProA-5,EV_105
344.511,0.0,90.59,5289.0,0,3.47,1,37.78,4.273,118.2,-18.5,210.0,EV_105,0.04,640,12.0,DR692730_22,65.0,118928.39,DR692730,195.09,0.0,65.0,D,SimuProA-5,EV_105
342.523,82.0,90.59,5482.0,0,3.472,1,37.77,4.275,122.5,138.4,210.0,EV_105,0.0,650,0.0,DR692730_22,65.0,118928.73,DR692730,195.09,0.0,65.0,D,SimuProA-5,EV_105
340.269,90.0,90.59,5541.0,0,3.474,1,37.73,4.277,123.8,152.4,210.0,EV_105,0.0,660,0.0,DR692730_22,65.0,118929.07,DR692730,195.09,0.0,65.0,D,SimuProA-5,EV_105
343.361,0.0,90.59,5348.0,0,3.476,1,37.73,4.279,119.5,-25.6,210.0,EV_105,0.05,670,15.0,DR692730_22,65.0,118929.41,DR692730,195.09,0.0,65.0,D,SimuProA-5,EV_105
341.565,86.0,90.59,5425.0,0,3.478,1,37.73,4.281,121.2,148.9,210.0,EV_105,0.0,680,0.0,DR692730_22,65.0,118929.74,DR692730,195.09,0.0,65.0,D,SimuProA-5,EV_105
339.37,84.0,90.59,5393.0,0,3.48,1,37.69,4.283,120.5,145.2,210.0,EV_105,0.0,690,0.0,DR692730_22,65.0,118930.07,DR692730,195.09,0.0,65.0,D,SimuProA-5,EV_105
341.697,0.0,90.59,5272.0,0,3.482,1,37.69,4.285,117.8,-22.3,210.0,EV_105,0.04,700,10.0,DR692730_22,65.0,118930.4,DR692730,195.09,0.0,65.0,D,SimuProA-5,EV_105
338.743,92.0,90.59,5512.0,0,3.484,1,37.68,4.287,123.1,155.6,210.0,EV_105,0.0,710,0.0,DR692730_22,65.0,118930.74,DR692730,195.09,0.0,65.0,D,SimuProA-5,EV_105
336.656,94.0,90.59,5589.0,0,3.486,1,37.65,4.29,124.8,162.5,210.0,EV_105,0.0,720,0.0,DR692730_22,65.0,118931.09,DR692730,195.09,0.0,65.0,D,SimuProA-5,EV_105
340.521,0.0,90.59,5204.0,0,3.485,1,37.65,4.288,116.2,-18.4,210.0,EV_105,0.06,730,12.0,DR692730_22,65.0,118931.41,DR692730,195.09,0.0,65.0,D,SimuProA-5,EV_105
338.284,88.0,90.59,5442.0,0,3.488,1,37.63,4.292,121.5,158.2,210.0,EV_105,0.0,740,0.0,DR692730_22,65.0,118931.75,DR692730,195.09,0.0,65.0,D,SimuProA-5,EV_105
336.665,85.0,90.59,5352.0,0,3.487,1,37.6,4.291,119.5,145.3,210.0,EV_105,0.0,750,0.0,DR692730_22,65.0,118932.08,DR692730,195.09,0.0,65.0,D,SimuProA-5,EV_105
335.002,96.0,90.59,5613.0,0,3.489,1,37.58,4.294,125.3,168.7,210.0,EV_105,0.0,760,0.0,DR692730_22,65.0,118932.43,DR692730,195.09,0.0,65.0,D,SimuProA-5,EV_105
339.607,0.0,90.59,5034.0,0,3.486,1,37.56,4.29,112.4,-25.1,210.0,EV_105,0.07,770,15.0,DR692730_22,65.0,118932.74,DR692730,195.09,0.0,65.0,D,SimuProA-5,EV_105
337.04,82.0,90.59,5317.0,0,3.488,1,37.53,4.293,118.7,142.5,210.0,EV_105,0.0,780,0.0,DR692730_22,65.0,118933.07,DR692730,195.09,0.0,65.0,D,SimuProA-5,EV_105
336.099,92.0,90.59,5559.0,0,3.487,1,37.51,4.295,124.1,165.3,210.0,EV_105,0.0,790,0.0,DR692730_22,65.0,118933.41,DR692730,195.09,0.0,65.0,D,SimuProA-5,EV_105
340.424,0.0,90.59,4950.0,0,3.486,1,37.49,4.291,110.5,-22.8,210.0,EV_105,0.08,800,18.0,DR692730_22,65.0,118933.72,DR692730,195.09,0.0,65.0,D,SimuProA-5,EV_105
335.545,98.0,90.59,5648.0,0,3.488,1,37.46,4.296,126.2,172.4,210.0,EV_105,0.0,810,0.0,DR692730_22,65.0,118934.07,DR692730,195.09,0.0,65.0,D,SimuProA-5,EV_105
339.236,0.0,90.59,5004.0,0,3.485,1,37.45,4.292,111.8,-18.5,210.0,EV_105,0.06,820,12.0,DR692730_22,65.0,118934.38,DR692730,195.09,0.0,65.0,D,SimuProA-5,EV_105
336.019,85.0,90.59,5394.0,0,3.487,1,37.43,4.294,120.5,155.2,210.0,EV_105,0.0,830,0.0,DR692730_22,65.0,118934.72,DR692730,195.09,0.0,65.0,D,SimuProA-5,EV_105
338.348,88.0,90.59,5291.0,0,3.488,1,37.41,4.295,118.2,168.4,210.0,EV_105,0.0,840,0.0,DR692730_22,65.0,118935.05,DR692730,195.09,0.0,65.0,D,SimuProA-5,EV_105
334.246,94.0,90.59,5484.0,0,3.489,1,37.4,4.296,122.5,185.6,210.0,EV_105,0.0,850,0.0,DR692730_22,65.0,118935.39,DR692730,195.09,0.0,65.0,D,SimuProA-5,EV_105
338.843,0.0,90.59,4856.0,0,3.486,1,37.39,4.293,108.4,-15.2,210.0,EV_105,0.07,860,15.0,DR692730_22,65.0,118935.69,DR692730,195.09,0.0,65.0,D,SimuProA-5,EV_105
331.924,75.0,90.59,5037.0,0,3.491,1,37.37,4.298,112.5,195.3,210.0,EV_105,0.0,870,0.0,DR692730_22,65.0,118936.0,DR692730,195.09,0.0,65.0,D,SimuProA-5,EV_105
340.5,45.0,90.59,4711.0,0,3.489,1,37.35,4.296,105.2,142.8,210.0,EV_105,0.0,880,0.0,DR692730_22,65.0,118936.29,DR692730,195.09,0.0,65.0,D,SimuProA-5,EV_105
345.562,35.0,90.59,4413.0,0,3.488,1,37.35,4.295,98.5,85.4,210.0,EV_105,0.0,890,0.0,DR692730_22,65.0,118936.57,DR692730,195.09,0.0,65.0,D,SimuProA-5,EV_105
338.211,32.0,90.59,4310.0,0,3.488,1,37.34,4.295,96.2,110.5,210.0,EV_105,0.0,900,0.0,DR692730_22,65.0,118936.84,DR692730,195.09,0.0,65.0,D,SimuProA-5,EV_105
342.234,28.0,90.59,4158.0,0,3.487,1,37.31,4.294,92.8,78.3,210.0,EV_105,0.0,910,0.0,DR692730_22,65.0,118937.1,DR692730,195.09,0.0,65.0,D,SimuProA-5,EV_105
346.439,25.0,90.59,4055.0,0,3.486,1,37.3,4.293,90.5,62.1,210.0,EV_105,0.0,920,0.0,DR692730_22,65.0,118937.35,DR692730,195.09,0.0,65.0,D,SimuProA-5,EV_105
343.226,27.0,90.59,4100.0,0,3.486,1,37.29,4.293,91.5,88.2,210.0,EV_105,0.0,930,0.0,DR692730_22,65.0,118937.6,DR692730,195.09,0.0,65.0,D,SimuProA-5,EV_105
348.1,22.0,90.59,4000.0,0,3.485,1,37.26,4.292,89.2,55.4,210.0,EV_105,0.0,940,0.0,DR692730_22,65.0,118937.85,DR692730,195.09,0.0,65.0,D,SimuProA-5,EV_105
345.415,30.0,90.59,4200.0,0,3.486,1,37.25,4.293,93.8,72.6,210.0,EV_105,0.0,950,0.0,DR692730_22,65.0,118938.11,DR692730,195.09,0.0,65.0,D,SimuProA-5,EV_105
343.615,29.0,90.59,4140.0,0,3.485,1,37.24,4.293,92.5,82.1,210.0,EV_105,0.0,960,0.0,DR692730_22,65.0,118938.37,DR692730,195.09,0.0,65.0,D,SimuProA-5,EV_105
347.076,20.0,90.59,3970.0,0,3.484,1,37.22,4.292,88.5,60.5,210.0,EV_105,0.0,970,0.0,DR692730_22,65.0,118938.61,DR692730,195.09,0.0,65.0,D,SimuProA-5,EV_105
341.887,38.0,90.59,4300.0,0,3.486,1,37.2,4.294,96.0,95.2,210.0,EV_105,0.0,980,0.0,DR692730_22,65.0,118938.88,DR692730,195.09,0.0,65.0,D,SimuProA-5,EV_105
340.885,25.0,90.59,4110.0,0,3.485,1,37.16,4.294,91.4,75.3,210.0,EV_105,0.0,990,0.0,DR692730_22,65.0,118939.13,DR692730,195.09,0.0,65.0,D,SimuProA-5,EV_105
344.324,22.0,90.59,3990.0,0,3.486,1,37.16,4.293,88.7,68.9,210.0,EV_105,0.0,1000,0.0,DR692730_22,65.0,118939.38,DR692730,195.09,0.0,65.0,D,SimuProA-5,EV_105
342.484,35.0,90.59,4240.0,0,3.484,1,37.12,4.295,94.2,88.5,210.0,EV_105,0.0,1010,0.0,DR692730_22,65.0,118939.64,DR692730,195.09,0.0,65.0,D,SimuProA-5,EV_105
343.177,23.0,90.59,4040.0,0,3.485,1,37.11,4.293,89.8,72.4,210.0,EV_105,0.0,1020,0.0,DR692730_22,65.0,118939.89,DR692730,195.09,0.0,65.0,D,SimuProA-5,EV_105
339.223,42.0,90.59,4430.0,0,3.483,1,37.09,4.296,98.5,98.6,210.0,EV_105,0.0,1030,0.0,DR692730_22,65.0,118940.16,DR692730,195.09,0.0,65.0,D,SimuProA-5,EV_105
346.257,0.0,90.59,3820.0,0,3.484,1,37.06,4.295,85.0,-15.2,210.0,EV_105,0.04,1040,12.0,DR692730_22,65.0,118940.4,DR692730,195.09,0.0,65.0,D,SimuProA-5,EV_105
