rank,car_id,id_segment,charger_connected,n_rows,anomaly_score,quantization_error,is_anomaly,volt_V_mean,current_A_mean,soc_pct_mean,avg_speed_kmh_mean,motor_rpm_mean,min_single_volt_V_mean,max_single_volt_V_mean,min_temp_C_mean,max_temp_C_mean,accelerator_pedal_pct_mean,brake_pedal_pct_mean,regenerative_braking_Ah_mean,actual_max_capacity_Ah_mean
1,EV_066,DR101229_2,0,128,1.0,0.6639953431849145,True,296.47421875,151.2984375,93.003671875,71.709375,2868.375,2.083203125,2.962265625,46.952578125,48.47484375,14.07890625,0.0,0.0,193.72
2,EV_066,DR101229_3,0,128,1.0,0.39656498278337426,True,258.82890625,105.84453125,89.20109375,98.8,3952.0,2.835,3.545,54.220390625,54.420390625,32.9609375,0.0,0.0,193.72
3,EV_105,DR277200_4,0,128,0.9440346385147723,0.4095433974571546,True,389.97965625,16.7484375,69.389453125,10.74609375,929.0625,4.1083984375,4.1219296875,57.58546875,65.0,12.21875,44.875,0.0002734375,195.13
4,EV_109,DR214027_15,0,128,0.9440346385147723,0.41840263892290946,True,374.3921875,31.2984375,73.12796875,17.48828125,1803.90625,4.0704296875,4.0837421875,38.395625,43.516875,21.65625,46.65625,0.0007890625,180.22
5,EV_110,DR412770_2,0,128,0.9440346385147723,0.4323902787448604,True,396.2215859375,39.21328125,84.82125,23.49609375,2297.96875,3.997296875,4.0089375,45.756171875,50.480625,25.515625,41.4765625,0.0012734375,181.09
6,EV_104,DR754088_7,0,128,0.9440346385147723,0.5491725076833578,True,374.7449140625,19.55390625,66.9384375,6.90234375,590.625,4.0528984375,4.0602109375,64.67765625,65.0,9.7734375,66.1328125,0.00010156250000000001,202.74
7,EV_110,DR157642_13,0,128,0.9440346385147723,0.3792913129349654,True,386.995703125,34.19609375,70.859765625,23.8125,2075.78125,3.994921875,4.00884375,57.36671875,57.728203125,25.421875,31.984375,0.000734375,181.09
8,EV_110,DR412770_5,0,128,0.9440346385147723,0.3563486222045183,True,371.55840625,33.01171875,65.457578125,23.98828125,1912.734375,3.9649375,3.9829375000000002,54.050078125,61.285625,23.43359375,33.2890625,0.000765625,181.09
9,EV_110,DR412770_6,0,128,0.9440346385147723,0.3287675195788311,True,358.7329609375,17.14921875,61.883984375,8.259375,657.734375,3.9556796875,3.9700078125,55.4209375,63.339453125,11.125,57.4453125,0.000734375,181.09
10,EV_110,DR412770_7,0,128,0.9440346385147723,0.3686076650854708,True,352.1070390625,14.61796875,59.291640625,8.5078125,1213.671875,3.9782421875000002,3.9896171875,56.8371875,64.90171875,13.7265625,60.01953125,0.00029687500000000005,181.09
11,EV_110,DR157642_12,0,128,0.9440346385147723,0.2824642355124423,True,402.48359375,26.615625,71.683984375,14.76171875,1483.984375,3.9961249999999997,4.0278046875,53.69109375,53.791015625,16.3515625,58.3046875,0.001140625,181.09
12,EV_110,DR157642_10,0,128,0.9440346385147723,0.495766728807756,True,393.07101562500003,26.69140625,76.050234375,8.41796875,627.7421875,3.98359375,4.04515625,62.574140625,65.0,10.625,69.41953125,0.011875,181.09
13,EV_105,DR776635_11,0,128,0.9440346385147723,0.63116354829046,True,353.31765625,26.836875,70.123515625,13.06640625,1527.734375,4.13122109375,4.1388015625,50.73203125,60.802734375,16.4375,63.1015625,0.01940625,195.42
14,EV_104,DR754088_8,0,128,0.9440346385147723,0.6891124423079968,True,373.62884375,14.45390625,63.4740625,6.10546875,669.140625,4.0618203125,4.0676015625,65.0,65.0,5.484375,79.51015625,0.0,202.74
15,EV_109,DR214027_10,0,128,0.9440346385147723,0.26095465617909047,True,378.81796875,26.88125,78.089609375,13.5703125,1373.828125,4.0185625,4.0506484375,53.73515625,64.13609375,16.1015625,55.7578125,0.0020171875,180.22
16,EV_109,DR214027_11,0,128,0.9440346385147723,0.480967149272099,True,359.56875,34.9234375,77.285390625,23.509375,2609.84375,4.0195,4.05071875,57.15734375,65.0,24.359375,38.4296875,0.0025390625,180.22
17,EV_104,DR285168_8,0,113,0.9440346385147723,0.3668925153868153,True,391.47221238938056,22.784955752212387,43.15300884955752,14.761061946902656,1059.0265486725664,4.057522123893805,4.128053097345132,57.755486725663715,59.895398230088496,15.345132743362832,52.97345132743363,0.002849557522123894,184.54
18,EV_105,DR776635_9,0,128,0.9440346385147723,0.4102307480446111,True,341.34515625,20.78046875,71.851796875,16.84765625,2077.9296875,4.1898515625,4.2020546874999996,47.365703125,55.49046875,16.203125,52.625,0.0011875,195.42
19,EV_105,DR776635_7,0,128,0.9440346385147723,0.42168479557836686,True,345.111875,18.027734375,72.88109375,9.18359375,800.234375,4.2166328125,4.22153125,44.5359375,50.88125,9.125,68.103125,0.0011328125000000001,195.42
20,EV_109,DR214027_9,0,128,0.9440346385147723,0.31111368038014003,True,390.81609375,28.92265625,78.96828125,19.82578125,1760.8203125,4.026359375,4.0584140625,52.09640625,61.281171875,22.2890625,43.4296875,0.0028984375,180.22
21,EV_109,DR214027_6,0,128,0.9440346385147723,0.38641380974189393,True,377.6953125,35.5375,86.5334375,15.83359375,1282.6953125,3.9586015625,4.0791640625,47.77625,55.17609375,19.734375,42.859375,0.00171875,180.22
22,EV_109,DR568924_1,0,128,0.9440346385147723,0.40888387170759943,True,404.763421875,20.09296875,97.93765625,8.53125,816.40625,3.931,4.0445312499999995,50.794921875,58.175937499999996,12.9453125,54.70703125,0.0011640625,179.32
23,EV_109,DR568924_2,0,128,0.9440346385147723,0.44213022329995066,True,396.993828125,31.60859375,93.878359375,16.23203125,1305.2734375,3.906984375,4.0106171875,52.257734375,60.43328125,22.3046875,34.515625,0.0012109375,179.32
24,EV_105,DR776635_8,0,128,0.9440346385147723,0.4174345593395323,True,347.99109375,18.496875,72.40734375,8.265625,877.421875,4.2130625,4.2180625,45.824609375,52.987578125,9.21875,72.0953125,0.0005390625,195.42
25,EV_110,DR157642_9,0,128,0.9440346385147723,0.4068688415831617,True,395.86875,34.0265625,76.664296875,21.26171875,1827.34375,4.00171875,4.041015625,60.87375,64.379765625,19.515625,35.8203125,0.003140625,181.09
26,EV_109,DR568924_4,0,128,0.9440346385147723,0.38419218513147324,True,395.6886875,23.81171875,84.059140625,9.97265625,841.9921875,3.9920703125,4.00921875,57.3184765625,65.0,12.6015625,69.3515625,0.00034375,179.32
27,EV_105,DR776635_14,0,128,0.9440346385147723,0.4638285841643585,True,334.4346875,18.4890625,66.746484375,14.440625,882.6953125,4.158665625,4.1643687499999995,58.157890625,65.0,13.80078125,57.7109375,0.0007578125,195.42
28,EV_109,DR568924_6,0,128,0.9440346385147723,0.8854417490892789,True,377.761453125,12.40390625,74.25203125,1.3125,111.71875,4.00990625,4.0517109375,62.144765625,65.0,1.0546875,78.34375,0.000234375,179.32
29,EV_107,RC620279_7,1,128,0.914801490543283,0.6785609770004071,True,437.880203125,-51.8578125,77.0778125,0.0,0.0,4.3783593750000005,4.398515625,56.85625,58.86875,0.0,0.0,0.0,176.27
30,EV_109,RC318657_2,1,128,0.914801490543283,0.36627877374278317,True,422.9052734375,-1.13203125,100.0,0.0,0.0,4.303953125,4.3053515625,49.0671875,49.2078125,0.0,0.0,0.0,179.12
31,EV_109,RC872449_6,1,128,0.914801490543283,0.397488760284646,True,444.402265625,-1.13984375,95.179375,0.0,0.0,4.43740625,4.4418750000000005,47.68984375,48.4375,0.0,0.0,0.0,179.19
32,EV_104,RC451289_5,1,128,0.914801490543283,0.3780895076805771,True,434.99053125,-0.94609375,98.457265625,0.0,0.0,4.34184921875,4.34582890625,47.564609375,47.85234375,0.0,0.0,0.0,202.74
33,EV_103,RC565709_2,1,128,0.914801490543283,0.20468162478927596,True,424.948109375,-0.48750000000000004,100.0,0.0,0.0,4.28465625,4.2955703125,49.25390625,49.8671875,0.0,0.0,0.0,195.72
34,EV_102,RC402318_11,1,128,0.914801490543283,0.4112061187129363,True,428.0097578125,-3.9140625,82.54984375,0.0,0.0,4.1178828125,4.1337109375,39.903828125,40.388828125,0.0,0.0,0.0,193.57
35,EV_103,RC175776_2,1,128,0.914801490543283,0.21173502256069152,True,427.2367421875,-0.69609375,98.63015625,0.0,0.0,4.3587734375,4.3631640625,46.07890625,46.20234375,0.0,0.0,0.0,195.77
36,EV_104,RC223134_3,1,128,0.914801490543283,0.4981995044664482,True,433.6603046875,-1.36875,97.566484375,0.0,0.0,4.190578125,4.3119765625,55.206640625,55.394140625,0.0,0.0,0.0,202.74
37,EV_105,RC393303_5,1,128,0.914801490543283,0.25472832818673147,True,440.04759375,-0.65234375,96.586953125,0.0,0.0,4.4031484375,4.409203125,41.97265625,42.17265625,0.0,0.0,0.0,195.13
38,EV_105,RC558082_9,1,128,0.914801490543283,0.43073116478136425,True,444.9219921875,-4.26171875,84.53734375,0.0,0.0,4.1984078125,4.237915625,61.1978125,61.41109375,0.0,0.0,0.0,195.09
39,EV_108,RC542818_4,1,128,0.914801490543283,0.5357174057952192,True,432.8018671875,-0.36562500000000003,90.11328125,0.0,0.0,4.4084375,4.4107890625,58.4365625,58.64984375,0.0,0.0,0.0,182.02
40,EV_110,RC266002_5,1,128,0.914801490543283,0.4791170228269194,True,444.5492890625,-3.4125,80.655,0.0,0.0,4.44365,4.4488890625,54.6221875,56.461484375,0.0,0.0,0.0,181.09
41,EV_105,RC563200_2,1,128,0.914801490543283,0.8495268934334234,True,429.7748671875,-39.3125,96.733046875,0.0,0.0,4.2795234375,4.3154453125,44.85234375,45.15078125,0.0,0.0,0.0,194.98
42,EV_066,DR101229_5,0,128,0.910993321450467,0.5543520811572427,True,341.696875,179.74765625,84.09546875,102.0328125,7600.4296875,4.00734375,4.08515625,62.86875,64.81875,24.80859375,0.0,0.0,193.72
43,EV_106,DR471689_3,0,57,0.898539390623505,0.7804838945222481,True,339.78578947368425,102.61456140350877,67.54877192982457,38.9140350877193,1655.6140350877192,3.9900526315789473,4.014877192982456,40.093333333333334,48.01280701754386,18.035087719298247,36.526315789473685,0.0006666666666666666,172.93
44,EV_107,DR862144_1,0,256,0.898539390623505,0.5240072709074463,True,367.3341796875,52.806640625,87.84953125,31.15625,2727.34375,4.07454296875,4.11090625,39.1966796875,41.122578125,32.158203125,22.5,0.001765625,176.27
45,EV_107,DR862144_13,0,256,0.898539390623505,0.4910154771632171,True,348.64357421875,33.939453125,66.9651953125,22.148046875,1484.58984375,4.0545625,4.106453125,55.5185546875,59.251953125,22.8859375,30.65234375,0.0044453125,176.27
46,EV_107,DR862144_4,0,256,0.898539390623505,0.5998994535833655,True,341.287890625,53.751171875,82.609140625,51.649609375,2582.5078125,4.036640625,4.05244140625,45.5017578125,48.2003125,8.5546875,25.6484375,0.00159375,176.27
47,EV_107,DR862144_7,0,188,0.898539390623505,0.3253925279797589,True,383.2528723404255,33.4061170212766,82.795,17.676063829787232,1287.4202127659576,3.9721755319148935,3.9854106382978722,48.87670212765957,51.990531914893616,19.92287234042553,43.4468085106383,0.0030478723404255316,176.27
48,EV_107,DR862144_8,0,256,0.898539390623505,0.5319575953199984,True,382.517328125,26.7001953125,77.760078125,15.240234375,974.0234375,3.98872265625,4.0310429687500005,53.8294921875,56.754921875,15.82421875,57.26953125,0.00352734375,176.27
49,EV_110,DR157642_5,0,256,0.898539390623505,0.4841589377025002,True,359.725328125,29.482421875,70.1344140625,17.71171875,1684.375,3.93914453125,3.958265625,47.2753515625,50.6604296875,22.33984375,44.74609375,0.0016171875,181.09
50,EV_107,RC620279_3,1,128,0.8931420946671456,0.23852444566346545,True,419.2894140625,-169.98671875,53.09171875,0.0,0.0,4.41828125,4.4467187500000005,64.68375,65.0,0.0,0.0,0.0,176.27
51,EV_108,RC374996_3,1,128,0.8931420946671456,0.29980338879372426,True,443.768796875,-85.63125,66.723125,0.0,0.0,4.420078125,4.446875,64.838203125,65.0,0.0,0.0,0.0,168.27
52,EV_108,RC374996_2,1,128,0.8931420946671456,0.33516624790511135,True,420.4148359375,-184.95859375,43.7125,0.0,0.0,4.366171875,4.4437500000000005,58.516484375,64.588359375,0.0,0.0,0.0,168.27
53,EV_110,RC350963_2,1,128,0.8931420946671456,0.38995535990725094,True,435.7080234375,-38.5609375,76.390078125,0.0,0.0,4.3346328125,4.39325,60.64703125,61.08171875,0.0,0.0,0.0,181.09
54,EV_108,RC752927_2,1,128,0.8931420946671456,0.4598264975259883,True,396.90834375,-200.615625,41.617734375,0.0,0.0,4.14375,4.260078125,58.640078125,62.78828125,0.0,0.0,0.0,176.06
55,EV_107,RC620279_4,1,128,0.8931420946671456,0.2643131528931938,True,440.3444765625,-128.78515625,63.2325,0.0,0.0,4.4350000000000005,4.45,64.9984375,65.0,0.0,0.0,0.0,176.27
56,EV_108,RC752927_3,1,128,0.8931420946671456,0.23320206805662883,True,419.793015625,-143.57265625,54.577578125,0.0,0.0,4.42796875,4.45,64.73453125,65.0,0.0,0.0,0.0,176.06
57,EV_108,RC748437_3,1,128,0.8931420946671456,0.370686081982615,True,434.3234921875,-117.8390625,69.30796875,0.0,0.0,4.446203125,4.449921875,65.0,65.0,0.0,0.0,0.0,172.76
58,EV_106,RC372459_2,1,128,0.8931420946671456,0.35766988557796453,True,404.353546875,-141.8375,54.9771875,0.0,0.0,4.13140625,4.2015390625,56.917890625,62.71859375,0.0,0.0,0.0,169.5
59,EV_107,RC267703_2,1,128,0.8931420946671456,0.2152501460199154,True,413.50346875,-113.89453125,55.30953125,0.0,0.0,4.3266406250000005,4.39078125,62.587421875,64.980078125,0.0,0.0,0.0,176.27
60,EV_108,RC808961_3,1,128,0.8931420946671456,0.2229764002815037,True,431.072515625,-102.1421875,65.802109375,0.0,0.0,4.210953125,4.3228828125,56.164140625,65.0,0.0,0.0,0.0,166.96
61,EV_106,RC561349_3,1,128,0.8931420946671456,0.2761797304839833,True,429.906578125,-115.046875,66.60953125,0.0,0.0,4.404296875,4.4334375,64.994296875,65.0,0.0,0.0,0.0,165.67
62,EV_106,RC561349_2,1,128,0.8931420946671456,0.45180925627917595,True,398.7212421875,-172.8515625,44.829921875,0.0,0.0,4.2746875,4.340546875,61.45234375,64.014765625,0.0,0.0,0.0,165.67
63,EV_106,RC372459_3,1,128,0.8931420946671456,0.21834255350796053,True,433.9320234375,-65.85,73.654453125,0.0,0.0,4.28575,4.3648046875,64.932578125,65.0,0.0,0.0,0.0,169.5
64,EV_108,RC748437_2,1,128,0.8931420946671456,0.46271498345061,True,396.7169375,-208.9921875,43.0459375,0.0,0.0,4.211765625,4.286171875,64.26484375,64.9765625,0.0,0.0,0.0,172.76
65,EV_107,RC620279_2,1,128,0.8931420946671456,0.4793708956608055,True,395.033109375,-202.884375,39.7925,0.0,0.0,4.107578125,4.187734375,59.41265625,64.1234375,0.0,0.0,0.0,176.27
66,EV_109,RC872449_10,1,128,0.891897927110884,0.4254383923785678,True,431.2602109375,-0.484375,100.0,0.0,0.0,3.64046875,3.64246875,8.08515625,10.08359375,0.0,0.0,0.0,179.19
67,EV_103,RC565709_9,1,128,0.891897927110884,0.41914360426637404,True,397.7944296875,0.071875,100.0,0.0,0.0,3.1334765625,3.1435390625,10.759375,13.359375,0.0,0.0,0.0,195.72
68,EV_101,RC722912_10,1,128,0.891897927110884,0.5264353807967886,True,341.34940625,-1.3078125,100.0,0.0,0.0,3.004484375,3.019484375,10.2890625,10.8953125,0.0,0.0,0.0,186.45
69,EV_109,RC318657_6,1,128,0.891897927110884,0.37592889668417456,True,424.0021796875,-6.22265625,100.0,0.0,0.0,3.3891796875,3.3929140625,13.673046875,14.573046875,0.0,0.0,0.0,179.12
70,EV_101,RC722912_11,1,128,0.891897927110884,0.6159943166634235,True,328.3038671875,-0.4296875,100.0,0.0,0.0,2.887765625,2.90559375,28.288671875,29.933203125,0.0,0.0,0.0,186.45
71,EV_101,RC722912_8,1,128,0.891897927110884,0.2835951778567269,True,390.5536171875,-1.6734375000000001,100.0,0.0,0.0,3.2441953125,3.2542890625,9.62734375,10.62734375,0.0,0.0,0.0,186.45
72,EV_101,RC722912_6,1,128,0.891897927110884,0.42053742380848225,True,305.2129296875,-0.46406250000000004,100.0,0.0,0.0,3.5493515625,3.5515546875,15.8534375,15.9534375,0.0,0.0,0.0,186.45
73,EV_101,RC722912_5,1,128,0.891897927110884,0.38631737930436466,True,317.9129765625,-1.00078125,100.0,0.0,0.0,3.6554609375,3.657703125,18.824140625,18.924140625,0.0,0.0,0.0,186.45
74,EV_101,RC722912_4,1,128,0.891897927110884,0.39836910482954035,True,337.2476875,0.284375,100.0,0.0,0.0,3.79722109375,3.79922109375,23.94359375,24.04359375,0.0,0.0,0.0,186.45
75,EV_110,RC266002_11,1,128,0.891897927110884,0.3244103473576339,True,336.872890625,-1.3390625,100.0,0.0,0.0,3.72,3.722015625,12.78125,14.89375,0.0,0.0,0.0,181.09
76,EV_105,RC393303_11,1,128,0.891897927110884,0.269844800171314,True,391.1785625,-0.61875,100.0,0.0,0.0,3.41545703125,3.41716796875,17.81640625,19.51640625,0.0,0.0,0.0,195.13
77,EV_109,RC318657_4,1,128,0.891897927110884,0.3581230186528254,True,419.3105234375,-0.41484375,100.0,0.0,0.0,3.7007265625,3.7036171875,13.0578125,13.2578125,0.0,0.0,0.0,179.12
78,EV_108,RC542818_2,1,128,0.8411004367890558,0.19838563539480447,False,444.4136953125,-4.1015625,70.228671875,0.0,0.0,4.4121953125,4.44440625,62.455625,63.248984375,0.0,0.0,0.0,182.02
79,EV_107,RC620279_9,1,128,0.8411004367890558,0.09182838407741835,False,443.5406484375,-8.12890625,83.01078125,0.0,0.0,4.42359375,4.436640625,59.8796875,65.0,0.0,0.0,0.0,176.27
80,EV_108,RC386274_18,1,128,0.8411004367890558,0.2693534068258648,False,444.9054296875,-1.6703125,94.11359375,0.0,0.0,4.4481046875,4.44996875,63.156953125,63.285078125,0.0,0.0,0.0,183.46
81,EV_108,RC374996_4,1,128,0.8411004367890558,0.19760032633181435,False,444.648734375,-4.5171875,81.15015625,0.0,0.0,4.435625,4.4496875000000005,64.9984375,65.0,0.0,0.0,0.0,168.27
82,EV_107,RC620279_6,1,128,0.8411004367890558,0.08941883892848777,False,444.7505,-12.4046875,74.24484375,0.0,0.0,4.439140625,4.45,64.99765625,65.0,0.0,0.0,0.0,176.27
83,EV_107,RC620279_5,1,128,0.8411004367890558,0.15114689309884954,False,444.7692421875,-54.29140625,70.10015625,0.0,0.0,4.440234375,4.45,65.0,65.0,0.0,0.0,0.0,176.27
84,EV_107,RC620279_15,1,10,0.8411004367890558,0.20891817484668554,False,444.91970000000003,-1.6800000000000002,95.205,0.0,0.0,4.44,4.45,65.0,65.0,0.0,0.0,0.0,176.27
85,EV_107,RC620279_14,1,128,0.8411004367890558,0.196441735071346,False,444.8095078125,-2.075,94.33640625,0.0,0.0,4.44,4.45,65.0,65.0,0.0,0.0,0.0,176.27
86,EV_107,RC620279_12,1,128,0.8411004367890558,0.15618196162443593,False,444.7179453125,-3.115625,90.3084375,0.0,0.0,4.4328125,4.45,65.0,65.0,0.0,0.0,0.0,176.27
87,EV_107,RC620279_11,1,128,0.8411004367890558,0.13228947630298665,False,444.77721875,-3.0890625,88.220703125,0.0,0.0,4.42,4.45,64.2684375,65.0,0.0,0.0,0.0,176.27
88,EV_107,RC620279_10,1,128,0.8411004367890558,0.09675097331857778,False,444.4265546875,-9.36015625,85.505,0.0,0.0,4.419921875,4.4484375,62.507890625,65.0,0.0,0.0,0.0,176.27
89,EV_107,RC267703_4,1,128,0.8411004367890558,0.06767997056258057,False,444.473796875,-12.42109375,77.23140625,0.0,0.0,4.431171875,4.448125,64.996953125,65.0,0.0,0.0,0.0,176.27
90,EV_107,RC267703_3,1,128,0.8411004367890558,0.17639569595739557,False,437.9107265625,-45.64453125,72.671875,0.0,0.0,4.4330468750000005,4.45,64.99296875,65.0,0.0,0.0,0.0,176.27
91,EV_106,RC362689_7,1,128,0.8411004367890558,0.08953716515837232,False,444.8420703125,-10.0109375,76.807421875,0.0,0.0,4.4473984375,4.4491015625,63.469921875,64.371796875,0.0,0.0,0.0,173.9
92,EV_106,RC362689_6,1,128,0.8411004367890558,0.19709835134998768,False,444.9486796875,-14.484375,71.8475,0.0,0.0,4.3741171875000004,4.3848984375,59.1671875,60.614921875,0.0,0.0,0.0,173.9
93,EV_106,RC362689_5,1,126,0.8411004367890558,0.32643017086558246,False,444.9473015873016,-6.8087301587301585,68.66293650793651,0.0,0.0,4.206825396825397,4.219746031746031,54.34452380952381,55.831428571428575,0.0,0.0,0.0,173.9
94,EV_107,RC620279_13,1,128,0.8411004367890558,0.1715892862341346,False,444.3058671875,-3.25,92.62578125,0.0,0.0,4.43265625,4.446171875,64.8965625,64.926875,0.0,0.0,0.0,176.27
95,EV_108,RC542818_3,1,128,0.8411004367890558,0.19184738124178013,False,444.0454609375,-2.81171875,73.246640625,0.0,0.0,4.4231484375,4.4460625,62.714453125,63.066171875,0.0,0.0,0.0,182.02
96,EV_110,RC266002_3,1,128,0.8411004367890558,0.16296914409669921,False,444.397546875,-13.765625,74.040546875,0.0,0.0,4.44035078125,4.4473515625,63.905546875,63.972265625,0.0,0.0,0.0,181.09
97,EV_110,RC266002_2,1,128,0.8411004367890558,0.17827737345102984,False,444.14809375,-5.39453125,70.260390625,0.0,0.0,4.44002890625,4.4473,61.743828125,61.83765625,0.0,0.0,0.0,181.09
98,EV_108,RC752927_4,1,128,0.8411004367890558,0.25189946829747545,False,440.0446875,-97.09453125,61.86328125,0.0,0.0,4.4365625,4.44984375,64.99765625,65.0,0.0,0.0,0.0,176.06
99,EV_108,RC808961_4,1,128,0.8411004367890558,0.26660891426427785,False,444.639765625,-44.17578125,81.016640625,0.0,0.0,4.34228125,4.44740625,59.557265625,65.0,0.0,0.0,0.0,166.96
100,EV_105,RC558082_21,1,128,0.8301027796022493,0.8237032170343979,False,376.3459609375,-11.10859375,99.94953125,0.0,0.0,3.8183203125,3.84759375,34.07109375,39.3671875,0.0,0.0,0.0,195.09
101,EV_106,RC362689_8,1,128,0.8301027796022493,0.8339548707719099,False,436.375765625,-4.38515625,79.918515625,0.0,0.0,4.2688203125,4.27309375,57.1241015625,57.598828125,0.0,0.0,0.0,173.9
102,EV_106,RC545024_13,1,128,0.8301027796022493,0.7350776174515765,False,411.34918749999997,-8.39765625,91.7734375,0.0,0.0,4.13064453125,4.1515234375,44.65078125,46.97453125,0.0,0.0,0.0,173.9
103,EV_101,RC582682_6,1,128,0.8301027796022493,0.535046829376012,False,434.407625,-14.46796875,79.66171875,0.0,0.0,4.016240625,4.04192578125,42.838125,44.841015625,0.0,0.0,0.0,186.34
104,EV_108,RC386274_6,1,128,0.8301027796022493,0.3676834059888258,False,415.720734375,-23.01875,70.463828125,0.0,0.0,4.1381234375,4.16328125,42.68015625,47.739609375,0.0,0.0,0.0,183.46
105,EV_103,RC565709_7,1,128,0.8292707432375837,0.3558540554516863,False,424.910203125,0.596875,100.0,0.0,0.0,3.384578125,3.39509375,20.1125,22.36640625,0.0,0.0,0.0,195.72
106,EV_101,RC722912_15,1,128,0.8292707432375837,0.2783111848587536,False,402.664171875,-3.9671875,100.0,0.0,0.0,3.741421875,3.750765625,18.846875,21.709375,0.0,0.0,0.0,186.45
107,EV_105,RC393303_10,1,128,0.8292707432375837,0.34162851067470745,False,401.0656484375,-0.81875,100.0,0.0,0.0,3.4797265625,3.485546875,16.428125,17.74140625,0.0,0.0,0.0,195.13
108,EV_103,RC565709_4,1,128,0.8292707432375837,0.2719268975577988,False,405.1133515625,-0.93203125,100.0,0.0,0.0,3.9979765625,4.0079765625,17.728125,18.9046875,0.0,0.0,0.0,195.72
109,EV_104,RC451289_9,1,128,0.8292707432375837,0.37201474436355114,False,397.42346875,-2.70859375,100.0,0.0,0.0,3.99953125,4.000203125,21.7078125,24.8,0.0,0.0,0.0,202.74
110,EV_105,RC393303_7,1,128,0.8292707432375837,0.28812803367674406,False,393.426609375,-0.57734375,100.0,0.0,0.0,3.9498125,3.9534765625,15.9134375,16.5884375,0.0,0.0,0.0,195.13
111,EV_104,DR650597_7,0,128,0.8180397401753673,0.38412274177642297,False,363.7230859375,99.53046875,87.415234375,107.90625,7265.7109375,4.0513984375,4.1312734375,62.0553125,62.7215625,46.921875,2.0234375,0.0065625,202.74
112,EV_105,DR692730_7,0,128,0.8180397401753673,0.3203170623426633,False,351.293390625,116.33984375,81.977890625,109.7859375,4950.171875,3.6101953125,4.171765625,56.597265625,57.35984375,47.86328125,1.3671875,0.004765625,195.09
113,EV_102,DR315489_1,0,128,0.8180397401753673,0.45263511147867264,False,421.89760156250003,115.85625,92.484140625,104.4453125,4177.8125,4.34496875,4.4195,62.141640625,62.46390625,52.84765625,0.6015625,0.001484375,193.48
114,EV_104,DR422821_8,0,128,0.8180397401753673,0.22564120307198923,False,361.752,102.740625,84.3746875,108.7171875,4348.6875,4.052328125,4.163890625,60.444765625,61.5184375,44.8390625,0.953125,0.0025,202.74
115,EV_104,DR667059_2,0,128,0.8180397401753673,0.3419831623016337,False,342.486890625,108.66328125,88.273203125,109.72578125,4779.1171875,3.7948749999999998,3.990296875,62.210546875,62.70703125,43.84375,1.3359375,0.0048046875,202.74
116,EV_103,DR173144_13,0,128,0.8180397401753673,0.24871800234248592,False,368.6107265625,117.684375,77.18765625,109.1625,5458.515625,4.091765625,4.16359375,60.01515625,61.713984375,53.59375,1.0546875,0.0021875,195.72
117,EV_104,DR667059_1,0,128,0.8180397401753673,0.29744459946066876,False,374.226328125,98.121875,95.1225,111.29921875,4834.6875,3.8463203125,4.0049453125,49.1640625,50.13203125,51.765625,0.515625,0.00140625,202.74
118,EV_104,DR650597_8,0,128,0.8180397401753673,0.4418341565360472,False,326.714140625,137.53046875,84.89625,118.675,8049.6875,3.98984375,4.17321875,55.197265625,58.795703125,54.109375,0.640625,0.002109375,202.74
119,EV_102,DR315489_2,0,128,0.8180397401753673,0.26561541692327223,False,365.2336875,130.10703125,89.168203125,112.703125,4508.125,4.2483203125,4.444,55.182734375,57.955,50.5,1.0078125,0.003046875,193.48
120,EV_104,DR239202_1,0,128,0.8180397401753673,0.31118071861413626,False,363.7643828125,106.2234375,91.33078125,108.14921875,4325.96875,3.8947656250000002,4.0559296875,57.2203125,58.957421875,52.41796875,1.515625,0.004765625,202.74
121,EV_102,DR454207_1,0,128,0.8180397401753673,0.5100988385642464,False,350.617375,111.12421875,96.61882812500001,109.47421875,4744.515625,4.3208359375,4.4193203125,61.326015625,62.815234375,54.5,2.9609375,0.00765625,193.65
122,EV_105,DR314668_4,0,128,0.8180397401753673,0.20794537611782324,False,363.9408203125,98.83515625,94.249453125,108.07109375,4322.828125,4.045171875,4.1632421875,50.7621875,52.356875,50.09765625,0.765625,0.003125,194.98
123,EV_104,DR667059_7,0,128,0.8180397401753673,0.40592289979118507,False,371.945921875,100.19140625,75.17625,101.63203125,5940.8203125,4.011203125,4.14859375,59.192578125,59.815234375,46.8515625,1.7890625,0.0048828125,202.74
124,EV_102,RC207535_3,1,128,0.8164464823730212,0.37524320351596513,False,412.7917265625,-109.08515625,100.0,0.0,0.0,3.4808046875,3.542671875,38.5721875,41.2878125,0.0,0.0,0.0,193.73
125,EV_102,RC994147_3,1,128,0.8164464823730212,0.4282008849151032,False,417.9455234375,-49.83046875,100.0,0.0,0.0,3.6591953125,3.7214296875,39.4984375,44.208984375,0.0,0.0,0.0,193.8
126,EV_102,RC829501_12,1,128,0.8164464823730212,0.26449413149738826,False,404.6347734375,-79.6375,100.0,0.0,0.0,3.7755546875,3.8613828125,38.884296875,42.213984375,0.0,0.0,0.0,193.65
127,EV_102,RC207535_5,1,128,0.8164464823730212,0.3332609389266005,False,414.696953125,-151.2125,100.0,0.0,0.0,4.10046875,4.1558359375,41.565625,44.36875,0.0,0.0,0.0,193.73
128,EV_102,RC829501_13,1,128,0.8164464823730212,0.3347105098196559,False,419.408109375,-56.584375,100.0,0.0,0.0,4.174390625,4.2087265625,39.780390625,43.06796875,0.0,0.0,0.0,193.65
129,EV_106,RC561349_1,1,128,0.8139136909875585,0.3305595572097524,False,362.0478125,-228.61484375,22.720390625,0.0,0.0,3.672890625,3.7502343750000002,45.42875,50.3209375,0.0,0.0,0.0,165.67
130,EV_107,RC620279_1,1,128,0.8139136909875585,0.2347269243456996,False,366.03864062499997,-240.00625,23.7940625,0.0,0.0,3.662734375,3.741953125,42.2140625,48.20234375,0.0,0.0,0.0,176.27
131,EV_108,RC808961_1,1,128,0.8139136909875585,0.2800758737002176,False,364.4845859375,-211.2875,25.07328125,0.0,0.0,3.641953125,3.72625,41.75125,47.834765625,0.0,0.0,0.0,166.96
132,EV_108,RC374996_1,1,64,0.8139136909875585,0.4218685972479579,False,389.622203125,-230.696875,27.8675,0.0,0.0,4.0078125,4.1884375,47.81515625,55.10890625,0.0,0.0,0.0,168.27
133,EV_108,RC748437_1,1,128,0.8139136909875585,0.3844651725944188,False,360.2347890625,-249.70859375,22.4565625,0.0,0.0,3.733515625,3.799375,46.73046875,50.4953125,0.0,0.0,0.0,172.76
134,EV_107,RC267703_1,1,128,0.8139136909875585,0.42084826735773423,False,371.829734375,-205.16484375,30.278125,0.0,0.0,3.755078125,3.8384375,46.0828125,51.084921875,0.0,0.0,0.0,176.27
135,EV_108,RC752927_1,1,128,0.8139136909875585,0.27657754659771766,False,363.407109375,-243.01953125,22.808046875,0.0,0.0,3.6659375,3.75921875,44.84140625,48.77765625,0.0,0.0,0.0,176.06
136,EV_102,RC419723_1,1,128,0.8139136909875585,0.5800991511141285,False,368.8920078125,-232.159375,24.362890625,0.0,0.0,3.69296875,3.7515625,49.33125,54.4953125,0.0,0.0,0.0,193.8
137,EV_106,RC372459_1,1,128,0.8139136909875585,0.2645200075756562,False,361.6683828125,-193.21953125,25.80203125,0.0,0.0,3.66515625,3.726484375,40.94171875,46.37046875,0.0,0.0,0.0,169.5
138,EV_104,DR754088_3,0,128,0.7743228213358073,0.43133495871943955,False,372.3479375,128.55859375,86.162578125,117.39296875,7056.78125,3.8731484375,3.9143359374999998,53.426875,61.820546875,35.7546875,0.41796875,0.001765625,202.74
139,EV_104,DR583457_15,0,128,0.7743228213358073,0.48329815228703393,False,322.41328125,78.328125,60.398359375,97.21171875,3888.46875,3.9035,3.9885,44.860546875,49.99765625,41.6484375,0.0,0.0,202.74
140,EV_104,DR583457_8,0,128,0.7743228213358073,0.5182346155661595,False,401.053125,91.0453125,72.19625,98.2578125,3930.3125,3.7749687499999998,3.7993515625,43.835,55.180078125,50.015625,0.0,0.0,202.74
141,EV_104,DR754074_2,0,128,0.7743228213358073,0.2791628241274104,False,375.60812500000003,76.86171875,80.146015625,117.1796875,4685.3828125,4.1128515625,4.1528515624999995,43.63484375,44.63484375,42.68046875,0.0,0.0,202.74
142,EV_104,DR754074_4,0,64,0.7743228213358073,0.4117638174374757,False,369.472390625,103.1484375,62.23140625,117.590625,4703.53125,4.121875,4.176578125,49.6784375,50.0,56.140625,0.0,0.0,202.74
143,EV_104,DR754088_2,0,128,0.7743228213358073,0.37770654267161935,False,379.502234375,113.56796875,92.98828125,107.73828125,6582.3203125,3.8518125,3.88659375,50.6128125,57.946328125,32.65078125,0.0,0.0,202.74
144,EV_108,DR750860_1,0,128,0.7743228213358073,0.3604184915034628,False,375.3760234375,102.7234375,84.624453125,109.025,5451.25,3.9939921875,4.0638984375,38.408359375,41.584296875,64.43125,0.0,0.0,199.98
145,EV_108,DR750860_2,0,128,0.7743228213358073,0.2574370170933717,False,375.0053125,120.39140625,73.724921875,116.1515625,5807.3828125,3.9670234375,4.064078125,43.2890625,47.759140625,50.296875,0.0,0.0,199.98
146,EV_108,DR750860_3,0,64,0.7743228213358073,0.361729817936266,False,377.00559375,94.8421875,66.30546875,107.528125,5376.40625,3.9236875,4.029171875,45.7296875,50.0,37.6203125,0.0,0.0,199.98
147,EV_104,DR754074_3,0,128,0.7743228213358073,0.24233670462597615,False,373.195203125,87.50625,69.696640625,112.853125,4514.125,4.1271640625,4.173015625,49.01078125,49.6028125,44.909375,0.0,0.0,202.74
148,EV_108,DR750860_4,0,128,0.7743228213358073,0.28717456500547267,False,370.0107421875,119.05,54.490234375,113.475,5673.75,3.91225,4.044359375,49.086015625,50.0,44.5828125,0.0,0.0,199.98
149,EV_104,DR754074_1,0,128,0.7743228213358073,0.4066807163627284,False,379.8025390625,74.92890625,88.6071875,110.53671875,4421.9296875,4.092546875,4.1308671875,36.353984375,37.353984375,50.415625,0.09375,0.0003125,202.74
150,EV_103,RC565709_6,1,128,0.768243135661137,0.255479490931905,False,419.6815859375,-0.54921875,100.0,0.0,0.0,3.52096484375,3.53076171875,19.32578125,21.53515625,0.0,0.0,0.0,195.72
151,EV_101,RC722912_13,1,128,0.768243135661137,0.16667959872958035,False,395.4010078125,-2.34921875,100.0,0.0,0.0,3.4826328125,3.5247578125,17.9796875,19.18828125,0.0,0.0,0.0,186.45
152,EV_105,RC393303_9,1,128,0.768243135661137,0.23624123942456057,False,388.7751953125,-0.20468750000000002,100.0,0.0,0.0,3.5834921875,3.589421875,17.0390625,18.534375,0.0,0.0,0.0,195.13
153,EV_105,RC393303_12,1,128,0.768243135661137,0.2884061541605065,False,399.948625,-0.45,100.0,0.0,0.0,3.2583828125,3.2603828125,27.3828125,29.31953125,0.0,0.0,0.0,195.13
154,EV_105,RC558082_25,1,128,0.768243135661137,0.45899395521057856,False,364.10571875,-21.296875,100.0,0.0,0.0,3.511234375,3.57975,33.7515625,36.879453125,0.0,0.0,0.0,195.09
155,EV_110,RC266002_15,1,128,0.768243135661137,0.3808925270626259,False,394.9115390625,-0.3890625,100.0,0.0,0.0,3.113703125,3.1371015625,19.003125,20.87890625,0.0,0.0,0.0,181.09
156,EV_109,RC872449_9,1,128,0.768243135661137,0.38927738702120357,False,412.9493125,-0.56953125,100.0,0.0,0.0,3.768546875,3.7720078125,22.259375,24.5046875,0.0,0.0,0.0,179.19
157,EV_103,RC565709_8,1,128,0.768243135661137,0.3311429320000001,False,416.906296875,-0.90703125,100.0,0.0,0.0,3.2648046875,3.2748046875,24.559375,27.19921875,0.0,0.0,0.0,195.72
158,EV_109,RC318657_5,1,128,0.768243135661137,0.32441328033588557,False,399.3318125,-0.81953125,100.0,0.0,0.0,3.5394453125,3.5431796875,26.66796875,27.58203125,0.0,0.0,0.0,179.12
159,EV_110,RC266002_14,1,128,0.768243135661137,0.33901787243088916,False,400.4638203125,-0.596875,100.0,0.0,0.0,3.2548203125,3.2581640625,17.0328125,18.253125,0.0,0.0,0.0,181.09
160,EV_110,RC350963_1,1,128,0.760199393051343,0.3422304819761204,False,424.21703125,-117.71953125,47.983671875,0.0,0.0,4.38825,4.404375,59.79078125,60.565625,0.0,0.0,0.0,181.09
161,EV_105,RC393303_1,1,128,0.760199393051343,0.3945033609209581,False,440.263296875,-28.67265625,51.578515625,0.0,0.0,4.1180078125,4.4136171875,50.499921875,53.32296875,0.0,0.0,0.0,195.13
162,EV_104,RC859876_1,1,128,0.760199393051343,0.608883233241783,False,440.6746875,-201.73828125,57.366171875,0.0,0.0,4.39590625,4.4166015625,63.4640625,64.4359375,0.0,0.0,0.0,202.74
163,EV_109,RC908686_1,1,128,0.760199393051343,0.3674118606907203,False,437.3605078125,-38.475,72.4365625,0.0,0.0,4.3593203125,4.3873828125,58.4890625,60.503828125,0.0,0.0,0.0,179.24
164,EV_110,RC988002_1,1,128,0.760199393051343,0.4115091887942837,False,438.2114765625,-94.6875,47.845,0.0,0.0,4.38253125,4.4156562500000005,53.67421875,57.07578125,0.0,0.0,0.0,181.09
165,EV_102,RC829501_2,1,128,0.760199393051343,0.5837857040154933,False,444.4735390625,-83.92890625,59.096953125,0.0,0.0,4.2508515625,4.3275546875,58.8084375,61.375546875,0.0,0.0,0.0,193.65
166,EV_104,RC223134_1,1,128,0.760199393051343,0.5373375255697662,False,439.44328125,-86.478125,65.49859375,0.0,0.0,4.4258046875,4.4343359375,60.94625,61.509140625,0.0,0.0,0.0,202.74
167,EV_110,RC266002_1,1,128,0.760199393051343,0.26498730457472,False,438.93625000000003,-71.09921875,43.29015625,0.0,0.0,4.3810078125,4.423015625,58.59453125,59.64453125,0.0,0.0,0.0,181.09
168,EV_109,DR214027_5,0,256,0.7562727017759454,0.6897711633232249,False,360.1123671875,108.465234375,64.6903125,95.71875,6973.15625,3.99836328125,4.0896796875,47.6783984375,50.9441796875,44.15625,0.0,0.0,180.22
169,EV_110,DR157642_3,0,256,0.7562727017759454,0.4991381167260218,False,306.0453125,161.277734375,77.2717578125,87.871484375,3801.265625,3.901796875,3.956015625,49.82349609375,49.88453125,48.2890625,0.0,0.0,181.09
170,EV_110,DR157642_8,0,128,0.7562727017759454,0.517250528124474,False,318.90859375,210.6796875,82.22828125,93.328125,6562.296875,3.76390625,3.838671875,54.981796875,58.0115625,47.953125,0.0,0.0,181.09
171,EV_108,DR624372_2,0,128,0.7533873012393176,0.23134805506817563,False,340.8955703125,110.44453125,91.508203125,108.62734375,4142.28125,3.9337343750000002,4.0949140625,60.2896875,61.52171875,47.5546875,1.8515625,0.00359375,182.02
172,EV_108,DR624372_3,0,128,0.7533873012393176,0.17736401678739863,False,330.327390625,98.36484375,89.31578125,112.6203125,4327.2578125,3.9199921875,4.1735078125,57.7925,58.93171875,43.4296875,2.15625,0.009062500000000001,182.02
173,EV_109,DR549817_3,0,128,0.7533873012393176,0.23279255827393322,False,340.882703125,99.7703125,74.7390625,113.35078125,5072.125,3.79715625,4.2046328125,60.6296875,62.1359375,46.1015625,2.6171875,0.009453125,179.29
174,EV_109,DR549817_2,0,128,0.7533873012393176,0.19795078197978438,False,331.019265625,85.22265625,77.692734375,105.76953125,4680.65625,3.8226171875,4.154953125,60.67265625,61.51171875,36.09765625,1.859375,0.0064062500000000005,179.29
175,EV_108,DR424318_5,0,128,0.7533873012393176,0.3150908814316387,False,349.0445546875,106.65625,70.33562500000001,109.9765625,4681.84375,3.54378125,4.1593203125,64.0125,64.13203125,42.375,0.8671875,0.004140625,183.46
176,EV_108,DR424318_2,0,128,0.7533873012393176,0.31317509919604536,False,340.4596953125,83.88359375,81.101015625,112.6765625,4691.4921875,3.5897109375,3.910890625,59.94,62.217421875,40.30078125,1.4765625,0.006796875,183.46
177,EV_108,DR380742_13,0,128,0.7533873012393176,0.29581645705554915,False,342.01,81.4109375,69.86515625,109.70703125,5484.6875,4.02434375,4.2417109375,60.3140625,60.78984375,38.71484375,2.046875,0.005078125,181.95
178,EV_109,DR524455_2,0,128,0.7533873012393176,0.35474450350760184,False,335.0031171875,127.92578125,94.83234375,112.63046875,4800.890625,4.3245703125,4.417859375,60.48359375,61.46875,49.9765625,1.5703125,0.00671875,179.19
179,EV_110,DR824332_6,0,128,0.7533873012393176,0.19177380024786153,False,327.2257578125,86.2703125,79.891328125,109.45,4378.0,3.94978125,4.2818828125,63.566796875,63.630078125,43.484375,2.390625,0.006171875,181.09
180,EV_106,DR558126_6,0,128,0.7533873012393176,0.3051047497787615,False,335.3324375,84.9078125,82.928671875,110.496875,6147.3828125,4.0466640625,4.1686875,59.225234375,62.537734375,43.4609375,2.3984375,0.0078125,173.9
181,EV_109,DR483223_2,0,128,0.7533873012393176,0.2510302586614429,False,338.705234375,93.36015625,90.918046875,112.37109375,4495.03125,3.6363359375,4.012625,63.128359375,63.97734375,42.1328125,3.171875,0.007109375,179.03
182,EV_107,DR139858_2,0,128,0.7533873012393176,0.4883411866504561,False,332.601890625,101.4765625,93.806953125,109.08125,4363.25,3.3255625,3.80715625,49.47234375,54.53515625,50.4765625,1.265625,0.0054687500000000005,176.14
183,EV_107,DR139858_3,0,128,0.7533873012393176,0.40618837707185373,False,326.8487734375,93.94375,89.460078125,109.828125,4393.125,3.3333046875,3.9161328125,60.248984375,63.982734375,48.359375,1.3046875,0.00578125,176.14
184,EV_107,DR705506_8,0,128,0.7533873012393176,0.20812721321298763,False,332.6871328125,101.28828125,80.11953125,113.9421875,4557.71875,4.06125,4.184453125,57.6484375,59.62578125,46.0859375,3.1328125,0.009062500000000001,176.22
185,EV_110,DR393518_6,0,128,0.7533873012393176,0.2875644651061536,False,339.29209375,106.39609375,87.79015625,111.6375,4626.96875,3.4926484375,4.2324921875,55.644140625,56.73359375,48.046875,2.1328125,0.00828125,181.09
186,EV_110,DR436096_4,0,128,0.7533873012393176,0.34569190837108155,False,374.6673671875,80.6171875,94.237890625,105.37421875,4215.234375,4.11275,4.1638046875,61.314140625,61.637890625,40.8828125,2.0,0.008828125000000001,181.09
187,EV_101,DR141978_18,0,128,0.7469750265261192,0.2616912942265955,False,374.549046875,42.1796875,53.016640625,28.94921875,1871.640625,4.11059375,4.145765625,51.708984375,52.909921875,29.7890625,17.65625,0.0072578125,186.34
188,EV_109,DR524455_19,0,128,0.7469750265261192,0.2513403511838487,False,377.28478125,46.13046875,62.365546875,32.33984375,2093.515625,4.08896875,4.142828125,58.94296875,60.01796875,32.546875,15.4453125,0.0064062500000000005,179.19
189,EV_109,DR524455_21,0,128,0.7469750265261192,0.2231661237098943,False,380.9095,53.06015625,58.6309375,33.0703125,2109.921875,4.0466796875,4.142734375,60.178515625,61.068125,33.4375,13.3203125,0.0053203125,179.19
190,EV_101,DR405429_11,0,128,0.7469750265261192,0.15223743318227578,False,382.993078125,53.834375,68.272109375,31.953125,2052.9140625,4.103328125,4.1463125,60.307890625,61.38109375,34.7890625,13.4375,0.0059375,186.25
191,EV_106,RC362689_3,1,128,0.7447063562868402,0.37320313378875025,False,377.3122890625,-25.15546875,51.6828125,0.0,0.0,3.7491875,3.75940625,42.33828125,43.84046875,0.0,0.0,0.0,173.9
192,EV_104,DR754088_5,0,128,0.7423309325326221,0.41378267510706973,False,363.5128125,122.4859375,75.8303125,107.67578125,4311.875,3.8646640625,3.9262421875,59.753203125,65.0,76.0734375,0.0,0.0,202.74
193,EV_104,DR754088_9,0,128,0.7423309325326221,0.35096433277307726,False,366.641609375,69.5328125,58.81890625,84.33125,3373.25,4.0926484375,4.1036484375,65.0,65.0,54.8578125,0.0,0.0,202.74
194,EV_105,DR277200_5,0,128,0.7423309325326221,0.6242045461541302,False,370.18875,91.96796875,64.65515625,81.99296875,9604.4921875,4.0664296875,4.0805468750000005,59.908671875,65.0,73.134375,0.0,0.0,195.13
195,EV_104,DR754088_10,0,128,0.7423309325326221,0.3815059076140897,False,352.201234375,106.0828125,52.128125,108.97578125,4339.3984375,4.10590625,4.1180546875,65.0,65.0,72.8703125,0.0,0.0,202.74
196,EV_105,DR776635_13,0,128,0.7423309325326221,0.4062745889412939,False,338.34609375,133.70078125,67.8946875,85.35,3667.5,4.15355546875,4.16255546875,55.2903125,64.9471875,31.95,0.0,0.0,195.42
197,EV_105,DR776635_12,0,128,0.7423309325326221,0.21299650013101906,False,350.3375,116.8328125,69.175,94.228125,4111.40625,4.1402125,4.1492125,52.728125,63.198125,47.5421875,0.0,0.0,195.42
198,EV_110,DR412770_9,0,128,0.7423309325326221,0.5307903895199874,False,324.86740625,103.659375,45.664765625,108.95234375,4357.6875,3.940546875,3.9588828125,62.463671875,65.0,71.15625,0.0,0.0,181.09
199,EV_105,DR277200_3,0,128,0.7423309325326221,0.2329099634997129,False,370.9602890625,80.34453125,75.166484375,92.53671875,5566.609375,4.0487343749999996,4.059796875,54.8521875,64.380078125,57.8140625,0.0,0.0,195.13
200,EV_102,RC207535_2,1,128,0.7255205991381153,0.33319130061448604,False,420.5415234375,-98.2671875,99.963125,0.0,0.0,4.1713671875,4.22,45.2265625,47.94375,0.0,0.0,0.0,193.73
201,EV_102,RC994147_2,1,128,0.7255205991381153,0.4308522128081719,False,415.7028046875,-104.52890625,99.95171875,0.0,0.0,3.685890625,3.7297890625,43.07265625,45.90234375,0.0,0.0,0.0,193.8
202,EV_102,RC829501_9,1,128,0.7255205991381153,0.252322045073644,False,423.6641875,-86.34140625,100.0,0.0,0.0,4.211109375,4.2617890625,43.8421875,48.00078125,0.0,0.0,0.0,193.65
203,EV_102,RC207535_4,1,128,0.7255205991381153,0.34554142451999087,False,398.5444765625,-137.50625,100.0,0.0,0.0,3.821015625,3.8798515625,39.9265625,43.16484375,0.0,0.0,0.0,193.73
204,EV_102,RC829501_15,1,128,0.7255205991381153,0.3515969504356966,False,411.2343125,-106.77109375,100.0,0.0,0.0,3.904609375,3.9575234375,39.3921875,42.2765625,0.0,0.0,0.0,193.65
205,EV_102,RC829501_14,1,128,0.7255205991381153,0.3123864252507521,False,423.28371875,-142.36015625,100.0,0.0,0.0,4.1251796875,4.1556796875,43.3015625,46.77578125,0.0,0.0,0.0,193.65
206,EV_102,RC829501_10,1,128,0.7255205991381153,0.233482464200141,False,421.237875,-144.5609375,100.0,0.0,0.0,4.1595078125,4.2389765625,42.2328125,46.3203125,0.0,0.0,0.0,193.65
207,EV_102,RC829501_11,1,128,0.7255205991381153,0.25552406144903295,False,386.71084375,-138.4625,100.0,0.0,0.0,3.789921875,3.8808046875,40.65703125,45.29375,0.0,0.0,0.0,193.65
208,EV_102,RC829501_7,1,128,0.7255205991381153,0.33366091291866506,False,420.2348203125,-72.13046875,100.0,0.0,0.0,3.8549453125,3.9008828125,44.543828125,47.798671875,0.0,0.0,0.0,193.65
209,EV_102,RC829501_8,1,128,0.7255205991381153,0.10788716321128235,False,409.78796875,-107.00078125,100.0,0.0,0.0,3.967171875,4.040390625,42.846875,45.908125,0.0,0.0,0.0,193.65
210,EV_101,RC722912_12,1,128,0.7145119233595795,0.9078165484145152,False,357.12675,3.640625,100.0,0.0,0.0,3.0628046875,3.09065625,21.170546875,23.029140625,0.0,0.0,0.0,186.45
211,EV_102,RC402318_9,1,128,0.7145119233595795,0.5520950514130157,False,423.660125,-7.7671875,78.09609375,0.0,0.0,4.12104453125,4.1330328125,28.6698828125,30.1401171875,0.0,0.0,0.0,193.57
212,EV_101,RC722912_7,1,128,0.7145119233595795,0.6308928438676338,False,377.455390625,-9.103125,100.0,0.0,0.0,3.412765625,3.41778125,21.981796875,22.894296875,0.0,0.0,0.0,186.45
213,EV_105,RC558082_24,1,128,0.7145119233595795,0.6073613092506444,False,379.634,-13.0234375,100.0,0.0,0.0,3.634046875,3.6917265625,27.627421875,32.88265625,0.0,0.0,0.0,195.09
214,EV_107,RC390377_3,1,128,0.7145119233595795,0.5807341776066847,False,409.228796875,-0.91875,100.0,0.0,0.0,3.77679921875,3.7812953125,25.48796875,26.8059375,0.0,0.0,0.0,176.22
215,EV_101,RC722912_14,1,128,0.7145119233595795,0.28524969802063577,False,391.5360859375,-0.89296875,100.0,0.0,0.0,3.6430703125,3.6601328125,19.73828125,21.7703125,0.0,0.0,0.0,186.45
216,EV_107,DR862144_15,0,256,0.7096181830857098,0.8386094285922753,False,333.75919140625,58.81953125,60.540703125,80.069140625,3442.59375,4.0364179687499995,4.10788671875,56.255859375,59.16015625,21.72109375,5.833984375,0.026984375,176.27
217,EV_101,DR156863_15,0,128,0.7096181830857098,0.23813952308957997,False,346.6768203125,83.89765625,68.82796875,110.659375,4889.296875,4.028828125,4.145546875,50.630859375,55.058984375,43.75,2.8046875,0.011796875,186.45
218,EV_101,DR141978_5,0,128,0.7096181830857098,0.30893117613873455,False,328.0980078125,101.90078125,84.77640625,109.7765625,5059.0078125,3.887875,4.1443125,53.787734375,54.08703125,53.34375,2.8203125,0.011093750000000001,186.34
219,EV_101,DR405429_3,0,128,0.7096181830857098,0.4238338983739655,False,334.0045625,92.153125,83.470078125,113.278125,4747.0,3.9376796875,4.1701875,58.697109375,59.338828125,47.859375,5.3515625,0.0148046875,186.25
220,EV_106,RC362689_4,1,128,0.7070251699940688,0.26261971740218437,False,424.80578125,-18.84921875,60.948125,0.0,0.0,4.0296328125,4.041828125,48.6234375,50.120390625,0.0,0.0,0.0,173.9
221,EV_108,RC808961_2,1,128,0.7070251699940688,0.4570040115714755,False,399.1523359375,-161.25,45.726953125,0.0,0.0,4.0443828125,4.1461328125,49.890859375,60.72515625,0.0,0.0,0.0,166.96
222,EV_108,DR380742_11,0,128,0.7058872767534803,0.308108359717599,False,346.0710859375,95.609375,76.149296875,105.503125,5274.5703125,4.0557890625,4.1825234375,54.8375,58.88203125,38.0078125,0.84375,0.0021875,181.95
223,EV_107,DR705506_9,0,128,0.7058872767534803,0.3630088154859398,False,308.565734375,84.7859375,75.328359375,103.85859375,4154.34375,4.042609375,4.2138125,51.334453125,54.229140625,39.5703125,0.5078125,0.00234375,176.22
224,EV_109,DR770601_8,0,128,0.7058872767534803,0.261356414565223,False,349.104125,79.81875,69.8640625,105.66171875,5283.0859375,4.0376015625,4.2142578125,62.027109375,63.303125,37.75,1.1875,0.003125,179.24
225,EV_110,DR824332_10,0,128,0.7058872767534803,0.2170212171153451,False,377.3827109375,98.5359375,71.19078125,98.35546875,4314.203125,4.1327578124999995,4.1877421875,53.761874999999996,55.261874999999996,44.17890625,0.7421875,0.0023437500000000003,181.09
226,EV_066,DR573828_1,0,63,0.7002474072390499,0.3926805023854493,False,391.31571428571425,78.12698412698413,89.92285714285715,112.10476190476192,4981.9047619047615,4.096936507936507,4.123047619047619,37.23126984126984,38.90904761904762,44.73015873015873,1.1428571428571428,0.004126984126984127,170.51
227,EV_110,DR634682_2,0,128,0.7002474072390499,0.5659873151253199,False,376.52578125,79.5765625,73.597890625,75.71875,3028.75,3.9593359375,3.9693203125,33.935,36.3765625,47.9921875,0.5078125,0.00015625,168.63
228,EV_108,DR712349_1,0,128,0.7002474072390499,0.5204263798654475,False,385.251796875,50.578125,93.6115625,77.8046875,3112.1875,4.063281249999999,4.0933593749999995,37.85,38.35,24.3828125,0.0,0.0,165.75
229,EV_106,DR381544_1,0,128,0.7002474072390499,0.3803168151329067,False,392.3691875,77.47734375,89.861953125,106.06328125,4242.515625,4.14096875,4.163296875,41.209765625,41.921875,51.7109375,0.0,0.0,178.06
230,EV_110,DR393518_4,0,128,0.7002474072390499,0.31294888178651736,False,384.2572890625,93.8265625,93.896796875,102.13515625,4171.28125,3.56646875,4.1545,49.10875,51.60484375,41.546875,0.421875,0.0016406250000000002,181.09
231,EV_104,DR583457_6,0,256,0.692696211167202,1.2755015650022328,False,356.18702734375,29.3875,58.296015625,38.0625,1843.3984375,3.8364765625,3.8539375000000002,50.4148046875,57.3753125,6.6484375,53.546875,0.0465703125,202.74
232,EV_101,DR141978_7,0,128,0.6873511486276007,0.2628772985953999,False,380.2874921875,38.68359375,77.81734375,28.6953125,1890.390625,3.9376328125,4.143484375,50.2365625,52.41578125,29.3828125,15.625,0.0056796875,186.34
233,EV_109,RC752104_3,1,128,0.6764383028557647,0.23910667333109578,False,425.0223515625,-3.234375,82.757421875,0.0,0.0,4.0235703125,4.0733125,39.251015625,41.72984375,0.0,0.0,0.0,179.32
234,EV_101,RC582682_11,1,128,0.6764383028557647,0.06916383086836837,False,444.9159375,-3.03984375,90.4096875,0.0,0.0,3.9425078125,4.004359375,40.971875,42.971875,0.0,0.0,0.0,186.34
235,EV_101,RC582682_12,1,128,0.6764383028557647,0.11560025043140999,False,444.8193671875,-3.48828125,91.820234375,0.0,0.0,4.04843359375,4.10917578125,42.753703125,44.753703125,0.0,0.0,0.0,186.34
236,EV_101,RC582682_7,1,128,0.6764383028557647,0.3360879771717168,False,441.1617890625,-6.6546875,83.63484375,0.0,0.0,3.6337953125,3.68853828125,33.166171875,35.09609375,0.0,0.0,0.0,186.34
237,EV_101,RC582682_8,1,128,0.6764383028557647,0.2422957332431102,False,444.9273515625,-2.665625,85.56515625,0.0,0.0,3.71270078125,3.76770078125,35.3205390625,37.2810078125,0.0,0.0,0.0,186.34
238,EV_101,RC582682_9,1,128,0.6764383028557647,0.19941126472794782,False,444.891796875,-3.509375,87.076875,0.0,0.0,3.7543015625,3.809315625,36.4703203125,38.4303203125,0.0,0.0,0.0,186.34
239,EV_109,RC661710_2,1,128,0.6764383028557647,0.3463974564465083,False,436.417390625,-0.7625,100.0,0.0,0.0,3.85909375,3.9608359375,49.421953125,56.27796875,0.0,0.0,0.0,180.22
240,EV_101,RC582682_10,1,128,0.6764383028557647,0.12724884896632127,False,444.9250625,-2.6609375,89.11078125,0.0,0.0,3.8294078125,3.8846859375,38.4093359375,40.3926953125,0.0,0.0,0.0,186.34
241,EV_105,RC558082_26,1,128,0.6764383028557647,0.3947771681006888,False,405.28678125,-0.453125,100.0,0.0,0.0,3.7577453125,3.863178125,40.6225390625,40.7068359375,0.0,0.0,0.0,195.09
242,EV_108,RC386274_9,1,128,0.6764383028557647,0.1947913531273535,False,444.620046875,-3.5875,82.18296875,0.0,0.0,4.18694921875,4.23625390625,40.285390625,46.185390625,0.0,0.0,0.0,183.46
243,EV_108,RC386274_8,1,128,0.6764383028557647,0.18285687970043243,False,437.871421875,-2.4625,80.600078125,0.0,0.0,4.12598203125,4.17385703125,37.873203125,43.773203125,0.0,0.0,0.0,183.46
244,EV_106,RC362689_10,1,128,0.6764383028557647,0.35079903434015974,False,444.5021796875,-3.0265625,83.78546875,0.0,0.0,4.0010390625,4.05194453125,31.590859375,33.72859375,0.0,0.0,0.0,173.9
245,EV_110,RC948499_2,1,128,0.6764383028557647,0.5183307840435485,False,443.502703125,-3.65234375,92.43671875,0.0,0.0,3.738203125,4.43915625,46.921171875,50.104921875,0.0,0.0,0.0,181.09
246,EV_106,RC362689_11,1,128,0.6764383028557647,0.3767349187903326,False,444.91628125,-5.64453125,85.8240625,0.0,0.0,4.18666796875,4.2397109375,35.2996875,37.465078125,0.0,0.0,0.0,173.9
247,EV_110,RC948499_3,1,128,0.6764383028557647,0.34748326182183137,False,424.36628125,-1.0609375,100.0,0.0,0.0,3.9895078125,4.30528125,43.735859375,46.276875,0.0,0.0,0.0,181.09
248,EV_104,DR422821_7,0,128,0.6619302718006925,0.27870040952650793,False,382.3031640625,74.50390625,87.22609375,88.54921875,3542.0,4.075125,4.1395078125,49.15015625,50.506953125,34.328125,0.0,0.0,202.74
249,EV_105,DR776635_6,0,128,0.6619302718006925,0.4758725644099131,False,340.2953125,23.01953125,74.385,76.0,3040.0,4.1596640625,4.1784609375,42.61,48.596484375,4.3828125,5.0,0.0,195.42
250,EV_108,RC522994_5,1,128,0.6603953773436718,0.4072399762731833,False,392.68490625,-17.475,56.92078125,0.0,0.0,3.8113359375,3.8647265625,27.05578125,28.8178125,0.0,0.0,0.0,181.95
251,EV_108,RC522994_1,1,128,0.6603953773436718,0.28993682541426624,False,340.2539140625,-30.0953125,30.150859375,0.0,0.0,3.6688671875,3.7388671875,26.564453125,28.215,0.0,0.0,0.0,181.95
252,EV_109,RC295912_1,1,128,0.6603953773436718,0.3463000608313716,False,359.7865859375,-30.64609375,39.818359375,0.0,0.0,3.5794765625,3.7185,28.3425,30.62015625,0.0,0.0,0.0,179.29
253,EV_101,RC108540_1,1,128,0.6603953773436718,0.2620303694707569,False,349.579828125,-29.590625,22.7715625,0.0,0.0,3.58640625,3.63875,22.98125,25.169921875,0.0,0.0,0.0,186.45
254,EV_102,RC402318_1,1,128,0.6603953773436718,0.3169032383538805,False,357.2042109375,-29.13359375,18.095546875,0.0,0.0,3.5661718749999998,3.633578125,27.705859375,30.204140625,0.0,0.0,0.0,193.57
255,EV_108,RC386274_1,1,128,0.6603953773436718,0.22803148244368887,False,340.725234375,-30.15234375,33.6478125,0.0,0.0,3.4834453125000002,3.613484375,25.88484375,27.709453125,0.0,0.0,0.0,183.46
256,EV_109,DR524455_15,0,128,0.6527391822771498,0.2171107839276237,False,378.3851171875,51.8671875,69.503828125,28.15625,1912.65625,4.0759765625,4.142109375,49.388359375,51.7596875,31.5625,14.8046875,0.0056015625,179.19
257,EV_102,RC829501_6,1,128,0.649057395367246,0.36567453349437856,False,438.8072265625,-17.80390625,99.433359375,0.0,0.0,4.387140625,4.3894609375,57.354140625,57.936171875,0.0,0.0,0.0,193.65
258,EV_109,DR568924_3,0,128,0.6488151295938858,0.38324780784720386,False,369.5413515625,134.38203125,88.839453125,94.70390625,3992.609375,3.8642578125,3.9700859375,54.13421875,63.113046875,51.6515625,0.0,0.0,179.32
259,EV_110,DR412770_8,0,125,0.6488151295938858,0.33484143832077007,False,340.023104,68.19919999999999,55.110879999999995,81.3096,3275.528,3.9729200000000002,3.98672,58.97464,65.0,52.9104,1.76,0.0005840000000000001,181.09
260,EV_110,DR157642_14,0,128,0.6488151295938858,0.3882453458570151,False,377.183359375,80.074609375,69.725,75.18359375,4356.8359375,3.9740234375,3.9887421875,60.666484375,61.40421875,50.915625,0.0,0.0,181.09
261,EV_110,DR412770_4,0,128,0.6447302667445418,0.43839250696830745,False,350.011640625,137.9875,70.806015625,112.371875,4495.09375,3.92859375,3.9515703125,51.335078125,57.633515625,69.1875,0.0,0.0,181.09
262,EV_109,DR568924_8,0,128,0.6447302667445418,0.4161542863810927,False,375.153390625,113.08203125,55.912421875,114.81484375,4801.7578125,4.0667734375,4.089046875,49.43234375,50.9365625,47.9296875,0.484375,0.00140625,179.32
263,EV_109,DR214027_8,0,128,0.6447302667445418,0.40822943355637714,False,315.31328125,117.2453125,81.0765625,98.1703125,4006.3828125,4.04,4.05,50.675,59.8959375,35.0,0.0,0.0,180.22
264,EV_110,DR412770_3,0,128,0.6447302667445418,0.35069208982634636,False,370.619890625,125.7625,78.23703125,100.6953125,4027.96875,3.96071875,3.972125,48.30453125,54.006484375,66.5140625,0.0,0.0,181.09
265,EV_109,DR483223_3,0,14,0.6447302667445418,0.285480333236834,False,329.77092857142856,115.9357142857143,89.60785714285714,109.35714285714286,4374.285714285715,3.7879285714285715,4.1075,48.18357142857143,50.54071428571429,33.0,0.0,0.0,179.03
266,EV_106,DR381544_4,0,128,0.6447302667445418,0.31154575170498766,False,345.5749921875,106.23359375,55.09984375,113.009375,4520.3046875,4.04890625,4.1026796875,49.954765625,50.0,37.91015625,0.0,0.0,178.06
267,EV_106,DR381544_3,0,128,0.6447302667445418,0.2743492601839847,False,347.8928125,130.01796875,65.99578125,110.50390625,4419.4921875,4.0596484375,4.1008281250000005,49.502734375,50.0,60.04140625,0.0,0.0,178.06
268,EV_106,DR381544_2,0,128,0.6447302667445418,0.3143320972894142,False,366.335921875,108.83515625,79.264609375,95.2015625,3805.2578125,4.0929375,4.1290078125,46.545859375,48.35859375,57.2390625,0.0,0.0,178.06
269,EV_109,DR214027_7,0,128,0.6447302667445418,0.4191618968713707,False,355.34140625,116.528125,84.688984375,103.078125,4129.5,4.0398359375,4.0491171875,49.395,57.99,35.078125,0.0,0.0,180.22
270,EV_110,DR157642_11,0,128,0.6447302667445418,0.5562985462985965,False,336.4046875,136.053125,74.041953125,116.3671875,7868.359375,3.9478906250000003,4.053984375,48.2625,48.85859375,71.21875,0.0,0.0,181.09
271,EV_108,DR712349_3,0,158,0.6447302667445418,0.4802358850531077,False,316.4082658227848,86.76329113924051,89.76443037974684,93.99620253164557,6349.367088607595,4.068867088607595,4.0904430379746834,49.62443037974683,49.91405063291139,33.20253164556962,0.759493670886076,0.00010126582278481013,165.75
272,EV_105,RC558082_1,1,128,0.6438473798998263,0.3645968018489937,False,360.7763203125,-29.4625,19.1321875,0.0,0.0,3.936015625,3.97046875,27.635,30.93484375,0.0,0.0,0.0,195.09
273,EV_109,RC752104_1,1,128,0.6438473798998263,0.6168460397615633,False,393.6260859375,-25.6890625,52.442734375,0.0,0.0,3.940703125,4.001484375,27.465390625,30.052968749999998,0.0,0.0,0.0,179.32
274,EV_101,RC346106_6,1,128,0.6438473798998263,0.41031197402539493,False,392.4235625,-28.67421875,28.64578125,0.0,0.0,3.9107578125,4.106671875,23.8529609375,28.2169453125,0.0,0.0,0.0,186.45
275,EV_101,RC582682_1,1,128,0.6438473798998263,0.28675859779917623,False,383.5806796875,-18.93359375,41.95921875,0.0,0.0,3.852296875,3.979140625,27.59796875,30.152578125,0.0,0.0,0.0,186.34
276,EV_102,RC402318_4,1,128,0.6438473798998263,0.49172089434555427,False,430.0821953125,-28.61015625,46.05078125,0.0,0.0,3.878703125,3.9068671875,43.580078125,45.959453125,0.0,0.0,0.0,193.57
277,EV_104,RC487807_1,1,128,0.6438473798998263,0.2945412021140024,False,383.3140078125,-27.74609375,43.823828125,0.0,0.0,3.861234375,3.9279296875,29.942578125,32.1765625,0.0,0.0,0.0,202.74
278,EV_104,RC487807_2,1,128,0.6438473798998263,0.4158059001003654,False,430.3235625,-27.9171875,53.80625,0.0,0.0,4.2248359375,4.2856171875,36.30453125,38.27328125,0.0,0.0,0.0,202.74
279,EV_104,RC487807_5,1,128,0.6438473798998263,0.6609595580956068,False,413.826375,-28.27890625,75.44203125,0.0,0.0,4.0460703125,4.098375,37.08671875,38.685,0.0,0.0,0.0,202.74
280,EV_104,RC554045_1,1,128,0.6438473798998263,0.33331803417703826,False,365.09525,-26.7234375,36.214375,0.0,0.0,3.8757734375,3.93840625,27.876015625,30.166640625,0.0,0.0,0.0,202.74
281,EV_107,RC358893_1,1,128,0.6438473798998263,0.5332048516834064,False,379.0136171875,-29.078125,34.030625,0.0,0.0,4.1245546875,4.1927265625,28.11375,29.976015625,0.0,0.0,0.0,176.27
282,EV_105,RC558082_2,1,128,0.6438473798998263,0.4232117340669124,False,413.578421875,-28.43515625,33.560234375,0.0,0.0,4.3604140625,4.3678203125,35.3375,38.6253125,0.0,0.0,0.0,195.09
283,EV_103,RC362968_17,1,128,0.6343564192850872,0.3136506520193509,False,418.394140625,-0.16484374999999998,100.0,0.0,0.0,4.3213515625,4.323,33.603125,34.30546875,0.0,0.0,0.0,197.17
284,EV_109,RC872449_7,1,128,0.6343564192850872,0.4142379682993885,False,426.8405625,-0.52734375,100.0,0.0,0.0,4.283375,4.2879609375,26.18984375,26.68984375,0.0,0.0,0.0,179.19
285,EV_108,RC542818_5,1,128,0.6343564192850872,0.2566314197437628,False,387.7370234375,-1.465625,100.0,0.0,0.0,4.140703125,4.1433828125,32.3234375,32.6234375,0.0,0.0,0.0,182.02
286,EV_110,RC266002_8,1,128,0.6343564192850872,0.26113136552637667,False,425.7705859375,-0.9140625,100.0,0.0,0.0,4.2761796875,4.2779765625,31.62109375,33.62109375,0.0,0.0,0.0,181.09
287,EV_107,RC390377_2,1,128,0.6343564192850872,0.3361551878946173,False,418.069453125,-0.23828125,100.0,0.0,0.0,4.23451171875,4.24385546875,38.0890625,38.21484375,0.0,0.0,0.0,176.22
288,EV_110,RC988002_6,1,128,0.6343564192850872,0.31064317592068535,False,425.9476484375,-7.328125,99.879453125,0.0,0.0,4.2838671875,4.2863515625,37.4265625,39.4265625,0.0,0.0,0.0,181.09
289,EV_101,RC722912_3,1,128,0.6343564192850872,0.2627515458106315,False,379.0399609375,1.0953125,100.0,0.0,0.0,3.9988828124999998,4.008234375,37.767421875,37.830703125,0.0,0.0,0.0,186.45
290,EV_109,RC318657_3,1,128,0.6317376845460445,0.44052789426544275,False,403.7669453125,-0.3953125,100.0,0.0,0.0,4.00915234375,4.01321484375,27.25390625,27.45390625,0.0,0.0,0.0,179.12
291,EV_105,RC393303_6,1,128,0.6317376845460445,0.2722354962422966,False,389.7051171875,-0.3078125,100.0,0.0,0.0,4.1515703125,4.155515625,15.27578125,15.47578125,0.0,0.0,0.0,195.13
292,EV_104,RC451289_8,1,128,0.6317376845460445,0.3860621311501316,False,389.537046875,-0.7640625,100.0,0.0,0.0,4.10075,4.1104375,12.65546875,14.95546875,0.0,0.0,0.0,202.74
293,EV_104,RC451289_7,1,128,0.6317376845460445,0.439766690976332,False,402.0501875,-0.94765625,100.0,0.0,0.0,4.1225625,4.13246875,21.64921875,23.25234375,0.0,0.0,0.0,202.74
294,EV_104,RC451289_6,1,128,0.6317376845460445,0.2548129186559784,False,405.2108515625,0.8500000000000001,100.0,0.0,0.0,4.0526640625,4.0622109375,24.6953125,24.9953125,0.0,0.0,0.0,202.74
295,EV_103,RC565709_3,1,128,0.6317376845460445,0.20688193882722203,False,405.4826171875,-1.77734375,100.0,0.0,0.0,4.1152890625,4.1252890625,25.0703125,25.6703125,0.0,0.0,0.0,195.72
296,EV_103,RC362968_18,1,128,0.6317376845460445,0.2656113847481812,False,407.5497109375,-0.6515624999999999,100.0,0.0,0.0,4.17686328125,4.18028515625,15.265625,15.80078125,0.0,0.0,0.0,197.17
297,EV_103,RC175776_3,1,128,0.6317376845460445,0.15641830996294923,False,398.5109765625,-0.6703125,100.0,0.0,0.0,4.1572421875,4.1582421875,20.575,20.65390625,0.0,0.0,0.0,195.77
298,EV_110,RC266002_9,1,128,0.6317376845460445,0.4498972957821704,False,389.44478125,-0.14921874999999998,100.0,0.0,0.0,4.0779375,4.080296875,10.6953125,12.6953125,0.0,0.0,0.0,181.09
299,EV_103,RC565709_5,1,128,0.6317376845460445,0.22610023282826422,False,411.0555859375,-1.0609375,100.0,0.0,0.0,3.791734375,3.801734375,20.99375,23.1453125,0.0,0.0,0.0,195.72
300,EV_105,RC563200_3,1,128,0.6317376845460445,0.2390037675315519,False,410.3044609375,-0.92734375,100.0,0.0,0.0,4.04146875,4.0823515625,14.46015625,14.75546875,0.0,0.0,0.0,194.98
301,EV_103,DR173144_26,0,128,0.6186176004218287,0.2187102247264157,False,369.996796875,41.453125,43.50125,28.4765625,1798.9453125,3.5503125,4.1399609375,60.871953125,61.9365625,30.296875,16.4453125,0.006203125,195.72
302,EV_103,DR173144_25,0,128,0.6186176004218287,0.262478449750669,False,368.48796875,45.0609375,45.382656250000004,30.1484375,1931.25,3.6396015625,4.1593359375,53.271640625,56.38921875,30.8828125,20.0390625,0.0063593750000000004,195.72
303,EV_104,DR667059_15,0,128,0.6186176004218287,0.31273735094360744,False,368.1628046875,38.79140625,48.53046875,28.796875,1921.875,3.3889296875,4.143265625,59.285390625,61.06328125,29.5078125,15.7578125,0.005578125,202.74
304,EV_105,DR692730_28,0,128,0.6186176004218287,0.3142220883877111,False,353.1437578125,50.42734375,19.531796875,26.0078125,1725.78125,3.3255234375,4.14146875,50.499765625,51.975625,30.859375,18.75,0.0063124999999999995,195.09
305,EV_102,DR253130_5,0,128,0.6186176004218287,0.24731139113698525,False,364.397515625,43.76171875,36.044609375,27.203125,1871.640625,3.68309375,4.14125,54.326328125,55.064453125,29.1640625,18.046875,0.0081171875,193.8
306,EV_109,DR524455_4,0,128,0.6177079240652164,0.31192106343303094,False,381.0377421875,46.1640625,87.9746875,29.046875,1819.0625,4.2243671875,4.4428046875,46.0709375,48.398671875,29.859375,17.265625,0.0062265625,179.19
307,EV_110,DR104166_5,0,128,0.6177079240652164,0.1607715555208921,False,384.1596484375,38.51328125,87.735703125,28.546875,1844.21875,4.1094296875,4.166640625,52.129921875,55.1140625,28.328125,17.53125,0.00565625,181.09
308,EV_108,DR380742_5,0,128,0.6177079240652164,0.25303635206923936,False,382.1714765625,47.29375,92.520390625,30.3671875,1952.734375,4.0577499999999995,4.143078125,49.91953125,52.212109375,30.84375,17.5,0.006375,181.95
309,EV_109,DR219828_5,0,128,0.6177079240652164,0.26051223905412757,False,380.1765546875,50.80859375,92.3146875,28.8203125,1857.34375,4.1036328125,4.1542265625,48.046953125,49.835546875,30.578125,16.1328125,0.0056796875,179.12
310,EV_107,DR705506_3,0,128,0.6177079240652164,0.19481933378819546,False,389.5122734375,41.85546875,90.438203125,28.9296875,1861.875,4.0796796875,4.142796875,50.816640625,51.683515625,29.2734375,17.1484375,0.005796875,176.22
311,EV_110,RC266002_13,1,127,0.6123939171524494,0.4323342270963415,False,396.3075826771654,-2.5503937007874016,100.0,0.0,0.0,3.419771653543307,3.4208188976377953,9.844094488188977,12.951968503937008,0.0,0.0,0.0,181.09
312,EV_110,RC266002_10,1,128,0.6123939171524494,0.4335029140986154,False,366.1623203125,-1.21875,100.0,0.0,0.0,3.904665625,3.9068296875,17.79296875,19.92421875,0.0,0.0,0.0,181.09
313,EV_101,RC722912_9,1,128,0.6123939171524494,0.5688896266964645,False,362.2853203125,-1.490625,100.0,0.0,0.0,3.125890625,3.1394140625,9.06640625,9.80859375,0.0,0.0,0.0,186.45
314,EV_110,RC266002_12,1,128,0.6123939171524494,0.25072569242431486,False,421.05509375,-0.85859375,100.0,0.0,0.0,3.5642734375,3.566234375,16.615625,19.521875,0.0,0.0,0.0,181.09
315,EV_105,RC393303_8,1,128,0.6123939171524494,0.2919701005888548,False,396.49834375,-0.90546875,100.0,0.0,0.0,3.7626015625,3.767046875,19.63359375,20.43671875,0.0,0.0,0.0,195.13
316,EV_109,RC872449_11,1,128,0.6123939171524494,0.25888818811706865,False,406.5306875,-0.615625,100.0,0.0,0.0,3.4925,3.4947421875,20.87578125,23.819140625,0.0,0.0,0.0,179.19
317,EV_109,RC872449_12,1,128,0.6123939171524494,0.35201009160671437,False,399.9965859375,-0.40546875,100.0,0.0,0.0,3.4446796875,3.4478671875,9.4046875,12.384375,0.0,0.0,0.0,179.19
318,EV_109,RC872449_8,1,128,0.6123939171524494,0.35817318180546304,False,405.9663046875,-0.68203125,100.0,0.0,0.0,3.96434375,3.96946875,12.88359375,13.71015625,0.0,0.0,0.0,179.19
319,EV_108,RC542818_6,1,128,0.6123939171524494,0.46583496773644506,False,353.4826953125,-0.40546875,100.0,0.0,0.0,3.7639062500000002,3.7661171875,13.00859375,13.66015625,0.0,0.0,0.0,182.02
320,EV_101,DR141978_3,0,128,0.6057221468975362,0.29611280657683037,False,329.918375,95.71796875,92.624140625,112.653125,5142.8984375,3.743,3.9509140625,51.866953125,52.57234375,45.2890625,2.05078125,0.006015625,186.34
321,EV_109,DR549817_1,0,128,0.6057221468975362,0.3219905039772289,False,347.6981875,111.07421875,81.64984375,109.98125,4845.671875,3.9163828125,4.087765625,51.49765625,54.33828125,50.765625,2.6328125,0.009453125,179.29
322,EV_101,DR405429_1,0,128,0.6057221468975362,0.25073809401188546,False,350.2563203125,96.14140625,90.745703125,107.71796875,4424.7265625,4.0562734375,4.1550546875,54.225,56.37421875,46.671875,2.8125,0.008203125,186.25
323,EV_101,DR141978_1,0,128,0.6057221468975362,0.3265520069436047,False,393.5490703125,126.51953125,97.02109375,112.84765625,5078.6015625,3.7470625,3.787359375,45.942578125,50.50078125,53.6328125,1.2890625,0.005078125,186.34
324,EV_103,DR587402_1,0,128,0.6057221468975362,0.3503184668442762,False,360.8914375,102.74453125,96.86203125,113.209375,4866.3203125,3.75484375,3.8711640625,50.74609375,52.80859375,44.71484375,2.5,0.00671875,195.62
325,EV_109,DR524455_1,0,128,0.6057221468975362,0.5471984512366249,False,410.446328125,140.384375,97.252734375,111.81015625,4766.328125,4.383015625,4.4034296875,43.71796875,44.975,50.421875,0.71875,0.003125,179.19
326,EV_110,DR104166_1,0,128,0.6057221468975362,0.44461614119366305,False,378.7534765625,120.6953125,98.428515625,110.71796875,4627.28125,4.11925,4.17809375,42.1234375,44.0328125,56.0,0.7578125,0.00328125,181.09
327,EV_110,DR104166_7,0,128,0.6057221468975362,0.23495977143285032,False,355.399796875,97.178125,83.91546875,109.2625,5585.9765625,4.062546875,4.15159375,55.1665625,56.62390625,44.6953125,1.734375,0.00578125,181.09
328,EV_110,DR824332_12,0,128,0.5930626200942308,0.29025260154832305,False,347.6822265625,87.0015625,65.721328125,105.4078125,4664.6171875,4.1228203125,4.28128125,65.0,65.0,32.25390625,0.81640625,0.00265625,181.09
329,EV_108,DR624372_15,0,128,0.5930626200942308,0.2835616865007402,False,315.843671875,94.19765625,67.76859375,110.23984375,5512.1875,4.0060859375,4.2448046875,65.0,65.0,36.0703125,1.8984375,0.005625,182.02
330,EV_109,DR214027_12,0,128,0.5930626200942308,0.41204151233896313,False,340.7921875,119.56484375,76.285,107.19140625,4287.65625,4.1071875,4.1218515625,62.12,65.0,50.0390625,0.0,0.0,180.22
331,EV_101,DR405429_2,0,128,0.5930626200942308,0.28288076619513325,False,335.058796875,99.5015625,86.41828125,107.82421875,4466.640625,4.01975,4.1623046875,64.997890625,65.0,38.078125,2.15625,0.00578125,186.25
332,EV_109,DR524455_3,0,128,0.5930626200942308,0.36036365934503867,False,315.45725,116.79296875,91.585546875,109.8546875,4626.1171875,4.2975390625,4.4323515625,64.9990625,65.0,40.0703125,0.6015625,0.002578125,179.19
333,EV_110,DR393518_8,0,128,0.5930626200942308,0.2898176020611505,False,316.610609375,105.21796875,81.02421875,111.26796875,4695.7421875,3.4584375,4.32228125,64.999765625,65.0,39.7265625,1.359375,0.0032812500000000003,181.09
334,EV_110,DR393518_7,0,128,0.5930626200942308,0.27826496113495547,False,332.0635078125,116.2015625,83.322578125,113.6125,4743.890625,3.48496875,4.28203125,64.8709375,64.9984375,47.6953125,1.1484375,0.003828125,181.09
335,EV_106,DR402462_9,0,128,0.5930626200942308,0.23154602763973758,False,333.0808203125,138.934375,76.74484375,112.15,5726.171875,4.004984375,4.1950625,64.999609375,65.0,44.8671875,0.65625,0.00265625,173.9
336,EV_106,DR402462_8,0,128,0.5930626200942308,0.26247308616526316,False,353.9740546875,87.2265625,79.933515625,106.99375,5497.4140625,4.0549453125,4.18440625,64.99859375,65.0,35.4140625,0.7890625,0.002578125,173.9
337,EV_109,DR568924_5,0,128,0.5930626200942308,0.3666039368839489,False,378.46903125,103.71796875,79.499453125,106.48515625,6582.296875,3.979765625,4.037609375,59.677578125,65.0,38.90625,0.5703125,0.001875,179.32
338,EV_110,DR104166_9,0,128,0.5930626200942308,0.25983434621281615,False,311.020390625,103.28203125,77.573828125,110.99765625,5546.953125,3.9609843750000002,4.1221015625,65.0,65.0,46.515625,1.578125,0.005859375,181.09
339,EV_101,DR141978_6,0,128,0.5930626200942308,0.3743260128499202,False,318.974328125,108.346875,80.33703125,110.79296875,5097.59375,3.85246875,4.14496875,64.868984375,64.90234375,37.74609375,2.5,0.005703125,186.34
340,EV_110,DR104166_3,0,128,0.5930626200942308,0.26911580495309945,False,322.948171875,106.88046875,91.605,112.184375,4769.5390625,4.121171875,4.2667890625,64.999609375,65.0,49.6875,1.265625,0.00390625,181.09
341,EV_108,DR424318_3,0,128,0.5930626200942308,0.19327610155563352,False,340.4088359375,102.08515625,77.004296875,108.8015625,4551.1484375,3.6389765625,4.14284375,64.99921875,65.0,45.359375,0.7578125,0.002734375,183.46
342,EV_108,DR624372_14,0,128,0.5930626200942308,0.24281787894291845,False,348.8846953125,97.84765625,69.87390625,108.796875,5439.21875,4.0599375,4.2000078125,64.999453125,65.0,37.603125,1.009375,0.00546875,182.02
343,EV_108,DR380742_12,0,128,0.5930626200942308,0.25199458151389154,False,344.8919921875,77.7890625,71.988046875,103.77265625,5188.6328125,4.044390625,4.198296875,64.994921875,65.0,34.109375,1.8671875,0.006015625,181.95
344,EV_108,DR624372_13,0,128,0.5930626200942308,0.24727196926907355,False,368.187046875,89.78125,72.06765625,110.15703125,5507.8515625,4.0841796875,4.173703125,65.0,65.0,43.859375,1.40625,0.0055859375,182.02
345,EV_106,RC105318_3,1,128,0.5924528802353951,0.3715868778413836,False,399.2135234375,-28.12734375,42.456171875,0.0,0.0,3.6265390625,3.7015390625,24.92390625,28.066484375,0.0,0.0,0.0,165.07
346,EV_106,RC545024_4,1,128,0.5924528802353951,0.4040175515316732,False,401.941453125,-24.275,66.0696875,0.0,0.0,3.8973515625,3.9306015625,25.880703125,28.115859375,0.0,0.0,0.0,173.9
347,EV_106,RC545024_15,1,128,0.5924528802353951,0.3986961889873625,False,414.81821875,-1.44609375,96.613125,0.0,0.0,3.796859375,3.860375,26.74328125,30.448671875,0.0,0.0,0.0,173.9
348,EV_106,RC545024_14,1,128,0.5924528802353951,0.4087927268256075,False,375.754953125,-2.94921875,94.511171875,0.0,0.0,3.6088359375,3.6744375,24.5121875,28.1946875,0.0,0.0,0.0,173.9
349,EV_106,RC362689_9,1,128,0.5924528802353951,0.2994146638650302,False,423.527046875,-2.784375,81.968203125,0.0,0.0,3.763953125,3.8114140625,28.313203125,30.51796875,0.0,0.0,0.0,173.9
350,EV_106,RC105318_2,1,128,0.5924528802353951,0.45122914289727073,False,377.34403125,-26.92109375,32.850859375,0.0,0.0,3.5401796875,3.6126953125,23.936171875,26.9796875,0.0,0.0,0.0,165.07
351,EV_106,RC173329_4,1,128,0.5924528802353951,0.2852584866833478,False,405.29496875,-26.81875,45.2059375,0.0,0.0,3.713296875,3.98225,21.041421875,25.593125,0.0,0.0,0.0,172.94
352,EV_106,RC173329_3,1,128,0.5924528802353951,0.29478710099486455,False,387.3760078125,-25.23984375,40.815859375,0.0,0.0,3.6000234375,3.861765625,20.810640625,25.2775703125,0.0,0.0,0.0,172.94
353,EV_106,RC105318_4,1,128,0.5924528802353951,0.26665082298226656,False,395.83528125,-20.3453125,52.647421875,0.0,0.0,3.671203125,3.751,25.991953125,29.23484375,0.0,0.0,0.0,165.07
354,EV_106,RC173329_2,1,128,0.5924528802353951,0.37481258670795126,False,369.1544296875,-26.0171875,36.215546875,0.0,0.0,3.4965,3.7522890625,20.6550546875,25.0546796875,0.0,0.0,0.0,172.94
355,EV_107,RC358893_4,1,128,0.5924528802353951,0.5239322675428296,False,373.60609375,-22.40625,64.3484375,0.0,0.0,3.826984375,3.836984375,25.782578125,30.467421875,0.0,0.0,0.0,176.27
356,EV_109,RC752104_2,1,128,0.5924528802353951,0.43822124703721277,False,381.7971875,-13.28203125,79.01726562500001,0.0,0.0,3.7473984375,3.7926171875,35.518671875,38.09921875,0.0,0.0,0.0,179.32
357,EV_108,DR624372_1,0,128,0.5883805153914674,0.272663754605428,False,375.0126171875,106.37265625,93.538125,104.03828125,3966.453125,3.8191328125,3.9249765625,48.7859375,52.94140625,50.9453125,0.8125,0.00265625,182.02
358,EV_107,DR139858_1,0,128,0.5883805153914674,0.4626014307890245,False,373.573453125,119.5,96.850546875,107.73203125,4309.296875,3.42946875,3.5943125,35.4590625,38.873125,50.90234375,1.8359375,0.00546875,176.14
359,EV_109,DR483223_1,0,128,0.5883805153914674,0.21929565190970493,False,361.988265625,107.353125,96.13765625,112.76171875,4510.46875,3.711953125,3.848359375,47.09703125,49.7859375,46.625,0.1875,0.000703125,179.03
360,EV_105,DR692730_1,0,128,0.5883805153914674,0.5953623781722838,False,367.460296875,123.7484375,97.477109375,110.709375,4428.25,3.2045703125,3.240015625,39.7046875,42.84296875,46.0546875,0.1171875,0.000390625,195.09
361,EV_110,DR412770_1,0,128,0.5883805153914674,0.6050088632573969,False,322.096796875,124.846875,90.520390625,110.6359375,4427.578125,3.629640625,3.7386796875,38.946796875,44.456015625,83.6109375,0.0,0.0,181.09
362,EV_105,DR692730_2,0,128,0.5883805153914674,0.6687801233437556,False,337.7993984375,123.0640625,94.827265625,113.1484375,4525.96875,3.30153125,3.4227265625,61.16875,63.24765625,43.359375,0.09375,0.000390625,195.09
363,EV_110,DR824332_1,0,128,0.5883805153914674,0.43032196856719135,False,380.5244375,115.07734375,96.349609375,107.59375,4303.765625,4.1151015625000005,4.1468828125,33.48375,35.88625,51.1875,0.2109375,0.000703125,181.09
364,EV_108,DR424318_1,0,128,0.5883805153914674,0.20584232543696074,False,364.9281640625,86.14453125,84.27390625,110.74140625,4550.3125,3.63203125,3.73234375,45.98515625,47.9078125,42.72265625,0.25,0.0009375,183.46
365,EV_109,DR568924_12,0,128,0.5799861252302209,0.17074129278368155,False,370.77090625,49.7890625,45.616015625,31.0625,2031.015625,4.094875,4.1443671875,49.693515625,50.78515625,32.7265625,17.65625,0.00678125,179.32
366,EV_110,DR393518_26,0,128,0.5799861252302209,0.16227749938837,False,369.69140625,46.37109375,38.633359375,26.51171875,1682.265625,3.877734375,4.1409765625,51.0984375,53.63265625,30.15625,15.6015625,0.0051953125,181.09
367,EV_109,DR568924_10,0,128,0.5799861252302209,0.22556668393182586,False,372.411140625,37.98203125,49.64671875,30.3359375,2093.1171875,4.060640625,4.138921875,52.419375,54.290390625,30.984375,17.8125,0.006859375,179.32
368,EV_109,DR219828_28,0,128,0.5799861252302209,0.13068428008873895,False,355.7610390625,52.7578125,36.97328125,29.671875,1909.140625,4.0828125,4.1450000000000005,48.89953125,52.94171875,32.359375,15.234375,0.0056875,179.12
369,EV_106,DR402462_23,0,128,0.5799861252302209,0.15513495458948867,False,364.8071875,40.9296875,29.0028125,28.12890625,1782.03125,4.04625,4.147,49.359765625,50.858359375,29.484375,19.1015625,0.0068828125,173.9
370,EV_106,DR558126_26,0,128,0.5799861252302209,0.22030234240318605,False,374.424,38.0703125,46.561171875,25.5859375,1534.015625,4.0816875,4.1501953125,47.683984375,48.853125,27.59375,17.125,0.006328125,173.9
371,EV_110,DR393518_29,0,128,0.5799861252302209,0.1657108429407985,False,360.656953125,46.19921875,32.88859375,29.328125,1890.859375,4.0508359375,4.1438984375,52.848828125,54.468828125,31.8203125,15.7421875,0.00553125,181.09
372,EV_106,DR805018_22,0,128,0.5799861252302209,0.21396164201515364,False,371.6665859375,48.2328125,41.405234375,34.97265625,2059.453125,4.049125,4.149234375,48.855234375,50.2584375,31.15625,16.9921875,0.0082421875,173.9
373,EV_106,DR402462_24,0,128,0.5799861252302209,0.30224202906723563,False,353.2935703125,56.43359375,26.844375,30.3515625,1933.046875,3.95765625,4.141171875,59.0609375,61.102734375,32.65625,15.9765625,0.0056328125,173.9
374,EV_106,DR558126_24,0,128,0.5799861252302209,0.2080381991490423,False,371.091375,48.77109375,49.908125,31.97265625,2100.3125,4.0971640625,4.1624453125,49.35046875,51.8721875,31.1953125,15.4453125,0.0053046875,173.9
375,EV_110,DR412770_11,0,128,0.5799861252302209,0.18289078318912852,False,372.59828125,48.94140625,33.94828125,28.71875,1830.46875,3.9630703125,4.0844140625,45.143828125,48.08421875,30.234375,17.0703125,0.0054531250000000005,181.09
376,EV_109,DR568924_15,0,128,0.5799861252302209,0.13393405112587556,False,358.04790625,50.1859375,39.7709375,31.07421875,1990.859375,4.08665625,4.143859375,47.489453125,49.331875,32.59375,18.4765625,0.0070625,179.32
377,EV_106,DR558126_31,0,128,0.5799861252302209,0.1871659340524074,False,360.659609375,51.58203125,37.073984375,30.828125,2033.59375,4.020234375,4.1409375,43.55234375,46.6953125,33.8359375,14.84375,0.0058671875,173.9
378,EV_106,DR558126_29,0,128,0.5799861252302209,0.24331363198370035,False,372.36375,39.1875,41.00265625,28.40625,1825.0,4.049375,4.251265625,54.2640625,57.473671875,29.890625,17.578125,0.0072421875,173.9
379,EV_109,DR770601_19,0,128,0.5799861252302209,0.20738861702480652,False,375.24653125,41.16015625,44.618515625,28.875,1847.265625,3.85184375,4.1400546875,45.883828125,48.365078125,29.6015625,17.9296875,0.0063828125,179.24
380,EV_110,DR436096_32,0,128,0.5799861252302209,0.17800698049380154,False,368.7543203125,44.765625,43.6578125,26.5625,1708.984375,3.9492265625,4.1418203125,48.331796875,49.8525,29.78125,17.1875,0.0066796875,181.09
381,EV_106,DR558126_32,0,128,0.5799861252302209,0.2039203521585021,False,358.9769453125,43.6875,35.1521875,27.6796875,1733.75,4.03875,4.1376171875,54.495,58.187578125,29.4375,19.21875,0.00603125,173.9
382,EV_106,DR558126_34,0,128,0.5799861252302209,0.17080899983941178,False,364.79425,56.64453125,31.0615625,31.1484375,2141.5625,4.0497265625,4.1424609375,52.856875,54.241640625,34.328125,15.1953125,0.0054609375,173.9
383,EV_106,DR558126_36,0,128,0.5799861252302209,0.2238068579251821,False,354.8465078125,51.921875,26.73703125,29.203125,1928.515625,3.9332421875,4.1430078125000005,44.27453125,45.48109375,31.3671875,18.3984375,0.006015625,173.9
384,EV_106,DR558126_37,0,126,0.5799861252302209,0.21945442195685555,False,366.71676984126987,39.74603174603175,25.218650793650795,28.341269841269842,1867.4603174603174,4.011206349206349,4.138960317460318,52.97087301587302,54.575714285714284,29.19047619047619,15.80952380952381,0.006111111111111111,173.9
385,EV_107,DR862144_18,0,128,0.5799861252302209,0.32910904669666063,False,355.124515625,47.04921875,32.793125,27.88046875,1661.875,3.9676328124999998,4.141859375,44.009375,48.58828125,27.40625,19.609375,0.0068828125,176.27
386,EV_107,DR862144_19,0,128,0.5799861252302209,0.1743418755721299,False,369.054046875,48.55234375,30.84828125,30.859375,1937.5625,4.0313671875,4.142828125,52.445390625,57.76140625,32.9296875,16.1328125,0.006546875,176.27
387,EV_110,DR104166_26,0,128,0.5799861252302209,0.20410127279845014,False,378.03440625,45.97265625,41.209453125,29.0703125,1908.984375,4.0929375,4.143,48.859140625,50.96625,31.3125,14.375,0.0056484375,181.09
388,EV_109,DR770601_20,0,128,0.5799861252302209,0.16640127252789683,False,367.4004765625,43.14453125,42.87296875,30.0546875,1937.265625,3.890515625,4.1375625,53.908203125,57.028828125,30.3515625,17.03125,0.0061875,179.24
389,EV_101,DR405429_18,0,128,0.5756572702012844,0.17255439697986588,False,377.0644609375,52.55859375,56.7034375,29.3671875,1884.3359375,4.10503125,4.14659375,46.46546875,49.585078125,33.4921875,17.5390625,0.00690625,186.25
390,EV_110,DR436096_25,0,128,0.5756572702012844,0.2581475732965682,False,380.0787109375,43.00546875,57.313125,29.46875,1895.3125,4.09621875,4.142953125,47.60109375,49.84453125,31.6796875,16.171875,0.006109375,181.09
391,EV_110,DR436096_20,0,128,0.5756572702012844,0.16677918646447232,False,360.75365625,45.234375,65.87171875,29.0,1847.421875,4.097515625,4.146953125,47.368671875,48.70734375,32.046875,16.953125,0.0041875,181.09
392,EV_101,DR405429_15,0,128,0.5756572702012844,0.2635297648979299,False,387.760796875,32.66015625,61.81296875,28.234375,1779.6875,4.1036093750000004,4.1453515625,45.747578125,47.094765625,28.640625,16.6796875,0.00571875,186.25
393,EV_109,DR770601_10,0,128,0.5756572702012844,0.320381511271179,False,359.4378671875,44.203125,62.80140625,31.5703125,2078.515625,4.046640625,4.16865625,43.85703125,45.5,31.9375,15.0,0.00546875,179.24
394,EV_106,DR402462_7,0,128,0.5702837902182446,0.24420942800998835,False,362.452,106.27578125,84.637109375,105.1078125,5558.4765625,4.063375,4.1484609375,60.77453125,62.291328125,45.109375,1.171875,0.004296875,173.9
395,EV_101,DR156863_9,0,128,0.5702837902182446,0.2625583001242195,False,368.2307265625,102.025,85.041484375,106.34765625,4602.46875,4.115625,4.1621875,61.092578125,62.826171875,43.0546875,1.328125,0.005859375,186.45
396,EV_110,DR104166_2,0,128,0.5702837902182446,0.21879745388249153,False,349.7002734375,114.0453125,95.735625,111.02421875,4683.8671875,4.0931875,4.1986640625,62.164296875,63.506796875,47.20703125,0.5390625,0.00171875,181.09
397,EV_106,DR558126_5,0,128,0.5702837902182446,0.3656884659996378,False,351.862734375,112.92890625,86.25953125,115.74453125,6469.09375,4.033296875,4.160234375,49.28640625,53.700546875,38.9609375,1.578125,0.004140625,173.9
398,EV_110,DR436096_5,0,128,0.5702837902182446,0.20201399222466498,False,354.401328125,89.5515625,92.31453125,105.1640625,4206.578125,4.1015546875,4.1994296875,55.17703125,56.2946875,42.6484375,0.5859375,0.002109375,181.09
399,EV_110,DR824332_2,0,128,0.5702837902182446,0.23903681890873998,False,346.118515625,108.028125,91.816796875,109.0171875,4360.6875,4.1088203125,4.1870546875,53.491484375,55.961015625,49.94296875,0.5625,0.00125,181.09
400,EV_106,DR558126_4,0,128,0.5702837902182446,0.3568061438531,False,372.4120078125,122.053125,89.2234375,111.91640625,6225.546875,4.074171875,4.1552109375,63.2884375,64.443671875,60.78125,0.3671875,0.001484375,173.9
401,EV_110,DR393518_5,0,128,0.5702837902182446,0.20954588730823778,False,362.7170078125,88.65703125,91.163515625,108.284375,4467.2578125,3.5620703125,4.200890625,60.354609375,61.95703125,41.12109375,0.765625,0.002421875,181.09
402,EV_108,DR380742_10,0,128,0.5702837902182446,0.23231193780176657,False,370.5509921875,118.74140625,83.394140625,111.23046875,5700.3671875,4.0845625,4.1862890625,64.128515625,64.3296875,45.27734375,1.03125,0.00421875,181.95
403,EV_101,DR141978_2,0,128,0.5702837902182446,0.3645881373984236,False,354.9745390625,130.4515625,94.620625,110.71328125,5015.8671875,3.7124140625,3.8365625,60.913671875,63.65625,42.03125,2.671875,0.0073046875,186.34
404,EV_107,DR705506_7,0,128,0.5702837902182446,0.2697110533992159,False,366.884046875,91.6796875,82.735234375,104.59609375,4183.84375,4.1020546875,4.1808359375,63.41328125,64.01171875,53.171875,1.5234375,0.004453125,176.22
405,EV_110,DR104166_13,0,128,0.5645623112238598,0.2939329224356136,False,378.993859375,39.80703125,69.7571875,28.0625,1815.625,4.1007734375,4.1477265625,40.04625,40.668828125,30.8046875,15.703125,0.003890625,181.09
406,EV_106,DR805018_10,0,128,0.5645623112238598,0.17502005940971072,False,387.553375,36.75,70.631640625,27.73046875,1866.5625,4.1044453125,4.1476328125,51.005546875,52.10109375,29.953125,16.6015625,0.0063828125000000005,173.9
407,EV_106,DR805018_5,0,128,0.5645623112238598,0.226846054732626,False,390.203328125,40.71640625,80.04453125,28.921875,1852.1875,4.129046875,4.1534375,44.605703125,45.886328125,29.671875,15.7421875,0.00684375,173.9
408,EV_107,RC358893_5,1,128,0.564265930634906,0.17034033895870718,False,424.4995234375,-16.82421875,73.220390625,0.0,0.0,4.362953125,4.3703046875,33.697734375,38.2584375,0.0,0.0,0.0,176.27
409,EV_107,RC358893_3,1,128,0.564265930634906,0.4106004659719004,False,440.1975625,-30.75,56.643515625,0.0,0.0,4.4011171875,4.40273828125,38.234140625,40.073828125,0.0,0.0,0.0,176.27
410,EV_107,RC358893_2,1,128,0.564265930634906,0.3561062202541131,False,426.2337109375,-27.52578125,48.585078125,0.0,0.0,4.4413671875,4.4499921875,34.758828125,36.530625,0.0,0.0,0.0,176.27
411,EV_108,RC386274_3,1,128,0.564265930634906,0.3515565119664929,False,424.15865625,-26.4515625,50.3503125,0.0,0.0,4.3231953125,4.3601328125,39.899375,41.453203125,0.0,0.0,0.0,183.46
412,EV_106,RC362689_1,1,128,0.564265930634906,0.5574173935961956,False,384.1557890625,-27.98828125,29.5946875,0.0,0.0,4.303984375,4.3775,29.160078125,30.615234375,0.0,0.0,0.0,173.9
413,EV_106,RC362689_2,1,128,0.564265930634906,0.31319653595118563,False,427.8307109375,-31.24765625,39.7603125,0.0,0.0,4.4395468750000004,4.44221875,35.142734375,36.647265625,0.0,0.0,0.0,173.9
414,EV_106,RC545024_5,1,128,0.564265930634906,0.2874822534576782,False,443.6671875,-14.6453125,73.759453125,0.0,0.0,4.2846125,4.3153296875,32.741015625,34.89140625,0.0,0.0,0.0,173.9
415,EV_106,RC372459_4,1,128,0.564265930634906,0.3731681830204118,False,434.6606640625,-37.74453125,85.22820312500001,0.0,0.0,4.27540625,4.361640625,42.336015625,46.97078125,0.0,0.0,0.0,169.5
416,EV_109,RC295912_2,1,128,0.564265930634906,0.2983241871160844,False,432.216484375,-10.45234375,75.98390625,0.0,0.0,4.3013046875,4.3858984375,36.5679453125,38.5879453125,0.0,0.0,0.0,179.29
417,EV_106,RC545024_1,1,128,0.564265930634906,0.46526668560063,False,382.91175,-26.98125,40.226484375,0.0,0.0,4.3081953125,4.3385546875,31.36453125,34.025,0.0,0.0,0.0,173.9
418,EV_106,RC545024_2,1,128,0.564265930634906,0.3530918381922001,False,426.050234375,-27.68515625,49.6509375,0.0,0.0,4.4468359375,4.45,37.137265625,39.460078125,0.0,0.0,0.0,173.9
419,EV_106,RC545024_3,1,128,0.564265930634906,0.23192283002571162,False,442.069390625,-22.8109375,59.51671875,0.0,0.0,4.4240312500000005,4.4280703125,41.17125,43.2753125,0.0,0.0,0.0,173.9
420,EV_105,DR692730_4,0,128,0.5619122349448431,0.4737216903084954,False,373.003171875,45.94921875,89.266328125,31.92578125,2045.7421875,3.5069140625,3.9286953125,49.45078125,50.578125,30.421875,16.7578125,0.00671875,195.09
421,EV_103,DR173144_6,0,128,0.5619122349448431,0.2226450771904525,False,386.6082734375,46.90625,91.32828125,26.25,1675.46875,4.11815625,4.147515625,57.22421875,58.257265625,29.796875,20.3125,0.0064921875,195.72
422,EV_105,DR692730_6,0,128,0.5619122349448431,0.2774738901225322,False,385.54259375,42.046875,85.672109375,30.1328125,1912.3046875,3.7113828125,4.1435703125,61.148203125,62.252421875,30.7578125,16.25,0.0060390625,195.09
423,EV_105,DR314668_3,0,128,0.5619122349448431,0.24607112707161566,False,378.4259375,59.2984375,95.98859375,33.078125,2142.0859375,4.05546875,4.14515625,54.458828125,55.669140625,34.0390625,13.7890625,0.005234375,194.98
424,EV_104,DR422821_4,0,128,0.5619122349448431,0.26211955768197953,False,383.3084296875,50.95078125,94.127578125,32.11328125,2147.421875,4.1011640625,4.147078125,50.409921875,52.269296875,33.3671875,15.5078125,0.00559375,202.74
425,EV_104,DR901145_7,0,128,0.5619122349448431,0.29747242362511606,False,391.1466328125,38.2109375,83.505703125,30.0390625,1819.53125,4.1072500000000005,4.1453046874999995,59.69765625,60.084375,29.9453125,17.96875,0.0071484375,202.74
426,EV_104,DR901145_4,0,128,0.5619122349448431,0.2409020046692091,False,375.908953125,44.34921875,88.91390625,29.53125,1931.25,4.0964453125,4.1459296875,53.99953125,56.249375,29.375,14.53125,0.0052421875,202.74
427,EV_105,DR962985_8,0,128,0.5619122349448431,0.19003147156686112,False,388.68321875,45.12109375,87.736171875,28.328125,1785.78125,4.1078046875,4.145125,54.700703125,55.410390625,32.03125,18.671875,0.007109375,194.88
428,EV_102,DR463078_4,0,128,0.5619122349448431,0.2378331511075188,False,381.0606640625,43.46484375,94.253984375,31.16796875,2046.09375,3.8834765625,4.1419921875,58.524140625,59.8084375,32.6171875,16.7578125,0.0075,193.73
429,EV_105,DR962985_10,0,128,0.5619122349448431,0.23427739992692065,False,379.7959375,52.63671875,84.268203125,30.8515625,2037.734375,4.1069531249999995,4.246328125,51.83125,54.020703125,32.9765625,15.9765625,0.005796875,194.88
430,EV_102,DR132061_4,0,128,0.5619122349448431,0.18876030505873137,False,384.9079609375,42.1546875,94.04890625,30.04296875,1921.7421875,4.0942578124999995,4.1459765625000005,48.832187499999996,50.43984375,29.3359375,16.6171875,0.006203125,193.57
431,EV_102,DR132061_13,0,128,0.5619122349448431,0.3145925118176678,False,383.122703125,52.09765625,77.650234375,31.203125,2037.03125,4.054140625,4.1461171875,44.470859375,45.921718750000004,33.8359375,17.2265625,0.0076328125,193.57
432,EV_102,DR132061_6,0,128,0.5619122349448431,0.23483323744553755,False,390.1486640625,39.084375,90.690703125,27.0953125,1779.0625,4.0928125,4.145765625,59.44390625,61.42953125,28.703125,18.2421875,0.0062109375,193.57
433,EV_106,DR476703_16,0,128,0.5585658581253938,0.37866662971634496,False,318.8397578125,29.1171875,62.308046875,23.0625,1692.0703125,3.9049609375,4.0071562499999995,54.903984375,64.371953125,26.6953125,20.1171875,0.002515625,164.05
434,EV_108,DR459854_15,0,128,0.5585658581253938,0.19915702264231638,False,368.127515625,29.53515625,62.327734375,22.90625,1598.359375,4.0157578124999995,4.066,54.503984375,63.85265625,26.2734375,22.1875,0.0034140625,169.56
435,EV_108,DR459854_14,0,128,0.5585658581253938,0.1622337530077277,False,377.827890625,28.8984375,64.308046875,25.859375,1755.46875,4.029328125,4.0793359375,52.939140625,61.70546875,28.1875,18.671875,0.0022578125,169.56
436,EV_108,DR459854_13,0,128,0.5585658581253938,0.12058283642029428,False,376.5374375,26.6015625,66.130390625,22.3671875,1636.71875,4.0324765625,4.0824140625,51.25109375,59.051875,25.8984375,21.953125,0.0019296875,169.56
437,EV_108,DR459854_12,0,128,0.5585658581253938,0.1352664759036072,False,388.355953125,27.0,68.1315625,24.9375,1692.578125,4.0247343749999995,4.074546875,49.702734375,56.954765625,27.65625,20.546875,0.0028984375,169.56
438,EV_106,DR476703_9,0,128,0.5585658581253938,0.23442178211154055,False,379.3764296875,25.59375,76.8046875,29.4140625,2224.9609375,3.994390625,4.0399453124999996,45.46203125,50.17859375,28.421875,18.4375,0.00275,164.05
439,EV_108,DR459854_11,0,128,0.5585658581253938,0.1834152678008004,False,391.6336328125,20.4921875,70.157890625,22.234375,1527.421875,4.0258984374999995,4.0713203125,48.331640625,55.250703125,24.0234375,20.859375,0.0029453125,169.56
440,EV_108,DR459854_9,0,128,0.5585658581253938,0.20903857123403852,False,394.0646171875,24.6796875,73.936171875,22.5078125,1575.78125,4.0364375,4.0819765625,45.6040625,51.701796875,24.9609375,19.8046875,0.0023125,169.56
441,EV_106,DR476703_10,0,128,0.5585658581253938,0.20429586590976787,False,377.8055546875,36.40390625,74.732578125,25.734375,1870.0,3.980625,4.0283046875,47.0134375,52.337578125,27.90625,20.703125,0.002390625,164.05
442,EV_108,DR459854_10,0,128,0.5585658581253938,0.15595626748382166,False,386.408984375,30.86328125,72.1421875,29.2109375,2032.734375,4.035328125,4.079796875,47.023984375,53.581953125,26.5234375,19.4921875,0.002578125,169.56
443,EV_106,DR476703_11,0,128,0.5585658581253938,0.19068013194236896,False,358.62071875,28.953125,72.58421875,25.4140625,1888.0859375,3.96478125,4.0174609375,48.336953125,54.3715625,26.796875,18.1640625,0.0018203125,164.05
444,EV_106,DR476703_12,0,128,0.5585658581253938,0.22043965238092608,False,348.4188125,31.27734375,70.5640625,21.7578125,1713.1640625,3.9541015625,4.0090703125,49.644140625,56.282421875,25.40625,22.6953125,0.002875,164.05
445,EV_106,DR476703_13,0,128,0.5585658581253938,0.20335910936873378,False,349.2753828125,32.8359375,68.38015625,26.734375,2105.9375,3.9510703125,4.0122421875,50.893984375,58.332890625,27.7265625,19.0625,0.002625,164.05
446,EV_106,DR476703_14,0,64,0.5585658581253938,0.2818626476783614,False,335.94728125,31.125,65.59796875,22.953125,1565.9375,3.933890625,4.013328125,52.684375,60.811875,28.015625,22.421875,0.00384375,164.05
447,EV_106,DR476703_15,0,128,0.5585658581253938,0.30317768063778283,False,330.165875,29.9609375,64.26,26.75,1860.390625,3.927828125,4.0138671875,53.649921875,62.28375,26.9375,20.078125,0.0024140625,164.05
448,EV_108,DR459854_16,0,128,0.5585658581253938,0.2882964624261687,False,349.5764609375,25.5,60.47078125,22.4453125,1632.578125,4.000765625,4.0512421875,56.571171875,64.993203125,25.1171875,21.171875,0.0053125,169.56
449,EV_105,DR902043_2,0,223,0.5520637653137161,0.947535559892533,False,372.3443946188341,74.24439461883408,82.3895067264574,72.67488789237669,5818.789237668161,4.104156950672645,4.1207802690582955,37.16681614349776,41.57533632286995,45.082959641255606,4.506726457399103,0.0004484304932735426,205.02
450,EV_104,DR239202_18,0,128,0.5460060382993194,0.18421069187909936,False,368.6753984375,43.921875,47.6140625,29.7421875,1891.40625,4.0891015625,4.14225,53.8565625,55.727109375,31.0234375,16.953125,0.0063203125,202.74
451,EV_104,DR422821_23,0,128,0.5460060382993194,0.2351867135756261,False,364.87171875,49.23046875,52.27171875,27.7734375,1742.5,4.0952109375,4.144984375,55.632265625,56.712265625,33.1328125,16.71875,0.00640625,202.74
452,EV_104,DR667059_20,0,128,0.5460060382993194,0.2540644996814344,False,372.2994921875,57.5859375,34.986953125,33.3046875,2138.046875,4.0630078124999995,4.1425390625,57.92140625,59.584921875,32.828125,15.390625,0.0060390625,202.74
453,EV_104,DR873821_16,0,128,0.5460060382993194,0.25873399708212924,False,376.3891015625,31.28203125,54.285078125,27.2828125,1746.546875,4.1081171875,4.15134375,57.642421875,58.8540625,25.4375,20.3125,0.008296875,202.74
454,EV_104,DR667059_13,0,128,0.5460060382993194,0.31382323232155906,False,378.2353828125,40.60859375,52.15890625,27.0078125,1749.53125,3.4174453125,4.1455703125,53.464999999999996,54.702734375,29.5078125,18.1640625,0.0062968749999999995,202.74
455,EV_103,DR993039_25,0,128,0.5460060382993194,0.22551626242623335,False,374.82178125,49.5859375,42.054375,28.41953125,1790.7421875,4.04953125,4.143125,58.438828125,59.7715625,30.8203125,17.890625,0.007734375,195.77
456,EV_104,DR650597_25,0,128,0.5460060382993194,0.23343509242890625,False,369.79559375,38.89453125,49.31703125,30.4765625,1930.234375,4.05846875,4.1424296875,57.836171875,58.773515625,29.7421875,15.9375,0.006296875,202.74
457,EV_102,DR463078_20,0,128,0.5460060382993194,0.21902769538127975,False,378.7576015625,42.7578125,56.554453125,27.9609375,1753.859375,4.0844296875,4.14325,52.039765625,54.525234375,28.0390625,15.6640625,0.0059375,193.73
458,EV_102,DR132061_30,0,128,0.5460060382993194,0.16621532170491005,False,357.5874765625,44.83984375,44.1690625,30.109375,2107.65625,4.1006640625,4.1425078125,55.804375,57.028671875,32.2109375,17.4609375,0.0069609375,193.57
459,EV_104,DR422821_25,0,128,0.5460060382993194,0.17255547924462053,False,371.346921875,51.23828125,48.737578125,28.4765625,1824.21875,4.0999375,4.1444921875,55.032265625,56.24625,31.875,15.234375,0.0055390625,202.74
460,EV_102,DR132061_37,0,128,0.5460060382993194,0.4086053210903213,False,355.1452890625,47.9015625,26.135390625,31.6328125,2070.3203125,3.879296875,4.191171875,55.46625,56.775,31.1015625,17.34375,0.0056328125,193.57
461,EV_102,DR132061_33,0,128,0.5460060382993194,0.23003195032876925,False,378.6391796875,42.05703125,37.798984375,28.8046875,1927.03125,4.0905078125,4.1462265625,50.60953125,51.1925,29.8671875,18.125,0.0061640625,193.57
462,EV_105,DR314668_22,0,128,0.5460060382993194,0.19934322685947148,False,367.976828125,40.5078125,47.743828125,25.2421875,1609.921875,4.108015625,4.1432734374999995,55.737109375,56.82515625,28.96875,16.9140625,0.006203125,194.98
463,EV_105,DR314668_33,0,128,0.5460060382993194,0.3510328295297999,False,354.72746875,46.37109375,17.254140625,29.45703125,2038.6484375,4.081734375,4.1447734375,51.77140625,53.01953125,32.3984375,18.1796875,0.0074375,194.98
464,EV_102,DR463078_31,0,128,0.5460060382993194,0.389316337092198,False,361.2610546875,44.765625,30.42203125,28.5859375,1868.28125,4.069375,4.1403125,42.739140625,43.80515625,28.375,19.4140625,0.006515625,193.73
465,EV_105,DR692730_16,0,128,0.5460060382993194,0.2881905074065011,False,363.473265625,38.11484375,51.312734375,29.69140625,1996.25,3.76071875,4.1635703125,59.28625,59.443984375,29.1015625,18.3046875,0.00703125,195.09
466,EV_105,DR692730_30,0,128,0.5460060382993194,0.5618561018048893,False,338.7628203125,46.03125,15.6746875,29.33984375,1885.3515625,3.415859375,4.1434765625,54.475390625,55.616328125,31.3984375,18.1796875,0.0067265625,195.09
467,EV_105,DR962985_22,0,128,0.5460060382993194,0.16432804609269333,False,370.0584609375,56.359375,54.1353125,30.6328125,2005.078125,4.07640625,4.144015625,55.167890625,56.146484375,33.578125,15.859375,0.0055234375,194.88
468,EV_102,DR132061_24,0,128,0.5460060382993194,0.1993274858467911,False,369.803609375,40.24765625,56.85328125,27.2265625,1756.015625,4.0900625,4.1434453125,53.739296875,55.404921875,30.4296875,16.25,0.0061875,193.57
469,EV_104,DR873821_24,0,128,0.5460060382993194,0.26374812176950985,False,371.6213671875,49.28359375,40.675234375,30.2890625,1893.2265625,4.1120625,4.1467734375,56.265234375,57.807265625,30.421875,18.046875,0.0071171875,202.74
470,EV_105,DR962985_25,0,128,0.5460060382993194,0.16383097516915218,False,366.445609375,47.2765625,48.753046875,31.171875,1986.390625,4.100640625,4.1442578125,57.806875,58.565703125,32.125,17.3984375,0.0071796875,194.88
471,EV_104,DR239202_24,0,128,0.5460060382993194,0.2771823218460854,False,357.59682031250003,51.89453125,36.436171875,31.5625,2032.8125,4.08140625,4.1439453125,56.973359375,59.438359375,32.7421875,17.3828125,0.0067109375,202.74
472,EV_104,DR873821_21,0,128,0.5460060382993194,0.2604125013934777,False,371.0866796875,43.6953125,45.662578125,29.1171875,1841.171875,4.0821796875,4.1429453125,45.776875,47.461328125,31.59375,16.6015625,0.0067265625,202.74
473,EV_102,DR454207_15,0,128,0.5438549138992952,0.1973206059429617,False,371.8899921875,52.12265625,55.888671875,31.01171875,2032.34375,4.0311328125,4.14234375,52.743203125,53.721484375,32.140625,14.8984375,0.0051015625,193.65
474,EV_104,DR873821_14,0,128,0.5348902160810982,0.13423233994087952,False,377.595828125,52.91015625,57.92484375,29.4765625,1889.84375,4.08875,4.1432734374999995,47.99796875,53.000703125,31.78125,15.5859375,0.0065078125,202.74
475,EV_104,DR754088_12,0,128,0.5348902160810982,0.19488219186570357,False,369.7908203125,50.1953125,42.33421875,32.1640625,2016.4296875,4.10078125,4.145703125,45.872578125,49.29546875,30.8984375,15.8203125,0.0060546875,202.74
476,EV_104,DR873821_22,0,128,0.5348902160810982,0.18288666500107856,False,369.9753984375,45.64765625,44.1259375,27.14453125,1696.6875,4.1098437500000005,4.146875,45.6940625,48.557890625,32.5078125,16.953125,0.00665625,202.74
477,EV_104,DR873821_13,0,128,0.5348902160810982,0.19678672667015587,False,377.551859375,47.4765625,59.534921875,28.79296875,1846.2890625,3.999375,4.1411875,38.303125,43.15,30.6484375,17.109375,0.00734375,202.74
478,EV_104,DR873821_17,0,128,0.5348902160810982,0.14101641152196734,False,374.709015625,53.75,52.748828125,29.21484375,1969.296875,4.0894609375,4.145359375,49.867265625,50.521015625,32.1796875,15.9765625,0.0054453125,202.74
479,EV_104,DR650597_17,0,128,0.5348902160810982,0.1406730718544177,False,382.0395,55.72265625,65.08953125,33.6484375,2209.375,4.0674609375,4.14515625,44.441796875,46.96015625,30.265625,14.921875,0.0045,202.74
480,EV_104,DR422821_16,0,128,0.5348902160810982,0.11260474730595726,False,375.727375,53.87890625,65.75671875,30.3046875,1923.4375,4.068125,4.1450000000000005,44.721328125,46.4625,31.6875,16.0546875,0.00646875,202.74
481,EV_104,DR239202_16,0,128,0.5348902160810982,0.1447668245383171,False,375.732578125,51.21875,51.0153125,30.2265625,1944.96875,3.9918359375,4.1088125,44.201328125,46.922421875,33.0703125,17.109375,0.0057578125,202.74
482,EV_104,DR239202_19,0,128,0.5348902160810982,0.16069815981532748,False,362.6939453125,49.73046875,45.8875,28.21875,1788.640625,4.08725,4.1446875,44.17921875,46.144140625,32.3671875,17.1875,0.0059453125,202.74
483,EV_104,DR422821_19,0,128,0.5348902160810982,0.1163854995193629,False,381.235390625,49.0234375,59.9234375,30.21875,1978.671875,4.09484375,4.146953125,46.903125,49.58546875,32.171875,15.015625,0.0062109375,202.74
484,EV_104,DR422821_13,0,128,0.5348902160810982,0.17101595851465343,False,380.8377734375,46.33046875,71.07546875,29.16171875,1840.625,4.0143046875,4.127625,46.236328125,48.12125,30.171875,18.0859375,0.0044375,202.74
485,EV_104,DR650597_14,0,128,0.5348902160810982,0.21424750317702648,False,377.5305234375,63.28515625,71.092890625,35.6640625,2326.953125,4.0779375,4.142734375,47.81015625,49.324296875,36.0546875,13.2578125,0.00428125,202.74
486,EV_104,DR422821_26,0,128,0.5348902160810982,0.17419610361910182,False,366.586421875,42.9984375,47.141484375,27.9375,1770.546875,4.0885859375,4.14575,43.80296875,45.61890625,29.3984375,14.9609375,0.0049453125,202.74
487,EV_110,DR393518_28,0,128,0.5313762050625879,0.28579827061723206,False,370.2947109375,48.51171875,34.746484375,35.125,2281.875,4.03209375,4.1437890625,48.841171875,49.880859375,33.171875,18.3984375,0.0074765625,181.09
488,EV_106,DR402462_22,0,128,0.5313762050625879,0.4631750638024204,False,359.103765625,47.88515625,31.385234375,31.259375,1971.484375,3.900484375,4.07115625,48.673046875,49.343359375,30.8125,16.484375,0.007359375,173.9
489,EV_110,DR393518_30,0,128,0.5313762050625879,0.28520443403031687,False,365.8816796875,60.21484375,31.096484375,32.1640625,2117.5,3.9291953125,4.140796875,56.693046875,58.805859375,34.859375,15.46875,0.006015625,181.09
490,EV_109,DR568924_14,0,128,0.5313762050625879,0.26981414525810327,False,363.272421875,46.86328125,41.68078125,30.0703125,1933.59375,4.0690234375,4.1440390625,45.8053125,46.84140625,28.9140625,16.5234375,0.0077734375,179.32
491,EV_106,DR558126_28,0,128,0.5313762050625879,0.2852195503698473,False,373.885890625,35.821875,42.824140625,26.24609375,1671.875,4.1478203125,4.258703125,50.300859375,52.4784375,27.5078125,15.6640625,0.005,173.9
492,EV_106,DR558126_23,0,128,0.5313762050625879,0.19332467902563114,False,373.68103125,45.484375,51.535859375,27.453125,1717.0546875,4.09159375,4.1449140625,56.705703125,58.43359375,30.375,17.109375,0.007265625,173.9
493,EV_109,DR770601_21,0,128,0.5313762050625879,0.15878864618021354,False,366.684109375,42.9484375,40.819453125,30.3046875,1995.9609375,4.0607109375,4.146203125,57.09078125,58.284765625,30.9140625,17.5390625,0.006546875,179.24
494,EV_109,DR219828_27,0,128,0.5313762050625879,0.12123688623013684,False,367.4615390625,52.79296875,39.106796875,33.5546875,2202.421875,4.0261328125,4.142890625,54.018203125,56.283984375,34.1484375,16.0546875,0.0061171875,179.12
495,EV_109,DR219828_25,0,128,0.5313762050625879,0.17794353641232127,False,365.909421875,43.48046875,42.880703125000004,30.6015625,1849.4921875,4.050234375,4.134375,55.665625,56.5609375,30.890625,16.015625,0.0056015625,179.12
496,EV_106,DR558126_30,0,128,0.5313762050625879,0.43436678827856984,False,368.33171875,54.84140625,39.010859375,32.3203125,2074.453125,4.011640625,4.1490625,47.71046875,49.84609375,34.8046875,15.4296875,0.0062265625,173.9
497,EV_106,DR805018_24,0,128,0.5313762050625879,0.21374420693676838,False,361.4710625,44.11328125,37.49,29.7265625,1944.765625,4.1102890625,4.1459609375,53.984140625,56.941796875,31.75,18.3203125,0.00784375,173.9
498,EV_109,DR568924_11,0,128,0.5313762050625879,0.1448361671960224,False,361.661453125,37.1890625,47.5878125,28.78125,1866.40625,4.085171875,4.144421875,54.786171875,55.70984375,28.1640625,18.7109375,0.0065390625,179.32
499,EV_106,DR558126_33,0,128,0.5313762050625879,0.18631651530290452,False,369.6691171875,50.05859375,33.146015625,31.08203125,2044.609375,4.1060546875,4.1445390625,52.70234375,53.745,32.7578125,16.0703125,0.0057578125,173.9
500,EV_110,DR412770_13,0,128,0.5313762050625879,0.23457985615206756,False,352.141265625,45.18359375,30.2815625,30.5234375,1962.5,4.0483203125,4.141484375,53.968203125,54.324765625,30.3203125,16.484375,0.006359375,181.09
501,EV_109,DR219828_30,0,128,0.5313762050625879,0.14409190515354997,False,361.7969375,46.24375,32.76375,30.1796875,1965.390625,4.08390625,4.143359375,55.63421875,56.361953125,31.5390625,13.9609375,0.005703125,179.12
502,EV_110,DR104166_25,0,128,0.5313762050625879,0.20127831726402026,False,371.966640625,40.9625,42.74296875,30.52734375,1908.21875,4.0745078125,4.144578125,54.228203125,55.386328125,29.3046875,17.421875,0.0049765625,181.09
503,EV_106,DR558126_35,0,128,0.5313762050625879,0.26033494680037766,False,353.37332031249997,41.2734375,28.94796875,27.6953125,1896.484375,4.078890625,4.1431484375,59.0553125,60.14625,30.2578125,18.2421875,0.006546875,173.9
504,EV_108,DR424318_15,0,128,0.5313762050625879,0.21640101717492485,False,370.9519375,49.18203125,46.039296875,29.06640625,1682.578125,4.077671875,4.1457265625,59.343046875,60.225078125,29.5390625,18.5546875,0.006671875,183.46
505,EV_109,DR549817_10,0,128,0.5313762050625879,0.4983968447247519,False,373.6111015625,38.50625,54.374296875,25.328125,1586.2421875,4.083109375,4.1418671875,48.408984375,49.386640625,28.921875,15.9765625,0.004453125,179.29
506,EV_108,DR424318_18,0,128,0.5313762050625879,0.21139818224599682,False,371.335984375,46.4234375,41.272421875,29.2890625,1934.53125,4.0789609375,4.143484375,58.22078125,59.069765625,32.21875,14.4921875,0.004703125,183.46
507,EV_110,DR157642_2,0,256,0.5309967120796928,0.29960529993607754,False,349.9796875,73.3203125,80.6942578125,62.8859375,3236.98828125,3.9854296875,4.0229296875000005,45.1673046875,45.6094921875,42.37890625,15.78125,0.00096484375,181.09
508,EV_110,DR157642_4,0,466,0.5309967120796928,0.6899847018773115,False,310.9770836909871,95.6019313304721,66.20442060085837,55.9725321888412,2301.549356223176,3.9603476394849784,4.001094420600858,47.79585836909871,49.53783261802575,36.663090128755364,17.836909871244636,0.0007532188841201717,181.09
509,EV_107,DR862144_14,0,256,0.5309967120796928,0.6765127401407163,False,347.8806484375,112.150390625,64.14375,65.6953125,3139.37109375,4.0112499999999995,4.0970703125,54.0363671875,57.2377734375,41.68359375,9.6484375,0.00762109375,176.27
510,EV_110,DR157642_6,0,256,0.5309967120796928,0.4536300083205852,False,378.17773828125,60.03828125,67.6040234375,56.009765625,2765.8125,3.95238671875,3.9711328125,50.04453125,54.256796875,36.01953125,17.5859375,0.00025390625,181.09
511,EV_109,DR214027_1,0,256,0.5309967120796928,0.46574040371641323,False,367.413671875,82.254296875,84.931328125,61.7921875,3490.1640625,4.118875,4.1309609375,37.658828125,40.95203125,38.28125,11.94140625,0.00187890625,180.22
512,EV_107,DR862144_2,0,313,0.5309967120796928,0.4275588670248127,False,336.7981150159744,73.77476038338658,88.12316293929712,54.430990415335465,2775.8466453674123,4.064450479233227,4.086920127795527,40.98865814696486,43.98568690095847,41.00958466453674,28.38658146964856,0.001073482428115016,176.27
513,EV_109,DR568924_7,0,256,0.5309967120796928,0.7694792640113529,False,384.5840546875,80.94765625,67.190703125,72.9921875,4646.81640625,4.06498828125,4.08276171875,57.3658203125,58.0651171875,41.41953125,12.63046875,0.00033984375,179.32
514,EV_107,DR862144_10,0,256,0.5309967120796928,0.4976368912979785,False,354.8255078125,61.37890625,74.2285546875,63.728125,3253.18359375,4.00144921875,4.130828125,57.9263671875,60.6249609375,33.73046875,31.9453125,0.00542578125,176.27
515,EV_107,DR862144_12,0,256,0.5309967120796928,0.3984722591808441,False,352.0420078125,67.43125,68.505,63.53671875,3760.859375,4.01810546875,4.09471875,49.668984375,53.766171875,39.947265625,9.375,0.0037890625,176.27
516,EV_107,DR862144_5,0,256,0.5309967120796928,0.9334430682434064,False,336.279296875,50.7912109375,81.50703125,46.506640625,2019.171875,3.9990136718750002,4.013494140625,46.5215234375,49.4025390625,41.55078125,39.675,0.00165234375,176.27
517,EV_107,DR862144_3,0,267,0.5309967120796928,0.39099343163432515,False,360.7959925093633,69.68426966292135,84.47161048689138,56.502247191011236,2597.543071161049,4.087891385767791,4.107142322097378,44.30704119850187,47.00089887640449,31.074906367041198,20.153558052434455,0.0011797752808988765,176.27
518,EV_107,DR862144_11,0,256,0.5309967120796928,0.4824393400999825,False,351.6176015625,65.569921875,70.50890625,64.9921875,3164.5,4.012421875,4.1743125,58.7262109375,61.85046875,29.9453125,21.38671875,0.00312109375,176.27
519,EV_110,DR157642_7,0,256,0.5309967120796928,0.5671692339146808,False,376.8125234375,52.67421875,64.7307421875,50.1984375,4847.87109375,3.97289453125,4.00349609375,52.452109375,57.3542578125,41.162109375,16.828125,0.0015898437500000001,181.09
520,EV_106,DR471689_2,0,224,0.5309967120796928,0.7617858850774765,False,358.98790178571426,101.68035714285715,72.11540178571428,59.933035714285715,2664.8303571428573,4.007723214285714,4.033008928571428,36.43767857142857,40.566830357142855,35.935267857142854,28.495535714285715,0.0002723214285714286,172.93
521,EV_107,DR862144_9,0,256,0.5309967120796928,0.5771360619806248,False,370.199234375,56.08828125,76.1291015625,56.140625,2667.51953125,4.03228515625,4.11278515625,57.19265625,59.7395703125,23.00859375,38.2421875,0.0011796875,176.27
522,EV_109,DR214027_2,0,558,0.5309967120796928,0.4144464617718666,False,372.1479677419355,75.47849462365592,77.70525089605735,70.16935483870968,4707.051971326165,4.104897849462366,4.129921146953405,42.08534050179211,45.543118279569896,49.126881720430106,13.232974910394265,0.0008799283154121864,180.22
523,EV_109,DR214027_4,0,256,0.5309967120796928,0.6682682453395772,False,368.27240234375,89.01796875,69.0178515625,72.853125,5912.6640625,4.02442578125,4.07455078125,46.7691796875,49.744921875,43.16875,12.439453125,0.00116015625,180.22
524,EV_107,DR862144_6,0,256,0.5309967120796928,0.5480264610093649,False,390.1157421875,44.868359375,79.9904296875,55.986328125,2788.296875,3.9452421875,3.95777734375,47.89546875,50.628125,28.72265625,31.115625,0.0001171875,176.27
525,EV_109,DR214027_3,0,420,0.5309967120796928,1.048128919951104,False,339.75565,152.35666666666668,82.80321428571428,93.62857142857143,8946.297619047618,3.9770809523809523,4.041335714285714,43.743500000000004,46.772642857142856,64.75142857142856,6.002380952380952,0.00018333333333333334,180.22
526,EV_107,DR139858_10,0,128,0.5271496781360245,0.3653419568237984,False,387.529703125,43.90703125,76.656015625,25.6171875,1622.8125,3.4307578125,4.1307656249999996,47.134453125,49.2409375,29.125,16.9140625,0.0060625,176.14
527,EV_107,DR139858_4,0,128,0.5271496781360245,0.4929535544573551,False,357.08715625,41.26171875,87.399453125,29.0859375,1900.9375,3.3189453125,4.0284921875,41.47671875,43.145703125,28.109375,16.9296875,0.0071953125,176.14
528,EV_108,DR624372_4,0,128,0.5271496781360245,0.32550497905563347,False,372.982140625,34.921875,87.593359375,28.3703125,1626.5625,4.109234375,4.1868437499999995,41.661640625,41.97359375,28.796875,17.5390625,0.0061171875,182.02
529,EV_108,DR380742_4,0,128,0.5271496781360245,0.30163487347810714,False,381.482765625,39.9296875,94.302578125,26.85546875,1734.3359375,4.071015625,4.1453515625,44.601328125,46.148046875,28.6796875,19.609375,0.00759375,181.95
530,EV_107,DR139858_7,0,128,0.5271496781360245,0.2580998632877525,False,374.462359375,50.0703125,82.145859375,31.625,2077.34375,3.379765625,4.14640625,54.36515625,55.612890625,30.5546875,15.0,0.0058359375,176.14
531,EV_110,DR436096_10,0,128,0.5271496781360245,0.28001012910371653,False,376.5343984375,49.29296875,83.113046875,33.109375,2210.9375,4.081171875,4.1463515625000005,47.879375,49.238828125,32.484375,15.15625,0.0059140625,181.09
532,EV_107,DR705506_2,0,128,0.5271496781360245,0.2771172358290161,False,382.6102734375,46.58984375,92.085390625,27.625,1854.84375,3.9643359375,4.194609375,55.81296875,56.343125,31.2734375,16.6015625,0.00684375,176.22
533,EV_110,DR393518_3,0,128,0.5271496781360245,0.27157445718138185,False,386.153546875,44.73828125,95.773046875,32.09375,2078.5546875,3.5700859375,4.139921875,54.7265625,56.544609375,31.71875,13.4375,0.005671875,181.09
534,EV_106,DR558126_2,0,128,0.5271496781360245,0.29325425649374254,False,382.6711484375,47.45703125,92.989140625,29.5234375,1963.59375,4.0911875,4.144078125,55.008046875,57.2253125,31.8984375,16.1328125,0.00590625,173.9
535,EV_106,DR402462_5,0,128,0.5271496781360245,0.21079011693986272,False,372.1245,49.40625,89.43546875,30.62890625,1990.9765625,4.06265625,4.13490625,54.01671875,55.313828125,33.7890625,16.6015625,0.0070546875,173.9
536,EV_107,DR705506_5,0,128,0.5271496781360245,0.21458735367457596,False,385.26290625,52.9765625,86.9459375,32.6484375,2130.46875,4.089640625,4.1451015625,53.901640625,55.082734375,34.3203125,17.5390625,0.0070546875,176.22
537,EV_105,DR314668_16,0,128,0.5254038066945138,0.3332833396748954,False,337.59284375,90.84296875,60.678984375,105.58984375,6723.9453125,3.6861796875,4.3895078125,59.620625,61.81203125,43.0625,0.6171875,0.003046875,194.98
538,EV_103,DR993039_19,0,128,0.5254038066945138,0.18434703595205526,False,348.2196796875,124.178125,56.69640625,109.959375,4880.3515625,4.015953125,4.0978671875,64.08703125,64.613515625,48.3984375,0.375,0.0009609375,195.77
539,EV_104,DR583457_11,0,128,0.5254038066945138,0.4951328612001994,False,349.571875,146.4546875,66.682109375,106.578125,4263.125,3.7860234375,3.9210390625,48.105,63.884375,52.125,0.0,0.0,202.74
540,EV_103,DR993039_20,0,128,0.5254038066945138,0.25438711786385093,False,328.1448671875,104.4375,52.751328125,102.88984375,4627.765625,4.0052421875,4.11209375,64.85171875,64.86875,36.359375,1.2109375,0.004296875,195.77
541,EV_104,DR667059_10,0,128,0.5254038066945138,0.3719060426497682,False,313.5191484375,102.41015625,62.877421875,107.34140625,5916.3125,3.7506640625,4.1027890625,64.99921875,65.0,42.5390625,0.09375,0.00046875,202.74
542,EV_104,DR650597_19,0,128,0.5254038066945138,0.34402493993775696,False,359.1638828125,101.93125,61.441015625,103.2734375,5186.7578125,3.98709375,4.154078125,61.773984375,64.01453125,43.0859375,1.5078125,0.004296875,202.74
543,EV_104,DR239202_22,0,128,0.5158083930985908,0.1238220734059926,False,379.425109375,46.625,40.333359375,29.25,1797.03125,4.115015625,4.1466484375,48.330859375,51.6371875,31.09375,16.40625,0.00575,202.74
544,EV_104,DR422821_29,0,128,0.5158083930985908,0.20192104782318943,False,375.1383984375,49.05859375,41.720703125,31.8046875,2154.453125,4.0722421875,4.144640625,49.423984375,52.024765625,34.640625,16.5625,0.0055390625,202.74
545,EV_104,DR650597_22,0,128,0.5158083930985908,0.31018149339137574,False,372.715140625,53.44921875,54.41671875,36.30078125,2222.265625,3.940140625,4.1466328125,40.64953125,45.38140625,31.3203125,16.7578125,0.0071484375,202.74
546,EV_104,DR650597_33,0,128,0.5158083930985908,0.2934079680364126,False,357.1906796875,43.21484375,31.699453125,28.75,1828.671875,4.064375,4.142578125,46.92109375,47.551171875,29.453125,16.8359375,0.0063671875,202.74
547,EV_104,DR422821_21,0,128,0.5158083930985908,0.16032934304066945,False,375.9186328125,37.334375,55.7484375,28.8984375,1812.421875,4.12021875,4.1463828125,50.25546875,52.858203125,28.953125,17.578125,0.006984375,202.74
548,EV_104,DR650597_31,0,128,0.5158083930985908,0.26369967466980293,False,361.4098515625,38.1640625,35.60234375,27.5390625,1743.109375,4.034140625,4.152421875,47.78484375,48.62390625,28.2578125,16.40625,0.0066171875,202.74
549,EV_105,DR277200_9,0,128,0.5158083930985908,0.19407159485815176,False,373.788140625,40.79296875,49.511953125,28.484375,1838.828125,4.0997578125,4.1436874999999995,48.0815625,48.502890625,29.1875,18.5546875,0.0066171875,195.13
550,EV_108,DR459854_6,0,128,0.5135934261429267,0.09354222541916722,False,391.3322109375,31.8203125,79.611171875,24.640625,1678.671875,4.0427109375,4.09015625,40.882265625,45.419296875,28.2421875,20.9765625,0.00346875,169.56
551,EV_108,DR459854_5,0,128,0.5135934261429267,0.1506693286207578,False,388.353234375,25.26953125,81.672578125,27.6015625,1837.5,4.049,4.094171875,39.11828125,43.361015625,28.078125,19.296875,0.0024140625,169.56
552,EV_108,DR459854_7,0,128,0.5135934261429267,0.15510655656778322,False,386.8757578125,31.203125,77.618671875,26.0703125,1717.578125,4.022890625,4.0680625,42.73515625,47.802578125,27.4375,19.7265625,0.002453125,169.56
553,EV_108,DR459854_4,0,128,0.5135934261429267,0.08293157323835959,False,390.615984375,34.65234375,83.643125,26.3046875,1738.828125,4.0584921875,4.10046875,37.68453125,41.29140625,27.6328125,20.390625,0.0030625,169.56
554,EV_108,DR459854_8,0,128,0.5135934261429267,0.22288619203148868,False,394.5931953125,26.5078125,75.749765625,23.5234375,1636.796875,4.0347109375,4.081125,44.2878125,49.908828125,25.2734375,19.609375,0.001953125,169.56
555,EV_106,DR476703_3,0,128,0.5135934261429267,0.23826649294775426,False,396.0590859375,27.44921875,90.4671875,23.140625,1744.1015625,4.0223359375,4.071625,35.9919921875,38.398125,25.1953125,19.21875,0.002453125,164.05
556,EV_109,DR214027_13,0,128,0.5135934261429267,0.42612298624945744,False,377.019921875,42.9296875,75.10015625,24.38671875,1866.015625,4.0932578125,4.1170703125,35.52375,38.5128125,28.4765625,31.890625,0.0019078125,180.22
557,EV_106,DR476703_7,0,128,0.5135934261429267,0.217982025873802,False,393.51446875,30.6171875,81.59859375,24.359375,1793.359375,4.0035234375,4.047203125,42.8984375,47.010390625,26.625,20.546875,0.00421875,164.05
558,EV_110,DR634682_3,0,263,0.5135934261429267,0.5634227403812655,False,375.15152091254754,25.236501901140684,72.26,20.53764258555133,1423.8593155893536,4.043376425855513,4.050311787072244,36.64752851711027,39.97897338403042,16.23574144486692,48.155893536121674,0.0007756653992395437,168.63
559,EV_110,DR634682_1,0,120,0.5135934261429267,0.6762824988174623,False,387.95,20.423333333333336,74.66208333333334,13.701666666666666,1436.6666666666667,3.9754500000000004,3.9892916666666665,32.57825,34.062333333333335,15.408333333333333,58.25,0.0006999999999999999,168.63
560,EV_109,DR214027_14,0,128,0.5135934261429267,0.46751344018860547,False,370.7109375,48.340625,74.100546875,25.19140625,2850.78125,4.098828125,4.1225625,36.955078125,41.234765625,29.7421875,25.8125,0.002265625,180.22
561,EV_108,DR712349_2,0,128,0.5135934261429267,0.5428450128860141,False,374.817578125,52.790625,92.01640625,23.375,2201.9140625,4.083921875,4.1024375,46.22015625,46.928828125,24.765625,40.8078125,0.002015625,165.75
562,EV_106,DR471689_1,0,128,0.5135934261429267,0.48845906212632456,False,384.25625,33.41484375,74.255390625,22.19921875,2058.7890625,3.999015625,4.0329453125,33.24015625,35.114765625,24.875,38.6640625,0.0018437500000000001,172.93
563,EV_108,DR459854_2,0,128,0.5135934261429267,0.23061173347988687,False,412.1687421875,27.11328125,88.023515625,28.5078125,2131.4453125,4.1096171875,4.13984375,34.34890625,36.750390625,25.703125,18.7109375,0.0027265625,169.56
564,EV_106,DR476703_8,0,128,0.5135934261429267,0.26656920461433087,False,382.181140625,25.71875,78.907109375,23.578125,1635.078125,4.0005625,4.0458984375,44.14796875,48.531171875,27.3359375,20.8984375,0.00559375,164.05
565,EV_106,DR476703_1,0,128,0.5135934261429267,0.3261451275895956,False,406.496375,26.86796875,94.65890625,24.5,1918.4375,4.071328125,4.1088281250000005,33.394296875,34.335078125,24.4765625,20.5078125,0.002390625,164.05
566,EV_106,DR476703_2,0,128,0.5135934261429267,0.26304744872151203,False,400.7301640625,24.4453125,92.677265625,24.2890625,1957.8125,4.0513281249999995,4.0966015625,34.740859375,36.47578125,25.859375,20.234375,0.0025078125,164.05
567,EV_108,DR459854_3,0,128,0.5135934261429267,0.14434549323992632,False,399.074859375,32.3125,85.844765625,26.109375,1886.5625,4.0833984375,4.114671875,36.19859375,38.970703125,28.8515625,20.3125,0.0043828125,169.56
568,EV_106,DR476703_6,0,128,0.5135934261429267,0.1933645231672405,False,396.38409375,31.390625,83.986796875,24.5859375,1875.234375,4.0006328125,4.0459921875,40.868125,44.868125,28.1796875,20.3125,0.001953125,164.05
569,EV_106,DR476703_5,0,128,0.5135934261429267,0.18042741371978588,False,388.932671875,27.62109375,86.247578125,25.6875,1800.9375,3.9997265625,4.045546875,38.9259375,42.65421875,26.9140625,21.9921875,0.0037265625,164.05
570,EV_108,DR459854_1,0,128,0.5135934261429267,0.26092458924890694,False,413.2623515625,29.80234375,90.06296875,28.18359375,2443.359375,4.11159375,4.1426953125,32.70078125,34.49546875,28.140625,22.0703125,0.003,169.56
571,EV_106,DR476703_4,0,128,0.5135934261429267,0.19002707532500226,False,391.3911484375,35.046875,88.30671875,25.5859375,1799.609375,4.0050625,4.0550625,37.566640625,40.558203125,29.3515625,20.859375,0.0023984375,164.05
572,EV_108,DR687028_1,0,128,0.5135934261429267,0.25320555839624465,False,407.788171875,36.82265625,94.174375,24.796875,1812.109375,4.067109375,4.121171875,35.203281249999996,36.19484375,27.3046875,21.640625,0.0041640625,166.37
573,EV_104,DR873821_8,0,128,0.5077039891203587,0.23067714281021193,False,340.433796875,111.278125,76.90765625,112.27890625,5440.328125,4.087453125,4.199921875,64.998671875,65.0,39.40234375,0.80078125,0.0033359375,202.74
574,EV_104,DR650597_9,0,128,0.5077039891203587,0.30046980378502597,False,307.2427421875,117.51015625,81.87515625,111.7953125,7607.4296875,3.941046875,4.194125,65.0,65.0,47.40625,1.4140625,0.0054687500000000005,202.74
575,EV_104,DR873821_9,0,128,0.5077039891203587,0.2748101448653374,False,340.1756875,77.6859375,74.302578125,111.11015625,5416.0859375,4.0591015624999995,4.1959453125,64.996875,65.0,35.97265625,2.4296875,0.009453125,202.74
576,EV_104,DR422821_12,0,128,0.5077039891203587,0.1839884186406524,False,303.3383203125,110.7921875,73.59109375,115.4375,4617.53125,3.8866796875,4.1629453125,64.936796875,65.0,49.0,1.8671875,0.005703125,202.74
577,EV_104,DR873821_10,0,128,0.5077039891203587,0.15249163232963697,False,336.172421875,99.6546875,72.34328125,110.534375,5401.1328125,4.01359375,4.205140625,64.9990625,65.0,42.375,1.3515625,0.0046875,202.74
578,EV_103,DR173144_16,0,128,0.5077039891203587,0.2131522542793174,False,311.3140859375,97.37421875,70.49875,109.87421875,5493.7109375,4.0495625,4.237109375,65.0,65.0,46.125,2.1796875,0.0075,195.72
579,EV_103,DR173144_18,0,128,0.5077039891203587,0.15118059888821514,False,308.257640625,86.578125,63.75359375,105.7234375,5286.171875,3.9207734375,4.2057343750000005,65.0,65.0,41.2578125,1.171875,0.0042578125,195.72
580,EV_103,DR173144_19,0,128,0.5077039891203587,0.1660109935541474,False,304.7599375,96.83671875,61.872265625,109.73359375,5486.8359375,3.9471796875,4.215859375,65.0,65.0,40.8125,1.328125,0.00546875,195.72
581,EV_104,DR667059_9,0,128,0.5077039891203587,0.18918231302697303,False,314.680921875,108.40234375,66.455625,108.1765625,6119.5,3.794171875,4.088578125,64.998828125,65.0,42.59765625,1.4140625,0.0053125,202.74
582,EV_103,DR993039_12,0,128,0.5077039891203587,0.215224328221403,False,310.020859375,81.2578125,71.198125,106.57890625,5239.1015625,4.2333046875,4.36425,64.99984375,65.0,48.4375,1.421875,0.004375,195.77
583,EV_102,DR454207_21,0,128,0.5019453655504489,0.22391324427987247,False,332.0160390625,97.7640625,37.880078125,112.5828125,5627.578125,3.5100000000000002,4.202109375,55.82328125,58.40921875,45.140625,1.8984375,0.00859375,193.65
584,EV_102,DR132061_42,0,128,0.5019453655504489,0.2674660588504273,False,309.3274296875,89.31640625,15.60109375,105.8453125,3728.203125,3.598125,4.1887109375,54.796875,55.85546875,43.5625,1.890625,0.00859375,193.57
585,EV_105,DR692730_26,0,128,0.5019453655504489,0.3684114387021823,False,327.7042890625,96.5390625,25.063125,109.41015625,4923.34375,3.405296875,4.2716171875,60.4859375,61.15078125,44.4609375,3.046875,0.00990625,195.09
586,EV_102,DR132061_41,0,128,0.5019453655504489,0.30611040684545215,False,305.4235703125,88.8984375,18.04484375,110.59609375,3883.265625,3.744609375,4.151875,62.843359375,63.582421875,39.7890625,3.0703125,0.012578125,193.57
587,EV_101,DR156863_29,0,128,0.5019453655504489,0.28440412265483095,False,303.9984375,97.59140625,25.004453125,110.653125,4981.203125,3.38128125,4.193890625,54.89609375,56.42734375,39.140625,4.1875,0.01171875,186.45
588,EV_101,DR156863_28,0,128,0.5019453655504489,0.30248328158876175,False,303.991015625,100.2234375,28.68203125,109.834375,4942.03125,3.4152734375000002,4.1936328125,63.014921875,63.1765625,45.2890625,2.2734375,0.008515625,186.45
589,EV_101,DR156863_27,0,128,0.5019453655504489,0.18023413710785152,False,327.152703125,93.0734375,33.28296875,108.390625,4877.796875,3.5719375,4.2271328125,57.63203125,58.9390625,42.8359375,2.3984375,0.007890625,186.45
590,EV_102,DR132061_40,0,128,0.5019453655504489,0.34499737557474913,False,347.1754921875,104.58203125,20.359453125,110.44296875,3865.3203125,3.9947890624999998,4.1634453125,51.09296875,53.24921875,46.8671875,1.9296875,0.006796875,193.57
591,EV_105,DR314668_29,0,128,0.5005112659089681,0.2177880283017526,False,332.997828125,90.2046875,25.712265625,103.0171875,4477.53125,3.881765625,4.1613046875,64.99984375,65.0,37.16015625,0.84375,0.0028125,194.98
592,EV_105,DR692730_24,0,128,0.5005112659089681,0.24878095465851507,False,314.652890625,91.4,32.267578125,113.8359375,5122.640625,3.541359375,4.4120078125,64.998203125,65.0,46.7734375,1.2734375,0.00484375,195.09
593,EV_105,DR692730_25,0,128,0.5005112659089681,0.3634832351431612,False,303.71046875,98.42578125,28.203359375,106.6609375,4799.6015625,3.5085859375,4.4392890625,65.0,65.0,38.4140625,2.375,0.0077109375,195.09
594,EV_102,DR454207_18,0,128,0.5005112659089681,0.21770613040223083,False,330.03082812499997,91.178125,47.72125,107.275,5363.75,4.1022421875,4.215671875,64.9990625,65.0,46.76953125,0.8125,0.0034375,193.65
595,EV_102,DR132061_36,0,128,0.5005112659089681,0.20969733200118976,False,313.3290390625,103.75703125,28.03625,111.30859375,4452.34375,4.0149687499999995,4.260015625,65.0,65.0,37.8203125,0.390625,0.001953125,193.57
596,EV_105,DR314668_28,0,128,0.5005112659089681,0.1964408818137726,False,332.9495546875,101.40703125,29.112109375,116.31171875,5034.8984375,3.917796875,4.166921875,64.99765625,65.0,40.6875,0.9921875,0.0022812500000000003,194.98
597,EV_102,DR463078_26,0,128,0.5005112659089681,0.19428479198461251,False,302.4947421875,123.11328125,42.8109375,111.096875,4443.796875,3.8390390625,4.1794921875,64.251953125,64.9890625,50.4453125,0.265625,0.001328125,193.73
598,EV_103,DR173144_30,0,128,0.5005112659089681,0.318736144783544,False,314.19139843749997,103.5890625,31.730390625,106.8515625,6569.4140625,3.5538203125,4.175484375,64.999609375,65.0,49.8125,1.0703125,0.003828125,195.72
599,EV_104,DR239202_27,0,128,0.5005112659089681,0.30561208209592516,False,339.2379296875,103.08828125,26.571796875,110.08515625,5503.7109375,4.0478359375,4.3111796875,65.0,65.0,43.6796875,0.78125,0.001640625,202.74
600,EV_104,DR650597_29,0,128,0.5005112659089681,0.26065742133058156,False,316.8967890625,113.140625,40.539921875,109.446875,4543.296875,4.0345390625,4.1962109375,64.999609375,65.0,39.2109375,0.5859375,0.003046875,202.74
601,EV_104,DR667059_17,0,128,0.5002405432839421,0.4161885015374238,False,353.883578125,82.109375,43.933359375,100.47578125,4126.0546875,3.3564296875,4.1962734375,54.050546875,55.1228125,38.37890625,0.2109375,0.000703125,202.74
602,EV_102,DR454207_16,0,128,0.5002405432839421,0.19434755380671137,False,356.37521875,93.3,53.29375,102.55859375,5555.1171875,4.1078515625,4.179796875,55.523046875,57.158125,44.078125,1.828125,0.004609375000000001,193.65
603,EV_102,DR132061_34,0,128,0.5002405432839421,0.2801509231060078,False,357.502109375,119.48125,35.12515625,109.98203125,4399.921875,4.082953125,4.1915625,52.925703125,54.4740625,56.30859375,1.3671875,0.0048828125,193.57
604,EV_104,DR873821_12,0,128,0.5002405432839421,0.30381460571748,False,351.406015625,97.253125,62.83859375,111.06015625,5552.9765625,3.928078125,4.213375,57.99375,58.7953125,44.171875,1.3125,0.0053125,202.74
605,EV_105,DR314668_27,0,128,0.5002405432839421,0.24204237988650884,False,330.47625,93.3453125,32.0684375,109.33671875,4713.7890625,3.9628828125,4.1664765625,57.57015625,58.966015625,48.7734375,0.703125,0.002890625,194.98
606,EV_104,DR667059_16,0,128,0.5002405432839421,0.35960653592375913,False,355.5188515625,109.17578125,46.34703125,104.55234375,4349.4140625,3.3682421875,4.17471875,56.830234375,58.487265625,47.1796875,0.4453125,0.00109375,202.74
607,EV_104,DR667059_12,0,128,0.5002405432839421,0.31497903178755865,False,333.1881640625,81.9359375,54.830078125,108.08671875,5932.4296875,3.678953125,4.1930703125,56.43828125,57.00859375,42.6953125,1.4296875,0.0034375,202.74
608,EV_105,DR314668_15,0,128,0.5002405432839421,0.38277015353023164,False,337.975109375,97.55078125,63.6359375,110.84375,7056.203125,3.633296875,4.300296875,51.02703125,53.037578125,45.6015625,1.2265625,0.003046875,194.98
609,EV_104,DR239202_25,0,128,0.5002405432839421,0.31958241073565696,False,353.2883203125,102.96796875,33.92359375,105.54765625,5277.3828125,4.0658203125,4.1770390625,52.5903125,54.90890625,49.1875,0.703125,0.0016406250000000002,202.74
610,EV_103,DR173144_20,0,128,0.5002405432839421,0.3051842076548565,False,320.0237265625,93.32578125,59.6096875,108.190625,5409.6875,4.0097578125,4.2714609375,63.10234375,63.246875,46.078125,1.1484375,0.00359375,195.72
611,EV_105,DR277200_7,0,128,0.5002405432839421,0.2613221665706732,False,360.052296875,111.68984375,53.913984375,109.4578125,4378.375,4.0565,4.1531015625,54.07765625,58.526015625,41.3984375,0.2734375,0.001015625,195.13
612,EV_102,DR132061_25,0,128,0.5002405432839421,0.26961042650550565,False,358.784375,88.18984375,54.4003125,104.08203125,4202.5625,3.983890625,4.1799140625,50.49578125,52.3546875,47.0484375,0.40625,0.00140625,193.57
613,EV_105,DR277200_11,0,128,0.5002405432839421,0.18159748150143656,False,350.6586875,77.32109375,45.62203125,103.26640625,4309.9609375,4.084515625,4.20153125,54.875859375,56.091875,42.78125,1.078125,0.0025,195.13
614,EV_066,DR101229_10,0,107,0.4956271272534454,0.2431271488982906,False,384.7803738317757,71.49906542056074,76.46289719626168,29.777570093457943,1971.4859813084113,4.0386915887850465,4.127570093457944,52.21308411214954,54.38644859813085,34.45794392523364,2.0093457943925235,0.0,193.72
615,EV_066,DR101229_4,0,128,0.4956271272534454,0.13398276042368668,False,382.66484375,62.15234375,86.7646875,30.47734375,2078.2265625,3.828984375,3.939140625,49.95390625,51.59296875,32.65234375,3.921875,0.00020312500000000002,193.72
616,EV_066,DR101229_6,0,128,0.4956271272534454,0.292001664394766,False,384.35390625,66.3234375,81.533671875,27.465625,2033.125,3.66734375,3.7313671875,42.083203125,43.485546875,33.75,4.40625,0.0,193.72
617,EV_066,DR101229_8,0,128,0.4956271272534454,0.20126508529547033,False,379.128125,60.88984375,79.1125,29.46875,1986.3671875,4.0356640624999995,4.12121875,54.11171875,56.24765625,31.828125,2.265625,7.8125e-06,193.72
618,EV_066,DR101229_7,0,128,0.4956271272534454,0.15833513652400777,False,393.446875,54.54375,80.377734375,28.34921875,1904.84375,3.797890625,3.9170703125,54.766796875,56.667578125,31.7265625,4.1796875,0.0001328125,193.72
619,EV_108,RC386274_7,1,128,0.4833740475314885,0.25454695982318504,False,405.4248125,-12.4140625,77.75453125,0.0,0.0,3.9311484375,3.9831953125,34.78015625,40.67234375,0.0,0.0,0.0,183.46
620,EV_108,RC522994_4,1,128,0.4833740475314885,0.470501878054146,False,440.479859375,-27.04765625,51.67515625,0.0,0.0,3.71022734375,3.73335234375,43.771328125,45.24703125,0.0,0.0,0.0,181.95
621,EV_108,RC522994_3,1,128,0.4833740475314885,0.3544182858652872,False,438.8707734375,-30.47734375,47.211953125,0.0,0.0,3.56478125,3.587328125,40.08421875,41.632890625,0.0,0.0,0.0,181.95
622,EV_105,RC558082_3,1,128,0.4833740475314885,0.4735611029826691,False,444.534015625,-27.715625,54.432265625,0.0,0.0,3.5323046875,3.5723046875,42.132734375,45.328046875,0.0,0.0,0.0,195.09
623,EV_108,RC522994_6,1,128,0.4833740475314885,0.2456374681707428,False,440.1441015625,-14.240625,62.5303125,0.0,0.0,4.1674609375,4.2136484375,32.912734375,34.689921875,0.0,0.0,0.0,181.95
624,EV_104,DR754088_11,0,256,0.480616036654957,0.4711934537741348,False,371.23516015625,37.616015625,45.531093750000004,25.99609375,2615.390625,4.0849414062500005,4.10171875,35.6844921875,38.3532421875,27.75390625,29.0546875,0.00290625,202.74
625,EV_105,DR776635_10,0,128,0.480616036654957,0.2891995449351121,False,355.56015625,40.45234375,71.058828125,24.1171875,2220.234375,4.2078203125,4.219015625,48.9790625,57.60046875,29.1875,34.484375,0.0018515625,195.42
626,EV_104,DR754088_6,0,128,0.480616036654957,0.4398244308098521,False,385.0985859375,31.05,69.795078125,25.5546875,2104.1015625,4.0443984375,4.05765625,62.554453125,65.0,24.90625,29.65625,0.0002109375,202.74
627,EV_104,DR583457_12,0,128,0.480616036654957,0.36624345855960044,False,333.53359375,25.48828125,63.60734375,14.0390625,1235.6640625,3.77550390625,3.80510859375,39.593984375,43.734140625,20.171875,35.25,0.0024375,202.74
628,EV_104,DR583457_10,0,128,0.480616036654957,0.25120353008861346,False,369.51328125,30.9703125,69.268125,22.01171875,2364.0625,3.8164765625,3.864140625,46.70015625,61.45546875,26.359375,38.484375,0.00425,202.74
629,EV_104,DR583457_13,0,128,0.480616036654957,0.29539524984743737,False,330.827890625,36.22890625,62.71453125,20.12890625,1646.0546875,3.79840703125,3.83682890625,41.28515625,46.495234375,24.5625,33.54765625,0.001734375,202.74
630,EV_105,DR902043_3,0,169,0.480616036654957,0.34779827405716673,False,361.67218934911244,44.244970414201184,80.48650887573964,33.617751479289936,2713.562130177515,4.083224852071006,4.0970059171597635,39.199881656804735,45.512721893491126,24.76508875739645,31.171597633136095,0.0025029585798816566,205.02000000000004
631,EV_104,DR583457_14,0,128,0.480616036654957,0.48496210605613016,False,334.70859375,26.74921875,61.9046875,12.2890625,1085.15625,3.82490625,3.8858359375,42.8171875,48.84703125,14.0703125,64.68359375,0.0031640624999999998,202.74
632,EV_104,DR583457_9,0,128,0.480616036654957,0.3059150407320182,False,386.0953125,36.73125,70.0740625,23.4609375,1632.03125,3.7846015625,3.8218984375,45.249140625,58.558125,25.7421875,41.640625,0.0073046875,202.74
633,EV_104,DR583457_7,0,128,0.480616036654957,0.41883377730425053,False,337.090625,21.86171875,74.04890625,15.3921875,1768.359375,3.70303125,3.7306640625,42.32671875,51.77203125,15.078125,53.3359375,0.0017421875,202.74
634,EV_104,DR754088_4,0,128,0.480616036654957,0.4023870393990398,False,385.4446953125,31.628125,81.7071875,16.98046875,1230.859375,3.899,3.94775,56.838125,64.89453125,17.125,39.7109375,0.0003671875,202.74
635,EV_105,DR314668_8,0,128,0.4723431066974629,0.1709847905517961,False,330.306953125,114.578125,82.0396875,109.40859375,4376.453125,3.8525703125,4.2165078125,63.934453125,64.56359375,43.32421875,0.5859375,0.0015625,194.98
636,EV_103,DR173144_14,0,128,0.4723431066974629,0.21947272165947687,False,346.8438515625,83.403125,75.038828125,103.2453125,5172.4609375,4.0798515625,4.1911953125,64.9971875,65.0,35.4453125,0.6953125,0.0016406250000000002,195.72
637,EV_104,DR239202_2,0,128,0.4723431066974629,0.2515950797992241,False,343.86490625,102.5703125,88.97015625,108.2421875,4329.6875,3.9176015625,4.1881328125,64.997421875,65.0,42.4453125,1.4921875,0.00359375,202.74
638,EV_105,DR692730_9,0,128,0.4723431066974629,0.24998599602300334,False,317.4263046875,129.56171875,68.096875,107.6484375,4844.28125,3.4520390625,4.1844921875,65.0,65.0,42.765625,1.1484375,0.00203125,195.09
639,EV_105,DR692730_8,0,128,0.4723431066974629,0.23666598824032203,False,328.8564765625,107.859375,75.76421875,112.3296875,5055.046875,3.530109375,4.190125,64.999765625,65.0,45.48046875,0.078125,0.000390625,195.09
640,EV_105,DR314668_14,0,128,0.4723431066974629,0.3336723769166221,False,347.1973046875,86.7578125,67.099453125,102.90234375,6551.921875,3.655609375,4.2545234375,64.99984375,65.0,36.12890625,0.4453125,0.000625,194.98
641,EV_104,DR239202_3,0,128,0.4723431066974629,0.348226635064127,False,338.2466015625,79.9296875,86.451171875,104.0375,4161.53125,3.872484375,4.18459375,64.073359375,64.0815625,38.75390625,0.89453125,0.003515625,202.74
642,EV_104,DR239202_6,0,128,0.4723431066974629,0.31924608836088775,False,315.0556171875,122.65546875,75.73875,112.42109375,4496.8125,3.7361328125,4.14903125,64.999609375,65.0,40.9609375,0.0,0.0,202.74
643,EV_104,DR422821_11,0,128,0.4723431066974629,0.22085199408949885,False,309.1928359375,81.48515625,76.401640625,100.8296875,4033.21875,3.9186796875,4.1566015625,64.998828125,65.0,38.74140625,0.5,0.00171875,202.74
644,EV_104,DR422821_10,0,128,0.4723431066974629,0.2027521469398616,False,318.6728671875,97.16953125,78.484453125,105.034375,4201.421875,3.93890625,4.129234375,64.99921875,65.0,36.328125,0.5703125,0.00234375,202.74
645,EV_102,DR132061_19,0,128,0.46768994330795055,0.08687302377512375,False,378.1138046875,57.98046875,65.8640625,29.1875,1852.1875,4.0970078125,4.146671875,53.981328125,55.1771875,31.7265625,16.3046875,0.005703125,193.57
646,EV_104,DR422821_18,0,128,0.46768994330795055,0.23788626708467978,False,379.9046953125,53.39453125,61.847500000000004,32.328125,2153.515625,4.0958359375,4.143765625,57.687734375,59.73734375,32.6796875,15.5078125,0.0051640625,202.74
647,EV_105,DR962985_19,0,128,0.46768994330795055,0.1507992100375224,False,373.01125,50.0,59.522421875,28.5390625,1817.578125,4.09046875,4.145859375000001,57.86015625,57.95859375,30.8984375,18.3828125,0.008265625,194.88
648,EV_102,DR463078_15,0,128,0.46768994330795055,0.10506873584697264,False,379.068796875,51.8515625,66.9378125,30.9609375,1964.296875,4.09953125,4.1461015625,58.3409375,59.381953125,32.6796875,16.171875,0.0069375,193.73
649,EV_104,DR422821_15,0,128,0.46768994330795055,0.26553355151357033,False,380.310515625,45.71875,67.6984375,28.29296875,1837.65625,4.1016328125,4.1462578125,56.7403125,58.390703125,30.4765625,14.375,0.0054062500000000005,202.74
650,EV_102,DR132061_16,0,128,0.46768994330795055,0.1906786999593138,False,387.511515625,43.546875,71.66875,28.2109375,1970.3125,4.0963984375,4.1418828125,60.156875,60.86140625,30.1640625,14.703125,0.0051171875,193.57
651,EV_102,DR132061_21,0,128,0.46768994330795055,0.1613992927616618,False,384.491296875,58.40234375,62.369921875,31.3671875,1983.9375,4.0755625,4.14559375,56.254375,58.386640625,33.8125,15.5078125,0.00578125,193.57
652,EV_102,DR463078_18,0,128,0.46768994330795055,0.1094697966644291,False,378.7009921875,50.51953125,60.553828125,29.8046875,2135.15625,4.0863125,4.145203125,54.83765625,55.77515625,32.015625,15.46875,0.0058828125,193.73
653,EV_066,DR101229_1,0,128,0.46593599331035523,0.5284620890883043,False,348.3515625,155.21640625,96.806015625,104.05859375,4162.3125,3.045,3.89015625,37.9759375,39.563828125,39.97109375,0.0,0.0,193.72
654,EV_108,RC386274_2,1,128,0.46494097308446874,0.408119666951939,False,415.4666328125,-30.77734375,42.37125,0.0,0.0,4.0868046875,4.1916953125,33.31078125,35.07578125,0.0,0.0,0.0,183.46
655,EV_108,RC522994_2,1,128,0.46494097308446874,0.43419432338213976,False,400.873671875,-32.02578125,39.459921875,0.0,0.0,4.2800859375,4.32534375,34.208125,35.855703125,0.0,0.0,0.0,181.95
656,EV_103,RC927118_9,1,128,0.4624211090290072,0.22627903487006526,False,418.66617187500003,-21.165625,44.061953125,0.0,0.0,3.925953125,4.2005,24.0618046875,27.917203125,0.0,0.0,0.0,197.17
657,EV_102,RC730473_9,1,128,0.4624211090290072,0.1958518697566312,False,387.9899375,-16.40546875,47.783125,0.0,0.0,3.876375,3.955828125,25.71359375,31.033125,0.0,0.0,0.0,193.8
658,EV_103,RC927118_12,1,128,0.4624211090290072,0.12356643415235113,False,416.11165625,-26.10703125,54.787734375,0.0,0.0,3.9738484375,4.1476046875,24.5128671875,28.5279765625,0.0,0.0,0.0,197.17
659,EV_102,RC730473_11,1,128,0.4624211090290072,0.1292446359922415,False,413.731625,-17.3890625,53.911640625,0.0,0.0,4.03863671875,4.13250625,27.886578125,33.39421875,0.0,0.0,0.0,193.8
660,EV_103,RC927118_15,1,128,0.4624211090290072,0.17280822814994032,False,423.0961796875,-13.640625,65.653125,0.0,0.0,4.035515625,4.2094,25.0623359375,29.3623359375,0.0,0.0,0.0,197.17
661,EV_103,RC927118_14,1,128,0.4624211090290072,0.10781698436191105,False,409.1392578125,-23.26484375,62.3553125,0.0,0.0,3.976265625,4.1464296875,24.8195078125,29.06475,0.0,0.0,0.0,197.17
662,EV_103,RC927118_11,1,128,0.4624211090290072,0.1393081936446581,False,402.80858593749997,-24.07421875,51.643671875,0.0,0.0,3.8828984375,4.05184375,24.3365546875,28.248875,0.0,0.0,0.0,197.17
663,EV_102,RC730473_13,1,128,0.4624211090290072,0.09537502199774249,False,404.9908828125,-27.06328125,60.9871875,0.0,0.0,3.929375,4.00940625,28.534671875,34.22603125,0.0,0.0,0.0,193.8
664,EV_102,RC730473_12,1,128,0.4624211090290072,0.19156502787461116,False,386.0832890625,-23.61875,57.17828125,0.0,0.0,3.8366953125,3.909875,28.371703125,34.0578515625,0.0,0.0,0.0,193.8
665,EV_102,RC730473_10,1,128,0.4624211090290072,0.12548320171988517,False,404.2326640625,-14.3390625,50.925625,0.0,0.0,3.9750546875,4.05959375,26.798125,32.20296875,0.0,0.0,0.0,193.8
666,EV_103,RC927118_13,1,128,0.4624211090290072,0.15118120143456112,False,389.6125625,-24.2109375,58.20421875,0.0,0.0,3.8709296875,4.0392421875,24.6592421875,28.8029296875,0.0,0.0,0.0,197.17
667,EV_103,RC927118_16,1,128,0.4624211090290072,0.1534816615232806,False,418.4239765625,-17.3546875,67.757109375,0.0,0.0,3.875,4.052546875,25.3741875,29.6741875,0.0,0.0,0.0,197.17
668,EV_104,RC487807_4,1,128,0.4624211090290072,0.30543370813615717,False,428.209828125,-14.97109375,69.39296875,0.0,0.0,4.15021484375,4.22351953125,31.689453125,33.289453125,0.0,0.0,0.0,202.74
669,EV_103,DR173144_17,0,128,0.46216517921597366,0.22755616316565547,False,331.020765625,101.72890625,67.08859375,110.21953125,5497.3046875,4.00178125,4.231828125,65.0,65.0,50.890625,2.28125,0.006953125,195.72
670,EV_102,DR463078_10,0,128,0.46216517921597366,0.21905957306593613,False,366.357875,106.0484375,83.561875,108.69609375,5429.0234375,4.0509453125,4.148078125,64.6234375,64.95390625,47.2671875,1.359375,0.00390625,193.73
671,EV_105,DR962985_13,0,128,0.46216517921597366,0.21603314587130962,False,371.6573125,93.32109375,76.893984375,108.553125,5003.65625,4.0223984375,4.15615625,64.162265625,64.983359375,43.55078125,1.9296875,0.00515625,194.88
672,EV_105,DR962985_14,0,128,0.46216517921597366,0.18362935525341645,False,346.690625,105.31875,73.00875,111.0921875,5134.328125,3.9617734375,4.1638203125,64.99984375,65.0,44.9296875,0.9921875,0.00390625,194.88
673,EV_103,DR173144_15,0,128,0.46216517921597366,0.19369980733863987,False,336.2504140625,96.6515625,72.819609375,105.996875,5301.328125,4.0932734375,4.2307500000000005,65.0,65.0,38.90234375,1.671875,0.0045703125,195.72
674,EV_105,DR314668_6,0,128,0.46216517921597366,0.16757404010858026,False,343.061875,84.771875,86.67453125,110.45859375,4418.34375,3.9867890625,4.186078125,65.0,65.0,41.9296875,1.71875,0.0073437500000000005,194.98
675,EV_102,DR454207_8,0,128,0.46216517921597366,0.11674220300259767,False,337.8700625,96.31953125,78.3015625,110.8828125,4436.0390625,4.0466015625,4.1774140625,65.0,65.0,43.609375,2.0390625,0.005859375,193.65
676,EV_102,DR463078_12,0,128,0.46216517921597366,0.11841620717800024,False,336.800578125,101.65234375,73.993671875,108.64453125,5432.1875,4.0307578125,4.184984375,65.0,65.0,45.671875,2.4375,0.008515625,193.73
677,EV_102,DR454207_7,0,128,0.46216517921597366,0.2813679565736159,False,364.0218515625,100.12578125,82.28078125,108.61328125,4349.5078125,4.0982578125,4.1786171874999996,64.85859375,64.88984375,44.359375,1.3125,0.0034375,193.65
678,EV_105,DR314668_13,0,128,0.46216517921597366,0.3450830419947699,False,357.2937578125,112.5515625,69.60765625,107.9921875,6758.2421875,3.68303125,4.1994453125,64.9359375,64.95234375,53.0625,1.8359375,0.0036718750000000002,194.98
679,EV_104,DR873821_7,0,128,0.46216517921597366,0.3159248826029256,False,359.830359375,86.73515625,81.058125,109.1546875,5262.8203125,4.1130078125,4.1819218750000005,63.109765625,64.534609375,44.19921875,2.4296875,0.008671875,202.74
680,EV_102,DR315489_3,0,128,0.46216517921597366,0.27833174057119586,False,339.5604375,83.32890625,84.19078125,104.46875,4178.75,4.11775,4.38375,64.708984375,64.99921875,40.83203125,1.390625,0.005078125,193.48
681,EV_102,DR463078_11,0,128,0.46216517921597366,0.12719896820469387,False,337.7020546875,92.8625,77.63796875,108.4078125,5432.0703125,3.9955859375,4.176671875,64.9796875,64.9859375,48.5078125,1.703125,0.00796875,193.73
682,EV_103,DR587402_2,0,70,0.46216517921597366,0.3098002235764976,False,336.13104285714286,99.47142857142858,94.5217142857143,111.20714285714286,4825.071428571428,3.7526285714285716,3.9128000000000003,64.24857142857142,64.86142857142858,37.91428571428571,2.8285714285714287,0.010428571428571428,195.62
683,EV_102,DR454207_2,0,128,0.46216517921597366,0.3527841898682376,False,315.5021171875,94.375,92.8559375,105.8375,4626.0,4.261421875,4.39309375,64.9984375,64.99921875,48.4765625,1.3515625,0.00359375,193.65
684,EV_104,DR422821_9,0,128,0.46216517921597366,0.2752330907490583,False,331.0181640625,101.92734375,81.405546875,110.971875,4438.875,3.9869765624999998,4.1369296875,64.999609375,65.0,45.6796875,2.0546875,0.006484375,202.74
685,EV_104,DR239202_5,0,128,0.4577961211192226,0.24240909568645144,False,307.5365234375,112.87265625,79.455,112.8453125,4513.65625,3.8060390625,4.1710859375,61.198515625,62.088359375,52.3828125,2.4921875,0.00921875,202.74
686,EV_102,DR454207_11,0,128,0.4577961211192226,0.3263363326964789,False,312.2246640625,83.2984375,65.818203125,112.38046875,4495.296875,3.981953125,4.157109375,50.273828125,53.112734375,38.6953125,2.68125,0.009453125,193.65
687,EV_104,DR873821_11,0,128,0.4577961211192226,0.2579903417437646,False,318.608015625,98.69296875,69.563359375,109.91171875,5405.8046875,3.9697265625,4.2059921875,64.41328125,64.4265625,45.5703125,1.296875,0.0053906250000000005,202.74
688,EV_104,DR239202_4,0,123,0.4577961211192226,0.3172596457187265,False,328.1790406504065,109.31544715447154,83.52756097560975,111.77560975609755,4471.056910569106,3.8473252032520326,4.194390243902439,51.132845528455285,51.68382113821138,53.60162601626016,2.6260162601626016,0.00853658536585366,202.74
689,EV_104,DR239202_11,0,128,0.4577961211192226,0.26636254074724774,False,336.4433671875,97.478125,62.024921875,112.6859375,4507.4375,3.6151015625,4.234578125,60.216015625,62.740859375,47.6640625,0.6484375,0.0034375,202.74
690,EV_104,DR239202_12,0,128,0.4577961211192226,0.3958576347409372,False,314.3527109375,108.90234375,59.65328125,114.35859375,4575.7421875,3.6415625,4.336875,52.725,54.8390625,47.0625,2.2421875,0.008828125000000001,202.74
691,EV_104,DR239202_9,0,128,0.4577961211192226,0.19098073647418717,False,321.81815625,91.81875,66.990625,111.20859375,4448.390625,3.6628203125,4.2015390625,62.432734375,63.1125,42.7890625,2.8046875,0.011640625,202.74
692,EV_104,DR239202_13,0,128,0.4577961211192226,0.3116434919849927,False,313.2226171875,88.39296875,57.480546875,106.87421875,4275.3359375,3.5579453125,4.4133359375,61.78984375,63.48359375,40.0390625,0.8359375,0.0032031250000000002,202.74
693,EV_104,DR239202_10,0,128,0.4577961211192226,0.28891026388259544,False,336.5003203125,96.5734375,64.627890625,110.99921875,4439.96875,3.656890625,4.1944375,49.49984375,52.2725,46.05859375,2.3125,0.0074218750000000005,202.74
694,EV_104,DR667059_3,0,128,0.4577961211192226,0.2723455655264881,False,331.48915625,82.62265625,84.705078125,108.51796875,4738.3125,3.7973515625,4.0517421875,55.250546875,55.739296875,44.65625,2.171875,0.006890625,202.74
695,EV_104,DR667059_11,0,128,0.4577961211192226,0.30416219655082455,False,346.3292890625,77.34609375,59.761171875,108.1265625,5955.375,3.7066875,4.1556328125,58.2859375,60.34296875,36.171875,1.9140625,0.0074218750000000005,202.74
696,EV_104,DR239202_7,0,128,0.4577961211192226,0.2562734954424972,False,330.3496640625,99.98359375,72.39078125,109.5859375,4383.4375,3.67478125,4.1543671875,64.263125,64.2796875,46.5859375,1.9609375,0.006953125,202.74
697,EV_104,DR239202_8,0,128,0.4577961211192226,0.23478637274748093,False,327.525234375,95.90625,69.272109375,111.76171875,4470.9609375,3.6573984375,4.1920703125,52.743671875,53.37828125,43.359375,2.46875,0.011953125,202.74
698,EV_105,DR692730_27,0,128,0.45700538958541176,0.31733582127228627,False,335.0975234375,93.03515625,22.321640625,109.74296875,4941.96875,3.3337890625,4.1669140625,60.34390625,61.9265625,37.96875,1.2734375,0.00296875,195.09
699,EV_105,DR314668_30,0,128,0.45700538958541176,0.22782645028523493,False,324.6568671875,85.43359375,23.214453125,110.90078125,4829.84375,3.8517734375,4.184359375,64.0515625,64.12734375,37.875,1.828125,0.004140625,194.98
700,EV_106,DR805018_4,0,128,0.44757315034525613,0.21667332593871505,False,383.993875,43.140625,81.764453125,27.6953125,1827.34375,4.09759375,4.1464375,60.590546875,62.76765625,29.4765625,17.03125,0.0079375,173.9
701,EV_107,DR705506_4,0,128,0.44757315034525613,0.17778182632067416,False,380.0282578125,49.82421875,88.672265625,30.1640625,2004.296875,4.0766953125,4.144390625,58.9578125,60.273828125,32.5390625,18.046875,0.0061875,176.22
702,EV_108,DR380742_8,0,128,0.44757315034525613,0.17000439334917672,False,380.1647109375,46.91171875,87.658203125,30.14453125,1965.625,4.0820859375,4.1477578125,52.124296875,54.998125,30.9375,16.5234375,0.0070390625,181.95
703,EV_110,DR436096_2,0,128,0.44757315034525613,0.22302158516609596,False,390.0109765625,37.6703125,97.64390625,26.8671875,1730.203125,4.115046875,4.14640625,50.40125,53.035859375,29.890625,16.09375,0.0063671875,181.09
704,EV_110,DR393518_2,0,128,0.44757315034525613,0.25162156067370256,False,382.7034921875,43.26171875,97.37265625,29.09375,1880.3125,3.5734375,4.14328125,57.72984375,59.677578125,31.9140625,18.28125,0.0063828125,181.09
705,EV_108,DR380742_6,0,128,0.44757315034525613,0.22614336806927982,False,383.91448437500003,41.390625,90.980703125,29.53125,1918.75,4.0905859375,4.1487578125,61.1984375,62.7884375,31.0625,17.2265625,0.0050703125,181.95
706,EV_107,DR705506_6,0,128,0.44757315034525613,0.24117415530002703,False,376.0814453125,62.23828125,84.88078125,33.71484375,2292.1875,4.1016875,4.1473671875,53.991875,55.7096875,34.8828125,16.015625,0.0053984375,176.22
707,EV_109,DR219828_6,0,128,0.44757315034525613,0.14612226679354584,False,368.1842578125,38.234375,90.593828125,28.515625,1839.0625,4.115859375,4.171625,53.97859375,56.345390625,30.109375,18.90625,0.0070390625,179.12
708,EV_109,DR219828_7,0,128,0.44757315034525613,0.14897309505995032,False,384.7166796875,47.0453125,88.69015625,26.5703125,1700.78125,4.085734375,4.2080546875,61.64796875,63.776015625,31.3671875,18.0234375,0.00721875,179.12
709,EV_108,DR380742_9,0,128,0.44757315034525613,0.17015827900208141,False,381.3343515625,51.5390625,85.938359375,30.10546875,1991.40625,4.083671875,4.14578125,61.05015625,63.114453125,32.4921875,15.4296875,0.0056171875,181.95
710,EV_106,DR402462_4,0,128,0.44757315034525613,0.21692174517284873,False,377.869609375,39.453125,91.196640625,29.859375,1943.640625,4.13015625,4.2165546875,57.5878125,62.207578125,30.2734375,15.6640625,0.0064375,173.9
711,EV_110,DR436096_3,0,128,0.44757315034525613,0.14438801152010766,False,389.3903515625,38.26171875,96.163515625,30.3984375,1957.96875,4.118140625,4.14609375,57.726171875,60.564765625,29.53125,16.328125,0.0070625,181.09
712,EV_108,DR624372_9,0,128,0.44757315034525613,0.1703653419686788,False,391.562359375,46.6484375,78.9778125,32.4296875,2044.7734375,4.1050703125,4.1462109375,57.2740625,58.40796875,31.640625,14.1796875,0.0056640625,182.02
713,EV_109,DR524455_5,0,128,0.44757315034525613,0.24204927162700682,False,389.32628125,40.33203125,86.422109375,23.45703125,1483.0703125,4.1565234375,4.4195703125,53.592265625,56.6959375,27.90625,17.578125,0.00596875,179.19
714,EV_109,DR219828_3,0,128,0.44757315034525613,0.2046278469713232,False,387.51465625,38.00390625,95.538515625,27.921875,1782.03125,4.0356640625,4.1430078125,51.379921875,55.66484375,28.359375,18.125,0.007046875,179.12
715,EV_109,DR219828_10,0,128,0.44757315034525613,0.1653995137814501,False,389.7143671875,37.71484375,83.4075,26.0625,1757.5,4.1165078125,4.1445703125,58.734296875,61.5953125,26.8984375,18.2421875,0.0057265625,179.12
716,EV_110,DR104166_6,0,128,0.44757315034525613,0.1119982629559324,False,383.915,40.7734375,86.0825,31.54296875,2007.5,4.0973203125,4.1425078125,59.8828125,62.57578125,29.40625,17.421875,0.0058359375,181.09
717,EV_107,DR705506_1,0,128,0.44757315034525613,0.2296394315579242,False,389.0898984375,27.60078125,93.976796875,26.1046875,1694.6875,4.1404375,4.302703125,61.3084375,63.791640625,27.5546875,19.1796875,0.00609375,176.22
718,EV_106,DR558126_1,0,128,0.44757315034525613,0.22879231322577614,False,393.9094453125,41.04140625,94.908046875,26.875,1895.46875,4.082796875,4.14915625,54.47578125,57.023828125,28.890625,18.3984375,0.0057734375,173.9
719,EV_108,DR380742_2,0,128,0.44757315034525613,0.2728825835238272,False,378.291015625,47.67421875,97.7265625,28.2109375,1867.453125,3.926921875,4.12715625,53.8684375,57.988359375,30.8671875,14.765625,0.0050546875,181.95
720,EV_108,DR624372_6,0,128,0.44757315034525613,0.19375466793235155,False,382.1131796875,39.646875,84.1846875,26.46484375,1702.1875,4.08875,4.23734375,55.412734375,56.57890625,28.875,17.734375,0.005078125,182.02
721,EV_106,DR558126_3,0,128,0.44757315034525613,0.2184343340752082,False,381.586421875,38.1796875,91.269453125,28.12890625,1727.1484375,4.101,4.144015625,54.281484375,57.516875,28.96875,19.1015625,0.0056875,173.9
722,EV_108,DR380742_3,0,128,0.44757315034525613,0.17095621521614845,False,386.889328125,46.95859375,95.9884375,29.64453125,1950.78125,4.0871015625,4.1478046875,61.15703125,63.9396875,30.4921875,16.5234375,0.0068203125,181.95
723,EV_109,DR219828_4,0,128,0.44757315034525613,0.15764571774465505,False,386.3576484375,40.9453125,93.849296875,28.9140625,1870.078125,4.1045390625,4.146125,60.700546875,63.6565625,29.9765625,15.3203125,0.006015625,179.12
724,EV_110,DR436096_9,0,128,0.44757315034525613,0.1457342831838384,False,386.5753125,37.1953125,84.9146875,29.7578125,1891.40625,4.106640625,4.147109375,57.996875,61.52390625,30.3515625,14.921875,0.0061875,181.09
725,EV_106,DR805018_18,0,128,0.4440354194469607,0.2007390592582254,False,372.01803125,37.6953125,51.92296875,28.15625,1822.109375,4.0229453125,4.1419765625,59.24046875,63.112109375,29.484375,15.3125,0.0066484375,173.9
726,EV_106,DR558126_25,0,128,0.4440354194469607,0.34529412301533546,False,377.585171875,48.27734375,48.21953125,28.71875,1835.34375,4.01828125,4.1428671875,58.425625,60.5209375,31.953125,15.7421875,0.005453125,173.9
727,EV_108,DR424318_12,0,128,0.4440354194469607,0.16934031871219773,False,371.98203125,41.20234375,50.98109375,31.0859375,2018.75,4.1172031250000005,4.14725,61.977265625,63.811171875,29.328125,17.0546875,0.0057109375,183.46
728,EV_110,DR393518_18,0,128,0.4440354194469607,0.1769907241569712,False,358.7952734375,50.2515625,58.573515625,31.03125,2074.84375,4.09925,4.1445546875,60.281328125,62.378125,32.3515625,14.4140625,0.0056484375,181.09
729,EV_109,DR549817_9,0,128,0.4440354194469607,0.1311904891971865,False,375.1722890625,42.15625,56.071328125,29.9390625,1929.609375,4.07978125,4.144953125,59.52390625,61.456015625,30.1171875,17.1484375,0.0064218750000000005,179.29
730,EV_106,DR805018_17,0,128,0.4440354194469607,0.23469071452319012,False,364.4590390625,45.93359375,54.03609375,30.6171875,1961.875,4.05125,4.14375,51.50046875,56.47296875,30.0390625,15.8984375,0.0062890625,173.9
731,EV_108,DR424318_17,0,128,0.4440354194469607,0.14043028475891461,False,367.07271875,54.58203125,42.83890625,28.703125,1824.6875,4.0982578125,4.14465625,57.433437500000004,59.467734375,32.34375,15.3125,0.005703125,183.46
732,EV_108,DR424318_14,0,128,0.4440354194469607,0.1740198114793759,False,382.002203125,43.265625,47.63796875,27.2734375,1582.4140625,4.1062890625,4.14696875,56.2396875,57.680390625,28.4140625,16.5234375,0.006296875,183.46
733,EV_109,DR770601_12,0,127,0.4440354194469607,0.16881338756907605,False,382.3349133858268,43.681102362204726,59.19622047244095,30.69291338582677,1999.2125984251968,4.086086614173229,4.145527559055118,57.48811023622047,60.250787401574804,31.283464566929133,16.37795275590551,0.006346456692913385,179.24
734,EV_109,DR770601_15,0,128,0.4440354194469607,0.19551781477000496,False,372.1729140625,42.378125,53.39109375,28.921875,1865.46875,4.08309375,4.1439609375,53.36796875,56.237890625,30.34375,19.7265625,0.006296875,179.24
735,EV_109,DR219828_26,0,128,0.4440354194469607,0.14213364579155957,False,364.682078125,52.5859375,41.1215625,28.9296875,1875.15625,4.0785546875,4.145484375,55.921171875,57.261796875,31.7578125,18.0859375,0.0069609375,179.12
736,EV_110,DR412770_12,0,128,0.4440354194469607,0.21026195013507604,False,356.2773515625,51.5078125,32.141328125,31.7265625,2038.046875,4.035390625,4.1448046875,56.938125,60.190625,31.421875,18.6328125,0.0068203125,181.09
737,EV_109,DR568924_13,0,128,0.4440354194469607,0.13912005785766504,False,373.5155703125,50.87890625,43.52328125,32.16796875,2164.140625,4.0989375,4.1471171875,58.517890625,60.183515625,34.84375,14.625,0.00634375,179.32
738,EV_108,DR624372_24,0,128,0.4440354194469607,0.16597050984995113,False,372.6167890625,35.828125,48.9909375,28.2109375,1766.5625,4.1043046875,4.146671875,58.971875,60.874921875,28.1640625,15.390625,0.006265625,182.02
739,EV_106,DR558126_22,0,128,0.4440354194469607,0.23999670861411312,False,371.849796875,46.43359375,53.194921875,26.5234375,1696.171875,4.0741640625,4.1389375,53.208125,55.675390625,31.546875,17.0703125,0.005140625,173.9
740,EV_110,DR436096_33,0,128,0.4440354194469607,0.16697573394988802,False,369.7472421875,37.19765625,41.903515625,28.61328125,1817.1328125,3.9813984374999998,4.14109375,56.74875,58.502890625,27.9453125,20.46875,0.0067734375,181.09
741,EV_106,DR558126_20,0,128,0.4440354194469607,0.19496674095593075,False,373.1352109375,38.1421875,56.782265625,26.86875,1738.515625,4.065390625,4.1402734375,58.802265625,60.39171875,30.015625,18.3984375,0.007171875,173.9
742,EV_109,DR549817_12,0,128,0.4440354194469607,0.16599293287019715,False,374.9447421875,43.5140625,50.869453125,26.78125,1747.96875,4.0804765625,4.1426484375,53.006875,55.382578125,29.703125,16.9921875,0.00475,179.29
743,EV_109,DR549817_13,0,128,0.4440354194469607,0.09667521504976527,False,369.8613515625,47.23203125,49.088203125,30.0390625,1943.359375,4.0904296875,4.1450859375,60.472265625,62.688046875,33.5078125,17.9296875,0.00721875,179.29
744,EV_106,DR558126_27,0,128,0.4440354194469607,0.1935314551699574,False,380.281625,49.05859375,44.6546875,27.7578125,1767.03125,4.1343125,4.19646875,58.14375,59.723515625,30.1796875,15.703125,0.005875,173.9
745,EV_109,DR549817_15,0,128,0.4440354194469607,0.11269977563612135,False,375.057625,41.453125,45.486171875,29.9921875,1892.890625,4.0830546875,4.1442109375,57.146015625,59.22875,31.2421875,16.2265625,0.0068671875,179.29
746,EV_110,DR104166_27,0,128,0.4440354194469607,0.13115136949917383,False,363.512953125,50.2890625,39.35671875,30.203125,1954.0625,4.08390625,4.14609375,58.1265625,60.500078125,31.8359375,17.2265625,0.00696875,181.09
747,EV_108,DR380742_21,0,128,0.4440354194469607,0.09891959549421658,False,368.4871484375,52.2265625,47.285703125,31.14453125,2026.5625,4.08759375,4.14240625,60.60328125,62.503828125,30.7734375,18.1015625,0.00559375,181.95
748,EV_109,DR219828_29,0,128,0.4440354194469607,0.1566863603226953,False,360.48884375,40.040625,34.721953125,29.5625,1897.265625,4.07078125,4.138671875,58.177890625,62.43703125,29.8125,18.2421875,0.0069921875,179.12
749,EV_110,DR436096_27,0,128,0.4440354194469607,0.15360148897879972,False,374.513359375,44.84140625,53.442890625,29.046875,1772.890625,4.088390625,4.14559375,54.4478125,58.390859375,29.078125,14.46875,0.0064140625,181.09
750,EV_110,DR393518_27,0,128,0.4440354194469607,0.17338155605871605,False,375.8064296875,54.0625,36.753984375,32.75,2116.640625,3.966015625,4.141640625,59.766484375,62.466328125,34.4296875,15.46875,0.0056171875,181.09
751,EV_101,DR141978_17,0,128,0.4440354194469607,0.23043515155722902,False,367.862125,51.59765625,54.919609375,29.80078125,1907.421875,4.087578125,4.1463359375,62.69109375,63.948828125,31.7578125,13.6015625,0.004921875,186.34
752,EV_109,DR524455_27,0,128,0.4440354194469607,0.09173328755917169,False,369.6095078125,44.546875,47.165078125,28.96875,1835.5390625,4.0806484375,4.143390625,61.237109375,62.766015625,30.7265625,17.265625,0.0065,179.19
753,EV_107,DR862144_20,0,128,0.4440354194469607,0.28788715496413436,False,354.8991953125,42.2921875,29.033125,29.53515625,1769.921875,4.0330859375,4.14296875,60.417265625,63.511484375,30.65625,20.2734375,0.00753125,176.27
754,EV_106,DR805018_23,0,128,0.4440354194469607,0.2030012504924376,False,372.998,39.3359375,39.588125,27.2109375,1810.15625,4.10490625,4.145015625,56.6590625,58.478515625,30.6484375,17.3828125,0.00725,173.9
755,EV_102,DR132061_7,0,128,0.4389702510561683,0.14673216245333365,False,378.6970390625,51.8984375,89.042734375,32.609375,2061.0546875,4.0973203125,4.1467734375,47.068203125,50.67390625,32.328125,16.9921875,0.0062890624999999995,193.57
756,EV_108,DR380742_7,0,128,0.4389702510561683,0.23509128910686086,False,380.9482734375,48.05078125,89.30453125,30.90625,2066.796875,4.094875,4.1466484375,42.327890625,44.50609375,32.0078125,14.046875,0.004421875,181.95
757,EV_102,DR132061_14,0,128,0.4389702510561683,0.2241830898797505,False,391.2250390625,48.95703125,75.161640625,29.890625,1936.5625,4.10715625,4.145203125,49.47390625,51.635546875,31.421875,14.4453125,0.004828125,193.57
758,EV_101,DR156863_8,0,128,0.4389702510561683,0.1322404757401395,False,387.5551875,42.63671875,87.13015625,30.3828125,2062.03125,4.0964140625,4.14640625,48.156171875,51.457109375,30.0625,16.8125,0.005859375,186.45
759,EV_102,DR454207_4,0,128,0.4389702510561683,0.223627152395342,False,387.4890078125,47.2546875,88.313828125,28.1328125,1813.90625,3.9309453125,3.98546875,41.2840625,43.760625,29.4453125,15.953125,0.0058984375,193.65
760,EV_102,DR132061_10,0,128,0.4389702510561683,0.15076452719175762,False,383.4700625,42.296875,83.846953125,30.375,1950.1953125,4.1195546875,4.1576484375,43.660703125,45.49359375,27.625,16.9921875,0.0074375,193.57
761,EV_102,DR463078_8,0,128,0.4389702510561683,0.15049663492505988,False,384.0306484375,41.71484375,87.47828125,25.953125,1640.6953125,4.109875,4.1476796875,48.38515625,50.4559375,28.203125,16.640625,0.0057109375,193.73
762,EV_105,DR314668_7,0,128,0.4268020400022783,0.3212963091322545,False,329.1402109375,94.909375,84.027109375,112.965625,4518.90625,3.9016796875,4.16696875,54.308984375,55.93125,45.09375,3.6953125,0.0115625,194.98
763,EV_103,DR173144_21,0,128,0.4268020400022783,0.18900545278137415,False,341.966375,90.078125,56.6065625,110.4015625,5520.078125,3.913375,4.214703125,54.5503125,56.13578125,39.703125,3.0234375,0.010781250000000001,195.72
764,EV_105,DR692730_14,0,128,0.4268020400022783,0.23479256049873376,False,339.5798671875,97.72421875,56.0609375,111.92109375,4999.7421875,3.8423828125,4.1498984375,63.065625,63.23828125,45.4375,4.1640625,0.013984375,195.09
765,EV_103,DR993039_21,0,128,0.4268020400022783,0.21936050069325375,False,339.342421875,99.48515625,49.9434375,114.3453125,5145.453125,4.011953125,4.1904296875,55.972265625,58.038671875,45.640625,3.734375,0.0140625,195.77
766,EV_103,DR993039_10,0,128,0.4268020400022783,0.32416308222784185,False,356.35115625,104.86015625,81.502578125,114.978125,5594.8515625,4.1285546875,4.2145,52.689375,55.35484375,48.40234375,3.9609375,0.0121875,195.77
767,EV_104,DR667059_8,0,128,0.4268020400022783,0.2858677819715405,False,338.31371875,98.48359375,72.768125,114.80078125,6489.0625,3.93303125,4.1614140625,58.38984375,60.14296875,41.234375,2.890625,0.010609375,202.74
768,EV_103,DR173144_24,0,128,0.4268020400022783,0.24477866303850443,False,349.4383828125,94.26015625,48.470703125,109.58203125,5479.1015625,3.7218203125,4.1857109375,63.701171875,63.89453125,45.8203125,4.1328125,0.013046875,195.72
769,EV_102,DR463078_22,0,128,0.4268020400022783,0.26576956399098417,False,352.51096875,97.4890625,52.8265625,103.971875,4158.875,4.05453125,4.1359140625,54.512734375,58.332187499999996,52.21875,2.421875,0.008203125,193.73
770,EV_105,DR277200_12,0,128,0.4268020400022783,0.30454870101491943,False,344.7468515625,75.13671875,43.6328125,110.70078125,4633.2421875,4.0990078125,4.2793359375,57.786171875,59.317109375,38.25,4.40625,0.01515625,195.13
771,EV_106,RC173329_1,1,128,0.4261204144074742,0.48140281202780943,False,348.6660390625,-26.87734375,32.17234375,0.0,0.0,3.3754765625,3.62459375,20.347546875,24.6354921875,0.0,0.0,0.0,172.94
772,EV_106,RC105318_1,1,128,0.4261204144074742,0.6210546758095996,False,340.664453125,-26.165625,23.7328125,0.0,0.0,3.4241015625,3.49465625,22.946015625,25.88515625,0.0,0.0,0.0,165.07
773,EV_110,RC801890_1,1,128,0.4261204144074742,0.38904857447772795,False,354.2798828125,-21.97265625,24.721796875,0.0,0.0,3.451984375,3.541984375,22.845171875,25.6626875,0.0,0.0,0.0,181.09
774,EV_104,DR583457_1,0,256,0.41072252149763133,0.2507395106883679,False,380.4486328125,34.53984375,71.5544921875,28.384765625,2582.03125,4.0107578125,4.03344921875,39.5162109375,43.1750390625,27.90625,21.75,0.0019609375,202.74
775,EV_105,DR776635_1,0,256,0.41072252149763133,0.3301355815326534,False,388.862046875,43.714453125,69.7731640625,24.96875,1958.1640625,4.03255859375,4.068546875,37.19109375,41.1070703125,25.611328125,33.50390625,0.0018359375,195.42
776,EV_104,DR583457_4,0,293,0.41072252149763133,0.28687978881095494,False,374.82299658703073,36.7419795221843,61.53150170648464,22.56655290102389,1932.2525597269625,3.9301058020477813,3.9569215017064843,47.629692832764505,55.80419795221843,26.368600682593858,39.176791808873716,0.001143344709897611,202.74
777,EV_104,DR583457_2,0,256,0.41072252149763133,0.18099162211573802,False,369.7546875,33.29921875,70.5075390625,21.30859375,1838.7109375,4.0344999999999995,4.0534140625,40.948515625,45.9044140625,25.88671875,35.392578125,0.00333203125,202.74
778,EV_105,DR776635_4,0,256,0.41072252149763133,0.41577548666404657,False,371.49835546875,29.690625,60.5109375,20.0390625,1759.51953125,4.02640234375,4.051578125,44.0202734375,51.5081640625,20.68359375,49.3046875,0.001171875,195.42
779,EV_101,RC722912_2,1,128,0.4059385403535838,0.6252000991742612,False,441.06292187500003,-1.79140625,76.5715625,0.0,0.0,4.1960390625,4.2168359375,61.26015625,61.75078125,0.0,0.0,0.0,186.45
780,EV_102,RC402318_5,1,128,0.4059385403535838,0.4681744534081633,False,388.1575703125,-28.13125,54.97734375,0.0,0.0,3.9152734375000002,3.9351015625,50.179921875,52.55125,0.0,0.0,0.0,193.57
781,EV_102,RC402318_6,1,128,0.4059385403535838,0.2938255396523905,False,435.1605625,-11.6609375,68.937734375,0.0,0.0,4.3508984375,4.3535390625,57.937265625,60.1484375,0.0,0.0,0.0,193.57
782,EV_102,RC419723_4,1,128,0.4059385403535838,0.3579689772438086,False,434.2903203125,-105.45390625,65.96640625,0.0,0.0,4.3309375,4.38453125,46.1525,50.778671875,0.0,0.0,0.0,193.8
783,EV_102,RC419723_2,1,128,0.4059385403535838,0.41821623671853525,False,403.408203125,-164.28359375,44.388828125,0.0,0.0,4.157265625,4.260078125,64.3890625,65.0,0.0,0.0,0.0,193.8
784,EV_105,RC563200_1,1,128,0.4059385403535838,0.6506477947530942,False,427.805984375,-250.2921875,35.02421875,0.0,0.0,4.391875000000001,4.405859375,60.9140625,61.84765625,0.0,0.0,0.0,194.98
785,EV_110,DR436096_1,0,128,0.39634143831065805,0.19743956640343593,False,389.7471640625,35.27421875,99.12703125,28.7265625,1808.984375,4.0003125,4.0978125,43.613828125,45.98578125,29.7265625,19.53125,0.0071640625,181.09
786,EV_109,DR219828_8,0,128,0.39634143831065805,0.3581695076893262,False,386.6208046875,38.259375,87.002265625,27.875,1803.609375,4.248828125,4.325390625,44.87296875,47.373671875,28.703125,19.4140625,0.0073515625,179.12
787,EV_106,DR558126_7,0,128,0.39634143831065805,0.23362525594967865,False,390.5773359375,38.8515625,80.538203125,28.1484375,1803.984375,3.961953125,4.04984375,38.661953125,39.4978125,28.75,18.1015625,0.0067578125,173.9
788,EV_109,DR219828_9,0,128,0.39634143831065805,0.34833873214833905,False,379.8542421875,55.303125,85.175,30.5234375,2051.640625,4.217078125,4.27278125,50.18515625,52.7790625,32.3359375,17.5,0.00684375,179.12
789,EV_109,DR219828_1,0,128,0.39634143831065805,0.4757297663014855,False,387.395921875,42.05390625,98.9434375,27.71484375,1808.203125,3.43921875,3.5757578125,34.107578125,37.098203125,31.8984375,19.53125,0.0071640625,179.12
790,EV_106,DR402462_1,0,128,0.39634143831065805,0.3434130820674047,False,387.329953125,44.37265625,96.6421875,27.54375,1758.828125,3.9784609375,4.0624921875,31.995,36.51203125,29.4609375,18.203125,0.0072812499999999995,173.9
791,EV_110,DR436096_7,0,128,0.39634143831065805,0.19511868163307763,False,382.8343984375,45.6,88.500078125,28.15234375,1902.2265625,3.7416953125,3.920046875,41.21671875,43.464765625,28.8203125,16.1328125,0.0051953125,181.09
792,EV_110,DR393518_1,0,128,0.39634143831065805,0.2730433883572356,False,387.6622421875,45.51484375,99.1690625,30.3609375,1944.84375,3.537734375,4.0803125,48.60609375,50.086484375,31.2890625,18.671875,0.006546875,181.09
793,EV_110,DR393518_10,0,128,0.39634143831065805,0.4297734913769664,False,383.17625,43.47265625,73.972421875,31.23828125,1900.78125,3.585859375,3.930625,41.898828125,42.964765625,32.2109375,16.953125,0.0043984375,181.09
794,EV_110,DR104166_4,0,128,0.39634143831065805,0.18147317897365436,False,386.4280859375,47.0703125,89.41734375,32.99609375,2204.296875,4.001015625,4.134921875,41.616953125,44.0803125,31.6953125,17.2109375,0.0070546875,181.09
795,EV_110,DR824332_13,0,128,0.39634143831065805,0.2775497045667412,False,384.2353359375,34.07578125,63.62140625,27.98984375,1840.625,3.960078125,4.0872734375,43.79609375,45.35984375,31.125,16.5234375,0.0060625,181.09
796,EV_106,DR805018_2,0,128,0.39634143831065805,0.3985113035601585,False,382.492953125,51.5390625,85.476953125,26.125,1705.3125,3.847984375,4.1415859375,44.9928125,47.074375,30.9609375,17.6171875,0.0018375,173.9
797,EV_110,DR436096_8,0,128,0.39634143831065805,0.24707709087331353,False,379.4727890625,45.82578125,86.85015625,33.078125,2138.0859375,3.860859375,4.10234375,49.450078125,52.038515625,33.5859375,15.5078125,0.0071953125,181.09
798,EV_110,DR824332_7,0,128,0.39634143831065805,0.2249684543028496,False,386.8701875,46.80078125,77.350234375,30.8203125,2029.6875,3.91046875,3.994859375,49.831953125,51.19890625,31.671875,17.3828125,0.005890625,181.09
799,EV_106,DR805018_1,0,128,0.39634143831065805,0.4967900983369486,False,391.1362109375,44.6265625,87.359140625,30.371875,2031.25,3.518828125,3.8285703125,36.41921875,37.761328125,32.8515625,17.109375,0.00080546875,173.9
800,EV_109,DR219828_2,0,128,0.39634143831065805,0.27607134146522105,False,374.2649609375,51.5484375,97.22984375,32.12109375,2074.84375,3.6927734375,3.95921875,43.12078125,46.66703125,33.3515625,16.875,0.006703125,179.12
801,EV_108,DR380742_1,0,128,0.39634143831065805,0.2718817819699118,False,391.080453125,37.5984375,99.33203125,29.2578125,1894.3046875,3.7293203125,3.802421875,44.606796875,48.228671875,29.1484375,16.71875,0.0052578125,181.95
802,EV_109,DR770601_1,0,128,0.39634143831065805,0.18116493942116782,False,382.8536640625,43.59765625,83.50875,26.3671875,1774.375,3.978296875,4.040828125,45.272890625,47.46484375,28.2734375,15.625,0.00671875,179.24
803,EV_102,RC207535_1,1,128,0.3854495783929662,0.4541123617288242,False,433.9431640625,-238.15703125,46.796328125,0.0,0.0,3.877296875,4.057140625,51.0609375,53.2390625,0.0,0.0,0.0,193.73
804,EV_107,RC390377_1,1,128,0.3854495783929662,0.6225114432053984,False,434.7465078125,-67.403125,55.50390625,0.0,0.0,4.328640625,4.3525703125,54.7703125,57.0734375,0.0,0.0,0.0,176.22
805,EV_104,RC933646_1,1,128,0.3854495783929662,0.41671827337559614,False,436.6842734375,-55.36640625,57.002734375,0.0,0.0,4.3492421875,4.3664140625,49.85078125,53.04140625,0.0,0.0,0.0,202.74
806,EV_104,RC451289_1,1,128,0.3854495783929662,0.35618152995443,False,438.2524140625,-124.2703125,47.79640625,0.0,0.0,4.3742578125,4.389453125,54.3984375,56.70859375,0.0,0.0,0.0,202.74
807,EV_110,RC948499_1,1,128,0.3854495783929662,0.3741759090899936,False,421.2382734375,-185.6453125,50.292265625,0.0,0.0,4.05328125,4.23240625,52.2953125,54.7,0.0,0.0,0.0,181.09
808,EV_108,RC542818_1,1,128,0.3854495783929662,0.3605378162682282,False,427.7213125,-94.8859375,51.70484375,0.0,0.0,4.264453125,4.31103125,53.71796875,58.65234375,0.0,0.0,0.0,182.02
809,EV_101,RC722912_1,1,128,0.3854495783929662,0.37685480984647,False,433.87046875,-95.23515625,42.23890625,0.0,0.0,3.937125,3.9589921875,48.64375,52.66171875,0.0,0.0,0.0,186.45
810,EV_109,RC318657_1,1,128,0.3854495783929662,0.6238502300229215,False,425.3435625,-133.8609375,48.75109375,0.0,0.0,4.326484375,4.403140625,56.3765625,58.1703125,0.0,0.0,0.0,179.12
811,EV_103,RC565709_1,1,128,0.3854495783929662,0.3905428570159108,False,438.093828125,-68.52265625,38.87296875,0.0,0.0,4.3075703125,4.341984375,53.5640625,56.1890625,0.0,0.0,0.0,195.72
812,EV_109,RC872449_1,1,128,0.3854495783929662,0.4385023037103614,False,430.3728984375,-89.7046875,46.398203125,0.0,0.0,4.24696875,4.3076875,53.084375,56.15703125,0.0,0.0,0.0,179.19
813,EV_102,RC994147_1,1,128,0.3854495783929662,0.3834571884146802,False,436.3391796875,-147.2859375,61.2128125,0.0,0.0,4.351171875,4.374765625,52.8953125,55.115625,0.0,0.0,0.0,193.8
814,EV_103,RC175776_1,1,128,0.3854495783929662,0.3168981616479367,False,421.9173046875,-136.83046875,57.14609375,0.0,0.0,4.2576015625,4.356984375,54.315625,56.14140625,0.0,0.0,0.0,195.77
815,EV_102,DR132061_26,0,128,0.37878464575609483,0.26508758163837665,False,341.345625,89.40859375,52.348125,112.384375,4555.03125,4.0067734375,4.2369453125000005,62.290703125,63.333359375,45.0,2.85546875,0.009546875,193.57
816,EV_104,DR650597_28,0,128,0.37878464575609483,0.3102685754393966,False,337.937,104.00546875,43.571953125,112.5375,4636.09375,4.0900703125,4.1741953125,64.991484375,64.99453125,60.984375,1.6015625,0.004921875,202.74
817,EV_102,DR463078_27,0,128,0.37878464575609483,0.18329419557622897,False,307.2146640625,78.45546875,38.5515625,110.8,4432.0,3.926171875,4.2443203125,65.0,65.0,47.40234375,2.7109375,0.0096875,193.73
818,EV_105,DR314668_25,0,128,0.37878464575609483,0.23301020677618794,False,349.337015625,109.1953125,41.35703125,116.871875,4976.375,4.0829609375,4.17665625,64.96671875,64.9771875,53.4296875,2.9921875,0.007734375,194.98
819,EV_104,DR239202_15,0,128,0.37878464575609483,0.2933570745119594,False,323.0473125,102.74609375,53.37140625,112.03125,4481.265625,3.517265625,4.32109375,65.0,65.0,45.8828125,2.78125,0.009765625,202.74
820,EV_105,DR277200_13,0,128,0.37878464575609483,0.16250129705326505,False,330.8671015625,88.6671875,41.710546875,110.51875,4606.09375,4.0786171875,4.32834375,65.0,65.0,43.359375,2.2734375,0.01,195.13
821,EV_105,DR962985_28,0,128,0.37878464575609483,0.2015498050446697,False,342.71934375,124.17265625,43.303125,113.415625,5191.8046875,3.8419921875,4.1447265625,64.63125,64.90234375,57.4375,2.25,0.007890625,194.88
822,EV_102,DR132061_35,0,128,0.37878464575609483,0.24384993668436092,False,331.1195,99.9296875,30.8084375,111.834375,4473.375,4.0537890625,4.236328125,64.021328125,64.57203125,51.2265625,1.7265625,0.0064843750000000006,193.57
823,EV_105,DR692730_20,0,128,0.37878464575609483,0.21947945161549498,False,324.4108125,93.303125,42.7209375,111.96015625,4953.2109375,3.4824375,4.16703125,64.240078125,64.823046875,44.25,3.75,0.009296875,195.09
824,EV_105,DR692730_21,0,128,0.37878464575609483,0.2581867593236933,False,314.667375,101.47578125,40.269296875,113.765625,5047.3671875,3.442421875,4.1841953125,65.0,65.0,43.5546875,3.03125,0.012812500000000001,195.09
825,EV_104,RC853792_1,1,128,0.3770809159954392,0.48993183084039504,False,388.301515625,-160.90234375,69.54171875,0.0,0.0,3.751296875,3.767875,42.04453125,46.441015625,0.0,0.0,0.0,202.74
826,EV_104,RC470357_1,1,128,0.3770809159954392,0.746610998551516,False,354.78503125,-218.27578125,43.951953125,0.0,0.0,3.5236328125,3.6034765625,44.144765625,47.592109375,0.0,0.0,0.0,202.74
827,EV_109,RC661710_1,1,128,0.3770809159954392,0.47579804057886055,False,378.1209609375,-172.103125,68.11828125,0.0,0.0,3.6470859375,3.7285,42.282421875,47.915859375,0.0,0.0,0.0,180.22
828,EV_110,RC444453_1,1,128,0.3770809159954392,0.517752626990508,False,380.361640625,-174.7640625,66.909765625,0.0,0.0,3.5661328125,3.60603125,44.310390625,49.044609375,0.0,0.0,0.0,181.09
829,EV_109,RC255163_1,1,116,0.3770809159954392,0.6384306967079806,False,364.0136120689655,-206.46724137931034,45.019999999999996,0.0,0.0,3.6379310344827585,3.7065517241379307,42.16362068965517,46.82672413793103,0.0,0.0,0.0,179.32
830,EV_105,RC246896_1,1,128,0.3770809159954392,0.39550770182111267,False,417.4638125,-184.625,58.352265625,0.0,0.0,3.7949921875,3.8409453125,45.325390625,50.99765625,0.0,0.0,0.0,195.42
831,EV_105,DR314668_32,0,128,0.3756460848234721,0.26072809555084947,False,351.3027734375,38.33515625,18.943359375,30.8671875,2147.421875,3.791640625,4.13890625,59.72296875,62.04140625,29.859375,17.7734375,0.008203125,194.98
832,EV_102,DR132061_32,0,128,0.3756460848234721,0.191021239485441,False,370.94246875,54.5546875,40.07109375,30.4453125,2131.015625,4.1046875,4.146078125,59.32109375,61.22125,33.4609375,16.640625,0.006546875,193.57
833,EV_105,DR314668_31,0,128,0.3756460848234721,0.2699147616192625,False,342.9176484375,42.946875,20.645625,31.603125,1945.2734375,3.7559375,4.1499765625,51.239140625,53.339140625,32.265625,17.4609375,0.00515625,194.98
834,EV_105,DR692730_29,0,128,0.3756460848234721,0.326233994835468,False,350.7967421875,48.40078125,17.5903125,30.1171875,1958.984375,3.397421875,4.1393359375,58.83234375,60.792109375,31.90625,15.703125,0.0063593750000000004,195.09
835,EV_105,DR277200_16,0,128,0.3756460848234721,0.17765372715869238,False,376.2202578125,46.33984375,35.597421875,28.28515625,1867.3359375,3.7146875,4.1450390625,55.76640625,59.16953125,31.578125,17.734375,0.005703125,195.13
836,EV_102,DR132061_38,0,128,0.3756460848234721,0.1570488898497241,False,350.1451015625,44.43203125,24.482734375,27.97421875,1773.703125,3.8136328125,4.1416015625,52.89609375,55.762109375,30.46875,17.6171875,0.0075,193.57
837,EV_102,DR463078_33,0,128,0.3756460848234721,0.1975606683586525,False,354.3815625,31.97265625,26.860546875,26.609375,1741.953125,4.108875,4.1474765625000005,57.92578125,60.501171875,27.234375,17.3828125,0.0063828125,193.73
838,EV_102,DR132061_39,0,128,0.3756460848234721,0.21658335037650672,False,359.89615625,46.6328125,22.360859375,31.2890625,2051.328125,4.0261328125,4.1413671875,61.356328125,63.1121875,32.4765625,16.015625,0.0070859375,193.57
839,EV_102,DR253130_6,0,128,0.3756460848234721,0.12677109573394937,False,370.086828125,48.28125,33.69296875,31.15625,2046.484375,4.011328125,4.142890625,55.6103125,56.818046875,31.859375,16.96875,0.007671875,193.8
840,EV_102,DR463078_30,0,128,0.3756460848234721,0.20662644116648762,False,374.0922890625,52.71484375,32.16171875,29.9296875,2045.078125,4.00134375,4.1402734375,60.8890625,63.199609375,33.796875,17.3046875,0.0066484375,193.73
841,EV_102,DR253130_4,0,128,0.3756460848234721,0.2516279490988468,False,364.347578125,39.3671875,38.04046875,29.109375,2016.015625,3.5033359375,4.1416015625,56.589296875,59.878671875,30.734375,16.6796875,0.007265625,193.8
842,EV_102,DR463078_29,0,128,0.3756460848234721,0.1599365306631317,False,365.2398046875,38.74609375,34.03390625,31.15625,1999.609375,4.030390625,4.1448046875,54.60796875,59.109921875,29.390625,15.5859375,0.00475,193.73
843,EV_102,DR463078_32,0,128,0.3756460848234721,0.19553426558416379,False,362.677234375,59.9546875,28.612890625,32.6484375,2065.78125,4.066484375,4.14421875,48.36328125,50.188828125,33.3828125,14.921875,0.0062578125,193.73
844,EV_066,DR101229_9,0,128,0.37105105709251546,0.2185634368094641,False,390.3625,57.2421875,77.715625,28.69296875,1939.6875,4.056125,4.126109375,51.12203125,52.44859375,32.4140625,7.6171875,0.000215625,193.72
845,EV_106,DR805018_20,0,128,0.37053456677075886,0.24830007526883674,False,330.2797421875,83.16640625,47.374609375,107.5734375,4303.0625,4.0614140625,4.2265859375,64.99765625,65.0,50.14765625,0.765625,0.0032812500000000003,173.9
846,EV_109,DR524455_28,0,128,0.37053456677075886,0.23464965251318487,False,360.9913515625,128.3578125,44.960546875,105.384375,5269.21875,4.0713984375,4.164,64.9990625,65.0,60.6484375,1.484375,0.003671875,179.19
847,EV_108,DR380742_17,0,128,0.37053456677075886,0.17923030509670682,False,330.412828125,99.81015625,56.613437499999996,110.528125,5525.0390625,3.9840546875,4.2828828125,64.999609375,65.0,45.8671875,0.484375,0.0023437500000000003,181.95
848,EV_110,DR393518_21,0,128,0.37053456677075886,0.18050636461991684,False,328.00775,101.7625,52.379765625,101.6203125,5081.015625,4.0164375,4.2051171875,64.998671875,65.0,55.390625,0.765625,0.002578125,181.09
849,EV_110,DR436096_36,0,128,0.37053456677075886,0.33432645932668364,False,329.3617578125,113.5921875,33.402578125,106.51796875,6391.21875,4.0305078125,4.217578125,64.995390625,65.0,40.55859375,0.3671875,0.00140625,181.09
850,EV_109,DR770601_16,0,128,0.37053456677075886,0.3021135914047161,False,373.4554453125,105.94609375,51.566875,104.88828125,4195.6875,4.100875,4.1702109375,63.483359375,64.623828125,40.921875,0.09375,0.000390625,179.24
851,EV_101,DR141978_20,0,128,0.37053456677075886,0.20217462400467223,False,341.31739062500003,88.325,47.568359375,104.5890625,4713.4765625,4.1027734375,4.2810859375,65.0,65.0,46.15625,0.8515625,0.0019921875,186.34
852,EV_106,DR402462_16,0,128,0.37053456677075886,0.277604804674268,False,323.42521875,115.17265625,50.215078125,110.96015625,5547.890625,3.6858203125,4.183109375,65.0,65.0,46.4765625,1.21875,0.0032031250000000002,173.9
853,EV_106,DR402462_17,0,128,0.37053456677075886,0.28670104868777324,False,329.8473125,113.7859375,47.8446875,107.18671875,5359.3359375,3.6671640625,4.178734375,64.999453125,65.0,47.375,0.859375,0.0015625,173.9
854,EV_108,DR624372_19,0,128,0.37053456677075886,0.30451881159280925,False,370.5693828125,131.64453125,60.10734375,109.17109375,4367.015625,4.070421875,4.17325,64.9353125,64.9925,61.3515625,0.9375,0.001875,182.02
855,EV_108,DR624372_25,0,128,0.37053456677075886,0.18329928643133805,False,366.94946875,116.5703125,46.970546875,109.96875,4943.8515625,4.0946640625,4.16203125,64.567265625,64.983046875,49.6953125,1.015625,0.003046875,182.02
856,EV_110,DR393518_15,0,128,0.37053456677075886,0.273104790012749,False,329.92146875,90.21796875,64.554296875,108.503125,5425.2734375,4.006328125,4.44459375,64.528828125,64.7728125,47.12109375,1.1640625,0.003125,181.09
857,EV_110,DR104166_19,0,128,0.37053456677075886,0.3142323462794677,False,310.5560234375,87.67265625,57.73578125,111.76640625,5032.140625,4.1358671875,4.442765625,65.0,65.0,38.6640625,1.1953125,0.0029375,181.09
858,EV_110,DR104166_23,0,128,0.37053456677075886,0.4067764665607689,False,323.15276562500003,150.63515625,48.251640625,113.3703125,5101.8515625,4.016125,4.3912734375,64.999375,65.0,48.83203125,0.0,0.0,181.09
859,EV_108,DR380742_24,0,128,0.37053456677075886,0.35550118486424664,False,352.001515625,81.28515625,38.3615625,104.73828125,4189.578125,4.0736875,4.2069609375,64.80859375,65.0,40.8046875,0.0,0.0,181.95
860,EV_106,DR805018_3,0,128,0.3666867202054912,0.19393135228415426,False,393.55825,39.0484375,83.777734375,30.3671875,2011.71875,4.0776796875,4.1445,52.423125,55.48359375,30.375,16.6171875,0.0074375,173.9
861,EV_110,DR393518_17,0,128,0.3666867202054912,0.19977657923689013,False,378.4413515625,44.921875,60.807265625,32.40625,2047.09375,4.089015625,4.143921875,50.5703125,52.8425,31.4921875,16.25,0.0079765625,181.09
862,EV_110,DR393518_12,0,128,0.3666867202054912,0.18612685080079985,False,388.9901875,39.8046875,70.90453125,28.65625,1865.625,3.93984375,4.1390234375,58.014921875,60.636640625,28.828125,16.015625,0.0053515624999999995,181.09
863,EV_109,DR524455_16,0,128,0.3666867202054912,0.13774108026475965,False,381.5279765625,49.91875,67.735390625,31.7265625,1982.703125,4.068046875,4.140546875,56.90390625,59.66125,33.71875,16.8359375,0.007453125,179.19
864,EV_109,DR770601_5,0,128,0.3666867202054912,0.1353798813052902,False,389.6852890625,48.6328125,76.16015625,31.59375,2017.578125,4.09228125,4.1450078125,55.959453125,58.747890625,30.984375,15.9765625,0.006171875,179.24
865,EV_109,DR524455_14,0,128,0.3666867202054912,0.14121346251640823,False,379.4987421875,46.2109375,71.32375,32.828125,2220.9375,4.1042421875,4.1475234375,56.367578125,59.186484375,33.28125,16.953125,0.0073203125,179.19
866,EV_110,DR436096_18,0,128,0.3666867202054912,0.18447736485259172,False,389.77084375,50.4703125,69.34171875,25.48828125,1648.203125,4.1314765625,4.2153671875,52.99328125,54.177578125,28.3203125,16.7109375,0.0068671875,181.09
867,EV_110,DR824332_14,0,128,0.3666867202054912,0.16820626426915447,False,375.6526953125,37.5625,61.975546875,30.69921875,2009.21875,4.1155,4.1468203125,52.913515625,54.915859375,28.828125,16.5625,0.006796875,181.09
868,EV_109,DR524455_18,0,128,0.3666867202054912,0.14177364735468004,False,384.6092734375,45.12890625,63.99796875,29.2109375,1878.046875,4.062421875,4.144140625,51.944453125,53.294296875,30.359375,16.75,0.00509375,179.19
869,EV_109,DR524455_20,0,128,0.3666867202054912,0.20464538845761465,False,378.7633046875,56.5703125,60.567265625,32.625,2119.140625,4.1040703125,4.1456640625,52.95875,53.861796875,33.875,14.21875,0.00621875,179.19
870,EV_107,DR705506_12,0,128,0.3666867202054912,0.09341579517749923,False,380.7136875,45.99921875,68.70375,27.96875,1761.09375,4.065703125,4.141953125,56.413203125,57.513203125,30.6484375,17.6171875,0.0063359374999999996,176.22
871,EV_106,DR805018_7,0,128,0.3666867202054912,0.17031473295526253,False,380.0077265625,48.8984375,76.418828125,31.89453125,2119.140625,4.0703125,4.14203125,57.5484375,59.70578125,32.4140625,15.859375,0.0063046875,173.9
872,EV_106,DR805018_9,0,128,0.3666867202054912,0.14594168204244623,False,392.33034375,48.45625,72.651875,30.3671875,1971.875,4.1075859375,4.146109375,57.083984375,58.75140625,32.5703125,15.15625,0.0059453125,173.9
873,EV_110,DR824332_8,0,128,0.3666867202054912,0.1685689041282118,False,394.1291640625,46.32265625,75.510625,32.8125,2172.65625,4.09284375,4.1462421875,58.037578125,60.038046875,30.6484375,16.2265625,0.00559375,181.09
874,EV_110,DR104166_11,0,128,0.3666867202054912,0.12332425315177563,False,389.2305625,43.140625,73.529453125,31.2890625,2051.015625,4.071140625,4.143578125,52.06796875,54.42421875,31.7890625,17.3046875,0.006265625,181.09
875,EV_107,DR705506_14,0,128,0.3666867202054912,0.15516421074022718,False,376.2016328125,43.41796875,65.137890625,29.3203125,1897.421875,4.09640625,4.150546875,55.155234375,56.991796875,30.8515625,14.921875,0.0059921875,176.22
876,EV_109,DR770601_2,0,128,0.3666867202054912,0.21448112024897723,False,383.4071328125,51.16015625,81.576875,32.1640625,2264.84375,3.9115625,4.1410546875000005,53.810078125,56.05734375,31.6640625,17.1875,0.00640625,179.24
877,EV_107,DR139858_9,0,128,0.3666867202054912,0.3204244295864179,False,381.210296875,38.7265625,78.369140625,29.484375,1914.84375,3.364796875,4.14565625,57.294296875,58.9425,30.5859375,14.4296875,0.0064062500000000005,176.14
878,EV_109,DR524455_11,0,128,0.3666867202054912,0.13157620416197044,False,387.108375,43.73828125,76.21265625,30.40625,1964.453125,4.1023828125,4.146140625,57.1696875,59.650234375,30.578125,17.6953125,0.007234375,179.19
879,EV_106,DR558126_14,0,128,0.3666867202054912,0.16843083993643126,False,380.540171875,37.63671875,67.658671875,26.0234375,1780.625,4.1167421875,4.1451171874999995,57.666953125,59.647109375,27.640625,18.7109375,0.0061953125,173.9
880,EV_106,DR558126_11,0,128,0.3666867202054912,0.1642613313335757,False,384.27490625,45.27890625,72.95046875,24.9921875,1578.28125,4.11015625,4.1455078125,53.282421875,55.78171875,28.2265625,18.4375,0.0053125,173.9
881,EV_110,DR436096_12,0,128,0.3666867202054912,0.1386584401937556,False,387.6038984375,46.1125,79.61734375,28.51953125,1800.390625,4.0665390624999995,4.1421953125,54.866171875,57.34140625,30.2890625,17.6953125,0.0075,181.09
882,EV_110,DR104166_15,0,128,0.3666867202054912,0.2501474037950473,False,382.260609375,37.265625,66.5828125,29.3671875,1946.875,4.2780625,4.3914609375,53.3428125,55.16796875,29.1171875,16.6015625,0.006953125,181.09
883,EV_109,DR549817_8,0,128,0.3666867202054912,0.19090539754666394,False,372.3039453125,41.946875,57.87796875,29.8125,2048.3984375,4.08978125,4.1451953125,53.78390625,55.4140625,30.1171875,14.9609375,0.005578125,179.29
884,EV_108,DR624372_11,0,128,0.3666867202054912,0.17600962070106463,False,391.4169609375,40.12890625,75.707734375,27.0,1740.078125,4.107640625,4.1449765625,53.263671875,54.433671875,27.515625,15.7421875,0.0055703125,182.02
885,EV_107,DR139858_12,0,128,0.3666867202054912,0.20258704807039185,False,389.037921875,45.60546875,73.1209375,29.8671875,1942.578125,3.61,4.144140625,53.76984375,57.254609375,32.1484375,17.8671875,0.006734375,176.14
886,EV_107,DR139858_13,0,128,0.3666867202054912,0.31597878931476586,False,378.947,43.8671875,71.1903125,29.69140625,1910.15625,3.60890625,4.1428359375,60.760546875,62.547890625,29.3203125,18.984375,0.0075703125,176.14
887,EV_106,DR558126_9,0,128,0.3666867202054912,0.12740007536433462,False,386.6641796875,42.109375,76.284140625,27.125,1680.078125,4.073203125,4.14028125,55.69359375,57.9109375,31.421875,16.40625,0.0052578125,173.9
888,EV_106,DR805018_11,0,128,0.3666867202054912,0.17202687677589493,False,378.4931875,46.828125,68.741875,33.0234375,2122.65625,4.0935625,4.1454296875,56.22421875,57.720078125,32.6328125,17.4609375,0.0077578125,173.9
889,EV_109,DR524455_8,0,128,0.3666867202054912,0.14498649758019302,False,388.737875,36.90234375,81.242890625,26.3671875,1886.328125,4.116140625,4.145890625,55.534296875,57.19890625,27.8203125,16.3828125,0.00646875,179.19
890,EV_109,DR219828_12,0,128,0.3666867202054912,0.12736268582950883,False,384.0111328125,36.884375,79.811640625,28.296875,1895.15625,4.113546875,4.147625,54.141640625,56.773125,28.5546875,18.28125,0.0073203125,179.12
891,EV_106,DR558126_17,0,128,0.3666867202054912,0.2883695770308082,False,365.9024375,48.66015625,62.59265625,30.53125,1994.6875,4.173359375,4.28296875,57.239609375,59.875625,32.421875,16.4453125,0.0058515625,173.9
892,EV_107,DR139858_6,0,128,0.3666867202054912,0.3128534322645868,False,381.0060546875,45.19140625,83.8946875,30.9609375,2031.09375,3.396015625,4.1396875,53.73640625,57.14390625,30.1953125,16.1328125,0.006390625,176.14
893,EV_107,DR139858_15,0,128,0.3666867202054912,0.24979576010465482,False,378.19715625,55.57421875,67.56125,34.046875,2187.890625,3.57734375,4.13609375,58.60046875,60.92578125,31.765625,15.3125,0.005078125,176.14
894,EV_103,RC362968_16,1,128,0.36411659259592244,0.25287069295149883,False,443.5382421875,-0.96875,88.4990625,0.0,0.0,4.4431171875,4.445046875,49.404140625,50.227890625,0.0,0.0,0.0,197.17
895,EV_103,RC362968_15,1,93,0.36411659259592244,0.13240829730960404,False,444.50520430107525,-2.1032258064516127,78.36043010752688,0.0,0.0,4.4432580645161295,4.449,49.73967741935484,50.594301075268824,0.0,0.0,0.0,197.17
896,EV_104,RC554045_5,1,128,0.36411659259592244,0.18723458439426355,False,444.92503125,-2.178125,90.678046875,0.0,0.0,4.4488046875,4.4495078125,45.9893359375,48.0619140625,0.0,0.0,0.0,202.74
897,EV_104,RC451289_3,1,128,0.36411659259592244,0.17298561246299726,False,444.54296875,-9.41328125,82.767265625,0.0,0.0,4.43353828125,4.43781953125,55.1225,55.529375,0.0,0.0,0.0,202.74
898,EV_102,RC402318_17,1,128,0.36411659259592244,0.17641310690584536,False,444.764140625,-1.83046875,92.02570312499999,0.0,0.0,4.4478046875,4.449484375,54.617953125,54.912953125,0.0,0.0,0.0,193.57
899,EV_102,RC402318_15,1,128,0.36411659259592244,0.14169840671131573,False,444.8909296875,-2.69453125,89.265859375,0.0,0.0,4.445765625,4.449156250000001,50.3271875,50.583671875,0.0,0.0,0.0,193.57
900,EV_102,RC402318_14,1,128,0.36411659259592244,0.17007349165580396,False,444.9514375,-2.5046875,87.572890625,0.0,0.0,4.44870625,4.4499140625,47.7331953125,47.8943046875,0.0,0.0,0.0,193.57
901,EV_105,RC558082_17,1,128,0.36411659259592244,0.2212244215306671,False,444.8985078125,-2.10859375,95.827578125,0.0,0.0,4.448865625,4.449570312500001,49.861015625,60.621484375,0.0,0.0,0.0,195.09
902,EV_105,RC558082_16,1,128,0.36411659259592244,0.18860221037016192,False,444.9096640625,-1.81875,94.527578125,0.0,0.0,4.447875,4.449765625,46.506484375,57.68859375,0.0,0.0,0.0,195.09
903,EV_105,RC558082_15,1,128,0.36411659259592244,0.19691844020260163,False,444.9203671875,-1.75,93.170859375,0.0,0.0,4.44812265625,4.44990859375,52.5710625,55.273640625,0.0,0.0,0.0,195.09
904,EV_105,RC558082_14,1,128,0.36411659259592244,0.13157715916972235,False,444.8782890625,-1.9296875,91.957578125,0.0,0.0,4.4466796875000005,4.4491328125,51.9356640625,53.2437109375,0.0,0.0,0.0,195.09
905,EV_105,RC558082_13,1,128,0.36411659259592244,0.11449731599734393,False,444.9174296875,-1.84765625,90.754765625,0.0,0.0,4.41566953125,4.44369296875,49.59021875,50.884359375,0.0,0.0,0.0,195.09
906,EV_105,RC558082_12,1,128,0.36411659259592244,0.13618643569736702,False,444.7888359375,-2.05625,89.2359375,0.0,0.0,4.3697859375,4.412928125,47.504140625,48.79921875,0.0,0.0,0.0,195.09
907,EV_105,RC558082_11,1,128,0.36411659259592244,0.16107493771703185,False,444.897953125,-4.1921875,87.628125,0.0,0.0,4.3415703125,4.3844921875,45.514453125,46.7971875,0.0,0.0,0.0,195.09
908,EV_104,RC487807_8,1,128,0.36411659259592244,0.2165907191908799,False,444.9212578125,-3.7625,83.951484375,0.0,0.0,4.161034375,4.1860171875,48.000703125,49.69359375,0.0,0.0,0.0,202.74
909,EV_104,RC451289_4,1,128,0.36411659259592244,0.18105806329430066,False,444.726484375,-1.83203125,86.26859375,0.0,0.0,4.44603125,4.4486640625,56.079609375,56.5103125,0.0,0.0,0.0,202.74
910,EV_104,RC487807_9,1,128,0.36411659259592244,0.18156230694443148,False,444.679640625,-3.36015625,85.55640625,0.0,0.0,4.2092,4.2354796875,50.30209375,51.994046875,0.0,0.0,0.0,202.74
911,EV_105,RC558082_10,1,128,0.36411659259592244,0.21660269841542415,False,444.936,-2.86953125,86.121484375,0.0,0.0,4.2792703125,4.32005546875,43.345390625,44.627734375,0.0,0.0,0.0,195.09
912,EV_102,RC402318_13,1,128,0.36411659259592244,0.19578018770726263,False,444.913984375,-3.628125,85.744921875,0.0,0.0,4.3773609375,4.39753828125,45.7663984375,45.8961640625,0.0,0.0,0.0,193.57
913,EV_102,RC402318_16,0,128,0.36411659259592244,0.15484473853243405,False,444.8963203125,-1.7265625,90.776328125,0.0,0.0,4.4480625,4.449442968750001,53.045,53.343828125,0.0,0.0,0.0,193.57
914,EV_104,RC933646_2,1,128,0.36411659259592244,0.29820552801933126,False,444.7948515625,-19.91640625,73.54265625,0.0,0.0,4.4375937500000004,4.448984375,48.43515625,51.38125,0.0,0.0,0.0,202.74
915,EV_104,RC554045_4,1,128,0.36411659259592244,0.20572799323804333,False,444.912796875,-4.04140625,89.100703125,0.0,0.0,4.447490625,4.449578125,44.61359375,46.71453125,0.0,0.0,0.0,202.74
916,EV_104,RC451289_2,1,128,0.36411659259592244,0.2342791444723407,False,443.1053125,-1.18359375,78.194921875,0.0,0.0,4.4283,4.431175,56.76875,57.07265625,0.0,0.0,0.0,202.74
917,EV_104,RC554045_3,1,128,0.36411659259592244,0.2904498116157109,False,444.4690234375,-11.81015625,83.7615625,0.0,0.0,4.4480703125000005,4.4499843750000005,42.246484375,44.3928125,0.0,0.0,0.0,202.74
918,EV_104,RC487807_12,1,128,0.36411659259592244,0.1939817298508811,False,444.9141328125,-1.965625,90.68109375,0.0,0.0,4.35480234375,4.38468671875,56.268515625,57.522734375,0.0,0.0,0.0,202.74
919,EV_104,RC487807_11,1,128,0.36411659259592244,0.15816894353866,False,444.8831953125,-2.69375,88.96046875,0.0,0.0,4.31484609375,4.3423046875,54.119546875,55.48415625,0.0,0.0,0.0,202.74
920,EV_102,RC207535_6,1,128,0.36411659259592244,0.32273535985330776,False,432.1771640625,-52.4984375,100.0,0.0,0.0,4.30671875,4.3820078125,46.25375,49.73890625,0.0,0.0,0.0,193.73
921,EV_104,RC554045_6,1,128,0.36411659259592244,0.17423308909352134,False,444.88740625,-2.04765625,92.123359375,0.0,0.0,4.44774765625,4.44984140625,47.443828125,49.501796875,0.0,0.0,0.0,202.74
922,EV_102,RC402318_12,1,128,0.36411659259592244,0.23893083205150295,False,444.9552890625,-2.65546875,84.310078125,0.0,0.0,4.2633125,4.2843125,44.5437734375,44.6291640625,0.0,0.0,0.0,193.57
923,EV_104,RC487807_13,1,128,0.36411659259592244,0.23491498460003063,False,444.8917265625,-1.4609375,91.919453125,0.0,0.0,4.402673828125,4.432566796875,57.9873046875,59.2116796875,0.0,0.0,0.0,202.74
924,EV_104,RC487807_10,1,128,0.36411659259592244,0.16035964093608382,False,444.9006640625,-2.44140625,86.984296875,0.0,0.0,4.250371875,4.27660234375,51.89625,53.60171875,0.0,0.0,0.0,202.74
925,EV_103,RC304195_1,1,128,0.3607760235870066,0.16812554532004423,False,342.07953125,-28.4546875,8.2503125,0.0,0.0,3.48046875,3.61484375,21.122265625,24.914296875,0.0,0.0,0.0,197.17
926,EV_105,RC131593_1,1,128,0.3607760235870066,0.19852918438959144,False,346.8902421875,-25.33984375,24.293515625,0.0,0.0,3.4151953125,3.546296875,22.3821875,27.126328125,0.0,0.0,0.0,195.13
927,EV_103,RC304195_2,1,128,0.3607760235870066,0.2511828971724475,False,363.011765625,-25.5703125,13.64140625,0.0,0.0,3.8075,3.981796875,21.91703125,26.05828125,0.0,0.0,0.0,197.17
928,EV_102,RC730473_2,1,128,0.3607760235870066,0.22554907800167676,False,362.53711718750003,-28.9125,20.016953125,0.0,0.0,3.78484375,3.9646796875,22.99703125,27.09859375,0.0,0.0,0.0,193.8
929,EV_103,RC927118_1,1,128,0.3607760235870066,0.1655122164128386,False,339.535265625,-30.27734375,11.09625,0.0,0.0,3.3714453125,3.611671875,21.66109375,25.25390625,0.0,0.0,0.0,197.17
930,EV_105,RC519612_1,1,57,0.3607760235870066,0.2898932148987855,False,339.4193333333334,-27.517543859649123,35.89491228070175,0.0,0.0,3.4654210526315787,3.511526315789474,22.730877192982458,26.030877192982455,0.0,0.0,0.0,194.88
931,EV_103,RC927118_3,1,128,0.3607760235870066,0.21058118830526282,False,369.69640625,-24.80859375,19.098359375,0.0,0.0,3.62071875,3.86071875,23.1099140625,26.72184375,0.0,0.0,0.0,197.17
932,EV_103,RC927118_2,1,128,0.3607760235870066,0.1304381725572317,False,352.3597421875,-29.10859375,15.33328125,0.0,0.0,3.499875,3.739875,22.7640625,26.3740625,0.0,0.0,0.0,197.17
933,EV_101,RC346106_2,1,128,0.3607760235870066,0.2117198023605607,False,338.9224375,-30.01953125,11.7771875,0.0,0.0,3.55984375,3.696015625,21.971328125,25.98125,0.0,0.0,0.0,186.45
934,EV_101,RC346106_1,1,128,0.3607760235870066,0.3024127003022328,False,323.529546875,-25.275,7.558671875,0.0,0.0,3.3898437500000003,3.516015625,21.2834375,24.991171875,0.0,0.0,0.0,186.45
935,EV_102,RC730473_1,1,128,0.3607760235870066,0.17946985890452316,False,341.556859375,-26.60078125,16.0478125,0.0,0.0,3.488671875,3.641796875,22.152265625,26.014296875,0.0,0.0,0.0,193.8
936,EV_101,DR405429_6,0,128,0.35910425575065696,0.19605222404918357,False,390.3017421875,32.990625,76.615234375,25.9453125,1739.453125,4.127140625,4.1466171874999995,54.3403125,55.26578125,29.0390625,19.140625,0.0064453125,186.25
937,EV_108,DR624372_17,0,128,0.35910425575065696,0.11747534447201459,False,374.6328359375,44.59140625,63.56515625,31.6171875,2095.6953125,4.0932734375,4.14234375,53.693359375,57.958828125,29.21875,16.4453125,0.0057109375,182.02
938,EV_101,DR405429_10,0,128,0.35910425575065696,0.18677957479683005,False,381.68253125,54.6015625,70.301171875,31.15625,1996.875,4.0999453125,4.1464765625,52.888984375,54.5046875,33.28125,13.125,0.0047109375,186.25
939,EV_110,DR436096_15,0,128,0.35910425575065696,0.1529247728288225,False,387.3905234375,48.125,74.115,31.1171875,2049.21875,4.1020625,4.1467734375,57.991875,59.6215625,31.328125,13.828125,0.005640625,181.09
940,EV_110,DR436096_21,0,128,0.35910425575065696,0.1868226831550688,False,372.37128125,41.49609375,64.148984375,30.0390625,1924.296875,4.0864453125,4.1419765625,54.09875,55.58046875,31.03125,16.3671875,0.005796875,181.09
941,EV_101,DR141978_8,0,128,0.35910425575065696,0.1713655766147167,False,390.3839453125,48.47265625,76.123671875,29.6484375,1974.84375,4.07828125,4.1435,56.2771875,59.301015625,31.3515625,15.703125,0.00675,186.34
942,EV_110,DR824332_15,0,53,0.35910425575065696,0.22791507757118215,False,380.8430188679245,44.29245283018868,60.869811320754714,31.11320754716981,2010.0,4.121905660377359,4.1473018867924525,59.383962264150945,61.56396226415094,31.471698113207548,14.716981132075471,0.004471698113207547,181.09
943,EV_107,DR705506_10,0,128,0.35910425575065696,0.5119820876473501,False,358.0978046875,49.3703125,72.256640625,32.12109375,2067.6953125,3.9627109375,4.1810937500000005,61.208984375,62.418359375,30.5859375,17.3828125,0.0058671875,176.22
944,EV_108,DR624372_12,0,128,0.35910425575065696,0.1773960231257037,False,391.124515625,44.328125,74.125859375,27.9453125,1789.84375,4.106953125,4.1459453125,61.1728125,62.5190625,29.90625,16.8515625,0.0061796875,182.02
945,EV_101,DR141978_11,0,128,0.35910425575065696,0.16500254828410824,False,385.4271953125,49.54453125,70.889140625,30.359375,1991.796875,4.0962578125,4.1541875,55.32078125,56.395859375,34.2578125,16.5234375,0.00546875,186.34
946,EV_110,DR104166_12,0,128,0.35910425575065696,0.17260022622218577,False,381.190875,46.51953125,71.702265625,27.796875,1730.3125,4.0898671875,4.1438046875,60.638046875,62.929921875,31.328125,15.0,0.0052109375,181.09
947,EV_109,DR219828_17,0,128,0.35910425575065696,0.19862463556740273,False,375.5084453125,33.17578125,64.8525,26.59375,1728.90625,3.772265625,4.1428125,55.40375,57.57484375,28.2265625,20.15625,0.0068203125,179.12
948,EV_110,DR436096_19,0,128,0.35910425575065696,0.15247337217739348,False,374.7575,46.75390625,67.690703125,28.1796875,1808.203125,4.0786640625,4.1453203125,60.9528125,62.372734375,31.359375,16.5625,0.006234375,181.09
949,EV_101,DR156863_14,0,128,0.35910425575065696,0.1567989682338861,False,385.8777578125,45.66015625,72.91734375,28.1328125,1827.578125,4.097171875,4.156796875,59.296328125,62.099140625,30.3828125,16.796875,0.0061953125,186.45
950,EV_110,DR157642_15,0,128,0.35910425575065696,0.45375876040134794,False,368.5009375,47.4953125,68.6165625,27.58984375,2371.953125,3.9708046875,3.9840234375,63.46203125,64.363671875,30.7734375,28.109375,0.0020859375,181.09
951,EV_110,DR436096_24,0,128,0.35910425575065696,0.15514402981501146,False,383.3465703125,42.58203125,59.125625,30.6015625,1951.71875,4.06709375,4.1424140625,58.668046875,59.810703124999996,30.171875,18.0859375,0.007109375,181.09
952,EV_101,DR405429_17,0,128,0.35910425575065696,0.1735509112548697,False,378.0753203125,51.71484375,58.543671875,30.77734375,1994.140625,4.1041875,4.1462578125,58.2546875,60.5703125,30.46875,16.40625,0.00434375,186.25
953,EV_108,DR624372_18,0,128,0.35910425575065696,0.22909280929188863,False,384.7592109375,32.30234375,62.093046875,26.953125,1798.203125,4.105578125,4.1454453125,60.533203125,63.726875,25.125,16.1328125,0.0061796875,182.02
954,EV_101,DR405429_14,0,128,0.35910425575065696,0.1404839546651471,False,378.368625,41.0953125,63.30046875,26.3515625,1693.203125,4.0808984375,4.1422265625,59.108671875,60.829375,29.7421875,17.1484375,0.005359375,186.25
955,EV_101,DR405429_4,0,128,0.35910425575065696,0.2941519315055823,False,376.1077734375,48.30390625,80.7125,32.2078125,1990.859375,3.9598984375,4.1486328125,54.556015625,56.79921875,32.5234375,17.265625,0.007734375,186.25
956,EV_105,DR508031_2,0,64,0.3578000019972984,0.28735752908732215,False,388.619890625,23.796875,88.7803125,23.96875,1760.546875,4.0191406249999995,4.0663124999999996,33.0290625,36.320625,25.5625,21.953125,0.00228125,195.12
957,EV_105,DR962985_5,0,128,0.3578000019972984,0.1707398960471604,False,387.365203125,47.403125,92.55484375,28.30859375,1700.7421875,4.109875,4.1457265625,42.14640625,43.07078125,32.2734375,16.1328125,0.0053046874999999995,194.88
958,EV_103,DR993039_1,0,128,0.3578000019972984,0.16608915336134594,False,393.5901796875,50.1796875,99.127890625,27.82421875,1789.21875,4.1142734375,4.14221875,34.728125,35.47359375,30.7265625,19.8828125,0.0064609375,195.77
959,EV_103,DR173144_2,0,128,0.3578000019972984,0.25655148708858105,False,385.271859375,43.4921875,97.527109375,28.81640625,1851.359375,4.08890625,4.143421875,27.2271875,29.489765625,30.3125,15.7578125,0.00615625,195.72
960,EV_105,DR508031_1,0,128,0.3578000019972984,0.24537480436959608,False,396.4361796875,29.86328125,90.270546875,26.3515625,1956.25,4.030546875,4.080390625,31.661484375,34.4059375,26.9921875,18.5546875,0.002390625,195.12
961,EV_104,DR650597_1,0,128,0.3578000019972984,0.19498508685280308,False,386.9704609375,36.3625,97.768203125,26.1640625,1667.96875,4.0873671875,4.1428125,37.779453125,39.35296875,29.0546875,18.3203125,0.007125,202.74
962,EV_103,DR173144_1,0,128,0.3578000019972984,0.4980443852910646,False,376.9258046875,41.84375,99.168125,29.01953125,1878.125,4.0465703125,4.0955390625,18.58015625,19.3346875,30.5078125,16.9921875,0.0069296875,195.72
963,EV_105,DR508031_3,0,128,0.3578000019972984,0.27004925832834786,False,378.66259375,27.32421875,85.92578125,26.109375,1786.796875,4.009609375,4.0492265625,34.80609375,39.50078125,27.7109375,21.9140625,0.0023671875,195.12
964,EV_102,DR463078_7,0,128,0.3578000019972984,0.18163282950321605,False,387.7926328125,47.07421875,89.248359375,28.6484375,1788.5390625,4.1097265625,4.1453984375,41.430390625,43.006328125,30.7421875,18.7109375,0.00715625,193.73
965,EV_105,DR508031_4,0,128,0.3578000019972984,0.27307867058603824,False,372.0965859375,28.66796875,84.0,24.0859375,1652.1484375,3.9932109375000002,4.03484375,36.221796875,41.52140625,26.8515625,19.8046875,0.0029453125,195.12
966,EV_104,DR422821_1,0,128,0.3578000019972984,0.24318884191812354,False,391.8918515625,49.36171875,99.11296875,28.70078125,1887.109375,4.06853125,4.1209140625,36.920390625,40.446328125,31.859375,17.7734375,0.006609375,202.74
967,EV_105,DR902043_1,0,128,0.3578000019972984,0.4243874587321592,False,391.9265625,63.8734375,84.29890625,37.19921875,3202.1484375,4.116125,4.1340546875,34.754296875,36.90796875,38.4453125,17.5703125,0.001234375,205.02
968,EV_103,DR173144_3,0,128,0.3578000019972984,0.13529820083498842,False,383.0972734375,44.71875,96.00515625,28.75,1999.453125,4.1113671875,4.1458515625,35.632578125,38.755,31.34375,15.484375,0.006640625,195.72
969,EV_102,DR132061_29,0,128,0.35537597232483376,0.20937686249451917,False,368.1761171875,38.8921875,46.042734375,30.9140625,2000.859375,4.09396875,4.1462109375,54.853046875,56.203203125,31.6640625,16.71875,0.0057734375,193.57
970,EV_103,DR993039_27,0,128,0.35537597232483376,0.16331683687799334,False,383.79553125,43.409375,38.361484375,26.36328125,1672.7578125,4.05140625,4.142265625,56.779375,58.881640625,28.59375,16.796875,0.005953125,195.77
971,EV_104,DR873821_23,0,128,0.35537597232483376,0.13272996928522518,False,365.66065625,45.90078125,42.44328125,33.359375,2084.953125,4.1135546875,4.1462109375,54.765625,58.011875,33.2734375,15.78125,0.005390625,202.74
972,EV_105,DR962985_27,0,128,0.35537597232483376,0.16191346064637038,False,378.4735859375,50.63671875,45.365234375,29.921875,1862.0234375,4.0746875,4.143734375,56.883203125,58.199921875,32.5703125,18.4765625,0.007125,194.88
973,EV_103,DR993039_24,0,128,0.35537597232483376,0.16373337145453631,False,376.428921875,54.9375,43.896875,31.1953125,2022.109375,4.085703125,4.14578125,53.919609375,56.18078125,31.8125,18.046875,0.007140625,195.77
974,EV_104,DR422821_28,0,128,0.35537597232483376,0.1824428920789765,False,372.6157421875,58.55078125,43.643515625,32.453125,2125.0,4.0779375,4.143875,60.257109375,62.19453125,35.265625,13.28125,0.0048671875,202.74
975,EV_104,DR422821_30,0,128,0.35537597232483376,0.10686507188250789,False,373.761484375,48.078125,39.891484375,32.25,2075.78125,4.045859375,4.142890625,57.4603125,60.878203125,31.78125,17.1875,0.006921875,202.74
976,EV_104,DR667059_19,0,128,0.35537597232483376,0.3548726818687011,False,367.9990390625,57.603125,36.973203125,36.50390625,2317.1875,4.02378125,4.133375,51.9015625,54.593359375,32.0859375,17.9296875,0.006421875,202.74
977,EV_105,DR314668_23,0,128,0.35537597232483376,0.19612523652841046,False,367.1658671875,42.08203125,45.83921875,28.1171875,1818.75,4.091328125,4.1438203125,53.479921875,55.679609375,29.203125,18.125,0.005796875,194.98
978,EV_104,DR239202_21,0,128,0.35537597232483376,0.16739629992373414,False,371.9302578125,46.9296875,42.016796875,28.796875,1866.40625,4.10525,4.1455390625,60.722421875,62.59578125,29.578125,18.2421875,0.006828125,202.74
979,EV_105,DR277200_10,0,122,0.35537597232483376,0.1893438264019916,False,370.6742049180328,48.64918032786885,47.90926229508197,28.549180327868854,1806.72131147541,4.093450819672131,4.144385245901639,53.58418032786885,54.70885245901639,32.33606557377049,15.69672131147541,0.005295081967213115,195.13
980,EV_104,DR239202_23,0,128,0.35537597232483376,0.12425882088022461,False,371.588796875,53.56640625,38.638984375,27.609375,1765.1796875,4.0886171875,4.1453359375,54.53859375,58.5384375,30.453125,17.890625,0.0053359375,202.74
981,EV_104,DR667059_21,0,128,0.35537597232483376,0.2599557232229258,False,366.863265625,49.765625,33.28484375,29.30390625,1908.59375,4.036,4.1451171875,47.628359375,49.33890625,30.453125,18.046875,0.0059140625,202.74
982,EV_105,DR314668_21,0,128,0.35537597232483376,0.18667579402802512,False,372.3264609375,53.5015625,49.425234375,30.25390625,1921.875,4.0643515625,4.1379921875,58.346484375,61.141328125,34.3046875,16.4453125,0.0066875,194.98
983,EV_104,DR754088_13,0,128,0.35537597232483376,0.13869022790207433,False,368.2885546875,48.43671875,40.316484375,30.65625,1937.7421875,4.0271171875,4.138671875,58.08984375,61.170703125,32.546875,15.71875,0.0053437499999999995,202.74
984,EV_104,DR650597_32,0,128,0.35537597232483376,0.17115654120089316,False,355.036609375,52.85546875,33.716171875,30.359375,1917.578125,4.071328125,4.14553125,58.883125,60.10640625,33.1484375,18.3984375,0.0065703125,202.74
985,EV_104,DR650597_27,0,128,0.35537597232483376,0.1749571694233903,False,361.9798828125,45.49765625,46.074296875,32.68359375,1783.0078125,4.0970703125,4.1457734375,59.7184375,61.575703125,29.5234375,14.8828125,0.0068515625,202.74
986,EV_105,DR314668_24,0,128,0.35537597232483376,0.19993577986964134,False,371.148171875,45.5234375,44.11953125,31.3046875,2035.15625,4.1118671875,4.1473359375,59.7840625,62.5140625,31.953125,16.2890625,0.005578125,194.98
987,EV_102,DR132061_17,0,128,0.3531981418107403,0.18721655383815114,False,385.80640625,47.33203125,69.81578125,32.40625,2272.0703125,4.1005,4.1458203125,47.4253125,50.289296875,30.9296875,17.109375,0.00625,193.57
988,EV_105,DR692730_17,0,128,0.3531981418107403,0.2488960489422756,False,373.8932421875,40.71171875,49.745546875,28.9765625,1855.46875,3.651375,4.14140625,38.55078125,39.66359375,31.046875,17.7734375,0.006265625,195.09
989,EV_105,DR314668_20,0,128,0.3531981418107403,0.1708214193662767,False,368.328015625,52.03125,51.443125,29.4140625,1876.71875,4.04671875,4.141171875,50.035703125,51.9940625,31.15625,16.09375,0.0057421875,194.98
990,EV_102,DR463078_13,0,128,0.3531981418107403,0.25596780601682684,False,385.1005,37.1328125,70.669765625,28.125,1817.1875,4.0263984375,4.140421875,47.82953125,48.597500000000004,27.8359375,16.484375,0.0054765625,193.73
991,EV_103,DR993039_14,0,128,0.3531981418107403,0.2237266063095805,False,385.588515625,40.0703125,66.767734375,28.0078125,1832.1875,4.0166796875,4.1460546875,49.17671875,50.48890625,28.515625,16.5234375,0.0053984375,195.77
992,EV_105,DR692730_10,0,128,0.3531981418107403,0.2152804958889239,False,388.679,56.4859375,65.56359375,30.4140625,1947.734375,4.0617109375,4.1366171875,39.628984375,42.390859375,31.96875,15.9375,0.0051953125,195.09
993,EV_102,DR132061_22,0,128,0.3531981418107403,0.14511802777106633,False,382.84753125,49.8046875,60.591953125,32.4296875,2146.953125,4.109546875,4.1447031249999995,46.06578125,50.27046875,31.015625,17.5,0.0078984375,193.57
994,EV_103,DR993039_17,0,128,0.3531981418107403,0.14826709279702147,False,378.2806171875,53.95703125,61.25,28.484375,1801.484375,4.1047890625,4.1449375,45.449375,46.2915625,34.5703125,16.09375,0.0059140625,195.77
995,EV_102,DR132061_28,0,128,0.3531981418107403,0.1595528489615157,False,366.4725625,39.6453125,47.731015625,27.94140625,1816.953125,4.0417578125,4.1328515625,47.61,48.7959375,29.4765625,17.0703125,0.0059453125,193.57
996,EV_102,DR132061_31,0,128,0.3531981418107403,0.22344448223619176,False,363.981578125,49.828125,42.2496875,31.7265625,2220.859375,4.088484375,4.1416328125,48.97765625,50.921328125,32.7421875,17.109375,0.00634375,193.57
997,EV_105,DR314668_19,0,128,0.3531981418107403,0.2821412257932778,False,379.387375,44.17578125,53.045625,31.56640625,2028.3671875,4.0241796875,4.148890625,41.11453125,42.22734375,31.5390625,17.75,0.005078125,194.98
998,EV_103,DR993039_23,0,128,0.3531981418107403,0.16871110116035623,False,367.7842109375,50.51171875,45.534296875,29.890625,1967.578125,4.0601171874999995,4.1451953125,47.120078125,49.21359375,30.671875,15.3515625,0.006109375,195.77
999,EV_103,DR993039_22,0,128,0.3531981418107403,0.20214268936884416,False,371.6484921875,40.68984375,47.27203125,29.13125,2011.9921875,4.0588750000000005,4.1266640625,40.081796875,41.79203125,29.015625,17.65625,0.0062109375,195.77
1000,EV_105,DR692730_18,0,128,0.3531981418107403,0.21375185383647197,False,370.08887500000003,41.0703125,48.0928125,26.8359375,1701.5625,3.6222109375000002,4.1443359375,45.3371875,47.05765625,28.8125,15.859375,0.0049609375,195.09
1001,EV_105,DR962985_26,0,128,0.3531981418107403,0.16391907540025047,False,366.40715625,46.74609375,47.206015625,29.6953125,1840.46875,4.102171875,4.14559375,48.44265625,49.146796875,32.09375,15.1953125,0.005203125,194.88
1002,EV_103,DR993039_13,0,128,0.3531981418107403,0.2629742037520207,False,388.8327109375,33.8265625,68.66265625,26.89453125,1747.578125,3.824140625,4.10859375,42.268671875,43.1828125,26.0546875,19.2578125,0.0062734375,195.77
1003,EV_105,DR277200_6,0,128,0.3531981418107403,0.5769599985997014,False,392.1618671875,76.1640625,59.554296875,55.83671875,3046.2578125,4.063328125,4.0875078125,42.398515625,45.794453125,47.01328125,14.4609375,0.00196875,195.13
1004,EV_102,DR463078_21,0,128,0.3531981418107403,0.15115906352457303,False,378.978203125,42.3984375,54.590546875,28.7265625,1839.609375,4.1129218750000005,4.1482734375,47.348984375,51.26609375,31.4375,16.6015625,0.006125,193.73
1005,EV_101,DR405429_19,0,45,0.3531981418107403,0.2479486999902659,False,373.7422444444445,56.577777777777776,55.51333333333333,36.93333333333333,2394.4444444444443,4.042222222222223,4.1450000000000005,46.26044444444444,50.26044444444444,31.333333333333332,17.333333333333332,0.006622222222222222,186.25
1006,EV_105,DR962985_16,0,128,0.3531981418107403,0.24571076374006667,False,373.1077421875,40.22109375,64.661640625,30.0390625,1937.1875,3.7571093749999998,4.034140625,42.107265625,45.071953125,31.078125,16.640625,0.0058984375,194.88
1007,EV_105,DR962985_17,0,128,0.3531981418107403,0.20355580843173957,False,382.9496953125,47.9765625,63.072109375000004,29.9765625,1921.875,3.8842578125,4.139625,49.77953125,53.201796875,32.765625,16.9140625,0.0061875,194.88
1008,EV_102,DR454207_13,0,128,0.3531981418107403,0.14943992952087856,False,375.6689921875,43.98828125,59.964375,32.6328125,2055.4140625,3.9579296875,4.15140625,49.53203125,51.25796875,31.59375,14.1796875,0.0053359375,193.65
1009,EV_105,DR962985_20,0,128,0.3531981418107403,0.16742764569531698,False,367.0250625,52.6640625,57.769296875,29.23828125,1794.859375,4.0931796875,4.14584375,50.129453125,50.660625,32.515625,15.3515625,0.006875,194.88
1010,EV_105,DR962985_23,0,128,0.3531981418107403,0.1323171984976042,False,376.883734375,48.484375,52.282578125,28.46875,1871.71875,4.0258984374999995,4.141328125,48.152265625,49.722734375,31.1796875,18.7890625,0.007140625,194.88
1011,EV_102,DR132061_9,0,128,0.35276388638665473,0.24028604370921094,False,388.7125234375,48.44140625,85.539453125,29.453125,1904.375,4.1185546875,4.1473671874999996,54.835625,56.096328125,30.1015625,16.40625,0.006078125,193.57
1012,EV_104,DR650597_16,0,128,0.35276388638665473,0.3202505067012769,False,382.14959375,44.3828125,67.164453125,31.296875,2168.75,4.1055078125,4.1472265625,50.0359375,51.711328125,33.8515625,17.8515625,0.007703125,202.74
1013,EV_104,DR650597_13,0,128,0.35276388638665473,0.23848876180281953,False,383.974609375,52.01171875,72.917734375,32.40625,2051.796875,4.093234375,4.1444374999999996,47.753750000000004,48.5296875,36.2578125,14.375,0.005234375,202.74
1014,EV_102,DR463078_6,0,128,0.35276388638665473,0.1548286737561501,False,383.447328125,41.38671875,90.960390625,29.078125,1908.53125,4.091015625,4.145515625,47.543984375,50.36390625,31.59375,17.2265625,0.007109375,193.73
1015,EV_103,DR993039_5,0,128,0.35276388638665473,0.231219946999826,False,385.1090234375,48.67578125,92.541875,31.57421875,2071.640625,4.1048828125,4.1459453125,49.139375,49.98390625,31.90625,19.4140625,0.0075703125,195.77
1016,EV_103,DR993039_16,0,128,0.35276388638665473,0.24211982310309074,False,381.7656640625,57.484375,63.14875,30.0859375,1999.84375,4.0956640625,4.145375,45.204375,45.86765625,34.3515625,15.703125,0.005515625,195.77
1017,EV_104,DR873821_4,0,128,0.35276388638665473,0.2328223120111438,False,381.6968984375,50.30859375,86.303515625,28.828125,1836.5625,4.1057578125,4.14765625,49.3425,51.341796875,31.515625,17.5390625,0.0062890625,202.74
1018,EV_103,DR993039_9,0,128,0.35276388638665473,0.19126979095803845,False,383.796171875,46.1328125,86.005859375,30.03125,1983.65625,4.10675,4.1470390625,50.569765625,52.277734375,27.9609375,15.546875,0.0063515625,195.77
1019,EV_105,DR962985_1,0,128,0.35276388638665473,0.3271844154586902,False,396.1055,52.32265625,99.143359375,29.59375,1913.4921875,3.988625,4.0865703125,38.536640625,40.3634375,32.8203125,16.6015625,0.005921875,194.88
1020,EV_108,DR424318_7,0,128,0.3506416918353805,0.312512538926136,False,349.4518125,103.075,64.70015625,108.00625,4624.4765625,3.62715625,4.22003125,58.0246875,60.4590625,47.453125,0.4921875,0.0021875,183.46
1021,EV_101,DR156863_16,0,128,0.3506416918353805,0.2858596112294107,False,335.5773125,95.48984375,65.906328125,111.88203125,4964.8359375,4.0467109375,4.1983359375000004,60.3609375,62.2478125,34.58203125,1.203125,0.0042578125,186.45
1022,EV_102,DR454207_12,0,128,0.3506416918353805,0.18923819824763385,False,341.2189375,82.15703125,62.42421875,105.5234375,4220.9375,3.9672109375,4.179546875,60.61171875,62.54984375,38.4765625,1.6171875,0.0065625,193.65
1023,EV_102,DR454207_10,0,128,0.3506416918353805,0.2464666429040071,False,336.261234375,102.45390625,69.68078125,113.7109375,4548.6953125,4.0102578125,4.194421875,63.273046875,63.504296875,50.13671875,2.4453125,0.006562500000000001,193.65
1024,EV_101,DR156863_17,0,128,0.3506416918353805,0.2282308719133356,False,327.998640625,81.48984375,63.553125,112.75625,5051.4375,4.0159843749999995,4.2281953125000005,54.48953125,56.27984375,39.5625,3.828125,0.008906250000000001,186.45
1025,EV_101,DR156863_19,0,127,0.3506416918353805,0.18382139644658269,False,357.93517322834646,89.75669291338583,57.52314960629921,111.47086614173227,5016.322834645669,3.9170787401574803,4.254858267716535,53.94259842519685,55.29968503937008,44.07086614173228,2.125984251968504,0.00811023622047244,186.45
1026,EV_101,DR156863_18,0,128,0.3506416918353805,0.20217462488411284,False,332.369609375,70.99453125,60.593828125,104.5015625,4702.46875,4.0143203125,4.269671875,62.58265625,63.004453125,41.87890625,2.17578125,0.008046875,186.45
1027,EV_105,DR692730_19,0,128,0.349276472796438,0.28593766650572217,False,346.0882421875,98.17109375,45.672109375,109.45546875,4819.71875,3.486046875,4.1545078125,55.056796875,57.87453125,39.859375,1.73828125,0.00703125,195.09
1028,EV_103,DR173144_29,0,128,0.349276472796438,0.2648577902591469,False,311.3745546875,91.1265625,34.943359375,104.30859375,6458.046875,3.5497890625,4.147640625,61.59828125,63.83875,45.1796875,1.8515625,0.0053125,195.72
1029,EV_105,DR692730_22,0,128,0.349276472796438,0.3340255359882784,False,339.64300000000003,77.65546875,37.7621875,111.58125,4995.8671875,3.463265625,4.2577890625,63.81,63.921875,40.11328125,3.2421875,0.01453125,195.09
1030,EV_103,DR173144_28,0,128,0.349276472796438,0.3679721347292076,False,349.141484375,82.20078125,39.046875,105.83671875,6569.296875,3.578046875,4.12575,52.551328125,56.013046875,47.265625,3.6171875,0.0128515625,195.72
1031,EV_105,DR692730_15,0,128,0.349276472796438,0.25950563286440026,False,335.4524765625,89.79765625,53.069921875,113.38984375,5102.09375,3.8371015625,4.20615625,56.1034375,57.94796875,36.23828125,2.421875,0.00875,195.09
1032,EV_102,DR463078_25,0,128,0.349276472796438,0.2401490754879807,False,308.9385859375,82.92578125,46.545,106.17734375,4247.09375,3.8540234375,4.1886171875,52.81953125,56.390625,42.546875,2.2734375,0.009140625,193.73
1033,EV_105,DR962985_30,0,128,0.349276472796438,0.18006542602647976,False,319.5217265625,103.24375,37.501796875,109.56171875,4930.2421875,3.622421875,4.1739921875,62.0546875,63.4934375,48.27734375,2.0625,0.00796875,194.88
1034,EV_105,DR962985_29,0,128,0.349276472796438,0.275561538714861,False,330.496734375,101.14609375,40.96234375,110.66015625,5001.625,3.6712109375,4.1799921875,52.63203125,54.723046875,53.375,2.84375,0.0075,194.88
1035,EV_104,DR667059_18,0,128,0.349276472796438,0.32776488063801057,False,330.8115234375,125.1625,40.104375,113.40078125,4720.9921875,3.308140625,4.1942890625,63.370390625,63.8034375,48.0546875,1.4453125,0.0053125,202.74
1036,EV_104,DR239202_26,0,128,0.349276472796438,0.31155130132181835,False,335.40011718750003,90.62421875,30.206015625,105.3046875,5265.234375,4.05303125,4.23634375,61.667890625,63.3503125,39.66015625,3.078125,0.010234375,202.74
1037,EV_104,DR650597_30,0,128,0.349276472796438,0.34972397206055766,False,311.8118828125,83.52265625,37.489609375,104.796875,4378.953125,4.0226953125,4.202125,56.926953125,57.32421875,41.5390625,2.59375,0.0065625,202.74
1038,EV_103,DR993039_26,0,128,0.3484140752316002,0.22966019115673872,False,374.8152734375,57.01953125,40.14859375,30.93359375,1999.609375,4.0519921875,4.140234375,49.02546875,50.3678125,33.1953125,16.796875,0.0063359375,195.77
1039,EV_105,DR277200_14,0,128,0.3484140752316002,0.29219639560196087,False,366.9632734375,48.8484375,39.482265625,32.5703125,2466.796875,3.72546875,3.924765625,36.214609375,38.61859375,33.1015625,15.7421875,0.006140625,195.13
1040,EV_102,DR253130_3,0,128,0.3484140752316002,0.36555368997064347,False,367.450015625,41.31640625,40.07125,26.2734375,1676.796875,3.512890625,3.8540625,49.37015625,52.241640625,29.4296875,17.109375,0.0067265625,193.8
1041,EV_102,DR253130_2,0,28,0.3484140752316002,0.4494491246091375,False,336.8894285714286,46.86785714285714,41.24392857142857,30.464285714285715,2011.7857142857142,3.435714285714286,3.5135714285714283,43.88642857142857,46.18642857142857,30.392857142857142,18.75,0.0062499999999999995,193.8
1042,EV_105,DR277200_15,0,128,0.3484140752316002,0.14492452805612724,False,368.199984375,49.2890625,37.501328125,28.3671875,1808.296875,3.75890625,4.097734375,45.233671875,48.50890625,31.859375,18.6328125,0.006359375,195.13
1043,EV_103,DR173144_27,0,128,0.3484140752316002,0.22075303337293475,False,374.2836796875,51.15625,41.373046875,29.0078125,1839.1171875,3.63671875,4.136875,46.15125,49.028046875,31.3828125,18.4375,0.0049765625,195.72
1044,EV_102,DR463078_28,0,128,0.3484140752316002,0.2229229381976918,False,377.34440625,45.33359375,36.356796875,28.3515625,2073.046875,4.0592578125,4.14490625,42.94625,47.3265625,31.546875,18.6171875,0.0074296875,193.73
1045,EV_103,DR993039_8,0,128,0.34484828578515797,0.15635027392310086,False,388.4935,53.1265625,87.552578125,28.9609375,1876.2109375,4.1116875,4.1466484375,60.39265625,62.420703125,29.6171875,16.015625,0.005640625,195.77
1046,EV_103,DR993039_7,0,128,0.34484828578515797,0.13869853791923373,False,389.9247578125,47.24453125,89.1240625,29.0234375,1890.15625,4.11496875,4.1465078125,52.176328125,54.241484375,32.234375,15.5078125,0.0065546875,195.77
1047,EV_105,DR962985_9,0,128,0.34484828578515797,0.12491830258297108,False,384.596375,43.36328125,86.05609375,29.859375,1985.703125,4.0926640625,4.1487890625,54.159609375,55.1115625,32.015625,18.6328125,0.007125,194.88
1048,EV_105,DR962985_7,0,128,0.34484828578515797,0.0895831284632596,False,386.112140625,49.23828125,89.39390625,30.390625,1922.96875,4.103109375,4.145046875,57.23890625,59.039140625,30.4375,16.71875,0.006671875,194.88
1049,EV_103,DR173144_10,0,128,0.34484828578515797,0.09015320031372893,False,390.4368125,46.409375,84.048984375,31.3609375,2039.453125,4.09221875,4.1455234375,56.2925,59.53703125,32.5390625,17.5390625,0.0069453125,195.72
1050,EV_105,DR962985_3,0,128,0.34484828578515797,0.1130397939167063,False,383.342875,43.63671875,95.76984375,30.359375,1970.625,4.105046875,4.1474921875,58.069296875,60.6503125,30.203125,15.859375,0.0057421875,194.88
1051,EV_105,DR277200_1,0,128,0.34484828578515797,0.3046600424113292,False,397.2703984375,53.97734375,86.02734375,35.67578125,2641.40625,4.066921875,4.091375,50.159609375,57.38609375,35.2109375,12.7890625,0.0009453125,195.13
1052,EV_105,DR314668_2,0,128,0.34484828578515797,0.20999922602174945,False,389.780015625,38.69921875,97.693828125,28.1484375,1768.90625,4.0403515625,4.1440234375000005,55.79671875,57.49265625,27.7578125,16.2109375,0.0064375000000000005,194.98
1053,EV_102,DR132061_3,0,128,0.34484828578515797,0.15309712744538792,False,387.9093125,47.59765625,95.780546875,32.2421875,2083.359375,4.0868359375,4.1469531250000005,60.616875,63.223046875,33.34375,14.53125,0.005625,193.57
1054,EV_105,DR962985_12,0,128,0.34484828578515797,0.23451967919640265,False,390.88428125,38.33203125,80.533984375,25.828125,1628.046875,4.075234375,4.18,56.740078125,61.182109375,27.7890625,15.46875,0.00465625,194.88
1055,EV_102,DR132061_12,0,128,0.34484828578515797,0.16218338539181099,False,387.1850390625,47.7125,80.00140625,30.203125,1983.40625,4.1085546875,4.1468046875,60.511796875,62.675234375,32.3046875,18.296875,0.0075078125,193.57
1056,EV_102,DR454207_6,0,128,0.34484828578515797,0.14232556961508822,False,379.9702890625,53.484375,84.305078125,29.2890625,1945.078125,4.100859375,4.1478671875,59.3003125,62.250390625,32.34375,18.6328125,0.00703125,193.65
1057,EV_102,DR132061_11,0,128,0.34484828578515797,0.1469870557796062,False,384.052328125,48.2734375,82.010546875,30.5234375,1933.359375,4.085109375,4.1477734375,51.750234375,54.14828125,32.5,13.921875,0.00478125,193.57
1058,EV_102,DR463078_3,0,128,0.34484828578515797,0.21410605295108545,False,377.67648437500003,49.875,95.927421875,29.7734375,1878.984375,3.7454296875,4.1421484375,57.211796875,62.2928125,31.3203125,17.8125,0.006578125,193.73
1059,EV_102,DR132061_2,0,128,0.34484828578515797,0.2216155253988338,False,385.0661875,50.39453125,97.481171875,33.3515625,2185.9375,4.0831796875,4.1422109375,51.2475,54.040625,31.3203125,12.0703125,0.0037578125,193.57
1060,EV_102,DR132061_8,0,128,0.34484828578515797,0.06553995782290886,False,377.9279375,44.1953125,87.168046875,28.8984375,1856.484375,4.1042578125,4.1468828125,56.0459375,60.096328125,31.7578125,15.78125,0.00559375,193.57
1061,EV_103,DR993039_4,0,128,0.34484828578515797,0.12447242176768611,False,387.2249609375,44.6875,94.095234375,27.6015625,1811.953125,4.0864921875,4.14590625,58.45765625,60.31375,29.3359375,18.0078125,0.0065625,195.77
1062,EV_102,DR132061_5,0,128,0.34484828578515797,0.11942509449672246,False,384.69046875,46.93359375,92.4346875,31.84375,2019.828125,4.09325,4.1463125000000005,53.18703125,55.563671875,33.6171875,14.921875,0.0053828125,193.57
1063,EV_102,DR463078_9,0,128,0.34484828578515797,0.052708787454320734,False,385.8733046875,44.45703125,85.84875,29.98046875,2004.6875,4.1195390625,4.1466953125,56.178125,58.783828125,30.15625,15.6015625,0.0063515625000000004,193.73
1064,EV_105,DR277200_2,0,128,0.34484828578515797,0.355432828687187,False,384.8667109375,39.509375,82.041328125,26.4859375,1929.1015625,4.0400546875,4.0601875,52.329375,61.137734375,27.8359375,19.96875,0.0006796875,195.13
1065,EV_103,DR173144_5,0,128,0.34484828578515797,0.10320044975452208,False,381.6911953125,40.8046875,92.923203125,29.4140625,1916.015625,4.11478125,4.1476796875,55.616171875,59.625546875,29.5078125,15.703125,0.00615625,195.72
1066,EV_108,DR624372_21,0,128,0.3364874534876671,0.174362880511002,False,324.6932734375,121.45234375,54.429609375,112.80625,4512.25,4.0645859375,4.31884375,60.7015625,62.763203125,43.0,1.65625,0.00453125,182.02
1067,EV_110,DR393518_20,0,128,0.3364874534876671,0.18312373277481875,False,332.005984375,105.5,54.40203125,107.05234375,5352.6171875,4.043328125,4.198234375,61.9128125,63.156875,43.1171875,2.7890625,0.0065625,181.09
1068,EV_110,DR104166_18,0,128,0.3364874534876671,0.39943851711048045,False,308.4945546875,111.16875,60.218828125,109.28046875,4917.8671875,4.1679140625,4.4285,64.8390625,64.99765625,29.45703125,0.91796875,0.003828125,181.09
1069,EV_101,DR156863_20,0,128,0.3364874534876671,0.13820870259272927,False,338.6793828125,106.221875,54.88109375,110.8078125,4986.09375,3.861515625,4.242375,62.63578125,64.0128125,47.328125,1.8359375,0.006328125,186.45
1070,EV_109,DR770601_17,0,128,0.3364874534876671,0.2228771004722889,False,352.18284375,89.9421875,49.6296875,110.3984375,4415.953125,4.097609375,4.26090625,64.844375,64.853125,39.546875,1.171875,0.00421875,179.24
1071,EV_110,DR436096_28,0,128,0.3364874534876671,0.16681863763019442,False,347.404,104.76796875,51.554375,111.81796875,5733.359375,4.07303125,4.1910703125,62.17421875,64.331484375,47.1640625,1.8828125,0.00625,181.09
1072,EV_101,DR141978_15,0,128,0.3364874534876671,0.2681762326228199,False,311.840171875,97.28046875,60.552265625,109.7265625,5817.6171875,4.181671875,4.431265625,64.1578125,64.2375,38.15625,2.671875,0.006015625,186.34
1073,EV_108,DR380742_14,0,128,0.3364874534876671,0.20986631201742262,False,336.8714375,99.35390625,66.554140625,112.71328125,5634.8828125,3.9579296875,4.2090546875,60.13046875,61.46015625,45.1484375,2.125,0.006171875,181.95
1074,EV_110,DR824332_11,0,128,0.3364874534876671,0.20200522867629234,False,350.189453125,93.55703125,68.814375,112.42265625,4958.90625,4.128984375,4.2385390625,63.579140625,64.106484375,42.8828125,2.421875,0.007734375,181.09
1075,EV_102,DR454207_20,0,128,0.33372767719151014,0.26551199898513844,False,329.875328125,110.1921875,41.116640625,107.03984375,5351.953125,3.734296875,4.27546875,60.07734375,60.696875,45.28125,1.484375,0.0044531250000000005,193.65
1076,EV_101,DR156863_24,0,128,0.33372767719151014,0.1524484889804364,False,332.920671875,85.2109375,42.698828125,108.95703125,4902.9296875,3.72115625,4.16634375,62.579296875,62.9703125,49.42578125,1.65625,0.0059765625,186.45
1077,EV_102,DR463078_24,0,128,0.33372767719151014,0.24801378368374868,False,327.0004921875,102.7078125,48.531875,111.71953125,4468.78125,3.8967578124999998,4.1614453125,60.992109375,61.553125,54.515625,1.5859375,0.0040703125,193.73
1078,EV_101,DR156863_21,0,128,0.33372767719151014,0.20380709502127722,False,332.2517109375,89.996875,52.336875,103.6171875,4662.5078125,3.753265625,4.1657265625,60.884375,61.37734375,36.8046875,1.4765625,0.005,186.45
1079,EV_105,DR692730_23,0,128,0.33372767719151014,0.26155485679338397,False,328.5811484375,94.38046875,35.4078125,109.27265625,4919.9296875,3.508703125,4.3262265625,56.3796875,58.26015625,46.41796875,1.83984375,0.005078125,195.09
1080,EV_105,DR314668_26,0,128,0.33372767719151014,0.2585163706227182,False,336.0747734375,92.39453125,36.91453125,109.8875,4707.546875,4.0368046875,4.195328125,61.84453125,62.123046875,35.90625,1.234375,0.005625,194.98
1081,EV_106,DR805018_16,0,128,0.33132900219756933,0.19265925620147373,False,369.2161796875,50.078125,56.054921875,31.609375,1981.09375,3.959453125,4.1570703125,44.47796875,48.321796875,31.734375,16.0546875,0.0070078125,173.9
1082,EV_110,DR436096_23,0,128,0.33132900219756933,0.20883713170834162,False,379.0472265625,34.95078125,60.83265625,28.72265625,1617.453125,4.0345703125,4.1452578125,48.867578125,49.81703125,28.1328125,14.921875,0.0064375,181.09
1083,EV_109,DR524455_25,0,128,0.33132900219756933,0.24007920568564317,False,355.3277265625,48.86953125,50.55046875,28.3828125,1830.0,3.974765625,4.13421875,39.63109375,41.4425,30.8671875,15.078125,0.0058984375,179.19
1084,EV_109,DR549817_11,0,128,0.33132900219756933,0.15870868806781416,False,371.7014609375,44.74609375,52.550546875,27.8828125,1734.703125,4.0694687499999995,4.141296875,43.163671875,45.030859375,31.046875,12.8125,0.004046875,179.29
1085,EV_110,DR436096_26,0,128,0.33132900219756933,0.14716528659417077,False,376.405234375,36.69140625,55.212265625,30.171875,1998.4375,3.985390625,4.1409375,45.587265625,49.031015625,29.8046875,17.6171875,0.006171875,181.09
1086,EV_108,DR624372_16,0,128,0.33132900219756933,0.2727946271006469,False,376.90634375,44.46484375,65.30828125,29.5703125,1713.046875,4.060890625,4.144359375,46.417578125,50.26609375,31.1953125,15.3515625,0.00571875,182.02
1087,EV_109,DR549817_14,0,128,0.33132900219756933,0.2239747238758397,False,365.29744531250003,39.1953125,47.290625,30.40625,2031.71875,4.0865,4.1428046875,48.963515625,50.544296875,32.703125,16.6796875,0.0059609375,179.29
1088,EV_109,DR549817_7,0,128,0.33132900219756933,0.09909837737787414,False,373.5179453125,53.81015625,60.1328125,27.61328125,1796.6015625,4.0685859375,4.1350234375,45.339140625,46.72578125,32.7890625,15.703125,0.0055078125,179.29
1089,EV_110,DR436096_31,0,128,0.33132900219756933,0.20354414257731393,False,365.0836015625,54.078125,45.69765625,35.109375,2443.2421875,3.9278515625,4.103515625,41.226796875,42.073671875,34.171875,14.6875,0.00490625,181.09
1090,EV_108,DR380742_19,0,128,0.33132900219756933,0.24286431817539156,False,368.5895078125,42.109375,50.690546875,29.21875,1899.765625,3.913296875,4.1227890625,45.81546875,47.2790625,29.6171875,17.578125,0.0053671874999999996,181.95
1091,EV_108,DR424318_13,0,128,0.33132900219756933,0.22111528316325987,False,369.2863984375,50.40234375,49.454765625,30.2734375,1983.984375,4.107203125,4.1468671875,48.791796875,50.051484375,31.09375,14.5703125,0.0053281249999999995,183.46
1092,EV_108,DR624372_22,0,128,0.33132900219756933,0.1809725184138613,False,377.4586640625,47.1015625,52.0571875,33.296875,2231.25,4.0111796875,4.1417421875,41.981484375,42.902734375,32.2734375,15.8203125,0.004890625,182.02
1093,EV_108,DR424318_10,0,128,0.33132900219756933,0.37481867262049545,False,353.268703125,32.884375,54.403359375,25.7890625,1657.265625,3.422765625,4.339140625,47.025234375000004,48.533671875,26.484375,17.734375,0.00584375,183.46
1094,EV_110,DR393518_25,0,128,0.33132900219756933,0.2407258442901468,False,368.45033593750003,43.3625,40.419921875,28.6796875,1826.875,3.796875,4.1420859375,42.230859375,43.982734375,30.515625,19.7265625,0.0065625,181.09
1095,EV_110,DR393518_16,0,128,0.33132900219756933,0.15340579510878152,False,379.2882421875,46.1609375,62.665234375,29.65234375,1873.125,4.046390625,4.145140625,40.869609375,42.75890625,32.734375,15.8984375,0.0052265625,181.09
1096,EV_109,DR770601_14,0,128,0.33132900219756933,0.11894734114161301,False,372.9052890625,50.24609375,55.2275,31.0703125,2096.09375,4.047578125,4.142265625,42.212890625,44.882421875,32.4921875,14.6484375,0.0061953125,179.24
1097,EV_109,DR770601_11,0,128,0.33132900219756933,0.17196132561984684,False,379.252453125,38.1484375,61.08375,29.2578125,1882.8125,4.100015625,4.1467265625,48.278984375,50.657734375,31.109375,16.1328125,0.0061796875,179.24
1098,EV_101,DR405429_12,0,128,0.3278096724688042,0.14800023883484306,False,373.5898359375,41.384375,66.589140625,30.58984375,2019.671875,4.1074453125,4.1449375,42.112421875,42.9146875,28.9609375,17.5,0.0063125,186.25
1099,EV_101,DR141978_10,0,128,0.3278096724688042,0.14623923611633013,False,389.2779921875,41.54453125,72.69015625,28.359375,1811.3671875,4.0950859375,4.144671875,47.748046875,48.35765625,28.8046875,19.53125,0.006140625,186.34
1100,EV_101,DR405429_9,0,128,0.3278096724688042,0.11225605027408467,False,387.702515625,37.040625,72.01328125,29.765625,1976.328125,4.1019296875,4.1438749999999995,47.7553125,49.289765625,29.703125,17.7734375,0.0066796875,186.25
1101,EV_110,DR104166_14,0,128,0.3278096724688042,0.1692139290207639,False,387.32246875,39.9515625,68.121484375,29.87890625,2116.1328125,4.1620156249999996,4.2129296875,46.41640625,47.800234375,27.7421875,17.1484375,0.0069765625,181.09
1102,EV_110,DR436096_17,0,128,0.3278096724688042,0.12945900153363823,False,388.1884921875,43.92578125,71.034140625,29.140625,1889.0625,4.125953125,4.1593046875,45.4815625,45.963125,30.140625,15.3515625,0.0056171875,181.09
1103,EV_101,DR156863_13,0,128,0.3278096724688042,0.2073740770711818,False,391.9729140625,38.9375,74.531328125,26.375,1676.40625,4.125859375,4.1533046875,51.615234375,54.898046875,28.75,16.25,0.0055078125,186.45
1104,EV_110,DR104166_10,0,128,0.3278096724688042,0.18252645986839297,False,392.3662265625,40.91640625,75.26875,30.3515625,1877.578125,4.0298437499999995,4.146171875,42.8340625,44.288203125,29.6640625,16.40625,0.0053515624999999995,181.09
1105,EV_108,DR624372_8,0,128,0.3278096724688042,0.1624904570829927,False,388.2966796875,40.38671875,80.589453125,30.5625,1969.171875,4.1172109375,4.1484609375,48.456875,49.094609375,28.234375,17.75,0.00678125,182.02
1106,EV_101,DR405429_13,0,128,0.3278096724688042,0.1638219936553415,False,386.8313203125,46.06640625,65.0684375,30.75,2132.5,4.0983203125,4.1451015625,49.141875,50.74578125,32.5546875,18.0859375,0.0058984375,186.25
1107,EV_101,DR405429_8,0,128,0.3278096724688042,0.1871984557386014,False,388.2654609375,43.796875,73.586015625,29.703125,2008.75,4.0951953125,4.1441953125,39.204140625,40.087578125,29.5859375,15.5859375,0.005265625,186.25
1108,EV_101,DR405429_16,0,128,0.3278096724688042,0.1579499554505209,False,379.33278125,47.3359375,60.297421875,31.875,2190.0,4.087515625,4.146109375,48.863671875,50.69828125,32.4609375,14.5703125,0.006234375,186.25
1109,EV_110,DR436096_14,0,128,0.3278096724688042,0.16762885441139566,False,390.392375,37.19140625,75.69109375,29.7734375,1930.078125,4.1200390625,4.1470234375,48.521796875,49.571015625,29.53125,15.15625,0.0052578125,181.09
1110,EV_110,DR436096_11,0,128,0.3278096724688042,0.19881195802809257,False,379.55346875,56.5703125,81.528671875,34.3828125,2236.5625,4.0744140625,4.1413671875,46.11734375,48.048828125,33.203125,16.8125,0.0060546875,181.09
1111,EV_101,DR156863_12,0,128,0.3278096724688042,0.15311271418843608,False,391.78110937499997,39.14375,76.146953125,27.40234375,1740.28125,4.062,4.137515625,44.98921875,47.789765625,29.21875,20.0390625,0.0072968749999999995,186.45
1112,EV_108,DR624372_5,0,128,0.3278096724688042,0.23153690323452664,False,377.0088828125,43.3828125,85.95515625,30.9375,2039.84375,4.089171875,4.265328125,45.538671875,46.200546875,29.8125,16.171875,0.0063203124999999995,182.02
1113,EV_102,RC829501_5,1,128,0.3220455639635233,0.18456065351511816,False,444.8421953125,-0.9578125,97.575078125,0.0,0.0,4.4486796875,4.4497265625,63.71890625,63.94609375,0.0,0.0,0.0,193.65
1114,EV_105,RC558082_18,1,128,0.3220455639635233,0.21250055517327152,False,444.811953125,-1.76171875,96.8978125,0.0,0.0,4.44708828125,4.44944140625,51.924921875,62.591796875,0.0,0.0,0.0,195.09
1115,EV_102,RC402318_7,1,128,0.3220455639635233,0.19823177508427756,False,444.897890625,-4.26015625,73.935078125,0.0,0.0,4.4484375,4.44996875,61.727265625,63.75828125,0.0,0.0,0.0,193.57
1116,EV_105,RC558082_19,0,128,0.3220455639635233,0.21977962889734592,False,444.85175,-1.3859375,98.171640625,0.0,0.0,4.4459687500000005,4.4490078125000005,53.858046875,64.521953125,0.0,0.0,0.0,195.09
1117,EV_105,RC393303_4,1,128,0.3220455639635233,0.22655774537266887,False,444.172015625,-3.39609375,84.169375,0.0,0.0,4.4366953125,4.4445703125,60.6296875,60.7859375,0.0,0.0,0.0,195.13
1118,EV_105,RC393303_3,1,128,0.3220455639635233,0.22747567716899014,False,444.6056640625,-25.346875,70.51859375,0.0,0.0,4.431171875,4.448921875,63.91875,64.055859375,0.0,0.0,0.0,195.13
1119,EV_105,RC393303_2,1,128,0.3220455639635233,0.3883816406578635,False,444.517078125,-3.25625,61.891171875,0.0,0.0,4.0763125,4.4453203125,59.950078125,62.156484375,0.0,0.0,0.0,195.13
1120,EV_104,RC933646_3,1,128,0.3220455639635233,0.32476526508973175,False,444.6188515625,-11.82578125,81.31328125,0.0,0.0,4.3829062500000004,4.4485,54.82609375,57.650234375,0.0,0.0,0.0,202.74
1121,EV_104,RC859876_3,1,128,0.3220455639635233,0.28401565188627725,False,444.8044921875,-1.60703125,97.909609375,0.0,0.0,4.44637015625,4.449393359375,63.490078125000004,64.908828125,0.0,0.0,0.0,202.74
1122,EV_104,RC859876_2,1,128,0.3220455639635233,0.2862631043089826,False,442.5104609375,-1.90859375,95.413046875,0.0,0.0,4.4344609375,4.4433359375,56.76921875,59.76765625,0.0,0.0,0.0,202.74
1123,EV_104,RC487807_14,1,128,0.3220455639635233,0.25769660201981576,False,444.925203125,-1.72734375,93.298671875,0.0,0.0,4.4445078125,4.45,59.383984375,60.6509375,0.0,0.0,0.0,202.74
1124,EV_104,RC223134_2,1,128,0.3220455639635233,0.3360275402597083,False,443.80009375,-24.425,87.55734375,0.0,0.0,4.427953125,4.440734375,56.13671875,56.7390625,0.0,0.0,0.0,202.74
1125,EV_102,RC402318_18,1,128,0.3220455639635233,0.16368105299310956,False,444.8704375,-2.07109375,94.045703125,0.0,0.0,4.4476562500000005,4.44978125,57.51921875,57.8184375,0.0,0.0,0.0,193.57
1126,EV_104,RC487807_15,1,128,0.3220455639635233,0.25618083753324555,False,444.915015625,-1.27421875,94.454296875,0.0,0.0,4.4486640625,4.45,61.2434375,62.59140625,0.0,0.0,0.0,202.74
1127,EV_102,RC402318_8,1,128,0.3220455639635233,0.23603339748727298,False,444.934328125,-3.2109375,75.10671875,0.0,0.0,4.4491484375,4.44958984375,64.761328125,65.0,0.0,0.0,0.0,193.57
1128,EV_102,RC419723_3,1,128,0.3220455639635233,0.4353286227198823,False,435.7534296875,-108.084375,58.93546875,0.0,0.0,4.438515625,4.45,64.99921875,65.0,0.0,0.0,0.0,193.8
1129,EV_102,RC829501_4,1,128,0.3220455639635233,0.19520723409994473,False,444.725875,-2.29765625,95.46328125,0.0,0.0,4.44731171875,4.448871875,63.365546875,64.914140625,0.0,0.0,0.0,193.65
1130,EV_102,RC829501_3,1,128,0.3220455639635233,0.20250762475671305,False,444.571546875,-16.1203125,91.08640625,0.0,0.0,4.4426640625000005,4.4483984375,62.294765625,64.854375,0.0,0.0,0.0,193.65
1131,EV_105,RC558082_20,1,128,0.3220455639635233,0.22539866912948492,False,444.8576484375,-1.0796875,99.2075,0.0,0.0,4.4491171875,4.4498203125,55.341171875,65.0,0.0,0.0,0.0,195.09
1132,EV_110,DR104166_22,0,128,0.3195986003207195,0.2340789365049924,False,345.2883671875,81.33515625,51.2084375,113.69609375,5125.75,4.0989296875,4.4209140625000005,65.0,65.0,40.609375,1.2265625,0.0046875,181.09
1133,EV_110,DR104166_20,0,128,0.3195986003207195,0.3122239305930743,False,304.2870703125,83.996875,55.412890625,106.0359375,4773.6796875,4.1181015625,4.4425390625,64.999453125,65.0,43.2265625,1.40625,0.002734375,181.09
1134,EV_101,DR141978_21,0,128,0.3195986003207195,0.13211542917994454,False,339.4830390625,91.65859375,44.740703125,110.75078125,4988.828125,4.2101953125,4.4209140625,65.0,65.0,44.109375,1.8359375,0.006640625000000001,186.34
1135,EV_101,DR141978_22,0,128,0.3195986003207195,0.20723185184033854,False,334.12909375,82.0140625,42.36125,109.63359375,4936.09375,4.204578125,4.4335078125,64.998828125,65.0,46.9921875,2.08984375,0.00671875,186.34
1136,EV_106,RC545024_9,1,128,0.3166596745625865,0.2785362612007181,False,444.950234375,-4.21171875,86.17265625,0.0,0.0,4.4483359375000004,4.45,44.1680859375,45.9882421875,0.0,0.0,0.0,173.9
1137,EV_106,RC561349_4,1,128,0.3166596745625865,0.4714090591176125,False,444.1720625,-62.64375,80.580078125,0.0,0.0,4.4310937500000005,4.447421875,44.427890625,50.130234375,0.0,0.0,0.0,165.67
1138,EV_108,RC748437_4,1,128,0.3166596745625865,0.45454949301901737,False,444.12703125,-47.596875,88.87578125,0.0,0.0,4.3974765625,4.4471328125000005,53.295390625,57.071015625,0.0,0.0,0.0,172.76
1139,EV_106,RC362689_14,1,128,0.3166596745625865,0.3113819909328821,False,444.9179921875,-1.76171875,90.40734375,0.0,0.0,4.4494015625,4.44991640625,42.35359375,44.561015625,0.0,0.0,0.0,173.9
1140,EV_106,RC545024_11,1,128,0.3166596745625865,0.17457820959224324,False,444.9039765625,-2.03984375,89.08328125,0.0,0.0,4.4457015625,4.4497890625,49.75984375,51.588828125,0.0,0.0,0.0,173.9
1141,EV_106,RC545024_10,1,128,0.3166596745625865,0.2252122155277934,False,444.9266328125,-2.1453125,87.492109375,0.0,0.0,4.44893046875,4.4496640625,46.5490234375,48.4455859375,0.0,0.0,0.0,173.9
1142,EV_106,RC362689_17,1,128,0.3166596745625865,0.22412185398126358,False,444.881546875,-1.4296875,94.294765625,0.0,0.0,4.444234375000001,4.4497421875,47.6891484375,49.9845390625,0.0,0.0,0.0,173.9
1143,EV_106,RC362689_16,1,128,0.3166596745625865,0.24217703455855258,False,444.9305,-1.83046875,93.17984375,0.0,0.0,4.447296875,4.4499609375,46.0614453125,48.3297265625,0.0,0.0,0.0,173.9
1144,EV_106,RC362689_15,1,128,0.3166596745625865,0.27502776483230734,False,444.915203125,-1.82734375,91.7646875,0.0,0.0,4.444828125,4.4499375,44.314609375,46.558984375,0.0,0.0,0.0,173.9
1145,EV_107,RC358893_10,1,128,0.3166596745625865,0.1603988633465564,False,444.863921875,-2.01875,87.83,0.0,0.0,4.448828125,4.4498828125,47.581953125,51.6575,0.0,0.0,0.0,176.27
1146,EV_107,RC358893_11,1,128,0.3166596745625865,0.13842303118724225,False,444.9375546875,-2.41640625,89.16328125,0.0,0.0,4.4493984375,4.45,49.9452734375,54.0040234375,0.0,0.0,0.0,176.27
1147,EV_106,RC545024_12,1,128,0.3166596745625865,0.15667240569934157,False,444.9182890625,-0.6765625000000001,90.35359375,0.0,0.0,4.447209375,4.44994140625,52.8378125,54.588671875,0.0,0.0,0.0,173.9
1148,EV_109,RC908686_3,1,128,0.3166596745625865,0.39692757649782057,False,443.7783671875,-0.91875,96.39796875,0.0,0.0,4.44115625,4.444109375,41.67890625,42.83515625,0.0,0.0,0.0,179.24
1149,EV_109,RC872449_2,1,128,0.3166596745625865,0.19979372861693778,False,444.239359375,-5.0453125,72.3609375,0.0,0.0,4.4340859375,4.4444609375,52.646171875,53.899609375,0.0,0.0,0.0,179.19
1150,EV_109,RC872449_3,1,128,0.3166596745625865,0.11844234760851997,False,444.4123515625,-4.6375,81.3409375,0.0,0.0,4.4009921875,4.4220546875,55.2559375,57.0328125,0.0,0.0,0.0,179.19
1151,EV_109,RC872449_4,1,128,0.3166596745625865,0.16275034096709085,False,444.58640625,-4.5359375,85.52984375,0.0,0.0,4.44321875,4.44943359375,59.4296875,60.43796875,0.0,0.0,0.0,179.19
1152,EV_109,RC872449_5,1,128,0.3166596745625865,0.16853901856116651,False,442.5844375,-2.41796875,88.485234375,0.0,0.0,4.41722421875,4.41871484375,59.031328125,60.055546875,0.0,0.0,0.0,179.19
1153,EV_109,RC908686_2,1,128,0.3166596745625865,0.20350108499901617,False,444.4804375,-1.98203125,87.347578125,0.0,0.0,4.44534375,4.4477578125,56.76171875,58.40625,0.0,0.0,0.0,179.24
1154,EV_107,RC358893_13,1,125,0.3166596745625865,0.1427989068614298,False,444.747384,-1.6128,91.84728,0.0,0.0,4.442672000000001,4.448832,53.63936,57.717040000000004,0.0,0.0,0.0,176.27
1155,EV_110,RC266002_4,1,128,0.3166596745625865,0.20152525255868328,False,444.027546875,-3.14921875,76.949140625,0.0,0.0,4.4444609375,4.44665625,59.5296875,59.70390625,0.0,0.0,0.0,181.09
1156,EV_110,RC266002_6,1,128,0.3166596745625865,0.28456123939593336,False,444.23785937499997,-22.63671875,86.799609375,0.0,0.0,4.4434296875,4.447421875,51.33125,55.28828125,0.0,0.0,0.0,181.09
1157,EV_110,RC266002_7,1,128,0.3166596745625865,0.41961042460992193,False,443.778171875,-19.228125,97.946875,0.0,0.0,4.438046875,4.4413984375,55.5828125,57.840625,0.0,0.0,0.0,181.09
1158,EV_110,RC350963_3,1,128,0.3166596745625865,0.433958493085172,False,439.854828125,-2.6875,93.517734375,0.0,0.0,4.02215625,4.4057578125,50.03125,50.8328125,0.0,0.0,0.0,181.09
1159,EV_110,RC988002_5,1,128,0.3166596745625865,0.3714298845122236,False,444.764859375,-21.0390625,84.01953125,0.0,0.0,4.4482015625,4.4489109375,44.5867578125,46.5867578125,0.0,0.0,0.0,181.09
1160,EV_107,RC358893_12,1,128,0.3166596745625865,0.12086916564705981,False,444.774515625,-1.97109375,90.350625,0.0,0.0,4.44538515625,4.4497421875,51.737421875,55.78296875,0.0,0.0,0.0,176.27
1161,EV_106,RC362689_18,1,128,0.3166596745625865,0.19938418571030816,False,444.925671875,-1.21484375,95.297109375,0.0,0.0,4.446375000000001,4.4499843750000005,49.3383984375,51.6367578125,0.0,0.0,0.0,173.9
1162,EV_107,RC358893_14,1,128,0.3166596745625865,0.1544438893588807,False,444.7450390625,-1.68203125,93.322109375,0.0,0.0,4.44839453125,4.4497265625,55.952109375,59.996171875,0.0,0.0,0.0,176.27
1163,EV_107,RC358893_8,1,128,0.3166596745625865,0.2611443081455794,False,444.951828125,-1.865625,85.08578125,0.0,0.0,4.42896484375,4.44997265625,43.406390625,47.5112734375,0.0,0.0,0.0,176.27
1164,EV_108,RC386274_16,1,128,0.3166596745625865,0.24290850404555653,False,444.865546875,-1.6890625,91.995703125,0.0,0.0,4.44786796875,4.448921875,60.0204921875,63.6959765625,0.0,0.0,0.0,183.46
1165,EV_108,RC386274_15,1,128,0.3166596745625865,0.23161499032954863,False,444.8799609375,-1.3335937500000001,90.917890625,0.0,0.0,4.44550234375,4.448961718750001,58.1127734375,63.7851171875,0.0,0.0,0.0,183.46
1166,EV_108,RC386274_14,1,128,0.3166596745625865,0.17063443188169564,False,444.804890625,-1.43515625,89.562890625,0.0,0.0,4.4480859375,4.449890625,55.329140625,61.118359375,0.0,0.0,0.0,183.46
1167,EV_108,RC386274_13,1,128,0.3166596745625865,0.1338607056636022,False,444.7973828125,-3.959375,88.255625,0.0,0.0,4.4461875,4.4491640625,51.387578125,57.3178125,0.0,0.0,0.0,183.46
1168,EV_108,RC386274_12,1,128,0.3166596745625865,0.16032910015899426,False,444.9402734375,-3.725,86.592890625,0.0,0.0,4.4495234375,4.44996875,48.4546171875,54.309765625,0.0,0.0,0.0,183.46
1169,EV_108,RC386274_11,1,128,0.3166596745625865,0.2120583362949806,False,444.8659765625,-3.1953125,85.245078125,0.0,0.0,4.377578125,4.4213671875000005,46.434625,52.284859374999996,0.0,0.0,0.0,183.46
1170,EV_107,RC358893_15,1,128,0.3166596745625865,0.2124411923486031,False,444.87835156250003,-1.415625,94.249453125,0.0,0.0,4.44763125,4.4495234375,57.831453125,61.93090625,0.0,0.0,0.0,176.27
1171,EV_108,RC386274_17,1,128,0.3166596745625865,0.25276806498934273,False,444.9182734375,-1.54609375,93.079609375,0.0,0.0,4.44789921875,4.4499843750000005,61.44265625,61.506328125,0.0,0.0,0.0,183.46
1172,EV_107,RC358893_9,1,128,0.3166596745625865,0.20999938714539176,False,444.8963671875,-2.696875,86.453515625,0.0,0.0,4.44744921875,4.45,45.13796875,49.230546875,0.0,0.0,0.0,176.27
1173,EV_107,RC620279_8,1,128,0.3166596745625865,0.2703304596716407,False,444.1584296875,-52.92578125,80.803125,0.0,0.0,4.438828125000001,4.45,54.40453125,61.075703125,0.0,0.0,0.0,176.27
1174,EV_109,DR524455_6,0,128,0.31447876536906183,0.29427381526782975,False,385.4258359375,45.6328125,84.7965625,31.828125,2037.578125,4.1032109375,4.1476328125,60.0915625,62.543671875,31.8203125,14.8828125,0.00525,179.19
1175,EV_101,DR405429_5,0,128,0.31447876536906183,0.1117330450963945,False,389.7822578125,51.42578125,78.542109375,32.03125,2057.421875,4.055265625,4.1415468749999995,57.201953125,58.36953125,32.1171875,14.078125,0.006765625,186.25
1176,EV_108,DR624372_7,0,128,0.31447876536906183,0.15463753586850332,False,386.6168359375,40.65625,82.45765625,29.3828125,1919.6875,4.107515625,4.1461328125,57.14640625,57.78828125,30.4140625,18.1640625,0.0068125,182.02
1177,EV_101,DR141978_9,0,128,0.31447876536906183,0.10143273188078228,False,389.2781171875,51.78125,74.327890625,28.46484375,1836.2109375,4.1113828125000005,4.1465,57.833671875,59.64359375,31.5078125,16.6796875,0.0054296875000000005,186.34
1178,EV_110,DR436096_13,0,128,0.31447876536906183,0.23710523676399767,False,391.89825,43.95078125,77.313125,29.015625,1812.5,4.1133515625,4.14696875,60.9896875,62.50296875,30.484375,17.265625,0.0063828125,181.09
1179,EV_110,DR824332_9,0,128,0.31447876536906183,0.16273087210842885,False,387.0266875,39.62890625,74.034609375,25.8125,1627.5,4.1118203125,4.1472109375,55.693203125000004,57.18328125,29.9296875,16.7578125,0.0051875,181.09
1180,EV_101,DR405429_7,0,128,0.31447876536906183,0.11642233012572359,False,392.56028125,39.45078125,75.14078125,29.7734375,1999.53125,4.10578125,4.1467265625,59.275703125,60.2059375,28.4453125,15.875,0.006046875,186.25
1181,EV_101,DR141978_12,0,128,0.31447876536906183,0.16617345052900445,False,381.3787109375,38.4203125,69.063515625,28.640625,1854.0625,4.1932421875,4.2453125,59.759140625,60.3896875,30.03125,17.96875,0.0058203125,186.34
1182,EV_109,DR770601_3,0,128,0.31447876536906183,0.19879934201390495,False,382.9220078125,39.01171875,79.81796875,26.9375,1720.3125,4.0978515625,4.1692578125,58.50265625,60.2084375,29.421875,18.3203125,0.0055390625,179.24
1183,EV_108,DR624372_10,0,128,0.31447876536906183,0.17104842534052203,False,394.1735859375,40.97734375,77.45671875000001,30.65234375,1994.6484375,4.1088125,4.146578125,55.458984375,56.353671875,30.078125,15.3125,0.0047109375,182.02
1184,EV_108,DR424318_11,0,128,0.3130507182029335,0.6270103672585414,False,372.15825,43.12734375,52.5959375,29.265625,1844.8125,3.7063828125,4.31278125,54.386875,56.906328125,28.9609375,19.609375,0.00571875,183.46
1185,EV_108,DR424318_16,0,128,0.3130507182029335,0.19810170899023982,False,373.7394296875,48.61171875,44.36765625,29.671875,1954.921875,4.082796875,4.1483984375,48.968046875,50.58859375,32.25,17.109375,0.0065859375,183.46
1186,EV_109,DR219828_16,0,128,0.3130507182029335,0.476644143135738,False,352.9356484375,37.92421875,66.703671875,26.6890625,1711.484375,4.00484375,4.3179296875,46.053828125,47.70609375,29.8984375,17.7734375,0.0073359375000000004,179.12
1187,EV_109,DR524455_26,0,128,0.3130507182029335,0.22121126905921035,False,371.2162109375,42.06640625,48.9678125,26.16015625,1629.6875,4.03125,4.14640625,51.14875,53.18859375,27.9453125,15.1171875,0.0056484375,179.19
1188,EV_108,DR624372_23,0,128,0.3130507182029335,0.18579716637209226,False,375.2396640625,39.41796875,50.611015625,27.96875,1625.0,4.0911640625,4.140421875,51.502265625,52.9940625,30.375,17.421875,0.006640625,182.02
1189,EV_108,DR380742_20,0,128,0.3130507182029335,0.1411955108305797,False,369.5219609375,48.484375,49.022890625,31.7734375,2050.625,3.9528906249999998,4.144765625,51.4759375,53.46484375,32.625,15.546875,0.0062109375,181.95
1190,EV_101,DR141978_16,0,128,0.3130507182029335,0.19388019728923558,False,368.70440625,51.9828125,56.69296875,30.6328125,1980.859375,4.1713125,4.226109375,53.620390625,55.572109375,32.1953125,17.5390625,0.0075078125,186.34
1191,EV_102,RC829501_1,1,128,0.3125486279147027,0.3191883833182401,False,413.595765625,-56.11171875,47.891875,0.0,0.0,3.8486875,3.9255078125,48.158046875,51.221328125,0.0,0.0,0.0,193.65
1192,EV_102,DR463078_14,0,128,0.31185047153855644,0.1620517999862054,False,385.9778046875,54.3453125,68.87515625,30.8515625,2000.2109375,4.1041640625,4.1529296875,55.746953125,56.648203125,32.5859375,15.8984375,0.00696875,193.73
1193,EV_105,DR692730_11,0,128,0.31185047153855644,0.1739485922723611,False,371.1719140625,41.34765625,63.732421875,27.96875,1842.96875,4.1236484375,4.1579765625,49.964921875,52.962578125,30.4921875,17.734375,0.0068203125,195.09
1194,EV_105,DR962985_18,0,128,0.31185047153855644,0.09739624510739749,False,375.440359375,43.9921875,61.378125,28.59375,1803.4375,4.036390625,4.143859375,57.377109375,60.94046875,31.6015625,16.40625,0.0053281249999999995,194.88
1195,EV_102,DR132061_18,0,128,0.31185047153855644,0.1154330368694345,False,379.3903828125,37.796875,67.929140625,30.203125,1908.7109375,4.0989140625,4.1468515625,56.74390625,59.74390625,28.546875,16.328125,0.0063906250000000005,193.57
1196,EV_105,DR692730_12,0,128,0.31185047153855644,0.10953236523818217,False,375.4268046875,48.5234375,61.92046875,28.93359375,1860.0,4.087328125,4.15025,58.627421875,62.004453125,31.4453125,15.234375,0.0054375,195.09
1197,EV_102,DR454207_14,0,128,0.31185047153855644,0.12666273758438337,False,377.51125,47.25390625,57.927890624999996,30.8515625,1927.984375,3.9201171875,4.1622109375,58.406640625,60.557734375,34.5859375,16.7578125,0.0062734375,193.65
1198,EV_105,DR314668_12,0,128,0.31185047153855644,0.14189963451453752,False,386.1221171875,46.23828125,72.46796875,30.390625,1914.4453125,4.0899375000000004,4.1461015625,57.817109375,60.22296875,31.0625,14.546875,0.006,194.98
1199,EV_105,DR962985_24,0,128,0.31185047153855644,0.16371072898184058,False,369.835640625,43.31015625,50.50296875,28.8046875,1864.0625,4.03203125,4.140625,56.61125,59.158515625,28.75,15.1171875,0.0056328125,194.88
1200,EV_105,DR277200_8,0,128,0.31185047153855644,0.2454644529742905,False,373.182875,40.30234375,51.08890625,28.640625,1791.328125,4.0857109375,4.1980390625,62.60640625,64.030546875,29.0234375,17.5,0.006296875,195.13
1201,EV_102,DR132061_20,0,128,0.31185047153855644,0.08018285183696702,False,372.9925078125,49.63671875,64.287578125,29.92578125,1876.203125,4.0850546875,4.1465390625000005,55.240625,57.01609375,32.578125,15.234375,0.0057890625,193.57
1202,EV_105,DR962985_21,0,128,0.31185047153855644,0.14027415879555913,False,371.0670234375,53.11328125,55.958125,30.34375,1856.640625,4.0975234375,4.14596875,56.789765625,57.714609375,30.9765625,16.6796875,0.006484375,194.88
1203,EV_102,DR132061_15,0,128,0.31185047153855644,0.14066115036379895,False,380.607734375,42.26953125,73.412578125,29.4140625,1874.84375,4.1060234375,4.1475703125,58.12265625,60.344765625,30.703125,16.09375,0.00559375,193.57
1204,EV_102,DR132061_23,0,128,0.31185047153855644,0.11330878039014283,False,375.192546875,43.57421875,58.673359375,27.94921875,1818.984375,4.100734375,4.1457578125,55.398203125,60.135625,31.7578125,17.1796875,0.006453125,193.57
1205,EV_103,DR993039_15,0,128,0.31185047153855644,0.1241682732699542,False,383.5341640625,52.83203125,64.950078125,29.8515625,2041.796875,4.1071171875,4.144578125,57.96140625,59.746796875,33.125,16.8359375,0.004859375,195.77
1206,EV_102,DR463078_19,0,128,0.31185047153855644,0.13156941263428903,False,375.786734375,49.7671875,58.58375,32.4453125,2094.03125,4.0708203124999995,4.1425,56.6621875,58.6,32.75,12.1484375,0.00359765625,193.73
1207,EV_103,DR993039_18,0,128,0.31185047153855644,0.13790861001428117,False,372.9553125,43.6640625,58.993828125,27.140625,1733.7109375,4.1081875,4.14553125,55.2490625,56.824609375,27.890625,18.671875,0.0076875,195.77
1208,EV_102,DR463078_16,0,128,0.31185047153855644,0.16641203848356187,False,369.407640625,50.44140625,64.95421875,32.3125,2123.046875,4.049921875,4.142734375,50.92125,53.048359375,32.046875,15.3515625,0.0058984375,193.73
1209,EV_102,DR463078_17,0,128,0.31185047153855644,0.10989051474496589,False,373.383796875,49.46875,62.80921875,31.32421875,2003.90625,4.0773828125,4.145546875,59.134296875,61.3840625,33.203125,16.953125,0.0058203125,193.73
1210,EV_105,DR962985_6,0,128,0.3107468362318253,0.15484728560319455,False,382.702140625,47.61953125,90.977890625,28.9140625,1835.15625,4.103015625,4.146625,49.933046875,51.441015625,32.3828125,16.09375,0.00596875,194.88
1211,EV_105,DR692730_5,0,128,0.3107468362318253,0.22420636171647543,False,387.415640625,42.0734375,87.621953125,25.34375,1604.609375,3.6970859375000003,4.142078125,54.460078125,56.25171875,28.7265625,19.0234375,0.0073750000000000005,195.09
1212,EV_103,DR173144_12,0,128,0.3107468362318253,0.19461528597678618,False,388.2108046875,41.9140625,80.353671875,26.33203125,1725.8203125,4.1099296875,4.1460546874999995,50.326875,51.737578125,29.2734375,18.1640625,0.006171875,195.72
1213,EV_102,DR463078_5,0,128,0.3107468362318253,0.15477030235738864,False,371.7041953125,47.12890625,92.56890625,29.390625,1918.359375,4.0842578125,4.1441015625,49.66734375,54.079765625,30.6328125,18.3984375,0.007734375,193.73
1214,EV_105,DR314668_1,0,128,0.3107468362318253,0.33327797412519866,False,387.4038984375,41.4734375,99.219453125,29.03125,1904.140625,3.7505234375,3.9541875,47.448984375,48.355,31.2578125,17.8125,0.007390625,194.98
1215,EV_105,DR314668_10,0,128,0.3107468362318253,0.29057028740528357,False,392.754375,39.95703125,76.0025,27.421875,1842.5390625,3.9195546875000002,4.056578125,42.91421875,45.16421875,30.2578125,18.125,0.0053750000000000004,194.98
1216,EV_105,DR314668_11,0,128,0.3107468362318253,0.2499621196062057,False,392.26746875,42.46484375,74.218984375,29.5,1929.140625,4.06546875,4.1477265625,49.5621875,51.7925,30.15625,17.578125,0.0072578125,194.98
1217,EV_102,DR463078_2,0,128,0.3107468362318253,0.16887436087917765,False,388.3886328125,38.9546875,97.490234375,26.31640625,1676.3671875,3.724296875,4.077890625,51.0009375,55.989921875,28.6796875,18.9453125,0.0061171875,193.73
1218,EV_102,DR454207_5,0,128,0.3107468362318253,0.14174280256585317,False,388.64571875,34.17734375,86.35390625,25.9375,1651.1015625,4.0134765625,4.1183203125,50.45578125,53.327734375,29.578125,18.125,0.006609375,193.65
1219,EV_102,DR463078_1,0,128,0.3107468362318253,0.3576103771365061,False,395.5214765625,48.06796875,99.12671875,29.103125,1841.640625,3.589734375,3.795578125,42.938046875,47.336484375,31.875,18.046875,0.00609375,193.73
1220,EV_105,DR962985_11,0,128,0.3107468362318253,0.24858725281038135,False,384.9796484375,43.08984375,82.355,28.0234375,1831.640625,4.1128046875,4.38440625,49.581875,53.71453125,30.0078125,14.6640625,0.0061953125,194.88
1221,EV_110,DR824332_3,0,128,0.3014847577559327,0.2112377372901071,False,332.9577109375,86.859375,87.414375,112.8,4512.0,4.1266875,4.250953125,64.92578125,65.0,50.359375,2.7734375,0.008515625,181.09
1222,EV_101,DR141978_14,0,128,0.3014847577559327,0.29620576582797303,False,334.0674140625,105.075,63.330390625,114.39765625,6344.0546875,4.2189375,4.4058984375,64.858984375,64.99921875,44.2265625,3.7890625,0.01078125,186.34
1223,EV_109,DR219828_15,0,128,0.3014847577559327,0.2739652405800252,False,304.1902578125,94.534375,70.139921875,110.06875,4402.75,4.0200390624999995,4.2707265625,65.0,65.0,46.0234375,2.9609375,0.012890625,179.12
1224,EV_110,DR824332_4,0,128,0.3014847577559327,0.12079099171600162,False,328.7703828125,93.8890625,84.30890625,108.75703125,4350.296875,4.06578125,4.2840234375,64.998671875,65.0,47.578125,2.203125,0.008828125000000001,181.09
1225,EV_101,DR141978_4,0,128,0.3014847577559327,0.37217795119552316,False,338.9182734375,97.065625,90.66265625,114.51875,5277.375,3.7644609375,4.0079765625,63.7371875,64.165625,51.28125,3.65625,0.0125,186.34
1226,EV_108,DR380742_15,0,128,0.3014847577559327,0.2472555532954995,False,338.2643984375,79.96015625,63.204375,108.09140625,5404.5703125,3.950875,4.2378984375,65.0,65.0,44.7890625,3.0546875,0.0094140625,181.95
1227,EV_109,DR219828_20,0,128,0.3014847577559327,0.3475119843502844,False,336.243421875,93.534375,57.298203125,109.93203125,5011.03125,4.0017578125,4.173265625,64.84625,65.0,43.65234375,2.9609375,0.0153125,179.12
1228,EV_110,DR824332_5,0,128,0.3014847577559327,0.14758344389176173,False,327.84440625,86.85234375,81.99515625,108.765625,4350.625,4.007796875,4.298625,64.995546875,65.0,43.48046875,3.4375,0.012812500000000001,181.09
1229,EV_108,DR424318_4,0,128,0.3014847577559327,0.37515989862892624,False,312.6358203125,86.6046875,74.14546875,112.0375,4710.7578125,3.6067109375,4.1733203125,65.0,65.0,42.90625,4.5625,0.018828125,183.46
1230,EV_110,DR393518_9,0,128,0.3014847577559327,0.3212470938387168,False,319.110875,95.25390625,77.3309375,112.13203125,4766.9296875,3.45053125,4.397890625,65.0,65.0,44.921875,2.1328125,0.007578125,181.09
1231,EV_101,DR156863_10,0,128,0.3014847577559327,0.15003716834164676,False,340.1456875,101.8828125,82.353046875,113.3828125,4922.1484375,4.0988203125,4.1909453125,64.999453125,65.0,47.0,2.8203125,0.010781250000000001,186.45
1232,EV_110,DR436096_6,0,128,0.3014847577559327,0.24043650114244347,False,349.143734375,76.36875,90.349921875,109.15625,4366.375,4.0979453125,4.2317890625,64.315859375,64.77015625,45.84765625,1.828125,0.006796875,181.09
1233,EV_109,DR219828_14,0,128,0.3014847577559327,0.2085526419243992,False,316.5701484375,105.26484375,72.671484375,109.50390625,4380.15625,4.0399609375,4.208703125,64.996875,65.0,49.9296875,1.640625,0.0077734375,179.12
1234,EV_109,DR219828_13,0,128,0.3014847577559327,0.30515397331365685,False,351.5161015625,102.846875,76.5403125,108.55625,4342.328125,4.093015625,4.1714453125,63.883828125,64.605859375,52.3828125,2.20703125,0.008671875,179.12
1235,EV_109,DR770601_9,0,128,0.3014847577559327,0.22487363058388465,False,342.825796875,83.13359375,65.276328125,109.02734375,5451.3671875,4.021265625,4.2541328125,64.99921875,65.0,44.8046875,3.109375,0.0125,179.24
1236,EV_101,DR156863_11,0,128,0.3014847577559327,0.1287978844366891,False,324.899375,94.2046875,78.3796875,110.55546875,4783.3203125,4.058375,4.19934375,65.0,65.0,49.05078125,3.265625,0.012265625,186.45
1237,EV_108,DR424318_8,0,128,0.3014847577559327,0.2855250715802354,False,335.552765625,91.22578125,62.55234375,111.31171875,4805.8359375,3.583421875,4.2119687500000005,65.0,65.0,46.33984375,3.5625,0.011328125,183.46
1238,EV_110,DR104166_8,0,128,0.3014847577559327,0.2364430672896333,False,336.1079453125,95.4359375,80.5125,110.7,5602.7421875,4.0193359375,4.148828125,62.441953125,63.67359375,47.71875,3.2109375,0.010781250000000001,181.09
1239,EV_109,DR549817_4,0,128,0.3014847577559327,0.24988810308405435,False,318.78878906250003,113.01875,71.51,113.4203125,5104.421875,3.8050078125,4.1913359375,64.998125,65.0,48.33984375,2.046875,0.006328125,179.29
1240,EV_106,DR805018_6,0,128,0.30100788757733077,0.15168398107247216,False,383.8172890625,54.4375,78.2578125,31.3671875,2036.2578125,4.117890625,4.2139296875,48.365859375,50.110859375,33.4453125,14.0234375,0.0053124999999999995,173.9
1241,EV_106,DR402462_6,0,128,0.30100788757733077,0.26748275138672756,False,364.2632421875,48.76171875,87.703125,26.34375,1670.234375,4.0953671875,4.146734375,51.951171875,54.024140625,32.0078125,17.4609375,0.00715625,173.9
1242,EV_109,DR770601_4,0,128,0.30100788757733077,0.15045790083797275,False,386.166578125,42.328125,78.03015625,31.0078125,2012.65625,4.1099765625,4.1473281250000005,46.958984375,48.800546875,29.984375,18.0234375,0.006296875,179.24
1243,EV_109,DR524455_7,0,128,0.30100788757733077,0.20004007491961032,False,387.6671640625,52.3671875,83.035859375,33.546875,2260.390625,4.1033515625,4.14525,46.547109375,47.66765625,33.7109375,15.1171875,0.0054921875,179.19
1244,EV_106,DR558126_8,0,128,0.30100788757733077,0.1184454022809716,False,383.844609375,50.8703125,78.267265625,28.8984375,1858.984375,4.05546875,4.14609375,46.685,47.996953125,33.3203125,17.9296875,0.0069453125,173.9
1245,EV_106,DR402462_2,0,128,0.30100788757733077,0.29196322083532655,False,390.2776171875,39.63671875,94.975078125,27.8359375,1767.03125,4.0949453125,4.1464609375,39.45609375,44.30734375,30.921875,17.3046875,0.0064609375,173.9
1246,EV_106,DR558126_19,0,128,0.30100788757733077,0.21485285579343605,False,374.135046875,49.51953125,58.769765625,30.87109375,2012.890625,4.01609375,4.142421875,51.09890625,52.224375,32.2265625,15.859375,0.0053828125,173.9
1247,EV_106,DR558126_16,0,128,0.30100788757733077,0.19528182762267196,False,374.576953125,43.7765625,64.365390625,26.5859375,1715.546875,4.1060859375,4.1705390625,48.941640625,51.233984375,27.4765625,19.6875,0.0070078125,173.9
1248,EV_106,DR402462_3,0,128,0.30100788757733077,0.24974023239606835,False,381.3526484375,53.72265625,93.167890625,31.99375,2113.046875,4.0817578125,4.1457421875,47.441640625,52.381171875,35.140625,15.78125,0.004796875,173.9
1249,EV_106,DR558126_13,0,128,0.30100788757733077,0.11494351736820843,False,383.1789453125,46.8359375,69.441171875,28.8671875,1891.25,4.10403125,4.14671875,48.49953125,50.07390625,30.375,17.6171875,0.00734375,173.9
1250,EV_106,DR805018_8,0,128,0.30100788757733077,0.14273137454577706,False,388.176734375,49.30859375,74.49921875,30.47265625,1962.96875,4.0873671875,4.1446328125,50.166796875,51.579375,33.015625,16.578125,0.0057421875,173.9
1251,EV_110,DR393518_11,0,128,0.30100788757733077,0.23969285394096937,False,388.4537109375,43.96875,72.500625,28.44921875,1831.640625,3.6455078125,4.1420312500000005,48.811640625,50.947421875,30.4453125,15.5859375,0.005328125,181.09
1252,EV_107,DR139858_14,0,128,0.30100788757733077,0.2098602293787471,False,380.0854140625,45.3515625,69.646640625,26.546875,1707.03125,3.592171875,4.1452109375,49.56921875,51.27015625,28.375,16.5234375,0.005703125,176.14
1253,EV_109,DR524455_10,0,128,0.30100788757733077,0.17738644104237677,False,390.369578125,44.3671875,77.9475,31.84375,2129.6875,4.1043359375,4.1491640625,49.52515625,51.539140625,32.46875,15.4296875,0.0065625,179.19
1254,EV_107,DR139858_11,0,128,0.30100788757733077,0.2214081406917803,False,387.1927265625,40.93359375,74.84109375,27.96875,1769.5625,3.5409765625,4.14315625,45.672734375,48.5059375,28.0703125,17.6171875,0.005578125,176.14
1255,EV_109,DR219828_11,0,128,0.30100788757733077,0.17710617658552302,False,376.24775,40.44140625,81.584453125,29.0,1856.71875,4.1103359375,4.147,45.54625,48.24078125,27.6875,17.0078125,0.0056953125,179.12
1256,EV_107,DR139858_8,0,128,0.30100788757733077,0.2819860821497498,False,385.9124296875,44.48203125,80.2703125,29.4140625,1915.625,3.4110859375,4.1584609375,48.5415625,49.613828125,31.7578125,16.484375,0.00678125,176.14
1257,EV_107,DR705506_11,0,128,0.30100788757733077,0.1510672117476313,False,384.7269140625,38.8046875,70.543828125,30.796875,2019.53125,4.011015625,4.145546875,47.4846875,48.40921875,30.59375,16.1328125,0.006875,176.22
1258,EV_107,DR139858_5,0,128,0.30100788757733077,0.308283764374911,False,382.7885546875,39.01953125,85.67171875,26.71875,1717.890625,3.39328125,4.139609375,44.379296875,47.205390625,27.9375,17.109375,0.0063828125,176.14
1259,EV_109,DR524455_13,0,128,0.30100788757733077,0.1559276266692715,False,386.2358671875,39.44140625,73.04203125,26.99609375,1747.65625,4.1128515625,4.149078125,46.88765625,49.469140625,29.6328125,17.4609375,0.005375,179.19
1260,EV_109,DR524455_12,0,128,0.30099961410858533,0.17145031192895602,False,390.641953125,37.12109375,74.542265625,24.9296875,1673.046875,4.1142265625,4.147328125,55.35875,57.309375,29.3359375,16.9140625,0.0049765625,179.19
1261,EV_107,DR705506_15,0,128,0.30099961410858533,0.1772697312869991,False,384.87628125,35.58203125,63.5465625,27.5859375,1763.9453125,4.0869453125,4.1434765625,50.787890625,52.176171875,27.46875,17.6171875,0.0065546875,176.22
1262,EV_109,DR770601_13,0,128,0.30099961410858533,0.1786376816648951,False,370.9274140625,50.84765625,57.250625,32.8359375,2123.4375,4.0731796875,4.1427890625,59.402578125,60.802890625,33.5859375,17.03125,0.0063046875,179.24
1263,EV_106,DR558126_21,0,128,0.30099961410858533,0.21414354212478923,False,369.1945234375,46.34765625,54.886640625,27.3984375,1760.546875,4.080578125,4.142453125,55.595234375,56.75234375,28.9453125,16.0546875,0.006578125,173.9
1264,EV_106,DR558126_12,0,128,0.30099961410858533,0.1660734249185535,False,382.409125,40.93125,71.13171875,23.31640625,1493.359375,4.0832578125,4.145609375,56.590390625,58.355703125,27.71875,17.421875,0.0067734375,173.9
1265,EV_109,DR524455_9,0,128,0.30099961410858533,0.18203017271311264,False,381.5455546875,43.921875,79.551328125,28.1640625,1860.15625,4.081859375,4.1439921875,56.46390625,57.62609375,30.8359375,16.953125,0.005875,179.19
1266,EV_106,DR805018_12,0,128,0.30099961410858533,0.24352678965450572,False,384.963984375,51.51015625,66.975234375,33.78125,2157.4609375,4.0873984375,4.14403125,51.572578125,52.987421875,33.34375,14.1796875,0.0060703125,173.9
1267,EV_106,DR558126_10,0,128,0.30099961410858533,0.17973232401850148,False,386.832125,48.38828125,74.52984375,29.15625,1899.21875,4.1024296875,4.146578125,53.090234375,54.965703125,31.4765625,18.1640625,0.006890625,173.9
1268,EV_110,DR436096_22,0,128,0.30099961410858533,0.15298500544994847,False,381.79484375,45.66796875,62.50359375,30.8828125,1851.9296875,4.0644296875,4.14275,55.353671875,55.86046875,29.9765625,19.078125,0.006984375,181.09
1269,EV_110,DR436096_16,0,128,0.30099961410858533,0.32998053839334895,False,390.1818671875,38.20703125,72.567578125,28.02734375,1718.828125,4.1119453125,4.143765625,49.441015625,50.1465625,30.234375,17.8671875,0.007375,181.09
1270,EV_109,DR219828_18,0,128,0.30099961410858533,0.20786738640789149,False,375.043359375,47.7890625,62.71328125,30.3828125,1962.65625,3.74140625,4.130859375,56.3353125,57.913828125,33.0234375,15.15625,0.005875,179.12
1271,EV_106,DR558126_15,0,128,0.30099961410858533,0.1342497711924231,False,367.938859375,42.48828125,65.983671875,30.4765625,2003.359375,4.105171875,4.1483437499999996,54.653515625,55.9446875,29.0625,17.359375,0.0061796875,173.9
1272,EV_109,DR524455_17,0,128,0.30099961410858533,0.17806228472202373,False,377.336609375,45.890625,65.771875,29.46484375,1595.765625,4.0649609374999995,4.147578125,54.535703125,55.5125,30.109375,17.8515625,0.0059296875,179.19
1273,EV_107,DR705506_13,0,128,0.30099961410858533,0.10689290165998204,False,377.047671875,36.98984375,66.908046875,27.88671875,1773.046875,4.03328125,4.1440625,54.959296875,56.015546875,28.3671875,15.4453125,0.0055703125,176.22
1274,EV_109,DR770601_6,0,128,0.30099961410858533,0.26946943595682965,False,390.19371875,47.946875,74.6228125,28.4609375,1847.5,4.1050859375,4.145703125,54.011015625,55.19546875,30.1640625,18.3984375,0.00646875,179.24
1275,EV_106,DR558126_18,0,128,0.30099961410858533,0.23115073863935076,False,373.1093125,41.96875,60.6678125,27.46875,1825.0,4.135703125,4.3771484375,56.207578125,57.049375,28.3359375,17.0703125,0.00590625,173.9
1276,EV_101,DR156863_25,0,128,0.2929576835943501,0.27509664476589685,False,336.701265625,87.9984375,39.937265625,112.15625,5047.0625,3.726171875,4.216109375,53.6834375,54.5975,42.109375,3.8125,0.013375,186.45
1277,EV_101,DR156863_26,0,128,0.2929576835943501,0.26753417798634443,False,332.403515625,96.1703125,37.56578125,112.64375,5068.390625,3.73525,4.28571875,62.91921875,63.41375,46.40625,2.8125,0.009078125,186.45
1278,EV_109,DR770601_18,0,128,0.2929576835943501,0.22706348412965713,False,339.8108359375,84.4078125,46.84765625,108.7140625,4348.5625,4.1256796875,4.392125,54.181640625,56.470078125,46.4765625,2.3671875,0.0084765625,179.24
1279,EV_109,DR549817_18,0,128,0.2929576835943501,0.27857802235033285,False,317.5172734375,101.29375,34.429375,108.4375,4337.578125,4.0436015625,4.2085703125,63.223671875,63.3734375,36.8125,2.53125,0.008359375,179.29
1280,EV_101,DR156863_22,0,128,0.2929576835943501,0.1675682894681307,False,340.2767265625,94.96640625,47.793203125,110.80234375,4986.078125,3.814921875,4.1766953125,60.08828125,61.32578125,46.828125,2.21875,0.008203125,186.45
1281,EV_109,DR524455_32,0,128,0.2929576835943501,0.279958961867171,False,348.5248359375,100.39609375,30.699140625,110.28515625,5514.2578125,4.1838984375,4.4421171875,54.808359375,56.459453125,49.6953125,2.2890625,0.00953125,179.19
1282,EV_109,DR219828_31,0,128,0.2929576835943501,0.27476673367044363,False,341.9378046875,99.5984375,28.60375,105.87109375,5320.15625,3.9970390625,4.14075,56.70078125,57.90703125,52.0546875,2.1015625,0.009765625,179.12
1283,EV_108,DR624372_27,0,128,0.2929576835943501,0.1531848266517903,False,336.027421875,79.81953125,40.265546875,109.93671875,4947.0625,4.0513281249999995,4.2066953125,59.7328125,61.43203125,43.2109375,2.9140625,0.01109375,182.02
1284,EV_109,DR219828_33,0,128,0.2929576835943501,0.30333758868206456,False,327.2458671875,102.39921875,23.325546875,107.91015625,5395.5078125,3.9838671875,4.17878125,64.08125,64.15,42.1859375,2.4765625,0.00625,179.12
1285,EV_110,DR104166_24,0,128,0.2929576835943501,0.2307944446651373,False,320.8590390625,92.45703125,45.477734375,108.44375,4879.9453125,4.0456171874999995,4.4221484375,58.31953125,59.503515625,50.2265625,2.84375,0.005703125,181.09
1286,EV_108,DR380742_22,0,128,0.2929576835943501,0.23205193974598792,False,358.1166484375,94.60234375,44.49484375,112.6484375,4505.9375,4.0961953125,4.16965625,63.50859375,63.649609375,44.0703125,2.1953125,0.006640625,181.95
1287,EV_101,DR141978_24,0,128,0.2929576835943501,0.18314047551792406,False,336.92615625,101.72265625,36.9090625,106.8046875,4806.15625,4.0671875,4.43140625,56.62421875,58.878125,47.015625,3.109375,0.007265625,186.34
1288,EV_101,DR141978_23,0,128,0.2929576835943501,0.233701556636686,False,329.220234375,94.9484375,39.995859375,107.92734375,4860.421875,4.1922421875,4.442921875,64.00234375,64.13125,49.6484375,2.8203125,0.009062500000000001,186.34
1289,EV_102,RC730473_7,1,128,0.2863410185777952,0.16164554631958164,False,399.1222890625,-25.7078125,41.21078125,0.0,0.0,4.0126015624999996,4.176078125,24.7441171875,29.9111171875,0.0,0.0,0.0,193.8
1290,EV_103,RC304195_3,1,128,0.2863410185777952,0.20106107943757964,False,383.615890625,-27.14140625,17.5628125,0.0,0.0,4.011015625,4.253828125,22.530859375,27.016875,0.0,0.0,0.0,197.17
1291,EV_101,RC108540_4,1,128,0.2863410185777952,0.3202026659253285,False,411.38859375,-26.046875,36.99578125,0.0,0.0,4.373046875,4.4453515625,24.5814140625,27.411578125,0.0,0.0,0.0,186.45
1292,EV_101,RC346106_5,1,128,0.2863410185777952,0.1736330102887923,False,400.4540703125,-27.24375,24.958828125,0.0,0.0,4.0074765625,4.2715546875,23.349265625,27.670703125,0.0,0.0,0.0,186.45
1293,EV_101,RC108540_3,1,128,0.2863410185777952,0.21813673316365811,False,394.5480546875,-26.559375,32.562734375,0.0,0.0,4.2521328125,4.347875,24.3435703125,27.095890625,0.0,0.0,0.0,186.45
1294,EV_101,RC108540_2,1,128,0.2863410185777952,0.27450951294413595,False,372.3621875,-26.06484375,28.05328125,0.0,0.0,3.96296875,4.0258593750000005,23.771328125,26.246640625,0.0,0.0,0.0,186.45
1295,EV_101,RC346106_4,1,128,0.2863410185777952,0.17818618727939123,False,381.3511796875,-30.2125,20.513671875,0.0,0.0,3.9020546875,4.1608828125,23.0339140625,27.3134921875,0.0,0.0,0.0,186.45
1296,EV_101,RC346106_3,1,128,0.2863410185777952,0.30143221771303935,False,362.5964140625,-28.76328125,16.018984375,0.0,0.0,3.7723203125,4.0076640625,22.67584375,26.8846484375,0.0,0.0,0.0,186.45
1297,EV_103,RC927118_8,1,128,0.2863410185777952,0.21494535687856386,False,407.1728828125,-25.5984375,40.183828125,0.0,0.0,3.820109375,4.092546875,23.8628984375,27.682765625,0.0,0.0,0.0,197.17
1298,EV_102,RC730473_4,1,128,0.2863410185777952,0.12425064400794103,False,406.1716171875,-25.609375,28.9715625,0.0,0.0,3.977765625,4.1810515625,24.2652734375,28.7923828125,0.0,0.0,0.0,193.8
1299,EV_102,RC730473_3,1,128,0.2863410185777952,0.09616446837133172,False,385.8608125,-27.32890625,24.57375,0.0,0.0,3.9050078125,4.1027890625,23.88284375,28.1437890625,0.0,0.0,0.0,193.8
1300,EV_103,RC927118_4,1,128,0.2863410185777952,0.21474718804736442,False,388.184375,-19.62734375,23.126640625,0.0,0.0,3.74296875,3.982921875,23.2580546875,26.8828671875,0.0,0.0,0.0,197.17
1301,EV_103,RC927118_5,1,128,0.2863410185777952,0.17063458107885726,False,404.9594921875,-20.32109375,27.138359375,0.0,0.0,3.86132890625,4.10107734375,23.39386328125,27.032453125,0.0,0.0,0.0,197.17
1302,EV_102,RC730473_6,1,128,0.2863410185777952,0.131845298208366,False,382.7473828125,-27.83984375,36.983046875,0.0,0.0,3.917421875,4.074375,24.4975078125,29.6205859375,0.0,0.0,0.0,193.8
1303,EV_103,RC927118_6,1,128,0.2863410185777952,0.19695987947312957,False,415.2288671875,-29.20703125,31.9353125,0.0,0.0,3.9037796875,4.14622578125,23.49203125,27.171609375,0.0,0.0,0.0,197.17
1304,EV_103,RC927118_7,1,128,0.2863410185777952,0.2261996472368521,False,387.2556875,-26.84140625,36.388984375,0.0,0.0,3.7158125,3.985609375,23.6528046875,27.427796875,0.0,0.0,0.0,197.17
1305,EV_102,RC730473_16,1,128,0.28618216875906677,0.17344300323692394,False,392.917671875,-17.73515625,72.57734375,0.0,0.0,3.8822890625,3.942296875,30.531875,36.3959609375,0.0,0.0,0.0,193.8
1306,EV_105,RC558082_23,1,128,0.28618216875906677,0.3533760460174457,False,402.8029296875,-1.68203125,100.0,0.0,0.0,3.78834375,3.8351875,29.500546875,32.776640625,0.0,0.0,0.0,195.09
1307,EV_105,RC558082_27,0,128,0.28618216875906677,0.5312891036881852,False,349.2013984375,-23.84765625,100.0,0.0,0.0,3.504203125,3.57453125,42.1132421875,42.2132421875,0.0,0.0,0.0,195.09
1308,EV_104,RC487807_6,1,128,0.28618216875906677,0.4342590546414131,False,396.80465625,-6.55390625,80.796953125,0.0,0.0,3.7697734375,3.7908125,42.18984375,43.788203125,0.0,0.0,0.0,202.74
1309,EV_105,RC558082_22,1,128,0.28618216875906677,0.41148413818981333,False,369.996703125,-22.29296875,100.0,0.0,0.0,3.6547578125,3.701765625,26.24828125,29.61421875,0.0,0.0,0.0,195.09
1310,EV_102,RC402318_10,1,128,0.28618216875906677,0.49285961639871984,False,435.09509375,-3.309375,80.15203125,0.0,0.0,4.2470859375,4.2538078125,29.7197734375,31.165890625,0.0,0.0,0.0,193.57
1311,EV_104,RC487807_3,1,128,0.28618216875906677,0.49704216073494845,False,374.101625,-21.5359375,61.889765625,0.0,0.0,3.69175,3.7623203125,25.894140625,27.50859375,0.0,0.0,0.0,202.74
1312,EV_102,RC730473_15,1,128,0.28618216875906677,0.17756316137925796,False,412.0596953125,-24.39765625,69.038515625,0.0,0.0,3.9475234375,4.1116640625,30.1271796875,35.8271796875,0.0,0.0,0.0,193.8
1313,EV_102,RC730473_14,1,128,0.28618216875906677,0.1368446766860546,False,393.736796875,-24.67109375,65.017578125,0.0,0.0,3.749921875,3.843515625,29.17890625,34.8771875,0.0,0.0,0.0,193.8
1314,EV_101,RC346106_15,1,128,0.27630474447040887,0.1800421504020659,False,410.2835625,-23.60390625,59.7759375,0.0,0.0,3.695203125,3.7628125,25.6038515625,30.274796875,0.0,0.0,0.0,186.45
1315,EV_101,RC346106_16,1,128,0.27630474447040887,0.20153386447120356,False,380.8119921875,-19.4859375,62.64890625,0.0,0.0,3.7487734375,3.81784375,25.812015625,30.508328125,0.0,0.0,0.0,186.45
1316,EV_101,RC346106_7,1,128,0.27630474447040887,0.23756692659657522,False,364.4305859375,-27.065625,32.55203125,0.0,0.0,3.63275,3.6790390625,24.1994609375,28.6030859375,0.0,0.0,0.0,186.45
1317,EV_101,RC346106_13,1,128,0.27630474447040887,0.20095122810783295,False,381.1098984375,-23.6953125,53.15125,0.0,0.0,3.509328125,3.56965625,25.241671875,29.891671875,0.0,0.0,0.0,186.45
1318,EV_101,RC346106_8,1,128,0.27630474447040887,0.12888499474468001,False,383.55115625,-26.54453125,36.395859375,0.0,0.0,3.72031875,3.7799125,24.336109375,28.8181796875,0.0,0.0,0.0,186.45
1319,EV_101,RC346106_10,1,128,0.27630474447040887,0.15209541402975613,False,417.4890546875,-17.3140625,43.6596875,0.0,0.0,3.79261328125,3.8526875,24.6425625,29.2430625,0.0,0.0,0.0,186.45
1320,EV_101,RC346106_11,1,128,0.27630474447040887,0.1388856881800621,False,395.8604765625,-21.7984375,46.419609375,0.0,0.0,3.80735234375,3.86865390625,24.7723828125,29.395671875,0.0,0.0,0.0,186.45
1321,EV_101,RC346106_12,1,128,0.27630474447040887,0.11921932566035341,False,406.1734296875,-18.98984375,49.741484375,0.0,0.0,3.8289328125,3.89186640625,24.994515625,29.63159375,0.0,0.0,0.0,186.45
1322,EV_101,RC346106_9,1,128,0.27630474447040887,0.10102664929748632,False,402.6351484375,-20.884375,40.441328125,0.0,0.0,3.772115625,3.832115625,24.507734375,29.08259375,0.0,0.0,0.0,186.45
1323,EV_101,RC346106_14,1,128,0.27630474447040887,0.15958797719561005,False,397.235421875,-23.0046875,56.4209375,0.0,0.0,3.59853125,3.664546875,25.4208984375,30.07334375,0.0,0.0,0.0,186.45
1324,EV_110,RC988002_3,1,128,0.25725874240652585,0.12359178714762244,False,444.609390625,-1.84453125,78.619609375,0.0,0.0,4.4436015625,4.4470937500000005,39.38921875,41.388984375,0.0,0.0,0.0,181.09
1325,EV_110,RC988002_4,1,128,0.25725874240652585,0.15753200589752148,False,444.7043984375,-1.934375,80.98640625,0.0,0.0,4.4474453125,4.4494140625,42.514453125,44.514453125,0.0,0.0,0.0,181.09
1326,EV_106,RC362689_12,1,128,0.25725874240652585,0.3115372715761899,False,444.9453671875,-1.90234375,87.68828125,0.0,0.0,4.349890625,4.4011875,38.396171875,40.596171875,0.0,0.0,0.0,173.9
1327,EV_101,RC582682_3,1,128,0.25725874240652585,0.17016356689540962,False,444.915359375,-26.25703125,57.21765625,0.0,0.0,4.447265625,4.44990625,38.43546875,40.944921875,0.0,0.0,0.0,186.34
1328,EV_108,RC386274_4,1,128,0.25725874240652585,0.22941145349600536,False,433.712453125,-34.96484375,58.627421875,0.0,0.0,4.444835937500001,4.4480546875,45.4990625,47.001015625,0.0,0.0,0.0,183.46
1329,EV_107,RC358893_7,1,128,0.25725874240652585,0.24350969755348192,False,444.9277578125,-3.04765625,83.791640625,0.0,0.0,4.447621875,4.4499492187500005,41.853671875,46.07375,0.0,0.0,0.0,176.27
1330,EV_106,RC545024_6,1,128,0.25725874240652585,0.2486132410706774,False,444.9176171875,-5.98515625,80.521953125,0.0,0.0,4.4374296875,4.4465546875,38.58359375,40.577421875,0.0,0.0,0.0,173.9
1331,EV_106,RC545024_7,1,128,0.25725874240652585,0.27628390619854143,False,444.9232421875,-1.3265625,83.586171875,0.0,0.0,4.4489625,4.44989453125,41.2941015625,43.091875,0.0,0.0,0.0,173.9
1332,EV_110,RC988002_2,1,128,0.25725874240652585,0.15801473414958284,False,444.6529140625,-2.7453125,76.41421875,0.0,0.0,4.414046875,4.445734375,35.446484375,37.616796875,0.0,0.0,0.0,181.09
1333,EV_106,RC362689_13,1,128,0.25725874240652585,0.3104275462326584,False,444.86028125,-2.62890625,89.067265625,0.0,0.0,4.4374140625,4.4494609375000005,39.88065625,42.080703125,0.0,0.0,0.0,173.9
1334,EV_107,RC358893_6,1,128,0.25725874240652585,0.20625930671432227,False,444.9202421875,-8.40078125,80.843828125,0.0,0.0,4.4367421875,4.449578125,39.0403125,43.400625,0.0,0.0,0.0,176.27
1335,EV_108,RC386274_10,1,128,0.25725874240652585,0.24326118176642267,False,444.93578125,-3.496875,83.78421875,0.0,0.0,4.2572265625,4.30896484375,43.09234375,48.98390625,0.0,0.0,0.0,183.46
1336,EV_108,RC386274_5,1,128,0.25725874240652585,0.24399570070735277,False,444.9532734375,-32.3875,64.371640625,0.0,0.0,4.4480578125,4.45,49.73546875,51.2371875,0.0,0.0,0.0,183.46
1337,EV_106,RC545024_8,1,128,0.25725874240652585,0.28917964628069487,False,444.9183515625,-2.8015625,84.849375,0.0,0.0,4.447375,4.4497109375,42.65578125,44.4478203125,0.0,0.0,0.0,173.9
1338,EV_108,RC522994_7,1,114,0.25725874240652585,0.13397347345247607,False,444.89521052631574,-16.698245614035088,65.92894736842105,0.0,0.0,4.336624561403509,4.383886842105263,36.71385964912281,38.47535087719298,0.0,0.0,0.0,181.95
1339,EV_109,RC295912_3,1,128,0.25725874240652585,0.18357716993520026,False,444.9086171875,-3.07265625,83.4134375,0.0,0.0,4.446453125000001,4.4496328125,40.612109375,42.621328125,0.0,0.0,0.0,179.29
1340,EV_101,RC582682_4,1,128,0.25725874240652585,0.13681309753357018,False,444.945265625,-27.7734375,64.163828125,0.0,0.0,4.448968750000001,4.45,42.4471875,44.850390625,0.0,0.0,0.0,186.34
1341,EV_101,RC582682_5,1,128,0.25725874240652585,0.23695252940376418,False,444.91521875,-27.89921875,71.3390625,0.0,0.0,4.4482890625,4.4498125,47.968671875,50.14984375,0.0,0.0,0.0,186.34
1342,EV_101,RC582682_2,1,128,0.2572286978847342,0.21209881023770147,False,427.97209375,-21.43515625,51.650625,0.0,0.0,4.2953984375,4.3798671875,33.75671875,36.25765625,0.0,0.0,0.0,186.34
1343,EV_102,RC402318_3,1,128,0.2572286978847342,0.24899700443186698,False,444.9436953125,-35.52890625,39.081640625,0.0,0.0,4.428703125,4.4498671875,39.30578125,41.70578125,0.0,0.0,0.0,193.57
1344,EV_104,RC554045_2,1,128,0.2572286978847342,0.38692560723883074,False,415.5170546875,-32.99609375,48.64765625,0.0,0.0,4.4100859375,4.4325937500000006,35.4978125,37.739921875,0.0,0.0,0.0,202.74
1345,EV_102,DR315489_5,0,100,0.23620674840408284,0.20841224340671016,False,339.18697,85.012,79.1871,112.86,4514.4,4.05905,4.44582,65.0,65.0,43.34,4.47,0.01775,193.48
1346,EV_105,DR314668_9,0,128,0.23620674840408284,0.25276680059193485,False,309.3793125,95.32421875,78.89640625,112.19296875,4487.78125,3.81546875,4.2418984375,64.9978125,65.0,42.8390625,3.859375,0.011484375,194.98
1347,EV_105,DR314668_5,0,128,0.23620674840408284,0.28002379397372473,False,341.394921875,104.88671875,90.423359375,115.55859375,4622.40625,4.0074921875,4.185609375,62.419921875,63.361484375,48.7421875,3.25,0.01046875,194.98
1348,EV_102,DR454207_3,0,128,0.23620674840408284,0.3003655698206885,False,307.5930546875,96.65703125,90.664296875,110.1015625,4883.40625,4.2242578125,4.396671875,65.0,65.0,39.0,3.5078125,0.01578125,193.65
1349,EV_102,DR454207_9,0,128,0.23620674840408284,0.16844367532977045,False,343.4059140625,91.6015625,74.406796875,111.8625,4474.5,4.01834375,4.167265625,64.984296875,65.0,42.9296875,2.7734375,0.011640625,193.65
1350,EV_102,DR315489_4,0,128,0.23620674840408284,0.15213771653922176,False,343.5644453125,92.77109375,81.58203125,108.94140625,4357.65625,4.095171875,4.437640625,64.99921875,65.0,47.5546875,3.0234375,0.01171875,193.48
1351,EV_105,DR962985_15,0,128,0.23620674840408284,0.166811087799729,False,335.25334375,97.171875,67.666484375,111.6859375,5203.8984375,3.9623046875,4.2570390625,64.99921875,65.0,44.6328125,4.1171875,0.012968750000000001,194.88
1352,EV_103,DR993039_11,0,128,0.23620674840408284,0.17683713725478686,False,333.7570859375,94.63828125,74.7640625,111.45,5492.1015625,4.2458671875,4.3647890625,64.368359375,64.90546875,50.015625,2.9453125,0.01234375,195.77
1353,EV_108,DR380742_26,0,128,0.2335598659658812,0.2710068853356078,False,303.7365,85.31015625,29.628046875,107.98515625,4319.40625,3.9674375,4.1927578125,64.9734375,65.0,41.1171875,1.359375,0.004609375,181.95
1354,EV_109,DR524455_33,0,128,0.2335598659658812,0.21611765063607413,False,333.065,87.790625,27.683671875,98.52578125,4926.2890625,4.0309921875,4.3438359375,64.453125,64.859765625,44.01171875,1.7734375,0.007046875,179.19
1355,EV_110,DR393518_23,0,128,0.2335598659658812,0.18603816904210912,False,333.33403125,65.0765625,46.48671875,106.9421875,5347.1875,3.9270859375,4.185234375,64.458203125,64.963671875,38.203125,1.9140625,0.0074218750000000005,181.09
1356,EV_110,DR393518_24,0,128,0.2335598659658812,0.23359060101465715,False,326.9744609375,90.403125,42.710546875,101.759375,5087.96875,3.936078125,4.2131796875,64.9978125,65.0,38.9609375,1.078125,0.0036718750000000002,181.09
1357,EV_110,DR412770_10,0,128,0.2335598659658812,0.36357201177030696,False,310.4753046875,96.64453125,37.473515625,112.64921875,4501.6328125,3.923359375,3.9746171875000003,64.9496875,65.0,54.82421875,3.6796875,0.009609375,181.09
1358,EV_109,DR524455_29,0,128,0.2335598659658812,0.1425355081243367,False,338.3461015625,76.08046875,41.19484375,105.7625,5288.125,4.0841796875,4.2229921875,65.0,65.0,39.30703125,1.703125,0.005859375,179.19
1359,EV_107,DR705506_25,0,128,0.2335598659658812,0.35824812535206474,False,325.7120546875,112.8328125,34.114375,115.29609375,5319.0703125,3.557421875,4.2249609375,64.997734375,65.0,60.0078125,2.390625,0.008906250000000001,176.22
1360,EV_109,DR549817_17,0,128,0.2335598659658812,0.1870873580287334,False,336.782734375,86.6890625,40.3703125,109.1609375,4366.4375,4.119546875,4.2180703125,64.99828125,65.0,38.41171875,2.02265625,0.0103125,179.29
1361,EV_107,DR705506_27,0,128,0.2335598659658812,0.35985852617218267,False,321.4581953125,91.78359375,24.56421875,108.74765625,4937.640625,3.5000625,4.2077265625,64.999765625,65.0,47.7734375,2.421875,0.010375,176.22
1362,EV_109,DR219828_32,0,128,0.2335598659658812,0.28997797211912013,False,344.282140625,85.1421875,25.403046875,108.64296875,5432.1484375,4.004203125,4.17215625,64.99921875,65.0,45.046875,2.8046875,0.013296875,179.12
1363,EV_107,DR705506_22,0,128,0.2335598659658812,0.27262982607205766,False,304.7869921875,99.2921875,43.44671875,107.6734375,5028.5078125,3.7139375,4.1254140625,65.0,65.0,40.6796875,1.8125,0.007890625,176.22
1364,EV_106,DR402462_20,0,128,0.2335598659658812,0.3401014174557747,False,302.4458984375,108.784375,38.333984375,113.8265625,6106.0546875,3.564203125,4.1768515625000004,64.99765625,65.0,38.734375,1.734375,0.0078125,173.9
1365,EV_106,DR402462_21,0,128,0.2335598659658812,0.38194828432365463,False,319.7780625,84.0203125,34.02625,112.934375,6068.390625,3.410234375,4.176015625,65.0,65.0,35.05859375,1.21875,0.005390625,173.9
1366,EV_108,DR380742_27,0,128,0.2335598659658812,0.2856505601516607,False,308.27384375,71.30859375,26.473125,107.1203125,4284.8125,3.9376171875,4.1982265625,65.0,65.0,33.421875,2.140625,0.007265625,181.95
1367,EV_107,DR705506_24,0,128,0.2335598659658812,0.24438792307439258,False,332.1085234375,93.4640625,37.83703125,109.13828125,5046.7109375,3.5559453125,4.1555546875000005,64.81484375,65.0,46.3359375,1.6328125,0.005078125,176.22
1368,EV_107,DR705506_26,0,128,0.2335598659658812,0.3538624463198399,False,304.1584765625,92.9296875,27.833125,111.62265625,5106.0625,3.4963515625,4.2276171875,64.999609375,65.0,51.36796875,2.41015625,0.0092578125,176.22
1369,EV_110,DR436096_30,0,128,0.2335598659658812,0.34988710212372764,False,328.4016640625,92.07890625,47.4309375,111.21484375,5560.3515625,4.0861015625,4.3485625,64.276015625,64.959375,47.5390625,3.171875,0.013515625,181.09
1370,EV_109,DR219828_35,0,128,0.2335598659658812,0.25386509819082237,False,305.18471093750003,103.58125,17.744218749999998,106.11640625,5305.9765625,3.9746328125,4.208734375,64.938671875,65.0,40.73828125,1.0859375,0.0053125,179.12
1371,EV_109,DR219828_36,0,128,0.2335598659658812,0.30521771697045197,False,302.4602734375,112.46015625,15.010078125,112.84140625,5642.0703125,4.010359375,4.192953125,64.999609375,65.0,47.84375,2.3203125,0.006171875,179.12
1372,EV_109,DR524455_22,0,128,0.2222253102734329,0.308851120752738,False,357.658375,110.97109375,56.5934375,101.284375,6341.3359375,3.904296875,4.145625,49.096015625,51.017890625,48.125,0.984375,0.0059375,179.19
1373,EV_108,DR424318_6,0,128,0.2222253102734329,0.36267896973480196,False,351.862,98.6796875,67.624140625,110.9203125,4716.2734375,3.60984375,4.2136875,58.74140625,60.2484375,58.796875,1.4453125,0.001875,183.46
1374,EV_109,DR770601_7,0,128,0.2222253102734329,0.22527252853510937,False,341.210671875,104.97578125,72.865234375,110.52734375,5576.4453125,4.0708828125,4.1712734375,46.94890625,48.92,49.890625,2.0078125,0.0053906250000000005,179.24
1375,EV_110,DR393518_19,0,128,0.2222253102734329,0.22474808526054196,False,342.1282578125,98.06640625,56.75171875,110.38046875,5519.0234375,4.0694140625,4.19340625,52.19453125,53.9015625,40.96875,1.8359375,0.00578125,181.09
1376,EV_110,DR393518_14,0,128,0.2222253102734329,0.25486639181861964,False,337.1749375,91.75390625,66.7946875,107.0796875,5348.359375,3.9078984375,4.31721875,55.34984375,56.217421875,42.61484375,0.8203125,0.00390625,181.09
1377,EV_110,DR393518_13,0,128,0.2222253102734329,0.32599908931764376,False,371.9318203125,113.175,68.7678125,106.10546875,5309.5703125,3.93196875,4.15978125,57.956953125,58.504609375,47.58984375,0.8671875,0.003125,181.09
1378,EV_110,DR104166_17,0,128,0.2222253102734329,0.25601464403401175,False,334.125203125,112.43359375,62.9565625,114.70625,5162.1328125,4.2317421875,4.44325,53.951484375,55.73859375,42.2734375,1.765625,0.00625,181.09
1379,EV_106,DR805018_13,0,128,0.2222253102734329,0.256341901855315,False,360.0273203125,105.2671875,64.93640625,108.42734375,4880.765625,4.0605234375,4.181515625,50.326015625,52.625234375,47.84375,0.9765625,0.003359375,173.9
1380,EV_108,DR624372_20,0,128,0.2222253102734329,0.26920282687708014,False,342.7914609375,96.98359375,57.579609375,107.89140625,4315.875,4.030125,4.214109375,49.051171875,51.51375,44.015625,1.078125,0.0053906250000000005,182.02
1381,EV_101,DR141978_13,0,128,0.2222253102734329,0.2085827927788707,False,372.8809140625,102.6203125,66.25125,106.58203125,5862.1484375,4.2298515625,4.324765625,53.13125,54.654296875,51.234375,1.6953125,0.0053906250000000005,186.34
1382,EV_107,DR705506_16,0,128,0.2222253102734329,0.2548090885407254,False,370.32371875,109.2234375,61.736171875,111.41640625,5169.9921875,4.130515625,4.1862734375,52.349140625,54.172890625,54.7421875,2.203125,0.004140625,176.22
1383,EV_109,DR219828_19,0,128,0.2222253102734329,0.15193002659217153,False,351.5105703125,96.95625,60.04296875,105.81328125,4817.359375,4.0302578125,4.12190625,53.6415625,55.6134375,46.8671875,1.390625,0.00515625,179.12
1384,EV_110,DR104166_16,0,128,0.2222253102734329,0.31352522419105944,False,369.3870234375,102.63671875,64.846875,106.2875,4783.890625,4.2947578125,4.446828125,60.638046875,62.070234375,47.0546875,1.0078125,0.0032812500000000003,181.09
1385,EV_106,DR402462_11,0,128,0.2222253102734329,0.2819581122044184,False,357.1691640625,102.19921875,66.640390625,111.43984375,5662.109375,3.9164765625,4.1484140625,56.13515625,57.86015625,54.2109375,2.1484375,0.006328125,173.9
1386,EV_104,DR239202_14,0,128,0.2168830232194983,0.2909341814628904,False,335.532078125,105.14140625,55.610703125,109.53828125,4381.625,3.5000703125,4.4373359375,64.99921875,65.0,48.6953125,1.25,0.0032812500000000003,202.74
1387,EV_103,DR173144_23,0,128,0.2168830232194983,0.17342466523872038,False,330.0101484375,82.078125,51.693203125,106.2453125,5312.0703125,3.7579296875,4.1522734375,65.0,65.0,43.203125,1.6796875,0.0055078125000000006,195.72
1388,EV_102,DR454207_17,0,128,0.2168830232194983,0.24955928714367684,False,339.204984375,100.34453125,50.4628125,113.0546875,5680.234375,4.1259765625,4.1985390625,64.991171875,64.999609375,40.65625,1.8359375,0.005859375,193.65
1389,EV_105,DR314668_18,0,128,0.2168830232194983,0.25351346097915606,False,326.6849609375,91.89375,54.879921875,114.15234375,7286.15625,3.7421953125,4.4389609375,64.99984375,65.0,47.89453125,2.3046875,0.00546875,194.98
1390,EV_103,DR173144_22,0,128,0.2168830232194983,0.1809156352812393,False,348.1384765625,95.5078125,53.749921875,110.06875,5502.65625,3.823171875,4.18034375,64.791796875,64.97109375,43.34375,1.7578125,0.005,195.72
1391,EV_105,DR314668_17,0,128,0.2168830232194983,0.2823755074974313,False,324.518390625,102.696875,57.699296875,109.03125,6944.421875,3.727203125,4.42384375,64.99703125,65.0,38.3359375,1.6953125,0.003125,194.98
1392,EV_104,DR650597_21,0,128,0.2168830232194983,0.24992826244431757,False,317.7337421875,100.2734375,56.556328125,112.16953125,5607.7734375,3.9393984375,4.241046875,64.999609375,65.0,42.7734375,2.5625,0.0055078125000000006,202.74
1393,EV_104,DR650597_20,0,128,0.20557619584873155,0.23741174890279307,False,315.2771328125,93.66640625,58.948125,112.025,5599.765625,3.9218203125,4.1635078125,65.0,65.0,49.5,4.8359375,0.01328125,202.74
1394,EV_101,DR141978_19,0,128,0.20557619584873155,0.3381887656164796,False,343.7306796875,97.45234375,50.499375,111.81328125,4995.3125,4.0947421875,4.2149921875,62.943984375,63.591796875,51.0390625,3.765625,0.0151171875,186.34
1395,EV_102,DR454207_19,0,128,0.20557619584873155,0.16284859652853798,False,317.524796875,97.63671875,45.1490625,111.24765625,5561.8359375,4.0373203125,4.2483046875,64.993671875,65.0,46.890625,2.96875,0.010625,193.65
1396,EV_102,DR463078_23,0,128,0.20557619584873155,0.14065379717407164,False,319.39234375,95.13203125,50.473515625,113.33046875,4533.0625,3.95496875,4.1702890625,63.891640625,64.969296875,50.2734375,3.6328125,0.011820312500000001,193.73
1397,EV_102,DR132061_27,0,128,0.20557619584873155,0.26215554437015354,False,344.4463671875,90.659375,49.5590625,114.12265625,4692.2578125,3.8708203125,4.1753515625,65.0,65.0,39.9921875,3.81640625,0.0159609375,193.57
1398,EV_107,DR139858_16,0,128,0.18965282017299054,0.36675506676967556,False,348.8434375,113.18359375,65.2121875,108.0984375,4323.9375,3.38453125,4.151484375,56.6634375,57.2703125,54.6953125,1.9921875,0.005234375,176.14
1399,EV_106,DR805018_21,0,128,0.18965282017299054,0.2445321766129299,False,336.9928125,92.590625,44.133671875,111.04140625,4441.65625,4.016984375,4.294953125,57.620234375,58.553828125,47.125,2.3359375,0.006640625,173.9
1400,EV_109,DR524455_24,0,128,0.18965282017299054,0.30302468014393946,False,337.623828125,105.98359375,52.3753125,113.7875,7112.234375,3.65909375,4.2044140625,59.263671875,59.9046875,52.22265625,2.8828125,0.008203125,179.19
1401,EV_107,DR862144_16,0,128,0.18965282017299054,0.29249853948156257,False,322.2783046875,104.62578125,40.18921875,107.58828125,4306.4375,4.0119921875,4.1621796875,59.76875,60.5921875,52.05078125,1.203125,0.004078125,176.27
1402,EV_109,DR549817_5,0,128,0.18965282017299054,0.3361515078971813,False,304.844953125,86.3765625,66.5053125,104.0953125,4684.6015625,3.79746875,4.203484375,59.009765625,60.16640625,38.02734375,2.9140625,0.008125,179.29
1403,EV_107,DR705506_23,0,128,0.18965282017299054,0.2870386882302279,False,318.6759375,92.7234375,40.3075,110.31796875,5163.09375,3.6009375,4.093265625,53.3859375,55.515625,49.0546875,4.3046875,0.011171875000000001,176.22
1404,EV_109,DR219828_23,0,128,0.18965282017299054,0.36749109684533415,False,343.055390625,74.1171875,50.2353125,110.9921875,5044.359375,3.9143359375,4.192890625,61.63671875,63.62890625,37.703125,5.140625,0.016015625,179.12
1405,EV_109,DR549817_6,0,128,0.18965282017299054,0.25614487381821466,False,334.155671875,90.33515625,62.5753125,115.26953125,5188.28125,3.858234375,4.222796875,58.2571875,61.19296875,44.71875,3.609375,0.0109375,179.29
1406,EV_106,DR805018_15,0,128,0.18965282017299054,0.24767837829646852,False,335.5764453125,81.628125,58.976015625,109.9171875,4946.1796875,3.968203125,4.20953125,59.65234375,61.35703125,41.8046875,2.75,0.007890625,173.9
1407,EV_107,DR705506_20,0,128,0.18965282017299054,0.2626463567425036,False,335.3911328125,89.0,49.6453125,110.9078125,5120.5078125,3.9686640625,4.4220234375,51.596875,54.146875,43.828125,2.72265625,0.010546875,176.22
1408,EV_106,DR402462_12,0,128,0.18965282017299054,0.333802160191683,False,333.602203125,83.8640625,63.82359375,105.50859375,5274.0625,3.8474140625,4.131375,51.179375,52.525234375,42.55859375,2.984375,0.008906250000000001,173.9
1409,EV_109,DR568924_9,0,128,0.18965282017299054,0.22586687512073428,False,338.3448125,107.08203125,51.430390625,114.071875,4833.6875,4.0239375,4.0891015625,58.13515625,59.513046875,44.515625,3.3984375,0.010703125,179.32
1410,EV_107,DR705506_19,0,128,0.1837049151638537,0.26066449537760167,False,345.9356640625,106.82265625,51.68140625,113.52734375,5260.3828125,4.0282734375,4.4269375,64.632421875,64.65546875,50.4765625,1.453125,0.005234375,176.22
1411,EV_106,DR402462_13,0,128,0.1837049151638537,0.2180434822511996,False,322.53025,104.653125,59.294609375,111.565625,5577.03125,3.8333515625,4.1825625,62.28796875,63.099609375,56.265625,2.7890625,0.007109375,173.9
1412,EV_109,DR219828_21,0,128,0.1837049151638537,0.2197823522488175,False,335.0985,94.7984375,54.4359375,104.940625,4893.4375,3.9458671875,4.190515625,64.0575,64.26015625,46.5859375,2.1640625,0.00578125,179.12
1413,EV_107,DR139858_18,0,72,0.1837049151638537,0.39068806769380576,False,342.4301666666667,108.50694444444444,61.39319444444445,107.56805555555555,4302.722222222223,3.1665555555555556,4.182569444444444,65.0,65.0,38.861111111111114,1.625,0.0059722222222222225,176.14
1414,EV_107,DR139858_17,0,128,0.1837049151638537,0.3273548285948684,False,356.304203125,89.18671875,63.278671875,108.70625,4348.40625,3.204375,4.1783359375,63.14109375,63.5809375,47.0078125,2.109375,0.005625,176.14
1415,EV_106,DR805018_14,0,128,0.1837049151638537,0.3075373513507751,False,344.99234375,82.72734375,62.6740625,107.55859375,4840.15625,4.03665625,4.22671875,60.839140625,62.434921875,41.1796875,0.9453125,0.0036718750000000002,173.9
1416,EV_109,DR524455_23,0,128,0.1837049151638537,0.2782791333158286,False,335.6367578125,85.40390625,54.260546875,108.69140625,6792.9609375,3.738171875,4.1943828125,63.051953125,64.01171875,46.8828125,3.1640625,0.01015625,179.19
1417,EV_106,DR402462_10,0,128,0.1837049151638537,0.29877782340127845,False,309.5952578125,104.23515625,70.011796875,105.59296875,5424.296875,3.9631171875,4.1918046875,64.2921875,64.35859375,34.703125,1.015625,0.00296875,173.9
1418,EV_107,DR705506_17,0,128,0.1837049151638537,0.23113811223284317,False,331.8099296875,99.7890625,59.478515625,110.16484375,5126.171875,4.1252265625,4.254171875,63.308203125,64.22828125,38.203125,1.1328125,0.0065625,176.22
1419,EV_105,RC558082_8,1,128,0.18186290409493383,0.24746445877513396,False,444.8867890625,-3.54140625,82.485703125,0.0,0.0,4.080921875,4.120578125,64.793515625,65.0,0.0,0.0,0.0,195.09
1420,EV_105,RC558082_6,1,128,0.18186290409493383,0.18209188751322197,False,443.02209375,-24.69609375,76.57953125,0.0,0.0,3.986875,4.017578125,57.274453125,60.41484375,0.0,0.0,0.0,195.09
1421,EV_105,RC558082_7,1,128,0.18186290409493383,0.22153326311057261,False,437.8286328125,-2.4460937499999997,80.81984375,0.0,0.0,3.998121875,4.0379421875,62.6984375,64.9109375,0.0,0.0,0.0,195.09
1422,EV_105,RC558082_4,1,128,0.18186290409493383,0.3524267664200708,False,444.6009375,-28.72734375,62.228828125,0.0,0.0,3.72463203125,3.76463203125,48.164140625,51.336875,0.0,0.0,0.0,195.09
1423,EV_105,RC558082_5,1,127,0.18186290409493383,0.19869341032446214,False,444.9239527559055,-25.58818897637795,69.7188188976378,0.0,0.0,3.8326220472440946,3.865062992125984,53.31874015748031,56.461181102362204,0.0,0.0,0.0,195.09
1424,EV_104,RC487807_7,1,128,0.18186290409493383,0.32639147233222904,False,434.10825,-2.8734375,82.584609375,0.0,0.0,4.02940625,4.0524609375,45.897734375,47.541015625,0.0,0.0,0.0,202.74
1425,EV_104,DR422821_20,0,128,0.18150621009457268,0.12054526577891277,False,368.144234375,49.25390625,58.028671875,31.8828125,2030.0390625,4.10409375,4.1485234375,55.8990625,58.831328125,30.9453125,17.6953125,0.00746875,202.74
1426,EV_104,DR422821_22,0,128,0.18150621009457268,0.11002428520901664,False,380.3672109375,42.79296875,53.93640625,29.8515625,1871.34375,4.108921875,4.146171875,57.61578125,60.4146875,28.375,17.3203125,0.0066328125,202.74
1427,EV_104,DR422821_27,0,128,0.18150621009457268,0.16378907386876657,False,368.4670703125,32.68203125,45.553203125,26.87109375,1712.890625,4.10040625,4.145703125,50.853984375,53.0496875,28.6171875,20.625,0.0087265625,202.74
1428,EV_104,DR239202_17,0,128,0.18150621009457268,0.10523112513360258,False,371.022546875,51.2421875,49.214140625,33.2734375,2110.5,4.0783046875,4.1428593750000005,54.235703125,57.207421875,34.140625,16.2890625,0.0068828125,202.74
1429,EV_104,DR650597_26,0,128,0.18150621009457268,0.1319710699799271,False,369.525625,50.1796875,47.686015625,29.125,1804.1875,4.10103125,4.1473203125,50.856796875,52.63734375,30.9921875,17.3046875,0.0066328125,202.74
1430,EV_104,DR650597_23,0,128,0.18150621009457268,0.1501324716997028,False,368.92578125,39.9984375,52.764296875,30.77734375,1942.375,4.058515625,4.1416796875,48.940703125,54.55265625,29.46875,16.796875,0.0078515625,202.74
1431,EV_104,DR650597_24,0,128,0.18150621009457268,0.18390400816456562,False,374.040171875,48.35625,51.01046875,32.84765625,2131.640625,4.092265625,4.1447265625,56.941328125,62.842890625,35.125,16.5625,0.0065390625,202.74
1432,EV_104,DR239202_20,0,128,0.18150621009457268,0.14829382854601492,False,371.61190625,49.546875,43.994375,30.33203125,1979.2109375,4.0981640625,4.1459921875,53.019375,55.187578125,32.53125,15.0390625,0.005671875,202.74
1433,EV_104,DR422821_24,0,128,0.18150621009457268,0.10890792198289947,False,370.0708984375,37.21484375,50.46984375,27.5703125,1711.015625,4.1011875,4.1457265625,54.533515625,55.829765625,28.8203125,17.0703125,0.0054765625,202.74
1434,EV_104,DR873821_19,0,128,0.18150621009457268,0.15002550043008345,False,363.6130859375,50.425,49.39359375,33.359375,2197.578125,4.1041640625,4.1441406249999995,50.280546875,52.22921875,33.4609375,15.15625,0.005234375,202.74
1435,EV_104,DR873821_18,0,128,0.18150621009457268,0.20603637889616677,False,361.6713984375,40.1734375,51.10890625,28.8046875,1862.4609375,4.091453125,4.1461484375,59.935546875,60.842890625,31.2421875,16.6796875,0.0058984375,202.74
1436,EV_104,DR873821_20,0,128,0.18150621009457268,0.15229142210059712,False,369.0279296875,40.9453125,47.452890625,29.0234375,2009.53125,4.110234375,4.14521875,59.43703125,61.934296875,30.5859375,16.3671875,0.0060078125,202.74
1437,EV_104,DR873821_15,0,128,0.18150621009457268,0.11321661259741729,False,369.624015625,44.3828125,56.001328125,30.19296875,1886.8046875,4.0949765625,4.1447109375,56.271328125,61.616171875,31.375,15.8984375,0.0056875,202.74
1438,EV_104,DR667059_14,0,128,0.18150621009457268,0.3059615545072144,False,368.157671875,47.7265625,50.31203125,31.296875,1995.9375,3.39815625,4.1439765625,53.751640625,55.792109375,31.859375,16.6796875,0.0051171875,202.74
1439,EV_109,DR219828_24,0,128,0.17784432966665148,0.1858856253317549,False,340.4566953125,119.971875,45.978125,111.06640625,4999.265625,3.877484375,4.191453125,52.3984375,54.90390625,53.90625,1.671875,0.004765625,179.12
1440,EV_107,DR862144_17,0,128,0.17784432966665148,0.2698420501192432,False,310.825765625,100.378125,35.591875,107.33515625,4300.546875,3.9929140625,4.1763125,61.07890625,62.29765625,48.99765625,1.0546875,0.003125,176.27
1441,EV_108,DR380742_23,0,128,0.17784432966665148,0.19741780920271917,False,352.279953125,79.5484375,40.575234375,107.03125,4281.25,4.1140703125,4.2020156250000005,54.673203125,56.61921875,45.8359375,1.4609375,0.0054687500000000005,181.95
1442,EV_109,DR219828_22,0,128,0.17784432966665148,0.25670301707108656,False,345.6769921875,83.296875,52.295546875,105.653125,4862.34375,3.932203125,4.1839609375,50.96359375,55.295859375,40.171875,1.5546875,0.0052734375,179.12
1443,EV_106,DR402462_19,0,128,0.17784432966665148,0.3288934222795683,False,314.000703125,98.76640625,41.413984375,110.24296875,5870.8203125,3.5859375,4.1521171875,55.55546875,58.60859375,44.765625,0.53125,0.002578125,173.9
1444,EV_108,DR424318_21,0,128,0.17784432966665148,0.2641298369677321,False,329.6852265625,90.721875,31.650234375,107.03203125,4281.328125,4.0593671875,4.187078125,56.9046875,59.09140625,42.8046875,0.5390625,0.00171875,183.46
1445,EV_110,DR436096_29,0,128,0.17784432966665148,0.24473377857501916,False,343.2779296875,83.34140625,49.31890625,106.6984375,5416.6171875,4.1124453125,4.273453125,51.31796875,54.78125,42.359375,0.5390625,0.001796875,181.09
1446,EV_101,DR156863_23,0,128,0.17784432966665148,0.18494492080505343,False,338.9967265625,82.8515625,45.671796875,109.40390625,4923.34375,3.7837734375,4.1849375,52.771640625,55.54453125,43.93359375,1.5078125,0.00625,186.45
1447,EV_109,DR219828_34,0,128,0.17784432966665148,0.3169185861163212,False,315.512421875,93.06640625,21.00234375,106.74453125,5337.2265625,3.9690234375,4.19228125,55.0296875,56.9953125,39.2578125,0.6953125,0.00265625,179.12
1448,EV_108,DR424318_20,0,128,0.17784432966665148,0.16733154932029393,False,340.1487578125,99.5078125,36.321875,111.346875,4453.875,4.0223671874999996,4.1650546875000005,57.499609375,59.716796875,44.6953125,1.2109375,0.005859375,183.46
1449,EV_108,DR624372_26,0,128,0.17784432966665148,0.2675995957498135,False,344.59046875,117.82890625,43.487109375,111.72890625,5027.84375,4.0578828125,4.168078125,59.7796875,60.45546875,46.234375,1.265625,0.00359375,182.02
1450,EV_110,DR436096_34,0,128,0.17784432966665148,0.45291856739025693,False,367.2233671875,97.3109375,40.01578125,97.02421875,6128.6640625,4.0850703125,4.1562265625,62.189453125,62.741328125,52.73828125,0.5859375,0.0022656250000000003,181.09
1451,EV_110,DR436096_35,0,128,0.17784432966665148,0.24508452299023842,False,340.8392890625,97.19921875,37.598203125,108.021875,6481.3125,4.0691640625,4.194125,56.41875,58.2984375,45.5859375,0.9140625,0.00203125,181.09
1452,EV_108,DR380742_25,0,128,0.17784432966665148,0.24093961646457598,False,319.0286953125,128.33125,33.654453125,116.76015625,4670.390625,3.98009375,4.1555546875,56.95078125,59.075,52.6953125,1.0859375,0.003046875,181.95
1453,EV_109,DR524455_30,0,128,0.17784432966665148,0.2482213293615939,False,332.5737265625,91.7296875,37.473125,110.821875,5540.234375,4.1389140625,4.3032109375,52.652734375,56.935546875,45.796875,1.875,0.0074218750000000005,179.19
1454,EV_110,DR393518_22,0,128,0.17784432966665148,0.20631503909570803,False,340.4700078125,90.04296875,49.461796875,108.8859375,5442.578125,4.0252109375,4.245828125,54.756484375,56.975390625,44.49609375,1.046875,0.004296875,181.09
1455,EV_108,DR424318_19,0,128,0.17784432966665148,0.3369661197607384,False,349.4360625,93.23515625,39.202265625,109.38203125,4375.4375,4.0215234375,4.1337421875,44.8196875,47.3725,47.5234375,2.015625,0.00765625,183.46
1456,EV_105,DR776635_3,0,256,0.1732893486426005,0.4978018674185403,False,359.153671875,50.287109375,63.3752734375,53.419921875,3943.18359375,3.99853515625,4.03509375,41.92625,48.2375,46.890625,18.908203125,0.000359375,195.42
1457,EV_105,DR776635_15,0,334,0.1732893486426005,0.8917629865854475,False,343.8939640718563,61.24670658682635,64.03646706586827,73.57904191616767,3326.3562874251497,4.046,4.057146706586827,45.318892215568866,49.577365269461076,38.32604790419162,13.22754491017964,0.00041916167664670664,195.42
1458,EV_110,DR157642_1,0,256,0.1732893486426005,0.7273351983446439,False,359.3666796875,51.26328125,82.97953125,58.5421875,2726.1484375,4.04004296875,4.060609375,51.34171875,51.675,30.0859375,18.935546875,0.00044921875,181.09
1459,EV_105,DR776635_5,0,256,0.1732893486426005,0.45201614305763005,False,365.421921875,59.206640625,57.4694140625,61.82421875,3180.859375,4.05681640625,4.07383203125,45.63359375,54.1979296875,45.12109375,20.15625,0.0,195.42
1460,EV_105,DR776635_2,0,256,0.1732893486426005,0.35508053612707224,False,374.87941796875,87.330078125,67.068203125,60.523046875,3076.84765625,4.0279921875,4.07293359375,39.6546484375,44.7656640625,42.115625,16.765625,0.00130859375,195.42
1461,EV_104,DR583457_3,0,423,0.1732893486426005,0.4013400396152319,False,361.6859692671395,88.12269503546099,62.64541371158392,64.58581560283687,4029.2316784869977,4.003697399527187,4.026056737588652,47.28985815602837,53.898605200945624,53.093380614657214,13.534278959810875,0.0015035460992907802,202.74
1462,EV_104,DR583457_5,0,256,0.1732893486426005,0.3939020036831205,False,364.94433203125,64.402734375,60.9380078125,57.73515625,2824.84375,3.89840625,3.9190546875,48.56203125,56.2884765625,31.607421875,20.93359375,0.0001875,202.74
1463,EV_101,DR156863_7,0,127,0.17192388685512178,0.10515953956079761,False,387.68953543307083,43.023622047244096,88.83677165354331,30.338582677165356,2089.3700787401576,4.0576062992125985,4.14196062992126,54.282047244094485,56.19307086614174,30.488188976377952,17.716535433070867,0.006905511811023622,186.45
1464,EV_105,DR962985_4,0,128,0.17192388685512178,0.25358533912628733,False,387.291078125,54.83984375,94.06234375,31.2421875,1957.8359375,4.10546875,4.1465234375,57.5184375,58.93546875,34.265625,14.6484375,0.0056875,194.88
1465,EV_103,DR173144_11,0,128,0.17192388685512178,0.2174427892557893,False,388.311734375,49.26953125,82.2278125,30.2578125,2209.375,4.1035390625,4.144046875,55.16984375,56.46484375,31.890625,17.65625,0.00615625,195.72
1466,EV_104,DR901145_9,0,128,0.1694818776056119,0.227644545628143,False,391.7115625,39.3171875,79.9734375,27.87109375,1734.4921875,4.113625,4.1484531250000005,58.914296875,60.474921875,28.90625,18.59375,0.0075078125,202.74
1467,EV_104,DR901145_8,0,128,0.1694818776056119,0.16177251026773348,False,386.90428125,39.26953125,81.701875,25.8515625,1649.125,4.1173125,4.1475859375,52.629765625,54.47546875,25.90625,17.203125,0.0060078125,202.74
1468,EV_103,DR173144_8,0,128,0.1694818776056119,0.2458180760085703,False,387.5309296875,44.1859375,87.841171875,28.96484375,1933.28125,4.088921875,4.1448906249999995,60.48015625,62.2778125,30.5234375,19.1796875,0.0070859375,195.72
1469,EV_103,DR173144_7,0,128,0.1694818776056119,0.1759335403419479,False,385.349328125,42.59375,89.535546875,31.3671875,1989.296875,4.1052578125,4.147765625,51.866796875,53.86640625,29.140625,17.6953125,0.0070859375,195.72
1470,EV_104,DR901145_6,0,128,0.1694818776056119,0.23935844890679983,False,378.1300703125,50.384375,85.31671874999999,28.40625,1903.125,4.117046875,4.1467578125,60.668359375,63.804296875,30.71875,18.828125,0.007125,202.74
1471,EV_104,DR650597_3,0,128,0.1694818776056119,0.17845134901116097,False,388.760359375,31.1953125,94.778203125,27.328125,1758.828125,4.1185390625,4.1471875,54.059609375,56.46640625,27.2890625,19.140625,0.0061328125,202.74
1472,EV_104,DR873821_3,0,128,0.1694818776056119,0.10736484265278495,False,381.0106796875,52.5765625,88.08984375,31.12109375,1970.2734375,4.10475,4.1453125,55.973515625,57.806953125,32.84375,17.3046875,0.0063671875000000005,202.74
1473,EV_104,DR901145_5,0,128,0.1694818776056119,0.13534672707015669,False,387.97615625,46.65078125,87.137734375,27.75,1772.65625,4.1117968750000005,4.1471484375,51.52625,55.554375,28.8203125,17.109375,0.0072578125,202.74
1474,EV_104,DR873821_6,0,128,0.1694818776056119,0.1254272842049873,False,384.922828125,42.7890625,83.13359375,31.9296875,2011.0390625,4.113125,4.14821875,52.292109375,56.21046875,29.5703125,15.46875,0.005671875,202.74
1475,EV_104,DR901145_3,0,128,0.1694818776056119,0.13333804301936697,False,387.70696875,38.52890625,90.659765625,27.4375,1717.4453125,4.1151171875,4.147328125,56.68203125,59.93828125,27.9765625,19.1015625,0.0070390625,202.74
1476,EV_104,DR873821_1,0,128,0.1694818776056119,0.28741215260119163,False,388.5110703125,37.01875,91.28921875,25.62890625,1701.953125,4.1108046875,4.14478125,61.976875,63.05125,27.5546875,19.5703125,0.0068984375,202.74
1477,EV_104,DR650597_4,0,128,0.1694818776056119,0.270894853336178,False,389.0803671875,49.26171875,93.222109375,32.2421875,2087.421875,4.11446875,4.1478359375,58.984375,60.869453125,32.015625,13.6328125,0.0053359375,202.74
1478,EV_104,DR422821_6,0,128,0.1694818776056119,0.17921978300091582,False,382.13453125,54.1390625,90.91078125,31.421875,1998.984375,4.1132734375,4.145390625,60.448984375,62.571875,30.1328125,16.25,0.006796875,202.74
1479,EV_104,DR650597_6,0,128,0.1694818776056119,0.1539195538848623,False,387.7124375,52.9609375,89.9621875,31.421875,2036.328125,4.1020234375,4.1464609375,55.0878125,56.04421875,33.3359375,14.453125,0.00565625,202.74
1480,EV_104,DR422821_5,0,128,0.1694818776056119,0.13087513047412863,False,377.8843125,47.32421875,92.51398437499999,29.203125,1911.5625,4.102515625,4.1454531249999995,53.005625,55.81640625,31.3203125,16.71875,0.005515625,202.74
1481,EV_104,DR422821_3,0,128,0.1694818776056119,0.16816861814868855,False,385.9559296875,51.41796875,95.858828125,33.33984375,2129.8828125,4.1058671875,4.14628125,59.10421875,61.86640625,33.828125,15.3125,0.0067265625,202.74
1482,EV_104,DR650597_10,0,128,0.16670619336164702,0.2315368656665089,False,390.8415703125,49.92421875,78.043046875,31.5484375,2032.03125,4.061265625,4.1176953124999995,43.819375,44.94015625,31.609375,16.8359375,0.00678125,202.74
1483,EV_103,DR173144_9,0,128,0.16670619336164702,0.1257666835063132,False,379.5136640625,50.19140625,85.994765625,32.08203125,2019.609375,4.07771875,4.1445625,46.983515625,49.285390625,31.984375,16.328125,0.00615625,195.72
1484,EV_103,DR993039_2,0,128,0.16670619336164702,0.16003335408760508,False,389.1328359375,40.7671875,97.415703125,30.6484375,1967.578125,4.101515625,4.1451875,44.008671875,45.218671875,28.7890625,17.96875,0.0067734375,195.77
1485,EV_102,DR132061_1,0,128,0.16670619336164702,0.2603572829270216,False,392.8613671875,51.37265625,99.191484375,30.88671875,2166.9921875,4.0525703125,4.1496171875,44.487109375,47.0553125,32.171875,18.7265625,0.0081796875,193.57
1486,EV_104,DR754088_1,0,128,0.16670619336164702,0.4352025421641797,False,395.44709375,50.45,98.25125,36.9296875,3099.21875,3.8537734375,3.8752421875,47.89875,53.353984375,36.1875,18.1015625,0.001890625,202.74
1487,EV_105,DR962985_2,0,128,0.16670619336164702,0.1881634999739091,False,389.7886640625,48.18359375,97.44625,31.72265625,2043.203125,4.101953125,4.1461640625,49.455625,51.77765625,31.1328125,16.71875,0.00775,194.88
1488,EV_103,DR993039_6,0,128,0.16670619336164702,0.1559986817963128,False,376.206796875,47.6640625,90.961015625,28.0078125,1814.453125,4.0998125,4.1441875,44.70609375,46.361953125,30.6328125,19.21875,0.0064921875,195.77
1489,EV_104,DR667059_4,0,128,0.16670619336164702,0.17622300114070708,False,370.569953125,49.1828125,80.8990625,31.80859375,2091.84375,4.05796875,4.1415390625,47.086328125,48.670390625,33.28125,16.484375,0.00646875,202.74
1490,EV_103,DR173144_4,0,128,0.16670619336164702,0.17396212854243967,False,386.4283125,58.33203125,94.38203125,29.640625,1973.828125,4.0969296875,4.1458046875,45.788515625,49.354375,30.9140625,17.0703125,0.007453125,195.72
1491,EV_104,DR650597_2,0,128,0.16670619336164702,0.12497987481488053,False,387.941125,42.34453125,96.08609375,31.19140625,1989.765625,4.1020859375,4.1460390625,45.72828125,47.939765625,31.9296875,16.328125,0.005890625,202.74
1492,EV_104,DR873821_5,0,128,0.16670619336164702,0.15703699576214777,False,385.436390625,39.32578125,84.749453125,28.23046875,1815.2421875,4.102703125,4.1469453125,44.006171875,47.362265625,29.7890625,18.1640625,0.0081875,202.74
1493,EV_104,DR650597_5,0,128,0.16670619336164702,0.10854442431973327,False,377.9867578125,48.13671875,91.6778125,29.02734375,1846.328125,4.104140625,4.1552890625,47.392265625,48.06140625,31.796875,17.421875,0.006921875,202.74
1494,EV_104,DR901145_1,0,128,0.16670619336164702,0.17906730509564736,False,383.1939375,53.5828125,94.14484375,32.51171875,2203.90625,4.0890703125,4.1433671875,40.472578125,43.223515625,33.7890625,15.8203125,0.005484375,202.74
1495,EV_103,DR993039_3,0,128,0.16670619336164702,0.17549284782296926,False,387.3679296875,46.59765625,95.871953125,28.46875,1815.15625,4.1138125,4.1465390625,50.556953125,52.04578125,31.046875,17.2265625,0.0068671875,195.77
1496,EV_104,DR901145_2,0,128,0.16670619336164702,0.1379376857031025,False,381.2752109375,47.56640625,92.4215625,27.953125,1786.078125,4.0988671875,4.14559375,48.871953125,51.84765625,30.84375,16.640625,0.00515625,202.74
1497,EV_104,DR873821_2,0,128,0.16670619336164702,0.12346369891321299,False,380.177859375,54.74140625,89.776015625,28.7734375,1851.484375,4.1021953125,4.1463203125,47.386796875,48.775625,32.234375,17.3203125,0.0065234375,202.74
1498,EV_104,DR422821_2,0,128,0.16670619336164702,0.17013763134375987,False,375.876953125,51.8828125,97.471796875,34.0,2288.046875,4.046484375,4.141953125000001,47.66125,51.483671875,33.3046875,14.375,0.00525,202.74
1499,EV_104,DR901145_10,0,96,0.16670619336164702,0.21071852636261568,False,387.8556458333333,45.47604166666667,78.62697916666666,28.927083333333332,1882.8125,4.093125,4.145208333333334,48.82395833333334,49.43760416666667,31.802083333333332,16.822916666666668,0.006322916666666667,202.74
1500,EV_104,DR667059_5,0,128,0.16193309590863483,0.11874477949585908,False,386.391515625,40.41796875,79.18859375,28.83203125,1899.21875,4.0996875,4.14590625,55.36046875,57.58171875,30.140625,15.2734375,0.0066171875,202.74
1501,EV_104,DR667059_6,0,128,0.16193309590863483,0.23092983828102412,False,375.577296875,60.92578125,77.3725,31.7109375,2060.0,4.0588125,4.138234375,61.752578125,64.08265625,34.0078125,15.3515625,0.005390625,202.74
1502,EV_104,DR422821_14,0,128,0.16193309590863483,0.09904438422993092,False,380.220359375,38.39453125,69.362421875,31.9140625,2001.34375,4.0993515625,4.146296875,54.17171875,56.17171875,30.625,14.21875,0.005703125,202.74
1503,EV_104,DR422821_17,0,128,0.16193309590863483,0.12544516349543247,False,374.6214453125,54.4625,63.82421875,29.265625,1913.671875,4.0979140625,4.1446484375,54.178125,56.42203125,33.359375,16.015625,0.0055625,202.74
1504,EV_104,DR650597_11,0,128,0.16193309590863483,0.150442437217869,False,392.0935703125,46.87265625,76.29421875,29.43359375,1907.03125,4.11234375,4.1482421875,52.153359375,53.751875,30.5625,15.3125,0.006015625,202.74
1505,EV_104,DR650597_12,0,128,0.16193309590863483,0.16040556930481076,False,391.7274296875,38.859375,74.609609375,28.8828125,1840.78125,4.10840625,4.14753125,59.05296875,60.905234375,30.7890625,16.015625,0.00453125,202.74
1506,EV_104,DR650597_18,0,128,0.16193309590863483,0.15709685369072104,False,380.8865234375,48.140625,63.473203125,28.6953125,1922.421875,4.0676796875,4.14475,52.687578125,55.6165625,30.5546875,18.6328125,0.0054453125,202.74
1507,EV_104,DR650597_15,0,128,0.16193309590863483,0.09730404185673848,False,375.2993515625,49.5234375,69.047890625,32.3515625,2168.671875,4.0666015625,4.1459375,56.493828125,58.269296875,33.734375,14.2578125,0.0047578125,202.74
1508,EV_106,DR805018_19,0,128,0.16044133690300877,0.20785103864529617,False,348.958671875,82.2796875,49.81953125,110.1421875,4405.6875,4.086515625,4.190234375,64.974296875,64.993046875,46.7734375,1.265625,0.0078125,173.9
1509,EV_110,DR104166_21,0,128,0.16044133690300877,0.2615663858447668,False,329.489765625,73.03046875,53.190625,105.07578125,4734.578125,4.11621875,4.4164296875,64.99984375,65.0,38.75390625,1.5234375,0.006640625,181.09
1510,EV_109,DR524455_31,0,128,0.16044133690300877,0.273078763593312,False,325.9774921875,91.4171875,34.827421875,101.40234375,5069.3359375,4.21271875,4.400890625,63.640625,64.94609375,45.890625,1.8359375,0.0064062500000000005,179.19
1511,EV_108,DR380742_16,0,128,0.16044133690300877,0.22564481017108487,False,337.47403125,104.21953125,60.295625,108.87734375,5443.8671875,3.970015625,4.24959375,64.9871875,65.0,51.5546875,1.3671875,0.006875,181.95
1512,EV_106,DR402462_14,0,128,0.16044133690300877,0.29006929080479965,False,309.7553359375,84.00390625,55.2175,107.10546875,5355.2734375,3.8149765625,4.1813671875,64.999609375,65.0,40.78125,1.7265625,0.008203125,173.9
1513,EV_108,DR380742_18,0,128,0.16044133690300877,0.19257801898528176,False,322.390375,108.9203125,53.116015625,108.8984375,5444.921875,3.9112109375,4.2781796875,65.0,65.0,41.53125,1.765625,0.00703125,181.95
1514,EV_107,DR705506_18,0,128,0.16044133690300877,0.16057389418757073,False,336.6312890625,99.240625,56.298515625,110.27890625,5128.4375,4.0684921875,4.326796875,64.998671875,65.0,41.453125,1.6640625,0.0066796875,176.22
1515,EV_107,DR705506_21,0,128,0.16044133690300877,0.26518510056165073,False,315.7123984375,127.55078125,46.87296875,113.54296875,5273.984375,3.853890625,4.141953125,64.52578125,64.98828125,42.6796875,1.109375,0.004765625,176.22
1516,EV_106,DR402462_15,0,128,0.16044133690300877,0.22606765797209355,False,341.7941171875,105.69765625,53.105078125,109.56484375,5478.28125,3.7780078125,4.1964765625,65.0,65.0,49.7109375,1.953125,0.006640625,173.9
1517,EV_106,DR402462_18,0,128,0.16044133690300877,0.2723111328482074,False,331.760109375,86.70625,45.0925,111.02109375,5545.8984375,3.63978125,4.19228125,65.0,65.0,47.140625,2.125,0.004921875,173.9
1518,EV_109,DR549817_16,0,128,0.16044133690300877,0.2331826161701714,False,356.528703125,105.978125,42.88265625,108.6296875,4345.1875,4.1199921875,4.2032109375,64.83984375,64.99140625,37.3046875,2.734375,0.006015625,179.29
1519,EV_105,DR692730_13,0,128,0.15315303597387472,0.2240745567640822,False,339.983359375,123.43125,59.326328125,111.6921875,4957.34375,3.8218984375,4.0653359374999996,64.58765625,65.0,53.5546875,1.109375,0.0033203125,195.09
1520,EV_105,DR692730_3,0,128,0.15315303597387472,0.4609330561794036,False,312.513515625,124.1390625,92.194609375,111.96796875,4478.875,3.3944453125,3.567484375,65.0,65.0,41.9296875,1.609375,0.00609375,195.09
1521,EV_108,DR424318_9,0,128,0.15315303597387472,0.2624790322331206,False,332.487453125,92.01953125,58.700703125,107.5203125,4669.7265625,3.4893125,4.18296875,64.999375,65.0,44.6796875,1.0,0.005234375,183.46
1522,EV_102,RC730473_5,1,128,0.14778149195134269,0.20700937620794446,False,399.0265,-25.5953125,32.776171875,0.0,0.0,3.94278359375,4.1244328125,24.33081640625,29.2410546875,0.0,0.0,0.0,193.8
1523,EV_103,RC927118_10,1,128,0.14778149195134269,0.20791953875298044,False,394.8218671875,-21.040625,47.50078125,0.0,0.0,3.8320234375,4.0083828125,24.1924765625,28.0641796875,0.0,0.0,0.0,197.17
1524,EV_102,RC730473_8,1,128,0.14778149195134269,0.16195792268244477,False,406.19090625,-23.7546875,45.080078125,0.0,0.0,4.0158671875,4.159703125,24.9169921875,30.1424453125,0.0,0.0,0.0,193.8
1525,EV_103,RC304195_4,1,128,0.14778149195134269,0.3125581078382235,False,401.262203125,-27.0109375,21.73828125,0.0,0.0,4.180859375,4.386015625,23.122734375,27.91953125,0.0,0.0,0.0,197.17
1526,EV_102,RC402318_2,1,128,0.14778149195134269,0.2751925571278136,False,427.2781953125,-28.37265625,29.4953125,0.0,0.0,4.1531015625,4.2374375,34.421953125,36.8678125,0.0,0.0,0.0,193.57
