volt_V,accelerator_pedal_pct,payload_kg,motor_rpm,charger_connected,min_single_volt_V,hvac_active,soc_pct,max_single_volt_V,avg_speed_kmh,current_A,nominal_capacity_Ah,vehicle_name,regenerative_braking_Ah,timestamp_s,brake_pedal_pct,id_segment,min_temp_C,mileage_km,id,actual_max_capacity_Ah,label,max_temp_C,gear_position,car_model,car_id
445.0,0.0,83.87,0.0,1,4.193,0,82.49,4.242,0.0,-5.0,185.0,EV_108,0.0,800,0.0,RC386274_9,40.78,26820.79,RC386274,183.46,0.0,46.68,P,SimuProB-3,EV_108
445.0,0.0,83.87,0.0,1,4.194,0,82.53,4.243,0.0,-3.4,185.0,EV_108,0.0,810,0.0,RC386274_9,40.8,26820.79,RC386274,183.46,0.0,46.7,P,SimuProB-3,EV_108
444.966,0.0,83.87,0.0,1,4.195,0,82.55,4.244,0.0,-3.7,185.0,EV_108,0.0,820,0.0,RC386274_9,40.82,26820.79,RC386274,183.46,0.0,46.72,P,SimuProB-3,EV_108
444.49,0.0,83.87,0.0,1,4.1956,0,82.58,4.2448,0.0,-5.3,185.0,EV_108,0.0,830,0.0,RC386274_9,40.84,26820.79,RC386274,183.46,0.0,46.74,P,SimuProB-3,EV_108
444.418,0.0,83.87,0.0,1,4.1962,0,82.6,4.2455,0.0,-0.8,185.0,EV_108,0.0,840,0.0,RC386274_9,40.86,26820.79,RC386274,183.46,0.0,46.76,P,SimuProB-3,EV_108
444.786,0.0,83.87,0.0,1,4.1968,0,82.63,4.2461,0.0,-2.5,185.0,EV_108,0.0,850,0.0,RC386274_9,40.88,26820.79,RC386274,183.46,0.0,46.78,P,SimuProB-3,EV_108
445.0,0.0,83.87,0.0,1,4.198,0,82.65,4.247,0.0,-4.1,185.0,EV_108,0.0,860,0.0,RC386274_9,40.91,26820.79,RC386274,183.46,0.0,46.81,P,SimuProB-3,EV_108
445.0,0.0,83.87,0.0,1,4.199,0,82.66,4.248,0.0,-1.8,185.0,EV_108,0.0,870,0.0,RC386274_9,40.93,26820.79,RC386274,183.46,0.0,46.83,P,SimuProB-3,EV_108
445.0,0.0,83.87,0.0,1,4.2,0,82.67,4.249,0.0,-8.0,185.0,EV_108,0.0,880,0.0,RC386274_9,40.95,26820.79,RC386274,183.46,0.0,46.85,P,SimuProB-3,EV_108
445.0,0.0,83.87,0.0,1,4.201,0,82.68,4.2502,0.0,0.8,185.0,EV_108,0.0,890,0.0,RC386274_9,40.96,26820.79,RC386274,183.46,0.0,46.86,P,SimuProB-3,EV_108
445.0,0.0,83.87,0.0,1,4.2025,0,82.69,4.2515,0.0,-1.2,185.0,EV_108,0.0,900,0.0,RC386274_9,40.97,26820.79,RC386274,183.46,0.0,46.87,P,SimuProB-3,EV_108
445.0,0.0,83.87,0.0,1,4.204,0,82.69,4.2528,0.0,-1.7,185.0,EV_108,0.0,910,0.0,RC386274_9,40.98,26820.79,RC386274,183.46,0.0,46.88,P,SimuProB-3,EV_108
444.645,0.0,83.87,0.0,1,4.205,0,82.71,4.254,0.0,-1.3,185.0,EV_108,0.0,920,0.0,RC386274_9,41.0,26820.79,RC386274,183.46,0.0,46.9,P,SimuProB-3,EV_108
444.942,0.0,83.87,0.0,1,4.206,0,82.71,4.255,0.0,0.9,185.0,EV_108,0.0,930,0.0,RC386274_9,41.02,26820.79,RC386274,183.46,0.0,46.92,P,SimuProB-3,EV_108
444.913,0.0,83.87,0.0,1,4.207,0,82.71,4.256,0.0,-2.6,185.0,EV_108,0.0,940,0.0,RC386274_9,41.04,26820.79,RC386274,183.46,0.0,46.94,P,SimuProB-3,EV_108
445.0,0.0,83.87,0.0,1,4.208,0,82.73,4.257,0.0,-0.1,185.0,EV_108,0.0,950,0.0,RC386274_9,41.06,26820.79,RC386274,183.46,0.0,46.96,P,SimuProB-3,EV_108
445.0,0.0,83.87,0.0,1,4.209,0,82.73,4.258,0.0,-1.6,185.0,EV_108,0.0,960,0.0,RC386274_9,41.08,26820.79,RC386274,183.46,0.0,46.98,P,SimuProB-3,EV_108
445.0,0.0,83.87,0.0,1,4.21,0,82.76,4.26,0.0,0.2,185.0,EV_108,0.0,970,0.0,RC386274_9,41.11,26820.79,RC386274,183.46,0.0,47.01,P,SimuProB-3,EV_108
445.0,0.0,83.87,0.0,1,4.211,0,82.76,4.261,0.0,-4.1,185.0,EV_108,0.0,980,0.0,RC386274_9,41.13,26820.79,RC386274,183.46,0.0,47.03,P,SimuProB-3,EV_108
445.0,0.0,83.87,0.0,1,4.212,0,82.78,4.262,0.0,-5.2,185.0,EV_108,0.0,990,0.0,RC386274_9,41.15,26820.79,RC386274,183.46,0.0,47.05,P,SimuProB-3,EV_108
445.0,0.0,83.87,0.0,1,4.213,0,82.78,4.263,0.0,-2.2,185.0,EV_108,0.0,1000,0.0,RC386274_9,41.17,26820.79,RC386274,183.46,0.0,47.07,P,SimuProB-3,EV_108
445.0,0.0,83.87,0.0,1,4.2125,0,82.79,4.2635,0.0,-6.7,185.0,EV_108,0.0,1010,0.0,RC386274_9,41.18,26820.79,RC386274,183.46,0.0,47.08,P,SimuProB-3,EV_108
445.0,0.0,83.87,0.0,1,4.213,0,82.8,4.264,0.0,-4.7,185.0,EV_108,0.0,1020,0.0,RC386274_9,41.19,26820.79,RC386274,183.46,0.0,47.09,P,SimuProB-3,EV_108
445.0,0.0,83.87,0.0,1,4.2135,0,82.8,4.2645,0.0,-4.7,185.0,EV_108,0.0,1030,0.0,RC386274_9,41.2,26820.79,RC386274,183.46,0.0,47.1,P,SimuProB-3,EV_108
445.0,0.0,83.87,0.0,1,4.2132,0,82.81,4.2647,0.0,-2.8,185.0,EV_108,0.0,1040,0.0,RC386274_9,41.21,26820.79,RC386274,183.46,0.0,47.11,P,SimuProB-3,EV_108
445.0,0.0,83.87,0.0,1,4.2131,0,82.81,4.2646,0.0,-4.6,185.0,EV_108,0.0,1050,0.0,RC386274_9,41.22,26820.79,RC386274,183.46,0.0,47.12,P,SimuProB-3,EV_108
445.0,0.0,83.87,0.0,1,4.2133,0,82.82,4.2648,0.0,-6.4,185.0,EV_108,0.0,1060,0.0,RC386274_9,41.23,26820.79,RC386274,183.46,0.0,47.13,P,SimuProB-3,EV_108
444.806,0.0,83.87,0.0,1,4.2138,0,82.83,4.265,0.0,-4.9,185.0,EV_108,0.0,1070,0.0,RC386274_9,41.24,26820.79,RC386274,183.46,0.0,47.14,P,SimuProB-3,EV_108
444.957,0.0,83.87,0.0,1,4.2142,0,82.83,4.2654,0.0,-4.3,185.0,EV_108,0.0,1080,0.0,RC386274_9,41.25,26820.79,RC386274,183.46,0.0,47.15,P,SimuProB-3,EV_108
445.0,0.0,83.87,0.0,1,4.2146,0,82.83,4.2658,0.0,-3.9,185.0,EV_108,0.0,1090,0.0,RC386274_9,41.26,26820.79,RC386274,183.46,0.0,47.16,P,SimuProB-3,EV_108
445.0,0.0,83.87,0.0,1,4.215,0,82.84,4.2662,0.0,-3.2,185.0,EV_108,0.0,1100,0.0,RC386274_9,41.27,26820.79,RC386274,183.46,0.0,47.17,P,SimuProB-3,EV_108
445.0,0.0,83.87,0.0,1,4.2154,0,82.84,4.2666,0.0,-6.1,185.0,EV_108,0.0,1110,0.0,RC386274_9,41.28,26820.79,RC386274,183.46,0.0,47.18,P,SimuProB-3,EV_108
445.0,0.0,83.87,0.0,1,4.2158,0,82.85,4.267,0.0,-5.9,185.0,EV_108,0.0,1120,0.0,RC386274_9,41.29,26820.79,RC386274,183.46,0.0,47.19,P,SimuProB-3,EV_108
444.816,0.0,83.87,0.0,1,4.2165,0,82.86,4.2675,0.0,-7.0,185.0,EV_108,0.0,1130,0.0,RC386274_9,41.32,26820.79,RC386274,183.46,0.0,47.22,P,SimuProB-3,EV_108
445.0,0.0,83.87,0.0,1,4.217,0,82.86,4.268,0.0,-4.1,185.0,EV_108,0.0,1140,0.0,RC386274_9,41.35,26820.79,RC386274,183.46,0.0,47.25,P,SimuProB-3,EV_108
445.0,0.0,83.87,0.0,1,4.2175,0,82.86,4.2685,0.0,-5.2,185.0,EV_108,0.0,1150,0.0,RC386274_9,41.38,26820.79,RC386274,183.46,0.0,47.28,P,SimuProB-3,EV_108
445.0,0.0,83.87,0.0,1,4.218,0,82.87,4.269,0.0,-6.0,185.0,EV_108,0.0,1160,0.0,RC386274_9,41.4,26820.79,RC386274,183.46,0.0,47.3,P,SimuProB-3,EV_108
445.0,0.0,83.87,0.0,1,4.2185,0,82.89,4.2695,0.0,-6.6,185.0,EV_108,0.0,1170,0.0,RC386274_9,41.45,26820.79,RC386274,183.46,0.0,47.35,P,SimuProB-3,EV_108
445.0,0.0,83.87,0.0,1,4.219,0,82.9,4.27,0.0,-3.7,185.0,EV_108,0.0,1180,0.0,RC386274_9,41.5,26820.79,RC386274,183.46,0.0,47.4,P,SimuProB-3,EV_108
445.0,0.0,83.87,0.0,1,4.2191,0,82.9,4.2702,0.0,-1.7,185.0,EV_108,0.0,1190,0.0,RC386274_9,41.52,26820.79,RC386274,183.46,0.0,47.42,P,SimuProB-3,EV_108
445.0,0.0,83.87,0.0,1,4.2193,0,82.91,4.2705,0.0,-4.8,185.0,EV_108,0.0,1200,0.0,RC386274_9,41.54,26820.79,RC386274,183.46,0.0,47.44,P,SimuProB-3,EV_108
445.0,0.0,83.87,0.0,1,4.2195,0,82.92,4.2708,0.0,-3.5,185.0,EV_108,0.0,1210,0.0,RC386274_9,41.56,26820.79,RC386274,183.46,0.0,47.46,P,SimuProB-3,EV_108
444.728,0.0,83.87,0.0,1,4.2197,0,82.93,4.271,0.0,-4.7,185.0,EV_108,0.0,1220,0.0,RC386274_9,41.58,26820.79,RC386274,183.46,0.0,47.48,P,SimuProB-3,EV_108
445.0,0.0,83.87,0.0,1,4.2199,0,82.94,4.2712,0.0,-3.6,185.0,EV_108,0.0,1230,0.0,RC386274_9,41.6,26820.79,RC386274,183.46,0.0,47.5,P,SimuProB-3,EV_108
445.0,0.0,83.87,0.0,1,4.2201,0,82.95,4.2714,0.0,-2.5,185.0,EV_108,0.0,1240,0.0,RC386274_9,41.62,26820.79,RC386274,183.46,0.0,47.52,P,SimuProB-3,EV_108
444.718,0.0,83.87,0.0,1,4.2203,0,82.98,4.2716,0.0,-1.3,185.0,EV_108,0.0,1250,0.0,RC386274_9,41.64,26820.79,RC386274,183.46,0.0,47.54,P,SimuProB-3,EV_108
445.0,0.0,83.87,0.0,1,4.2205,0,82.98,4.2718,0.0,-3.6,185.0,EV_108,0.0,1260,0.0,RC386274_9,41.66,26820.79,RC386274,183.46,0.0,47.56,P,SimuProB-3,EV_108
445.0,0.0,83.87,0.0,1,4.2207,0,82.98,4.272,0.0,-2.3,185.0,EV_108,0.0,1270,0.0,RC386274_9,41.68,26820.79,RC386274,183.46,0.0,47.58,P,SimuProB-3,EV_108
444.973,0.0,83.87,0.0,1,4.2212,0,83.01,4.2725,0.0,0.0,185.0,EV_108,0.0,0,0.0,RC386274_10,41.71,26820.79,RC386274,183.46,0.0,47.61,P,SimuProB-3,EV_108
445.0,0.0,83.87,0.0,1,4.2218,0,83.04,4.273,0.0,-3.0,185.0,EV_108,0.0,10,0.0,RC386274_10,41.74,26820.79,RC386274,183.46,0.0,47.64,P,SimuProB-3,EV_108
445.0,0.0,83.87,0.0,1,4.2224,0,83.06,4.2736,0.0,-2.5,185.0,EV_108,0.0,20,0.0,RC386274_10,41.77,26820.79,RC386274,183.46,0.0,47.67,P,SimuProB-3,EV_108
445.0,0.0,83.87,0.0,1,4.223,0,83.08,4.2742,0.0,-0.0,185.0,EV_108,0.0,30,0.0,RC386274_10,41.8,26820.79,RC386274,183.46,0.0,47.7,P,SimuProB-3,EV_108
445.0,0.0,83.87,0.0,1,4.2236,0,83.1,4.2748,0.0,-0.5,185.0,EV_108,0.0,40,0.0,RC386274_10,41.83,26820.79,RC386274,183.46,0.0,47.73,P,SimuProB-3,EV_108
444.894,0.0,83.87,0.0,1,4.2242,0,83.12,4.2754,0.0,-5.4,185.0,EV_108,0.0,50,0.0,RC386274_10,41.86,26820.79,RC386274,183.46,0.0,47.76,P,SimuProB-3,EV_108
444.753,0.0,83.87,0.0,1,4.2248,0,83.16,4.276,0.0,-7.2,185.0,EV_108,0.0,60,0.0,RC386274_10,41.89,26820.79,RC386274,183.46,0.0,47.79,P,SimuProB-3,EV_108
444.44,0.0,83.87,0.0,1,4.2254,0,83.16,4.2766,0.0,-7.4,185.0,EV_108,0.0,70,0.0,RC386274_10,41.92,26820.79,RC386274,183.46,0.0,47.82,P,SimuProB-3,EV_108
444.909,0.0,83.87,0.0,1,4.226,0,83.19,4.2772,0.0,-7.4,185.0,EV_108,0.0,80,0.0,RC386274_10,41.95,26820.79,RC386274,183.46,0.0,47.85,P,SimuProB-3,EV_108
445.0,0.0,83.87,0.0,1,4.2266,0,83.21,4.2778,0.0,-9.3,185.0,EV_108,0.0,90,0.0,RC386274_10,41.98,26820.79,RC386274,183.46,0.0,47.88,P,SimuProB-3,EV_108
445.0,0.0,83.87,0.0,1,4.2272,0,83.25,4.2784,0.0,-4.7,185.0,EV_108,0.0,100,0.0,RC386274_10,42.01,26820.79,RC386274,183.46,0.0,47.91,P,SimuProB-3,EV_108
445.0,0.0,83.87,0.0,1,4.2278,0,83.26,4.279,0.0,-9.2,185.0,EV_108,0.0,110,0.0,RC386274_10,42.04,26820.79,RC386274,183.46,0.0,47.94,P,SimuProB-3,EV_108
445.0,0.0,83.87,0.0,1,4.2284,0,83.28,4.2796,0.0,-9.4,185.0,EV_108,0.0,120,0.0,RC386274_10,42.07,26820.79,RC386274,183.46,0.0,47.97,P,SimuProB-3,EV_108
445.0,0.0,83.87,0.0,1,4.229,0,83.3,4.2802,0.0,-3.8,185.0,EV_108,0.0,130,0.0,RC386274_10,42.1,26820.79,RC386274,183.46,0.0,48.0,P,SimuProB-3,EV_108
445.0,0.0,83.87,0.0,1,4.2296,0,83.3,4.2808,0.0,-4.0,185.0,EV_108,0.0,140,0.0,RC386274_10,42.13,26820.79,RC386274,183.46,0.0,48.03,P,SimuProB-3,EV_108
444.808,0.0,83.87,0.0,1,4.2302,0,83.31,4.2814,0.0,-2.2,185.0,EV_108,0.0,150,0.0,RC386274_10,42.16,26820.79,RC386274,183.46,0.0,48.06,P,SimuProB-3,EV_108
445.0,0.0,83.87,0.0,1,4.2308,0,83.31,4.282,0.0,-3.0,185.0,EV_108,0.0,160,0.0,RC386274_10,42.19,26820.79,RC386274,183.46,0.0,48.09,P,SimuProB-3,EV_108
445.0,0.0,83.87,0.0,1,4.2314,0,83.32,4.2826,0.0,-0.5,185.0,EV_108,0.0,170,0.0,RC386274_10,42.22,26820.79,RC386274,183.46,0.0,48.12,P,SimuProB-3,EV_108
445.0,0.0,83.87,0.0,1,4.232,0,83.34,4.2832,0.0,-5.0,185.0,EV_108,0.0,180,0.0,RC386274_10,42.25,26820.79,RC386274,183.46,0.0,48.15,P,SimuProB-3,EV_108
445.0,0.0,83.87,0.0,1,4.2326,0,83.34,4.2838,0.0,-1.2,185.0,EV_108,0.0,190,0.0,RC386274_10,42.28,26820.79,RC386274,183.46,0.0,48.18,P,SimuProB-3,EV_108
445.0,0.0,83.87,0.0,1,4.2332,0,83.34,4.2844,0.0,-2.1,185.0,EV_108,0.0,200,0.0,RC386274_10,42.31,26820.79,RC386274,183.46,0.0,48.21,P,SimuProB-3,EV_108
444.789,0.0,83.87,0.0,1,4.2336,0,83.34,4.2848,0.0,-5.4,185.0,EV_108,0.0,210,0.0,RC386274_10,42.33,26820.79,RC386274,183.46,0.0,48.23,P,SimuProB-3,EV_108
445.0,0.0,83.87,0.0,1,4.2339,0,83.36,4.2851,0.0,0.7,185.0,EV_108,0.0,220,0.0,RC386274_10,42.35,26820.79,RC386274,183.46,0.0,48.25,P,SimuProB-3,EV_108
445.0,0.0,83.87,0.0,1,4.2343,0,83.36,4.2855,0.0,-2.8,185.0,EV_108,0.0,230,0.0,RC386274_10,42.37,26820.79,RC386274,183.46,0.0,48.27,P,SimuProB-3,EV_108
445.0,0.0,83.87,0.0,1,4.2348,0,83.37,4.286,0.0,-0.4,185.0,EV_108,0.0,240,0.0,RC386274_10,42.38,26820.79,RC386274,183.46,0.0,48.28,P,SimuProB-3,EV_108
445.0,0.0,83.87,0.0,1,4.2353,0,83.37,4.2865,0.0,-5.0,185.0,EV_108,0.0,250,0.0,RC386274_10,42.39,26820.79,RC386274,183.46,0.0,48.29,P,SimuProB-3,EV_108
445.0,0.0,83.87,0.0,1,4.2358,0,83.38,4.287,0.0,-3.4,185.0,EV_108,0.0,260,0.0,RC386274_10,42.4,26820.79,RC386274,183.46,0.0,48.3,P,SimuProB-3,EV_108
445.0,0.0,83.87,0.0,1,4.2363,0,83.39,4.2875,0.0,-5.7,185.0,EV_108,0.0,270,0.0,RC386274_10,42.41,26820.79,RC386274,183.46,0.0,48.31,P,SimuProB-3,EV_108
445.0,0.0,83.87,0.0,1,4.2368,0,83.4,4.288,0.0,-5.0,185.0,EV_108,0.0,280,0.0,RC386274_10,42.42,26820.79,RC386274,183.46,0.0,48.32,P,SimuProB-3,EV_108
445.0,0.0,83.87,0.0,1,4.2373,0,83.4,4.2885,0.0,-3.3,185.0,EV_108,0.0,290,0.0,RC386274_10,42.43,26820.79,RC386274,183.46,0.0,48.33,P,SimuProB-3,EV_108
445.0,0.0,83.87,0.0,1,4.237,0,83.41,4.2882,0.0,-3.0,185.0,EV_108,0.0,300,0.0,RC386274_10,42.45,26820.79,RC386274,183.46,0.0,48.35,P,SimuProB-3,EV_108
444.879,0.0,83.87,0.0,1,4.2372,0,83.41,4.2884,0.0,-2.4,185.0,EV_108,0.0,310,0.0,RC386274_10,42.47,26820.79,RC386274,183.46,0.0,48.37,P,SimuProB-3,EV_108
445.0,0.0,83.87,0.0,1,4.2374,0,83.41,4.2886,0.0,-1.9,185.0,EV_108,0.0,320,0.0,RC386274_10,42.49,26820.79,RC386274,183.46,0.0,48.39,P,SimuProB-3,EV_108
445.0,0.0,83.87,0.0,1,4.2376,0,83.42,4.2888,0.0,-1.0,185.0,EV_108,0.0,330,0.0,RC386274_10,42.51,26820.79,RC386274,183.46,0.0,48.41,P,SimuProB-3,EV_108
445.0,0.0,83.87,0.0,1,4.2378,0,83.43,4.289,0.0,-2.5,185.0,EV_108,0.0,340,0.0,RC386274_10,42.53,26820.79,RC386274,183.46,0.0,48.43,P,SimuProB-3,EV_108
444.783,0.0,83.87,0.0,1,4.238,0,83.46,4.2892,0.0,1.4,185.0,EV_108,0.0,350,0.0,RC386274_10,42.55,26820.79,RC386274,183.46,0.0,48.45,P,SimuProB-3,EV_108
445.0,0.0,83.87,0.0,1,4.2382,0,83.46,4.2894,0.0,-1.6,185.0,EV_108,0.0,360,0.0,RC386274_10,42.57,26820.79,RC386274,183.46,0.0,48.47,P,SimuProB-3,EV_108
445.0,0.0,83.87,0.0,1,4.2384,0,83.48,4.2896,0.0,-1.1,185.0,EV_108,0.0,370,0.0,RC386274_10,42.59,26820.79,RC386274,183.46,0.0,48.49,P,SimuProB-3,EV_108
445.0,0.0,83.87,0.0,1,4.2386,0,83.48,4.2898,0.0,-1.5,185.0,EV_108,0.0,380,0.0,RC386274_10,42.61,26820.79,RC386274,183.46,0.0,48.51,P,SimuProB-3,EV_108
445.0,0.0,83.87,0.0,1,4.2388,0,83.49,4.2902,0.0,-2.9,185.0,EV_108,0.0,390,0.0,RC386274_10,42.63,26820.79,RC386274,183.46,0.0,48.53,P,SimuProB-3,EV_108
444.881,0.0,83.87,0.0,1,4.239,0,83.5,4.2906,0.0,-1.6,185.0,EV_108,0.0,400,0.0,RC386274_10,42.65,26820.79,RC386274,183.46,0.0,48.55,P,SimuProB-3,EV_108
444.828,0.0,83.87,0.0,1,4.2392,0,83.53,4.291,0.0,-1.7,185.0,EV_108,0.0,410,0.0,RC386274_10,42.67,26820.79,RC386274,183.46,0.0,48.57,P,SimuProB-3,EV_108
445.0,0.0,83.87,0.0,1,4.2394,0,83.54,4.2912,0.0,-2.9,185.0,EV_108,0.0,420,0.0,RC386274_10,42.69,26820.79,RC386274,183.46,0.0,48.59,P,SimuProB-3,EV_108
444.761,0.0,83.87,0.0,1,4.2397,0,83.55,4.2915,0.0,-3.2,185.0,EV_108,0.0,430,0.0,RC386274_10,42.71,26820.79,RC386274,183.46,0.0,48.61,P,SimuProB-3,EV_108
445.0,0.0,83.87,0.0,1,4.24,0,83.56,4.2918,0.0,1.2,185.0,EV_108,0.0,440,0.0,RC386274_10,42.73,26820.79,RC386274,183.46,0.0,48.63,P,SimuProB-3,EV_108
445.0,0.0,83.87,0.0,1,4.2398,0,83.56,4.2916,0.0,-4.2,185.0,EV_108,0.0,450,0.0,RC386274_10,42.74,26820.79,RC386274,183.46,0.0,48.64,P,SimuProB-3,EV_108
445.0,0.0,83.87,0.0,1,4.2402,0,83.59,4.292,0.0,0.3,185.0,EV_108,0.0,460,0.0,RC386274_10,42.75,26820.79,RC386274,183.46,0.0,48.65,P,SimuProB-3,EV_108
445.0,0.0,83.87,0.0,1,4.2406,0,83.59,4.2924,0.0,-1.6,185.0,EV_108,0.0,470,0.0,RC386274_10,42.76,26820.79,RC386274,183.46,0.0,48.66,P,SimuProB-3,EV_108
445.0,0.0,83.87,0.0,1,4.241,0,83.6,4.293,0.0,-3.2,185.0,EV_108,0.0,480,0.0,RC386274_10,42.77,26820.79,RC386274,183.46,0.0,48.67,P,SimuProB-3,EV_108
445.0,0.0,83.87,0.0,1,4.2415,0,83.63,4.2935,0.0,-3.0,185.0,EV_108,0.0,490,0.0,RC386274_10,42.78,26820.79,RC386274,183.46,0.0,48.68,P,SimuProB-3,EV_108
445.0,0.0,83.87,0.0,1,4.242,0,83.64,4.294,0.0,-3.2,185.0,EV_108,0.0,500,0.0,RC386274_10,42.79,26820.79,RC386274,183.46,0.0,48.69,P,SimuProB-3,EV_108
444.906,0.0,83.87,0.0,1,4.2425,0,83.66,4.2945,0.0,-4.7,185.0,EV_108,0.0,510,0.0,RC386274_10,42.8,26820.79,RC386274,183.46,0.0,48.7,P,SimuProB-3,EV_108
445.0,0.0,83.87,0.0,1,4.243,0,83.67,4.295,0.0,-3.5,185.0,EV_108,0.0,520,0.0,RC386274_10,42.81,26820.79,RC386274,183.46,0.0,48.71,P,SimuProB-3,EV_108
445.0,0.0,83.87,0.0,1,4.2435,0,83.67,4.2955,0.0,-6.2,185.0,EV_108,0.0,530,0.0,RC386274_10,42.82,26820.79,RC386274,183.46,0.0,48.72,P,SimuProB-3,EV_108
445.0,0.0,83.87,0.0,1,4.244,0,83.7,4.296,0.0,-2.6,185.0,EV_108,0.0,540,0.0,RC386274_10,42.825,26820.79,RC386274,183.46,0.0,48.725,P,SimuProB-3,EV_108
445.0,0.0,83.87,0.0,1,4.2445,0,83.7,4.2965,0.0,-4.7,185.0,EV_108,0.0,550,0.0,RC386274_10,42.83,26820.79,RC386274,183.46,0.0,48.73,P,SimuProB-3,EV_108
444.938,0.0,83.87,0.0,1,4.245,0,83.71,4.297,0.0,-5.0,185.0,EV_108,0.0,560,0.0,RC386274_10,42.835,26820.79,RC386274,183.46,0.0,48.735,P,SimuProB-3,EV_108
445.0,0.0,83.87,0.0,1,4.2453,0,83.71,4.2973,0.0,-3.4,185.0,EV_108,0.0,570,0.0,RC386274_10,42.84,26820.79,RC386274,183.46,0.0,48.74,P,SimuProB-3,EV_108
444.938,0.0,83.87,0.0,1,4.2458,0,83.72,4.2978,0.0,-4.9,185.0,EV_108,0.0,580,0.0,RC386274_10,42.85,26820.79,RC386274,183.46,0.0,48.75,P,SimuProB-3,EV_108
445.0,0.0,83.87,0.0,1,4.2462,0,83.72,4.2982,0.0,-4.7,185.0,EV_108,0.0,590,0.0,RC386274_10,42.86,26820.79,RC386274,183.46,0.0,48.76,P,SimuProB-3,EV_108
445.0,0.0,83.87,0.0,1,4.2463,0,83.74,4.2983,0.0,-3.6,185.0,EV_108,0.0,600,0.0,RC386274_10,42.865,26820.79,RC386274,183.46,0.0,48.765,P,SimuProB-3,EV_108
445.0,0.0,83.87,0.0,1,4.2467,0,83.75,4.2987,0.0,-7.1,185.0,EV_108,0.0,610,0.0,RC386274_10,42.87,26820.79,RC386274,183.46,0.0,48.77,P,SimuProB-3,EV_108
444.807,0.0,83.87,0.0,1,4.247,0,83.76,4.299,0.0,-6.8,185.0,EV_108,0.0,620,0.0,RC386274_10,42.875,26820.79,RC386274,183.46,0.0,48.775,P,SimuProB-3,EV_108
445.0,0.0,83.87,0.0,1,4.2485,0,83.78,4.3005,0.0,-3.8,185.0,EV_108,0.0,630,0.0,RC386274_10,42.89,26820.79,RC386274,183.46,0.0,48.79,P,SimuProB-3,EV_108
445.0,0.0,83.87,0.0,1,4.2492,0,83.79,4.3012,0.0,-5.7,185.0,EV_108,0.0,640,0.0,RC386274_10,42.9,26820.79,RC386274,183.46,0.0,48.8,P,SimuProB-3,EV_108
445.0,0.0,83.87,0.0,1,4.25,0,83.8,4.302,0.0,-4.4,185.0,EV_108,0.0,650,0.0,RC386274_10,42.91,26820.79,RC386274,183.46,0.0,48.81,P,SimuProB-3,EV_108
445.0,0.0,83.87,0.0,1,4.251,0,83.83,4.303,0.0,-3.2,185.0,EV_108,0.0,660,0.0,RC386274_10,42.92,26820.79,RC386274,183.46,0.0,48.82,P,SimuProB-3,EV_108
444.945,0.0,83.87,0.0,1,4.252,0,83.83,4.304,0.0,-6.5,185.0,EV_108,0.0,670,0.0,RC386274_10,42.93,26820.79,RC386274,183.46,0.0,48.83,P,SimuProB-3,EV_108
445.0,0.0,83.87,0.0,1,4.253,0,83.83,4.305,0.0,-2.7,185.0,EV_108,0.0,680,0.0,RC386274_10,42.94,26820.79,RC386274,183.46,0.0,48.84,P,SimuProB-3,EV_108
444.804,0.0,83.87,0.0,1,4.254,0,83.84,4.306,0.0,-2.7,185.0,EV_108,0.0,690,0.0,RC386274_10,42.95,26820.79,RC386274,183.46,0.0,48.85,P,SimuProB-3,EV_108
445.0,0.0,83.87,0.0,1,4.255,0,83.84,4.307,0.0,-7.5,185.0,EV_108,0.0,700,0.0,RC386274_10,42.96,26820.79,RC386274,183.46,0.0,48.86,P,SimuProB-3,EV_108
445.0,0.0,83.87,0.0,1,4.256,0,83.84,4.308,0.0,-4.8,185.0,EV_108,0.0,710,0.0,RC386274_10,42.97,26820.79,RC386274,183.46,0.0,48.87,P,SimuProB-3,EV_108
445.0,0.0,83.87,0.0,1,4.257,0,83.85,4.309,0.0,-4.2,185.0,EV_108,0.0,720,0.0,RC386274_10,42.98,26820.79,RC386274,183.46,0.0,48.88,P,SimuProB-3,EV_108
444.94,0.0,83.87,0.0,1,4.258,0,83.85,4.31,0.0,-6.2,185.0,EV_108,0.0,730,0.0,RC386274_10,42.99,26820.79,RC386274,183.46,0.0,48.89,P,SimuProB-3,EV_108
444.772,0.0,83.87,0.0,1,4.259,0,83.85,4.311,0.0,-3.3,185.0,EV_108,0.0,740,0.0,RC386274_10,43.0,26820.79,RC386274,183.46,0.0,48.9,P,SimuProB-3,EV_108
444.324,0.0,83.87,0.0,1,4.26,0,83.86,4.312,0.0,-2.7,185.0,EV_108,0.0,750,0.0,RC386274_10,43.01,26820.79,RC386274,183.46,0.0,48.91,P,SimuProB-3,EV_108
444.83,0.0,83.87,0.0,1,4.261,0,83.86,4.313,0.0,-5.4,185.0,EV_108,0.0,760,0.0,RC386274_10,43.02,26820.79,RC386274,183.46,0.0,48.92,P,SimuProB-3,EV_108
444.565,0.0,83.87,0.0,1,4.262,0,83.88,4.314,0.0,-4.0,185.0,EV_108,0.0,770,0.0,RC386274_10,43.03,26820.79,RC386274,183.46,0.0,48.93,P,SimuProB-3,EV_108
444.971,0.0,83.87,0.0,1,4.263,0,83.89,4.315,0.0,-3.0,185.0,EV_108,0.0,780,0.0,RC386274_10,43.04,26820.79,RC386274,183.46,0.0,48.94,P,SimuProB-3,EV_108
444.679,0.0,83.87,0.0,1,4.264,0,83.91,4.316,0.0,-3.2,185.0,EV_108,0.0,790,0.0,RC386274_10,43.05,26820.79,RC386274,183.46,0.0,48.95,P,SimuProB-3,EV_108
444.852,0.0,83.87,0.0,1,4.265,0,83.91,4.317,0.0,-5.1,185.0,EV_108,0.0,800,0.0,RC386274_10,43.06,26820.79,RC386274,183.46,0.0,48.96,P,SimuProB-3,EV_108
444.423,0.0,83.87,0.0,1,4.2655,0,83.92,4.3175,0.0,-3.7,185.0,EV_108,0.0,810,0.0,RC386274_10,43.07,26820.79,RC386274,183.46,0.0,48.97,P,SimuProB-3,EV_108
444.557,0.0,83.87,0.0,1,4.2662,0,83.92,4.3182,0.0,-0.9,185.0,EV_108,0.0,820,0.0,RC386274_10,43.08,26820.79,RC386274,183.46,0.0,48.98,P,SimuProB-3,EV_108
445.0,0.0,83.87,0.0,1,4.267,0,83.94,4.319,0.0,-3.3,185.0,EV_108,0.0,830,0.0,RC386274_10,43.09,26820.79,RC386274,183.46,0.0,48.99,P,SimuProB-3,EV_108
445.0,0.0,83.87,0.0,1,4.268,0,83.96,4.32,0.0,-1.5,185.0,EV_108,0.0,840,0.0,RC386274_10,43.12,26820.79,RC386274,183.46,0.0,49.0,P,SimuProB-3,EV_108
445.0,0.0,83.87,0.0,1,4.269,0,83.98,4.321,0.0,-5.3,185.0,EV_108,0.0,850,0.0,RC386274_10,43.14,26820.79,RC386274,183.46,0.0,49.02,P,SimuProB-3,EV_108
445.0,0.0,83.87,0.0,1,4.27,0,84.01,4.322,0.0,-6.7,185.0,EV_108,0.0,860,0.0,RC386274_10,43.16,26820.79,RC386274,183.46,0.0,49.04,P,SimuProB-3,EV_108
445.0,0.0,83.87,0.0,1,4.271,0,84.03,4.323,0.0,-3.8,185.0,EV_108,0.0,870,0.0,RC386274_10,43.18,26820.79,RC386274,183.46,0.0,49.06,P,SimuProB-3,EV_108
445.0,0.0,83.87,0.0,1,4.272,0,84.06,4.324,0.0,-0.7,185.0,EV_108,0.0,880,0.0,RC386274_10,43.2,26820.79,RC386274,183.46,0.0,49.08,P,SimuProB-3,EV_108
445.0,0.0,83.87,0.0,1,4.273,0,84.07,4.325,0.0,-4.9,185.0,EV_108,0.0,890,0.0,RC386274_10,43.22,26820.79,RC386274,183.46,0.0,49.1,P,SimuProB-3,EV_108
445.0,0.0,83.87,0.0,1,4.2735,0,84.08,4.3255,0.0,-5.8,185.0,EV_108,0.0,900,0.0,RC386274_10,43.27,26820.79,RC386274,183.46,0.0,49.15,P,SimuProB-3,EV_108
445.0,0.0,83.87,0.0,1,4.2742,0,84.09,4.3262,0.0,-3.2,185.0,EV_108,0.0,910,0.0,RC386274_10,43.33,26820.79,RC386274,183.46,0.0,49.21,P,SimuProB-3,EV_108
445.0,0.0,83.87,0.0,1,4.2748,0,84.1,4.3268,0.0,-3.7,185.0,EV_108,0.0,920,0.0,RC386274_10,43.38,26820.79,RC386274,183.46,0.0,49.26,P,SimuProB-3,EV_108
445.0,0.0,83.87,0.0,1,4.2753,0,84.13,4.3273,0.0,-4.6,185.0,EV_108,0.0,930,0.0,RC386274_10,43.44,26820.79,RC386274,183.46,0.0,49.32,P,SimuProB-3,EV_108
444.758,0.0,83.87,0.0,1,4.2758,0,84.13,4.3278,0.0,-3.5,185.0,EV_108,0.0,940,0.0,RC386274_10,43.5,26820.79,RC386274,183.46,0.0,49.38,P,SimuProB-3,EV_108
445.0,0.0,83.87,0.0,1,4.2763,0,84.14,4.3283,0.0,-2.3,185.0,EV_108,0.0,950,0.0,RC386274_10,43.56,26820.79,RC386274,183.46,0.0,49.44,P,SimuProB-3,EV_108
445.0,0.0,83.87,0.0,1,4.2768,0,84.16,4.3288,0.0,-3.4,185.0,EV_108,0.0,960,0.0,RC386274_10,43.61,26820.79,RC386274,183.46,0.0,49.49,P,SimuProB-3,EV_108
445.0,0.0,83.87,0.0,1,4.2774,0,84.17,4.3294,0.0,-5.3,185.0,EV_108,0.0,970,0.0,RC386274_10,43.66,26820.79,RC386274,183.46,0.0,49.54,P,SimuProB-3,EV_108
445.0,0.0,83.87,0.0,1,4.278,0,84.18,4.33,0.0,-1.2,185.0,EV_108,0.0,980,0.0,RC386274_10,43.71,26820.79,RC386274,183.46,0.0,49.59,P,SimuProB-3,EV_108
445.0,0.0,83.87,0.0,1,4.279,0,84.19,4.331,0.0,-5.1,185.0,EV_108,0.0,990,0.0,RC386274_10,43.76,26820.79,RC386274,183.46,0.0,49.64,P,SimuProB-3,EV_108
445.0,0.0,83.87,0.0,1,4.28,0,84.21,4.332,0.0,1.5,185.0,EV_108,0.0,1000,0.0,RC386274_10,43.81,26820.79,RC386274,183.46,0.0,49.69,P,SimuProB-3,EV_108
445.0,0.0,83.87,0.0,1,4.281,0,84.22,4.333,0.0,-0.4,185.0,EV_108,0.0,1010,0.0,RC386274_10,43.86,26820.79,RC386274,183.46,0.0,49.74,P,SimuProB-3,EV_108
445.0,0.0,83.87,0.0,1,4.281,0,84.22,4.333,0.0,1.2,185.0,EV_108,0.0,1020,0.0,RC386274_10,43.91,26820.79,RC386274,183.46,0.0,49.79,P,SimuProB-3,EV_108
445.0,0.0,83.87,0.0,1,4.282,0,84.24,4.334,0.0,-1.3,185.0,EV_108,0.0,1030,0.0,RC386274_10,43.96,26820.79,RC386274,183.46,0.0,49.84,P,SimuProB-3,EV_108
445.0,0.0,83.87,0.0,1,4.283,0,84.24,4.335,0.0,-2.2,185.0,EV_108,0.0,1040,0.0,RC386274_10,44.01,26820.79,RC386274,183.46,0.0,49.89,P,SimuProB-3,EV_108
445.0,0.0,83.87,0.0,1,4.284,0,84.25,4.336,0.0,-5.0,185.0,EV_108,0.0,1050,0.0,RC386274_10,44.06,26820.79,RC386274,183.46,0.0,49.94,P,SimuProB-3,EV_108
445.0,0.0,83.87,0.0,1,4.285,0,84.28,4.337,0.0,-4.8,185.0,EV_108,0.0,1060,0.0,RC386274_10,44.11,26820.79,RC386274,183.46,0.0,49.99,P,SimuProB-3,EV_108
444.839,0.0,83.87,0.0,1,4.286,0,84.28,4.338,0.0,-4.0,185.0,EV_108,0.0,1070,0.0,RC386274_10,44.16,26820.79,RC386274,183.46,0.0,50.04,P,SimuProB-3,EV_108
444.815,0.0,83.87,0.0,1,4.288,0,84.29,4.34,0.0,-2.6,185.0,EV_108,0.0,1080,0.0,RC386274_10,44.21,26820.79,RC386274,183.46,0.0,50.08,P,SimuProB-3,EV_108
444.926,0.0,83.87,0.0,1,4.29,0,84.3,4.342,0.0,-0.7,185.0,EV_108,0.0,1090,0.0,RC386274_10,44.26,26820.79,RC386274,183.46,0.0,50.13,P,SimuProB-3,EV_108
445.0,0.0,83.87,0.0,1,4.292,0,84.31,4.344,0.0,-2.9,185.0,EV_108,0.0,1100,0.0,RC386274_10,44.31,26820.79,RC386274,183.46,0.0,50.18,P,SimuProB-3,EV_108
444.885,0.0,83.87,0.0,1,4.293,0,84.33,4.345,0.0,-2.8,185.0,EV_108,0.0,1110,0.0,RC386274_10,44.36,26820.79,RC386274,183.46,0.0,50.23,P,SimuProB-3,EV_108
444.758,0.0,83.87,0.0,1,4.294,0,84.33,4.346,0.0,-0.2,185.0,EV_108,0.0,1120,0.0,RC386274_10,44.41,26820.79,RC386274,183.46,0.0,50.28,P,SimuProB-3,EV_108
445.0,0.0,83.87,0.0,1,4.295,0,84.33,4.347,0.0,-0.5,185.0,EV_108,0.0,1130,0.0,RC386274_10,44.46,26820.79,RC386274,183.46,0.0,50.33,P,SimuProB-3,EV_108
445.0,0.0,83.87,0.0,1,4.296,0,84.35,4.348,0.0,-3.5,185.0,EV_108,0.0,1140,0.0,RC386274_10,44.51,26820.79,RC386274,183.46,0.0,50.38,P,SimuProB-3,EV_108
445.0,0.0,83.87,0.0,1,4.298,0,84.35,4.35,0.0,1.2,185.0,EV_108,0.0,1150,0.0,RC386274_10,44.56,26820.79,RC386274,183.46,0.0,50.43,P,SimuProB-3,EV_108
445.0,0.0,83.87,0.0,1,4.3,0,84.36,4.352,0.0,-2.1,185.0,EV_108,0.0,1160,0.0,RC386274_10,44.61,26820.79,RC386274,183.46,0.0,50.48,P,SimuProB-3,EV_108
445.0,0.0,83.87,0.0,1,4.301,0,84.38,4.353,0.0,-3.4,185.0,EV_108,0.0,1170,0.0,RC386274_10,44.66,26820.79,RC386274,183.46,0.0,50.53,P,SimuProB-3,EV_108
445.0,0.0,83.87,0.0,1,4.302,0,84.38,4.354,0.0,-4.8,185.0,EV_108,0.0,1180,0.0,RC386274_10,44.71,26820.79,RC386274,183.46,0.0,50.58,P,SimuProB-3,EV_108
445.0,0.0,83.87,0.0,1,4.303,0,84.4,4.355,0.0,-4.7,185.0,EV_108,0.0,1190,0.0,RC386274_10,44.76,26820.79,RC386274,183.46,0.0,50.63,P,SimuProB-3,EV_108
444.826,0.0,83.87,0.0,1,4.304,0,84.41,4.356,0.0,-2.1,185.0,EV_108,0.0,1200,0.0,RC386274_10,44.81,26820.79,RC386274,183.46,0.0,50.68,P,SimuProB-3,EV_108
445.0,0.0,83.87,0.0,1,4.305,0,84.43,4.357,0.0,-2.6,185.0,EV_108,0.0,1210,0.0,RC386274_10,44.86,26820.79,RC386274,183.46,0.0,50.73,P,SimuProB-3,EV_108
445.0,0.0,83.87,0.0,1,4.306,0,84.43,4.358,0.0,-5.8,185.0,EV_108,0.0,1220,0.0,RC386274_10,44.91,26820.79,RC386274,183.46,0.0,50.78,P,SimuProB-3,EV_108
445.0,0.0,83.87,0.0,1,4.307,0,84.46,4.359,0.0,-5.1,185.0,EV_108,0.0,1230,0.0,RC386274_10,44.96,26820.79,RC386274,183.46,0.0,50.83,P,SimuProB-3,EV_108
445.0,0.0,83.87,0.0,1,4.308,0,84.48,4.36,0.0,-7.5,185.0,EV_108,0.0,1240,0.0,RC386274_10,45.01,26820.79,RC386274,183.46,0.0,50.88,P,SimuProB-3,EV_108
444.922,0.0,83.87,0.0,1,4.309,0,84.48,4.361,0.0,-5.3,185.0,EV_108,0.0,1250,0.0,RC386274_10,45.06,26820.79,RC386274,183.46,0.0,50.93,P,SimuProB-3,EV_108
444.403,0.0,83.87,0.0,1,4.31,0,84.51,4.362,0.0,-7.4,185.0,EV_108,0.0,1260,0.0,RC386274_10,45.11,26820.79,RC386274,183.46,0.0,50.98,P,SimuProB-3,EV_108
444.699,0.0,83.87,0.0,1,4.311,0,84.53,4.363,0.0,-7.6,185.0,EV_108,0.0,1270,0.0,RC386274_10,45.16,26820.79,RC386274,183.46,0.0,51.03,P,SimuProB-3,EV_108
444.369,0.0,83.87,0.0,1,4.312,0,84.54,4.364,0.0,-6.2,185.0,EV_108,0.0,0,0.0,RC386274_11,45.21,26820.79,RC386274,183.46,0.0,51.08,P,SimuProB-3,EV_108
444.652,0.0,83.87,0.0,1,4.313,0,84.55,4.365,0.0,-7.6,185.0,EV_108,0.0,10,0.0,RC386274_11,45.25,26820.79,RC386274,183.46,0.0,51.12,P,SimuProB-3,EV_108
444.328,0.0,83.87,0.0,1,4.314,0,84.58,4.366,0.0,-9.4,185.0,EV_108,0.0,20,0.0,RC386274_11,45.29,26820.79,RC386274,183.46,0.0,51.15,P,SimuProB-3,EV_108
444.532,0.0,83.87,0.0,1,4.315,0,84.58,4.367,0.0,-6.3,185.0,EV_108,0.0,30,0.0,RC386274_11,45.33,26820.79,RC386274,183.46,0.0,51.18,P,SimuProB-3,EV_108
444.049,0.0,83.87,0.0,1,4.315,0,84.58,4.367,0.0,-9.3,185.0,EV_108,0.0,40,0.0,RC386274_11,45.34,26820.79,RC386274,183.46,0.0,51.19,P,SimuProB-3,EV_108
444.466,0.0,83.87,0.0,1,4.316,0,84.61,4.368,0.0,-6.2,185.0,EV_108,0.0,50,0.0,RC386274_11,45.38,26820.79,RC386274,183.46,0.0,51.23,P,SimuProB-3,EV_108
444.185,0.0,83.87,0.0,1,4.316,0,84.61,4.368,0.0,-7.9,185.0,EV_108,0.0,60,0.0,RC386274_11,45.41,26820.79,RC386274,183.46,0.0,51.26,P,SimuProB-3,EV_108
444.239,0.0,83.87,0.0,1,4.317,0,84.62,4.369,0.0,-8.0,185.0,EV_108,0.0,70,0.0,RC386274_11,45.44,26820.79,RC386274,183.46,0.0,51.28,P,SimuProB-3,EV_108
444.735,0.0,83.87,0.0,1,4.318,0,84.64,4.37,0.0,-8.2,185.0,EV_108,0.0,80,0.0,RC386274_11,45.47,26820.79,RC386274,183.46,0.0,51.31,P,SimuProB-3,EV_108
445.0,0.0,83.87,0.0,1,4.319,0,84.66,4.371,0.0,-3.0,185.0,EV_108,0.0,90,0.0,RC386274_11,45.5,26820.79,RC386274,183.46,0.0,51.35,P,SimuProB-3,EV_108
445.0,0.0,83.87,0.0,1,4.32,0,84.69,4.372,0.0,-3.8,185.0,EV_108,0.0,100,0.0,RC386274_11,45.53,26820.79,RC386274,183.46,0.0,51.38,P,SimuProB-3,EV_108
445.0,0.0,83.87,0.0,1,4.321,0,84.7,4.373,0.0,-1.9,185.0,EV_108,0.0,110,0.0,RC386274_11,45.56,26820.79,RC386274,183.46,0.0,51.41,P,SimuProB-3,EV_108
445.0,0.0,83.87,0.0,1,4.322,0,84.73,4.374,0.0,-1.3,185.0,EV_108,0.0,120,0.0,RC386274_11,45.59,26820.79,RC386274,183.46,0.0,51.44,P,SimuProB-3,EV_108
445.0,0.0,83.87,0.0,1,4.322,0,84.73,4.374,0.0,-1.9,185.0,EV_108,0.0,130,0.0,RC386274_11,45.61,26820.79,RC386274,183.46,0.0,51.46,P,SimuProB-3,EV_108
445.0,0.0,83.87,0.0,1,4.323,0,84.73,4.375,0.0,0.1,185.0,EV_108,0.0,140,0.0,RC386274_11,45.63,26820.79,RC386274,183.46,0.0,51.48,P,SimuProB-3,EV_108
445.0,0.0,83.87,0.0,1,4.323,0,84.76,4.375,0.0,-3.6,185.0,EV_108,0.0,150,0.0,RC386274_11,45.65,26820.79,RC386274,183.46,0.0,51.5,P,SimuProB-3,EV_108
445.0,0.0,83.87,0.0,1,4.324,0,84.77,4.376,0.0,0.8,185.0,EV_108,0.0,160,0.0,RC386274_11,45.67,26820.79,RC386274,183.46,0.0,51.52,P,SimuProB-3,EV_108
444.882,0.0,83.87,0.0,1,4.325,0,84.8,4.377,0.0,-4.8,185.0,EV_108,0.0,170,0.0,RC386274_11,45.69,26820.79,RC386274,183.46,0.0,51.54,P,SimuProB-3,EV_108
444.917,0.0,83.87,0.0,1,4.326,0,84.83,4.378,0.0,0.5,185.0,EV_108,0.0,180,0.0,RC386274_11,45.71,26820.79,RC386274,183.46,0.0,51.56,P,SimuProB-3,EV_108
444.463,0.0,83.87,0.0,1,4.327,0,84.83,4.379,0.0,-6.1,185.0,EV_108,0.0,190,0.0,RC386274_11,45.73,26820.79,RC386274,183.46,0.0,51.58,P,SimuProB-3,EV_108
444.9,0.0,83.87,0.0,1,4.328,0,84.83,4.38,0.0,-5.7,185.0,EV_108,0.0,200,0.0,RC386274_11,45.75,26820.79,RC386274,183.46,0.0,51.6,P,SimuProB-3,EV_108
445.0,0.0,83.87,0.0,1,4.329,0,84.83,4.381,0.0,-8.3,185.0,EV_108,0.0,210,0.0,RC386274_11,45.77,26820.79,RC386274,183.46,0.0,51.62,P,SimuProB-3,EV_108
444.871,0.0,83.87,0.0,1,4.33,0,84.83,4.382,0.0,-3.5,185.0,EV_108,0.0,220,0.0,RC386274_11,45.79,26820.79,RC386274,183.46,0.0,51.64,P,SimuProB-3,EV_108
445.0,0.0,83.87,0.0,1,4.331,0,84.85,4.383,0.0,-2.3,185.0,EV_108,0.0,230,0.0,RC386274_11,45.8,26820.79,RC386274,183.46,0.0,51.65,P,SimuProB-3,EV_108
445.0,0.0,83.87,0.0,1,4.332,0,84.85,4.384,0.0,-5.8,185.0,EV_108,0.0,240,0.0,RC386274_11,45.81,26820.79,RC386274,183.46,0.0,51.66,P,SimuProB-3,EV_108
444.71,0.0,83.87,0.0,1,4.333,0,84.86,4.385,0.0,-5.3,185.0,EV_108,0.0,250,0.0,RC386274_11,45.82,26820.79,RC386274,183.46,0.0,51.67,P,SimuProB-3,EV_108
445.0,0.0,83.87,0.0,1,4.334,0,84.86,4.386,0.0,-6.4,185.0,EV_108,0.0,260,0.0,RC386274_11,45.83,26820.79,RC386274,183.46,0.0,51.68,P,SimuProB-3,EV_108
445.0,0.0,83.87,0.0,1,4.335,0,84.86,4.387,0.0,-3.7,185.0,EV_108,0.0,270,0.0,RC386274_11,45.84,26820.79,RC386274,183.46,0.0,51.69,P,SimuProB-3,EV_108
445.0,0.0,83.87,0.0,1,4.336,0,84.87,4.388,0.0,-6.0,185.0,EV_108,0.0,280,0.0,RC386274_11,45.86,26820.79,RC386274,183.46,0.0,51.71,P,SimuProB-3,EV_108
445.0,0.0,83.87,0.0,1,4.338,0,84.88,4.39,0.0,-4.4,185.0,EV_108,0.0,290,0.0,RC386274_11,45.88,26820.79,RC386274,183.46,0.0,51.73,P,SimuProB-3,EV_108
445.0,0.0,83.87,0.0,1,4.34,0,84.88,4.392,0.0,-2.1,185.0,EV_108,0.0,300,0.0,RC386274_11,45.9,26820.79,RC386274,183.46,0.0,51.75,P,SimuProB-3,EV_108
445.0,0.0,83.87,0.0,1,4.34,0,84.9,4.392,0.0,-2.4,185.0,EV_108,0.0,310,0.0,RC386274_11,45.91,26820.79,RC386274,183.46,0.0,51.76,P,SimuProB-3,EV_108
445.0,0.0,83.87,0.0,1,4.341,0,84.9,4.393,0.0,-4.5,185.0,EV_108,0.0,320,0.0,RC386274_11,45.92,26820.79,RC386274,183.46,0.0,51.77,P,SimuProB-3,EV_108
445.0,0.0,83.87,0.0,1,4.342,0,84.9,4.394,0.0,-2.5,185.0,EV_108,0.0,330,0.0,RC386274_11,45.93,26820.79,RC386274,183.46,0.0,51.78,P,SimuProB-3,EV_108
445.0,0.0,83.87,0.0,1,4.343,0,84.91,4.395,0.0,-6.4,185.0,EV_108,0.0,340,0.0,RC386274_11,45.95,26820.79,RC386274,183.46,0.0,51.8,P,SimuProB-3,EV_108
445.0,0.0,83.87,0.0,1,4.345,0,84.93,4.397,0.0,-3.0,185.0,EV_108,0.0,350,0.0,RC386274_11,45.97,26820.79,RC386274,183.46,0.0,51.82,P,SimuProB-3,EV_108
445.0,0.0,83.87,0.0,1,4.347,0,84.93,4.399,0.0,-5.2,185.0,EV_108,0.0,360,0.0,RC386274_11,45.99,26820.79,RC386274,183.46,0.0,51.84,P,SimuProB-3,EV_108
444.64,0.0,83.87,0.0,1,4.349,0,84.95,4.401,0.0,-4.4,185.0,EV_108,0.0,370,0.0,RC386274_11,46.01,26820.79,RC386274,183.46,0.0,51.86,P,SimuProB-3,EV_108
445.0,0.0,83.87,0.0,1,4.351,0,84.97,4.403,0.0,-4.8,185.0,EV_108,0.0,380,0.0,RC386274_11,46.02,26820.79,RC386274,183.46,0.0,51.87,P,SimuProB-3,EV_108
445.0,0.0,83.87,0.0,1,4.353,0,84.97,4.405,0.0,-1.7,185.0,EV_108,0.0,390,0.0,RC386274_11,46.04,26820.79,RC386274,183.46,0.0,51.89,P,SimuProB-3,EV_108
444.931,0.0,83.87,0.0,1,4.354,0,84.97,4.406,0.0,-3.5,185.0,EV_108,0.0,400,0.0,RC386274_11,46.05,26820.79,RC386274,183.46,0.0,51.9,P,SimuProB-3,EV_108
445.0,0.0,83.87,0.0,1,4.356,0,84.97,4.408,0.0,-4.2,185.0,EV_108,0.0,410,0.0,RC386274_11,46.06,26820.79,RC386274,183.46,0.0,51.91,P,SimuProB-3,EV_108
445.0,0.0,83.87,0.0,1,4.358,0,84.98,4.41,0.0,-6.7,185.0,EV_108,0.0,420,0.0,RC386274_11,46.07,26820.79,RC386274,183.46,0.0,51.92,P,SimuProB-3,EV_108
444.629,0.0,83.87,0.0,1,4.359,0,85.0,4.411,0.0,-5.8,185.0,EV_108,0.0,430,0.0,RC386274_11,46.08,26820.79,RC386274,183.46,0.0,51.93,P,SimuProB-3,EV_108
445.0,0.0,83.87,0.0,1,4.36,0,85.0,4.412,0.0,-7.5,185.0,EV_108,0.0,440,0.0,RC386274_11,46.09,26820.79,RC386274,183.46,0.0,51.94,P,SimuProB-3,EV_108
445.0,0.0,83.87,0.0,1,4.361,0,85.01,4.413,0.0,-3.3,185.0,EV_108,0.0,450,0.0,RC386274_11,46.1,26820.79,RC386274,183.46,0.0,51.95,P,SimuProB-3,EV_108
444.815,0.0,83.87,0.0,1,4.362,0,85.02,4.414,0.0,-4.0,185.0,EV_108,0.0,460,0.0,RC386274_11,46.11,26820.79,RC386274,183.46,0.0,51.96,P,SimuProB-3,EV_108
445.0,0.0,83.87,0.0,1,4.363,0,85.02,4.415,0.0,-4.4,185.0,EV_108,0.0,470,0.0,RC386274_11,46.12,26820.79,RC386274,183.46,0.0,51.97,P,SimuProB-3,EV_108
445.0,0.0,83.87,0.0,1,4.364,0,85.04,4.416,0.0,-1.1,185.0,EV_108,0.0,480,0.0,RC386274_11,46.13,26820.79,RC386274,183.46,0.0,51.98,P,SimuProB-3,EV_108
444.924,0.0,83.87,0.0,1,4.365,0,85.06,4.417,0.0,-3.4,185.0,EV_108,0.0,490,0.0,RC386274_11,46.135,26820.79,RC386274,183.46,0.0,51.985,P,SimuProB-3,EV_108
444.871,0.0,83.87,0.0,1,4.366,0,85.06,4.418,0.0,-6.8,185.0,EV_108,0.0,500,0.0,RC386274_11,46.14,26820.79,RC386274,183.46,0.0,52.0,P,SimuProB-3,EV_108
445.0,0.0,83.87,0.0,1,4.367,0,85.06,4.419,0.0,-2.2,185.0,EV_108,0.0,510,0.0,RC386274_11,46.15,26820.79,RC386274,183.46,0.0,52.01,P,SimuProB-3,EV_108
445.0,0.0,83.87,0.0,1,4.368,0,85.07,4.42,0.0,-4.3,185.0,EV_108,0.0,520,0.0,RC386274_11,46.165,26820.79,RC386274,183.46,0.0,52.025,P,SimuProB-3,EV_108
444.949,0.0,83.87,0.0,1,4.369,0,85.1,4.421,0.0,-5.6,185.0,EV_108,0.0,530,0.0,RC386274_11,46.18,26820.79,RC386274,183.46,0.0,52.04,P,SimuProB-3,EV_108
444.727,0.0,83.87,0.0,1,4.37,0,85.11,4.422,0.0,-8.7,185.0,EV_108,0.0,540,0.0,RC386274_11,46.195,26820.79,RC386274,183.46,0.0,52.055,P,SimuProB-3,EV_108
444.788,0.0,83.87,0.0,1,4.371,0,85.12,4.423,0.0,-7.6,185.0,EV_108,0.0,550,0.0,RC386274_11,46.21,26820.79,RC386274,183.46,0.0,52.07,P,SimuProB-3,EV_108
444.765,0.0,83.87,0.0,1,4.372,0,85.13,4.424,0.0,-5.3,185.0,EV_108,0.0,560,0.0,RC386274_11,46.23,26820.79,RC386274,183.46,0.0,52.09,P,SimuProB-3,EV_108
445.0,0.0,83.87,0.0,1,4.373,0,85.16,4.425,0.0,-4.4,185.0,EV_108,0.0,570,0.0,RC386274_11,46.25,26820.79,RC386274,183.46,0.0,52.11,P,SimuProB-3,EV_108
444.959,0.0,83.87,0.0,1,4.374,0,85.19,4.426,0.0,-3.2,185.0,EV_108,0.0,580,0.0,RC386274_11,46.27,26820.79,RC386274,183.46,0.0,52.13,P,SimuProB-3,EV_108
445.0,0.0,83.87,0.0,1,4.375,0,85.19,4.427,0.0,-5.3,185.0,EV_108,0.0,590,0.0,RC386274_11,46.29,26820.79,RC386274,183.46,0.0,52.15,P,SimuProB-3,EV_108
445.0,0.0,83.87,0.0,1,4.376,0,85.19,4.428,0.0,-2.5,185.0,EV_108,0.0,600,0.0,RC386274_11,46.31,26820.79,RC386274,183.46,0.0,52.17,P,SimuProB-3,EV_108
445.0,0.0,83.87,0.0,1,4.377,0,85.22,4.429,0.0,-4.4,185.0,EV_108,0.0,610,0.0,RC386274_11,46.33,26820.79,RC386274,183.46,0.0,52.19,P,SimuProB-3,EV_108
445.0,0.0,83.87,0.0,1,4.378,0,85.22,4.43,0.0,1.7,185.0,EV_108,0.0,620,0.0,RC386274_11,46.35,26820.79,RC386274,183.46,0.0,52.21,P,SimuProB-3,EV_108
445.0,0.0,83.87,0.0,1,4.379,0,85.25,4.431,0.0,-0.6,185.0,EV_108,0.0,630,0.0,RC386274_11,46.37,26820.79,RC386274,183.46,0.0,52.23,P,SimuProB-3,EV_108
445.0,0.0,83.87,0.0,1,4.38,0,85.26,4.432,0.0,-2.3,185.0,EV_108,0.0,640,0.0,RC386274_11,46.38,26820.79,RC386274,183.46,0.0,52.24,P,SimuProB-3,EV_108
444.775,0.0,83.87,0.0,1,4.381,0,85.26,4.433,0.0,-6.2,185.0,EV_108,0.0,650,0.0,RC386274_11,46.39,26820.79,RC386274,183.46,0.0,52.25,P,SimuProB-3,EV_108
444.982,0.0,83.87,0.0,1,4.382,0,85.27,4.434,0.0,-3.8,185.0,EV_108,0.0,660,0.0,RC386274_11,46.4,26820.79,RC386274,183.46,0.0,52.26,P,SimuProB-3,EV_108
444.63,0.0,83.87,0.0,1,4.383,0,85.29,4.435,0.0,1.3,185.0,EV_108,0.0,670,0.0,RC386274_11,46.43,26820.79,RC386274,183.46,0.0,52.28,P,SimuProB-3,EV_108
444.99,0.0,83.87,0.0,1,4.384,0,85.29,4.436,0.0,2.0,185.0,EV_108,0.0,680,0.0,RC386274_11,46.45,26820.79,RC386274,183.46,0.0,52.3,P,SimuProB-3,EV_108
445.0,0.0,83.87,0.0,1,4.385,0,85.29,4.437,0.0,-2.9,185.0,EV_108,0.0,690,0.0,RC386274_11,46.47,26820.79,RC386274,183.46,0.0,52.32,P,SimuProB-3,EV_108
445.0,0.0,83.87,0.0,1,4.386,0,85.31,4.438,0.0,-5.8,185.0,EV_108,0.0,700,0.0,RC386274_11,46.5,26820.79,RC386274,183.46,0.0,52.35,P,SimuProB-3,EV_108
445.0,0.0,83.87,0.0,1,4.387,0,85.31,4.439,0.0,-4.9,185.0,EV_108,0.0,710,0.0,RC386274_11,46.53,26820.79,RC386274,183.46,0.0,52.38,P,SimuProB-3,EV_108
445.0,0.0,83.87,0.0,1,4.388,0,85.34,4.44,0.0,-0.7,185.0,EV_108,0.0,720,0.0,RC386274_11,46.56,26820.79,RC386274,183.46,0.0,52.41,P,SimuProB-3,EV_108
444.64,0.0,83.87,0.0,1,4.389,0,85.36,4.441,0.0,-0.9,185.0,EV_108,0.0,730,0.0,RC386274_11,46.59,26820.79,RC386274,183.46,0.0,52.44,P,SimuProB-3,EV_108
445.0,0.0,83.87,0.0,1,4.39,0,85.37,4.442,0.0,-2.7,185.0,EV_108,0.0,740,0.0,RC386274_11,46.62,26820.79,RC386274,183.46,0.0,52.47,P,SimuProB-3,EV_108
445.0,0.0,83.87,0.0,1,4.391,0,85.37,4.443,0.0,0.5,185.0,EV_108,0.0,750,0.0,RC386274_11,46.65,26820.79,RC386274,183.46,0.0,52.5,P,SimuProB-3,EV_108
445.0,0.0,83.87,0.0,1,4.392,0,85.39,4.444,0.0,-4.7,185.0,EV_108,0.0,760,0.0,RC386274_11,46.68,26820.79,RC386274,183.46,0.0,52.53,P,SimuProB-3,EV_108
444.989,0.0,83.87,0.0,1,4.393,0,85.41,4.445,0.0,-0.5,185.0,EV_108,0.0,770,0.0,RC386274_11,46.71,26820.79,RC386274,183.46,0.0,52.56,P,SimuProB-3,EV_108
444.643,0.0,83.87,0.0,1,4.394,0,85.42,4.446,0.0,-0.9,185.0,EV_108,0.0,780,0.0,RC386274_11,46.74,26820.79,RC386274,183.46,0.0,52.59,P,SimuProB-3,EV_108
444.64,0.0,83.87,0.0,1,4.395,0,85.44,4.447,0.0,-4.0,185.0,EV_108,0.0,790,0.0,RC386274_11,46.76,26820.79,RC386274,183.46,0.0,52.61,P,SimuProB-3,EV_108
443.961,0.0,83.87,0.0,1,4.396,0,85.44,4.448,0.0,-2.5,185.0,EV_108,0.0,800,0.0,RC386274_11,46.78,26820.79,RC386274,183.46,0.0,52.63,P,SimuProB-3,EV_108
443.867,0.0,83.87,0.0,1,4.397,0,85.47,4.449,0.0,-0.2,185.0,EV_108,0.0,810,0.0,RC386274_11,46.8,26820.79,RC386274,183.46,0.0,52.65,P,SimuProB-3,EV_108
444.367,0.0,83.87,0.0,1,4.396,0,85.47,4.448,0.0,-4.5,185.0,EV_108,0.0,820,0.0,RC386274_11,46.82,26820.79,RC386274,183.46,0.0,52.66,P,SimuProB-3,EV_108
444.1,0.0,83.87,0.0,1,4.397,0,85.48,4.449,0.0,-0.3,185.0,EV_108,0.0,830,0.0,RC386274_11,46.84,26820.79,RC386274,183.46,0.0,52.68,P,SimuProB-3,EV_108
444.63,0.0,83.87,0.0,1,4.398,0,85.5,4.45,0.0,-4.1,185.0,EV_108,0.0,840,0.0,RC386274_11,46.86,26820.79,RC386274,183.46,0.0,52.7,P,SimuProB-3,EV_108
444.91,0.0,83.87,0.0,1,4.399,0,85.52,4.45,0.0,-1.6,185.0,EV_108,0.0,850,0.0,RC386274_11,46.88,26820.79,RC386274,183.46,0.0,52.72,P,SimuProB-3,EV_108
444.667,0.0,83.87,0.0,1,4.4,0,85.53,4.45,0.0,-2.9,185.0,EV_108,0.0,860,0.0,RC386274_11,46.9,26820.79,RC386274,183.46,0.0,52.74,P,SimuProB-3,EV_108
445.0,0.0,83.87,0.0,1,4.402,0,85.54,4.45,0.0,0.3,185.0,EV_108,0.0,870,0.0,RC386274_11,46.92,26820.79,RC386274,183.46,0.0,52.76,P,SimuProB-3,EV_108
445.0,0.0,83.87,0.0,1,4.403,0,85.54,4.45,0.0,-2.1,185.0,EV_108,0.0,880,0.0,RC386274_11,46.93,26820.79,RC386274,183.46,0.0,52.77,P,SimuProB-3,EV_108
444.92,0.0,83.87,0.0,1,4.404,0,85.56,4.45,0.0,-0.0,185.0,EV_108,0.0,890,0.0,RC386274_11,46.94,26820.79,RC386274,183.46,0.0,52.78,P,SimuProB-3,EV_108
445.0,0.0,83.87,0.0,1,4.405,0,85.56,4.45,0.0,1.5,185.0,EV_108,0.0,900,0.0,RC386274_11,46.95,26820.79,RC386274,183.46,0.0,52.79,P,SimuProB-3,EV_108
445.0,0.0,83.87,0.0,1,4.406,0,85.57,4.45,0.0,1.2,185.0,EV_108,0.0,910,0.0,RC386274_11,46.95,26820.79,RC386274,183.46,0.0,52.79,P,SimuProB-3,EV_108
444.649,0.0,83.87,0.0,1,4.406,0,85.57,4.45,0.0,2.3,185.0,EV_108,0.0,920,0.0,RC386274_11,46.96,26820.79,RC386274,183.46,0.0,52.8,P,SimuProB-3,EV_108
445.0,0.0,83.87,0.0,1,4.407,0,85.58,4.45,0.0,-2.5,185.0,EV_108,0.0,930,0.0,RC386274_11,46.96,26820.79,RC386274,183.46,0.0,52.8,P,SimuProB-3,EV_108
444.956,0.0,83.87,0.0,1,4.408,0,85.6,4.45,0.0,-3.1,185.0,EV_108,0.0,940,0.0,RC386274_11,46.98,26820.79,RC386274,183.46,0.0,52.82,P,SimuProB-3,EV_108
445.0,0.0,83.87,0.0,1,4.41,0,85.6,4.45,0.0,-0.5,185.0,EV_108,0.0,950,0.0,RC386274_11,47.01,26820.79,RC386274,183.46,0.0,52.85,P,SimuProB-3,EV_108
445.0,0.0,83.87,0.0,1,4.413,0,85.6,4.45,0.0,0.1,185.0,EV_108,0.0,960,0.0,RC386274_11,47.04,26820.79,RC386274,183.46,0.0,52.88,P,SimuProB-3,EV_108
445.0,0.0,83.87,0.0,1,4.414,0,85.61,4.45,0.0,-2.6,185.0,EV_108,0.0,970,0.0,RC386274_11,47.06,26820.79,RC386274,183.46,0.0,52.9,P,SimuProB-3,EV_108
445.0,0.0,83.87,0.0,1,4.415,0,85.62,4.45,0.0,-0.1,185.0,EV_108,0.0,980,0.0,RC386274_11,47.09,26820.79,RC386274,183.46,0.0,52.93,P,SimuProB-3,EV_108
444.807,0.0,83.87,0.0,1,4.416,0,85.62,4.45,0.0,0.9,185.0,EV_108,0.0,990,0.0,RC386274_11,47.12,26820.79,RC386274,183.46,0.0,52.96,P,SimuProB-3,EV_108
444.752,0.0,83.87,0.0,1,4.416,0,85.62,4.45,0.0,-2.3,185.0,EV_108,0.0,1000,0.0,RC386274_11,47.13,26820.79,RC386274,183.46,0.0,52.97,P,SimuProB-3,EV_108
444.686,0.0,83.87,0.0,1,4.415,0,85.63,4.45,0.0,-2.8,185.0,EV_108,0.0,1010,0.0,RC386274_11,47.14,26820.79,RC386274,183.46,0.0,52.98,P,SimuProB-3,EV_108
444.885,0.0,83.87,0.0,1,4.417,0,85.64,4.45,0.0,-5.3,185.0,EV_108,0.0,1020,0.0,RC386274_11,47.15,26820.79,RC386274,183.46,0.0,52.99,P,SimuProB-3,EV_108
444.743,0.0,83.87,0.0,1,4.418,0,85.64,4.449,0.0,-0.8,185.0,EV_108,0.0,1030,0.0,RC386274_11,47.16,26820.79,RC386274,183.46,0.0,53.0,P,SimuProB-3,EV_108
445.0,0.0,83.87,0.0,1,4.42,0,85.66,4.45,0.0,-0.8,185.0,EV_108,0.0,1040,0.0,RC386274_11,47.18,26820.79,RC386274,183.46,0.0,53.02,P,SimuProB-3,EV_108
445.0,0.0,83.87,0.0,1,4.422,0,85.67,4.45,0.0,-2.0,185.0,EV_108,0.0,1050,0.0,RC386274_11,47.2,26820.79,RC386274,183.46,0.0,53.05,P,SimuProB-3,EV_108
445.0,0.0,83.87,0.0,1,4.423,0,85.68,4.45,0.0,-0.3,185.0,EV_108,0.0,1060,0.0,RC386274_11,47.21,26820.79,RC386274,183.46,0.0,53.06,P,SimuProB-3,EV_108
445.0,0.0,83.87,0.0,1,4.424,0,85.7,4.45,0.0,-1.1,185.0,EV_108,0.0,1070,0.0,RC386274_11,47.22,26820.79,RC386274,183.46,0.0,53.07,P,SimuProB-3,EV_108
445.0,0.0,83.87,0.0,1,4.425,0,85.71,4.45,0.0,-1.1,185.0,EV_108,0.0,1080,0.0,RC386274_11,47.23,26820.79,RC386274,183.46,0.0,53.08,P,SimuProB-3,EV_108
445.0,0.0,83.87,0.0,1,4.426,0,85.73,4.45,0.0,1.6,185.0,EV_108,0.0,1090,0.0,RC386274_11,47.24,26820.79,RC386274,183.46,0.0,53.09,P,SimuProB-3,EV_108
445.0,0.0,83.87,0.0,1,4.427,0,85.74,4.45,0.0,0.2,185.0,EV_108,0.0,1100,0.0,RC386274_11,47.25,26820.79,RC386274,183.46,0.0,53.1,P,SimuProB-3,EV_108
445.0,0.0,83.87,0.0,1,4.428,0,85.75,4.45,0.0,-2.4,185.0,EV_108,0.0,1110,0.0,RC386274_11,47.26,26820.79,RC386274,183.46,0.0,53.11,P,SimuProB-3,EV_108
445.0,0.0,83.87,0.0,1,4.429,0,85.75,4.45,0.0,-2.2,185.0,EV_108,0.0,1120,0.0,RC386274_11,47.27,26820.79,RC386274,183.46,0.0,53.12,P,SimuProB-3,EV_108
445.0,0.0,83.87,0.0,1,4.43,0,85.75,4.45,0.0,-4.8,185.0,EV_108,0.0,1130,0.0,RC386274_11,47.28,26820.79,RC386274,183.46,0.0,53.13,P,SimuProB-3,EV_108
445.0,0.0,83.87,0.0,1,4.431,0,85.76,4.45,0.0,0.7,185.0,EV_108,0.0,1140,0.0,RC386274_11,47.29,26820.79,RC386274,183.46,0.0,53.14,P,SimuProB-3,EV_108
445.0,0.0,83.87,0.0,1,4.432,0,85.76,4.45,0.0,-6.0,185.0,EV_108,0.0,1150,0.0,RC386274_11,47.295,26820.79,RC386274,183.46,0.0,53.145,P,SimuProB-3,EV_108
444.684,0.0,83.87,0.0,1,4.433,0,85.78,4.45,0.0,-4.7,185.0,EV_108,0.0,1160,0.0,RC386274_11,47.302,26820.79,RC386274,183.46,0.0,53.152,P,SimuProB-3,EV_108
445.0,0.0,83.87,0.0,1,4.434,0,85.78,4.45,0.0,-1.5,185.0,EV_108,0.0,1170,0.0,RC386274_11,47.31,26820.79,RC386274,183.46,0.0,53.16,P,SimuProB-3,EV_108
445.0,0.0,83.87,0.0,1,4.435,0,85.8,4.45,0.0,-3.9,185.0,EV_108,0.0,1180,0.0,RC386274_11,47.32,26820.79,RC386274,183.46,0.0,53.17,P,SimuProB-3,EV_108
445.0,0.0,83.87,0.0,1,4.436,0,85.82,4.45,0.0,-3.0,185.0,EV_108,0.0,1190,0.0,RC386274_11,47.33,26820.79,RC386274,183.46,0.0,53.18,P,SimuProB-3,EV_108
445.0,0.0,83.87,0.0,1,4.437,0,85.84,4.45,0.0,-4.9,185.0,EV_108,0.0,1200,0.0,RC386274_11,47.34,26820.79,RC386274,183.46,0.0,53.19,P,SimuProB-3,EV_108
444.876,0.0,83.87,0.0,1,4.438,0,85.87,4.45,0.0,-5.8,185.0,EV_108,0.0,1210,0.0,RC386274_11,47.35,26820.79,RC386274,183.46,0.0,53.2,P,SimuProB-3,EV_108
445.0,0.0,83.87,0.0,1,4.44,0,85.9,4.45,0.0,-4.8,185.0,EV_108,0.0,1220,0.0,RC386274_11,47.36,26820.79,RC386274,183.46,0.0,53.22,P,SimuProB-3,EV_108
445.0,0.0,83.87,0.0,1,4.442,0,85.9,4.45,0.0,-1.2,185.0,EV_108,0.0,1230,0.0,RC386274_11,47.38,26820.79,RC386274,183.46,0.0,53.24,P,SimuProB-3,EV_108
445.0,0.0,83.87,0.0,1,4.443,0,85.91,4.45,0.0,-3.7,185.0,EV_108,0.0,1240,0.0,RC386274_11,47.39,26820.79,RC386274,183.46,0.0,53.25,P,SimuProB-3,EV_108
444.8,0.0,83.87,0.0,1,4.444,0,85.92,4.45,0.0,-0.2,185.0,EV_108,0.0,1250,0.0,RC386274_11,47.4,26820.79,RC386274,183.46,0.0,53.26,P,SimuProB-3,EV_108
445.0,0.0,83.87,0.0,1,4.445,0,85.93,4.45,0.0,-0.1,185.0,EV_108,0.0,1260,0.0,RC386274_11,47.41,26820.79,RC386274,183.46,0.0,53.27,P,SimuProB-3,EV_108
445.0,0.0,83.87,0.0,1,4.446,0,85.93,4.45,0.0,-3.0,185.0,EV_108,0.0,1270,0.0,RC386274_11,47.42,26820.79,RC386274,183.46,0.0,53.28,P,SimuProB-3,EV_108
444.92,0.0,83.87,0.0,1,4.448,0,85.93,4.45,0.0,-2.9,185.0,EV_108,0.0,0,0.0,RC386274_12,47.43,26820.79,RC386274,183.46,0.0,53.29,P,SimuProB-3,EV_108
445.0,0.0,83.87,0.0,1,4.45,0,85.94,4.45,0.0,-0.1,185.0,EV_108,0.0,10,0.0,RC386274_12,47.44,26820.79,RC386274,183.46,0.0,53.3,P,SimuProB-3,EV_108
445.0,0.0,83.87,0.0,1,4.449,0,85.95,4.45,0.0,0.0,185.0,EV_108,0.0,20,0.0,RC386274_12,47.45,26820.79,RC386274,183.46,0.0,53.31,P,SimuProB-3,EV_108
445.0,0.0,83.87,0.0,1,4.45,0,85.96,4.45,0.0,2.6,185.0,EV_108,0.0,30,0.0,RC386274_12,47.46,26820.79,RC386274,183.46,0.0,53.32,P,SimuProB-3,EV_108
444.867,0.0,83.87,0.0,1,4.45,0,85.96,4.45,0.0,2.6,185.0,EV_108,0.0,40,0.0,RC386274_12,47.47,26820.79,RC386274,183.46,0.0,53.33,P,SimuProB-3,EV_108
445.0,0.0,83.87,0.0,1,4.449,0,85.97,4.45,0.0,-0.1,185.0,EV_108,0.0,50,0.0,RC386274_12,47.48,26820.79,RC386274,183.46,0.0,53.34,P,SimuProB-3,EV_108
444.967,0.0,83.87,0.0,1,4.45,0,85.99,4.45,0.0,-2.2,185.0,EV_108,0.0,60,0.0,RC386274_12,47.49,26820.79,RC386274,183.46,0.0,53.35,P,SimuProB-3,EV_108
444.903,0.0,83.87,0.0,1,4.45,0,86.0,4.45,0.0,-0.4,185.0,EV_108,0.0,70,0.0,RC386274_12,47.5,26820.79,RC386274,183.46,0.0,53.36,P,SimuProB-3,EV_108
445.0,0.0,83.87,0.0,1,4.449,0,86.01,4.45,0.0,-3.3,185.0,EV_108,0.0,80,0.0,RC386274_12,47.51,26820.79,RC386274,183.46,0.0,53.37,P,SimuProB-3,EV_108
444.427,0.0,83.87,0.0,1,4.449,0,86.01,4.45,0.0,-1.8,185.0,EV_108,0.0,90,0.0,RC386274_12,47.52,26820.79,RC386274,183.46,0.0,53.38,P,SimuProB-3,EV_108
445.0,0.0,83.87,0.0,1,4.449,0,86.02,4.45,0.0,-2.4,185.0,EV_108,0.0,100,0.0,RC386274_12,47.53,26820.79,RC386274,183.46,0.0,53.39,P,SimuProB-3,EV_108
445.0,0.0,83.87,0.0,1,4.45,0,86.03,4.45,0.0,-1.6,185.0,EV_108,0.0,110,0.0,RC386274_12,47.56,26820.79,RC386274,183.46,0.0,53.42,P,SimuProB-3,EV_108
445.0,0.0,83.87,0.0,1,4.45,0,86.03,4.45,0.0,-0.2,185.0,EV_108,0.0,120,0.0,RC386274_12,47.59,26820.79,RC386274,183.46,0.0,53.45,P,SimuProB-3,EV_108
445.0,0.0,83.87,0.0,1,4.45,0,86.03,4.45,0.0,-4.1,185.0,EV_108,0.0,130,0.0,RC386274_12,47.62,26820.79,RC386274,183.46,0.0,53.48,P,SimuProB-3,EV_108
445.0,0.0,83.87,0.0,1,4.45,0,86.04,4.45,0.0,-2.1,185.0,EV_108,0.0,140,0.0,RC386274_12,47.64,26820.79,RC386274,183.46,0.0,53.5,P,SimuProB-3,EV_108
445.0,0.0,83.87,0.0,1,4.45,0,86.05,4.45,0.0,-3.7,185.0,EV_108,0.0,150,0.0,RC386274_12,47.66,26820.79,RC386274,183.46,0.0,53.52,P,SimuProB-3,EV_108
445.0,0.0,83.87,0.0,1,4.45,0,86.05,4.45,0.0,-5.5,185.0,EV_108,0.0,160,0.0,RC386274_12,47.68,26820.79,RC386274,183.46,0.0,53.54,P,SimuProB-3,EV_108
444.778,0.0,83.87,0.0,1,4.45,0,86.07,4.45,0.0,-1.8,185.0,EV_108,0.0,170,0.0,RC386274_12,47.69,26820.79,RC386274,183.46,0.0,53.55,P,SimuProB-3,EV_108
445.0,0.0,83.87,0.0,1,4.45,0,86.07,4.45,0.0,-4.3,185.0,EV_108,0.0,180,0.0,RC386274_12,47.7,26820.79,RC386274,183.46,0.0,53.56,P,SimuProB-3,EV_108
445.0,0.0,83.87,0.0,1,4.45,0,86.07,4.45,0.0,-7.1,185.0,EV_108,0.0,190,0.0,RC386274_12,47.71,26820.79,RC386274,183.46,0.0,53.57,P,SimuProB-3,EV_108
445.0,0.0,83.87,0.0,1,4.448,0,86.08,4.45,0.0,-4.1,185.0,EV_108,0.0,200,0.0,RC386274_12,47.72,26820.79,RC386274,183.46,0.0,53.58,P,SimuProB-3,EV_108
445.0,0.0,83.87,0.0,1,4.449,0,86.11,4.45,0.0,-0.1,185.0,EV_108,0.0,210,0.0,RC386274_12,47.73,26820.79,RC386274,183.46,0.0,53.59,P,SimuProB-3,EV_108
445.0,0.0,83.87,0.0,1,4.45,0,86.11,4.45,0.0,0.1,185.0,EV_108,0.0,220,0.0,RC386274_12,47.74,26820.79,RC386274,183.46,0.0,53.6,P,SimuProB-3,EV_108
444.718,0.0,83.87,0.0,1,4.448,0,86.12,4.45,0.0,0.6,185.0,EV_108,0.0,230,0.0,RC386274_12,47.76,26820.79,RC386274,183.46,0.0,53.62,P,SimuProB-3,EV_108
444.996,0.0,83.87,0.0,1,4.449,0,86.15,4.45,0.0,1.1,185.0,EV_108,0.0,240,0.0,RC386274_12,47.78,26820.79,RC386274,183.46,0.0,53.64,P,SimuProB-3,EV_108
444.978,0.0,83.87,0.0,1,4.45,0,86.15,4.45,0.0,-1.5,185.0,EV_108,0.0,250,0.0,RC386274_12,47.8,26820.79,RC386274,183.46,0.0,53.66,P,SimuProB-3,EV_108
444.942,0.0,83.87,0.0,1,4.449,0,86.16,4.45,0.0,-2.2,185.0,EV_108,0.0,260,0.0,RC386274_12,47.82,26820.79,RC386274,183.46,0.0,53.68,P,SimuProB-3,EV_108
445.0,0.0,83.87,0.0,1,4.45,0,86.16,4.45,0.0,-5.0,185.0,EV_108,0.0,270,0.0,RC386274_12,47.84,26820.79,RC386274,183.46,0.0,53.7,P,SimuProB-3,EV_108
445.0,0.0,83.87,0.0,1,4.45,0,86.16,4.45,0.0,-2.3,185.0,EV_108,0.0,280,0.0,RC386274_12,47.86,26820.79,RC386274,183.46,0.0,53.72,P,SimuProB-3,EV_108
444.832,0.0,83.87,0.0,1,4.449,0,86.16,4.45,0.0,-0.9,185.0,EV_108,0.0,290,0.0,RC386274_12,47.88,26820.79,RC386274,183.46,0.0,53.74,P,SimuProB-3,EV_108
444.872,0.0,83.87,0.0,1,4.45,0,86.17,4.45,0.0,-1.9,185.0,EV_108,0.0,300,0.0,RC386274_12,47.9,26820.79,RC386274,183.46,0.0,53.76,P,SimuProB-3,EV_108
445.0,0.0,83.87,0.0,1,4.45,0,86.18,4.45,0.0,-1.8,185.0,EV_108,0.0,310,0.0,RC386274_12,47.92,26820.79,RC386274,183.46,0.0,53.78,P,SimuProB-3,EV_108
445.0,0.0,83.87,0.0,1,4.45,0,86.19,4.45,0.0,-1.1,185.0,EV_108,0.0,320,0.0,RC386274_12,47.94,26820.79,RC386274,183.46,0.0,53.8,P,SimuProB-3,EV_108
445.0,0.0,83.87,0.0,1,4.45,0,86.19,4.45,0.0,-2.5,185.0,EV_108,0.0,330,0.0,RC386274_12,47.96,26820.79,RC386274,183.46,0.0,53.82,P,SimuProB-3,EV_108
445.0,0.0,83.87,0.0,1,4.45,0,86.19,4.45,0.0,1.1,185.0,EV_108,0.0,340,0.0,RC386274_12,47.98,26820.79,RC386274,183.46,0.0,53.84,P,SimuProB-3,EV_108
445.0,0.0,83.87,0.0,1,4.45,0,86.21,4.45,0.0,-0.5,185.0,EV_108,0.0,350,0.0,RC386274_12,47.97,26820.79,RC386274,183.46,0.0,53.83,P,SimuProB-3,EV_108
444.863,0.0,83.87,0.0,1,4.45,0,86.21,4.45,0.0,-1.0,185.0,EV_108,0.0,360,0.0,RC386274_12,47.98,26820.79,RC386274,183.46,0.0,53.84,P,SimuProB-3,EV_108
445.0,0.0,83.87,0.0,1,4.45,0,86.22,4.45,0.0,-1.6,185.0,EV_108,0.0,370,0.0,RC386274_12,47.99,26820.79,RC386274,183.46,0.0,53.85,P,SimuProB-3,EV_108
444.569,0.0,83.87,0.0,1,4.45,0,86.23,4.45,0.0,-4.9,185.0,EV_108,0.0,380,0.0,RC386274_12,48.001,26820.79,RC386274,183.46,0.0,53.852,P,SimuProB-3,EV_108
444.879,0.0,83.87,0.0,1,4.45,0,86.23,4.45,0.0,0.5,185.0,EV_108,0.0,390,0.0,RC386274_12,48.005,26820.79,RC386274,183.46,0.0,53.856,P,SimuProB-3,EV_108
444.827,0.0,83.87,0.0,1,4.45,0,86.23,4.45,0.0,-2.1,185.0,EV_108,0.0,400,0.0,RC386274_12,48.012,26820.79,RC386274,183.46,0.0,53.861,P,SimuProB-3,EV_108
445.0,0.0,83.87,0.0,1,4.448,0,86.24,4.45,0.0,-0.8,185.0,EV_108,0.0,410,0.0,RC386274_12,48.02,26820.79,RC386274,183.46,0.0,53.866,P,SimuProB-3,EV_108
445.0,0.0,83.87,0.0,1,4.449,0,86.24,4.45,0.0,-1.0,185.0,EV_108,0.0,420,0.0,RC386274_12,48.028,26820.79,RC386274,183.46,0.0,53.872,P,SimuProB-3,EV_108
445.0,0.0,83.87,0.0,1,4.45,0,86.24,4.45,0.0,0.9,185.0,EV_108,0.0,430,0.0,RC386274_12,48.035,26820.79,RC386274,183.46,0.0,53.878,P,SimuProB-3,EV_108
444.892,0.0,83.87,0.0,1,4.45,0,86.25,4.45,0.0,-3.2,185.0,EV_108,0.0,440,0.0,RC386274_12,48.042,26820.79,RC386274,183.46,0.0,53.883,P,SimuProB-3,EV_108
445.0,0.0,83.87,0.0,1,4.45,0,86.25,4.45,0.0,-0.1,185.0,EV_108,0.0,450,0.0,RC386274_12,48.05,26820.79,RC386274,183.46,0.0,53.89,P,SimuProB-3,EV_108
445.0,0.0,83.87,0.0,1,4.45,0,86.25,4.45,0.0,-1.6,185.0,EV_108,0.0,460,0.0,RC386274_12,48.058,26820.79,RC386274,183.46,0.0,53.897,P,SimuProB-3,EV_108
445.0,0.0,83.87,0.0,1,4.449,0,86.25,4.45,0.0,-4.0,185.0,EV_108,0.0,470,0.0,RC386274_12,48.065,26820.79,RC386274,183.46,0.0,53.902,P,SimuProB-3,EV_108
444.934,0.0,83.87,0.0,1,4.45,0,86.27,4.45,0.0,-1.6,185.0,EV_108,0.0,480,0.0,RC386274_12,48.07,26820.79,RC386274,183.46,0.0,53.905,P,SimuProB-3,EV_108
444.934,0.0,83.87,0.0,1,4.45,0,86.27,4.45,0.0,-2.8,185.0,EV_108,0.0,490,0.0,RC386274_12,48.075,26820.79,RC386274,183.46,0.0,53.908,P,SimuProB-3,EV_108
445.0,0.0,83.87,0.0,1,4.448,0,86.3,4.45,0.0,-3.2,185.0,EV_108,0.0,500,0.0,RC386274_12,48.08,26820.79,RC386274,183.46,0.0,53.91,P,SimuProB-3,EV_108
445.0,0.0,83.87,0.0,1,4.449,0,86.3,4.45,0.0,-4.0,185.0,EV_108,0.0,510,0.0,RC386274_12,48.09,26820.79,RC386274,183.46,0.0,53.92,P,SimuProB-3,EV_108
445.0,0.0,83.87,0.0,1,4.45,0,86.3,4.45,0.0,-4.4,185.0,EV_108,0.0,520,0.0,RC386274_12,48.1,26820.79,RC386274,183.46,0.0,53.93,P,SimuProB-3,EV_108
445.0,0.0,83.87,0.0,1,4.448,0,86.31,4.45,0.0,-7.7,185.0,EV_108,0.0,530,0.0,RC386274_12,48.11,26820.79,RC386274,183.46,0.0,53.94,P,SimuProB-3,EV_108
445.0,0.0,83.87,0.0,1,4.449,0,86.33,4.45,0.0,-5.4,185.0,EV_108,0.0,540,0.0,RC386274_12,48.12,26820.79,RC386274,183.46,0.0,53.95,P,SimuProB-3,EV_108
445.0,0.0,83.87,0.0,1,4.45,0,86.34,4.45,0.0,-5.7,185.0,EV_108,0.0,550,0.0,RC386274_12,48.13,26820.79,RC386274,183.46,0.0,53.96,P,SimuProB-3,EV_108
445.0,0.0,83.87,0.0,1,4.45,0,86.36,4.45,0.0,-8.1,185.0,EV_108,0.0,560,0.0,RC386274_12,48.14,26820.79,RC386274,183.46,0.0,53.97,P,SimuProB-3,EV_108
445.0,0.0,83.87,0.0,1,4.45,0,86.36,4.45,0.0,-4.4,185.0,EV_108,0.0,570,0.0,RC386274_12,48.15,26820.79,RC386274,183.46,0.0,53.98,P,SimuProB-3,EV_108
445.0,0.0,83.87,0.0,1,4.45,0,86.38,4.45,0.0,-3.6,185.0,EV_108,0.0,580,0.0,RC386274_12,48.16,26820.79,RC386274,183.46,0.0,54.0,P,SimuProB-3,EV_108
445.0,0.0,83.87,0.0,1,4.45,0,86.39,4.45,0.0,-8.7,185.0,EV_108,0.0,590,0.0,RC386274_12,48.18,26820.79,RC386274,183.46,0.0,54.02,P,SimuProB-3,EV_108
445.0,0.0,83.87,0.0,1,4.45,0,86.39,4.45,0.0,-6.0,185.0,EV_108,0.0,600,0.0,RC386274_12,48.2,26820.79,RC386274,183.46,0.0,54.05,P,SimuProB-3,EV_108
445.0,0.0,83.87,0.0,1,4.45,0,86.39,4.45,0.0,-6.1,185.0,EV_108,0.0,610,0.0,RC386274_12,48.22,26820.79,RC386274,183.46,0.0,54.08,P,SimuProB-3,EV_108
445.0,0.0,83.87,0.0,1,4.45,0,86.41,4.45,0.0,-6.8,185.0,EV_108,0.0,620,0.0,RC386274_12,48.25,26820.79,RC386274,183.46,0.0,54.1,P,SimuProB-3,EV_108
444.842,0.0,83.87,0.0,1,4.45,0,86.42,4.45,0.0,-8.1,185.0,EV_108,0.0,630,0.0,RC386274_12,48.28,26820.79,RC386274,183.46,0.0,54.13,P,SimuProB-3,EV_108
445.0,0.0,83.87,0.0,1,4.45,0,86.42,4.45,0.0,-6.2,185.0,EV_108,0.0,640,0.0,RC386274_12,48.31,26820.79,RC386274,183.46,0.0,54.16,P,SimuProB-3,EV_108
444.761,0.0,83.87,0.0,1,4.45,0,86.43,4.45,0.0,-3.5,185.0,EV_108,0.0,650,0.0,RC386274_12,48.34,26820.79,RC386274,183.46,0.0,54.18,P,SimuProB-3,EV_108
445.0,0.0,83.87,0.0,1,4.45,0,86.45,4.45,0.0,-7.6,185.0,EV_108,0.0,660,0.0,RC386274_12,48.37,26820.79,RC386274,183.46,0.0,54.21,P,SimuProB-3,EV_108
445.0,0.0,83.87,0.0,1,4.45,0,86.47,4.45,0.0,-8.9,185.0,EV_108,0.0,670,0.0,RC386274_12,48.4,26820.79,RC386274,183.46,0.0,54.24,P,SimuProB-3,EV_108
445.0,0.0,83.87,0.0,1,4.448,0,86.51,4.45,0.0,-9.3,185.0,EV_108,0.0,680,0.0,RC386274_12,48.42,26820.79,RC386274,183.46,0.0,54.26,P,SimuProB-3,EV_108
444.857,0.0,83.87,0.0,1,4.45,0,86.53,4.45,0.0,-8.2,185.0,EV_108,0.0,690,0.0,RC386274_12,48.44,26820.79,RC386274,183.46,0.0,54.28,P,SimuProB-3,EV_108
445.0,0.0,83.87,0.0,1,4.45,0,86.54,4.45,0.0,-10.8,185.0,EV_108,0.0,700,0.0,RC386274_12,48.46,26820.79,RC386274,183.46,0.0,54.3,P,SimuProB-3,EV_108
444.942,0.0,83.87,0.0,1,4.45,0,86.57,4.45,0.0,-8.0,185.0,EV_108,0.0,710,0.0,RC386274_12,48.48,26820.79,RC386274,183.46,0.0,54.32,P,SimuProB-3,EV_108
445.0,0.0,83.87,0.0,1,4.45,0,86.57,4.45,0.0,-8.0,185.0,EV_108,0.0,720,0.0,RC386274_12,48.51,26820.79,RC386274,183.46,0.0,54.35,P,SimuProB-3,EV_108
445.0,0.0,83.87,0.0,1,4.449,0,86.59,4.45,0.0,-12.3,185.0,EV_108,0.0,730,0.0,RC386274_12,48.54,26820.79,RC386274,183.46,0.0,54.38,P,SimuProB-3,EV_108
445.0,0.0,83.87,0.0,1,4.45,0,86.61,4.45,0.0,-9.8,185.0,EV_108,0.0,740,0.0,RC386274_12,48.55,26820.79,RC386274,183.46,0.0,54.39,P,SimuProB-3,EV_108
444.991,0.0,83.87,0.0,1,4.45,0,86.63,4.45,0.0,-8.6,185.0,EV_108,0.0,750,0.0,RC386274_12,48.56,26820.79,RC386274,183.46,0.0,54.4,P,SimuProB-3,EV_108
445.0,0.0,83.87,0.0,1,4.45,0,86.63,4.45,0.0,-8.0,185.0,EV_108,0.0,760,0.0,RC386274_12,48.57,26820.79,RC386274,183.46,0.0,54.41,P,SimuProB-3,EV_108
444.555,0.0,83.87,0.0,1,4.45,0,86.65,4.45,0.0,-8.8,185.0,EV_108,0.0,770,0.0,RC386274_12,48.59,26820.79,RC386274,183.46,0.0,54.43,P,SimuProB-3,EV_108
445.0,0.0,83.87,0.0,1,4.45,0,86.67,4.45,0.0,-8.1,185.0,EV_108,0.0,780,0.0,RC386274_12,48.61,26820.79,RC386274,183.46,0.0,54.45,P,SimuProB-3,EV_108
444.684,0.0,83.87,0.0,1,4.45,0,86.69,4.45,0.0,-10.9,185.0,EV_108,0.0,790,0.0,RC386274_12,48.63,26820.79,RC386274,183.46,0.0,54.47,P,SimuProB-3,EV_108
445.0,0.0,83.87,0.0,1,4.45,0,86.73,4.45,0.0,-8.7,185.0,EV_108,0.0,800,0.0,RC386274_12,48.64,26820.79,RC386274,183.46,0.0,54.48,P,SimuProB-3,EV_108
445.0,0.0,83.87,0.0,1,4.45,0,86.74,4.45,0.0,-10.2,185.0,EV_108,0.0,810,0.0,RC386274_12,48.65,26820.79,RC386274,183.46,0.0,54.49,P,SimuProB-3,EV_108
445.0,0.0,83.87,0.0,1,4.45,0,86.76,4.45,0.0,-9.7,185.0,EV_108,0.0,820,0.0,RC386274_12,48.66,26820.79,RC386274,183.46,0.0,54.5,P,SimuProB-3,EV_108
444.663,0.0,83.87,0.0,1,4.44,0,86.78,4.45,0.0,-7.4,185.0,EV_108,0.0,830,0.0,RC386274_12,48.68,26820.79,RC386274,183.46,0.0,54.52,P,SimuProB-3,EV_108
444.951,0.0,83.87,0.0,1,4.44,0,86.82,4.45,0.0,-11.7,185.0,EV_108,0.0,840,0.0,RC386274_12,48.71,26820.79,RC386274,183.46,0.0,54.55,P,SimuProB-3,EV_108
445.0,0.0,83.87,0.0,1,4.45,0,86.84,4.45,0.0,-6.9,185.0,EV_108,0.0,850,0.0,RC386274_12,48.74,26820.79,RC386274,183.46,0.0,54.58,P,SimuProB-3,EV_108
444.964,0.0,83.87,0.0,1,4.45,0,86.87,4.45,0.0,-4.1,185.0,EV_108,0.0,860,0.0,RC386274_12,48.77,26820.79,RC386274,183.46,0.0,54.6,P,SimuProB-3,EV_108
445.0,0.0,83.87,0.0,1,4.45,0,86.89,4.45,0.0,-5.2,185.0,EV_108,0.0,870,0.0,RC386274_12,48.8,26820.79,RC386274,183.46,0.0,54.62,P,SimuProB-3,EV_108
445.0,0.0,83.87,0.0,1,4.45,0,86.9,4.45,0.0,-6.3,185.0,EV_108,0.0,880,0.0,RC386274_12,48.83,26820.79,RC386274,183.46,0.0,54.65,P,SimuProB-3,EV_108
445.0,0.0,83.87,0.0,1,4.45,0,86.93,4.45,0.0,-7.3,185.0,EV_108,0.0,890,0.0,RC386274_12,48.86,26820.79,RC386274,183.46,0.0,54.68,P,SimuProB-3,EV_108
444.681,0.0,83.87,0.0,1,4.45,0,86.95,4.45,0.0,-5.6,185.0,EV_108,0.0,900,0.0,RC386274_12,48.89,26820.79,RC386274,183.46,0.0,54.71,P,SimuProB-3,EV_108
444.767,0.0,83.87,0.0,1,4.45,0,86.98,4.45,0.0,-6.2,185.0,EV_108,0.0,910,0.0,RC386274_12,48.92,26820.79,RC386274,183.46,0.0,54.74,P,SimuProB-3,EV_108
444.554,0.0,83.87,0.0,1,4.446,0,87.0,4.448,0.0,-5.5,185.0,EV_108,0.0,920,0.0,RC386274_12,48.94,26820.79,RC386274,183.46,0.0,54.76,P,SimuProB-3,EV_108
444.465,0.0,83.87,0.0,1,4.447,0,87.03,4.449,0.0,-7.2,185.0,EV_108,0.0,930,0.0,RC386274_12,48.96,26820.79,RC386274,183.46,0.0,54.78,P,SimuProB-3,EV_108
444.723,0.0,83.87,0.0,1,4.447,0,87.05,4.449,0.0,-4.2,185.0,EV_108,0.0,940,0.0,RC386274_12,48.98,26820.79,RC386274,183.46,0.0,54.8,P,SimuProB-3,EV_108
445.0,0.0,83.87,0.0,1,4.448,0,87.1,4.45,0.0,-6.9,185.0,EV_108,0.0,950,0.0,RC386274_12,49.01,26820.79,RC386274,183.46,0.0,54.83,P,SimuProB-3,EV_108
444.877,0.0,83.87,0.0,1,4.45,0,87.12,4.45,0.0,-5.7,185.0,EV_108,0.0,960,0.0,RC386274_12,49.04,26820.79,RC386274,183.46,0.0,54.86,P,SimuProB-3,EV_108
445.0,0.0,83.87,0.0,1,4.45,0,87.14,4.45,0.0,-0.5,185.0,EV_108,0.0,970,0.0,RC386274_12,49.07,26820.79,RC386274,183.46,0.0,54.89,P,SimuProB-3,EV_108
445.0,0.0,83.87,0.0,1,4.449,0,87.16,4.45,0.0,-4.5,185.0,EV_108,0.0,980,0.0,RC386274_12,49.09,26820.79,RC386274,183.46,0.0,54.91,P,SimuProB-3,EV_108
445.0,0.0,83.87,0.0,1,4.45,0,87.18,4.45,0.0,-2.3,185.0,EV_108,0.0,990,0.0,RC386274_12,49.11,26820.79,RC386274,183.46,0.0,54.93,P,SimuProB-3,EV_108
445.0,0.0,83.87,0.0,1,4.45,0,87.18,4.45,0.0,-1.8,185.0,EV_108,0.0,1000,0.0,RC386274_12,49.13,26820.79,RC386274,183.46,0.0,54.95,P,SimuProB-3,EV_108
444.569,0.0,83.87,0.0,1,4.45,0,87.19,4.45,0.0,1.4,185.0,EV_108,0.0,1010,0.0,RC386274_12,49.15,26820.79,RC386274,183.46,0.0,54.97,P,SimuProB-3,EV_108
444.907,0.0,83.87,0.0,1,4.45,0,87.21,4.45,0.0,0.1,185.0,EV_108,0.0,1020,0.0,RC386274_12,49.16,26820.79,RC386274,183.46,0.0,54.98,P,SimuProB-3,EV_108
445.0,0.0,83.87,0.0,1,4.45,0,87.22,4.45,0.0,1.7,185.0,EV_108,0.0,1030,0.0,RC386274_12,49.18,26820.79,RC386274,183.46,0.0,55.0,P,SimuProB-3,EV_108
445.0,0.0,83.87,0.0,1,4.45,0,87.22,4.45,0.0,-0.8,185.0,EV_108,0.0,1040,0.0,RC386274_12,49.2,26820.79,RC386274,183.46,0.0,55.02,P,SimuProB-3,EV_108
445.0,0.0,83.87,0.0,1,4.45,0,87.22,4.45,0.0,1.1,185.0,EV_108,0.0,1050,0.0,RC386274_12,49.22,26820.79,RC386274,183.46,0.0,55.04,P,SimuProB-3,EV_108
445.0,0.0,83.87,0.0,1,4.45,0,87.23,4.45,0.0,-0.1,185.0,EV_108,0.0,1060,0.0,RC386274_12,49.24,26820.79,RC386274,183.46,0.0,55.06,P,SimuProB-3,EV_108
445.0,0.0,83.87,0.0,1,4.45,0,87.23,4.45,0.0,-2.5,185.0,EV_108,0.0,1070,0.0,RC386274_12,49.25,26820.79,RC386274,183.46,0.0,55.1,P,SimuProB-3,EV_108
445.0,0.0,83.87,0.0,1,4.45,0,87.23,4.45,0.0,-1.2,185.0,EV_108,0.0,1080,0.0,RC386274_12,49.28,26820.79,RC386274,183.46,0.0,55.15,P,SimuProB-3,EV_108
445.0,0.0,83.87,0.0,1,4.45,0,87.25,4.45,0.0,-0.4,185.0,EV_108,0.0,1090,0.0,RC386274_12,49.32,26820.79,RC386274,183.46,0.0,55.19,P,SimuProB-3,EV_108
445.0,0.0,83.87,0.0,1,4.45,0,87.27,4.45,0.0,-0.8,185.0,EV_108,0.0,1100,0.0,RC386274_12,49.35,26820.79,RC386274,183.46,0.0,55.23,P,SimuProB-3,EV_108
445.0,0.0,83.87,0.0,1,4.45,0,87.27,4.45,0.0,1.1,185.0,EV_108,0.0,1110,0.0,RC386274_12,49.38,26820.79,RC386274,183.46,0.0,55.26,P,SimuProB-3,EV_108
445.0,0.0,83.87,0.0,1,4.45,0,87.27,4.45,0.0,-3.2,185.0,EV_108,0.0,1120,0.0,RC386274_12,49.42,26820.79,RC386274,183.46,0.0,55.3,P,SimuProB-3,EV_108
445.0,0.0,83.87,0.0,1,4.45,0,87.28,4.45,0.0,-1.0,185.0,EV_108,0.0,1130,0.0,RC386274_12,49.45,26820.79,RC386274,183.46,0.0,55.35,P,SimuProB-3,EV_108
445.0,0.0,83.87,0.0,1,4.45,0,87.29,4.45,0.0,-2.8,185.0,EV_108,0.0,1140,0.0,RC386274_12,49.48,26820.79,RC386274,183.46,0.0,55.39,P,SimuProB-3,EV_108
445.0,0.0,83.87,0.0,1,4.45,0,87.32,4.45,0.0,-3.8,185.0,EV_108,0.0,1150,0.0,RC386274_12,49.52,26820.79,RC386274,183.46,0.0,55.43,P,SimuProB-3,EV_108
444.917,0.0,83.87,0.0,1,4.45,0,87.33,4.45,0.0,-3.2,185.0,EV_108,0.0,1160,0.0,RC386274_12,49.55,26820.79,RC386274,183.46,0.0,55.48,P,SimuProB-3,EV_108
445.0,0.0,83.87,0.0,1,4.45,0,87.36,4.45,0.0,-5.6,185.0,EV_108,0.0,1170,0.0,RC386274_12,49.58,26820.79,RC386274,183.46,0.0,55.52,P,SimuProB-3,EV_108
445.0,0.0,83.87,0.0,1,4.45,0,87.37,4.45,0.0,-3.5,185.0,EV_108,0.0,1180,0.0,RC386274_12,49.62,26820.79,RC386274,183.46,0.0,55.56,P,SimuProB-3,EV_108
444.735,0.0,83.87,0.0,1,4.45,0,87.4,4.45,0.0,-0.5,185.0,EV_108,0.0,1190,0.0,RC386274_12,49.67,26820.79,RC386274,183.46,0.0,55.61,P,SimuProB-3,EV_108
445.0,0.0,83.87,0.0,1,4.45,0,87.41,4.45,0.0,-0.3,185.0,EV_108,0.0,1200,0.0,RC386274_12,49.71,26820.79,RC386274,183.46,0.0,55.65,P,SimuProB-3,EV_108
445.0,0.0,83.87,0.0,1,4.45,0,87.44,4.45,0.0,-5.3,185.0,EV_108,0.0,1210,0.0,RC386274_12,49.76,26820.79,RC386274,183.46,0.0,55.7,P,SimuProB-3,EV_108
445.0,0.0,83.87,0.0,1,4.45,0,87.44,4.45,0.0,-0.9,185.0,EV_108,0.0,1220,0.0,RC386274_12,49.78,26820.79,RC386274,183.46,0.0,55.72,P,SimuProB-3,EV_108
445.0,0.0,83.87,0.0,1,4.45,0,87.46,4.45,0.0,-2.8,185.0,EV_108,0.0,1230,0.0,RC386274_12,49.81,26820.79,RC386274,183.46,0.0,55.75,P,SimuProB-3,EV_108
445.0,0.0,83.87,0.0,1,4.45,0,87.46,4.45,0.0,-1.9,185.0,EV_108,0.0,1240,0.0,RC386274_12,49.84,26820.79,RC386274,183.46,0.0,55.78,P,SimuProB-3,EV_108
445.0,0.0,83.87,0.0,1,4.45,0,87.46,4.45,0.0,-2.9,185.0,EV_108,0.0,1250,0.0,RC386274_12,49.86,26820.79,RC386274,183.46,0.0,55.8,P,SimuProB-3,EV_108
444.852,0.0,83.87,0.0,1,4.45,0,87.46,4.45,0.0,-5.5,185.0,EV_108,0.0,1260,0.0,RC386274_12,49.88,26820.79,RC386274,183.46,0.0,55.82,P,SimuProB-3,EV_108
445.0,0.0,83.87,0.0,1,4.45,0,87.46,4.45,0.0,-3.4,185.0,EV_108,0.0,1270,0.0,RC386274_12,49.9,26820.79,RC386274,183.46,0.0,55.84,P,SimuProB-3,EV_108
444.742,0.0,83.87,0.0,1,4.45,0,87.47,4.45,0.0,-5.9,185.0,EV_108,0.0,0,0.0,RC386274_13,49.92,26820.79,RC386274,183.46,0.0,55.86,P,SimuProB-3,EV_108
445.0,0.0,83.87,0.0,1,4.45,0,87.47,4.45,0.0,-4.1,185.0,EV_108,0.0,10,0.0,RC386274_13,49.94,26820.79,RC386274,183.46,0.0,55.88,P,SimuProB-3,EV_108
445.0,0.0,83.87,0.0,1,4.45,0,87.48,4.45,0.0,-4.8,185.0,EV_108,0.0,20,0.0,RC386274_13,49.96,26820.79,RC386274,183.46,0.0,55.9,P,SimuProB-3,EV_108
444.667,0.0,83.87,0.0,1,4.45,0,87.5,4.45,0.0,-3.7,185.0,EV_108,0.0,30,0.0,RC386274_13,49.98,26820.79,RC386274,183.46,0.0,55.92,P,SimuProB-3,EV_108
444.664,0.0,83.87,0.0,1,4.45,0,87.5,4.45,0.0,-1.2,185.0,EV_108,0.0,40,0.0,RC386274_13,50.0,26820.79,RC386274,183.46,0.0,55.94,P,SimuProB-3,EV_108
445.0,0.0,83.87,0.0,1,4.45,0,87.51,4.45,0.0,-7.4,185.0,EV_108,0.0,50,0.0,RC386274_13,50.02,26820.79,RC386274,183.46,0.0,55.96,P,SimuProB-3,EV_108
444.477,0.0,83.87,0.0,1,4.45,0,87.53,4.45,0.0,-4.6,185.0,EV_108,0.0,60,0.0,RC386274_13,50.04,26820.79,RC386274,183.46,0.0,55.98,P,SimuProB-3,EV_108
444.824,0.0,83.87,0.0,1,4.45,0,87.54,4.45,0.0,-5.4,185.0,EV_108,0.0,70,0.0,RC386274_13,50.06,26820.79,RC386274,183.46,0.0,56.0,P,SimuProB-3,EV_108
444.947,0.0,83.87,0.0,1,4.45,0,87.56,4.45,0.0,-6.3,185.0,EV_108,0.0,80,0.0,RC386274_13,50.08,26820.79,RC386274,183.46,0.0,56.02,P,SimuProB-3,EV_108
444.84,0.0,83.87,0.0,1,4.45,0,87.58,4.45,0.0,-8.8,185.0,EV_108,0.0,90,0.0,RC386274_13,50.09,26820.79,RC386274,183.46,0.0,56.03,P,SimuProB-3,EV_108
445.0,0.0,83.87,0.0,1,4.45,0,87.58,4.45,0.0,-7.3,185.0,EV_108,0.0,100,0.0,RC386274_13,50.1,26820.79,RC386274,183.46,0.0,56.04,P,SimuProB-3,EV_108
445.0,0.0,83.87,0.0,1,4.45,0,87.58,4.45,0.0,-8.4,185.0,EV_108,0.0,110,0.0,RC386274_13,50.11,26820.79,RC386274,183.46,0.0,56.05,P,SimuProB-3,EV_108
445.0,0.0,83.87,0.0,1,4.45,0,87.59,4.45,0.0,-5.5,185.0,EV_108,0.0,120,0.0,RC386274_13,50.12,26820.79,RC386274,183.46,0.0,56.06,P,SimuProB-3,EV_108
445.0,0.0,83.87,0.0,1,4.45,0,87.59,4.45,0.0,-9.2,185.0,EV_108,0.0,130,0.0,RC386274_13,50.13,26820.79,RC386274,183.46,0.0,56.07,P,SimuProB-3,EV_108
445.0,0.0,83.87,0.0,1,4.45,0,87.6,4.45,0.0,-7.8,185.0,EV_108,0.0,140,0.0,RC386274_13,50.14,26820.79,RC386274,183.46,0.0,56.08,P,SimuProB-3,EV_108
445.0,0.0,83.87,0.0,1,4.45,0,87.62,4.45,0.0,-7.0,185.0,EV_108,0.0,150,0.0,RC386274_13,50.16,26820.79,RC386274,183.46,0.0,56.1,P,SimuProB-3,EV_108
445.0,0.0,83.87,0.0,1,4.45,0,87.62,4.45,0.0,-7.0,185.0,EV_108,0.0,160,0.0,RC386274_13,50.17,26820.79,RC386274,183.46,0.0,56.12,P,SimuProB-3,EV_108
444.84,0.0,83.87,0.0,1,4.45,0,87.62,4.45,0.0,-8.8,185.0,EV_108,0.0,170,0.0,RC386274_13,50.19,26820.79,RC386274,183.46,0.0,56.14,P,SimuProB-3,EV_108
445.0,0.0,83.87,0.0,1,4.45,0,87.64,4.45,0.0,-7.9,185.0,EV_108,0.0,180,0.0,RC386274_13,50.2,26820.79,RC386274,183.46,0.0,56.15,P,SimuProB-3,EV_108
445.0,0.0,83.87,0.0,1,4.45,0,87.64,4.45,0.0,-8.7,185.0,EV_108,0.0,190,0.0,RC386274_13,50.21,26820.79,RC386274,183.46,0.0,56.16,P,SimuProB-3,EV_108
445.0,0.0,83.87,0.0,1,4.45,0,87.65,4.45,0.0,-8.6,185.0,EV_108,0.0,200,0.0,RC386274_13,50.22,26820.79,RC386274,183.46,0.0,56.17,P,SimuProB-3,EV_108
444.946,0.0,83.87,0.0,1,4.44,0,87.67,4.45,0.0,-6.6,185.0,EV_108,0.0,210,0.0,RC386274_13,50.25,26820.79,RC386274,183.46,0.0,56.2,P,SimuProB-3,EV_108
445.0,0.0,83.87,0.0,1,4.44,0,87.7,4.45,0.0,-8.5,185.0,EV_108,0.0,220,0.0,RC386274_13,50.28,26820.79,RC386274,183.46,0.0,56.23,P,SimuProB-3,EV_108
445.0,0.0,83.87,0.0,1,4.44,0,87.74,4.45,0.0,-5.0,185.0,EV_108,0.0,230,0.0,RC386274_13,50.31,26820.79,RC386274,183.46,0.0,56.26,P,SimuProB-3,EV_108
445.0,0.0,83.87,0.0,1,4.44,0,87.76,4.45,0.0,-7.7,185.0,EV_108,0.0,240,0.0,RC386274_13,50.36,26820.79,RC386274,183.46,0.0,56.31,P,SimuProB-3,EV_108
445.0,0.0,83.87,0.0,1,4.44,0,87.77,4.45,0.0,-7.8,185.0,EV_108,0.0,250,0.0,RC386274_13,50.41,26820.79,RC386274,183.46,0.0,56.36,P,SimuProB-3,EV_108
445.0,0.0,83.87,0.0,1,4.44,0,87.77,4.45,0.0,-8.8,185.0,EV_108,0.0,260,0.0,RC386274_13,50.46,26820.79,RC386274,183.46,0.0,56.41,P,SimuProB-3,EV_108
445.0,0.0,83.87,0.0,1,4.44,0,87.78,4.45,0.0,-7.1,185.0,EV_108,0.0,270,0.0,RC386274_13,50.51,26820.79,RC386274,183.46,0.0,56.46,P,SimuProB-3,EV_108
445.0,0.0,83.87,0.0,1,4.44,0,87.81,4.45,0.0,-6.6,185.0,EV_108,0.0,280,0.0,RC386274_13,50.55,26820.79,RC386274,183.46,0.0,56.5,P,SimuProB-3,EV_108
445.0,0.0,83.87,0.0,1,4.44,0,87.83,4.45,0.0,-7.0,185.0,EV_108,0.0,290,0.0,RC386274_13,50.59,26820.79,RC386274,183.46,0.0,56.54,P,SimuProB-3,EV_108
445.0,0.0,83.87,0.0,1,4.44,0,87.84,4.45,0.0,-8.0,185.0,EV_108,0.0,300,0.0,RC386274_13,50.6,26820.79,RC386274,183.46,0.0,56.55,P,SimuProB-3,EV_108
445.0,0.0,83.87,0.0,1,4.44,0,87.85,4.45,0.0,-4.9,185.0,EV_108,0.0,310,0.0,RC386274_13,50.61,26820.79,RC386274,183.46,0.0,56.56,P,SimuProB-3,EV_108
445.0,0.0,83.87,0.0,1,4.45,0,87.87,4.45,0.0,-10.2,185.0,EV_108,0.0,320,0.0,RC386274_13,50.62,26820.79,RC386274,183.46,0.0,56.57,P,SimuProB-3,EV_108
445.0,0.0,83.87,0.0,1,4.44,0,87.92,4.45,0.0,-7.5,185.0,EV_108,0.0,330,0.0,RC386274_13,50.65,26820.79,RC386274,183.46,0.0,56.6,P,SimuProB-3,EV_108
445.0,0.0,83.87,0.0,1,4.44,0,87.97,4.45,0.0,-3.6,185.0,EV_108,0.0,340,0.0,RC386274_13,50.68,26820.79,RC386274,183.46,0.0,56.63,P,SimuProB-3,EV_108
445.0,0.0,83.87,0.0,1,4.44,0,88.02,4.45,0.0,-6.2,185.0,EV_108,0.0,350,0.0,RC386274_13,50.71,26820.79,RC386274,183.46,0.0,56.66,P,SimuProB-3,EV_108
445.0,0.0,83.87,0.0,1,4.45,0,88.05,4.45,0.0,-7.3,185.0,EV_108,0.0,360,0.0,RC386274_13,50.73,26820.79,RC386274,183.46,0.0,56.68,P,SimuProB-3,EV_108
445.0,0.0,83.87,0.0,1,4.45,0,88.06,4.45,0.0,-4.1,185.0,EV_108,0.0,370,0.0,RC386274_13,50.76,26820.79,RC386274,183.46,0.0,56.71,P,SimuProB-3,EV_108
445.0,0.0,83.87,0.0,1,4.45,0,88.09,4.45,0.0,-0.9,185.0,EV_108,0.0,380,0.0,RC386274_13,50.79,26820.79,RC386274,183.46,0.0,56.74,P,SimuProB-3,EV_108
445.0,0.0,83.87,0.0,1,4.45,0,88.1,4.45,0.0,-1.2,185.0,EV_108,0.0,390,0.0,RC386274_13,50.81,26820.79,RC386274,183.46,0.0,56.76,P,SimuProB-3,EV_108
445.0,0.0,83.87,0.0,1,4.45,0,88.11,4.45,0.0,-4.5,185.0,EV_108,0.0,400,0.0,RC386274_13,50.83,26820.79,RC386274,183.46,0.0,56.78,P,SimuProB-3,EV_108
445.0,0.0,83.87,0.0,1,4.45,0,88.11,4.45,0.0,-2.5,185.0,EV_108,0.0,410,0.0,RC386274_13,50.85,26820.79,RC386274,183.46,0.0,56.8,P,SimuProB-3,EV_108
445.0,0.0,83.87,0.0,1,4.448,0,88.11,4.45,0.0,-3.1,185.0,EV_108,0.0,420,0.0,RC386274_13,50.87,26820.79,RC386274,183.46,0.0,56.82,P,SimuProB-3,EV_108
445.0,0.0,83.87,0.0,1,4.45,0,88.13,4.45,0.0,-1.2,185.0,EV_108,0.0,430,0.0,RC386274_13,50.89,26820.79,RC386274,183.46,0.0,56.84,P,SimuProB-3,EV_108
445.0,0.0,83.87,0.0,1,4.45,0,88.13,4.45,0.0,-2.3,185.0,EV_108,0.0,440,0.0,RC386274_13,50.91,26820.79,RC386274,183.46,0.0,56.86,P,SimuProB-3,EV_108
445.0,0.0,83.87,0.0,1,4.45,0,88.14,4.45,0.0,-3.0,185.0,EV_108,0.0,450,0.0,RC386274_13,50.92,26820.79,RC386274,183.46,0.0,56.87,P,SimuProB-3,EV_108
445.0,0.0,83.87,0.0,1,4.45,0,88.14,4.45,0.0,-3.6,185.0,EV_108,0.0,460,0.0,RC386274_13,50.93,26820.79,RC386274,183.46,0.0,56.88,P,SimuProB-3,EV_108
444.893,0.0,83.87,0.0,1,4.45,0,88.14,4.45,0.0,-0.4,185.0,EV_108,0.0,470,0.0,RC386274_13,50.94,26820.79,RC386274,183.46,0.0,56.89,P,SimuProB-3,EV_108
445.0,0.0,83.87,0.0,1,4.44,0,88.15,4.45,0.0,1.6,185.0,EV_108,0.0,480,0.0,RC386274_13,50.94,26820.79,RC386274,183.46,0.0,56.89,P,SimuProB-3,EV_108
444.878,0.0,83.87,0.0,1,4.44,0,88.16,4.45,0.0,-3.3,185.0,EV_108,0.0,490,0.0,RC386274_13,50.95,26820.79,RC386274,183.46,0.0,56.9,P,SimuProB-3,EV_108
444.556,0.0,83.87,0.0,1,4.44,0,88.16,4.45,0.0,-3.3,185.0,EV_108,0.0,500,0.0,RC386274_13,50.96,26820.79,RC386274,183.46,0.0,56.91,P,SimuProB-3,EV_108
444.806,0.0,83.87,0.0,1,4.44,0,88.16,4.445,0.0,-3.7,185.0,EV_108,0.0,510,0.0,RC386274_13,50.97,26820.79,RC386274,183.46,0.0,56.92,P,SimuProB-3,EV_108
444.26,0.0,83.87,0.0,1,4.439,0,88.17,4.444,0.0,-3.0,185.0,EV_108,0.0,520,0.0,RC386274_13,50.98,26820.79,RC386274,183.46,0.0,56.93,P,SimuProB-3,EV_108
444.437,0.0,83.87,0.0,1,4.438,0,88.17,4.443,0.0,-4.2,185.0,EV_108,0.0,530,0.0,RC386274_13,50.99,26820.79,RC386274,183.46,0.0,56.94,P,SimuProB-3,EV_108
444.914,0.0,83.87,0.0,1,4.44,0,88.18,4.445,0.0,-2.2,185.0,EV_108,0.0,540,0.0,RC386274_13,51.0,26820.79,RC386274,183.46,0.0,56.95,P,SimuProB-3,EV_108
444.556,0.0,83.87,0.0,1,4.441,0,88.18,4.446,0.0,-5.1,185.0,EV_108,0.0,550,0.0,RC386274_13,51.01,26820.79,RC386274,183.46,0.0,56.96,P,SimuProB-3,EV_108
445.0,0.0,83.87,0.0,1,4.442,0,88.19,4.447,0.0,-2.3,185.0,EV_108,0.0,560,0.0,RC386274_13,51.02,26820.79,RC386274,183.46,0.0,56.97,P,SimuProB-3,EV_108
445.0,0.0,83.87,0.0,1,4.443,0,88.2,4.449,0.0,-2.1,185.0,EV_108,0.0,570,0.0,RC386274_13,51.04,26820.79,RC386274,183.46,0.0,56.99,P,SimuProB-3,EV_108
445.0,0.0,83.87,0.0,1,4.444,0,88.21,4.45,0.0,-4.8,185.0,EV_108,0.0,580,0.0,RC386274_13,51.06,26820.79,RC386274,183.46,0.0,57.01,P,SimuProB-3,EV_108
445.0,0.0,83.87,0.0,1,4.445,0,88.22,4.45,0.0,-0.6,185.0,EV_108,0.0,590,0.0,RC386274_13,51.08,26820.79,RC386274,183.46,0.0,57.03,P,SimuProB-3,EV_108
445.0,0.0,83.87,0.0,1,4.445,0,88.23,4.45,0.0,-3.9,185.0,EV_108,0.0,600,0.0,RC386274_13,51.09,26820.79,RC386274,183.46,0.0,57.04,P,SimuProB-3,EV_108
444.572,0.0,83.87,0.0,1,4.446,0,88.23,4.45,0.0,-1.9,185.0,EV_108,0.0,610,0.0,RC386274_13,51.1,26820.79,RC386274,183.46,0.0,57.05,P,SimuProB-3,EV_108
445.0,0.0,83.87,0.0,1,4.447,0,88.23,4.45,0.0,-3.8,185.0,EV_108,0.0,620,0.0,RC386274_13,51.11,26820.79,RC386274,183.46,0.0,57.06,P,SimuProB-3,EV_108
444.579,0.0,83.87,0.0,1,4.448,0,88.23,4.45,0.0,-2.0,185.0,EV_108,0.0,630,0.0,RC386274_13,51.11,26820.79,RC386274,183.46,0.0,57.06,P,SimuProB-3,EV_108
445.0,0.0,83.87,0.0,1,4.449,0,88.25,4.45,0.0,-1.4,185.0,EV_108,0.0,640,0.0,RC386274_13,51.12,26820.79,RC386274,183.46,0.0,57.07,P,SimuProB-3,EV_108
444.587,0.0,83.87,0.0,1,4.45,0,88.25,4.45,0.0,-2.7,185.0,EV_108,0.0,650,0.0,RC386274_13,51.13,26820.79,RC386274,183.46,0.0,57.08,P,SimuProB-3,EV_108
444.944,0.0,83.87,0.0,1,4.45,0,88.25,4.45,0.0,-0.2,185.0,EV_108,0.0,660,0.0,RC386274_13,51.14,26820.79,RC386274,183.46,0.0,57.09,P,SimuProB-3,EV_108
445.0,0.0,83.87,0.0,1,4.45,0,88.26,4.45,0.0,-2.0,185.0,EV_108,0.0,670,0.0,RC386274_13,51.15,26820.79,RC386274,183.46,0.0,57.1,P,SimuProB-3,EV_108
445.0,0.0,83.87,0.0,1,4.45,0,88.27,4.45,0.0,-2.3,185.0,EV_108,0.0,680,0.0,RC386274_13,51.16,26820.79,RC386274,183.46,0.0,57.11,P,SimuProB-3,EV_108
445.0,0.0,83.87,0.0,1,4.45,0,88.29,4.45,0.0,-1.1,185.0,EV_108,0.0,690,0.0,RC386274_13,51.2,26820.79,RC386274,183.46,0.0,57.15,P,SimuProB-3,EV_108
445.0,0.0,83.87,0.0,1,4.45,0,88.29,4.45,0.0,0.8,185.0,EV_108,0.0,700,0.0,RC386274_13,51.23,26820.79,RC386274,183.46,0.0,57.18,P,SimuProB-3,EV_108
445.0,0.0,83.87,0.0,1,4.45,0,88.31,4.45,0.0,1.3,185.0,EV_108,0.0,710,0.0,RC386274_13,51.26,26820.79,RC386274,183.46,0.0,57.21,P,SimuProB-3,EV_108
444.713,0.0,83.87,0.0,1,4.448,0,88.34,4.45,0.0,-0.3,185.0,EV_108,0.0,720,0.0,RC386274_13,51.3,26820.79,RC386274,183.46,0.0,57.25,P,SimuProB-3,EV_108
445.0,0.0,83.87,0.0,1,4.45,0,88.34,4.45,0.0,1.9,185.0,EV_108,0.0,730,0.0,RC386274_13,51.35,26820.79,RC386274,183.46,0.0,57.3,P,SimuProB-3,EV_108
445.0,0.0,83.87,0.0,1,4.45,0,88.35,4.45,0.0,-2.2,185.0,EV_108,0.0,740,0.0,RC386274_13,51.4,26820.79,RC386274,183.46,0.0,57.35,P,SimuProB-3,EV_108
445.0,0.0,83.87,0.0,1,4.45,0,88.37,4.45,0.0,-3.0,185.0,EV_108,0.0,750,0.0,RC386274_13,51.45,26820.79,RC386274,183.46,0.0,57.4,P,SimuProB-3,EV_108
444.712,0.0,83.87,0.0,1,4.45,0,88.37,4.45,0.0,-1.8,185.0,EV_108,0.0,760,0.0,RC386274_13,51.5,26820.79,RC386274,183.46,0.0,57.45,P,SimuProB-3,EV_108
444.85,0.0,83.87,0.0,1,4.45,0,88.38,4.45,0.0,-0.4,185.0,EV_108,0.0,770,0.0,RC386274_13,51.55,26820.79,RC386274,183.46,0.0,57.5,P,SimuProB-3,EV_108
445.0,0.0,83.87,0.0,1,4.448,0,88.39,4.45,0.0,2.1,185.0,EV_108,0.0,780,0.0,RC386274_13,51.58,26820.79,RC386274,183.46,0.0,57.52,P,SimuProB-3,EV_108
445.0,0.0,83.87,0.0,1,4.45,0,88.4,4.45,0.0,1.1,185.0,EV_108,0.0,790,0.0,RC386274_13,51.62,26820.79,RC386274,183.46,0.0,57.55,P,SimuProB-3,EV_108
445.0,0.0,83.87,0.0,1,4.45,0,88.4,4.45,0.0,0.7,185.0,EV_108,0.0,800,0.0,RC386274_13,51.65,26820.79,RC386274,183.46,0.0,57.58,P,SimuProB-3,EV_108
445.0,0.0,83.87,0.0,1,4.45,0,88.4,4.45,0.0,-3.2,185.0,EV_108,0.0,810,0.0,RC386274_13,51.68,26820.79,RC386274,183.46,0.0,57.6,P,SimuProB-3,EV_108
444.903,0.0,83.87,0.0,1,4.45,0,88.41,4.45,0.0,-1.5,185.0,EV_108,0.0,820,0.0,RC386274_13,51.72,26820.79,RC386274,183.46,0.0,57.63,P,SimuProB-3,EV_108
445.0,0.0,83.87,0.0,1,4.45,0,88.43,4.45,0.0,1.0,185.0,EV_108,0.0,830,0.0,RC386274_13,51.76,26820.79,RC386274,183.46,0.0,57.66,P,SimuProB-3,EV_108
444.966,0.0,83.87,0.0,1,4.448,0,88.45,4.449,0.0,0.4,185.0,EV_108,0.0,840,0.0,RC386274_13,51.79,26820.79,RC386274,183.46,0.0,57.69,P,SimuProB-3,EV_108
444.815,0.0,83.87,0.0,1,4.447,0,88.46,4.448,0.0,-2.3,185.0,EV_108,0.0,850,0.0,RC386274_13,51.82,26820.79,RC386274,183.46,0.0,57.72,P,SimuProB-3,EV_108
444.573,0.0,83.87,0.0,1,4.446,0,88.47,4.447,0.0,-0.2,185.0,EV_108,0.0,860,0.0,RC386274_13,51.85,26820.79,RC386274,183.46,0.0,57.75,P,SimuProB-3,EV_108
444.192,0.0,83.87,0.0,1,4.444,0,88.48,4.445,0.0,-0.4,185.0,EV_108,0.0,870,0.0,RC386274_13,51.88,26820.79,RC386274,183.46,0.0,57.78,P,SimuProB-3,EV_108
444.501,0.0,83.87,0.0,1,4.442,0,88.5,4.443,0.0,1.1,185.0,EV_108,0.0,880,0.0,RC386274_13,51.91,26820.79,RC386274,183.46,0.0,57.81,P,SimuProB-3,EV_108
444.372,0.0,83.87,0.0,1,4.44,0,88.52,4.441,0.0,-3.1,185.0,EV_108,0.0,890,0.0,RC386274_13,51.94,26820.79,RC386274,183.46,0.0,57.84,P,SimuProB-3,EV_108
444.528,0.0,83.87,0.0,1,4.441,0,88.52,4.442,0.0,2.1,185.0,EV_108,0.0,900,0.0,RC386274_13,51.99,26820.79,RC386274,183.46,0.0,57.89,P,SimuProB-3,EV_108
444.396,0.0,83.87,0.0,1,4.44,0,88.53,4.441,0.0,2.5,185.0,EV_108,0.0,910,0.0,RC386274_13,52.04,26820.79,RC386274,183.46,0.0,57.94,P,SimuProB-3,EV_108
443.94,0.0,83.87,0.0,1,4.442,0,88.55,4.443,0.0,-3.3,185.0,EV_108,0.0,920,0.0,RC386274_13,52.09,26820.79,RC386274,183.46,0.0,57.99,P,SimuProB-3,EV_108
443.798,0.0,83.87,0.0,1,4.443,0,88.57,4.444,0.0,-3.4,185.0,EV_108,0.0,930,0.0,RC386274_13,52.11,26820.79,RC386274,183.46,0.0,58.01,P,SimuProB-3,EV_108
443.658,0.0,83.87,0.0,1,4.444,0,88.59,4.445,0.0,-2.8,185.0,EV_108,0.0,940,0.0,RC386274_13,52.13,26820.79,RC386274,183.46,0.0,58.03,P,SimuProB-3,EV_108
444.299,0.0,83.87,0.0,1,4.445,0,88.61,4.446,0.0,-5.2,185.0,EV_108,0.0,950,0.0,RC386274_13,52.15,26820.79,RC386274,183.46,0.0,58.05,P,SimuProB-3,EV_108
444.145,0.0,83.87,0.0,1,4.445,0,88.64,4.446,0.0,-6.5,185.0,EV_108,0.0,960,0.0,RC386274_13,52.16,26820.79,RC386274,183.46,0.0,58.06,P,SimuProB-3,EV_108
444.54,0.0,83.87,0.0,1,4.446,0,88.66,4.447,0.0,-7.5,185.0,EV_108,0.0,970,0.0,RC386274_13,52.17,26820.79,RC386274,183.46,0.0,58.07,P,SimuProB-3,EV_108
444.359,0.0,83.87,0.0,1,4.447,0,88.67,4.448,0.0,-6.8,185.0,EV_108,0.0,980,0.0,RC386274_13,52.18,26820.79,RC386274,183.46,0.0,58.08,P,SimuProB-3,EV_108
444.585,0.0,83.87,0.0,1,4.448,0,88.69,4.449,0.0,-10.0,185.0,EV_108,0.0,990,0.0,RC386274_13,52.22,26820.79,RC386274,183.46,0.0,58.12,P,SimuProB-3,EV_108
444.452,0.0,83.87,0.0,1,4.45,0,88.73,4.45,0.0,-7.7,185.0,EV_108,0.0,1000,0.0,RC386274_13,52.25,26820.79,RC386274,183.46,0.0,58.15,P,SimuProB-3,EV_108
444.648,0.0,83.87,0.0,1,4.45,0,88.74,4.45,0.0,-6.0,185.0,EV_108,0.0,1010,0.0,RC386274_13,52.28,26820.79,RC386274,183.46,0.0,58.18,P,SimuProB-3,EV_108
445.0,0.0,83.87,0.0,1,4.45,0,88.76,4.45,0.0,-7.0,185.0,EV_108,0.0,1020,0.0,RC386274_13,52.33,26820.79,RC386274,183.46,0.0,58.23,P,SimuProB-3,EV_108
444.361,0.0,83.87,0.0,1,4.45,0,88.77,4.45,0.0,-5.9,185.0,EV_108,0.0,1030,0.0,RC386274_13,52.39,26820.79,RC386274,183.46,0.0,58.29,P,SimuProB-3,EV_108
444.611,0.0,83.87,0.0,1,4.45,0,88.79,4.45,0.0,-6.1,185.0,EV_108,0.0,1040,0.0,RC386274_13,52.44,26820.79,RC386274,183.46,0.0,58.34,P,SimuProB-3,EV_108
444.401,0.0,83.87,0.0,1,4.44,0,88.8,4.45,0.0,-5.1,185.0,EV_108,0.0,1050,0.0,RC386274_13,52.48,26820.79,RC386274,183.46,0.0,58.38,P,SimuProB-3,EV_108
445.0,0.0,83.87,0.0,1,4.44,0,88.82,4.45,0.0,-8.1,185.0,EV_108,0.0,1060,0.0,RC386274_13,52.52,26820.79,RC386274,183.46,0.0,58.42,P,SimuProB-3,EV_108
445.0,0.0,83.87,0.0,1,4.44,0,88.82,4.45,0.0,-8.9,185.0,EV_108,0.0,1070,0.0,RC386274_13,52.57,26820.79,RC386274,183.46,0.0,58.47,P,SimuProB-3,EV_108
444.728,0.0,83.87,0.0,1,4.44,0,88.83,4.45,0.0,-9.7,185.0,EV_108,0.0,1080,0.0,RC386274_13,52.62,26820.79,RC386274,183.46,0.0,58.52,P,SimuProB-3,EV_108
445.0,0.0,83.87,0.0,1,4.44,0,88.84,4.45,0.0,-11.0,185.0,EV_108,0.0,1090,0.0,RC386274_13,52.67,26820.79,RC386274,183.46,0.0,58.57,P,SimuProB-3,EV_108
445.0,0.0,83.87,0.0,1,4.44,0,88.87,4.45,0.0,-6.8,185.0,EV_108,0.0,1100,0.0,RC386274_13,52.72,26820.79,RC386274,183.46,0.0,58.62,P,SimuProB-3,EV_108
445.0,0.0,83.87,0.0,1,4.441,0,88.88,4.45,0.0,-8.2,185.0,EV_108,0.0,1110,0.0,RC386274_13,52.77,26820.79,RC386274,183.46,0.0,58.67,P,SimuProB-3,EV_108
445.0,0.0,83.87,0.0,1,4.442,0,88.89,4.45,0.0,-5.1,185.0,EV_108,0.0,1120,0.0,RC386274_13,52.82,26820.79,RC386274,183.46,0.0,58.72,P,SimuProB-3,EV_108
445.0,0.0,83.87,0.0,1,4.443,0,88.89,4.45,0.0,-2.8,185.0,EV_108,0.0,1130,0.0,RC386274_13,52.87,26820.79,RC386274,183.46,0.0,58.77,P,SimuProB-3,EV_108
445.0,0.0,83.87,0.0,1,4.444,0,88.9,4.45,0.0,-3.0,185.0,EV_108,0.0,1140,0.0,RC386274_13,52.92,26820.79,RC386274,183.46,0.0,58.82,P,SimuProB-3,EV_108
445.0,0.0,83.87,0.0,1,4.445,0,88.9,4.45,0.0,-3.8,185.0,EV_108,0.0,1150,0.0,RC386274_13,52.97,26820.79,RC386274,183.46,0.0,58.87,P,SimuProB-3,EV_108
445.0,0.0,83.87,0.0,1,4.446,0,88.9,4.45,0.0,-1.4,185.0,EV_108,0.0,1160,0.0,RC386274_13,53.02,26820.79,RC386274,183.46,0.0,58.92,P,SimuProB-3,EV_108
445.0,0.0,83.87,0.0,1,4.446,0,88.92,4.45,0.0,-1.8,185.0,EV_108,0.0,1170,0.0,RC386274_13,53.07,26820.79,RC386274,183.46,0.0,58.97,P,SimuProB-3,EV_108
445.0,0.0,83.87,0.0,1,4.446,0,88.92,4.45,0.0,-2.4,185.0,EV_108,0.0,1180,0.0,RC386274_13,53.12,26820.79,RC386274,183.46,0.0,59.02,P,SimuProB-3,EV_108
444.735,0.0,83.87,0.0,0,4.446,0,88.92,4.45,0.0,-2.3,185.0,EV_108,0.0,1190,0.0,RC386274_13,53.17,26820.79,RC386274,183.46,0.0,59.07,P,SimuProB-3,EV_108
444.422,0.0,83.87,0.0,0,4.446,0,88.92,4.45,0.0,-2.0,185.0,EV_108,0.0,1200,0.0,RC386274_13,53.22,26820.79,RC386274,183.46,0.0,59.12,P,SimuProB-3,EV_108
445.0,0.0,83.87,0.0,1,4.447,0,88.94,4.45,0.0,-3.3,185.0,EV_108,0.0,1210,0.0,RC386274_13,53.27,26820.79,RC386274,183.46,0.0,59.17,P,SimuProB-3,EV_108
444.845,0.0,83.87,0.0,1,4.447,0,88.94,4.45,0.0,-1.6,185.0,EV_108,0.0,1220,0.0,RC386274_13,53.32,26820.79,RC386274,183.46,0.0,59.22,P,SimuProB-3,EV_108
444.407,0.0,83.87,0.0,1,4.448,0,88.94,4.45,0.0,-2.3,185.0,EV_108,0.0,1230,0.0,RC386274_13,53.37,26820.79,RC386274,183.46,0.0,59.27,P,SimuProB-3,EV_108
444.341,0.0,83.87,0.0,1,4.448,0,88.96,4.45,0.0,0.6,185.0,EV_108,0.0,1240,0.0,RC386274_13,53.42,26820.79,RC386274,183.46,0.0,59.32,P,SimuProB-3,EV_108
444.172,0.0,83.87,0.0,1,4.449,0,88.96,4.45,0.0,-1.2,185.0,EV_108,0.0,1250,0.0,RC386274_13,53.47,26820.79,RC386274,183.46,0.0,59.37,P,SimuProB-3,EV_108
443.675,0.0,83.87,0.0,1,4.449,0,88.98,4.45,0.0,-0.8,185.0,EV_108,0.0,1260,0.0,RC386274_13,53.52,26820.79,RC386274,183.46,0.0,59.42,P,SimuProB-3,EV_108
443.493,0.0,83.87,0.0,1,4.45,0,88.98,4.45,0.0,-1.9,185.0,EV_108,0.0,1270,0.0,RC386274_13,53.57,26820.79,RC386274,183.46,0.0,59.47,P,SimuProB-3,EV_108
443.339,0.0,83.87,0.0,1,4.45,0,88.98,4.45,0.0,1.2,185.0,EV_108,0.0,0,0.0,RC386274_14,53.62,26820.79,RC386274,183.46,0.0,59.52,P,SimuProB-3,EV_108
443.63,0.0,83.87,0.0,1,4.45,0,88.99,4.45,0.0,-1.4,185.0,EV_108,0.0,10,0.0,RC386274_14,53.65,26820.79,RC386274,183.46,0.0,59.55,P,SimuProB-3,EV_108
443.24,0.0,83.87,0.0,1,4.45,0,89.0,4.45,0.0,-1.7,185.0,EV_108,0.0,20,0.0,RC386274_14,53.68,26820.79,RC386274,183.46,0.0,59.58,P,SimuProB-3,EV_108
443.432,0.0,83.87,0.0,1,4.45,0,89.0,4.45,0.0,-2.8,185.0,EV_108,0.0,30,0.0,RC386274_14,53.71,26820.79,RC386274,183.46,0.0,59.61,P,SimuProB-3,EV_108
444.004,0.0,83.87,0.0,1,4.45,0,89.02,4.45,0.0,0.4,185.0,EV_108,0.0,40,0.0,RC386274_14,53.75,26820.79,RC386274,183.46,0.0,59.65,P,SimuProB-3,EV_108
443.855,0.0,83.87,0.0,1,4.45,0,89.04,4.45,0.0,-1.1,185.0,EV_108,0.0,50,0.0,RC386274_14,53.78,26820.79,RC386274,183.46,0.0,59.68,P,SimuProB-3,EV_108
444.26,0.0,83.87,0.0,1,4.45,0,89.04,4.45,0.0,-1.6,185.0,EV_108,0.0,60,0.0,RC386274_14,53.81,26820.79,RC386274,183.46,0.0,59.71,P,SimuProB-3,EV_108
443.945,0.0,83.87,0.0,1,4.45,0,89.04,4.45,0.0,-2.2,185.0,EV_108,0.0,70,0.0,RC386274_14,53.82,26820.79,RC386274,183.46,0.0,59.72,P,SimuProB-3,EV_108
444.546,0.0,83.87,0.0,1,4.45,0,89.05,4.45,0.0,0.7,185.0,EV_108,0.0,80,0.0,RC386274_14,53.83,26820.79,RC386274,183.46,0.0,59.73,P,SimuProB-3,EV_108
444.933,0.0,83.87,0.0,1,4.45,0,89.05,4.45,0.0,-1.2,185.0,EV_108,0.0,90,0.0,RC386274_14,53.84,26820.79,RC386274,183.46,0.0,59.74,P,SimuProB-3,EV_108
445.0,0.0,83.87,0.0,1,4.449,0,89.05,4.45,0.0,1.8,185.0,EV_108,0.0,100,0.0,RC386274_14,53.85,26820.79,RC386274,183.46,0.0,59.75,P,SimuProB-3,EV_108
445.0,0.0,83.87,0.0,1,4.45,0,89.06,4.45,0.0,-1.4,185.0,EV_108,0.0,110,0.0,RC386274_14,53.86,26820.79,RC386274,183.46,0.0,59.76,P,SimuProB-3,EV_108
445.0,0.0,83.87,0.0,1,4.45,0,89.06,4.45,0.0,-0.9,185.0,EV_108,0.0,120,0.0,RC386274_14,53.87,26820.79,RC386274,183.46,0.0,59.77,P,SimuProB-3,EV_108
445.0,0.0,83.87,0.0,1,4.449,0,89.07,4.45,0.0,0.6,185.0,EV_108,0.0,130,0.0,RC386274_14,53.88,26820.79,RC386274,183.46,0.0,59.78,P,SimuProB-3,EV_108
445.0,0.0,83.87,0.0,1,4.45,0,89.08,4.45,0.0,0.2,185.0,EV_108,0.0,140,0.0,RC386274_14,53.89,26820.79,RC386274,183.46,0.0,59.79,P,SimuProB-3,EV_108
444.971,0.0,83.87,0.0,1,4.45,0,89.08,4.45,0.0,-0.2,185.0,EV_108,0.0,150,0.0,RC386274_14,53.9,26820.79,RC386274,183.46,0.0,59.8,P,SimuProB-3,EV_108
444.995,0.0,83.87,0.0,1,4.45,0,89.08,4.45,0.0,2.8,185.0,EV_108,0.0,160,0.0,RC386274_14,53.91,26820.79,RC386274,183.46,0.0,59.81,P,SimuProB-3,EV_108
445.0,0.0,83.87,0.0,1,4.45,0,89.1,4.45,0.0,-3.1,185.0,EV_108,0.0,170,0.0,RC386274_14,53.92,26820.79,RC386274,183.46,0.0,59.82,P,SimuProB-3,EV_108
445.0,0.0,83.87,0.0,1,4.45,0,89.1,4.45,0.0,1.8,185.0,EV_108,0.0,180,0.0,RC386274_14,53.93,26820.79,RC386274,183.46,0.0,59.83,P,SimuProB-3,EV_108
444.717,0.0,83.87,0.0,1,4.45,0,89.12,4.45,0.0,0.4,185.0,EV_108,0.0,190,0.0,RC386274_14,53.93,26820.79,RC386274,183.46,0.0,59.83,P,SimuProB-3,EV_108
444.703,0.0,83.87,0.0,1,4.45,0,89.12,4.45,0.0,0.9,185.0,EV_108,0.0,200,0.0,RC386274_14,53.94,26820.79,RC386274,183.46,0.0,59.84,P,SimuProB-3,EV_108
444.878,0.0,83.87,0.0,1,4.45,0,89.12,4.45,0.0,0.9,185.0,EV_108,0.0,210,0.0,RC386274_14,53.95,26820.79,RC386274,183.46,0.0,59.85,P,SimuProB-3,EV_108
445.0,0.0,83.87,0.0,1,4.449,0,89.13,4.45,0.0,-0.7,185.0,EV_108,0.0,220,0.0,RC386274_14,53.96,26820.79,RC386274,183.46,0.0,59.85,P,SimuProB-3,EV_108
445.0,0.0,83.87,0.0,1,4.45,0,89.13,4.45,0.0,0.0,185.0,EV_108,0.0,230,0.0,RC386274_14,53.97,26820.79,RC386274,183.46,0.0,59.86,P,SimuProB-3,EV_108
445.0,0.0,83.87,0.0,1,4.45,0,89.14,4.45,0.0,-2.1,185.0,EV_108,0.0,240,0.0,RC386274_14,53.98,26820.79,RC386274,183.46,0.0,59.87,P,SimuProB-3,EV_108
445.0,0.0,83.87,0.0,1,4.448,0,89.16,4.45,0.0,-2.6,185.0,EV_108,0.0,250,0.0,RC386274_14,53.99,26820.79,RC386274,183.46,0.0,59.88,P,SimuProB-3,EV_108
445.0,0.0,83.87,0.0,1,4.449,0,89.16,4.45,0.0,-3.7,185.0,EV_108,0.0,260,0.0,RC386274_14,54.0,26820.79,RC386274,183.46,0.0,59.89,P,SimuProB-3,EV_108
445.0,0.0,83.87,0.0,1,4.45,0,89.16,4.45,0.0,-1.1,185.0,EV_108,0.0,270,0.0,RC386274_14,54.01,26820.79,RC386274,183.46,0.0,59.9,P,SimuProB-3,EV_108
444.937,0.0,83.87,0.0,1,4.45,0,89.18,4.45,0.0,-0.7,185.0,EV_108,0.0,280,0.0,RC386274_14,54.02,26820.79,RC386274,183.46,0.0,59.91,P,SimuProB-3,EV_108
444.543,0.0,83.87,0.0,1,4.45,0,89.18,4.45,0.0,-3.1,185.0,EV_108,0.0,290,0.0,RC386274_14,54.03,26820.79,RC386274,183.46,0.0,59.92,P,SimuProB-3,EV_108
445.0,0.0,83.87,0.0,1,4.45,0,89.18,4.45,0.0,-0.2,185.0,EV_108,0.0,300,0.0,RC386274_14,54.04,26820.79,RC386274,183.46,0.0,59.93,P,SimuProB-3,EV_108
444.691,0.0,83.87,0.0,1,4.45,0,89.19,4.45,0.0,-3.3,185.0,EV_108,0.0,310,0.0,RC386274_14,54.05,26820.79,RC386274,183.46,0.0,59.94,P,SimuProB-3,EV_108
445.0,0.0,83.87,0.0,1,4.45,0,89.2,4.45,0.0,-3.0,185.0,EV_108,0.0,320,0.0,RC386274_14,54.06,26820.79,RC386274,183.46,0.0,59.95,P,SimuProB-3,EV_108
444.659,0.0,83.87,0.0,1,4.45,0,89.2,4.45,0.0,-0.5,185.0,EV_108,0.0,330,0.0,RC386274_14,54.07,26820.79,RC386274,183.46,0.0,59.96,P,SimuProB-3,EV_108
445.0,0.0,83.87,0.0,1,4.45,0,89.2,4.45,0.0,2.2,185.0,EV_108,0.0,340,0.0,RC386274_14,54.08,26820.79,RC386274,183.46,0.0,59.97,P,SimuProB-3,EV_108
445.0,0.0,83.87,0.0,1,4.45,0,89.22,4.45,0.0,-3.1,185.0,EV_108,0.0,350,0.0,RC386274_14,54.09,26820.79,RC386274,183.46,0.0,59.98,P,SimuProB-3,EV_108
445.0,0.0,83.87,0.0,1,4.45,0,89.22,4.45,0.0,2.3,185.0,EV_108,0.0,360,0.0,RC386274_14,54.1,26820.79,RC386274,183.46,0.0,59.99,P,SimuProB-3,EV_108
445.0,0.0,83.87,0.0,1,4.447,0,89.24,4.448,0.0,0.4,185.0,EV_108,0.0,370,0.0,RC386274_14,54.15,26820.79,RC386274,183.46,0.0,60.03,P,SimuProB-3,EV_108
445.0,0.0,83.87,0.0,1,4.45,0,89.24,4.45,0.0,3.0,185.0,EV_108,0.0,380,0.0,RC386274_14,54.16,26820.79,RC386274,183.46,0.0,60.05,P,SimuProB-3,EV_108
445.0,0.0,83.87,0.0,1,4.449,0,89.24,4.45,0.0,-3.1,185.0,EV_108,0.0,390,0.0,RC386274_14,54.18,26820.79,RC386274,183.46,0.0,60.07,P,SimuProB-3,EV_108
445.0,0.0,83.87,0.0,1,4.449,0,89.25,4.45,0.0,-0.2,185.0,EV_108,0.0,400,0.0,RC386274_14,54.19,26820.79,RC386274,183.46,0.0,60.08,P,SimuProB-3,EV_108
445.0,0.0,83.87,0.0,1,4.45,0,89.25,4.45,0.0,-1.0,185.0,EV_108,0.0,410,0.0,RC386274_14,54.2,26820.79,RC386274,183.46,0.0,60.09,P,SimuProB-3,EV_108
445.0,0.0,83.87,0.0,1,4.45,0,89.25,4.45,0.0,-5.2,185.0,EV_108,0.0,420,0.0,RC386274_14,54.21,26820.79,RC386274,183.46,0.0,60.1,P,SimuProB-3,EV_108
445.0,0.0,83.87,0.0,1,4.45,0,89.26,4.45,0.0,-3.1,185.0,EV_108,0.0,430,0.0,RC386274_14,54.26,26820.79,RC386274,183.46,0.0,60.15,P,SimuProB-3,EV_108
445.0,0.0,83.87,0.0,1,4.45,0,89.28,4.45,0.0,-4.7,185.0,EV_108,0.0,440,0.0,RC386274_14,54.33,26820.79,RC386274,183.46,0.0,60.22,P,SimuProB-3,EV_108
445.0,0.0,83.87,0.0,1,4.45,0,89.28,4.45,0.0,-4.2,185.0,EV_108,0.0,450,0.0,RC386274_14,54.41,26820.79,RC386274,183.46,0.0,60.3,P,SimuProB-3,EV_108
444.905,0.0,83.87,0.0,1,4.45,0,89.3,4.45,0.0,-5.8,185.0,EV_108,0.0,460,0.0,RC386274_14,54.46,26820.79,RC386274,183.46,0.0,60.35,P,SimuProB-3,EV_108
445.0,0.0,83.87,0.0,1,4.45,0,89.3,4.45,0.0,-1.7,185.0,EV_108,0.0,470,0.0,RC386274_14,54.51,26820.79,RC386274,183.46,0.0,60.4,P,SimuProB-3,EV_108
445.0,0.0,83.87,0.0,1,4.45,0,89.32,4.45,0.0,-3.2,185.0,EV_108,0.0,480,0.0,RC386274_14,54.56,26820.79,RC386274,183.46,0.0,60.45,P,SimuProB-3,EV_108
444.712,0.0,83.87,0.0,1,4.45,0,89.33,4.45,0.0,-4.6,185.0,EV_108,0.0,490,0.0,RC386274_14,54.62,26820.79,RC386274,183.46,0.0,60.5,P,SimuProB-3,EV_108
445.0,0.0,83.87,0.0,1,4.45,0,89.33,4.45,0.0,-3.0,185.0,EV_108,0.0,500,0.0,RC386274_14,54.68,26820.79,RC386274,183.46,0.0,60.55,P,SimuProB-3,EV_108
445.0,0.0,83.87,0.0,1,4.45,0,89.36,4.45,0.0,-3.4,185.0,EV_108,0.0,510,0.0,RC386274_14,54.74,26820.79,RC386274,183.46,0.0,60.6,P,SimuProB-3,EV_108
444.832,0.0,83.87,0.0,1,4.45,0,89.37,4.45,0.0,-1.2,185.0,EV_108,0.0,520,0.0,RC386274_14,54.8,26820.79,RC386274,183.46,0.0,60.65,P,SimuProB-3,EV_108
445.0,0.0,83.87,0.0,1,4.45,0,89.38,4.45,0.0,-6.0,185.0,EV_108,0.0,530,0.0,RC386274_14,54.86,26820.79,RC386274,183.46,0.0,60.7,P,SimuProB-3,EV_108
445.0,0.0,83.87,0.0,1,4.45,0,89.39,4.45,0.0,-3.7,185.0,EV_108,0.0,540,0.0,RC386274_14,54.92,26820.79,RC386274,183.46,0.0,60.75,P,SimuProB-3,EV_108
445.0,0.0,83.87,0.0,1,4.45,0,89.42,4.45,0.0,-1.0,185.0,EV_108,0.0,550,0.0,RC386274_14,55.01,26820.79,RC386274,183.46,0.0,60.82,P,SimuProB-3,EV_108
445.0,0.0,83.87,0.0,1,4.45,0,89.43,4.45,0.0,-6.7,185.0,EV_108,0.0,560,0.0,RC386274_14,55.08,26820.79,RC386274,183.46,0.0,60.88,P,SimuProB-3,EV_108
445.0,0.0,83.87,0.0,1,4.45,0,89.44,4.45,0.0,-4.1,185.0,EV_108,0.0,570,0.0,RC386274_14,55.14,26820.79,RC386274,183.46,0.0,60.93,P,SimuProB-3,EV_108
445.0,0.0,83.87,0.0,1,4.449,0,89.47,4.45,0.0,-3.2,185.0,EV_108,0.0,580,0.0,RC386274_14,55.2,26820.79,RC386274,183.46,0.0,60.98,P,SimuProB-3,EV_108
445.0,0.0,83.87,0.0,1,4.45,0,89.47,4.45,0.0,-1.2,185.0,EV_108,0.0,590,0.0,RC386274_14,55.26,26820.79,RC386274,183.46,0.0,61.04,P,SimuProB-3,EV_108
445.0,0.0,83.87,0.0,1,4.45,0,89.48,4.45,0.0,-6.1,185.0,EV_108,0.0,600,0.0,RC386274_14,55.33,26820.79,RC386274,183.46,0.0,61.1,P,SimuProB-3,EV_108
444.92,0.0,83.87,0.0,1,4.45,0,89.49,4.45,0.0,-5.3,185.0,EV_108,0.0,610,0.0,RC386274_14,55.38,26820.79,RC386274,183.46,0.0,61.15,P,SimuProB-3,EV_108
444.9,0.0,83.87,0.0,1,4.45,0,89.5,4.45,0.0,-4.3,185.0,EV_108,0.0,620,0.0,RC386274_14,55.43,26820.79,RC386274,183.46,0.0,61.2,P,SimuProB-3,EV_108
445.0,0.0,83.87,0.0,1,4.45,0,89.5,4.45,0.0,-0.3,185.0,EV_108,0.0,630,0.0,RC386274_14,55.48,26820.79,RC386274,183.46,0.0,61.25,P,SimuProB-3,EV_108
444.657,0.0,83.87,0.0,1,4.449,0,89.51,4.45,0.0,-1.1,185.0,EV_108,0.0,640,0.0,RC386274_14,55.52,26820.79,RC386274,183.46,0.0,61.28,P,SimuProB-3,EV_108
444.628,0.0,83.87,0.0,1,4.45,0,89.52,4.45,0.0,1.2,185.0,EV_108,0.0,650,0.0,RC386274_14,55.56,26820.79,RC386274,183.46,0.0,61.32,P,SimuProB-3,EV_108
445.0,0.0,83.87,0.0,1,4.45,0,89.52,4.45,0.0,-2.5,185.0,EV_108,0.0,660,0.0,RC386274_14,55.6,26820.79,RC386274,183.46,0.0,61.35,P,SimuProB-3,EV_108
444.373,0.0,83.87,0.0,1,4.448,0,89.52,4.449,0.0,-1.8,185.0,EV_108,0.0,670,0.0,RC386274_14,55.65,26820.79,RC386274,183.46,0.0,61.38,P,SimuProB-3,EV_108
445.0,0.0,83.87,0.0,0,4.449,0,89.52,4.449,0.0,2.0,185.0,EV_108,0.0,680,0.0,RC386274_14,55.68,26820.79,RC386274,183.46,0.0,61.4,P,SimuProB-3,EV_108
445.0,0.0,83.87,0.0,1,4.449,0,89.53,4.45,0.0,-1.5,185.0,EV_108,0.0,690,0.0,RC386274_14,55.72,26820.79,RC386274,183.46,0.0,61.43,P,SimuProB-3,EV_108
445.0,0.0,83.87,0.0,1,4.45,0,89.56,4.45,0.0,-2.7,185.0,EV_108,0.0,700,0.0,RC386274_14,55.78,26820.79,RC386274,183.46,0.0,61.48,P,SimuProB-3,EV_108
445.0,0.0,83.87,0.0,1,4.45,0,89.56,4.45,0.0,-1.8,185.0,EV_108,0.0,710,0.0,RC386274_14,55.82,26820.79,RC386274,183.46,0.0,61.52,P,SimuProB-3,EV_108
445.0,0.0,83.87,0.0,1,4.45,0,89.59,4.45,0.0,-2.6,185.0,EV_108,0.0,720,0.0,RC386274_14,55.86,26820.79,RC386274,183.46,0.0,61.56,P,SimuProB-3,EV_108
445.0,0.0,83.87,0.0,1,4.45,0,89.6,4.45,0.0,-5.1,185.0,EV_108,0.0,730,0.0,RC386274_14,55.91,26820.79,RC386274,183.46,0.0,61.61,P,SimuProB-3,EV_108
445.0,0.0,83.87,0.0,1,4.45,0,89.62,4.45,0.0,-0.6,185.0,EV_108,0.0,740,0.0,RC386274_14,55.96,26820.79,RC386274,183.46,0.0,61.66,P,SimuProB-3,EV_108
445.0,0.0,83.87,0.0,1,4.45,0,89.64,4.45,0.0,-1.7,185.0,EV_108,0.0,750,0.0,RC386274_14,56.01,26820.79,RC386274,183.46,0.0,61.71,P,SimuProB-3,EV_108
444.804,0.0,83.87,0.0,1,4.45,0,89.67,4.45,0.0,0.9,185.0,EV_108,0.0,760,0.0,RC386274_14,56.06,26820.79,RC386274,183.46,0.0,61.76,P,SimuProB-3,EV_108
444.814,0.0,83.87,0.0,1,4.45,0,89.7,4.45,0.0,-4.2,185.0,EV_108,0.0,770,0.0,RC386274_14,56.11,26820.79,RC386274,183.46,0.0,61.81,P,SimuProB-3,EV_108
445.0,0.0,83.87,0.0,1,4.45,0,89.74,4.45,0.0,-2.8,185.0,EV_108,0.0,780,0.0,RC386274_14,56.16,26820.79,RC386274,183.46,0.0,61.86,P,SimuProB-3,EV_108
444.739,0.0,83.87,0.0,1,4.45,0,89.76,4.45,0.0,-0.0,185.0,EV_108,0.0,790,0.0,RC386274_14,56.19,26820.79,RC386274,183.46,0.0,61.89,P,SimuProB-3,EV_108
445.0,0.0,83.87,0.0,0,4.45,0,89.76,4.45,0.0,1.9,185.0,EV_108,0.0,800,0.0,RC386274_14,56.2,26820.79,RC386274,183.46,0.0,61.9,P,SimuProB-3,EV_108
444.858,0.0,83.87,0.0,1,4.45,0,89.77,4.45,0.0,-1.9,185.0,EV_108,0.0,810,0.0,RC386274_14,56.2,26820.79,RC386274,183.46,0.0,61.9,P,SimuProB-3,EV_108
444.515,0.0,83.87,0.0,1,4.44,0,89.79,4.45,0.0,-3.3,185.0,EV_108,0.0,820,0.0,RC386274_14,56.21,26820.79,RC386274,183.46,0.0,61.91,P,SimuProB-3,EV_108
444.837,0.0,83.87,0.0,1,4.44,0,89.79,4.45,0.0,-3.8,185.0,EV_108,0.0,830,0.0,RC386274_14,56.23,26820.79,RC386274,183.46,0.0,61.93,P,SimuProB-3,EV_108
444.893,0.0,83.87,0.0,1,4.44,0,89.82,4.45,0.0,-3.0,185.0,EV_108,0.0,840,0.0,RC386274_14,56.25,26820.79,RC386274,183.46,0.0,61.95,P,SimuProB-3,EV_108
445.0,0.0,83.87,0.0,1,4.45,0,89.83,4.45,0.0,-5.4,185.0,EV_108,0.0,850,0.0,RC386274_14,56.26,26820.79,RC386274,183.46,0.0,61.96,P,SimuProB-3,EV_108
444.798,0.0,83.87,0.0,1,4.45,0,89.86,4.45,0.0,-0.4,185.0,EV_108,0.0,860,0.0,RC386274_14,56.27,26820.79,RC386274,183.46,0.0,61.97,P,SimuProB-3,EV_108
445.0,0.0,83.87,0.0,1,4.45,0,89.86,4.45,0.0,-3.4,185.0,EV_108,0.0,870,0.0,RC386274_14,56.28,26820.79,RC386274,183.46,0.0,61.98,P,SimuProB-3,EV_108
445.0,0.0,83.87,0.0,1,4.448,0,89.87,4.45,0.0,0.1,185.0,EV_108,0.0,880,0.0,RC386274_14,56.29,26820.79,RC386274,183.46,0.0,61.99,P,SimuProB-3,EV_108
445.0,0.0,83.87,0.0,1,4.449,0,89.89,4.45,0.0,-5.4,185.0,EV_108,0.0,890,0.0,RC386274_14,56.31,26820.79,RC386274,183.46,0.0,62.01,P,SimuProB-3,EV_108
445.0,0.0,83.87,0.0,1,4.45,0,89.9,4.45,0.0,0.1,185.0,EV_108,0.0,900,0.0,RC386274_14,56.33,26820.79,RC386274,183.46,0.0,62.03,P,SimuProB-3,EV_108
444.816,0.0,83.87,0.0,1,4.45,0,89.91,4.45,0.0,0.4,185.0,EV_108,0.0,910,0.0,RC386274_14,56.34,26820.79,RC386274,183.46,0.0,62.04,P,SimuProB-3,EV_108
444.634,0.0,83.87,0.0,1,4.45,0,89.92,4.45,0.0,-1.9,185.0,EV_108,0.0,920,0.0,RC386274_14,56.35,26820.79,RC386274,183.46,0.0,62.05,P,SimuProB-3,EV_108
445.0,0.0,83.87,0.0,1,4.45,0,89.92,4.45,0.0,2.6,185.0,EV_108,0.0,930,0.0,RC386274_14,56.36,26820.79,RC386274,183.46,0.0,62.06,P,SimuProB-3,EV_108
444.571,0.0,83.87,0.0,1,4.448,0,89.94,4.45,0.0,1.6,185.0,EV_108,0.0,940,0.0,RC386274_14,56.37,26820.79,RC386274,183.46,0.0,62.07,P,SimuProB-3,EV_108
445.0,0.0,83.87,0.0,1,4.45,0,89.94,4.45,0.0,0.2,185.0,EV_108,0.0,950,0.0,RC386274_14,56.38,26820.79,RC386274,183.46,0.0,62.08,P,SimuProB-3,EV_108
444.632,0.0,83.87,0.0,1,4.449,0,89.95,4.45,0.0,0.4,185.0,EV_108,0.0,960,0.0,RC386274_14,56.39,26820.79,RC386274,183.46,0.0,62.09,P,SimuProB-3,EV_108
445.0,0.0,83.87,0.0,1,4.448,0,89.97,4.45,0.0,-0.9,185.0,EV_108,0.0,970,0.0,RC386274_14,56.44,26820.79,RC386274,183.46,0.0,62.14,P,SimuProB-3,EV_108
445.0,0.0,83.87,0.0,1,4.45,0,89.97,4.45,0.0,2.6,185.0,EV_108,0.0,980,0.0,RC386274_14,56.49,26820.79,RC386274,183.46,0.0,62.19,P,SimuProB-3,EV_108
445.0,0.0,83.87,0.0,1,4.45,0,89.97,4.45,0.0,2.4,185.0,EV_108,0.0,990,0.0,RC386274_14,56.54,26820.79,RC386274,183.46,0.0,62.24,P,SimuProB-3,EV_108
445.0,0.0,83.87,0.0,1,4.45,0,89.98,4.45,0.0,-3.4,185.0,EV_108,0.0,1000,0.0,RC386274_14,56.58,26820.79,RC386274,183.46,0.0,62.28,P,SimuProB-3,EV_108
445.0,0.0,83.87,0.0,1,4.45,0,90.01,4.45,0.0,-2.8,185.0,EV_108,0.0,1010,0.0,RC386274_14,56.63,26820.79,RC386274,183.46,0.0,62.33,P,SimuProB-3,EV_108
445.0,0.0,83.87,0.0,1,4.45,0,90.01,4.45,0.0,-0.1,185.0,EV_108,0.0,1020,0.0,RC386274_14,56.67,26820.79,RC386274,183.46,0.0,62.37,P,SimuProB-3,EV_108
444.591,0.0,83.87,0.0,0,4.45,0,90.02,4.45,0.0,-1.6,185.0,EV_108,0.0,1030,0.0,RC386274_14,56.67,26820.79,RC386274,183.46,0.0,62.37,P,SimuProB-3,EV_108
445.0,0.0,83.87,0.0,1,4.45,0,90.03,4.45,0.0,0.0,185.0,EV_108,0.0,1040,0.0,RC386274_14,56.68,26820.79,RC386274,183.46,0.0,62.38,P,SimuProB-3,EV_108
444.816,0.0,83.87,0.0,1,4.45,0,90.04,4.45,0.0,-2.5,185.0,EV_108,0.0,1050,0.0,RC386274_14,56.69,26820.79,RC386274,183.46,0.0,62.39,P,SimuProB-3,EV_108
444.563,0.0,83.87,0.0,1,4.45,0,90.04,4.45,0.0,-1.2,185.0,EV_108,0.0,1060,0.0,RC386274_14,56.7,26820.79,RC386274,183.46,0.0,62.4,P,SimuProB-3,EV_108
444.445,0.0,83.87,0.0,1,4.45,0,90.06,4.45,0.0,-1.7,185.0,EV_108,0.0,1070,0.0,RC386274_14,56.71,26820.79,RC386274,183.46,0.0,62.41,P,SimuProB-3,EV_108
444.468,0.0,83.87,0.0,1,4.45,0,90.06,4.45,0.0,0.5,185.0,EV_108,0.0,1080,0.0,RC386274_14,56.72,26820.79,RC386274,183.46,0.0,62.42,P,SimuProB-3,EV_108
443.987,0.0,83.87,0.0,1,4.44,0,90.07,4.44,0.0,-1.5,185.0,EV_108,0.0,1090,0.0,RC386274_14,56.72,26820.79,RC386274,183.46,0.0,62.42,P,SimuProB-3,EV_108
444.418,0.0,83.87,0.0,1,4.44,0,90.07,4.45,0.0,-2.7,185.0,EV_108,0.0,1100,0.0,RC386274_14,56.73,26820.79,RC386274,183.46,0.0,62.43,P,SimuProB-3,EV_108
444.15,0.0,83.87,0.0,1,4.44,0,90.07,4.45,0.0,0.1,185.0,EV_108,0.0,1110,0.0,RC386274_14,56.74,26820.79,RC386274,183.46,0.0,62.44,P,SimuProB-3,EV_108
444.358,0.0,83.87,0.0,1,4.44,0,90.08,4.45,0.0,0.1,185.0,EV_108,0.0,1120,0.0,RC386274_14,56.75,26820.79,RC386274,183.46,0.0,62.45,P,SimuProB-3,EV_108
444.77,0.0,83.87,0.0,1,4.44,0,90.1,4.45,0.0,0.5,185.0,EV_108,0.0,1130,0.0,RC386274_14,56.76,26820.79,RC386274,183.46,0.0,62.46,P,SimuProB-3,EV_108
444.905,0.0,83.87,0.0,1,4.44,0,90.1,4.45,0.0,0.1,185.0,EV_108,0.0,1140,0.0,RC386274_14,56.77,26820.79,RC386274,183.46,0.0,62.47,P,SimuProB-3,EV_108
444.631,0.0,83.87,0.0,1,4.44,0,90.14,4.45,0.0,-3.5,185.0,EV_108,0.0,1150,0.0,RC386274_14,56.78,26820.79,RC386274,183.46,0.0,62.48,P,SimuProB-3,EV_108
444.668,0.0,83.87,0.0,1,4.44,0,90.17,4.45,0.0,-4.1,185.0,EV_108,0.0,1160,0.0,RC386274_14,56.8,26820.79,RC386274,183.46,0.0,62.5,P,SimuProB-3,EV_108
444.838,0.0,83.87,0.0,1,4.44,0,90.17,4.45,0.0,-0.2,185.0,EV_108,0.0,1170,0.0,RC386274_14,56.81,26820.79,RC386274,183.46,0.0,62.51,P,SimuProB-3,EV_108
444.564,0.0,83.87,0.0,1,4.44,0,90.18,4.45,0.0,2.1,185.0,EV_108,0.0,1180,0.0,RC386274_14,56.82,26820.79,RC386274,183.46,0.0,62.52,P,SimuProB-3,EV_108
445.0,0.0,83.87,0.0,1,4.44,0,90.18,4.45,0.0,-2.9,185.0,EV_108,0.0,1190,0.0,RC386274_14,56.83,26820.79,RC386274,183.46,0.0,62.53,P,SimuProB-3,EV_108
445.0,0.0,83.87,0.0,1,4.44,0,90.19,4.45,0.0,-2.1,185.0,EV_108,0.0,1200,0.0,RC386274_14,56.84,26820.79,RC386274,183.46,0.0,62.54,P,SimuProB-3,EV_108
445.0,0.0,83.87,0.0,1,4.44,0,90.21,4.45,0.0,-1.5,185.0,EV_108,0.0,1210,0.0,RC386274_14,56.86,26820.79,RC386274,183.46,0.0,62.56,P,SimuProB-3,EV_108
445.0,0.0,83.87,0.0,1,4.44,0,90.22,4.45,0.0,0.0,185.0,EV_108,0.0,1220,0.0,RC386274_14,56.88,26820.79,RC386274,183.46,0.0,62.58,P,SimuProB-3,EV_108
445.0,0.0,83.87,0.0,1,4.44,0,90.22,4.45,0.0,-1.1,185.0,EV_108,0.0,1230,0.0,RC386274_14,56.9,26820.79,RC386274,183.46,0.0,62.6,P,SimuProB-3,EV_108
445.0,0.0,83.87,0.0,1,4.44,0,90.23,4.45,0.0,-3.5,185.0,EV_108,0.0,1240,0.0,RC386274_14,56.91,26820.79,RC386274,183.46,0.0,62.61,P,SimuProB-3,EV_108
445.0,0.0,83.87,0.0,1,4.44,0,90.24,4.45,0.0,-3.3,185.0,EV_108,0.0,1250,0.0,RC386274_14,56.92,26820.79,RC386274,183.46,0.0,62.62,P,SimuProB-3,EV_108
445.0,0.0,83.87,0.0,1,4.44,0,90.25,4.45,0.0,2.0,185.0,EV_108,0.0,1260,0.0,RC386274_14,56.93,26820.79,RC386274,183.46,0.0,62.63,P,SimuProB-3,EV_108
444.738,0.0,83.87,0.0,1,4.44,0,90.25,4.45,0.0,0.4,185.0,EV_108,0.0,1270,0.0,RC386274_14,56.93,26820.79,RC386274,183.46,0.0,62.63,P,SimuProB-3,EV_108
445.0,0.0,83.87,0.0,1,4.44,0,90.25,4.45,0.0,-0.1,185.0,EV_108,0.0,0,0.0,RC386274_15,56.94,26820.79,RC386274,183.46,0.0,62.64,P,SimuProB-3,EV_108
445.0,0.0,83.87,0.0,1,4.44,0,90.28,4.45,0.0,-2.1,185.0,EV_108,0.0,10,0.0,RC386274_15,56.95,26820.79,RC386274,183.46,0.0,62.65,P,SimuProB-3,EV_108
444.849,0.0,83.87,0.0,1,4.44,0,90.28,4.45,0.0,-0.1,185.0,EV_108,0.0,20,0.0,RC386274_15,56.96,26820.79,RC386274,183.46,0.0,62.66,P,SimuProB-3,EV_108
444.729,0.0,83.87,0.0,1,4.441,0,90.29,4.45,0.0,0.1,185.0,EV_108,0.0,30,0.0,RC386274_15,56.97,26820.79,RC386274,183.46,0.0,62.67,P,SimuProB-3,EV_108
444.651,0.0,83.87,0.0,1,4.442,0,90.31,4.45,0.0,-0.6,185.0,EV_108,0.0,40,0.0,RC386274_15,56.975,26820.79,RC386274,183.46,0.0,62.675,P,SimuProB-3,EV_108
444.333,0.0,83.87,0.0,1,4.443,0,90.35,4.45,0.0,-3.7,185.0,EV_108,0.0,50,0.0,RC386274_15,56.98,26820.79,RC386274,183.46,0.0,62.68,P,SimuProB-3,EV_108
444.487,0.0,83.87,0.0,1,4.444,0,90.35,4.45,0.0,-1.2,185.0,EV_108,0.0,60,0.0,RC386274_15,56.99,26820.79,RC386274,183.46,0.0,62.69,P,SimuProB-3,EV_108
444.724,0.0,83.87,0.0,1,4.445,0,90.35,4.45,0.0,1.6,185.0,EV_108,0.0,70,0.0,RC386274_15,57.0,26820.79,RC386274,183.46,0.0,62.7,P,SimuProB-3,EV_108
444.929,0.0,83.87,0.0,1,4.445,0,90.36,4.45,0.0,-3.2,185.0,EV_108,0.0,80,0.0,RC386274_15,57.02,26820.79,RC386274,183.46,0.0,62.71,P,SimuProB-3,EV_108
445.0,0.0,83.87,0.0,1,4.446,0,90.37,4.45,0.0,-2.6,185.0,EV_108,0.0,90,0.0,RC386274_15,57.04,26820.79,RC386274,183.46,0.0,62.72,P,SimuProB-3,EV_108
444.698,0.0,83.87,0.0,1,4.447,0,90.37,4.45,0.0,-5.2,185.0,EV_108,0.0,100,0.0,RC386274_15,57.05,26820.79,RC386274,183.46,0.0,62.73,P,SimuProB-3,EV_108
445.0,0.0,83.87,0.0,1,4.448,0,90.39,4.45,0.0,-4.7,185.0,EV_108,0.0,110,0.0,RC386274_15,57.08,26820.79,RC386274,183.46,0.0,62.75,P,SimuProB-3,EV_108
444.856,0.0,83.87,0.0,1,4.449,0,90.39,4.45,0.0,-0.9,185.0,EV_108,0.0,120,0.0,RC386274_15,57.1,26820.79,RC386274,183.46,0.0,62.77,P,SimuProB-3,EV_108
445.0,0.0,83.87,0.0,1,4.45,0,90.39,4.45,0.0,-3.4,185.0,EV_108,0.0,130,0.0,RC386274_15,57.12,26820.79,RC386274,183.46,0.0,62.79,P,SimuProB-3,EV_108
445.0,0.0,83.87,0.0,1,4.45,0,90.4,4.45,0.0,-5.8,185.0,EV_108,0.0,140,0.0,RC386274_15,57.15,26820.79,RC386274,183.46,0.0,62.82,P,SimuProB-3,EV_108
445.0,0.0,83.87,0.0,1,4.45,0,90.41,4.45,0.0,-1.3,185.0,EV_108,0.0,150,0.0,RC386274_15,57.18,26820.79,RC386274,183.46,0.0,62.85,P,SimuProB-3,EV_108
445.0,0.0,83.87,0.0,1,4.45,0,90.43,4.45,0.0,-1.8,185.0,EV_108,0.0,160,0.0,RC386274_15,57.22,26820.79,RC386274,183.46,0.0,62.88,P,SimuProB-3,EV_108
444.95,0.0,83.87,0.0,1,4.45,0,90.45,4.45,0.0,0.9,185.0,EV_108,0.0,170,0.0,RC386274_15,57.25,26820.79,RC386274,183.46,0.0,62.91,P,SimuProB-3,EV_108
445.0,0.0,83.87,0.0,1,4.45,0,90.45,4.45,0.0,-0.7,185.0,EV_108,0.0,180,0.0,RC386274_15,57.28,26820.79,RC386274,183.46,0.0,62.94,P,SimuProB-3,EV_108
444.863,0.0,83.87,0.0,1,4.45,0,90.45,4.45,0.0,-2.2,185.0,EV_108,0.0,190,0.0,RC386274_15,57.31,26820.79,RC386274,183.46,0.0,62.97,P,SimuProB-3,EV_108
445.0,0.0,83.87,0.0,1,4.448,0,90.46,4.449,0.0,-5.5,185.0,EV_108,0.0,200,0.0,RC386274_15,57.34,26820.79,RC386274,183.46,0.0,63.0,P,SimuProB-3,EV_108
445.0,0.0,83.87,0.0,1,4.447,0,90.47,4.449,0.0,-0.9,185.0,EV_108,0.0,210,0.0,RC386274_15,57.37,26820.79,RC386274,183.46,0.0,63.03,P,SimuProB-3,EV_108
444.578,0.0,83.87,0.0,0,4.449,0,90.47,4.449,0.0,1.4,185.0,EV_108,0.0,220,0.0,RC386274_15,57.4,26820.79,RC386274,183.46,0.0,63.06,P,SimuProB-3,EV_108
444.885,0.0,83.87,0.0,1,4.446,0,90.48,4.448,0.0,0.1,185.0,EV_108,0.0,230,0.0,RC386274_15,57.42,26820.79,RC386274,183.46,0.0,63.08,P,SimuProB-3,EV_108
444.86,0.0,83.87,0.0,1,4.447,0,90.48,4.449,0.0,-0.8,185.0,EV_108,0.0,240,0.0,RC386274_15,57.45,26820.79,RC386274,183.46,0.0,63.11,P,SimuProB-3,EV_108
445.0,0.0,83.87,0.0,1,4.449,0,90.5,4.45,0.0,-1.1,185.0,EV_108,0.0,250,0.0,RC386274_15,57.48,26820.79,RC386274,183.46,0.0,63.14,P,SimuProB-3,EV_108
444.946,0.0,83.87,0.0,1,4.448,0,90.5,4.4495,0.0,-1.8,185.0,EV_108,0.0,260,0.0,RC386274_15,57.5,26820.79,RC386274,183.46,0.0,63.16,P,SimuProB-3,EV_108
445.0,0.0,83.87,0.0,1,4.4485,0,90.51,4.4498,0.0,-0.2,185.0,EV_108,0.0,270,0.0,RC386274_15,57.52,26820.79,RC386274,183.46,0.0,63.18,P,SimuProB-3,EV_108
444.66,0.0,83.87,0.0,1,4.4478,0,90.51,4.4492,0.0,-0.6,185.0,EV_108,0.0,280,0.0,RC386274_15,57.54,26820.79,RC386274,183.46,0.0,63.2,P,SimuProB-3,EV_108
444.965,0.0,83.87,0.0,1,4.4486,0,90.51,4.4492,0.0,0.2,185.0,EV_108,0.0,290,0.0,RC386274_15,57.55,26820.79,RC386274,183.46,0.0,63.21,P,SimuProB-3,EV_108
444.996,0.0,83.87,0.0,1,4.4494,0,90.53,4.45,0.0,1.7,185.0,EV_108,0.0,300,0.0,RC386274_15,57.56,26820.79,RC386274,183.46,0.0,63.22,P,SimuProB-3,EV_108
444.969,0.0,83.87,0.0,1,4.449,0,90.53,4.45,0.0,-0.7,185.0,EV_108,0.0,310,0.0,RC386274_15,57.57,26820.79,RC386274,183.46,0.0,63.23,P,SimuProB-3,EV_108
444.556,0.0,83.87,0.0,1,4.4492,0,90.55,4.4498,0.0,-2.6,185.0,EV_108,0.0,320,0.0,RC386274_15,57.58,26820.79,RC386274,183.46,0.0,63.24,P,SimuProB-3,EV_108
445.0,0.0,83.87,0.0,1,4.4495,0,90.55,4.45,0.0,1.7,185.0,EV_108,0.0,330,0.0,RC386274_15,57.59,26820.79,RC386274,183.46,0.0,63.25,P,SimuProB-3,EV_108
445.0,0.0,83.87,0.0,1,4.4498,0,90.55,4.45,0.0,1.3,185.0,EV_108,0.0,340,0.0,RC386274_15,57.6,26820.79,RC386274,183.46,0.0,63.26,P,SimuProB-3,EV_108
445.0,0.0,83.87,0.0,1,4.449,0,90.56,4.4495,0.0,-0.9,185.0,EV_108,0.0,350,0.0,RC386274_15,57.62,26820.79,RC386274,183.46,0.0,63.28,P,SimuProB-3,EV_108
444.5,0.0,83.87,0.0,1,4.4492,0,90.57,4.4497,0.0,0.4,185.0,EV_108,0.0,360,0.0,RC386274_15,57.64,26820.79,RC386274,183.46,0.0,63.3,P,SimuProB-3,EV_108
444.703,0.0,83.87,0.0,1,4.4491,0,90.59,4.4496,0.0,-2.2,185.0,EV_108,0.0,370,0.0,RC386274_15,57.66,26820.79,RC386274,183.46,0.0,63.32,P,SimuProB-3,EV_108
445.0,0.0,83.87,0.0,1,4.4493,0,90.63,4.4498,0.0,-0.1,185.0,EV_108,0.0,380,0.0,RC386274_15,57.68,26820.79,RC386274,183.46,0.0,63.34,P,SimuProB-3,EV_108
445.0,0.0,83.87,0.0,1,4.4495,0,90.63,4.45,0.0,-1.2,185.0,EV_108,0.0,390,0.0,RC386274_15,57.7,26820.79,RC386274,183.46,0.0,63.36,P,SimuProB-3,EV_108
445.0,0.0,83.87,0.0,1,4.4498,0,90.64,4.45,0.0,-2.6,185.0,EV_108,0.0,400,0.0,RC386274_15,57.72,26820.79,RC386274,183.46,0.0,63.38,P,SimuProB-3,EV_108
445.0,0.0,83.87,0.0,1,4.45,0,90.66,4.45,0.0,0.3,185.0,EV_108,0.0,410,0.0,RC386274_15,57.74,26820.79,RC386274,183.46,0.0,63.4,P,SimuProB-3,EV_108
445.0,0.0,83.87,0.0,1,4.45,0,90.66,4.45,0.0,-1.8,185.0,EV_108,0.0,420,0.0,RC386274_15,57.76,26820.79,RC386274,183.46,0.0,63.42,P,SimuProB-3,EV_108
445.0,0.0,83.87,0.0,1,4.45,0,90.69,4.45,0.0,0.5,185.0,EV_108,0.0,430,0.0,RC386274_15,57.78,26820.79,RC386274,183.46,0.0,63.44,P,SimuProB-3,EV_108
445.0,0.0,83.87,0.0,1,4.45,0,90.69,4.45,0.0,1.8,185.0,EV_108,0.0,440,0.0,RC386274_15,57.8,26820.79,RC386274,183.46,0.0,63.46,P,SimuProB-3,EV_108
445.0,0.0,83.87,0.0,1,4.45,0,90.69,4.45,0.0,-0.4,185.0,EV_108,0.0,450,0.0,RC386274_15,57.82,26820.79,RC386274,183.46,0.0,63.48,P,SimuProB-3,EV_108
445.0,0.0,83.87,0.0,1,4.45,0,90.71,4.45,0.0,-1.7,185.0,EV_108,0.0,460,0.0,RC386274_15,57.84,26820.79,RC386274,183.46,0.0,63.5,P,SimuProB-3,EV_108
445.0,0.0,83.87,0.0,1,4.45,0,90.73,4.45,0.0,-2.2,185.0,EV_108,0.0,470,0.0,RC386274_15,57.86,26820.79,RC386274,183.46,0.0,63.52,P,SimuProB-3,EV_108
445.0,0.0,83.87,0.0,1,4.45,0,90.73,4.45,0.0,-1.3,185.0,EV_108,0.0,480,0.0,RC386274_15,57.88,26820.79,RC386274,183.46,0.0,63.54,P,SimuProB-3,EV_108
444.914,0.0,83.87,0.0,1,4.45,0,90.73,4.45,0.0,-2.5,185.0,EV_108,0.0,490,0.0,RC386274_15,57.9,26820.79,RC386274,183.46,0.0,63.56,P,SimuProB-3,EV_108
445.0,0.0,83.87,0.0,1,4.44,0,90.75,4.45,0.0,-5.7,185.0,EV_108,0.0,500,0.0,RC386274_15,57.92,26820.79,RC386274,183.46,0.0,63.58,P,SimuProB-3,EV_108
444.395,0.0,83.87,0.0,1,4.43,0,90.77,4.44,0.0,0.5,185.0,EV_108,0.0,510,0.0,RC386274_15,57.94,26820.79,RC386274,183.46,0.0,63.6,P,SimuProB-3,EV_108
444.123,0.0,83.87,0.0,1,4.43,0,90.78,4.44,0.0,-1.6,185.0,EV_108,0.0,520,0.0,RC386274_15,57.96,26820.79,RC386274,183.46,0.0,63.62,P,SimuProB-3,EV_108
444.061,0.0,83.87,0.0,1,4.43,0,90.79,4.44,0.0,0.2,185.0,EV_108,0.0,530,0.0,RC386274_15,57.98,26820.79,RC386274,183.46,0.0,63.63,P,SimuProB-3,EV_108
444.443,0.0,83.87,0.0,1,4.43,0,90.81,4.44,0.0,-3.4,185.0,EV_108,0.0,540,0.0,RC386274_15,57.99,26820.79,RC386274,183.46,0.0,63.64,P,SimuProB-3,EV_108
444.602,0.0,83.87,0.0,1,4.43,0,90.81,4.44,0.0,2.5,185.0,EV_108,0.0,550,0.0,RC386274_15,58.01,26820.79,RC386274,183.46,0.0,63.65,P,SimuProB-3,EV_108
444.81,0.0,83.87,0.0,1,4.43,0,90.83,4.44,0.0,-2.5,185.0,EV_108,0.0,560,0.0,RC386274_15,58.02,26820.79,RC386274,183.46,0.0,63.66,P,SimuProB-3,EV_108
445.0,0.0,83.87,0.0,1,4.43,0,90.83,4.45,0.0,-3.8,185.0,EV_108,0.0,570,0.0,RC386274_15,58.04,26820.79,RC386274,183.46,0.0,63.68,P,SimuProB-3,EV_108
444.905,0.0,83.87,0.0,1,4.43,0,90.86,4.45,0.0,-1.5,185.0,EV_108,0.0,580,0.0,RC386274_15,58.06,26820.79,RC386274,183.46,0.0,63.7,P,SimuProB-3,EV_108
445.0,0.0,83.87,0.0,1,4.44,0,90.89,4.45,0.0,0.1,185.0,EV_108,0.0,590,0.0,RC386274_15,58.08,26820.79,RC386274,183.46,0.0,63.72,P,SimuProB-3,EV_108
445.0,0.0,83.87,0.0,1,4.45,0,90.91,4.45,0.0,-1.6,185.0,EV_108,0.0,600,0.0,RC386274_15,58.1,26820.79,RC386274,183.46,0.0,63.74,P,SimuProB-3,EV_108
445.0,0.0,83.87,0.0,1,4.45,0,90.94,4.45,0.0,-0.1,185.0,EV_108,0.0,610,0.0,RC386274_15,58.12,26820.79,RC386274,183.46,0.0,63.76,P,SimuProB-3,EV_108
445.0,0.0,83.87,0.0,1,4.448,0,90.96,4.45,0.0,-2.9,185.0,EV_108,0.0,620,0.0,RC386274_15,58.14,26820.79,RC386274,183.46,0.0,63.78,P,SimuProB-3,EV_108
444.857,0.0,83.87,0.0,1,4.449,0,90.99,4.45,0.0,1.7,185.0,EV_108,0.0,630,0.0,RC386274_15,58.16,26820.79,RC386274,183.46,0.0,63.8,P,SimuProB-3,EV_108
444.962,0.0,83.87,0.0,1,4.45,0,91.0,4.45,0.0,2.7,185.0,EV_108,0.0,640,0.0,RC386274_15,58.18,26820.79,RC386274,183.46,0.0,63.82,P,SimuProB-3,EV_108
445.0,0.0,83.87,0.0,1,4.449,0,91.02,4.45,0.0,-4.6,185.0,EV_108,0.0,650,0.0,RC386274_15,58.22,26820.79,RC386274,183.46,0.0,63.85,P,SimuProB-3,EV_108
445.0,0.0,83.87,0.0,1,4.45,0,91.04,4.45,0.0,-1.7,185.0,EV_108,0.0,660,0.0,RC386274_15,58.25,26820.79,RC386274,183.46,0.0,63.88,P,SimuProB-3,EV_108
444.845,0.0,83.87,0.0,1,4.45,0,91.07,4.45,0.0,0.3,185.0,EV_108,0.0,670,0.0,RC386274_15,58.28,26820.79,RC386274,183.46,0.0,63.92,P,SimuProB-3,EV_108
444.853,0.0,83.87,0.0,1,4.4495,0,91.09,4.45,0.0,-1.0,185.0,EV_108,0.0,680,0.0,RC386274_15,58.3,26820.79,RC386274,183.46,0.0,63.95,P,SimuProB-3,EV_108
445.0,0.0,83.87,0.0,1,4.45,0,91.09,4.45,0.0,-1.4,185.0,EV_108,0.0,690,0.0,RC386274_15,58.33,26820.79,RC386274,183.46,0.0,63.98,P,SimuProB-3,EV_108
445.0,0.0,83.87,0.0,1,4.45,0,91.09,4.45,0.0,-2.2,185.0,EV_108,0.0,700,0.0,RC386274_15,58.35,26820.79,RC386274,183.46,0.0,64.0,P,SimuProB-3,EV_108
444.843,0.0,83.87,0.0,1,4.4498,0,91.1,4.45,0.0,-5.7,185.0,EV_108,0.0,710,0.0,RC386274_15,58.36,26820.79,RC386274,183.46,0.0,64.02,P,SimuProB-3,EV_108
444.866,0.0,83.87,0.0,1,4.4497,0,91.1,4.45,0.0,-3.6,185.0,EV_108,0.0,720,0.0,RC386274_15,58.37,26820.79,RC386274,183.46,0.0,64.04,P,SimuProB-3,EV_108
445.0,0.0,83.87,0.0,1,4.4496,0,91.11,4.45,0.0,-1.7,185.0,EV_108,0.0,730,0.0,RC386274_15,58.38,26820.79,RC386274,183.46,0.0,64.06,P,SimuProB-3,EV_108
445.0,0.0,83.87,0.0,1,4.449,0,91.13,4.45,0.0,-1.0,185.0,EV_108,0.0,740,0.0,RC386274_15,58.4,26820.79,RC386274,183.46,0.0,64.08,P,SimuProB-3,EV_108
445.0,0.0,83.87,0.0,1,4.45,0,91.13,4.45,0.0,-1.2,185.0,EV_108,0.0,750,0.0,RC386274_15,58.42,26820.79,RC386274,183.46,0.0,64.1,P,SimuProB-3,EV_108
445.0,0.0,83.87,0.0,1,4.45,0,91.13,4.45,0.0,0.3,185.0,EV_108,0.0,760,0.0,RC386274_15,58.44,26820.79,RC386274,183.46,0.0,64.12,P,SimuProB-3,EV_108
445.0,0.0,83.87,0.0,1,4.45,0,91.15,4.45,0.0,-4.3,185.0,EV_108,0.0,770,0.0,RC386274_15,58.45,26820.79,RC386274,183.46,0.0,64.13,P,SimuProB-3,EV_108
445.0,0.0,83.87,0.0,1,4.45,0,91.15,4.45,0.0,-0.7,185.0,EV_108,0.0,780,0.0,RC386274_15,58.46,26820.79,RC386274,183.46,0.0,64.14,P,SimuProB-3,EV_108
445.0,0.0,83.87,0.0,1,4.45,0,91.15,4.45,0.0,-2.8,185.0,EV_108,0.0,790,0.0,RC386274_15,58.47,26820.79,RC386274,183.46,0.0,64.15,P,SimuProB-3,EV_108
444.73,0.0,83.87,0.0,1,4.448,0,91.16,4.449,0.0,0.1,185.0,EV_108,0.0,800,0.0,RC386274_15,58.47,26820.79,RC386274,183.46,0.0,64.15,P,SimuProB-3,EV_108
444.81,0.0,83.87,0.0,1,4.45,0,91.16,4.45,0.0,1.6,185.0,EV_108,0.0,810,0.0,RC386274_15,58.48,26820.79,RC386274,183.46,0.0,64.16,P,SimuProB-3,EV_108
445.0,0.0,83.87,0.0,1,4.449,0,91.16,4.45,0.0,1.7,185.0,EV_108,0.0,820,0.0,RC386274_15,58.49,26820.79,RC386274,183.46,0.0,64.17,P,SimuProB-3,EV_108
445.0,0.0,83.87,0.0,1,4.45,0,91.16,4.45,0.0,-1.2,185.0,EV_108,0.0,830,0.0,RC386274_15,58.5,26820.79,RC386274,183.46,0.0,64.18,P,SimuProB-3,EV_108
445.0,0.0,83.87,0.0,1,4.45,0,91.16,4.45,0.0,1.2,185.0,EV_108,0.0,840,0.0,RC386274_15,58.51,26820.79,RC386274,183.46,0.0,64.19,P,SimuProB-3,EV_108
445.0,0.0,83.87,0.0,1,4.45,0,91.17,4.45,0.0,-0.2,185.0,EV_108,0.0,850,0.0,RC386274_15,58.52,26820.79,RC386274,183.46,0.0,64.2,P,SimuProB-3,EV_108
445.0,0.0,83.87,0.0,1,4.45,0,91.19,4.45,0.0,-3.0,185.0,EV_108,0.0,860,0.0,RC386274_15,58.53,26820.79,RC386274,183.46,0.0,64.21,P,SimuProB-3,EV_108
445.0,0.0,83.87,0.0,1,4.45,0,91.19,4.45,0.0,-0.5,185.0,EV_108,0.0,870,0.0,RC386274_15,58.54,26820.79,RC386274,183.46,0.0,64.22,P,SimuProB-3,EV_108
444.961,0.0,83.87,0.0,1,4.45,0,91.19,4.45,0.0,1.8,185.0,EV_108,0.0,880,0.0,RC386274_15,58.55,26820.79,RC386274,183.46,0.0,64.23,P,SimuProB-3,EV_108
444.865,0.0,83.87,0.0,1,4.44,0,91.21,4.44,0.0,-3.7,185.0,EV_108,0.0,890,0.0,RC386274_15,58.56,26820.79,RC386274,183.46,0.0,64.24,P,SimuProB-3,EV_108
444.714,0.0,83.87,0.0,1,4.44,0,91.21,4.44,0.0,-0.9,185.0,EV_108,0.0,900,0.0,RC386274_15,58.57,26820.79,RC386274,183.46,0.0,64.25,P,SimuProB-3,EV_108
444.954,0.0,83.87,0.0,1,4.44,0,91.21,4.44,0.0,-1.6,185.0,EV_108,0.0,910,0.0,RC386274_15,58.58,26820.79,RC386274,183.46,0.0,64.26,P,SimuProB-3,EV_108
445.0,0.0,83.87,0.0,1,4.44,0,91.21,4.45,0.0,0.6,185.0,EV_108,0.0,920,0.0,RC386274_15,58.59,26820.79,RC386274,183.46,0.0,64.28,P,SimuProB-3,EV_108
445.0,0.0,83.87,0.0,1,4.44,0,91.21,4.45,0.0,-3.9,185.0,EV_108,0.0,930,0.0,RC386274_15,58.61,26820.79,RC386274,183.46,0.0,64.3,P,SimuProB-3,EV_108
445.0,0.0,83.87,0.0,1,4.44,0,91.23,4.45,0.0,-3.7,185.0,EV_108,0.0,940,0.0,RC386274_15,58.63,26820.79,RC386274,183.46,0.0,64.32,P,SimuProB-3,EV_108
445.0,0.0,83.87,0.0,1,4.44,0,91.25,4.45,0.0,-4.9,185.0,EV_108,0.0,950,0.0,RC386274_15,58.65,26820.79,RC386274,183.46,0.0,64.35,P,SimuProB-3,EV_108
445.0,0.0,83.87,0.0,1,4.44,0,91.26,4.45,0.0,-1.6,185.0,EV_108,0.0,960,0.0,RC386274_15,58.67,26820.79,RC386274,183.46,0.0,64.38,P,SimuProB-3,EV_108
445.0,0.0,83.87,0.0,1,4.44,0,91.28,4.45,0.0,-2.1,185.0,EV_108,0.0,970,0.0,RC386274_15,58.69,26820.79,RC386274,183.46,0.0,64.4,P,SimuProB-3,EV_108
445.0,0.0,83.87,0.0,1,4.441,0,91.29,4.45,0.0,-0.8,185.0,EV_108,0.0,980,0.0,RC386274_15,58.7,26820.79,RC386274,183.46,0.0,64.41,P,SimuProB-3,EV_108
445.0,0.0,83.87,0.0,1,4.442,0,91.3,4.45,0.0,-1.5,185.0,EV_108,0.0,990,0.0,RC386274_15,58.71,26820.79,RC386274,183.46,0.0,64.42,P,SimuProB-3,EV_108
445.0,0.0,83.87,0.0,1,4.443,0,91.3,4.45,0.0,-2.4,185.0,EV_108,0.0,1000,0.0,RC386274_15,58.72,26820.79,RC386274,183.46,0.0,64.43,P,SimuProB-3,EV_108
445.0,0.0,83.87,0.0,1,4.443,0,91.3,4.45,0.0,-0.5,185.0,EV_108,0.0,1010,0.0,RC386274_15,58.73,26820.79,RC386274,183.46,0.0,64.44,P,SimuProB-3,EV_108
445.0,0.0,83.87,0.0,1,4.444,0,91.32,4.45,0.0,-0.6,185.0,EV_108,0.0,1020,0.0,RC386274_15,58.74,26820.79,RC386274,183.46,0.0,64.45,P,SimuProB-3,EV_108
445.0,0.0,83.87,0.0,1,4.442,0,91.32,4.45,0.0,-1.4,185.0,EV_108,0.0,1030,0.0,RC386274_15,58.72,26820.79,RC386274,183.46,0.0,64.43,P,SimuProB-3,EV_108
445.0,0.0,83.87,0.0,1,4.442,0,91.34,4.45,0.0,-0.9,185.0,EV_108,0.0,1040,0.0,RC386274_15,58.75,26820.79,RC386274,183.46,0.0,64.46,P,SimuProB-3,EV_108
445.0,0.0,83.87,0.0,1,4.443,0,91.34,4.45,0.0,2.1,185.0,EV_108,0.0,1050,0.0,RC386274_15,58.75,26820.79,RC386274,183.46,0.0,64.46,P,SimuProB-3,EV_108
445.0,0.0,83.87,0.0,1,4.442,0,91.34,4.45,0.0,1.8,185.0,EV_108,0.0,1060,0.0,RC386274_15,58.76,26820.79,RC386274,183.46,0.0,64.47,P,SimuProB-3,EV_108
445.0,0.0,83.87,0.0,1,4.445,0,91.35,4.45,0.0,-2.3,185.0,EV_108,0.0,1070,0.0,RC386274_15,58.82,26820.79,RC386274,183.46,0.0,64.52,P,SimuProB-3,EV_108
445.0,0.0,83.87,0.0,1,4.444,0,91.35,4.45,0.0,1.6,185.0,EV_108,0.0,1080,0.0,RC386274_15,58.88,26820.79,RC386274,183.46,0.0,64.58,P,SimuProB-3,EV_108
445.0,0.0,83.87,0.0,1,4.445,0,91.35,4.45,0.0,2.2,185.0,EV_108,0.0,1090,0.0,RC386274_15,58.91,26820.79,RC386274,183.46,0.0,64.61,P,SimuProB-3,EV_108
445.0,0.0,83.87,0.0,1,4.444,0,91.35,4.45,0.0,-3.1,185.0,EV_108,0.0,1100,0.0,RC386274_15,58.83,26820.79,RC386274,183.46,0.0,64.53,P,SimuProB-3,EV_108
445.0,0.0,83.87,0.0,1,4.446,0,91.37,4.45,0.0,0.1,185.0,EV_108,0.0,1110,0.0,RC386274_15,58.84,26820.79,RC386274,183.46,0.0,64.54,P,SimuProB-3,EV_108
445.0,0.0,83.87,0.0,1,4.448,0,91.37,4.45,0.0,-4.3,185.0,EV_108,0.0,1120,0.0,RC386274_15,58.85,26820.79,RC386274,183.46,0.0,64.55,P,SimuProB-3,EV_108
445.0,0.0,83.87,0.0,1,4.445,0,91.38,4.45,0.0,-1.7,185.0,EV_108,0.0,1130,0.0,RC386274_15,58.89,26820.79,RC386274,183.46,0.0,64.58,P,SimuProB-3,EV_108
445.0,0.0,83.87,0.0,1,4.446,0,91.39,4.45,0.0,-5.5,185.0,EV_108,0.0,1140,0.0,RC386274_15,58.93,26820.79,RC386274,183.46,0.0,64.62,P,SimuProB-3,EV_108
445.0,0.0,83.87,0.0,1,4.447,0,91.39,4.45,0.0,-1.3,185.0,EV_108,0.0,1150,0.0,RC386274_15,58.96,26820.79,RC386274,183.46,0.0,64.64,P,SimuProB-3,EV_108
445.0,0.0,83.87,0.0,1,4.446,0,91.4,4.45,0.0,-1.6,185.0,EV_108,0.0,1160,0.0,RC386274_15,58.98,26820.79,RC386274,183.46,0.0,64.66,P,SimuProB-3,EV_108
444.816,0.0,83.87,0.0,1,4.447,0,91.42,4.45,0.0,-3.1,185.0,EV_108,0.0,1170,0.0,RC386274_15,59.01,26820.79,RC386274,183.46,0.0,64.69,P,SimuProB-3,EV_108
444.668,0.0,83.87,0.0,1,4.445,0,91.42,4.45,0.0,1.4,185.0,EV_108,0.0,1180,0.0,RC386274_15,59.04,26820.79,RC386274,183.46,0.0,64.71,P,SimuProB-3,EV_108
444.885,0.0,83.87,0.0,1,4.444,0,91.43,4.448,0.0,-2.6,185.0,EV_108,0.0,1190,0.0,RC386274_15,59.06,26820.79,RC386274,183.46,0.0,64.73,P,SimuProB-3,EV_108
443.942,0.0,83.87,0.0,1,4.443,0,91.43,4.447,0.0,-2.5,185.0,EV_108,0.0,1200,0.0,RC386274_15,59.08,26820.79,RC386274,183.46,0.0,64.75,P,SimuProB-3,EV_108
444.707,0.0,83.87,0.0,1,4.442,0,91.44,4.446,0.0,1.1,185.0,EV_108,0.0,1210,0.0,RC386274_15,59.1,26820.79,RC386274,183.46,0.0,64.77,P,SimuProB-3,EV_108
444.993,0.0,83.87,0.0,1,4.441,0,91.45,4.445,0.0,-5.0,185.0,EV_108,0.0,1220,0.0,RC386274_15,59.12,26820.79,RC386274,183.46,0.0,64.78,P,SimuProB-3,EV_108
444.84,0.0,83.87,0.0,1,4.442,0,91.45,4.446,0.0,-1.8,185.0,EV_108,0.0,1230,0.0,RC386274_15,59.13,26820.79,RC386274,183.46,0.0,64.79,P,SimuProB-3,EV_108
444.38,0.0,83.87,0.0,1,4.442,0,91.47,4.446,0.0,-4.3,185.0,EV_108,0.0,1240,0.0,RC386274_15,59.14,26820.79,RC386274,183.46,0.0,64.8,P,SimuProB-3,EV_108
444.016,0.0,83.87,0.0,1,4.442,0,91.48,4.446,0.0,-3.7,185.0,EV_108,0.0,1250,0.0,RC386274_15,59.16,26820.79,RC386274,183.46,0.0,64.82,P,SimuProB-3,EV_108
444.721,0.0,83.87,0.0,1,4.443,0,91.52,4.447,0.0,-1.8,185.0,EV_108,0.0,1260,0.0,RC386274_15,59.18,26820.79,RC386274,183.46,0.0,64.84,P,SimuProB-3,EV_108
444.467,0.0,83.87,0.0,1,4.443,0,91.52,4.447,0.0,-2.6,185.0,EV_108,0.0,1270,0.0,RC386274_15,59.19,26820.79,RC386274,183.46,0.0,64.85,P,SimuProB-3,EV_108
445.0,0.0,83.87,0.0,1,4.445,0,91.55,4.449,0.0,-3.6,185.0,EV_108,0.0,0,0.0,RC386274_16,59.2,26820.79,RC386274,183.46,0.0,64.86,P,SimuProB-3,EV_108
445.0,0.0,83.87,0.0,1,4.448,0,91.55,4.45,0.0,-1.4,185.0,EV_108,0.0,10,0.0,RC386274_16,59.21,26820.79,RC386274,183.46,0.0,64.87,P,SimuProB-3,EV_108
445.0,0.0,83.87,0.0,1,4.45,0,91.55,4.45,0.0,-0.5,185.0,EV_108,0.0,20,0.0,RC386274_16,59.22,26820.79,RC386274,183.46,0.0,64.88,P,SimuProB-3,EV_108
444.976,0.0,83.87,0.0,1,4.449,0,91.56,4.45,0.0,1.8,185.0,EV_108,0.0,30,0.0,RC386274_16,59.23,26820.79,RC386274,183.46,0.0,64.89,P,SimuProB-3,EV_108
445.0,0.0,83.87,0.0,1,4.45,0,91.57,4.45,0.0,0.2,185.0,EV_108,0.0,40,0.0,RC386274_16,59.24,26820.79,RC386274,183.46,0.0,64.9,P,SimuProB-3,EV_108
445.0,0.0,83.87,0.0,1,4.45,0,91.57,4.45,0.0,-2.7,185.0,EV_108,0.0,50,0.0,RC386274_16,59.25,26820.79,RC386274,183.46,0.0,64.91,P,SimuProB-3,EV_108
445.0,0.0,83.87,0.0,1,4.448,0,91.57,4.45,0.0,1.2,185.0,EV_108,0.0,60,0.0,RC386274_16,59.26,26820.79,RC386274,183.46,0.0,64.92,P,SimuProB-3,EV_108
444.945,0.0,83.87,0.0,1,4.449,0,91.58,4.45,0.0,2.0,185.0,EV_108,0.0,70,0.0,RC386274_16,59.27,26820.79,RC386274,183.46,0.0,64.93,P,SimuProB-3,EV_108
445.0,0.0,83.87,0.0,1,4.45,0,91.6,4.45,0.0,-3.0,185.0,EV_108,0.0,80,0.0,RC386274_16,59.28,26820.79,RC386274,183.46,0.0,64.94,P,SimuProB-3,EV_108
444.905,0.0,83.87,0.0,1,4.45,0,91.6,4.45,0.0,-0.3,185.0,EV_108,0.0,90,0.0,RC386274_16,59.28,26820.79,RC386274,183.46,0.0,64.94,P,SimuProB-3,EV_108
444.949,0.0,83.87,0.0,1,4.45,0,91.61,4.45,0.0,-5.4,185.0,EV_108,0.0,100,0.0,RC386274_16,59.29,26820.79,RC386274,183.46,0.0,64.95,P,SimuProB-3,EV_108
444.644,0.0,83.87,0.0,1,4.45,0,91.61,4.45,0.0,-0.5,185.0,EV_108,0.0,110,0.0,RC386274_16,59.3,26820.79,RC386274,183.46,0.0,64.96,P,SimuProB-3,EV_108
445.0,0.0,83.87,0.0,1,4.45,0,91.63,4.45,0.0,0.5,185.0,EV_108,0.0,120,0.0,RC386274_16,59.305,26820.79,RC386274,183.46,0.0,64.965,P,SimuProB-3,EV_108
445.0,0.0,83.87,0.0,1,4.45,0,91.63,4.45,0.0,0.9,185.0,EV_108,0.0,130,0.0,RC386274_16,59.31,26820.79,RC386274,183.46,0.0,64.97,P,SimuProB-3,EV_108
445.0,0.0,83.87,0.0,1,4.45,0,91.63,4.45,0.0,1.8,185.0,EV_108,0.0,140,0.0,RC386274_16,59.315,26820.79,RC386274,183.46,0.0,64.975,P,SimuProB-3,EV_108
445.0,0.0,83.87,0.0,1,4.449,0,91.64,4.45,0.0,-3.2,185.0,EV_108,0.0,150,0.0,RC386274_16,59.32,26820.79,RC386274,183.46,0.0,64.98,P,SimuProB-3,EV_108
445.0,0.0,83.87,0.0,1,4.45,0,91.64,4.45,0.0,-1.1,185.0,EV_108,0.0,160,0.0,RC386274_16,59.325,26820.79,RC386274,183.46,0.0,64.985,P,SimuProB-3,EV_108
445.0,0.0,83.87,0.0,1,4.45,0,91.64,4.45,0.0,2.4,185.0,EV_108,0.0,170,0.0,RC386274_16,59.33,26820.79,RC386274,183.46,0.0,64.99,P,SimuProB-3,EV_108
445.0,0.0,83.87,0.0,1,4.45,0,91.65,4.45,0.0,-2.9,185.0,EV_108,0.0,180,0.0,RC386274_16,59.33,26820.79,RC386274,183.46,0.0,64.99,P,SimuProB-3,EV_108
445.0,0.0,83.87,0.0,1,4.45,0,91.66,4.45,0.0,-3.9,185.0,EV_108,0.0,190,0.0,RC386274_16,59.34,26820.79,RC386274,183.46,0.0,65.0,P,SimuProB-3,EV_108
445.0,0.0,83.87,0.0,1,4.45,0,91.69,4.45,0.0,-2.9,185.0,EV_108,0.0,200,0.0,RC386274_16,59.35,26820.79,RC386274,183.46,0.0,65.0,P,SimuProB-3,EV_108
445.0,0.0,83.87,0.0,1,4.44,0,91.7,4.45,0.0,-6.0,185.0,EV_108,0.0,210,0.0,RC386274_16,59.38,26820.79,RC386274,183.46,0.0,65.0,P,SimuProB-3,EV_108
444.818,0.0,83.87,0.0,1,4.45,0,91.72,4.45,0.0,-4.3,185.0,EV_108,0.0,220,0.0,RC386274_16,59.42,26820.79,RC386274,183.46,0.0,65.0,P,SimuProB-3,EV_108
445.0,0.0,83.87,0.0,1,4.45,0,91.75,4.45,0.0,-1.6,185.0,EV_108,0.0,230,0.0,RC386274_16,59.45,26820.79,RC386274,183.46,0.0,65.0,P,SimuProB-3,EV_108
444.687,0.0,83.87,0.0,1,4.45,0,91.76,4.45,0.0,-0.8,185.0,EV_108,0.0,240,0.0,RC386274_16,59.46,26820.79,RC386274,183.46,0.0,65.0,P,SimuProB-3,EV_108
445.0,0.0,83.87,0.0,1,4.45,0,91.76,4.45,0.0,-4.1,185.0,EV_108,0.0,250,0.0,RC386274_16,59.47,26820.79,RC386274,183.46,0.0,65.0,P,SimuProB-3,EV_108
445.0,0.0,83.87,0.0,1,4.45,0,91.77,4.45,0.0,-2.3,185.0,EV_108,0.0,260,0.0,RC386274_16,59.48,26820.79,RC386274,183.46,0.0,65.0,P,SimuProB-3,EV_108
445.0,0.0,83.87,0.0,1,4.448,0,91.78,4.45,0.0,-6.5,185.0,EV_108,0.0,270,0.0,RC386274_16,59.5,26820.79,RC386274,183.46,0.0,65.0,P,SimuProB-3,EV_108
445.0,0.0,83.87,0.0,1,4.45,0,91.78,4.45,0.0,-1.1,185.0,EV_108,0.0,280,0.0,RC386274_16,59.53,26820.79,RC386274,183.46,0.0,65.0,P,SimuProB-3,EV_108
445.0,0.0,83.87,0.0,1,4.45,0,91.79,4.45,0.0,-0.6,185.0,EV_108,0.0,290,0.0,RC386274_16,59.56,26820.79,RC386274,183.46,0.0,65.0,P,SimuProB-3,EV_108
445.0,0.0,83.87,0.0,1,4.449,0,91.81,4.45,0.0,-0.7,185.0,EV_108,0.0,300,0.0,RC386274_16,59.57,26820.79,RC386274,183.46,0.0,65.0,P,SimuProB-3,EV_108
445.0,0.0,83.87,0.0,1,4.45,0,91.81,4.45,0.0,-0.6,185.0,EV_108,0.0,310,0.0,RC386274_16,59.58,26820.79,RC386274,183.46,0.0,65.0,P,SimuProB-3,EV_108
445.0,0.0,83.87,0.0,1,4.448,0,91.82,4.45,0.0,-3.8,185.0,EV_108,0.0,320,0.0,RC386274_16,59.59,26820.79,RC386274,183.46,0.0,65.0,P,SimuProB-3,EV_108
445.0,0.0,83.87,0.0,1,4.449,0,91.82,4.45,0.0,-2.0,185.0,EV_108,0.0,330,0.0,RC386274_16,59.59,26820.79,RC386274,183.46,0.0,65.0,P,SimuProB-3,EV_108
445.0,0.0,83.87,0.0,1,4.45,0,91.82,4.45,0.0,0.4,185.0,EV_108,0.0,340,0.0,RC386274_16,59.6,26820.79,RC386274,183.46,0.0,65.0,P,SimuProB-3,EV_108
445.0,0.0,83.87,0.0,1,4.45,0,91.82,4.45,0.0,0.1,185.0,EV_108,0.0,350,0.0,RC386274_16,59.61,26820.79,RC386274,183.46,0.0,65.0,P,SimuProB-3,EV_108
445.0,0.0,83.87,0.0,1,4.449,0,91.83,4.45,0.0,-0.9,185.0,EV_108,0.0,360,0.0,RC386274_16,59.63,26820.79,RC386274,183.46,0.0,65.0,P,SimuProB-3,EV_108
445.0,0.0,83.87,0.0,1,4.45,0,91.84,4.45,0.0,-4.7,185.0,EV_108,0.0,370,0.0,RC386274_16,59.64,26820.79,RC386274,183.46,0.0,65.0,P,SimuProB-3,EV_108
445.0,0.0,83.87,0.0,1,4.45,0,91.85,4.45,0.0,-1.6,185.0,EV_108,0.0,380,0.0,RC386274_16,59.65,26820.79,RC386274,183.46,0.0,65.0,P,SimuProB-3,EV_108
445.0,0.0,83.87,0.0,1,4.4498,0,91.87,4.45,0.0,1.9,185.0,EV_108,0.0,390,0.0,RC386274_16,59.66,26820.79,RC386274,183.46,0.0,65.0,P,SimuProB-3,EV_108
444.583,0.0,83.87,0.0,1,4.45,0,91.87,4.45,0.0,2.4,185.0,EV_108,0.0,400,0.0,RC386274_16,59.67,26820.79,RC386274,183.46,0.0,65.0,P,SimuProB-3,EV_108
444.783,0.0,83.87,0.0,1,4.45,0,91.87,4.45,0.0,0.1,185.0,EV_108,0.0,410,0.0,RC386274_16,59.68,26820.79,RC386274,183.46,0.0,65.0,P,SimuProB-3,EV_108
444.675,0.0,83.87,0.0,1,4.4499,0,91.87,4.45,0.0,2.1,185.0,EV_108,0.0,420,0.0,RC386274_16,59.69,26820.79,RC386274,183.46,0.0,65.0,P,SimuProB-3,EV_108
445.0,0.0,83.87,0.0,1,4.45,0,91.89,4.45,0.0,1.0,185.0,EV_108,0.0,430,0.0,RC386274_16,59.7,26820.79,RC386274,183.46,0.0,65.0,P,SimuProB-3,EV_108
444.547,0.0,83.87,0.0,1,4.45,0,91.89,4.45,0.0,-1.9,185.0,EV_108,0.0,440,0.0,RC386274_16,59.71,26820.79,RC386274,183.46,0.0,65.0,P,SimuProB-3,EV_108
445.0,0.0,83.87,0.0,1,4.45,0,91.9,4.45,0.0,0.0,185.0,EV_108,0.0,450,0.0,RC386274_16,59.72,26820.79,RC386274,183.46,0.0,65.0,P,SimuProB-3,EV_108
445.0,0.0,83.87,0.0,1,4.45,0,91.9,4.45,0.0,-1.9,185.0,EV_108,0.0,460,0.0,RC386274_16,59.73,26820.79,RC386274,183.46,0.0,65.0,P,SimuProB-3,EV_108
445.0,0.0,83.87,0.0,1,4.45,0,91.9,4.45,0.0,-2.7,185.0,EV_108,0.0,470,0.0,RC386274_16,59.74,26820.79,RC386274,183.46,0.0,65.0,P,SimuProB-3,EV_108
444.497,0.0,83.87,0.0,1,4.447,0,91.9,4.448,0.0,-3.5,185.0,EV_108,0.0,480,0.0,RC386274_16,59.748,26820.79,RC386274,183.46,0.0,65.0,P,SimuProB-3,EV_108
445.0,0.0,83.87,0.0,1,4.45,0,91.91,4.45,0.0,-2.3,185.0,EV_108,0.0,490,0.0,RC386274_16,59.755,26820.79,RC386274,183.46,0.0,65.0,P,SimuProB-3,EV_108
444.819,0.0,83.87,0.0,1,4.449,0,91.91,4.45,0.0,-4.1,185.0,EV_108,0.0,500,0.0,RC386274_16,59.76,26820.79,RC386274,183.46,0.0,65.0,P,SimuProB-3,EV_108
445.0,0.0,83.87,0.0,1,4.449,0,91.92,4.45,0.0,0.4,185.0,EV_108,0.0,510,0.0,RC386274_16,59.77,26820.79,RC386274,183.46,0.0,65.0,P,SimuProB-3,EV_108
445.0,0.0,83.87,0.0,1,4.45,0,91.92,4.45,0.0,-1.4,185.0,EV_108,0.0,520,0.0,RC386274_16,59.78,26820.79,RC386274,183.46,0.0,65.0,P,SimuProB-3,EV_108
445.0,0.0,83.87,0.0,1,4.45,0,91.92,4.45,0.0,-2.8,185.0,EV_108,0.0,530,0.0,RC386274_16,59.79,26820.79,RC386274,183.46,0.0,65.0,P,SimuProB-3,EV_108
444.885,0.0,83.87,0.0,1,4.4495,0,91.93,4.45,0.0,-1.4,185.0,EV_108,0.0,540,0.0,RC386274_16,59.82,26820.79,RC386274,183.46,0.0,65.0,P,SimuProB-3,EV_108
445.0,0.0,83.87,0.0,1,4.4498,0,91.94,4.45,0.0,-2.5,185.0,EV_108,0.0,550,0.0,RC386274_16,59.85,26820.79,RC386274,183.46,0.0,65.0,P,SimuProB-3,EV_108
445.0,0.0,83.87,0.0,1,4.45,0,91.94,4.45,0.0,0.0,185.0,EV_108,0.0,560,0.0,RC386274_16,59.88,26820.79,RC386274,183.46,0.0,65.0,P,SimuProB-3,EV_108
444.665,0.0,83.87,0.0,1,4.4497,0,91.96,4.45,0.0,1.1,185.0,EV_108,0.0,570,0.0,RC386274_16,59.885,26820.79,RC386274,183.46,0.0,65.0,P,SimuProB-3,EV_108
444.568,0.0,83.87,0.0,1,4.4496,0,91.96,4.45,0.0,-0.4,185.0,EV_108,0.0,580,0.0,RC386274_16,59.89,26820.79,RC386274,183.46,0.0,65.0,P,SimuProB-3,EV_108
445.0,0.0,83.87,0.0,1,4.4498,0,91.96,4.45,0.0,-0.0,185.0,EV_108,0.0,590,0.0,RC386274_16,59.9,26820.79,RC386274,183.46,0.0,65.0,P,SimuProB-3,EV_108
445.0,0.0,83.87,0.0,1,4.45,0,91.97,4.45,0.0,-1.5,185.0,EV_108,0.0,600,0.0,RC386274_16,59.91,26820.79,RC386274,183.46,0.0,65.0,P,SimuProB-3,EV_108
445.0,0.0,83.87,0.0,1,4.45,0,91.97,4.45,0.0,2.9,185.0,EV_108,0.0,610,0.0,RC386274_16,59.92,26820.79,RC386274,183.46,0.0,65.0,P,SimuProB-3,EV_108
445.0,0.0,83.87,0.0,1,4.45,0,91.97,4.45,0.0,0.2,185.0,EV_108,0.0,620,0.0,RC386274_16,59.93,26820.79,RC386274,183.46,0.0,65.0,P,SimuProB-3,EV_108
444.741,0.0,83.87,0.0,1,4.45,0,91.97,4.45,0.0,0.9,185.0,EV_108,0.0,630,0.0,RC386274_16,59.96,26820.79,RC386274,183.46,0.0,65.0,P,SimuProB-3,EV_108
445.0,0.0,83.87,0.0,1,4.45,0,91.98,4.45,0.0,0.3,185.0,EV_108,0.0,640,0.0,RC386274_16,60.01,26820.79,RC386274,183.46,0.0,65.0,P,SimuProB-3,EV_108
445.0,0.0,83.87,0.0,1,4.45,0,91.98,4.45,0.0,-1.3,185.0,EV_108,0.0,650,0.0,RC386274_16,60.06,26820.79,RC386274,183.46,0.0,65.0,P,SimuProB-3,EV_108
445.0,0.0,83.87,0.0,1,4.45,0,91.99,4.45,0.0,2.0,185.0,EV_108,0.0,660,0.0,RC386274_16,60.07,26820.79,RC386274,183.46,0.0,65.0,P,SimuProB-3,EV_108
444.963,0.0,83.87,0.0,1,4.45,0,92.0,4.45,0.0,-2.8,185.0,EV_108,0.0,670,0.0,RC386274_16,60.08,26820.79,RC386274,183.46,0.0,65.0,P,SimuProB-3,EV_108
444.78,0.0,83.87,0.0,1,4.45,0,92.0,4.45,0.0,-1.9,185.0,EV_108,0.0,680,0.0,RC386274_16,60.09,26820.79,RC386274,183.46,0.0,65.0,P,SimuProB-3,EV_108
444.399,0.0,83.87,0.0,1,4.442,0,92.02,4.446,0.0,-0.7,185.0,EV_108,0.0,690,0.0,RC386274_16,60.15,26820.79,RC386274,183.46,0.0,65.0,P,SimuProB-3,EV_108
444.553,0.0,83.87,0.0,1,4.443,0,92.02,4.447,0.0,-1.3,185.0,EV_108,0.0,700,0.0,RC386274_16,60.2,26820.79,RC386274,183.46,0.0,65.0,P,SimuProB-3,EV_108
444.654,0.0,83.87,0.0,1,4.443,0,92.02,4.447,0.0,-2.9,185.0,EV_108,0.0,710,0.0,RC386274_16,60.24,26820.79,RC386274,183.46,0.0,65.0,P,SimuProB-3,EV_108
445.0,0.0,83.87,0.0,1,4.444,0,92.02,4.448,0.0,-3.9,185.0,EV_108,0.0,720,0.0,RC386274_16,60.26,26820.79,RC386274,183.46,0.0,65.0,P,SimuProB-3,EV_108
445.0,0.0,83.87,0.0,1,4.445,0,92.03,4.449,0.0,-0.3,185.0,EV_108,0.0,730,0.0,RC386274_16,60.28,26820.79,RC386274,183.46,0.0,65.0,P,SimuProB-3,EV_108
445.0,0.0,83.87,0.0,1,4.446,0,92.03,4.45,0.0,-1.9,185.0,EV_108,0.0,740,0.0,RC386274_16,60.3,26820.79,RC386274,183.46,0.0,65.0,P,SimuProB-3,EV_108
444.671,0.0,83.87,0.0,1,4.446,0,92.05,4.45,0.0,-3.9,185.0,EV_108,0.0,750,0.0,RC386274_16,60.31,26820.79,RC386274,183.46,0.0,65.0,P,SimuProB-3,EV_108
445.0,0.0,83.87,0.0,1,4.447,0,92.05,4.45,0.0,-1.2,185.0,EV_108,0.0,760,0.0,RC386274_16,60.32,26820.79,RC386274,183.46,0.0,65.0,P,SimuProB-3,EV_108
444.632,0.0,83.87,0.0,1,4.448,0,92.05,4.45,0.0,-3.1,185.0,EV_108,0.0,770,0.0,RC386274_16,60.33,26820.79,RC386274,183.46,0.0,65.0,P,SimuProB-3,EV_108
445.0,0.0,83.87,0.0,1,4.446,0,92.07,4.45,0.0,0.9,185.0,EV_108,0.0,780,0.0,RC386274_16,60.34,26820.79,RC386274,183.46,0.0,65.0,P,SimuProB-3,EV_108
445.0,0.0,83.87,0.0,1,4.447,0,92.07,4.45,0.0,-4.3,185.0,EV_108,0.0,790,0.0,RC386274_16,60.35,26820.79,RC386274,183.46,0.0,65.0,P,SimuProB-3,EV_108
445.0,0.0,83.87,0.0,1,4.448,0,92.07,4.45,0.0,1.4,185.0,EV_108,0.0,800,0.0,RC386274_16,60.37,26820.79,RC386274,183.46,0.0,65.0,P,SimuProB-3,EV_108
445.0,0.0,83.87,0.0,1,4.449,0,92.07,4.45,0.0,-0.5,185.0,EV_108,0.0,810,0.0,RC386274_16,60.38,26820.79,RC386274,183.46,0.0,65.0,P,SimuProB-3,EV_108
445.0,0.0,83.87,0.0,1,4.45,0,92.08,4.45,0.0,-1.7,185.0,EV_108,0.0,820,0.0,RC386274_16,60.39,26820.79,RC386274,183.46,0.0,65.0,P,SimuProB-3,EV_108
445.0,0.0,83.87,0.0,1,4.45,0,92.09,4.45,0.0,-1.4,185.0,EV_108,0.0,830,0.0,RC386274_16,60.4,26820.79,RC386274,183.46,0.0,65.0,P,SimuProB-3,EV_108
445.0,0.0,83.87,0.0,1,4.45,0,92.11,4.45,0.0,-0.7,185.0,EV_108,0.0,840,0.0,RC386274_16,60.41,26820.79,RC386274,183.46,0.0,65.0,P,SimuProB-3,EV_108
445.0,0.0,83.87,0.0,1,4.45,0,92.11,4.45,0.0,0.1,185.0,EV_108,0.0,850,0.0,RC386274_16,60.42,26820.79,RC386274,183.46,0.0,65.0,P,SimuProB-3,EV_108
444.818,0.0,83.87,0.0,1,4.45,0,92.11,4.45,0.0,1.4,185.0,EV_108,0.0,860,0.0,RC386274_16,60.43,26820.79,RC386274,183.46,0.0,65.0,P,SimuProB-3,EV_108
444.97,0.0,83.87,0.0,1,4.44,0,92.12,4.44,0.0,0.0,185.0,EV_108,0.0,870,0.0,RC386274_16,60.44,26820.79,RC386274,183.46,0.0,65.0,P,SimuProB-3,EV_108
444.198,0.0,83.87,0.0,1,4.44,0,92.12,4.44,0.0,3.5,185.0,EV_108,0.0,880,0.0,RC386274_16,60.45,26820.79,RC386274,183.46,0.0,65.0,P,SimuProB-3,EV_108
443.969,0.0,83.87,0.0,1,4.44,0,92.12,4.44,0.0,3.7,185.0,EV_108,0.0,890,0.0,RC386274_16,60.46,26820.79,RC386274,183.46,0.0,65.0,P,SimuProB-3,EV_108
443.344,0.0,83.87,0.0,1,4.43,0,92.13,4.43,0.0,-5.0,185.0,EV_108,0.0,900,0.0,RC386274_16,60.47,26820.79,RC386274,183.46,0.0,60.47,P,SimuProB-3,EV_108
443.278,0.0,83.87,0.0,1,4.43,0,92.13,4.43,0.0,-0.9,185.0,EV_108,0.0,910,0.0,RC386274_16,60.48,26820.79,RC386274,183.46,0.0,60.48,P,SimuProB-3,EV_108
443.889,0.0,83.87,0.0,1,4.43,0,92.13,4.43,0.0,-2.0,185.0,EV_108,0.0,920,0.0,RC386274_16,60.49,26820.79,RC386274,183.46,0.0,60.49,P,SimuProB-3,EV_108
444.347,0.0,83.87,0.0,1,4.44,0,92.15,4.44,0.0,0.9,185.0,EV_108,0.0,930,0.0,RC386274_16,60.49,26820.79,RC386274,183.46,0.0,60.49,P,SimuProB-3,EV_108
444.351,0.0,83.87,0.0,1,4.44,0,92.15,4.44,0.0,0.9,185.0,EV_108,0.0,940,0.0,RC386274_16,60.5,26820.79,RC386274,183.46,0.0,60.5,P,SimuProB-3,EV_108
444.61,0.0,83.87,0.0,1,4.44,0,92.15,4.44,0.0,-1.8,185.0,EV_108,0.0,950,0.0,RC386274_16,60.5,26820.79,RC386274,183.46,0.0,60.51,P,SimuProB-3,EV_108
444.955,0.0,83.87,0.0,1,4.445,0,92.16,4.448,0.0,-1.8,185.0,EV_108,0.0,960,0.0,RC386274_16,60.51,26820.79,RC386274,183.46,0.0,60.52,P,SimuProB-3,EV_108
444.811,0.0,83.87,0.0,1,4.448,0,92.16,4.45,0.0,0.1,185.0,EV_108,0.0,970,0.0,RC386274_16,60.52,26820.79,RC386274,183.46,0.0,60.53,P,SimuProB-3,EV_108
445.0,0.0,83.87,0.0,1,4.45,0,92.18,4.45,0.0,-2.7,185.0,EV_108,0.0,980,0.0,RC386274_16,60.53,26820.79,RC386274,183.46,0.0,60.54,P,SimuProB-3,EV_108
444.822,0.0,83.87,0.0,1,4.45,0,92.18,4.45,0.0,-3.3,185.0,EV_108,0.0,990,0.0,RC386274_16,60.54,26820.79,RC386274,183.46,0.0,60.55,P,SimuProB-3,EV_108
444.896,0.0,83.87,0.0,1,4.45,0,92.2,4.45,0.0,-4.0,185.0,EV_108,0.0,1000,0.0,RC386274_16,60.55,26820.79,RC386274,183.46,0.0,60.56,P,SimuProB-3,EV_108
445.0,0.0,83.87,0.0,1,4.45,0,92.2,4.45,0.0,-1.0,185.0,EV_108,0.0,1010,0.0,RC386274_16,60.56,26820.79,RC386274,183.46,0.0,60.57,P,SimuProB-3,EV_108
444.856,0.0,83.87,0.0,1,4.448,0,92.24,4.45,0.0,-3.0,185.0,EV_108,0.0,1020,0.0,RC386274_16,60.56,26820.79,RC386274,183.46,0.0,60.58,P,SimuProB-3,EV_108
444.985,0.0,83.87,0.0,1,4.45,0,92.25,4.45,0.0,-3.0,185.0,EV_108,0.0,1030,0.0,RC386274_16,60.57,26820.79,RC386274,183.46,0.0,60.59,P,SimuProB-3,EV_108
444.865,0.0,83.87,0.0,1,4.449,0,92.26,4.45,0.0,-3.9,185.0,EV_108,0.0,1040,0.0,RC386274_16,60.58,26820.79,RC386274,183.46,0.0,60.6,P,SimuProB-3,EV_108
444.936,0.0,83.87,0.0,1,4.449,0,92.29,4.45,0.0,-0.5,185.0,EV_108,0.0,1050,0.0,RC386274_16,60.59,26820.79,RC386274,183.46,0.0,60.61,P,SimuProB-3,EV_108
444.669,0.0,83.87,0.0,1,4.45,0,92.29,4.45,0.0,-5.4,185.0,EV_108,0.0,1060,0.0,RC386274_16,60.6,26820.79,RC386274,183.46,0.0,60.62,P,SimuProB-3,EV_108
444.871,0.0,83.87,0.0,1,4.45,0,92.29,4.45,0.0,-4.3,185.0,EV_108,0.0,1070,0.0,RC386274_16,60.61,26820.79,RC386274,183.46,0.0,60.63,P,SimuProB-3,EV_108
445.0,0.0,83.87,0.0,1,4.45,0,92.29,4.45,0.0,-1.9,185.0,EV_108,0.0,1080,0.0,RC386274_16,60.615,26820.79,RC386274,183.46,0.0,60.635,P,SimuProB-3,EV_108
445.0,0.0,83.87,0.0,1,4.45,0,92.29,4.45,0.0,-7.2,185.0,EV_108,0.0,1090,0.0,RC386274_16,60.62,26820.79,RC386274,183.46,0.0,60.64,P,SimuProB-3,EV_108
445.0,0.0,83.87,0.0,1,4.45,0,92.31,4.45,0.0,-5.6,185.0,EV_108,0.0,1100,0.0,RC386274_16,60.625,26820.79,RC386274,183.46,0.0,60.645,P,SimuProB-3,EV_108
444.957,0.0,83.87,0.0,1,4.45,0,92.32,4.45,0.0,-6.9,185.0,EV_108,0.0,1110,0.0,RC386274_16,60.63,26820.79,RC386274,183.46,0.0,60.65,P,SimuProB-3,EV_108
445.0,0.0,83.87,0.0,1,4.45,0,92.34,4.45,0.0,-5.8,185.0,EV_108,0.0,1120,0.0,RC386274_16,60.64,26820.79,RC386274,183.46,0.0,60.66,P,SimuProB-3,EV_108
445.0,0.0,83.87,0.0,1,4.45,0,92.34,4.45,0.0,-7.0,185.0,EV_108,0.0,1130,0.0,RC386274_16,60.65,26820.79,RC386274,183.46,0.0,60.67,P,SimuProB-3,EV_108
444.976,0.0,83.87,0.0,1,4.45,0,92.36,4.45,0.0,-7.4,185.0,EV_108,0.0,1140,0.0,RC386274_16,60.65,26820.79,RC386274,183.46,0.0,60.67,P,SimuProB-3,EV_108
444.65,0.0,83.87,0.0,1,4.45,0,92.38,4.45,0.0,-5.5,185.0,EV_108,0.0,1150,0.0,RC386274_16,60.66,26820.79,RC386274,183.46,0.0,60.68,P,SimuProB-3,EV_108
444.897,0.0,83.87,0.0,1,4.45,0,92.41,4.45,0.0,-3.0,185.0,EV_108,0.0,1160,0.0,RC386274_16,60.67,26820.79,RC386274,183.46,0.0,60.69,P,SimuProB-3,EV_108
445.0,0.0,83.87,0.0,1,4.45,0,92.43,4.45,0.0,-6.8,185.0,EV_108,0.0,1170,0.0,RC386274_16,60.69,26820.79,RC386274,183.46,0.0,60.71,P,SimuProB-3,EV_108
445.0,0.0,83.87,0.0,1,4.45,0,92.45,4.45,0.0,-5.4,185.0,EV_108,0.0,1180,0.0,RC386274_16,60.7,26820.79,RC386274,183.46,0.0,60.72,P,SimuProB-3,EV_108
445.0,0.0,83.87,0.0,1,4.45,0,92.47,4.45,0.0,-2.9,185.0,EV_108,0.0,1190,0.0,RC386274_16,60.71,26820.79,RC386274,183.46,0.0,60.73,P,SimuProB-3,EV_108
445.0,0.0,83.87,0.0,1,4.45,0,92.49,4.45,0.0,-4.4,185.0,EV_108,0.0,1200,0.0,RC386274_16,60.72,26820.79,RC386274,183.46,0.0,60.74,P,SimuProB-3,EV_108
445.0,0.0,83.87,0.0,1,4.45,0,92.49,4.45,0.0,-2.8,185.0,EV_108,0.0,1210,0.0,RC386274_16,60.73,26820.79,RC386274,183.46,0.0,60.75,P,SimuProB-3,EV_108
445.0,0.0,83.87,0.0,1,4.45,0,92.5,4.45,0.0,1.3,185.0,EV_108,0.0,1220,0.0,RC386274_16,60.74,26820.79,RC386274,183.46,0.0,60.76,P,SimuProB-3,EV_108
444.971,0.0,83.87,0.0,1,4.44,0,92.51,4.45,0.0,-2.8,185.0,EV_108,0.0,1230,0.0,RC386274_16,60.74,26820.79,RC386274,183.46,0.0,60.78,P,SimuProB-3,EV_108
445.0,0.0,83.87,0.0,1,4.44,0,92.52,4.45,0.0,-2.1,185.0,EV_108,0.0,1240,0.0,RC386274_16,60.76,26820.79,RC386274,183.46,0.0,60.8,P,SimuProB-3,EV_108
445.0,0.0,83.87,0.0,1,4.44,0,92.54,4.45,0.0,0.5,185.0,EV_108,0.0,1250,0.0,RC386274_16,60.78,26820.79,RC386274,183.46,0.0,60.82,P,SimuProB-3,EV_108
445.0,0.0,83.87,0.0,1,4.44,0,92.55,4.45,0.0,-2.1,185.0,EV_108,0.0,1260,0.0,RC386274_16,60.79,26820.79,RC386274,183.46,0.0,60.84,P,SimuProB-3,EV_108
444.56,0.0,83.87,0.0,1,4.44,0,92.57,4.45,0.0,-2.1,185.0,EV_108,0.0,1270,0.0,RC386274_16,60.8,26820.79,RC386274,183.46,0.0,60.85,P,SimuProB-3,EV_108
445.0,0.0,83.87,0.0,1,4.44,0,92.57,4.45,0.0,0.0,185.0,EV_108,0.0,0,0.0,RC386274_17,60.81,26820.79,RC386274,183.46,0.0,60.86,P,SimuProB-3,EV_108
445.0,0.0,83.87,0.0,1,4.441,0,92.59,4.45,0.0,-3.2,185.0,EV_108,0.0,10,0.0,RC386274_17,60.82,26820.79,RC386274,183.46,0.0,60.87,P,SimuProB-3,EV_108
444.83,0.0,83.87,0.0,1,4.442,0,92.59,4.45,0.0,-1.4,185.0,EV_108,0.0,20,0.0,RC386274_17,60.83,26820.79,RC386274,183.46,0.0,60.88,P,SimuProB-3,EV_108
445.0,0.0,83.87,0.0,1,4.443,0,92.59,4.45,0.0,0.6,185.0,EV_108,0.0,30,0.0,RC386274_17,60.84,26820.79,RC386274,183.46,0.0,60.89,P,SimuProB-3,EV_108
444.805,0.0,83.87,0.0,1,4.442,0,92.59,4.45,0.0,-0.5,185.0,EV_108,0.0,40,0.0,RC386274_17,60.85,26820.79,RC386274,183.46,0.0,60.9,P,SimuProB-3,EV_108
444.84,0.0,83.87,0.0,1,4.443,0,92.61,4.45,0.0,-1.7,185.0,EV_108,0.0,50,0.0,RC386274_17,60.86,26820.79,RC386274,183.46,0.0,60.91,P,SimuProB-3,EV_108
445.0,0.0,83.87,0.0,1,4.444,0,92.61,4.45,0.0,-1.7,185.0,EV_108,0.0,60,0.0,RC386274_17,60.87,26820.79,RC386274,183.46,0.0,60.92,P,SimuProB-3,EV_108
445.0,0.0,83.87,0.0,1,4.443,0,92.62,4.45,0.0,-4.4,185.0,EV_108,0.0,70,0.0,RC386274_17,60.88,26820.79,RC386274,183.46,0.0,60.93,P,SimuProB-3,EV_108
445.0,0.0,83.87,0.0,1,4.444,0,92.64,4.45,0.0,0.5,185.0,EV_108,0.0,80,0.0,RC386274_17,60.89,26820.79,RC386274,183.46,0.0,60.94,P,SimuProB-3,EV_108
444.775,0.0,83.87,0.0,1,4.445,0,92.65,4.45,0.0,0.6,185.0,EV_108,0.0,90,0.0,RC386274_17,60.9,26820.79,RC386274,183.46,0.0,60.95,P,SimuProB-3,EV_108
445.0,0.0,83.87,0.0,1,4.444,0,92.66,4.45,0.0,-1.2,185.0,EV_108,0.0,100,0.0,RC386274_17,60.91,26820.79,RC386274,183.46,0.0,60.96,P,SimuProB-3,EV_108
444.954,0.0,83.87,0.0,1,4.445,0,92.66,4.45,0.0,-1.9,185.0,EV_108,0.0,110,0.0,RC386274_17,60.92,26820.79,RC386274,183.46,0.0,60.97,P,SimuProB-3,EV_108
445.0,0.0,83.87,0.0,1,4.445,0,92.68,4.45,0.0,0.3,185.0,EV_108,0.0,120,0.0,RC386274_17,60.93,26820.79,RC386274,183.46,0.0,60.98,P,SimuProB-3,EV_108
444.863,0.0,83.87,0.0,1,4.445,0,92.69,4.45,0.0,-1.2,185.0,EV_108,0.0,130,0.0,RC386274_17,60.94,26820.79,RC386274,183.46,0.0,60.99,P,SimuProB-3,EV_108
445.0,0.0,83.87,0.0,1,4.446,0,92.69,4.45,0.0,0.1,185.0,EV_108,0.0,140,0.0,RC386274_17,60.95,26820.79,RC386274,183.46,0.0,61.0,P,SimuProB-3,EV_108
444.667,0.0,83.87,0.0,1,4.447,0,92.69,4.45,0.0,-0.2,185.0,EV_108,0.0,150,0.0,RC386274_17,60.96,26820.79,RC386274,183.46,0.0,61.01,P,SimuProB-3,EV_108
444.682,0.0,83.87,0.0,1,4.447,0,92.72,4.45,0.0,-2.7,185.0,EV_108,0.0,160,0.0,RC386274_17,60.97,26820.79,RC386274,183.46,0.0,61.03,P,SimuProB-3,EV_108
444.937,0.0,83.87,0.0,1,4.448,0,92.72,4.45,0.0,-2.1,185.0,EV_108,0.0,170,0.0,RC386274_17,60.98,26820.79,RC386274,183.46,0.0,61.05,P,SimuProB-3,EV_108
444.99,0.0,83.87,0.0,0,4.448,0,92.72,4.45,0.0,1.0,185.0,EV_108,0.0,180,0.0,RC386274_17,60.99,26820.79,RC386274,183.46,0.0,61.06,P,SimuProB-3,EV_108
444.735,0.0,83.87,0.0,1,4.448,0,92.73,4.45,0.0,-0.8,185.0,EV_108,0.0,190,0.0,RC386274_17,61.0,26820.79,RC386274,183.46,0.0,61.06,P,SimuProB-3,EV_108
444.943,0.0,83.87,0.0,1,4.449,0,92.74,4.45,0.0,0.0,185.0,EV_108,0.0,200,0.0,RC386274_17,61.01,26820.79,RC386274,183.46,0.0,61.07,P,SimuProB-3,EV_108
445.0,0.0,83.87,0.0,1,4.45,0,92.74,4.45,0.0,1.8,185.0,EV_108,0.0,210,0.0,RC386274_17,61.02,26820.79,RC386274,183.46,0.0,61.08,P,SimuProB-3,EV_108
444.965,0.0,83.87,0.0,1,4.45,0,92.75,4.45,0.0,0.4,185.0,EV_108,0.0,220,0.0,RC386274_17,61.03,26820.79,RC386274,183.46,0.0,61.09,P,SimuProB-3,EV_108
444.756,0.0,83.87,0.0,1,4.45,0,92.75,4.45,0.0,-2.9,185.0,EV_108,0.0,230,0.0,RC386274_17,61.04,26820.79,RC386274,183.46,0.0,61.1,P,SimuProB-3,EV_108
445.0,0.0,83.87,0.0,1,4.45,0,92.76,4.45,0.0,-3.2,185.0,EV_108,0.0,240,0.0,RC386274_17,61.05,26820.79,RC386274,183.46,0.0,61.11,P,SimuProB-3,EV_108
445.0,0.0,83.87,0.0,1,4.45,0,92.76,4.45,0.0,-2.0,185.0,EV_108,0.0,250,0.0,RC386274_17,61.06,26820.79,RC386274,183.46,0.0,61.12,P,SimuProB-3,EV_108
445.0,0.0,83.87,0.0,1,4.45,0,92.76,4.45,0.0,-3.6,185.0,EV_108,0.0,260,0.0,RC386274_17,61.07,26820.79,RC386274,183.46,0.0,61.13,P,SimuProB-3,EV_108
445.0,0.0,83.87,0.0,1,4.45,0,92.77,4.45,0.0,-0.4,185.0,EV_108,0.0,270,0.0,RC386274_17,61.08,26820.79,RC386274,183.46,0.0,61.14,P,SimuProB-3,EV_108
444.532,0.0,83.87,0.0,1,4.45,0,92.79,4.45,0.0,-0.7,185.0,EV_108,0.0,280,0.0,RC386274_17,61.09,26820.79,RC386274,183.46,0.0,61.15,P,SimuProB-3,EV_108
445.0,0.0,83.87,0.0,1,4.45,0,92.79,4.45,0.0,-3.8,185.0,EV_108,0.0,290,0.0,RC386274_17,61.1,26820.79,RC386274,183.46,0.0,61.16,P,SimuProB-3,EV_108
445.0,0.0,83.87,0.0,1,4.45,0,92.79,4.45,0.0,-4.5,185.0,EV_108,0.0,300,0.0,RC386274_17,61.11,26820.79,RC386274,183.46,0.0,61.17,P,SimuProB-3,EV_108
445.0,0.0,83.87,0.0,1,4.45,0,92.79,4.45,0.0,-5.8,185.0,EV_108,0.0,310,0.0,RC386274_17,61.12,26820.79,RC386274,183.46,0.0,61.18,P,SimuProB-3,EV_108
444.807,0.0,83.87,0.0,1,4.45,0,92.8,4.45,0.0,-1.7,185.0,EV_108,0.0,320,0.0,RC386274_17,61.13,26820.79,RC386274,183.46,0.0,61.19,P,SimuProB-3,EV_108
445.0,0.0,83.87,0.0,1,4.45,0,92.8,4.45,0.0,-4.6,185.0,EV_108,0.0,330,0.0,RC386274_17,61.14,26820.79,RC386274,183.46,0.0,61.2,P,SimuProB-3,EV_108
445.0,0.0,83.87,0.0,1,4.44,0,92.81,4.45,0.0,-1.1,185.0,EV_108,0.0,340,0.0,RC386274_17,61.15,26820.79,RC386274,183.46,0.0,61.21,P,SimuProB-3,EV_108
445.0,0.0,83.87,0.0,1,4.44,0,92.81,4.45,0.0,-4.6,185.0,EV_108,0.0,350,0.0,RC386274_17,61.16,26820.79,RC386274,183.46,0.0,61.22,P,SimuProB-3,EV_108
444.994,0.0,83.87,0.0,1,4.44,0,92.81,4.45,0.0,-5.8,185.0,EV_108,0.0,360,0.0,RC386274_17,61.17,26820.79,RC386274,183.46,0.0,61.23,P,SimuProB-3,EV_108
444.661,0.0,83.87,0.0,1,4.44,0,92.84,4.45,0.0,-1.4,185.0,EV_108,0.0,370,0.0,RC386274_17,61.18,26820.79,RC386274,183.46,0.0,61.24,P,SimuProB-3,EV_108
445.0,0.0,83.87,0.0,1,4.44,0,92.84,4.45,0.0,-3.9,185.0,EV_108,0.0,380,0.0,RC386274_17,61.19,26820.79,RC386274,183.46,0.0,61.25,P,SimuProB-3,EV_108
445.0,0.0,83.87,0.0,1,4.44,0,92.84,4.45,0.0,-4.4,185.0,EV_108,0.0,390,0.0,RC386274_17,61.2,26820.79,RC386274,183.46,0.0,61.26,P,SimuProB-3,EV_108
445.0,0.0,83.87,0.0,1,4.44,0,92.86,4.45,0.0,-5.9,185.0,EV_108,0.0,400,0.0,RC386274_17,61.21,26820.79,RC386274,183.46,0.0,61.27,P,SimuProB-3,EV_108
445.0,0.0,83.87,0.0,1,4.45,0,92.87,4.45,0.0,-2.7,185.0,EV_108,0.0,410,0.0,RC386274_17,61.22,26820.79,RC386274,183.46,0.0,61.28,P,SimuProB-3,EV_108
445.0,0.0,83.87,0.0,1,4.45,0,92.87,4.45,0.0,-1.2,185.0,EV_108,0.0,420,0.0,RC386274_17,61.23,26820.79,RC386274,183.46,0.0,61.29,P,SimuProB-3,EV_108
444.601,0.0,83.87,0.0,1,4.45,0,92.87,4.45,0.0,-1.2,185.0,EV_108,0.0,430,0.0,RC386274_17,61.24,26820.79,RC386274,183.46,0.0,61.3,P,SimuProB-3,EV_108
444.94,0.0,83.87,0.0,1,4.45,0,92.89,4.45,0.0,0.9,185.0,EV_108,0.0,440,0.0,RC386274_17,61.25,26820.79,RC386274,183.46,0.0,61.31,P,SimuProB-3,EV_108
445.0,0.0,83.87,0.0,1,4.45,0,92.89,4.45,0.0,2.6,185.0,EV_108,0.0,450,0.0,RC386274_17,61.26,26820.79,RC386274,183.46,0.0,61.32,P,SimuProB-3,EV_108
445.0,0.0,83.87,0.0,1,4.45,0,92.9,4.45,0.0,-1.6,185.0,EV_108,0.0,460,0.0,RC386274_17,61.27,26820.79,RC386274,183.46,0.0,61.33,P,SimuProB-3,EV_108
444.778,0.0,83.87,0.0,1,4.45,0,92.93,4.45,0.0,-1.9,185.0,EV_108,0.0,470,0.0,RC386274_17,61.28,26820.79,RC386274,183.46,0.0,61.34,P,SimuProB-3,EV_108
444.832,0.0,83.87,0.0,1,4.45,0,92.93,4.45,0.0,1.2,185.0,EV_108,0.0,480,0.0,RC386274_17,61.29,26820.79,RC386274,183.46,0.0,61.35,P,SimuProB-3,EV_108
444.631,0.0,83.87,0.0,1,4.45,0,92.95,4.45,0.0,0.1,185.0,EV_108,0.0,490,0.0,RC386274_17,61.29,26820.79,RC386274,183.46,0.0,61.35,P,SimuProB-3,EV_108
445.0,0.0,83.87,0.0,1,4.45,0,92.96,4.45,0.0,-3.7,185.0,EV_108,0.0,500,0.0,RC386274_17,61.3,26820.79,RC386274,183.46,0.0,61.36,P,SimuProB-3,EV_108
444.912,0.0,83.87,0.0,1,4.45,0,92.97,4.45,0.0,-1.9,185.0,EV_108,0.0,510,0.0,RC386274_17,61.31,26820.79,RC386274,183.46,0.0,61.37,P,SimuProB-3,EV_108
444.681,0.0,83.87,0.0,1,4.45,0,93.0,4.45,0.0,-1.6,185.0,EV_108,0.0,520,0.0,RC386274_17,61.32,26820.79,RC386274,183.46,0.0,61.38,P,SimuProB-3,EV_108
444.573,0.0,83.87,0.0,1,4.45,0,93.0,4.45,0.0,-1.4,185.0,EV_108,0.0,530,0.0,RC386274_17,61.33,26820.79,RC386274,183.46,0.0,61.39,P,SimuProB-3,EV_108
445.0,0.0,83.87,0.0,1,4.45,0,93.01,4.45,0.0,-1.3,185.0,EV_108,0.0,540,0.0,RC386274_17,61.34,26820.79,RC386274,183.46,0.0,61.4,P,SimuProB-3,EV_108
444.801,0.0,83.87,0.0,1,4.448,0,93.03,4.45,0.0,-1.0,185.0,EV_108,0.0,550,0.0,RC386274_17,61.36,26820.79,RC386274,183.46,0.0,61.42,P,SimuProB-3,EV_108
445.0,0.0,83.87,0.0,1,4.449,0,93.04,4.45,0.0,-1.5,185.0,EV_108,0.0,560,0.0,RC386274_17,61.38,26820.79,RC386274,183.46,0.0,61.44,P,SimuProB-3,EV_108
445.0,0.0,83.87,0.0,1,4.45,0,93.06,4.45,0.0,-0.0,185.0,EV_108,0.0,570,0.0,RC386274_17,61.4,26820.79,RC386274,183.46,0.0,61.46,P,SimuProB-3,EV_108
445.0,0.0,83.87,0.0,1,4.448,0,93.06,4.45,0.0,-2.0,185.0,EV_108,0.0,580,0.0,RC386274_17,61.42,26820.79,RC386274,183.46,0.0,61.48,P,SimuProB-3,EV_108
444.862,0.0,83.87,0.0,1,4.45,0,93.07,4.45,0.0,-3.1,185.0,EV_108,0.0,590,0.0,RC386274_17,61.45,26820.79,RC386274,183.46,0.0,61.51,P,SimuProB-3,EV_108
445.0,0.0,83.87,0.0,1,4.45,0,93.07,4.45,0.0,-2.0,185.0,EV_108,0.0,600,0.0,RC386274_17,61.48,26820.79,RC386274,183.46,0.0,61.54,P,SimuProB-3,EV_108
444.715,0.0,83.87,0.0,1,4.449,0,93.08,4.45,0.0,-3.2,185.0,EV_108,0.0,610,0.0,RC386274_17,61.49,26820.79,RC386274,183.46,0.0,61.55,P,SimuProB-3,EV_108
444.704,0.0,83.87,0.0,1,4.45,0,93.08,4.45,0.0,-2.7,185.0,EV_108,0.0,620,0.0,RC386274_17,61.49,26820.79,RC386274,183.46,0.0,61.55,P,SimuProB-3,EV_108
445.0,0.0,83.87,0.0,1,4.45,0,93.08,4.45,0.0,-2.9,185.0,EV_108,0.0,630,0.0,RC386274_17,61.5,26820.79,RC386274,183.46,0.0,61.56,P,SimuProB-3,EV_108
444.963,0.0,83.87,0.0,1,4.45,0,93.09,4.45,0.0,0.1,185.0,EV_108,0.0,640,0.0,RC386274_17,61.51,26820.79,RC386274,183.46,0.0,61.57,P,SimuProB-3,EV_108
445.0,0.0,83.87,0.0,1,4.45,0,93.1,4.45,0.0,-1.6,185.0,EV_108,0.0,650,0.0,RC386274_17,61.52,26820.79,RC386274,183.46,0.0,61.58,P,SimuProB-3,EV_108
445.0,0.0,83.87,0.0,1,4.45,0,93.1,4.45,0.0,-4.5,185.0,EV_108,0.0,660,0.0,RC386274_17,61.53,26820.79,RC386274,183.46,0.0,61.59,P,SimuProB-3,EV_108
445.0,0.0,83.87,0.0,1,4.45,0,93.11,4.45,0.0,-0.1,185.0,EV_108,0.0,670,0.0,RC386274_17,61.535,26820.79,RC386274,183.46,0.0,61.595,P,SimuProB-3,EV_108
445.0,0.0,83.87,0.0,1,4.45,0,93.12,4.45,0.0,-0.8,185.0,EV_108,0.0,680,0.0,RC386274_17,61.542,26820.79,RC386274,183.46,0.0,61.602,P,SimuProB-3,EV_108
445.0,0.0,83.87,0.0,1,4.45,0,93.12,4.45,0.0,-2.5,185.0,EV_108,0.0,690,0.0,RC386274_17,61.548,26820.79,RC386274,183.46,0.0,61.608,P,SimuProB-3,EV_108
445.0,0.0,83.87,0.0,1,4.45,0,93.12,4.45,0.0,2.0,185.0,EV_108,0.0,700,0.0,RC386274_17,61.55,26820.79,RC386274,183.46,0.0,61.61,P,SimuProB-3,EV_108
444.792,0.0,83.87,0.0,1,4.45,0,93.14,4.45,0.0,0.5,185.0,EV_108,0.0,710,0.0,RC386274_17,61.555,26820.79,RC386274,183.46,0.0,61.615,P,SimuProB-3,EV_108
444.914,0.0,83.87,0.0,1,4.45,0,93.15,4.45,0.0,-1.2,185.0,EV_108,0.0,720,0.0,RC386274_17,61.56,26820.79,RC386274,183.46,0.0,61.62,P,SimuProB-3,EV_108
445.0,0.0,83.87,0.0,1,4.448,0,93.17,4.45,0.0,-3.6,185.0,EV_108,0.0,730,0.0,RC386274_17,61.565,26820.79,RC386274,183.46,0.0,61.625,P,SimuProB-3,EV_108
445.0,0.0,83.87,0.0,1,4.4495,0,93.17,4.45,0.0,-1.8,185.0,EV_108,0.0,740,0.0,RC386274_17,61.57,26820.79,RC386274,183.46,0.0,61.63,P,SimuProB-3,EV_108
445.0,0.0,83.87,0.0,1,4.45,0,93.18,4.45,0.0,-2.1,185.0,EV_108,0.0,750,0.0,RC386274_17,61.575,26820.79,RC386274,183.46,0.0,61.635,P,SimuProB-3,EV_108
444.944,0.0,83.87,0.0,1,4.45,0,93.18,4.45,0.0,1.1,185.0,EV_108,0.0,760,0.0,RC386274_17,61.58,26820.79,RC386274,183.46,0.0,61.64,P,SimuProB-3,EV_108
445.0,0.0,83.87,0.0,1,4.45,0,93.18,4.45,0.0,-2.7,185.0,EV_108,0.0,770,0.0,RC386274_17,61.585,26820.79,RC386274,183.46,0.0,61.645,P,SimuProB-3,EV_108
445.0,0.0,83.87,0.0,1,4.45,0,93.2,4.45,0.0,0.5,185.0,EV_108,0.0,780,0.0,RC386274_17,61.59,26820.79,RC386274,183.46,0.0,61.65,P,SimuProB-3,EV_108
444.712,0.0,83.87,0.0,1,4.4498,0,93.2,4.45,0.0,-1.6,185.0,EV_108,0.0,790,0.0,RC386274_17,61.595,26820.79,RC386274,183.46,0.0,61.655,P,SimuProB-3,EV_108
444.943,0.0,83.87,0.0,1,4.45,0,93.21,4.45,0.0,-5.2,185.0,EV_108,0.0,800,0.0,RC386274_17,61.6,26820.79,RC386274,183.46,0.0,61.66,P,SimuProB-3,EV_108
445.0,0.0,83.87,0.0,1,4.45,0,93.23,4.45,0.0,-1.9,185.0,EV_108,0.0,810,0.0,RC386274_17,61.605,26820.79,RC386274,183.46,0.0,61.665,P,SimuProB-3,EV_108
445.0,0.0,83.87,0.0,1,4.45,0,93.24,4.45,0.0,-0.4,185.0,EV_108,0.0,820,0.0,RC386274_17,61.61,26820.79,RC386274,183.46,0.0,61.67,P,SimuProB-3,EV_108
444.927,0.0,83.87,0.0,1,4.45,0,93.25,4.45,0.0,-1.9,185.0,EV_108,0.0,830,0.0,RC386274_17,61.615,26820.79,RC386274,183.46,0.0,61.675,P,SimuProB-3,EV_108
445.0,0.0,83.87,0.0,1,4.45,0,93.25,4.45,0.0,-4.1,185.0,EV_108,0.0,840,0.0,RC386274_17,61.62,26820.79,RC386274,183.46,0.0,61.68,P,SimuProB-3,EV_108
444.627,0.0,83.87,0.0,1,4.45,0,93.27,4.45,0.0,-2.0,185.0,EV_108,0.0,850,0.0,RC386274_17,61.625,26820.79,RC386274,183.46,0.0,61.685,P,SimuProB-3,EV_108
444.879,0.0,83.87,0.0,1,4.45,0,93.27,4.45,0.0,1.0,185.0,EV_108,0.0,860,0.0,RC386274_17,61.63,26820.79,RC386274,183.46,0.0,61.69,P,SimuProB-3,EV_108
444.716,0.0,83.87,0.0,1,4.45,0,93.28,4.45,0.0,-3.4,185.0,EV_108,0.0,870,0.0,RC386274_17,61.635,26820.79,RC386274,183.46,0.0,61.695,P,SimuProB-3,EV_108
444.674,0.0,83.87,0.0,1,4.44,0,93.3,4.45,0.0,-4.0,185.0,EV_108,0.0,880,0.0,RC386274_17,61.64,26820.79,RC386274,183.46,0.0,61.7,P,SimuProB-3,EV_108
444.916,0.0,83.87,0.0,1,4.44,0,93.3,4.45,0.0,-0.8,185.0,EV_108,0.0,890,0.0,RC386274_17,61.65,26820.79,RC386274,183.46,0.0,61.71,P,SimuProB-3,EV_108
445.0,0.0,83.87,0.0,1,4.44,0,93.3,4.45,0.0,-1.4,185.0,EV_108,0.0,900,0.0,RC386274_17,61.66,26820.79,RC386274,183.46,0.0,61.72,P,SimuProB-3,EV_108
445.0,0.0,83.87,0.0,1,4.442,0,93.31,4.45,0.0,-2.1,185.0,EV_108,0.0,910,0.0,RC386274_17,61.67,26820.79,RC386274,183.46,0.0,61.73,P,SimuProB-3,EV_108
445.0,0.0,83.87,0.0,1,4.443,0,93.31,4.45,0.0,2.0,185.0,EV_108,0.0,920,0.0,RC386274_17,61.68,26820.79,RC386274,183.46,0.0,61.74,P,SimuProB-3,EV_108
445.0,0.0,83.87,0.0,1,4.444,0,93.32,4.45,0.0,0.0,185.0,EV_108,0.0,930,0.0,RC386274_17,61.69,26820.79,RC386274,183.46,0.0,61.75,P,SimuProB-3,EV_108
445.0,0.0,83.87,0.0,1,4.445,0,93.33,4.45,0.0,-1.1,185.0,EV_108,0.0,940,0.0,RC386274_17,61.7,26820.79,RC386274,183.46,0.0,61.76,P,SimuProB-3,EV_108
445.0,0.0,83.87,0.0,1,4.446,0,93.34,4.45,0.0,0.2,185.0,EV_108,0.0,950,0.0,RC386274_17,61.71,26820.79,RC386274,183.46,0.0,61.77,P,SimuProB-3,EV_108
445.0,0.0,83.87,0.0,1,4.447,0,93.34,4.45,0.0,0.0,185.0,EV_108,0.0,960,0.0,RC386274_17,61.72,26820.79,RC386274,183.46,0.0,61.78,P,SimuProB-3,EV_108
445.0,0.0,83.87,0.0,1,4.448,0,93.37,4.45,0.0,-2.4,185.0,EV_108,0.0,970,0.0,RC386274_17,61.73,26820.79,RC386274,183.46,0.0,61.79,P,SimuProB-3,EV_108
445.0,0.0,83.87,0.0,1,4.45,0,93.37,4.45,0.0,-0.4,185.0,EV_108,0.0,980,0.0,RC386274_17,61.74,26820.79,RC386274,183.46,0.0,61.8,P,SimuProB-3,EV_108
445.0,0.0,83.87,0.0,1,4.45,0,93.38,4.45,0.0,0.7,185.0,EV_108,0.0,990,0.0,RC386274_17,61.75,26820.79,RC386274,183.46,0.0,61.81,P,SimuProB-3,EV_108
444.988,0.0,83.87,0.0,1,4.448,0,93.39,4.45,0.0,-2.8,185.0,EV_108,0.0,1000,0.0,RC386274_17,61.76,26820.79,RC386274,183.46,0.0,61.82,P,SimuProB-3,EV_108
445.0,0.0,83.87,0.0,1,4.45,0,93.39,4.45,0.0,-0.9,185.0,EV_108,0.0,1010,0.0,RC386274_17,61.77,26820.79,RC386274,183.46,0.0,61.83,P,SimuProB-3,EV_108
445.0,0.0,83.87,0.0,1,4.45,0,93.39,4.45,0.0,-4.0,185.0,EV_108,0.0,1020,0.0,RC386274_17,61.78,26820.79,RC386274,183.46,0.0,61.84,P,SimuProB-3,EV_108
444.927,0.0,83.87,0.0,1,4.448,0,93.4,4.45,0.0,2.4,185.0,EV_108,0.0,1030,0.0,RC386274_17,61.8,26820.79,RC386274,183.46,0.0,61.86,P,SimuProB-3,EV_108
445.0,0.0,83.87,0.0,1,4.45,0,93.42,4.45,0.0,1.9,185.0,EV_108,0.0,1040,0.0,RC386274_17,61.81,26820.79,RC386274,183.46,0.0,61.87,P,SimuProB-3,EV_108
444.749,0.0,83.87,0.0,1,4.45,0,93.42,4.45,0.0,-1.9,185.0,EV_108,0.0,1050,0.0,RC386274_17,61.82,26820.79,RC386274,183.46,0.0,61.88,P,SimuProB-3,EV_108
444.571,0.0,83.87,0.0,1,4.447,0,93.42,4.448,0.0,-0.4,185.0,EV_108,0.0,1060,0.0,RC386274_17,61.83,26820.79,RC386274,183.46,0.0,61.89,P,SimuProB-3,EV_108
444.613,0.0,83.87,0.0,1,4.449,0,93.44,4.45,0.0,-0.4,185.0,EV_108,0.0,1070,0.0,RC386274_17,61.84,26820.79,RC386274,183.46,0.0,61.9,P,SimuProB-3,EV_108
445.0,0.0,83.87,0.0,1,4.449,0,93.45,4.45,0.0,-3.4,185.0,EV_108,0.0,1080,0.0,RC386274_17,61.85,26820.79,RC386274,183.46,0.0,61.91,P,SimuProB-3,EV_108
445.0,0.0,83.87,0.0,1,4.449,0,93.46,4.45,0.0,-4.6,185.0,EV_108,0.0,1090,0.0,RC386274_17,61.86,26820.79,RC386274,183.46,0.0,61.92,P,SimuProB-3,EV_108
444.868,0.0,83.87,0.0,1,4.449,0,93.46,4.45,0.0,-5.4,185.0,EV_108,0.0,1100,0.0,RC386274_17,61.87,26820.79,RC386274,183.46,0.0,61.93,P,SimuProB-3,EV_108
445.0,0.0,83.87,0.0,1,4.449,0,93.47,4.45,0.0,-3.1,185.0,EV_108,0.0,1110,0.0,RC386274_17,61.88,26820.79,RC386274,183.46,0.0,61.94,P,SimuProB-3,EV_108
445.0,0.0,83.87,0.0,1,4.45,0,93.49,4.45,0.0,-1.1,185.0,EV_108,0.0,1120,0.0,RC386274_17,61.89,26820.79,RC386274,183.46,0.0,61.95,P,SimuProB-3,EV_108
445.0,0.0,83.87,0.0,1,4.45,0,93.49,4.45,0.0,-2.1,185.0,EV_108,0.0,1130,0.0,RC386274_17,61.9,26820.79,RC386274,183.46,0.0,61.96,P,SimuProB-3,EV_108
445.0,0.0,83.87,0.0,1,4.45,0,93.49,4.45,0.0,-5.1,185.0,EV_108,0.0,1140,0.0,RC386274_17,61.91,26820.79,RC386274,183.46,0.0,61.97,P,SimuProB-3,EV_108
445.0,0.0,83.87,0.0,1,4.45,0,93.5,4.45,0.0,1.0,185.0,EV_108,0.0,1150,0.0,RC386274_17,61.91,26820.79,RC386274,183.46,0.0,61.98,P,SimuProB-3,EV_108
445.0,0.0,83.87,0.0,1,4.45,0,93.51,4.45,0.0,0.5,185.0,EV_108,0.0,1160,0.0,RC386274_17,61.92,26820.79,RC386274,183.46,0.0,61.99,P,SimuProB-3,EV_108
445.0,0.0,83.87,0.0,1,4.45,0,93.51,4.45,0.0,-3.1,185.0,EV_108,0.0,1170,0.0,RC386274_17,61.93,26820.79,RC386274,183.46,0.0,62.0,P,SimuProB-3,EV_108
444.755,0.0,83.87,0.0,1,4.4498,0,93.52,4.45,0.0,-1.0,185.0,EV_108,0.0,1180,0.0,RC386274_17,61.94,26820.79,RC386274,183.46,0.0,62.05,P,SimuProB-3,EV_108
444.636,0.0,83.87,0.0,1,4.45,0,93.54,4.45,0.0,-2.2,185.0,EV_108,0.0,1190,0.0,RC386274_17,61.96,26820.79,RC386274,183.46,0.0,62.08,P,SimuProB-3,EV_108
445.0,0.0,83.87,0.0,1,4.45,0,93.54,4.45,0.0,-0.9,185.0,EV_108,0.0,1200,0.0,RC386274_17,61.98,26820.79,RC386274,183.46,0.0,62.11,P,SimuProB-3,EV_108
444.887,0.0,83.87,0.0,1,4.45,0,93.55,4.45,0.0,-2.6,185.0,EV_108,0.0,1210,0.0,RC386274_17,62.02,26820.79,RC386274,183.46,0.0,62.15,P,SimuProB-3,EV_108
444.889,0.0,83.87,0.0,1,4.45,0,93.56,4.45,0.0,-2.5,185.0,EV_108,0.0,1220,0.0,RC386274_17,62.06,26820.79,RC386274,183.46,0.0,62.19,P,SimuProB-3,EV_108
444.899,0.0,83.87,0.0,1,4.45,0,93.56,4.45,0.0,-3.8,185.0,EV_108,0.0,1230,0.0,RC386274_17,62.1,26820.79,RC386274,183.46,0.0,62.23,P,SimuProB-3,EV_108
445.0,0.0,83.87,0.0,1,4.45,0,93.57,4.45,0.0,1.1,185.0,EV_108,0.0,1240,0.0,RC386274_17,62.14,26820.79,RC386274,183.46,0.0,62.26,P,SimuProB-3,EV_108
445.0,0.0,83.87,0.0,1,4.45,0,93.57,4.45,0.0,-1.7,185.0,EV_108,0.0,1250,0.0,RC386274_17,62.18,26820.79,RC386274,183.46,0.0,62.29,P,SimuProB-3,EV_108
445.0,0.0,83.87,0.0,1,4.45,0,93.57,4.45,0.0,2.8,185.0,EV_108,0.0,1260,0.0,RC386274_17,62.22,26820.79,RC386274,183.46,0.0,62.32,P,SimuProB-3,EV_108
444.984,0.0,83.87,0.0,1,4.448,0,93.58,4.45,0.0,1.0,185.0,EV_108,0.0,1270,0.0,RC386274_17,62.23,26820.79,RC386274,183.46,0.0,62.33,P,SimuProB-3,EV_108
444.853,0.0,83.87,0.0,1,4.45,0,93.59,4.45,0.0,-3.9,185.0,EV_108,0.0,0,0.0,RC386274_18,62.24,26820.79,RC386274,183.46,0.0,62.34,P,SimuProB-3,EV_108
445.0,0.0,83.87,0.0,1,4.45,0,93.59,4.45,0.0,-2.8,185.0,EV_108,0.0,10,0.0,RC386274_18,62.25,26820.79,RC386274,183.46,0.0,62.35,P,SimuProB-3,EV_108
444.626,0.0,83.87,0.0,1,4.45,0,93.62,4.45,0.0,0.0,185.0,EV_108,0.0,20,0.0,RC386274_18,62.26,26820.79,RC386274,183.46,0.0,62.36,P,SimuProB-3,EV_108
444.869,0.0,83.87,0.0,1,4.45,0,93.62,4.45,0.0,-5.1,185.0,EV_108,0.0,30,0.0,RC386274_18,62.27,26820.79,RC386274,183.46,0.0,62.37,P,SimuProB-3,EV_108
444.954,0.0,83.87,0.0,1,4.45,0,93.62,4.45,0.0,-1.1,185.0,EV_108,0.0,40,0.0,RC386274_18,62.28,26820.79,RC386274,183.46,0.0,62.38,P,SimuProB-3,EV_108
445.0,0.0,83.87,0.0,1,4.44,0,93.62,4.45,0.0,-3.3,185.0,EV_108,0.0,50,0.0,RC386274_18,62.29,26820.79,RC386274,183.46,0.0,62.4,P,SimuProB-3,EV_108
444.758,0.0,83.87,0.0,1,4.44,0,93.62,4.45,0.0,-2.1,185.0,EV_108,0.0,60,0.0,RC386274_18,62.31,26820.79,RC386274,183.46,0.0,62.42,P,SimuProB-3,EV_108
445.0,0.0,83.87,0.0,1,4.45,0,93.63,4.45,0.0,-2.8,185.0,EV_108,0.0,70,0.0,RC386274_18,62.33,26820.79,RC386274,183.46,0.0,62.44,P,SimuProB-3,EV_108
444.874,0.0,83.87,0.0,1,4.44,0,93.65,4.45,0.0,0.1,185.0,EV_108,0.0,80,0.0,RC386274_18,62.35,26820.79,RC386274,183.46,0.0,62.46,P,SimuProB-3,EV_108
444.539,0.0,83.87,0.0,1,4.44,0,93.65,4.45,0.0,-4.5,185.0,EV_108,0.0,90,0.0,RC386274_18,62.36,26820.79,RC386274,183.46,0.0,62.47,P,SimuProB-3,EV_108
444.788,0.0,83.87,0.0,1,4.44,0,93.65,4.45,0.0,-1.5,185.0,EV_108,0.0,100,0.0,RC386274_18,62.38,26820.79,RC386274,183.46,0.0,62.49,P,SimuProB-3,EV_108
444.567,0.0,83.87,0.0,1,4.44,0,93.66,4.45,0.0,-3.0,185.0,EV_108,0.0,110,0.0,RC386274_18,62.4,26820.79,RC386274,183.46,0.0,62.51,P,SimuProB-3,EV_108
444.292,0.0,83.87,0.0,1,4.44,0,93.67,4.45,0.0,0.4,185.0,EV_108,0.0,120,0.0,RC386274_18,62.42,26820.79,RC386274,183.46,0.0,62.53,P,SimuProB-3,EV_108
444.861,0.0,83.87,0.0,1,4.44,0,93.69,4.45,0.0,-2.4,185.0,EV_108,0.0,130,0.0,RC386274_18,62.44,26820.79,RC386274,183.46,0.0,62.55,P,SimuProB-3,EV_108
444.952,0.0,83.87,0.0,1,4.442,0,93.71,4.45,0.0,1.1,185.0,EV_108,0.0,140,0.0,RC386274_18,62.45,26820.79,RC386274,183.46,0.0,62.56,P,SimuProB-3,EV_108
444.729,0.0,83.87,0.0,1,4.443,0,93.71,4.45,0.0,-1.5,185.0,EV_108,0.0,150,0.0,RC386274_18,62.46,26820.79,RC386274,183.46,0.0,62.57,P,SimuProB-3,EV_108
445.0,0.0,83.87,0.0,1,4.444,0,93.71,4.45,0.0,-3.3,185.0,EV_108,0.0,160,0.0,RC386274_18,62.47,26820.79,RC386274,183.46,0.0,62.58,P,SimuProB-3,EV_108
444.765,0.0,83.87,0.0,1,4.445,0,93.73,4.45,0.0,-6.0,185.0,EV_108,0.0,170,0.0,RC386274_18,62.48,26820.79,RC386274,183.46,0.0,62.59,P,SimuProB-3,EV_108
445.0,0.0,83.87,0.0,1,4.446,0,93.73,4.45,0.0,-5.0,185.0,EV_108,0.0,180,0.0,RC386274_18,62.49,26820.79,RC386274,183.46,0.0,62.6,P,SimuProB-3,EV_108
444.944,0.0,83.87,0.0,1,4.447,0,93.74,4.45,0.0,-1.2,185.0,EV_108,0.0,190,0.0,RC386274_18,62.5,26820.79,RC386274,183.46,0.0,62.61,P,SimuProB-3,EV_108
444.709,0.0,83.87,0.0,1,4.448,0,93.76,4.45,0.0,-8.3,185.0,EV_108,0.0,200,0.0,RC386274_18,62.51,26820.79,RC386274,183.46,0.0,62.62,P,SimuProB-3,EV_108
445.0,0.0,83.87,0.0,1,4.449,0,93.76,4.45,0.0,-5.5,185.0,EV_108,0.0,210,0.0,RC386274_18,62.52,26820.79,RC386274,183.46,0.0,62.63,P,SimuProB-3,EV_108
445.0,0.0,83.87,0.0,1,4.45,0,93.77,4.45,0.0,-4.7,185.0,EV_108,0.0,220,0.0,RC386274_18,62.53,26820.79,RC386274,183.46,0.0,62.64,P,SimuProB-3,EV_108
444.909,0.0,83.87,0.0,1,4.45,0,93.77,4.45,0.0,-5.3,185.0,EV_108,0.0,230,0.0,RC386274_18,62.54,26820.79,RC386274,183.46,0.0,62.65,P,SimuProB-3,EV_108
445.0,0.0,83.87,0.0,1,4.45,0,93.78,4.45,0.0,-4.4,185.0,EV_108,0.0,240,0.0,RC386274_18,62.55,26820.79,RC386274,183.46,0.0,62.66,P,SimuProB-3,EV_108
445.0,0.0,83.87,0.0,1,4.45,0,93.78,4.45,0.0,1.0,185.0,EV_108,0.0,250,0.0,RC386274_18,62.56,26820.79,RC386274,183.46,0.0,62.67,P,SimuProB-3,EV_108
444.924,0.0,83.87,0.0,1,4.449,0,93.8,4.45,0.0,1.7,185.0,EV_108,0.0,260,0.0,RC386274_18,62.565,26820.79,RC386274,183.46,0.0,62.675,P,SimuProB-3,EV_108
445.0,0.0,83.87,0.0,1,4.45,0,93.8,4.45,0.0,2.0,185.0,EV_108,0.0,270,0.0,RC386274_18,62.57,26820.79,RC386274,183.46,0.0,62.68,P,SimuProB-3,EV_108
444.853,0.0,83.87,0.0,1,4.45,0,93.8,4.45,0.0,-0.6,185.0,EV_108,0.0,280,0.0,RC386274_18,62.575,26820.79,RC386274,183.46,0.0,62.685,P,SimuProB-3,EV_108
445.0,0.0,83.87,0.0,1,4.45,0,93.82,4.45,0.0,4.0,185.0,EV_108,0.0,290,0.0,RC386274_18,62.58,26820.79,RC386274,183.46,0.0,62.69,P,SimuProB-3,EV_108
445.0,0.0,83.87,0.0,1,4.45,0,93.82,4.45,0.0,0.4,185.0,EV_108,0.0,300,0.0,RC386274_18,62.585,26820.79,RC386274,183.46,0.0,62.695,P,SimuProB-3,EV_108
445.0,0.0,83.87,0.0,1,4.45,0,93.82,4.45,0.0,-1.6,185.0,EV_108,0.0,310,0.0,RC386274_18,62.59,26820.79,RC386274,183.46,0.0,62.7,P,SimuProB-3,EV_108
445.0,0.0,83.87,0.0,1,4.44,0,93.83,4.45,0.0,0.8,185.0,EV_108,0.0,320,0.0,RC386274_18,62.64,26820.79,RC386274,183.46,0.0,62.75,P,SimuProB-3,EV_108
445.0,0.0,83.87,0.0,1,4.44,0,93.85,4.45,0.0,0.7,185.0,EV_108,0.0,330,0.0,RC386274_18,62.67,26820.79,RC386274,183.46,0.0,62.78,P,SimuProB-3,EV_108
445.0,0.0,83.87,0.0,1,4.44,0,93.87,4.45,0.0,0.5,185.0,EV_108,0.0,340,0.0,RC386274_18,62.7,26820.79,RC386274,183.46,0.0,62.81,P,SimuProB-3,EV_108
445.0,0.0,83.87,0.0,1,4.448,0,93.88,4.45,0.0,-0.0,185.0,EV_108,0.0,350,0.0,RC386274_18,62.72,26820.79,RC386274,183.46,0.0,62.83,P,SimuProB-3,EV_108
445.0,0.0,83.87,0.0,1,4.45,0,93.9,4.45,0.0,0.0,185.0,EV_108,0.0,360,0.0,RC386274_18,62.75,26820.79,RC386274,183.46,0.0,62.86,P,SimuProB-3,EV_108
445.0,0.0,83.87,0.0,1,4.45,0,93.91,4.45,0.0,-4.7,185.0,EV_108,0.0,370,0.0,RC386274_18,62.78,26820.79,RC386274,183.46,0.0,62.89,P,SimuProB-3,EV_108
444.828,0.0,83.87,0.0,1,4.45,0,93.92,4.45,0.0,-6.4,185.0,EV_108,0.0,380,0.0,RC386274_18,62.79,26820.79,RC386274,183.46,0.0,62.9,P,SimuProB-3,EV_108
445.0,0.0,83.87,0.0,1,4.45,0,93.93,4.45,0.0,-1.3,185.0,EV_108,0.0,390,0.0,RC386274_18,62.8,26820.79,RC386274,183.46,0.0,62.91,P,SimuProB-3,EV_108
445.0,0.0,83.87,0.0,1,4.45,0,93.94,4.45,0.0,-3.3,185.0,EV_108,0.0,400,0.0,RC386274_18,62.81,26820.79,RC386274,183.46,0.0,62.92,P,SimuProB-3,EV_108
445.0,0.0,83.87,0.0,1,4.44,0,93.96,4.45,0.0,-6.5,185.0,EV_108,0.0,410,0.0,RC386274_18,62.82,26820.79,RC386274,183.46,0.0,62.93,P,SimuProB-3,EV_108
445.0,0.0,83.87,0.0,1,4.45,0,93.96,4.45,0.0,-5.7,185.0,EV_108,0.0,420,0.0,RC386274_18,62.83,26820.79,RC386274,183.46,0.0,62.94,P,SimuProB-3,EV_108
444.953,0.0,83.87,0.0,1,4.44,0,93.96,4.45,0.0,-1.0,185.0,EV_108,0.0,430,0.0,RC386274_18,62.84,26820.79,RC386274,183.46,0.0,62.95,P,SimuProB-3,EV_108
445.0,0.0,83.87,0.0,1,4.448,0,93.97,4.449,0.0,-2.9,185.0,EV_108,0.0,440,0.0,RC386274_18,62.85,26820.79,RC386274,183.46,0.0,62.96,P,SimuProB-3,EV_108
444.721,0.0,83.87,0.0,1,4.448,0,93.97,4.45,0.0,-4.9,185.0,EV_108,0.0,450,0.0,RC386274_18,62.86,26820.79,RC386274,183.46,0.0,62.97,P,SimuProB-3,EV_108
444.837,0.0,83.87,0.0,1,4.449,0,93.98,4.45,0.0,-3.8,185.0,EV_108,0.0,460,0.0,RC386274_18,62.87,26820.79,RC386274,183.46,0.0,62.98,P,SimuProB-3,EV_108
445.0,0.0,83.87,0.0,1,4.448,0,94.0,4.45,0.0,-1.5,185.0,EV_108,0.0,470,0.0,RC386274_18,62.88,26820.79,RC386274,183.46,0.0,62.99,P,SimuProB-3,EV_108
444.718,0.0,83.87,0.0,1,4.449,0,94.0,4.45,0.0,-3.2,185.0,EV_108,0.0,480,0.0,RC386274_18,62.89,26820.79,RC386274,183.46,0.0,63.0,P,SimuProB-3,EV_108
445.0,0.0,83.87,0.0,1,4.45,0,94.0,4.45,0.0,-1.4,185.0,EV_108,0.0,490,0.0,RC386274_18,62.9,26820.79,RC386274,183.46,0.0,63.01,P,SimuProB-3,EV_108
444.781,0.0,83.87,0.0,1,4.45,0,94.02,4.45,0.0,-2.4,185.0,EV_108,0.0,500,0.0,RC386274_18,62.92,26820.79,RC386274,183.46,0.0,63.05,P,SimuProB-3,EV_108
445.0,0.0,83.87,0.0,1,4.45,0,94.02,4.45,0.0,-3.5,185.0,EV_108,0.0,510,0.0,RC386274_18,62.94,26820.79,RC386274,183.46,0.0,63.08,P,SimuProB-3,EV_108
445.0,0.0,83.87,0.0,1,4.45,0,94.05,4.45,0.0,-3.0,185.0,EV_108,0.0,520,0.0,RC386274_18,62.96,26820.79,RC386274,183.46,0.0,63.1,P,SimuProB-3,EV_108
445.0,0.0,83.87,0.0,1,4.45,0,94.06,4.45,0.0,-1.1,185.0,EV_108,0.0,530,0.0,RC386274_18,63.01,26820.79,RC386274,183.46,0.0,63.15,P,SimuProB-3,EV_108
445.0,0.0,83.87,0.0,1,4.45,0,94.07,4.45,0.0,0.1,185.0,EV_108,0.0,540,0.0,RC386274_18,63.06,26820.79,RC386274,183.46,0.0,63.2,P,SimuProB-3,EV_108
445.0,0.0,83.87,0.0,1,4.45,0,94.07,4.45,0.0,-3.4,185.0,EV_108,0.0,550,0.0,RC386274_18,63.11,26820.79,RC386274,183.46,0.0,63.25,P,SimuProB-3,EV_108
445.0,0.0,83.87,0.0,1,4.45,0,94.08,4.45,0.0,-1.6,185.0,EV_108,0.0,560,0.0,RC386274_18,63.12,26820.79,RC386274,183.46,0.0,63.26,P,SimuProB-3,EV_108
445.0,0.0,83.87,0.0,1,4.45,0,94.08,4.45,0.0,1.6,185.0,EV_108,0.0,570,0.0,RC386274_18,63.13,26820.79,RC386274,183.46,0.0,63.27,P,SimuProB-3,EV_108
445.0,0.0,83.87,0.0,1,4.45,0,94.09,4.45,0.0,2.4,185.0,EV_108,0.0,580,0.0,RC386274_18,63.14,26820.79,RC386274,183.46,0.0,63.28,P,SimuProB-3,EV_108
445.0,0.0,83.87,0.0,1,4.449,0,94.1,4.45,0.0,-5.6,185.0,EV_108,0.0,590,0.0,RC386274_18,63.15,26820.79,RC386274,183.46,0.0,63.3,P,SimuProB-3,EV_108
445.0,0.0,83.87,0.0,1,4.4495,0,94.11,4.45,0.0,-2.1,185.0,EV_108,0.0,600,0.0,RC386274_18,63.17,26820.79,RC386274,183.46,0.0,63.32,P,SimuProB-3,EV_108
444.933,0.0,83.87,0.0,1,4.4498,0,94.11,4.45,0.0,-1.6,185.0,EV_108,0.0,610,0.0,RC386274_18,63.2,26820.79,RC386274,183.46,0.0,63.35,P,SimuProB-3,EV_108
445.0,0.0,83.87,0.0,1,4.45,0,94.13,4.45,0.0,-4.2,185.0,EV_108,0.0,620,0.0,RC386274_18,63.22,26820.79,RC386274,183.46,0.0,63.36,P,SimuProB-3,EV_108
445.0,0.0,83.87,0.0,1,4.45,0,94.14,4.45,0.0,-0.0,185.0,EV_108,0.0,630,0.0,RC386274_18,63.24,26820.79,RC386274,183.46,0.0,63.38,P,SimuProB-3,EV_108
444.833,0.0,83.87,0.0,1,4.45,0,94.15,4.45,0.0,-2.1,185.0,EV_108,0.0,640,0.0,RC386274_18,63.26,26820.79,RC386274,183.46,0.0,63.4,P,SimuProB-3,EV_108
445.0,0.0,83.87,0.0,1,4.4498,0,94.17,4.45,0.0,1.0,185.0,EV_108,0.0,650,0.0,RC386274_18,63.28,26820.79,RC386274,183.46,0.0,63.42,P,SimuProB-3,EV_108
444.905,0.0,83.87,0.0,1,4.45,0,94.18,4.45,0.0,-5.4,185.0,EV_108,0.0,660,0.0,RC386274_18,63.3,26820.79,RC386274,183.46,0.0,63.44,P,SimuProB-3,EV_108
444.626,0.0,83.87,0.0,1,4.4499,0,94.19,4.45,0.0,0.3,185.0,EV_108,0.0,670,0.0,RC386274_18,63.31,26820.79,RC386274,183.46,0.0,63.45,P,SimuProB-3,EV_108
444.353,0.0,83.87,0.0,1,4.4498,0,94.2,4.45,0.0,-1.6,185.0,EV_108,0.0,680,0.0,RC386274_18,63.32,26820.79,RC386274,183.46,0.0,63.46,P,SimuProB-3,EV_108
445.0,0.0,83.87,0.0,1,4.4499,0,94.21,4.45,0.0,-2.5,185.0,EV_108,0.0,690,0.0,RC386274_18,63.34,26820.79,RC386274,183.46,0.0,63.48,P,SimuProB-3,EV_108
444.642,0.0,83.87,0.0,1,4.4497,0,94.22,4.45,0.0,0.8,185.0,EV_108,0.0,700,0.0,RC386274_18,63.35,26820.79,RC386274,183.46,0.0,63.49,P,SimuProB-3,EV_108
444.4,0.0,83.87,0.0,1,4.4499,0,94.23,4.45,0.0,0.5,185.0,EV_108,0.0,710,0.0,RC386274_18,63.38,26820.79,RC386274,183.46,0.0,63.52,P,SimuProB-3,EV_108
445.0,0.0,83.87,0.0,1,4.4498,0,94.24,4.45,0.0,0.4,185.0,EV_108,0.0,720,0.0,RC386274_18,63.4,26820.79,RC386274,183.46,0.0,63.54,P,SimuProB-3,EV_108
445.0,0.0,83.87,0.0,1,4.4497,0,94.25,4.45,0.0,-4.5,185.0,EV_108,0.0,730,0.0,RC386274_18,63.41,26820.79,RC386274,183.46,0.0,63.55,P,SimuProB-3,EV_108
445.0,0.0,83.87,0.0,1,4.4498,0,94.26,4.45,0.0,-4.1,185.0,EV_108,0.0,740,0.0,RC386274_18,63.42,26820.79,RC386274,183.46,0.0,63.56,P,SimuProB-3,EV_108
445.0,0.0,83.87,0.0,1,4.45,0,94.27,4.45,0.0,-2.9,185.0,EV_108,0.0,750,0.0,RC386274_18,63.43,26820.79,RC386274,183.46,0.0,63.57,P,SimuProB-3,EV_108
445.0,0.0,83.87,0.0,1,4.45,0,94.27,4.45,0.0,-0.5,185.0,EV_108,0.0,760,0.0,RC386274_18,63.44,26820.79,RC386274,183.46,0.0,63.58,P,SimuProB-3,EV_108
445.0,0.0,83.87,0.0,1,4.45,0,94.28,4.45,0.0,-0.4,185.0,EV_108,0.0,770,0.0,RC386274_18,63.45,26820.79,RC386274,183.46,0.0,63.59,P,SimuProB-3,EV_108
445.0,0.0,83.87,0.0,1,4.45,0,94.28,4.45,0.0,-2.8,185.0,EV_108,0.0,780,0.0,RC386274_18,63.46,26820.79,RC386274,183.46,0.0,63.6,P,SimuProB-3,EV_108
445.0,0.0,83.87,0.0,1,4.45,0,94.28,4.45,0.0,1.8,185.0,EV_108,0.0,790,0.0,RC386274_18,63.47,26820.79,RC386274,183.46,0.0,63.61,P,SimuProB-3,EV_108
445.0,0.0,83.87,0.0,1,4.45,0,94.28,4.45,0.0,-2.8,185.0,EV_108,0.0,800,0.0,RC386274_18,63.48,26820.79,RC386274,183.46,0.0,63.62,P,SimuProB-3,EV_108
444.81,0.0,83.87,0.0,1,4.45,0,94.3,4.45,0.0,-1.0,185.0,EV_108,0.0,810,0.0,RC386274_18,63.49,26820.79,RC386274,183.46,0.0,63.63,P,SimuProB-3,EV_108
445.0,0.0,83.87,0.0,1,4.45,0,94.3,4.45,0.0,2.7,185.0,EV_108,0.0,820,0.0,RC386274_18,63.5,26820.79,RC386274,183.46,0.0,63.64,P,SimuProB-3,EV_108
445.0,0.0,83.87,0.0,1,4.4498,0,94.3,4.45,0.0,-0.8,185.0,EV_108,0.0,830,0.0,RC386274_18,63.505,26820.79,RC386274,183.46,0.0,63.635,P,SimuProB-3,EV_108
445.0,0.0,83.87,0.0,1,4.45,0,94.31,4.45,0.0,-0.5,185.0,EV_108,0.0,840,0.0,RC386274_18,63.51,26820.79,RC386274,183.46,0.0,63.64,P,SimuProB-3,EV_108
445.0,0.0,83.87,0.0,1,4.45,0,94.31,4.45,0.0,-5.2,185.0,EV_108,0.0,850,0.0,RC386274_18,63.515,26820.79,RC386274,183.46,0.0,63.645,P,SimuProB-3,EV_108
444.628,0.0,83.87,0.0,1,4.45,0,94.32,4.45,0.0,-0.2,185.0,EV_108,0.0,860,0.0,RC386274_18,63.51,26820.79,RC386274,183.46,0.0,63.64,P,SimuProB-3,EV_108
444.654,0.0,83.87,0.0,1,4.45,0,94.32,4.45,0.0,-0.9,185.0,EV_108,0.0,870,0.0,RC386274_18,63.515,26820.79,RC386274,183.46,0.0,63.645,P,SimuProB-3,EV_108
445.0,0.0,83.87,0.0,1,4.45,0,94.32,4.45,0.0,1.8,185.0,EV_108,0.0,880,0.0,RC386274_18,63.52,26820.79,RC386274,183.46,0.0,63.65,P,SimuProB-3,EV_108
445.0,0.0,83.87,0.0,1,4.446,0,94.32,4.448,0.0,-2.8,185.0,EV_108,0.0,890,0.0,RC386274_18,63.53,26820.79,RC386274,183.46,0.0,63.66,P,SimuProB-3,EV_108
445.0,0.0,83.87,0.0,1,4.447,0,94.33,4.449,0.0,-4.0,185.0,EV_108,0.0,900,0.0,RC386274_18,63.54,26820.79,RC386274,183.46,0.0,63.67,P,SimuProB-3,EV_108
444.635,0.0,83.87,0.0,1,4.449,0,94.35,4.45,0.0,-2.2,185.0,EV_108,0.0,910,0.0,RC386274_18,63.55,26820.79,RC386274,183.46,0.0,63.68,P,SimuProB-3,EV_108
444.888,0.0,83.87,0.0,1,4.449,0,94.35,4.45,0.0,-0.3,185.0,EV_108,0.0,920,0.0,RC386274_18,63.56,26820.79,RC386274,183.46,0.0,63.69,P,SimuProB-3,EV_108
445.0,0.0,83.87,0.0,1,4.45,0,94.35,4.45,0.0,-0.2,185.0,EV_108,0.0,930,0.0,RC386274_18,63.57,26820.79,RC386274,183.46,0.0,63.7,P,SimuProB-3,EV_108
445.0,0.0,83.87,0.0,1,4.45,0,94.37,4.45,0.0,-2.6,185.0,EV_108,0.0,940,0.0,RC386274_18,63.58,26820.79,RC386274,183.46,0.0,63.71,P,SimuProB-3,EV_108
445.0,0.0,83.87,0.0,1,4.45,0,94.37,4.45,0.0,2.4,185.0,EV_108,0.0,950,0.0,RC386274_18,63.59,26820.79,RC386274,183.46,0.0,63.72,P,SimuProB-3,EV_108
445.0,0.0,83.87,0.0,0,4.45,0,94.37,4.45,0.0,-2.2,185.0,EV_108,0.0,960,0.0,RC386274_18,63.6,26820.79,RC386274,183.46,0.0,63.73,P,SimuProB-3,EV_108
444.827,0.0,83.87,0.0,1,4.45,0,94.37,4.45,0.0,-1.1,185.0,EV_108,0.0,970,0.0,RC386274_18,63.61,26820.79,RC386274,183.46,0.0,63.74,P,SimuProB-3,EV_108
445.0,0.0,83.87,0.0,1,4.45,0,94.38,4.45,0.0,-1.3,185.0,EV_108,0.0,980,0.0,RC386274_18,63.62,26820.79,RC386274,183.46,0.0,63.75,P,SimuProB-3,EV_108
444.834,0.0,83.87,0.0,1,4.45,0,94.38,4.45,0.0,-2.8,185.0,EV_108,0.0,990,0.0,RC386274_18,63.63,26820.79,RC386274,183.46,0.0,63.76,P,SimuProB-3,EV_108
444.54,0.0,83.87,0.0,1,4.45,0,94.39,4.45,0.0,-0.0,185.0,EV_108,0.0,1000,0.0,RC386274_18,63.64,26820.79,RC386274,183.46,0.0,63.77,P,SimuProB-3,EV_108
444.801,0.0,83.87,0.0,1,4.44,0,94.4,4.45,0.0,-1.3,185.0,EV_108,0.0,1010,0.0,RC386274_18,63.65,26820.79,RC386274,183.46,0.0,63.78,P,SimuProB-3,EV_108
444.832,0.0,83.87,0.0,1,4.44,0,94.4,4.45,0.0,-0.3,185.0,EV_108,0.0,1020,0.0,RC386274_18,63.66,26820.79,RC386274,183.46,0.0,63.79,P,SimuProB-3,EV_108
445.0,0.0,83.87,0.0,1,4.44,0,94.4,4.45,0.0,0.9,185.0,EV_108,0.0,1030,0.0,RC386274_18,63.67,26820.79,RC386274,183.46,0.0,63.8,P,SimuProB-3,EV_108
445.0,0.0,83.87,0.0,1,4.445,0,94.4,4.45,0.0,1.3,185.0,EV_108,0.0,1040,0.0,RC386274_18,63.68,26820.79,RC386274,183.46,0.0,63.81,P,SimuProB-3,EV_108
445.0,0.0,83.87,0.0,1,4.446,0,94.4,4.45,0.0,-2.1,185.0,EV_108,0.0,1050,0.0,RC386274_18,63.69,26820.79,RC386274,183.46,0.0,63.82,P,SimuProB-3,EV_108
445.0,0.0,83.87,0.0,1,4.447,0,94.42,4.45,0.0,-2.5,185.0,EV_108,0.0,1060,0.0,RC386274_18,63.7,26820.79,RC386274,183.46,0.0,63.83,P,SimuProB-3,EV_108
445.0,0.0,83.87,0.0,1,4.448,0,94.42,4.45,0.0,-2.0,185.0,EV_108,0.0,1070,0.0,RC386274_18,63.71,26820.79,RC386274,183.46,0.0,63.84,P,SimuProB-3,EV_108
444.83,0.0,83.87,0.0,1,4.449,0,94.43,4.45,0.0,-3.4,185.0,EV_108,0.0,1080,0.0,RC386274_18,63.72,26820.79,RC386274,183.46,0.0,63.85,P,SimuProB-3,EV_108
445.0,0.0,83.87,0.0,1,4.45,0,94.43,4.45,0.0,-5.7,185.0,EV_108,0.0,1090,0.0,RC386274_18,63.73,26820.79,RC386274,183.46,0.0,63.86,P,SimuProB-3,EV_108
444.804,0.0,83.87,0.0,1,4.447,0,94.43,4.45,0.0,-2.6,185.0,EV_108,0.0,1100,0.0,RC386274_18,63.74,26820.79,RC386274,183.46,0.0,63.87,P,SimuProB-3,EV_108
445.0,0.0,83.87,0.0,1,4.448,0,94.43,4.45,0.0,-3.7,185.0,EV_108,0.0,1110,0.0,RC386274_18,63.75,26820.79,RC386274,183.46,0.0,63.88,P,SimuProB-3,EV_108
445.0,0.0,83.87,0.0,1,4.449,0,94.43,4.45,0.0,-1.2,185.0,EV_108,0.0,1120,0.0,RC386274_18,63.76,26820.79,RC386274,183.46,0.0,63.89,P,SimuProB-3,EV_108
445.0,0.0,83.87,0.0,1,4.449,0,94.45,4.45,0.0,1.8,185.0,EV_108,0.0,1130,0.0,RC386274_18,63.77,26820.79,RC386274,183.46,0.0,63.9,P,SimuProB-3,EV_108
445.0,0.0,83.87,0.0,1,4.45,0,94.45,4.45,0.0,-1.9,185.0,EV_108,0.0,1140,0.0,RC386274_18,63.78,26820.79,RC386274,183.46,0.0,63.91,P,SimuProB-3,EV_108
445.0,0.0,83.87,0.0,1,4.45,0,94.45,4.45,0.0,-1.1,185.0,EV_108,0.0,1150,0.0,RC386274_18,63.79,26820.79,RC386274,183.46,0.0,63.92,P,SimuProB-3,EV_108
444.688,0.0,83.87,0.0,1,4.449,0,94.47,4.45,0.0,-2.7,185.0,EV_108,0.0,1160,0.0,RC386274_18,63.82,26820.79,RC386274,183.46,0.0,63.95,P,SimuProB-3,EV_108
445.0,0.0,83.87,0.0,1,4.45,0,94.47,4.45,0.0,-1.8,185.0,EV_108,0.0,1170,0.0,RC386274_18,63.84,26820.79,RC386274,183.46,0.0,63.98,P,SimuProB-3,EV_108
445.0,0.0,83.87,0.0,1,4.45,0,94.49,4.45,0.0,-1.8,185.0,EV_108,0.0,1180,0.0,RC386274_18,63.86,26820.79,RC386274,183.46,0.0,64.01,P,SimuProB-3,EV_108
445.0,0.0,83.87,0.0,1,4.45,0,94.53,4.45,0.0,1.2,185.0,EV_108,0.0,1190,0.0,RC386274_18,63.89,26820.79,RC386274,183.46,0.0,64.06,P,SimuProB-3,EV_108
445.0,0.0,83.87,0.0,1,4.45,0,94.53,4.45,0.0,-3.5,185.0,EV_108,0.0,1200,0.0,RC386274_18,63.93,26820.79,RC386274,183.46,0.0,64.1,P,SimuProB-3,EV_108
445.0,0.0,83.87,0.0,1,4.45,0,94.55,4.45,0.0,-1.0,185.0,EV_108,0.0,1210,0.0,RC386274_18,63.97,26820.79,RC386274,183.46,0.0,64.15,P,SimuProB-3,EV_108
444.881,0.0,83.87,0.0,1,4.45,0,94.57,4.45,0.0,-0.2,185.0,EV_108,0.0,1220,0.0,RC386274_18,64.0,26820.79,RC386274,183.46,0.0,64.18,P,SimuProB-3,EV_108
444.881,0.0,83.87,0.0,1,4.45,0,94.6,4.45,0.0,1.4,185.0,EV_108,0.0,1230,0.0,RC386274_18,64.04,26820.79,RC386274,183.46,0.0,64.22,P,SimuProB-3,EV_108
445.0,0.0,83.87,0.0,1,4.45,0,94.62,4.45,0.0,1.0,185.0,EV_108,0.0,1240,0.0,RC386274_18,64.07,26820.79,RC386274,183.46,0.0,64.25,P,SimuProB-3,EV_108
444.918,0.0,83.87,0.0,1,4.45,0,94.65,4.45,0.0,2.2,185.0,EV_108,0.0,1250,0.0,RC386274_18,64.1,26820.79,RC386274,183.46,0.0,64.28,P,SimuProB-3,EV_108
444.594,0.0,83.87,0.0,1,4.45,0,94.65,4.45,0.0,-2.5,185.0,EV_108,0.0,1260,0.0,RC386274_18,64.14,26820.79,RC386274,183.46,0.0,64.32,P,SimuProB-3,EV_108
444.554,0.0,83.87,0.0,1,4.45,0,94.65,4.45,0.0,1.9,185.0,EV_108,0.0,1270,0.0,RC386274_18,64.17,26820.79,RC386274,183.46,0.0,64.35,P,SimuProB-3,EV_108
397.842,35.0,83.87,2850.0,0,3.75,1,94.62,3.78,75.0,85.4,185.0,EV_108,0.0,0,0.0,DR624372_1,38.2,26821.0,DR624372,182.02,0.0,42.5,D,SimuProB-3,EV_108
396.668,45.0,83.87,3120.0,0,3.73,1,94.58,3.76,82.0,92.1,185.0,EV_108,0.0,10,0.0,DR624372_1,38.6,26821.23,DR624372,182.02,0.0,42.8,D,SimuProB-3,EV_108
397.097,30.0,83.87,2960.0,0,3.74,1,94.57,3.77,78.0,88.5,185.0,EV_108,0.0,20,0.0,DR624372_1,39.0,26821.44,DR624372,182.02,0.0,43.1,D,SimuProB-3,EV_108
394.502,55.0,83.87,3280.0,0,3.75,1,94.54,3.79,86.5,105.3,185.0,EV_108,0.0,30,0.0,DR624372_1,39.3,26821.68,DR624372,182.02,0.0,43.4,D,SimuProB-3,EV_108
393.489,62.0,83.87,3380.0,0,3.76,1,94.53,3.8,89.0,112.7,185.0,EV_108,0.0,40,0.0,DR624372_1,39.6,26821.93,DR624372,182.02,0.0,43.7,D,SimuProB-3,EV_108
394.752,40.0,83.87,3190.0,0,3.74,1,94.53,3.78,84.0,78.4,185.0,EV_108,0.0,50,0.0,DR624372_1,39.8,26822.16,DR624372,182.02,0.0,43.9,D,SimuProB-3,EV_108
393.396,65.0,83.87,3430.0,0,3.76,1,94.51,3.81,90.5,118.4,185.0,EV_108,0.0,60,0.0,DR624372_1,40.0,26822.41,DR624372,182.02,0.0,44.1,D,SimuProB-3,EV_108
391.861,72.0,83.87,3610.0,0,3.76,1,94.49,3.82,95.2,135.2,185.0,EV_108,0.0,70,0.0,DR624372_1,40.3,26822.68,DR624372,182.02,0.0,44.4,D,SimuProB-3,EV_108
393.992,42.0,83.87,3340.0,0,3.75,1,94.49,3.8,88.0,85.6,185.0,EV_108,0.0,80,0.0,DR624372_1,40.5,26822.92,DR624372,182.02,0.0,44.6,D,SimuProB-3,EV_108
392.549,55.0,83.87,3475.0,0,3.75,1,94.47,3.81,91.5,105.3,185.0,EV_108,0.0,90,0.0,DR624372_1,40.7,26823.17,DR624372,182.02,0.0,44.8,D,SimuProB-3,EV_108
394.606,38.0,83.87,3230.0,0,3.74,1,94.46,3.79,85.0,72.8,185.0,EV_108,0.0,100,0.0,DR624372_1,40.9,26823.41,DR624372,182.02,0.0,45.0,D,SimuProB-3,EV_108
391.543,70.0,83.87,3650.0,0,3.76,1,94.43,3.82,96.0,128.5,185.0,EV_108,0.0,110,0.0,DR624372_1,41.2,26823.68,DR624372,182.02,0.0,45.3,D,SimuProB-3,EV_108
393.206,45.0,83.87,3375.0,0,3.75,1,94.42,3.81,89.0,88.4,185.0,EV_108,0.0,120,0.0,DR624372_1,41.3,26823.93,DR624372,182.02,0.0,45.4,D,SimuProB-3,EV_108
390.712,68.0,83.87,3685.0,0,3.76,1,94.39,3.82,97.0,118.6,185.0,EV_108,0.0,130,0.0,DR624372_1,41.5,26824.2,DR624372,182.02,0.0,45.6,D,SimuProB-3,EV_108
394.65,35.0,83.87,3205.0,0,3.74,1,94.39,3.8,84.5,78.2,185.0,EV_108,0.0,140,0.0,DR624372_1,41.6,26824.43,DR624372,182.02,0.0,45.7,D,SimuProB-3,EV_108
391.907,40.0,83.87,3270.0,0,3.75,1,94.37,3.81,86.2,85.3,185.0,EV_108,0.0,150,0.0,DR624372_1,41.7,26824.67,DR624372,182.02,0.0,45.8,D,SimuProB-3,EV_108
388.376,65.0,83.87,3625.0,0,3.75,1,94.34,3.83,95.5,135.2,185.0,EV_108,0.0,160,0.0,DR624372_1,41.9,26824.93,DR624372,182.02,0.0,46.0,D,SimuProB-3,EV_108
393.881,0.0,83.87,3115.0,0,3.76,1,94.34,3.82,82.0,-25.4,185.0,EV_108,0.05,170,15.0,DR624372_1,42.0,26825.16,DR624372,182.02,0.0,46.1,D,SimuProB-3,EV_108
386.884,55.0,83.87,3550.0,0,3.75,1,94.32,3.82,93.5,95.4,185.0,EV_108,0.0,180,0.0,DR624372_1,42.2,26825.42,DR624372,182.02,0.0,46.3,D,SimuProB-3,EV_108
391.869,30.0,83.87,3150.0,0,3.74,1,94.31,3.81,83.0,72.8,185.0,EV_108,0.0,190,0.0,DR624372_1,42.3,26825.65,DR624372,182.02,0.0,46.4,D,SimuProB-3,EV_108
389.045,42.0,83.87,3325.0,0,3.75,1,94.29,3.83,87.5,88.6,185.0,EV_108,0.0,200,0.0,DR624372_1,42.5,26825.89,DR624372,182.02,0.0,46.6,D,SimuProB-3,EV_108
387.986,40.0,83.87,3350.0,0,3.75,1,94.27,3.82,88.2,82.3,185.0,EV_108,0.0,210,0.0,DR624372_1,42.6,26826.13,DR624372,182.02,0.0,46.7,D,SimuProB-3,EV_108
390.069,20.0,83.87,2870.0,0,3.74,1,94.26,3.81,75.5,55.1,185.0,EV_108,0.0,220,0.0,DR624372_1,42.7,26826.34,DR624372,182.02,0.0,46.8,D,SimuProB-3,EV_108
386.068,75.0,83.87,4020.0,0,3.75,1,94.24,3.83,105.8,110.5,185.0,EV_108,0.0,230,0.0,DR624372_1,42.8,26826.64,DR624372,182.02,0.0,46.9,D,SimuProB-3,EV_108
387.392,35.0,83.87,3500.0,0,3.76,1,94.22,3.83,92.0,62.4,185.0,EV_108,0.0,240,0.0,DR624372_1,43.0,26826.9,DR624372,182.02,0.0,47.1,D,SimuProB-3,EV_108
384.964,45.0,83.87,3680.0,0,3.76,1,94.21,3.84,96.5,78.9,185.0,EV_108,0.0,250,0.0,DR624372_1,43.2,26827.16,DR624372,182.02,0.0,47.3,D,SimuProB-3,EV_108
388.092,28.0,83.87,3360.0,0,3.75,1,94.19,3.83,88.0,58.2,185.0,EV_108,0.0,260,0.0,DR624372_1,43.3,26827.41,DR624372,182.02,0.0,47.4,D,SimuProB-3,EV_108
385.264,38.0,83.87,3550.0,0,3.76,1,94.17,3.84,93.2,72.5,185.0,EV_108,0.0,270,0.0,DR624372_1,43.4,26827.67,DR624372,182.02,0.0,47.5,D,SimuProB-3,EV_108
382.208,65.0,83.87,3900.0,0,3.77,1,94.15,3.85,102.5,98.3,185.0,EV_108,0.0,280,0.0,DR624372_1,43.6,26827.95,DR624372,182.02,0.0,47.7,D,SimuProB-3,EV_108
383.451,40.0,83.87,3650.0,0,3.76,1,94.15,3.84,95.8,68.7,185.0,EV_108,0.0,290,0.0,DR624372_1,43.8,26828.22,DR624372,182.02,0.0,47.9,D,SimuProB-3,EV_108
380.568,72.0,83.87,4120.0,0,3.78,1,94.13,3.86,108.2,105.4,185.0,EV_108,0.0,300,0.0,DR624372_1,44.0,26828.52,DR624372,182.02,0.0,48.1,D,SimuProB-3,EV_108
378.109,85.0,83.87,4400.0,0,3.79,1,94.1,3.87,115.6,118.7,185.0,EV_108,0.0,310,0.0,DR624372_1,44.2,26828.84,DR624372,182.02,0.0,48.3,D,SimuProB-3,EV_108
381.502,55.0,83.87,4030.0,0,3.77,1,94.1,3.85,105.8,82.3,185.0,EV_108,0.0,320,0.0,DR624372_1,44.4,26829.14,DR624372,182.02,0.0,48.5,D,SimuProB-3,EV_108
379.587,62.0,83.87,4200.0,0,3.78,1,94.08,3.86,110.2,95.4,185.0,EV_108,0.0,330,0.0,DR624372_1,44.5,26829.45,DR624372,182.02,0.0,48.6,D,SimuProB-3,EV_108
377.491,88.0,83.87,4520.0,0,3.79,1,94.07,3.88,118.5,125.8,185.0,EV_108,0.0,340,0.0,DR624372_1,44.7,26829.78,DR624372,182.02,0.0,48.8,D,SimuProB-3,EV_108
376.008,75.0,83.87,4280.0,0,3.8,1,94.06,3.89,112.4,132.1,185.0,EV_108,0.0,350,0.0,DR624372_1,44.9,26830.09,DR624372,182.02,0.0,49.1,D,SimuProB-3,EV_108
374.315,82.0,83.87,4450.0,0,3.81,1,94.03,3.91,116.8,145.2,185.0,EV_108,0.0,360,0.0,DR624372_1,45.2,26830.41,DR624372,182.02,0.0,49.4,D,SimuProB-3,EV_108
372.738,88.0,83.87,4550.0,0,3.82,1,94.02,3.92,119.2,152.6,185.0,EV_108,0.0,370,0.0,DR624372_1,45.5,26830.75,DR624372,182.02,0.0,49.7,D,SimuProB-3,EV_108
375.857,65.0,83.87,4290.0,0,3.8,1,94.01,3.9,112.5,110.4,185.0,EV_108,0.0,380,0.0,DR624372_1,45.7,26831.06,DR624372,182.02,0.0,49.9,D,SimuProB-3,EV_108
375.748,68.0,83.87,4350.0,0,3.81,1,93.98,3.91,114.2,115.3,185.0,EV_108,0.0,390,0.0,DR624372_1,45.9,26831.38,DR624372,182.02,0.0,50.1,D,SimuProB-3,EV_108
374.255,80.0,83.87,4490.0,0,3.83,1,93.96,3.93,117.8,138.7,185.0,EV_108,0.0,400,0.0,DR624372_1,46.1,26831.7,DR624372,182.02,0.0,50.3,D,SimuProB-3,EV_108
377.326,55.0,83.87,4210.0,0,3.82,1,93.94,3.92,110.5,98.5,185.0,EV_108,0.0,410,0.0,DR624372_1,46.3,26832.01,DR624372,182.02,0.0,50.4,D,SimuProB-3,EV_108
376.178,75.0,83.87,4430.0,0,3.81,1,93.91,3.91,116.3,125.4,185.0,EV_108,0.0,420,0.0,DR624372_1,46.5,26832.33,DR624372,182.02,0.0,50.6,D,SimuProB-3,EV_108
373.907,82.0,83.87,4530.0,0,3.83,1,93.89,3.93,118.9,145.2,185.0,EV_108,0.0,430,0.0,DR624372_1,46.7,26832.66,DR624372,182.02,0.0,50.8,D,SimuProB-3,EV_108
378.377,50.0,83.87,4240.0,0,3.82,1,93.86,3.92,111.2,95.8,185.0,EV_108,0.0,440,0.0,DR624372_1,46.8,26832.97,DR624372,182.02,0.0,50.9,D,SimuProB-3,EV_108
375.29,60.0,83.87,4320.0,0,3.82,1,93.83,3.92,113.5,118.5,185.0,EV_108,0.0,450,0.0,DR624372_1,46.9,26833.29,DR624372,182.02,0.0,51.0,D,SimuProB-3,EV_108
371.899,85.0,83.87,4550.0,0,3.84,1,93.81,3.94,119.2,155.3,185.0,EV_108,0.0,460,0.0,DR624372_1,47.1,26833.62,DR624372,182.02,0.0,51.2,D,SimuProB-3,EV_108
377.268,52.0,83.87,4270.0,0,3.82,1,93.8,3.92,112.0,102.1,185.0,EV_108,0.0,470,0.0,DR624372_1,47.2,26833.93,DR624372,182.02,0.0,51.3,D,SimuProB-3,EV_108
371.716,80.0,83.87,4480.0,0,3.84,1,93.77,3.94,117.5,148.7,185.0,EV_108,0.0,480,0.0,DR624372_1,47.3,26834.26,DR624372,182.02,0.0,51.4,D,SimuProB-3,EV_108
377.095,55.0,83.87,4220.0,0,3.83,1,93.77,3.93,110.8,105.3,185.0,EV_108,0.0,490,0.0,DR624372_1,47.4,26834.56,DR624372,182.02,0.0,51.5,D,SimuProB-3,EV_108
374.466,65.0,83.87,4350.0,0,3.83,1,93.75,3.93,114.2,122.9,185.0,EV_108,0.0,500,0.0,DR624372_1,47.5,26834.88,DR624372,182.02,0.0,51.6,D,SimuProB-3,EV_108
376.267,48.0,83.87,4130.0,0,3.82,1,93.73,3.92,108.5,98.4,185.0,EV_108,0.0,510,0.0,DR624372_1,47.6,26835.18,DR624372,182.02,0.0,51.7,D,SimuProB-3,EV_108
372.993,75.0,83.87,4410.0,0,3.84,1,93.72,3.94,115.8,135.6,185.0,EV_108,0.0,520,0.0,DR624372_1,47.7,26835.5,DR624372,182.02,0.0,51.8,D,SimuProB-3,EV_108
377.979,35.0,83.87,3900.0,0,3.81,1,93.7,3.91,102.4,85.2,185.0,EV_108,0.0,530,0.0,DR624372_1,47.8,26835.79,DR624372,182.02,0.0,51.9,D,SimuProB-3,EV_108
374.272,52.0,83.87,4160.0,0,3.83,1,93.67,3.93,109.2,118.5,185.0,EV_108,0.0,540,0.0,DR624372_1,47.9,26836.09,DR624372,182.02,0.0,52.0,D,SimuProB-3,EV_108
378.371,42.0,83.87,4010.0,0,3.82,1,93.67,3.92,105.3,82.1,185.0,EV_108,0.0,550,0.0,DR624372_1,48.0,26836.39,DR624372,182.02,0.0,52.1,D,SimuProB-3,EV_108
375.741,58.0,83.87,4290.0,0,3.84,1,93.65,3.94,112.5,102.7,185.0,EV_108,0.0,560,0.0,DR624372_1,48.1,26836.7,DR624372,182.02,0.0,52.2,D,SimuProB-3,EV_108
377.145,45.0,83.87,4130.0,0,3.83,1,93.62,3.93,108.5,95.4,185.0,EV_108,0.0,570,0.0,DR624372_1,48.2,26837.0,DR624372,182.02,0.0,52.3,D,SimuProB-3,EV_108
373.585,72.0,83.87,4500.0,0,3.84,1,93.61,3.95,118.2,142.8,185.0,EV_108,0.0,580,0.0,DR624372_1,48.3,26837.33,DR624372,182.02,0.0,52.4,D,SimuProB-3,EV_108
377.679,38.0,83.87,3990.0,0,3.82,1,93.6,3.92,104.8,88.6,185.0,EV_108,0.0,590,0.0,DR624372_1,48.4,26837.62,DR624372,182.02,0.0,52.5,D,SimuProB-3,EV_108
375.894,46.0,83.87,4160.0,0,3.83,1,93.58,3.93,109.2,98.5,185.0,EV_108,0.0,600,0.0,DR624372_1,48.5,26837.92,DR624372,182.02,0.0,52.6,D,SimuProB-3,EV_108
378.458,35.0,83.87,3910.0,0,3.81,1,93.57,3.91,102.5,75.2,185.0,EV_108,0.0,610,0.0,DR624372_1,48.6,26838.21,DR624372,182.02,0.0,52.7,D,SimuProB-3,EV_108
372.681,68.0,83.87,4410.0,0,3.84,1,93.57,3.94,115.8,135.4,185.0,EV_108,0.0,620,0.0,DR624372_1,48.7,26838.53,DR624372,182.02,0.0,52.8,D,SimuProB-3,EV_108
376.466,42.0,83.87,4060.0,0,3.82,1,93.55,3.93,106.5,92.3,185.0,EV_108,0.0,630,0.0,DR624372_1,48.8,26838.83,DR624372,182.02,0.0,52.9,D,SimuProB-3,EV_108
371.876,75.0,83.87,4540.0,0,3.85,1,93.54,3.95,119.4,148.6,185.0,EV_108,0.0,640,0.0,DR624372_1,48.9,26839.16,DR624372,182.02,0.0,53.0,D,SimuProB-3,EV_108
373.914,48.0,83.87,4120.0,0,3.83,1,93.53,3.94,108.2,105.7,185.0,EV_108,0.0,650,0.0,DR624372_1,49.0,26839.46,DR624372,182.02,0.0,53.1,D,SimuProB-3,EV_108
369.675,62.0,83.87,4360.0,0,3.84,1,93.52,3.94,114.3,142.5,185.0,EV_108,0.0,660,0.0,DR624372_1,49.1,26839.78,DR624372,182.02,0.0,53.2,D,SimuProB-3,EV_108
376.16,40.0,83.87,4040.0,0,3.83,1,93.52,3.93,105.8,98.1,185.0,EV_108,0.0,670,0.0,DR624372_1,49.2,26840.07,DR624372,182.02,0.0,53.3,D,SimuProB-3,EV_108
372.195,58.0,83.87,4300.0,0,3.84,1,93.52,3.94,112.6,128.3,185.0,EV_108,0.0,680,0.0,DR624372_1,49.3,26840.38,DR624372,182.02,0.0,53.4,D,SimuProB-3,EV_108
374.355,45.0,83.87,4140.0,0,3.85,1,93.52,3.95,108.5,115.4,185.0,EV_108,0.0,690,0.0,DR624372_1,49.4,26840.68,DR624372,182.02,0.0,53.5,D,SimuProB-3,EV_108
368.586,72.0,83.87,4460.0,0,3.84,1,93.51,3.96,116.8,155.2,185.0,EV_108,0.0,700,0.0,DR624372_1,49.5,26841.01,DR624372,182.02,0.0,53.6,D,SimuProB-3,EV_108
376.001,38.0,83.87,3910.0,0,3.83,1,93.5,3.94,102.4,102.3,185.0,EV_108,0.0,710,0.0,DR624372_1,49.6,26841.29,DR624372,182.02,0.0,53.7,D,SimuProB-3,EV_108
374.183,42.0,83.87,4050.0,0,3.84,1,93.48,3.94,106.2,118.5,185.0,EV_108,0.0,720,0.0,DR624372_1,49.7,26841.58,DR624372,182.02,0.0,53.8,D,SimuProB-3,EV_108
369.129,62.0,83.87,4370.0,0,3.83,1,93.47,3.95,114.5,142.8,185.0,EV_108,0.0,730,0.0,DR624372_1,49.8,26841.9,DR624372,182.02,0.0,53.9,D,SimuProB-3,EV_108
374.83,32.0,83.87,3770.0,0,3.84,1,93.46,3.94,98.7,95.6,185.0,EV_108,0.0,740,0.0,DR624372_1,49.9,26842.18,DR624372,182.02,0.0,54.0,D,SimuProB-3,EV_108
373.223,40.0,83.87,3980.0,0,3.84,1,93.44,3.95,104.3,108.4,185.0,EV_108,0.0,750,0.0,DR624372_1,50.0,26842.47,DR624372,182.02,0.0,54.1,D,SimuProB-3,EV_108
368.276,68.0,83.87,4300.0,0,3.83,1,93.43,3.96,112.8,145.6,185.0,EV_108,0.0,760,0.0,DR624372_1,50.1,26842.78,DR624372,182.02,0.0,54.2,D,SimuProB-3,EV_108
375.326,35.0,83.87,3800.0,0,3.84,1,93.43,3.95,99.5,98.2,185.0,EV_108,0.0,770,0.0,DR624372_1,50.2,26843.06,DR624372,182.02,0.0,54.3,D,SimuProB-3,EV_108
367.395,75.0,83.87,4510.0,0,3.82,1,93.41,3.96,118.2,155.3,185.0,EV_108,0.0,780,0.0,DR624372_1,50.4,26843.39,DR624372,182.02,0.0,54.5,D,SimuProB-3,EV_108
371.673,38.0,83.87,3870.0,0,3.83,1,93.39,3.95,101.4,105.6,185.0,EV_108,0.0,790,0.0,DR624372_1,50.5,26843.67,DR624372,182.02,0.0,54.6,D,SimuProB-3,EV_108
367.1,85.0,83.87,4580.0,0,3.82,1,93.36,3.97,120.0,162.1,185.0,EV_108,0.0,800,0.0,DR624372_1,50.7,26844.0,DR624372,182.02,0.0,54.8,D,SimuProB-3,EV_108
367.076,72.0,83.87,4410.0,0,3.81,1,93.32,3.97,115.5,168.5,185.0,EV_108,0.0,810,0.0,DR624372_1,51.0,26844.32,DR624372,182.02,0.0,55.1,D,SimuProB-3,EV_108
372.538,42.0,83.87,4020.0,0,3.83,1,93.29,3.96,105.2,110.2,185.0,EV_108,0.0,820,0.0,DR624372_1,51.2,26844.61,DR624372,182.02,0.0,55.3,D,SimuProB-3,EV_108
365.736,88.0,83.87,4570.0,0,3.8,1,93.25,3.98,119.8,175.4,185.0,EV_108,0.0,830,0.0,DR624372_1,51.6,26844.95,DR624372,182.02,0.0,55.7,D,SimuProB-3,EV_108
365.997,65.0,83.87,4300.0,0,3.82,1,93.2,3.96,112.4,145.3,185.0,EV_108,0.0,840,0.0,DR624372_1,51.8,26845.26,DR624372,182.02,0.0,55.9,D,SimuProB-3,EV_108
369.262,35.0,83.87,3750.0,0,3.84,1,93.18,3.95,98.5,98.7,185.0,EV_108,0.0,850,0.0,DR624372_1,51.9,26845.54,DR624372,182.02,0.0,56.0,D,SimuProB-3,EV_108
367.971,55.0,83.87,4150.0,0,3.83,1,93.15,3.97,108.7,125.6,185.0,EV_108,0.0,860,0.0,DR624372_1,52.1,26845.84,DR624372,182.02,0.0,56.2,D,SimuProB-3,EV_108
366.695,52.0,83.87,4180.0,0,3.83,1,93.11,3.96,109.5,135.2,185.0,EV_108,0.0,870,0.0,DR624372_1,52.3,26846.14,DR624372,182.02,0.0,56.4,D,SimuProB-3,EV_108
364.912,72.0,83.87,4360.0,0,3.82,1,93.07,3.97,114.2,155.6,185.0,EV_108,0.0,880,0.0,DR624372_1,52.5,26846.46,DR624372,182.02,0.0,56.7,D,SimuProB-3,EV_108
366.82,48.0,83.87,4080.0,0,3.84,1,93.05,3.95,106.8,118.4,185.0,EV_108,0.0,890,0.0,DR624372_1,52.7,26846.76,DR624372,182.02,0.0,56.9,D,SimuProB-3,EV_108
365.733,32.0,83.87,3950.0,0,3.85,1,93.03,3.96,103.2,102.3,185.0,EV_108,0.0,900,0.0,DR624372_1,52.8,26847.05,DR624372,182.02,0.0,57.0,D,SimuProB-3,EV_108
364.051,65.0,83.87,4300.0,0,3.82,1,93.02,3.97,112.5,145.8,185.0,EV_108,0.0,910,0.0,DR624372_1,53.0,26847.36,DR624372,182.02,0.0,57.2,D,SimuProB-3,EV_108
367.222,0.0,83.87,3650.0,0,3.86,1,93.02,3.96,95.8,-25.4,185.0,EV_108,0.05,920,15.0,DR624372_1,53.1,26847.63,DR624372,182.02,0.0,57.3,D,SimuProB-3,EV_108
365.011,55.0,83.87,4150.0,0,3.83,1,93.01,3.97,108.5,135.5,185.0,EV_108,0.0,930,0.0,DR624372_1,53.2,26847.93,DR624372,182.02,0.0,57.4,D,SimuProB-3,EV_108
366.679,38.0,83.87,3840.0,0,3.84,1,93.0,3.96,100.5,105.2,185.0,EV_108,0.0,940,0.0,DR624372_1,53.3,26848.21,DR624372,182.02,0.0,57.5,D,SimuProB-3,EV_108
365.011,68.0,83.87,4250.0,0,3.82,1,92.97,3.97,111.2,148.3,185.0,EV_108,0.0,950,0.0,DR624372_1,53.5,26848.52,DR624372,182.02,0.0,57.7,D,SimuProB-3,EV_108
363.662,72.0,83.87,4360.0,0,3.81,1,92.93,3.97,114.2,152.5,185.0,EV_108,0.0,960,0.0,DR624372_1,53.6,26848.84,DR624372,182.02,0.0,57.8,D,SimuProB-3,EV_108
365.716,40.0,83.87,3930.0,0,3.84,1,92.93,3.96,102.8,110.4,185.0,EV_108,0.0,970,0.0,DR624372_1,53.7,26849.12,DR624372,182.02,0.0,57.9,D,SimuProB-3,EV_108
363.696,62.0,83.87,4220.0,0,3.82,1,92.92,3.97,110.5,142.6,185.0,EV_108,0.0,980,0.0,DR624372_1,53.8,26849.43,DR624372,182.02,0.0,58.0,D,SimuProB-3,EV_108
362.648,58.0,83.87,4150.0,0,3.83,1,92.88,3.98,108.5,145.8,185.0,EV_108,0.0,990,0.0,DR624372_1,54.0,26849.73,DR624372,182.02,0.0,58.2,D,SimuProB-3,EV_108
358.066,82.0,83.87,4520.0,0,3.8,1,92.83,3.99,118.2,185.3,185.0,EV_108,0.0,1000,0.0,DR624372_1,54.3,26850.06,DR624372,182.02,0.0,58.5,D,SimuProB-3,EV_108
361.293,45.0,83.87,4010.0,0,3.85,1,92.82,3.97,104.8,125.6,185.0,EV_108,0.0,1010,0.0,DR624372_1,54.4,26850.35,DR624372,182.02,0.0,58.6,D,SimuProB-3,EV_108
360.105,42.0,83.87,4075.0,0,3.85,1,92.8,3.97,106.5,115.2,185.0,EV_108,0.0,1020,0.0,DR624372_1,54.6,26850.65,DR624372,182.02,0.0,58.8,D,SimuProB-3,EV_108
361.683,35.0,83.87,3830.0,0,3.86,1,92.78,3.98,100.2,98.5,185.0,EV_108,0.0,1030,0.0,DR624372_1,54.8,26850.92,DR624372,182.02,0.0,59.0,D,SimuProB-3,EV_108
363.22,28.0,83.87,3650.0,0,3.87,1,92.77,3.99,95.4,85.3,185.0,EV_108,0.0,1040,0.0,DR624372_1,54.9,26851.19,DR624372,182.02,0.0,59.1,D,SimuProB-3,EV_108
363.453,30.0,83.87,3704.0,0,3.875,1,92.77,3.995,96.8,78.4,185.0,EV_108,0.0,1050,0.0,DR624372_1,55.0,26851.46,DR624372,182.02,0.0,59.2,D,SimuProB-3,EV_108
362.055,65.0,83.87,3920.0,0,3.85,1,92.74,4.01,102.5,145.2,185.0,EV_108,0.0,1060,0.0,DR624372_1,55.1,26851.74,DR624372,182.02,0.0,59.4,D,SimuProB-3,EV_108
365.467,32.0,83.87,3755.0,0,3.88,1,92.74,4.005,98.2,88.6,185.0,EV_108,0.0,1070,0.0,DR624372_1,55.2,26852.02,DR624372,182.02,0.0,59.5,D,SimuProB-3,EV_108
364.959,33.0,83.87,3805.0,0,3.882,1,92.72,4.008,99.5,92.4,185.0,EV_108,0.0,1080,0.0,DR624372_1,55.3,26852.3,DR624372,182.02,0.0,59.6,D,SimuProB-3,EV_108
365.94,29.0,83.87,3713.0,0,3.888,1,92.72,4.012,97.1,84.7,185.0,EV_108,0.0,1090,0.0,DR624372_1,55.4,26852.57,DR624372,182.02,0.0,59.7,D,SimuProB-3,EV_108
363.009,55.0,83.87,3970.0,0,3.865,1,92.71,4.018,103.8,115.6,185.0,EV_108,0.0,1100,0.0,DR624372_1,55.5,26852.85,DR624372,182.02,0.0,59.8,D,SimuProB-3,EV_108
362.24,58.0,83.87,4025.0,0,3.87,1,92.7,4.02,105.2,125.4,185.0,EV_108,0.0,1110,0.0,DR624372_1,55.6,26853.14,DR624372,182.02,0.0,59.9,D,SimuProB-3,EV_108
366.497,38.0,83.87,3895.0,0,3.885,1,92.67,4.015,101.8,95.3,185.0,EV_108,0.0,1120,0.0,DR624372_1,55.7,26853.42,DR624372,182.02,0.0,60.0,D,SimuProB-3,EV_108
364.323,48.0,83.87,3945.0,0,3.875,1,92.67,4.025,103.1,108.9,185.0,EV_108,0.0,1130,0.0,DR624372_1,55.8,26853.71,DR624372,182.02,0.0,60.1,D,SimuProB-3,EV_108
366.142,45.0,83.87,3998.0,0,3.872,1,92.66,4.022,104.5,102.4,185.0,EV_108,0.0,1140,0.0,DR624372_1,55.9,26854.0,DR624372,182.02,0.0,60.2,D,SimuProB-3,EV_108
363.864,62.0,83.87,4140.0,0,3.868,1,92.64,4.028,108.2,118.7,185.0,EV_108,0.0,1150,0.0,DR624372_1,56.0,26854.3,DR624372,182.02,0.0,60.3,D,SimuProB-3,EV_108
365.772,42.0,83.87,4056.0,0,3.88,1,92.64,4.024,106.0,98.5,185.0,EV_108,0.0,1160,0.0,DR624372_1,56.1,26854.6,DR624372,182.02,0.0,60.4,D,SimuProB-3,EV_108
363.175,44.0,83.87,4100.0,0,3.876,1,92.61,4.026,107.5,115.2,185.0,EV_108,0.0,1170,0.0,DR624372_1,56.2,26854.9,DR624372,182.02,0.0,60.5,D,SimuProB-3,EV_108
365.04,36.0,83.87,3980.0,0,3.883,1,92.6,4.023,104.2,92.8,185.0,EV_108,0.0,1180,0.0,DR624372_1,56.3,26855.19,DR624372,182.02,0.0,60.6,D,SimuProB-3,EV_108
367.052,0.0,83.87,3750.0,0,3.888,1,92.59,4.028,98.5,-15.4,185.0,EV_108,0.05,1190,12.0,DR624372_1,56.4,26855.46,DR624372,182.02,0.0,60.7,D,SimuProB-3,EV_108
365.742,38.0,83.87,4020.0,0,3.89,1,92.55,4.03,105.0,105.5,185.0,EV_108,0.0,1200,0.0,DR624372_1,56.5,26855.75,DR624372,182.02,0.0,60.8,D,SimuProB-3,EV_108
364.799,55.0,83.87,4220.0,0,3.885,1,92.54,4.032,110.5,125.3,185.0,EV_108,0.0,1210,0.0,DR624372_1,56.6,26856.06,DR624372,182.02,0.0,60.9,D,SimuProB-3,EV_108
368.437,0.0,83.87,3900.0,0,3.9,1,92.52,4.035,102.0,-45.2,185.0,EV_108,0.08,1220,35.0,DR624372_1,56.7,26856.34,DR624372,182.02,0.0,61.0,D,SimuProB-3,EV_108
366.523,42.0,83.87,4120.0,0,3.902,1,92.51,4.036,108.2,110.4,185.0,EV_108,0.0,1230,0.0,DR624372_1,56.8,26856.64,DR624372,182.02,0.0,61.1,D,SimuProB-3,EV_108
365.794,48.0,83.87,4280.0,0,3.905,1,92.49,4.038,112.4,118.7,185.0,EV_108,0.0,1240,0.0,DR624372_1,56.9,26856.95,DR624372,182.02,0.0,61.2,D,SimuProB-3,EV_108
368.934,0.0,83.87,3820.0,0,3.908,1,92.47,4.04,100.5,-22.3,185.0,EV_108,0.06,1250,15.0,DR624372_1,57.0,26857.23,DR624372,182.02,0.0,61.3,D,SimuProB-3,EV_108
363.149,45.0,83.87,4010.0,0,3.91,1,92.45,4.042,105.3,135.5,185.0,EV_108,0.0,1260,0.0,DR624372_1,57.1,26857.52,DR624372,182.02,0.0,61.4,D,SimuProB-3,EV_108
368.997,0.0,83.87,3740.0,0,3.912,1,92.45,4.045,98.2,-15.4,185.0,EV_108,0.05,1270,12.0,DR624372_1,57.2,26857.8,DR624372,182.02,0.0,61.5,D,SimuProB-3,EV_108
365.41,44.0,83.87,4140.0,0,3.915,1,92.42,4.048,108.7,112.6,185.0,EV_108,0.0,0,0.0,DR624372_2,57.3,26858.1,DR624372,182.02,0.0,61.6,D,SimuProB-3,EV_108
362.81,52.0,83.87,4200.0,0,3.918,1,92.4,4.05,110.5,142.3,185.0,EV_108,0.0,10,0.0,DR624372_2,57.5,26858.41,DR624372,182.02,0.0,61.8,D,SimuProB-3,EV_108
366.005,0.0,83.87,3920.0,0,3.92,1,92.38,4.052,102.8,-18.5,185.0,EV_108,0.05,20,10.0,DR624372_2,57.6,26858.69,DR624372,182.02,0.0,61.9,D,SimuProB-3,EV_108
363.326,46.0,83.87,4160.0,0,3.922,1,92.38,4.055,109.2,125.7,185.0,EV_108,0.0,30,0.0,DR624372_2,57.8,26859.0,DR624372,182.02,0.0,62.1,D,SimuProB-3,EV_108
360.991,50.0,83.87,4240.0,0,3.925,1,92.35,4.058,111.4,135.2,185.0,EV_108,0.0,40,0.0,DR624372_2,58.0,26859.31,DR624372,182.02,0.0,62.3,D,SimuProB-3,EV_108
361.924,42.0,83.87,4120.0,0,3.928,1,92.32,4.06,108.2,118.5,185.0,EV_108,0.0,50,0.0,DR624372_2,58.2,26859.61,DR624372,182.02,0.0,62.5,D,SimuProB-3,EV_108
357.876,58.0,83.87,4320.0,0,3.93,1,92.31,4.062,113.5,148.9,185.0,EV_108,0.0,60,0.0,DR624372_2,58.5,26859.93,DR624372,182.02,0.0,62.8,D,SimuProB-3,EV_108
354.186,62.0,83.87,4385.0,0,3.932,1,92.28,4.065,115.2,162.4,185.0,EV_108,0.0,70,0.0,DR624372_2,58.8,26860.25,DR624372,182.02,0.0,63.1,D,SimuProB-3,EV_108
353.323,68.0,83.87,4483.0,0,3.935,1,92.26,4.068,117.8,170.1,185.0,EV_108,0.0,80,0.0,DR624372_2,59.1,26860.58,DR624372,182.02,0.0,63.4,D,SimuProB-3,EV_108
354.688,55.0,83.87,4279.0,0,3.938,1,92.25,4.07,112.4,145.6,185.0,EV_108,0.0,90,0.0,DR624372_2,59.3,26860.89,DR624372,182.02,0.0,63.6,D,SimuProB-3,EV_108
352.267,58.0,83.87,4358.0,0,3.94,1,92.22,4.072,114.5,155.2,185.0,EV_108,0.0,100,0.0,DR624372_2,59.6,26861.21,DR624372,182.02,0.0,63.9,D,SimuProB-3,EV_108
350.363,65.0,83.87,4446.0,0,3.942,1,92.2,4.075,116.8,168.5,185.0,EV_108,0.0,110,0.0,DR624372_2,59.9,26861.53,DR624372,182.02,0.0,64.3,D,SimuProB-3,EV_108
353.517,0.0,83.87,4001.0,0,3.945,1,92.2,4.078,105.2,-25.4,185.0,EV_108,0.05,120,35.0,DR624372_2,60.2,26861.82,DR624372,182.02,0.0,64.5,D,SimuProB-3,EV_108
351.663,52.0,83.87,4185.0,0,3.943,1,92.18,4.076,110.0,140.5,185.0,EV_108,0.0,130,0.0,DR624372_2,60.3,26862.13,DR624372,182.02,0.0,64.6,D,SimuProB-3,EV_108
350.242,70.0,83.87,4508.0,0,3.946,1,92.17,4.079,118.5,162.3,185.0,EV_108,0.0,140,0.0,DR624372_2,60.5,26862.45,DR624372,182.02,0.0,64.8,D,SimuProB-3,EV_108
353.041,40.0,83.87,3890.0,0,3.948,1,92.16,4.081,102.3,125.8,185.0,EV_108,0.0,150,0.0,DR624372_2,60.7,26862.74,DR624372,182.02,0.0,65.0,D,SimuProB-3,EV_108
351.469,45.0,83.87,4123.0,0,3.946,1,92.15,4.08,108.4,138.6,185.0,EV_108,0.0,160,0.0,DR624372_2,60.8,26863.04,DR624372,182.02,0.0,65.0,D,SimuProB-3,EV_108
349.734,60.0,83.87,4382.0,0,3.947,1,92.13,4.082,115.2,165.4,185.0,EV_108,0.0,170,0.0,DR624372_2,61.0,26863.36,DR624372,182.02,0.0,65.0,D,SimuProB-3,EV_108
351.857,0.0,83.87,3748.0,0,3.948,1,92.12,4.083,98.5,-18.2,185.0,EV_108,0.06,180,40.0,DR624372_2,61.1,26863.63,DR624372,182.02,0.0,65.0,D,SimuProB-3,EV_108
350.038,45.0,83.87,4005.0,0,3.947,1,92.09,4.081,105.2,145.5,185.0,EV_108,0.0,190,0.0,DR624372_2,61.3,26863.92,DR624372,182.02,0.0,65.0,D,SimuProB-3,EV_108
348.918,65.0,83.87,4294.0,0,3.945,1,92.09,4.084,112.8,172.8,185.0,EV_108,0.0,200,0.0,DR624372_2,61.5,26864.24,DR624372,182.02,0.0,65.0,D,SimuProB-3,EV_108
352.363,0.0,83.87,3630.0,0,3.949,1,92.08,4.085,95.4,-25.4,185.0,EV_108,0.08,210,50.0,DR624372_2,61.6,26864.5,DR624372,182.02,0.0,65.0,D,SimuProB-3,EV_108
347.366,75.0,83.87,4512.0,0,3.944,1,92.06,4.086,118.5,188.5,185.0,EV_108,0.0,220,0.0,DR624372_2,61.7,26864.83,DR624372,182.02,0.0,65.0,D,SimuProB-3,EV_108
350.081,50.0,83.87,4220.0,0,3.947,1,92.06,4.083,110.8,152.3,185.0,EV_108,0.0,230,0.0,DR624372_2,61.8,26865.14,DR624372,182.02,0.0,65.0,D,SimuProB-3,EV_108
353.459,0.0,83.87,3900.0,0,3.95,1,92.06,4.087,102.4,-22.6,185.0,EV_108,0.07,240,30.0,DR624372_2,61.9,26865.42,DR624372,182.02,0.0,65.0,D,SimuProB-3,EV_108
348.669,45.0,83.87,4132.0,0,3.948,1,92.05,4.084,108.5,145.6,185.0,EV_108,0.0,250,0.0,DR624372_2,62.0,26865.72,DR624372,182.02,0.0,65.0,D,SimuProB-3,EV_108
352.085,0.0,83.87,3739.0,0,3.951,1,92.04,4.086,98.2,-18.4,185.0,EV_108,0.06,260,25.0,DR624372_2,62.1,26865.99,DR624372,182.02,0.0,65.0,D,SimuProB-3,EV_108
346.536,78.0,83.87,4432.0,0,3.942,1,92.03,4.088,116.4,195.2,185.0,EV_108,0.0,270,0.0,DR624372_2,62.2,26866.32,DR624372,182.02,0.0,65.0,D,SimuProB-3,EV_108
345.277,82.0,83.87,4501.0,0,3.94,1,92.01,4.089,118.2,188.5,185.0,EV_108,0.0,280,0.0,DR624372_2,62.3,26866.65,DR624372,182.02,0.0,65.0,D,SimuProB-3,EV_108
351.919,48.0,83.87,4285.0,0,3.945,1,92.0,4.087,112.5,125.4,185.0,EV_108,0.0,290,0.0,DR624372_2,62.4,26866.96,DR624372,182.02,0.0,65.0,D,SimuProB-3,EV_108
349.671,52.0,83.87,4380.0,0,3.943,1,91.99,4.086,115.0,135.8,185.0,EV_108,0.0,300,0.0,DR624372_2,62.5,26867.28,DR624372,182.02,0.0,65.0,D,SimuProB-3,EV_108
345.142,55.0,83.87,4335.0,0,3.941,1,91.96,4.085,113.8,142.5,185.0,EV_108,0.0,310,0.0,DR624372_2,62.6,26867.6,DR624372,182.02,0.0,65.0,D,SimuProB-3,EV_108
348.586,42.0,83.87,4134.0,0,3.944,1,91.95,4.086,108.5,118.2,185.0,EV_108,0.0,320,0.0,DR624372_2,62.7,26867.9,DR624372,182.02,0.0,65.0,D,SimuProB-3,EV_108
343.357,65.0,83.87,4237.0,0,3.939,1,91.93,4.084,111.2,155.8,185.0,EV_108,0.0,330,0.0,DR624372_2,62.8,26868.21,DR624372,182.02,0.0,65.0,D,SimuProB-3,EV_108
345.883,58.0,83.87,4268.0,0,3.939,1,91.92,4.084,112.0,148.5,185.0,EV_108,0.0,340,0.0,DR624372_2,62.9,26868.52,DR624372,182.02,0.0,65.0,D,SimuProB-3,EV_108
342.067,68.0,83.87,4363.0,0,3.937,1,91.9,4.083,114.5,162.3,185.0,EV_108,0.0,350,0.0,DR624372_2,63.0,26868.84,DR624372,182.02,0.0,65.0,D,SimuProB-3,EV_108
344.738,45.0,83.87,4185.0,0,3.94,1,91.9,4.085,109.8,132.1,185.0,EV_108,0.0,360,0.0,DR624372_2,63.1,26869.14,DR624372,182.02,0.0,65.0,D,SimuProB-3,EV_108
342.827,62.0,83.87,4316.0,0,3.935,1,91.89,4.082,113.2,158.0,185.0,EV_108,0.0,370,0.0,DR624372_2,63.3,26869.45,DR624372,182.02,0.0,65.0,D,SimuProB-3,EV_108
340.502,70.0,83.87,4423.0,0,3.932,1,91.88,4.08,116.0,165.5,185.0,EV_108,0.0,380,0.0,DR624372_2,63.5,26869.78,DR624372,182.02,0.0,65.0,D,SimuProB-3,EV_108
343.174,48.0,83.87,4213.0,0,3.936,1,91.88,4.083,110.5,135.0,185.0,EV_108,0.0,390,0.0,DR624372_2,63.6,26870.08,DR624372,182.02,0.0,65.0,D,SimuProB-3,EV_108
341.81,52.0,83.87,4251.0,0,3.934,1,91.86,4.081,111.5,145.2,185.0,EV_108,0.0,400,0.0,DR624372_2,63.7,26870.39,DR624372,182.02,0.0,65.0,D,SimuProB-3,EV_108
342.49,42.0,83.87,4125.0,0,3.936,1,91.84,4.083,108.2,138.5,185.0,EV_108,0.0,410,0.0,DR624372_2,63.8,26870.69,DR624372,182.02,0.0,65.0,D,SimuProB-3,EV_108
339.774,65.0,83.87,4338.0,0,3.932,1,91.84,4.08,113.8,155.0,185.0,EV_108,0.0,420,0.0,DR624372_2,63.9,26871.01,DR624372,182.02,0.0,65.0,D,SimuProB-3,EV_108
340.583,45.0,83.87,4190.0,0,3.935,1,91.83,4.082,110.0,148.0,185.0,EV_108,0.0,430,0.0,DR624372_2,64.0,26871.32,DR624372,182.02,0.0,65.0,D,SimuProB-3,EV_108
341.151,38.0,83.87,4018.0,0,3.934,1,91.82,4.081,105.5,132.5,185.0,EV_108,0.0,440,0.0,DR624372_2,64.1,26871.61,DR624372,182.02,0.0,65.0,D,SimuProB-3,EV_108
339.22,62.0,83.87,4268.0,0,3.931,1,91.81,4.083,112.0,158.0,185.0,EV_108,0.0,450,0.0,DR624372_2,64.2,26871.92,DR624372,182.02,0.0,65.0,D,SimuProB-3,EV_108
338.466,68.0,83.87,4363.0,0,3.93,1,91.79,4.084,114.5,162.3,185.0,EV_108,0.0,460,0.0,DR624372_2,64.3,26872.24,DR624372,182.02,0.0,65.0,D,SimuProB-3,EV_108
341.693,35.0,83.87,4068.0,0,3.936,1,91.79,4.08,106.8,125.6,185.0,EV_108,0.0,470,0.0,DR624372_2,64.4,26872.53,DR624372,182.02,0.0,65.0,D,SimuProB-3,EV_108
340.422,55.0,83.87,4237.0,0,3.932,1,91.79,4.082,111.2,145.2,185.0,EV_108,0.0,480,0.0,DR624372_2,64.5,26872.84,DR624372,182.02,0.0,65.0,D,SimuProB-3,EV_108
338.45,60.0,83.87,4337.0,0,3.933,1,91.76,4.085,113.8,155.4,185.0,EV_108,0.0,490,0.0,DR624372_2,64.6,26873.16,DR624372,182.02,0.0,65.0,D,SimuProB-3,EV_108
341.708,32.0,83.87,4007.0,0,3.937,1,91.76,4.081,105.2,118.6,185.0,EV_108,0.0,500,0.0,DR624372_2,64.7,26873.45,DR624372,182.02,0.0,65.0,D,SimuProB-3,EV_108
340.66,52.0,83.87,4209.0,0,3.931,1,91.75,4.083,110.5,142.9,185.0,EV_108,0.0,510,0.0,DR624372_2,64.8,26873.76,DR624372,182.02,0.0,65.0,D,SimuProB-3,EV_108
339.493,42.0,83.87,4133.0,0,3.93,1,91.74,4.081,108.5,135.4,185.0,EV_108,0.0,520,0.0,DR624372_2,64.9,26874.06,DR624372,182.02,0.0,65.0,D,SimuProB-3,EV_108
341.823,22.0,83.87,3753.0,0,3.935,1,91.73,4.084,98.5,98.2,185.0,EV_108,0.0,530,0.0,DR624372_2,65.0,26874.33,DR624372,182.02,0.0,65.0,D,SimuProB-3,EV_108
341.41,38.0,83.87,3970.0,0,3.932,1,91.72,4.082,104.2,115.8,185.0,EV_108,0.0,540,0.0,DR624372_2,65.0,26874.62,DR624372,182.02,0.0,65.0,D,SimuProB-3,EV_108
339.72,40.0,83.87,4069.0,0,3.933,1,91.71,4.082,106.8,128.5,185.0,EV_108,0.0,550,0.0,DR624372_2,65.0,26874.92,DR624372,182.02,0.0,65.0,D,SimuProB-3,EV_108
339.744,55.0,83.87,4281.0,0,3.93,1,91.68,4.084,112.4,145.2,185.0,EV_108,0.0,560,0.0,DR624372_2,65.0,26875.23,DR624372,182.02,0.0,65.0,D,SimuProB-3,EV_108
340.812,28.0,83.87,3828.0,0,3.934,1,91.67,4.083,100.5,105.3,185.0,EV_108,0.0,570,0.0,DR624372_2,65.0,26875.51,DR624372,182.02,0.0,65.0,D,SimuProB-3,EV_108
340.297,20.0,83.87,3665.0,0,3.931,1,91.65,4.081,96.2,92.4,185.0,EV_108,0.0,580,0.0,DR624372_2,65.0,26875.78,DR624372,182.02,0.0,65.0,D,SimuProB-3,EV_108
340.323,35.0,83.87,3905.0,0,3.933,1,91.64,4.083,102.5,108.7,185.0,EV_108,0.0,590,0.0,DR624372_2,65.0,26876.06,DR624372,182.02,0.0,65.0,D,SimuProB-3,EV_108
339.257,52.0,83.87,4221.0,0,3.931,1,91.63,4.085,110.8,135.6,185.0,EV_108,0.0,600,0.0,DR624372_2,65.0,26876.37,DR624372,182.02,0.0,65.0,D,SimuProB-3,EV_108
338.037,58.0,83.87,4361.0,0,3.928,1,91.61,4.086,114.5,142.3,185.0,EV_108,0.0,610,0.0,DR624372_2,65.0,26876.69,DR624372,182.02,0.0,65.0,D,SimuProB-3,EV_108
339.761,32.0,83.87,4007.0,0,3.932,1,91.59,4.085,105.2,95.6,185.0,EV_108,0.0,620,0.0,DR624372_2,65.0,26876.98,DR624372,182.02,0.0,65.0,D,SimuProB-3,EV_108
338.73,48.0,83.87,4262.0,0,3.929,1,91.59,4.087,111.8,118.9,185.0,EV_108,0.0,630,0.0,DR624372_2,65.0,26877.29,DR624372,182.02,0.0,65.0,D,SimuProB-3,EV_108
337.746,45.0,83.87,4125.0,0,3.927,1,91.58,4.088,108.3,132.5,185.0,EV_108,0.0,640,0.0,DR624372_2,65.0,26877.59,DR624372,182.02,0.0,65.0,D,SimuProB-3,EV_108
339.564,28.0,83.87,3812.0,0,3.93,1,91.56,4.086,100.1,98.2,185.0,EV_108,0.0,650,0.0,DR624372_2,65.0,26877.87,DR624372,182.02,0.0,65.0,D,SimuProB-3,EV_108
337.844,62.0,83.87,4333.0,0,3.925,1,91.54,4.089,113.7,145.8,185.0,EV_108,0.0,660,0.0,DR624372_2,65.0,26878.18,DR624372,182.02,0.0,65.0,D,SimuProB-3,EV_108
339.506,25.0,83.87,3902.0,0,3.931,1,91.51,4.084,102.5,88.4,185.0,EV_108,0.0,670,0.0,DR624372_2,65.0,26878.46,DR624372,182.02,0.0,65.0,D,SimuProB-3,EV_108
337.924,55.0,83.87,4181.0,0,3.926,1,91.51,4.087,109.8,125.6,185.0,EV_108,0.0,680,0.0,DR624372_2,65.0,26878.77,DR624372,182.02,0.0,65.0,D,SimuProB-3,EV_108
337.026,68.0,83.87,4387.0,0,3.924,1,91.51,4.089,115.2,138.2,185.0,EV_108,0.0,690,0.0,DR624372_2,65.0,26879.09,DR624372,182.02,0.0,65.0,D,SimuProB-3,EV_108
336.643,72.0,83.87,4518.0,0,3.921,1,91.5,4.091,118.5,155.4,185.0,EV_108,0.0,700,0.0,DR624372_2,65.0,26879.42,DR624372,182.02,0.0,65.0,D,SimuProB-3,EV_108
335.554,78.0,83.87,4625.0,0,3.918,1,91.48,4.093,121.3,162.1,185.0,EV_108,0.0,710,0.0,DR624372_2,65.0,26879.76,DR624372,182.02,0.0,65.0,D,SimuProB-3,EV_108
337.179,32.0,83.87,4049.0,0,3.924,1,91.47,4.088,106.2,95.6,185.0,EV_108,0.0,720,0.0,DR624372_2,65.0,26880.05,DR624372,182.02,0.0,65.0,D,SimuProB-3,EV_108
335.411,52.0,83.87,4283.0,0,3.922,1,91.45,4.09,112.4,145.2,185.0,EV_108,0.0,730,0.0,DR624372_2,65.0,26880.36,DR624372,182.02,0.0,65.0,D,SimuProB-3,EV_108
334.186,75.0,83.87,4489.0,0,3.915,1,91.41,4.095,117.8,168.5,185.0,EV_108,0.0,740,0.0,DR624372_2,65.0,26880.69,DR624372,182.02,0.0,65.0,D,SimuProB-3,EV_108
335.858,25.0,83.87,3143.0,0,3.925,1,91.41,4.088,82.5,45.8,185.0,EV_108,0.0,750,12.0,DR624372_2,65.0,26880.92,DR624372,182.02,0.0,65.0,D,SimuProB-3,EV_108
334.872,45.0,83.87,4135.0,0,3.919,1,91.4,4.091,108.5,110.5,185.0,EV_108,0.0,760,0.0,DR624372_2,65.0,26881.22,DR624372,182.02,0.0,65.0,D,SimuProB-3,EV_108
336.361,22.0,83.87,3628.0,0,3.921,1,91.38,4.089,95.2,55.2,185.0,EV_108,0.0,770,0.0,DR624372_2,65.0,26881.49,DR624372,182.02,0.0,65.0,D,SimuProB-3,EV_108
333.937,68.0,83.87,4374.0,0,3.916,1,91.37,4.094,114.8,140.8,185.0,EV_108,0.0,780,0.0,DR624372_2,65.0,26881.8,DR624372,182.02,0.0,65.0,D,SimuProB-3,EV_108
332.776,72.0,83.87,4439.0,0,3.914,1,91.35,4.096,116.5,155.2,185.0,EV_108,0.0,790,0.0,DR624372_2,65.0,26882.12,DR624372,182.02,0.0,65.0,D,SimuProB-3,EV_108
335.239,20.0,83.87,3252.0,0,3.922,1,91.35,4.092,85.3,42.5,185.0,EV_108,0.0,800,8.0,DR624372_2,65.0,26882.36,DR624372,182.02,0.0,65.0,D,SimuProB-3,EV_108
334.041,55.0,83.87,4008.0,0,3.917,1,91.35,4.095,105.2,125.4,185.0,EV_108,0.0,810,0.0,DR624372_2,65.0,26882.65,DR624372,182.02,0.0,65.0,D,SimuProB-3,EV_108
334.154,62.0,83.87,4283.0,0,3.915,1,91.32,4.093,112.4,138.5,185.0,EV_108,0.0,820,0.0,DR624372_2,65.0,26882.96,DR624372,182.02,0.0,65.0,D,SimuProB-3,EV_108
332.356,78.0,83.87,4521.0,0,3.912,1,91.29,4.097,118.6,165.3,185.0,EV_108,0.0,830,0.0,DR624372_2,65.0,26883.29,DR624372,182.02,0.0,65.0,D,SimuProB-3,EV_108
334.359,0.0,83.87,3373.0,0,3.92,1,91.28,4.091,88.5,48.2,185.0,EV_108,0.05,840,12.0,DR624372_2,65.0,26883.54,DR624372,182.02,0.0,65.0,D,SimuProB-3,EV_108
334.221,35.0,83.87,3528.0,0,3.918,1,91.26,4.093,92.5,65.4,185.0,EV_108,0.0,850,0.0,DR624372_2,65.0,26883.8,DR624372,182.02,0.0,65.0,D,SimuProB-3,EV_108
334.469,28.0,83.87,3363.0,0,3.92,1,91.23,4.091,88.2,52.1,185.0,EV_108,0.0,860,0.0,DR624372_2,65.0,26884.04,DR624372,182.02,0.0,65.0,D,SimuProB-3,EV_108
334.741,0.0,83.87,3146.0,0,3.921,1,91.23,4.092,82.5,-25.3,185.0,EV_108,0.04,870,15.0,DR624372_2,65.0,26884.27,DR624372,182.02,0.0,65.0,D,SimuProB-3,EV_108
335.398,25.0,83.87,3408.0,0,3.922,1,91.2,4.093,89.4,42.5,185.0,EV_108,0.0,880,0.0,DR624372_2,65.0,26884.52,DR624372,182.02,0.0,65.0,D,SimuProB-3,EV_108
335.242,30.0,83.87,3590.0,0,3.923,1,91.2,4.094,94.2,35.8,185.0,EV_108,0.0,890,0.0,DR624372_2,65.0,26884.78,DR624372,182.02,0.0,65.0,D,SimuProB-3,EV_108
336.25,45.0,83.87,3872.0,0,3.924,1,91.2,4.095,101.5,48.9,185.0,EV_108,0.0,900,0.0,DR624372_2,65.0,26885.06,DR624372,182.02,0.0,65.0,D,SimuProB-3,EV_108
336.268,42.0,83.87,4003.0,0,3.925,1,91.18,4.096,104.8,45.2,185.0,EV_108,0.0,910,0.0,DR624372_2,65.0,26885.35,DR624372,182.02,0.0,65.0,D,SimuProB-3,EV_108
334.73,55.0,83.87,4286.0,0,3.926,1,91.18,4.098,112.3,62.5,185.0,EV_108,0.0,920,0.0,DR624372_2,65.0,26885.66,DR624372,182.02,0.0,65.0,D,SimuProB-3,EV_108
334.999,48.0,83.87,4141.0,0,3.927,1,91.16,4.099,108.5,58.1,185.0,EV_108,0.0,930,0.0,DR624372_2,65.0,26885.96,DR624372,182.02,0.0,65.0,D,SimuProB-3,EV_108
333.935,58.0,83.87,4345.0,0,3.928,1,91.14,4.101,113.8,75.2,185.0,EV_108,0.0,940,0.0,DR624372_2,65.0,26886.28,DR624372,182.02,0.0,65.0,D,SimuProB-3,EV_108
334.029,52.0,83.87,4246.0,0,3.929,1,91.12,4.102,111.2,68.5,185.0,EV_108,0.0,950,0.0,DR624372_2,65.0,26886.58,DR624372,182.02,0.0,65.0,D,SimuProB-3,EV_108
333.007,62.0,83.87,4409.0,0,3.93,1,91.12,4.104,115.5,82.4,185.0,EV_108,0.0,960,0.0,DR624372_2,65.0,26886.91,DR624372,182.02,0.0,65.0,D,SimuProB-3,EV_108
332.84,64.0,83.87,4459.0,0,3.932,1,91.09,4.106,116.8,85.2,185.0,EV_108,0.0,970,0.0,DR624372_2,65.0,26887.23,DR624372,182.02,0.0,65.0,D,SimuProB-3,EV_108
333.692,45.0,83.87,4219.0,0,3.931,1,91.08,4.105,110.5,65.4,185.0,EV_108,0.0,980,0.0,DR624372_2,65.0,26887.54,DR624372,182.02,0.0,65.0,D,SimuProB-3,EV_108
332.303,68.0,83.87,4510.0,0,3.933,1,91.06,4.108,118.2,92.1,185.0,EV_108,0.0,990,0.0,DR624372_2,65.0,26887.87,DR624372,182.02,0.0,65.0,D,SimuProB-3,EV_108
331.744,72.0,83.87,4560.0,0,3.935,1,91.02,4.11,119.5,98.5,185.0,EV_108,0.0,1000,0.0,DR624372_2,65.0,26888.2,DR624372,182.02,0.0,65.0,D,SimuProB-3,EV_108
332.867,48.0,83.87,4318.0,0,3.934,1,90.99,4.109,113.0,75.2,185.0,EV_108,0.0,1010,0.0,DR624372_2,65.0,26888.52,DR624372,182.02,0.0,65.0,D,SimuProB-3,EV_108
330.967,75.0,83.87,4585.0,0,3.936,1,90.97,4.112,120.0,105.3,185.0,EV_108,0.0,1020,0.0,DR624372_2,65.0,26888.85,DR624372,182.02,0.0,65.0,D,SimuProB-3,EV_108
334.548,55.0,83.87,4395.0,0,3.938,1,90.93,4.115,115.0,88.5,185.0,EV_108,0.0,1030,0.0,DR624372_2,45.8,26889.17,DR624372,182.02,0.0,46.2,D,SimuProB-3,EV_108
331.431,65.0,83.87,4528.0,0,3.94,1,90.91,4.118,118.5,115.2,185.0,EV_108,0.0,1040,0.0,DR624372_2,46.1,26889.5,DR624372,182.02,0.0,46.5,D,SimuProB-3,EV_108
335.062,35.0,83.87,4123.0,0,3.939,1,90.87,4.116,108.0,72.8,185.0,EV_108,0.0,1050,0.0,DR624372_2,46.3,26889.8,DR624372,182.02,0.0,46.7,D,SimuProB-3,EV_108
332.285,58.0,83.87,4300.0,0,3.941,1,90.82,4.117,112.5,95.4,185.0,EV_108,0.0,1060,0.0,DR624372_2,46.5,26890.11,DR624372,182.02,0.0,47.0,D,SimuProB-3,EV_108
336.356,32.0,83.87,4010.0,0,3.943,1,90.81,4.119,105.0,65.8,185.0,EV_108,0.0,1070,0.0,DR624372_2,46.7,26890.4,DR624372,182.02,0.0,47.2,D,SimuProB-3,EV_108
338.94,28.0,83.87,3825.0,0,3.945,1,90.8,4.121,100.0,55.2,185.0,EV_108,0.0,1080,0.0,DR624372_2,46.9,26890.68,DR624372,182.02,0.0,47.4,D,SimuProB-3,EV_108
337.407,30.0,83.87,3910.0,0,3.942,1,90.77,4.12,102.3,78.4,185.0,EV_108,0.0,1090,0.0,DR624372_2,47.0,26890.96,DR624372,182.02,0.0,47.5,D,SimuProB-3,EV_108
335.791,38.0,83.87,4085.0,0,3.94,1,90.77,4.118,106.8,88.6,185.0,EV_108,0.0,1100,0.0,DR624372_2,47.1,26891.26,DR624372,182.02,0.0,47.6,D,SimuProB-3,EV_108
338.818,25.0,83.87,3765.0,0,3.946,1,90.76,4.122,98.5,62.1,185.0,EV_108,0.0,1110,0.0,DR624372_2,47.2,26891.53,DR624372,182.02,0.0,47.7,D,SimuProB-3,EV_108
337.256,29.0,83.87,3870.0,0,3.948,1,90.74,4.125,101.2,72.5,185.0,EV_108,0.0,1120,0.0,DR624372_2,47.3,26891.81,DR624372,182.02,0.0,47.8,D,SimuProB-3,EV_108
335.82,45.0,83.87,4150.0,0,3.942,1,90.72,4.128,108.5,95.3,185.0,EV_108,0.0,1130,0.0,DR624372_2,47.4,26892.11,DR624372,182.02,0.0,47.9,D,SimuProB-3,EV_108
339.626,22.0,83.87,3550.0,0,3.95,1,90.69,4.13,92.8,48.6,185.0,EV_108,0.0,1140,0.0,DR624372_2,47.5,26892.37,DR624372,182.02,0.0,48.0,D,SimuProB-3,EV_108
336.177,42.0,83.87,4025.0,0,3.945,1,90.66,4.132,105.3,85.2,185.0,EV_108,0.0,1150,0.0,DR624372_2,47.6,26892.66,DR624372,182.02,0.0,48.1,D,SimuProB-3,EV_108
333.486,65.0,83.87,4310.0,0,3.94,1,90.66,4.135,112.6,115.4,185.0,EV_108,0.0,1160,0.0,DR624372_2,47.8,26892.98,DR624372,182.02,0.0,48.3,D,SimuProB-3,EV_108
337.719,28.0,83.87,3690.0,0,3.952,1,90.64,4.138,96.4,55.8,185.0,EV_108,0.0,1170,0.0,DR624372_2,47.9,26893.24,DR624372,182.02,0.0,48.4,D,SimuProB-3,EV_108
332.221,75.0,83.87,4520.0,0,3.938,1,90.61,4.142,118.2,125.6,185.0,EV_108,0.0,1180,0.0,DR624372_2,48.1,26893.57,DR624372,182.02,0.0,48.6,D,SimuProB-3,EV_108
334.844,30.0,83.87,3920.0,0,3.955,1,90.6,4.145,102.5,68.4,185.0,EV_108,0.0,1190,0.0,DR624372_2,48.2,26893.85,DR624372,182.02,0.0,48.7,D,SimuProB-3,EV_108
331.039,82.0,83.87,4430.0,0,3.935,1,90.57,4.148,115.8,142.3,185.0,EV_108,0.0,1200,0.0,DR624372_2,48.5,26894.17,DR624372,182.02,0.0,49.0,D,SimuProB-3,EV_108
328.079,92.0,83.87,4650.0,0,3.932,1,90.54,4.15,121.5,165.2,185.0,EV_108,0.0,1210,0.0,DR624372_2,48.6,26894.51,DR624372,182.02,0.0,49.2,D,SimuProB-3,EV_108
334.742,25.0,83.87,4150.0,0,3.958,1,90.51,4.152,108.3,72.5,185.0,EV_108,0.0,1220,0.0,DR624372_2,48.8,26894.81,DR624372,182.02,0.0,49.4,D,SimuProB-3,EV_108
330.546,85.0,83.87,4590.0,0,3.93,1,90.47,4.155,119.8,138.7,185.0,EV_108,0.0,1230,0.0,DR624372_2,49.0,26895.14,DR624372,182.02,0.0,49.7,D,SimuProB-3,EV_108
328.117,78.0,83.87,4530.0,0,3.928,1,90.42,4.156,118.2,155.3,185.0,EV_108,0.0,1240,0.0,DR624372_2,49.2,26895.47,DR624372,182.02,0.0,49.9,D,SimuProB-3,EV_108
326.186,90.0,83.87,4670.0,0,3.925,1,90.38,4.158,121.9,168.9,185.0,EV_108,0.0,1250,0.0,DR624372_2,49.4,26895.81,DR624372,182.02,0.0,50.1,D,SimuProB-3,EV_108
329.599,22.0,83.87,4040.0,0,3.942,1,90.36,4.157,105.4,95.2,185.0,EV_108,0.0,1260,0.0,DR624372_2,49.6,26896.1,DR624372,182.02,0.0,50.3,D,SimuProB-3,EV_108
331.116,24.0,83.87,4070.0,0,3.945,1,90.34,4.158,106.2,88.4,185.0,EV_108,0.0,1270,0.0,DR624372_2,49.68,26896.39,DR624372,182.02,0.0,50.38,D,SimuProB-3,EV_108
330.138,45.0,83.87,4320.0,0,3.94,1,90.34,4.159,112.5,112.6,185.0,EV_108,0.0,0,0.0,DR624372_3,49.72,26896.71,DR624372,182.02,0.0,50.45,D,SimuProB-3,EV_108
332.927,18.0,83.87,3920.0,0,3.95,1,90.33,4.16,102.1,65.3,185.0,EV_108,0.0,10,0.0,DR624372_3,49.75,26896.99,DR624372,182.02,0.0,50.5,D,SimuProB-3,EV_108
334.331,20.0,83.87,3850.0,0,3.952,1,90.31,4.161,100.5,72.4,185.0,EV_108,0.0,20,0.0,DR624372_3,49.82,26897.27,DR624372,182.02,0.0,50.58,D,SimuProB-3,EV_108
336.097,16.0,83.87,3710.0,0,3.955,1,90.3,4.162,96.8,58.1,185.0,EV_108,0.0,30,0.0,DR624372_3,49.85,26897.54,DR624372,182.02,0.0,50.62,D,SimuProB-3,EV_108
337.977,0.0,83.87,3570.0,0,3.958,1,90.29,4.163,93.2,-25.3,185.0,EV_108,0.05,40,12.0,DR624372_3,49.88,26897.8,DR624372,182.02,0.0,50.68,D,SimuProB-3,EV_108
339.846,22.0,83.87,3770.0,0,3.96,1,90.28,4.164,98.4,48.5,185.0,EV_108,0.0,50,0.0,DR624372_3,49.92,26898.07,DR624372,182.02,0.0,50.75,D,SimuProB-3,EV_108
340.733,35.0,83.87,4050.0,0,3.962,1,90.27,4.165,105.7,35.2,185.0,EV_108,0.0,60,0.0,DR624372_3,49.96,26898.37,DR624372,182.02,0.0,50.82,D,SimuProB-3,EV_108
343.002,40.0,83.87,4220.0,0,3.964,1,90.26,4.166,110.2,28.7,185.0,EV_108,0.0,70,0.0,DR624372_3,50.01,26898.67,DR624372,182.02,0.0,50.88,D,SimuProB-3,EV_108
341.061,42.0,83.87,4310.0,0,3.961,1,90.23,4.165,112.5,72.4,185.0,EV_108,0.0,80,0.0,DR624372_3,50.06,26898.98,DR624372,182.02,0.0,50.94,D,SimuProB-3,EV_108
344.203,38.0,83.87,4140.0,0,3.966,1,90.22,4.167,108.0,45.8,185.0,EV_108,0.0,90,0.0,DR624372_3,50.12,26899.28,DR624372,182.02,0.0,51.02,D,SimuProB-3,EV_108
346.418,0.0,83.87,3960.0,0,3.968,1,90.21,4.169,103.5,-15.2,185.0,EV_108,0.04,100,8.0,DR624372_3,50.18,26899.57,DR624372,182.02,0.0,51.08,D,SimuProB-3,EV_108
345.2,36.0,83.87,4130.0,0,3.965,1,90.19,4.168,107.8,55.3,185.0,EV_108,0.0,110,0.0,DR624372_3,50.25,26899.87,DR624372,182.02,0.0,51.15,D,SimuProB-3,EV_108
343.541,41.0,83.87,4270.0,0,3.963,1,90.19,4.167,111.4,68.9,185.0,EV_108,0.0,120,0.0,DR624372_3,50.32,26900.18,DR624372,182.02,0.0,51.22,D,SimuProB-3,EV_108
342.344,45.0,83.87,4380.0,0,3.96,1,90.18,4.166,114.2,78.2,185.0,EV_108,0.0,130,0.0,DR624372_3,50.4,26900.5,DR624372,182.02,0.0,51.3,D,SimuProB-3,EV_108
342.248,42.0,83.87,4315.0,0,3.959,1,90.17,4.165,112.5,72.5,185.0,EV_108,0.0,140,0.0,DR624372_3,50.48,26900.81,DR624372,182.02,0.0,51.38,D,SimuProB-3,EV_108
343.183,0.0,83.87,4098.0,0,3.961,1,90.14,4.167,106.8,-18.4,185.0,EV_108,0.05,150,12.0,DR624372_3,50.52,26901.11,DR624372,182.02,0.0,51.42,D,SimuProB-3,EV_108
341.106,48.0,83.87,4420.0,0,3.958,1,90.13,4.166,115.3,85.6,185.0,EV_108,0.0,160,0.0,DR624372_3,50.65,26901.43,DR624372,182.02,0.0,51.55,D,SimuProB-3,EV_108
339.91,52.0,83.87,4550.0,0,3.955,1,90.12,4.168,118.5,92.4,185.0,EV_108,0.0,170,0.0,DR624372_3,50.85,26901.76,DR624372,182.02,0.0,51.72,D,SimuProB-3,EV_108
338.306,55.0,83.87,4610.0,0,3.952,1,90.11,4.17,120.0,105.8,185.0,EV_108,0.0,180,0.0,DR624372_3,51.05,26902.09,DR624372,182.02,0.0,51.95,D,SimuProB-3,EV_108
340.264,0.0,83.87,4235.0,0,3.96,1,90.08,4.172,110.2,-25.6,185.0,EV_108,0.06,190,15.0,DR624372_3,51.2,26902.4,DR624372,182.02,0.0,52.1,D,SimuProB-3,EV_108
337.497,58.0,83.87,4585.0,0,3.958,1,90.07,4.175,119.5,112.5,185.0,EV_108,0.0,200,0.0,DR624372_3,51.45,26902.73,DR624372,182.02,0.0,52.35,D,SimuProB-3,EV_108
336.405,62.0,83.87,4610.0,0,3.955,1,90.04,4.178,120.0,125.3,185.0,EV_108,0.0,210,0.0,DR624372_3,51.7,26903.07,DR624372,182.02,0.0,52.6,D,SimuProB-3,EV_108
338.095,0.0,83.87,4160.0,0,3.962,1,90.04,4.18,108.5,-32.1,185.0,EV_108,0.07,220,18.0,DR624372_3,51.9,26903.37,DR624372,182.02,0.0,52.8,D,SimuProB-3,EV_108
335.35,60.0,83.87,4530.0,0,3.958,1,90.01,4.182,118.2,118.4,185.0,EV_108,0.0,230,0.0,DR624372_3,52.05,26903.7,DR624372,182.02,0.0,52.95,D,SimuProB-3,EV_108
335.199,65.0,83.87,4660.0,0,3.955,1,89.98,4.185,121.5,122.7,185.0,EV_108,0.0,240,0.0,DR624372_3,52.25,26904.04,DR624372,182.02,0.0,53.15,D,SimuProB-3,EV_108
336.518,0.0,83.87,4020.0,0,3.965,1,89.96,4.188,105.0,-15.2,185.0,EV_108,0.08,250,12.0,DR624372_3,52.4,26904.33,DR624372,182.02,0.0,53.3,D,SimuProB-3,EV_108
333.117,68.0,83.87,4580.0,0,3.952,1,89.93,4.19,119.5,145.6,185.0,EV_108,0.0,260,0.0,DR624372_3,52.5,26904.66,DR624372,182.02,0.0,53.5,D,SimuProB-3,EV_108
335.255,72.0,83.87,4630.0,0,3.96,1,89.92,4.192,120.8,130.2,185.0,EV_108,0.0,270,0.0,DR624372_3,52.7,26905.0,DR624372,182.02,0.0,53.7,D,SimuProB-3,EV_108
332.958,85.0,83.87,4680.0,0,3.945,1,89.88,4.195,122.0,155.4,185.0,EV_108,0.0,280,0.0,DR624372_3,53.0,26905.34,DR624372,182.02,0.0,54.0,D,SimuProB-3,EV_108
331.135,90.0,83.87,4750.0,0,3.94,1,89.84,4.198,124.2,168.5,185.0,EV_108,0.0,290,0.0,DR624372_3,53.1,26905.69,DR624372,182.02,0.0,54.2,D,SimuProB-3,EV_108
333.748,55.0,83.87,4535.0,0,3.95,1,89.82,4.196,118.5,142.3,185.0,EV_108,0.0,300,0.0,DR624372_3,53.4,26906.01,DR624372,182.02,0.0,54.5,D,SimuProB-3,EV_108
336.394,0.0,83.87,4290.0,0,3.962,1,89.8,4.19,112.0,-8.4,185.0,EV_108,0.06,310,15.0,DR624372_3,53.6,26906.33,DR624372,182.02,0.0,54.7,D,SimuProB-3,EV_108
334.798,45.0,83.87,4420.0,0,3.955,1,89.77,4.194,115.5,95.4,185.0,EV_108,0.0,320,0.0,DR624372_3,53.7,26906.65,DR624372,182.02,0.0,54.8,D,SimuProB-3,EV_108
331.768,52.0,83.87,4525.0,0,3.948,1,89.74,4.196,118.2,112.6,185.0,EV_108,0.0,330,0.0,DR624372_3,53.9,26906.98,DR624372,182.02,0.0,55.0,D,SimuProB-3,EV_108
335.932,0.0,83.87,4210.0,0,3.965,1,89.74,4.192,110.0,-12.5,185.0,EV_108,0.08,340,12.0,DR624372_3,54.1,26907.28,DR624372,182.02,0.0,55.2,D,SimuProB-3,EV_108
330.774,58.0,83.87,4550.0,0,3.945,1,89.71,4.195,119.0,138.5,185.0,EV_108,0.0,350,0.0,DR624372_3,54.2,26907.61,DR624372,182.02,0.0,55.3,D,SimuProB-3,EV_108
332.326,0.0,83.87,4380.0,0,3.96,1,89.71,4.193,114.5,-15.2,185.0,EV_108,0.07,360,10.0,DR624372_3,54.3,26907.93,DR624372,182.02,0.0,55.4,D,SimuProB-3,EV_108
330.74,62.0,83.87,4600.0,0,3.942,1,89.68,4.196,120.0,145.0,185.0,EV_108,0.0,370,0.0,DR624372_3,54.5,26908.26,DR624372,182.02,0.0,55.6,D,SimuProB-3,EV_108
336.146,0.0,83.87,4300.0,0,3.968,1,89.67,4.194,112.5,-8.5,185.0,EV_108,0.05,380,8.0,DR624372_3,54.6,26908.57,DR624372,182.02,0.0,55.7,D,SimuProB-3,EV_108
331.679,55.0,83.87,4540.0,0,3.944,1,89.66,4.196,118.5,132.4,185.0,EV_108,0.0,390,0.0,DR624372_3,54.7,26908.9,DR624372,182.02,0.0,55.8,D,SimuProB-3,EV_108
331.601,48.0,83.87,4440.0,0,3.946,1,89.65,4.195,116.0,125.8,185.0,EV_108,0.0,400,0.0,DR624372_3,54.8,26909.22,DR624372,182.02,0.0,55.9,D,SimuProB-3,EV_108
337.814,45.0,83.87,4288.0,0,3.948,1,89.64,4.197,112.0,118.5,185.0,EV_108,0.0,410,0.0,DR624372_3,54.9,26909.53,DR624372,182.02,0.0,56.0,D,SimuProB-3,EV_108
333.486,58.0,83.87,4420.0,0,3.935,1,89.63,4.198,115.5,142.3,185.0,EV_108,0.0,420,0.0,DR624372_3,55.0,26909.85,DR624372,182.02,0.0,56.2,D,SimuProB-3,EV_108
339.297,0.0,83.87,4136.0,0,3.955,1,89.61,4.195,108.0,-12.4,185.0,EV_108,0.06,430,12.0,DR624372_3,55.1,26910.15,DR624372,182.02,0.0,56.3,D,SimuProB-3,EV_108
336.548,52.0,83.87,4350.0,0,3.94,1,89.6,4.194,113.5,138.5,185.0,EV_108,0.0,440,0.0,DR624372_3,55.2,26910.47,DR624372,182.02,0.0,56.4,D,SimuProB-3,EV_108
337.949,42.0,83.87,4178.0,0,3.945,1,89.59,4.196,109.0,128.2,185.0,EV_108,0.0,450,0.0,DR624372_3,55.3,26910.77,DR624372,182.02,0.0,56.5,D,SimuProB-3,EV_108
334.965,62.0,83.87,4440.0,0,3.932,1,89.58,4.192,116.0,145.6,185.0,EV_108,0.0,460,0.0,DR624372_3,55.4,26911.09,DR624372,182.02,0.0,56.7,D,SimuProB-3,EV_108
331.869,68.0,83.87,4534.0,0,3.93,1,89.56,4.195,118.2,155.4,185.0,EV_108,0.0,470,0.0,DR624372_3,55.6,26911.42,DR624372,182.02,0.0,56.9,D,SimuProB-3,EV_108
338.798,0.0,83.87,4087.0,0,3.94,1,89.54,4.198,106.5,-18.5,185.0,EV_108,0.08,480,15.0,DR624372_3,55.7,26911.71,DR624372,182.02,0.0,57.0,D,SimuProB-3,EV_108
335.715,48.0,83.87,4290.0,0,3.928,1,89.54,4.193,111.8,132.8,185.0,EV_108,0.0,490,0.0,DR624372_3,55.9,26912.02,DR624372,182.02,0.0,57.2,D,SimuProB-3,EV_108
334.494,52.0,83.87,4392.0,0,3.935,1,89.53,4.194,114.5,138.5,185.0,EV_108,0.0,500,0.0,DR624372_3,56.0,26912.34,DR624372,182.02,0.0,57.4,D,SimuProB-3,EV_108
332.438,58.0,83.87,4518.0,0,3.925,1,89.52,4.191,117.8,148.2,185.0,EV_108,0.0,510,0.0,DR624372_3,56.2,26912.67,DR624372,182.02,0.0,57.6,D,SimuProB-3,EV_108
336.83,0.0,83.87,4038.0,0,3.942,1,89.51,4.197,105.2,-22.4,185.0,EV_108,0.09,520,12.0,DR624372_3,56.3,26912.96,DR624372,182.02,0.0,57.7,D,SimuProB-3,EV_108
334.763,45.0,83.87,4315.0,0,3.938,1,89.49,4.195,112.5,125.3,185.0,EV_108,0.0,530,0.0,DR624372_3,56.4,26913.27,DR624372,182.02,0.0,57.8,D,SimuProB-3,EV_108
333.417,55.0,83.87,4457.0,0,3.931,1,89.48,4.192,116.2,142.7,185.0,EV_108,0.0,540,0.0,DR624372_3,56.6,26913.6,DR624372,182.02,0.0,58.0,D,SimuProB-3,EV_108
331.604,62.0,83.87,4583.0,0,3.926,1,89.48,4.19,119.5,155.1,185.0,EV_108,0.0,550,0.0,DR624372_3,56.8,26913.93,DR624372,182.02,0.0,58.2,D,SimuProB-3,EV_108
329.843,60.0,83.87,4536.0,0,3.92,1,89.44,4.188,118.3,165.4,185.0,EV_108,0.0,560,0.0,DR624372_3,57.1,26914.26,DR624372,182.02,0.0,58.5,D,SimuProB-3,EV_108
331.381,48.0,83.87,4401.0,0,3.922,1,89.43,4.19,114.7,135.8,185.0,EV_108,0.0,570,0.0,DR624372_3,57.4,26914.58,DR624372,182.02,0.0,58.8,D,SimuProB-3,EV_108
327.909,68.0,83.87,4623.0,0,3.915,1,89.4,4.186,120.5,172.5,185.0,EV_108,0.0,580,0.0,DR624372_3,57.7,26914.91,DR624372,182.02,0.0,59.1,D,SimuProB-3,EV_108
325.288,72.0,83.87,4556.0,0,3.912,1,89.38,4.184,118.8,185.3,185.0,EV_108,0.0,590,0.0,DR624372_3,57.9,26915.24,DR624372,182.02,0.0,59.3,D,SimuProB-3,EV_108
328.634,52.0,83.87,4418.0,0,3.916,1,89.35,4.182,115.2,148.6,185.0,EV_108,0.0,600,0.0,DR624372_3,58.1,26915.56,DR624372,182.02,0.0,59.5,D,SimuProB-3,EV_108
327.056,58.0,83.87,4506.0,0,3.913,1,89.32,4.18,117.5,162.1,185.0,EV_108,0.0,610,0.0,DR624372_3,58.3,26915.89,DR624372,182.02,0.0,59.7,D,SimuProB-3,EV_108
325.802,55.0,83.87,4460.0,0,3.914,1,89.28,4.179,116.3,155.4,185.0,EV_108,0.0,620,0.0,DR624372_3,58.4,26916.21,DR624372,182.02,0.0,59.8,D,SimuProB-3,EV_108
328.644,48.0,83.87,4402.0,0,3.915,1,89.28,4.178,114.8,142.2,185.0,EV_108,0.0,630,0.0,DR624372_3,58.5,26916.53,DR624372,182.02,0.0,59.9,D,SimuProB-3,EV_108
327.157,56.0,83.87,4448.0,0,3.913,1,89.27,4.177,116.0,158.9,185.0,EV_108,0.0,640,0.0,DR624372_3,58.6,26916.85,DR624372,182.02,0.0,60.0,D,SimuProB-3,EV_108
327.72,54.0,83.87,4440.0,0,3.912,1,89.24,4.176,115.8,152.3,185.0,EV_108,0.0,650,0.0,DR624372_3,58.7,26917.17,DR624372,182.02,0.0,60.1,D,SimuProB-3,EV_108
326.122,60.0,83.87,4544.0,0,3.911,1,89.23,4.175,118.5,165.7,185.0,EV_108,0.0,660,0.0,DR624372_3,58.9,26917.5,DR624372,182.02,0.0,60.3,D,SimuProB-3,EV_108
327.737,49.0,83.87,4381.0,0,3.91,1,89.2,4.174,114.2,145.8,185.0,EV_108,0.0,670,0.0,DR624372_3,59.0,26917.82,DR624372,182.02,0.0,60.4,D,SimuProB-3,EV_108
327.132,52.0,83.87,4469.0,0,3.909,1,89.19,4.173,116.5,155.4,185.0,EV_108,0.0,680,0.0,DR624372_3,59.1,26918.14,DR624372,182.02,0.0,60.5,D,SimuProB-3,EV_108
326.139,62.0,83.87,4573.0,0,3.908,1,89.17,4.172,119.2,168.2,185.0,EV_108,0.0,690,0.0,DR624372_3,59.3,26918.47,DR624372,182.02,0.0,60.7,D,SimuProB-3,EV_108
326.954,46.0,83.87,4411.0,0,3.907,1,89.16,4.171,115.0,148.6,185.0,EV_108,0.0,700,0.0,DR624372_3,59.4,26918.79,DR624372,182.02,0.0,60.8,D,SimuProB-3,EV_108
326.224,50.0,83.87,4480.0,0,3.906,1,89.15,4.17,116.8,152.3,185.0,EV_108,0.0,710,0.0,DR624372_3,59.5,26919.11,DR624372,182.02,0.0,60.9,D,SimuProB-3,EV_108
326.902,42.0,83.87,4355.0,0,3.905,1,89.13,4.169,113.5,140.5,185.0,EV_108,0.0,720,0.0,DR624372_3,59.6,26919.43,DR624372,182.02,0.0,61.0,D,SimuProB-3,EV_108
325.565,58.0,83.87,4538.0,0,3.904,1,89.13,4.168,118.2,162.1,185.0,EV_108,0.0,730,0.0,DR624372_3,59.8,26919.76,DR624372,182.02,0.0,61.2,D,SimuProB-3,EV_108
324.427,65.0,83.87,4608.0,0,3.903,1,89.1,4.167,120.0,175.4,185.0,EV_108,0.0,740,0.0,DR624372_3,59.9,26920.09,DR624372,182.02,0.0,61.3,D,SimuProB-3,EV_108
325.848,38.0,83.87,4319.0,0,3.902,1,89.1,4.166,112.5,132.1,185.0,EV_108,0.0,750,0.0,DR624372_3,60.0,26920.41,DR624372,182.02,0.0,61.4,D,SimuProB-3,EV_108
325.549,55.0,83.87,4512.0,0,3.901,1,89.1,4.165,117.5,155.8,185.0,EV_108,0.0,760,0.0,DR624372_3,60.1,26920.73,DR624372,182.02,0.0,61.5,D,SimuProB-3,EV_108
324.474,62.0,83.87,4598.0,0,3.9,1,89.08,4.164,119.8,168.5,185.0,EV_108,0.0,770,0.0,DR624372_3,60.2,26921.06,DR624372,182.02,0.0,61.6,D,SimuProB-3,EV_108
324.856,35.0,83.87,4271.0,0,3.899,1,89.07,4.163,111.2,138.2,185.0,EV_108,0.0,780,0.0,DR624372_3,60.3,26921.37,DR624372,182.02,0.0,61.7,D,SimuProB-3,EV_108
324.911,52.0,83.87,4474.0,0,3.898,1,89.06,4.162,116.5,152.7,185.0,EV_108,0.0,790,0.0,DR624372_3,60.4,26921.7,DR624372,182.02,0.0,61.8,D,SimuProB-3,EV_108
323.804,45.0,83.87,4389.0,0,3.897,1,89.05,4.161,114.2,145.3,185.0,EV_108,0.0,800,0.0,DR624372_3,60.5,26922.02,DR624372,182.02,0.0,61.9,D,SimuProB-3,EV_108
323.787,58.0,83.87,4569.0,0,3.896,1,89.02,4.16,118.9,158.6,185.0,EV_108,0.0,810,0.0,DR624372_3,60.6,26922.35,DR624372,182.02,0.0,62.0,D,SimuProB-3,EV_108
324.675,0.0,83.87,4170.0,0,3.898,1,89.02,4.162,108.5,-18.4,185.0,EV_108,0.05,820,15.0,DR624372_3,60.7,26922.65,DR624372,182.02,0.0,62.1,D,SimuProB-3,EV_108
323.049,42.0,83.87,4358.0,0,3.895,1,89.01,4.16,113.4,142.5,185.0,EV_108,0.0,830,0.0,DR624372_3,60.8,26922.97,DR624372,182.02,0.0,62.2,D,SimuProB-3,EV_108
322.108,65.0,83.87,4608.0,0,3.894,1,88.99,4.159,119.8,165.3,185.0,EV_108,0.0,840,0.0,DR624372_3,60.9,26923.3,DR624372,182.02,0.0,62.3,D,SimuProB-3,EV_108
323.064,0.0,83.87,4043.0,0,3.895,1,88.97,4.16,105.2,-25.6,185.0,EV_108,0.06,850,30.0,DR624372_3,61.0,26923.59,DR624372,182.02,0.0,62.4,D,SimuProB-3,EV_108
321.562,72.0,83.87,4675.0,0,3.892,1,88.96,4.158,121.5,168.2,185.0,EV_108,0.0,860,0.0,DR624372_3,61.1,26923.93,DR624372,182.02,0.0,62.5,D,SimuProB-3,EV_108
322.965,0.0,83.87,4221.0,0,3.894,1,88.96,4.16,109.8,-32.1,185.0,EV_108,0.07,870,28.0,DR624372_3,61.2,26924.23,DR624372,182.02,0.0,62.6,D,SimuProB-3,EV_108
322.408,55.0,83.87,4466.0,0,3.893,1,88.96,4.159,116.2,155.7,185.0,EV_108,0.0,880,0.0,DR624372_3,61.3,26924.56,DR624372,182.02,0.0,62.7,D,SimuProB-3,EV_108
321.026,78.0,83.87,4551.0,0,3.891,1,88.95,4.16,118.4,175.5,185.0,EV_108,0.0,890,0.0,DR624372_3,61.4,26924.89,DR624372,182.02,0.0,62.8,D,SimuProB-3,EV_108
323.263,0.0,83.87,3924.0,0,3.893,1,88.93,4.16,102.1,-28.4,185.0,EV_108,0.05,900,22.0,DR624372_3,61.5,26925.17,DR624372,182.02,0.0,62.9,D,SimuProB-3,EV_108
320.643,82.0,83.87,4594.0,0,3.89,1,88.93,4.16,119.5,182.3,185.0,EV_108,0.0,910,0.0,DR624372_3,61.6,26925.5,DR624372,182.02,0.0,63.0,D,SimuProB-3,EV_108
319.762,45.0,83.87,4432.0,0,3.888,1,88.91,4.158,115.3,165.2,185.0,EV_108,0.0,920,0.0,DR624372_3,61.8,26925.82,DR624372,182.02,0.0,63.2,D,SimuProB-3,EV_108
321.309,35.0,83.87,4180.0,0,3.885,1,88.89,4.155,108.7,142.5,185.0,EV_108,0.0,930,0.0,DR624372_3,62.0,26926.12,DR624372,182.02,0.0,63.4,D,SimuProB-3,EV_108
320.449,52.0,83.87,4365.0,0,3.886,1,88.88,4.157,113.5,158.9,185.0,EV_108,0.0,940,0.0,DR624372_3,62.2,26926.44,DR624372,182.02,0.0,63.6,D,SimuProB-3,EV_108
319.408,65.0,83.87,4510.0,0,3.884,1,88.84,4.154,117.2,175.4,185.0,EV_108,0.0,950,0.0,DR624372_3,62.3,26926.77,DR624372,182.02,0.0,63.7,D,SimuProB-3,EV_108
320.772,40.0,83.87,4340.0,0,3.883,1,88.82,4.153,112.8,152.1,185.0,EV_108,0.0,960,0.0,DR624372_3,62.4,26927.08,DR624372,182.02,0.0,63.8,D,SimuProB-3,EV_108
318.687,75.0,83.87,4562.0,0,3.881,1,88.8,4.151,118.5,188.6,185.0,EV_108,0.0,970,0.0,DR624372_3,62.5,26927.41,DR624372,182.02,0.0,63.9,D,SimuProB-3,EV_108
317.327,80.0,83.87,4600.0,0,3.88,1,88.78,4.15,119.4,195.3,185.0,EV_108,0.0,980,0.0,DR624372_3,62.6,26927.74,DR624372,182.02,0.0,64.1,D,SimuProB-3,EV_108
320.198,55.0,83.87,4450.0,0,3.882,1,88.78,4.152,115.6,165.2,185.0,EV_108,0.0,990,0.0,DR624372_3,62.7,26928.06,DR624372,182.02,0.0,64.2,D,SimuProB-3,EV_108
321.694,0.0,83.87,4280.0,0,3.885,1,88.77,4.155,111.2,-15.4,185.0,EV_108,0.05,1000,12.0,DR624372_3,62.7,26928.37,DR624372,182.02,0.0,64.2,D,SimuProB-3,EV_108
319.58,0.0,83.87,4180.0,0,3.884,1,88.76,4.154,108.5,-8.5,185.0,EV_108,0.04,1010,8.0,DR624372_3,62.8,26928.67,DR624372,182.02,0.0,64.3,D,SimuProB-3,EV_108
322.08,25.0,83.87,4040.0,0,3.886,1,88.75,4.156,105.0,45.2,185.0,EV_108,0.0,1020,0.0,DR624372_3,62.8,26928.96,DR624372,182.02,0.0,64.3,D,SimuProB-3,EV_108
323.584,30.0,83.87,3950.0,0,3.887,1,88.72,4.157,102.5,52.8,185.0,EV_108,0.0,1030,0.0,DR624372_3,62.9,26929.25,DR624372,182.02,0.0,64.4,D,SimuProB-3,EV_108
325.211,35.0,83.87,4000.0,0,3.888,1,88.7,4.158,103.8,68.5,185.0,EV_108,0.0,1040,0.0,DR624372_3,63.0,26929.54,DR624372,182.02,0.0,64.5,D,SimuProB-3,EV_108
326.703,38.0,83.87,4060.0,0,3.889,1,88.67,4.159,105.2,72.3,185.0,EV_108,0.0,1050,0.0,DR624372_3,63.1,26929.83,DR624372,182.02,0.0,64.6,D,SimuProB-3,EV_108
329.377,32.0,83.87,4110.0,0,3.89,1,88.65,4.16,106.5,58.1,185.0,EV_108,0.0,1060,0.0,DR624372_3,63.2,26930.13,DR624372,182.02,0.0,64.7,D,SimuProB-3,EV_108
330.193,34.0,83.87,4140.0,0,3.891,1,88.62,4.161,107.2,62.4,185.0,EV_108,0.0,1070,0.0,DR624372_3,63.3,26930.43,DR624372,182.02,0.0,64.8,D,SimuProB-3,EV_108
328.602,42.0,83.87,4190.0,0,3.892,1,88.59,4.162,108.5,75.6,185.0,EV_108,0.0,1080,0.0,DR624372_3,63.4,26930.73,DR624372,182.02,0.0,64.9,D,SimuProB-3,EV_108
331.499,28.0,83.87,4050.0,0,3.893,1,88.59,4.163,104.8,55.3,185.0,EV_108,0.0,1090,0.0,DR624372_3,63.5,26931.02,DR624372,182.02,0.0,65.0,D,SimuProB-3,EV_108
330.226,35.0,83.87,4100.0,0,3.893,1,88.56,4.163,106.0,68.2,185.0,EV_108,0.0,1100,0.0,DR624372_3,63.6,26931.31,DR624372,182.02,0.0,65.0,D,SimuProB-3,EV_108
331.556,30.0,83.87,4030.0,0,3.894,1,88.55,4.164,104.2,52.5,185.0,EV_108,0.0,1110,0.0,DR624372_3,63.7,26931.6,DR624372,182.02,0.0,65.0,D,SimuProB-3,EV_108
328.204,45.0,83.87,4175.0,0,3.895,1,88.53,4.165,108.0,78.9,185.0,EV_108,0.0,1120,0.0,DR624372_3,63.8,26931.9,DR624372,182.02,0.0,65.0,D,SimuProB-3,EV_108
328.933,38.0,83.87,4160.0,0,3.893,1,88.52,4.164,107.5,62.4,185.0,EV_108,0.0,1130,0.0,DR624372_3,63.9,26932.2,DR624372,182.02,0.0,65.0,D,SimuProB-3,EV_108
327.825,65.0,83.87,4340.0,0,3.894,1,88.5,4.166,112.0,85.2,185.0,EV_108,0.0,1140,0.0,DR624372_3,64.0,26932.51,DR624372,182.02,0.0,65.0,D,SimuProB-3,EV_108
329.87,32.0,83.87,4060.0,0,3.893,1,88.48,4.165,105.0,58.6,185.0,EV_108,0.0,1150,0.0,DR624372_3,64.1,26932.8,DR624372,182.02,0.0,65.0,D,SimuProB-3,EV_108
326.172,72.0,83.87,4450.0,0,3.892,1,88.45,4.168,115.0,95.2,185.0,EV_108,0.0,1160,0.0,DR624372_3,64.2,26933.12,DR624372,182.02,0.0,65.0,D,SimuProB-3,EV_108
327.923,35.0,83.87,4200.0,0,3.891,1,88.44,4.167,108.5,68.5,185.0,EV_108,0.0,1170,0.0,DR624372_3,64.3,26933.42,DR624372,182.02,0.0,65.0,D,SimuProB-3,EV_108
327.182,58.0,83.87,4315.0,0,3.89,1,88.43,4.169,111.5,82.1,185.0,EV_108,0.0,1180,0.0,DR624372_3,64.4,26933.73,DR624372,182.02,0.0,65.0,D,SimuProB-3,EV_108
325.204,68.0,83.87,4410.0,0,3.888,1,88.41,4.171,114.0,92.5,185.0,EV_108,0.0,1190,0.0,DR624372_3,64.5,26934.05,DR624372,182.02,0.0,65.0,D,SimuProB-3,EV_108
328.716,25.0,83.87,3950.0,0,3.889,1,88.39,4.17,102.0,55.2,185.0,EV_108,0.0,1200,0.0,DR624372_3,64.6,26934.33,DR624372,182.02,0.0,65.0,D,SimuProB-3,EV_108
326.708,62.0,83.87,4280.0,0,3.887,1,88.39,4.172,110.5,88.4,185.0,EV_108,0.0,1210,0.0,DR624372_3,64.7,26934.64,DR624372,182.02,0.0,65.0,D,SimuProB-3,EV_108
324.219,72.0,83.87,4380.0,0,3.885,1,88.36,4.175,113.2,98.3,185.0,EV_108,0.0,1220,0.0,DR624372_3,64.8,26934.95,DR624372,182.02,0.0,65.0,D,SimuProB-3,EV_108
323.52,78.0,83.87,4520.0,0,3.882,1,88.35,4.178,116.8,105.6,185.0,EV_108,0.0,1230,0.0,DR624372_3,64.9,26935.28,DR624372,182.02,0.0,65.0,D,SimuProB-3,EV_108
326.772,42.0,83.87,4080.0,0,3.884,1,88.34,4.176,105.4,72.4,185.0,EV_108,0.0,1240,0.0,DR624372_3,64.8,26935.57,DR624372,182.02,0.0,65.0,D,SimuProB-3,EV_108
327.062,45.0,83.87,4200.0,0,3.885,1,88.31,4.177,108.5,68.2,185.0,EV_108,0.0,1250,0.0,DR624372_3,64.9,26935.87,DR624372,182.02,0.0,65.0,D,SimuProB-3,EV_108
330.329,35.0,83.87,3960.0,0,3.887,1,88.31,4.179,102.3,52.1,185.0,EV_108,0.0,1260,0.0,DR624372_3,65.0,26936.16,DR624372,182.02,0.0,65.0,D,SimuProB-3,EV_108
330.165,40.0,83.87,4100.0,0,3.886,1,88.3,4.18,105.8,58.5,185.0,EV_108,0.0,1270,0.0,DR624372_3,65.0,26936.45,DR624372,182.02,0.0,65.0,D,SimuProB-3,EV_108
329.933,32.0,83.87,3820.0,0,3.888,1,88.29,4.178,98.5,45.2,185.0,EV_108,0.0,0,0.0,DR624372_4,65.0,26936.72,DR624372,182.02,0.0,65.0,D,SimuProB-3,EV_108
329.162,25.0,83.87,3300.0,0,3.89,1,88.28,4.176,85.2,38.6,185.0,EV_108,0.0,10,0.0,DR624372_4,65.0,26936.96,DR624372,182.02,0.0,65.0,D,SimuProB-3,EV_108
329.722,15.0,83.87,2450.0,0,3.892,1,88.26,4.175,62.4,22.4,185.0,EV_108,0.0,20,0.0,DR624372_4,65.0,26937.13,DR624372,182.02,0.0,65.0,D,SimuProB-3,EV_108
329.66,28.0,83.87,2200.0,0,3.889,1,88.23,4.177,45.2,48.5,185.0,EV_108,0.0,30,0.0,DR624372_4,65.0,26937.26,DR624372,182.02,0.0,65.0,D,SimuProB-3,EV_108
331.474,0.0,83.87,1400.0,0,3.891,1,88.23,4.182,28.5,-12.4,185.0,EV_108,0.008,40,45.0,DR624372_4,65.0,26937.33,DR624372,182.02,0.0,65.0,D,SimuProB-3,EV_108
330.046,22.0,83.87,1850.0,0,3.888,1,88.23,4.176,38.8,35.2,185.0,EV_108,0.0,50,0.0,DR624372_4,65.0,26937.44,DR624372,182.02,0.0,65.0,D,SimuProB-3,EV_108
328.182,45.0,83.87,2400.0,0,3.885,1,88.2,4.178,48.5,65.3,185.0,EV_108,0.0,60,0.0,DR624372_4,65.0,26937.57,DR624372,182.02,0.0,65.0,D,SimuProB-3,EV_108
330.895,0.0,83.87,1550.0,0,3.892,1,88.2,4.185,32.1,-18.5,185.0,EV_108,0.012,70,35.0,DR624372_4,65.0,26937.66,DR624372,182.02,0.0,65.0,D,SimuProB-3,EV_108
330.377,30.0,83.87,1900.0,0,3.887,1,88.2,4.179,38.4,42.1,185.0,EV_108,0.0,80,0.0,DR624372_4,65.0,26937.77,DR624372,182.02,0.0,65.0,D,SimuProB-3,EV_108
330.028,35.0,83.87,2100.0,0,3.886,1,88.2,4.181,42.3,55.8,185.0,EV_108,0.0,90,0.0,DR624372_4,65.0,26937.89,DR624372,182.02,0.0,65.0,D,SimuProB-3,EV_108
327.512,42.0,83.87,2250.0,0,3.882,1,88.2,4.175,45.1,78.4,185.0,EV_108,0.0,100,0.0,DR624372_4,65.0,26938.01,DR624372,182.02,0.0,65.0,D,SimuProB-3,EV_108
330.853,0.0,83.87,1100.0,0,3.895,1,88.19,4.188,22.4,-22.6,185.0,EV_108,0.015,110,65.0,DR624372_4,65.0,26938.08,DR624372,182.02,0.0,65.0,D,SimuProB-3,EV_108
331.325,15.0,83.87,750.0,0,3.898,1,88.19,4.192,15.0,12.5,185.0,EV_108,0.0,120,5.0,DR624372_4,65.0,26938.12,DR624372,182.02,0.0,65.0,D,SimuProB-3,EV_108
330.215,35.0,83.87,1400.0,0,3.885,1,88.19,4.185,28.0,45.0,185.0,EV_108,0.0,130,0.0,DR624372_4,65.0,26938.2,DR624372,182.02,0.0,65.0,D,SimuProB-3,EV_108
327.815,45.0,83.87,2100.0,0,3.875,1,88.18,4.18,42.0,65.0,185.0,EV_108,0.0,140,0.0,DR624372_4,65.0,26938.32,DR624372,182.02,0.0,65.0,D,SimuProB-3,EV_108
332.367,30.0,83.87,1750.0,0,4.14,1,88.16,4.21,35.0,25.0,185.0,EV_108,0.0,150,0.0,DR624372_4,65.0,26938.42,DR624372,182.02,0.0,65.0,D,SimuProB-3,EV_108
332.139,0.0,83.87,600.0,0,4.145,1,88.16,4.215,12.0,-18.0,185.0,EV_108,0.012,160,45.0,DR624372_4,65.0,26938.45,DR624372,182.02,0.0,65.0,D,SimuProB-3,EV_108
331.876,10.0,83.87,400.0,0,4.138,1,88.16,4.212,8.0,10.0,185.0,EV_108,0.0,170,15.0,DR624372_4,65.0,26938.47,DR624372,182.02,0.0,65.0,D,SimuProB-3,EV_108
383.513,25.0,83.87,900.0,0,4.135,1,88.13,4.165,18.0,48.5,185.0,EV_108,0.0,180,0.0,DR624372_4,34.95,26938.52,DR624372,182.02,0.0,35.15,D,SimuProB-3,EV_108
378.783,45.0,83.87,1600.0,0,4.12,1,88.12,4.16,32.0,75.0,185.0,EV_108,0.0,190,0.0,DR624372_4,35.05,26938.61,DR624372,182.02,0.0,35.25,D,SimuProB-3,EV_108
384.103,20.0,83.87,1100.0,0,4.125,1,88.12,4.162,22.0,35.0,185.0,EV_108,0.0,200,5.0,DR624372_4,35.1,26938.67,DR624372,182.02,0.0,35.3,D,SimuProB-3,EV_108
381.718,30.0,83.87,1400.0,0,4.128,1,88.09,4.168,28.0,55.0,185.0,EV_108,0.0,210,0.0,DR624372_4,35.25,26938.75,DR624372,182.02,0.0,35.45,D,SimuProB-3,EV_108
373.172,0.0,83.87,600.0,0,4.14,1,88.09,4.175,12.0,-32.0,185.0,EV_108,0.018,220,65.0,DR624372_4,35.35,26938.78,DR624372,182.02,0.0,35.55,D,SimuProB-3,EV_108
384.805,25.0,83.87,1000.0,0,4.135,1,88.09,4.17,20.0,42.0,185.0,EV_108,0.0,230,0.0,DR624372_4,35.45,26938.84,DR624372,182.02,0.0,35.65,D,SimuProB-3,EV_108
376.259,35.0,83.87,1250.0,0,4.132,1,88.08,4.172,25.0,62.0,185.0,EV_108,0.0,240,0.0,DR624372_4,35.5,26938.91,DR624372,182.02,0.0,35.7,D,SimuProB-3,EV_108
383.103,15.0,83.87,750.0,0,4.128,1,88.06,4.17,15.0,28.0,185.0,EV_108,0.0,250,10.0,DR624372_4,35.55,26938.95,DR624372,182.02,0.0,35.75,D,SimuProB-3,EV_108
372.734,0.0,83.87,250.0,0,4.142,1,88.05,4.178,5.0,-35.0,185.0,EV_108,0.02,260,75.0,DR624372_4,35.6,26938.97,DR624372,182.02,0.0,35.8,D,SimuProB-3,EV_108
371.862,40.0,83.87,1500.0,0,4.135,1,88.03,4.175,30.0,65.0,185.0,EV_108,0.0,270,0.0,DR624372_4,35.65,26939.05,DR624372,182.02,0.0,35.85,D,SimuProB-3,EV_108
368.066,0.0,83.87,500.0,0,4.145,1,88.01,4.18,10.0,-40.0,185.0,EV_108,0.025,280,55.0,DR624372_4,35.7,26939.08,DR624372,182.02,0.0,35.9,D,SimuProB-3,EV_108
374.319,30.0,83.87,1100.0,0,4.132,1,88.01,4.172,22.0,45.0,185.0,EV_108,0.0,290,0.0,DR624372_4,35.75,26939.14,DR624372,182.02,0.0,35.95,D,SimuProB-3,EV_108
369.027,35.0,83.87,1800.0,0,4.13,1,88.0,4.174,35.0,55.0,185.0,EV_108,0.0,300,0.0,DR624372_4,35.8,26939.24,DR624372,182.02,0.0,36.02,D,SimuProB-3,EV_108
378.17,0.0,83.87,600.0,0,4.14,1,87.97,4.182,12.0,-25.0,185.0,EV_108,0.022,310,60.0,DR624372_4,35.83,26939.27,DR624372,182.02,0.0,36.05,D,SimuProB-3,EV_108
370.271,25.0,83.87,1250.0,0,4.134,1,87.97,4.176,25.0,40.0,185.0,EV_108,0.0,320,0.0,DR624372_4,35.88,26939.34,DR624372,182.02,0.0,36.1,D,SimuProB-3,EV_108
365.671,45.0,83.87,2600.0,0,4.128,1,87.95,4.178,42.0,62.0,185.0,EV_108,0.0,330,0.0,DR624372_4,35.92,26939.46,DR624372,182.02,0.0,36.15,D,SimuProB-3,EV_108
372.248,0.0,83.87,800.0,0,4.142,1,87.95,4.185,15.0,-32.0,185.0,EV_108,0.028,340,75.0,DR624372_4,35.98,26939.5,DR624372,182.02,0.0,36.2,D,SimuProB-3,EV_108
366.876,35.0,83.87,1500.0,0,4.125,1,87.93,4.175,30.0,50.0,185.0,EV_108,0.0,350,0.0,DR624372_4,36.05,26939.58,DR624372,182.02,0.0,36.28,D,SimuProB-3,EV_108
363.883,55.0,83.87,3400.0,0,4.115,1,87.9,4.17,52.0,68.0,185.0,EV_108,0.0,360,0.0,DR624372_4,36.12,26939.72,DR624372,182.02,0.0,36.38,D,SimuProB-3,EV_108
375.356,0.0,83.87,900.0,0,4.145,1,87.9,4.18,18.0,-28.0,185.0,EV_108,0.025,370,65.0,DR624372_4,36.18,26939.77,DR624372,182.02,0.0,36.42,D,SimuProB-3,EV_108
369.357,30.0,83.87,2100.0,0,4.11,1,87.89,4.165,35.0,45.0,185.0,EV_108,0.0,380,0.0,DR624372_4,36.25,26939.87,DR624372,182.02,0.0,36.5,D,SimuProB-3,EV_108
374.37,0.0,83.87,350.0,0,4.14,1,87.89,4.175,8.0,-18.5,185.0,EV_108,0.012,390,45.0,DR624372_4,36.28,26939.89,DR624372,182.02,0.0,36.52,D,SimuProB-3,EV_108
372.698,25.0,83.87,1100.0,0,4.128,1,87.87,4.168,22.0,32.0,185.0,EV_108,0.0,400,0.0,DR624372_4,36.3,26939.95,DR624372,182.02,0.0,36.54,D,SimuProB-3,EV_108
367.893,0.0,83.87,150.0,0,4.135,1,87.87,4.172,4.0,-35.0,185.0,EV_108,0.022,410,60.0,DR624372_4,36.32,26939.96,DR624372,182.02,0.0,36.56,D,SimuProB-3,EV_108
369.625,35.0,83.87,1350.0,0,4.12,1,87.86,4.16,25.0,55.0,185.0,EV_108,0.0,420,0.0,DR624372_4,36.35,26940.03,DR624372,182.02,0.0,36.6,D,SimuProB-3,EV_108
365.029,65.0,83.87,2600.0,0,4.11,1,87.82,4.17,42.0,85.0,185.0,EV_108,0.0,430,0.0,DR624372_4,36.4,26940.15,DR624372,182.02,0.0,36.68,D,SimuProB-3,EV_108
369.049,0.0,83.87,600.0,0,4.14,1,87.82,4.18,12.0,-25.0,185.0,EV_108,0.018,440,55.0,DR624372_4,36.42,26940.18,DR624372,182.02,0.0,36.7,D,SimuProB-3,EV_108
374.706,30.0,83.87,2100.0,0,4.135,1,87.81,4.175,38.0,22.0,185.0,EV_108,0.0,450,0.0,DR624372_4,36.46,26940.29,DR624372,182.02,0.0,36.74,D,SimuProB-3,EV_108
366.228,0.0,83.87,400.0,0,4.145,1,87.81,4.185,8.0,-38.0,185.0,EV_108,0.025,460,75.0,DR624372_4,36.48,26940.31,DR624372,182.02,0.0,36.76,D,SimuProB-3,EV_108
371.31,40.0,83.87,1450.0,0,4.13,1,87.78,4.17,28.0,45.0,185.0,EV_108,0.0,470,0.0,DR624372_4,36.5,26940.39,DR624372,182.02,0.0,36.78,D,SimuProB-3,EV_108
367.766,55.0,83.87,3100.0,0,4.128,1,87.75,4.172,45.0,75.0,185.0,EV_108,0.0,480,0.0,DR624372_4,36.52,26940.51,DR624372,182.02,0.0,36.8,D,SimuProB-3,EV_108
363.655,70.0,83.87,3800.0,0,4.125,1,87.75,4.175,55.0,110.0,185.0,EV_108,0.0,490,0.0,DR624372_4,36.55,26940.67,DR624372,182.02,0.0,36.85,D,SimuProB-3,EV_108
372.856,0.0,83.87,1200.0,0,4.14,1,87.74,4.18,25.0,-35.0,185.0,EV_108,0.022,500,45.0,DR624372_4,36.58,26940.74,DR624372,182.02,0.0,36.88,D,SimuProB-3,EV_108
374.705,45.0,83.87,2000.0,0,4.135,1,87.73,4.175,35.0,45.0,185.0,EV_108,0.0,510,0.0,DR624372_4,36.6,26940.84,DR624372,182.02,0.0,36.9,D,SimuProB-3,EV_108
368.806,65.0,83.87,3400.0,0,4.12,1,87.72,4.18,50.0,95.0,185.0,EV_108,0.0,520,0.0,DR624372_4,36.62,26940.98,DR624372,182.02,0.0,36.92,D,SimuProB-3,EV_108
378.188,0.0,83.87,700.0,0,4.145,1,87.71,4.185,15.0,-25.0,185.0,EV_108,0.018,530,30.0,DR624372_4,36.65,26941.02,DR624372,182.02,0.0,36.95,D,SimuProB-3,EV_108
370.017,55.0,83.87,2800.0,0,4.135,1,87.7,4.175,45.0,65.0,185.0,EV_108,0.0,540,0.0,DR624372_4,36.72,26941.15,DR624372,182.02,0.0,37.02,D,SimuProB-3,EV_108
365.575,75.0,83.87,4100.0,0,4.125,1,87.68,4.18,58.0,115.0,185.0,EV_108,0.0,550,0.0,DR624372_4,36.75,26941.31,DR624372,182.02,0.0,37.05,D,SimuProB-3,EV_108
376.335,0.0,83.87,1900.0,0,4.145,1,87.67,4.185,35.0,-32.0,185.0,EV_108,0.025,560,40.0,DR624372_4,36.73,26941.4,DR624372,182.02,0.0,37.03,D,SimuProB-3,EV_108
362.275,70.0,83.87,3650.0,0,4.118,1,87.64,4.182,52.0,125.0,185.0,EV_108,0.0,570,0.0,DR624372_4,36.85,26941.54,DR624372,182.02,0.0,37.15,D,SimuProB-3,EV_108
371.557,0.0,83.87,2400.0,0,4.142,1,87.64,4.178,38.0,-18.0,185.0,EV_108,0.012,580,25.0,DR624372_4,36.88,26941.65,DR624372,182.02,0.0,37.18,D,SimuProB-3,EV_108
385.212,15.0,83.87,250.0,0,4.155,1,87.64,4.165,5.0,5.0,185.0,EV_108,0.0,590,5.0,DR624372_4,36.9,26941.66,DR624372,182.02,0.0,37.2,D,SimuProB-3,EV_108
380.244,35.0,83.87,1850.0,0,4.152,1,87.62,4.162,28.0,45.0,185.0,EV_108,0.0,600,0.0,DR624372_4,36.95,26941.74,DR624372,182.02,0.0,37.25,D,SimuProB-3,EV_108
395.505,0.0,83.87,750.0,0,4.155,1,87.61,4.17,12.0,-22.0,185.0,EV_108,0.015,610,30.0,DR624372_4,37.0,26941.77,DR624372,182.02,0.0,37.3,D,SimuProB-3,EV_108
373.189,45.0,83.87,2100.0,0,4.14,1,87.61,4.18,32.0,65.0,185.0,EV_108,0.0,620,0.0,DR624372_4,37.05,26941.86,DR624372,182.02,0.0,37.38,D,SimuProB-3,EV_108
372.101,40.0,83.87,1650.0,0,4.145,1,87.59,4.175,25.0,55.0,185.0,EV_108,0.0,630,0.0,DR624372_4,37.08,26941.93,DR624372,182.02,0.0,37.42,D,SimuProB-3,EV_108
387.973,0.0,83.87,650.0,0,4.15,1,87.59,4.172,10.0,-28.0,185.0,EV_108,0.018,640,45.0,DR624372_4,37.1,26941.96,DR624372,182.02,0.0,37.45,D,SimuProB-3,EV_108
375.527,30.0,83.87,1200.0,0,4.142,1,87.59,4.17,18.0,42.0,185.0,EV_108,0.0,650,0.0,DR624372_4,37.15,26942.01,DR624372,182.02,0.0,37.5,D,SimuProB-3,EV_108
378.617,35.0,83.87,1450.0,0,4.141,1,87.57,4.172,22.0,48.0,185.0,EV_108,0.0,660,0.0,DR624372_4,37.2,26942.07,DR624372,182.02,0.0,37.55,D,SimuProB-3,EV_108
375.245,42.0,83.87,1850.0,0,4.138,1,87.57,4.175,28.0,60.0,185.0,EV_108,0.0,670,0.0,DR624372_4,37.25,26942.15,DR624372,182.02,0.0,37.62,D,SimuProB-3,EV_108
369.76,55.0,83.87,2500.0,0,4.132,1,87.57,4.18,38.0,85.0,185.0,EV_108,0.0,680,0.0,DR624372_4,37.32,26942.25,DR624372,182.02,0.0,37.7,D,SimuProB-3,EV_108
365.024,65.0,83.87,2900.0,0,4.128,1,87.56,4.185,45.0,95.0,185.0,EV_108,0.0,690,0.0,DR624372_4,37.38,26942.38,DR624372,182.02,0.0,37.78,D,SimuProB-3,EV_108
382.24,0.0,83.87,1500.0,0,4.145,1,87.54,4.175,25.0,-35.0,185.0,EV_108,0.025,700,60.0,DR624372_4,37.42,26942.44,DR624372,182.02,0.0,37.82,D,SimuProB-3,EV_108
376.717,38.0,83.87,2100.0,0,4.135,1,87.53,4.17,32.0,55.0,185.0,EV_108,0.0,710,0.0,DR624372_4,37.48,26942.53,DR624372,182.02,0.0,37.88,D,SimuProB-3,EV_108
379.018,25.0,83.87,1400.0,0,4.138,1,87.52,4.172,22.0,45.0,185.0,EV_108,0.0,720,0.0,DR624372_4,37.55,26942.59,DR624372,182.02,0.0,37.95,D,SimuProB-3,EV_108
388.561,0.0,83.87,600.0,0,4.148,1,87.51,4.182,10.0,-28.0,185.0,EV_108,0.018,730,45.0,DR624372_4,37.58,26942.62,DR624372,182.02,0.0,37.98,D,SimuProB-3,EV_108
393.188,15.0,83.87,300.0,0,4.15,1,87.5,4.185,5.0,12.0,185.0,EV_108,0.0,740,5.0,DR624372_4,37.62,26942.63,DR624372,182.02,0.0,38.02,D,SimuProB-3,EV_108
390.962,35.0,83.87,1100.0,0,4.149,1,87.49,4.184,18.0,25.0,185.0,EV_108,0.0,750,0.0,DR624372_4,37.68,26942.68,DR624372,182.02,0.0,38.08,D,SimuProB-3,EV_108
385.607,0.0,83.87,400.0,0,4.142,1,87.47,4.178,6.0,-32.0,185.0,EV_108,0.022,760,75.0,DR624372_4,37.7,26942.7,DR624372,182.02,0.0,38.1,D,SimuProB-3,EV_108
394.755,0.0,83.87,0.0,0,4.151,1,87.47,4.186,0.0,5.0,185.0,EV_108,0.0,770,100.0,DR624372_4,37.72,26942.7,DR624372,182.02,0.0,38.12,D,SimuProB-3,EV_108
392.027,40.0,83.87,1350.0,0,4.145,1,87.46,4.188,22.0,45.0,185.0,EV_108,0.0,780,0.0,DR624372_4,37.75,26942.76,DR624372,182.02,0.0,38.15,D,SimuProB-3,EV_108
386.1,65.0,83.87,2400.0,0,4.138,1,87.42,4.192,38.0,85.0,185.0,EV_108,0.0,790,0.0,DR624372_4,37.82,26942.87,DR624372,182.02,0.0,38.22,D,SimuProB-3,EV_108
391.913,0.0,83.87,1550.0,0,4.142,1,87.42,4.195,25.0,-25.0,185.0,EV_108,0.015,800,30.0,DR624372_4,37.85,26942.94,DR624372,182.02,0.0,38.25,D,SimuProB-3,EV_108
388.809,50.0,83.87,2000.0,0,4.135,1,87.41,4.19,32.0,55.0,185.0,EV_108,0.0,810,0.0,DR624372_4,37.9,26943.03,DR624372,182.02,0.0,38.3,D,SimuProB-3,EV_108
379.671,75.0,83.87,3200.0,0,4.125,1,87.38,4.198,48.0,110.0,185.0,EV_108,0.0,820,0.0,DR624372_4,37.98,26943.16,DR624372,182.02,0.0,38.38,D,SimuProB-3,EV_108
385.786,0.0,83.87,1100.0,0,4.13,1,87.36,4.2,18.0,-35.0,185.0,EV_108,0.025,830,45.0,DR624372_4,38.05,26943.21,DR624372,182.02,0.0,38.45,D,SimuProB-3,EV_108
382.073,55.0,83.87,2750.0,0,4.128,1,87.35,4.196,42.0,95.0,185.0,EV_108,0.0,840,0.0,DR624372_4,38.12,26943.33,DR624372,182.02,0.0,38.52,D,SimuProB-3,EV_108
378.603,70.0,83.87,3600.0,0,4.122,1,87.33,4.199,55.0,115.0,185.0,EV_108,0.0,850,0.0,DR624372_4,38.25,26943.48,DR624372,182.02,0.0,38.65,D,SimuProB-3,EV_108
380.589,15.0,83.87,1300.0,0,4.135,1,87.31,4.193,20.0,30.0,185.0,EV_108,0.012,860,25.0,DR624372_4,38.32,26943.53,DR624372,182.02,0.0,38.72,D,SimuProB-3,EV_108
375.782,80.0,83.87,4100.0,0,4.12,1,87.28,4.201,60.0,125.0,185.0,EV_108,0.0,870,0.0,DR624372_4,38.4,26943.7,DR624372,182.02,0.0,38.8,D,SimuProB-3,EV_108
371.686,0.0,83.87,1500.0,0,4.14,1,87.28,4.19,25.0,-38.0,185.0,EV_108,0.028,880,65.0,DR624372_4,38.48,26943.77,DR624372,182.02,0.0,38.88,D,SimuProB-3,EV_108
384.792,35.0,83.87,1900.0,0,4.132,1,87.27,4.195,30.0,45.0,185.0,EV_108,0.0,890,0.0,DR624372_4,38.55,26943.85,DR624372,182.02,0.0,38.95,D,SimuProB-3,EV_108
372.893,55.0,83.87,2800.0,0,4.138,1,87.26,4.188,42.0,95.0,185.0,EV_108,0.0,900,0.0,DR624372_4,38.62,26943.97,DR624372,182.02,0.0,39.02,D,SimuProB-3,EV_108
381.767,0.0,83.87,600.0,0,4.142,1,87.26,4.195,12.0,-28.0,185.0,EV_108,0.018,910,45.0,DR624372_4,38.7,26944.0,DR624372,182.02,0.0,39.1,D,SimuProB-3,EV_108
376.329,40.0,83.87,1500.0,0,4.135,1,87.24,4.185,28.0,65.0,185.0,EV_108,0.0,920,0.0,DR624372_4,38.78,26944.08,DR624372,182.02,0.0,39.18,D,SimuProB-3,EV_108
378.54,15.0,83.87,900.0,0,4.136,1,87.23,4.186,18.0,22.0,185.0,EV_108,0.0,930,5.0,DR624372_4,38.82,26944.13,DR624372,182.02,0.0,39.22,D,SimuProB-3,EV_108
370.247,60.0,83.87,2100.0,0,4.13,1,87.23,4.192,35.0,110.0,185.0,EV_108,0.0,940,0.0,DR624372_4,38.9,26944.23,DR624372,182.02,0.0,39.35,D,SimuProB-3,EV_108
383.579,0.0,83.87,400.0,0,4.145,1,87.22,4.198,8.0,-35.0,185.0,EV_108,0.025,950,70.0,DR624372_4,38.95,26944.25,DR624372,182.02,0.0,39.4,D,SimuProB-3,EV_108
388.682,25.0,83.87,1100.0,0,4.138,1,87.21,4.188,22.0,35.0,185.0,EV_108,0.0,960,0.0,DR624372_4,39.0,26944.31,DR624372,182.02,0.0,39.45,D,SimuProB-3,EV_108
380.51,55.0,83.87,2400.0,0,4.132,1,87.21,4.19,38.0,85.0,185.0,EV_108,0.0,970,0.0,DR624372_4,39.08,26944.42,DR624372,182.02,0.0,39.52,D,SimuProB-3,EV_108
391.564,0.0,83.87,250.0,0,4.144,1,87.21,4.196,5.0,-25.0,185.0,EV_108,0.022,980,85.0,DR624372_4,39.15,26944.43,DR624372,182.02,0.0,39.58,D,SimuProB-3,EV_108
376.44,45.0,83.87,1800.0,0,4.135,1,87.19,4.195,32.0,95.0,185.0,EV_108,0.0,990,0.0,DR624372_4,39.22,26944.52,DR624372,182.02,0.0,39.65,D,SimuProB-3,EV_108
367.974,75.0,83.87,3800.0,0,4.128,1,87.18,4.198,55.0,145.0,185.0,EV_108,0.0,1000,0.0,DR624372_4,39.35,26944.67,DR624372,182.02,0.0,39.78,D,SimuProB-3,EV_108
385.87,0.0,83.87,500.0,0,4.148,1,87.18,4.205,12.0,-38.0,185.0,EV_108,0.028,1010,80.0,DR624372_4,39.42,26944.7,DR624372,182.02,0.0,39.85,D,SimuProB-3,EV_108
371.961,60.0,83.87,2650.0,0,4.152,1,87.16,4.208,42.0,120.0,185.0,EV_108,0.0,1020,0.0,DR624372_4,39.49,26944.82,DR624372,182.02,0.0,39.91,D,SimuProB-3,EV_108
388.162,0.0,83.87,750.0,0,4.16,1,87.15,4.21,15.0,-15.0,185.0,EV_108,0.015,1030,35.0,DR624372_4,39.53,26944.86,DR624372,182.02,0.0,39.95,D,SimuProB-3,EV_108
393.989,30.0,83.87,1500.0,0,4.155,1,87.15,4.205,25.0,12.0,185.0,EV_108,0.0,1040,0.0,DR624372_4,39.56,26944.93,DR624372,182.02,0.0,39.98,D,SimuProB-3,EV_108
374.598,45.0,83.87,1950.0,0,4.148,1,87.14,4.202,32.0,85.0,185.0,EV_108,0.0,1050,0.0,DR624372_4,39.62,26945.02,DR624372,182.02,0.0,40.05,D,SimuProB-3,EV_108
382.994,0.0,83.87,950.0,0,4.155,1,87.12,4.212,18.0,-25.0,185.0,EV_108,0.022,1060,60.0,DR624372_4,39.68,26945.07,DR624372,182.02,0.0,40.12,D,SimuProB-3,EV_108
377.37,50.0,83.87,1650.0,0,4.15,1,87.1,4.208,28.0,95.0,185.0,EV_108,0.0,1070,0.0,DR624372_4,39.75,26945.15,DR624372,182.02,0.0,40.2,D,SimuProB-3,EV_108
398.797,35.0,83.87,2100.0,0,4.152,1,87.09,4.205,35.0,45.0,185.0,EV_108,0.0,1080,0.0,DR624372_4,39.88,26945.25,DR624372,182.02,0.0,40.35,D,SimuProB-3,EV_108
385.107,0.0,83.87,400.0,0,4.155,1,87.08,4.21,12.0,-35.0,185.0,EV_108,0.025,1090,75.0,DR624372_4,39.95,26945.28,DR624372,182.02,0.0,40.45,D,SimuProB-3,EV_108
396.233,10.0,83.87,180.0,0,4.153,1,87.07,4.208,8.0,15.0,185.0,EV_108,0.0,1100,15.0,DR624372_4,40.02,26945.3,DR624372,182.02,0.0,40.52,D,SimuProB-3,EV_108
392.785,30.0,83.87,1350.0,0,4.154,1,87.06,4.207,22.0,55.0,185.0,EV_108,0.0,1110,0.0,DR624372_4,40.05,26945.36,DR624372,182.02,0.0,40.55,D,SimuProB-3,EV_108
377.184,65.0,83.87,2450.0,0,4.151,1,87.04,4.209,38.0,110.0,185.0,EV_108,0.0,1120,0.0,DR624372_4,40.11,26945.47,DR624372,182.02,0.0,40.62,D,SimuProB-3,EV_108
395.337,0.0,83.87,750.0,0,4.156,1,87.04,4.211,15.0,-30.0,185.0,EV_108,0.026,1130,65.0,DR624372_4,40.16,26945.51,DR624372,182.02,0.0,40.68,D,SimuProB-3,EV_108
388.742,25.0,83.87,1550.0,0,4.152,1,87.03,4.208,25.0,45.0,185.0,EV_108,0.0,1140,0.0,DR624372_4,40.22,26945.58,DR624372,182.02,0.0,40.75,D,SimuProB-3,EV_108
398.068,15.0,83.87,1100.0,0,4.151,1,87.02,4.206,18.0,12.0,185.0,EV_108,0.0,1150,5.0,DR624372_4,40.29,26945.63,DR624372,182.02,0.0,40.82,D,SimuProB-3,EV_108
372.878,70.0,83.87,2700.0,0,4.148,1,87.0,4.212,42.0,125.0,185.0,EV_108,0.0,1160,0.0,DR624372_4,40.4,26945.75,DR624372,182.02,0.0,40.95,D,SimuProB-3,EV_108
384.936,45.0,83.87,1900.0,0,4.138,1,86.96,4.195,30.0,65.0,185.0,EV_108,0.0,1170,0.0,DR624372_4,40.48,26945.83,DR624372,182.02,0.0,41.02,D,SimuProB-3,EV_108
368.277,75.0,83.87,3100.0,0,4.132,1,86.93,4.205,48.0,140.0,185.0,EV_108,0.0,1180,0.0,DR624372_4,40.62,26945.97,DR624372,182.02,0.0,41.15,D,SimuProB-3,EV_108
392.958,0.0,83.87,600.0,0,4.145,1,86.93,4.21,12.0,-35.0,185.0,EV_108,0.028,1190,55.0,DR624372_4,40.65,26946.0,DR624372,182.02,0.0,41.2,D,SimuProB-3,EV_108
394.945,35.0,83.87,1500.0,0,4.135,1,86.9,4.198,25.0,45.0,185.0,EV_108,0.0,1200,0.0,DR624372_4,40.7,26946.07,DR624372,182.02,0.0,41.25,D,SimuProB-3,EV_108
370.145,72.0,83.87,2800.0,0,4.128,1,86.9,4.21,45.0,135.0,185.0,EV_108,0.0,1210,0.0,DR624372_4,40.85,26946.19,DR624372,182.02,0.0,41.38,D,SimuProB-3,EV_108
393.028,0.0,83.87,800.0,0,4.148,1,86.89,4.215,15.0,-25.0,185.0,EV_108,0.025,1220,45.0,DR624372_4,40.9,26946.24,DR624372,182.02,0.0,41.42,D,SimuProB-3,EV_108
418.29,45.0,83.87,2200.0,0,4.148,1,86.89,4.215,35.0,12.0,185.0,EV_108,0.0,1230,0.0,DR624372_4,40.95,26946.34,DR624372,182.02,0.0,41.45,D,SimuProB-3,EV_108
395.145,0.0,83.87,450.0,0,4.152,1,86.89,4.218,8.0,-38.0,185.0,EV_108,0.032,1240,65.0,DR624372_4,41.02,26946.36,DR624372,182.02,0.0,41.52,D,SimuProB-3,EV_108
408.731,55.0,83.87,1300.0,0,4.142,1,86.88,4.212,22.0,65.0,185.0,EV_108,0.0,1250,0.0,DR624372_4,41.08,26946.42,DR624372,182.02,0.0,41.58,D,SimuProB-3,EV_108
392.7,60.0,83.87,2400.0,0,4.135,1,86.87,4.21,38.0,110.0,185.0,EV_108,0.0,1260,0.0,DR624372_4,41.12,26946.53,DR624372,182.02,0.0,41.62,D,SimuProB-3,EV_108
417.163,5.0,83.87,300.0,0,4.155,1,86.87,4.218,5.0,8.5,185.0,EV_108,0.0,1270,15.0,DR624372_4,41.15,26946.54,DR624372,182.02,0.0,41.65,D,SimuProB-3,EV_108
388.369,65.0,83.87,2000.0,0,4.132,1,86.85,4.215,32.0,145.0,185.0,EV_108,0.0,0,0.0,DR624372_5,41.2,26946.63,DR624372,182.02,0.0,41.7,D,SimuProB-3,EV_108
398.703,35.0,83.87,1100.0,0,4.138,1,86.83,4.215,18.0,45.0,185.0,EV_108,0.0,10,0.0,DR624372_5,41.25,26946.68,DR624372,182.02,0.0,41.75,D,SimuProB-3,EV_108
391.221,55.0,83.87,2650.0,0,4.13,1,86.81,4.212,42.0,95.0,185.0,EV_108,0.0,20,0.0,DR624372_5,41.3,26946.8,DR624372,182.02,0.0,41.8,D,SimuProB-3,EV_108
385.466,0.0,83.87,1550.0,0,4.145,1,86.81,4.218,25.0,-35.0,185.0,EV_108,0.028,30,60.0,DR624372_5,41.35,26946.87,DR624372,182.02,0.0,41.85,D,SimuProB-3,EV_108
402.625,40.0,83.87,2200.0,0,4.14,1,86.79,4.21,35.0,25.0,185.0,EV_108,0.0,40,0.0,DR624372_5,41.4,26946.97,DR624372,182.02,0.0,41.9,D,SimuProB-3,EV_108
379.869,75.0,83.87,3800.0,0,4.12,1,86.78,4.22,55.0,160.0,185.0,EV_108,0.0,50,0.0,DR624372_5,41.5,26947.12,DR624372,182.02,0.0,42.0,D,SimuProB-3,EV_108
396.145,0.0,83.87,1250.0,0,4.142,1,86.78,4.215,20.0,-28.0,185.0,EV_108,0.025,60,50.0,DR624372_5,41.55,26947.18,DR624372,182.02,0.0,42.05,D,SimuProB-3,EV_108
390.455,45.0,83.87,2900.0,0,4.135,1,86.74,4.215,45.0,85.0,185.0,EV_108,0.0,70,0.0,DR624372_5,41.6,26947.31,DR624372,182.02,0.0,42.1,D,SimuProB-3,EV_108
395.191,10.0,83.87,950.0,0,4.138,1,86.74,4.212,15.0,15.0,185.0,EV_108,0.0,80,5.0,DR624372_5,41.65,26947.35,DR624372,182.02,0.0,42.15,D,SimuProB-3,EV_108
382.131,65.0,83.87,3200.0,0,4.125,1,86.72,4.222,50.0,140.0,185.0,EV_108,0.0,90,0.0,DR624372_5,41.75,26947.49,DR624372,182.02,0.0,42.25,D,SimuProB-3,EV_108
388.317,25.0,83.87,1600.0,0,4.132,1,86.71,4.218,25.0,45.0,185.0,EV_108,0.0,100,0.0,DR624372_5,41.8,26947.56,DR624372,182.02,0.0,42.3,D,SimuProB-3,EV_108
395.015,0.0,83.87,300.0,0,4.138,1,86.7,4.22,5.0,-12.0,185.0,EV_108,0.018,110,45.0,DR624372_5,41.85,26947.57,DR624372,182.02,0.0,42.35,D,SimuProB-3,EV_108
391.469,35.0,83.87,2200.0,0,4.13,1,86.69,4.215,35.0,60.0,185.0,EV_108,0.0,120,0.0,DR624372_5,41.9,26947.67,DR624372,182.02,0.0,42.4,D,SimuProB-3,EV_108
387.193,30.0,83.87,2050.0,0,4.131,1,86.66,4.216,32.0,55.0,185.0,EV_108,0.0,130,0.0,DR624372_5,41.92,26947.76,DR624372,182.02,0.0,42.42,D,SimuProB-3,EV_108
383.303,60.0,83.87,3300.0,0,4.128,1,86.65,4.225,52.0,110.0,185.0,EV_108,0.0,140,0.0,DR624372_5,42.05,26947.9,DR624372,182.02,0.0,42.55,D,SimuProB-3,EV_108
389.132,15.0,83.87,1400.0,0,4.135,1,86.63,4.219,22.0,40.0,185.0,EV_108,0.0,150,0.0,DR624372_5,42.08,26947.96,DR624372,182.02,0.0,42.58,D,SimuProB-3,EV_108
385.796,45.0,83.87,2800.0,0,4.132,1,86.6,4.218,42.0,75.0,185.0,EV_108,0.0,160,0.0,DR624372_5,42.15,26948.08,DR624372,182.02,0.0,42.65,D,SimuProB-3,EV_108
379.61,70.0,83.87,4200.0,0,4.125,1,86.59,4.228,58.0,130.0,185.0,EV_108,0.0,170,0.0,DR624372_5,42.25,26948.24,DR624372,182.02,0.0,42.78,D,SimuProB-3,EV_108
392.462,0.0,83.87,1600.0,0,4.14,1,86.58,4.235,25.0,-25.0,185.0,EV_108,0.022,180,55.0,DR624372_5,42.27,26948.31,DR624372,182.02,0.0,42.8,D,SimuProB-3,EV_108
384.321,50.0,83.87,3100.0,0,4.138,1,86.56,4.232,48.0,65.0,185.0,EV_108,0.0,190,0.0,DR624372_5,42.32,26948.44,DR624372,182.02,0.0,42.85,D,SimuProB-3,EV_108
377.884,65.0,83.87,3800.0,0,4.128,1,86.54,4.241,55.0,120.0,185.0,EV_108,0.0,200,0.0,DR624372_5,42.48,26948.6,DR624372,182.02,0.0,42.98,D,SimuProB-3,EV_108
395.24,0.0,83.87,1200.0,0,4.142,1,86.54,4.245,18.0,-32.0,185.0,EV_108,0.028,210,60.0,DR624372_5,42.55,26948.65,DR624372,182.02,0.0,43.05,D,SimuProB-3,EV_108
381.787,45.0,83.87,2800.0,0,4.135,1,86.53,4.238,42.0,85.0,185.0,EV_108,0.0,220,0.0,DR624372_5,42.62,26948.77,DR624372,182.02,0.0,43.12,D,SimuProB-3,EV_108
372.206,75.0,83.87,3500.0,0,4.115,1,86.52,4.25,52.0,145.0,185.0,EV_108,0.0,230,0.0,DR624372_5,42.75,26948.91,DR624372,182.02,0.0,43.25,D,SimuProB-3,EV_108
398.218,0.0,83.87,800.0,0,4.145,1,86.52,4.255,12.0,-35.0,185.0,EV_108,0.03,240,70.0,DR624372_5,42.8,26948.94,DR624372,182.02,0.0,43.3,D,SimuProB-3,EV_108
392.758,12.0,83.87,550.0,0,4.138,1,86.51,4.248,8.0,15.0,185.0,EV_108,0.0,250,5.0,DR624372_5,42.85,26948.96,DR624372,182.02,0.0,43.35,D,SimuProB-3,EV_108
379.091,55.0,83.87,2600.0,0,4.13,1,86.49,4.252,38.0,95.0,185.0,EV_108,0.0,260,0.0,DR624372_5,42.92,26949.07,DR624372,182.02,0.0,43.42,D,SimuProB-3,EV_108
396.005,0.0,83.87,1050.0,0,4.14,1,86.49,4.258,15.0,-28.0,185.0,EV_108,0.025,270,45.0,DR624372_5,42.98,26949.11,DR624372,182.02,0.0,43.48,D,SimuProB-3,EV_108
375.637,45.0,83.87,2200.0,0,4.145,1,86.47,4.26,32.0,110.0,185.0,EV_108,0.0,280,0.0,DR624372_5,43.05,26949.2,DR624372,182.02,0.0,43.55,D,SimuProB-3,EV_108
388.037,0.0,83.87,1200.0,0,4.15,1,86.47,4.262,18.0,-22.0,185.0,EV_108,0.02,290,55.0,DR624372_5,43.12,26949.25,DR624372,182.02,0.0,43.62,D,SimuProB-3,EV_108
369.877,65.0,83.87,2800.0,0,4.135,1,86.44,4.255,42.0,135.0,185.0,EV_108,0.0,300,0.0,DR624372_5,43.2,26949.37,DR624372,182.02,0.0,43.7,D,SimuProB-3,EV_108
382.466,25.0,83.87,1700.0,0,4.14,1,86.43,4.258,25.0,45.0,185.0,EV_108,0.0,310,10.0,DR624372_5,43.28,26949.44,DR624372,182.02,0.0,43.78,D,SimuProB-3,EV_108
373.744,40.0,83.87,2400.0,0,4.135,1,86.41,4.26,35.0,85.0,185.0,EV_108,0.0,320,0.0,DR624372_5,43.35,26949.54,DR624372,182.02,0.0,43.85,D,SimuProB-3,EV_108
391.843,0.0,83.87,800.0,0,4.145,1,86.41,4.265,12.0,-35.0,185.0,EV_108,0.028,330,60.0,DR624372_5,43.42,26949.57,DR624372,182.02,0.0,43.92,D,SimuProB-3,EV_108
384.775,30.0,83.87,1900.0,0,4.138,1,86.38,4.261,28.0,32.0,185.0,EV_108,0.0,340,0.0,DR624372_5,43.55,26949.65,DR624372,182.02,0.0,44.05,D,SimuProB-3,EV_108
362.942,55.0,83.87,3100.0,0,4.125,1,86.37,4.264,45.0,115.0,185.0,EV_108,0.0,350,0.0,DR624372_5,43.68,26949.77,DR624372,182.02,0.0,44.18,D,SimuProB-3,EV_108
395.487,0.0,83.87,550.0,0,4.152,1,86.36,4.268,8.0,-28.0,185.0,EV_108,0.025,360,70.0,DR624372_5,43.75,26949.79,DR624372,182.02,0.0,44.25,D,SimuProB-3,EV_108
378.546,35.0,83.87,1700.0,0,4.13,1,86.34,4.262,25.0,65.0,185.0,EV_108,0.0,370,0.0,DR624372_5,43.82,26949.86,DR624372,182.02,0.0,44.32,D,SimuProB-3,EV_108
365.542,50.0,83.87,2600.0,0,4.128,1,86.31,4.265,38.0,95.0,185.0,EV_108,0.0,380,0.0,DR624372_5,43.9,26949.97,DR624372,182.02,0.0,44.4,D,SimuProB-3,EV_108
392.392,0.0,83.87,1000.0,0,4.155,1,86.31,4.27,15.0,-22.0,185.0,EV_108,0.022,390,45.0,DR624372_5,43.95,26950.01,DR624372,182.02,0.0,44.45,D,SimuProB-3,EV_108
369.867,25.0,83.87,1200.0,0,4.127,1,86.3,4.263,18.0,45.0,185.0,EV_108,0.0,400,0.0,DR624372_5,44.0,26950.06,DR624372,182.02,0.0,44.52,D,SimuProB-3,EV_108
385.573,0.0,83.87,350.0,0,4.15,1,86.29,4.266,5.0,-18.0,185.0,EV_108,0.018,410,35.0,DR624372_5,44.06,26950.07,DR624372,182.02,0.0,44.58,D,SimuProB-3,EV_108
368.558,30.0,83.87,1500.0,0,4.126,1,86.27,4.264,22.0,75.0,185.0,EV_108,0.0,420,0.0,DR624372_5,44.13,26950.13,DR624372,182.02,0.0,44.65,D,SimuProB-3,EV_108
364.887,35.0,83.87,1900.0,0,4.124,1,86.24,4.262,28.0,85.0,185.0,EV_108,0.0,430,0.0,DR624372_5,44.18,26950.21,DR624372,182.02,0.0,44.7,D,SimuProB-3,EV_108
367.878,0.0,83.87,500.0,0,4.158,1,86.23,4.268,8.0,-25.0,185.0,EV_108,0.025,440,55.0,DR624372_5,44.23,26950.23,DR624372,182.02,0.0,44.75,D,SimuProB-3,EV_108
366.756,25.0,83.87,1200.0,0,4.125,1,86.21,4.265,18.0,65.0,185.0,EV_108,0.0,450,0.0,DR624372_5,44.28,26950.28,DR624372,182.02,0.0,44.8,D,SimuProB-3,EV_108
368.592,20.0,83.87,1600.0,0,4.128,1,86.18,4.263,25.0,45.0,185.0,EV_108,0.0,460,0.0,DR624372_5,44.32,26950.35,DR624372,182.02,0.0,44.85,D,SimuProB-3,EV_108
362.607,45.0,83.87,2600.0,0,4.115,1,86.18,4.269,38.0,95.0,185.0,EV_108,0.0,470,0.0,DR624372_5,44.38,26950.45,DR624372,182.02,0.0,44.92,D,SimuProB-3,EV_108
358.157,65.0,83.87,3800.0,0,4.108,1,86.16,4.272,52.0,120.0,185.0,EV_108,0.0,480,0.0,DR624372_5,44.48,26950.6,DR624372,182.02,0.0,45.05,D,SimuProB-3,EV_108
364.589,35.0,83.87,2800.0,0,4.11,1,86.12,4.26,42.0,75.0,185.0,EV_108,0.0,490,0.0,DR624372_5,44.55,26950.72,DR624372,182.02,0.0,45.12,D,SimuProB-3,EV_108
359.983,55.0,83.87,4200.0,0,4.105,1,86.12,4.265,55.0,110.0,185.0,EV_108,0.0,500,0.0,DR624372_5,44.62,26950.87,DR624372,182.02,0.0,45.25,D,SimuProB-3,EV_108
369.277,0.0,83.87,2000.0,0,4.14,1,86.11,4.27,30.0,-30.0,185.0,EV_108,0.02,510,45.0,DR624372_5,44.68,26950.95,DR624372,182.02,0.0,45.3,D,SimuProB-3,EV_108
375.367,25.0,83.87,2200.0,0,4.125,1,86.08,4.255,32.0,45.0,185.0,EV_108,0.0,520,0.0,DR624372_5,44.75,26951.04,DR624372,182.02,0.0,45.35,D,SimuProB-3,EV_108
368.197,50.0,83.87,3400.0,0,4.118,1,86.06,4.262,48.0,85.0,185.0,EV_108,0.0,530,0.0,DR624372_5,44.82,26951.17,DR624372,182.02,0.0,45.42,D,SimuProB-3,EV_108
373.355,10.0,83.87,1500.0,0,4.122,1,86.06,4.258,22.0,25.0,185.0,EV_108,0.01,540,15.0,DR624372_5,44.88,26951.23,DR624372,182.02,0.0,45.48,D,SimuProB-3,EV_108
369.766,35.0,83.87,2400.0,0,4.128,1,86.03,4.258,35.0,65.0,185.0,EV_108,0.0,550,0.0,DR624372_5,44.95,26951.33,DR624372,182.02,0.0,45.55,D,SimuProB-3,EV_108
362.291,55.0,83.87,3400.0,0,4.115,1,86.01,4.268,48.0,115.0,185.0,EV_108,0.0,560,0.0,DR624372_5,45.02,26951.46,DR624372,182.02,0.0,45.62,D,SimuProB-3,EV_108
376.902,0.0,83.87,900.0,0,4.145,1,85.99,4.272,15.0,-35.0,185.0,EV_108,0.025,570,60.0,DR624372_5,45.08,26951.5,DR624372,182.02,0.0,45.68,D,SimuProB-3,EV_108
372.021,25.0,83.87,1900.0,0,4.13,1,85.96,4.27,28.0,45.0,185.0,EV_108,0.0,580,0.0,DR624372_5,45.13,26951.58,DR624372,182.02,0.0,45.73,D,SimuProB-3,EV_108
358.751,60.0,83.87,2900.0,0,4.11,1,85.93,4.275,42.0,125.0,185.0,EV_108,0.0,590,0.0,DR624372_5,45.22,26951.69,DR624372,182.02,0.0,45.85,D,SimuProB-3,EV_108
365.126,0.0,83.87,1200.0,0,4.135,1,85.91,4.28,18.0,-20.0,185.0,EV_108,0.02,600,45.0,DR624372_5,45.28,26951.74,DR624372,182.02,0.0,45.92,D,SimuProB-3,EV_108
355.417,70.0,83.87,4100.0,0,4.1,1,85.89,4.285,55.0,145.0,185.0,EV_108,0.0,610,0.0,DR624372_5,45.35,26951.89,DR624372,182.02,0.0,46.05,D,SimuProB-3,EV_108
378.874,0.0,83.87,2100.0,0,4.14,1,85.88,4.29,32.0,-38.0,185.0,EV_108,0.03,620,75.0,DR624372_5,45.42,26951.98,DR624372,182.02,0.0,46.12,D,SimuProB-3,EV_108
368.144,0.0,83.87,800.0,0,4.125,1,85.88,4.275,12.0,25.0,185.0,EV_108,0.0,630,15.0,DR624372_5,45.48,26952.01,DR624372,182.02,0.0,46.18,D,SimuProB-3,EV_108
362.182,35.0,83.87,1400.0,0,4.13,1,85.88,4.28,22.0,45.0,185.0,EV_108,0.0,640,0.0,DR624372_5,45.5,26952.07,DR624372,182.02,0.0,46.2,D,SimuProB-3,EV_108
352.171,65.0,83.87,3200.0,0,4.11,1,85.86,4.29,48.0,110.0,185.0,EV_108,0.0,650,0.0,DR624372_5,45.65,26952.2,DR624372,182.02,0.0,46.35,D,SimuProB-3,EV_108
366.633,0.0,83.87,950.0,0,4.135,1,85.86,4.285,15.0,-15.0,185.0,EV_108,0.015,660,40.0,DR624372_5,45.7,26952.25,DR624372,182.02,0.0,46.45,D,SimuProB-3,EV_108
375.001,25.0,83.87,2200.0,0,4.13,1,85.84,4.28,35.0,35.0,185.0,EV_108,0.0,670,0.0,DR624372_5,45.8,26952.35,DR624372,182.02,0.0,46.55,D,SimuProB-3,EV_108
365.361,50.0,83.87,2800.0,0,4.11,1,85.84,4.29,45.0,85.0,185.0,EV_108,0.0,680,0.0,DR624372_5,45.9,26952.47,DR624372,182.02,0.0,46.65,D,SimuProB-3,EV_108
385.576,0.0,83.87,1100.0,0,4.14,1,85.84,4.3,18.0,-25.0,185.0,EV_108,0.02,690,45.0,DR624372_5,46.0,26952.52,DR624372,182.02,0.0,46.75,D,SimuProB-3,EV_108
372.673,45.0,83.87,2400.0,0,4.135,1,85.81,4.285,38.0,65.0,185.0,EV_108,0.0,700,0.0,DR624372_5,46.1,26952.63,DR624372,182.02,0.0,46.8,D,SimuProB-3,EV_108
359.873,55.0,83.87,2650.0,0,4.11,1,85.81,4.29,42.0,95.0,185.0,EV_108,0.0,710,0.0,DR624372_5,46.2,26952.74,DR624372,182.02,0.0,46.9,D,SimuProB-3,EV_108
379.326,0.0,83.87,750.0,0,4.14,1,85.81,4.3,12.0,-20.0,185.0,EV_108,0.018,720,35.0,DR624372_5,46.3,26952.78,DR624372,182.02,0.0,47.0,D,SimuProB-3,EV_108
354.84,65.0,83.87,3300.0,0,4.09,1,85.78,4.31,52.0,110.0,185.0,EV_108,0.0,730,0.0,DR624372_5,46.4,26952.92,DR624372,182.02,0.0,47.1,D,SimuProB-3,EV_108
375.415,0.0,83.87,950.0,0,4.13,1,85.78,4.33,15.0,-35.0,185.0,EV_108,0.025,740,60.0,DR624372_5,46.5,26952.97,DR624372,182.02,0.0,47.2,D,SimuProB-3,EV_108
362.612,40.0,83.87,1800.0,0,4.12,1,85.76,4.29,28.0,75.0,185.0,EV_108,0.0,750,0.0,DR624372_5,46.6,26953.04,DR624372,182.02,0.0,47.3,D,SimuProB-3,EV_108
378.154,0.0,83.87,1150.0,0,4.15,1,85.75,4.32,18.0,-15.0,185.0,EV_108,0.012,760,25.0,DR624372_5,46.7,26953.09,DR624372,182.02,0.0,47.4,D,SimuProB-3,EV_108
359.989,45.0,83.87,2050.0,0,4.11,1,85.74,4.3,32.0,85.0,185.0,EV_108,0.0,770,0.0,DR624372_5,46.8,26953.18,DR624372,182.02,0.0,47.5,D,SimuProB-3,EV_108
353.087,70.0,83.87,3100.0,0,4.08,1,85.71,4.33,48.0,125.0,185.0,EV_108,0.0,780,0.0,DR624372_5,46.9,26953.31,DR624372,182.02,0.0,47.6,D,SimuProB-3,EV_108
384.827,0.0,83.87,1400.0,0,4.1,1,85.68,4.3,22.0,-25.0,185.0,EV_108,0.018,790,45.0,DR624372_5,46.95,26953.37,DR624372,182.02,0.0,47.65,D,SimuProB-3,EV_108
372.93,35.0,83.87,2250.0,0,4.09,1,85.68,4.28,35.0,55.0,185.0,EV_108,0.0,800,0.0,DR624372_5,47.0,26953.47,DR624372,182.02,0.0,47.7,D,SimuProB-3,EV_108
368.741,42.0,83.87,2700.0,0,4.07,1,85.66,4.26,42.0,68.0,185.0,EV_108,0.0,810,0.0,DR624372_5,47.05,26953.58,DR624372,182.02,0.0,47.75,D,SimuProB-3,EV_108
362.614,55.0,83.87,2900.0,0,4.06,1,85.64,4.25,45.0,75.0,185.0,EV_108,0.0,820,0.0,DR624372_5,47.1,26953.71,DR624372,182.02,0.0,47.8,D,SimuProB-3,EV_108
391.938,0.0,83.87,1800.0,0,4.1,1,85.64,4.28,28.0,-32.0,185.0,EV_108,0.022,830,60.0,DR624372_5,47.15,26953.78,DR624372,182.02,0.0,47.85,D,SimuProB-3,EV_108
364.855,40.0,83.87,2450.0,0,4.05,1,85.63,4.24,38.0,62.0,185.0,EV_108,0.0,840,0.0,DR624372_5,47.2,26953.89,DR624372,182.02,0.0,47.9,D,SimuProB-3,EV_108
363.166,32.0,83.87,2300.0,0,4.04,1,85.61,4.23,36.0,58.0,185.0,EV_108,0.0,850,0.0,DR624372_5,47.22,26953.99,DR624372,182.02,0.0,47.92,D,SimuProB-3,EV_108
388.45,0.0,83.87,1150.0,0,4.08,1,85.61,4.26,18.0,-28.0,185.0,EV_108,0.018,860,45.0,DR624372_5,47.25,26954.04,DR624372,182.02,0.0,47.95,D,SimuProB-3,EV_108
364.79,45.0,83.87,2550.0,0,4.05,1,85.61,4.24,40.0,65.0,185.0,EV_108,0.0,870,0.0,DR624372_5,47.28,26954.15,DR624372,182.02,0.0,48.0,D,SimuProB-3,EV_108
359.053,55.0,83.87,2850.0,0,4.03,1,85.59,4.25,45.0,72.0,185.0,EV_108,0.0,880,0.0,DR624372_5,47.35,26954.28,DR624372,182.02,0.0,48.08,D,SimuProB-3,EV_108
375.645,0.0,83.87,950.0,0,4.06,1,85.59,4.27,15.0,-25.0,185.0,EV_108,0.015,890,30.0,DR624372_5,47.38,26954.32,DR624372,182.02,0.0,48.12,D,SimuProB-3,EV_108
361.705,35.0,83.87,2050.0,0,4.02,1,85.59,4.24,32.0,55.0,185.0,EV_108,0.0,900,0.0,DR624372_5,47.45,26954.41,DR624372,182.02,0.0,48.2,D,SimuProB-3,EV_108
372.585,30.0,83.87,2400.0,0,4.05,1,85.58,4.25,38.0,45.0,185.0,EV_108,0.0,910,0.0,DR624372_5,47.52,26954.52,DR624372,182.02,0.0,48.28,D,SimuProB-3,EV_108
368.823,40.0,83.87,2650.0,0,4.03,1,85.57,4.26,42.0,60.0,185.0,EV_108,0.0,920,0.0,DR624372_5,47.58,26954.63,DR624372,182.02,0.0,48.35,D,SimuProB-3,EV_108
382.265,0.0,83.87,750.0,0,4.09,1,85.57,4.28,12.0,-18.0,185.0,EV_108,0.012,930,55.0,DR624372_5,47.65,26954.67,DR624372,182.02,0.0,48.42,D,SimuProB-3,EV_108
378.453,25.0,83.87,1600.0,0,4.04,1,85.54,4.26,25.0,35.0,185.0,EV_108,0.0,940,0.0,DR624372_5,47.71,26954.74,DR624372,182.02,0.0,48.48,D,SimuProB-3,EV_108
364.794,55.0,83.87,2850.0,0,4.01,1,85.54,4.28,45.0,75.0,185.0,EV_108,0.0,950,0.0,DR624372_5,47.78,26954.86,DR624372,182.02,0.0,48.55,D,SimuProB-3,EV_108
381.029,0.0,83.87,650.0,0,4.07,1,85.54,4.29,10.0,-32.0,185.0,EV_108,0.022,960,65.0,DR624372_5,47.85,26954.89,DR624372,182.02,0.0,48.62,D,SimuProB-3,EV_108
366.35,35.0,83.87,2400.0,0,4.02,1,85.52,4.28,38.0,65.0,185.0,EV_108,0.0,970,0.0,DR624372_5,47.91,26955.0,DR624372,182.02,0.0,48.68,D,SimuProB-3,EV_108
352.419,0.0,83.87,500.0,0,4.05,1,85.52,4.31,8.0,-38.0,185.0,EV_108,0.025,980,75.0,DR624372_5,47.98,26955.02,DR624372,182.02,0.0,48.74,D,SimuProB-3,EV_108
372.626,20.0,83.87,1400.0,0,4.03,1,85.51,4.27,22.0,45.0,185.0,EV_108,0.0,990,0.0,DR624372_5,48.05,26955.08,DR624372,182.02,0.0,48.8,D,SimuProB-3,EV_108
366.032,25.0,83.87,1600.0,0,4.02,1,85.5,4.28,25.0,55.0,185.0,EV_108,0.0,1000,0.0,DR624372_5,48.1,26955.15,DR624372,182.02,0.0,48.85,D,SimuProB-3,EV_108
355.249,0.0,83.87,350.0,0,4.06,1,85.48,4.32,5.0,-42.0,185.0,EV_108,0.028,1010,70.0,DR624372_5,48.18,26955.16,DR624372,182.02,0.0,48.92,D,SimuProB-3,EV_108
370.886,15.0,83.87,1100.0,0,4.01,1,85.47,4.27,18.0,38.0,185.0,EV_108,0.0,1020,0.0,DR624372_5,48.25,26955.21,DR624372,182.02,0.0,48.98,D,SimuProB-3,EV_108
398.463,35.0,83.87,2100.0,0,4.03,1,85.46,4.29,32.0,65.0,185.0,EV_108,0.0,1030,0.0,DR624372_5,48.32,26955.3,DR624372,182.02,0.0,49.05,D,SimuProB-3,EV_108
368.563,0.0,83.87,800.0,0,4.04,1,85.44,4.3,12.0,-35.0,185.0,EV_108,0.022,1040,65.0,DR624372_5,48.35,26955.33,DR624372,182.02,0.0,49.08,D,SimuProB-3,EV_108
394.931,22.0,83.87,1500.0,0,4.02,1,85.43,4.28,24.0,48.0,185.0,EV_108,0.0,1050,0.0,DR624372_5,48.38,26955.4,DR624372,182.02,0.0,49.12,D,SimuProB-3,EV_108
362.621,45.0,83.87,2200.0,0,4.02,1,85.4,4.28,35.0,55.0,185.0,EV_108,0.0,1060,0.0,DR624372_5,48.42,26955.5,DR624372,182.02,0.0,49.18,D,SimuProB-3,EV_108
387.901,20.0,83.87,1800.0,0,4.03,1,85.39,4.29,28.0,25.0,185.0,EV_108,0.0,1070,0.0,DR624372_5,48.45,26955.58,DR624372,182.02,0.0,49.22,D,SimuProB-3,EV_108
352.706,0.0,83.87,550.0,0,4.05,1,85.38,4.31,8.0,-38.0,185.0,EV_108,0.025,1080,85.0,DR624372_5,48.48,26955.6,DR624372,182.02,0.0,49.26,D,SimuProB-3,EV_108
395.411,15.0,83.87,1400.0,0,4.01,1,85.36,4.25,22.0,12.0,185.0,EV_108,0.0,1090,0.0,DR624372_5,48.5,26955.66,DR624372,182.02,0.0,49.28,D,SimuProB-3,EV_108
372.291,55.0,83.87,2800.0,0,3.98,1,85.36,4.27,42.0,65.0,185.0,EV_108,0.0,1100,0.0,DR624372_5,48.55,26955.78,DR624372,182.02,0.0,49.35,D,SimuProB-3,EV_108
388.732,25.0,83.87,1900.0,0,4.0,1,85.35,4.26,30.0,15.0,185.0,EV_108,0.0,1110,0.0,DR624372_5,48.6,26955.86,DR624372,182.02,0.0,49.42,D,SimuProB-3,EV_108
398.594,28.0,83.87,2200.0,0,4.01,1,85.34,4.27,35.0,18.5,185.0,EV_108,0.0,1120,0.0,DR624372_5,48.65,26955.96,DR624372,182.02,0.0,49.48,D,SimuProB-3,EV_108
381.729,65.0,83.87,3600.0,0,3.95,1,85.33,4.32,52.0,85.0,185.0,EV_108,0.0,1130,0.0,DR624372_5,48.72,26956.1,DR624372,182.02,0.0,49.58,D,SimuProB-3,EV_108
370.728,0.0,83.87,950.0,0,3.92,1,85.31,4.28,15.0,-32.0,185.0,EV_108,0.028,1140,60.0,DR624372_5,48.78,26956.14,DR624372,182.02,0.0,49.65,D,SimuProB-3,EV_108
395.479,35.0,83.87,2450.0,0,3.99,1,85.3,4.26,38.0,12.5,185.0,EV_108,0.0,1150,0.0,DR624372_5,48.84,26956.25,DR624372,182.02,0.0,49.72,D,SimuProB-3,EV_108
378.071,60.0,83.87,3900.0,0,3.94,1,85.29,4.31,55.0,75.0,185.0,EV_108,0.0,1160,0.0,DR624372_5,48.9,26956.4,DR624372,182.02,0.0,49.82,D,SimuProB-3,EV_108
392.473,15.0,83.87,1600.0,0,4.02,1,85.27,4.28,25.0,22.0,185.0,EV_108,0.0,1170,10.0,DR624372_5,48.95,26956.47,DR624372,182.02,0.0,49.9,D,SimuProB-3,EV_108
372.253,70.0,83.87,4100.0,0,3.93,1,85.26,4.33,58.0,95.0,185.0,EV_108,0.0,1180,0.0,DR624372_5,49.02,26956.63,DR624372,182.02,0.0,49.98,D,SimuProB-3,EV_108
384.82,0.0,83.87,1200.0,0,3.98,1,85.25,4.3,20.0,-25.0,185.0,EV_108,0.022,1190,75.0,DR624372_5,49.08,26956.69,DR624372,182.02,0.0,50.05,D,SimuProB-3,EV_108
396.481,40.0,83.87,2900.0,0,4.01,1,85.22,4.27,45.0,18.0,185.0,EV_108,0.0,1200,0.0,DR624372_5,49.12,26956.81,DR624372,182.02,0.0,50.1,D,SimuProB-3,EV_108
388.321,35.0,83.87,2700.0,0,4.0,1,85.19,4.26,42.0,45.0,185.0,EV_108,0.0,1210,0.0,DR624372_5,49.2,26956.93,DR624372,182.02,0.0,50.2,D,SimuProB-3,EV_108
375.282,55.0,83.87,3500.0,0,3.95,1,85.19,4.32,52.0,85.0,185.0,EV_108,0.0,1220,0.0,DR624372_5,49.3,26957.07,DR624372,182.02,0.0,50.3,D,SimuProB-3,EV_108
381.687,0.0,83.87,1800.0,0,3.99,1,85.16,4.29,28.0,-30.0,185.0,EV_108,0.025,1230,60.0,DR624372_5,49.35,26957.15,DR624372,182.02,0.0,50.35,D,SimuProB-3,EV_108
392.434,45.0,83.87,3100.0,0,4.02,1,85.15,4.28,48.0,65.0,185.0,EV_108,0.0,1240,0.0,DR624372_5,49.5,26957.28,DR624372,182.02,0.0,50.5,D,SimuProB-3,EV_108
385.071,60.0,83.87,3600.0,0,3.98,1,85.12,4.31,55.0,95.0,185.0,EV_108,0.0,1250,0.0,DR624372_5,49.6,26957.44,DR624372,182.02,0.0,50.6,D,SimuProB-3,EV_108
397.857,0.0,83.87,0.0,0,4.05,1,85.12,4.25,0.0,5.0,185.0,EV_108,0.018,1260,85.0,DR624372_5,49.65,26957.44,DR624372,182.02,0.0,50.65,D,SimuProB-3,EV_108
378.915,30.0,83.87,2200.0,0,4.01,1,85.1,4.22,35.0,45.0,185.0,EV_108,0.0,1270,0.0,DR624372_5,49.8,26957.54,DR624372,182.02,0.0,50.8,D,SimuProB-3,EV_108
387.932,10.0,83.87,1400.0,0,4.04,1,85.1,4.24,22.0,15.0,185.0,EV_108,0.0,0,5.0,DR624372_6,49.9,26957.6,DR624372,182.02,0.0,50.9,D,SimuProB-3,EV_108
371.874,50.0,83.87,3000.0,0,3.99,1,85.09,4.26,48.0,110.0,185.0,EV_108,0.0,10,0.0,DR624372_6,50.0,26957.73,DR624372,182.02,0.0,51.0,D,SimuProB-3,EV_108
382.695,45.0,83.87,2600.0,0,4.0,1,85.08,4.28,42.0,85.0,185.0,EV_108,0.0,20,0.0,DR624372_6,50.1,26957.85,DR624372,182.02,0.0,51.1,D,SimuProB-3,EV_108
374.984,0.0,83.87,900.0,0,3.95,1,85.07,4.2,15.0,-25.0,185.0,EV_108,0.02,30,60.0,DR624372_6,50.2,26957.89,DR624372,182.02,0.0,51.2,D,SimuProB-3,EV_108
388.213,5.0,83.87,500.0,0,4.02,1,85.07,4.25,8.0,12.0,185.0,EV_108,0.0,40,10.0,DR624372_6,50.3,26957.91,DR624372,182.02,0.0,51.3,D,SimuProB-3,EV_108
388.896,15.0,83.87,750.0,0,4.03,1,85.06,4.26,12.0,18.5,185.0,EV_108,0.0,50,0.0,DR624372_6,50.3,26957.94,DR624372,182.02,0.0,51.3,D,SimuProB-3,EV_108
386.165,35.0,83.87,1800.0,0,4.01,1,85.05,4.28,28.0,45.0,185.0,EV_108,0.0,60,0.0,DR624372_6,50.4,26958.02,DR624372,182.02,0.0,51.4,D,SimuProB-3,EV_108
373.175,55.0,83.87,2800.0,0,3.98,1,85.04,4.3,45.0,95.0,185.0,EV_108,0.0,70,0.0,DR624372_6,50.5,26958.15,DR624372,182.02,0.0,51.5,D,SimuProB-3,EV_108
368.524,65.0,83.87,3500.0,0,3.95,1,85.02,4.32,55.0,110.0,185.0,EV_108,0.0,80,0.0,DR624372_6,50.6,26958.3,DR624372,182.02,0.0,51.6,D,SimuProB-3,EV_108
395.446,0.0,83.87,2600.0,0,4.05,1,85.01,4.25,42.0,-28.0,185.0,EV_108,0.02,90,45.0,DR624372_6,50.6,26958.42,DR624372,182.02,0.0,51.6,D,SimuProB-3,EV_108
385.172,25.0,83.87,1500.0,0,3.99,1,85.0,4.22,25.0,35.0,185.0,EV_108,0.0,100,0.0,DR624372_6,50.7,26958.49,DR624372,182.02,0.0,51.7,D,SimuProB-3,EV_108
382.444,40.0,83.87,2000.0,0,4.02,1,84.98,4.24,32.0,65.0,185.0,EV_108,0.0,110,0.0,DR624372_6,50.8,26958.58,DR624372,182.02,0.0,51.8,D,SimuProB-3,EV_108
378.388,50.0,83.87,2400.0,0,3.99,1,84.96,4.26,38.0,85.0,185.0,EV_108,0.0,120,0.0,DR624372_6,50.9,26958.68,DR624372,182.02,0.0,51.9,D,SimuProB-3,EV_108
390.37,0.0,83.87,1400.0,0,4.1,1,84.94,4.2,22.0,-35.0,185.0,EV_108,0.02,130,55.0,DR624372_6,50.9,26958.75,DR624372,182.02,0.0,51.9,D,SimuProB-3,EV_108
372.15,55.0,83.87,3100.0,0,3.95,1,84.9,4.28,45.0,95.0,185.0,EV_108,0.0,140,0.0,DR624372_6,51.0,26958.88,DR624372,182.02,0.0,52.0,D,SimuProB-3,EV_108
368.003,65.0,83.87,3600.0,0,3.92,1,84.89,4.3,52.0,110.0,185.0,EV_108,0.0,150,0.0,DR624372_6,51.2,26959.02,DR624372,182.02,0.0,52.2,D,SimuProB-3,EV_108
388.398,0.0,83.87,2300.0,0,4.08,1,84.87,4.22,35.0,-30.0,185.0,EV_108,0.02,160,60.0,DR624372_6,51.3,26959.12,DR624372,182.02,0.0,52.3,D,SimuProB-3,EV_108
375.764,5.0,83.87,600.0,0,4.1,1,84.85,4.25,12.0,15.0,185.0,EV_108,0.0,170,15.0,DR624372_6,51.4,26959.15,DR624372,182.02,0.0,52.4,D,SimuProB-3,EV_108
392.081,0.0,83.87,250.0,0,4.15,1,84.84,4.28,5.0,-25.0,185.0,EV_108,0.02,180,35.0,DR624372_6,51.5,26959.17,DR624372,182.02,0.0,52.5,D,SimuProB-3,EV_108
368.071,45.0,83.87,1800.0,0,3.98,1,84.8,4.26,30.0,80.0,185.0,EV_108,0.0,190,0.0,DR624372_6,51.6,26959.25,DR624372,182.02,0.0,52.6,D,SimuProB-3,EV_108
378.47,25.0,83.87,1100.0,0,4.12,1,84.78,4.28,18.0,45.0,185.0,EV_108,0.0,200,0.0,DR624372_6,51.7,26959.3,DR624372,182.02,0.0,52.7,D,SimuProB-3,EV_108
385.563,10.0,83.87,450.0,0,4.15,1,84.76,4.29,8.0,12.0,185.0,EV_108,0.0,210,5.0,DR624372_6,51.8,26959.32,DR624372,182.02,0.0,52.8,D,SimuProB-3,EV_108
369.677,40.0,83.87,1700.0,0,4.05,1,84.76,4.31,28.0,65.0,185.0,EV_108,0.0,220,0.0,DR624372_6,51.9,26959.4,DR624372,182.02,0.0,52.9,D,SimuProB-3,EV_108
376.578,35.0,83.87,1350.0,0,4.11,1,84.74,4.27,22.0,52.0,185.0,EV_108,0.0,230,0.0,DR624372_6,52.0,26959.46,DR624372,182.02,0.0,53.0,D,SimuProB-3,EV_108
388.362,0.0,83.87,200.0,0,4.18,1,84.73,4.3,4.0,8.0,185.0,EV_108,0.0,240,15.0,DR624372_6,52.1,26959.47,DR624372,182.02,0.0,53.1,D,SimuProB-3,EV_108
372.109,65.0,83.87,2400.0,0,3.95,1,84.71,4.25,38.0,95.0,185.0,EV_108,0.0,250,0.0,DR624372_6,52.2,26959.58,DR624372,182.02,0.0,53.2,D,SimuProB-3,EV_108
391.997,15.0,83.87,750.0,0,4.16,1,84.71,4.28,12.0,18.5,185.0,EV_108,0.0,260,0.0,DR624372_6,52.2,26959.61,DR624372,182.02,0.0,53.3,D,SimuProB-3,EV_108
385.659,35.0,83.87,1550.0,0,4.14,1,84.7,4.29,25.0,45.0,185.0,EV_108,0.0,270,0.0,DR624372_6,52.3,26959.68,DR624372,182.02,0.0,53.4,D,SimuProB-3,EV_108
391.078,0.0,83.87,600.0,0,4.18,1,84.7,4.32,10.0,-28.0,185.0,EV_108,0.012,280,65.0,DR624372_6,52.4,26959.71,DR624372,182.02,0.0,53.5,D,SimuProB-3,EV_108
387.712,45.0,83.87,1750.0,0,4.15,1,84.68,4.3,28.0,55.0,185.0,EV_108,0.0,290,0.0,DR624372_6,52.5,26959.79,DR624372,182.02,0.0,53.6,D,SimuProB-3,EV_108
381.912,60.0,83.87,2800.0,0,4.12,1,84.66,4.31,42.0,85.0,185.0,EV_108,0.0,300,0.0,DR624372_6,52.6,26959.9,DR624372,182.02,0.0,53.7,D,SimuProB-3,EV_108
395.007,0.0,83.87,950.0,0,4.19,1,84.63,4.33,15.0,-32.0,185.0,EV_108,0.015,310,75.0,DR624372_6,52.7,26959.95,DR624372,182.02,0.0,53.8,D,SimuProB-3,EV_108
398.399,5.0,83.87,250.0,0,4.2,1,84.62,4.34,5.0,12.0,185.0,EV_108,0.0,320,10.0,DR624372_6,52.8,26959.96,DR624372,182.02,0.0,53.9,D,SimuProB-3,EV_108
388.541,30.0,83.87,1200.0,0,4.16,1,84.6,4.32,22.0,50.0,185.0,EV_108,0.0,330,0.0,DR624372_6,52.9,26960.03,DR624372,182.02,0.0,54.0,D,SimuProB-3,EV_108
381.803,55.0,83.87,2400.0,0,4.13,1,84.59,4.35,38.0,95.0,185.0,EV_108,0.0,340,0.0,DR624372_6,53.0,26960.13,DR624372,182.02,0.0,54.1,D,SimuProB-3,EV_108
378.616,75.0,83.87,3800.0,0,4.1,1,84.57,4.36,55.0,140.0,185.0,EV_108,0.0,350,0.0,DR624372_6,53.1,26960.28,DR624372,182.02,0.0,54.2,D,SimuProB-3,EV_108
392.143,25.0,83.87,1900.0,0,4.18,1,84.56,4.34,30.0,45.0,185.0,EV_108,0.0,360,0.0,DR624372_6,53.2,26960.37,DR624372,182.02,0.0,54.3,D,SimuProB-3,EV_108
397.818,0.0,83.87,600.0,0,4.21,1,84.54,4.35,12.0,-25.0,185.0,EV_108,0.012,370,45.0,DR624372_6,53.3,26960.4,DR624372,182.02,0.0,54.4,D,SimuProB-3,EV_108
395.623,10.0,83.87,400.0,0,4.19,1,84.52,4.34,8.0,12.0,185.0,EV_108,0.0,380,15.0,DR624372_6,53.4,26960.42,DR624372,182.02,0.0,54.5,D,SimuProB-3,EV_108
382.428,35.0,83.87,1500.0,0,4.15,1,84.51,4.36,25.0,65.0,185.0,EV_108,0.0,390,0.0,DR624372_6,53.5,26960.49,DR624372,182.02,0.0,54.6,D,SimuProB-3,EV_108
370.363,65.0,83.87,3200.0,0,4.11,1,84.46,4.38,48.0,135.0,185.0,EV_108,0.0,400,0.0,DR624372_6,53.6,26960.63,DR624372,182.02,0.0,54.8,D,SimuProB-3,EV_108
398.393,0.0,83.87,0.0,0,4.15,1,84.44,4.32,0.0,5.0,185.0,EV_108,0.0,410,100.0,DR624372_6,53.7,26960.63,DR624372,182.02,0.0,54.9,D,SimuProB-3,EV_108
399.984,30.0,83.87,900.0,0,4.16,1,84.44,4.33,15.0,12.5,185.0,EV_108,0.0,420,0.0,DR624372_6,53.8,26960.67,DR624372,182.02,0.0,55.0,D,SimuProB-3,EV_108
395.745,28.0,83.87,1700.0,0,4.14,1,84.41,4.34,28.0,42.0,185.0,EV_108,0.0,430,0.0,DR624372_6,53.9,26960.75,DR624372,182.02,0.0,55.1,D,SimuProB-3,EV_108
395.873,25.0,83.87,1400.0,0,4.15,1,84.4,4.35,22.0,38.5,185.0,EV_108,0.0,440,0.0,DR624372_6,54.0,26960.81,DR624372,182.02,0.0,55.2,D,SimuProB-3,EV_108
393.026,0.0,83.87,300.0,0,4.13,1,84.39,4.36,5.0,-28.0,185.0,EV_108,0.02,450,65.0,DR624372_6,54.1,26960.83,DR624372,182.02,0.0,55.3,D,SimuProB-3,EV_108
397.502,0.0,83.87,0.0,0,4.15,1,84.37,4.34,0.0,8.2,185.0,EV_108,0.0,460,100.0,DR624372_6,54.2,26960.83,DR624372,182.02,0.0,55.4,D,SimuProB-3,EV_108
397.872,15.0,83.87,540.0,0,4.15,1,84.36,4.34,8.5,12.8,185.0,EV_108,0.0,470,0.0,DR624372_6,54.3,26960.85,DR624372,182.02,0.0,55.5,D,SimuProB-3,EV_108
394.808,45.0,83.87,1520.0,0,4.13,1,84.34,4.36,24.0,55.0,185.0,EV_108,0.0,480,0.0,DR624372_6,54.4,26960.92,DR624372,182.02,0.0,55.6,D,SimuProB-3,EV_108
396.695,0.0,83.87,760.0,0,4.12,1,84.33,4.37,12.0,-25.0,185.0,EV_108,0.02,490,55.0,DR624372_6,54.5,26960.95,DR624372,182.02,0.0,55.7,D,SimuProB-3,EV_108
393.576,35.0,83.87,1800.0,0,4.12,1,84.3,4.35,28.0,45.0,185.0,EV_108,0.0,500,0.0,DR624372_6,54.6,26961.03,DR624372,182.02,0.0,55.7,D,SimuProB-3,EV_108
400.968,0.0,83.87,320.0,0,4.14,1,84.3,4.38,5.0,-32.0,185.0,EV_108,0.025,510,75.0,DR624372_6,54.7,26961.04,DR624372,182.02,0.0,55.8,D,SimuProB-3,EV_108
398.217,20.0,83.87,760.0,0,4.13,1,84.3,4.35,12.0,10.5,185.0,EV_108,0.0,520,0.0,DR624372_6,54.8,26961.08,DR624372,182.02,0.0,55.8,D,SimuProB-3,EV_108
399.557,25.0,83.87,950.0,0,4.13,1,84.29,4.36,15.0,18.0,185.0,EV_108,0.0,530,0.0,DR624372_6,54.9,26961.12,DR624372,182.02,0.0,55.9,D,SimuProB-3,EV_108
391.256,60.0,83.87,2100.0,0,4.11,1,84.27,4.38,32.0,85.0,185.0,EV_108,0.0,540,0.0,DR624372_6,55.0,26961.21,DR624372,182.02,0.0,56.0,D,SimuProB-3,EV_108
388.77,0.0,83.87,1150.0,0,4.1,1,84.26,4.35,18.0,-35.0,185.0,EV_108,0.028,550,45.0,DR624372_6,55.1,26961.26,DR624372,182.02,0.0,56.1,D,SimuProB-3,EV_108
393.5,35.0,83.87,1400.0,0,4.08,1,84.24,4.22,22.0,45.2,185.0,EV_108,0.0,560,0.0,DR624372_6,55.2,26961.32,DR624372,182.02,0.0,56.3,D,SimuProB-3,EV_108
382.247,65.0,83.87,2400.0,0,4.05,1,84.23,4.28,38.0,110.5,185.0,EV_108,0.0,570,0.0,DR624372_6,55.3,26961.43,DR624372,182.02,0.0,56.5,D,SimuProB-3,EV_108
386.423,0.0,83.87,950.0,0,4.12,1,84.21,4.24,15.0,-28.5,185.0,EV_108,0.022,580,55.0,DR624372_6,55.4,26961.47,DR624372,182.02,0.0,56.4,D,SimuProB-3,EV_108
388.07,40.0,83.87,1600.0,0,4.09,1,84.18,4.26,25.0,65.4,185.0,EV_108,0.0,590,0.0,DR624372_6,55.45,26961.54,DR624372,182.02,0.0,56.55,D,SimuProB-3,EV_108
394.837,0.0,83.87,250.0,0,4.13,1,84.18,4.28,8.0,-32.0,185.0,EV_108,0.025,600,65.0,DR624372_6,55.48,26961.56,DR624372,182.02,0.0,56.58,D,SimuProB-3,EV_108
392.049,35.0,83.87,1100.0,0,4.1,1,84.18,4.25,18.0,55.2,185.0,EV_108,0.0,610,0.0,DR624372_6,55.52,26961.61,DR624372,182.02,0.0,56.62,D,SimuProB-3,EV_108
385.635,55.0,83.87,2000.0,0,4.08,1,84.16,4.27,32.0,95.0,185.0,EV_108,0.0,620,0.0,DR624372_6,55.6,26961.7,DR624372,182.02,0.0,56.7,D,SimuProB-3,EV_108
378.83,70.0,83.87,2800.0,0,4.06,1,84.15,4.29,45.0,125.0,185.0,EV_108,0.0,630,0.0,DR624372_6,55.75,26961.82,DR624372,182.02,0.0,56.85,D,SimuProB-3,EV_108
390.119,0.0,83.87,380.0,0,4.14,1,84.14,4.31,12.0,-35.0,185.0,EV_108,0.028,640,45.0,DR624372_6,55.8,26961.86,DR624372,182.02,0.0,56.9,D,SimuProB-3,EV_108
374.524,78.0,83.87,4200.0,0,3.95,1,84.12,4.12,58.0,145.0,185.0,EV_108,0.0,650,0.0,DR624372_6,55.95,26962.02,DR624372,182.02,0.0,57.05,D,SimuProB-3,EV_108
387.941,0.0,83.87,2200.0,0,4.05,1,84.12,4.18,35.0,-38.0,185.0,EV_108,0.029,660,40.0,DR624372_6,56.0,26962.12,DR624372,182.02,0.0,57.12,D,SimuProB-3,EV_108
396.245,0.0,83.87,900.0,0,4.11,1,84.1,4.15,15.0,25.0,185.0,EV_108,0.0,670,5.0,DR624372_6,56.05,26962.16,DR624372,182.02,0.0,57.18,D,SimuProB-3,EV_108
372.099,65.0,83.87,2650.0,0,4.08,1,84.09,4.25,42.0,135.0,185.0,EV_108,0.0,680,0.0,DR624372_6,56.2,26962.28,DR624372,182.02,0.0,57.3,D,SimuProB-3,EV_108
385.254,0.0,83.87,1100.0,0,4.16,1,84.09,4.28,18.0,-28.0,185.0,EV_108,0.024,690,35.0,DR624372_6,56.3,26962.33,DR624372,182.02,0.0,57.4,D,SimuProB-3,EV_108
376.033,55.0,83.87,2000.0,0,4.09,1,84.09,4.22,32.0,95.0,185.0,EV_108,0.0,700,0.0,DR624372_6,56.4,26962.42,DR624372,182.02,0.0,57.55,D,SimuProB-3,EV_108
392.057,30.0,83.87,1400.0,0,4.08,1,84.07,4.12,22.0,45.0,185.0,EV_108,0.0,710,0.0,DR624372_6,56.45,26962.48,DR624372,182.02,0.0,57.6,D,SimuProB-3,EV_108
380.439,50.0,83.87,2400.0,0,4.06,1,84.05,4.14,38.0,110.0,185.0,EV_108,0.0,720,0.0,DR624372_6,56.5,26962.59,DR624372,182.02,0.0,57.68,D,SimuProB-3,EV_108
375.365,0.0,83.87,750.0,0,4.1,1,84.05,4.16,12.0,-35.0,185.0,EV_108,0.025,730,45.0,DR624372_6,56.55,26962.62,DR624372,182.02,0.0,57.75,D,SimuProB-3,EV_108
395.92,0.0,83.87,300.0,0,4.09,1,84.04,4.15,5.0,-12.0,185.0,EV_108,0.015,740,15.0,DR624372_6,56.6,26962.63,DR624372,182.02,0.0,57.82,D,SimuProB-3,EV_108
388.644,40.0,83.87,1600.0,0,4.07,1,84.02,4.18,25.0,65.0,185.0,EV_108,0.0,750,0.0,DR624372_6,56.65,26962.7,DR624372,182.02,0.0,57.9,D,SimuProB-3,EV_108
381.618,45.0,83.87,2200.0,0,4.05,1,84.0,4.2,35.0,85.0,185.0,EV_108,0.0,760,0.0,DR624372_6,56.7,26962.8,DR624372,182.02,0.0,58.0,D,SimuProB-3,EV_108
371.979,55.0,83.87,2800.0,0,4.04,1,83.97,4.19,42.0,95.0,185.0,EV_108,0.0,770,0.0,DR624372_6,56.85,26962.92,DR624372,182.02,0.0,58.12,D,SimuProB-3,EV_108
367.947,65.0,83.87,3200.0,0,4.02,1,83.96,4.21,48.0,115.0,185.0,EV_108,0.0,780,0.0,DR624372_6,57.0,26963.05,DR624372,182.02,0.0,58.25,D,SimuProB-3,EV_108
385.921,0.0,83.87,1850.0,0,4.12,1,83.93,4.2,28.0,-25.0,185.0,EV_108,0.02,790,35.0,DR624372_6,57.05,26963.13,DR624372,182.02,0.0,58.3,D,SimuProB-3,EV_108
362.113,70.0,83.87,3800.0,0,4.01,1,83.93,4.22,52.0,125.0,185.0,EV_108,0.0,800,0.0,DR624372_6,57.15,26963.27,DR624372,182.02,0.0,58.42,D,SimuProB-3,EV_108
375.723,0.0,83.87,1200.0,0,4.13,1,83.91,4.2,20.0,-35.0,185.0,EV_108,0.02,810,65.0,DR624372_6,57.18,26963.33,DR624372,182.02,0.0,58.45,D,SimuProB-3,EV_108
383.26,35.0,83.87,2100.0,0,4.08,1,83.9,4.19,32.0,55.0,185.0,EV_108,0.0,820,0.0,DR624372_6,57.22,26963.42,DR624372,182.02,0.0,58.5,D,SimuProB-3,EV_108
371.2,40.0,83.87,2400.0,0,4.05,1,83.89,4.18,38.0,68.0,185.0,EV_108,0.0,830,0.0,DR624372_6,57.3,26963.53,DR624372,182.02,0.0,58.55,D,SimuProB-3,EV_108
366.261,55.0,83.87,2900.0,0,4.02,1,83.88,4.17,45.0,95.0,185.0,EV_108,0.0,840,0.0,DR624372_6,57.4,26963.65,DR624372,182.02,0.0,58.62,D,SimuProB-3,EV_108
378.336,0.0,83.87,1400.0,0,4.1,1,83.87,4.19,22.0,-18.0,185.0,EV_108,0.01,850,45.0,DR624372_6,57.45,26963.71,DR624372,182.02,0.0,58.65,D,SimuProB-3,EV_108
380.494,15.0,83.87,1150.0,0,4.11,1,83.87,4.19,18.0,12.0,185.0,EV_108,0.0,860,0.0,DR624372_6,57.47,26963.76,DR624372,182.02,0.0,58.67,D,SimuProB-3,EV_108
364.72,45.0,83.87,2700.0,0,4.03,1,83.87,4.17,42.0,85.0,185.0,EV_108,0.0,870,0.0,DR624372_6,57.5,26963.88,DR624372,182.02,0.0,58.7,D,SimuProB-3,EV_108
384.936,0.0,83.87,950.0,0,4.12,1,83.85,4.2,15.0,-22.0,185.0,EV_108,0.015,880,55.0,DR624372_6,57.52,26963.92,DR624372,182.02,0.0,58.72,D,SimuProB-3,EV_108
372.026,20.0,83.87,1600.0,0,4.08,1,83.84,4.18,25.0,45.0,185.0,EV_108,0.0,890,0.0,DR624372_6,57.53,26963.99,DR624372,182.02,0.0,58.73,D,SimuProB-3,EV_108
368.226,50.0,83.87,2400.0,0,4.05,1,83.83,4.19,38.0,110.0,185.0,EV_108,0.0,900,0.0,DR624372_6,57.55,26964.09,DR624372,182.02,0.0,58.76,D,SimuProB-3,EV_108
381.412,0.0,83.87,750.0,0,4.14,1,83.82,4.21,12.0,-25.0,185.0,EV_108,0.012,910,60.0,DR624372_6,57.58,26964.13,DR624372,182.02,0.0,58.78,D,SimuProB-3,EV_108
362.122,65.0,83.87,3600.0,0,4.04,1,83.79,4.19,55.0,130.0,185.0,EV_108,0.0,920,0.0,DR624372_6,57.65,26964.28,DR624372,182.02,0.0,58.9,D,SimuProB-3,EV_108
375.555,0.0,83.87,1100.0,0,4.15,1,83.78,4.22,18.0,-35.0,185.0,EV_108,0.018,930,75.0,DR624372_6,57.67,26964.33,DR624372,182.02,0.0,58.92,D,SimuProB-3,EV_108
366.317,35.0,83.87,2100.0,0,4.06,1,83.78,4.19,32.0,60.0,185.0,EV_108,0.0,940,0.0,DR624372_6,57.72,26964.42,DR624372,182.02,0.0,59.0,D,SimuProB-3,EV_108
364.75,45.0,83.87,3000.0,0,4.06,1,83.76,4.2,45.0,85.0,185.0,EV_108,0.0,950,0.0,DR624372_6,57.85,26964.54,DR624372,182.02,0.0,59.15,D,SimuProB-3,EV_108
358.215,60.0,83.87,1600.0,0,4.03,1,83.75,4.21,25.0,145.0,185.0,EV_108,0.0,960,0.0,DR624372_6,57.98,26964.61,DR624372,182.02,0.0,59.35,D,SimuProB-3,EV_108
372.751,0.0,83.87,300.0,0,4.16,1,83.75,4.23,5.0,-38.0,185.0,EV_108,0.022,970,85.0,DR624372_6,58.05,26964.63,DR624372,182.02,0.0,59.4,D,SimuProB-3,EV_108
376.432,15.0,83.87,950.0,0,4.17,1,83.73,4.24,15.0,12.5,185.0,EV_108,0.0,980,0.0,DR624372_6,58.12,26964.67,DR624372,182.02,0.0,59.45,D,SimuProB-3,EV_108
368.598,40.0,83.87,2400.0,0,4.08,1,83.72,4.22,38.0,95.0,185.0,EV_108,0.0,990,0.0,DR624372_6,58.25,26964.78,DR624372,182.02,0.0,59.55,D,SimuProB-3,EV_108
352.396,65.0,83.87,3600.0,0,4.01,1,83.71,4.21,52.0,130.0,185.0,EV_108,0.0,1000,0.0,DR624372_6,58.4,26964.92,DR624372,182.02,0.0,59.7,D,SimuProB-3,EV_108
344.855,75.0,83.87,4200.0,0,3.98,1,83.66,4.18,62.0,155.0,185.0,EV_108,0.0,1010,0.0,DR624372_6,58.55,26965.09,DR624372,182.02,0.0,59.85,D,SimuProB-3,EV_108
368.722,0.0,83.87,2300.0,0,4.05,1,83.66,4.12,35.0,-25.0,185.0,EV_108,0.018,1020,65.0,DR624372_6,58.6,26965.19,DR624372,182.02,0.0,59.9,D,SimuProB-3,EV_108
375.068,20.0,83.87,850.0,0,4.1,1,83.65,4.14,12.0,18.5,185.0,EV_108,0.0,1030,0.0,DR624372_6,58.65,26965.22,DR624372,182.02,0.0,59.95,D,SimuProB-3,EV_108
373.407,35.0,83.87,1800.0,0,4.11,1,83.63,4.13,28.0,25.0,185.0,EV_108,0.0,1040,0.0,DR624372_6,58.68,26965.3,DR624372,182.02,0.0,59.98,D,SimuProB-3,EV_108
364.887,55.0,83.87,2900.0,0,4.08,1,83.62,4.15,42.0,65.0,185.0,EV_108,0.0,1050,0.0,DR624372_6,58.72,26965.41,DR624372,182.02,0.0,60.05,D,SimuProB-3,EV_108
379.349,0.0,83.87,1000.0,0,4.11,1,83.62,4.14,15.0,-15.0,185.0,EV_108,0.012,1060,45.0,DR624372_6,58.75,26965.46,DR624372,182.02,0.0,60.08,D,SimuProB-3,EV_108
361.356,65.0,83.87,3300.0,0,4.06,1,83.6,4.15,48.0,85.0,185.0,EV_108,0.0,1070,0.0,DR624372_6,58.82,26965.59,DR624372,182.02,0.0,60.15,D,SimuProB-3,EV_108
366.829,0.0,83.87,1700.0,0,4.1,1,83.59,4.14,25.0,-30.0,185.0,EV_108,0.022,1080,55.0,DR624372_6,58.88,26965.66,DR624372,182.02,0.0,60.22,D,SimuProB-3,EV_108
370.325,40.0,83.87,2100.0,0,4.09,1,83.58,4.13,32.0,35.0,185.0,EV_108,0.0,1090,0.0,DR624372_6,58.94,26965.75,DR624372,182.02,0.0,60.28,D,SimuProB-3,EV_108
355.041,70.0,83.87,3600.0,0,4.05,1,83.57,4.15,52.0,110.0,185.0,EV_108,0.0,1100,0.0,DR624372_6,59.0,26965.89,DR624372,182.02,0.0,60.35,D,SimuProB-3,EV_108
372.566,0.0,83.87,700.0,0,4.1,1,83.56,4.14,10.0,-25.0,185.0,EV_108,0.015,1110,60.0,DR624372_6,59.05,26965.92,DR624372,182.02,0.0,60.4,D,SimuProB-3,EV_108
368.406,45.0,83.87,1900.0,0,4.08,1,83.54,4.15,28.0,45.0,185.0,EV_108,0.0,1120,0.0,DR624372_6,59.1,26966.0,DR624372,182.02,0.0,60.45,D,SimuProB-3,EV_108
361.784,55.0,83.87,2800.0,0,4.08,1,83.51,4.14,42.0,65.0,185.0,EV_108,0.0,1130,0.0,DR624372_6,59.2,26966.12,DR624372,182.02,0.0,60.55,D,SimuProB-3,EV_108
395.23,0.0,83.87,500.0,0,4.12,1,83.5,4.15,8.0,-35.0,185.0,EV_108,0.018,1140,70.0,DR624372_6,59.25,26966.14,DR624372,182.02,0.0,60.6,D,SimuProB-3,EV_108
365.153,45.0,83.87,2000.0,0,4.09,1,83.47,4.14,30.0,50.0,185.0,EV_108,0.0,1150,0.0,DR624372_6,59.35,26966.22,DR624372,182.02,0.0,60.68,D,SimuProB-3,EV_108
392.54,0.0,83.87,350.0,0,4.13,1,83.47,4.15,5.0,-28.0,185.0,EV_108,0.012,1160,85.0,DR624372_6,59.4,26966.23,DR624372,182.02,0.0,60.72,D,SimuProB-3,EV_108
370.29,35.0,83.87,1600.0,0,4.08,1,83.46,4.14,25.0,42.0,185.0,EV_108,0.0,1170,0.0,DR624372_6,59.5,26966.3,DR624372,182.02,0.0,60.8,D,SimuProB-3,EV_108
397.755,0.0,83.87,150.0,0,4.14,1,83.46,4.15,2.0,-15.0,185.0,EV_108,0.005,1180,40.0,DR624372_6,59.55,26966.31,DR624372,182.02,0.0,60.85,D,SimuProB-3,EV_108
401.979,15.0,83.87,750.0,0,4.14,1,83.45,4.15,12.0,5.5,185.0,EV_108,0.0,1190,0.0,DR624372_6,59.56,26966.34,DR624372,182.02,0.0,60.86,D,SimuProB-3,EV_108
398.274,40.0,83.87,2200.0,0,4.1,1,83.45,4.15,35.0,65.0,185.0,EV_108,0.0,1200,0.0,DR624372_6,59.62,26966.44,DR624372,182.02,0.0,60.92,D,SimuProB-3,EV_108
407.702,0.0,83.87,500.0,0,4.14,1,83.43,4.15,8.0,-25.0,185.0,EV_108,0.011,1210,60.0,DR624372_6,59.64,26966.46,DR624372,182.02,0.0,60.94,D,SimuProB-3,EV_108
385.664,55.0,83.87,3100.0,0,4.08,1,83.42,4.15,45.0,85.0,185.0,EV_108,0.0,1220,0.0,DR624372_6,59.75,26966.58,DR624372,182.02,0.0,61.05,D,SimuProB-3,EV_108
395.497,0.0,83.87,1000.0,0,4.13,1,83.38,4.15,15.0,-30.0,185.0,EV_108,0.012,1230,70.0,DR624372_6,59.8,26966.63,DR624372,182.02,0.0,61.1,D,SimuProB-3,EV_108
390.909,35.0,83.87,2000.0,0,4.1,1,83.38,4.15,30.0,50.0,185.0,EV_108,0.0,1240,0.0,DR624372_6,59.88,26966.71,DR624372,182.02,0.0,61.18,D,SimuProB-3,EV_108
405.267,0.0,83.87,1200.0,0,4.12,1,83.36,4.14,20.0,-15.0,185.0,EV_108,0.008,1250,40.0,DR624372_6,59.9,26966.77,DR624372,182.02,0.0,61.2,D,SimuProB-3,EV_108
392.851,45.0,83.87,2300.0,0,4.09,1,83.34,4.15,35.0,75.0,185.0,EV_108,0.0,1260,0.0,DR624372_6,59.95,26966.86,DR624372,182.02,0.0,61.25,D,SimuProB-3,EV_108
388.397,50.0,83.87,2800.0,0,4.07,1,83.33,4.15,42.0,90.0,185.0,EV_108,0.0,1270,0.0,DR624372_6,60.05,26966.98,DR624372,182.02,0.0,61.35,D,SimuProB-3,EV_108
393.728,40.0,83.87,3000.0,0,4.08,1,83.32,4.14,45.0,65.0,185.0,EV_108,0.0,0,0.0,DR624372_7,60.1,26967.1,DR624372,182.02,0.0,61.4,D,SimuProB-3,EV_108
401.02,0.0,83.87,1100.0,0,4.11,1,83.31,4.15,18.0,-25.0,185.0,EV_108,0.015,10,65.0,DR624372_7,60.15,26967.15,DR624372,182.02,0.0,61.45,D,SimuProB-3,EV_108
398.568,30.0,83.87,1800.0,0,4.09,1,83.28,4.14,28.0,45.0,185.0,EV_108,0.0,20,0.0,DR624372_7,60.2,26967.23,DR624372,182.02,0.0,61.5,D,SimuProB-3,EV_108
394.36,35.0,83.87,2100.0,0,4.1,1,83.26,4.145,32.0,55.0,185.0,EV_108,0.0,30,0.0,DR624372_7,60.25,26967.32,DR624372,182.02,0.0,61.55,D,SimuProB-3,EV_108
388.957,55.0,83.87,3200.0,0,4.08,1,83.25,4.15,48.0,85.0,185.0,EV_108,0.0,40,0.0,DR624372_7,60.35,26967.45,DR624372,182.02,0.0,61.65,D,SimuProB-3,EV_108
395.599,15.0,83.87,1400.0,0,4.09,1,83.23,4.14,22.0,30.0,185.0,EV_108,0.01,50,10.0,DR624372_7,60.4,26967.51,DR624372,182.02,0.0,61.7,D,SimuProB-3,EV_108
402.458,0.0,83.87,250.0,0,4.12,1,83.2,4.15,5.0,-32.5,185.0,EV_108,0.028,60,85.0,DR624372_7,60.45,26967.52,DR624372,182.02,0.0,61.75,D,SimuProB-3,EV_108
399.825,25.0,83.87,1200.0,0,4.1,1,83.2,4.14,18.0,42.0,185.0,EV_108,0.0,70,0.0,DR624372_7,60.5,26967.57,DR624372,182.02,0.0,61.8,D,SimuProB-3,EV_108
396.177,45.0,83.87,2300.0,0,4.09,1,83.18,4.15,35.0,65.0,185.0,EV_108,0.0,80,0.0,DR624372_7,60.6,26967.67,DR624372,182.02,0.0,61.9,D,SimuProB-3,EV_108
385.964,60.0,83.87,2750.0,0,4.07,1,83.17,4.15,42.0,95.0,185.0,EV_108,0.0,90,0.0,DR624372_7,60.75,26967.79,DR624372,182.02,0.0,62.05,D,SimuProB-3,EV_108
398.555,10.0,83.87,950.0,0,4.1,1,83.15,4.14,15.0,25.0,185.0,EV_108,0.015,100,15.0,DR624372_7,60.8,26967.83,DR624372,182.02,0.0,62.1,D,SimuProB-3,EV_108
384.286,70.0,83.87,3650.0,0,4.06,1,83.13,4.15,55.0,110.0,185.0,EV_108,0.0,110,0.0,DR624372_7,60.95,26967.98,DR624372,182.02,0.0,62.25,D,SimuProB-3,EV_108
392.236,55.0,83.87,3150.0,0,4.08,1,83.1,4.15,48.0,75.0,185.0,EV_108,0.0,120,0.0,DR624372_7,61.05,26968.11,DR624372,182.02,0.0,62.35,D,SimuProB-3,EV_108
386.081,65.0,83.87,3400.0,0,4.07,1,83.08,4.15,52.0,105.0,185.0,EV_108,0.0,130,0.0,DR624372_7,61.18,26968.26,DR624372,182.02,0.0,62.48,D,SimuProB-3,EV_108
394.912,0.0,83.87,1950.0,0,4.09,1,83.08,4.15,30.0,-18.0,185.0,EV_108,0.022,140,45.0,DR624372_7,61.25,26968.34,DR624372,182.02,0.0,62.55,D,SimuProB-3,EV_108
384.966,60.0,83.87,2950.0,0,4.07,1,83.04,4.15,45.0,95.0,185.0,EV_108,0.0,150,0.0,DR624372_7,61.35,26968.47,DR624372,182.02,0.0,62.68,D,SimuProB-3,EV_108
391.632,0.0,83.87,1650.0,0,4.09,1,83.04,4.15,25.0,-25.0,185.0,EV_108,0.025,160,55.0,DR624372_7,61.38,26968.53,DR624372,182.02,0.0,62.72,D,SimuProB-3,EV_108
388.443,35.0,83.87,2100.0,0,4.08,1,83.03,4.14,32.0,45.0,185.0,EV_108,0.0,170,0.0,DR624372_7,61.45,26968.62,DR624372,182.02,0.0,62.85,D,SimuProB-3,EV_108
385.062,55.0,83.87,2750.0,0,4.07,1,83.02,4.14,42.0,88.5,185.0,EV_108,0.0,180,0.0,DR624372_7,61.48,26968.74,DR624372,182.02,0.0,62.88,D,SimuProB-3,EV_108
392.43,0.0,83.87,1200.0,0,4.09,1,83.01,4.15,18.0,-32.0,185.0,EV_108,0.028,190,65.0,DR624372_7,61.5,26968.79,DR624372,182.02,0.0,62.9,D,SimuProB-3,EV_108
383.682,60.0,83.87,2500.0,0,4.06,1,83.01,4.15,38.0,110.0,185.0,EV_108,0.0,200,0.0,DR624372_7,61.58,26968.89,DR624372,182.02,0.0,62.98,D,SimuProB-3,EV_108
386.213,25.0,83.87,1850.0,0,4.08,1,83.0,4.14,28.0,55.0,185.0,EV_108,0.0,210,0.0,DR624372_7,61.7,26968.97,DR624372,182.02,0.0,63.1,D,SimuProB-3,EV_108
378.001,0.0,83.87,350.0,0,4.09,1,82.97,4.15,5.0,-35.0,185.0,EV_108,0.028,220,75.0,DR624372_7,61.85,26968.98,DR624372,182.02,0.0,63.25,D,SimuProB-3,EV_108
372.191,45.0,83.87,1000.0,0,4.06,1,82.96,4.15,15.0,95.0,185.0,EV_108,0.0,230,0.0,DR624372_7,62.0,26969.02,DR624372,182.02,0.0,63.4,D,SimuProB-3,EV_108
375.406,30.0,83.87,1450.0,0,4.08,1,82.93,4.14,22.0,45.0,185.0,EV_108,0.0,240,0.0,DR624372_7,62.15,26969.08,DR624372,182.02,0.0,63.55,D,SimuProB-3,EV_108
390.306,0.0,83.87,0.0,0,4.1,1,82.93,4.15,0.0,12.0,185.0,EV_108,0.0,250,40.0,DR624372_7,62.2,26969.08,DR624372,182.02,0.0,63.6,D,SimuProB-3,EV_108
395.956,20.0,83.87,800.0,0,4.09,1,82.93,4.15,12.0,65.0,185.0,EV_108,0.0,260,0.0,DR624372_7,62.3,26969.11,DR624372,182.02,0.0,63.7,D,SimuProB-3,EV_108
382.363,25.0,83.87,1200.0,0,4.08,1,82.92,4.14,18.0,42.0,185.0,EV_108,0.0,270,0.0,DR624372_7,62.35,26969.16,DR624372,182.02,0.0,63.75,D,SimuProB-3,EV_108
368.603,0.0,83.87,350.0,0,4.07,1,82.92,4.13,5.0,-32.0,185.0,EV_108,0.025,280,60.0,DR624372_7,62.4,26969.17,DR624372,182.02,0.0,63.8,D,SimuProB-3,EV_108
392.753,35.0,83.87,1800.0,0,4.09,1,82.91,4.15,28.0,55.0,185.0,EV_108,0.0,290,0.0,DR624372_7,62.5,26969.25,DR624372,182.02,0.0,63.9,D,SimuProB-3,EV_108
398.484,30.0,83.87,2200.0,0,4.09,1,82.9,4.15,35.0,45.0,185.0,EV_108,0.0,300,0.0,DR624372_7,62.6,26969.35,DR624372,182.02,0.0,64.0,D,SimuProB-3,EV_108
388.331,45.0,83.87,2800.0,0,4.08,1,82.89,4.15,42.0,75.0,185.0,EV_108,0.0,310,0.0,DR624372_7,62.7,26969.46,DR624372,182.02,0.0,64.1,D,SimuProB-3,EV_108
395.488,0.0,83.87,1500.0,0,4.09,1,82.89,4.14,25.0,-25.0,185.0,EV_108,0.02,320,55.0,DR624372_7,62.75,26969.53,DR624372,182.02,0.0,64.15,D,SimuProB-3,EV_108
390.212,55.0,83.87,3100.0,0,4.085,1,82.88,4.145,48.0,65.0,185.0,EV_108,0.0,330,0.0,DR624372_7,62.85,26969.66,DR624372,182.02,0.0,64.25,D,SimuProB-3,EV_108
378.138,78.0,83.87,4100.0,0,4.07,1,82.86,4.15,62.0,110.0,185.0,EV_108,0.0,340,0.0,DR624372_7,62.95,26969.84,DR624372,182.02,0.0,64.4,D,SimuProB-3,EV_108
385.484,0.0,83.87,2400.0,0,4.095,1,82.86,4.14,38.0,-35.0,185.0,EV_108,0.028,350,65.0,DR624372_7,63.05,26969.94,DR624372,182.02,0.0,64.5,D,SimuProB-3,EV_108
392.133,30.0,83.87,2200.0,0,4.09,1,82.84,4.14,35.0,45.0,185.0,EV_108,0.0,360,0.0,DR624372_7,63.15,26970.04,DR624372,182.02,0.0,64.6,D,SimuProB-3,EV_108
380.56,65.0,83.87,3400.0,0,4.07,1,82.82,4.15,52.0,95.0,185.0,EV_108,0.0,370,0.0,DR624372_7,63.25,26970.18,DR624372,182.02,0.0,64.75,D,SimuProB-3,EV_108
389.178,0.0,83.87,1300.0,0,4.095,1,82.82,4.145,22.0,-20.0,185.0,EV_108,0.015,380,45.0,DR624372_7,63.3,26970.24,DR624372,182.02,0.0,64.8,D,SimuProB-3,EV_108
376.407,75.0,83.87,3850.0,0,4.065,1,82.8,4.15,58.0,125.0,185.0,EV_108,0.0,390,0.0,DR624372_7,63.4,26970.4,DR624372,182.02,0.0,64.9,D,SimuProB-3,EV_108
383.613,0.0,83.87,2100.0,0,4.105,1,82.8,4.145,32.0,-30.0,185.0,EV_108,0.025,400,55.0,DR624372_7,63.45,26970.49,DR624372,182.02,0.0,65.0,D,SimuProB-3,EV_108
375.259,80.0,83.87,3650.0,0,4.06,1,82.78,4.15,55.0,140.0,185.0,EV_108,0.0,410,0.0,DR624372_7,63.55,26970.64,DR624372,182.02,0.0,65.0,D,SimuProB-3,EV_108
371.92,80.0,83.87,3950.0,0,4.055,1,82.74,4.15,60.0,155.0,185.0,EV_108,0.0,420,0.0,DR624372_7,63.6,26970.81,DR624372,182.02,0.0,65.0,D,SimuProB-3,EV_108
378.426,0.0,83.87,2900.0,0,4.11,1,82.74,4.145,45.0,-35.0,185.0,EV_108,0.03,430,40.0,DR624372_7,63.65,26970.93,DR624372,182.02,0.0,65.0,D,SimuProB-3,EV_108
374.478,60.0,83.87,3300.0,0,4.065,1,82.74,4.15,50.0,110.0,185.0,EV_108,0.0,440,0.0,DR624372_7,63.7,26971.07,DR624372,182.02,0.0,65.0,D,SimuProB-3,EV_108
376.857,35.0,83.87,2400.0,0,4.115,1,82.73,4.148,38.0,45.0,185.0,EV_108,0.0,450,0.0,DR624372_7,63.72,26971.18,DR624372,182.02,0.0,63.75,D,SimuProB-3,EV_108
371.745,55.0,83.87,3100.0,0,4.07,1,82.72,4.15,48.0,95.0,185.0,EV_108,0.0,460,0.0,DR624372_7,63.75,26971.31,DR624372,182.02,0.0,63.8,D,SimuProB-3,EV_108
379.146,0.0,83.87,1750.0,0,4.12,1,82.71,4.145,28.0,-12.0,185.0,EV_108,0.008,470,15.0,DR624372_7,63.78,26971.39,DR624372,182.02,0.0,63.82,D,SimuProB-3,EV_108
385.259,15.0,83.87,1100.0,0,4.118,1,82.7,4.142,18.0,12.5,185.0,EV_108,0.0,480,10.0,DR624372_7,63.79,26971.44,DR624372,182.02,0.0,63.85,D,SimuProB-3,EV_108
392.435,0.0,83.87,300.0,0,4.122,1,82.69,4.14,5.0,-8.0,185.0,EV_108,0.012,490,5.0,DR624372_7,63.8,26971.45,DR624372,182.02,0.0,63.87,D,SimuProB-3,EV_108
374.964,45.0,83.87,1550.0,0,4.085,1,82.67,4.15,25.0,65.0,185.0,EV_108,0.0,500,0.0,DR624372_7,63.82,26971.52,DR624372,182.02,0.0,64.0,D,SimuProB-3,EV_108
378.554,35.0,83.87,2000.0,0,4.115,1,82.66,4.148,32.0,45.0,185.0,EV_108,0.0,510,0.0,DR624372_7,63.85,26971.61,DR624372,182.02,0.0,64.12,D,SimuProB-3,EV_108
386.365,5.0,83.87,750.0,0,4.125,1,82.64,4.145,12.0,18.0,185.0,EV_108,0.015,520,20.0,DR624372_7,63.9,26971.64,DR624372,182.02,0.0,64.2,D,SimuProB-3,EV_108
394.985,0.0,83.87,0.0,0,4.13,1,82.64,4.14,0.0,5.0,185.0,EV_108,0.0,530,40.0,DR624372_7,63.95,26971.64,DR624372,182.02,0.0,64.25,D,SimuProB-3,EV_108
394.772,15.0,83.87,400.0,0,4.132,1,82.63,4.142,8.0,12.5,185.0,EV_108,0.0,540,0.0,DR624372_7,64.0,26971.66,DR624372,182.02,0.0,64.28,D,SimuProB-3,EV_108
390.707,30.0,83.87,1200.0,0,4.118,1,82.63,4.145,22.0,35.0,185.0,EV_108,0.0,550,0.0,DR624372_7,64.05,26971.72,DR624372,182.02,0.0,64.35,D,SimuProB-3,EV_108
392.667,0.0,83.87,500.0,0,4.135,1,82.63,4.148,10.0,-25.0,185.0,EV_108,0.022,560,65.0,DR624372_7,64.08,26971.75,DR624372,182.02,0.0,64.38,D,SimuProB-3,EV_108
388.849,45.0,83.87,1800.0,0,4.115,1,82.61,4.146,35.0,45.0,185.0,EV_108,0.0,570,0.0,DR624372_7,64.12,26971.85,DR624372,182.02,0.0,64.42,D,SimuProB-3,EV_108
381.822,75.0,83.87,3600.0,0,4.105,1,82.61,4.148,55.0,110.0,185.0,EV_108,0.0,580,0.0,DR624372_7,64.25,26972.0,DR624372,182.02,0.0,64.55,D,SimuProB-3,EV_108
396.418,0.0,83.87,700.0,0,4.14,1,82.6,4.15,15.0,-18.0,185.0,EV_108,0.02,590,55.0,DR624372_7,64.3,26972.04,DR624372,182.02,0.0,64.6,D,SimuProB-3,EV_108
382.204,65.0,83.87,3400.0,0,4.105,1,82.59,4.145,52.0,95.0,185.0,EV_108,0.0,600,0.0,DR624372_7,64.4,26972.18,DR624372,182.02,0.0,64.7,D,SimuProB-3,EV_108
388.07,0.0,83.87,600.0,0,4.138,1,82.59,4.148,12.0,-22.0,185.0,EV_108,0.021,610,70.0,DR624372_7,64.45,26972.22,DR624372,182.02,0.0,64.75,D,SimuProB-3,EV_108
390.751,35.0,83.87,950.0,0,4.12,1,82.59,4.146,18.0,28.0,185.0,EV_108,0.0,620,0.0,DR624372_7,64.5,26972.27,DR624372,182.02,0.0,64.8,D,SimuProB-3,EV_108
386.29,45.0,83.87,1200.0,0,4.125,1,82.57,4.147,25.0,45.0,185.0,EV_108,0.0,630,0.0,DR624372_7,64.52,26972.34,DR624372,182.02,0.0,64.82,D,SimuProB-3,EV_108
398.165,0.0,83.87,450.0,0,4.139,1,82.57,4.149,10.0,-25.0,185.0,EV_108,0.022,640,60.0,DR624372_7,64.54,26972.37,DR624372,182.02,0.0,64.84,D,SimuProB-3,EV_108
389.276,50.0,83.87,1400.0,0,4.122,1,82.56,4.146,28.0,55.0,185.0,EV_108,0.0,650,0.0,DR624372_7,64.56,26972.44,DR624372,182.02,0.0,64.86,D,SimuProB-3,EV_108
384.467,60.0,83.87,2100.0,0,4.115,1,82.53,4.145,38.0,65.0,185.0,EV_108,0.0,660,0.0,DR624372_7,64.59,26972.55,DR624372,182.02,0.0,64.89,D,SimuProB-3,EV_108
388.456,0.0,83.87,600.0,0,4.14,1,82.53,4.148,15.0,-15.0,185.0,EV_108,0.018,670,45.0,DR624372_7,64.61,26972.59,DR624372,182.02,0.0,64.91,D,SimuProB-3,EV_108
387.384,40.0,83.87,1050.0,0,4.12,1,82.51,4.146,22.0,40.0,185.0,EV_108,0.0,680,0.0,DR624372_7,64.64,26972.65,DR624372,182.02,0.0,64.94,D,SimuProB-3,EV_108
383.7,55.0,83.87,2000.0,0,4.112,1,82.49,4.142,35.0,75.0,185.0,EV_108,0.0,690,0.0,DR624372_7,64.76,26972.75,DR624372,182.02,0.0,65.0,D,SimuProB-3,EV_108
391.922,0.0,83.87,500.0,0,4.141,1,82.48,4.149,12.0,-35.0,185.0,EV_108,0.025,700,85.0,DR624372_7,64.89,26972.78,DR624372,182.02,0.0,65.0,D,SimuProB-3,EV_108
396.439,15.0,83.87,250.0,0,4.135,1,82.47,4.147,5.0,12.0,185.0,EV_108,0.0,710,10.0,DR624372_7,64.98,26972.79,DR624372,182.02,0.0,65.0,D,SimuProB-3,EV_108
398.46,20.0,83.87,320.0,0,4.132,1,82.45,4.145,8.0,25.0,185.0,EV_108,0.0,720,0.0,DR624372_7,65.0,26972.81,DR624372,182.02,0.0,65.0,D,SimuProB-3,EV_108
392.357,35.0,83.87,900.0,0,4.125,1,82.43,4.143,18.0,65.0,185.0,EV_108,0.0,730,0.0,DR624372_7,65.0,26972.86,DR624372,182.02,0.0,65.0,D,SimuProB-3,EV_108
395.474,0.0,83.87,200.0,0,4.138,1,82.42,4.148,5.0,-25.0,185.0,EV_108,0.022,740,60.0,DR624372_7,65.0,26972.88,DR624372,182.02,0.0,65.0,D,SimuProB-3,EV_108
393.44,25.0,83.87,1400.0,0,4.128,1,82.4,4.146,22.0,45.0,185.0,EV_108,0.0,750,0.0,DR624372_7,65.0,26972.94,DR624372,182.02,0.0,65.0,D,SimuProB-3,EV_108
388.223,45.0,83.87,2100.0,0,4.12,1,82.37,4.145,32.0,85.0,185.0,EV_108,0.0,760,0.0,DR624372_7,65.0,26973.03,DR624372,182.02,0.0,65.0,D,SimuProB-3,EV_108
394.005,0.0,83.87,350.0,0,4.142,1,82.37,4.15,10.0,-38.0,185.0,EV_108,0.028,770,75.0,DR624372_7,65.0,26973.06,DR624372,182.02,0.0,65.0,D,SimuProB-3,EV_108
384.971,55.0,83.87,2800.0,0,4.115,1,82.34,4.142,42.0,95.0,185.0,EV_108,0.0,780,0.0,DR624372_7,65.0,26973.18,DR624372,182.02,0.0,65.0,D,SimuProB-3,EV_108
390.068,0.0,83.87,400.0,0,4.14,1,82.34,4.148,12.0,-40.0,185.0,EV_108,0.03,790,85.0,DR624372_7,65.0,26973.21,DR624372,182.02,0.0,65.0,D,SimuProB-3,EV_108
389.003,30.0,83.87,1600.0,0,4.12,1,82.31,4.145,25.0,55.0,185.0,EV_108,0.0,800,0.0,DR624372_7,65.0,26973.28,DR624372,182.02,0.0,65.0,D,SimuProB-3,EV_108
385.931,40.0,83.87,2300.0,0,4.122,1,82.28,4.146,35.0,75.0,185.0,EV_108,0.0,810,0.0,DR624372_7,65.0,26973.38,DR624372,182.02,0.0,65.0,D,SimuProB-3,EV_108
382.347,60.0,83.87,3100.0,0,4.118,1,82.25,4.148,45.0,110.0,185.0,EV_108,0.0,820,0.0,DR624372_7,65.0,26973.5,DR624372,182.02,0.0,65.0,D,SimuProB-3,EV_108
389.142,20.0,83.87,1400.0,0,4.125,1,82.23,4.144,22.0,45.0,185.0,EV_108,0.0,830,5.0,DR624372_7,65.0,26973.56,DR624372,182.02,0.0,65.0,D,SimuProB-3,EV_108
382.943,55.0,83.87,2800.0,0,4.115,1,82.17,4.149,42.0,95.0,185.0,EV_108,0.0,840,0.0,DR624372_7,65.0,26973.68,DR624372,182.02,0.0,65.0,D,SimuProB-3,EV_108
381.647,65.0,83.87,3400.0,0,4.112,1,82.14,4.15,48.0,115.0,185.0,EV_108,0.0,850,0.0,DR624372_7,65.0,26973.81,DR624372,182.02,0.0,65.0,D,SimuProB-3,EV_108
386.435,0.0,83.87,1900.0,0,4.128,1,82.11,4.145,28.0,-35.0,185.0,EV_108,0.025,860,45.0,DR624372_7,65.0,26973.89,DR624372,182.02,0.0,65.0,D,SimuProB-3,EV_108
376.568,70.0,83.87,3650.0,0,4.108,1,82.1,4.142,52.0,135.0,185.0,EV_108,0.0,870,0.0,DR624372_7,42.85,26974.03,DR624372,182.02,0.0,43.12,D,SimuProB-3,EV_108
394.919,0.0,83.87,2400.0,0,4.132,1,82.06,4.148,35.0,-28.0,185.0,EV_108,0.022,880,55.0,DR624372_7,42.98,26974.13,DR624372,182.02,0.0,43.25,D,SimuProB-3,EV_108
382.822,35.0,83.87,1700.0,0,4.118,1,82.06,4.145,25.0,85.0,185.0,EV_108,0.0,890,10.0,DR624372_7,43.15,26974.2,DR624372,182.02,0.0,43.42,D,SimuProB-3,EV_108
384.774,40.0,83.87,2200.0,0,4.125,1,82.04,4.148,32.0,45.0,185.0,EV_108,0.0,900,0.0,DR624372_7,43.28,26974.29,DR624372,182.02,0.0,43.55,D,SimuProB-3,EV_108
371.623,75.0,83.87,3800.0,0,4.115,1,82.03,4.15,55.0,125.0,185.0,EV_108,0.0,910,0.0,DR624372_7,43.35,26974.44,DR624372,182.02,0.0,43.62,D,SimuProB-3,EV_108
388.578,0.0,83.87,1250.0,0,4.13,1,82.03,4.146,18.0,-38.0,185.0,EV_108,0.028,920,65.0,DR624372_7,43.43,26974.49,DR624372,182.02,0.0,43.7,D,SimuProB-3,EV_108
392.175,45.0,83.87,2900.0,0,4.118,1,82.01,4.142,42.0,35.0,185.0,EV_108,0.0,930,0.0,DR624372_7,43.48,26974.61,DR624372,182.02,0.0,43.75,D,SimuProB-3,EV_108
374.78,55.0,83.87,3300.0,0,4.112,1,82.01,4.15,48.0,95.0,185.0,EV_108,0.0,940,0.0,DR624372_7,43.55,26974.74,DR624372,182.02,0.0,43.82,D,SimuProB-3,EV_108
384.777,25.0,83.87,2600.0,0,4.12,1,82.01,4.14,38.0,15.0,185.0,EV_108,0.0,950,0.0,DR624372_7,43.6,26974.85,DR624372,182.02,0.0,43.88,D,SimuProB-3,EV_108
377.992,50.0,83.87,3100.0,0,4.122,1,82.0,4.148,45.0,85.0,185.0,EV_108,0.0,960,0.0,DR624372_7,43.68,26974.97,DR624372,182.02,0.0,43.95,D,SimuProB-3,EV_108
365.396,70.0,83.87,4200.0,0,4.105,1,81.98,4.15,58.0,140.0,185.0,EV_108,0.0,970,0.0,DR624372_7,43.75,26975.14,DR624372,182.02,0.0,44.02,D,SimuProB-3,EV_108
390.187,0.0,83.87,850.0,0,4.135,1,81.96,4.145,12.0,-35.0,185.0,EV_108,0.025,980,75.0,DR624372_7,43.82,26975.17,DR624372,182.02,0.0,44.08,D,SimuProB-3,EV_108
388.196,30.0,83.87,1950.0,0,4.128,1,81.93,4.142,28.0,25.0,185.0,EV_108,0.0,990,0.0,DR624372_7,43.88,26975.25,DR624372,182.02,0.0,44.12,D,SimuProB-3,EV_108
372.084,50.0,83.87,2900.0,0,4.11,1,81.93,4.15,42.0,110.0,185.0,EV_108,0.0,1000,0.0,DR624372_7,44.0,26975.36,DR624372,182.02,0.0,44.25,D,SimuProB-3,EV_108
392.438,0.0,83.87,550.0,0,4.138,1,81.92,4.148,8.0,-28.0,185.0,EV_108,0.022,1010,65.0,DR624372_7,44.05,26975.39,DR624372,182.02,0.0,44.3,D,SimuProB-3,EV_108
368.363,65.0,83.87,3600.0,0,4.1,1,81.91,4.15,52.0,130.0,185.0,EV_108,0.0,1020,0.0,DR624372_7,44.1,26975.53,DR624372,182.02,0.0,44.4,D,SimuProB-3,EV_108
378.449,10.0,83.87,1200.0,0,4.135,1,81.89,4.145,18.0,15.0,185.0,EV_108,0.0,1030,15.0,DR624372_7,44.2,26975.58,DR624372,182.02,0.0,44.5,D,SimuProB-3,EV_108
395.703,0.0,83.87,250.0,0,4.14,1,81.89,4.15,4.0,-38.0,185.0,EV_108,0.028,1040,85.0,DR624372_7,44.3,26975.6,DR624372,182.02,0.0,44.6,D,SimuProB-3,EV_108
369.923,45.0,83.87,2600.0,0,4.105,1,81.87,4.145,38.0,95.0,185.0,EV_108,0.0,1050,0.0,DR624372_7,44.35,26975.71,DR624372,182.02,0.0,44.7,D,SimuProB-3,EV_108
390.332,0.0,83.87,850.0,0,4.138,1,81.86,4.148,12.0,-25.0,185.0,EV_108,0.018,1060,45.0,DR624372_7,44.4,26975.74,DR624372,182.02,0.0,44.75,D,SimuProB-3,EV_108
375.21,35.0,83.87,1900.0,0,4.102,1,81.85,4.142,28.0,65.0,185.0,EV_108,0.0,1070,0.0,DR624372_7,44.45,26975.82,DR624372,182.02,0.0,44.8,D,SimuProB-3,EV_108
388.74,0.0,83.87,1050.0,0,4.136,1,81.82,4.146,15.0,-28.0,185.0,EV_108,0.022,1080,55.0,DR624372_7,44.5,26975.86,DR624372,182.02,0.0,44.85,D,SimuProB-3,EV_108
372.69,30.0,83.87,2200.0,0,4.104,1,81.82,4.144,32.0,75.0,185.0,EV_108,0.0,1090,0.0,DR624372_7,44.55,26975.95,DR624372,182.02,0.0,44.9,D,SimuProB-3,EV_108
392.02,0.0,83.87,700.0,0,4.137,1,81.81,4.147,10.0,-15.0,185.0,EV_108,0.015,1100,35.0,DR624372_7,44.6,26975.98,DR624372,182.02,0.0,44.95,D,SimuProB-3,EV_108
385.8,25.0,83.87,1500.0,0,4.11,1,81.79,4.14,22.0,45.0,185.0,EV_108,0.0,1110,0.0,DR624372_7,44.65,26976.04,DR624372,182.02,0.0,45.0,D,SimuProB-3,EV_108
378.57,55.0,83.87,2800.0,0,4.095,1,81.77,4.145,42.0,85.0,185.0,EV_108,0.0,1120,0.0,DR624372_7,44.75,26976.16,DR624372,182.02,0.0,45.1,D,SimuProB-3,EV_108
389.958,0.0,83.87,600.0,0,4.138,1,81.74,4.148,8.0,-35.0,185.0,EV_108,0.025,1130,60.0,DR624372_7,44.85,26976.18,DR624372,182.02,0.0,45.2,D,SimuProB-3,EV_108
375.945,65.0,83.87,3600.0,0,4.092,1,81.72,4.148,52.0,95.0,185.0,EV_108,0.0,1140,0.0,DR624372_7,44.95,26976.32,DR624372,182.02,0.0,45.35,D,SimuProB-3,EV_108
391.584,0.0,83.87,850.0,0,4.135,1,81.72,4.149,12.0,-25.0,185.0,EV_108,0.018,1150,45.0,DR624372_7,45.0,26976.36,DR624372,182.02,0.0,45.4,D,SimuProB-3,EV_108
387.985,28.0,83.87,1900.0,0,4.115,1,81.7,4.146,28.0,40.0,185.0,EV_108,0.0,1160,0.0,DR624372_7,45.05,26976.44,DR624372,182.02,0.0,45.45,D,SimuProB-3,EV_108
385.154,35.0,83.87,2500.0,0,4.11,1,81.69,4.142,38.0,15.0,185.0,EV_108,0.0,1170,0.0,DR624372_7,45.1,26976.55,DR624372,182.02,0.0,45.5,D,SimuProB-3,EV_108
372.602,70.0,83.87,4200.0,0,4.085,1,81.67,4.148,55.0,110.0,185.0,EV_108,0.0,1180,0.0,DR624372_7,45.15,26976.7,DR624372,182.02,0.0,45.6,D,SimuProB-3,EV_108
388.337,0.0,83.87,1200.0,0,4.13,1,81.64,4.146,18.0,-20.0,185.0,EV_108,0.015,1190,35.0,DR624372_7,45.2,26976.75,DR624372,182.02,0.0,45.65,D,SimuProB-3,EV_108
393.157,15.0,83.87,800.0,0,4.14,1,81.63,4.15,12.0,5.0,185.0,EV_108,0.0,1200,0.0,DR624372_7,45.25,26976.78,DR624372,182.02,0.0,45.7,D,SimuProB-3,EV_108
388.758,22.0,83.87,1600.0,0,4.12,1,81.6,4.145,25.0,45.0,185.0,EV_108,0.0,1210,0.0,DR624372_7,45.3,26976.85,DR624372,182.02,0.0,45.75,D,SimuProB-3,EV_108
393.724,0.0,83.87,550.0,0,4.135,1,81.59,4.148,8.0,-18.0,185.0,EV_108,0.012,1220,40.0,DR624372_7,45.35,26976.88,DR624372,182.02,0.0,45.8,D,SimuProB-3,EV_108
398.771,45.0,83.87,2800.0,0,4.11,1,81.57,4.142,38.0,85.0,185.0,EV_108,0.0,1230,0.0,DR624372_7,45.37,26976.99,DR624372,182.02,0.0,45.82,D,SimuProB-3,EV_108
385.23,65.0,83.87,3900.0,0,4.095,1,81.55,4.145,52.0,115.0,185.0,EV_108,0.0,1240,0.0,DR624372_7,45.4,26977.13,DR624372,182.02,0.0,45.86,D,SimuProB-3,EV_108
395.527,0.0,83.87,1100.0,0,4.132,1,81.53,4.148,15.0,-35.0,185.0,EV_108,0.022,1250,60.0,DR624372_7,45.42,26977.17,DR624372,182.02,0.0,45.88,D,SimuProB-3,EV_108
375.748,75.0,83.87,4800.0,0,4.08,1,81.51,4.14,62.0,145.0,185.0,EV_108,0.0,1260,0.0,DR624372_7,45.45,26977.34,DR624372,182.02,0.0,45.9,D,SimuProB-3,EV_108
405.407,0.0,83.87,1800.0,0,4.135,1,81.49,4.15,25.0,-28.0,185.0,EV_108,0.018,1270,55.0,DR624372_7,45.48,26977.41,DR624372,182.02,0.0,45.92,D,SimuProB-3,EV_108
390.007,35.0,83.87,2200.0,0,4.105,1,81.48,4.142,32.0,65.0,185.0,EV_108,0.0,0,0.0,DR624372_8,45.5,26977.5,DR624372,182.02,0.0,45.95,D,SimuProB-3,EV_108
392.998,15.0,83.87,1960.0,0,4.11,1,81.48,4.143,28.0,25.0,185.0,EV_108,0.0,10,0.0,DR624372_8,45.55,26977.58,DR624372,182.02,0.0,46.0,D,SimuProB-3,EV_108
388.594,55.0,83.87,3000.0,0,4.095,1,81.45,4.146,42.0,85.0,185.0,EV_108,0.0,20,0.0,DR624372_8,45.62,26977.69,DR624372,182.02,0.0,46.08,D,SimuProB-3,EV_108
401.422,0.0,83.87,1250.0,0,4.138,1,81.45,4.149,18.0,-32.0,185.0,EV_108,0.025,30,45.0,DR624372_8,45.65,26977.74,DR624372,182.02,0.0,46.12,D,SimuProB-3,EV_108
395.579,25.0,83.87,2450.0,0,4.112,1,81.44,4.145,35.0,45.0,185.0,EV_108,0.0,40,0.0,DR624372_8,45.72,26977.84,DR624372,182.02,0.0,46.18,D,SimuProB-3,EV_108
382.024,65.0,83.87,3360.0,0,4.098,1,81.41,4.148,48.0,95.0,185.0,EV_108,0.0,50,0.0,DR624372_8,45.8,26977.97,DR624372,182.02,0.0,46.25,D,SimuProB-3,EV_108
398.524,0.0,83.87,1540.0,0,4.132,1,81.4,4.147,22.0,-15.0,185.0,EV_108,0.012,60,30.0,DR624372_8,45.85,26978.03,DR624372,182.02,0.0,46.3,D,SimuProB-3,EV_108
392.144,5.0,83.87,700.0,0,4.101,1,81.4,4.146,10.0,12.5,185.0,EV_108,0.0,70,0.0,DR624372_8,45.88,26978.06,DR624372,182.02,0.0,46.33,D,SimuProB-3,EV_108
385.055,35.0,83.87,1950.0,0,4.096,1,81.38,4.148,28.0,65.0,185.0,EV_108,0.0,80,0.0,DR624372_8,45.91,26978.14,DR624372,182.02,0.0,46.36,D,SimuProB-3,EV_108
405.999,0.0,83.87,840.0,0,4.135,1,81.38,4.15,12.0,-28.0,185.0,EV_108,0.022,90,55.0,DR624372_8,45.94,26978.17,DR624372,182.02,0.0,46.39,D,SimuProB-3,EV_108
378.468,55.0,83.87,2940.0,0,4.092,1,81.36,4.148,42.0,115.0,185.0,EV_108,0.0,100,0.0,DR624372_8,45.97,26978.29,DR624372,182.02,0.0,46.42,D,SimuProB-3,EV_108
395.076,0.0,83.87,1260.0,0,4.128,1,81.34,4.15,18.0,-32.0,185.0,EV_108,0.025,110,65.0,DR624372_8,45.99,26978.34,DR624372,182.02,0.0,46.44,D,SimuProB-3,EV_108
401.752,2.0,83.87,350.0,0,4.105,1,81.33,4.147,5.0,8.5,185.0,EV_108,0.0,120,15.0,DR624372_8,46.01,26978.35,DR624372,182.02,0.0,46.46,D,SimuProB-3,EV_108
398.454,25.0,83.87,750.0,0,4.102,1,81.32,4.145,15.0,32.0,185.0,EV_108,0.0,130,0.0,DR624372_8,46.03,26978.39,DR624372,182.02,0.0,46.48,D,SimuProB-3,EV_108
375.677,65.0,83.87,2350.0,0,4.088,1,81.3,4.149,38.0,145.0,185.0,EV_108,0.0,140,0.0,DR624372_8,46.05,26978.5,DR624372,182.02,0.0,46.51,D,SimuProB-3,EV_108
392.281,0.0,83.87,620.0,0,4.13,1,81.3,4.15,10.0,-35.0,185.0,EV_108,0.028,150,45.0,DR624372_8,46.07,26978.52,DR624372,182.02,0.0,46.53,D,SimuProB-3,EV_108
399.613,22.0,83.87,900.0,0,4.115,1,81.27,4.146,18.0,28.5,185.0,EV_108,0.0,160,0.0,DR624372_8,46.08,26978.57,DR624372,182.02,0.0,46.54,D,SimuProB-3,EV_108
398.534,35.0,83.87,1550.0,0,4.108,1,81.26,4.148,25.0,45.2,185.0,EV_108,0.0,170,0.0,DR624372_8,46.09,26978.64,DR624372,182.02,0.0,46.55,D,SimuProB-3,EV_108
400.193,0.0,83.87,750.0,0,4.132,1,81.26,4.15,12.0,-18.5,185.0,EV_108,0.012,180,40.0,DR624372_8,46.1,26978.67,DR624372,182.02,0.0,46.56,D,SimuProB-3,EV_108
